elapsed_s,n_users,nsats,sat_rate,pods_added,pods_deleted,cumulative_pod_changes,total_pods,effective_pods,effective_pod_ratio,deployed_capacity_fps,total_allocated_fps,capacity_utilization,wasted_fps,pods_per_sat_user,avg_response_ms,real_pose_fps,real_gesture_fps,real_object_fps,eff_pose_fps,eff_gesture_fps,eff_object_fps,avg_pose_latency_ms,avg_gesture_latency_ms,avg_object_latency_ms,avg_pose_svclat_ms,avg_gesture_svclat_ms,avg_object_svclat_ms,real_total_recv_fps,node_status,trigger_type,solver_time_ms,q_score,phase1_triggered,phase1_alloc_count,node_topology,per_user_detail
1.3,0,0,0,0,0,0,0,0,0.0,0,0,0.0,0.0,0,0.0,0,0,0,0,0,0,0,0,0,0,0,0,0,"{""ip-172-31-0-204"": ""healthy"", ""ip-172-31-1-171"": ""healthy"", ""ip-172-31-10-12"": ""healthy"", ""ip-172-31-11-132"": ""healthy"", ""ip-172-31-13-134"": ""healthy"", ""ip-172-31-14-68"": ""healthy"", ""ip-172-31-40-239"": ""healthy""}",node_recovery,0.1,0.0,0,0,{},"{""a1"": {""services"": [""pose"", ""gesture""], ""fps"": {""pose"": 0, ""gesture"": 0}, ""eff_fps"": {""pose"": 0, ""gesture"": 0}, ""latency_ms"": {""pose"": 0, ""gesture"": 0}, ""svclat_ms"": {""pose"": 0.0, ""gesture"": 0.0}}}"
2.6,0,0,0,0,0,0,0,0,0.0,0,0,0.0,0.0,0,0.0,0,0,0,0,0,0,0,0,0,0,0,0,0,"{""ip-172-31-0-204"": ""healthy"", ""ip-172-31-1-171"": ""healthy"", ""ip-172-31-10-12"": ""healthy"", ""ip-172-31-11-132"": ""healthy"", ""ip-172-31-13-134"": ""healthy"", ""ip-172-31-14-68"": ""healthy"", ""ip-172-31-40-239"": ""healthy""}",node_recovery,0.1,0.0,0,0,{},"{""a1"": {""services"": [""pose"", ""gesture""], ""fps"": {""pose"": 0, ""gesture"": 0}, ""eff_fps"": {""pose"": 0, ""gesture"": 0}, ""latency_ms"": {""pose"": 0, ""gesture"": 0}, ""svclat_ms"": {""pose"": 0.0, ""gesture"": 0.0}}}"
3.9,1,0,0.0,0,0,0,0,0,0.0,0,0,0.0,0.0,0,0.0,0,0,0,0,0,0,0,0,0,0,0,0,0,"{""ip-172-31-0-204"": ""healthy"", ""ip-172-31-1-171"": ""healthy"", ""ip-172-31-10-12"": ""healthy"", ""ip-172-31-11-132"": ""healthy"", ""ip-172-31-13-134"": ""healthy"", ""ip-172-31-14-68"": ""healthy"", ""ip-172-31-40-239"": ""healthy""}",node_recovery,0.1,0.0,0,0,{},"{""a1"": {""services"": [""pose"", ""gesture""], ""fps"": {""pose"": 0, ""gesture"": 0}, ""eff_fps"": {""pose"": 0, ""gesture"": 0}, ""latency_ms"": {""pose"": 0, ""gesture"": 0}, ""svclat_ms"": {""pose"": 0.0, ""gesture"": 0.0}}}"
5.3,1,0,0.0,0,0,0,0,0,0.0,0,0,0.0,0.0,0,0.0,0,0,0,0,0,0,0,0,0,0,0,0,0,"{""ip-172-31-0-204"": ""healthy"", ""ip-172-31-1-171"": ""healthy"", ""ip-172-31-10-12"": ""healthy"", ""ip-172-31-11-132"": ""healthy"", ""ip-172-31-13-134"": ""healthy"", ""ip-172-31-14-68"": ""healthy"", ""ip-172-31-40-239"": ""healthy""}",node_recovery,0.1,0.0,0,0,{},"{""a1"": {""services"": [""pose"", ""gesture""], ""fps"": {""pose"": 0, ""gesture"": 0}, ""eff_fps"": {""pose"": 0, ""gesture"": 0}, ""latency_ms"": {""pose"": 0, ""gesture"": 0}, ""svclat_ms"": {""pose"": 0.0, ""gesture"": 0.0}}, ""a2"": {""services"": [""pose"", ""gesture""], ""fps"": {""pose"": 0, ""gesture"": 0}, ""eff_fps"": {""pose"": 0, ""gesture"": 0}, ""latency_ms"": {""pose"": 0, ""gesture"": 0}, ""svclat_ms"": {""pose"": 0.0, ""gesture"": 0.0}}}"
6.6,1,0,0.0,0,0,0,0,0,0.0,0,0,0.0,0.0,0,0.0,0,0,0,0,0,0,0,0,0,0,0,0,0,"{""ip-172-31-0-204"": ""healthy"", ""ip-172-31-1-171"": ""healthy"", ""ip-172-31-10-12"": ""healthy"", ""ip-172-31-11-132"": ""healthy"", ""ip-172-31-13-134"": ""healthy"", ""ip-172-31-14-68"": ""healthy"", ""ip-172-31-40-239"": ""healthy""}",node_recovery,0.1,0.0,0,0,{},"{""a1"": {""services"": [""pose"", ""gesture""], ""fps"": {""pose"": 0, ""gesture"": 0}, ""eff_fps"": {""pose"": 0, ""gesture"": 0}, ""latency_ms"": {""pose"": 0, ""gesture"": 0}, ""svclat_ms"": {""pose"": 0.0, ""gesture"": 0.0}}, ""a2"": {""services"": [""pose"", ""gesture""], ""fps"": {""pose"": 0, ""gesture"": 0}, ""eff_fps"": {""pose"": 0, ""gesture"": 0}, ""latency_ms"": {""pose"": 0, ""gesture"": 0}, ""svclat_ms"": {""pose"": 0.0, ""gesture"": 0.0}}}"
7.9,1,0,0.0,0,0,0,0,0,0.0,0,0,0.0,0.0,0,0.0,0,0,0,0,0,0,0,0,0,0,0,0,0,"{""ip-172-31-0-204"": ""healthy"", ""ip-172-31-1-171"": ""healthy"", ""ip-172-31-10-12"": ""healthy"", ""ip-172-31-11-132"": ""healthy"", ""ip-172-31-13-134"": ""healthy"", ""ip-172-31-14-68"": ""healthy"", ""ip-172-31-40-239"": ""healthy""}",node_recovery,0.1,0.0,0,0,{},"{""a1"": {""services"": [""pose"", ""gesture""], ""fps"": {""pose"": 0, ""gesture"": 0}, ""eff_fps"": {""pose"": 0, ""gesture"": 0}, ""latency_ms"": {""pose"": 0, ""gesture"": 0}, ""svclat_ms"": {""pose"": 0.0, ""gesture"": 0.0}}, ""a2"": {""services"": [""pose"", ""gesture""], ""fps"": {""pose"": 0, ""gesture"": 0}, ""eff_fps"": {""pose"": 0, ""gesture"": 0}, ""latency_ms"": {""pose"": 0, ""gesture"": 0}, ""svclat_ms"": {""pose"": 0.0, ""gesture"": 0.0}}}"
9.2,1,0,0.0,0,0,0,0,0,0.0,0,0,0.0,0.0,0,0.0,0,0,0,0,0,0,0,0,0,0,0,0,0,"{""ip-172-31-0-204"": ""healthy"", ""ip-172-31-1-171"": ""healthy"", ""ip-172-31-10-12"": ""healthy"", ""ip-172-31-11-132"": ""healthy"", ""ip-172-31-13-134"": ""healthy"", ""ip-172-31-14-68"": ""healthy"", ""ip-172-31-40-239"": ""healthy""}",node_recovery,0.1,0.0,0,0,{},"{""a1"": {""services"": [""pose"", ""gesture""], ""fps"": {""pose"": 0, ""gesture"": 0}, ""eff_fps"": {""pose"": 0, ""gesture"": 0}, ""latency_ms"": {""pose"": 0, ""gesture"": 0}, ""svclat_ms"": {""pose"": 0.0, ""gesture"": 0.0}}, ""a2"": {""services"": [""pose"", ""gesture""], ""fps"": {""pose"": 0, ""gesture"": 0}, ""eff_fps"": {""pose"": 0, ""gesture"": 0}, ""latency_ms"": {""pose"": 0, ""gesture"": 0}, ""svclat_ms"": {""pose"": 0.0, ""gesture"": 0.0}}}"
10.6,1,0,0.0,0,0,0,0,0,0.0,0,0,0.0,0.0,0,0.0,0,0,0,0,0,0,0,0,0,0,0,0,0,"{""ip-172-31-0-204"": ""healthy"", ""ip-172-31-1-171"": ""healthy"", ""ip-172-31-10-12"": ""healthy"", ""ip-172-31-11-132"": ""healthy"", ""ip-172-31-13-134"": ""healthy"", ""ip-172-31-14-68"": ""healthy"", ""ip-172-31-40-239"": ""healthy""}",node_recovery,0.1,0.0,0,0,{},"{""a1"": {""services"": [""pose"", ""gesture""], ""fps"": {""pose"": 0, ""gesture"": 0}, ""eff_fps"": {""pose"": 0, ""gesture"": 0}, ""latency_ms"": {""pose"": 0, ""gesture"": 0}, ""svclat_ms"": {""pose"": 0.0, ""gesture"": 0.0}}, ""a2"": {""services"": [""pose"", ""gesture""], ""fps"": {""pose"": 0, ""gesture"": 0}, ""eff_fps"": {""pose"": 0, ""gesture"": 0}, ""latency_ms"": {""pose"": 0, ""gesture"": 0}, ""svclat_ms"": {""pose"": 0.0, ""gesture"": 0.0}}, ""a3"": {""services"": [""pose"", ""gesture""], ""fps"": {""pose"": 0, ""gesture"": 0}, ""eff_fps"": {""pose"": 0, ""gesture"": 0}, ""latency_ms"": {""pose"": 0, ""gesture"": 0}, ""svclat_ms"": {""pose"": 0.0, ""gesture"": 0.0}}}"
11.9,1,0,0.0,0,0,0,0,0,0.0,0,0,0.0,0.0,0,0.0,0,0,0,0,0,0,0,0,0,0,0,0,0,"{""ip-172-31-0-204"": ""healthy"", ""ip-172-31-1-171"": ""healthy"", ""ip-172-31-10-12"": ""healthy"", ""ip-172-31-11-132"": ""healthy"", ""ip-172-31-13-134"": ""healthy"", ""ip-172-31-14-68"": ""healthy"", ""ip-172-31-40-239"": ""healthy""}",node_recovery,0.1,0.0,0,0,{},"{""a1"": {""services"": [""pose"", ""gesture""], ""fps"": {""pose"": 0, ""gesture"": 0}, ""eff_fps"": {""pose"": 0, ""gesture"": 0}, ""latency_ms"": {""pose"": 0, ""gesture"": 0}, ""svclat_ms"": {""pose"": 0.0, ""gesture"": 0.0}}, ""a2"": {""services"": [""pose"", ""gesture""], ""fps"": {""pose"": 0, ""gesture"": 0}, ""eff_fps"": {""pose"": 0, ""gesture"": 0}, ""latency_ms"": {""pose"": 0, ""gesture"": 0}, ""svclat_ms"": {""pose"": 0.0, ""gesture"": 0.0}}, ""a3"": {""services"": [""pose"", ""gesture""], ""fps"": {""pose"": 0, ""gesture"": 0}, ""eff_fps"": {""pose"": 0, ""gesture"": 0}, ""latency_ms"": {""pose"": 0, ""gesture"": 0}, ""svclat_ms"": {""pose"": 0.0, ""gesture"": 0.0}}}"
13.2,1,0,0.0,0,0,0,0,0,0.0,0,0,0.0,0.0,0,0.0,0,0,0,0,0,0,0,0,0,0,0,0,0,"{""ip-172-31-0-204"": ""healthy"", ""ip-172-31-1-171"": ""healthy"", ""ip-172-31-10-12"": ""healthy"", ""ip-172-31-11-132"": ""healthy"", ""ip-172-31-13-134"": ""healthy"", ""ip-172-31-14-68"": ""healthy"", ""ip-172-31-40-239"": ""healthy""}",node_recovery,0.1,0.0,0,0,{},"{""a1"": {""services"": [""pose"", ""gesture""], ""fps"": {""pose"": 0, ""gesture"": 0}, ""eff_fps"": {""pose"": 0, ""gesture"": 0}, ""latency_ms"": {""pose"": 0, ""gesture"": 0}, ""svclat_ms"": {""pose"": 0.0, ""gesture"": 0.0}}, ""a2"": {""services"": [""pose"", ""gesture""], ""fps"": {""pose"": 0, ""gesture"": 0}, ""eff_fps"": {""pose"": 0, ""gesture"": 0}, ""latency_ms"": {""pose"": 0, ""gesture"": 0}, ""svclat_ms"": {""pose"": 0.0, ""gesture"": 0.0}}, ""a3"": {""services"": [""pose"", ""gesture""], ""fps"": {""pose"": 0, ""gesture"": 0}, ""eff_fps"": {""pose"": 0, ""gesture"": 0}, ""latency_ms"": {""pose"": 0, ""gesture"": 0}, ""svclat_ms"": {""pose"": 0.0, ""gesture"": 0.0}}}"
14.5,1,0,0.0,0,0,0,0,0,0.0,0,0,0.0,0.0,0,0.0,0,0,0,0,0,0,0,0,0,0,0,0,0,"{""ip-172-31-0-204"": ""healthy"", ""ip-172-31-1-171"": ""healthy"", ""ip-172-31-10-12"": ""healthy"", ""ip-172-31-11-132"": ""healthy"", ""ip-172-31-13-134"": ""healthy"", ""ip-172-31-14-68"": ""healthy"", ""ip-172-31-40-239"": ""healthy""}",node_recovery,0.1,0.0,0,0,{},"{""a1"": {""services"": [""pose"", ""gesture""], ""fps"": {""pose"": 0, ""gesture"": 0}, ""eff_fps"": {""pose"": 0, ""gesture"": 0}, ""latency_ms"": {""pose"": 0, ""gesture"": 0}, ""svclat_ms"": {""pose"": 0.0, ""gesture"": 0.0}}, ""a2"": {""services"": [""pose"", ""gesture""], ""fps"": {""pose"": 0, ""gesture"": 0}, ""eff_fps"": {""pose"": 0, ""gesture"": 0}, ""latency_ms"": {""pose"": 0, ""gesture"": 0}, ""svclat_ms"": {""pose"": 0.0, ""gesture"": 0.0}}, ""a3"": {""services"": [""pose"", ""gesture""], ""fps"": {""pose"": 0, ""gesture"": 0}, ""eff_fps"": {""pose"": 0, ""gesture"": 0}, ""latency_ms"": {""pose"": 0, ""gesture"": 0}, ""svclat_ms"": {""pose"": 0.0, ""gesture"": 0.0}}}"
18.4,2,1,0.5,2,0,2,2,2,1.0,197.0,20,0.102,0.0,2.0,0.0,10.0,10.0,0,10.0,10.0,0,0,0,0,17.05,18.0,0,40,"{""ip-172-31-0-204"": ""healthy"", ""ip-172-31-1-171"": ""healthy"", ""ip-172-31-10-12"": ""healthy"", ""ip-172-31-11-132"": ""healthy"", ""ip-172-31-13-134"": ""healthy"", ""ip-172-31-14-68"": ""healthy"", ""ip-172-31-40-239"": ""healthy""}",subscribe,9.0,0.3333,0,0,"{""ip-172-31-0-204"": {""pose"": 1}, ""ip-172-31-1-171"": {""gesture"": 1}}","{""a1"": {""services"": [""pose"", ""gesture""], ""fps"": {""pose"": 10, ""gesture"": 10}, ""eff_fps"": {""pose"": 10, ""gesture"": 10}, ""latency_ms"": {""pose"": 0, ""gesture"": 0}, ""svclat_ms"": {""pose"": 16.6, ""gesture"": 14.56}}, ""a2"": {""services"": [""pose"", ""gesture""], ""fps"": {""pose"": 10, ""gesture"": 10}, ""eff_fps"": {""pose"": 10, ""gesture"": 10}, ""latency_ms"": {""pose"": 0, ""gesture"": 0}, ""svclat_ms"": {""pose"": 17.5, ""gesture"": 21.43}}, ""a3"": {""services"": [""pose"", ""gesture""], ""fps"": {""pose"": 0, ""gesture"": 0}, ""eff_fps"": {""pose"": 0, ""gesture"": 0}, ""latency_ms"": {""pose"": 0, ""gesture"": 0}, ""svclat_ms"": {""pose"": 0.0, ""gesture"": 0.0}}, ""a4"": {""services"": [""pose"", ""gesture""], ""fps"": {""pose"": 0, ""gesture"": 0}, ""eff_fps"": {""pose"": 0, ""gesture"": 0}, ""latency_ms"": {""pose"": 0, ""gesture"": 0}, ""svclat_ms"": {""pose"": 0.0, ""gesture"": 0.0}}}"
22.5,4,3,0.75,0,0,2,2,2,1.0,197.0,60,0.305,0.0,0.67,0.0,10.0,9.75,0,10.0,9.75,0,0,0,0,24.6,21.97,0,79,"{""ip-172-31-0-204"": ""healthy"", ""ip-172-31-1-171"": ""healthy"", ""ip-172-31-10-12"": ""healthy"", ""ip-172-31-11-132"": ""healthy"", ""ip-172-31-13-134"": ""healthy"", ""ip-172-31-14-68"": ""healthy"", ""ip-172-31-40-239"": ""healthy""}",subscribe,9.0,0.3333,0,0,"{""ip-172-31-0-204"": {""pose"": 1}, ""ip-172-31-1-171"": {""gesture"": 1}}","{""a1"": {""services"": [""pose"", ""gesture""], ""fps"": {""pose"": 10, ""gesture"": 9}, ""eff_fps"": {""pose"": 10, ""gesture"": 9}, ""latency_ms"": {""pose"": 0, ""gesture"": 0}, ""svclat_ms"": {""pose"": 23.65, ""gesture"": 21.37}}, ""a2"": {""services"": [""pose"", ""gesture""], ""fps"": {""pose"": 10, ""gesture"": 10}, ""eff_fps"": {""pose"": 10, ""gesture"": 10}, ""latency_ms"": {""pose"": 0, ""gesture"": 0}, ""svclat_ms"": {""pose"": 26.4, ""gesture"": 22.69}}, ""a3"": {""services"": [""pose"", ""gesture""], ""fps"": {""pose"": 10, ""gesture"": 10}, ""eff_fps"": {""pose"": 10, ""gesture"": 10}, ""latency_ms"": {""pose"": 0, ""gesture"": 0}, ""svclat_ms"": {""pose"": 20.29, ""gesture"": 18.11}}, ""a4"": {""services"": [""pose"", ""gesture""], ""fps"": {""pose"": 10, ""gesture"": 10}, ""eff_fps"": {""pose"": 10, ""gesture"": 10}, ""latency_ms"": {""pose"": 0, ""gesture"": 0}, ""svclat_ms"": {""pose"": 28.05, ""gesture"": 25.72}}, ""a5"": {""services"": [""pose"", ""gesture""], ""fps"": {""pose"": 0, ""gesture"": 0}, ""eff_fps"": {""pose"": 0, ""gesture"": 0}, ""latency_ms"": {""pose"": 0, ""gesture"": 0}, ""svclat_ms"": {""pose"": 0.0, ""gesture"": 0.0}}}"
25.8,5,5,1.0,0,0,2,2,2,1.0,197.0,100,0.508,0.0,0.4,0.0,10.0,10.0,0,10.0,10.0,0,0,0,0,23.19,20.23,0,100,"{""ip-172-31-0-204"": ""healthy"", ""ip-172-31-1-171"": ""healthy"", ""ip-172-31-10-12"": ""healthy"", ""ip-172-31-11-132"": ""healthy"", ""ip-172-31-13-134"": ""healthy"", ""ip-172-31-14-68"": ""healthy"", ""ip-172-31-40-239"": ""healthy""}",subscribe,9.0,0.3333,0,0,"{""ip-172-31-0-204"": {""pose"": 1}, ""ip-172-31-1-171"": {""gesture"": 1}}","{""a1"": {""services"": [""pose"", ""gesture""], ""fps"": {""pose"": 10, ""gesture"": 10}, ""eff_fps"": {""pose"": 10, ""gesture"": 10}, ""latency_ms"": {""pose"": 0, ""gesture"": 0}, ""svclat_ms"": {""pose"": 23.61, ""gesture"": 18.21}}, ""a2"": {""services"": [""pose"", ""gesture""], ""fps"": {""pose"": 10, ""gesture"": 10}, ""eff_fps"": {""pose"": 10, ""gesture"": 10}, ""latency_ms"": {""pose"": 0, ""gesture"": 0}, ""svclat_ms"": {""pose"": 25.42, ""gesture"": 25.04}}, ""a3"": {""services"": [""pose"", ""gesture""], ""fps"": {""pose"": 10, ""gesture"": 10}, ""eff_fps"": {""pose"": 10, ""gesture"": 10}, ""latency_ms"": {""pose"": 0, ""gesture"": 0}, ""svclat_ms"": {""pose"": 19.57, ""gesture"": 18.05}}, ""a4"": {""services"": [""pose"", ""gesture""], ""fps"": {""pose"": 10, ""gesture"": 10}, ""eff_fps"": {""pose"": 10, ""gesture"": 10}, ""latency_ms"": {""pose"": 0, ""gesture"": 0}, ""svclat_ms"": {""pose"": 27.61, ""gesture"": 25.48}}, ""a5"": {""services"": [""pose"", ""gesture""], ""fps"": {""pose"": 10, ""gesture"": 10}, ""eff_fps"": {""pose"": 10, ""gesture"": 10}, ""latency_ms"": {""pose"": 0, ""gesture"": 0}, ""svclat_ms"": {""pose"": 19.72, ""gesture"": 14.38}}, ""a6"": {""services"": [""pose"", ""gesture""], ""fps"": {""pose"": 0, ""gesture"": 0}, ""eff_fps"": {""pose"": 0, ""gesture"": 0}, ""latency_ms"": {""pose"": 0, ""gesture"": 0}, ""svclat_ms"": {""pose"": 0.0, ""gesture"": 0.0}}}"
29.2,5,5,1.0,0,0,2,2,2,1.0,197.0,100,0.508,0.0,0.4,0.0,10.33,10.0,0,9.0,10.0,0,0,0,0,43.98,22.31,0,122,"{""ip-172-31-0-204"": ""healthy"", ""ip-172-31-1-171"": ""healthy"", ""ip-172-31-10-12"": ""healthy"", ""ip-172-31-11-132"": ""healthy"", ""ip-172-31-13-134"": ""healthy"", ""ip-172-31-14-68"": ""healthy"", ""ip-172-31-40-239"": ""healthy""}",subscribe,9.0,0.3333,0,0,"{""ip-172-31-0-204"": {""pose"": 1}, ""ip-172-31-1-171"": {""gesture"": 1}}","{""a1"": {""services"": [""pose"", ""gesture""], ""fps"": {""pose"": 10, ""gesture"": 10}, ""eff_fps"": {""pose"": 9, ""gesture"": 10}, ""latency_ms"": {""pose"": 0, ""gesture"": 0}, ""svclat_ms"": {""pose"": 42.17, ""gesture"": 19.86}}, ""a2"": {""services"": [""pose"", ""gesture""], ""fps"": {""pose"": 11, ""gesture"": 10}, ""eff_fps"": {""pose"": 9, ""gesture"": 10}, ""latency_ms"": {""pose"": 0, ""gesture"": 0}, ""svclat_ms"": {""pose"": 49.72, ""gesture"": 25.58}}, ""a3"": {""services"": [""pose"", ""gesture""], ""fps"": {""pose"": 10, ""gesture"": 10}, ""eff_fps"": {""pose"": 9, ""gesture"": 10}, ""latency_ms"": {""pose"": 0, ""gesture"": 0}, ""svclat_ms"": {""pose"": 37.57, ""gesture"": 17.84}}, ""a4"": {""services"": [""pose"", ""gesture""], ""fps"": {""pose"": 11, ""gesture"": 10}, ""eff_fps"": {""pose"": 10, ""gesture"": 10}, ""latency_ms"": {""pose"": 0, ""gesture"": 0}, ""svclat_ms"": {""pose"": 35.32, ""gesture"": 26.52}}, ""a5"": {""services"": [""pose"", ""gesture""], ""fps"": {""pose"": 11, ""gesture"": 10}, ""eff_fps"": {""pose"": 10, ""gesture"": 10}, ""latency_ms"": {""pose"": 0, ""gesture"": 0}, ""svclat_ms"": {""pose"": 35.82, ""gesture"": 14.29}}, ""a6"": {""services"": [""pose"", ""gesture""], ""fps"": {""pose"": 9, ""gesture"": 10}, ""eff_fps"": {""pose"": 7, ""gesture"": 10}, ""latency_ms"": {""pose"": 0, ""gesture"": 0}, ""svclat_ms"": {""pose"": 63.31, ""gesture"": 29.76}}}"
31.5,6,6,1.0,0,0,2,2,2,1.0,197.0,120,0.609,0.0,0.33,0.0,10.0,10.0,0,10.0,10.0,0,0,0,0,22.98,22.73,0,120,"{""ip-172-31-0-204"": ""healthy"", ""ip-172-31-1-171"": ""healthy"", ""ip-172-31-10-12"": ""healthy"", ""ip-172-31-11-132"": ""healthy"", ""ip-172-31-13-134"": ""healthy"", ""ip-172-31-14-68"": ""healthy"", ""ip-172-31-40-239"": ""healthy""}",subscribe,8.6,0.3333,0,0,"{""ip-172-31-0-204"": {""pose"": 1}, ""ip-172-31-1-171"": {""gesture"": 1}}","{""a1"": {""services"": [""pose"", ""gesture""], ""fps"": {""pose"": 10, ""gesture"": 10}, ""eff_fps"": {""pose"": 10, ""gesture"": 10}, ""latency_ms"": {""pose"": 0, ""gesture"": 0}, ""svclat_ms"": {""pose"": 23.6, ""gesture"": 20.98}}, ""a2"": {""services"": [""pose"", ""gesture""], ""fps"": {""pose"": 10, ""gesture"": 10}, ""eff_fps"": {""pose"": 10, ""gesture"": 10}, ""latency_ms"": {""pose"": 0, ""gesture"": 0}, ""svclat_ms"": {""pose"": 22.9, ""gesture"": 25.69}}, ""a3"": {""services"": [""pose"", ""gesture""], ""fps"": {""pose"": 10, ""gesture"": 10}, ""eff_fps"": {""pose"": 10, ""gesture"": 10}, ""latency_ms"": {""pose"": 0, ""gesture"": 0}, ""svclat_ms"": {""pose"": 23.94, ""gesture"": 18.04}}, ""a4"": {""services"": [""pose"", ""gesture""], ""fps"": {""pose"": 10, ""gesture"": 10}, ""eff_fps"": {""pose"": 10, ""gesture"": 10}, ""latency_ms"": {""pose"": 0, ""gesture"": 0}, ""svclat_ms"": {""pose"": 21.46, ""gesture"": 26.99}}, ""a5"": {""services"": [""pose"", ""gesture""], ""fps"": {""pose"": 10, ""gesture"": 10}, ""eff_fps"": {""pose"": 10, ""gesture"": 10}, ""latency_ms"": {""pose"": 0, ""gesture"": 0}, ""svclat_ms"": {""pose"": 22.86, ""gesture"": 14.42}}, ""a6"": {""services"": [""pose"", ""gesture""], ""fps"": {""pose"": 10, ""gesture"": 10}, ""eff_fps"": {""pose"": 10, ""gesture"": 10}, ""latency_ms"": {""pose"": 0, ""gesture"": 0}, ""svclat_ms"": {""pose"": 23.1, ""gesture"": 30.28}}, ""a7"": {""services"": [""pose"", ""gesture""], ""fps"": {""pose"": 0, ""gesture"": 0}, ""eff_fps"": {""pose"": 0, ""gesture"": 0}, ""latency_ms"": {""pose"": 0, ""gesture"": 0}, ""svclat_ms"": {""pose"": 0.0, ""gesture"": 0.0}}}"
35.4,7,7,1.0,0,0,2,2,2,1.0,197.0,140,0.711,0.0,0.29,0.0,10.0,10.0,0,10.0,10.0,0,0,0,0,23.95,21.93,0,140,"{""ip-172-31-0-204"": ""healthy"", ""ip-172-31-1-171"": ""healthy"", ""ip-172-31-10-12"": ""healthy"", ""ip-172-31-11-132"": ""healthy"", ""ip-172-31-13-134"": ""healthy"", ""ip-172-31-14-68"": ""healthy"", ""ip-172-31-40-239"": ""healthy""}",subscribe,9.2,0.3333,0,0,"{""ip-172-31-0-204"": {""pose"": 1}, ""ip-172-31-1-171"": {""gesture"": 1}}","{""a1"": {""services"": [""pose"", ""gesture""], ""fps"": {""pose"": 10, ""gesture"": 10}, ""eff_fps"": {""pose"": 10, ""gesture"": 10}, ""latency_ms"": {""pose"": 0, ""gesture"": 0}, ""svclat_ms"": {""pose"": 23.63, ""gesture"": 19.49}}, ""a2"": {""services"": [""pose"", ""gesture""], ""fps"": {""pose"": 10, ""gesture"": 10}, ""eff_fps"": {""pose"": 10, ""gesture"": 10}, ""latency_ms"": {""pose"": 0, ""gesture"": 0}, ""svclat_ms"": {""pose"": 24.39, ""gesture"": 26.71}}, ""a3"": {""services"": [""pose"", ""gesture""], ""fps"": {""pose"": 10, ""gesture"": 10}, ""eff_fps"": {""pose"": 10, ""gesture"": 10}, ""latency_ms"": {""pose"": 0, ""gesture"": 0}, ""svclat_ms"": {""pose"": 24.26, ""gesture"": 17.74}}, ""a4"": {""services"": [""pose"", ""gesture""], ""fps"": {""pose"": 10, ""gesture"": 10}, ""eff_fps"": {""pose"": 10, ""gesture"": 10}, ""latency_ms"": {""pose"": 0, ""gesture"": 0}, ""svclat_ms"": {""pose"": 22.59, ""gesture"": 26.92}}, ""a5"": {""services"": [""pose"", ""gesture""], ""fps"": {""pose"": 10, ""gesture"": 10}, ""eff_fps"": {""pose"": 10, ""gesture"": 10}, ""latency_ms"": {""pose"": 0, ""gesture"": 0}, ""svclat_ms"": {""pose"": 23.27, ""gesture"": 17.34}}, ""a6"": {""services"": [""pose"", ""gesture""], ""fps"": {""pose"": 10, ""gesture"": 10}, ""eff_fps"": {""pose"": 10, ""gesture"": 10}, ""latency_ms"": {""pose"": 0, ""gesture"": 0}, ""svclat_ms"": {""pose"": 23.44, ""gesture"": 29.8}}, ""a7"": {""services"": [""pose"", ""gesture""], ""fps"": {""pose"": 10, ""gesture"": 10}, ""eff_fps"": {""pose"": 10, ""gesture"": 10}, ""latency_ms"": {""pose"": 0, ""gesture"": 0}, ""svclat_ms"": {""pose"": 26.04, ""gesture"": 15.53}}, ""a8"": {""services"": [""pose"", ""gesture""], ""fps"": {""pose"": 0, ""gesture"": 0}, ""eff_fps"": {""pose"": 0, ""gesture"": 0}, ""latency_ms"": {""pose"": 0, ""gesture"": 0}, ""svclat_ms"": {""pose"": 0.0, ""gesture"": 0.0}}}"
39.2,7,7,1.0,0,0,2,2,2,1.0,197.0,140,0.711,0.0,0.29,0.0,10.0,10.0,0,10.0,10.0,0,0,0,0,34.34,24.78,0,160,"{""ip-172-31-0-204"": ""healthy"", ""ip-172-31-1-171"": ""healthy"", ""ip-172-31-10-12"": ""healthy"", ""ip-172-31-11-132"": ""healthy"", ""ip-172-31-13-134"": ""healthy"", ""ip-172-31-14-68"": ""healthy"", ""ip-172-31-40-239"": ""healthy""}",subscribe,9.2,0.3333,0,0,"{""ip-172-31-0-204"": {""pose"": 1}, ""ip-172-31-1-171"": {""gesture"": 1}}","{""a1"": {""services"": [""pose"", ""gesture""], ""fps"": {""pose"": 10, ""gesture"": 10}, ""eff_fps"": {""pose"": 10, ""gesture"": 10}, ""latency_ms"": {""pose"": 0, ""gesture"": 0}, ""svclat_ms"": {""pose"": 37.37, ""gesture"": 20.96}}, ""a2"": {""services"": [""pose"", ""gesture""], ""fps"": {""pose"": 10, ""gesture"": 10}, ""eff_fps"": {""pose"": 10, ""gesture"": 10}, ""latency_ms"": {""pose"": 0, ""gesture"": 0}, ""svclat_ms"": {""pose"": 36.89, ""gesture"": 28.01}}, ""a3"": {""services"": [""pose"", ""gesture""], ""fps"": {""pose"": 10, ""gesture"": 10}, ""eff_fps"": {""pose"": 10, ""gesture"": 10}, ""latency_ms"": {""pose"": 0, ""gesture"": 0}, ""svclat_ms"": {""pose"": 37.25, ""gesture"": 17.96}}, ""a4"": {""services"": [""pose"", ""gesture""], ""fps"": {""pose"": 10, ""gesture"": 10}, ""eff_fps"": {""pose"": 10, ""gesture"": 10}, ""latency_ms"": {""pose"": 0, ""gesture"": 0}, ""svclat_ms"": {""pose"": 22.68, ""gesture"": 28.26}}, ""a5"": {""services"": [""pose"", ""gesture""], ""fps"": {""pose"": 10, ""gesture"": 10}, ""eff_fps"": {""pose"": 10, ""gesture"": 10}, ""latency_ms"": {""pose"": 0, ""gesture"": 0}, ""svclat_ms"": {""pose"": 36.9, ""gesture"": 17.84}}, ""a6"": {""services"": [""pose"", ""gesture""], ""fps"": {""pose"": 10, ""gesture"": 10}, ""eff_fps"": {""pose"": 10, ""gesture"": 10}, ""latency_ms"": {""pose"": 0, ""gesture"": 0}, ""svclat_ms"": {""pose"": 36.49, ""gesture"": 35.32}}, ""a7"": {""services"": [""pose"", ""gesture""], ""fps"": {""pose"": 10, ""gesture"": 10}, ""eff_fps"": {""pose"": 10, ""gesture"": 10}, ""latency_ms"": {""pose"": 0, ""gesture"": 0}, ""svclat_ms"": {""pose"": 39.55, ""gesture"": 15.45}}, ""a8"": {""services"": [""pose"", ""gesture""], ""fps"": {""pose"": 10, ""gesture"": 10}, ""eff_fps"": {""pose"": 10, ""gesture"": 10}, ""latency_ms"": {""pose"": 0, ""gesture"": 0}, ""svclat_ms"": {""pose"": 27.63, ""gesture"": 34.47}}}"
41.6,8,8,1.0,0,0,2,2,2,1.0,197.0,160,0.812,0.0,0.25,0.0,9.88,10.0,0,9.88,10.0,0,0,0,0,34.34,24.17,0,159,"{""ip-172-31-0-204"": ""healthy"", ""ip-172-31-1-171"": ""healthy"", ""ip-172-31-10-12"": ""healthy"", ""ip-172-31-11-132"": ""healthy"", ""ip-172-31-13-134"": ""healthy"", ""ip-172-31-14-68"": ""healthy"", ""ip-172-31-40-239"": ""healthy""}",subscribe,8.7,0.3333,0,0,"{""ip-172-31-0-204"": {""pose"": 1}, ""ip-172-31-1-171"": {""gesture"": 1}}","{""a1"": {""services"": [""pose"", ""gesture""], ""fps"": {""pose"": 10, ""gesture"": 10}, ""eff_fps"": {""pose"": 10, ""gesture"": 10}, ""latency_ms"": {""pose"": 0, ""gesture"": 0}, ""svclat_ms"": {""pose"": 37.14, ""gesture"": 21.33}}, ""a2"": {""services"": [""pose"", ""gesture""], ""fps"": {""pose"": 9, ""gesture"": 10}, ""eff_fps"": {""pose"": 9, ""gesture"": 10}, ""latency_ms"": {""pose"": 0, ""gesture"": 0}, ""svclat_ms"": {""pose"": 36.56, ""gesture"": 27.6}}, ""a3"": {""services"": [""pose"", ""gesture""], ""fps"": {""pose"": 10, ""gesture"": 10}, ""eff_fps"": {""pose"": 10, ""gesture"": 10}, ""latency_ms"": {""pose"": 0, ""gesture"": 0}, ""svclat_ms"": {""pose"": 37.27, ""gesture"": 18.07}}, ""a4"": {""services"": [""pose"", ""gesture""], ""fps"": {""pose"": 10, ""gesture"": 10}, ""eff_fps"": {""pose"": 10, ""gesture"": 10}, ""latency_ms"": {""pose"": 0, ""gesture"": 0}, ""svclat_ms"": {""pose"": 23.14, ""gesture"": 28.55}}, ""a5"": {""services"": [""pose"", ""gesture""], ""fps"": {""pose"": 10, ""gesture"": 10}, ""eff_fps"": {""pose"": 10, ""gesture"": 10}, ""latency_ms"": {""pose"": 0, ""gesture"": 0}, ""svclat_ms"": {""pose"": 37.34, ""gesture"": 17.56}}, ""a6"": {""services"": [""pose"", ""gesture""], ""fps"": {""pose"": 10, ""gesture"": 10}, ""eff_fps"": {""pose"": 10, ""gesture"": 10}, ""latency_ms"": {""pose"": 0, ""gesture"": 0}, ""svclat_ms"": {""pose"": 36.72, ""gesture"": 32.76}}, ""a7"": {""services"": [""pose"", ""gesture""], ""fps"": {""pose"": 10, ""gesture"": 10}, ""eff_fps"": {""pose"": 10, ""gesture"": 10}, ""latency_ms"": {""pose"": 0, ""gesture"": 0}, ""svclat_ms"": {""pose"": 38.65, ""gesture"": 15.53}}, ""a8"": {""services"": [""pose"", ""gesture""], ""fps"": {""pose"": 10, ""gesture"": 10}, ""eff_fps"": {""pose"": 10, ""gesture"": 10}, ""latency_ms"": {""pose"": 0, ""gesture"": 0}, ""svclat_ms"": {""pose"": 27.87, ""gesture"": 31.98}}, ""a9"": {""services"": [""pose"", ""gesture""], ""fps"": {""pose"": 0, ""gesture"": 0}, ""eff_fps"": {""pose"": 0, ""gesture"": 0}, ""latency_ms"": {""pose"": 0, ""gesture"": 0}, ""svclat_ms"": {""pose"": 0.0, ""gesture"": 0.0}}}"
43.9,9,8,0.889,0,0,2,2,2,1.0,197.0,160,0.812,0.0,0.25,0.0,10.0,10.0,0,10.0,10.0,0,0,0,0,34.22,27.29,0,160,"{""ip-172-31-0-204"": ""healthy"", ""ip-172-31-1-171"": ""healthy"", ""ip-172-31-10-12"": ""healthy"", ""ip-172-31-11-132"": ""healthy"", ""ip-172-31-13-134"": ""healthy"", ""ip-172-31-14-68"": ""healthy"", ""ip-172-31-40-239"": ""healthy""}",subscribe,8.7,0.3333,0,0,"{""ip-172-31-0-204"": {""pose"": 1}, ""ip-172-31-1-171"": {""gesture"": 1}}","{""a1"": {""services"": [""pose"", ""gesture""], ""fps"": {""pose"": 10, ""gesture"": 10}, ""eff_fps"": {""pose"": 10, ""gesture"": 10}, ""latency_ms"": {""pose"": 0, ""gesture"": 0}, ""svclat_ms"": {""pose"": 36.55, ""gesture"": 22.56}}, ""a2"": {""services"": [""pose"", ""gesture""], ""fps"": {""pose"": 10, ""gesture"": 10}, ""eff_fps"": {""pose"": 10, ""gesture"": 10}, ""latency_ms"": {""pose"": 0, ""gesture"": 0}, ""svclat_ms"": {""pose"": 36.44, ""gesture"": 28.49}}, ""a3"": {""services"": [""pose"", ""gesture""], ""fps"": {""pose"": 10, ""gesture"": 10}, ""eff_fps"": {""pose"": 10, ""gesture"": 10}, ""latency_ms"": {""pose"": 0, ""gesture"": 0}, ""svclat_ms"": {""pose"": 36.75, ""gesture"": 19.39}}, ""a4"": {""services"": [""pose"", ""gesture""], ""fps"": {""pose"": 10, ""gesture"": 10}, ""eff_fps"": {""pose"": 10, ""gesture"": 10}, ""latency_ms"": {""pose"": 0, ""gesture"": 0}, ""svclat_ms"": {""pose"": 23.23, ""gesture"": 31.19}}, ""a5"": {""services"": [""pose"", ""gesture""], ""fps"": {""pose"": 10, ""gesture"": 10}, ""eff_fps"": {""pose"": 10, ""gesture"": 10}, ""latency_ms"": {""pose"": 0, ""gesture"": 0}, ""svclat_ms"": {""pose"": 36.73, ""gesture"": 19.13}}, ""a6"": {""services"": [""pose"", ""gesture""], ""fps"": {""pose"": 10, ""gesture"": 10}, ""eff_fps"": {""pose"": 10, ""gesture"": 10}, ""latency_ms"": {""pose"": 0, ""gesture"": 0}, ""svclat_ms"": {""pose"": 36.68, ""gesture"": 41.2}}, ""a7"": {""services"": [""pose"", ""gesture""], ""fps"": {""pose"": 10, ""gesture"": 10}, ""eff_fps"": {""pose"": 10, ""gesture"": 10}, ""latency_ms"": {""pose"": 0, ""gesture"": 0}, ""svclat_ms"": {""pose"": 38.86, ""gesture"": 16.77}}, ""a8"": {""services"": [""pose"", ""gesture""], ""fps"": {""pose"": 10, ""gesture"": 10}, ""eff_fps"": {""pose"": 10, ""gesture"": 10}, ""latency_ms"": {""pose"": 0, ""gesture"": 0}, ""svclat_ms"": {""pose"": 28.52, ""gesture"": 39.61}}, ""a9"": {""services"": [""pose"", ""gesture""], ""fps"": {""pose"": 0, ""gesture"": 0}, ""eff_fps"": {""pose"": 0, ""gesture"": 0}, ""latency_ms"": {""pose"": 0, ""gesture"": 0}, ""svclat_ms"": {""pose"": 0.0, ""gesture"": 0.0}}}"
46.3,9,8,0.889,0,0,2,2,2,1.0,197.0,160,0.812,0.0,0.25,0.0,9.88,10.0,0,9.88,10.0,0,0,0,0,34.57,26.42,0,159,"{""ip-172-31-0-204"": ""healthy"", ""ip-172-31-1-171"": ""healthy"", ""ip-172-31-10-12"": ""healthy"", ""ip-172-31-11-132"": ""healthy"", ""ip-172-31-13-134"": ""healthy"", ""ip-172-31-14-68"": ""healthy"", ""ip-172-31-40-239"": ""healthy""}",subscribe,8.7,0.3333,0,0,"{""ip-172-31-0-204"": {""pose"": 1}, ""ip-172-31-1-171"": {""gesture"": 1}}","{""a1"": {""services"": [""pose"", ""gesture""], ""fps"": {""pose"": 10, ""gesture"": 10}, ""eff_fps"": {""pose"": 10, ""gesture"": 10}, ""latency_ms"": {""pose"": 0, ""gesture"": 0}, ""svclat_ms"": {""pose"": 37.54, ""gesture"": 23.1}}, ""a2"": {""services"": [""pose"", ""gesture""], ""fps"": {""pose"": 9, ""gesture"": 10}, ""eff_fps"": {""pose"": 9, ""gesture"": 10}, ""latency_ms"": {""pose"": 0, ""gesture"": 0}, ""svclat_ms"": {""pose"": 37.01, ""gesture"": 29.46}}, ""a3"": {""services"": [""pose"", ""gesture""], ""fps"": {""pose"": 10, ""gesture"": 10}, ""eff_fps"": {""pose"": 10, ""gesture"": 10}, ""latency_ms"": {""pose"": 0, ""gesture"": 0}, ""svclat_ms"": {""pose"": 37.98, ""gesture"": 19.12}}, ""a4"": {""services"": [""pose"", ""gesture""], ""fps"": {""pose"": 10, ""gesture"": 10}, ""eff_fps"": {""pose"": 10, ""gesture"": 10}, ""latency_ms"": {""pose"": 0, ""gesture"": 0}, ""svclat_ms"": {""pose"": 23.19, ""gesture"": 30.95}}, ""a5"": {""services"": [""pose"", ""gesture""], ""fps"": {""pose"": 10, ""gesture"": 10}, ""eff_fps"": {""pose"": 10, ""gesture"": 10}, ""latency_ms"": {""pose"": 0, ""gesture"": 0}, ""svclat_ms"": {""pose"": 37.88, ""gesture"": 18.19}}, ""a6"": {""services"": [""pose"", ""gesture""], ""fps"": {""pose"": 10, ""gesture"": 10}, ""eff_fps"": {""pose"": 10, ""gesture"": 10}, ""latency_ms"": {""pose"": 0, ""gesture"": 0}, ""svclat_ms"": {""pose"": 36.05, ""gesture"": 37.49}}, ""a7"": {""services"": [""pose"", ""gesture""], ""fps"": {""pose"": 10, ""gesture"": 10}, ""eff_fps"": {""pose"": 10, ""gesture"": 10}, ""latency_ms"": {""pose"": 0, ""gesture"": 0}, ""svclat_ms"": {""pose"": 39.2, ""gesture"": 16.78}}, ""a8"": {""services"": [""pose"", ""gesture""], ""fps"": {""pose"": 10, ""gesture"": 10}, ""eff_fps"": {""pose"": 10, ""gesture"": 10}, ""latency_ms"": {""pose"": 0, ""gesture"": 0}, ""svclat_ms"": {""pose"": 27.74, ""gesture"": 36.25}}, ""a9"": {""services"": [""pose"", ""gesture""], ""fps"": {""pose"": 0, ""gesture"": 0}, ""eff_fps"": {""pose"": 0, ""gesture"": 0}, ""latency_ms"": {""pose"": 0, ""gesture"": 0}, ""svclat_ms"": {""pose"": 0.0, ""gesture"": 0.0}}, ""a10"": {""services"": [""pose"", ""gesture""], ""fps"": {""pose"": 0, ""gesture"": 0}, ""eff_fps"": {""pose"": 0, ""gesture"": 0}, ""latency_ms"": {""pose"": 0, ""gesture"": 0}, ""svclat_ms"": {""pose"": 0.0, ""gesture"": 0.0}}}"
48.6,9,8,0.889,0,0,2,2,2,1.0,197.0,160,0.812,0.0,0.25,0.0,10.0,10.12,0,10.0,10.12,0,0,0,0,35.65,27.21,0,161,"{""ip-172-31-0-204"": ""healthy"", ""ip-172-31-1-171"": ""healthy"", ""ip-172-31-10-12"": ""healthy"", ""ip-172-31-11-132"": ""healthy"", ""ip-172-31-13-134"": ""healthy"", ""ip-172-31-14-68"": ""healthy"", ""ip-172-31-40-239"": ""healthy""}",subscribe,8.7,0.3333,0,0,"{""ip-172-31-0-204"": {""pose"": 1}, ""ip-172-31-1-171"": {""gesture"": 1}}","{""a1"": {""services"": [""pose"", ""gesture""], ""fps"": {""pose"": 10, ""gesture"": 11}, ""eff_fps"": {""pose"": 10, ""gesture"": 11}, ""latency_ms"": {""pose"": 0, ""gesture"": 0}, ""svclat_ms"": {""pose"": 38.55, ""gesture"": 24.45}}, ""a2"": {""services"": [""pose"", ""gesture""], ""fps"": {""pose"": 10, ""gesture"": 10}, ""eff_fps"": {""pose"": 10, ""gesture"": 10}, ""latency_ms"": {""pose"": 0, ""gesture"": 0}, ""svclat_ms"": {""pose"": 37.94, ""gesture"": 29.78}}, ""a3"": {""services"": [""pose"", ""gesture""], ""fps"": {""pose"": 10, ""gesture"": 10}, ""eff_fps"": {""pose"": 10, ""gesture"": 10}, ""latency_ms"": {""pose"": 0, ""gesture"": 0}, ""svclat_ms"": {""pose"": 38.34, ""gesture"": 19.9}}, ""a4"": {""services"": [""pose"", ""gesture""], ""fps"": {""pose"": 10, ""gesture"": 10}, ""eff_fps"": {""pose"": 10, ""gesture"": 10}, ""latency_ms"": {""pose"": 0, ""gesture"": 0}, ""svclat_ms"": {""pose"": 23.76, ""gesture"": 32.31}}, ""a5"": {""services"": [""pose"", ""gesture""], ""fps"": {""pose"": 10, ""gesture"": 10}, ""eff_fps"": {""pose"": 10, ""gesture"": 10}, ""latency_ms"": {""pose"": 0, ""gesture"": 0}, ""svclat_ms"": {""pose"": 38.62, ""gesture"": 18.24}}, ""a6"": {""services"": [""pose"", ""gesture""], ""fps"": {""pose"": 10, ""gesture"": 10}, ""eff_fps"": {""pose"": 10, ""gesture"": 10}, ""latency_ms"": {""pose"": 0, ""gesture"": 0}, ""svclat_ms"": {""pose"": 37.96, ""gesture"": 39.01}}, ""a7"": {""services"": [""pose"", ""gesture""], ""fps"": {""pose"": 10, ""gesture"": 10}, ""eff_fps"": {""pose"": 10, ""gesture"": 10}, ""latency_ms"": {""pose"": 0, ""gesture"": 0}, ""svclat_ms"": {""pose"": 41.17, ""gesture"": 16.07}}, ""a8"": {""services"": [""pose"", ""gesture""], ""fps"": {""pose"": 10, ""gesture"": 10}, ""eff_fps"": {""pose"": 10, ""gesture"": 10}, ""latency_ms"": {""pose"": 0, ""gesture"": 0}, ""svclat_ms"": {""pose"": 28.87, ""gesture"": 37.92}}, ""a9"": {""services"": [""pose"", ""gesture""], ""fps"": {""pose"": 0, ""gesture"": 0}, ""eff_fps"": {""pose"": 0, ""gesture"": 0}, ""latency_ms"": {""pose"": 0, ""gesture"": 0}, ""svclat_ms"": {""pose"": 0.0, ""gesture"": 0.0}}, ""a10"": {""services"": [""pose"", ""gesture""], ""fps"": {""pose"": 0, ""gesture"": 0}, ""eff_fps"": {""pose"": 0, ""gesture"": 0}, ""latency_ms"": {""pose"": 0, ""gesture"": 0}, ""svclat_ms"": {""pose"": 0.0, ""gesture"": 0.0}}}"
51.0,9,8,0.889,0,0,2,2,2,1.0,197.0,160,0.812,0.0,0.25,0.0,10.0,10.12,0,10.0,10.12,0,0,0,0,34.4,25.24,0,161,"{""ip-172-31-0-204"": ""healthy"", ""ip-172-31-1-171"": ""healthy"", ""ip-172-31-10-12"": ""healthy"", ""ip-172-31-11-132"": ""healthy"", ""ip-172-31-13-134"": ""healthy"", ""ip-172-31-14-68"": ""healthy"", ""ip-172-31-40-239"": ""healthy""}",subscribe,8.7,0.3333,0,0,"{""ip-172-31-0-204"": {""pose"": 1}, ""ip-172-31-1-171"": {""gesture"": 1}}","{""a1"": {""services"": [""pose"", ""gesture""], ""fps"": {""pose"": 10, ""gesture"": 11}, ""eff_fps"": {""pose"": 10, ""gesture"": 11}, ""latency_ms"": {""pose"": 0, ""gesture"": 0}, ""svclat_ms"": {""pose"": 36.87, ""gesture"": 22.59}}, ""a2"": {""services"": [""pose"", ""gesture""], ""fps"": {""pose"": 10, ""gesture"": 10}, ""eff_fps"": {""pose"": 10, ""gesture"": 10}, ""latency_ms"": {""pose"": 0, ""gesture"": 0}, ""svclat_ms"": {""pose"": 37.07, ""gesture"": 28.63}}, ""a3"": {""services"": [""pose"", ""gesture""], ""fps"": {""pose"": 10, ""gesture"": 10}, ""eff_fps"": {""pose"": 10, ""gesture"": 10}, ""latency_ms"": {""pose"": 0, ""gesture"": 0}, ""svclat_ms"": {""pose"": 36.71, ""gesture"": 19.02}}, ""a4"": {""services"": [""pose"", ""gesture""], ""fps"": {""pose"": 10, ""gesture"": 10}, ""eff_fps"": {""pose"": 10, ""gesture"": 10}, ""latency_ms"": {""pose"": 0, ""gesture"": 0}, ""svclat_ms"": {""pose"": 22.54, ""gesture"": 30.3}}, ""a5"": {""services"": [""pose"", ""gesture""], ""fps"": {""pose"": 10, ""gesture"": 10}, ""eff_fps"": {""pose"": 10, ""gesture"": 10}, ""latency_ms"": {""pose"": 0, ""gesture"": 0}, ""svclat_ms"": {""pose"": 37.22, ""gesture"": 17.81}}, ""a6"": {""services"": [""pose"", ""gesture""], ""fps"": {""pose"": 10, ""gesture"": 10}, ""eff_fps"": {""pose"": 10, ""gesture"": 10}, ""latency_ms"": {""pose"": 0, ""gesture"": 0}, ""svclat_ms"": {""pose"": 36.9, ""gesture"": 34.18}}, ""a7"": {""services"": [""pose"", ""gesture""], ""fps"": {""pose"": 10, ""gesture"": 10}, ""eff_fps"": {""pose"": 10, ""gesture"": 10}, ""latency_ms"": {""pose"": 0, ""gesture"": 0}, ""svclat_ms"": {""pose"": 39.69, ""gesture"": 15.82}}, ""a8"": {""services"": [""pose"", ""gesture""], ""fps"": {""pose"": 10, ""gesture"": 10}, ""eff_fps"": {""pose"": 10, ""gesture"": 10}, ""latency_ms"": {""pose"": 0, ""gesture"": 0}, ""svclat_ms"": {""pose"": 28.17, ""gesture"": 33.55}}, ""a9"": {""services"": [""pose"", ""gesture""], ""fps"": {""pose"": 0, ""gesture"": 0}, ""eff_fps"": {""pose"": 0, ""gesture"": 0}, ""latency_ms"": {""pose"": 0, ""gesture"": 0}, ""svclat_ms"": {""pose"": 0.0, ""gesture"": 0.0}}, ""a10"": {""services"": [""pose"", ""gesture""], ""fps"": {""pose"": 0, ""gesture"": 0}, ""eff_fps"": {""pose"": 0, ""gesture"": 0}, ""latency_ms"": {""pose"": 0, ""gesture"": 0}, ""svclat_ms"": {""pose"": 0.0, ""gesture"": 0.0}}, ""a11"": {""services"": [""pose"", ""gesture""], ""fps"": {""pose"": 0, ""gesture"": 0}, ""eff_fps"": {""pose"": 0, ""gesture"": 0}, ""latency_ms"": {""pose"": 0, ""gesture"": 0}, ""svclat_ms"": {""pose"": 0.0, ""gesture"": 0.0}}}"
53.3,9,8,0.889,0,0,2,2,2,1.0,197.0,160,0.812,0.0,0.25,0.0,10.0,10.0,0,10.0,10.0,0,0,0,0,33.8,24.53,0,160,"{""ip-172-31-0-204"": ""healthy"", ""ip-172-31-1-171"": ""healthy"", ""ip-172-31-10-12"": ""healthy"", ""ip-172-31-11-132"": ""healthy"", ""ip-172-31-13-134"": ""healthy"", ""ip-172-31-14-68"": ""healthy"", ""ip-172-31-40-239"": ""healthy""}",subscribe,8.7,0.3333,0,0,"{""ip-172-31-0-204"": {""pose"": 1}, ""ip-172-31-1-171"": {""gesture"": 1}}","{""a1"": {""services"": [""pose"", ""gesture""], ""fps"": {""pose"": 10, ""gesture"": 10}, ""eff_fps"": {""pose"": 10, ""gesture"": 10}, ""latency_ms"": {""pose"": 0, ""gesture"": 0}, ""svclat_ms"": {""pose"": 35.98, ""gesture"": 21.79}}, ""a2"": {""services"": [""pose"", ""gesture""], ""fps"": {""pose"": 10, ""gesture"": 10}, ""eff_fps"": {""pose"": 10, ""gesture"": 10}, ""latency_ms"": {""pose"": 0, ""gesture"": 0}, ""svclat_ms"": {""pose"": 36.03, ""gesture"": 27.98}}, ""a3"": {""services"": [""pose"", ""gesture""], ""fps"": {""pose"": 10, ""gesture"": 10}, ""eff_fps"": {""pose"": 10, ""gesture"": 10}, ""latency_ms"": {""pose"": 0, ""gesture"": 0}, ""svclat_ms"": {""pose"": 36.6, ""gesture"": 18.33}}, ""a4"": {""services"": [""pose"", ""gesture""], ""fps"": {""pose"": 10, ""gesture"": 10}, ""eff_fps"": {""pose"": 10, ""gesture"": 10}, ""latency_ms"": {""pose"": 0, ""gesture"": 0}, ""svclat_ms"": {""pose"": 22.75, ""gesture"": 29.14}}, ""a5"": {""services"": [""pose"", ""gesture""], ""fps"": {""pose"": 10, ""gesture"": 10}, ""eff_fps"": {""pose"": 10, ""gesture"": 10}, ""latency_ms"": {""pose"": 0, ""gesture"": 0}, ""svclat_ms"": {""pose"": 36.81, ""gesture"": 17.9}}, ""a6"": {""services"": [""pose"", ""gesture""], ""fps"": {""pose"": 10, ""gesture"": 10}, ""eff_fps"": {""pose"": 10, ""gesture"": 10}, ""latency_ms"": {""pose"": 0, ""gesture"": 0}, ""svclat_ms"": {""pose"": 35.83, ""gesture"": 33.13}}, ""a7"": {""services"": [""pose"", ""gesture""], ""fps"": {""pose"": 10, ""gesture"": 10}, ""eff_fps"": {""pose"": 10, ""gesture"": 10}, ""latency_ms"": {""pose"": 0, ""gesture"": 0}, ""svclat_ms"": {""pose"": 38.9, ""gesture"": 15.63}}, ""a8"": {""services"": [""pose"", ""gesture""], ""fps"": {""pose"": 10, ""gesture"": 10}, ""eff_fps"": {""pose"": 10, ""gesture"": 10}, ""latency_ms"": {""pose"": 0, ""gesture"": 0}, ""svclat_ms"": {""pose"": 27.5, ""gesture"": 32.31}}, ""a9"": {""services"": [""pose"", ""gesture""], ""fps"": {""pose"": 0, ""gesture"": 0}, ""eff_fps"": {""pose"": 0, ""gesture"": 0}, ""latency_ms"": {""pose"": 0, ""gesture"": 0}, ""svclat_ms"": {""pose"": 0.0, ""gesture"": 0.0}}, ""a10"": {""services"": [""pose"", ""gesture""], ""fps"": {""pose"": 0, ""gesture"": 0}, ""eff_fps"": {""pose"": 0, ""gesture"": 0}, ""latency_ms"": {""pose"": 0, ""gesture"": 0}, ""svclat_ms"": {""pose"": 0.0, ""gesture"": 0.0}}, ""a11"": {""services"": [""pose"", ""gesture""], ""fps"": {""pose"": 0, ""gesture"": 0}, ""eff_fps"": {""pose"": 0, ""gesture"": 0}, ""latency_ms"": {""pose"": 0, ""gesture"": 0}, ""svclat_ms"": {""pose"": 0.0, ""gesture"": 0.0}}}"
56.5,9,8,0.889,0,0,2,2,2,1.0,197.0,160,0.812,0.0,0.25,0.0,9.89,9.33,0,9.78,7.89,0,0,0,0,35.49,67.46,0,173,"{""ip-172-31-0-204"": ""healthy"", ""ip-172-31-1-171"": ""healthy"", ""ip-172-31-10-12"": ""healthy"", ""ip-172-31-11-132"": ""healthy"", ""ip-172-31-13-134"": ""healthy"", ""ip-172-31-14-68"": ""healthy"", ""ip-172-31-40-239"": ""healthy""}",subscribe,8.7,0.3333,0,0,"{""ip-172-31-0-204"": {""pose"": 1}, ""ip-172-31-1-171"": {""gesture"": 1}}","{""a1"": {""services"": [""pose"", ""gesture""], ""fps"": {""pose"": 10, ""gesture"": 10}, ""eff_fps"": {""pose"": 10, ""gesture"": 9}, ""latency_ms"": {""pose"": 0, ""gesture"": 0}, ""svclat_ms"": {""pose"": 37.51, ""gesture"": 61.95}}, ""a2"": {""services"": [""pose"", ""gesture""], ""fps"": {""pose"": 10, ""gesture"": 9}, ""eff_fps"": {""pose"": 10, ""gesture"": 8}, ""latency_ms"": {""pose"": 0, ""gesture"": 0}, ""svclat_ms"": {""pose"": 37.01, ""gesture"": 61.29}}, ""a3"": {""services"": [""pose"", ""gesture""], ""fps"": {""pose"": 10, ""gesture"": 11}, ""eff_fps"": {""pose"": 10, ""gesture"": 9}, ""latency_ms"": {""pose"": 0, ""gesture"": 0}, ""svclat_ms"": {""pose"": 37.57, ""gesture"": 62.95}}, ""a4"": {""services"": [""pose"", ""gesture""], ""fps"": {""pose"": 10, ""gesture"": 11}, ""eff_fps"": {""pose"": 10, ""gesture"": 10}, ""latency_ms"": {""pose"": 0, ""gesture"": 0}, ""svclat_ms"": {""pose"": 22.67, ""gesture"": 49.32}}, ""a5"": {""services"": [""pose"", ""gesture""], ""fps"": {""pose"": 10, ""gesture"": 11}, ""eff_fps"": {""pose"": 10, ""gesture"": 10}, ""latency_ms"": {""pose"": 0, ""gesture"": 0}, ""svclat_ms"": {""pose"": 37.64, ""gesture"": 37.36}}, ""a6"": {""services"": [""pose"", ""gesture""], ""fps"": {""pose"": 10, ""gesture"": 8}, ""eff_fps"": {""pose"": 10, ""gesture"": 6}, ""latency_ms"": {""pose"": 0, ""gesture"": 0}, ""svclat_ms"": {""pose"": 36.32, ""gesture"": 88.79}}, ""a7"": {""services"": [""pose"", ""gesture""], ""fps"": {""pose"": 10, ""gesture"": 8}, ""eff_fps"": {""pose"": 10, ""gesture"": 6}, ""latency_ms"": {""pose"": 0, ""gesture"": 0}, ""svclat_ms"": {""pose"": 40.08, ""gesture"": 82.27}}, ""a8"": {""services"": [""pose"", ""gesture""], ""fps"": {""pose"": 10, ""gesture"": 8}, ""eff_fps"": {""pose"": 10, ""gesture"": 6}, ""latency_ms"": {""pose"": 0, ""gesture"": 0}, ""svclat_ms"": {""pose"": 27.42, ""gesture"": 88.41}}, ""a9"": {""services"": [""pose"", ""gesture""], ""fps"": {""pose"": 9, ""gesture"": 8}, ""eff_fps"": {""pose"": 8, ""gesture"": 7}, ""latency_ms"": {""pose"": 0, ""gesture"": 0}, ""svclat_ms"": {""pose"": 43.17, ""gesture"": 74.8}}, ""a10"": {""services"": [""pose"", ""gesture""], ""fps"": {""pose"": 0, ""gesture"": 0}, ""eff_fps"": {""pose"": 0, ""gesture"": 0}, ""latency_ms"": {""pose"": 0, ""gesture"": 0}, ""svclat_ms"": {""pose"": 0.0, ""gesture"": 0.0}}, ""a11"": {""services"": [""pose"", ""gesture""], ""fps"": {""pose"": 0, ""gesture"": 0}, ""eff_fps"": {""pose"": 0, ""gesture"": 0}, ""latency_ms"": {""pose"": 0, ""gesture"": 0}, ""svclat_ms"": {""pose"": 0.0, ""gesture"": 0.0}}, ""a12"": {""services"": [""pose"", ""gesture""], ""fps"": {""pose"": 0, ""gesture"": 0}, ""eff_fps"": {""pose"": 0, ""gesture"": 0}, ""latency_ms"": {""pose"": 0, ""gesture"": 0}, ""svclat_ms"": {""pose"": 0.0, ""gesture"": 0.0}}}"
60.7,10,10,1.0,0,0,2,3,3,1.0,281.0,200,0.712,0.0,0.3,0.0,10.0,10.0,0,10.0,10.0,0,0,0,0,31.27,18.7,0,200,"{""ip-172-31-0-204"": ""healthy"", ""ip-172-31-1-171"": ""healthy"", ""ip-172-31-10-12"": ""healthy"", ""ip-172-31-11-132"": ""healthy"", ""ip-172-31-13-134"": ""healthy"", ""ip-172-31-14-68"": ""healthy"", ""ip-172-31-40-239"": ""healthy""}",subscribe,9.1,0.3333,0,0,"{""ip-172-31-0-204"": {""pose"": 1}, ""ip-172-31-1-171"": {""pose"": 1}, ""ip-172-31-10-12"": {""gesture"": 1}}","{""a1"": {""services"": [""pose"", ""gesture""], ""fps"": {""pose"": 10, ""gesture"": 10}, ""eff_fps"": {""pose"": 10, ""gesture"": 10}, ""latency_ms"": {""pose"": 0, ""gesture"": 0}, ""svclat_ms"": {""pose"": 36.08, ""gesture"": 15.93}}, ""a2"": {""services"": [""pose"", ""gesture""], ""fps"": {""pose"": 10, ""gesture"": 10}, ""eff_fps"": {""pose"": 10, ""gesture"": 10}, ""latency_ms"": {""pose"": 0, ""gesture"": 0}, ""svclat_ms"": {""pose"": 35.84, ""gesture"": 16.5}}, ""a3"": {""services"": [""pose"", ""gesture""], ""fps"": {""pose"": 10, ""gesture"": 10}, ""eff_fps"": {""pose"": 10, ""gesture"": 10}, ""latency_ms"": {""pose"": 0, ""gesture"": 0}, ""svclat_ms"": {""pose"": 36.23, ""gesture"": 26.51}}, ""a4"": {""services"": [""pose"", ""gesture""], ""fps"": {""pose"": 10, ""gesture"": 10}, ""eff_fps"": {""pose"": 10, ""gesture"": 10}, ""latency_ms"": {""pose"": 0, ""gesture"": 0}, ""svclat_ms"": {""pose"": 23.27, ""gesture"": 17.02}}, ""a5"": {""services"": [""pose"", ""gesture""], ""fps"": {""pose"": 10, ""gesture"": 10}, ""eff_fps"": {""pose"": 10, ""gesture"": 10}, ""latency_ms"": {""pose"": 0, ""gesture"": 0}, ""svclat_ms"": {""pose"": 36.73, ""gesture"": 19.54}}, ""a6"": {""services"": [""pose"", ""gesture""], ""fps"": {""pose"": 10, ""gesture"": 10}, ""eff_fps"": {""pose"": 10, ""gesture"": 10}, ""latency_ms"": {""pose"": 0, ""gesture"": 0}, ""svclat_ms"": {""pose"": 36.54, ""gesture"": 18.38}}, ""a7"": {""services"": [""pose"", ""gesture""], ""fps"": {""pose"": 10, ""gesture"": 10}, ""eff_fps"": {""pose"": 10, ""gesture"": 10}, ""latency_ms"": {""pose"": 0, ""gesture"": 0}, ""svclat_ms"": {""pose"": 39.15, ""gesture"": 18.68}}, ""a8"": {""services"": [""pose"", ""gesture""], ""fps"": {""pose"": 10, ""gesture"": 10}, ""eff_fps"": {""pose"": 10, ""gesture"": 10}, ""latency_ms"": {""pose"": 0, ""gesture"": 0}, ""svclat_ms"": {""pose"": 28.28, ""gesture"": 18.09}}, ""a9"": {""services"": [""pose"", ""gesture""], ""fps"": {""pose"": 10, ""gesture"": 10}, ""eff_fps"": {""pose"": 10, ""gesture"": 10}, ""latency_ms"": {""pose"": 0, ""gesture"": 0}, ""svclat_ms"": {""pose"": 20.37, ""gesture"": 15.58}}, ""a10"": {""services"": [""pose"", ""gesture""], ""fps"": {""pose"": 10, ""gesture"": 10}, ""eff_fps"": {""pose"": 10, ""gesture"": 10}, ""latency_ms"": {""pose"": 0, ""gesture"": 0}, ""svclat_ms"": {""pose"": 20.22, ""gesture"": 20.81}}, ""a11"": {""services"": [""pose"", ""gesture""], ""fps"": {""pose"": 0, ""gesture"": 0}, ""eff_fps"": {""pose"": 0, ""gesture"": 0}, ""latency_ms"": {""pose"": 0, ""gesture"": 0}, ""svclat_ms"": {""pose"": 0.0, ""gesture"": 0.0}}, ""a12"": {""services"": [""pose"", ""gesture""], ""fps"": {""pose"": 0, ""gesture"": 0}, ""eff_fps"": {""pose"": 0, ""gesture"": 0}, ""latency_ms"": {""pose"": 0, ""gesture"": 0}, ""svclat_ms"": {""pose"": 0.0, ""gesture"": 0.0}}, ""z1"": {""services"": [""gesture"", ""object""], ""fps"": {""gesture"": 0, ""object"": 0}, ""eff_fps"": {""gesture"": 0, ""object"": 0}, ""latency_ms"": {""gesture"": 0, ""object"": 0}, ""svclat_ms"": {""gesture"": 0.0, ""object"": 0.0}}}"
63.0,12,11,0.917,0,0,2,3,3,1.0,281.0,220,0.783,0.0,0.27,0.0,10.0,10.0,0,10.0,10.0,0,0,0,0,31.29,18.93,0,220,"{""ip-172-31-0-204"": ""healthy"", ""ip-172-31-1-171"": ""healthy"", ""ip-172-31-10-12"": ""healthy"", ""ip-172-31-11-132"": ""healthy"", ""ip-172-31-13-134"": ""healthy"", ""ip-172-31-14-68"": ""healthy"", ""ip-172-31-40-239"": ""healthy""}",subscribe,8.9,0.3333,0,0,"{""ip-172-31-0-204"": {""pose"": 1}, ""ip-172-31-1-171"": {""pose"": 1}, ""ip-172-31-10-12"": {""gesture"": 1}}","{""a1"": {""services"": [""pose"", ""gesture""], ""fps"": {""pose"": 10, ""gesture"": 10}, ""eff_fps"": {""pose"": 10, ""gesture"": 10}, ""latency_ms"": {""pose"": 0, ""gesture"": 0}, ""svclat_ms"": {""pose"": 36.88, ""gesture"": 15.72}}, ""a2"": {""services"": [""pose"", ""gesture""], ""fps"": {""pose"": 10, ""gesture"": 10}, ""eff_fps"": {""pose"": 10, ""gesture"": 10}, ""latency_ms"": {""pose"": 0, ""gesture"": 0}, ""svclat_ms"": {""pose"": 36.45, ""gesture"": 16.42}}, ""a3"": {""services"": [""pose"", ""gesture""], ""fps"": {""pose"": 10, ""gesture"": 10}, ""eff_fps"": {""pose"": 10, ""gesture"": 10}, ""latency_ms"": {""pose"": 0, ""gesture"": 0}, ""svclat_ms"": {""pose"": 36.74, ""gesture"": 23.73}}, ""a4"": {""services"": [""pose"", ""gesture""], ""fps"": {""pose"": 10, ""gesture"": 10}, ""eff_fps"": {""pose"": 10, ""gesture"": 10}, ""latency_ms"": {""pose"": 0, ""gesture"": 0}, ""svclat_ms"": {""pose"": 23.48, ""gesture"": 16.27}}, ""a5"": {""services"": [""pose"", ""gesture""], ""fps"": {""pose"": 10, ""gesture"": 10}, ""eff_fps"": {""pose"": 10, ""gesture"": 10}, ""latency_ms"": {""pose"": 0, ""gesture"": 0}, ""svclat_ms"": {""pose"": 36.83, ""gesture"": 18.97}}, ""a6"": {""services"": [""pose"", ""gesture""], ""fps"": {""pose"": 10, ""gesture"": 10}, ""eff_fps"": {""pose"": 10, ""gesture"": 10}, ""latency_ms"": {""pose"": 0, ""gesture"": 0}, ""svclat_ms"": {""pose"": 36.4, ""gesture"": 17.08}}, ""a7"": {""services"": [""pose"", ""gesture""], ""fps"": {""pose"": 10, ""gesture"": 10}, ""eff_fps"": {""pose"": 10, ""gesture"": 10}, ""latency_ms"": {""pose"": 0, ""gesture"": 0}, ""svclat_ms"": {""pose"": 38.48, ""gesture"": 16.98}}, ""a8"": {""services"": [""pose"", ""gesture""], ""fps"": {""pose"": 10, ""gesture"": 10}, ""eff_fps"": {""pose"": 10, ""gesture"": 10}, ""latency_ms"": {""pose"": 0, ""gesture"": 0}, ""svclat_ms"": {""pose"": 27.77, ""gesture"": 16.68}}, ""a9"": {""services"": [""pose"", ""gesture""], ""fps"": {""pose"": 10, ""gesture"": 10}, ""eff_fps"": {""pose"": 10, ""gesture"": 10}, ""latency_ms"": {""pose"": 0, ""gesture"": 0}, ""svclat_ms"": {""pose"": 20.32, ""gesture"": 15.49}}, ""a10"": {""services"": [""pose"", ""gesture""], ""fps"": {""pose"": 10, ""gesture"": 10}, ""eff_fps"": {""pose"": 10, ""gesture"": 10}, ""latency_ms"": {""pose"": 0, ""gesture"": 0}, ""svclat_ms"": {""pose"": 20.72, ""gesture"": 20.48}}, ""a11"": {""services"": [""pose"", ""gesture""], ""fps"": {""pose"": 10, ""gesture"": 10}, ""eff_fps"": {""pose"": 10, ""gesture"": 10}, ""latency_ms"": {""pose"": 0, ""gesture"": 0}, ""svclat_ms"": {""pose"": 30.07, ""gesture"": 30.38}}, ""a12"": {""services"": [""pose"", ""gesture""], ""fps"": {""pose"": 0, ""gesture"": 0}, ""eff_fps"": {""pose"": 0, ""gesture"": 0}, ""latency_ms"": {""pose"": 0, ""gesture"": 0}, ""svclat_ms"": {""pose"": 0.0, ""gesture"": 0.0}}, ""z1"": {""services"": [""gesture"", ""object""], ""fps"": {""gesture"": 0, ""object"": 0}, ""eff_fps"": {""gesture"": 0, ""object"": 0}, ""latency_ms"": {""gesture"": 0, ""object"": 0}, ""svclat_ms"": {""gesture"": 0.0, ""object"": 0.0}}}"
65.3,12,11,0.917,0,0,2,3,3,1.0,281.0,220,0.783,0.0,0.27,0.0,10.0,10.0,0,10.0,10.0,0,0,0,0,31.92,19.06,0,220,"{""ip-172-31-0-204"": ""healthy"", ""ip-172-31-1-171"": ""healthy"", ""ip-172-31-10-12"": ""healthy"", ""ip-172-31-11-132"": ""healthy"", ""ip-172-31-13-134"": ""healthy"", ""ip-172-31-14-68"": ""healthy"", ""ip-172-31-40-239"": ""healthy""}",subscribe,8.9,0.3333,0,0,"{""ip-172-31-0-204"": {""pose"": 1}, ""ip-172-31-1-171"": {""pose"": 1}, ""ip-172-31-10-12"": {""gesture"": 1}}","{""a1"": {""services"": [""pose"", ""gesture""], ""fps"": {""pose"": 10, ""gesture"": 10}, ""eff_fps"": {""pose"": 10, ""gesture"": 10}, ""latency_ms"": {""pose"": 0, ""gesture"": 0}, ""svclat_ms"": {""pose"": 37.77, ""gesture"": 15.87}}, ""a2"": {""services"": [""pose"", ""gesture""], ""fps"": {""pose"": 10, ""gesture"": 10}, ""eff_fps"": {""pose"": 10, ""gesture"": 10}, ""latency_ms"": {""pose"": 0, ""gesture"": 0}, ""svclat_ms"": {""pose"": 37.23, ""gesture"": 16.41}}, ""a3"": {""services"": [""pose"", ""gesture""], ""fps"": {""pose"": 10, ""gesture"": 10}, ""eff_fps"": {""pose"": 10, ""gesture"": 10}, ""latency_ms"": {""pose"": 0, ""gesture"": 0}, ""svclat_ms"": {""pose"": 38.16, ""gesture"": 26.95}}, ""a4"": {""services"": [""pose"", ""gesture""], ""fps"": {""pose"": 10, ""gesture"": 10}, ""eff_fps"": {""pose"": 10, ""gesture"": 10}, ""latency_ms"": {""pose"": 0, ""gesture"": 0}, ""svclat_ms"": {""pose"": 23.77, ""gesture"": 16.64}}, ""a5"": {""services"": [""pose"", ""gesture""], ""fps"": {""pose"": 10, ""gesture"": 10}, ""eff_fps"": {""pose"": 10, ""gesture"": 10}, ""latency_ms"": {""pose"": 0, ""gesture"": 0}, ""svclat_ms"": {""pose"": 37.95, ""gesture"": 19.78}}, ""a6"": {""services"": [""pose"", ""gesture""], ""fps"": {""pose"": 10, ""gesture"": 10}, ""eff_fps"": {""pose"": 10, ""gesture"": 10}, ""latency_ms"": {""pose"": 0, ""gesture"": 0}, ""svclat_ms"": {""pose"": 37.32, ""gesture"": 16.52}}, ""a7"": {""services"": [""pose"", ""gesture""], ""fps"": {""pose"": 10, ""gesture"": 10}, ""eff_fps"": {""pose"": 10, ""gesture"": 10}, ""latency_ms"": {""pose"": 0, ""gesture"": 0}, ""svclat_ms"": {""pose"": 39.82, ""gesture"": 16.54}}, ""a8"": {""services"": [""pose"", ""gesture""], ""fps"": {""pose"": 10, ""gesture"": 10}, ""eff_fps"": {""pose"": 10, ""gesture"": 10}, ""latency_ms"": {""pose"": 0, ""gesture"": 0}, ""svclat_ms"": {""pose"": 28.17, ""gesture"": 16.57}}, ""a9"": {""services"": [""pose"", ""gesture""], ""fps"": {""pose"": 10, ""gesture"": 10}, ""eff_fps"": {""pose"": 10, ""gesture"": 10}, ""latency_ms"": {""pose"": 0, ""gesture"": 0}, ""svclat_ms"": {""pose"": 20.78, ""gesture"": 15.52}}, ""a10"": {""services"": [""pose"", ""gesture""], ""fps"": {""pose"": 10, ""gesture"": 10}, ""eff_fps"": {""pose"": 10, ""gesture"": 10}, ""latency_ms"": {""pose"": 0, ""gesture"": 0}, ""svclat_ms"": {""pose"": 20.29, ""gesture"": 19.89}}, ""a11"": {""services"": [""pose"", ""gesture""], ""fps"": {""pose"": 10, ""gesture"": 10}, ""eff_fps"": {""pose"": 10, ""gesture"": 10}, ""latency_ms"": {""pose"": 0, ""gesture"": 0}, ""svclat_ms"": {""pose"": 29.83, ""gesture"": 28.96}}, ""a12"": {""services"": [""pose"", ""gesture""], ""fps"": {""pose"": 0, ""gesture"": 0}, ""eff_fps"": {""pose"": 0, ""gesture"": 0}, ""latency_ms"": {""pose"": 0, ""gesture"": 0}, ""svclat_ms"": {""pose"": 0.0, ""gesture"": 0.0}}, ""z1"": {""services"": [""gesture"", ""object""], ""fps"": {""gesture"": 0, ""object"": 0}, ""eff_fps"": {""gesture"": 0, ""object"": 0}, ""latency_ms"": {""gesture"": 0, ""object"": 0}, ""svclat_ms"": {""gesture"": 0.0, ""object"": 0.0}}, ""z2"": {""services"": [""gesture"", ""object""], ""fps"": {""gesture"": 0, ""object"": 0}, ""eff_fps"": {""gesture"": 0, ""object"": 0}, ""latency_ms"": {""gesture"": 0, ""object"": 0}, ""svclat_ms"": {""gesture"": 0.0, ""object"": 0.0}}}"
67.7,12,11,0.917,0,0,2,3,3,1.0,281.0,220,0.783,0.0,0.27,0.0,10.0,10.0,0,10.0,10.0,0,0,0,0,31.55,18.84,0,220,"{""ip-172-31-0-204"": ""healthy"", ""ip-172-31-1-171"": ""healthy"", ""ip-172-31-10-12"": ""healthy"", ""ip-172-31-11-132"": ""healthy"", ""ip-172-31-13-134"": ""healthy"", ""ip-172-31-14-68"": ""healthy"", ""ip-172-31-40-239"": ""healthy""}",subscribe,8.9,0.3333,0,0,"{""ip-172-31-0-204"": {""pose"": 1}, ""ip-172-31-1-171"": {""pose"": 1}, ""ip-172-31-10-12"": {""gesture"": 1}}","{""a1"": {""services"": [""pose"", ""gesture""], ""fps"": {""pose"": 10, ""gesture"": 10}, ""eff_fps"": {""pose"": 10, ""gesture"": 10}, ""latency_ms"": {""pose"": 0, ""gesture"": 0}, ""svclat_ms"": {""pose"": 36.9, ""gesture"": 16.04}}, ""a2"": {""services"": [""pose"", ""gesture""], ""fps"": {""pose"": 10, ""gesture"": 10}, ""eff_fps"": {""pose"": 10, ""gesture"": 10}, ""latency_ms"": {""pose"": 0, ""gesture"": 0}, ""svclat_ms"": {""pose"": 36.54, ""gesture"": 16.51}}, ""a3"": {""services"": [""pose"", ""gesture""], ""fps"": {""pose"": 10, ""gesture"": 10}, ""eff_fps"": {""pose"": 10, ""gesture"": 10}, ""latency_ms"": {""pose"": 0, ""gesture"": 0}, ""svclat_ms"": {""pose"": 37.58, ""gesture"": 24.41}}, ""a4"": {""services"": [""pose"", ""gesture""], ""fps"": {""pose"": 10, ""gesture"": 10}, ""eff_fps"": {""pose"": 10, ""gesture"": 10}, ""latency_ms"": {""pose"": 0, ""gesture"": 0}, ""svclat_ms"": {""pose"": 23.85, ""gesture"": 16.41}}, ""a5"": {""services"": [""pose"", ""gesture""], ""fps"": {""pose"": 10, ""gesture"": 10}, ""eff_fps"": {""pose"": 10, ""gesture"": 10}, ""latency_ms"": {""pose"": 0, ""gesture"": 0}, ""svclat_ms"": {""pose"": 37.7, ""gesture"": 18.58}}, ""a6"": {""services"": [""pose"", ""gesture""], ""fps"": {""pose"": 10, ""gesture"": 10}, ""eff_fps"": {""pose"": 10, ""gesture"": 10}, ""latency_ms"": {""pose"": 0, ""gesture"": 0}, ""svclat_ms"": {""pose"": 34.87, ""gesture"": 16.82}}, ""a7"": {""services"": [""pose"", ""gesture""], ""fps"": {""pose"": 10, ""gesture"": 10}, ""eff_fps"": {""pose"": 10, ""gesture"": 10}, ""latency_ms"": {""pose"": 0, ""gesture"": 0}, ""svclat_ms"": {""pose"": 38.26, ""gesture"": 15.95}}, ""a8"": {""services"": [""pose"", ""gesture""], ""fps"": {""pose"": 10, ""gesture"": 10}, ""eff_fps"": {""pose"": 10, ""gesture"": 10}, ""latency_ms"": {""pose"": 0, ""gesture"": 0}, ""svclat_ms"": {""pose"": 28.88, ""gesture"": 16.75}}, ""a9"": {""services"": [""pose"", ""gesture""], ""fps"": {""pose"": 10, ""gesture"": 10}, ""eff_fps"": {""pose"": 10, ""gesture"": 10}, ""latency_ms"": {""pose"": 0, ""gesture"": 0}, ""svclat_ms"": {""pose"": 20.94, ""gesture"": 16.0}}, ""a10"": {""services"": [""pose"", ""gesture""], ""fps"": {""pose"": 10, ""gesture"": 10}, ""eff_fps"": {""pose"": 10, ""gesture"": 10}, ""latency_ms"": {""pose"": 0, ""gesture"": 0}, ""svclat_ms"": {""pose"": 20.7, ""gesture"": 19.63}}, ""a11"": {""services"": [""pose"", ""gesture""], ""fps"": {""pose"": 10, ""gesture"": 10}, ""eff_fps"": {""pose"": 10, ""gesture"": 10}, ""latency_ms"": {""pose"": 0, ""gesture"": 0}, ""svclat_ms"": {""pose"": 30.88, ""gesture"": 30.09}}, ""a12"": {""services"": [""pose"", ""gesture""], ""fps"": {""pose"": 0, ""gesture"": 0}, ""eff_fps"": {""pose"": 0, ""gesture"": 0}, ""latency_ms"": {""pose"": 0, ""gesture"": 0}, ""svclat_ms"": {""pose"": 0.0, ""gesture"": 0.0}}, ""z1"": {""services"": [""gesture"", ""object""], ""fps"": {""gesture"": 0, ""object"": 0}, ""eff_fps"": {""gesture"": 0, ""object"": 0}, ""latency_ms"": {""gesture"": 0, ""object"": 0}, ""svclat_ms"": {""gesture"": 0.0, ""object"": 0.0}}, ""z2"": {""services"": [""gesture"", ""object""], ""fps"": {""gesture"": 0, ""object"": 0}, ""eff_fps"": {""gesture"": 0, ""object"": 0}, ""latency_ms"": {""gesture"": 0, ""object"": 0}, ""svclat_ms"": {""gesture"": 0.0, ""object"": 0.0}}}"
70.0,12,11,0.917,0,0,2,3,3,1.0,281.0,220,0.783,0.0,0.27,0.0,10.0,10.0,0,10.0,10.0,0,0,0,0,31.58,18.82,0,220,"{""ip-172-31-0-204"": ""healthy"", ""ip-172-31-1-171"": ""healthy"", ""ip-172-31-10-12"": ""healthy"", ""ip-172-31-11-132"": ""healthy"", ""ip-172-31-13-134"": ""healthy"", ""ip-172-31-14-68"": ""healthy"", ""ip-172-31-40-239"": ""healthy""}",subscribe,8.9,0.3333,0,0,"{""ip-172-31-0-204"": {""pose"": 1}, ""ip-172-31-1-171"": {""pose"": 1}, ""ip-172-31-10-12"": {""gesture"": 1}}","{""a1"": {""services"": [""pose"", ""gesture""], ""fps"": {""pose"": 10, ""gesture"": 10}, ""eff_fps"": {""pose"": 10, ""gesture"": 10}, ""latency_ms"": {""pose"": 0, ""gesture"": 0}, ""svclat_ms"": {""pose"": 36.89, ""gesture"": 15.76}}, ""a2"": {""services"": [""pose"", ""gesture""], ""fps"": {""pose"": 10, ""gesture"": 10}, ""eff_fps"": {""pose"": 10, ""gesture"": 10}, ""latency_ms"": {""pose"": 0, ""gesture"": 0}, ""svclat_ms"": {""pose"": 36.36, ""gesture"": 16.46}}, ""a3"": {""services"": [""pose"", ""gesture""], ""fps"": {""pose"": 10, ""gesture"": 10}, ""eff_fps"": {""pose"": 10, ""gesture"": 10}, ""latency_ms"": {""pose"": 0, ""gesture"": 0}, ""svclat_ms"": {""pose"": 37.25, ""gesture"": 26.35}}, ""a4"": {""services"": [""pose"", ""gesture""], ""fps"": {""pose"": 10, ""gesture"": 10}, ""eff_fps"": {""pose"": 10, ""gesture"": 10}, ""latency_ms"": {""pose"": 0, ""gesture"": 0}, ""svclat_ms"": {""pose"": 23.34, ""gesture"": 16.42}}, ""a5"": {""services"": [""pose"", ""gesture""], ""fps"": {""pose"": 10, ""gesture"": 10}, ""eff_fps"": {""pose"": 10, ""gesture"": 10}, ""latency_ms"": {""pose"": 0, ""gesture"": 0}, ""svclat_ms"": {""pose"": 37.24, ""gesture"": 18.94}}, ""a6"": {""services"": [""pose"", ""gesture""], ""fps"": {""pose"": 10, ""gesture"": 10}, ""eff_fps"": {""pose"": 10, ""gesture"": 10}, ""latency_ms"": {""pose"": 0, ""gesture"": 0}, ""svclat_ms"": {""pose"": 37.11, ""gesture"": 17.08}}, ""a7"": {""services"": [""pose"", ""gesture""], ""fps"": {""pose"": 10, ""gesture"": 10}, ""eff_fps"": {""pose"": 10, ""gesture"": 10}, ""latency_ms"": {""pose"": 0, ""gesture"": 0}, ""svclat_ms"": {""pose"": 38.71, ""gesture"": 16.39}}, ""a8"": {""services"": [""pose"", ""gesture""], ""fps"": {""pose"": 10, ""gesture"": 10}, ""eff_fps"": {""pose"": 10, ""gesture"": 10}, ""latency_ms"": {""pose"": 0, ""gesture"": 0}, ""svclat_ms"": {""pose"": 28.49, ""gesture"": 16.95}}, ""a9"": {""services"": [""pose"", ""gesture""], ""fps"": {""pose"": 10, ""gesture"": 10}, ""eff_fps"": {""pose"": 10, ""gesture"": 10}, ""latency_ms"": {""pose"": 0, ""gesture"": 0}, ""svclat_ms"": {""pose"": 20.86, ""gesture"": 15.54}}, ""a10"": {""services"": [""pose"", ""gesture""], ""fps"": {""pose"": 10, ""gesture"": 10}, ""eff_fps"": {""pose"": 10, ""gesture"": 10}, ""latency_ms"": {""pose"": 0, ""gesture"": 0}, ""svclat_ms"": {""pose"": 20.62, ""gesture"": 19.67}}, ""a11"": {""services"": [""pose"", ""gesture""], ""fps"": {""pose"": 10, ""gesture"": 10}, ""eff_fps"": {""pose"": 10, ""gesture"": 10}, ""latency_ms"": {""pose"": 0, ""gesture"": 0}, ""svclat_ms"": {""pose"": 30.5, ""gesture"": 27.47}}, ""a12"": {""services"": [""pose"", ""gesture""], ""fps"": {""pose"": 0, ""gesture"": 0}, ""eff_fps"": {""pose"": 0, ""gesture"": 0}, ""latency_ms"": {""pose"": 0, ""gesture"": 0}, ""svclat_ms"": {""pose"": 0.0, ""gesture"": 0.0}}, ""z1"": {""services"": [""gesture"", ""object""], ""fps"": {""gesture"": 0, ""object"": 0}, ""eff_fps"": {""gesture"": 0, ""object"": 0}, ""latency_ms"": {""gesture"": 0, ""object"": 0}, ""svclat_ms"": {""gesture"": 0.0, ""object"": 0.0}}, ""z2"": {""services"": [""gesture"", ""object""], ""fps"": {""gesture"": 0, ""object"": 0}, ""eff_fps"": {""gesture"": 0, ""object"": 0}, ""latency_ms"": {""gesture"": 0, ""object"": 0}, ""svclat_ms"": {""gesture"": 0.0, ""object"": 0.0}}}"
72.4,12,11,0.917,0,0,2,3,3,1.0,281.0,220,0.783,0.0,0.27,0.0,10.0,10.0,0,10.0,10.0,0,0,0,0,31.54,19.16,0,220,"{""ip-172-31-0-204"": ""healthy"", ""ip-172-31-1-171"": ""healthy"", ""ip-172-31-10-12"": ""healthy"", ""ip-172-31-11-132"": ""healthy"", ""ip-172-31-13-134"": ""healthy"", ""ip-172-31-14-68"": ""healthy"", ""ip-172-31-40-239"": ""healthy""}",subscribe,8.9,0.3333,0,0,"{""ip-172-31-0-204"": {""pose"": 1}, ""ip-172-31-1-171"": {""pose"": 1}, ""ip-172-31-10-12"": {""gesture"": 1}}","{""a1"": {""services"": [""pose"", ""gesture""], ""fps"": {""pose"": 10, ""gesture"": 10}, ""eff_fps"": {""pose"": 10, ""gesture"": 10}, ""latency_ms"": {""pose"": 0, ""gesture"": 0}, ""svclat_ms"": {""pose"": 36.99, ""gesture"": 16.18}}, ""a2"": {""services"": [""pose"", ""gesture""], ""fps"": {""pose"": 10, ""gesture"": 10}, ""eff_fps"": {""pose"": 10, ""gesture"": 10}, ""latency_ms"": {""pose"": 0, ""gesture"": 0}, ""svclat_ms"": {""pose"": 36.85, ""gesture"": 16.42}}, ""a3"": {""services"": [""pose"", ""gesture""], ""fps"": {""pose"": 10, ""gesture"": 10}, ""eff_fps"": {""pose"": 10, ""gesture"": 10}, ""latency_ms"": {""pose"": 0, ""gesture"": 0}, ""svclat_ms"": {""pose"": 37.25, ""gesture"": 26.17}}, ""a4"": {""services"": [""pose"", ""gesture""], ""fps"": {""pose"": 10, ""gesture"": 10}, ""eff_fps"": {""pose"": 10, ""gesture"": 10}, ""latency_ms"": {""pose"": 0, ""gesture"": 0}, ""svclat_ms"": {""pose"": 22.87, ""gesture"": 16.64}}, ""a5"": {""services"": [""pose"", ""gesture""], ""fps"": {""pose"": 10, ""gesture"": 10}, ""eff_fps"": {""pose"": 10, ""gesture"": 10}, ""latency_ms"": {""pose"": 0, ""gesture"": 0}, ""svclat_ms"": {""pose"": 37.02, ""gesture"": 18.95}}, ""a6"": {""services"": [""pose"", ""gesture""], ""fps"": {""pose"": 10, ""gesture"": 10}, ""eff_fps"": {""pose"": 10, ""gesture"": 10}, ""latency_ms"": {""pose"": 0, ""gesture"": 0}, ""svclat_ms"": {""pose"": 36.58, ""gesture"": 17.21}}, ""a7"": {""services"": [""pose"", ""gesture""], ""fps"": {""pose"": 10, ""gesture"": 10}, ""eff_fps"": {""pose"": 10, ""gesture"": 10}, ""latency_ms"": {""pose"": 0, ""gesture"": 0}, ""svclat_ms"": {""pose"": 39.27, ""gesture"": 17.11}}, ""a8"": {""services"": [""pose"", ""gesture""], ""fps"": {""pose"": 10, ""gesture"": 10}, ""eff_fps"": {""pose"": 10, ""gesture"": 10}, ""latency_ms"": {""pose"": 0, ""gesture"": 0}, ""svclat_ms"": {""pose"": 27.83, ""gesture"": 17.34}}, ""a9"": {""services"": [""pose"", ""gesture""], ""fps"": {""pose"": 10, ""gesture"": 10}, ""eff_fps"": {""pose"": 10, ""gesture"": 10}, ""latency_ms"": {""pose"": 0, ""gesture"": 0}, ""svclat_ms"": {""pose"": 20.79, ""gesture"": 15.81}}, ""a10"": {""services"": [""pose"", ""gesture""], ""fps"": {""pose"": 10, ""gesture"": 10}, ""eff_fps"": {""pose"": 10, ""gesture"": 10}, ""latency_ms"": {""pose"": 0, ""gesture"": 0}, ""svclat_ms"": {""pose"": 20.7, ""gesture"": 20.04}}, ""a11"": {""services"": [""pose"", ""gesture""], ""fps"": {""pose"": 10, ""gesture"": 10}, ""eff_fps"": {""pose"": 10, ""gesture"": 10}, ""latency_ms"": {""pose"": 0, ""gesture"": 0}, ""svclat_ms"": {""pose"": 30.8, ""gesture"": 28.92}}, ""a12"": {""services"": [""pose"", ""gesture""], ""fps"": {""pose"": 0, ""gesture"": 0}, ""eff_fps"": {""pose"": 0, ""gesture"": 0}, ""latency_ms"": {""pose"": 0, ""gesture"": 0}, ""svclat_ms"": {""pose"": 0.0, ""gesture"": 0.0}}, ""z1"": {""services"": [""gesture"", ""object""], ""fps"": {""gesture"": 0, ""object"": 0}, ""eff_fps"": {""gesture"": 0, ""object"": 0}, ""latency_ms"": {""gesture"": 0, ""object"": 0}, ""svclat_ms"": {""gesture"": 0.0, ""object"": 0.0}}, ""z2"": {""services"": [""gesture"", ""object""], ""fps"": {""gesture"": 0, ""object"": 0}, ""eff_fps"": {""gesture"": 0, ""object"": 0}, ""latency_ms"": {""gesture"": 0, ""object"": 0}, ""svclat_ms"": {""gesture"": 0.0, ""object"": 0.0}}, ""z3"": {""services"": [""gesture"", ""object""], ""fps"": {""gesture"": 0, ""object"": 0}, ""eff_fps"": {""gesture"": 0, ""object"": 0}, ""latency_ms"": {""gesture"": 0, ""object"": 0}, ""svclat_ms"": {""gesture"": 0.0, ""object"": 0.0}}}"
75.8,13,12,0.923,1,0,3,4,4,1.0,394.0,240,0.609,0.0,0.33,0.0,9.67,9.17,0,9.42,8.08,0,0,0,0,44.5,46.76,0,226,"{""ip-172-31-0-204"": ""healthy"", ""ip-172-31-1-171"": ""healthy"", ""ip-172-31-10-12"": ""healthy"", ""ip-172-31-11-132"": ""healthy"", ""ip-172-31-13-134"": ""healthy"", ""ip-172-31-14-68"": ""healthy"", ""ip-172-31-40-239"": ""healthy""}",subscribe,9.5,0.3333,0,0,"{""ip-172-31-0-204"": {""pose"": 1}, ""ip-172-31-1-171"": {""pose"": 1}, ""ip-172-31-10-12"": {""gesture"": 1}, ""ip-172-31-11-132"": {""gesture"": 1}}","{""a1"": {""services"": [""pose"", ""gesture""], ""fps"": {""pose"": 10, ""gesture"": 9}, ""eff_fps"": {""pose"": 10, ""gesture"": 9}, ""latency_ms"": {""pose"": 0, ""gesture"": 0}, ""svclat_ms"": {""pose"": 38.98, ""gesture"": 18.87}}, ""a2"": {""services"": [""pose"", ""gesture""], ""fps"": {""pose"": 9, ""gesture"": 10}, ""eff_fps"": {""pose"": 9, ""gesture"": 10}, ""latency_ms"": {""pose"": 0, ""gesture"": 0}, ""svclat_ms"": {""pose"": 37.51, ""gesture"": 18.94}}, ""a3"": {""services"": [""pose"", ""gesture""], ""fps"": {""pose"": 10, ""gesture"": 10}, ""eff_fps"": {""pose"": 10, ""gesture"": 10}, ""latency_ms"": {""pose"": 0, ""gesture"": 0}, ""svclat_ms"": {""pose"": 43.57, ""gesture"": 36.8}}, ""a4"": {""services"": [""pose"", ""gesture""], ""fps"": {""pose"": 10, ""gesture"": 9}, ""eff_fps"": {""pose"": 10, ""gesture"": 9}, ""latency_ms"": {""pose"": 0, ""gesture"": 0}, ""svclat_ms"": {""pose"": 31.19, ""gesture"": 23.76}}, ""a5"": {""services"": [""pose"", ""gesture""], ""fps"": {""pose"": 10, ""gesture"": 10}, ""eff_fps"": {""pose"": 10, ""gesture"": 10}, ""latency_ms"": {""pose"": 0, ""gesture"": 0}, ""svclat_ms"": {""pose"": 46.8, ""gesture"": 29.97}}, ""a6"": {""services"": [""pose"", ""gesture""], ""fps"": {""pose"": 9, ""gesture"": 9}, ""eff_fps"": {""pose"": 8, ""gesture"": 6}, ""latency_ms"": {""pose"": 0, ""gesture"": 0}, ""svclat_ms"": {""pose"": 82.97, ""gesture"": 74.55}}, ""a7"": {""services"": [""pose"", ""gesture""], ""fps"": {""pose"": 9, ""gesture"": 8}, ""eff_fps"": {""pose"": 8, ""gesture"": 6}, ""latency_ms"": {""pose"": 0, ""gesture"": 0}, ""svclat_ms"": {""pose"": 84.64, ""gesture"": 72.51}}, ""a8"": {""services"": [""pose"", ""gesture""], ""fps"": {""pose"": 9, ""gesture"": 9}, ""eff_fps"": {""pose"": 8, ""gesture"": 6}, ""latency_ms"": {""pose"": 0, ""gesture"": 0}, ""svclat_ms"": {""pose"": 75.59, ""gesture"": 74.26}}, ""a9"": {""services"": [""pose"", ""gesture""], ""fps"": {""pose"": 10, ""gesture"": 8}, ""eff_fps"": {""pose"": 10, ""gesture"": 5}, ""latency_ms"": {""pose"": 0, ""gesture"": 0}, ""svclat_ms"": {""pose"": 20.77, ""gesture"": 77.75}}, ""a10"": {""services"": [""pose"", ""gesture""], ""fps"": {""pose"": 10, ""gesture"": 8}, ""eff_fps"": {""pose"": 10, ""gesture"": 6}, ""latency_ms"": {""pose"": 0, ""gesture"": 0}, ""svclat_ms"": {""pose"": 20.27, ""gesture"": 76.47}}, ""a11"": {""services"": [""pose"", ""gesture""], ""fps"": {""pose"": 10, ""gesture"": 10}, ""eff_fps"": {""pose"": 10, ""gesture"": 10}, ""latency_ms"": {""pose"": 0, ""gesture"": 0}, ""svclat_ms"": {""pose"": 30.87, ""gesture"": 42.31}}, ""a12"": {""services"": [""pose"", ""gesture""], ""fps"": {""pose"": 10, ""gesture"": 10}, ""eff_fps"": {""pose"": 10, ""gesture"": 10}, ""latency_ms"": {""pose"": 0, ""gesture"": 0}, ""svclat_ms"": {""pose"": 20.84, ""gesture"": 14.95}}, ""z1"": {""services"": [""gesture"", ""object""], ""fps"": {""gesture"": 0, ""object"": 0}, ""eff_fps"": {""gesture"": 0, ""object"": 0}, ""latency_ms"": {""gesture"": 0, ""object"": 0}, ""svclat_ms"": {""gesture"": 0.0, ""object"": 0.0}}, ""z2"": {""services"": [""gesture"", ""object""], ""fps"": {""gesture"": 0, ""object"": 0}, ""eff_fps"": {""gesture"": 0, ""object"": 0}, ""latency_ms"": {""gesture"": 0, ""object"": 0}, ""svclat_ms"": {""gesture"": 0.0, ""object"": 0.0}}, ""z3"": {""services"": [""gesture"", ""object""], ""fps"": {""gesture"": 0, ""object"": 0}, ""eff_fps"": {""gesture"": 0, ""object"": 0}, ""latency_ms"": {""gesture"": 0, ""object"": 0}, ""svclat_ms"": {""gesture"": 0.0, ""object"": 0.0}}, ""z4"": {""services"": [""gesture"", ""object""], ""fps"": {""gesture"": 0, ""object"": 0}, ""eff_fps"": {""gesture"": 0, ""object"": 0}, ""latency_ms"": {""gesture"": 0, ""object"": 0}, ""svclat_ms"": {""gesture"": 0.0, ""object"": 0.0}}}"
78.2,13,12,0.923,0,0,3,4,4,1.0,394.0,240,0.609,0.0,0.33,0.0,10.0,9.92,0,9.58,7.75,0,0,0,0,70.53,86.23,0,239,"{""ip-172-31-0-204"": ""healthy"", ""ip-172-31-1-171"": ""healthy"", ""ip-172-31-10-12"": ""healthy"", ""ip-172-31-11-132"": ""healthy"", ""ip-172-31-13-134"": ""healthy"", ""ip-172-31-14-68"": ""healthy"", ""ip-172-31-40-239"": ""healthy""}",subscribe,9.5,0.3333,0,0,"{""ip-172-31-0-204"": {""pose"": 1}, ""ip-172-31-1-171"": {""pose"": 1}, ""ip-172-31-10-12"": {""gesture"": 1}, ""ip-172-31-11-132"": {""gesture"": 1}}","{""a1"": {""services"": [""pose"", ""gesture""], ""fps"": {""pose"": 10, ""gesture"": 10}, ""eff_fps"": {""pose"": 9, ""gesture"": 9}, ""latency_ms"": {""pose"": 0, ""gesture"": 0}, ""svclat_ms"": {""pose"": 93.91, ""gesture"": 90.85}}, ""a2"": {""services"": [""pose"", ""gesture""], ""fps"": {""pose"": 10, ""gesture"": 10}, ""eff_fps"": {""pose"": 8, ""gesture"": 8}, ""latency_ms"": {""pose"": 0, ""gesture"": 0}, ""svclat_ms"": {""pose"": 96.32, ""gesture"": 90.94}}, ""a3"": {""services"": [""pose"", ""gesture""], ""fps"": {""pose"": 10, ""gesture"": 10}, ""eff_fps"": {""pose"": 9, ""gesture"": 10}, ""latency_ms"": {""pose"": 0, ""gesture"": 0}, ""svclat_ms"": {""pose"": 95.47, ""gesture"": 88.27}}, ""a4"": {""services"": [""pose"", ""gesture""], ""fps"": {""pose"": 10, ""gesture"": 10}, ""eff_fps"": {""pose"": 10, ""gesture"": 10}, ""latency_ms"": {""pose"": 0, ""gesture"": 0}, ""svclat_ms"": {""pose"": 93.82, ""gesture"": 84.45}}, ""a5"": {""services"": [""pose"", ""gesture""], ""fps"": {""pose"": 10, ""gesture"": 10}, ""eff_fps"": {""pose"": 9, ""gesture"": 10}, ""latency_ms"": {""pose"": 0, ""gesture"": 0}, ""svclat_ms"": {""pose"": 95.48, ""gesture"": 85.26}}, ""a6"": {""services"": [""pose"", ""gesture""], ""fps"": {""pose"": 10, ""gesture"": 10}, ""eff_fps"": {""pose"": 10, ""gesture"": 6}, ""latency_ms"": {""pose"": 0, ""gesture"": 0}, ""svclat_ms"": {""pose"": 94.34, ""gesture"": 95.05}}, ""a7"": {""services"": [""pose"", ""gesture""], ""fps"": {""pose"": 10, ""gesture"": 10}, ""eff_fps"": {""pose"": 10, ""gesture"": 7}, ""latency_ms"": {""pose"": 0, ""gesture"": 0}, ""svclat_ms"": {""pose"": 91.5, ""gesture"": 95.55}}, ""a8"": {""services"": [""pose"", ""gesture""], ""fps"": {""pose"": 10, ""gesture"": 10}, ""eff_fps"": {""pose"": 10, ""gesture"": 6}, ""latency_ms"": {""pose"": 0, ""gesture"": 0}, ""svclat_ms"": {""pose"": 93.71, ""gesture"": 95.2}}, ""a9"": {""services"": [""pose"", ""gesture""], ""fps"": {""pose"": 10, ""gesture"": 10}, ""eff_fps"": {""pose"": 10, ""gesture"": 7}, ""latency_ms"": {""pose"": 0, ""gesture"": 0}, ""svclat_ms"": {""pose"": 20.6, ""gesture"": 96.2}}, ""a10"": {""services"": [""pose"", ""gesture""], ""fps"": {""pose"": 10, ""gesture"": 10}, ""eff_fps"": {""pose"": 10, ""gesture"": 7}, ""latency_ms"": {""pose"": 0, ""gesture"": 0}, ""svclat_ms"": {""pose"": 20.41, ""gesture"": 95.86}}, ""a11"": {""services"": [""pose"", ""gesture""], ""fps"": {""pose"": 10, ""gesture"": 9}, ""eff_fps"": {""pose"": 10, ""gesture"": 3}, ""latency_ms"": {""pose"": 0, ""gesture"": 0}, ""svclat_ms"": {""pose"": 30.22, ""gesture"": 101.9}}, ""a12"": {""services"": [""pose"", ""gesture""], ""fps"": {""pose"": 10, ""gesture"": 10}, ""eff_fps"": {""pose"": 10, ""gesture"": 10}, ""latency_ms"": {""pose"": 0, ""gesture"": 0}, ""svclat_ms"": {""pose"": 20.58, ""gesture"": 15.2}}, ""z1"": {""services"": [""gesture"", ""object""], ""fps"": {""gesture"": 0, ""object"": 0}, ""eff_fps"": {""gesture"": 0, ""object"": 0}, ""latency_ms"": {""gesture"": 0, ""object"": 0}, ""svclat_ms"": {""gesture"": 0.0, ""object"": 0.0}}, ""z2"": {""services"": [""gesture"", ""object""], ""fps"": {""gesture"": 0, ""object"": 0}, ""eff_fps"": {""gesture"": 0, ""object"": 0}, ""latency_ms"": {""gesture"": 0, ""object"": 0}, ""svclat_ms"": {""gesture"": 0.0, ""object"": 0.0}}, ""z3"": {""services"": [""gesture"", ""object""], ""fps"": {""gesture"": 0, ""object"": 0}, ""eff_fps"": {""gesture"": 0, ""object"": 0}, ""latency_ms"": {""gesture"": 0, ""object"": 0}, ""svclat_ms"": {""gesture"": 0.0, ""object"": 0.0}}, ""z4"": {""services"": [""gesture"", ""object""], ""fps"": {""gesture"": 0, ""object"": 0}, ""eff_fps"": {""gesture"": 0, ""object"": 0}, ""latency_ms"": {""gesture"": 0, ""object"": 0}, ""svclat_ms"": {""gesture"": 0.0, ""object"": 0.0}}}"
80.5,13,12,0.923,0,0,3,4,4,1.0,394.0,240,0.609,0.0,0.33,0.0,10.0,9.67,0,10.0,9.67,0,0,0,0,69.64,69.11,0,236,"{""ip-172-31-0-204"": ""healthy"", ""ip-172-31-1-171"": ""healthy"", ""ip-172-31-10-12"": ""healthy"", ""ip-172-31-11-132"": ""healthy"", ""ip-172-31-13-134"": ""healthy"", ""ip-172-31-14-68"": ""healthy"", ""ip-172-31-40-239"": ""healthy""}",subscribe,9.5,0.3333,0,0,"{""ip-172-31-0-204"": {""pose"": 1}, ""ip-172-31-1-171"": {""pose"": 1}, ""ip-172-31-10-12"": {""gesture"": 1}, ""ip-172-31-11-132"": {""gesture"": 1}}","{""a1"": {""services"": [""pose"", ""gesture""], ""fps"": {""pose"": 10, ""gesture"": 10}, ""eff_fps"": {""pose"": 10, ""gesture"": 10}, ""latency_ms"": {""pose"": 0, ""gesture"": 0}, ""svclat_ms"": {""pose"": 90.88, ""gesture"": 76.8}}, ""a2"": {""services"": [""pose"", ""gesture""], ""fps"": {""pose"": 10, ""gesture"": 9}, ""eff_fps"": {""pose"": 10, ""gesture"": 9}, ""latency_ms"": {""pose"": 0, ""gesture"": 0}, ""svclat_ms"": {""pose"": 95.32, ""gesture"": 72.61}}, ""a3"": {""services"": [""pose"", ""gesture""], ""fps"": {""pose"": 10, ""gesture"": 10}, ""eff_fps"": {""pose"": 10, ""gesture"": 10}, ""latency_ms"": {""pose"": 0, ""gesture"": 0}, ""svclat_ms"": {""pose"": 91.36, ""gesture"": 76.55}}, ""a4"": {""services"": [""pose"", ""gesture""], ""fps"": {""pose"": 10, ""gesture"": 10}, ""eff_fps"": {""pose"": 10, ""gesture"": 10}, ""latency_ms"": {""pose"": 0, ""gesture"": 0}, ""svclat_ms"": {""pose"": 92.29, ""gesture"": 77.0}}, ""a5"": {""services"": [""pose"", ""gesture""], ""fps"": {""pose"": 10, ""gesture"": 10}, ""eff_fps"": {""pose"": 10, ""gesture"": 10}, ""latency_ms"": {""pose"": 0, ""gesture"": 0}, ""svclat_ms"": {""pose"": 91.2, ""gesture"": 78.3}}, ""a6"": {""services"": [""pose"", ""gesture""], ""fps"": {""pose"": 10, ""gesture"": 9}, ""eff_fps"": {""pose"": 10, ""gesture"": 9}, ""latency_ms"": {""pose"": 0, ""gesture"": 0}, ""svclat_ms"": {""pose"": 94.39, ""gesture"": 69.74}}, ""a7"": {""services"": [""pose"", ""gesture""], ""fps"": {""pose"": 10, ""gesture"": 10}, ""eff_fps"": {""pose"": 10, ""gesture"": 10}, ""latency_ms"": {""pose"": 0, ""gesture"": 0}, ""svclat_ms"": {""pose"": 92.87, ""gesture"": 68.94}}, ""a8"": {""services"": [""pose"", ""gesture""], ""fps"": {""pose"": 10, ""gesture"": 9}, ""eff_fps"": {""pose"": 10, ""gesture"": 9}, ""latency_ms"": {""pose"": 0, ""gesture"": 0}, ""svclat_ms"": {""pose"": 93.81, ""gesture"": 69.27}}, ""a9"": {""services"": [""pose"", ""gesture""], ""fps"": {""pose"": 10, ""gesture"": 10}, ""eff_fps"": {""pose"": 10, ""gesture"": 10}, ""latency_ms"": {""pose"": 0, ""gesture"": 0}, ""svclat_ms"": {""pose"": 20.89, ""gesture"": 72.99}}, ""a10"": {""services"": [""pose"", ""gesture""], ""fps"": {""pose"": 10, ""gesture"": 10}, ""eff_fps"": {""pose"": 10, ""gesture"": 10}, ""latency_ms"": {""pose"": 0, ""gesture"": 0}, ""svclat_ms"": {""pose"": 20.51, ""gesture"": 70.0}}, ""a11"": {""services"": [""pose"", ""gesture""], ""fps"": {""pose"": 10, ""gesture"": 9}, ""eff_fps"": {""pose"": 10, ""gesture"": 9}, ""latency_ms"": {""pose"": 0, ""gesture"": 0}, ""svclat_ms"": {""pose"": 31.06, ""gesture"": 82.23}}, ""a12"": {""services"": [""pose"", ""gesture""], ""fps"": {""pose"": 10, ""gesture"": 10}, ""eff_fps"": {""pose"": 10, ""gesture"": 10}, ""latency_ms"": {""pose"": 0, ""gesture"": 0}, ""svclat_ms"": {""pose"": 21.15, ""gesture"": 14.86}}, ""z1"": {""services"": [""gesture"", ""object""], ""fps"": {""gesture"": 0, ""object"": 0}, ""eff_fps"": {""gesture"": 0, ""object"": 0}, ""latency_ms"": {""gesture"": 0, ""object"": 0}, ""svclat_ms"": {""gesture"": 0.0, ""object"": 0.0}}, ""z2"": {""services"": [""gesture"", ""object""], ""fps"": {""gesture"": 0, ""object"": 0}, ""eff_fps"": {""gesture"": 0, ""object"": 0}, ""latency_ms"": {""gesture"": 0, ""object"": 0}, ""svclat_ms"": {""gesture"": 0.0, ""object"": 0.0}}, ""z3"": {""services"": [""gesture"", ""object""], ""fps"": {""gesture"": 0, ""object"": 0}, ""eff_fps"": {""gesture"": 0, ""object"": 0}, ""latency_ms"": {""gesture"": 0, ""object"": 0}, ""svclat_ms"": {""gesture"": 0.0, ""object"": 0.0}}, ""z4"": {""services"": [""gesture"", ""object""], ""fps"": {""gesture"": 0, ""object"": 0}, ""eff_fps"": {""gesture"": 0, ""object"": 0}, ""latency_ms"": {""gesture"": 0, ""object"": 0}, ""svclat_ms"": {""gesture"": 0.0, ""object"": 0.0}}, ""z5"": {""services"": [""gesture"", ""object""], ""fps"": {""gesture"": 0, ""object"": 0}, ""eff_fps"": {""gesture"": 0, ""object"": 0}, ""latency_ms"": {""gesture"": 0, ""object"": 0}, ""svclat_ms"": {""gesture"": 0.0, ""object"": 0.0}}}"
82.9,13,12,0.923,0,0,3,4,4,1.0,394.0,240,0.609,0.0,0.33,0.0,10.25,10.67,0,10.25,10.67,0,0,0,0,57.74,42.04,0,251,"{""ip-172-31-0-204"": ""healthy"", ""ip-172-31-1-171"": ""healthy"", ""ip-172-31-10-12"": ""healthy"", ""ip-172-31-11-132"": ""healthy"", ""ip-172-31-13-134"": ""healthy"", ""ip-172-31-14-68"": ""healthy"", ""ip-172-31-40-239"": ""healthy""}",subscribe,9.5,0.3333,0,0,"{""ip-172-31-0-204"": {""pose"": 1}, ""ip-172-31-1-171"": {""pose"": 1}, ""ip-172-31-10-12"": {""gesture"": 1}, ""ip-172-31-11-132"": {""gesture"": 1}}","{""a1"": {""services"": [""pose"", ""gesture""], ""fps"": {""pose"": 10, ""gesture"": 10}, ""eff_fps"": {""pose"": 10, ""gesture"": 10}, ""latency_ms"": {""pose"": 0, ""gesture"": 0}, ""svclat_ms"": {""pose"": 85.06, ""gesture"": 68.33}}, ""a2"": {""services"": [""pose"", ""gesture""], ""fps"": {""pose"": 11, ""gesture"": 11}, ""eff_fps"": {""pose"": 11, ""gesture"": 11}, ""latency_ms"": {""pose"": 0, ""gesture"": 0}, ""svclat_ms"": {""pose"": 87.26, ""gesture"": 66.0}}, ""a3"": {""services"": [""pose"", ""gesture""], ""fps"": {""pose"": 10, ""gesture"": 11}, ""eff_fps"": {""pose"": 10, ""gesture"": 11}, ""latency_ms"": {""pose"": 0, ""gesture"": 0}, ""svclat_ms"": {""pose"": 84.1, ""gesture"": 61.71}}, ""a4"": {""services"": [""pose"", ""gesture""], ""fps"": {""pose"": 10, ""gesture"": 11}, ""eff_fps"": {""pose"": 10, ""gesture"": 11}, ""latency_ms"": {""pose"": 0, ""gesture"": 0}, ""svclat_ms"": {""pose"": 82.19, ""gesture"": 56.9}}, ""a5"": {""services"": [""pose"", ""gesture""], ""fps"": {""pose"": 10, ""gesture"": 11}, ""eff_fps"": {""pose"": 10, ""gesture"": 11}, ""latency_ms"": {""pose"": 0, ""gesture"": 0}, ""svclat_ms"": {""pose"": 81.18, ""gesture"": 56.01}}, ""a6"": {""services"": [""pose"", ""gesture""], ""fps"": {""pose"": 11, ""gesture"": 10}, ""eff_fps"": {""pose"": 11, ""gesture"": 10}, ""latency_ms"": {""pose"": 0, ""gesture"": 0}, ""svclat_ms"": {""pose"": 61.33, ""gesture"": 23.41}}, ""a7"": {""services"": [""pose"", ""gesture""], ""fps"": {""pose"": 10, ""gesture"": 11}, ""eff_fps"": {""pose"": 10, ""gesture"": 11}, ""latency_ms"": {""pose"": 0, ""gesture"": 0}, ""svclat_ms"": {""pose"": 59.18, ""gesture"": 25.78}}, ""a8"": {""services"": [""pose"", ""gesture""], ""fps"": {""pose"": 11, ""gesture"": 10}, ""eff_fps"": {""pose"": 11, ""gesture"": 10}, ""latency_ms"": {""pose"": 0, ""gesture"": 0}, ""svclat_ms"": {""pose"": 61.36, ""gesture"": 23.85}}, ""a9"": {""services"": [""pose"", ""gesture""], ""fps"": {""pose"": 10, ""gesture"": 11}, ""eff_fps"": {""pose"": 10, ""gesture"": 11}, ""latency_ms"": {""pose"": 0, ""gesture"": 0}, ""svclat_ms"": {""pose"": 20.68, ""gesture"": 25.36}}, ""a10"": {""services"": [""pose"", ""gesture""], ""fps"": {""pose"": 10, ""gesture"": 11}, ""eff_fps"": {""pose"": 10, ""gesture"": 11}, ""latency_ms"": {""pose"": 0, ""gesture"": 0}, ""svclat_ms"": {""pose"": 20.08, ""gesture"": 25.67}}, ""a11"": {""services"": [""pose"", ""gesture""], ""fps"": {""pose"": 10, ""gesture"": 11}, ""eff_fps"": {""pose"": 10, ""gesture"": 11}, ""latency_ms"": {""pose"": 0, ""gesture"": 0}, ""svclat_ms"": {""pose"": 29.54, ""gesture"": 56.52}}, ""a12"": {""services"": [""pose"", ""gesture""], ""fps"": {""pose"": 10, ""gesture"": 10}, ""eff_fps"": {""pose"": 10, ""gesture"": 10}, ""latency_ms"": {""pose"": 0, ""gesture"": 0}, ""svclat_ms"": {""pose"": 20.98, ""gesture"": 14.89}}, ""z1"": {""services"": [""gesture"", ""object""], ""fps"": {""gesture"": 0, ""object"": 0}, ""eff_fps"": {""gesture"": 0, ""object"": 0}, ""latency_ms"": {""gesture"": 0, ""object"": 0}, ""svclat_ms"": {""gesture"": 0.0, ""object"": 0.0}}, ""z2"": {""services"": [""gesture"", ""object""], ""fps"": {""gesture"": 0, ""object"": 0}, ""eff_fps"": {""gesture"": 0, ""object"": 0}, ""latency_ms"": {""gesture"": 0, ""object"": 0}, ""svclat_ms"": {""gesture"": 0.0, ""object"": 0.0}}, ""z3"": {""services"": [""gesture"", ""object""], ""fps"": {""gesture"": 0, ""object"": 0}, ""eff_fps"": {""gesture"": 0, ""object"": 0}, ""latency_ms"": {""gesture"": 0, ""object"": 0}, ""svclat_ms"": {""gesture"": 0.0, ""object"": 0.0}}, ""z4"": {""services"": [""gesture"", ""object""], ""fps"": {""gesture"": 0, ""object"": 0}, ""eff_fps"": {""gesture"": 0, ""object"": 0}, ""latency_ms"": {""gesture"": 0, ""object"": 0}, ""svclat_ms"": {""gesture"": 0.0, ""object"": 0.0}}, ""z5"": {""services"": [""gesture"", ""object""], ""fps"": {""gesture"": 0, ""object"": 0}, ""eff_fps"": {""gesture"": 0, ""object"": 0}, ""latency_ms"": {""gesture"": 0, ""object"": 0}, ""svclat_ms"": {""gesture"": 0.0, ""object"": 0.0}}}"
85.2,13,12,0.923,0,0,3,4,4,1.0,394.0,240,0.609,0.0,0.33,0.0,10.0,10.0,0,10.0,10.0,0,0,0,0,22.44,16.61,0,240,"{""ip-172-31-0-204"": ""healthy"", ""ip-172-31-1-171"": ""healthy"", ""ip-172-31-10-12"": ""healthy"", ""ip-172-31-11-132"": ""healthy"", ""ip-172-31-13-134"": ""healthy"", ""ip-172-31-14-68"": ""healthy"", ""ip-172-31-40-239"": ""healthy""}",subscribe,9.5,0.3333,0,0,"{""ip-172-31-0-204"": {""pose"": 1}, ""ip-172-31-1-171"": {""pose"": 1}, ""ip-172-31-10-12"": {""gesture"": 1}, ""ip-172-31-11-132"": {""gesture"": 1}}","{""a1"": {""services"": [""pose"", ""gesture""], ""fps"": {""pose"": 10, ""gesture"": 10}, ""eff_fps"": {""pose"": 10, ""gesture"": 10}, ""latency_ms"": {""pose"": 0, ""gesture"": 0}, ""svclat_ms"": {""pose"": 21.4, ""gesture"": 16.11}}, ""a2"": {""services"": [""pose"", ""gesture""], ""fps"": {""pose"": 10, ""gesture"": 10}, ""eff_fps"": {""pose"": 10, ""gesture"": 10}, ""latency_ms"": {""pose"": 0, ""gesture"": 0}, ""svclat_ms"": {""pose"": 22.57, ""gesture"": 16.8}}, ""a3"": {""services"": [""pose"", ""gesture""], ""fps"": {""pose"": 10, ""gesture"": 10}, ""eff_fps"": {""pose"": 10, ""gesture"": 10}, ""latency_ms"": {""pose"": 0, ""gesture"": 0}, ""svclat_ms"": {""pose"": 22.26, ""gesture"": 17.29}}, ""a4"": {""services"": [""pose"", ""gesture""], ""fps"": {""pose"": 10, ""gesture"": 10}, ""eff_fps"": {""pose"": 10, ""gesture"": 10}, ""latency_ms"": {""pose"": 0, ""gesture"": 0}, ""svclat_ms"": {""pose"": 22.08, ""gesture"": 17.3}}, ""a5"": {""services"": [""pose"", ""gesture""], ""fps"": {""pose"": 10, ""gesture"": 10}, ""eff_fps"": {""pose"": 10, ""gesture"": 10}, ""latency_ms"": {""pose"": 0, ""gesture"": 0}, ""svclat_ms"": {""pose"": 22.36, ""gesture"": 17.16}}, ""a6"": {""services"": [""pose"", ""gesture""], ""fps"": {""pose"": 10, ""gesture"": 10}, ""eff_fps"": {""pose"": 10, ""gesture"": 10}, ""latency_ms"": {""pose"": 0, ""gesture"": 0}, ""svclat_ms"": {""pose"": 22.41, ""gesture"": 16.73}}, ""a7"": {""services"": [""pose"", ""gesture""], ""fps"": {""pose"": 10, ""gesture"": 10}, ""eff_fps"": {""pose"": 10, ""gesture"": 10}, ""latency_ms"": {""pose"": 0, ""gesture"": 0}, ""svclat_ms"": {""pose"": 21.28, ""gesture"": 16.33}}, ""a8"": {""services"": [""pose"", ""gesture""], ""fps"": {""pose"": 10, ""gesture"": 10}, ""eff_fps"": {""pose"": 10, ""gesture"": 10}, ""latency_ms"": {""pose"": 0, ""gesture"": 0}, ""svclat_ms"": {""pose"": 22.83, ""gesture"": 16.82}}, ""a9"": {""services"": [""pose"", ""gesture""], ""fps"": {""pose"": 10, ""gesture"": 10}, ""eff_fps"": {""pose"": 10, ""gesture"": 10}, ""latency_ms"": {""pose"": 0, ""gesture"": 0}, ""svclat_ms"": {""pose"": 20.5, ""gesture"": 16.58}}, ""a10"": {""services"": [""pose"", ""gesture""], ""fps"": {""pose"": 10, ""gesture"": 10}, ""eff_fps"": {""pose"": 10, ""gesture"": 10}, ""latency_ms"": {""pose"": 0, ""gesture"": 0}, ""svclat_ms"": {""pose"": 20.42, ""gesture"": 16.78}}, ""a11"": {""services"": [""pose"", ""gesture""], ""fps"": {""pose"": 10, ""gesture"": 10}, ""eff_fps"": {""pose"": 10, ""gesture"": 10}, ""latency_ms"": {""pose"": 0, ""gesture"": 0}, ""svclat_ms"": {""pose"": 30.53, ""gesture"": 16.11}}, ""a12"": {""services"": [""pose"", ""gesture""], ""fps"": {""pose"": 10, ""gesture"": 10}, ""eff_fps"": {""pose"": 10, ""gesture"": 10}, ""latency_ms"": {""pose"": 0, ""gesture"": 0}, ""svclat_ms"": {""pose"": 20.65, ""gesture"": 15.37}}, ""z1"": {""services"": [""gesture"", ""object""], ""fps"": {""gesture"": 0, ""object"": 0}, ""eff_fps"": {""gesture"": 0, ""object"": 0}, ""latency_ms"": {""gesture"": 0, ""object"": 0}, ""svclat_ms"": {""gesture"": 0.0, ""object"": 0.0}}, ""z2"": {""services"": [""gesture"", ""object""], ""fps"": {""gesture"": 0, ""object"": 0}, ""eff_fps"": {""gesture"": 0, ""object"": 0}, ""latency_ms"": {""gesture"": 0, ""object"": 0}, ""svclat_ms"": {""gesture"": 0.0, ""object"": 0.0}}, ""z3"": {""services"": [""gesture"", ""object""], ""fps"": {""gesture"": 0, ""object"": 0}, ""eff_fps"": {""gesture"": 0, ""object"": 0}, ""latency_ms"": {""gesture"": 0, ""object"": 0}, ""svclat_ms"": {""gesture"": 0.0, ""object"": 0.0}}, ""z4"": {""services"": [""gesture"", ""object""], ""fps"": {""gesture"": 0, ""object"": 0}, ""eff_fps"": {""gesture"": 0, ""object"": 0}, ""latency_ms"": {""gesture"": 0, ""object"": 0}, ""svclat_ms"": {""gesture"": 0.0, ""object"": 0.0}}, ""z5"": {""services"": [""gesture"", ""object""], ""fps"": {""gesture"": 0, ""object"": 0}, ""eff_fps"": {""gesture"": 0, ""object"": 0}, ""latency_ms"": {""gesture"": 0, ""object"": 0}, ""svclat_ms"": {""gesture"": 0.0, ""object"": 0.0}}, ""z6"": {""services"": [""gesture"", ""object""], ""fps"": {""gesture"": 0, ""object"": 0}, ""eff_fps"": {""gesture"": 0, ""object"": 0}, ""latency_ms"": {""gesture"": 0, ""object"": 0}, ""svclat_ms"": {""gesture"": 0.0, ""object"": 0.0}}}"
88.4,13,12,0.923,0,0,3,4,4,1.0,394.0,240,0.609,0.0,0.33,0.0,9.83,9.0,8.0,9.5,7.92,7.0,0,0,0,31.3,92.69,45.36,243,"{""ip-172-31-0-204"": ""healthy"", ""ip-172-31-1-171"": ""healthy"", ""ip-172-31-10-12"": ""healthy"", ""ip-172-31-11-132"": ""healthy"", ""ip-172-31-13-134"": ""healthy"", ""ip-172-31-14-68"": ""healthy"", ""ip-172-31-40-239"": ""healthy""}",subscribe,9.5,0.3333,0,0,"{""ip-172-31-0-204"": {""pose"": 1}, ""ip-172-31-1-171"": {""pose"": 1}, ""ip-172-31-10-12"": {""gesture"": 1}, ""ip-172-31-11-132"": {""gesture"": 1}}","{""a1"": {""services"": [""pose"", ""gesture""], ""fps"": {""pose"": 10, ""gesture"": 10}, ""eff_fps"": {""pose"": 10, ""gesture"": 8}, ""latency_ms"": {""pose"": 0, ""gesture"": 0}, ""svclat_ms"": {""pose"": 21.45, ""gesture"": 110.06}}, ""a2"": {""services"": [""pose"", ""gesture""], ""fps"": {""pose"": 10, ""gesture"": 9}, ""eff_fps"": {""pose"": 10, ""gesture"": 7}, ""latency_ms"": {""pose"": 0, ""gesture"": 0}, ""svclat_ms"": {""pose"": 22.32, ""gesture"": 117.11}}, ""a3"": {""services"": [""pose"", ""gesture""], ""fps"": {""pose"": 10, ""gesture"": 10}, ""eff_fps"": {""pose"": 10, ""gesture"": 9}, ""latency_ms"": {""pose"": 0, ""gesture"": 0}, ""svclat_ms"": {""pose"": 21.68, ""gesture"": 88.82}}, ""a4"": {""services"": [""pose"", ""gesture""], ""fps"": {""pose"": 10, ""gesture"": 10}, ""eff_fps"": {""pose"": 10, ""gesture"": 9}, ""latency_ms"": {""pose"": 0, ""gesture"": 0}, ""svclat_ms"": {""pose"": 21.75, ""gesture"": 72.77}}, ""a5"": {""services"": [""pose"", ""gesture""], ""fps"": {""pose"": 10, ""gesture"": 11}, ""eff_fps"": {""pose"": 10, ""gesture"": 10}, ""latency_ms"": {""pose"": 0, ""gesture"": 0}, ""svclat_ms"": {""pose"": 22.13, ""gesture"": 90.7}}, ""a6"": {""services"": [""pose"", ""gesture""], ""fps"": {""pose"": 10, ""gesture"": 7}, ""eff_fps"": {""pose"": 10, ""gesture"": 6}, ""latency_ms"": {""pose"": 0, ""gesture"": 0}, ""svclat_ms"": {""pose"": 24.14, ""gesture"": 127.12}}, ""a7"": {""services"": [""pose"", ""gesture""], ""fps"": {""pose"": 10, ""gesture"": 7}, ""eff_fps"": {""pose"": 10, ""gesture"": 6}, ""latency_ms"": {""pose"": 0, ""gesture"": 0}, ""svclat_ms"": {""pose"": 21.13, ""gesture"": 126.38}}, ""a8"": {""services"": [""pose"", ""gesture""], ""fps"": {""pose"": 10, ""gesture"": 7}, ""eff_fps"": {""pose"": 10, ""gesture"": 6}, ""latency_ms"": {""pose"": 0, ""gesture"": 0}, ""svclat_ms"": {""pose"": 24.55, ""gesture"": 130.28}}, ""a9"": {""services"": [""pose"", ""gesture""], ""fps"": {""pose"": 9, ""gesture"": 8}, ""eff_fps"": {""pose"": 7, ""gesture"": 6}, ""latency_ms"": {""pose"": 0, ""gesture"": 0}, ""svclat_ms"": {""pose"": 75.59, ""gesture"": 126.3}}, ""a10"": {""services"": [""pose"", ""gesture""], ""fps"": {""pose"": 9, ""gesture"": 8}, ""eff_fps"": {""pose"": 7, ""gesture"": 6}, ""latency_ms"": {""pose"": 0, ""gesture"": 0}, ""svclat_ms"": {""pose"": 77.09, ""gesture"": 126.27}}, ""a11"": {""services"": [""pose"", ""gesture""], ""fps"": {""pose"": 10, ""gesture"": 11}, ""eff_fps"": {""pose"": 10, ""gesture"": 11}, ""latency_ms"": {""pose"": 0, ""gesture"": 0}, ""svclat_ms"": {""pose"": 22.33, ""gesture"": 58.41}}, ""a12"": {""services"": [""pose"", ""gesture""], ""fps"": {""pose"": 10, ""gesture"": 10}, ""eff_fps"": {""pose"": 10, ""gesture"": 10}, ""latency_ms"": {""pose"": 0, ""gesture"": 0}, ""svclat_ms"": {""pose"": 21.46, ""gesture"": 14.99}}, ""z1"": {""services"": [""gesture"", ""object""], ""fps"": {""gesture"": 9, ""object"": 8}, ""eff_fps"": {""gesture"": 9, ""object"": 7}, ""latency_ms"": {""gesture"": 0, ""object"": 0}, ""svclat_ms"": {""gesture"": 15.78, ""object"": 45.36}}, ""z2"": {""services"": [""gesture"", ""object""], ""fps"": {""gesture"": 0, ""object"": 0}, ""eff_fps"": {""gesture"": 0, ""object"": 0}, ""latency_ms"": {""gesture"": 0, ""object"": 0}, ""svclat_ms"": {""gesture"": 0.0, ""object"": 0.0}}, ""z3"": {""services"": [""gesture"", ""object""], ""fps"": {""gesture"": 0, ""object"": 0}, ""eff_fps"": {""gesture"": 0, ""object"": 0}, ""latency_ms"": {""gesture"": 0, ""object"": 0}, ""svclat_ms"": {""gesture"": 0.0, ""object"": 0.0}}, ""z4"": {""services"": [""gesture"", ""object""], ""fps"": {""gesture"": 0, ""object"": 0}, ""eff_fps"": {""gesture"": 0, ""object"": 0}, ""latency_ms"": {""gesture"": 0, ""object"": 0}, ""svclat_ms"": {""gesture"": 0.0, ""object"": 0.0}}, ""z5"": {""services"": [""gesture"", ""object""], ""fps"": {""gesture"": 0, ""object"": 0}, ""eff_fps"": {""gesture"": 0, ""object"": 0}, ""latency_ms"": {""gesture"": 0, ""object"": 0}, ""svclat_ms"": {""gesture"": 0.0, ""object"": 0.0}}, ""z6"": {""services"": [""gesture"", ""object""], ""fps"": {""gesture"": 0, ""object"": 0}, ""eff_fps"": {""gesture"": 0, ""object"": 0}, ""latency_ms"": {""gesture"": 0, ""object"": 0}, ""svclat_ms"": {""gesture"": 0.0, ""object"": 0.0}}}"
92.3,15,14,0.933,0,0,3,5,5,1.0,476.0,280,0.588,0.0,0.36,0.0,10.0,10.0,10.0,10.0,10.0,10.0,0,0,0,22.25,17.96,20.03,260,"{""ip-172-31-0-204"": ""healthy"", ""ip-172-31-1-171"": ""healthy"", ""ip-172-31-10-12"": ""healthy"", ""ip-172-31-11-132"": ""healthy"", ""ip-172-31-13-134"": ""healthy"", ""ip-172-31-14-68"": ""healthy"", ""ip-172-31-40-239"": ""healthy""}",subscribe,9.3,0.3333,0,0,"{""ip-172-31-1-171"": {""pose"": 1}, ""ip-172-31-11-132"": {""gesture"": 1}, ""ip-172-31-13-134"": {""gesture"": 1}, ""ip-172-31-10-12"": {""pose"": 1}, ""ip-172-31-0-204"": {""object"": 1}}","{""a1"": {""services"": [""pose"", ""gesture""], ""fps"": {""pose"": 10, ""gesture"": 10}, ""eff_fps"": {""pose"": 10, ""gesture"": 10}, ""latency_ms"": {""pose"": 0, ""gesture"": 0}, ""svclat_ms"": {""pose"": 21.87, ""gesture"": 19.07}}, ""a2"": {""services"": [""pose"", ""gesture""], ""fps"": {""pose"": 10, ""gesture"": 10}, ""eff_fps"": {""pose"": 10, ""gesture"": 10}, ""latency_ms"": {""pose"": 0, ""gesture"": 0}, ""svclat_ms"": {""pose"": 23.37, ""gesture"": 18.21}}, ""a3"": {""services"": [""pose"", ""gesture""], ""fps"": {""pose"": 10, ""gesture"": 10}, ""eff_fps"": {""pose"": 10, ""gesture"": 10}, ""latency_ms"": {""pose"": 0, ""gesture"": 0}, ""svclat_ms"": {""pose"": 22.93, ""gesture"": 19.13}}, ""a4"": {""services"": [""pose"", ""gesture""], ""fps"": {""pose"": 10, ""gesture"": 10}, ""eff_fps"": {""pose"": 10, ""gesture"": 10}, ""latency_ms"": {""pose"": 0, ""gesture"": 0}, ""svclat_ms"": {""pose"": 22.8, ""gesture"": 17.76}}, ""a5"": {""services"": [""pose"", ""gesture""], ""fps"": {""pose"": 10, ""gesture"": 10}, ""eff_fps"": {""pose"": 10, ""gesture"": 10}, ""latency_ms"": {""pose"": 0, ""gesture"": 0}, ""svclat_ms"": {""pose"": 23.08, ""gesture"": 18.28}}, ""a6"": {""services"": [""pose"", ""gesture""], ""fps"": {""pose"": 10, ""gesture"": 10}, ""eff_fps"": {""pose"": 10, ""gesture"": 10}, ""latency_ms"": {""pose"": 0, ""gesture"": 0}, ""svclat_ms"": {""pose"": 22.99, ""gesture"": 18.37}}, ""a7"": {""services"": [""pose"", ""gesture""], ""fps"": {""pose"": 10, ""gesture"": 10}, ""eff_fps"": {""pose"": 10, ""gesture"": 10}, ""latency_ms"": {""pose"": 0, ""gesture"": 0}, ""svclat_ms"": {""pose"": 21.0, ""gesture"": 18.12}}, ""a8"": {""services"": [""pose"", ""gesture""], ""fps"": {""pose"": 10, ""gesture"": 10}, ""eff_fps"": {""pose"": 10, ""gesture"": 10}, ""latency_ms"": {""pose"": 0, ""gesture"": 0}, ""svclat_ms"": {""pose"": 23.16, ""gesture"": 16.93}}, ""a9"": {""services"": [""pose"", ""gesture""], ""fps"": {""pose"": 10, ""gesture"": 10}, ""eff_fps"": {""pose"": 10, ""gesture"": 10}, ""latency_ms"": {""pose"": 0, ""gesture"": 0}, ""svclat_ms"": {""pose"": 21.89, ""gesture"": 18.09}}, ""a10"": {""services"": [""pose"", ""gesture""], ""fps"": {""pose"": 10, ""gesture"": 10}, ""eff_fps"": {""pose"": 10, ""gesture"": 10}, ""latency_ms"": {""pose"": 0, ""gesture"": 0}, ""svclat_ms"": {""pose"": 21.35, ""gesture"": 18.38}}, ""a11"": {""services"": [""pose"", ""gesture""], ""fps"": {""pose"": 10, ""gesture"": 10}, ""eff_fps"": {""pose"": 10, ""gesture"": 10}, ""latency_ms"": {""pose"": 0, ""gesture"": 0}, ""svclat_ms"": {""pose"": 21.41, ""gesture"": 20.05}}, ""a12"": {""services"": [""pose"", ""gesture""], ""fps"": {""pose"": 10, ""gesture"": 10}, ""eff_fps"": {""pose"": 10, ""gesture"": 10}, ""latency_ms"": {""pose"": 0, ""gesture"": 0}, ""svclat_ms"": {""pose"": 21.17, ""gesture"": 16.51}}, ""z1"": {""services"": [""gesture"", ""object""], ""fps"": {""gesture"": 10, ""object"": 10}, ""eff_fps"": {""gesture"": 10, ""object"": 10}, ""latency_ms"": {""gesture"": 0, ""object"": 0}, ""svclat_ms"": {""gesture"": 14.64, ""object"": 20.03}}, ""z2"": {""services"": [""gesture"", ""object""], ""fps"": {""gesture"": 0, ""object"": 0}, ""eff_fps"": {""gesture"": 0, ""object"": 0}, ""latency_ms"": {""gesture"": 0, ""object"": 0}, ""svclat_ms"": {""gesture"": 0.0, ""object"": 0.0}}, ""z3"": {""services"": [""gesture"", ""object""], ""fps"": {""gesture"": 0, ""object"": 0}, ""eff_fps"": {""gesture"": 0, ""object"": 0}, ""latency_ms"": {""gesture"": 0, ""object"": 0}, ""svclat_ms"": {""gesture"": 0.0, ""object"": 0.0}}, ""z4"": {""services"": [""gesture"", ""object""], ""fps"": {""gesture"": 0, ""object"": 0}, ""eff_fps"": {""gesture"": 0, ""object"": 0}, ""latency_ms"": {""gesture"": 0, ""object"": 0}, ""svclat_ms"": {""gesture"": 0.0, ""object"": 0.0}}, ""z5"": {""services"": [""gesture"", ""object""], ""fps"": {""gesture"": 0, ""object"": 0}, ""eff_fps"": {""gesture"": 0, ""object"": 0}, ""latency_ms"": {""gesture"": 0, ""object"": 0}, ""svclat_ms"": {""gesture"": 0.0, ""object"": 0.0}}, ""z6"": {""services"": [""gesture"", ""object""], ""fps"": {""gesture"": 0, ""object"": 0}, ""eff_fps"": {""gesture"": 0, ""object"": 0}, ""latency_ms"": {""gesture"": 0, ""object"": 0}, ""svclat_ms"": {""gesture"": 0.0, ""object"": 0.0}}, ""z7"": {""services"": [""gesture"", ""object""], ""fps"": {""gesture"": 0, ""object"": 0}, ""eff_fps"": {""gesture"": 0, ""object"": 0}, ""latency_ms"": {""gesture"": 0, ""object"": 0}, ""svclat_ms"": {""gesture"": 0.0, ""object"": 0.0}}}"
96.6,16,16,1.0,0,0,3,5,5,1.0,476.0,320,0.672,0.0,0.31,0.0,10.0,10.0,10.0,10.0,10.0,10.0,0,0,0,22.36,16.88,22.32,340,"{""ip-172-31-0-204"": ""healthy"", ""ip-172-31-1-171"": ""healthy"", ""ip-172-31-10-12"": ""healthy"", ""ip-172-31-11-132"": ""healthy"", ""ip-172-31-13-134"": ""healthy"", ""ip-172-31-14-68"": ""healthy"", ""ip-172-31-40-239"": ""healthy""}",subscribe,9.4,0.3333,0,0,"{""ip-172-31-1-171"": {""pose"": 1}, ""ip-172-31-11-132"": {""gesture"": 1}, ""ip-172-31-13-134"": {""gesture"": 1}, ""ip-172-31-10-12"": {""pose"": 1}, ""ip-172-31-0-204"": {""object"": 1}}","{""a1"": {""services"": [""pose"", ""gesture""], ""fps"": {""pose"": 10, ""gesture"": 10}, ""eff_fps"": {""pose"": 10, ""gesture"": 10}, ""latency_ms"": {""pose"": 0, ""gesture"": 0}, ""svclat_ms"": {""pose"": 21.81, ""gesture"": 17.85}}, ""a2"": {""services"": [""pose"", ""gesture""], ""fps"": {""pose"": 10, ""gesture"": 10}, ""eff_fps"": {""pose"": 10, ""gesture"": 10}, ""latency_ms"": {""pose"": 0, ""gesture"": 0}, ""svclat_ms"": {""pose"": 22.63, ""gesture"": 17.31}}, ""a3"": {""services"": [""pose"", ""gesture""], ""fps"": {""pose"": 10, ""gesture"": 10}, ""eff_fps"": {""pose"": 10, ""gesture"": 10}, ""latency_ms"": {""pose"": 0, ""gesture"": 0}, ""svclat_ms"": {""pose"": 22.69, ""gesture"": 17.59}}, ""a4"": {""services"": [""pose"", ""gesture""], ""fps"": {""pose"": 10, ""gesture"": 10}, ""eff_fps"": {""pose"": 10, ""gesture"": 10}, ""latency_ms"": {""pose"": 0, ""gesture"": 0}, ""svclat_ms"": {""pose"": 22.89, ""gesture"": 17.08}}, ""a5"": {""services"": [""pose"", ""gesture""], ""fps"": {""pose"": 10, ""gesture"": 10}, ""eff_fps"": {""pose"": 10, ""gesture"": 10}, ""latency_ms"": {""pose"": 0, ""gesture"": 0}, ""svclat_ms"": {""pose"": 22.84, ""gesture"": 17.54}}, ""a6"": {""services"": [""pose"", ""gesture""], ""fps"": {""pose"": 10, ""gesture"": 10}, ""eff_fps"": {""pose"": 10, ""gesture"": 10}, ""latency_ms"": {""pose"": 0, ""gesture"": 0}, ""svclat_ms"": {""pose"": 23.17, ""gesture"": 17.49}}, ""a7"": {""services"": [""pose"", ""gesture""], ""fps"": {""pose"": 10, ""gesture"": 10}, ""eff_fps"": {""pose"": 10, ""gesture"": 10}, ""latency_ms"": {""pose"": 0, ""gesture"": 0}, ""svclat_ms"": {""pose"": 21.85, ""gesture"": 17.3}}, ""a8"": {""services"": [""pose"", ""gesture""], ""fps"": {""pose"": 10, ""gesture"": 10}, ""eff_fps"": {""pose"": 10, ""gesture"": 10}, ""latency_ms"": {""pose"": 0, ""gesture"": 0}, ""svclat_ms"": {""pose"": 23.66, ""gesture"": 16.22}}, ""a9"": {""services"": [""pose"", ""gesture""], ""fps"": {""pose"": 10, ""gesture"": 10}, ""eff_fps"": {""pose"": 10, ""gesture"": 10}, ""latency_ms"": {""pose"": 0, ""gesture"": 0}, ""svclat_ms"": {""pose"": 21.67, ""gesture"": 18.06}}, ""a10"": {""services"": [""pose"", ""gesture""], ""fps"": {""pose"": 10, ""gesture"": 10}, ""eff_fps"": {""pose"": 10, ""gesture"": 10}, ""latency_ms"": {""pose"": 0, ""gesture"": 0}, ""svclat_ms"": {""pose"": 21.79, ""gesture"": 17.45}}, ""a11"": {""services"": [""pose"", ""gesture""], ""fps"": {""pose"": 10, ""gesture"": 10}, ""eff_fps"": {""pose"": 10, ""gesture"": 10}, ""latency_ms"": {""pose"": 0, ""gesture"": 0}, ""svclat_ms"": {""pose"": 22.06, ""gesture"": 18.76}}, ""a12"": {""services"": [""pose"", ""gesture""], ""fps"": {""pose"": 10, ""gesture"": 10}, ""eff_fps"": {""pose"": 10, ""gesture"": 10}, ""latency_ms"": {""pose"": 0, ""gesture"": 0}, ""svclat_ms"": {""pose"": 21.2, ""gesture"": 16.21}}, ""z1"": {""services"": [""gesture"", ""object""], ""fps"": {""gesture"": 10, ""object"": 10}, ""eff_fps"": {""gesture"": 10, ""object"": 10}, ""latency_ms"": {""gesture"": 0, ""object"": 0}, ""svclat_ms"": {""gesture"": 14.29, ""object"": 20.11}}, ""z2"": {""services"": [""gesture"", ""object""], ""fps"": {""gesture"": 10, ""object"": 10}, ""eff_fps"": {""gesture"": 10, ""object"": 10}, ""latency_ms"": {""gesture"": 0, ""object"": 0}, ""svclat_ms"": {""gesture"": 15.56, ""object"": 24.4}}, ""z3"": {""services"": [""gesture"", ""object""], ""fps"": {""gesture"": 10, ""object"": 10}, ""eff_fps"": {""gesture"": 10, ""object"": 10}, ""latency_ms"": {""gesture"": 0, ""object"": 0}, ""svclat_ms"": {""gesture"": 18.52, ""object"": 28.01}}, ""z4"": {""services"": [""gesture"", ""object""], ""fps"": {""gesture"": 10, ""object"": 10}, ""eff_fps"": {""gesture"": 10, ""object"": 10}, ""latency_ms"": {""gesture"": 0, ""object"": 0}, ""svclat_ms"": {""gesture"": 14.99, ""object"": 18.27}}, ""z5"": {""services"": [""gesture"", ""object""], ""fps"": {""gesture"": 0, ""object"": 0}, ""eff_fps"": {""gesture"": 0, ""object"": 0}, ""latency_ms"": {""gesture"": 0, ""object"": 0}, ""svclat_ms"": {""gesture"": 0.0, ""object"": 0.0}}, ""z6"": {""services"": [""gesture"", ""object""], ""fps"": {""gesture"": 0, ""object"": 0}, ""eff_fps"": {""gesture"": 0, ""object"": 0}, ""latency_ms"": {""gesture"": 0, ""object"": 0}, ""svclat_ms"": {""gesture"": 0.0, ""object"": 0.0}}, ""z7"": {""services"": [""gesture"", ""object""], ""fps"": {""gesture"": 10, ""object"": 10}, ""eff_fps"": {""gesture"": 10, ""object"": 10}, ""latency_ms"": {""gesture"": 0, ""object"": 0}, ""svclat_ms"": {""gesture"": 14.82, ""object"": 20.8}}, ""z8"": {""services"": [""gesture"", ""object""], ""fps"": {""gesture"": 0, ""object"": 0}, ""eff_fps"": {""gesture"": 0, ""object"": 0}, ""latency_ms"": {""gesture"": 0, ""object"": 0}, ""svclat_ms"": {""gesture"": 0.0, ""object"": 0.0}}}"
100.4,19,18,0.947,0,0,3,5,5,1.0,476.0,360,0.756,0.0,0.28,0.0,10.0,10.0,10.0,10.0,10.0,10.0,0,0,0,22.08,17.21,22.7,380,"{""ip-172-31-0-204"": ""healthy"", ""ip-172-31-1-171"": ""healthy"", ""ip-172-31-10-12"": ""healthy"", ""ip-172-31-11-132"": ""healthy"", ""ip-172-31-13-134"": ""healthy"", ""ip-172-31-14-68"": ""healthy"", ""ip-172-31-40-239"": ""healthy""}",subscribe,9.3,0.3333,0,0,"{""ip-172-31-1-171"": {""pose"": 1}, ""ip-172-31-11-132"": {""gesture"": 1}, ""ip-172-31-13-134"": {""gesture"": 1}, ""ip-172-31-10-12"": {""pose"": 1}, ""ip-172-31-0-204"": {""object"": 1}}","{""a1"": {""services"": [""pose"", ""gesture""], ""fps"": {""pose"": 10, ""gesture"": 10}, ""eff_fps"": {""pose"": 10, ""gesture"": 10}, ""latency_ms"": {""pose"": 0, ""gesture"": 0}, ""svclat_ms"": {""pose"": 21.92, ""gesture"": 19.2}}, ""a2"": {""services"": [""pose"", ""gesture""], ""fps"": {""pose"": 10, ""gesture"": 10}, ""eff_fps"": {""pose"": 10, ""gesture"": 10}, ""latency_ms"": {""pose"": 0, ""gesture"": 0}, ""svclat_ms"": {""pose"": 23.3, ""gesture"": 18.6}}, ""a3"": {""services"": [""pose"", ""gesture""], ""fps"": {""pose"": 10, ""gesture"": 10}, ""eff_fps"": {""pose"": 10, ""gesture"": 10}, ""latency_ms"": {""pose"": 0, ""gesture"": 0}, ""svclat_ms"": {""pose"": 22.97, ""gesture"": 18.32}}, ""a4"": {""services"": [""pose"", ""gesture""], ""fps"": {""pose"": 10, ""gesture"": 10}, ""eff_fps"": {""pose"": 10, ""gesture"": 10}, ""latency_ms"": {""pose"": 0, ""gesture"": 0}, ""svclat_ms"": {""pose"": 22.26, ""gesture"": 17.61}}, ""a5"": {""services"": [""pose"", ""gesture""], ""fps"": {""pose"": 10, ""gesture"": 10}, ""eff_fps"": {""pose"": 10, ""gesture"": 10}, ""latency_ms"": {""pose"": 0, ""gesture"": 0}, ""svclat_ms"": {""pose"": 22.62, ""gesture"": 17.45}}, ""a6"": {""services"": [""pose"", ""gesture""], ""fps"": {""pose"": 10, ""gesture"": 10}, ""eff_fps"": {""pose"": 10, ""gesture"": 10}, ""latency_ms"": {""pose"": 0, ""gesture"": 0}, ""svclat_ms"": {""pose"": 23.3, ""gesture"": 17.71}}, ""a7"": {""services"": [""pose"", ""gesture""], ""fps"": {""pose"": 10, ""gesture"": 10}, ""eff_fps"": {""pose"": 10, ""gesture"": 10}, ""latency_ms"": {""pose"": 0, ""gesture"": 0}, ""svclat_ms"": {""pose"": 21.43, ""gesture"": 17.79}}, ""a8"": {""services"": [""pose"", ""gesture""], ""fps"": {""pose"": 10, ""gesture"": 10}, ""eff_fps"": {""pose"": 10, ""gesture"": 10}, ""latency_ms"": {""pose"": 0, ""gesture"": 0}, ""svclat_ms"": {""pose"": 23.21, ""gesture"": 16.15}}, ""a9"": {""services"": [""pose"", ""gesture""], ""fps"": {""pose"": 10, ""gesture"": 10}, ""eff_fps"": {""pose"": 10, ""gesture"": 10}, ""latency_ms"": {""pose"": 0, ""gesture"": 0}, ""svclat_ms"": {""pose"": 21.33, ""gesture"": 18.37}}, ""a10"": {""services"": [""pose"", ""gesture""], ""fps"": {""pose"": 10, ""gesture"": 10}, ""eff_fps"": {""pose"": 10, ""gesture"": 10}, ""latency_ms"": {""pose"": 0, ""gesture"": 0}, ""svclat_ms"": {""pose"": 20.69, ""gesture"": 17.87}}, ""a11"": {""services"": [""pose"", ""gesture""], ""fps"": {""pose"": 10, ""gesture"": 10}, ""eff_fps"": {""pose"": 10, ""gesture"": 10}, ""latency_ms"": {""pose"": 0, ""gesture"": 0}, ""svclat_ms"": {""pose"": 20.95, ""gesture"": 18.78}}, ""a12"": {""services"": [""pose"", ""gesture""], ""fps"": {""pose"": 10, ""gesture"": 10}, ""eff_fps"": {""pose"": 10, ""gesture"": 10}, ""latency_ms"": {""pose"": 0, ""gesture"": 0}, ""svclat_ms"": {""pose"": 21.02, ""gesture"": 16.47}}, ""z1"": {""services"": [""gesture"", ""object""], ""fps"": {""gesture"": 10, ""object"": 10}, ""eff_fps"": {""gesture"": 10, ""object"": 10}, ""latency_ms"": {""gesture"": 0, ""object"": 0}, ""svclat_ms"": {""gesture"": 14.74, ""object"": 20.58}}, ""z2"": {""services"": [""gesture"", ""object""], ""fps"": {""gesture"": 10, ""object"": 10}, ""eff_fps"": {""gesture"": 10, ""object"": 10}, ""latency_ms"": {""gesture"": 0, ""object"": 0}, ""svclat_ms"": {""gesture"": 16.25, ""object"": 22.45}}, ""z3"": {""services"": [""gesture"", ""object""], ""fps"": {""gesture"": 10, ""object"": 10}, ""eff_fps"": {""gesture"": 10, ""object"": 10}, ""latency_ms"": {""gesture"": 0, ""object"": 0}, ""svclat_ms"": {""gesture"": 18.59, ""object"": 22.96}}, ""z4"": {""services"": [""gesture"", ""object""], ""fps"": {""gesture"": 10, ""object"": 10}, ""eff_fps"": {""gesture"": 10, ""object"": 10}, ""latency_ms"": {""gesture"": 0, ""object"": 0}, ""svclat_ms"": {""gesture"": 15.35, ""object"": 23.07}}, ""z5"": {""services"": [""gesture"", ""object""], ""fps"": {""gesture"": 10, ""object"": 10}, ""eff_fps"": {""gesture"": 10, ""object"": 10}, ""latency_ms"": {""gesture"": 0, ""object"": 0}, ""svclat_ms"": {""gesture"": 17.55, ""object"": 23.39}}, ""z6"": {""services"": [""gesture"", ""object""], ""fps"": {""gesture"": 10, ""object"": 10}, ""eff_fps"": {""gesture"": 10, ""object"": 10}, ""latency_ms"": {""gesture"": 0, ""object"": 0}, ""svclat_ms"": {""gesture"": 15.07, ""object"": 23.03}}, ""z7"": {""services"": [""gesture"", ""object""], ""fps"": {""gesture"": 10, ""object"": 10}, ""eff_fps"": {""gesture"": 10, ""object"": 10}, ""latency_ms"": {""gesture"": 0, ""object"": 0}, ""svclat_ms"": {""gesture"": 15.11, ""object"": 23.45}}, ""z8"": {""services"": [""gesture"", ""object""], ""fps"": {""gesture"": 0, ""object"": 0}, ""eff_fps"": {""gesture"": 0, ""object"": 0}, ""latency_ms"": {""gesture"": 0, ""object"": 0}, ""svclat_ms"": {""gesture"": 0.0, ""object"": 0.0}}, ""z9"": {""services"": [""gesture"", ""object""], ""fps"": {""gesture"": 0, ""object"": 0}, ""eff_fps"": {""gesture"": 0, ""object"": 0}, ""latency_ms"": {""gesture"": 0, ""object"": 0}, ""svclat_ms"": {""gesture"": 0.0, ""object"": 0.0}}}"
103.8,20,20,1.0,0,0,3,5,5,1.0,476.0,400,0.84,0.0,0.25,0.0,10.0,9.85,10.0,10.0,9.85,10.0,0,0,0,23.53,24.12,30.87,397,"{""ip-172-31-0-204"": ""healthy"", ""ip-172-31-1-171"": ""healthy"", ""ip-172-31-10-12"": ""healthy"", ""ip-172-31-11-132"": ""healthy"", ""ip-172-31-13-134"": ""healthy"", ""ip-172-31-14-68"": ""healthy"", ""ip-172-31-40-239"": ""healthy""}",subscribe,11.6,0.3333,0,0,"{""ip-172-31-1-171"": {""pose"": 1}, ""ip-172-31-11-132"": {""gesture"": 1}, ""ip-172-31-13-134"": {""gesture"": 1}, ""ip-172-31-10-12"": {""pose"": 1}, ""ip-172-31-0-204"": {""object"": 1}}","{""a1"": {""services"": [""pose"", ""gesture""], ""fps"": {""pose"": 10, ""gesture"": 10}, ""eff_fps"": {""pose"": 10, ""gesture"": 10}, ""latency_ms"": {""pose"": 0, ""gesture"": 0}, ""svclat_ms"": {""pose"": 21.32, ""gesture"": 18.2}}, ""a2"": {""services"": [""pose"", ""gesture""], ""fps"": {""pose"": 10, ""gesture"": 10}, ""eff_fps"": {""pose"": 10, ""gesture"": 10}, ""latency_ms"": {""pose"": 0, ""gesture"": 0}, ""svclat_ms"": {""pose"": 22.26, ""gesture"": 17.63}}, ""a3"": {""services"": [""pose"", ""gesture""], ""fps"": {""pose"": 10, ""gesture"": 10}, ""eff_fps"": {""pose"": 10, ""gesture"": 10}, ""latency_ms"": {""pose"": 0, ""gesture"": 0}, ""svclat_ms"": {""pose"": 22.65, ""gesture"": 18.51}}, ""a4"": {""services"": [""pose"", ""gesture""], ""fps"": {""pose"": 10, ""gesture"": 10}, ""eff_fps"": {""pose"": 10, ""gesture"": 10}, ""latency_ms"": {""pose"": 0, ""gesture"": 0}, ""svclat_ms"": {""pose"": 22.49, ""gesture"": 17.74}}, ""a5"": {""services"": [""pose"", ""gesture""], ""fps"": {""pose"": 10, ""gesture"": 10}, ""eff_fps"": {""pose"": 10, ""gesture"": 10}, ""latency_ms"": {""pose"": 0, ""gesture"": 0}, ""svclat_ms"": {""pose"": 23.16, ""gesture"": 18.08}}, ""a6"": {""services"": [""pose"", ""gesture""], ""fps"": {""pose"": 10, ""gesture"": 9}, ""eff_fps"": {""pose"": 10, ""gesture"": 9}, ""latency_ms"": {""pose"": 0, ""gesture"": 0}, ""svclat_ms"": {""pose"": 29.97, ""gesture"": 44.53}}, ""a7"": {""services"": [""pose"", ""gesture""], ""fps"": {""pose"": 10, ""gesture"": 10}, ""eff_fps"": {""pose"": 10, ""gesture"": 10}, ""latency_ms"": {""pose"": 0, ""gesture"": 0}, ""svclat_ms"": {""pose"": 27.11, ""gesture"": 42.66}}, ""a8"": {""services"": [""pose"", ""gesture""], ""fps"": {""pose"": 10, ""gesture"": 9}, ""eff_fps"": {""pose"": 10, ""gesture"": 9}, ""latency_ms"": {""pose"": 0, ""gesture"": 0}, ""svclat_ms"": {""pose"": 28.89, ""gesture"": 41.52}}, ""a9"": {""services"": [""pose"", ""gesture""], ""fps"": {""pose"": 10, ""gesture"": 10}, ""eff_fps"": {""pose"": 10, ""gesture"": 10}, ""latency_ms"": {""pose"": 0, ""gesture"": 0}, ""svclat_ms"": {""pose"": 20.9, ""gesture"": 47.7}}, ""a10"": {""services"": [""pose"", ""gesture""], ""fps"": {""pose"": 10, ""gesture"": 10}, ""eff_fps"": {""pose"": 10, ""gesture"": 10}, ""latency_ms"": {""pose"": 0, ""gesture"": 0}, ""svclat_ms"": {""pose"": 20.87, ""gesture"": 44.13}}, ""a11"": {""services"": [""pose"", ""gesture""], ""fps"": {""pose"": 10, ""gesture"": 9}, ""eff_fps"": {""pose"": 10, ""gesture"": 9}, ""latency_ms"": {""pose"": 0, ""gesture"": 0}, ""svclat_ms"": {""pose"": 21.51, ""gesture"": 19.66}}, ""a12"": {""services"": [""pose"", ""gesture""], ""fps"": {""pose"": 10, ""gesture"": 10}, ""eff_fps"": {""pose"": 10, ""gesture"": 10}, ""latency_ms"": {""pose"": 0, ""gesture"": 0}, ""svclat_ms"": {""pose"": 21.27, ""gesture"": 16.53}}, ""z1"": {""services"": [""gesture"", ""object""], ""fps"": {""gesture"": 10, ""object"": 10}, ""eff_fps"": {""gesture"": 10, ""object"": 10}, ""latency_ms"": {""gesture"": 0, ""object"": 0}, ""svclat_ms"": {""gesture"": 15.02, ""object"": 21.44}}, ""z2"": {""services"": [""gesture"", ""object""], ""fps"": {""gesture"": 10, ""object"": 10}, ""eff_fps"": {""gesture"": 10, ""object"": 10}, ""latency_ms"": {""gesture"": 0, ""object"": 0}, ""svclat_ms"": {""gesture"": 17.01, ""object"": 23.62}}, ""z3"": {""services"": [""gesture"", ""object""], ""fps"": {""gesture"": 10, ""object"": 10}, ""eff_fps"": {""gesture"": 10, ""object"": 10}, ""latency_ms"": {""gesture"": 0, ""object"": 0}, ""svclat_ms"": {""gesture"": 18.4, ""object"": 36.47}}, ""z4"": {""services"": [""gesture"", ""object""], ""fps"": {""gesture"": 10, ""object"": 10}, ""eff_fps"": {""gesture"": 10, ""object"": 10}, ""latency_ms"": {""gesture"": 0, ""object"": 0}, ""svclat_ms"": {""gesture"": 15.25, ""object"": 32.15}}, ""z5"": {""services"": [""gesture"", ""object""], ""fps"": {""gesture"": 10, ""object"": 10}, ""eff_fps"": {""gesture"": 10, ""object"": 10}, ""latency_ms"": {""gesture"": 0, ""object"": 0}, ""svclat_ms"": {""gesture"": 17.23, ""object"": 36.12}}, ""z6"": {""services"": [""gesture"", ""object""], ""fps"": {""gesture"": 10, ""object"": 10}, ""eff_fps"": {""gesture"": 10, ""object"": 10}, ""latency_ms"": {""gesture"": 0, ""object"": 0}, ""svclat_ms"": {""gesture"": 15.12, ""object"": 35.08}}, ""z7"": {""services"": [""gesture"", ""object""], ""fps"": {""gesture"": 10, ""object"": 10}, ""eff_fps"": {""gesture"": 10, ""object"": 10}, ""latency_ms"": {""gesture"": 0, ""object"": 0}, ""svclat_ms"": {""gesture"": 14.88, ""object"": 36.47}}, ""z8"": {""services"": [""gesture"", ""object""], ""fps"": {""gesture"": 10, ""object"": 10}, ""eff_fps"": {""gesture"": 10, ""object"": 10}, ""latency_ms"": {""gesture"": 0, ""object"": 0}, ""svclat_ms"": {""gesture"": 22.56, ""object"": 25.58}}, ""z9"": {""services"": [""gesture"", ""object""], ""fps"": {""gesture"": 0, ""object"": 0}, ""eff_fps"": {""gesture"": 0, ""object"": 0}, ""latency_ms"": {""gesture"": 0, ""object"": 0}, ""svclat_ms"": {""gesture"": 0.0, ""object"": 0.0}}}"
106.2,21,20,0.952,0,0,3,5,5,1.0,476.0,400,0.84,0.0,0.25,0.0,10.0,9.5,10.0,10.0,8.09,10.0,0,0,0,24.23,72.83,32.21,390,"{""ip-172-31-0-204"": ""healthy"", ""ip-172-31-1-171"": ""healthy"", ""ip-172-31-10-12"": ""healthy"", ""ip-172-31-11-132"": ""healthy"", ""ip-172-31-13-134"": ""healthy"", ""ip-172-31-14-68"": ""healthy"", ""ip-172-31-40-239"": ""healthy""}",subscribe,11.6,0.3333,0,0,"{""ip-172-31-1-171"": {""pose"": 1}, ""ip-172-31-11-132"": {""gesture"": 1}, ""ip-172-31-13-134"": {""gesture"": 1}, ""ip-172-31-10-12"": {""pose"": 1}, ""ip-172-31-0-204"": {""object"": 1}}","{""a1"": {""services"": [""pose"", ""gesture""], ""fps"": {""pose"": 10, ""gesture"": 10}, ""eff_fps"": {""pose"": 10, ""gesture"": 0}, ""latency_ms"": {""pose"": 0, ""gesture"": 0}, ""svclat_ms"": {""pose"": 23.55, ""gesture"": 103.36}}, ""a2"": {""services"": [""pose"", ""gesture""], ""fps"": {""pose"": 10, ""gesture"": 9}, ""eff_fps"": {""pose"": 10, ""gesture"": 0}, ""latency_ms"": {""pose"": 0, ""gesture"": 0}, ""svclat_ms"": {""pose"": 26.03, ""gesture"": 103.59}}, ""a3"": {""services"": [""pose"", ""gesture""], ""fps"": {""pose"": 10, ""gesture"": 10}, ""eff_fps"": {""pose"": 10, ""gesture"": 0}, ""latency_ms"": {""pose"": 0, ""gesture"": 0}, ""svclat_ms"": {""pose"": 25.58, ""gesture"": 103.74}}, ""a4"": {""services"": [""pose"", ""gesture""], ""fps"": {""pose"": 10, ""gesture"": 9}, ""eff_fps"": {""pose"": 10, ""gesture"": 0}, ""latency_ms"": {""pose"": 0, ""gesture"": 0}, ""svclat_ms"": {""pose"": 25.08, ""gesture"": 103.25}}, ""a5"": {""services"": [""pose"", ""gesture""], ""fps"": {""pose"": 10, ""gesture"": 9}, ""eff_fps"": {""pose"": 10, ""gesture"": 0}, ""latency_ms"": {""pose"": 0, ""gesture"": 0}, ""svclat_ms"": {""pose"": 26.07, ""gesture"": 103.43}}, ""a6"": {""services"": [""pose"", ""gesture""], ""fps"": {""pose"": 10, ""gesture"": 9}, ""eff_fps"": {""pose"": 10, ""gesture"": 0}, ""latency_ms"": {""pose"": 0, ""gesture"": 0}, ""svclat_ms"": {""pose"": 26.56, ""gesture"": 103.67}}, ""a7"": {""services"": [""pose"", ""gesture""], ""fps"": {""pose"": 10, ""gesture"": 10}, ""eff_fps"": {""pose"": 10, ""gesture"": 0}, ""latency_ms"": {""pose"": 0, ""gesture"": 0}, ""svclat_ms"": {""pose"": 24.43, ""gesture"": 103.7}}, ""a8"": {""services"": [""pose"", ""gesture""], ""fps"": {""pose"": 10, ""gesture"": 9}, ""eff_fps"": {""pose"": 10, ""gesture"": 0}, ""latency_ms"": {""pose"": 0, ""gesture"": 0}, ""svclat_ms"": {""pose"": 26.17, ""gesture"": 103.62}}, ""a9"": {""services"": [""pose"", ""gesture""], ""fps"": {""pose"": 10, ""gesture"": 10}, ""eff_fps"": {""pose"": 10, ""gesture"": 1}, ""latency_ms"": {""pose"": 0, ""gesture"": 0}, ""svclat_ms"": {""pose"": 21.72, ""gesture"": 102.87}}, ""a10"": {""services"": [""pose"", ""gesture""], ""fps"": {""pose"": 10, ""gesture"": 9}, ""eff_fps"": {""pose"": 10, ""gesture"": 0}, ""latency_ms"": {""pose"": 0, ""gesture"": 0}, ""svclat_ms"": {""pose"": 21.56, ""gesture"": 103.65}}, ""a11"": {""services"": [""pose"", ""gesture""], ""fps"": {""pose"": 10, ""gesture"": 10}, ""eff_fps"": {""pose"": 10, ""gesture"": 7}, ""latency_ms"": {""pose"": 0, ""gesture"": 0}, ""svclat_ms"": {""pose"": 22.23, ""gesture"": 95.54}}, ""a12"": {""services"": [""pose"", ""gesture""], ""fps"": {""pose"": 10, ""gesture"": 8}, ""eff_fps"": {""pose"": 10, ""gesture"": 7}, ""latency_ms"": {""pose"": 0, ""gesture"": 0}, ""svclat_ms"": {""pose"": 21.74, ""gesture"": 67.72}}, ""z1"": {""services"": [""gesture"", ""object""], ""fps"": {""gesture"": 10, ""object"": 10}, ""eff_fps"": {""gesture"": 9, ""object"": 10}, ""latency_ms"": {""gesture"": 0, ""object"": 0}, ""svclat_ms"": {""gesture"": 44.65, ""object"": 22.58}}, ""z2"": {""services"": [""gesture"", ""object""], ""fps"": {""gesture"": 10, ""object"": 10}, ""eff_fps"": {""gesture"": 9, ""object"": 10}, ""latency_ms"": {""gesture"": 0, ""object"": 0}, ""svclat_ms"": {""gesture"": 54.55, ""object"": 24.3}}, ""z3"": {""services"": [""gesture"", ""object""], ""fps"": {""gesture"": 8, ""object"": 10}, ""eff_fps"": {""gesture"": 6, ""object"": 10}, ""latency_ms"": {""gesture"": 0, ""object"": 0}, ""svclat_ms"": {""gesture"": 72.35, ""object"": 36.73}}, ""z4"": {""services"": [""gesture"", ""object""], ""fps"": {""gesture"": 10, ""object"": 10}, ""eff_fps"": {""gesture"": 10, ""object"": 10}, ""latency_ms"": {""gesture"": 0, ""object"": 0}, ""svclat_ms"": {""gesture"": 21.16, ""object"": 35.77}}, ""z5"": {""services"": [""gesture"", ""object""], ""fps"": {""gesture"": 10, ""object"": 10}, ""eff_fps"": {""gesture"": 10, ""object"": 10}, ""latency_ms"": {""gesture"": 0, ""object"": 0}, ""svclat_ms"": {""gesture"": 16.76, ""object"": 37.17}}, ""z6"": {""services"": [""gesture"", ""object""], ""fps"": {""gesture"": 10, ""object"": 10}, ""eff_fps"": {""gesture"": 10, ""object"": 10}, ""latency_ms"": {""gesture"": 0, ""object"": 0}, ""svclat_ms"": {""gesture"": 15.59, ""object"": 35.91}}, ""z7"": {""services"": [""gesture"", ""object""], ""fps"": {""gesture"": 10, ""object"": 10}, ""eff_fps"": {""gesture"": 10, ""object"": 10}, ""latency_ms"": {""gesture"": 0, ""object"": 0}, ""svclat_ms"": {""gesture"": 16.85, ""object"": 37.37}}, ""z8"": {""services"": [""gesture"", ""object""], ""fps"": {""gesture"": 10, ""object"": 10}, ""eff_fps"": {""gesture"": 10, ""object"": 10}, ""latency_ms"": {""gesture"": 0, ""object"": 0}, ""svclat_ms"": {""gesture"": 16.52, ""object"": 27.87}}, ""z9"": {""services"": [""gesture"", ""object""], ""fps"": {""gesture"": 0, ""object"": 0}, ""eff_fps"": {""gesture"": 0, ""object"": 0}, ""latency_ms"": {""gesture"": 0, ""object"": 0}, ""svclat_ms"": {""gesture"": 0.0, ""object"": 0.0}}, ""z10"": {""services"": [""gesture"", ""object""], ""fps"": {""gesture"": 0, ""object"": 0}, ""eff_fps"": {""gesture"": 0, ""object"": 0}, ""latency_ms"": {""gesture"": 0, ""object"": 0}, ""svclat_ms"": {""gesture"": 0.0, ""object"": 0.0}}}"
108.5,21,20,0.952,0,0,3,5,5,1.0,476.0,400,0.84,0.0,0.25,0.0,8.58,9.6,10.0,6.92,7.07,10.0,0,0,0,92.77,65.34,32.29,375,"{""ip-172-31-0-204"": ""healthy"", ""ip-172-31-1-171"": ""healthy"", ""ip-172-31-10-12"": ""healthy"", ""ip-172-31-11-132"": ""healthy"", ""ip-172-31-13-134"": ""healthy"", ""ip-172-31-14-68"": ""healthy"", ""ip-172-31-40-239"": ""healthy""}",subscribe,11.6,0.3333,0,0,"{""ip-172-31-1-171"": {""pose"": 1}, ""ip-172-31-11-132"": {""gesture"": 1}, ""ip-172-31-13-134"": {""gesture"": 1}, ""ip-172-31-10-12"": {""pose"": 1}, ""ip-172-31-0-204"": {""object"": 1}}","{""a1"": {""services"": [""pose"", ""gesture""], ""fps"": {""pose"": 8, ""gesture"": 9}, ""eff_fps"": {""pose"": 5, ""gesture"": 0}, ""latency_ms"": {""pose"": 0, ""gesture"": 0}, ""svclat_ms"": {""pose"": 136.09, ""gesture"": 105.53}}, ""a2"": {""services"": [""pose"", ""gesture""], ""fps"": {""pose"": 7, ""gesture"": 9}, ""eff_fps"": {""pose"": 6, ""gesture"": 0}, ""latency_ms"": {""pose"": 0, ""gesture"": 0}, ""svclat_ms"": {""pose"": 126.68, ""gesture"": 105.48}}, ""a3"": {""services"": [""pose"", ""gesture""], ""fps"": {""pose"": 9, ""gesture"": 10}, ""eff_fps"": {""pose"": 6, ""gesture"": 0}, ""latency_ms"": {""pose"": 0, ""gesture"": 0}, ""svclat_ms"": {""pose"": 128.28, ""gesture"": 106.19}}, ""a4"": {""services"": [""pose"", ""gesture""], ""fps"": {""pose"": 9, ""gesture"": 9}, ""eff_fps"": {""pose"": 6, ""gesture"": 0}, ""latency_ms"": {""pose"": 0, ""gesture"": 0}, ""svclat_ms"": {""pose"": 129.51, ""gesture"": 106.13}}, ""a5"": {""services"": [""pose"", ""gesture""], ""fps"": {""pose"": 9, ""gesture"": 9}, ""eff_fps"": {""pose"": 5, ""gesture"": 0}, ""latency_ms"": {""pose"": 0, ""gesture"": 0}, ""svclat_ms"": {""pose"": 111.9, ""gesture"": 106.72}}, ""a6"": {""services"": [""pose"", ""gesture""], ""fps"": {""pose"": 7, ""gesture"": 9}, ""eff_fps"": {""pose"": 5, ""gesture"": 2}, ""latency_ms"": {""pose"": 0, ""gesture"": 0}, ""svclat_ms"": {""pose"": 132.93, ""gesture"": 103.43}}, ""a7"": {""services"": [""pose"", ""gesture""], ""fps"": {""pose"": 7, ""gesture"": 10}, ""eff_fps"": {""pose"": 5, ""gesture"": 2}, ""latency_ms"": {""pose"": 0, ""gesture"": 0}, ""svclat_ms"": {""pose"": 129.31, ""gesture"": 103.91}}, ""a8"": {""services"": [""pose"", ""gesture""], ""fps"": {""pose"": 7, ""gesture"": 9}, ""eff_fps"": {""pose"": 5, ""gesture"": 2}, ""latency_ms"": {""pose"": 0, ""gesture"": 0}, ""svclat_ms"": {""pose"": 132.7, ""gesture"": 103.75}}, ""a9"": {""services"": [""pose"", ""gesture""], ""fps"": {""pose"": 10, ""gesture"": 10}, ""eff_fps"": {""pose"": 10, ""gesture"": 2}, ""latency_ms"": {""pose"": 0, ""gesture"": 0}, ""svclat_ms"": {""pose"": 21.21, ""gesture"": 104.39}}, ""a10"": {""services"": [""pose"", ""gesture""], ""fps"": {""pose"": 10, ""gesture"": 9}, ""eff_fps"": {""pose"": 10, ""gesture"": 1}, ""latency_ms"": {""pose"": 0, ""gesture"": 0}, ""svclat_ms"": {""pose"": 21.68, ""gesture"": 103.98}}, ""a11"": {""services"": [""pose"", ""gesture""], ""fps"": {""pose"": 10, ""gesture"": 9}, ""eff_fps"": {""pose"": 10, ""gesture"": 0}, ""latency_ms"": {""pose"": 0, ""gesture"": 0}, ""svclat_ms"": {""pose"": 21.73, ""gesture"": 106.8}}, ""a12"": {""services"": [""pose"", ""gesture""], ""fps"": {""pose"": 10, ""gesture"": 10}, ""eff_fps"": {""pose"": 10, ""gesture"": 10}, ""latency_ms"": {""pose"": 0, ""gesture"": 0}, ""svclat_ms"": {""pose"": 21.2, ""gesture"": 16.45}}, ""z1"": {""services"": [""gesture"", ""object""], ""fps"": {""gesture"": 10, ""object"": 10}, ""eff_fps"": {""gesture"": 10, ""object"": 10}, ""latency_ms"": {""gesture"": 0, ""object"": 0}, ""svclat_ms"": {""gesture"": 17.16, ""object"": 21.83}}, ""z2"": {""services"": [""gesture"", ""object""], ""fps"": {""gesture"": 10, ""object"": 10}, ""eff_fps"": {""gesture"": 10, ""object"": 10}, ""latency_ms"": {""gesture"": 0, ""object"": 0}, ""svclat_ms"": {""gesture"": 16.95, ""object"": 24.09}}, ""z3"": {""services"": [""gesture"", ""object""], ""fps"": {""gesture"": 10, ""object"": 10}, ""eff_fps"": {""gesture"": 10, ""object"": 10}, ""latency_ms"": {""gesture"": 0, ""object"": 0}, ""svclat_ms"": {""gesture"": 17.36, ""object"": 37.38}}, ""z4"": {""services"": [""gesture"", ""object""], ""fps"": {""gesture"": 10, ""object"": 10}, ""eff_fps"": {""gesture"": 10, ""object"": 10}, ""latency_ms"": {""gesture"": 0, ""object"": 0}, ""svclat_ms"": {""gesture"": 17.0, ""object"": 34.86}}, ""z5"": {""services"": [""gesture"", ""object""], ""fps"": {""gesture"": 10, ""object"": 10}, ""eff_fps"": {""gesture"": 10, ""object"": 10}, ""latency_ms"": {""gesture"": 0, ""object"": 0}, ""svclat_ms"": {""gesture"": 16.21, ""object"": 37.74}}, ""z6"": {""services"": [""gesture"", ""object""], ""fps"": {""gesture"": 10, ""object"": 10}, ""eff_fps"": {""gesture"": 10, ""object"": 10}, ""latency_ms"": {""gesture"": 0, ""object"": 0}, ""svclat_ms"": {""gesture"": 15.73, ""object"": 36.49}}, ""z7"": {""services"": [""gesture"", ""object""], ""fps"": {""gesture"": 10, ""object"": 10}, ""eff_fps"": {""gesture"": 10, ""object"": 10}, ""latency_ms"": {""gesture"": 0, ""object"": 0}, ""svclat_ms"": {""gesture"": 17.03, ""object"": 37.28}}, ""z8"": {""services"": [""gesture"", ""object""], ""fps"": {""gesture"": 10, ""object"": 10}, ""eff_fps"": {""gesture"": 10, ""object"": 10}, ""latency_ms"": {""gesture"": 0, ""object"": 0}, ""svclat_ms"": {""gesture"": 16.69, ""object"": 28.65}}, ""z9"": {""services"": [""gesture"", ""object""], ""fps"": {""gesture"": 0, ""object"": 0}, ""eff_fps"": {""gesture"": 0, ""object"": 0}, ""latency_ms"": {""gesture"": 0, ""object"": 0}, ""svclat_ms"": {""gesture"": 0.0, ""object"": 0.0}}, ""z10"": {""services"": [""gesture"", ""object""], ""fps"": {""gesture"": 0, ""object"": 0}, ""eff_fps"": {""gesture"": 0, ""object"": 0}, ""latency_ms"": {""gesture"": 0, ""object"": 0}, ""svclat_ms"": {""gesture"": 0.0, ""object"": 0.0}}}"
110.9,21,20,0.952,0,0,3,5,5,1.0,476.0,400,0.84,0.0,0.25,0.0,9.92,10.25,10.0,7.75,8.05,10.0,0,0,0,67.61,54.37,31.23,404,"{""ip-172-31-0-204"": ""healthy"", ""ip-172-31-1-171"": ""healthy"", ""ip-172-31-10-12"": ""healthy"", ""ip-172-31-11-132"": ""healthy"", ""ip-172-31-13-134"": ""healthy"", ""ip-172-31-14-68"": ""healthy"", ""ip-172-31-40-239"": ""healthy""}",subscribe,11.6,0.3333,0,0,"{""ip-172-31-1-171"": {""pose"": 1}, ""ip-172-31-11-132"": {""gesture"": 1}, ""ip-172-31-13-134"": {""gesture"": 1}, ""ip-172-31-10-12"": {""pose"": 1}, ""ip-172-31-0-204"": {""object"": 1}}","{""a1"": {""services"": [""pose"", ""gesture""], ""fps"": {""pose"": 9, ""gesture"": 10}, ""eff_fps"": {""pose"": 4, ""gesture"": 3}, ""latency_ms"": {""pose"": 0, ""gesture"": 0}, ""svclat_ms"": {""pose"": 101.9, ""gesture"": 101.3}}, ""a2"": {""services"": [""pose"", ""gesture""], ""fps"": {""pose"": 10, ""gesture"": 10}, ""eff_fps"": {""pose"": 3, ""gesture"": 3}, ""latency_ms"": {""pose"": 0, ""gesture"": 0}, ""svclat_ms"": {""pose"": 101.55, ""gesture"": 101.18}}, ""a3"": {""services"": [""pose"", ""gesture""], ""fps"": {""pose"": 10, ""gesture"": 10}, ""eff_fps"": {""pose"": 5, ""gesture"": 2}, ""latency_ms"": {""pose"": 0, ""gesture"": 0}, ""svclat_ms"": {""pose"": 99.99, ""gesture"": 99.96}}, ""a4"": {""services"": [""pose"", ""gesture""], ""fps"": {""pose"": 10, ""gesture"": 10}, ""eff_fps"": {""pose"": 5, ""gesture"": 4}, ""latency_ms"": {""pose"": 0, ""gesture"": 0}, ""svclat_ms"": {""pose"": 99.06, ""gesture"": 98.78}}, ""a5"": {""services"": [""pose"", ""gesture""], ""fps"": {""pose"": 10, ""gesture"": 10}, ""eff_fps"": {""pose"": 6, ""gesture"": 3}, ""latency_ms"": {""pose"": 0, ""gesture"": 0}, ""svclat_ms"": {""pose"": 97.11, ""gesture"": 97.72}}, ""a6"": {""services"": [""pose"", ""gesture""], ""fps"": {""pose"": 10, ""gesture"": 11}, ""eff_fps"": {""pose"": 10, ""gesture"": 10}, ""latency_ms"": {""pose"": 0, ""gesture"": 0}, ""svclat_ms"": {""pose"": 74.49, ""gesture"": 69.15}}, ""a7"": {""services"": [""pose"", ""gesture""], ""fps"": {""pose"": 10, ""gesture"": 11}, ""eff_fps"": {""pose"": 10, ""gesture"": 11}, ""latency_ms"": {""pose"": 0, ""gesture"": 0}, ""svclat_ms"": {""pose"": 77.13, ""gesture"": 68.72}}, ""a8"": {""services"": [""pose"", ""gesture""], ""fps"": {""pose"": 10, ""gesture"": 11}, ""eff_fps"": {""pose"": 10, ""gesture"": 10}, ""latency_ms"": {""pose"": 0, ""gesture"": 0}, ""svclat_ms"": {""pose"": 75.08, ""gesture"": 69.01}}, ""a9"": {""services"": [""pose"", ""gesture""], ""fps"": {""pose"": 10, ""gesture"": 11}, ""eff_fps"": {""pose"": 10, ""gesture"": 10}, ""latency_ms"": {""pose"": 0, ""gesture"": 0}, ""svclat_ms"": {""pose"": 21.03, ""gesture"": 67.93}}, ""a10"": {""services"": [""pose"", ""gesture""], ""fps"": {""pose"": 10, ""gesture"": 11}, ""eff_fps"": {""pose"": 10, ""gesture"": 10}, ""latency_ms"": {""pose"": 0, ""gesture"": 0}, ""svclat_ms"": {""pose"": 21.28, ""gesture"": 68.8}}, ""a11"": {""services"": [""pose"", ""gesture""], ""fps"": {""pose"": 10, ""gesture"": 10}, ""eff_fps"": {""pose"": 10, ""gesture"": 5}, ""latency_ms"": {""pose"": 0, ""gesture"": 0}, ""svclat_ms"": {""pose"": 21.49, ""gesture"": 94.28}}, ""a12"": {""services"": [""pose"", ""gesture""], ""fps"": {""pose"": 10, ""gesture"": 10}, ""eff_fps"": {""pose"": 10, ""gesture"": 10}, ""latency_ms"": {""pose"": 0, ""gesture"": 0}, ""svclat_ms"": {""pose"": 21.23, ""gesture"": 16.41}}, ""z1"": {""services"": [""gesture"", ""object""], ""fps"": {""gesture"": 10, ""object"": 10}, ""eff_fps"": {""gesture"": 10, ""object"": 10}, ""latency_ms"": {""gesture"": 0, ""object"": 0}, ""svclat_ms"": {""gesture"": 16.61, ""object"": 21.22}}, ""z2"": {""services"": [""gesture"", ""object""], ""fps"": {""gesture"": 10, ""object"": 10}, ""eff_fps"": {""gesture"": 10, ""object"": 10}, ""latency_ms"": {""gesture"": 0, ""object"": 0}, ""svclat_ms"": {""gesture"": 17.2, ""object"": 23.5}}, ""z3"": {""services"": [""gesture"", ""object""], ""fps"": {""gesture"": 10, ""object"": 10}, ""eff_fps"": {""gesture"": 10, ""object"": 10}, ""latency_ms"": {""gesture"": 0, ""object"": 0}, ""svclat_ms"": {""gesture"": 16.27, ""object"": 36.05}}, ""z4"": {""services"": [""gesture"", ""object""], ""fps"": {""gesture"": 10, ""object"": 10}, ""eff_fps"": {""gesture"": 10, ""object"": 10}, ""latency_ms"": {""gesture"": 0, ""object"": 0}, ""svclat_ms"": {""gesture"": 17.11, ""object"": 35.97}}, ""z5"": {""services"": [""gesture"", ""object""], ""fps"": {""gesture"": 10, ""object"": 10}, ""eff_fps"": {""gesture"": 10, ""object"": 10}, ""latency_ms"": {""gesture"": 0, ""object"": 0}, ""svclat_ms"": {""gesture"": 16.37, ""object"": 35.87}}, ""z6"": {""services"": [""gesture"", ""object""], ""fps"": {""gesture"": 10, ""object"": 10}, ""eff_fps"": {""gesture"": 10, ""object"": 10}, ""latency_ms"": {""gesture"": 0, ""object"": 0}, ""svclat_ms"": {""gesture"": 16.72, ""object"": 34.76}}, ""z7"": {""services"": [""gesture"", ""object""], ""fps"": {""gesture"": 10, ""object"": 10}, ""eff_fps"": {""gesture"": 10, ""object"": 10}, ""latency_ms"": {""gesture"": 0, ""object"": 0}, ""svclat_ms"": {""gesture"": 16.55, ""object"": 35.95}}, ""z8"": {""services"": [""gesture"", ""object""], ""fps"": {""gesture"": 10, ""object"": 10}, ""eff_fps"": {""gesture"": 10, ""object"": 10}, ""latency_ms"": {""gesture"": 0, ""object"": 0}, ""svclat_ms"": {""gesture"": 17.34, ""object"": 26.55}}, ""z9"": {""services"": [""gesture"", ""object""], ""fps"": {""gesture"": 0, ""object"": 0}, ""eff_fps"": {""gesture"": 0, ""object"": 0}, ""latency_ms"": {""gesture"": 0, ""object"": 0}, ""svclat_ms"": {""gesture"": 0.0, ""object"": 0.0}}, ""z10"": {""services"": [""gesture"", ""object""], ""fps"": {""gesture"": 0, ""object"": 0}, ""eff_fps"": {""gesture"": 0, ""object"": 0}, ""latency_ms"": {""gesture"": 0, ""object"": 0}, ""svclat_ms"": {""gesture"": 0.0, ""object"": 0.0}}, ""z11"": {""services"": [""gesture"", ""object""], ""fps"": {""gesture"": 0, ""object"": 0}, ""eff_fps"": {""gesture"": 0, ""object"": 0}, ""latency_ms"": {""gesture"": 0, ""object"": 0}, ""svclat_ms"": {""gesture"": 0.0, ""object"": 0.0}}}"
113.2,21,20,0.952,0,0,3,5,5,1.0,476.0,400,0.84,0.0,0.25,0.0,10.0,10.0,10.0,10.0,10.0,10.0,0,0,0,21.87,16.62,32.22,400,"{""ip-172-31-0-204"": ""healthy"", ""ip-172-31-1-171"": ""healthy"", ""ip-172-31-10-12"": ""healthy"", ""ip-172-31-11-132"": ""healthy"", ""ip-172-31-13-134"": ""healthy"", ""ip-172-31-14-68"": ""healthy"", ""ip-172-31-40-239"": ""healthy""}",subscribe,11.6,0.3333,0,0,"{""ip-172-31-1-171"": {""pose"": 1}, ""ip-172-31-11-132"": {""gesture"": 1}, ""ip-172-31-13-134"": {""gesture"": 1}, ""ip-172-31-10-12"": {""pose"": 1}, ""ip-172-31-0-204"": {""object"": 1}}","{""a1"": {""services"": [""pose"", ""gesture""], ""fps"": {""pose"": 10, ""gesture"": 10}, ""eff_fps"": {""pose"": 10, ""gesture"": 10}, ""latency_ms"": {""pose"": 0, ""gesture"": 0}, ""svclat_ms"": {""pose"": 22.28, ""gesture"": 15.68}}, ""a2"": {""services"": [""pose"", ""gesture""], ""fps"": {""pose"": 10, ""gesture"": 10}, ""eff_fps"": {""pose"": 10, ""gesture"": 10}, ""latency_ms"": {""pose"": 0, ""gesture"": 0}, ""svclat_ms"": {""pose"": 22.88, ""gesture"": 16.55}}, ""a3"": {""services"": [""pose"", ""gesture""], ""fps"": {""pose"": 10, ""gesture"": 10}, ""eff_fps"": {""pose"": 10, ""gesture"": 10}, ""latency_ms"": {""pose"": 0, ""gesture"": 0}, ""svclat_ms"": {""pose"": 22.84, ""gesture"": 16.43}}, ""a4"": {""services"": [""pose"", ""gesture""], ""fps"": {""pose"": 10, ""gesture"": 10}, ""eff_fps"": {""pose"": 10, ""gesture"": 10}, ""latency_ms"": {""pose"": 0, ""gesture"": 0}, ""svclat_ms"": {""pose"": 22.2, ""gesture"": 16.52}}, ""a5"": {""services"": [""pose"", ""gesture""], ""fps"": {""pose"": 10, ""gesture"": 10}, ""eff_fps"": {""pose"": 10, ""gesture"": 10}, ""latency_ms"": {""pose"": 0, ""gesture"": 0}, ""svclat_ms"": {""pose"": 21.94, ""gesture"": 16.52}}, ""a6"": {""services"": [""pose"", ""gesture""], ""fps"": {""pose"": 10, ""gesture"": 10}, ""eff_fps"": {""pose"": 10, ""gesture"": 10}, ""latency_ms"": {""pose"": 0, ""gesture"": 0}, ""svclat_ms"": {""pose"": 21.72, ""gesture"": 17.27}}, ""a7"": {""services"": [""pose"", ""gesture""], ""fps"": {""pose"": 10, ""gesture"": 10}, ""eff_fps"": {""pose"": 10, ""gesture"": 10}, ""latency_ms"": {""pose"": 0, ""gesture"": 0}, ""svclat_ms"": {""pose"": 21.93, ""gesture"": 17.06}}, ""a8"": {""services"": [""pose"", ""gesture""], ""fps"": {""pose"": 10, ""gesture"": 10}, ""eff_fps"": {""pose"": 10, ""gesture"": 10}, ""latency_ms"": {""pose"": 0, ""gesture"": 0}, ""svclat_ms"": {""pose"": 21.76, ""gesture"": 17.17}}, ""a9"": {""services"": [""pose"", ""gesture""], ""fps"": {""pose"": 10, ""gesture"": 10}, ""eff_fps"": {""pose"": 10, ""gesture"": 10}, ""latency_ms"": {""pose"": 0, ""gesture"": 0}, ""svclat_ms"": {""pose"": 21.4, ""gesture"": 16.3}}, ""a10"": {""services"": [""pose"", ""gesture""], ""fps"": {""pose"": 10, ""gesture"": 10}, ""eff_fps"": {""pose"": 10, ""gesture"": 10}, ""latency_ms"": {""pose"": 0, ""gesture"": 0}, ""svclat_ms"": {""pose"": 20.98, ""gesture"": 16.84}}, ""a11"": {""services"": [""pose"", ""gesture""], ""fps"": {""pose"": 10, ""gesture"": 10}, ""eff_fps"": {""pose"": 10, ""gesture"": 10}, ""latency_ms"": {""pose"": 0, ""gesture"": 0}, ""svclat_ms"": {""pose"": 21.15, ""gesture"": 16.74}}, ""a12"": {""services"": [""pose"", ""gesture""], ""fps"": {""pose"": 10, ""gesture"": 10}, ""eff_fps"": {""pose"": 10, ""gesture"": 10}, ""latency_ms"": {""pose"": 0, ""gesture"": 0}, ""svclat_ms"": {""pose"": 21.34, ""gesture"": 16.44}}, ""z1"": {""services"": [""gesture"", ""object""], ""fps"": {""gesture"": 10, ""object"": 10}, ""eff_fps"": {""gesture"": 10, ""object"": 10}, ""latency_ms"": {""gesture"": 0, ""object"": 0}, ""svclat_ms"": {""gesture"": 16.77, ""object"": 21.85}}, ""z2"": {""services"": [""gesture"", ""object""], ""fps"": {""gesture"": 10, ""object"": 10}, ""eff_fps"": {""gesture"": 10, ""object"": 10}, ""latency_ms"": {""gesture"": 0, ""object"": 0}, ""svclat_ms"": {""gesture"": 17.35, ""object"": 24.19}}, ""z3"": {""services"": [""gesture"", ""object""], ""fps"": {""gesture"": 10, ""object"": 10}, ""eff_fps"": {""gesture"": 10, ""object"": 10}, ""latency_ms"": {""gesture"": 0, ""object"": 0}, ""svclat_ms"": {""gesture"": 16.68, ""object"": 36.26}}, ""z4"": {""services"": [""gesture"", ""object""], ""fps"": {""gesture"": 10, ""object"": 10}, ""eff_fps"": {""gesture"": 10, ""object"": 10}, ""latency_ms"": {""gesture"": 0, ""object"": 0}, ""svclat_ms"": {""gesture"": 17.09, ""object"": 35.96}}, ""z5"": {""services"": [""gesture"", ""object""], ""fps"": {""gesture"": 10, ""object"": 10}, ""eff_fps"": {""gesture"": 10, ""object"": 10}, ""latency_ms"": {""gesture"": 0, ""object"": 0}, ""svclat_ms"": {""gesture"": 16.13, ""object"": 38.11}}, ""z6"": {""services"": [""gesture"", ""object""], ""fps"": {""gesture"": 10, ""object"": 10}, ""eff_fps"": {""gesture"": 10, ""object"": 10}, ""latency_ms"": {""gesture"": 0, ""object"": 0}, ""svclat_ms"": {""gesture"": 15.77, ""object"": 36.9}}, ""z7"": {""services"": [""gesture"", ""object""], ""fps"": {""gesture"": 10, ""object"": 10}, ""eff_fps"": {""gesture"": 10, ""object"": 10}, ""latency_ms"": {""gesture"": 0, ""object"": 0}, ""svclat_ms"": {""gesture"": 16.37, ""object"": 37.81}}, ""z8"": {""services"": [""gesture"", ""object""], ""fps"": {""gesture"": 10, ""object"": 10}, ""eff_fps"": {""gesture"": 10, ""object"": 10}, ""latency_ms"": {""gesture"": 0, ""object"": 0}, ""svclat_ms"": {""gesture"": 16.76, ""object"": 26.66}}, ""z9"": {""services"": [""gesture"", ""object""], ""fps"": {""gesture"": 0, ""object"": 0}, ""eff_fps"": {""gesture"": 0, ""object"": 0}, ""latency_ms"": {""gesture"": 0, ""object"": 0}, ""svclat_ms"": {""gesture"": 0.0, ""object"": 0.0}}, ""z10"": {""services"": [""gesture"", ""object""], ""fps"": {""gesture"": 0, ""object"": 0}, ""eff_fps"": {""gesture"": 0, ""object"": 0}, ""latency_ms"": {""gesture"": 0, ""object"": 0}, ""svclat_ms"": {""gesture"": 0.0, ""object"": 0.0}}, ""z11"": {""services"": [""gesture"", ""object""], ""fps"": {""gesture"": 0, ""object"": 0}, ""eff_fps"": {""gesture"": 0, ""object"": 0}, ""latency_ms"": {""gesture"": 0, ""object"": 0}, ""svclat_ms"": {""gesture"": 0.0, ""object"": 0.0}}}"
117.2,22,21,0.955,3,2,8,6,6,1.0,558.0,420,0.753,0.0,0.29,0.0,10.0,10.0,10.0,10.0,10.0,10.0,0,0,0,22.58,18.2,28.3,440,"{""ip-172-31-0-204"": ""healthy"", ""ip-172-31-1-171"": ""healthy"", ""ip-172-31-10-12"": ""healthy"", ""ip-172-31-11-132"": ""healthy"", ""ip-172-31-13-134"": ""healthy"", ""ip-172-31-14-68"": ""healthy"", ""ip-172-31-40-239"": ""healthy""}",subscribe,9.1,0.3333,0,0,"{""ip-172-31-13-134"": {""gesture"": 1}, ""ip-172-31-10-12"": {""pose"": 1}, ""ip-172-31-0-204"": {""object"": 1}, ""ip-172-31-1-171"": {""object"": 1}, ""ip-172-31-11-132"": {""pose"": 1}, ""ip-172-31-14-68"": {""gesture"": 1}}","{""a1"": {""services"": [""pose"", ""gesture""], ""fps"": {""pose"": 10, ""gesture"": 10}, ""eff_fps"": {""pose"": 10, ""gesture"": 10}, ""latency_ms"": {""pose"": 0, ""gesture"": 0}, ""svclat_ms"": {""pose"": 23.05, ""gesture"": 16.23}}, ""a2"": {""services"": [""pose"", ""gesture""], ""fps"": {""pose"": 10, ""gesture"": 10}, ""eff_fps"": {""pose"": 10, ""gesture"": 10}, ""latency_ms"": {""pose"": 0, ""gesture"": 0}, ""svclat_ms"": {""pose"": 23.53, ""gesture"": 17.12}}, ""a3"": {""services"": [""pose"", ""gesture""], ""fps"": {""pose"": 10, ""gesture"": 10}, ""eff_fps"": {""pose"": 10, ""gesture"": 10}, ""latency_ms"": {""pose"": 0, ""gesture"": 0}, ""svclat_ms"": {""pose"": 24.42, ""gesture"": 16.97}}, ""a4"": {""services"": [""pose"", ""gesture""], ""fps"": {""pose"": 10, ""gesture"": 10}, ""eff_fps"": {""pose"": 10, ""gesture"": 10}, ""latency_ms"": {""pose"": 0, ""gesture"": 0}, ""svclat_ms"": {""pose"": 22.97, ""gesture"": 16.62}}, ""a5"": {""services"": [""pose"", ""gesture""], ""fps"": {""pose"": 10, ""gesture"": 10}, ""eff_fps"": {""pose"": 10, ""gesture"": 10}, ""latency_ms"": {""pose"": 0, ""gesture"": 0}, ""svclat_ms"": {""pose"": 23.51, ""gesture"": 16.84}}, ""a6"": {""services"": [""pose"", ""gesture""], ""fps"": {""pose"": 10, ""gesture"": 10}, ""eff_fps"": {""pose"": 10, ""gesture"": 10}, ""latency_ms"": {""pose"": 0, ""gesture"": 0}, ""svclat_ms"": {""pose"": 22.47, ""gesture"": 17.46}}, ""a7"": {""services"": [""pose"", ""gesture""], ""fps"": {""pose"": 10, ""gesture"": 10}, ""eff_fps"": {""pose"": 10, ""gesture"": 10}, ""latency_ms"": {""pose"": 0, ""gesture"": 0}, ""svclat_ms"": {""pose"": 22.52, ""gesture"": 17.11}}, ""a8"": {""services"": [""pose"", ""gesture""], ""fps"": {""pose"": 10, ""gesture"": 10}, ""eff_fps"": {""pose"": 10, ""gesture"": 10}, ""latency_ms"": {""pose"": 0, ""gesture"": 0}, ""svclat_ms"": {""pose"": 21.69, ""gesture"": 17.26}}, ""a9"": {""services"": [""pose"", ""gesture""], ""fps"": {""pose"": 10, ""gesture"": 10}, ""eff_fps"": {""pose"": 10, ""gesture"": 10}, ""latency_ms"": {""pose"": 0, ""gesture"": 0}, ""svclat_ms"": {""pose"": 22.21, ""gesture"": 16.76}}, ""a10"": {""services"": [""pose"", ""gesture""], ""fps"": {""pose"": 10, ""gesture"": 10}, ""eff_fps"": {""pose"": 10, ""gesture"": 10}, ""latency_ms"": {""pose"": 0, ""gesture"": 0}, ""svclat_ms"": {""pose"": 21.09, ""gesture"": 16.91}}, ""a11"": {""services"": [""pose"", ""gesture""], ""fps"": {""pose"": 10, ""gesture"": 10}, ""eff_fps"": {""pose"": 10, ""gesture"": 10}, ""latency_ms"": {""pose"": 0, ""gesture"": 0}, ""svclat_ms"": {""pose"": 20.97, ""gesture"": 16.83}}, ""a12"": {""services"": [""pose"", ""gesture""], ""fps"": {""pose"": 10, ""gesture"": 10}, ""eff_fps"": {""pose"": 10, ""gesture"": 10}, ""latency_ms"": {""pose"": 0, ""gesture"": 0}, ""svclat_ms"": {""pose"": 22.48, ""gesture"": 17.21}}, ""z1"": {""services"": [""gesture"", ""object""], ""fps"": {""gesture"": 10, ""object"": 10}, ""eff_fps"": {""gesture"": 10, ""object"": 10}, ""latency_ms"": {""gesture"": 0, ""object"": 0}, ""svclat_ms"": {""gesture"": 15.65, ""object"": 20.99}}, ""z2"": {""services"": [""gesture"", ""object""], ""fps"": {""gesture"": 10, ""object"": 10}, ""eff_fps"": {""gesture"": 10, ""object"": 10}, ""latency_ms"": {""gesture"": 0, ""object"": 0}, ""svclat_ms"": {""gesture"": 18.27, ""object"": 23.21}}, ""z3"": {""services"": [""gesture"", ""object""], ""fps"": {""gesture"": 10, ""object"": 10}, ""eff_fps"": {""gesture"": 10, ""object"": 10}, ""latency_ms"": {""gesture"": 0, ""object"": 0}, ""svclat_ms"": {""gesture"": 21.77, ""object"": 37.21}}, ""z4"": {""services"": [""gesture"", ""object""], ""fps"": {""gesture"": 10, ""object"": 10}, ""eff_fps"": {""gesture"": 10, ""object"": 10}, ""latency_ms"": {""gesture"": 0, ""object"": 0}, ""svclat_ms"": {""gesture"": 27.14, ""object"": 34.59}}, ""z5"": {""services"": [""gesture"", ""object""], ""fps"": {""gesture"": 10, ""object"": 10}, ""eff_fps"": {""gesture"": 10, ""object"": 10}, ""latency_ms"": {""gesture"": 0, ""object"": 0}, ""svclat_ms"": {""gesture"": 18.26, ""object"": 36.24}}, ""z6"": {""services"": [""gesture"", ""object""], ""fps"": {""gesture"": 10, ""object"": 10}, ""eff_fps"": {""gesture"": 10, ""object"": 10}, ""latency_ms"": {""gesture"": 0, ""object"": 0}, ""svclat_ms"": {""gesture"": 16.71, ""object"": 35.0}}, ""z7"": {""services"": [""gesture"", ""object""], ""fps"": {""gesture"": 10, ""object"": 10}, ""eff_fps"": {""gesture"": 10, ""object"": 10}, ""latency_ms"": {""gesture"": 0, ""object"": 0}, ""svclat_ms"": {""gesture"": 24.81, ""object"": 36.71}}, ""z8"": {""services"": [""gesture"", ""object""], ""fps"": {""gesture"": 10, ""object"": 10}, ""eff_fps"": {""gesture"": 10, ""object"": 10}, ""latency_ms"": {""gesture"": 0, ""object"": 0}, ""svclat_ms"": {""gesture"": 16.04, ""object"": 26.62}}, ""z9"": {""services"": [""gesture"", ""object""], ""fps"": {""gesture"": 10, ""object"": 10}, ""eff_fps"": {""gesture"": 10, ""object"": 10}, ""latency_ms"": {""gesture"": 0, ""object"": 0}, ""svclat_ms"": {""gesture"": 15.7, ""object"": 15.88}}, ""z10"": {""services"": [""gesture"", ""object""], ""fps"": {""gesture"": 10, ""object"": 10}, ""eff_fps"": {""gesture"": 10, ""object"": 10}, ""latency_ms"": {""gesture"": 0, ""object"": 0}, ""svclat_ms"": {""gesture"": 22.81, ""object"": 16.58}}, ""z11"": {""services"": [""gesture"", ""object""], ""fps"": {""gesture"": 0, ""object"": 0}, ""eff_fps"": {""gesture"": 0, ""object"": 0}, ""latency_ms"": {""gesture"": 0, ""object"": 0}, ""svclat_ms"": {""gesture"": 0.0, ""object"": 0.0}}, ""z12"": {""services"": [""gesture"", ""object""], ""fps"": {""gesture"": 0, ""object"": 0}, ""eff_fps"": {""gesture"": 0, ""object"": 0}, ""latency_ms"": {""gesture"": 0, ""object"": 0}, ""svclat_ms"": {""gesture"": 0.0, ""object"": 0.0}}}"
119.5,23,22,0.957,0,0,8,6,6,1.0,558.0,440,0.789,0.0,0.27,0.0,10.0,10.0,10.0,10.0,10.0,10.0,0,0,0,22.0,18.33,29.57,440,"{""ip-172-31-0-204"": ""healthy"", ""ip-172-31-1-171"": ""healthy"", ""ip-172-31-10-12"": ""healthy"", ""ip-172-31-11-132"": ""healthy"", ""ip-172-31-13-134"": ""healthy"", ""ip-172-31-14-68"": ""healthy"", ""ip-172-31-40-239"": ""healthy""}",subscribe,9.4,0.3333,0,0,"{""ip-172-31-13-134"": {""gesture"": 1}, ""ip-172-31-10-12"": {""pose"": 1}, ""ip-172-31-0-204"": {""object"": 1}, ""ip-172-31-1-171"": {""object"": 1}, ""ip-172-31-11-132"": {""pose"": 1}, ""ip-172-31-14-68"": {""gesture"": 1}}","{""a1"": {""services"": [""pose"", ""gesture""], ""fps"": {""pose"": 10, ""gesture"": 10}, ""eff_fps"": {""pose"": 10, ""gesture"": 10}, ""latency_ms"": {""pose"": 0, ""gesture"": 0}, ""svclat_ms"": {""pose"": 22.27, ""gesture"": 15.89}}, ""a2"": {""services"": [""pose"", ""gesture""], ""fps"": {""pose"": 10, ""gesture"": 10}, ""eff_fps"": {""pose"": 10, ""gesture"": 10}, ""latency_ms"": {""pose"": 0, ""gesture"": 0}, ""svclat_ms"": {""pose"": 22.0, ""gesture"": 16.45}}, ""a3"": {""services"": [""pose"", ""gesture""], ""fps"": {""pose"": 10, ""gesture"": 10}, ""eff_fps"": {""pose"": 10, ""gesture"": 10}, ""latency_ms"": {""pose"": 0, ""gesture"": 0}, ""svclat_ms"": {""pose"": 22.69, ""gesture"": 17.09}}, ""a4"": {""services"": [""pose"", ""gesture""], ""fps"": {""pose"": 10, ""gesture"": 10}, ""eff_fps"": {""pose"": 10, ""gesture"": 10}, ""latency_ms"": {""pose"": 0, ""gesture"": 0}, ""svclat_ms"": {""pose"": 22.33, ""gesture"": 16.84}}, ""a5"": {""services"": [""pose"", ""gesture""], ""fps"": {""pose"": 10, ""gesture"": 10}, ""eff_fps"": {""pose"": 10, ""gesture"": 10}, ""latency_ms"": {""pose"": 0, ""gesture"": 0}, ""svclat_ms"": {""pose"": 22.16, ""gesture"": 16.95}}, ""a6"": {""services"": [""pose"", ""gesture""], ""fps"": {""pose"": 10, ""gesture"": 10}, ""eff_fps"": {""pose"": 10, ""gesture"": 10}, ""latency_ms"": {""pose"": 0, ""gesture"": 0}, ""svclat_ms"": {""pose"": 21.69, ""gesture"": 17.98}}, ""a7"": {""services"": [""pose"", ""gesture""], ""fps"": {""pose"": 10, ""gesture"": 10}, ""eff_fps"": {""pose"": 10, ""gesture"": 10}, ""latency_ms"": {""pose"": 0, ""gesture"": 0}, ""svclat_ms"": {""pose"": 21.02, ""gesture"": 17.68}}, ""a8"": {""services"": [""pose"", ""gesture""], ""fps"": {""pose"": 10, ""gesture"": 10}, ""eff_fps"": {""pose"": 10, ""gesture"": 10}, ""latency_ms"": {""pose"": 0, ""gesture"": 0}, ""svclat_ms"": {""pose"": 21.57, ""gesture"": 17.64}}, ""a9"": {""services"": [""pose"", ""gesture""], ""fps"": {""pose"": 10, ""gesture"": 10}, ""eff_fps"": {""pose"": 10, ""gesture"": 10}, ""latency_ms"": {""pose"": 0, ""gesture"": 0}, ""svclat_ms"": {""pose"": 22.84, ""gesture"": 16.37}}, ""a10"": {""services"": [""pose"", ""gesture""], ""fps"": {""pose"": 10, ""gesture"": 10}, ""eff_fps"": {""pose"": 10, ""gesture"": 10}, ""latency_ms"": {""pose"": 0, ""gesture"": 0}, ""svclat_ms"": {""pose"": 21.64, ""gesture"": 17.0}}, ""a11"": {""services"": [""pose"", ""gesture""], ""fps"": {""pose"": 10, ""gesture"": 10}, ""eff_fps"": {""pose"": 10, ""gesture"": 10}, ""latency_ms"": {""pose"": 0, ""gesture"": 0}, ""svclat_ms"": {""pose"": 21.21, ""gesture"": 17.19}}, ""a12"": {""services"": [""pose"", ""gesture""], ""fps"": {""pose"": 10, ""gesture"": 10}, ""eff_fps"": {""pose"": 10, ""gesture"": 10}, ""latency_ms"": {""pose"": 0, ""gesture"": 0}, ""svclat_ms"": {""pose"": 22.59, ""gesture"": 17.01}}, ""z1"": {""services"": [""gesture"", ""object""], ""fps"": {""gesture"": 10, ""object"": 10}, ""eff_fps"": {""gesture"": 10, ""object"": 10}, ""latency_ms"": {""gesture"": 0, ""object"": 0}, ""svclat_ms"": {""gesture"": 16.3, ""object"": 21.44}}, ""z2"": {""services"": [""gesture"", ""object""], ""fps"": {""gesture"": 10, ""object"": 10}, ""eff_fps"": {""gesture"": 10, ""object"": 10}, ""latency_ms"": {""gesture"": 0, ""object"": 0}, ""svclat_ms"": {""gesture"": 18.14, ""object"": 25.5}}, ""z3"": {""services"": [""gesture"", ""object""], ""fps"": {""gesture"": 10, ""object"": 10}, ""eff_fps"": {""gesture"": 10, ""object"": 10}, ""latency_ms"": {""gesture"": 0, ""object"": 0}, ""svclat_ms"": {""gesture"": 23.63, ""object"": 38.21}}, ""z4"": {""services"": [""gesture"", ""object""], ""fps"": {""gesture"": 10, ""object"": 10}, ""eff_fps"": {""gesture"": 10, ""object"": 10}, ""latency_ms"": {""gesture"": 0, ""object"": 0}, ""svclat_ms"": {""gesture"": 26.62, ""object"": 34.55}}, ""z5"": {""services"": [""gesture"", ""object""], ""fps"": {""gesture"": 10, ""object"": 10}, ""eff_fps"": {""gesture"": 10, ""object"": 10}, ""latency_ms"": {""gesture"": 0, ""object"": 0}, ""svclat_ms"": {""gesture"": 18.86, ""object"": 38.59}}, ""z6"": {""services"": [""gesture"", ""object""], ""fps"": {""gesture"": 10, ""object"": 10}, ""eff_fps"": {""gesture"": 10, ""object"": 10}, ""latency_ms"": {""gesture"": 0, ""object"": 0}, ""svclat_ms"": {""gesture"": 16.79, ""object"": 37.21}}, ""z7"": {""services"": [""gesture"", ""object""], ""fps"": {""gesture"": 10, ""object"": 10}, ""eff_fps"": {""gesture"": 10, ""object"": 10}, ""latency_ms"": {""gesture"": 0, ""object"": 0}, ""svclat_ms"": {""gesture"": 25.02, ""object"": 38.08}}, ""z8"": {""services"": [""gesture"", ""object""], ""fps"": {""gesture"": 10, ""object"": 10}, ""eff_fps"": {""gesture"": 10, ""object"": 10}, ""latency_ms"": {""gesture"": 0, ""object"": 0}, ""svclat_ms"": {""gesture"": 16.16, ""object"": 28.54}}, ""z9"": {""services"": [""gesture"", ""object""], ""fps"": {""gesture"": 10, ""object"": 10}, ""eff_fps"": {""gesture"": 10, ""object"": 10}, ""latency_ms"": {""gesture"": 0, ""object"": 0}, ""svclat_ms"": {""gesture"": 15.44, ""object"": 16.54}}, ""z10"": {""services"": [""gesture"", ""object""], ""fps"": {""gesture"": 10, ""object"": 10}, ""eff_fps"": {""gesture"": 10, ""object"": 10}, ""latency_ms"": {""gesture"": 0, ""object"": 0}, ""svclat_ms"": {""gesture"": 22.17, ""object"": 17.03}}, ""z11"": {""services"": [""gesture"", ""object""], ""fps"": {""gesture"": 0, ""object"": 0}, ""eff_fps"": {""gesture"": 0, ""object"": 0}, ""latency_ms"": {""gesture"": 0, ""object"": 0}, ""svclat_ms"": {""gesture"": 0.0, ""object"": 0.0}}, ""z12"": {""services"": [""gesture"", ""object""], ""fps"": {""gesture"": 0, ""object"": 0}, ""eff_fps"": {""gesture"": 0, ""object"": 0}, ""latency_ms"": {""gesture"": 0, ""object"": 0}, ""svclat_ms"": {""gesture"": 0.0, ""object"": 0.0}}}"
121.9,23,22,0.957,0,0,8,6,6,1.0,558.0,440,0.789,0.0,0.27,0.0,10.0,10.0,10.0,10.0,10.0,10.0,0,0,0,22.58,18.25,28.42,440,"{""ip-172-31-0-204"": ""healthy"", ""ip-172-31-1-171"": ""healthy"", ""ip-172-31-10-12"": ""healthy"", ""ip-172-31-11-132"": ""healthy"", ""ip-172-31-13-134"": ""healthy"", ""ip-172-31-14-68"": ""healthy"", ""ip-172-31-40-239"": ""healthy""}",subscribe,9.4,0.3333,0,0,"{""ip-172-31-13-134"": {""gesture"": 1}, ""ip-172-31-10-12"": {""pose"": 1}, ""ip-172-31-0-204"": {""object"": 1}, ""ip-172-31-1-171"": {""object"": 1}, ""ip-172-31-11-132"": {""pose"": 1}, ""ip-172-31-14-68"": {""gesture"": 1}}","{""a1"": {""services"": [""pose"", ""gesture""], ""fps"": {""pose"": 10, ""gesture"": 10}, ""eff_fps"": {""pose"": 10, ""gesture"": 10}, ""latency_ms"": {""pose"": 0, ""gesture"": 0}, ""svclat_ms"": {""pose"": 23.16, ""gesture"": 15.61}}, ""a2"": {""services"": [""pose"", ""gesture""], ""fps"": {""pose"": 10, ""gesture"": 10}, ""eff_fps"": {""pose"": 10, ""gesture"": 10}, ""latency_ms"": {""pose"": 0, ""gesture"": 0}, ""svclat_ms"": {""pose"": 23.36, ""gesture"": 16.35}}, ""a3"": {""services"": [""pose"", ""gesture""], ""fps"": {""pose"": 10, ""gesture"": 10}, ""eff_fps"": {""pose"": 10, ""gesture"": 10}, ""latency_ms"": {""pose"": 0, ""gesture"": 0}, ""svclat_ms"": {""pose"": 24.17, ""gesture"": 17.11}}, ""a4"": {""services"": [""pose"", ""gesture""], ""fps"": {""pose"": 10, ""gesture"": 10}, ""eff_fps"": {""pose"": 10, ""gesture"": 10}, ""latency_ms"": {""pose"": 0, ""gesture"": 0}, ""svclat_ms"": {""pose"": 22.89, ""gesture"": 16.27}}, ""a5"": {""services"": [""pose"", ""gesture""], ""fps"": {""pose"": 10, ""gesture"": 10}, ""eff_fps"": {""pose"": 10, ""gesture"": 10}, ""latency_ms"": {""pose"": 0, ""gesture"": 0}, ""svclat_ms"": {""pose"": 23.53, ""gesture"": 17.0}}, ""a6"": {""services"": [""pose"", ""gesture""], ""fps"": {""pose"": 10, ""gesture"": 10}, ""eff_fps"": {""pose"": 10, ""gesture"": 10}, ""latency_ms"": {""pose"": 0, ""gesture"": 0}, ""svclat_ms"": {""pose"": 22.36, ""gesture"": 17.35}}, ""a7"": {""services"": [""pose"", ""gesture""], ""fps"": {""pose"": 10, ""gesture"": 10}, ""eff_fps"": {""pose"": 10, ""gesture"": 10}, ""latency_ms"": {""pose"": 0, ""gesture"": 0}, ""svclat_ms"": {""pose"": 22.44, ""gesture"": 17.09}}, ""a8"": {""services"": [""pose"", ""gesture""], ""fps"": {""pose"": 10, ""gesture"": 10}, ""eff_fps"": {""pose"": 10, ""gesture"": 10}, ""latency_ms"": {""pose"": 0, ""gesture"": 0}, ""svclat_ms"": {""pose"": 21.95, ""gesture"": 16.95}}, ""a9"": {""services"": [""pose"", ""gesture""], ""fps"": {""pose"": 10, ""gesture"": 10}, ""eff_fps"": {""pose"": 10, ""gesture"": 10}, ""latency_ms"": {""pose"": 0, ""gesture"": 0}, ""svclat_ms"": {""pose"": 22.33, ""gesture"": 16.4}}, ""a10"": {""services"": [""pose"", ""gesture""], ""fps"": {""pose"": 10, ""gesture"": 10}, ""eff_fps"": {""pose"": 10, ""gesture"": 10}, ""latency_ms"": {""pose"": 0, ""gesture"": 0}, ""svclat_ms"": {""pose"": 21.02, ""gesture"": 16.59}}, ""a11"": {""services"": [""pose"", ""gesture""], ""fps"": {""pose"": 10, ""gesture"": 10}, ""eff_fps"": {""pose"": 10, ""gesture"": 10}, ""latency_ms"": {""pose"": 0, ""gesture"": 0}, ""svclat_ms"": {""pose"": 21.33, ""gesture"": 17.1}}, ""a12"": {""services"": [""pose"", ""gesture""], ""fps"": {""pose"": 10, ""gesture"": 10}, ""eff_fps"": {""pose"": 10, ""gesture"": 10}, ""latency_ms"": {""pose"": 0, ""gesture"": 0}, ""svclat_ms"": {""pose"": 22.37, ""gesture"": 17.48}}, ""z1"": {""services"": [""gesture"", ""object""], ""fps"": {""gesture"": 10, ""object"": 10}, ""eff_fps"": {""gesture"": 10, ""object"": 10}, ""latency_ms"": {""gesture"": 0, ""object"": 0}, ""svclat_ms"": {""gesture"": 15.66, ""object"": 21.43}}, ""z2"": {""services"": [""gesture"", ""object""], ""fps"": {""gesture"": 10, ""object"": 10}, ""eff_fps"": {""gesture"": 10, ""object"": 10}, ""latency_ms"": {""gesture"": 0, ""object"": 0}, ""svclat_ms"": {""gesture"": 18.23, ""object"": 23.64}}, ""z3"": {""services"": [""gesture"", ""object""], ""fps"": {""gesture"": 10, ""object"": 10}, ""eff_fps"": {""gesture"": 10, ""object"": 10}, ""latency_ms"": {""gesture"": 0, ""object"": 0}, ""svclat_ms"": {""gesture"": 23.92, ""object"": 35.91}}, ""z4"": {""services"": [""gesture"", ""object""], ""fps"": {""gesture"": 10, ""object"": 10}, ""eff_fps"": {""gesture"": 10, ""object"": 10}, ""latency_ms"": {""gesture"": 0, ""object"": 0}, ""svclat_ms"": {""gesture"": 26.85, ""object"": 35.83}}, ""z5"": {""services"": [""gesture"", ""object""], ""fps"": {""gesture"": 10, ""object"": 10}, ""eff_fps"": {""gesture"": 10, ""object"": 10}, ""latency_ms"": {""gesture"": 0, ""object"": 0}, ""svclat_ms"": {""gesture"": 18.98, ""object"": 35.78}}, ""z6"": {""services"": [""gesture"", ""object""], ""fps"": {""gesture"": 10, ""object"": 10}, ""eff_fps"": {""gesture"": 10, ""object"": 10}, ""latency_ms"": {""gesture"": 0, ""object"": 0}, ""svclat_ms"": {""gesture"": 16.87, ""object"": 34.68}}, ""z7"": {""services"": [""gesture"", ""object""], ""fps"": {""gesture"": 10, ""object"": 10}, ""eff_fps"": {""gesture"": 10, ""object"": 10}, ""latency_ms"": {""gesture"": 0, ""object"": 0}, ""svclat_ms"": {""gesture"": 25.04, ""object"": 36.43}}, ""z8"": {""services"": [""gesture"", ""object""], ""fps"": {""gesture"": 10, ""object"": 10}, ""eff_fps"": {""gesture"": 10, ""object"": 10}, ""latency_ms"": {""gesture"": 0, ""object"": 0}, ""svclat_ms"": {""gesture"": 16.34, ""object"": 27.52}}, ""z9"": {""services"": [""gesture"", ""object""], ""fps"": {""gesture"": 10, ""object"": 10}, ""eff_fps"": {""gesture"": 10, ""object"": 10}, ""latency_ms"": {""gesture"": 0, ""object"": 0}, ""svclat_ms"": {""gesture"": 15.7, ""object"": 16.16}}, ""z10"": {""services"": [""gesture"", ""object""], ""fps"": {""gesture"": 10, ""object"": 10}, ""eff_fps"": {""gesture"": 10, ""object"": 10}, ""latency_ms"": {""gesture"": 0, ""object"": 0}, ""svclat_ms"": {""gesture"": 22.7, ""object"": 16.79}}, ""z11"": {""services"": [""gesture"", ""object""], ""fps"": {""gesture"": 0, ""object"": 0}, ""eff_fps"": {""gesture"": 0, ""object"": 0}, ""latency_ms"": {""gesture"": 0, ""object"": 0}, ""svclat_ms"": {""gesture"": 0.0, ""object"": 0.0}}, ""z12"": {""services"": [""gesture"", ""object""], ""fps"": {""gesture"": 0, ""object"": 0}, ""eff_fps"": {""gesture"": 0, ""object"": 0}, ""latency_ms"": {""gesture"": 0, ""object"": 0}, ""svclat_ms"": {""gesture"": 0.0, ""object"": 0.0}}, ""b1"": {""services"": [""pose"", ""object""], ""fps"": {""pose"": 0, ""object"": 0}, ""eff_fps"": {""pose"": 0, ""object"": 0}, ""latency_ms"": {""pose"": 0, ""object"": 0}, ""svclat_ms"": {""pose"": 0.0, ""object"": 0.0}}}"
125.4,23,22,0.957,0,0,8,6,6,1.0,558.0,440,0.789,0.0,0.27,0.0,10.0,10.0,10.0,10.0,10.0,10.0,0,0,0,22.77,18.58,29.42,460,"{""ip-172-31-0-204"": ""healthy"", ""ip-172-31-1-171"": ""healthy"", ""ip-172-31-10-12"": ""healthy"", ""ip-172-31-11-132"": ""healthy"", ""ip-172-31-13-134"": ""healthy"", ""ip-172-31-14-68"": ""healthy"", ""ip-172-31-40-239"": ""healthy""}",subscribe,9.4,0.3333,0,0,"{""ip-172-31-13-134"": {""gesture"": 1}, ""ip-172-31-10-12"": {""pose"": 1}, ""ip-172-31-0-204"": {""object"": 1}, ""ip-172-31-1-171"": {""object"": 1}, ""ip-172-31-11-132"": {""pose"": 1}, ""ip-172-31-14-68"": {""gesture"": 1}}","{""a1"": {""services"": [""pose"", ""gesture""], ""fps"": {""pose"": 10, ""gesture"": 10}, ""eff_fps"": {""pose"": 10, ""gesture"": 10}, ""latency_ms"": {""pose"": 0, ""gesture"": 0}, ""svclat_ms"": {""pose"": 23.61, ""gesture"": 16.39}}, ""a2"": {""services"": [""pose"", ""gesture""], ""fps"": {""pose"": 10, ""gesture"": 10}, ""eff_fps"": {""pose"": 10, ""gesture"": 10}, ""latency_ms"": {""pose"": 0, ""gesture"": 0}, ""svclat_ms"": {""pose"": 24.14, ""gesture"": 16.59}}, ""a3"": {""services"": [""pose"", ""gesture""], ""fps"": {""pose"": 10, ""gesture"": 10}, ""eff_fps"": {""pose"": 10, ""gesture"": 10}, ""latency_ms"": {""pose"": 0, ""gesture"": 0}, ""svclat_ms"": {""pose"": 24.26, ""gesture"": 17.43}}, ""a4"": {""services"": [""pose"", ""gesture""], ""fps"": {""pose"": 10, ""gesture"": 10}, ""eff_fps"": {""pose"": 10, ""gesture"": 10}, ""latency_ms"": {""pose"": 0, ""gesture"": 0}, ""svclat_ms"": {""pose"": 22.88, ""gesture"": 17.04}}, ""a5"": {""services"": [""pose"", ""gesture""], ""fps"": {""pose"": 10, ""gesture"": 10}, ""eff_fps"": {""pose"": 10, ""gesture"": 10}, ""latency_ms"": {""pose"": 0, ""gesture"": 0}, ""svclat_ms"": {""pose"": 23.87, ""gesture"": 17.61}}, ""a6"": {""services"": [""pose"", ""gesture""], ""fps"": {""pose"": 10, ""gesture"": 10}, ""eff_fps"": {""pose"": 10, ""gesture"": 10}, ""latency_ms"": {""pose"": 0, ""gesture"": 0}, ""svclat_ms"": {""pose"": 22.75, ""gesture"": 18.57}}, ""a7"": {""services"": [""pose"", ""gesture""], ""fps"": {""pose"": 10, ""gesture"": 10}, ""eff_fps"": {""pose"": 10, ""gesture"": 10}, ""latency_ms"": {""pose"": 0, ""gesture"": 0}, ""svclat_ms"": {""pose"": 22.58, ""gesture"": 18.13}}, ""a8"": {""services"": [""pose"", ""gesture""], ""fps"": {""pose"": 10, ""gesture"": 10}, ""eff_fps"": {""pose"": 10, ""gesture"": 10}, ""latency_ms"": {""pose"": 0, ""gesture"": 0}, ""svclat_ms"": {""pose"": 21.83, ""gesture"": 18.35}}, ""a9"": {""services"": [""pose"", ""gesture""], ""fps"": {""pose"": 10, ""gesture"": 10}, ""eff_fps"": {""pose"": 10, ""gesture"": 10}, ""latency_ms"": {""pose"": 0, ""gesture"": 0}, ""svclat_ms"": {""pose"": 22.39, ""gesture"": 17.23}}, ""a10"": {""services"": [""pose"", ""gesture""], ""fps"": {""pose"": 10, ""gesture"": 10}, ""eff_fps"": {""pose"": 10, ""gesture"": 10}, ""latency_ms"": {""pose"": 0, ""gesture"": 0}, ""svclat_ms"": {""pose"": 21.21, ""gesture"": 17.74}}, ""a11"": {""services"": [""pose"", ""gesture""], ""fps"": {""pose"": 10, ""gesture"": 10}, ""eff_fps"": {""pose"": 10, ""gesture"": 10}, ""latency_ms"": {""pose"": 0, ""gesture"": 0}, ""svclat_ms"": {""pose"": 21.15, ""gesture"": 17.42}}, ""a12"": {""services"": [""pose"", ""gesture""], ""fps"": {""pose"": 10, ""gesture"": 10}, ""eff_fps"": {""pose"": 10, ""gesture"": 10}, ""latency_ms"": {""pose"": 0, ""gesture"": 0}, ""svclat_ms"": {""pose"": 22.57, ""gesture"": 17.64}}, ""z1"": {""services"": [""gesture"", ""object""], ""fps"": {""gesture"": 10, ""object"": 10}, ""eff_fps"": {""gesture"": 10, ""object"": 10}, ""latency_ms"": {""gesture"": 0, ""object"": 0}, ""svclat_ms"": {""gesture"": 15.58, ""object"": 22.4}}, ""z2"": {""services"": [""gesture"", ""object""], ""fps"": {""gesture"": 10, ""object"": 10}, ""eff_fps"": {""gesture"": 10, ""object"": 10}, ""latency_ms"": {""gesture"": 0, ""object"": 0}, ""svclat_ms"": {""gesture"": 19.23, ""object"": 24.51}}, ""z3"": {""services"": [""gesture"", ""object""], ""fps"": {""gesture"": 10, ""object"": 10}, ""eff_fps"": {""gesture"": 10, ""object"": 10}, ""latency_ms"": {""gesture"": 0, ""object"": 0}, ""svclat_ms"": {""gesture"": 23.82, ""object"": 37.77}}, ""z4"": {""services"": [""gesture"", ""object""], ""fps"": {""gesture"": 10, ""object"": 10}, ""eff_fps"": {""gesture"": 10, ""object"": 10}, ""latency_ms"": {""gesture"": 0, ""object"": 0}, ""svclat_ms"": {""gesture"": 27.94, ""object"": 36.68}}, ""z5"": {""services"": [""gesture"", ""object""], ""fps"": {""gesture"": 10, ""object"": 10}, ""eff_fps"": {""gesture"": 10, ""object"": 10}, ""latency_ms"": {""gesture"": 0, ""object"": 0}, ""svclat_ms"": {""gesture"": 19.15, ""object"": 37.24}}, ""z6"": {""services"": [""gesture"", ""object""], ""fps"": {""gesture"": 10, ""object"": 10}, ""eff_fps"": {""gesture"": 10, ""object"": 10}, ""latency_ms"": {""gesture"": 0, ""object"": 0}, ""svclat_ms"": {""gesture"": 16.94, ""object"": 36.09}}, ""z7"": {""services"": [""gesture"", ""object""], ""fps"": {""gesture"": 10, ""object"": 10}, ""eff_fps"": {""gesture"": 10, ""object"": 10}, ""latency_ms"": {""gesture"": 0, ""object"": 0}, ""svclat_ms"": {""gesture"": 25.14, ""object"": 37.41}}, ""z8"": {""services"": [""gesture"", ""object""], ""fps"": {""gesture"": 10, ""object"": 10}, ""eff_fps"": {""gesture"": 10, ""object"": 10}, ""latency_ms"": {""gesture"": 0, ""object"": 0}, ""svclat_ms"": {""gesture"": 16.22, ""object"": 26.52}}, ""z9"": {""services"": [""gesture"", ""object""], ""fps"": {""gesture"": 10, ""object"": 10}, ""eff_fps"": {""gesture"": 10, ""object"": 10}, ""latency_ms"": {""gesture"": 0, ""object"": 0}, ""svclat_ms"": {""gesture"": 15.49, ""object"": 19.82}}, ""z10"": {""services"": [""gesture"", ""object""], ""fps"": {""gesture"": 10, ""object"": 10}, ""eff_fps"": {""gesture"": 10, ""object"": 10}, ""latency_ms"": {""gesture"": 0, ""object"": 0}, ""svclat_ms"": {""gesture"": 23.86, ""object"": 20.33}}, ""z11"": {""services"": [""gesture"", ""object""], ""fps"": {""gesture"": 10, ""object"": 10}, ""eff_fps"": {""gesture"": 10, ""object"": 10}, ""latency_ms"": {""gesture"": 0, ""object"": 0}, ""svclat_ms"": {""gesture"": 13.75, ""object"": 24.85}}, ""z12"": {""services"": [""gesture"", ""object""], ""fps"": {""gesture"": 0, ""object"": 0}, ""eff_fps"": {""gesture"": 0, ""object"": 0}, ""latency_ms"": {""gesture"": 0, ""object"": 0}, ""svclat_ms"": {""gesture"": 0.0, ""object"": 0.0}}, ""b1"": {""services"": [""pose"", ""object""], ""fps"": {""pose"": 0, ""object"": 0}, ""eff_fps"": {""pose"": 0, ""object"": 0}, ""latency_ms"": {""pose"": 0, ""object"": 0}, ""svclat_ms"": {""pose"": 0.0, ""object"": 0.0}}, ""b2"": {""services"": [""pose"", ""object""], ""fps"": {""pose"": 0, ""object"": 0}, ""eff_fps"": {""pose"": 0, ""object"": 0}, ""latency_ms"": {""pose"": 0, ""object"": 0}, ""svclat_ms"": {""pose"": 0.0, ""object"": 0.0}}}"
129.7,24,24,1.0,0,0,8,7,7,1.0,671.0,480,0.715,0.0,0.29,0.0,10.0,10.0,9.85,10.0,10.0,9.38,0,0,0,22.35,18.37,36.49,498,"{""ip-172-31-0-204"": ""healthy"", ""ip-172-31-1-171"": ""healthy"", ""ip-172-31-10-12"": ""healthy"", ""ip-172-31-11-132"": ""healthy"", ""ip-172-31-13-134"": ""healthy"", ""ip-172-31-14-68"": ""healthy"", ""ip-172-31-40-239"": ""healthy""}",subscribe,9.7,0.3333,0,0,"{""ip-172-31-13-134"": {""gesture"": 1}, ""ip-172-31-10-12"": {""pose"": 1}, ""ip-172-31-0-204"": {""object"": 1}, ""ip-172-31-1-171"": {""object"": 1}, ""ip-172-31-11-132"": {""pose"": 1}, ""ip-172-31-14-68"": {""gesture"": 1}, ""ip-172-31-40-239"": {""gesture"": 1}}","{""a1"": {""services"": [""pose"", ""gesture""], ""fps"": {""pose"": 10, ""gesture"": 10}, ""eff_fps"": {""pose"": 10, ""gesture"": 10}, ""latency_ms"": {""pose"": 0, ""gesture"": 0}, ""svclat_ms"": {""pose"": 23.11, ""gesture"": 15.69}}, ""a2"": {""services"": [""pose"", ""gesture""], ""fps"": {""pose"": 10, ""gesture"": 10}, ""eff_fps"": {""pose"": 10, ""gesture"": 10}, ""latency_ms"": {""pose"": 0, ""gesture"": 0}, ""svclat_ms"": {""pose"": 23.29, ""gesture"": 16.51}}, ""a3"": {""services"": [""pose"", ""gesture""], ""fps"": {""pose"": 10, ""gesture"": 10}, ""eff_fps"": {""pose"": 10, ""gesture"": 10}, ""latency_ms"": {""pose"": 0, ""gesture"": 0}, ""svclat_ms"": {""pose"": 23.39, ""gesture"": 17.12}}, ""a4"": {""services"": [""pose"", ""gesture""], ""fps"": {""pose"": 10, ""gesture"": 10}, ""eff_fps"": {""pose"": 10, ""gesture"": 10}, ""latency_ms"": {""pose"": 0, ""gesture"": 0}, ""svclat_ms"": {""pose"": 22.47, ""gesture"": 16.61}}, ""a5"": {""services"": [""pose"", ""gesture""], ""fps"": {""pose"": 10, ""gesture"": 10}, ""eff_fps"": {""pose"": 10, ""gesture"": 10}, ""latency_ms"": {""pose"": 0, ""gesture"": 0}, ""svclat_ms"": {""pose"": 23.06, ""gesture"": 16.76}}, ""a6"": {""services"": [""pose"", ""gesture""], ""fps"": {""pose"": 10, ""gesture"": 10}, ""eff_fps"": {""pose"": 10, ""gesture"": 10}, ""latency_ms"": {""pose"": 0, ""gesture"": 0}, ""svclat_ms"": {""pose"": 22.64, ""gesture"": 17.88}}, ""a7"": {""services"": [""pose"", ""gesture""], ""fps"": {""pose"": 10, ""gesture"": 10}, ""eff_fps"": {""pose"": 10, ""gesture"": 10}, ""latency_ms"": {""pose"": 0, ""gesture"": 0}, ""svclat_ms"": {""pose"": 22.8, ""gesture"": 17.73}}, ""a8"": {""services"": [""pose"", ""gesture""], ""fps"": {""pose"": 10, ""gesture"": 10}, ""eff_fps"": {""pose"": 10, ""gesture"": 10}, ""latency_ms"": {""pose"": 0, ""gesture"": 0}, ""svclat_ms"": {""pose"": 21.97, ""gesture"": 17.42}}, ""a9"": {""services"": [""pose"", ""gesture""], ""fps"": {""pose"": 10, ""gesture"": 10}, ""eff_fps"": {""pose"": 10, ""gesture"": 10}, ""latency_ms"": {""pose"": 0, ""gesture"": 0}, ""svclat_ms"": {""pose"": 22.88, ""gesture"": 16.86}}, ""a10"": {""services"": [""pose"", ""gesture""], ""fps"": {""pose"": 10, ""gesture"": 10}, ""eff_fps"": {""pose"": 10, ""gesture"": 10}, ""latency_ms"": {""pose"": 0, ""gesture"": 0}, ""svclat_ms"": {""pose"": 21.43, ""gesture"": 16.61}}, ""a11"": {""services"": [""pose"", ""gesture""], ""fps"": {""pose"": 10, ""gesture"": 10}, ""eff_fps"": {""pose"": 10, ""gesture"": 10}, ""latency_ms"": {""pose"": 0, ""gesture"": 0}, ""svclat_ms"": {""pose"": 21.39, ""gesture"": 16.96}}, ""a12"": {""services"": [""pose"", ""gesture""], ""fps"": {""pose"": 10, ""gesture"": 10}, ""eff_fps"": {""pose"": 10, ""gesture"": 10}, ""latency_ms"": {""pose"": 0, ""gesture"": 0}, ""svclat_ms"": {""pose"": 21.88, ""gesture"": 17.4}}, ""z1"": {""services"": [""gesture"", ""object""], ""fps"": {""gesture"": 10, ""object"": 10}, ""eff_fps"": {""gesture"": 10, ""object"": 10}, ""latency_ms"": {""gesture"": 0, ""object"": 0}, ""svclat_ms"": {""gesture"": 15.62, ""object"": 21.49}}, ""z2"": {""services"": [""gesture"", ""object""], ""fps"": {""gesture"": 10, ""object"": 10}, ""eff_fps"": {""gesture"": 10, ""object"": 10}, ""latency_ms"": {""gesture"": 0, ""object"": 0}, ""svclat_ms"": {""gesture"": 18.29, ""object"": 24.46}}, ""z3"": {""services"": [""gesture"", ""object""], ""fps"": {""gesture"": 10, ""object"": 10}, ""eff_fps"": {""gesture"": 10, ""object"": 10}, ""latency_ms"": {""gesture"": 0, ""object"": 0}, ""svclat_ms"": {""gesture"": 24.19, ""object"": 36.56}}, ""z4"": {""services"": [""gesture"", ""object""], ""fps"": {""gesture"": 10, ""object"": 10}, ""eff_fps"": {""gesture"": 10, ""object"": 10}, ""latency_ms"": {""gesture"": 0, ""object"": 0}, ""svclat_ms"": {""gesture"": 27.49, ""object"": 35.61}}, ""z5"": {""services"": [""gesture"", ""object""], ""fps"": {""gesture"": 10, ""object"": 10}, ""eff_fps"": {""gesture"": 10, ""object"": 10}, ""latency_ms"": {""gesture"": 0, ""object"": 0}, ""svclat_ms"": {""gesture"": 18.64, ""object"": 36.3}}, ""z6"": {""services"": [""gesture"", ""object""], ""fps"": {""gesture"": 10, ""object"": 10}, ""eff_fps"": {""gesture"": 10, ""object"": 10}, ""latency_ms"": {""gesture"": 0, ""object"": 0}, ""svclat_ms"": {""gesture"": 16.98, ""object"": 35.23}}, ""z7"": {""services"": [""gesture"", ""object""], ""fps"": {""gesture"": 10, ""object"": 10}, ""eff_fps"": {""gesture"": 10, ""object"": 10}, ""latency_ms"": {""gesture"": 0, ""object"": 0}, ""svclat_ms"": {""gesture"": 25.91, ""object"": 36.63}}, ""z8"": {""services"": [""gesture"", ""object""], ""fps"": {""gesture"": 10, ""object"": 10}, ""eff_fps"": {""gesture"": 10, ""object"": 10}, ""latency_ms"": {""gesture"": 0, ""object"": 0}, ""svclat_ms"": {""gesture"": 16.31, ""object"": 27.6}}, ""z9"": {""services"": [""gesture"", ""object""], ""fps"": {""gesture"": 10, ""object"": 10}, ""eff_fps"": {""gesture"": 10, ""object"": 8}, ""latency_ms"": {""gesture"": 0, ""object"": 0}, ""svclat_ms"": {""gesture"": 15.61, ""object"": 44.14}}, ""z10"": {""services"": [""gesture"", ""object""], ""fps"": {""gesture"": 10, ""object"": 10}, ""eff_fps"": {""gesture"": 10, ""object"": 9}, ""latency_ms"": {""gesture"": 0, ""object"": 0}, ""svclat_ms"": {""gesture"": 23.08, ""object"": 43.08}}, ""z11"": {""services"": [""gesture"", ""object""], ""fps"": {""gesture"": 10, ""object"": 9}, ""eff_fps"": {""gesture"": 10, ""object"": 8}, ""latency_ms"": {""gesture"": 0, ""object"": 0}, ""svclat_ms"": {""gesture"": 18.65, ""object"": 42.96}}, ""z12"": {""services"": [""gesture"", ""object""], ""fps"": {""gesture"": 10, ""object"": 9}, ""eff_fps"": {""gesture"": 10, ""object"": 8}, ""latency_ms"": {""gesture"": 0, ""object"": 0}, ""svclat_ms"": {""gesture"": 16.44, ""object"": 49.55}}, ""b1"": {""services"": [""pose"", ""object""], ""fps"": {""pose"": 0, ""object"": 0}, ""eff_fps"": {""pose"": 0, ""object"": 0}, ""latency_ms"": {""pose"": 0, ""object"": 0}, ""svclat_ms"": {""pose"": 0.0, ""object"": 0.0}}, ""b2"": {""services"": [""pose"", ""object""], ""fps"": {""pose"": 10, ""object"": 10}, ""eff_fps"": {""pose"": 10, ""object"": 9}, ""latency_ms"": {""pose"": 0, ""object"": 0}, ""svclat_ms"": {""pose"": 20.27, ""object"": 40.79}}}"
134.2,26,26,1.0,0,0,8,7,7,1.0,671.0,520,0.775,0.0,0.27,0.0,10.07,10.0,10.0,10.07,10.0,10.0,0,0,0,26.74,17.8,27.24,541,"{""ip-172-31-0-204"": ""healthy"", ""ip-172-31-1-171"": ""healthy"", ""ip-172-31-10-12"": ""healthy"", ""ip-172-31-11-132"": ""healthy"", ""ip-172-31-13-134"": ""healthy"", ""ip-172-31-14-68"": ""healthy"", ""ip-172-31-40-239"": ""healthy""}",subscribe,10.0,0.3333,0,0,"{""ip-172-31-13-134"": {""gesture"": 1}, ""ip-172-31-10-12"": {""pose"": 1}, ""ip-172-31-0-204"": {""object"": 1}, ""ip-172-31-1-171"": {""object"": 1}, ""ip-172-31-11-132"": {""pose"": 1}, ""ip-172-31-14-68"": {""gesture"": 1}, ""ip-172-31-40-239"": {""gesture"": 1}}","{""a1"": {""services"": [""pose"", ""gesture""], ""fps"": {""pose"": 10, ""gesture"": 10}, ""eff_fps"": {""pose"": 10, ""gesture"": 10}, ""latency_ms"": {""pose"": 0, ""gesture"": 0}, ""svclat_ms"": {""pose"": 22.38, ""gesture"": 16.19}}, ""a2"": {""services"": [""pose"", ""gesture""], ""fps"": {""pose"": 10, ""gesture"": 10}, ""eff_fps"": {""pose"": 10, ""gesture"": 10}, ""latency_ms"": {""pose"": 0, ""gesture"": 0}, ""svclat_ms"": {""pose"": 22.33, ""gesture"": 16.79}}, ""a3"": {""services"": [""pose"", ""gesture""], ""fps"": {""pose"": 10, ""gesture"": 10}, ""eff_fps"": {""pose"": 10, ""gesture"": 10}, ""latency_ms"": {""pose"": 0, ""gesture"": 0}, ""svclat_ms"": {""pose"": 23.02, ""gesture"": 16.48}}, ""a4"": {""services"": [""pose"", ""gesture""], ""fps"": {""pose"": 10, ""gesture"": 10}, ""eff_fps"": {""pose"": 10, ""gesture"": 10}, ""latency_ms"": {""pose"": 0, ""gesture"": 0}, ""svclat_ms"": {""pose"": 21.81, ""gesture"": 16.49}}, ""a5"": {""services"": [""pose"", ""gesture""], ""fps"": {""pose"": 10, ""gesture"": 10}, ""eff_fps"": {""pose"": 10, ""gesture"": 10}, ""latency_ms"": {""pose"": 0, ""gesture"": 0}, ""svclat_ms"": {""pose"": 22.57, ""gesture"": 16.26}}, ""a6"": {""services"": [""pose"", ""gesture""], ""fps"": {""pose"": 10, ""gesture"": 10}, ""eff_fps"": {""pose"": 10, ""gesture"": 10}, ""latency_ms"": {""pose"": 0, ""gesture"": 0}, ""svclat_ms"": {""pose"": 21.88, ""gesture"": 17.63}}, ""a7"": {""services"": [""pose"", ""gesture""], ""fps"": {""pose"": 10, ""gesture"": 10}, ""eff_fps"": {""pose"": 10, ""gesture"": 10}, ""latency_ms"": {""pose"": 0, ""gesture"": 0}, ""svclat_ms"": {""pose"": 21.88, ""gesture"": 17.26}}, ""a8"": {""services"": [""pose"", ""gesture""], ""fps"": {""pose"": 10, ""gesture"": 10}, ""eff_fps"": {""pose"": 10, ""gesture"": 10}, ""latency_ms"": {""pose"": 0, ""gesture"": 0}, ""svclat_ms"": {""pose"": 21.78, ""gesture"": 17.27}}, ""a9"": {""services"": [""pose"", ""gesture""], ""fps"": {""pose"": 10, ""gesture"": 10}, ""eff_fps"": {""pose"": 10, ""gesture"": 10}, ""latency_ms"": {""pose"": 0, ""gesture"": 0}, ""svclat_ms"": {""pose"": 39.3, ""gesture"": 16.53}}, ""a10"": {""services"": [""pose"", ""gesture""], ""fps"": {""pose"": 10, ""gesture"": 10}, ""eff_fps"": {""pose"": 10, ""gesture"": 10}, ""latency_ms"": {""pose"": 0, ""gesture"": 0}, ""svclat_ms"": {""pose"": 28.71, ""gesture"": 16.81}}, ""a11"": {""services"": [""pose"", ""gesture""], ""fps"": {""pose"": 10, ""gesture"": 10}, ""eff_fps"": {""pose"": 10, ""gesture"": 10}, ""latency_ms"": {""pose"": 0, ""gesture"": 0}, ""svclat_ms"": {""pose"": 38.49, ""gesture"": 16.49}}, ""a12"": {""services"": [""pose"", ""gesture""], ""fps"": {""pose"": 10, ""gesture"": 10}, ""eff_fps"": {""pose"": 10, ""gesture"": 10}, ""latency_ms"": {""pose"": 0, ""gesture"": 0}, ""svclat_ms"": {""pose"": 32.87, ""gesture"": 16.92}}, ""z1"": {""services"": [""gesture"", ""object""], ""fps"": {""gesture"": 10, ""object"": 10}, ""eff_fps"": {""gesture"": 10, ""object"": 10}, ""latency_ms"": {""gesture"": 0, ""object"": 0}, ""svclat_ms"": {""gesture"": 15.55, ""object"": 21.43}}, ""z2"": {""services"": [""gesture"", ""object""], ""fps"": {""gesture"": 10, ""object"": 10}, ""eff_fps"": {""gesture"": 10, ""object"": 10}, ""latency_ms"": {""gesture"": 0, ""object"": 0}, ""svclat_ms"": {""gesture"": 18.03, ""object"": 23.09}}, ""z3"": {""services"": [""gesture"", ""object""], ""fps"": {""gesture"": 10, ""object"": 10}, ""eff_fps"": {""gesture"": 10, ""object"": 10}, ""latency_ms"": {""gesture"": 0, ""object"": 0}, ""svclat_ms"": {""gesture"": 23.65, ""object"": 36.65}}, ""z4"": {""services"": [""gesture"", ""object""], ""fps"": {""gesture"": 10, ""object"": 10}, ""eff_fps"": {""gesture"": 10, ""object"": 10}, ""latency_ms"": {""gesture"": 0, ""object"": 0}, ""svclat_ms"": {""gesture"": 26.61, ""object"": 36.55}}, ""z5"": {""services"": [""gesture"", ""object""], ""fps"": {""gesture"": 10, ""object"": 10}, ""eff_fps"": {""gesture"": 10, ""object"": 10}, ""latency_ms"": {""gesture"": 0, ""object"": 0}, ""svclat_ms"": {""gesture"": 18.54, ""object"": 37.19}}, ""z6"": {""services"": [""gesture"", ""object""], ""fps"": {""gesture"": 10, ""object"": 10}, ""eff_fps"": {""gesture"": 10, ""object"": 10}, ""latency_ms"": {""gesture"": 0, ""object"": 0}, ""svclat_ms"": {""gesture"": 16.72, ""object"": 35.82}}, ""z7"": {""services"": [""gesture"", ""object""], ""fps"": {""gesture"": 10, ""object"": 10}, ""eff_fps"": {""gesture"": 10, ""object"": 10}, ""latency_ms"": {""gesture"": 0, ""object"": 0}, ""svclat_ms"": {""gesture"": 24.91, ""object"": 37.12}}, ""z8"": {""services"": [""gesture"", ""object""], ""fps"": {""gesture"": 10, ""object"": 10}, ""eff_fps"": {""gesture"": 10, ""object"": 10}, ""latency_ms"": {""gesture"": 0, ""object"": 0}, ""svclat_ms"": {""gesture"": 16.17, ""object"": 25.86}}, ""z9"": {""services"": [""gesture"", ""object""], ""fps"": {""gesture"": 10, ""object"": 10}, ""eff_fps"": {""gesture"": 10, ""object"": 10}, ""latency_ms"": {""gesture"": 0, ""object"": 0}, ""svclat_ms"": {""gesture"": 15.44, ""object"": 24.04}}, ""z10"": {""services"": [""gesture"", ""object""], ""fps"": {""gesture"": 10, ""object"": 10}, ""eff_fps"": {""gesture"": 10, ""object"": 10}, ""latency_ms"": {""gesture"": 0, ""object"": 0}, ""svclat_ms"": {""gesture"": 22.52, ""object"": 24.07}}, ""z11"": {""services"": [""gesture"", ""object""], ""fps"": {""gesture"": 10, ""object"": 10}, ""eff_fps"": {""gesture"": 10, ""object"": 10}, ""latency_ms"": {""gesture"": 0, ""object"": 0}, ""svclat_ms"": {""gesture"": 14.03, ""object"": 20.8}}, ""z12"": {""services"": [""gesture"", ""object""], ""fps"": {""gesture"": 10, ""object"": 10}, ""eff_fps"": {""gesture"": 10, ""object"": 10}, ""latency_ms"": {""gesture"": 0, ""object"": 0}, ""svclat_ms"": {""gesture"": 13.84, ""object"": 23.26}}, ""b1"": {""services"": [""pose"", ""object""], ""fps"": {""pose"": 10, ""object"": 10}, ""eff_fps"": {""pose"": 10, ""object"": 10}, ""latency_ms"": {""pose"": 0, ""object"": 0}, ""svclat_ms"": {""pose"": 21.29, ""object"": 19.65}}, ""b2"": {""services"": [""pose"", ""object""], ""fps"": {""pose"": 11, ""object"": 10}, ""eff_fps"": {""pose"": 11, ""object"": 10}, ""latency_ms"": {""pose"": 0, ""object"": 0}, ""svclat_ms"": {""pose"": 27.64, ""object"": 22.54}}, ""b3"": {""services"": [""pose"", ""object""], ""fps"": {""pose"": 10, ""object"": 10}, ""eff_fps"": {""pose"": 10, ""object"": 10}, ""latency_ms"": {""pose"": 0, ""object"": 0}, ""svclat_ms"": {""pose"": 35.11, ""object"": 20.56}}}"
136.6,27,27,1.0,0,0,8,7,7,1.0,671.0,540,0.805,0.0,0.26,0.0,10.0,10.0,10.0,10.0,10.0,10.0,0,0,0,27.19,18.03,27.68,540,"{""ip-172-31-0-204"": ""healthy"", ""ip-172-31-1-171"": ""healthy"", ""ip-172-31-10-12"": ""healthy"", ""ip-172-31-11-132"": ""healthy"", ""ip-172-31-13-134"": ""healthy"", ""ip-172-31-14-68"": ""healthy"", ""ip-172-31-40-239"": ""healthy""}",subscribe,9.6,0.3333,0,0,"{""ip-172-31-13-134"": {""gesture"": 1}, ""ip-172-31-10-12"": {""pose"": 1}, ""ip-172-31-0-204"": {""object"": 1}, ""ip-172-31-1-171"": {""object"": 1}, ""ip-172-31-11-132"": {""pose"": 1}, ""ip-172-31-14-68"": {""gesture"": 1}, ""ip-172-31-40-239"": {""gesture"": 1}}","{""a1"": {""services"": [""pose"", ""gesture""], ""fps"": {""pose"": 10, ""gesture"": 10}, ""eff_fps"": {""pose"": 10, ""gesture"": 10}, ""latency_ms"": {""pose"": 0, ""gesture"": 0}, ""svclat_ms"": {""pose"": 23.05, ""gesture"": 15.59}}, ""a2"": {""services"": [""pose"", ""gesture""], ""fps"": {""pose"": 10, ""gesture"": 10}, ""eff_fps"": {""pose"": 10, ""gesture"": 10}, ""latency_ms"": {""pose"": 0, ""gesture"": 0}, ""svclat_ms"": {""pose"": 23.35, ""gesture"": 16.28}}, ""a3"": {""services"": [""pose"", ""gesture""], ""fps"": {""pose"": 10, ""gesture"": 10}, ""eff_fps"": {""pose"": 10, ""gesture"": 10}, ""latency_ms"": {""pose"": 0, ""gesture"": 0}, ""svclat_ms"": {""pose"": 23.57, ""gesture"": 16.46}}, ""a4"": {""services"": [""pose"", ""gesture""], ""fps"": {""pose"": 10, ""gesture"": 10}, ""eff_fps"": {""pose"": 10, ""gesture"": 10}, ""latency_ms"": {""pose"": 0, ""gesture"": 0}, ""svclat_ms"": {""pose"": 21.97, ""gesture"": 15.93}}, ""a5"": {""services"": [""pose"", ""gesture""], ""fps"": {""pose"": 10, ""gesture"": 10}, ""eff_fps"": {""pose"": 10, ""gesture"": 10}, ""latency_ms"": {""pose"": 0, ""gesture"": 0}, ""svclat_ms"": {""pose"": 22.85, ""gesture"": 16.28}}, ""a6"": {""services"": [""pose"", ""gesture""], ""fps"": {""pose"": 10, ""gesture"": 10}, ""eff_fps"": {""pose"": 10, ""gesture"": 10}, ""latency_ms"": {""pose"": 0, ""gesture"": 0}, ""svclat_ms"": {""pose"": 23.68, ""gesture"": 17.51}}, ""a7"": {""services"": [""pose"", ""gesture""], ""fps"": {""pose"": 10, ""gesture"": 10}, ""eff_fps"": {""pose"": 10, ""gesture"": 10}, ""latency_ms"": {""pose"": 0, ""gesture"": 0}, ""svclat_ms"": {""pose"": 23.21, ""gesture"": 17.24}}, ""a8"": {""services"": [""pose"", ""gesture""], ""fps"": {""pose"": 10, ""gesture"": 10}, ""eff_fps"": {""pose"": 10, ""gesture"": 10}, ""latency_ms"": {""pose"": 0, ""gesture"": 0}, ""svclat_ms"": {""pose"": 23.26, ""gesture"": 16.95}}, ""a9"": {""services"": [""pose"", ""gesture""], ""fps"": {""pose"": 10, ""gesture"": 10}, ""eff_fps"": {""pose"": 10, ""gesture"": 10}, ""latency_ms"": {""pose"": 0, ""gesture"": 0}, ""svclat_ms"": {""pose"": 40.05, ""gesture"": 16.23}}, ""a10"": {""services"": [""pose"", ""gesture""], ""fps"": {""pose"": 10, ""gesture"": 10}, ""eff_fps"": {""pose"": 10, ""gesture"": 10}, ""latency_ms"": {""pose"": 0, ""gesture"": 0}, ""svclat_ms"": {""pose"": 29.52, ""gesture"": 16.67}}, ""a11"": {""services"": [""pose"", ""gesture""], ""fps"": {""pose"": 10, ""gesture"": 10}, ""eff_fps"": {""pose"": 10, ""gesture"": 10}, ""latency_ms"": {""pose"": 0, ""gesture"": 0}, ""svclat_ms"": {""pose"": 38.92, ""gesture"": 16.15}}, ""a12"": {""services"": [""pose"", ""gesture""], ""fps"": {""pose"": 10, ""gesture"": 10}, ""eff_fps"": {""pose"": 10, ""gesture"": 10}, ""latency_ms"": {""pose"": 0, ""gesture"": 0}, ""svclat_ms"": {""pose"": 35.16, ""gesture"": 17.8}}, ""z1"": {""services"": [""gesture"", ""object""], ""fps"": {""gesture"": 10, ""object"": 10}, ""eff_fps"": {""gesture"": 10, ""object"": 10}, ""latency_ms"": {""gesture"": 0, ""object"": 0}, ""svclat_ms"": {""gesture"": 15.64, ""object"": 22.78}}, ""z2"": {""services"": [""gesture"", ""object""], ""fps"": {""gesture"": 10, ""object"": 10}, ""eff_fps"": {""gesture"": 10, ""object"": 10}, ""latency_ms"": {""gesture"": 0, ""object"": 0}, ""svclat_ms"": {""gesture"": 20.15, ""object"": 23.43}}, ""z3"": {""services"": [""gesture"", ""object""], ""fps"": {""gesture"": 10, ""object"": 10}, ""eff_fps"": {""gesture"": 10, ""object"": 10}, ""latency_ms"": {""gesture"": 0, ""object"": 0}, ""svclat_ms"": {""gesture"": 25.31, ""object"": 36.78}}, ""z4"": {""services"": [""gesture"", ""object""], ""fps"": {""gesture"": 10, ""object"": 10}, ""eff_fps"": {""gesture"": 10, ""object"": 10}, ""latency_ms"": {""gesture"": 0, ""object"": 0}, ""svclat_ms"": {""gesture"": 27.38, ""object"": 35.99}}, ""z5"": {""services"": [""gesture"", ""object""], ""fps"": {""gesture"": 10, ""object"": 10}, ""eff_fps"": {""gesture"": 10, ""object"": 10}, ""latency_ms"": {""gesture"": 0, ""object"": 0}, ""svclat_ms"": {""gesture"": 19.38, ""object"": 36.94}}, ""z6"": {""services"": [""gesture"", ""object""], ""fps"": {""gesture"": 10, ""object"": 10}, ""eff_fps"": {""gesture"": 10, ""object"": 10}, ""latency_ms"": {""gesture"": 0, ""object"": 0}, ""svclat_ms"": {""gesture"": 16.85, ""object"": 35.6}}, ""z7"": {""services"": [""gesture"", ""object""], ""fps"": {""gesture"": 10, ""object"": 10}, ""eff_fps"": {""gesture"": 10, ""object"": 10}, ""latency_ms"": {""gesture"": 0, ""object"": 0}, ""svclat_ms"": {""gesture"": 25.91, ""object"": 37.35}}, ""z8"": {""services"": [""gesture"", ""object""], ""fps"": {""gesture"": 10, ""object"": 10}, ""eff_fps"": {""gesture"": 10, ""object"": 10}, ""latency_ms"": {""gesture"": 0, ""object"": 0}, ""svclat_ms"": {""gesture"": 16.53, ""object"": 27.78}}, ""z9"": {""services"": [""gesture"", ""object""], ""fps"": {""gesture"": 10, ""object"": 10}, ""eff_fps"": {""gesture"": 10, ""object"": 10}, ""latency_ms"": {""gesture"": 0, ""object"": 0}, ""svclat_ms"": {""gesture"": 15.85, ""object"": 25.06}}, ""z10"": {""services"": [""gesture"", ""object""], ""fps"": {""gesture"": 10, ""object"": 10}, ""eff_fps"": {""gesture"": 10, ""object"": 10}, ""latency_ms"": {""gesture"": 0, ""object"": 0}, ""svclat_ms"": {""gesture"": 22.82, ""object"": 24.83}}, ""z11"": {""services"": [""gesture"", ""object""], ""fps"": {""gesture"": 10, ""object"": 10}, ""eff_fps"": {""gesture"": 10, ""object"": 10}, ""latency_ms"": {""gesture"": 0, ""object"": 0}, ""svclat_ms"": {""gesture"": 14.12, ""object"": 20.9}}, ""z12"": {""services"": [""gesture"", ""object""], ""fps"": {""gesture"": 10, ""object"": 10}, ""eff_fps"": {""gesture"": 10, ""object"": 10}, ""latency_ms"": {""gesture"": 0, ""object"": 0}, ""svclat_ms"": {""gesture"": 13.6, ""object"": 23.82}}, ""b1"": {""services"": [""pose"", ""object""], ""fps"": {""pose"": 10, ""object"": 10}, ""eff_fps"": {""pose"": 10, ""object"": 10}, ""latency_ms"": {""pose"": 0, ""object"": 0}, ""svclat_ms"": {""pose"": 21.44, ""object"": 20.02}}, ""b2"": {""services"": [""pose"", ""object""], ""fps"": {""pose"": 10, ""object"": 10}, ""eff_fps"": {""pose"": 10, ""object"": 10}, ""latency_ms"": {""pose"": 0, ""object"": 0}, ""svclat_ms"": {""pose"": 27.64, ""object"": 23.29}}, ""b3"": {""services"": [""pose"", ""object""], ""fps"": {""pose"": 10, ""object"": 10}, ""eff_fps"": {""pose"": 10, ""object"": 10}, ""latency_ms"": {""pose"": 0, ""object"": 0}, ""svclat_ms"": {""pose"": 30.24, ""object"": 20.59}}, ""b4"": {""services"": [""pose"", ""object""], ""fps"": {""pose"": 0, ""object"": 0}, ""eff_fps"": {""pose"": 0, ""object"": 0}, ""latency_ms"": {""pose"": 0, ""object"": 0}, ""svclat_ms"": {""pose"": 0.0, ""object"": 0.0}}}"
139.8,27,27,1.0,0,0,8,7,7,1.0,671.0,540,0.805,0.0,0.26,0.0,9.38,10.0,9.88,8.88,10.0,9.88,0,0,0,58.08,18.13,31.26,548,"{""ip-172-31-0-204"": ""healthy"", ""ip-172-31-1-171"": ""healthy"", ""ip-172-31-10-12"": ""healthy"", ""ip-172-31-11-132"": ""healthy"", ""ip-172-31-13-134"": ""healthy"", ""ip-172-31-14-68"": ""healthy"", ""ip-172-31-40-239"": ""healthy""}",subscribe,9.6,0.3333,0,0,"{""ip-172-31-13-134"": {""gesture"": 1}, ""ip-172-31-10-12"": {""pose"": 1}, ""ip-172-31-0-204"": {""object"": 1}, ""ip-172-31-1-171"": {""object"": 1}, ""ip-172-31-11-132"": {""pose"": 1}, ""ip-172-31-14-68"": {""gesture"": 1}, ""ip-172-31-40-239"": {""gesture"": 1}}","{""a1"": {""services"": [""pose"", ""gesture""], ""fps"": {""pose"": 10, ""gesture"": 10}, ""eff_fps"": {""pose"": 10, ""gesture"": 10}, ""latency_ms"": {""pose"": 0, ""gesture"": 0}, ""svclat_ms"": {""pose"": 23.7, ""gesture"": 16.0}}, ""a2"": {""services"": [""pose"", ""gesture""], ""fps"": {""pose"": 10, ""gesture"": 10}, ""eff_fps"": {""pose"": 10, ""gesture"": 10}, ""latency_ms"": {""pose"": 0, ""gesture"": 0}, ""svclat_ms"": {""pose"": 24.02, ""gesture"": 16.42}}, ""a3"": {""services"": [""pose"", ""gesture""], ""fps"": {""pose"": 10, ""gesture"": 10}, ""eff_fps"": {""pose"": 10, ""gesture"": 10}, ""latency_ms"": {""pose"": 0, ""gesture"": 0}, ""svclat_ms"": {""pose"": 24.43, ""gesture"": 17.04}}, ""a4"": {""services"": [""pose"", ""gesture""], ""fps"": {""pose"": 10, ""gesture"": 10}, ""eff_fps"": {""pose"": 10, ""gesture"": 10}, ""latency_ms"": {""pose"": 0, ""gesture"": 0}, ""svclat_ms"": {""pose"": 23.33, ""gesture"": 16.61}}, ""a5"": {""services"": [""pose"", ""gesture""], ""fps"": {""pose"": 10, ""gesture"": 10}, ""eff_fps"": {""pose"": 10, ""gesture"": 10}, ""latency_ms"": {""pose"": 0, ""gesture"": 0}, ""svclat_ms"": {""pose"": 23.54, ""gesture"": 16.87}}, ""a6"": {""services"": [""pose"", ""gesture""], ""fps"": {""pose"": 10, ""gesture"": 10}, ""eff_fps"": {""pose"": 10, ""gesture"": 10}, ""latency_ms"": {""pose"": 0, ""gesture"": 0}, ""svclat_ms"": {""pose"": 22.29, ""gesture"": 17.24}}, ""a7"": {""services"": [""pose"", ""gesture""], ""fps"": {""pose"": 10, ""gesture"": 10}, ""eff_fps"": {""pose"": 10, ""gesture"": 10}, ""latency_ms"": {""pose"": 0, ""gesture"": 0}, ""svclat_ms"": {""pose"": 22.65, ""gesture"": 17.06}}, ""a8"": {""services"": [""pose"", ""gesture""], ""fps"": {""pose"": 10, ""gesture"": 10}, ""eff_fps"": {""pose"": 10, ""gesture"": 10}, ""latency_ms"": {""pose"": 0, ""gesture"": 0}, ""svclat_ms"": {""pose"": 21.99, ""gesture"": 16.92}}, ""a9"": {""services"": [""pose"", ""gesture""], ""fps"": {""pose"": 10, ""gesture"": 10}, ""eff_fps"": {""pose"": 10, ""gesture"": 10}, ""latency_ms"": {""pose"": 0, ""gesture"": 0}, ""svclat_ms"": {""pose"": 62.27, ""gesture"": 16.52}}, ""a10"": {""services"": [""pose"", ""gesture""], ""fps"": {""pose"": 10, ""gesture"": 10}, ""eff_fps"": {""pose"": 10, ""gesture"": 10}, ""latency_ms"": {""pose"": 0, ""gesture"": 0}, ""svclat_ms"": {""pose"": 67.79, ""gesture"": 17.06}}, ""a11"": {""services"": [""pose"", ""gesture""], ""fps"": {""pose"": 8, ""gesture"": 10}, ""eff_fps"": {""pose"": 7, ""gesture"": 10}, ""latency_ms"": {""pose"": 0, ""gesture"": 0}, ""svclat_ms"": {""pose"": 104.31, ""gesture"": 17.18}}, ""a12"": {""services"": [""pose"", ""gesture""], ""fps"": {""pose"": 9, ""gesture"": 10}, ""eff_fps"": {""pose"": 7, ""gesture"": 10}, ""latency_ms"": {""pose"": 0, ""gesture"": 0}, ""svclat_ms"": {""pose"": 104.23, ""gesture"": 17.8}}, ""z1"": {""services"": [""gesture"", ""object""], ""fps"": {""gesture"": 10, ""object"": 10}, ""eff_fps"": {""gesture"": 10, ""object"": 10}, ""latency_ms"": {""gesture"": 0, ""object"": 0}, ""svclat_ms"": {""gesture"": 15.74, ""object"": 21.53}}, ""z2"": {""services"": [""gesture"", ""object""], ""fps"": {""gesture"": 10, ""object"": 10}, ""eff_fps"": {""gesture"": 10, ""object"": 10}, ""latency_ms"": {""gesture"": 0, ""object"": 0}, ""svclat_ms"": {""gesture"": 19.23, ""object"": 24.34}}, ""z3"": {""services"": [""gesture"", ""object""], ""fps"": {""gesture"": 10, ""object"": 10}, ""eff_fps"": {""gesture"": 10, ""object"": 10}, ""latency_ms"": {""gesture"": 0, ""object"": 0}, ""svclat_ms"": {""gesture"": 24.26, ""object"": 37.61}}, ""z4"": {""services"": [""gesture"", ""object""], ""fps"": {""gesture"": 10, ""object"": 10}, ""eff_fps"": {""gesture"": 10, ""object"": 10}, ""latency_ms"": {""gesture"": 0, ""object"": 0}, ""svclat_ms"": {""gesture"": 27.65, ""object"": 34.34}}, ""z5"": {""services"": [""gesture"", ""object""], ""fps"": {""gesture"": 10, ""object"": 10}, ""eff_fps"": {""gesture"": 10, ""object"": 10}, ""latency_ms"": {""gesture"": 0, ""object"": 0}, ""svclat_ms"": {""gesture"": 19.25, ""object"": 37.9}}, ""z6"": {""services"": [""gesture"", ""object""], ""fps"": {""gesture"": 10, ""object"": 10}, ""eff_fps"": {""gesture"": 10, ""object"": 10}, ""latency_ms"": {""gesture"": 0, ""object"": 0}, ""svclat_ms"": {""gesture"": 16.85, ""object"": 36.49}}, ""z7"": {""services"": [""gesture"", ""object""], ""fps"": {""gesture"": 10, ""object"": 10}, ""eff_fps"": {""gesture"": 10, ""object"": 10}, ""latency_ms"": {""gesture"": 0, ""object"": 0}, ""svclat_ms"": {""gesture"": 25.66, ""object"": 37.34}}, ""z8"": {""services"": [""gesture"", ""object""], ""fps"": {""gesture"": 10, ""object"": 10}, ""eff_fps"": {""gesture"": 10, ""object"": 10}, ""latency_ms"": {""gesture"": 0, ""object"": 0}, ""svclat_ms"": {""gesture"": 16.38, ""object"": 28.26}}, ""z9"": {""services"": [""gesture"", ""object""], ""fps"": {""gesture"": 10, ""object"": 9}, ""eff_fps"": {""gesture"": 10, ""object"": 9}, ""latency_ms"": {""gesture"": 0, ""object"": 0}, ""svclat_ms"": {""gesture"": 15.5, ""object"": 34.56}}, ""z10"": {""services"": [""gesture"", ""object""], ""fps"": {""gesture"": 10, ""object"": 10}, ""eff_fps"": {""gesture"": 10, ""object"": 10}, ""latency_ms"": {""gesture"": 0, ""object"": 0}, ""svclat_ms"": {""gesture"": 23.8, ""object"": 37.11}}, ""z11"": {""services"": [""gesture"", ""object""], ""fps"": {""gesture"": 10, ""object"": 10}, ""eff_fps"": {""gesture"": 10, ""object"": 10}, ""latency_ms"": {""gesture"": 0, ""object"": 0}, ""svclat_ms"": {""gesture"": 14.07, ""object"": 22.08}}, ""z12"": {""services"": [""gesture"", ""object""], ""fps"": {""gesture"": 10, ""object"": 10}, ""eff_fps"": {""gesture"": 10, ""object"": 10}, ""latency_ms"": {""gesture"": 0, ""object"": 0}, ""svclat_ms"": {""gesture"": 13.9, ""object"": 36.47}}, ""b1"": {""services"": [""pose"", ""object""], ""fps"": {""pose"": 9, ""object"": 10}, ""eff_fps"": {""pose"": 8, ""object"": 10}, ""latency_ms"": {""pose"": 0, ""object"": 0}, ""svclat_ms"": {""pose"": 99.08, ""object"": 25.66}}, ""b2"": {""services"": [""pose"", ""object""], ""fps"": {""pose"": 8, ""object"": 10}, ""eff_fps"": {""pose"": 6, ""object"": 10}, ""latency_ms"": {""pose"": 0, ""object"": 0}, ""svclat_ms"": {""pose"": 109.68, ""object"": 35.47}}, ""b3"": {""services"": [""pose"", ""object""], ""fps"": {""pose"": 10, ""object"": 10}, ""eff_fps"": {""pose"": 10, ""object"": 10}, ""latency_ms"": {""pose"": 0, ""object"": 0}, ""svclat_ms"": {""pose"": 70.72, ""object"": 20.77}}, ""b4"": {""services"": [""pose"", ""object""], ""fps"": {""pose"": 6, ""object"": 9}, ""eff_fps"": {""pose"": 4, ""object"": 9}, ""latency_ms"": {""pose"": 0, ""object"": 0}, ""svclat_ms"": {""pose"": 125.24, ""object"": 30.24}}}"
142.2,28,28,1.0,0,0,8,7,7,1.0,671.0,560,0.835,0.0,0.25,0.0,10.06,10.0,10.0,10.06,10.0,10.0,0,0,0,24.49,17.83,31.2,561,"{""ip-172-31-0-204"": ""healthy"", ""ip-172-31-1-171"": ""healthy"", ""ip-172-31-10-12"": ""healthy"", ""ip-172-31-11-132"": ""healthy"", ""ip-172-31-13-134"": ""healthy"", ""ip-172-31-14-68"": ""healthy"", ""ip-172-31-40-239"": ""healthy""}",subscribe,9.5,0.3333,0,0,"{""ip-172-31-13-134"": {""gesture"": 1}, ""ip-172-31-10-12"": {""pose"": 1}, ""ip-172-31-0-204"": {""object"": 1}, ""ip-172-31-1-171"": {""object"": 1}, ""ip-172-31-11-132"": {""pose"": 1}, ""ip-172-31-14-68"": {""gesture"": 1}, ""ip-172-31-40-239"": {""gesture"": 1}}","{""a1"": {""services"": [""pose"", ""gesture""], ""fps"": {""pose"": 10, ""gesture"": 10}, ""eff_fps"": {""pose"": 10, ""gesture"": 10}, ""latency_ms"": {""pose"": 0, ""gesture"": 0}, ""svclat_ms"": {""pose"": 23.24, ""gesture"": 15.47}}, ""a2"": {""services"": [""pose"", ""gesture""], ""fps"": {""pose"": 10, ""gesture"": 10}, ""eff_fps"": {""pose"": 10, ""gesture"": 10}, ""latency_ms"": {""pose"": 0, ""gesture"": 0}, ""svclat_ms"": {""pose"": 23.11, ""gesture"": 16.33}}, ""a3"": {""services"": [""pose"", ""gesture""], ""fps"": {""pose"": 10, ""gesture"": 10}, ""eff_fps"": {""pose"": 10, ""gesture"": 10}, ""latency_ms"": {""pose"": 0, ""gesture"": 0}, ""svclat_ms"": {""pose"": 23.83, ""gesture"": 16.47}}, ""a4"": {""services"": [""pose"", ""gesture""], ""fps"": {""pose"": 10, ""gesture"": 10}, ""eff_fps"": {""pose"": 10, ""gesture"": 10}, ""latency_ms"": {""pose"": 0, ""gesture"": 0}, ""svclat_ms"": {""pose"": 22.44, ""gesture"": 16.19}}, ""a5"": {""services"": [""pose"", ""gesture""], ""fps"": {""pose"": 10, ""gesture"": 10}, ""eff_fps"": {""pose"": 10, ""gesture"": 10}, ""latency_ms"": {""pose"": 0, ""gesture"": 0}, ""svclat_ms"": {""pose"": 22.25, ""gesture"": 16.44}}, ""a6"": {""services"": [""pose"", ""gesture""], ""fps"": {""pose"": 10, ""gesture"": 10}, ""eff_fps"": {""pose"": 10, ""gesture"": 10}, ""latency_ms"": {""pose"": 0, ""gesture"": 0}, ""svclat_ms"": {""pose"": 22.1, ""gesture"": 17.23}}, ""a7"": {""services"": [""pose"", ""gesture""], ""fps"": {""pose"": 10, ""gesture"": 10}, ""eff_fps"": {""pose"": 10, ""gesture"": 10}, ""latency_ms"": {""pose"": 0, ""gesture"": 0}, ""svclat_ms"": {""pose"": 21.94, ""gesture"": 16.75}}, ""a8"": {""services"": [""pose"", ""gesture""], ""fps"": {""pose"": 10, ""gesture"": 10}, ""eff_fps"": {""pose"": 10, ""gesture"": 10}, ""latency_ms"": {""pose"": 0, ""gesture"": 0}, ""svclat_ms"": {""pose"": 21.86, ""gesture"": 16.74}}, ""a9"": {""services"": [""pose"", ""gesture""], ""fps"": {""pose"": 10, ""gesture"": 10}, ""eff_fps"": {""pose"": 10, ""gesture"": 10}, ""latency_ms"": {""pose"": 0, ""gesture"": 0}, ""svclat_ms"": {""pose"": 21.49, ""gesture"": 16.06}}, ""a10"": {""services"": [""pose"", ""gesture""], ""fps"": {""pose"": 10, ""gesture"": 10}, ""eff_fps"": {""pose"": 10, ""gesture"": 10}, ""latency_ms"": {""pose"": 0, ""gesture"": 0}, ""svclat_ms"": {""pose"": 24.7, ""gesture"": 16.67}}, ""a11"": {""services"": [""pose"", ""gesture""], ""fps"": {""pose"": 11, ""gesture"": 10}, ""eff_fps"": {""pose"": 11, ""gesture"": 10}, ""latency_ms"": {""pose"": 0, ""gesture"": 0}, ""svclat_ms"": {""pose"": 29.33, ""gesture"": 16.51}}, ""a12"": {""services"": [""pose"", ""gesture""], ""fps"": {""pose"": 10, ""gesture"": 10}, ""eff_fps"": {""pose"": 10, ""gesture"": 10}, ""latency_ms"": {""pose"": 0, ""gesture"": 0}, ""svclat_ms"": {""pose"": 32.35, ""gesture"": 17.27}}, ""z1"": {""services"": [""gesture"", ""object""], ""fps"": {""gesture"": 10, ""object"": 10}, ""eff_fps"": {""gesture"": 10, ""object"": 10}, ""latency_ms"": {""gesture"": 0, ""object"": 0}, ""svclat_ms"": {""gesture"": 15.83, ""object"": 21.37}}, ""z2"": {""services"": [""gesture"", ""object""], ""fps"": {""gesture"": 10, ""object"": 10}, ""eff_fps"": {""gesture"": 10, ""object"": 10}, ""latency_ms"": {""gesture"": 0, ""object"": 0}, ""svclat_ms"": {""gesture"": 18.04, ""object"": 23.56}}, ""z3"": {""services"": [""gesture"", ""object""], ""fps"": {""gesture"": 10, ""object"": 10}, ""eff_fps"": {""gesture"": 10, ""object"": 10}, ""latency_ms"": {""gesture"": 0, ""object"": 0}, ""svclat_ms"": {""gesture"": 24.49, ""object"": 36.85}}, ""z4"": {""services"": [""gesture"", ""object""], ""fps"": {""gesture"": 10, ""object"": 10}, ""eff_fps"": {""gesture"": 10, ""object"": 10}, ""latency_ms"": {""gesture"": 0, ""object"": 0}, ""svclat_ms"": {""gesture"": 27.42, ""object"": 36.26}}, ""z5"": {""services"": [""gesture"", ""object""], ""fps"": {""gesture"": 10, ""object"": 10}, ""eff_fps"": {""gesture"": 10, ""object"": 10}, ""latency_ms"": {""gesture"": 0, ""object"": 0}, ""svclat_ms"": {""gesture"": 18.81, ""object"": 36.23}}, ""z6"": {""services"": [""gesture"", ""object""], ""fps"": {""gesture"": 10, ""object"": 10}, ""eff_fps"": {""gesture"": 10, ""object"": 10}, ""latency_ms"": {""gesture"": 0, ""object"": 0}, ""svclat_ms"": {""gesture"": 16.69, ""object"": 35.08}}, ""z7"": {""services"": [""gesture"", ""object""], ""fps"": {""gesture"": 10, ""object"": 10}, ""eff_fps"": {""gesture"": 10, ""object"": 10}, ""latency_ms"": {""gesture"": 0, ""object"": 0}, ""svclat_ms"": {""gesture"": 25.76, ""object"": 36.82}}, ""z8"": {""services"": [""gesture"", ""object""], ""fps"": {""gesture"": 10, ""object"": 10}, ""eff_fps"": {""gesture"": 10, ""object"": 10}, ""latency_ms"": {""gesture"": 0, ""object"": 0}, ""svclat_ms"": {""gesture"": 16.31, ""object"": 26.69}}, ""z9"": {""services"": [""gesture"", ""object""], ""fps"": {""gesture"": 10, ""object"": 10}, ""eff_fps"": {""gesture"": 10, ""object"": 10}, ""latency_ms"": {""gesture"": 0, ""object"": 0}, ""svclat_ms"": {""gesture"": 15.73, ""object"": 38.26}}, ""z10"": {""services"": [""gesture"", ""object""], ""fps"": {""gesture"": 10, ""object"": 10}, ""eff_fps"": {""gesture"": 10, ""object"": 10}, ""latency_ms"": {""gesture"": 0, ""object"": 0}, ""svclat_ms"": {""gesture"": 22.9, ""object"": 36.99}}, ""z11"": {""services"": [""gesture"", ""object""], ""fps"": {""gesture"": 10, ""object"": 10}, ""eff_fps"": {""gesture"": 10, ""object"": 10}, ""latency_ms"": {""gesture"": 0, ""object"": 0}, ""svclat_ms"": {""gesture"": 13.99, ""object"": 21.98}}, ""z12"": {""services"": [""gesture"", ""object""], ""fps"": {""gesture"": 10, ""object"": 10}, ""eff_fps"": {""gesture"": 10, ""object"": 10}, ""latency_ms"": {""gesture"": 0, ""object"": 0}, ""svclat_ms"": {""gesture"": 13.73, ""object"": 36.47}}, ""b1"": {""services"": [""pose"", ""object""], ""fps"": {""pose"": 10, ""object"": 10}, ""eff_fps"": {""pose"": 10, ""object"": 10}, ""latency_ms"": {""pose"": 0, ""object"": 0}, ""svclat_ms"": {""pose"": 30.27, ""object"": 26.76}}, ""b2"": {""services"": [""pose"", ""object""], ""fps"": {""pose"": 10, ""object"": 10}, ""eff_fps"": {""pose"": 10, ""object"": 10}, ""latency_ms"": {""pose"": 0, ""object"": 0}, ""svclat_ms"": {""pose"": 23.09, ""object"": 35.71}}, ""b3"": {""services"": [""pose"", ""object""], ""fps"": {""pose"": 10, ""object"": 10}, ""eff_fps"": {""pose"": 10, ""object"": 10}, ""latency_ms"": {""pose"": 0, ""object"": 0}, ""svclat_ms"": {""pose"": 26.24, ""object"": 21.1}}, ""b4"": {""services"": [""pose"", ""object""], ""fps"": {""pose"": 10, ""object"": 10}, ""eff_fps"": {""pose"": 10, ""object"": 10}, ""latency_ms"": {""pose"": 0, ""object"": 0}, ""svclat_ms"": {""pose"": 23.61, ""object"": 29.09}}, ""b5"": {""services"": [""pose"", ""object""], ""fps"": {""pose"": 0, ""object"": 0}, ""eff_fps"": {""pose"": 0, ""object"": 0}, ""latency_ms"": {""pose"": 0, ""object"": 0}, ""svclat_ms"": {""pose"": 0.0, ""object"": 0.0}}}"
144.5,29,28,0.966,0,0,8,7,7,1.0,671.0,560,0.835,0.0,0.25,0.0,8.56,9.12,10.0,7.62,7.62,10.0,0,0,0,67.72,75.18,30.96,516,"{""ip-172-31-0-204"": ""healthy"", ""ip-172-31-1-171"": ""healthy"", ""ip-172-31-10-12"": ""healthy"", ""ip-172-31-11-132"": ""healthy"", ""ip-172-31-13-134"": ""healthy"", ""ip-172-31-14-68"": ""healthy"", ""ip-172-31-40-239"": ""healthy""}",subscribe,9.5,0.3333,0,0,"{""ip-172-31-13-134"": {""gesture"": 1}, ""ip-172-31-10-12"": {""pose"": 1}, ""ip-172-31-0-204"": {""object"": 1}, ""ip-172-31-1-171"": {""object"": 1}, ""ip-172-31-11-132"": {""pose"": 1}, ""ip-172-31-14-68"": {""gesture"": 1}, ""ip-172-31-40-239"": {""gesture"": 1}}","{""a1"": {""services"": [""pose"", ""gesture""], ""fps"": {""pose"": 7, ""gesture"": 9}, ""eff_fps"": {""pose"": 5, ""gesture"": 6}, ""latency_ms"": {""pose"": 0, ""gesture"": 0}, ""svclat_ms"": {""pose"": 114.35, ""gesture"": 89.47}}, ""a2"": {""services"": [""pose"", ""gesture""], ""fps"": {""pose"": 8, ""gesture"": 9}, ""eff_fps"": {""pose"": 6, ""gesture"": 6}, ""latency_ms"": {""pose"": 0, ""gesture"": 0}, ""svclat_ms"": {""pose"": 110.18, ""gesture"": 89.34}}, ""a3"": {""services"": [""pose"", ""gesture""], ""fps"": {""pose"": 7, ""gesture"": 8}, ""eff_fps"": {""pose"": 6, ""gesture"": 4}, ""latency_ms"": {""pose"": 0, ""gesture"": 0}, ""svclat_ms"": {""pose"": 116.76, ""gesture"": 99.37}}, ""a4"": {""services"": [""pose"", ""gesture""], ""fps"": {""pose"": 7, ""gesture"": 9}, ""eff_fps"": {""pose"": 5, ""gesture"": 5}, ""latency_ms"": {""pose"": 0, ""gesture"": 0}, ""svclat_ms"": {""pose"": 125.51, ""gesture"": 96.15}}, ""a5"": {""services"": [""pose"", ""gesture""], ""fps"": {""pose"": 7, ""gesture"": 9}, ""eff_fps"": {""pose"": 5, ""gesture"": 4}, ""latency_ms"": {""pose"": 0, ""gesture"": 0}, ""svclat_ms"": {""pose"": 125.86, ""gesture"": 99.32}}, ""a6"": {""services"": [""pose"", ""gesture""], ""fps"": {""pose"": 7, ""gesture"": 9}, ""eff_fps"": {""pose"": 5, ""gesture"": 8}, ""latency_ms"": {""pose"": 0, ""gesture"": 0}, ""svclat_ms"": {""pose"": 98.66, ""gesture"": 77.79}}, ""a7"": {""services"": [""pose"", ""gesture""], ""fps"": {""pose"": 7, ""gesture"": 8}, ""eff_fps"": {""pose"": 5, ""gesture"": 7}, ""latency_ms"": {""pose"": 0, ""gesture"": 0}, ""svclat_ms"": {""pose"": 97.92, ""gesture"": 70.68}}, ""a8"": {""services"": [""pose"", ""gesture""], ""fps"": {""pose"": 7, ""gesture"": 9}, ""eff_fps"": {""pose"": 5, ""gesture"": 8}, ""latency_ms"": {""pose"": 0, ""gesture"": 0}, ""svclat_ms"": {""pose"": 98.02, ""gesture"": 71.7}}, ""a9"": {""services"": [""pose"", ""gesture""], ""fps"": {""pose"": 10, ""gesture"": 8}, ""eff_fps"": {""pose"": 10, ""gesture"": 7}, ""latency_ms"": {""pose"": 0, ""gesture"": 0}, ""svclat_ms"": {""pose"": 21.57, ""gesture"": 75.3}}, ""a10"": {""services"": [""pose"", ""gesture""], ""fps"": {""pose"": 10, ""gesture"": 9}, ""eff_fps"": {""pose"": 10, ""gesture"": 8}, ""latency_ms"": {""pose"": 0, ""gesture"": 0}, ""svclat_ms"": {""pose"": 25.5, ""gesture"": 70.06}}, ""a11"": {""services"": [""pose"", ""gesture""], ""fps"": {""pose"": 10, ""gesture"": 9}, ""eff_fps"": {""pose"": 10, ""gesture"": 3}, ""latency_ms"": {""pose"": 0, ""gesture"": 0}, ""svclat_ms"": {""pose"": 22.78, ""gesture"": 105.06}}, ""a12"": {""services"": [""pose"", ""gesture""], ""fps"": {""pose"": 10, ""gesture"": 9}, ""eff_fps"": {""pose"": 10, ""gesture"": 8}, ""latency_ms"": {""pose"": 0, ""gesture"": 0}, ""svclat_ms"": {""pose"": 25.55, ""gesture"": 82.11}}, ""z1"": {""services"": [""gesture"", ""object""], ""fps"": {""gesture"": 9, ""object"": 10}, ""eff_fps"": {""gesture"": 9, ""object"": 10}, ""latency_ms"": {""gesture"": 0, ""object"": 0}, ""svclat_ms"": {""gesture"": 50.69, ""object"": 21.2}}, ""z2"": {""services"": [""gesture"", ""object""], ""fps"": {""gesture"": 9, ""object"": 10}, ""eff_fps"": {""gesture"": 6, ""object"": 10}, ""latency_ms"": {""gesture"": 0, ""object"": 0}, ""svclat_ms"": {""gesture"": 89.72, ""object"": 24.77}}, ""z3"": {""services"": [""gesture"", ""object""], ""fps"": {""gesture"": 10, ""object"": 10}, ""eff_fps"": {""gesture"": 8, ""object"": 10}, ""latency_ms"": {""gesture"": 0, ""object"": 0}, ""svclat_ms"": {""gesture"": 95.73, ""object"": 36.65}}, ""z4"": {""services"": [""gesture"", ""object""], ""fps"": {""gesture"": 9, ""object"": 10}, ""eff_fps"": {""gesture"": 9, ""object"": 10}, ""latency_ms"": {""gesture"": 0, ""object"": 0}, ""svclat_ms"": {""gesture"": 71.98, ""object"": 34.87}}, ""z5"": {""services"": [""gesture"", ""object""], ""fps"": {""gesture"": 10, ""object"": 10}, ""eff_fps"": {""gesture"": 10, ""object"": 10}, ""latency_ms"": {""gesture"": 0, ""object"": 0}, ""svclat_ms"": {""gesture"": 73.66, ""object"": 36.69}}, ""z6"": {""services"": [""gesture"", ""object""], ""fps"": {""gesture"": 10, ""object"": 10}, ""eff_fps"": {""gesture"": 10, ""object"": 10}, ""latency_ms"": {""gesture"": 0, ""object"": 0}, ""svclat_ms"": {""gesture"": 71.98, ""object"": 35.38}}, ""z7"": {""services"": [""gesture"", ""object""], ""fps"": {""gesture"": 9, ""object"": 10}, ""eff_fps"": {""gesture"": 9, ""object"": 10}, ""latency_ms"": {""gesture"": 0, ""object"": 0}, ""svclat_ms"": {""gesture"": 85.68, ""object"": 36.83}}, ""z8"": {""services"": [""gesture"", ""object""], ""fps"": {""gesture"": 9, ""object"": 10}, ""eff_fps"": {""gesture"": 9, ""object"": 10}, ""latency_ms"": {""gesture"": 0, ""object"": 0}, ""svclat_ms"": {""gesture"": 74.02, ""object"": 26.32}}, ""z9"": {""services"": [""gesture"", ""object""], ""fps"": {""gesture"": 9, ""object"": 10}, ""eff_fps"": {""gesture"": 9, ""object"": 10}, ""latency_ms"": {""gesture"": 0, ""object"": 0}, ""svclat_ms"": {""gesture"": 68.54, ""object"": 37.07}}, ""z10"": {""services"": [""gesture"", ""object""], ""fps"": {""gesture"": 10, ""object"": 10}, ""eff_fps"": {""gesture"": 10, ""object"": 10}, ""latency_ms"": {""gesture"": 0, ""object"": 0}, ""svclat_ms"": {""gesture"": 67.86, ""object"": 36.16}}, ""z11"": {""services"": [""gesture"", ""object""], ""fps"": {""gesture"": 10, ""object"": 10}, ""eff_fps"": {""gesture"": 10, ""object"": 10}, ""latency_ms"": {""gesture"": 0, ""object"": 0}, ""svclat_ms"": {""gesture"": 14.4, ""object"": 21.85}}, ""z12"": {""services"": [""gesture"", ""object""], ""fps"": {""gesture"": 10, ""object"": 10}, ""eff_fps"": {""gesture"": 10, ""object"": 10}, ""latency_ms"": {""gesture"": 0, ""object"": 0}, ""svclat_ms"": {""gesture"": 13.73, ""object"": 36.15}}, ""b1"": {""services"": [""pose"", ""object""], ""fps"": {""pose"": 10, ""object"": 10}, ""eff_fps"": {""pose"": 10, ""object"": 10}, ""latency_ms"": {""pose"": 0, ""object"": 0}, ""svclat_ms"": {""pose"": 25.46, ""object"": 25.66}}, ""b2"": {""services"": [""pose"", ""object""], ""fps"": {""pose"": 10, ""object"": 10}, ""eff_fps"": {""pose"": 10, ""object"": 10}, ""latency_ms"": {""pose"": 0, ""object"": 0}, ""svclat_ms"": {""pose"": 23.72, ""object"": 36.09}}, ""b3"": {""services"": [""pose"", ""object""], ""fps"": {""pose"": 10, ""object"": 10}, ""eff_fps"": {""pose"": 10, ""object"": 10}, ""latency_ms"": {""pose"": 0, ""object"": 0}, ""svclat_ms"": {""pose"": 26.73, ""object"": 20.55}}, ""b4"": {""services"": [""pose"", ""object""], ""fps"": {""pose"": 10, ""object"": 10}, ""eff_fps"": {""pose"": 10, ""object"": 10}, ""latency_ms"": {""pose"": 0, ""object"": 0}, ""svclat_ms"": {""pose"": 25.01, ""object"": 29.15}}, ""b5"": {""services"": [""pose"", ""object""], ""fps"": {""pose"": 0, ""object"": 0}, ""eff_fps"": {""pose"": 0, ""object"": 0}, ""latency_ms"": {""pose"": 0, ""object"": 0}, ""svclat_ms"": {""pose"": 0.0, ""object"": 0.0}}}"
146.9,29,28,0.966,0,0,8,7,7,1.0,671.0,560,0.835,0.0,0.25,0.0,9.88,9.79,10.0,6.33,3.87,10.0,0,0,0,64.31,95.24,31.09,553,"{""ip-172-31-0-204"": ""healthy"", ""ip-172-31-1-171"": ""healthy"", ""ip-172-31-10-12"": ""healthy"", ""ip-172-31-11-132"": ""healthy"", ""ip-172-31-13-134"": ""healthy"", ""ip-172-31-14-68"": ""healthy"", ""ip-172-31-40-239"": ""healthy""}",subscribe,9.5,0.3333,0,0,"{""ip-172-31-13-134"": {""gesture"": 1}, ""ip-172-31-10-12"": {""pose"": 1}, ""ip-172-31-0-204"": {""object"": 1}, ""ip-172-31-1-171"": {""object"": 1}, ""ip-172-31-11-132"": {""pose"": 1}, ""ip-172-31-14-68"": {""gesture"": 1}, ""ip-172-31-40-239"": {""gesture"": 1}}","{""a1"": {""services"": [""pose"", ""gesture""], ""fps"": {""pose"": 9, ""gesture"": 10}, ""eff_fps"": {""pose"": 3, ""gesture"": 0}, ""latency_ms"": {""pose"": 0, ""gesture"": 0}, ""svclat_ms"": {""pose"": 109.36, ""gesture"": 108.46}}, ""a2"": {""services"": [""pose"", ""gesture""], ""fps"": {""pose"": 9, ""gesture"": 9}, ""eff_fps"": {""pose"": 3, ""gesture"": 0}, ""latency_ms"": {""pose"": 0, ""gesture"": 0}, ""svclat_ms"": {""pose"": 109.78, ""gesture"": 108.63}}, ""a3"": {""services"": [""pose"", ""gesture""], ""fps"": {""pose"": 10, ""gesture"": 9}, ""eff_fps"": {""pose"": 3, ""gesture"": 0}, ""latency_ms"": {""pose"": 0, ""gesture"": 0}, ""svclat_ms"": {""pose"": 102.7, ""gesture"": 104.7}}, ""a4"": {""services"": [""pose"", ""gesture""], ""fps"": {""pose"": 10, ""gesture"": 10}, ""eff_fps"": {""pose"": 1, ""gesture"": 0}, ""latency_ms"": {""pose"": 0, ""gesture"": 0}, ""svclat_ms"": {""pose"": 103.13, ""gesture"": 104.49}}, ""a5"": {""services"": [""pose"", ""gesture""], ""fps"": {""pose"": 10, ""gesture"": 10}, ""eff_fps"": {""pose"": 3, ""gesture"": 0}, ""latency_ms"": {""pose"": 0, ""gesture"": 0}, ""svclat_ms"": {""pose"": 102.88, ""gesture"": 104.62}}, ""a6"": {""services"": [""pose"", ""gesture""], ""fps"": {""pose"": 10, ""gesture"": 10}, ""eff_fps"": {""pose"": 1, ""gesture"": 0}, ""latency_ms"": {""pose"": 0, ""gesture"": 0}, ""svclat_ms"": {""pose"": 104.24, ""gesture"": 103.98}}, ""a7"": {""services"": [""pose"", ""gesture""], ""fps"": {""pose"": 10, ""gesture"": 10}, ""eff_fps"": {""pose"": 0, ""gesture"": 0}, ""latency_ms"": {""pose"": 0, ""gesture"": 0}, ""svclat_ms"": {""pose"": 104.1, ""gesture"": 103.68}}, ""a8"": {""services"": [""pose"", ""gesture""], ""fps"": {""pose"": 10, ""gesture"": 10}, ""eff_fps"": {""pose"": 1, ""gesture"": 0}, ""latency_ms"": {""pose"": 0, ""gesture"": 0}, ""svclat_ms"": {""pose"": 104.47, ""gesture"": 104.03}}, ""a9"": {""services"": [""pose"", ""gesture""], ""fps"": {""pose"": 10, ""gesture"": 10}, ""eff_fps"": {""pose"": 10, ""gesture"": 1}, ""latency_ms"": {""pose"": 0, ""gesture"": 0}, ""svclat_ms"": {""pose"": 21.55, ""gesture"": 103.6}}, ""a10"": {""services"": [""pose"", ""gesture""], ""fps"": {""pose"": 10, ""gesture"": 9}, ""eff_fps"": {""pose"": 10, ""gesture"": 1}, ""latency_ms"": {""pose"": 0, ""gesture"": 0}, ""svclat_ms"": {""pose"": 24.22, ""gesture"": 103.85}}, ""a11"": {""services"": [""pose"", ""gesture""], ""fps"": {""pose"": 10, ""gesture"": 9}, ""eff_fps"": {""pose"": 10, ""gesture"": 0}, ""latency_ms"": {""pose"": 0, ""gesture"": 0}, ""svclat_ms"": {""pose"": 22.39, ""gesture"": 104.59}}, ""a12"": {""services"": [""pose"", ""gesture""], ""fps"": {""pose"": 10, ""gesture"": 10}, ""eff_fps"": {""pose"": 10, ""gesture"": 2}, ""latency_ms"": {""pose"": 0, ""gesture"": 0}, ""svclat_ms"": {""pose"": 23.83, ""gesture"": 100.77}}, ""z1"": {""services"": [""gesture"", ""object""], ""fps"": {""gesture"": 10, ""object"": 10}, ""eff_fps"": {""gesture"": 2, ""object"": 10}, ""latency_ms"": {""gesture"": 0, ""object"": 0}, ""svclat_ms"": {""gesture"": 100.79, ""object"": 21.49}}, ""z2"": {""services"": [""gesture"", ""object""], ""fps"": {""gesture"": 10, ""object"": 10}, ""eff_fps"": {""gesture"": 2, ""object"": 10}, ""latency_ms"": {""gesture"": 0, ""object"": 0}, ""svclat_ms"": {""gesture"": 100.81, ""object"": 23.18}}, ""z3"": {""services"": [""gesture"", ""object""], ""fps"": {""gesture"": 10, ""object"": 10}, ""eff_fps"": {""gesture"": 6, ""object"": 10}, ""latency_ms"": {""gesture"": 0, ""object"": 0}, ""svclat_ms"": {""gesture"": 99.75, ""object"": 37.0}}, ""z4"": {""services"": [""gesture"", ""object""], ""fps"": {""gesture"": 10, ""object"": 10}, ""eff_fps"": {""gesture"": 2, ""object"": 10}, ""latency_ms"": {""gesture"": 0, ""object"": 0}, ""svclat_ms"": {""gesture"": 100.64, ""object"": 34.49}}, ""z5"": {""services"": [""gesture"", ""object""], ""fps"": {""gesture"": 10, ""object"": 10}, ""eff_fps"": {""gesture"": 5, ""object"": 10}, ""latency_ms"": {""gesture"": 0, ""object"": 0}, ""svclat_ms"": {""gesture"": 99.5, ""object"": 37.2}}, ""z6"": {""services"": [""gesture"", ""object""], ""fps"": {""gesture"": 9, ""object"": 10}, ""eff_fps"": {""gesture"": 4, ""object"": 10}, ""latency_ms"": {""gesture"": 0, ""object"": 0}, ""svclat_ms"": {""gesture"": 100.24, ""object"": 35.91}}, ""z7"": {""services"": [""gesture"", ""object""], ""fps"": {""gesture"": 10, ""object"": 10}, ""eff_fps"": {""gesture"": 5, ""object"": 10}, ""latency_ms"": {""gesture"": 0, ""object"": 0}, ""svclat_ms"": {""gesture"": 99.72, ""object"": 36.9}}, ""z8"": {""services"": [""gesture"", ""object""], ""fps"": {""gesture"": 10, ""object"": 10}, ""eff_fps"": {""gesture"": 3, ""object"": 10}, ""latency_ms"": {""gesture"": 0, ""object"": 0}, ""svclat_ms"": {""gesture"": 100.01, ""object"": 26.16}}, ""z9"": {""services"": [""gesture"", ""object""], ""fps"": {""gesture"": 10, ""object"": 10}, ""eff_fps"": {""gesture"": 2, ""object"": 10}, ""latency_ms"": {""gesture"": 0, ""object"": 0}, ""svclat_ms"": {""gesture"": 100.85, ""object"": 38.5}}, ""z10"": {""services"": [""gesture"", ""object""], ""fps"": {""gesture"": 10, ""object"": 10}, ""eff_fps"": {""gesture"": 3, ""object"": 10}, ""latency_ms"": {""gesture"": 0, ""object"": 0}, ""svclat_ms"": {""gesture"": 100.68, ""object"": 37.63}}, ""z11"": {""services"": [""gesture"", ""object""], ""fps"": {""gesture"": 10, ""object"": 10}, ""eff_fps"": {""gesture"": 10, ""object"": 10}, ""latency_ms"": {""gesture"": 0, ""object"": 0}, ""svclat_ms"": {""gesture"": 13.81, ""object"": 22.01}}, ""z12"": {""services"": [""gesture"", ""object""], ""fps"": {""gesture"": 10, ""object"": 10}, ""eff_fps"": {""gesture"": 10, ""object"": 10}, ""latency_ms"": {""gesture"": 0, ""object"": 0}, ""svclat_ms"": {""gesture"": 13.56, ""object"": 36.89}}, ""b1"": {""services"": [""pose"", ""object""], ""fps"": {""pose"": 10, ""object"": 10}, ""eff_fps"": {""pose"": 10, ""object"": 10}, ""latency_ms"": {""pose"": 0, ""object"": 0}, ""svclat_ms"": {""pose"": 23.87, ""object"": 25.03}}, ""b2"": {""services"": [""pose"", ""object""], ""fps"": {""pose"": 10, ""object"": 10}, ""eff_fps"": {""pose"": 10, ""object"": 10}, ""latency_ms"": {""pose"": 0, ""object"": 0}, ""svclat_ms"": {""pose"": 22.74, ""object"": 35.3}}, ""b3"": {""services"": [""pose"", ""object""], ""fps"": {""pose"": 10, ""object"": 10}, ""eff_fps"": {""pose"": 10, ""object"": 10}, ""latency_ms"": {""pose"": 0, ""object"": 0}, ""svclat_ms"": {""pose"": 25.26, ""object"": 21.13}}, ""b4"": {""services"": [""pose"", ""object""], ""fps"": {""pose"": 10, ""object"": 10}, ""eff_fps"": {""pose"": 10, ""object"": 10}, ""latency_ms"": {""pose"": 0, ""object"": 0}, ""svclat_ms"": {""pose"": 24.51, ""object"": 28.69}}, ""b5"": {""services"": [""pose"", ""object""], ""fps"": {""pose"": 0, ""object"": 0}, ""eff_fps"": {""pose"": 0, ""object"": 0}, ""latency_ms"": {""pose"": 0, ""object"": 0}, ""svclat_ms"": {""pose"": 0.0, ""object"": 0.0}}, ""b6"": {""services"": [""pose"", ""object""], ""fps"": {""pose"": 0, ""object"": 0}, ""eff_fps"": {""pose"": 0, ""object"": 0}, ""latency_ms"": {""pose"": 0, ""object"": 0}, ""svclat_ms"": {""pose"": 0.0, ""object"": 0.0}}}"
149.2,29,28,0.966,0,0,8,7,7,1.0,671.0,560,0.835,0.0,0.25,0.0,9.62,9.46,10.0,9.0,5.3,10.0,0,0,0,65.11,96.97,31.01,541,"{""ip-172-31-0-204"": ""healthy"", ""ip-172-31-1-171"": ""healthy"", ""ip-172-31-10-12"": ""healthy"", ""ip-172-31-11-132"": ""healthy"", ""ip-172-31-13-134"": ""healthy"", ""ip-172-31-14-68"": ""healthy"", ""ip-172-31-40-239"": ""healthy""}",subscribe,9.5,0.3333,0,0,"{""ip-172-31-13-134"": {""gesture"": 1}, ""ip-172-31-10-12"": {""pose"": 1}, ""ip-172-31-0-204"": {""object"": 1}, ""ip-172-31-1-171"": {""object"": 1}, ""ip-172-31-11-132"": {""pose"": 1}, ""ip-172-31-14-68"": {""gesture"": 1}, ""ip-172-31-40-239"": {""gesture"": 1}}","{""a1"": {""services"": [""pose"", ""gesture""], ""fps"": {""pose"": 10, ""gesture"": 10}, ""eff_fps"": {""pose"": 0, ""gesture"": 0}, ""latency_ms"": {""pose"": 0, ""gesture"": 0}, ""svclat_ms"": {""pose"": 105.97, ""gesture"": 104.07}}, ""a2"": {""services"": [""pose"", ""gesture""], ""fps"": {""pose"": 9, ""gesture"": 9}, ""eff_fps"": {""pose"": 0, ""gesture"": 0}, ""latency_ms"": {""pose"": 0, ""gesture"": 0}, ""svclat_ms"": {""pose"": 106.14, ""gesture"": 104.18}}, ""a3"": {""services"": [""pose"", ""gesture""], ""fps"": {""pose"": 10, ""gesture"": 9}, ""eff_fps"": {""pose"": 1, ""gesture"": 0}, ""latency_ms"": {""pose"": 0, ""gesture"": 0}, ""svclat_ms"": {""pose"": 105.37, ""gesture"": 104.04}}, ""a4"": {""services"": [""pose"", ""gesture""], ""fps"": {""pose"": 9, ""gesture"": 10}, ""eff_fps"": {""pose"": 0, ""gesture"": 0}, ""latency_ms"": {""pose"": 0, ""gesture"": 0}, ""svclat_ms"": {""pose"": 105.91, ""gesture"": 104.1}}, ""a5"": {""services"": [""pose"", ""gesture""], ""fps"": {""pose"": 9, ""gesture"": 10}, ""eff_fps"": {""pose"": 0, ""gesture"": 0}, ""latency_ms"": {""pose"": 0, ""gesture"": 0}, ""svclat_ms"": {""pose"": 106.17, ""gesture"": 103.91}}, ""a6"": {""services"": [""pose"", ""gesture""], ""fps"": {""pose"": 9, ""gesture"": 10}, ""eff_fps"": {""pose"": 0, ""gesture"": 0}, ""latency_ms"": {""pose"": 0, ""gesture"": 0}, ""svclat_ms"": {""pose"": 106.53, ""gesture"": 104.21}}, ""a7"": {""services"": [""pose"", ""gesture""], ""fps"": {""pose"": 9, ""gesture"": 9}, ""eff_fps"": {""pose"": 0, ""gesture"": 0}, ""latency_ms"": {""pose"": 0, ""gesture"": 0}, ""svclat_ms"": {""pose"": 106.39, ""gesture"": 104.49}}, ""a8"": {""services"": [""pose"", ""gesture""], ""fps"": {""pose"": 9, ""gesture"": 10}, ""eff_fps"": {""pose"": 0, ""gesture"": 0}, ""latency_ms"": {""pose"": 0, ""gesture"": 0}, ""svclat_ms"": {""pose"": 106.53, ""gesture"": 104.21}}, ""a9"": {""services"": [""pose"", ""gesture""], ""fps"": {""pose"": 10, ""gesture"": 9}, ""eff_fps"": {""pose"": 10, ""gesture"": 0}, ""latency_ms"": {""pose"": 0, ""gesture"": 0}, ""svclat_ms"": {""pose"": 21.46, ""gesture"": 104.38}}, ""a10"": {""services"": [""pose"", ""gesture""], ""fps"": {""pose"": 10, ""gesture"": 10}, ""eff_fps"": {""pose"": 10, ""gesture"": 0}, ""latency_ms"": {""pose"": 0, ""gesture"": 0}, ""svclat_ms"": {""pose"": 25.18, ""gesture"": 104.11}}, ""a11"": {""services"": [""pose"", ""gesture""], ""fps"": {""pose"": 10, ""gesture"": 9}, ""eff_fps"": {""pose"": 10, ""gesture"": 0}, ""latency_ms"": {""pose"": 0, ""gesture"": 0}, ""svclat_ms"": {""pose"": 22.57, ""gesture"": 103.99}}, ""a12"": {""services"": [""pose"", ""gesture""], ""fps"": {""pose"": 10, ""gesture"": 9}, ""eff_fps"": {""pose"": 10, ""gesture"": 0}, ""latency_ms"": {""pose"": 0, ""gesture"": 0}, ""svclat_ms"": {""pose"": 25.34, ""gesture"": 109.59}}, ""z1"": {""services"": [""gesture"", ""object""], ""fps"": {""gesture"": 9, ""object"": 10}, ""eff_fps"": {""gesture"": 5, ""object"": 10}, ""latency_ms"": {""gesture"": 0, ""object"": 0}, ""svclat_ms"": {""gesture"": 102.73, ""object"": 21.52}}, ""z2"": {""services"": [""gesture"", ""object""], ""fps"": {""gesture"": 9, ""object"": 10}, ""eff_fps"": {""gesture"": 6, ""object"": 10}, ""latency_ms"": {""gesture"": 0, ""object"": 0}, ""svclat_ms"": {""gesture"": 99.56, ""object"": 23.17}}, ""z3"": {""services"": [""gesture"", ""object""], ""fps"": {""gesture"": 10, ""object"": 10}, ""eff_fps"": {""gesture"": 10, ""object"": 10}, ""latency_ms"": {""gesture"": 0, ""object"": 0}, ""svclat_ms"": {""gesture"": 92.32, ""object"": 35.87}}, ""z4"": {""services"": [""gesture"", ""object""], ""fps"": {""gesture"": 9, ""object"": 10}, ""eff_fps"": {""gesture"": 3, ""object"": 10}, ""latency_ms"": {""gesture"": 0, ""object"": 0}, ""svclat_ms"": {""gesture"": 104.99, ""object"": 34.45}}, ""z5"": {""services"": [""gesture"", ""object""], ""fps"": {""gesture"": 9, ""object"": 10}, ""eff_fps"": {""gesture"": 0, ""object"": 10}, ""latency_ms"": {""gesture"": 0, ""object"": 0}, ""svclat_ms"": {""gesture"": 109.09, ""object"": 35.86}}, ""z6"": {""services"": [""gesture"", ""object""], ""fps"": {""gesture"": 9, ""object"": 10}, ""eff_fps"": {""gesture"": 1, ""object"": 10}, ""latency_ms"": {""gesture"": 0, ""object"": 0}, ""svclat_ms"": {""gesture"": 108.49, ""object"": 34.78}}, ""z7"": {""services"": [""gesture"", ""object""], ""fps"": {""gesture"": 9, ""object"": 10}, ""eff_fps"": {""gesture"": 0, ""object"": 10}, ""latency_ms"": {""gesture"": 0, ""object"": 0}, ""svclat_ms"": {""gesture"": 109.48, ""object"": 36.38}}, ""z8"": {""services"": [""gesture"", ""object""], ""fps"": {""gesture"": 10, ""object"": 10}, ""eff_fps"": {""gesture"": 1, ""object"": 10}, ""latency_ms"": {""gesture"": 0, ""object"": 0}, ""svclat_ms"": {""gesture"": 108.43, ""object"": 28.64}}, ""z9"": {""services"": [""gesture"", ""object""], ""fps"": {""gesture"": 10, ""object"": 10}, ""eff_fps"": {""gesture"": 4, ""object"": 10}, ""latency_ms"": {""gesture"": 0, ""object"": 0}, ""svclat_ms"": {""gesture"": 104.28, ""object"": 37.98}}, ""z10"": {""services"": [""gesture"", ""object""], ""fps"": {""gesture"": 9, ""object"": 10}, ""eff_fps"": {""gesture"": 3, ""object"": 10}, ""latency_ms"": {""gesture"": 0, ""object"": 0}, ""svclat_ms"": {""gesture"": 104.66, ""object"": 37.11}}, ""z11"": {""services"": [""gesture"", ""object""], ""fps"": {""gesture"": 10, ""object"": 10}, ""eff_fps"": {""gesture"": 10, ""object"": 10}, ""latency_ms"": {""gesture"": 0, ""object"": 0}, ""svclat_ms"": {""gesture"": 14.33, ""object"": 21.82}}, ""z12"": {""services"": [""gesture"", ""object""], ""fps"": {""gesture"": 10, ""object"": 10}, ""eff_fps"": {""gesture"": 10, ""object"": 10}, ""latency_ms"": {""gesture"": 0, ""object"": 0}, ""svclat_ms"": {""gesture"": 13.69, ""object"": 36.73}}, ""b1"": {""services"": [""pose"", ""object""], ""fps"": {""pose"": 10, ""object"": 10}, ""eff_fps"": {""pose"": 10, ""object"": 10}, ""latency_ms"": {""pose"": 0, ""object"": 0}, ""svclat_ms"": {""pose"": 24.3, ""object"": 25.29}}, ""b2"": {""services"": [""pose"", ""object""], ""fps"": {""pose"": 10, ""object"": 10}, ""eff_fps"": {""pose"": 10, ""object"": 10}, ""latency_ms"": {""pose"": 0, ""object"": 0}, ""svclat_ms"": {""pose"": 23.68, ""object"": 36.07}}, ""b3"": {""services"": [""pose"", ""object""], ""fps"": {""pose"": 10, ""object"": 10}, ""eff_fps"": {""pose"": 10, ""object"": 10}, ""latency_ms"": {""pose"": 0, ""object"": 0}, ""svclat_ms"": {""pose"": 25.96, ""object"": 21.25}}, ""b4"": {""services"": [""pose"", ""object""], ""fps"": {""pose"": 10, ""object"": 10}, ""eff_fps"": {""pose"": 10, ""object"": 10}, ""latency_ms"": {""pose"": 0, ""object"": 0}, ""svclat_ms"": {""pose"": 24.23, ""object"": 29.2}}, ""b5"": {""services"": [""pose"", ""object""], ""fps"": {""pose"": 0, ""object"": 0}, ""eff_fps"": {""pose"": 0, ""object"": 0}, ""latency_ms"": {""pose"": 0, ""object"": 0}, ""svclat_ms"": {""pose"": 0.0, ""object"": 0.0}}, ""b6"": {""services"": [""pose"", ""object""], ""fps"": {""pose"": 0, ""object"": 0}, ""eff_fps"": {""pose"": 0, ""object"": 0}, ""latency_ms"": {""pose"": 0, ""object"": 0}, ""svclat_ms"": {""pose"": 0.0, ""object"": 0.0}}}"
151.6,29,28,0.966,0,0,8,7,7,1.0,671.0,560,0.835,0.0,0.25,0.0,10.0,10.46,10.0,10.0,10.46,10.0,0,0,0,45.34,42.96,31.22,571,"{""ip-172-31-0-204"": ""healthy"", ""ip-172-31-1-171"": ""healthy"", ""ip-172-31-10-12"": ""healthy"", ""ip-172-31-11-132"": ""healthy"", ""ip-172-31-13-134"": ""healthy"", ""ip-172-31-14-68"": ""healthy"", ""ip-172-31-40-239"": ""healthy""}",subscribe,9.5,0.3333,0,0,"{""ip-172-31-13-134"": {""gesture"": 1}, ""ip-172-31-10-12"": {""pose"": 1}, ""ip-172-31-0-204"": {""object"": 1}, ""ip-172-31-1-171"": {""object"": 1}, ""ip-172-31-11-132"": {""pose"": 1}, ""ip-172-31-14-68"": {""gesture"": 1}, ""ip-172-31-40-239"": {""gesture"": 1}}","{""a1"": {""services"": [""pose"", ""gesture""], ""fps"": {""pose"": 10, ""gesture"": 10}, ""eff_fps"": {""pose"": 10, ""gesture"": 10}, ""latency_ms"": {""pose"": 0, ""gesture"": 0}, ""svclat_ms"": {""pose"": 67.85, ""gesture"": 51.53}}, ""a2"": {""services"": [""pose"", ""gesture""], ""fps"": {""pose"": 10, ""gesture"": 10}, ""eff_fps"": {""pose"": 10, ""gesture"": 10}, ""latency_ms"": {""pose"": 0, ""gesture"": 0}, ""svclat_ms"": {""pose"": 69.09, ""gesture"": 50.31}}, ""a3"": {""services"": [""pose"", ""gesture""], ""fps"": {""pose"": 10, ""gesture"": 11}, ""eff_fps"": {""pose"": 10, ""gesture"": 11}, ""latency_ms"": {""pose"": 0, ""gesture"": 0}, ""svclat_ms"": {""pose"": 64.5, ""gesture"": 46.03}}, ""a4"": {""services"": [""pose"", ""gesture""], ""fps"": {""pose"": 10, ""gesture"": 11}, ""eff_fps"": {""pose"": 10, ""gesture"": 11}, ""latency_ms"": {""pose"": 0, ""gesture"": 0}, ""svclat_ms"": {""pose"": 62.04, ""gesture"": 42.25}}, ""a5"": {""services"": [""pose"", ""gesture""], ""fps"": {""pose"": 10, ""gesture"": 11}, ""eff_fps"": {""pose"": 10, ""gesture"": 11}, ""latency_ms"": {""pose"": 0, ""gesture"": 0}, ""svclat_ms"": {""pose"": 62.5, ""gesture"": 41.19}}, ""a6"": {""services"": [""pose"", ""gesture""], ""fps"": {""pose"": 10, ""gesture"": 11}, ""eff_fps"": {""pose"": 10, ""gesture"": 11}, ""latency_ms"": {""pose"": 0, ""gesture"": 0}, ""svclat_ms"": {""pose"": 72.3, ""gesture"": 59.89}}, ""a7"": {""services"": [""pose"", ""gesture""], ""fps"": {""pose"": 10, ""gesture"": 10}, ""eff_fps"": {""pose"": 10, ""gesture"": 10}, ""latency_ms"": {""pose"": 0, ""gesture"": 0}, ""svclat_ms"": {""pose"": 71.79, ""gesture"": 61.86}}, ""a8"": {""services"": [""pose"", ""gesture""], ""fps"": {""pose"": 10, ""gesture"": 11}, ""eff_fps"": {""pose"": 10, ""gesture"": 11}, ""latency_ms"": {""pose"": 0, ""gesture"": 0}, ""svclat_ms"": {""pose"": 72.12, ""gesture"": 59.94}}, ""a9"": {""services"": [""pose"", ""gesture""], ""fps"": {""pose"": 10, ""gesture"": 11}, ""eff_fps"": {""pose"": 10, ""gesture"": 11}, ""latency_ms"": {""pose"": 0, ""gesture"": 0}, ""svclat_ms"": {""pose"": 20.99, ""gesture"": 57.95}}, ""a10"": {""services"": [""pose"", ""gesture""], ""fps"": {""pose"": 10, ""gesture"": 11}, ""eff_fps"": {""pose"": 10, ""gesture"": 11}, ""latency_ms"": {""pose"": 0, ""gesture"": 0}, ""svclat_ms"": {""pose"": 23.41, ""gesture"": 60.39}}, ""a11"": {""services"": [""pose"", ""gesture""], ""fps"": {""pose"": 10, ""gesture"": 10}, ""eff_fps"": {""pose"": 10, ""gesture"": 10}, ""latency_ms"": {""pose"": 0, ""gesture"": 0}, ""svclat_ms"": {""pose"": 22.42, ""gesture"": 37.9}}, ""a12"": {""services"": [""pose"", ""gesture""], ""fps"": {""pose"": 10, ""gesture"": 11}, ""eff_fps"": {""pose"": 10, ""gesture"": 11}, ""latency_ms"": {""pose"": 0, ""gesture"": 0}, ""svclat_ms"": {""pose"": 23.24, ""gesture"": 33.25}}, ""z1"": {""services"": [""gesture"", ""object""], ""fps"": {""gesture"": 10, ""object"": 10}, ""eff_fps"": {""gesture"": 10, ""object"": 10}, ""latency_ms"": {""gesture"": 0, ""object"": 0}, ""svclat_ms"": {""gesture"": 21.94, ""object"": 21.26}}, ""z2"": {""services"": [""gesture"", ""object""], ""fps"": {""gesture"": 11, ""object"": 10}, ""eff_fps"": {""gesture"": 11, ""object"": 10}, ""latency_ms"": {""gesture"": 0, ""object"": 0}, ""svclat_ms"": {""gesture"": 25.68, ""object"": 23.52}}, ""z3"": {""services"": [""gesture"", ""object""], ""fps"": {""gesture"": 10, ""object"": 10}, ""eff_fps"": {""gesture"": 10, ""object"": 10}, ""latency_ms"": {""gesture"": 0, ""object"": 0}, ""svclat_ms"": {""gesture"": 33.44, ""object"": 35.95}}, ""z4"": {""services"": [""gesture"", ""object""], ""fps"": {""gesture"": 10, ""object"": 10}, ""eff_fps"": {""gesture"": 10, ""object"": 10}, ""latency_ms"": {""gesture"": 0, ""object"": 0}, ""svclat_ms"": {""gesture"": 56.58, ""object"": 33.52}}, ""z5"": {""services"": [""gesture"", ""object""], ""fps"": {""gesture"": 10, ""object"": 10}, ""eff_fps"": {""gesture"": 10, ""object"": 10}, ""latency_ms"": {""gesture"": 0, ""object"": 0}, ""svclat_ms"": {""gesture"": 38.03, ""object"": 36.03}}, ""z6"": {""services"": [""gesture"", ""object""], ""fps"": {""gesture"": 10, ""object"": 10}, ""eff_fps"": {""gesture"": 10, ""object"": 10}, ""latency_ms"": {""gesture"": 0, ""object"": 0}, ""svclat_ms"": {""gesture"": 39.3, ""object"": 34.86}}, ""z7"": {""services"": [""gesture"", ""object""], ""fps"": {""gesture"": 11, ""object"": 10}, ""eff_fps"": {""gesture"": 11, ""object"": 10}, ""latency_ms"": {""gesture"": 0, ""object"": 0}, ""svclat_ms"": {""gesture"": 39.05, ""object"": 36.47}}, ""z8"": {""services"": [""gesture"", ""object""], ""fps"": {""gesture"": 10, ""object"": 10}, ""eff_fps"": {""gesture"": 10, ""object"": 10}, ""latency_ms"": {""gesture"": 0, ""object"": 0}, ""svclat_ms"": {""gesture"": 39.62, ""object"": 29.02}}, ""z9"": {""services"": [""gesture"", ""object""], ""fps"": {""gesture"": 10, ""object"": 10}, ""eff_fps"": {""gesture"": 10, ""object"": 10}, ""latency_ms"": {""gesture"": 0, ""object"": 0}, ""svclat_ms"": {""gesture"": 52.1, ""object"": 37.98}}, ""z10"": {""services"": [""gesture"", ""object""], ""fps"": {""gesture"": 11, ""object"": 10}, ""eff_fps"": {""gesture"": 11, ""object"": 10}, ""latency_ms"": {""gesture"": 0, ""object"": 0}, ""svclat_ms"": {""gesture"": 55.02, ""object"": 37.62}}, ""z11"": {""services"": [""gesture"", ""object""], ""fps"": {""gesture"": 10, ""object"": 10}, ""eff_fps"": {""gesture"": 10, ""object"": 10}, ""latency_ms"": {""gesture"": 0, ""object"": 0}, ""svclat_ms"": {""gesture"": 14.08, ""object"": 22.26}}, ""z12"": {""services"": [""gesture"", ""object""], ""fps"": {""gesture"": 10, ""object"": 10}, ""eff_fps"": {""gesture"": 10, ""object"": 10}, ""latency_ms"": {""gesture"": 0, ""object"": 0}, ""svclat_ms"": {""gesture"": 13.7, ""object"": 36.99}}, ""b1"": {""services"": [""pose"", ""object""], ""fps"": {""pose"": 10, ""object"": 10}, ""eff_fps"": {""pose"": 10, ""object"": 10}, ""latency_ms"": {""pose"": 0, ""object"": 0}, ""svclat_ms"": {""pose"": 23.44, ""object"": 26.25}}, ""b2"": {""services"": [""pose"", ""object""], ""fps"": {""pose"": 10, ""object"": 10}, ""eff_fps"": {""pose"": 10, ""object"": 10}, ""latency_ms"": {""pose"": 0, ""object"": 0}, ""svclat_ms"": {""pose"": 22.09, ""object"": 36.77}}, ""b3"": {""services"": [""pose"", ""object""], ""fps"": {""pose"": 10, ""object"": 10}, ""eff_fps"": {""pose"": 10, ""object"": 10}, ""latency_ms"": {""pose"": 0, ""object"": 0}, ""svclat_ms"": {""pose"": 24.69, ""object"": 21.27}}, ""b4"": {""services"": [""pose"", ""object""], ""fps"": {""pose"": 10, ""object"": 10}, ""eff_fps"": {""pose"": 10, ""object"": 10}, ""latency_ms"": {""pose"": 0, ""object"": 0}, ""svclat_ms"": {""pose"": 22.97, ""object"": 29.69}}, ""b5"": {""services"": [""pose"", ""object""], ""fps"": {""pose"": 0, ""object"": 0}, ""eff_fps"": {""pose"": 0, ""object"": 0}, ""latency_ms"": {""pose"": 0, ""object"": 0}, ""svclat_ms"": {""pose"": 0.0, ""object"": 0.0}}, ""b6"": {""services"": [""pose"", ""object""], ""fps"": {""pose"": 0, ""object"": 0}, ""eff_fps"": {""pose"": 0, ""object"": 0}, ""latency_ms"": {""pose"": 0, ""object"": 0}, ""svclat_ms"": {""pose"": 0.0, ""object"": 0.0}}, ""b7"": {""services"": [""pose"", ""object""], ""fps"": {""pose"": 0, ""object"": 0}, ""eff_fps"": {""pose"": 0, ""object"": 0}, ""latency_ms"": {""pose"": 0, ""object"": 0}, ""svclat_ms"": {""pose"": 0.0, ""object"": 0.0}}}"
153.9,29,28,0.966,0,0,8,7,7,1.0,671.0,560,0.835,0.0,0.25,0.0,10.0,9.96,10.0,10.0,9.96,10.0,0,0,0,23.42,16.66,31.73,559,"{""ip-172-31-0-204"": ""healthy"", ""ip-172-31-1-171"": ""healthy"", ""ip-172-31-10-12"": ""healthy"", ""ip-172-31-11-132"": ""healthy"", ""ip-172-31-13-134"": ""healthy"", ""ip-172-31-14-68"": ""healthy"", ""ip-172-31-40-239"": ""healthy""}",subscribe,9.5,0.3333,0,0,"{""ip-172-31-13-134"": {""gesture"": 1}, ""ip-172-31-10-12"": {""pose"": 1}, ""ip-172-31-0-204"": {""object"": 1}, ""ip-172-31-1-171"": {""object"": 1}, ""ip-172-31-11-132"": {""pose"": 1}, ""ip-172-31-14-68"": {""gesture"": 1}, ""ip-172-31-40-239"": {""gesture"": 1}}","{""a1"": {""services"": [""pose"", ""gesture""], ""fps"": {""pose"": 10, ""gesture"": 10}, ""eff_fps"": {""pose"": 10, ""gesture"": 10}, ""latency_ms"": {""pose"": 0, ""gesture"": 0}, ""svclat_ms"": {""pose"": 23.07, ""gesture"": 16.69}}, ""a2"": {""services"": [""pose"", ""gesture""], ""fps"": {""pose"": 10, ""gesture"": 10}, ""eff_fps"": {""pose"": 10, ""gesture"": 10}, ""latency_ms"": {""pose"": 0, ""gesture"": 0}, ""svclat_ms"": {""pose"": 22.91, ""gesture"": 16.84}}, ""a3"": {""services"": [""pose"", ""gesture""], ""fps"": {""pose"": 10, ""gesture"": 10}, ""eff_fps"": {""pose"": 10, ""gesture"": 10}, ""latency_ms"": {""pose"": 0, ""gesture"": 0}, ""svclat_ms"": {""pose"": 22.6, ""gesture"": 16.82}}, ""a4"": {""services"": [""pose"", ""gesture""], ""fps"": {""pose"": 10, ""gesture"": 10}, ""eff_fps"": {""pose"": 10, ""gesture"": 10}, ""latency_ms"": {""pose"": 0, ""gesture"": 0}, ""svclat_ms"": {""pose"": 22.26, ""gesture"": 16.77}}, ""a5"": {""services"": [""pose"", ""gesture""], ""fps"": {""pose"": 10, ""gesture"": 10}, ""eff_fps"": {""pose"": 10, ""gesture"": 10}, ""latency_ms"": {""pose"": 0, ""gesture"": 0}, ""svclat_ms"": {""pose"": 22.08, ""gesture"": 16.73}}, ""a6"": {""services"": [""pose"", ""gesture""], ""fps"": {""pose"": 10, ""gesture"": 10}, ""eff_fps"": {""pose"": 10, ""gesture"": 10}, ""latency_ms"": {""pose"": 0, ""gesture"": 0}, ""svclat_ms"": {""pose"": 23.03, ""gesture"": 17.16}}, ""a7"": {""services"": [""pose"", ""gesture""], ""fps"": {""pose"": 10, ""gesture"": 10}, ""eff_fps"": {""pose"": 10, ""gesture"": 10}, ""latency_ms"": {""pose"": 0, ""gesture"": 0}, ""svclat_ms"": {""pose"": 20.64, ""gesture"": 16.96}}, ""a8"": {""services"": [""pose"", ""gesture""], ""fps"": {""pose"": 10, ""gesture"": 10}, ""eff_fps"": {""pose"": 10, ""gesture"": 10}, ""latency_ms"": {""pose"": 0, ""gesture"": 0}, ""svclat_ms"": {""pose"": 22.45, ""gesture"": 16.92}}, ""a9"": {""services"": [""pose"", ""gesture""], ""fps"": {""pose"": 10, ""gesture"": 10}, ""eff_fps"": {""pose"": 10, ""gesture"": 10}, ""latency_ms"": {""pose"": 0, ""gesture"": 0}, ""svclat_ms"": {""pose"": 21.89, ""gesture"": 16.51}}, ""a10"": {""services"": [""pose"", ""gesture""], ""fps"": {""pose"": 10, ""gesture"": 10}, ""eff_fps"": {""pose"": 10, ""gesture"": 10}, ""latency_ms"": {""pose"": 0, ""gesture"": 0}, ""svclat_ms"": {""pose"": 25.96, ""gesture"": 16.74}}, ""a11"": {""services"": [""pose"", ""gesture""], ""fps"": {""pose"": 10, ""gesture"": 10}, ""eff_fps"": {""pose"": 10, ""gesture"": 10}, ""latency_ms"": {""pose"": 0, ""gesture"": 0}, ""svclat_ms"": {""pose"": 22.87, ""gesture"": 16.53}}, ""a12"": {""services"": [""pose"", ""gesture""], ""fps"": {""pose"": 10, ""gesture"": 9}, ""eff_fps"": {""pose"": 10, ""gesture"": 9}, ""latency_ms"": {""pose"": 0, ""gesture"": 0}, ""svclat_ms"": {""pose"": 25.46, ""gesture"": 17.15}}, ""z1"": {""services"": [""gesture"", ""object""], ""fps"": {""gesture"": 10, ""object"": 10}, ""eff_fps"": {""gesture"": 10, ""object"": 10}, ""latency_ms"": {""gesture"": 0, ""object"": 0}, ""svclat_ms"": {""gesture"": 16.96, ""object"": 20.78}}, ""z2"": {""services"": [""gesture"", ""object""], ""fps"": {""gesture"": 10, ""object"": 10}, ""eff_fps"": {""gesture"": 10, ""object"": 10}, ""latency_ms"": {""gesture"": 0, ""object"": 0}, ""svclat_ms"": {""gesture"": 16.55, ""object"": 23.96}}, ""z3"": {""services"": [""gesture"", ""object""], ""fps"": {""gesture"": 10, ""object"": 10}, ""eff_fps"": {""gesture"": 10, ""object"": 10}, ""latency_ms"": {""gesture"": 0, ""object"": 0}, ""svclat_ms"": {""gesture"": 17.84, ""object"": 37.76}}, ""z4"": {""services"": [""gesture"", ""object""], ""fps"": {""gesture"": 10, ""object"": 10}, ""eff_fps"": {""gesture"": 10, ""object"": 10}, ""latency_ms"": {""gesture"": 0, ""object"": 0}, ""svclat_ms"": {""gesture"": 16.9, ""object"": 37.01}}, ""z5"": {""services"": [""gesture"", ""object""], ""fps"": {""gesture"": 10, ""object"": 10}, ""eff_fps"": {""gesture"": 10, ""object"": 10}, ""latency_ms"": {""gesture"": 0, ""object"": 0}, ""svclat_ms"": {""gesture"": 16.58, ""object"": 37.83}}, ""z6"": {""services"": [""gesture"", ""object""], ""fps"": {""gesture"": 10, ""object"": 10}, ""eff_fps"": {""gesture"": 10, ""object"": 10}, ""latency_ms"": {""gesture"": 0, ""object"": 0}, ""svclat_ms"": {""gesture"": 17.22, ""object"": 36.73}}, ""z7"": {""services"": [""gesture"", ""object""], ""fps"": {""gesture"": 10, ""object"": 10}, ""eff_fps"": {""gesture"": 10, ""object"": 10}, ""latency_ms"": {""gesture"": 0, ""object"": 0}, ""svclat_ms"": {""gesture"": 17.12, ""object"": 38.37}}, ""z8"": {""services"": [""gesture"", ""object""], ""fps"": {""gesture"": 10, ""object"": 10}, ""eff_fps"": {""gesture"": 10, ""object"": 10}, ""latency_ms"": {""gesture"": 0, ""object"": 0}, ""svclat_ms"": {""gesture"": 16.8, ""object"": 29.82}}, ""z9"": {""services"": [""gesture"", ""object""], ""fps"": {""gesture"": 10, ""object"": 10}, ""eff_fps"": {""gesture"": 10, ""object"": 10}, ""latency_ms"": {""gesture"": 0, ""object"": 0}, ""svclat_ms"": {""gesture"": 17.47, ""object"": 38.24}}, ""z10"": {""services"": [""gesture"", ""object""], ""fps"": {""gesture"": 10, ""object"": 10}, ""eff_fps"": {""gesture"": 10, ""object"": 10}, ""latency_ms"": {""gesture"": 0, ""object"": 0}, ""svclat_ms"": {""gesture"": 16.71, ""object"": 37.59}}, ""z11"": {""services"": [""gesture"", ""object""], ""fps"": {""gesture"": 10, ""object"": 10}, ""eff_fps"": {""gesture"": 10, ""object"": 10}, ""latency_ms"": {""gesture"": 0, ""object"": 0}, ""svclat_ms"": {""gesture"": 14.16, ""object"": 22.09}}, ""z12"": {""services"": [""gesture"", ""object""], ""fps"": {""gesture"": 10, ""object"": 10}, ""eff_fps"": {""gesture"": 10, ""object"": 10}, ""latency_ms"": {""gesture"": 0, ""object"": 0}, ""svclat_ms"": {""gesture"": 13.6, ""object"": 36.83}}, ""b1"": {""services"": [""pose"", ""object""], ""fps"": {""pose"": 10, ""object"": 10}, ""eff_fps"": {""pose"": 10, ""object"": 10}, ""latency_ms"": {""pose"": 0, ""object"": 0}, ""svclat_ms"": {""pose"": 25.11, ""object"": 25.07}}, ""b2"": {""services"": [""pose"", ""object""], ""fps"": {""pose"": 10, ""object"": 10}, ""eff_fps"": {""pose"": 10, ""object"": 10}, ""latency_ms"": {""pose"": 0, ""object"": 0}, ""svclat_ms"": {""pose"": 23.08, ""object"": 35.68}}, ""b3"": {""services"": [""pose"", ""object""], ""fps"": {""pose"": 10, ""object"": 10}, ""eff_fps"": {""pose"": 10, ""object"": 10}, ""latency_ms"": {""pose"": 0, ""object"": 0}, ""svclat_ms"": {""pose"": 27.24, ""object"": 20.48}}, ""b4"": {""services"": [""pose"", ""object""], ""fps"": {""pose"": 10, ""object"": 10}, ""eff_fps"": {""pose"": 10, ""object"": 10}, ""latency_ms"": {""pose"": 0, ""object"": 0}, ""svclat_ms"": {""pose"": 24.08, ""object"": 29.36}}, ""b5"": {""services"": [""pose"", ""object""], ""fps"": {""pose"": 0, ""object"": 0}, ""eff_fps"": {""pose"": 0, ""object"": 0}, ""latency_ms"": {""pose"": 0, ""object"": 0}, ""svclat_ms"": {""pose"": 0.0, ""object"": 0.0}}, ""b6"": {""services"": [""pose"", ""object""], ""fps"": {""pose"": 0, ""object"": 0}, ""eff_fps"": {""pose"": 0, ""object"": 0}, ""latency_ms"": {""pose"": 0, ""object"": 0}, ""svclat_ms"": {""pose"": 0.0, ""object"": 0.0}}, ""b7"": {""services"": [""pose"", ""object""], ""fps"": {""pose"": 0, ""object"": 0}, ""eff_fps"": {""pose"": 0, ""object"": 0}, ""latency_ms"": {""pose"": 0, ""object"": 0}, ""svclat_ms"": {""pose"": 0.0, ""object"": 0.0}}}"
158.6,30,16,0.533,3,3,14,7,7,1.0,611.0,450,0.736,130.0,0.44,0.0,10.0,8.55,9.94,9.61,8.27,9.94,0,0,0,52.92,24.27,29.38,453,"{""ip-172-31-0-204"": ""healthy"", ""ip-172-31-1-171"": ""healthy"", ""ip-172-31-10-12"": ""healthy"", ""ip-172-31-11-132"": ""healthy"", ""ip-172-31-13-134"": ""healthy"", ""ip-172-31-14-68"": ""healthy"", ""ip-172-31-40-239"": ""healthy""}",subscribe,10.8,0.2586,0,0,"{""ip-172-31-0-204"": {""object"": 1}, ""ip-172-31-1-171"": {""object"": 1}, ""ip-172-31-11-132"": {""pose"": 1}, ""ip-172-31-40-239"": {""gesture"": 1}, ""ip-172-31-10-12"": {""object"": 1}, ""ip-172-31-13-134"": {""pose"": 1}, ""ip-172-31-14-68"": {""pose"": 1}}","{""a1"": {""services"": [""pose"", ""gesture""], ""fps"": {""pose"": 10, ""gesture"": 8}, ""eff_fps"": {""pose"": 10, ""gesture"": 8}, ""latency_ms"": {""pose"": 0, ""gesture"": 0}, ""svclat_ms"": {""pose"": 23.01, ""gesture"": 21.38}}, ""a2"": {""services"": [""pose"", ""gesture""], ""fps"": {""pose"": 10, ""gesture"": 9}, ""eff_fps"": {""pose"": 10, ""gesture"": 9}, ""latency_ms"": {""pose"": 0, ""gesture"": 0}, ""svclat_ms"": {""pose"": 22.79, ""gesture"": 20.27}}, ""a3"": {""services"": [""pose"", ""gesture""], ""fps"": {""pose"": 10, ""gesture"": 7}, ""eff_fps"": {""pose"": 10, ""gesture"": 7}, ""latency_ms"": {""pose"": 0, ""gesture"": 0}, ""svclat_ms"": {""pose"": 22.33, ""gesture"": 15.37}}, ""a4"": {""services"": [""pose"", ""gesture""], ""fps"": {""pose"": 10, ""gesture"": 7}, ""eff_fps"": {""pose"": 10, ""gesture"": 6}, ""latency_ms"": {""pose"": 0, ""gesture"": 0}, ""svclat_ms"": {""pose"": 23.05, ""gesture"": 28.62}}, ""a5"": {""services"": [""pose"", ""gesture""], ""fps"": {""pose"": 10, ""gesture"": 7}, ""eff_fps"": {""pose"": 10, ""gesture"": 6}, ""latency_ms"": {""pose"": 0, ""gesture"": 0}, ""svclat_ms"": {""pose"": 22.78, ""gesture"": 52.37}}, ""a6"": {""services"": [""pose"", ""gesture""], ""fps"": {""pose"": 10, ""gesture"": 10}, ""eff_fps"": {""pose"": 10, ""gesture"": 10}, ""latency_ms"": {""pose"": 0, ""gesture"": 0}, ""svclat_ms"": {""pose"": 23.41, ""gesture"": 15.53}}, ""a7"": {""services"": [""pose"", ""gesture""], ""fps"": {""pose"": 10, ""gesture"": 10}, ""eff_fps"": {""pose"": 10, ""gesture"": 10}, ""latency_ms"": {""pose"": 0, ""gesture"": 0}, ""svclat_ms"": {""pose"": 22.17, ""gesture"": 15.49}}, ""a8"": {""services"": [""pose"", ""gesture""], ""fps"": {""pose"": 10, ""gesture"": 10}, ""eff_fps"": {""pose"": 10, ""gesture"": 10}, ""latency_ms"": {""pose"": 0, ""gesture"": 0}, ""svclat_ms"": {""pose"": 23.31, ""gesture"": 15.15}}, ""a9"": {""services"": [""pose"", ""gesture""], ""fps"": {""pose"": 11, ""gesture"": 9}, ""eff_fps"": {""pose"": 9, ""gesture"": 9}, ""latency_ms"": {""pose"": 0, ""gesture"": 0}, ""svclat_ms"": {""pose"": 95.46, ""gesture"": 15.4}}, ""a10"": {""services"": [""pose"", ""gesture""], ""fps"": {""pose"": 10, ""gesture"": 10}, ""eff_fps"": {""pose"": 7, ""gesture"": 10}, ""latency_ms"": {""pose"": 0, ""gesture"": 0}, ""svclat_ms"": {""pose"": 95.87, ""gesture"": 15.16}}, ""a11"": {""services"": [""pose"", ""gesture""], ""fps"": {""pose"": 10, ""gesture"": 7}, ""eff_fps"": {""pose"": 10, ""gesture"": 6}, ""latency_ms"": {""pose"": 0, ""gesture"": 0}, ""svclat_ms"": {""pose"": 88.88, ""gesture"": 52.18}}, ""a12"": {""services"": [""pose"", ""gesture""], ""fps"": {""pose"": 10, ""gesture"": 0}, ""eff_fps"": {""pose"": 10, ""gesture"": 0}, ""latency_ms"": {""pose"": 0, ""gesture"": 0}, ""svclat_ms"": {""pose"": 88.65, ""gesture"": 0.0}}, ""z1"": {""services"": [""gesture"", ""object""], ""fps"": {""gesture"": 0, ""object"": 10}, ""eff_fps"": {""gesture"": 0, ""object"": 10}, ""latency_ms"": {""gesture"": 0, ""object"": 0}, ""svclat_ms"": {""gesture"": 0.0, ""object"": 21.7}}, ""z2"": {""services"": [""gesture"", ""object""], ""fps"": {""gesture"": 0, ""object"": 10}, ""eff_fps"": {""gesture"": 0, ""object"": 10}, ""latency_ms"": {""gesture"": 0, ""object"": 0}, ""svclat_ms"": {""gesture"": 0.0, ""object"": 23.62}}, ""z3"": {""services"": [""gesture"", ""object""], ""fps"": {""gesture"": 0, ""object"": 10}, ""eff_fps"": {""gesture"": 0, ""object"": 10}, ""latency_ms"": {""gesture"": 0, ""object"": 0}, ""svclat_ms"": {""gesture"": 0.0, ""object"": 36.66}}, ""z4"": {""services"": [""gesture"", ""object""], ""fps"": {""gesture"": 0, ""object"": 10}, ""eff_fps"": {""gesture"": 0, ""object"": 10}, ""latency_ms"": {""gesture"": 0, ""object"": 0}, ""svclat_ms"": {""gesture"": 0.0, ""object"": 34.34}}, ""z5"": {""services"": [""gesture"", ""object""], ""fps"": {""gesture"": 0, ""object"": 10}, ""eff_fps"": {""gesture"": 0, ""object"": 10}, ""latency_ms"": {""gesture"": 0, ""object"": 0}, ""svclat_ms"": {""gesture"": 0.0, ""object"": 36.52}}, ""z6"": {""services"": [""gesture"", ""object""], ""fps"": {""gesture"": 0, ""object"": 10}, ""eff_fps"": {""gesture"": 0, ""object"": 10}, ""latency_ms"": {""gesture"": 0, ""object"": 0}, ""svclat_ms"": {""gesture"": 0.0, ""object"": 35.35}}, ""z7"": {""services"": [""gesture"", ""object""], ""fps"": {""gesture"": 0, ""object"": 10}, ""eff_fps"": {""gesture"": 0, ""object"": 10}, ""latency_ms"": {""gesture"": 0, ""object"": 0}, ""svclat_ms"": {""gesture"": 0.0, ""object"": 36.75}}, ""z8"": {""services"": [""gesture"", ""object""], ""fps"": {""gesture"": 0, ""object"": 10}, ""eff_fps"": {""gesture"": 0, ""object"": 10}, ""latency_ms"": {""gesture"": 0, ""object"": 0}, ""svclat_ms"": {""gesture"": 0.0, ""object"": 28.43}}, ""z9"": {""services"": [""gesture"", ""object""], ""fps"": {""gesture"": 0, ""object"": 10}, ""eff_fps"": {""gesture"": 0, ""object"": 10}, ""latency_ms"": {""gesture"": 0, ""object"": 0}, ""svclat_ms"": {""gesture"": 0.0, ""object"": 37.36}}, ""z10"": {""services"": [""gesture"", ""object""], ""fps"": {""gesture"": 0, ""object"": 10}, ""eff_fps"": {""gesture"": 0, ""object"": 10}, ""latency_ms"": {""gesture"": 0, ""object"": 0}, ""svclat_ms"": {""gesture"": 0.0, ""object"": 36.14}}, ""z11"": {""services"": [""gesture"", ""object""], ""fps"": {""gesture"": 0, ""object"": 10}, ""eff_fps"": {""gesture"": 0, ""object"": 10}, ""latency_ms"": {""gesture"": 0, ""object"": 0}, ""svclat_ms"": {""gesture"": 0.0, ""object"": 21.56}}, ""z12"": {""services"": [""gesture"", ""object""], ""fps"": {""gesture"": 0, ""object"": 10}, ""eff_fps"": {""gesture"": 0, ""object"": 10}, ""latency_ms"": {""gesture"": 0, ""object"": 0}, ""svclat_ms"": {""gesture"": 0.0, ""object"": 35.71}}, ""b1"": {""services"": [""pose"", ""object""], ""fps"": {""pose"": 10, ""object"": 10}, ""eff_fps"": {""pose"": 10, ""object"": 10}, ""latency_ms"": {""pose"": 0, ""object"": 0}, ""svclat_ms"": {""pose"": 87.96, ""object"": 25.62}}, ""b2"": {""services"": [""pose"", ""object""], ""fps"": {""pose"": 10, ""object"": 10}, ""eff_fps"": {""pose"": 10, ""object"": 10}, ""latency_ms"": {""pose"": 0, ""object"": 0}, ""svclat_ms"": {""pose"": 89.81, ""object"": 35.19}}, ""b3"": {""services"": [""pose"", ""object""], ""fps"": {""pose"": 10, ""object"": 10}, ""eff_fps"": {""pose"": 8, ""object"": 10}, ""latency_ms"": {""pose"": 0, ""object"": 0}, ""svclat_ms"": {""pose"": 96.67, ""object"": 20.98}}, ""b4"": {""services"": [""pose"", ""object""], ""fps"": {""pose"": 10, ""object"": 10}, ""eff_fps"": {""pose"": 10, ""object"": 10}, ""latency_ms"": {""pose"": 0, ""object"": 0}, ""svclat_ms"": {""pose"": 92.69, ""object"": 28.56}}, ""b5"": {""services"": [""pose"", ""object""], ""fps"": {""pose"": 10, ""object"": 10}, ""eff_fps"": {""pose"": 10, ""object"": 10}, ""latency_ms"": {""pose"": 0, ""object"": 0}, ""svclat_ms"": {""pose"": 16.27, ""object"": 16.33}}, ""b6"": {""services"": [""pose"", ""object""], ""fps"": {""pose"": 0, ""object"": 0}, ""eff_fps"": {""pose"": 0, ""object"": 0}, ""latency_ms"": {""pose"": 0, ""object"": 0}, ""svclat_ms"": {""pose"": 0.0, ""object"": 0.0}}, ""b7"": {""services"": [""pose"", ""object""], ""fps"": {""pose"": 9, ""object"": 9}, ""eff_fps"": {""pose"": 9, ""object"": 9}, ""latency_ms"": {""pose"": 0, ""object"": 0}, ""svclat_ms"": {""pose"": 17.45, ""object"": 18.02}}, ""b8"": {""services"": [""pose"", ""object""], ""fps"": {""pose"": 0, ""object"": 0}, ""eff_fps"": {""pose"": 0, ""object"": 0}, ""latency_ms"": {""pose"": 0, ""object"": 0}, ""svclat_ms"": {""pose"": 0.0, ""object"": 0.0}}}"
163.2,32,18,0.562,0,0,14,7,7,1.0,611.0,490,0.802,130.0,0.39,0.0,10.0,10.0,10.05,10.0,10.0,9.85,0,0,0,21.73,17.33,32.43,511,"{""ip-172-31-0-204"": ""healthy"", ""ip-172-31-1-171"": ""healthy"", ""ip-172-31-10-12"": ""healthy"", ""ip-172-31-11-132"": ""healthy"", ""ip-172-31-13-134"": ""healthy"", ""ip-172-31-14-68"": ""healthy"", ""ip-172-31-40-239"": ""healthy""}",subscribe,11.2,0.2634,0,0,"{""ip-172-31-0-204"": {""object"": 1}, ""ip-172-31-1-171"": {""object"": 1}, ""ip-172-31-11-132"": {""pose"": 1}, ""ip-172-31-40-239"": {""gesture"": 1}, ""ip-172-31-10-12"": {""object"": 1}, ""ip-172-31-13-134"": {""pose"": 1}, ""ip-172-31-14-68"": {""pose"": 1}}","{""a1"": {""services"": [""pose"", ""gesture""], ""fps"": {""pose"": 10, ""gesture"": 10}, ""eff_fps"": {""pose"": 10, ""gesture"": 10}, ""latency_ms"": {""pose"": 0, ""gesture"": 0}, ""svclat_ms"": {""pose"": 22.1, ""gesture"": 18.05}}, ""a2"": {""services"": [""pose"", ""gesture""], ""fps"": {""pose"": 10, ""gesture"": 10}, ""eff_fps"": {""pose"": 10, ""gesture"": 10}, ""latency_ms"": {""pose"": 0, ""gesture"": 0}, ""svclat_ms"": {""pose"": 21.81, ""gesture"": 15.35}}, ""a3"": {""services"": [""pose"", ""gesture""], ""fps"": {""pose"": 10, ""gesture"": 10}, ""eff_fps"": {""pose"": 10, ""gesture"": 10}, ""latency_ms"": {""pose"": 0, ""gesture"": 0}, ""svclat_ms"": {""pose"": 21.73, ""gesture"": 18.78}}, ""a4"": {""services"": [""pose"", ""gesture""], ""fps"": {""pose"": 10, ""gesture"": 10}, ""eff_fps"": {""pose"": 10, ""gesture"": 10}, ""latency_ms"": {""pose"": 0, ""gesture"": 0}, ""svclat_ms"": {""pose"": 22.46, ""gesture"": 15.79}}, ""a5"": {""services"": [""pose"", ""gesture""], ""fps"": {""pose"": 10, ""gesture"": 10}, ""eff_fps"": {""pose"": 10, ""gesture"": 10}, ""latency_ms"": {""pose"": 0, ""gesture"": 0}, ""svclat_ms"": {""pose"": 21.75, ""gesture"": 17.89}}, ""a6"": {""services"": [""pose"", ""gesture""], ""fps"": {""pose"": 10, ""gesture"": 10}, ""eff_fps"": {""pose"": 10, ""gesture"": 10}, ""latency_ms"": {""pose"": 0, ""gesture"": 0}, ""svclat_ms"": {""pose"": 22.23, ""gesture"": 16.92}}, ""a7"": {""services"": [""pose"", ""gesture""], ""fps"": {""pose"": 10, ""gesture"": 10}, ""eff_fps"": {""pose"": 10, ""gesture"": 10}, ""latency_ms"": {""pose"": 0, ""gesture"": 0}, ""svclat_ms"": {""pose"": 20.77, ""gesture"": 17.6}}, ""a8"": {""services"": [""pose"", ""gesture""], ""fps"": {""pose"": 10, ""gesture"": 10}, ""eff_fps"": {""pose"": 10, ""gesture"": 10}, ""latency_ms"": {""pose"": 0, ""gesture"": 0}, ""svclat_ms"": {""pose"": 22.34, ""gesture"": 16.83}}, ""a9"": {""services"": [""pose"", ""gesture""], ""fps"": {""pose"": 10, ""gesture"": 10}, ""eff_fps"": {""pose"": 10, ""gesture"": 10}, ""latency_ms"": {""pose"": 0, ""gesture"": 0}, ""svclat_ms"": {""pose"": 22.81, ""gesture"": 18.85}}, ""a10"": {""services"": [""pose"", ""gesture""], ""fps"": {""pose"": 10, ""gesture"": 10}, ""eff_fps"": {""pose"": 10, ""gesture"": 10}, ""latency_ms"": {""pose"": 0, ""gesture"": 0}, ""svclat_ms"": {""pose"": 21.88, ""gesture"": 16.01}}, ""a11"": {""services"": [""pose"", ""gesture""], ""fps"": {""pose"": 10, ""gesture"": 10}, ""eff_fps"": {""pose"": 10, ""gesture"": 10}, ""latency_ms"": {""pose"": 0, ""gesture"": 0}, ""svclat_ms"": {""pose"": 22.55, ""gesture"": 18.56}}, ""a12"": {""services"": [""pose"", ""gesture""], ""fps"": {""pose"": 10, ""gesture"": 0}, ""eff_fps"": {""pose"": 10, ""gesture"": 0}, ""latency_ms"": {""pose"": 0, ""gesture"": 0}, ""svclat_ms"": {""pose"": 22.45, ""gesture"": 0.0}}, ""z1"": {""services"": [""gesture"", ""object""], ""fps"": {""gesture"": 0, ""object"": 10}, ""eff_fps"": {""gesture"": 0, ""object"": 10}, ""latency_ms"": {""gesture"": 0, ""object"": 0}, ""svclat_ms"": {""gesture"": 0.0, ""object"": 21.77}}, ""z2"": {""services"": [""gesture"", ""object""], ""fps"": {""gesture"": 0, ""object"": 10}, ""eff_fps"": {""gesture"": 0, ""object"": 10}, ""latency_ms"": {""gesture"": 0, ""object"": 0}, ""svclat_ms"": {""gesture"": 0.0, ""object"": 23.63}}, ""z3"": {""services"": [""gesture"", ""object""], ""fps"": {""gesture"": 0, ""object"": 10}, ""eff_fps"": {""gesture"": 0, ""object"": 10}, ""latency_ms"": {""gesture"": 0, ""object"": 0}, ""svclat_ms"": {""gesture"": 0.0, ""object"": 36.42}}, ""z4"": {""services"": [""gesture"", ""object""], ""fps"": {""gesture"": 0, ""object"": 10}, ""eff_fps"": {""gesture"": 0, ""object"": 10}, ""latency_ms"": {""gesture"": 0, ""object"": 0}, ""svclat_ms"": {""gesture"": 0.0, ""object"": 33.14}}, ""z5"": {""services"": [""gesture"", ""object""], ""fps"": {""gesture"": 0, ""object"": 10}, ""eff_fps"": {""gesture"": 0, ""object"": 10}, ""latency_ms"": {""gesture"": 0, ""object"": 0}, ""svclat_ms"": {""gesture"": 0.0, ""object"": 37.03}}, ""z6"": {""services"": [""gesture"", ""object""], ""fps"": {""gesture"": 0, ""object"": 10}, ""eff_fps"": {""gesture"": 0, ""object"": 10}, ""latency_ms"": {""gesture"": 0, ""object"": 0}, ""svclat_ms"": {""gesture"": 0.0, ""object"": 35.86}}, ""z7"": {""services"": [""gesture"", ""object""], ""fps"": {""gesture"": 0, ""object"": 10}, ""eff_fps"": {""gesture"": 0, ""object"": 10}, ""latency_ms"": {""gesture"": 0, ""object"": 0}, ""svclat_ms"": {""gesture"": 0.0, ""object"": 37.17}}, ""z8"": {""services"": [""gesture"", ""object""], ""fps"": {""gesture"": 0, ""object"": 10}, ""eff_fps"": {""gesture"": 0, ""object"": 10}, ""latency_ms"": {""gesture"": 0, ""object"": 0}, ""svclat_ms"": {""gesture"": 0.0, ""object"": 28.69}}, ""z9"": {""services"": [""gesture"", ""object""], ""fps"": {""gesture"": 0, ""object"": 10}, ""eff_fps"": {""gesture"": 0, ""object"": 10}, ""latency_ms"": {""gesture"": 0, ""object"": 0}, ""svclat_ms"": {""gesture"": 0.0, ""object"": 39.37}}, ""z10"": {""services"": [""gesture"", ""object""], ""fps"": {""gesture"": 0, ""object"": 10}, ""eff_fps"": {""gesture"": 0, ""object"": 10}, ""latency_ms"": {""gesture"": 0, ""object"": 0}, ""svclat_ms"": {""gesture"": 0.0, ""object"": 38.61}}, ""z11"": {""services"": [""gesture"", ""object""], ""fps"": {""gesture"": 0, ""object"": 10}, ""eff_fps"": {""gesture"": 0, ""object"": 10}, ""latency_ms"": {""gesture"": 0, ""object"": 0}, ""svclat_ms"": {""gesture"": 0.0, ""object"": 22.82}}, ""z12"": {""services"": [""gesture"", ""object""], ""fps"": {""gesture"": 0, ""object"": 10}, ""eff_fps"": {""gesture"": 0, ""object"": 10}, ""latency_ms"": {""gesture"": 0, ""object"": 0}, ""svclat_ms"": {""gesture"": 0.0, ""object"": 37.85}}, ""b1"": {""services"": [""pose"", ""object""], ""fps"": {""pose"": 10, ""object"": 10}, ""eff_fps"": {""pose"": 10, ""object"": 10}, ""latency_ms"": {""pose"": 0, ""object"": 0}, ""svclat_ms"": {""pose"": 21.69, ""object"": 26.0}}, ""b2"": {""services"": [""pose"", ""object""], ""fps"": {""pose"": 10, ""object"": 10}, ""eff_fps"": {""pose"": 10, ""object"": 10}, ""latency_ms"": {""pose"": 0, ""object"": 0}, ""svclat_ms"": {""pose"": 22.73, ""object"": 36.82}}, ""b3"": {""services"": [""pose"", ""object""], ""fps"": {""pose"": 10, ""object"": 10}, ""eff_fps"": {""pose"": 10, ""object"": 10}, ""latency_ms"": {""pose"": 0, ""object"": 0}, ""svclat_ms"": {""pose"": 22.92, ""object"": 22.74}}, ""b4"": {""services"": [""pose"", ""object""], ""fps"": {""pose"": 10, ""object"": 10}, ""eff_fps"": {""pose"": 10, ""object"": 10}, ""latency_ms"": {""pose"": 0, ""object"": 0}, ""svclat_ms"": {""pose"": 22.5, ""object"": 29.76}}, ""b5"": {""services"": [""pose"", ""object""], ""fps"": {""pose"": 10, ""object"": 11}, ""eff_fps"": {""pose"": 10, ""object"": 10}, ""latency_ms"": {""pose"": 0, ""object"": 0}, ""svclat_ms"": {""pose"": 19.84, ""object"": 35.76}}, ""b6"": {""services"": [""pose"", ""object""], ""fps"": {""pose"": 10, ""object"": 10}, ""eff_fps"": {""pose"": 10, ""object"": 9}, ""latency_ms"": {""pose"": 0, ""object"": 0}, ""svclat_ms"": {""pose"": 19.94, ""object"": 37.66}}, ""b7"": {""services"": [""pose"", ""object""], ""fps"": {""pose"": 10, ""object"": 10}, ""eff_fps"": {""pose"": 10, ""object"": 10}, ""latency_ms"": {""pose"": 0, ""object"": 0}, ""svclat_ms"": {""pose"": 20.02, ""object"": 24.12}}, ""b8"": {""services"": [""pose"", ""object""], ""fps"": {""pose"": 10, ""object"": 10}, ""eff_fps"": {""pose"": 10, ""object"": 8}, ""latency_ms"": {""pose"": 0, ""object"": 0}, ""svclat_ms"": {""pose"": 20.01, ""object"": 43.33}}, ""b9"": {""services"": [""pose"", ""object""], ""fps"": {""pose"": 0, ""object"": 0}, ""eff_fps"": {""pose"": 0, ""object"": 0}, ""latency_ms"": {""pose"": 0, ""object"": 0}, ""svclat_ms"": {""pose"": 0.0, ""object"": 0.0}}}"
166.6,33,20,0.606,0,0,14,7,7,1.0,611.0,530,0.867,130.0,0.35,0.0,10.0,10.0,10.0,10.0,10.0,10.0,0,0,0,22.79,16.63,29.27,530,"{""ip-172-31-0-204"": ""healthy"", ""ip-172-31-1-171"": ""healthy"", ""ip-172-31-10-12"": ""healthy"", ""ip-172-31-11-132"": ""healthy"", ""ip-172-31-13-134"": ""healthy"", ""ip-172-31-14-68"": ""healthy"", ""ip-172-31-40-239"": ""healthy""}",subscribe,11.4,0.2677,0,0,"{""ip-172-31-0-204"": {""object"": 1}, ""ip-172-31-1-171"": {""object"": 1}, ""ip-172-31-11-132"": {""pose"": 1}, ""ip-172-31-40-239"": {""gesture"": 1}, ""ip-172-31-10-12"": {""object"": 1}, ""ip-172-31-13-134"": {""pose"": 1}, ""ip-172-31-14-68"": {""pose"": 1}}","{""a1"": {""services"": [""pose"", ""gesture""], ""fps"": {""pose"": 10, ""gesture"": 10}, ""eff_fps"": {""pose"": 10, ""gesture"": 10}, ""latency_ms"": {""pose"": 0, ""gesture"": 0}, ""svclat_ms"": {""pose"": 22.39, ""gesture"": 16.67}}, ""a2"": {""services"": [""pose"", ""gesture""], ""fps"": {""pose"": 10, ""gesture"": 10}, ""eff_fps"": {""pose"": 10, ""gesture"": 10}, ""latency_ms"": {""pose"": 0, ""gesture"": 0}, ""svclat_ms"": {""pose"": 21.66, ""gesture"": 14.93}}, ""a3"": {""services"": [""pose"", ""gesture""], ""fps"": {""pose"": 10, ""gesture"": 10}, ""eff_fps"": {""pose"": 10, ""gesture"": 10}, ""latency_ms"": {""pose"": 0, ""gesture"": 0}, ""svclat_ms"": {""pose"": 21.5, ""gesture"": 17.72}}, ""a4"": {""services"": [""pose"", ""gesture""], ""fps"": {""pose"": 10, ""gesture"": 10}, ""eff_fps"": {""pose"": 10, ""gesture"": 10}, ""latency_ms"": {""pose"": 0, ""gesture"": 0}, ""svclat_ms"": {""pose"": 21.85, ""gesture"": 15.61}}, ""a5"": {""services"": [""pose"", ""gesture""], ""fps"": {""pose"": 10, ""gesture"": 10}, ""eff_fps"": {""pose"": 10, ""gesture"": 10}, ""latency_ms"": {""pose"": 0, ""gesture"": 0}, ""svclat_ms"": {""pose"": 21.84, ""gesture"": 17.18}}, ""a6"": {""services"": [""pose"", ""gesture""], ""fps"": {""pose"": 10, ""gesture"": 10}, ""eff_fps"": {""pose"": 10, ""gesture"": 10}, ""latency_ms"": {""pose"": 0, ""gesture"": 0}, ""svclat_ms"": {""pose"": 23.09, ""gesture"": 16.4}}, ""a7"": {""services"": [""pose"", ""gesture""], ""fps"": {""pose"": 10, ""gesture"": 10}, ""eff_fps"": {""pose"": 10, ""gesture"": 10}, ""latency_ms"": {""pose"": 0, ""gesture"": 0}, ""svclat_ms"": {""pose"": 20.92, ""gesture"": 17.05}}, ""a8"": {""services"": [""pose"", ""gesture""], ""fps"": {""pose"": 10, ""gesture"": 10}, ""eff_fps"": {""pose"": 10, ""gesture"": 10}, ""latency_ms"": {""pose"": 0, ""gesture"": 0}, ""svclat_ms"": {""pose"": 22.62, ""gesture"": 15.97}}, ""a9"": {""services"": [""pose"", ""gesture""], ""fps"": {""pose"": 10, ""gesture"": 10}, ""eff_fps"": {""pose"": 10, ""gesture"": 10}, ""latency_ms"": {""pose"": 0, ""gesture"": 0}, ""svclat_ms"": {""pose"": 24.52, ""gesture"": 17.73}}, ""a10"": {""services"": [""pose"", ""gesture""], ""fps"": {""pose"": 10, ""gesture"": 10}, ""eff_fps"": {""pose"": 10, ""gesture"": 10}, ""latency_ms"": {""pose"": 0, ""gesture"": 0}, ""svclat_ms"": {""pose"": 23.74, ""gesture"": 15.63}}, ""a11"": {""services"": [""pose"", ""gesture""], ""fps"": {""pose"": 10, ""gesture"": 10}, ""eff_fps"": {""pose"": 10, ""gesture"": 10}, ""latency_ms"": {""pose"": 0, ""gesture"": 0}, ""svclat_ms"": {""pose"": 25.47, ""gesture"": 18.08}}, ""a12"": {""services"": [""pose"", ""gesture""], ""fps"": {""pose"": 10, ""gesture"": 0}, ""eff_fps"": {""pose"": 10, ""gesture"": 0}, ""latency_ms"": {""pose"": 0, ""gesture"": 0}, ""svclat_ms"": {""pose"": 24.01, ""gesture"": 0.0}}, ""z1"": {""services"": [""gesture"", ""object""], ""fps"": {""gesture"": 0, ""object"": 10}, ""eff_fps"": {""gesture"": 0, ""object"": 10}, ""latency_ms"": {""gesture"": 0, ""object"": 0}, ""svclat_ms"": {""gesture"": 0.0, ""object"": 22.65}}, ""z2"": {""services"": [""gesture"", ""object""], ""fps"": {""gesture"": 0, ""object"": 10}, ""eff_fps"": {""gesture"": 0, ""object"": 10}, ""latency_ms"": {""gesture"": 0, ""object"": 0}, ""svclat_ms"": {""gesture"": 0.0, ""object"": 24.43}}, ""z3"": {""services"": [""gesture"", ""object""], ""fps"": {""gesture"": 0, ""object"": 10}, ""eff_fps"": {""gesture"": 0, ""object"": 10}, ""latency_ms"": {""gesture"": 0, ""object"": 0}, ""svclat_ms"": {""gesture"": 0.0, ""object"": 36.97}}, ""z4"": {""services"": [""gesture"", ""object""], ""fps"": {""gesture"": 0, ""object"": 10}, ""eff_fps"": {""gesture"": 0, ""object"": 10}, ""latency_ms"": {""gesture"": 0, ""object"": 0}, ""svclat_ms"": {""gesture"": 0.0, ""object"": 33.87}}, ""z5"": {""services"": [""gesture"", ""object""], ""fps"": {""gesture"": 0, ""object"": 10}, ""eff_fps"": {""gesture"": 0, ""object"": 10}, ""latency_ms"": {""gesture"": 0, ""object"": 0}, ""svclat_ms"": {""gesture"": 0.0, ""object"": 37.2}}, ""z6"": {""services"": [""gesture"", ""object""], ""fps"": {""gesture"": 0, ""object"": 10}, ""eff_fps"": {""gesture"": 0, ""object"": 10}, ""latency_ms"": {""gesture"": 0, ""object"": 0}, ""svclat_ms"": {""gesture"": 0.0, ""object"": 36.01}}, ""z7"": {""services"": [""gesture"", ""object""], ""fps"": {""gesture"": 0, ""object"": 10}, ""eff_fps"": {""gesture"": 0, ""object"": 10}, ""latency_ms"": {""gesture"": 0, ""object"": 0}, ""svclat_ms"": {""gesture"": 0.0, ""object"": 37.43}}, ""z8"": {""services"": [""gesture"", ""object""], ""fps"": {""gesture"": 0, ""object"": 10}, ""eff_fps"": {""gesture"": 0, ""object"": 10}, ""latency_ms"": {""gesture"": 0, ""object"": 0}, ""svclat_ms"": {""gesture"": 0.0, ""object"": 27.69}}, ""z9"": {""services"": [""gesture"", ""object""], ""fps"": {""gesture"": 0, ""object"": 10}, ""eff_fps"": {""gesture"": 0, ""object"": 10}, ""latency_ms"": {""gesture"": 0, ""object"": 0}, ""svclat_ms"": {""gesture"": 0.0, ""object"": 38.09}}, ""z10"": {""services"": [""gesture"", ""object""], ""fps"": {""gesture"": 0, ""object"": 10}, ""eff_fps"": {""gesture"": 0, ""object"": 10}, ""latency_ms"": {""gesture"": 0, ""object"": 0}, ""svclat_ms"": {""gesture"": 0.0, ""object"": 37.4}}, ""z11"": {""services"": [""gesture"", ""object""], ""fps"": {""gesture"": 0, ""object"": 10}, ""eff_fps"": {""gesture"": 0, ""object"": 10}, ""latency_ms"": {""gesture"": 0, ""object"": 0}, ""svclat_ms"": {""gesture"": 0.0, ""object"": 21.77}}, ""z12"": {""services"": [""gesture"", ""object""], ""fps"": {""gesture"": 0, ""object"": 10}, ""eff_fps"": {""gesture"": 0, ""object"": 10}, ""latency_ms"": {""gesture"": 0, ""object"": 0}, ""svclat_ms"": {""gesture"": 0.0, ""object"": 36.81}}, ""b1"": {""services"": [""pose"", ""object""], ""fps"": {""pose"": 10, ""object"": 10}, ""eff_fps"": {""pose"": 10, ""object"": 10}, ""latency_ms"": {""pose"": 0, ""object"": 0}, ""svclat_ms"": {""pose"": 24.13, ""object"": 26.03}}, ""b2"": {""services"": [""pose"", ""object""], ""fps"": {""pose"": 10, ""object"": 10}, ""eff_fps"": {""pose"": 10, ""object"": 10}, ""latency_ms"": {""pose"": 0, ""object"": 0}, ""svclat_ms"": {""pose"": 24.91, ""object"": 35.79}}, ""b3"": {""services"": [""pose"", ""object""], ""fps"": {""pose"": 10, ""object"": 10}, ""eff_fps"": {""pose"": 10, ""object"": 10}, ""latency_ms"": {""pose"": 0, ""object"": 0}, ""svclat_ms"": {""pose"": 24.61, ""object"": 21.04}}, ""b4"": {""services"": [""pose"", ""object""], ""fps"": {""pose"": 10, ""object"": 10}, ""eff_fps"": {""pose"": 10, ""object"": 10}, ""latency_ms"": {""pose"": 0, ""object"": 0}, ""svclat_ms"": {""pose"": 24.22, ""object"": 29.46}}, ""b5"": {""services"": [""pose"", ""object""], ""fps"": {""pose"": 10, ""object"": 10}, ""eff_fps"": {""pose"": 10, ""object"": 10}, ""latency_ms"": {""pose"": 0, ""object"": 0}, ""svclat_ms"": {""pose"": 19.67, ""object"": 24.31}}, ""b6"": {""services"": [""pose"", ""object""], ""fps"": {""pose"": 10, ""object"": 10}, ""eff_fps"": {""pose"": 10, ""object"": 10}, ""latency_ms"": {""pose"": 0, ""object"": 0}, ""svclat_ms"": {""pose"": 19.94, ""object"": 20.61}}, ""b7"": {""services"": [""pose"", ""object""], ""fps"": {""pose"": 10, ""object"": 10}, ""eff_fps"": {""pose"": 10, ""object"": 10}, ""latency_ms"": {""pose"": 0, ""object"": 0}, ""svclat_ms"": {""pose"": 26.85, ""object"": 22.3}}, ""b8"": {""services"": [""pose"", ""object""], ""fps"": {""pose"": 10, ""object"": 10}, ""eff_fps"": {""pose"": 10, ""object"": 10}, ""latency_ms"": {""pose"": 0, ""object"": 0}, ""svclat_ms"": {""pose"": 20.17, ""object"": 24.09}}, ""b9"": {""services"": [""pose"", ""object""], ""fps"": {""pose"": 10, ""object"": 10}, ""eff_fps"": {""pose"": 10, ""object"": 10}, ""latency_ms"": {""pose"": 0, ""object"": 0}, ""svclat_ms"": {""pose"": 20.49, ""object"": 20.66}}, ""b10"": {""services"": [""pose"", ""object""], ""fps"": {""pose"": 0, ""object"": 0}, ""eff_fps"": {""pose"": 0, ""object"": 0}, ""latency_ms"": {""pose"": 0, ""object"": 0}, ""svclat_ms"": {""pose"": 0.0, ""object"": 0.0}}}"
169.6,34,20,0.588,0,0,14,7,7,1.0,611.0,530,0.867,130.0,0.35,0.0,9.73,10.0,9.95,9.45,10.0,9.95,0,0,0,30.71,16.21,29.43,543,"{""ip-172-31-0-204"": ""healthy"", ""ip-172-31-1-171"": ""healthy"", ""ip-172-31-10-12"": ""healthy"", ""ip-172-31-11-132"": ""healthy"", ""ip-172-31-13-134"": ""healthy"", ""ip-172-31-14-68"": ""healthy"", ""ip-172-31-40-239"": ""healthy""}",subscribe,11.4,0.2677,0,0,"{""ip-172-31-0-204"": {""object"": 1}, ""ip-172-31-1-171"": {""object"": 1}, ""ip-172-31-11-132"": {""pose"": 1}, ""ip-172-31-40-239"": {""gesture"": 1}, ""ip-172-31-10-12"": {""object"": 1}, ""ip-172-31-13-134"": {""pose"": 1}, ""ip-172-31-14-68"": {""pose"": 1}}","{""a1"": {""services"": [""pose"", ""gesture""], ""fps"": {""pose"": 10, ""gesture"": 10}, ""eff_fps"": {""pose"": 10, ""gesture"": 10}, ""latency_ms"": {""pose"": 0, ""gesture"": 0}, ""svclat_ms"": {""pose"": 22.23, ""gesture"": 16.16}}, ""a2"": {""services"": [""pose"", ""gesture""], ""fps"": {""pose"": 10, ""gesture"": 10}, ""eff_fps"": {""pose"": 10, ""gesture"": 10}, ""latency_ms"": {""pose"": 0, ""gesture"": 0}, ""svclat_ms"": {""pose"": 22.03, ""gesture"": 15.02}}, ""a3"": {""services"": [""pose"", ""gesture""], ""fps"": {""pose"": 10, ""gesture"": 10}, ""eff_fps"": {""pose"": 10, ""gesture"": 10}, ""latency_ms"": {""pose"": 0, ""gesture"": 0}, ""svclat_ms"": {""pose"": 21.64, ""gesture"": 16.59}}, ""a4"": {""services"": [""pose"", ""gesture""], ""fps"": {""pose"": 10, ""gesture"": 10}, ""eff_fps"": {""pose"": 10, ""gesture"": 10}, ""latency_ms"": {""pose"": 0, ""gesture"": 0}, ""svclat_ms"": {""pose"": 22.17, ""gesture"": 15.42}}, ""a5"": {""services"": [""pose"", ""gesture""], ""fps"": {""pose"": 10, ""gesture"": 10}, ""eff_fps"": {""pose"": 10, ""gesture"": 10}, ""latency_ms"": {""pose"": 0, ""gesture"": 0}, ""svclat_ms"": {""pose"": 21.96, ""gesture"": 15.99}}, ""a6"": {""services"": [""pose"", ""gesture""], ""fps"": {""pose"": 10, ""gesture"": 10}, ""eff_fps"": {""pose"": 10, ""gesture"": 10}, ""latency_ms"": {""pose"": 0, ""gesture"": 0}, ""svclat_ms"": {""pose"": 22.94, ""gesture"": 16.47}}, ""a7"": {""services"": [""pose"", ""gesture""], ""fps"": {""pose"": 10, ""gesture"": 10}, ""eff_fps"": {""pose"": 10, ""gesture"": 10}, ""latency_ms"": {""pose"": 0, ""gesture"": 0}, ""svclat_ms"": {""pose"": 21.42, ""gesture"": 16.87}}, ""a8"": {""services"": [""pose"", ""gesture""], ""fps"": {""pose"": 10, ""gesture"": 10}, ""eff_fps"": {""pose"": 10, ""gesture"": 10}, ""latency_ms"": {""pose"": 0, ""gesture"": 0}, ""svclat_ms"": {""pose"": 22.81, ""gesture"": 16.21}}, ""a9"": {""services"": [""pose"", ""gesture""], ""fps"": {""pose"": 10, ""gesture"": 10}, ""eff_fps"": {""pose"": 10, ""gesture"": 10}, ""latency_ms"": {""pose"": 0, ""gesture"": 0}, ""svclat_ms"": {""pose"": 23.38, ""gesture"": 17.26}}, ""a10"": {""services"": [""pose"", ""gesture""], ""fps"": {""pose"": 10, ""gesture"": 10}, ""eff_fps"": {""pose"": 10, ""gesture"": 10}, ""latency_ms"": {""pose"": 0, ""gesture"": 0}, ""svclat_ms"": {""pose"": 23.27, ""gesture"": 15.52}}, ""a11"": {""services"": [""pose"", ""gesture""], ""fps"": {""pose"": 10, ""gesture"": 10}, ""eff_fps"": {""pose"": 10, ""gesture"": 10}, ""latency_ms"": {""pose"": 0, ""gesture"": 0}, ""svclat_ms"": {""pose"": 24.17, ""gesture"": 16.79}}, ""a12"": {""services"": [""pose"", ""gesture""], ""fps"": {""pose"": 10, ""gesture"": 0}, ""eff_fps"": {""pose"": 10, ""gesture"": 0}, ""latency_ms"": {""pose"": 0, ""gesture"": 0}, ""svclat_ms"": {""pose"": 22.88, ""gesture"": 0.0}}, ""z1"": {""services"": [""gesture"", ""object""], ""fps"": {""gesture"": 0, ""object"": 10}, ""eff_fps"": {""gesture"": 0, ""object"": 10}, ""latency_ms"": {""gesture"": 0, ""object"": 0}, ""svclat_ms"": {""gesture"": 0.0, ""object"": 21.19}}, ""z2"": {""services"": [""gesture"", ""object""], ""fps"": {""gesture"": 0, ""object"": 10}, ""eff_fps"": {""gesture"": 0, ""object"": 10}, ""latency_ms"": {""gesture"": 0, ""object"": 0}, ""svclat_ms"": {""gesture"": 0.0, ""object"": 24.08}}, ""z3"": {""services"": [""gesture"", ""object""], ""fps"": {""gesture"": 0, ""object"": 10}, ""eff_fps"": {""gesture"": 0, ""object"": 10}, ""latency_ms"": {""gesture"": 0, ""object"": 0}, ""svclat_ms"": {""gesture"": 0.0, ""object"": 37.02}}, ""z4"": {""services"": [""gesture"", ""object""], ""fps"": {""gesture"": 0, ""object"": 10}, ""eff_fps"": {""gesture"": 0, ""object"": 10}, ""latency_ms"": {""gesture"": 0, ""object"": 0}, ""svclat_ms"": {""gesture"": 0.0, ""object"": 36.12}}, ""z5"": {""services"": [""gesture"", ""object""], ""fps"": {""gesture"": 0, ""object"": 10}, ""eff_fps"": {""gesture"": 0, ""object"": 10}, ""latency_ms"": {""gesture"": 0, ""object"": 0}, ""svclat_ms"": {""gesture"": 0.0, ""object"": 37.51}}, ""z6"": {""services"": [""gesture"", ""object""], ""fps"": {""gesture"": 0, ""object"": 10}, ""eff_fps"": {""gesture"": 0, ""object"": 10}, ""latency_ms"": {""gesture"": 0, ""object"": 0}, ""svclat_ms"": {""gesture"": 0.0, ""object"": 36.27}}, ""z7"": {""services"": [""gesture"", ""object""], ""fps"": {""gesture"": 0, ""object"": 10}, ""eff_fps"": {""gesture"": 0, ""object"": 10}, ""latency_ms"": {""gesture"": 0, ""object"": 0}, ""svclat_ms"": {""gesture"": 0.0, ""object"": 37.03}}, ""z8"": {""services"": [""gesture"", ""object""], ""fps"": {""gesture"": 0, ""object"": 10}, ""eff_fps"": {""gesture"": 0, ""object"": 10}, ""latency_ms"": {""gesture"": 0, ""object"": 0}, ""svclat_ms"": {""gesture"": 0.0, ""object"": 27.74}}, ""z9"": {""services"": [""gesture"", ""object""], ""fps"": {""gesture"": 0, ""object"": 10}, ""eff_fps"": {""gesture"": 0, ""object"": 10}, ""latency_ms"": {""gesture"": 0, ""object"": 0}, ""svclat_ms"": {""gesture"": 0.0, ""object"": 38.33}}, ""z10"": {""services"": [""gesture"", ""object""], ""fps"": {""gesture"": 0, ""object"": 10}, ""eff_fps"": {""gesture"": 0, ""object"": 10}, ""latency_ms"": {""gesture"": 0, ""object"": 0}, ""svclat_ms"": {""gesture"": 0.0, ""object"": 37.18}}, ""z11"": {""services"": [""gesture"", ""object""], ""fps"": {""gesture"": 0, ""object"": 10}, ""eff_fps"": {""gesture"": 0, ""object"": 10}, ""latency_ms"": {""gesture"": 0, ""object"": 0}, ""svclat_ms"": {""gesture"": 0.0, ""object"": 22.11}}, ""z12"": {""services"": [""gesture"", ""object""], ""fps"": {""gesture"": 0, ""object"": 10}, ""eff_fps"": {""gesture"": 0, ""object"": 10}, ""latency_ms"": {""gesture"": 0, ""object"": 0}, ""svclat_ms"": {""gesture"": 0.0, ""object"": 36.98}}, ""b1"": {""services"": [""pose"", ""object""], ""fps"": {""pose"": 10, ""object"": 10}, ""eff_fps"": {""pose"": 10, ""object"": 10}, ""latency_ms"": {""pose"": 0, ""object"": 0}, ""svclat_ms"": {""pose"": 23.88, ""object"": 25.24}}, ""b2"": {""services"": [""pose"", ""object""], ""fps"": {""pose"": 10, ""object"": 10}, ""eff_fps"": {""pose"": 10, ""object"": 10}, ""latency_ms"": {""pose"": 0, ""object"": 0}, ""svclat_ms"": {""pose"": 23.49, ""object"": 35.28}}, ""b3"": {""services"": [""pose"", ""object""], ""fps"": {""pose"": 10, ""object"": 10}, ""eff_fps"": {""pose"": 10, ""object"": 10}, ""latency_ms"": {""pose"": 0, ""object"": 0}, ""svclat_ms"": {""pose"": 23.62, ""object"": 21.02}}, ""b4"": {""services"": [""pose"", ""object""], ""fps"": {""pose"": 10, ""object"": 10}, ""eff_fps"": {""pose"": 10, ""object"": 10}, ""latency_ms"": {""pose"": 0, ""object"": 0}, ""svclat_ms"": {""pose"": 23.4, ""object"": 29.36}}, ""b5"": {""services"": [""pose"", ""object""], ""fps"": {""pose"": 9, ""object"": 10}, ""eff_fps"": {""pose"": 8, ""object"": 10}, ""latency_ms"": {""pose"": 0, ""object"": 0}, ""svclat_ms"": {""pose"": 57.86, ""object"": 23.78}}, ""b6"": {""services"": [""pose"", ""object""], ""fps"": {""pose"": 10, ""object"": 10}, ""eff_fps"": {""pose"": 10, ""object"": 10}, ""latency_ms"": {""pose"": 0, ""object"": 0}, ""svclat_ms"": {""pose"": 26.14, ""object"": 20.25}}, ""b7"": {""services"": [""pose"", ""object""], ""fps"": {""pose"": 8, ""object"": 10}, ""eff_fps"": {""pose"": 7, ""object"": 10}, ""latency_ms"": {""pose"": 0, ""object"": 0}, ""svclat_ms"": {""pose"": 68.39, ""object"": 21.59}}, ""b8"": {""services"": [""pose"", ""object""], ""fps"": {""pose"": 10, ""object"": 10}, ""eff_fps"": {""pose"": 10, ""object"": 10}, ""latency_ms"": {""pose"": 0, ""object"": 0}, ""svclat_ms"": {""pose"": 24.45, ""object"": 24.56}}, ""b9"": {""services"": [""pose"", ""object""], ""fps"": {""pose"": 9, ""object"": 10}, ""eff_fps"": {""pose"": 7, ""object"": 10}, ""latency_ms"": {""pose"": 0, ""object"": 0}, ""svclat_ms"": {""pose"": 67.6, ""object"": 26.98}}, ""b10"": {""services"": [""pose"", ""object""], ""fps"": {""pose"": 8, ""object"": 9}, ""eff_fps"": {""pose"": 6, ""object"": 9}, ""latency_ms"": {""pose"": 0, ""object"": 0}, ""svclat_ms"": {""pose"": 65.87, ""object"": 27.8}}}"
171.9,34,21,0.618,0,0,14,7,7,1.0,611.0,550,0.9,130.0,0.33,0.0,10.0,10.0,10.0,10.0,10.0,10.0,0,0,0,24.52,16.7,29.96,550,"{""ip-172-31-0-204"": ""healthy"", ""ip-172-31-1-171"": ""healthy"", ""ip-172-31-10-12"": ""healthy"", ""ip-172-31-11-132"": ""healthy"", ""ip-172-31-13-134"": ""healthy"", ""ip-172-31-14-68"": ""healthy"", ""ip-172-31-40-239"": ""healthy""}",subscribe,11.0,0.2696,0,0,"{""ip-172-31-0-204"": {""object"": 1}, ""ip-172-31-1-171"": {""object"": 1}, ""ip-172-31-11-132"": {""pose"": 1}, ""ip-172-31-40-239"": {""gesture"": 1}, ""ip-172-31-10-12"": {""object"": 1}, ""ip-172-31-13-134"": {""pose"": 1}, ""ip-172-31-14-68"": {""pose"": 1}}","{""a1"": {""services"": [""pose"", ""gesture""], ""fps"": {""pose"": 10, ""gesture"": 10}, ""eff_fps"": {""pose"": 10, ""gesture"": 10}, ""latency_ms"": {""pose"": 0, ""gesture"": 0}, ""svclat_ms"": {""pose"": 24.71, ""gesture"": 16.28}}, ""a2"": {""services"": [""pose"", ""gesture""], ""fps"": {""pose"": 10, ""gesture"": 10}, ""eff_fps"": {""pose"": 10, ""gesture"": 10}, ""latency_ms"": {""pose"": 0, ""gesture"": 0}, ""svclat_ms"": {""pose"": 24.54, ""gesture"": 14.89}}, ""a3"": {""services"": [""pose"", ""gesture""], ""fps"": {""pose"": 10, ""gesture"": 10}, ""eff_fps"": {""pose"": 10, ""gesture"": 10}, ""latency_ms"": {""pose"": 0, ""gesture"": 0}, ""svclat_ms"": {""pose"": 23.22, ""gesture"": 16.62}}, ""a4"": {""services"": [""pose"", ""gesture""], ""fps"": {""pose"": 10, ""gesture"": 10}, ""eff_fps"": {""pose"": 10, ""gesture"": 10}, ""latency_ms"": {""pose"": 0, ""gesture"": 0}, ""svclat_ms"": {""pose"": 22.73, ""gesture"": 15.84}}, ""a5"": {""services"": [""pose"", ""gesture""], ""fps"": {""pose"": 10, ""gesture"": 10}, ""eff_fps"": {""pose"": 10, ""gesture"": 10}, ""latency_ms"": {""pose"": 0, ""gesture"": 0}, ""svclat_ms"": {""pose"": 22.53, ""gesture"": 16.91}}, ""a6"": {""services"": [""pose"", ""gesture""], ""fps"": {""pose"": 10, ""gesture"": 10}, ""eff_fps"": {""pose"": 10, ""gesture"": 10}, ""latency_ms"": {""pose"": 0, ""gesture"": 0}, ""svclat_ms"": {""pose"": 22.08, ""gesture"": 16.4}}, ""a7"": {""services"": [""pose"", ""gesture""], ""fps"": {""pose"": 10, ""gesture"": 10}, ""eff_fps"": {""pose"": 10, ""gesture"": 10}, ""latency_ms"": {""pose"": 0, ""gesture"": 0}, ""svclat_ms"": {""pose"": 21.07, ""gesture"": 17.52}}, ""a8"": {""services"": [""pose"", ""gesture""], ""fps"": {""pose"": 10, ""gesture"": 10}, ""eff_fps"": {""pose"": 10, ""gesture"": 10}, ""latency_ms"": {""pose"": 0, ""gesture"": 0}, ""svclat_ms"": {""pose"": 22.33, ""gesture"": 16.22}}, ""a9"": {""services"": [""pose"", ""gesture""], ""fps"": {""pose"": 10, ""gesture"": 10}, ""eff_fps"": {""pose"": 10, ""gesture"": 10}, ""latency_ms"": {""pose"": 0, ""gesture"": 0}, ""svclat_ms"": {""pose"": 22.4, ""gesture"": 18.9}}, ""a10"": {""services"": [""pose"", ""gesture""], ""fps"": {""pose"": 10, ""gesture"": 10}, ""eff_fps"": {""pose"": 10, ""gesture"": 10}, ""latency_ms"": {""pose"": 0, ""gesture"": 0}, ""svclat_ms"": {""pose"": 22.72, ""gesture"": 16.27}}, ""a11"": {""services"": [""pose"", ""gesture""], ""fps"": {""pose"": 10, ""gesture"": 10}, ""eff_fps"": {""pose"": 10, ""gesture"": 10}, ""latency_ms"": {""pose"": 0, ""gesture"": 0}, ""svclat_ms"": {""pose"": 27.58, ""gesture"": 17.83}}, ""a12"": {""services"": [""pose"", ""gesture""], ""fps"": {""pose"": 10, ""gesture"": 0}, ""eff_fps"": {""pose"": 10, ""gesture"": 0}, ""latency_ms"": {""pose"": 0, ""gesture"": 0}, ""svclat_ms"": {""pose"": 26.11, ""gesture"": 0.0}}, ""z1"": {""services"": [""gesture"", ""object""], ""fps"": {""gesture"": 0, ""object"": 10}, ""eff_fps"": {""gesture"": 0, ""object"": 10}, ""latency_ms"": {""gesture"": 0, ""object"": 0}, ""svclat_ms"": {""gesture"": 0.0, ""object"": 21.53}}, ""z2"": {""services"": [""gesture"", ""object""], ""fps"": {""gesture"": 0, ""object"": 10}, ""eff_fps"": {""gesture"": 0, ""object"": 10}, ""latency_ms"": {""gesture"": 0, ""object"": 0}, ""svclat_ms"": {""gesture"": 0.0, ""object"": 23.68}}, ""z3"": {""services"": [""gesture"", ""object""], ""fps"": {""gesture"": 0, ""object"": 10}, ""eff_fps"": {""gesture"": 0, ""object"": 10}, ""latency_ms"": {""gesture"": 0, ""object"": 0}, ""svclat_ms"": {""gesture"": 0.0, ""object"": 36.9}}, ""z4"": {""services"": [""gesture"", ""object""], ""fps"": {""gesture"": 0, ""object"": 10}, ""eff_fps"": {""gesture"": 0, ""object"": 10}, ""latency_ms"": {""gesture"": 0, ""object"": 0}, ""svclat_ms"": {""gesture"": 0.0, ""object"": 36.1}}, ""z5"": {""services"": [""gesture"", ""object""], ""fps"": {""gesture"": 0, ""object"": 10}, ""eff_fps"": {""gesture"": 0, ""object"": 10}, ""latency_ms"": {""gesture"": 0, ""object"": 0}, ""svclat_ms"": {""gesture"": 0.0, ""object"": 37.07}}, ""z6"": {""services"": [""gesture"", ""object""], ""fps"": {""gesture"": 0, ""object"": 10}, ""eff_fps"": {""gesture"": 0, ""object"": 10}, ""latency_ms"": {""gesture"": 0, ""object"": 0}, ""svclat_ms"": {""gesture"": 0.0, ""object"": 36.02}}, ""z7"": {""services"": [""gesture"", ""object""], ""fps"": {""gesture"": 0, ""object"": 10}, ""eff_fps"": {""gesture"": 0, ""object"": 10}, ""latency_ms"": {""gesture"": 0, ""object"": 0}, ""svclat_ms"": {""gesture"": 0.0, ""object"": 37.36}}, ""z8"": {""services"": [""gesture"", ""object""], ""fps"": {""gesture"": 0, ""object"": 10}, ""eff_fps"": {""gesture"": 0, ""object"": 10}, ""latency_ms"": {""gesture"": 0, ""object"": 0}, ""svclat_ms"": {""gesture"": 0.0, ""object"": 28.71}}, ""z9"": {""services"": [""gesture"", ""object""], ""fps"": {""gesture"": 0, ""object"": 10}, ""eff_fps"": {""gesture"": 0, ""object"": 10}, ""latency_ms"": {""gesture"": 0, ""object"": 0}, ""svclat_ms"": {""gesture"": 0.0, ""object"": 38.78}}, ""z10"": {""services"": [""gesture"", ""object""], ""fps"": {""gesture"": 0, ""object"": 10}, ""eff_fps"": {""gesture"": 0, ""object"": 10}, ""latency_ms"": {""gesture"": 0, ""object"": 0}, ""svclat_ms"": {""gesture"": 0.0, ""object"": 38.2}}, ""z11"": {""services"": [""gesture"", ""object""], ""fps"": {""gesture"": 0, ""object"": 10}, ""eff_fps"": {""gesture"": 0, ""object"": 10}, ""latency_ms"": {""gesture"": 0, ""object"": 0}, ""svclat_ms"": {""gesture"": 0.0, ""object"": 22.66}}, ""z12"": {""services"": [""gesture"", ""object""], ""fps"": {""gesture"": 0, ""object"": 10}, ""eff_fps"": {""gesture"": 0, ""object"": 10}, ""latency_ms"": {""gesture"": 0, ""object"": 0}, ""svclat_ms"": {""gesture"": 0.0, ""object"": 37.33}}, ""b1"": {""services"": [""pose"", ""object""], ""fps"": {""pose"": 10, ""object"": 10}, ""eff_fps"": {""pose"": 10, ""object"": 10}, ""latency_ms"": {""pose"": 0, ""object"": 0}, ""svclat_ms"": {""pose"": 25.77, ""object"": 27.45}}, ""b2"": {""services"": [""pose"", ""object""], ""fps"": {""pose"": 10, ""object"": 10}, ""eff_fps"": {""pose"": 10, ""object"": 10}, ""latency_ms"": {""pose"": 0, ""object"": 0}, ""svclat_ms"": {""pose"": 28.46, ""object"": 36.46}}, ""b3"": {""services"": [""pose"", ""object""], ""fps"": {""pose"": 10, ""object"": 10}, ""eff_fps"": {""pose"": 10, ""object"": 10}, ""latency_ms"": {""pose"": 0, ""object"": 0}, ""svclat_ms"": {""pose"": 22.63, ""object"": 22.1}}, ""b4"": {""services"": [""pose"", ""object""], ""fps"": {""pose"": 10, ""object"": 10}, ""eff_fps"": {""pose"": 10, ""object"": 10}, ""latency_ms"": {""pose"": 0, ""object"": 0}, ""svclat_ms"": {""pose"": 28.87, ""object"": 29.48}}, ""b5"": {""services"": [""pose"", ""object""], ""fps"": {""pose"": 10, ""object"": 10}, ""eff_fps"": {""pose"": 10, ""object"": 10}, ""latency_ms"": {""pose"": 0, ""object"": 0}, ""svclat_ms"": {""pose"": 24.02, ""object"": 24.26}}, ""b6"": {""services"": [""pose"", ""object""], ""fps"": {""pose"": 10, ""object"": 10}, ""eff_fps"": {""pose"": 10, ""object"": 10}, ""latency_ms"": {""pose"": 0, ""object"": 0}, ""svclat_ms"": {""pose"": 26.61, ""object"": 20.72}}, ""b7"": {""services"": [""pose"", ""object""], ""fps"": {""pose"": 10, ""object"": 10}, ""eff_fps"": {""pose"": 10, ""object"": 10}, ""latency_ms"": {""pose"": 0, ""object"": 0}, ""svclat_ms"": {""pose"": 22.15, ""object"": 21.91}}, ""b8"": {""services"": [""pose"", ""object""], ""fps"": {""pose"": 10, ""object"": 10}, ""eff_fps"": {""pose"": 10, ""object"": 10}, ""latency_ms"": {""pose"": 0, ""object"": 0}, ""svclat_ms"": {""pose"": 25.28, ""object"": 25.17}}, ""b9"": {""services"": [""pose"", ""object""], ""fps"": {""pose"": 10, ""object"": 10}, ""eff_fps"": {""pose"": 10, ""object"": 10}, ""latency_ms"": {""pose"": 0, ""object"": 0}, ""svclat_ms"": {""pose"": 26.29, ""object"": 28.62}}, ""b10"": {""services"": [""pose"", ""object""], ""fps"": {""pose"": 10, ""object"": 10}, ""eff_fps"": {""pose"": 10, ""object"": 10}, ""latency_ms"": {""pose"": 0, ""object"": 0}, ""svclat_ms"": {""pose"": 27.32, ""object"": 28.51}}, ""b11"": {""services"": [""pose"", ""object""], ""fps"": {""pose"": 0, ""object"": 0}, ""eff_fps"": {""pose"": 0, ""object"": 0}, ""latency_ms"": {""pose"": 0, ""object"": 0}, ""svclat_ms"": {""pose"": 0.0, ""object"": 0.0}}}"
175.6,35,22,0.629,0,0,14,7,7,1.0,611.0,570,0.933,130.0,0.32,0.0,10.0,10.0,10.0,10.0,10.0,10.0,0,0,0,29.17,16.92,31.02,570,"{""ip-172-31-0-204"": ""healthy"", ""ip-172-31-1-171"": ""healthy"", ""ip-172-31-10-12"": ""healthy"", ""ip-172-31-11-132"": ""healthy"", ""ip-172-31-13-134"": ""healthy"", ""ip-172-31-14-68"": ""healthy"", ""ip-172-31-40-239"": ""healthy""}",subscribe,11.0,0.2714,0,0,"{""ip-172-31-0-204"": {""object"": 1}, ""ip-172-31-1-171"": {""object"": 1}, ""ip-172-31-11-132"": {""pose"": 1}, ""ip-172-31-40-239"": {""gesture"": 1}, ""ip-172-31-10-12"": {""object"": 1}, ""ip-172-31-13-134"": {""pose"": 1}, ""ip-172-31-14-68"": {""pose"": 1}}","{""a1"": {""services"": [""pose"", ""gesture""], ""fps"": {""pose"": 10, ""gesture"": 10}, ""eff_fps"": {""pose"": 10, ""gesture"": 10}, ""latency_ms"": {""pose"": 0, ""gesture"": 0}, ""svclat_ms"": {""pose"": 22.19, ""gesture"": 17.21}}, ""a2"": {""services"": [""pose"", ""gesture""], ""fps"": {""pose"": 10, ""gesture"": 10}, ""eff_fps"": {""pose"": 10, ""gesture"": 10}, ""latency_ms"": {""pose"": 0, ""gesture"": 0}, ""svclat_ms"": {""pose"": 22.22, ""gesture"": 15.31}}, ""a3"": {""services"": [""pose"", ""gesture""], ""fps"": {""pose"": 10, ""gesture"": 10}, ""eff_fps"": {""pose"": 10, ""gesture"": 10}, ""latency_ms"": {""pose"": 0, ""gesture"": 0}, ""svclat_ms"": {""pose"": 22.06, ""gesture"": 17.85}}, ""a4"": {""services"": [""pose"", ""gesture""], ""fps"": {""pose"": 10, ""gesture"": 10}, ""eff_fps"": {""pose"": 10, ""gesture"": 10}, ""latency_ms"": {""pose"": 0, ""gesture"": 0}, ""svclat_ms"": {""pose"": 21.76, ""gesture"": 16.29}}, ""a5"": {""services"": [""pose"", ""gesture""], ""fps"": {""pose"": 10, ""gesture"": 10}, ""eff_fps"": {""pose"": 10, ""gesture"": 10}, ""latency_ms"": {""pose"": 0, ""gesture"": 0}, ""svclat_ms"": {""pose"": 22.01, ""gesture"": 17.33}}, ""a6"": {""services"": [""pose"", ""gesture""], ""fps"": {""pose"": 10, ""gesture"": 10}, ""eff_fps"": {""pose"": 10, ""gesture"": 10}, ""latency_ms"": {""pose"": 0, ""gesture"": 0}, ""svclat_ms"": {""pose"": 23.12, ""gesture"": 16.7}}, ""a7"": {""services"": [""pose"", ""gesture""], ""fps"": {""pose"": 10, ""gesture"": 10}, ""eff_fps"": {""pose"": 10, ""gesture"": 10}, ""latency_ms"": {""pose"": 0, ""gesture"": 0}, ""svclat_ms"": {""pose"": 21.45, ""gesture"": 16.96}}, ""a8"": {""services"": [""pose"", ""gesture""], ""fps"": {""pose"": 10, ""gesture"": 10}, ""eff_fps"": {""pose"": 10, ""gesture"": 10}, ""latency_ms"": {""pose"": 0, ""gesture"": 0}, ""svclat_ms"": {""pose"": 22.72, ""gesture"": 16.33}}, ""a9"": {""services"": [""pose"", ""gesture""], ""fps"": {""pose"": 10, ""gesture"": 10}, ""eff_fps"": {""pose"": 10, ""gesture"": 10}, ""latency_ms"": {""pose"": 0, ""gesture"": 0}, ""svclat_ms"": {""pose"": 32.6, ""gesture"": 17.42}}, ""a10"": {""services"": [""pose"", ""gesture""], ""fps"": {""pose"": 10, ""gesture"": 10}, ""eff_fps"": {""pose"": 10, ""gesture"": 10}, ""latency_ms"": {""pose"": 0, ""gesture"": 0}, ""svclat_ms"": {""pose"": 33.09, ""gesture"": 16.24}}, ""a11"": {""services"": [""pose"", ""gesture""], ""fps"": {""pose"": 10, ""gesture"": 10}, ""eff_fps"": {""pose"": 10, ""gesture"": 10}, ""latency_ms"": {""pose"": 0, ""gesture"": 0}, ""svclat_ms"": {""pose"": 34.38, ""gesture"": 18.51}}, ""a12"": {""services"": [""pose"", ""gesture""], ""fps"": {""pose"": 10, ""gesture"": 0}, ""eff_fps"": {""pose"": 10, ""gesture"": 0}, ""latency_ms"": {""pose"": 0, ""gesture"": 0}, ""svclat_ms"": {""pose"": 33.68, ""gesture"": 0.0}}, ""z1"": {""services"": [""gesture"", ""object""], ""fps"": {""gesture"": 0, ""object"": 10}, ""eff_fps"": {""gesture"": 0, ""object"": 10}, ""latency_ms"": {""gesture"": 0, ""object"": 0}, ""svclat_ms"": {""gesture"": 0.0, ""object"": 21.34}}, ""z2"": {""services"": [""gesture"", ""object""], ""fps"": {""gesture"": 0, ""object"": 10}, ""eff_fps"": {""gesture"": 0, ""object"": 10}, ""latency_ms"": {""gesture"": 0, ""object"": 0}, ""svclat_ms"": {""gesture"": 0.0, ""object"": 24.22}}, ""z3"": {""services"": [""gesture"", ""object""], ""fps"": {""gesture"": 0, ""object"": 10}, ""eff_fps"": {""gesture"": 0, ""object"": 10}, ""latency_ms"": {""gesture"": 0, ""object"": 0}, ""svclat_ms"": {""gesture"": 0.0, ""object"": 38.05}}, ""z4"": {""services"": [""gesture"", ""object""], ""fps"": {""gesture"": 0, ""object"": 10}, ""eff_fps"": {""gesture"": 0, ""object"": 10}, ""latency_ms"": {""gesture"": 0, ""object"": 0}, ""svclat_ms"": {""gesture"": 0.0, ""object"": 34.53}}, ""z5"": {""services"": [""gesture"", ""object""], ""fps"": {""gesture"": 0, ""object"": 10}, ""eff_fps"": {""gesture"": 0, ""object"": 10}, ""latency_ms"": {""gesture"": 0, ""object"": 0}, ""svclat_ms"": {""gesture"": 0.0, ""object"": 38.08}}, ""z6"": {""services"": [""gesture"", ""object""], ""fps"": {""gesture"": 0, ""object"": 10}, ""eff_fps"": {""gesture"": 0, ""object"": 10}, ""latency_ms"": {""gesture"": 0, ""object"": 0}, ""svclat_ms"": {""gesture"": 0.0, ""object"": 36.88}}, ""z7"": {""services"": [""gesture"", ""object""], ""fps"": {""gesture"": 0, ""object"": 10}, ""eff_fps"": {""gesture"": 0, ""object"": 10}, ""latency_ms"": {""gesture"": 0, ""object"": 0}, ""svclat_ms"": {""gesture"": 0.0, ""object"": 38.34}}, ""z8"": {""services"": [""gesture"", ""object""], ""fps"": {""gesture"": 0, ""object"": 10}, ""eff_fps"": {""gesture"": 0, ""object"": 10}, ""latency_ms"": {""gesture"": 0, ""object"": 0}, ""svclat_ms"": {""gesture"": 0.0, ""object"": 29.49}}, ""z9"": {""services"": [""gesture"", ""object""], ""fps"": {""gesture"": 0, ""object"": 10}, ""eff_fps"": {""gesture"": 0, ""object"": 10}, ""latency_ms"": {""gesture"": 0, ""object"": 0}, ""svclat_ms"": {""gesture"": 0.0, ""object"": 37.66}}, ""z10"": {""services"": [""gesture"", ""object""], ""fps"": {""gesture"": 0, ""object"": 10}, ""eff_fps"": {""gesture"": 0, ""object"": 10}, ""latency_ms"": {""gesture"": 0, ""object"": 0}, ""svclat_ms"": {""gesture"": 0.0, ""object"": 36.77}}, ""z11"": {""services"": [""gesture"", ""object""], ""fps"": {""gesture"": 0, ""object"": 10}, ""eff_fps"": {""gesture"": 0, ""object"": 10}, ""latency_ms"": {""gesture"": 0, ""object"": 0}, ""svclat_ms"": {""gesture"": 0.0, ""object"": 21.79}}, ""z12"": {""services"": [""gesture"", ""object""], ""fps"": {""gesture"": 0, ""object"": 10}, ""eff_fps"": {""gesture"": 0, ""object"": 10}, ""latency_ms"": {""gesture"": 0, ""object"": 0}, ""svclat_ms"": {""gesture"": 0.0, ""object"": 36.4}}, ""b1"": {""services"": [""pose"", ""object""], ""fps"": {""pose"": 10, ""object"": 10}, ""eff_fps"": {""pose"": 10, ""object"": 10}, ""latency_ms"": {""pose"": 0, ""object"": 0}, ""svclat_ms"": {""pose"": 33.67, ""object"": 25.87}}, ""b2"": {""services"": [""pose"", ""object""], ""fps"": {""pose"": 10, ""object"": 10}, ""eff_fps"": {""pose"": 10, ""object"": 10}, ""latency_ms"": {""pose"": 0, ""object"": 0}, ""svclat_ms"": {""pose"": 34.22, ""object"": 36.01}}, ""b3"": {""services"": [""pose"", ""object""], ""fps"": {""pose"": 10, ""object"": 10}, ""eff_fps"": {""pose"": 10, ""object"": 10}, ""latency_ms"": {""pose"": 0, ""object"": 0}, ""svclat_ms"": {""pose"": 32.79, ""object"": 20.87}}, ""b4"": {""services"": [""pose"", ""object""], ""fps"": {""pose"": 10, ""object"": 10}, ""eff_fps"": {""pose"": 10, ""object"": 10}, ""latency_ms"": {""pose"": 0, ""object"": 0}, ""svclat_ms"": {""pose"": 33.58, ""object"": 29.06}}, ""b5"": {""services"": [""pose"", ""object""], ""fps"": {""pose"": 10, ""object"": 10}, ""eff_fps"": {""pose"": 10, ""object"": 10}, ""latency_ms"": {""pose"": 0, ""object"": 0}, ""svclat_ms"": {""pose"": 23.7, ""object"": 24.19}}, ""b6"": {""services"": [""pose"", ""object""], ""fps"": {""pose"": 10, ""object"": 10}, ""eff_fps"": {""pose"": 10, ""object"": 10}, ""latency_ms"": {""pose"": 0, ""object"": 0}, ""svclat_ms"": {""pose"": 38.26, ""object"": 20.99}}, ""b7"": {""services"": [""pose"", ""object""], ""fps"": {""pose"": 10, ""object"": 10}, ""eff_fps"": {""pose"": 10, ""object"": 10}, ""latency_ms"": {""pose"": 0, ""object"": 0}, ""svclat_ms"": {""pose"": 21.66, ""object"": 22.59}}, ""b8"": {""services"": [""pose"", ""object""], ""fps"": {""pose"": 10, ""object"": 10}, ""eff_fps"": {""pose"": 10, ""object"": 10}, ""latency_ms"": {""pose"": 0, ""object"": 0}, ""svclat_ms"": {""pose"": 36.46, ""object"": 36.47}}, ""b9"": {""services"": [""pose"", ""object""], ""fps"": {""pose"": 10, ""object"": 10}, ""eff_fps"": {""pose"": 10, ""object"": 10}, ""latency_ms"": {""pose"": 0, ""object"": 0}, ""svclat_ms"": {""pose"": 37.46, ""object"": 38.73}}, ""b10"": {""services"": [""pose"", ""object""], ""fps"": {""pose"": 10, ""object"": 10}, ""eff_fps"": {""pose"": 10, ""object"": 10}, ""latency_ms"": {""pose"": 0, ""object"": 0}, ""svclat_ms"": {""pose"": 38.52, ""object"": 38.69}}, ""b11"": {""services"": [""pose"", ""object""], ""fps"": {""pose"": 10, ""object"": 10}, ""eff_fps"": {""pose"": 10, ""object"": 10}, ""latency_ms"": {""pose"": 0, ""object"": 0}, ""svclat_ms"": {""pose"": 29.42, ""object"": 26.46}}, ""b12"": {""services"": [""pose"", ""object""], ""fps"": {""pose"": 0, ""object"": 0}, ""eff_fps"": {""pose"": 0, ""object"": 0}, ""latency_ms"": {""pose"": 0, ""object"": 0}, ""svclat_ms"": {""pose"": 0.0, ""object"": 0.0}}}"
179.4,35,22,0.629,0,0,14,7,7,1.0,611.0,570,0.933,130.0,0.32,0.0,10.0,10.0,9.33,10.0,10.0,8.79,0,0,0,28.69,17.33,55.7,574,"{""ip-172-31-0-204"": ""healthy"", ""ip-172-31-1-171"": ""healthy"", ""ip-172-31-10-12"": ""healthy"", ""ip-172-31-11-132"": ""healthy"", ""ip-172-31-13-134"": ""healthy"", ""ip-172-31-14-68"": ""healthy"", ""ip-172-31-40-239"": ""healthy""}",subscribe,11.0,0.2714,0,0,"{""ip-172-31-0-204"": {""object"": 1}, ""ip-172-31-1-171"": {""object"": 1}, ""ip-172-31-11-132"": {""pose"": 1}, ""ip-172-31-40-239"": {""gesture"": 1}, ""ip-172-31-10-12"": {""object"": 1}, ""ip-172-31-13-134"": {""pose"": 1}, ""ip-172-31-14-68"": {""pose"": 1}}","{""a1"": {""services"": [""pose"", ""gesture""], ""fps"": {""pose"": 10, ""gesture"": 10}, ""eff_fps"": {""pose"": 10, ""gesture"": 10}, ""latency_ms"": {""pose"": 0, ""gesture"": 0}, ""svclat_ms"": {""pose"": 24.63, ""gesture"": 17.08}}, ""a2"": {""services"": [""pose"", ""gesture""], ""fps"": {""pose"": 10, ""gesture"": 10}, ""eff_fps"": {""pose"": 10, ""gesture"": 10}, ""latency_ms"": {""pose"": 0, ""gesture"": 0}, ""svclat_ms"": {""pose"": 24.86, ""gesture"": 15.42}}, ""a3"": {""services"": [""pose"", ""gesture""], ""fps"": {""pose"": 10, ""gesture"": 10}, ""eff_fps"": {""pose"": 10, ""gesture"": 10}, ""latency_ms"": {""pose"": 0, ""gesture"": 0}, ""svclat_ms"": {""pose"": 23.51, ""gesture"": 18.25}}, ""a4"": {""services"": [""pose"", ""gesture""], ""fps"": {""pose"": 10, ""gesture"": 10}, ""eff_fps"": {""pose"": 10, ""gesture"": 10}, ""latency_ms"": {""pose"": 0, ""gesture"": 0}, ""svclat_ms"": {""pose"": 23.86, ""gesture"": 16.27}}, ""a5"": {""services"": [""pose"", ""gesture""], ""fps"": {""pose"": 10, ""gesture"": 10}, ""eff_fps"": {""pose"": 10, ""gesture"": 10}, ""latency_ms"": {""pose"": 0, ""gesture"": 0}, ""svclat_ms"": {""pose"": 23.65, ""gesture"": 17.93}}, ""a6"": {""services"": [""pose"", ""gesture""], ""fps"": {""pose"": 10, ""gesture"": 10}, ""eff_fps"": {""pose"": 10, ""gesture"": 10}, ""latency_ms"": {""pose"": 0, ""gesture"": 0}, ""svclat_ms"": {""pose"": 25.09, ""gesture"": 17.19}}, ""a7"": {""services"": [""pose"", ""gesture""], ""fps"": {""pose"": 10, ""gesture"": 10}, ""eff_fps"": {""pose"": 10, ""gesture"": 10}, ""latency_ms"": {""pose"": 0, ""gesture"": 0}, ""svclat_ms"": {""pose"": 23.48, ""gesture"": 18.06}}, ""a8"": {""services"": [""pose"", ""gesture""], ""fps"": {""pose"": 10, ""gesture"": 10}, ""eff_fps"": {""pose"": 10, ""gesture"": 10}, ""latency_ms"": {""pose"": 0, ""gesture"": 0}, ""svclat_ms"": {""pose"": 24.85, ""gesture"": 16.9}}, ""a9"": {""services"": [""pose"", ""gesture""], ""fps"": {""pose"": 10, ""gesture"": 10}, ""eff_fps"": {""pose"": 10, ""gesture"": 10}, ""latency_ms"": {""pose"": 0, ""gesture"": 0}, ""svclat_ms"": {""pose"": 21.9, ""gesture"": 18.53}}, ""a10"": {""services"": [""pose"", ""gesture""], ""fps"": {""pose"": 10, ""gesture"": 10}, ""eff_fps"": {""pose"": 10, ""gesture"": 10}, ""latency_ms"": {""pose"": 0, ""gesture"": 0}, ""svclat_ms"": {""pose"": 22.18, ""gesture"": 16.44}}, ""a11"": {""services"": [""pose"", ""gesture""], ""fps"": {""pose"": 10, ""gesture"": 10}, ""eff_fps"": {""pose"": 10, ""gesture"": 10}, ""latency_ms"": {""pose"": 0, ""gesture"": 0}, ""svclat_ms"": {""pose"": 22.15, ""gesture"": 18.58}}, ""a12"": {""services"": [""pose"", ""gesture""], ""fps"": {""pose"": 10, ""gesture"": 0}, ""eff_fps"": {""pose"": 10, ""gesture"": 0}, ""latency_ms"": {""pose"": 0, ""gesture"": 0}, ""svclat_ms"": {""pose"": 22.49, ""gesture"": 0.0}}, ""z1"": {""services"": [""gesture"", ""object""], ""fps"": {""gesture"": 0, ""object"": 10}, ""eff_fps"": {""gesture"": 0, ""object"": 10}, ""latency_ms"": {""gesture"": 0, ""object"": 0}, ""svclat_ms"": {""gesture"": 0.0, ""object"": 21.47}}, ""z2"": {""services"": [""gesture"", ""object""], ""fps"": {""gesture"": 0, ""object"": 10}, ""eff_fps"": {""gesture"": 0, ""object"": 10}, ""latency_ms"": {""gesture"": 0, ""object"": 0}, ""svclat_ms"": {""gesture"": 0.0, ""object"": 23.59}}, ""z3"": {""services"": [""gesture"", ""object""], ""fps"": {""gesture"": 0, ""object"": 10}, ""eff_fps"": {""gesture"": 0, ""object"": 10}, ""latency_ms"": {""gesture"": 0, ""object"": 0}, ""svclat_ms"": {""gesture"": 0.0, ""object"": 37.05}}, ""z4"": {""services"": [""gesture"", ""object""], ""fps"": {""gesture"": 0, ""object"": 10}, ""eff_fps"": {""gesture"": 0, ""object"": 10}, ""latency_ms"": {""gesture"": 0, ""object"": 0}, ""svclat_ms"": {""gesture"": 0.0, ""object"": 33.04}}, ""z5"": {""services"": [""gesture"", ""object""], ""fps"": {""gesture"": 0, ""object"": 10}, ""eff_fps"": {""gesture"": 0, ""object"": 10}, ""latency_ms"": {""gesture"": 0, ""object"": 0}, ""svclat_ms"": {""gesture"": 0.0, ""object"": 37.0}}, ""z6"": {""services"": [""gesture"", ""object""], ""fps"": {""gesture"": 0, ""object"": 10}, ""eff_fps"": {""gesture"": 0, ""object"": 10}, ""latency_ms"": {""gesture"": 0, ""object"": 0}, ""svclat_ms"": {""gesture"": 0.0, ""object"": 36.02}}, ""z7"": {""services"": [""gesture"", ""object""], ""fps"": {""gesture"": 0, ""object"": 10}, ""eff_fps"": {""gesture"": 0, ""object"": 10}, ""latency_ms"": {""gesture"": 0, ""object"": 0}, ""svclat_ms"": {""gesture"": 0.0, ""object"": 37.19}}, ""z8"": {""services"": [""gesture"", ""object""], ""fps"": {""gesture"": 0, ""object"": 10}, ""eff_fps"": {""gesture"": 0, ""object"": 10}, ""latency_ms"": {""gesture"": 0, ""object"": 0}, ""svclat_ms"": {""gesture"": 0.0, ""object"": 30.48}}, ""z9"": {""services"": [""gesture"", ""object""], ""fps"": {""gesture"": 0, ""object"": 10}, ""eff_fps"": {""gesture"": 0, ""object"": 10}, ""latency_ms"": {""gesture"": 0, ""object"": 0}, ""svclat_ms"": {""gesture"": 0.0, ""object"": 38.81}}, ""z10"": {""services"": [""gesture"", ""object""], ""fps"": {""gesture"": 0, ""object"": 10}, ""eff_fps"": {""gesture"": 0, ""object"": 10}, ""latency_ms"": {""gesture"": 0, ""object"": 0}, ""svclat_ms"": {""gesture"": 0.0, ""object"": 38.15}}, ""z11"": {""services"": [""gesture"", ""object""], ""fps"": {""gesture"": 0, ""object"": 10}, ""eff_fps"": {""gesture"": 0, ""object"": 10}, ""latency_ms"": {""gesture"": 0, ""object"": 0}, ""svclat_ms"": {""gesture"": 0.0, ""object"": 22.49}}, ""z12"": {""services"": [""gesture"", ""object""], ""fps"": {""gesture"": 0, ""object"": 10}, ""eff_fps"": {""gesture"": 0, ""object"": 10}, ""latency_ms"": {""gesture"": 0, ""object"": 0}, ""svclat_ms"": {""gesture"": 0.0, ""object"": 37.24}}, ""b1"": {""services"": [""pose"", ""object""], ""fps"": {""pose"": 10, ""object"": 10}, ""eff_fps"": {""pose"": 10, ""object"": 10}, ""latency_ms"": {""pose"": 0, ""object"": 0}, ""svclat_ms"": {""pose"": 22.21, ""object"": 26.1}}, ""b2"": {""services"": [""pose"", ""object""], ""fps"": {""pose"": 10, ""object"": 10}, ""eff_fps"": {""pose"": 10, ""object"": 10}, ""latency_ms"": {""pose"": 0, ""object"": 0}, ""svclat_ms"": {""pose"": 22.62, ""object"": 36.04}}, ""b3"": {""services"": [""pose"", ""object""], ""fps"": {""pose"": 10, ""object"": 10}, ""eff_fps"": {""pose"": 10, ""object"": 10}, ""latency_ms"": {""pose"": 0, ""object"": 0}, ""svclat_ms"": {""pose"": 22.61, ""object"": 20.92}}, ""b4"": {""services"": [""pose"", ""object""], ""fps"": {""pose"": 10, ""object"": 10}, ""eff_fps"": {""pose"": 10, ""object"": 10}, ""latency_ms"": {""pose"": 0, ""object"": 0}, ""svclat_ms"": {""pose"": 22.33, ""object"": 29.8}}, ""b5"": {""services"": [""pose"", ""object""], ""fps"": {""pose"": 10, ""object"": 8}, ""eff_fps"": {""pose"": 10, ""object"": 6}, ""latency_ms"": {""pose"": 0, ""object"": 0}, ""svclat_ms"": {""pose"": 24.4, ""object"": 107.86}}, ""b6"": {""services"": [""pose"", ""object""], ""fps"": {""pose"": 10, ""object"": 7}, ""eff_fps"": {""pose"": 10, ""object"": 6}, ""latency_ms"": {""pose"": 0, ""object"": 0}, ""svclat_ms"": {""pose"": 48.23, ""object"": 99.78}}, ""b7"": {""services"": [""pose"", ""object""], ""fps"": {""pose"": 10, ""object"": 8}, ""eff_fps"": {""pose"": 10, ""object"": 7}, ""latency_ms"": {""pose"": 0, ""object"": 0}, ""svclat_ms"": {""pose"": 21.8, ""object"": 102.74}}, ""b8"": {""services"": [""pose"", ""object""], ""fps"": {""pose"": 10, ""object"": 7}, ""eff_fps"": {""pose"": 10, ""object"": 6}, ""latency_ms"": {""pose"": 0, ""object"": 0}, ""svclat_ms"": {""pose"": 46.1, ""object"": 101.98}}, ""b9"": {""services"": [""pose"", ""object""], ""fps"": {""pose"": 10, ""object"": 9}, ""eff_fps"": {""pose"": 10, ""object"": 7}, ""latency_ms"": {""pose"": 0, ""object"": 0}, ""svclat_ms"": {""pose"": 49.72, ""object"": 103.11}}, ""b10"": {""services"": [""pose"", ""object""], ""fps"": {""pose"": 10, ""object"": 9}, ""eff_fps"": {""pose"": 10, ""object"": 7}, ""latency_ms"": {""pose"": 0, ""object"": 0}, ""svclat_ms"": {""pose"": 50.24, ""object"": 102.37}}, ""b11"": {""services"": [""pose"", ""object""], ""fps"": {""pose"": 10, ""object"": 8}, ""eff_fps"": {""pose"": 10, ""object"": 6}, ""latency_ms"": {""pose"": 0, ""object"": 0}, ""svclat_ms"": {""pose"": 40.7, ""object"": 108.07}}, ""b12"": {""services"": [""pose"", ""object""], ""fps"": {""pose"": 10, ""object"": 8}, ""eff_fps"": {""pose"": 10, ""object"": 6}, ""latency_ms"": {""pose"": 0, ""object"": 0}, ""svclat_ms"": {""pose"": 35.05, ""object"": 105.49}}}"
181.7,36,23,0.639,0,0,14,7,7,1.0,611.0,590,0.966,130.0,0.3,0.0,10.0,10.0,10.0,10.0,10.0,10.0,0,0,0,28.59,17.0,28.77,590,"{""ip-172-31-0-204"": ""healthy"", ""ip-172-31-1-171"": ""healthy"", ""ip-172-31-10-12"": ""healthy"", ""ip-172-31-11-132"": ""healthy"", ""ip-172-31-13-134"": ""healthy"", ""ip-172-31-14-68"": ""healthy"", ""ip-172-31-40-239"": ""healthy""}",subscribe,10.4,0.2731,0,0,"{""ip-172-31-0-204"": {""object"": 1}, ""ip-172-31-1-171"": {""object"": 1}, ""ip-172-31-11-132"": {""pose"": 1}, ""ip-172-31-40-239"": {""gesture"": 1}, ""ip-172-31-10-12"": {""object"": 1}, ""ip-172-31-13-134"": {""pose"": 1}, ""ip-172-31-14-68"": {""pose"": 1}}","{""a1"": {""services"": [""pose"", ""gesture""], ""fps"": {""pose"": 10, ""gesture"": 10}, ""eff_fps"": {""pose"": 10, ""gesture"": 10}, ""latency_ms"": {""pose"": 0, ""gesture"": 0}, ""svclat_ms"": {""pose"": 21.69, ""gesture"": 16.78}}, ""a2"": {""services"": [""pose"", ""gesture""], ""fps"": {""pose"": 10, ""gesture"": 10}, ""eff_fps"": {""pose"": 10, ""gesture"": 10}, ""latency_ms"": {""pose"": 0, ""gesture"": 0}, ""svclat_ms"": {""pose"": 21.81, ""gesture"": 15.44}}, ""a3"": {""services"": [""pose"", ""gesture""], ""fps"": {""pose"": 10, ""gesture"": 10}, ""eff_fps"": {""pose"": 10, ""gesture"": 10}, ""latency_ms"": {""pose"": 0, ""gesture"": 0}, ""svclat_ms"": {""pose"": 21.16, ""gesture"": 17.53}}, ""a4"": {""services"": [""pose"", ""gesture""], ""fps"": {""pose"": 10, ""gesture"": 10}, ""eff_fps"": {""pose"": 10, ""gesture"": 10}, ""latency_ms"": {""pose"": 0, ""gesture"": 0}, ""svclat_ms"": {""pose"": 21.87, ""gesture"": 16.33}}, ""a5"": {""services"": [""pose"", ""gesture""], ""fps"": {""pose"": 10, ""gesture"": 10}, ""eff_fps"": {""pose"": 10, ""gesture"": 10}, ""latency_ms"": {""pose"": 0, ""gesture"": 0}, ""svclat_ms"": {""pose"": 21.31, ""gesture"": 17.14}}, ""a6"": {""services"": [""pose"", ""gesture""], ""fps"": {""pose"": 10, ""gesture"": 10}, ""eff_fps"": {""pose"": 10, ""gesture"": 10}, ""latency_ms"": {""pose"": 0, ""gesture"": 0}, ""svclat_ms"": {""pose"": 22.53, ""gesture"": 16.9}}, ""a7"": {""services"": [""pose"", ""gesture""], ""fps"": {""pose"": 10, ""gesture"": 10}, ""eff_fps"": {""pose"": 10, ""gesture"": 10}, ""latency_ms"": {""pose"": 0, ""gesture"": 0}, ""svclat_ms"": {""pose"": 20.84, ""gesture"": 17.36}}, ""a8"": {""services"": [""pose"", ""gesture""], ""fps"": {""pose"": 10, ""gesture"": 10}, ""eff_fps"": {""pose"": 10, ""gesture"": 10}, ""latency_ms"": {""pose"": 0, ""gesture"": 0}, ""svclat_ms"": {""pose"": 22.31, ""gesture"": 16.76}}, ""a9"": {""services"": [""pose"", ""gesture""], ""fps"": {""pose"": 10, ""gesture"": 10}, ""eff_fps"": {""pose"": 10, ""gesture"": 10}, ""latency_ms"": {""pose"": 0, ""gesture"": 0}, ""svclat_ms"": {""pose"": 22.97, ""gesture"": 18.35}}, ""a10"": {""services"": [""pose"", ""gesture""], ""fps"": {""pose"": 10, ""gesture"": 10}, ""eff_fps"": {""pose"": 10, ""gesture"": 10}, ""latency_ms"": {""pose"": 0, ""gesture"": 0}, ""svclat_ms"": {""pose"": 23.17, ""gesture"": 16.6}}, ""a11"": {""services"": [""pose"", ""gesture""], ""fps"": {""pose"": 10, ""gesture"": 10}, ""eff_fps"": {""pose"": 10, ""gesture"": 10}, ""latency_ms"": {""pose"": 0, ""gesture"": 0}, ""svclat_ms"": {""pose"": 23.62, ""gesture"": 17.85}}, ""a12"": {""services"": [""pose"", ""gesture""], ""fps"": {""pose"": 10, ""gesture"": 0}, ""eff_fps"": {""pose"": 10, ""gesture"": 0}, ""latency_ms"": {""pose"": 0, ""gesture"": 0}, ""svclat_ms"": {""pose"": 23.24, ""gesture"": 0.0}}, ""z1"": {""services"": [""gesture"", ""object""], ""fps"": {""gesture"": 0, ""object"": 10}, ""eff_fps"": {""gesture"": 0, ""object"": 10}, ""latency_ms"": {""gesture"": 0, ""object"": 0}, ""svclat_ms"": {""gesture"": 0.0, ""object"": 21.51}}, ""z2"": {""services"": [""gesture"", ""object""], ""fps"": {""gesture"": 0, ""object"": 10}, ""eff_fps"": {""gesture"": 0, ""object"": 10}, ""latency_ms"": {""gesture"": 0, ""object"": 0}, ""svclat_ms"": {""gesture"": 0.0, ""object"": 23.95}}, ""z3"": {""services"": [""gesture"", ""object""], ""fps"": {""gesture"": 0, ""object"": 10}, ""eff_fps"": {""gesture"": 0, ""object"": 10}, ""latency_ms"": {""gesture"": 0, ""object"": 0}, ""svclat_ms"": {""gesture"": 0.0, ""object"": 36.7}}, ""z4"": {""services"": [""gesture"", ""object""], ""fps"": {""gesture"": 0, ""object"": 10}, ""eff_fps"": {""gesture"": 0, ""object"": 10}, ""latency_ms"": {""gesture"": 0, ""object"": 0}, ""svclat_ms"": {""gesture"": 0.0, ""object"": 33.92}}, ""z5"": {""services"": [""gesture"", ""object""], ""fps"": {""gesture"": 0, ""object"": 10}, ""eff_fps"": {""gesture"": 0, ""object"": 10}, ""latency_ms"": {""gesture"": 0, ""object"": 0}, ""svclat_ms"": {""gesture"": 0.0, ""object"": 36.41}}, ""z6"": {""services"": [""gesture"", ""object""], ""fps"": {""gesture"": 0, ""object"": 10}, ""eff_fps"": {""gesture"": 0, ""object"": 10}, ""latency_ms"": {""gesture"": 0, ""object"": 0}, ""svclat_ms"": {""gesture"": 0.0, ""object"": 35.47}}, ""z7"": {""services"": [""gesture"", ""object""], ""fps"": {""gesture"": 0, ""object"": 10}, ""eff_fps"": {""gesture"": 0, ""object"": 10}, ""latency_ms"": {""gesture"": 0, ""object"": 0}, ""svclat_ms"": {""gesture"": 0.0, ""object"": 37.4}}, ""z8"": {""services"": [""gesture"", ""object""], ""fps"": {""gesture"": 0, ""object"": 10}, ""eff_fps"": {""gesture"": 0, ""object"": 10}, ""latency_ms"": {""gesture"": 0, ""object"": 0}, ""svclat_ms"": {""gesture"": 0.0, ""object"": 29.93}}, ""z9"": {""services"": [""gesture"", ""object""], ""fps"": {""gesture"": 0, ""object"": 10}, ""eff_fps"": {""gesture"": 0, ""object"": 10}, ""latency_ms"": {""gesture"": 0, ""object"": 0}, ""svclat_ms"": {""gesture"": 0.0, ""object"": 37.85}}, ""z10"": {""services"": [""gesture"", ""object""], ""fps"": {""gesture"": 0, ""object"": 10}, ""eff_fps"": {""gesture"": 0, ""object"": 10}, ""latency_ms"": {""gesture"": 0, ""object"": 0}, ""svclat_ms"": {""gesture"": 0.0, ""object"": 36.58}}, ""z11"": {""services"": [""gesture"", ""object""], ""fps"": {""gesture"": 0, ""object"": 10}, ""eff_fps"": {""gesture"": 0, ""object"": 10}, ""latency_ms"": {""gesture"": 0, ""object"": 0}, ""svclat_ms"": {""gesture"": 0.0, ""object"": 21.79}}, ""z12"": {""services"": [""gesture"", ""object""], ""fps"": {""gesture"": 0, ""object"": 10}, ""eff_fps"": {""gesture"": 0, ""object"": 10}, ""latency_ms"": {""gesture"": 0, ""object"": 0}, ""svclat_ms"": {""gesture"": 0.0, ""object"": 36.13}}, ""b1"": {""services"": [""pose"", ""object""], ""fps"": {""pose"": 10, ""object"": 10}, ""eff_fps"": {""pose"": 10, ""object"": 10}, ""latency_ms"": {""pose"": 0, ""object"": 0}, ""svclat_ms"": {""pose"": 23.61, ""object"": 24.89}}, ""b2"": {""services"": [""pose"", ""object""], ""fps"": {""pose"": 10, ""object"": 10}, ""eff_fps"": {""pose"": 10, ""object"": 10}, ""latency_ms"": {""pose"": 0, ""object"": 0}, ""svclat_ms"": {""pose"": 23.06, ""object"": 35.3}}, ""b3"": {""services"": [""pose"", ""object""], ""fps"": {""pose"": 10, ""object"": 10}, ""eff_fps"": {""pose"": 10, ""object"": 10}, ""latency_ms"": {""pose"": 0, ""object"": 0}, ""svclat_ms"": {""pose"": 23.03, ""object"": 20.65}}, ""b4"": {""services"": [""pose"", ""object""], ""fps"": {""pose"": 10, ""object"": 10}, ""eff_fps"": {""pose"": 10, ""object"": 10}, ""latency_ms"": {""pose"": 0, ""object"": 0}, ""svclat_ms"": {""pose"": 23.06, ""object"": 28.55}}, ""b5"": {""services"": [""pose"", ""object""], ""fps"": {""pose"": 10, ""object"": 10}, ""eff_fps"": {""pose"": 10, ""object"": 10}, ""latency_ms"": {""pose"": 0, ""object"": 0}, ""svclat_ms"": {""pose"": 26.69, ""object"": 26.76}}, ""b6"": {""services"": [""pose"", ""object""], ""fps"": {""pose"": 10, ""object"": 10}, ""eff_fps"": {""pose"": 10, ""object"": 10}, ""latency_ms"": {""pose"": 0, ""object"": 0}, ""svclat_ms"": {""pose"": 50.72, ""object"": 23.09}}, ""b7"": {""services"": [""pose"", ""object""], ""fps"": {""pose"": 10, ""object"": 10}, ""eff_fps"": {""pose"": 10, ""object"": 10}, ""latency_ms"": {""pose"": 0, ""object"": 0}, ""svclat_ms"": {""pose"": 23.73, ""object"": 25.45}}, ""b8"": {""services"": [""pose"", ""object""], ""fps"": {""pose"": 10, ""object"": 10}, ""eff_fps"": {""pose"": 10, ""object"": 10}, ""latency_ms"": {""pose"": 0, ""object"": 0}, ""svclat_ms"": {""pose"": 50.05, ""object"": 21.39}}, ""b9"": {""services"": [""pose"", ""object""], ""fps"": {""pose"": 10, ""object"": 10}, ""eff_fps"": {""pose"": 10, ""object"": 10}, ""latency_ms"": {""pose"": 0, ""object"": 0}, ""svclat_ms"": {""pose"": 50.57, ""object"": 23.29}}, ""b10"": {""services"": [""pose"", ""object""], ""fps"": {""pose"": 10, ""object"": 10}, ""eff_fps"": {""pose"": 10, ""object"": 10}, ""latency_ms"": {""pose"": 0, ""object"": 0}, ""svclat_ms"": {""pose"": 50.84, ""object"": 22.01}}, ""b11"": {""services"": [""pose"", ""object""], ""fps"": {""pose"": 10, ""object"": 10}, ""eff_fps"": {""pose"": 10, ""object"": 10}, ""latency_ms"": {""pose"": 0, ""object"": 0}, ""svclat_ms"": {""pose"": 39.44, ""object"": 25.44}}, ""b12"": {""services"": [""pose"", ""object""], ""fps"": {""pose"": 10, ""object"": 10}, ""eff_fps"": {""pose"": 10, ""object"": 10}, ""latency_ms"": {""pose"": 0, ""object"": 0}, ""svclat_ms"": {""pose"": 34.89, ""object"": 25.96}}}"
184.1,36,23,0.639,0,0,14,7,7,1.0,611.0,590,0.966,130.0,0.3,0.0,10.0,10.0,10.04,10.0,10.0,10.04,0,0,0,27.94,16.64,29.04,591,"{""ip-172-31-0-204"": ""healthy"", ""ip-172-31-1-171"": ""healthy"", ""ip-172-31-10-12"": ""healthy"", ""ip-172-31-11-132"": ""healthy"", ""ip-172-31-13-134"": ""healthy"", ""ip-172-31-14-68"": ""healthy"", ""ip-172-31-40-239"": ""healthy""}",subscribe,10.4,0.2731,0,0,"{""ip-172-31-0-204"": {""object"": 1}, ""ip-172-31-1-171"": {""object"": 1}, ""ip-172-31-11-132"": {""pose"": 1}, ""ip-172-31-40-239"": {""gesture"": 1}, ""ip-172-31-10-12"": {""object"": 1}, ""ip-172-31-13-134"": {""pose"": 1}, ""ip-172-31-14-68"": {""pose"": 1}}","{""a1"": {""services"": [""pose"", ""gesture""], ""fps"": {""pose"": 10, ""gesture"": 10}, ""eff_fps"": {""pose"": 10, ""gesture"": 10}, ""latency_ms"": {""pose"": 0, ""gesture"": 0}, ""svclat_ms"": {""pose"": 21.91, ""gesture"": 16.07}}, ""a2"": {""services"": [""pose"", ""gesture""], ""fps"": {""pose"": 10, ""gesture"": 10}, ""eff_fps"": {""pose"": 10, ""gesture"": 10}, ""latency_ms"": {""pose"": 0, ""gesture"": 0}, ""svclat_ms"": {""pose"": 21.71, ""gesture"": 15.31}}, ""a3"": {""services"": [""pose"", ""gesture""], ""fps"": {""pose"": 10, ""gesture"": 10}, ""eff_fps"": {""pose"": 10, ""gesture"": 10}, ""latency_ms"": {""pose"": 0, ""gesture"": 0}, ""svclat_ms"": {""pose"": 20.75, ""gesture"": 17.11}}, ""a4"": {""services"": [""pose"", ""gesture""], ""fps"": {""pose"": 10, ""gesture"": 10}, ""eff_fps"": {""pose"": 10, ""gesture"": 10}, ""latency_ms"": {""pose"": 0, ""gesture"": 0}, ""svclat_ms"": {""pose"": 21.51, ""gesture"": 15.82}}, ""a5"": {""services"": [""pose"", ""gesture""], ""fps"": {""pose"": 10, ""gesture"": 10}, ""eff_fps"": {""pose"": 10, ""gesture"": 10}, ""latency_ms"": {""pose"": 0, ""gesture"": 0}, ""svclat_ms"": {""pose"": 21.03, ""gesture"": 17.14}}, ""a6"": {""services"": [""pose"", ""gesture""], ""fps"": {""pose"": 10, ""gesture"": 10}, ""eff_fps"": {""pose"": 10, ""gesture"": 10}, ""latency_ms"": {""pose"": 0, ""gesture"": 0}, ""svclat_ms"": {""pose"": 22.41, ""gesture"": 16.7}}, ""a7"": {""services"": [""pose"", ""gesture""], ""fps"": {""pose"": 10, ""gesture"": 10}, ""eff_fps"": {""pose"": 10, ""gesture"": 10}, ""latency_ms"": {""pose"": 0, ""gesture"": 0}, ""svclat_ms"": {""pose"": 21.11, ""gesture"": 17.05}}, ""a8"": {""services"": [""pose"", ""gesture""], ""fps"": {""pose"": 10, ""gesture"": 10}, ""eff_fps"": {""pose"": 10, ""gesture"": 10}, ""latency_ms"": {""pose"": 0, ""gesture"": 0}, ""svclat_ms"": {""pose"": 22.43, ""gesture"": 16.29}}, ""a9"": {""services"": [""pose"", ""gesture""], ""fps"": {""pose"": 10, ""gesture"": 10}, ""eff_fps"": {""pose"": 10, ""gesture"": 10}, ""latency_ms"": {""pose"": 0, ""gesture"": 0}, ""svclat_ms"": {""pose"": 21.84, ""gesture"": 17.17}}, ""a10"": {""services"": [""pose"", ""gesture""], ""fps"": {""pose"": 10, ""gesture"": 10}, ""eff_fps"": {""pose"": 10, ""gesture"": 10}, ""latency_ms"": {""pose"": 0, ""gesture"": 0}, ""svclat_ms"": {""pose"": 22.29, ""gesture"": 16.25}}, ""a11"": {""services"": [""pose"", ""gesture""], ""fps"": {""pose"": 10, ""gesture"": 10}, ""eff_fps"": {""pose"": 10, ""gesture"": 10}, ""latency_ms"": {""pose"": 0, ""gesture"": 0}, ""svclat_ms"": {""pose"": 22.88, ""gesture"": 18.1}}, ""a12"": {""services"": [""pose"", ""gesture""], ""fps"": {""pose"": 10, ""gesture"": 0}, ""eff_fps"": {""pose"": 10, ""gesture"": 0}, ""latency_ms"": {""pose"": 0, ""gesture"": 0}, ""svclat_ms"": {""pose"": 22.5, ""gesture"": 0.0}}, ""z1"": {""services"": [""gesture"", ""object""], ""fps"": {""gesture"": 0, ""object"": 10}, ""eff_fps"": {""gesture"": 0, ""object"": 10}, ""latency_ms"": {""gesture"": 0, ""object"": 0}, ""svclat_ms"": {""gesture"": 0.0, ""object"": 21.18}}, ""z2"": {""services"": [""gesture"", ""object""], ""fps"": {""gesture"": 0, ""object"": 10}, ""eff_fps"": {""gesture"": 0, ""object"": 10}, ""latency_ms"": {""gesture"": 0, ""object"": 0}, ""svclat_ms"": {""gesture"": 0.0, ""object"": 23.38}}, ""z3"": {""services"": [""gesture"", ""object""], ""fps"": {""gesture"": 0, ""object"": 10}, ""eff_fps"": {""gesture"": 0, ""object"": 10}, ""latency_ms"": {""gesture"": 0, ""object"": 0}, ""svclat_ms"": {""gesture"": 0.0, ""object"": 35.87}}, ""z4"": {""services"": [""gesture"", ""object""], ""fps"": {""gesture"": 0, ""object"": 10}, ""eff_fps"": {""gesture"": 0, ""object"": 10}, ""latency_ms"": {""gesture"": 0, ""object"": 0}, ""svclat_ms"": {""gesture"": 0.0, ""object"": 35.52}}, ""z5"": {""services"": [""gesture"", ""object""], ""fps"": {""gesture"": 0, ""object"": 10}, ""eff_fps"": {""gesture"": 0, ""object"": 10}, ""latency_ms"": {""gesture"": 0, ""object"": 0}, ""svclat_ms"": {""gesture"": 0.0, ""object"": 35.45}}, ""z6"": {""services"": [""gesture"", ""object""], ""fps"": {""gesture"": 0, ""object"": 10}, ""eff_fps"": {""gesture"": 0, ""object"": 10}, ""latency_ms"": {""gesture"": 0, ""object"": 0}, ""svclat_ms"": {""gesture"": 0.0, ""object"": 34.67}}, ""z7"": {""services"": [""gesture"", ""object""], ""fps"": {""gesture"": 0, ""object"": 10}, ""eff_fps"": {""gesture"": 0, ""object"": 10}, ""latency_ms"": {""gesture"": 0, ""object"": 0}, ""svclat_ms"": {""gesture"": 0.0, ""object"": 37.04}}, ""z8"": {""services"": [""gesture"", ""object""], ""fps"": {""gesture"": 0, ""object"": 10}, ""eff_fps"": {""gesture"": 0, ""object"": 10}, ""latency_ms"": {""gesture"": 0, ""object"": 0}, ""svclat_ms"": {""gesture"": 0.0, ""object"": 25.7}}, ""z9"": {""services"": [""gesture"", ""object""], ""fps"": {""gesture"": 0, ""object"": 11}, ""eff_fps"": {""gesture"": 0, ""object"": 11}, ""latency_ms"": {""gesture"": 0, ""object"": 0}, ""svclat_ms"": {""gesture"": 0.0, ""object"": 37.56}}, ""z10"": {""services"": [""gesture"", ""object""], ""fps"": {""gesture"": 0, ""object"": 10}, ""eff_fps"": {""gesture"": 0, ""object"": 10}, ""latency_ms"": {""gesture"": 0, ""object"": 0}, ""svclat_ms"": {""gesture"": 0.0, ""object"": 37.06}}, ""z11"": {""services"": [""gesture"", ""object""], ""fps"": {""gesture"": 0, ""object"": 10}, ""eff_fps"": {""gesture"": 0, ""object"": 10}, ""latency_ms"": {""gesture"": 0, ""object"": 0}, ""svclat_ms"": {""gesture"": 0.0, ""object"": 22.38}}, ""z12"": {""services"": [""gesture"", ""object""], ""fps"": {""gesture"": 0, ""object"": 10}, ""eff_fps"": {""gesture"": 0, ""object"": 10}, ""latency_ms"": {""gesture"": 0, ""object"": 0}, ""svclat_ms"": {""gesture"": 0.0, ""object"": 36.69}}, ""b1"": {""services"": [""pose"", ""object""], ""fps"": {""pose"": 10, ""object"": 10}, ""eff_fps"": {""pose"": 10, ""object"": 10}, ""latency_ms"": {""pose"": 0, ""object"": 0}, ""svclat_ms"": {""pose"": 21.99, ""object"": 26.18}}, ""b2"": {""services"": [""pose"", ""object""], ""fps"": {""pose"": 10, ""object"": 10}, ""eff_fps"": {""pose"": 10, ""object"": 10}, ""latency_ms"": {""pose"": 0, ""object"": 0}, ""svclat_ms"": {""pose"": 23.18, ""object"": 36.07}}, ""b3"": {""services"": [""pose"", ""object""], ""fps"": {""pose"": 10, ""object"": 10}, ""eff_fps"": {""pose"": 10, ""object"": 10}, ""latency_ms"": {""pose"": 0, ""object"": 0}, ""svclat_ms"": {""pose"": 22.27, ""object"": 20.98}}, ""b4"": {""services"": [""pose"", ""object""], ""fps"": {""pose"": 10, ""object"": 10}, ""eff_fps"": {""pose"": 10, ""object"": 10}, ""latency_ms"": {""pose"": 0, ""object"": 0}, ""svclat_ms"": {""pose"": 22.14, ""object"": 29.22}}, ""b5"": {""services"": [""pose"", ""object""], ""fps"": {""pose"": 10, ""object"": 10}, ""eff_fps"": {""pose"": 10, ""object"": 10}, ""latency_ms"": {""pose"": 0, ""object"": 0}, ""svclat_ms"": {""pose"": 26.15, ""object"": 27.9}}, ""b6"": {""services"": [""pose"", ""object""], ""fps"": {""pose"": 10, ""object"": 10}, ""eff_fps"": {""pose"": 10, ""object"": 10}, ""latency_ms"": {""pose"": 0, ""object"": 0}, ""svclat_ms"": {""pose"": 49.04, ""object"": 24.78}}, ""b7"": {""services"": [""pose"", ""object""], ""fps"": {""pose"": 10, ""object"": 10}, ""eff_fps"": {""pose"": 10, ""object"": 10}, ""latency_ms"": {""pose"": 0, ""object"": 0}, ""svclat_ms"": {""pose"": 22.73, ""object"": 26.41}}, ""b8"": {""services"": [""pose"", ""object""], ""fps"": {""pose"": 10, ""object"": 10}, ""eff_fps"": {""pose"": 10, ""object"": 10}, ""latency_ms"": {""pose"": 0, ""object"": 0}, ""svclat_ms"": {""pose"": 47.24, ""object"": 21.95}}, ""b9"": {""services"": [""pose"", ""object""], ""fps"": {""pose"": 10, ""object"": 10}, ""eff_fps"": {""pose"": 10, ""object"": 10}, ""latency_ms"": {""pose"": 0, ""object"": 0}, ""svclat_ms"": {""pose"": 49.69, ""object"": 24.34}}, ""b10"": {""services"": [""pose"", ""object""], ""fps"": {""pose"": 10, ""object"": 10}, ""eff_fps"": {""pose"": 10, ""object"": 10}, ""latency_ms"": {""pose"": 0, ""object"": 0}, ""svclat_ms"": {""pose"": 50.08, ""object"": 22.67}}, ""b11"": {""services"": [""pose"", ""object""], ""fps"": {""pose"": 10, ""object"": 10}, ""eff_fps"": {""pose"": 10, ""object"": 10}, ""latency_ms"": {""pose"": 0, ""object"": 0}, ""svclat_ms"": {""pose"": 39.5, ""object"": 26.82}}, ""b12"": {""services"": [""pose"", ""object""], ""fps"": {""pose"": 10, ""object"": 10}, ""eff_fps"": {""pose"": 10, ""object"": 10}, ""latency_ms"": {""pose"": 0, ""object"": 0}, ""svclat_ms"": {""pose"": 34.21, ""object"": 27.08}}}"
186.5,36,23,0.639,0,0,14,7,7,1.0,611.0,590,0.966,130.0,0.3,0.0,10.0,10.0,10.0,10.0,10.0,10.0,0,0,0,29.04,17.08,29.46,590,"{""ip-172-31-0-204"": ""healthy"", ""ip-172-31-1-171"": ""healthy"", ""ip-172-31-10-12"": ""healthy"", ""ip-172-31-11-132"": ""healthy"", ""ip-172-31-13-134"": ""healthy"", ""ip-172-31-14-68"": ""healthy"", ""ip-172-31-40-239"": ""healthy""}",subscribe,10.4,0.2731,0,0,"{""ip-172-31-0-204"": {""object"": 1}, ""ip-172-31-1-171"": {""object"": 1}, ""ip-172-31-11-132"": {""pose"": 1}, ""ip-172-31-40-239"": {""gesture"": 1}, ""ip-172-31-10-12"": {""object"": 1}, ""ip-172-31-13-134"": {""pose"": 1}, ""ip-172-31-14-68"": {""pose"": 1}}","{""a1"": {""services"": [""pose"", ""gesture""], ""fps"": {""pose"": 10, ""gesture"": 10}, ""eff_fps"": {""pose"": 10, ""gesture"": 10}, ""latency_ms"": {""pose"": 0, ""gesture"": 0}, ""svclat_ms"": {""pose"": 21.48, ""gesture"": 17.17}}, ""a2"": {""services"": [""pose"", ""gesture""], ""fps"": {""pose"": 10, ""gesture"": 10}, ""eff_fps"": {""pose"": 10, ""gesture"": 10}, ""latency_ms"": {""pose"": 0, ""gesture"": 0}, ""svclat_ms"": {""pose"": 21.41, ""gesture"": 15.22}}, ""a3"": {""services"": [""pose"", ""gesture""], ""fps"": {""pose"": 10, ""gesture"": 10}, ""eff_fps"": {""pose"": 10, ""gesture"": 10}, ""latency_ms"": {""pose"": 0, ""gesture"": 0}, ""svclat_ms"": {""pose"": 21.06, ""gesture"": 17.17}}, ""a4"": {""services"": [""pose"", ""gesture""], ""fps"": {""pose"": 10, ""gesture"": 10}, ""eff_fps"": {""pose"": 10, ""gesture"": 10}, ""latency_ms"": {""pose"": 0, ""gesture"": 0}, ""svclat_ms"": {""pose"": 21.74, ""gesture"": 16.49}}, ""a5"": {""services"": [""pose"", ""gesture""], ""fps"": {""pose"": 10, ""gesture"": 10}, ""eff_fps"": {""pose"": 10, ""gesture"": 10}, ""latency_ms"": {""pose"": 0, ""gesture"": 0}, ""svclat_ms"": {""pose"": 21.57, ""gesture"": 17.3}}, ""a6"": {""services"": [""pose"", ""gesture""], ""fps"": {""pose"": 10, ""gesture"": 10}, ""eff_fps"": {""pose"": 10, ""gesture"": 10}, ""latency_ms"": {""pose"": 0, ""gesture"": 0}, ""svclat_ms"": {""pose"": 21.94, ""gesture"": 17.04}}, ""a7"": {""services"": [""pose"", ""gesture""], ""fps"": {""pose"": 10, ""gesture"": 10}, ""eff_fps"": {""pose"": 10, ""gesture"": 10}, ""latency_ms"": {""pose"": 0, ""gesture"": 0}, ""svclat_ms"": {""pose"": 20.76, ""gesture"": 17.61}}, ""a8"": {""services"": [""pose"", ""gesture""], ""fps"": {""pose"": 10, ""gesture"": 10}, ""eff_fps"": {""pose"": 10, ""gesture"": 10}, ""latency_ms"": {""pose"": 0, ""gesture"": 0}, ""svclat_ms"": {""pose"": 22.05, ""gesture"": 16.97}}, ""a9"": {""services"": [""pose"", ""gesture""], ""fps"": {""pose"": 10, ""gesture"": 10}, ""eff_fps"": {""pose"": 10, ""gesture"": 10}, ""latency_ms"": {""pose"": 0, ""gesture"": 0}, ""svclat_ms"": {""pose"": 23.94, ""gesture"": 18.36}}, ""a10"": {""services"": [""pose"", ""gesture""], ""fps"": {""pose"": 10, ""gesture"": 10}, ""eff_fps"": {""pose"": 10, ""gesture"": 10}, ""latency_ms"": {""pose"": 0, ""gesture"": 0}, ""svclat_ms"": {""pose"": 24.15, ""gesture"": 16.61}}, ""a11"": {""services"": [""pose"", ""gesture""], ""fps"": {""pose"": 10, ""gesture"": 10}, ""eff_fps"": {""pose"": 10, ""gesture"": 10}, ""latency_ms"": {""pose"": 0, ""gesture"": 0}, ""svclat_ms"": {""pose"": 25.29, ""gesture"": 17.9}}, ""a12"": {""services"": [""pose"", ""gesture""], ""fps"": {""pose"": 10, ""gesture"": 0}, ""eff_fps"": {""pose"": 10, ""gesture"": 0}, ""latency_ms"": {""pose"": 0, ""gesture"": 0}, ""svclat_ms"": {""pose"": 24.97, ""gesture"": 0.0}}, ""z1"": {""services"": [""gesture"", ""object""], ""fps"": {""gesture"": 0, ""object"": 10}, ""eff_fps"": {""gesture"": 0, ""object"": 10}, ""latency_ms"": {""gesture"": 0, ""object"": 0}, ""svclat_ms"": {""gesture"": 0.0, ""object"": 21.58}}, ""z2"": {""services"": [""gesture"", ""object""], ""fps"": {""gesture"": 0, ""object"": 10}, ""eff_fps"": {""gesture"": 0, ""object"": 10}, ""latency_ms"": {""gesture"": 0, ""object"": 0}, ""svclat_ms"": {""gesture"": 0.0, ""object"": 24.56}}, ""z3"": {""services"": [""gesture"", ""object""], ""fps"": {""gesture"": 0, ""object"": 10}, ""eff_fps"": {""gesture"": 0, ""object"": 10}, ""latency_ms"": {""gesture"": 0, ""object"": 0}, ""svclat_ms"": {""gesture"": 0.0, ""object"": 37.67}}, ""z4"": {""services"": [""gesture"", ""object""], ""fps"": {""gesture"": 0, ""object"": 10}, ""eff_fps"": {""gesture"": 0, ""object"": 10}, ""latency_ms"": {""gesture"": 0, ""object"": 0}, ""svclat_ms"": {""gesture"": 0.0, ""object"": 33.42}}, ""z5"": {""services"": [""gesture"", ""object""], ""fps"": {""gesture"": 0, ""object"": 10}, ""eff_fps"": {""gesture"": 0, ""object"": 10}, ""latency_ms"": {""gesture"": 0, ""object"": 0}, ""svclat_ms"": {""gesture"": 0.0, ""object"": 36.95}}, ""z6"": {""services"": [""gesture"", ""object""], ""fps"": {""gesture"": 0, ""object"": 10}, ""eff_fps"": {""gesture"": 0, ""object"": 10}, ""latency_ms"": {""gesture"": 0, ""object"": 0}, ""svclat_ms"": {""gesture"": 0.0, ""object"": 35.77}}, ""z7"": {""services"": [""gesture"", ""object""], ""fps"": {""gesture"": 0, ""object"": 10}, ""eff_fps"": {""gesture"": 0, ""object"": 10}, ""latency_ms"": {""gesture"": 0, ""object"": 0}, ""svclat_ms"": {""gesture"": 0.0, ""object"": 37.42}}, ""z8"": {""services"": [""gesture"", ""object""], ""fps"": {""gesture"": 0, ""object"": 10}, ""eff_fps"": {""gesture"": 0, ""object"": 10}, ""latency_ms"": {""gesture"": 0, ""object"": 0}, ""svclat_ms"": {""gesture"": 0.0, ""object"": 28.9}}, ""z9"": {""services"": [""gesture"", ""object""], ""fps"": {""gesture"": 0, ""object"": 10}, ""eff_fps"": {""gesture"": 0, ""object"": 10}, ""latency_ms"": {""gesture"": 0, ""object"": 0}, ""svclat_ms"": {""gesture"": 0.0, ""object"": 38.63}}, ""z10"": {""services"": [""gesture"", ""object""], ""fps"": {""gesture"": 0, ""object"": 10}, ""eff_fps"": {""gesture"": 0, ""object"": 10}, ""latency_ms"": {""gesture"": 0, ""object"": 0}, ""svclat_ms"": {""gesture"": 0.0, ""object"": 37.1}}, ""z11"": {""services"": [""gesture"", ""object""], ""fps"": {""gesture"": 0, ""object"": 10}, ""eff_fps"": {""gesture"": 0, ""object"": 10}, ""latency_ms"": {""gesture"": 0, ""object"": 0}, ""svclat_ms"": {""gesture"": 0.0, ""object"": 22.14}}, ""z12"": {""services"": [""gesture"", ""object""], ""fps"": {""gesture"": 0, ""object"": 10}, ""eff_fps"": {""gesture"": 0, ""object"": 10}, ""latency_ms"": {""gesture"": 0, ""object"": 0}, ""svclat_ms"": {""gesture"": 0.0, ""object"": 36.58}}, ""b1"": {""services"": [""pose"", ""object""], ""fps"": {""pose"": 10, ""object"": 10}, ""eff_fps"": {""pose"": 10, ""object"": 10}, ""latency_ms"": {""pose"": 0, ""object"": 0}, ""svclat_ms"": {""pose"": 24.86, ""object"": 25.92}}, ""b2"": {""services"": [""pose"", ""object""], ""fps"": {""pose"": 10, ""object"": 10}, ""eff_fps"": {""pose"": 10, ""object"": 10}, ""latency_ms"": {""pose"": 0, ""object"": 0}, ""svclat_ms"": {""pose"": 24.95, ""object"": 35.58}}, ""b3"": {""services"": [""pose"", ""object""], ""fps"": {""pose"": 10, ""object"": 10}, ""eff_fps"": {""pose"": 10, ""object"": 10}, ""latency_ms"": {""pose"": 0, ""object"": 0}, ""svclat_ms"": {""pose"": 24.11, ""object"": 21.44}}, ""b4"": {""services"": [""pose"", ""object""], ""fps"": {""pose"": 10, ""object"": 10}, ""eff_fps"": {""pose"": 10, ""object"": 10}, ""latency_ms"": {""pose"": 0, ""object"": 0}, ""svclat_ms"": {""pose"": 24.77, ""object"": 28.83}}, ""b5"": {""services"": [""pose"", ""object""], ""fps"": {""pose"": 10, ""object"": 10}, ""eff_fps"": {""pose"": 10, ""object"": 10}, ""latency_ms"": {""pose"": 0, ""object"": 0}, ""svclat_ms"": {""pose"": 25.67, ""object"": 28.65}}, ""b6"": {""services"": [""pose"", ""object""], ""fps"": {""pose"": 10, ""object"": 10}, ""eff_fps"": {""pose"": 10, ""object"": 10}, ""latency_ms"": {""pose"": 0, ""object"": 0}, ""svclat_ms"": {""pose"": 50.19, ""object"": 25.45}}, ""b7"": {""services"": [""pose"", ""object""], ""fps"": {""pose"": 10, ""object"": 10}, ""eff_fps"": {""pose"": 10, ""object"": 10}, ""latency_ms"": {""pose"": 0, ""object"": 0}, ""svclat_ms"": {""pose"": 22.92, ""object"": 26.94}}, ""b8"": {""services"": [""pose"", ""object""], ""fps"": {""pose"": 10, ""object"": 10}, ""eff_fps"": {""pose"": 10, ""object"": 10}, ""latency_ms"": {""pose"": 0, ""object"": 0}, ""svclat_ms"": {""pose"": 45.02, ""object"": 22.55}}, ""b9"": {""services"": [""pose"", ""object""], ""fps"": {""pose"": 10, ""object"": 10}, ""eff_fps"": {""pose"": 10, ""object"": 10}, ""latency_ms"": {""pose"": 0, ""object"": 0}, ""svclat_ms"": {""pose"": 50.57, ""object"": 23.7}}, ""b10"": {""services"": [""pose"", ""object""], ""fps"": {""pose"": 10, ""object"": 10}, ""eff_fps"": {""pose"": 10, ""object"": 10}, ""latency_ms"": {""pose"": 0, ""object"": 0}, ""svclat_ms"": {""pose"": 51.17, ""object"": 22.42}}, ""b11"": {""services"": [""pose"", ""object""], ""fps"": {""pose"": 10, ""object"": 10}, ""eff_fps"": {""pose"": 10, ""object"": 10}, ""latency_ms"": {""pose"": 0, ""object"": 0}, ""svclat_ms"": {""pose"": 46.14, ""object"": 27.46}}, ""b12"": {""services"": [""pose"", ""object""], ""fps"": {""pose"": 10, ""object"": 10}, ""eff_fps"": {""pose"": 10, ""object"": 10}, ""latency_ms"": {""pose"": 0, ""object"": 0}, ""svclat_ms"": {""pose"": 36.21, ""object"": 27.39}}}"
188.8,36,23,0.639,0,0,14,7,7,1.0,611.0,590,0.966,130.0,0.3,0.0,10.0,10.0,10.0,10.0,10.0,10.0,0,0,0,28.07,16.84,29.24,590,"{""ip-172-31-0-204"": ""healthy"", ""ip-172-31-1-171"": ""healthy"", ""ip-172-31-10-12"": ""healthy"", ""ip-172-31-11-132"": ""healthy"", ""ip-172-31-13-134"": ""healthy"", ""ip-172-31-14-68"": ""healthy"", ""ip-172-31-40-239"": ""healthy""}",subscribe,10.4,0.2731,0,0,"{""ip-172-31-0-204"": {""object"": 1}, ""ip-172-31-1-171"": {""object"": 1}, ""ip-172-31-11-132"": {""pose"": 1}, ""ip-172-31-40-239"": {""gesture"": 1}, ""ip-172-31-10-12"": {""object"": 1}, ""ip-172-31-13-134"": {""pose"": 1}, ""ip-172-31-14-68"": {""pose"": 1}}","{""a1"": {""services"": [""pose"", ""gesture""], ""fps"": {""pose"": 10, ""gesture"": 10}, ""eff_fps"": {""pose"": 10, ""gesture"": 10}, ""latency_ms"": {""pose"": 0, ""gesture"": 0}, ""svclat_ms"": {""pose"": 21.71, ""gesture"": 16.97}}, ""a2"": {""services"": [""pose"", ""gesture""], ""fps"": {""pose"": 10, ""gesture"": 10}, ""eff_fps"": {""pose"": 10, ""gesture"": 10}, ""latency_ms"": {""pose"": 0, ""gesture"": 0}, ""svclat_ms"": {""pose"": 21.52, ""gesture"": 15.19}}, ""a3"": {""services"": [""pose"", ""gesture""], ""fps"": {""pose"": 10, ""gesture"": 10}, ""eff_fps"": {""pose"": 10, ""gesture"": 10}, ""latency_ms"": {""pose"": 0, ""gesture"": 0}, ""svclat_ms"": {""pose"": 21.27, ""gesture"": 17.09}}, ""a4"": {""services"": [""pose"", ""gesture""], ""fps"": {""pose"": 10, ""gesture"": 10}, ""eff_fps"": {""pose"": 10, ""gesture"": 10}, ""latency_ms"": {""pose"": 0, ""gesture"": 0}, ""svclat_ms"": {""pose"": 22.0, ""gesture"": 16.0}}, ""a5"": {""services"": [""pose"", ""gesture""], ""fps"": {""pose"": 10, ""gesture"": 10}, ""eff_fps"": {""pose"": 10, ""gesture"": 10}, ""latency_ms"": {""pose"": 0, ""gesture"": 0}, ""svclat_ms"": {""pose"": 21.62, ""gesture"": 16.89}}, ""a6"": {""services"": [""pose"", ""gesture""], ""fps"": {""pose"": 10, ""gesture"": 10}, ""eff_fps"": {""pose"": 10, ""gesture"": 10}, ""latency_ms"": {""pose"": 0, ""gesture"": 0}, ""svclat_ms"": {""pose"": 23.01, ""gesture"": 16.5}}, ""a7"": {""services"": [""pose"", ""gesture""], ""fps"": {""pose"": 10, ""gesture"": 10}, ""eff_fps"": {""pose"": 10, ""gesture"": 10}, ""latency_ms"": {""pose"": 0, ""gesture"": 0}, ""svclat_ms"": {""pose"": 21.63, ""gesture"": 17.61}}, ""a8"": {""services"": [""pose"", ""gesture""], ""fps"": {""pose"": 10, ""gesture"": 10}, ""eff_fps"": {""pose"": 10, ""gesture"": 10}, ""latency_ms"": {""pose"": 0, ""gesture"": 0}, ""svclat_ms"": {""pose"": 22.75, ""gesture"": 16.56}}, ""a9"": {""services"": [""pose"", ""gesture""], ""fps"": {""pose"": 10, ""gesture"": 10}, ""eff_fps"": {""pose"": 10, ""gesture"": 10}, ""latency_ms"": {""pose"": 0, ""gesture"": 0}, ""svclat_ms"": {""pose"": 22.94, ""gesture"": 17.82}}, ""a10"": {""services"": [""pose"", ""gesture""], ""fps"": {""pose"": 10, ""gesture"": 10}, ""eff_fps"": {""pose"": 10, ""gesture"": 10}, ""latency_ms"": {""pose"": 0, ""gesture"": 0}, ""svclat_ms"": {""pose"": 22.36, ""gesture"": 16.57}}, ""a11"": {""services"": [""pose"", ""gesture""], ""fps"": {""pose"": 10, ""gesture"": 10}, ""eff_fps"": {""pose"": 10, ""gesture"": 10}, ""latency_ms"": {""pose"": 0, ""gesture"": 0}, ""svclat_ms"": {""pose"": 22.12, ""gesture"": 18.02}}, ""a12"": {""services"": [""pose"", ""gesture""], ""fps"": {""pose"": 10, ""gesture"": 0}, ""eff_fps"": {""pose"": 10, ""gesture"": 0}, ""latency_ms"": {""pose"": 0, ""gesture"": 0}, ""svclat_ms"": {""pose"": 22.34, ""gesture"": 0.0}}, ""z1"": {""services"": [""gesture"", ""object""], ""fps"": {""gesture"": 0, ""object"": 10}, ""eff_fps"": {""gesture"": 0, ""object"": 10}, ""latency_ms"": {""gesture"": 0, ""object"": 0}, ""svclat_ms"": {""gesture"": 0.0, ""object"": 21.4}}, ""z2"": {""services"": [""gesture"", ""object""], ""fps"": {""gesture"": 0, ""object"": 10}, ""eff_fps"": {""gesture"": 0, ""object"": 10}, ""latency_ms"": {""gesture"": 0, ""object"": 0}, ""svclat_ms"": {""gesture"": 0.0, ""object"": 23.82}}, ""z3"": {""services"": [""gesture"", ""object""], ""fps"": {""gesture"": 0, ""object"": 10}, ""eff_fps"": {""gesture"": 0, ""object"": 10}, ""latency_ms"": {""gesture"": 0, ""object"": 0}, ""svclat_ms"": {""gesture"": 0.0, ""object"": 36.23}}, ""z4"": {""services"": [""gesture"", ""object""], ""fps"": {""gesture"": 0, ""object"": 10}, ""eff_fps"": {""gesture"": 0, ""object"": 10}, ""latency_ms"": {""gesture"": 0, ""object"": 0}, ""svclat_ms"": {""gesture"": 0.0, ""object"": 35.55}}, ""z5"": {""services"": [""gesture"", ""object""], ""fps"": {""gesture"": 0, ""object"": 10}, ""eff_fps"": {""gesture"": 0, ""object"": 10}, ""latency_ms"": {""gesture"": 0, ""object"": 0}, ""svclat_ms"": {""gesture"": 0.0, ""object"": 36.17}}, ""z6"": {""services"": [""gesture"", ""object""], ""fps"": {""gesture"": 0, ""object"": 10}, ""eff_fps"": {""gesture"": 0, ""object"": 10}, ""latency_ms"": {""gesture"": 0, ""object"": 0}, ""svclat_ms"": {""gesture"": 0.0, ""object"": 35.34}}, ""z7"": {""services"": [""gesture"", ""object""], ""fps"": {""gesture"": 0, ""object"": 10}, ""eff_fps"": {""gesture"": 0, ""object"": 10}, ""latency_ms"": {""gesture"": 0, ""object"": 0}, ""svclat_ms"": {""gesture"": 0.0, ""object"": 36.97}}, ""z8"": {""services"": [""gesture"", ""object""], ""fps"": {""gesture"": 0, ""object"": 10}, ""eff_fps"": {""gesture"": 0, ""object"": 10}, ""latency_ms"": {""gesture"": 0, ""object"": 0}, ""svclat_ms"": {""gesture"": 0.0, ""object"": 28.16}}, ""z9"": {""services"": [""gesture"", ""object""], ""fps"": {""gesture"": 0, ""object"": 10}, ""eff_fps"": {""gesture"": 0, ""object"": 10}, ""latency_ms"": {""gesture"": 0, ""object"": 0}, ""svclat_ms"": {""gesture"": 0.0, ""object"": 37.6}}, ""z10"": {""services"": [""gesture"", ""object""], ""fps"": {""gesture"": 0, ""object"": 10}, ""eff_fps"": {""gesture"": 0, ""object"": 10}, ""latency_ms"": {""gesture"": 0, ""object"": 0}, ""svclat_ms"": {""gesture"": 0.0, ""object"": 36.89}}, ""z11"": {""services"": [""gesture"", ""object""], ""fps"": {""gesture"": 0, ""object"": 10}, ""eff_fps"": {""gesture"": 0, ""object"": 10}, ""latency_ms"": {""gesture"": 0, ""object"": 0}, ""svclat_ms"": {""gesture"": 0.0, ""object"": 21.9}}, ""z12"": {""services"": [""gesture"", ""object""], ""fps"": {""gesture"": 0, ""object"": 10}, ""eff_fps"": {""gesture"": 0, ""object"": 10}, ""latency_ms"": {""gesture"": 0, ""object"": 0}, ""svclat_ms"": {""gesture"": 0.0, ""object"": 36.29}}, ""b1"": {""services"": [""pose"", ""object""], ""fps"": {""pose"": 10, ""object"": 10}, ""eff_fps"": {""pose"": 10, ""object"": 10}, ""latency_ms"": {""pose"": 0, ""object"": 0}, ""svclat_ms"": {""pose"": 22.27, ""object"": 25.54}}, ""b2"": {""services"": [""pose"", ""object""], ""fps"": {""pose"": 10, ""object"": 10}, ""eff_fps"": {""pose"": 10, ""object"": 10}, ""latency_ms"": {""pose"": 0, ""object"": 0}, ""svclat_ms"": {""pose"": 22.43, ""object"": 35.65}}, ""b3"": {""services"": [""pose"", ""object""], ""fps"": {""pose"": 10, ""object"": 10}, ""eff_fps"": {""pose"": 10, ""object"": 10}, ""latency_ms"": {""pose"": 0, ""object"": 0}, ""svclat_ms"": {""pose"": 22.85, ""object"": 21.13}}, ""b4"": {""services"": [""pose"", ""object""], ""fps"": {""pose"": 10, ""object"": 10}, ""eff_fps"": {""pose"": 10, ""object"": 10}, ""latency_ms"": {""pose"": 0, ""object"": 0}, ""svclat_ms"": {""pose"": 22.34, ""object"": 29.39}}, ""b5"": {""services"": [""pose"", ""object""], ""fps"": {""pose"": 10, ""object"": 10}, ""eff_fps"": {""pose"": 10, ""object"": 10}, ""latency_ms"": {""pose"": 0, ""object"": 0}, ""svclat_ms"": {""pose"": 25.89, ""object"": 28.73}}, ""b6"": {""services"": [""pose"", ""object""], ""fps"": {""pose"": 10, ""object"": 10}, ""eff_fps"": {""pose"": 10, ""object"": 10}, ""latency_ms"": {""pose"": 0, ""object"": 0}, ""svclat_ms"": {""pose"": 49.54, ""object"": 24.68}}, ""b7"": {""services"": [""pose"", ""object""], ""fps"": {""pose"": 10, ""object"": 10}, ""eff_fps"": {""pose"": 10, ""object"": 10}, ""latency_ms"": {""pose"": 0, ""object"": 0}, ""svclat_ms"": {""pose"": 22.65, ""object"": 26.47}}, ""b8"": {""services"": [""pose"", ""object""], ""fps"": {""pose"": 10, ""object"": 10}, ""eff_fps"": {""pose"": 10, ""object"": 10}, ""latency_ms"": {""pose"": 0, ""object"": 0}, ""svclat_ms"": {""pose"": 49.44, ""object"": 21.85}}, ""b9"": {""services"": [""pose"", ""object""], ""fps"": {""pose"": 10, ""object"": 10}, ""eff_fps"": {""pose"": 10, ""object"": 10}, ""latency_ms"": {""pose"": 0, ""object"": 0}, ""svclat_ms"": {""pose"": 49.01, ""object"": 24.26}}, ""b10"": {""services"": [""pose"", ""object""], ""fps"": {""pose"": 10, ""object"": 10}, ""eff_fps"": {""pose"": 10, ""object"": 10}, ""latency_ms"": {""pose"": 0, ""object"": 0}, ""svclat_ms"": {""pose"": 49.34, ""object"": 22.49}}, ""b11"": {""services"": [""pose"", ""object""], ""fps"": {""pose"": 10, ""object"": 10}, ""eff_fps"": {""pose"": 10, ""object"": 10}, ""latency_ms"": {""pose"": 0, ""object"": 0}, ""svclat_ms"": {""pose"": 39.06, ""object"": 27.73}}, ""b12"": {""services"": [""pose"", ""object""], ""fps"": {""pose"": 10, ""object"": 10}, ""eff_fps"": {""pose"": 10, ""object"": 10}, ""latency_ms"": {""pose"": 0, ""object"": 0}, ""svclat_ms"": {""pose"": 33.57, ""object"": 27.6}}}"
191.2,36,23,0.639,0,0,14,7,7,1.0,611.0,590,0.966,130.0,0.3,0.0,9.96,10.0,9.96,9.96,10.0,9.96,0,0,0,28.94,17.02,28.65,588,"{""ip-172-31-0-204"": ""healthy"", ""ip-172-31-1-171"": ""healthy"", ""ip-172-31-10-12"": ""healthy"", ""ip-172-31-11-132"": ""healthy"", ""ip-172-31-13-134"": ""healthy"", ""ip-172-31-14-68"": ""healthy"", ""ip-172-31-40-239"": ""healthy""}",subscribe,10.4,0.2731,0,0,"{""ip-172-31-0-204"": {""object"": 1}, ""ip-172-31-1-171"": {""object"": 1}, ""ip-172-31-11-132"": {""pose"": 1}, ""ip-172-31-40-239"": {""gesture"": 1}, ""ip-172-31-10-12"": {""object"": 1}, ""ip-172-31-13-134"": {""pose"": 1}, ""ip-172-31-14-68"": {""pose"": 1}}","{""a1"": {""services"": [""pose"", ""gesture""], ""fps"": {""pose"": 10, ""gesture"": 10}, ""eff_fps"": {""pose"": 10, ""gesture"": 10}, ""latency_ms"": {""pose"": 0, ""gesture"": 0}, ""svclat_ms"": {""pose"": 22.28, ""gesture"": 16.43}}, ""a2"": {""services"": [""pose"", ""gesture""], ""fps"": {""pose"": 10, ""gesture"": 10}, ""eff_fps"": {""pose"": 10, ""gesture"": 10}, ""latency_ms"": {""pose"": 0, ""gesture"": 0}, ""svclat_ms"": {""pose"": 22.58, ""gesture"": 15.44}}, ""a3"": {""services"": [""pose"", ""gesture""], ""fps"": {""pose"": 10, ""gesture"": 10}, ""eff_fps"": {""pose"": 10, ""gesture"": 10}, ""latency_ms"": {""pose"": 0, ""gesture"": 0}, ""svclat_ms"": {""pose"": 21.91, ""gesture"": 18.09}}, ""a4"": {""services"": [""pose"", ""gesture""], ""fps"": {""pose"": 10, ""gesture"": 10}, ""eff_fps"": {""pose"": 10, ""gesture"": 10}, ""latency_ms"": {""pose"": 0, ""gesture"": 0}, ""svclat_ms"": {""pose"": 22.43, ""gesture"": 16.18}}, ""a5"": {""services"": [""pose"", ""gesture""], ""fps"": {""pose"": 10, ""gesture"": 10}, ""eff_fps"": {""pose"": 10, ""gesture"": 10}, ""latency_ms"": {""pose"": 0, ""gesture"": 0}, ""svclat_ms"": {""pose"": 21.89, ""gesture"": 17.84}}, ""a6"": {""services"": [""pose"", ""gesture""], ""fps"": {""pose"": 10, ""gesture"": 10}, ""eff_fps"": {""pose"": 10, ""gesture"": 10}, ""latency_ms"": {""pose"": 0, ""gesture"": 0}, ""svclat_ms"": {""pose"": 22.68, ""gesture"": 17.11}}, ""a7"": {""services"": [""pose"", ""gesture""], ""fps"": {""pose"": 10, ""gesture"": 10}, ""eff_fps"": {""pose"": 10, ""gesture"": 10}, ""latency_ms"": {""pose"": 0, ""gesture"": 0}, ""svclat_ms"": {""pose"": 21.34, ""gesture"": 17.44}}, ""a8"": {""services"": [""pose"", ""gesture""], ""fps"": {""pose"": 10, ""gesture"": 10}, ""eff_fps"": {""pose"": 10, ""gesture"": 10}, ""latency_ms"": {""pose"": 0, ""gesture"": 0}, ""svclat_ms"": {""pose"": 22.58, ""gesture"": 16.73}}, ""a9"": {""services"": [""pose"", ""gesture""], ""fps"": {""pose"": 10, ""gesture"": 10}, ""eff_fps"": {""pose"": 10, ""gesture"": 10}, ""latency_ms"": {""pose"": 0, ""gesture"": 0}, ""svclat_ms"": {""pose"": 23.97, ""gesture"": 17.21}}, ""a10"": {""services"": [""pose"", ""gesture""], ""fps"": {""pose"": 10, ""gesture"": 10}, ""eff_fps"": {""pose"": 10, ""gesture"": 10}, ""latency_ms"": {""pose"": 0, ""gesture"": 0}, ""svclat_ms"": {""pose"": 23.99, ""gesture"": 16.62}}, ""a11"": {""services"": [""pose"", ""gesture""], ""fps"": {""pose"": 10, ""gesture"": 10}, ""eff_fps"": {""pose"": 10, ""gesture"": 10}, ""latency_ms"": {""pose"": 0, ""gesture"": 0}, ""svclat_ms"": {""pose"": 23.14, ""gesture"": 18.14}}, ""a12"": {""services"": [""pose"", ""gesture""], ""fps"": {""pose"": 10, ""gesture"": 0}, ""eff_fps"": {""pose"": 10, ""gesture"": 0}, ""latency_ms"": {""pose"": 0, ""gesture"": 0}, ""svclat_ms"": {""pose"": 22.74, ""gesture"": 0.0}}, ""z1"": {""services"": [""gesture"", ""object""], ""fps"": {""gesture"": 0, ""object"": 10}, ""eff_fps"": {""gesture"": 0, ""object"": 10}, ""latency_ms"": {""gesture"": 0, ""object"": 0}, ""svclat_ms"": {""gesture"": 0.0, ""object"": 21.81}}, ""z2"": {""services"": [""gesture"", ""object""], ""fps"": {""gesture"": 0, ""object"": 10}, ""eff_fps"": {""gesture"": 0, ""object"": 10}, ""latency_ms"": {""gesture"": 0, ""object"": 0}, ""svclat_ms"": {""gesture"": 0.0, ""object"": 23.74}}, ""z3"": {""services"": [""gesture"", ""object""], ""fps"": {""gesture"": 0, ""object"": 10}, ""eff_fps"": {""gesture"": 0, ""object"": 10}, ""latency_ms"": {""gesture"": 0, ""object"": 0}, ""svclat_ms"": {""gesture"": 0.0, ""object"": 36.67}}, ""z4"": {""services"": [""gesture"", ""object""], ""fps"": {""gesture"": 0, ""object"": 10}, ""eff_fps"": {""gesture"": 0, ""object"": 10}, ""latency_ms"": {""gesture"": 0, ""object"": 0}, ""svclat_ms"": {""gesture"": 0.0, ""object"": 35.13}}, ""z5"": {""services"": [""gesture"", ""object""], ""fps"": {""gesture"": 0, ""object"": 10}, ""eff_fps"": {""gesture"": 0, ""object"": 10}, ""latency_ms"": {""gesture"": 0, ""object"": 0}, ""svclat_ms"": {""gesture"": 0.0, ""object"": 35.74}}, ""z6"": {""services"": [""gesture"", ""object""], ""fps"": {""gesture"": 0, ""object"": 10}, ""eff_fps"": {""gesture"": 0, ""object"": 10}, ""latency_ms"": {""gesture"": 0, ""object"": 0}, ""svclat_ms"": {""gesture"": 0.0, ""object"": 34.85}}, ""z7"": {""services"": [""gesture"", ""object""], ""fps"": {""gesture"": 0, ""object"": 10}, ""eff_fps"": {""gesture"": 0, ""object"": 10}, ""latency_ms"": {""gesture"": 0, ""object"": 0}, ""svclat_ms"": {""gesture"": 0.0, ""object"": 36.18}}, ""z8"": {""services"": [""gesture"", ""object""], ""fps"": {""gesture"": 0, ""object"": 10}, ""eff_fps"": {""gesture"": 0, ""object"": 10}, ""latency_ms"": {""gesture"": 0, ""object"": 0}, ""svclat_ms"": {""gesture"": 0.0, ""object"": 26.98}}, ""z9"": {""services"": [""gesture"", ""object""], ""fps"": {""gesture"": 0, ""object"": 9}, ""eff_fps"": {""gesture"": 0, ""object"": 9}, ""latency_ms"": {""gesture"": 0, ""object"": 0}, ""svclat_ms"": {""gesture"": 0.0, ""object"": 37.51}}, ""z10"": {""services"": [""gesture"", ""object""], ""fps"": {""gesture"": 0, ""object"": 10}, ""eff_fps"": {""gesture"": 0, ""object"": 10}, ""latency_ms"": {""gesture"": 0, ""object"": 0}, ""svclat_ms"": {""gesture"": 0.0, ""object"": 36.53}}, ""z11"": {""services"": [""gesture"", ""object""], ""fps"": {""gesture"": 0, ""object"": 10}, ""eff_fps"": {""gesture"": 0, ""object"": 10}, ""latency_ms"": {""gesture"": 0, ""object"": 0}, ""svclat_ms"": {""gesture"": 0.0, ""object"": 21.69}}, ""z12"": {""services"": [""gesture"", ""object""], ""fps"": {""gesture"": 0, ""object"": 10}, ""eff_fps"": {""gesture"": 0, ""object"": 10}, ""latency_ms"": {""gesture"": 0, ""object"": 0}, ""svclat_ms"": {""gesture"": 0.0, ""object"": 36.18}}, ""b1"": {""services"": [""pose"", ""object""], ""fps"": {""pose"": 10, ""object"": 10}, ""eff_fps"": {""pose"": 10, ""object"": 10}, ""latency_ms"": {""pose"": 0, ""object"": 0}, ""svclat_ms"": {""pose"": 23.37, ""object"": 25.14}}, ""b2"": {""services"": [""pose"", ""object""], ""fps"": {""pose"": 10, ""object"": 10}, ""eff_fps"": {""pose"": 10, ""object"": 10}, ""latency_ms"": {""pose"": 0, ""object"": 0}, ""svclat_ms"": {""pose"": 24.22, ""object"": 35.64}}, ""b3"": {""services"": [""pose"", ""object""], ""fps"": {""pose"": 10, ""object"": 10}, ""eff_fps"": {""pose"": 10, ""object"": 10}, ""latency_ms"": {""pose"": 0, ""object"": 0}, ""svclat_ms"": {""pose"": 23.66, ""object"": 20.86}}, ""b4"": {""services"": [""pose"", ""object""], ""fps"": {""pose"": 10, ""object"": 10}, ""eff_fps"": {""pose"": 10, ""object"": 10}, ""latency_ms"": {""pose"": 0, ""object"": 0}, ""svclat_ms"": {""pose"": 23.79, ""object"": 29.21}}, ""b5"": {""services"": [""pose"", ""object""], ""fps"": {""pose"": 10, ""object"": 10}, ""eff_fps"": {""pose"": 10, ""object"": 10}, ""latency_ms"": {""pose"": 0, ""object"": 0}, ""svclat_ms"": {""pose"": 27.84, ""object"": 26.7}}, ""b6"": {""services"": [""pose"", ""object""], ""fps"": {""pose"": 10, ""object"": 10}, ""eff_fps"": {""pose"": 10, ""object"": 10}, ""latency_ms"": {""pose"": 0, ""object"": 0}, ""svclat_ms"": {""pose"": 50.28, ""object"": 23.5}}, ""b7"": {""services"": [""pose"", ""object""], ""fps"": {""pose"": 10, ""object"": 10}, ""eff_fps"": {""pose"": 10, ""object"": 10}, ""latency_ms"": {""pose"": 0, ""object"": 0}, ""svclat_ms"": {""pose"": 23.28, ""object"": 25.45}}, ""b8"": {""services"": [""pose"", ""object""], ""fps"": {""pose"": 9, ""object"": 10}, ""eff_fps"": {""pose"": 9, ""object"": 10}, ""latency_ms"": {""pose"": 0, ""object"": 0}, ""svclat_ms"": {""pose"": 49.1, ""object"": 21.38}}, ""b9"": {""services"": [""pose"", ""object""], ""fps"": {""pose"": 10, ""object"": 10}, ""eff_fps"": {""pose"": 10, ""object"": 10}, ""latency_ms"": {""pose"": 0, ""object"": 0}, ""svclat_ms"": {""pose"": 50.98, ""object"": 23.29}}, ""b10"": {""services"": [""pose"", ""object""], ""fps"": {""pose"": 10, ""object"": 10}, ""eff_fps"": {""pose"": 10, ""object"": 10}, ""latency_ms"": {""pose"": 0, ""object"": 0}, ""svclat_ms"": {""pose"": 51.18, ""object"": 21.79}}, ""b11"": {""services"": [""pose"", ""object""], ""fps"": {""pose"": 10, ""object"": 10}, ""eff_fps"": {""pose"": 10, ""object"": 10}, ""latency_ms"": {""pose"": 0, ""object"": 0}, ""svclat_ms"": {""pose"": 41.95, ""object"": 25.72}}, ""b12"": {""services"": [""pose"", ""object""], ""fps"": {""pose"": 10, ""object"": 10}, ""eff_fps"": {""pose"": 10, ""object"": 10}, ""latency_ms"": {""pose"": 0, ""object"": 0}, ""svclat_ms"": {""pose"": 33.41, ""object"": 25.93}}}"
193.6,36,23,0.639,0,0,14,7,7,1.0,611.0,590,0.966,130.0,0.3,0.0,10.0,10.0,10.0,10.0,10.0,10.0,0,0,0,28.62,16.93,28.82,590,"{""ip-172-31-0-204"": ""healthy"", ""ip-172-31-1-171"": ""healthy"", ""ip-172-31-10-12"": ""healthy"", ""ip-172-31-11-132"": ""healthy"", ""ip-172-31-13-134"": ""healthy"", ""ip-172-31-14-68"": ""healthy"", ""ip-172-31-40-239"": ""healthy""}",subscribe,10.4,0.2731,0,0,"{""ip-172-31-0-204"": {""object"": 1}, ""ip-172-31-1-171"": {""object"": 1}, ""ip-172-31-11-132"": {""pose"": 1}, ""ip-172-31-40-239"": {""gesture"": 1}, ""ip-172-31-10-12"": {""object"": 1}, ""ip-172-31-13-134"": {""pose"": 1}, ""ip-172-31-14-68"": {""pose"": 1}}","{""a1"": {""services"": [""pose"", ""gesture""], ""fps"": {""pose"": 10, ""gesture"": 10}, ""eff_fps"": {""pose"": 10, ""gesture"": 10}, ""latency_ms"": {""pose"": 0, ""gesture"": 0}, ""svclat_ms"": {""pose"": 21.99, ""gesture"": 16.62}}, ""a2"": {""services"": [""pose"", ""gesture""], ""fps"": {""pose"": 10, ""gesture"": 10}, ""eff_fps"": {""pose"": 10, ""gesture"": 10}, ""latency_ms"": {""pose"": 0, ""gesture"": 0}, ""svclat_ms"": {""pose"": 21.74, ""gesture"": 15.22}}, ""a3"": {""services"": [""pose"", ""gesture""], ""fps"": {""pose"": 10, ""gesture"": 10}, ""eff_fps"": {""pose"": 10, ""gesture"": 10}, ""latency_ms"": {""pose"": 0, ""gesture"": 0}, ""svclat_ms"": {""pose"": 21.33, ""gesture"": 18.29}}, ""a4"": {""services"": [""pose"", ""gesture""], ""fps"": {""pose"": 10, ""gesture"": 10}, ""eff_fps"": {""pose"": 10, ""gesture"": 10}, ""latency_ms"": {""pose"": 0, ""gesture"": 0}, ""svclat_ms"": {""pose"": 21.86, ""gesture"": 15.76}}, ""a5"": {""services"": [""pose"", ""gesture""], ""fps"": {""pose"": 10, ""gesture"": 10}, ""eff_fps"": {""pose"": 10, ""gesture"": 10}, ""latency_ms"": {""pose"": 0, ""gesture"": 0}, ""svclat_ms"": {""pose"": 21.5, ""gesture"": 17.92}}, ""a6"": {""services"": [""pose"", ""gesture""], ""fps"": {""pose"": 10, ""gesture"": 10}, ""eff_fps"": {""pose"": 10, ""gesture"": 10}, ""latency_ms"": {""pose"": 0, ""gesture"": 0}, ""svclat_ms"": {""pose"": 22.47, ""gesture"": 16.36}}, ""a7"": {""services"": [""pose"", ""gesture""], ""fps"": {""pose"": 10, ""gesture"": 10}, ""eff_fps"": {""pose"": 10, ""gesture"": 10}, ""latency_ms"": {""pose"": 0, ""gesture"": 0}, ""svclat_ms"": {""pose"": 20.95, ""gesture"": 17.08}}, ""a8"": {""services"": [""pose"", ""gesture""], ""fps"": {""pose"": 10, ""gesture"": 10}, ""eff_fps"": {""pose"": 10, ""gesture"": 10}, ""latency_ms"": {""pose"": 0, ""gesture"": 0}, ""svclat_ms"": {""pose"": 22.69, ""gesture"": 16.42}}, ""a9"": {""services"": [""pose"", ""gesture""], ""fps"": {""pose"": 10, ""gesture"": 10}, ""eff_fps"": {""pose"": 10, ""gesture"": 10}, ""latency_ms"": {""pose"": 0, ""gesture"": 0}, ""svclat_ms"": {""pose"": 23.74, ""gesture"": 17.62}}, ""a10"": {""services"": [""pose"", ""gesture""], ""fps"": {""pose"": 10, ""gesture"": 10}, ""eff_fps"": {""pose"": 10, ""gesture"": 10}, ""latency_ms"": {""pose"": 0, ""gesture"": 0}, ""svclat_ms"": {""pose"": 23.84, ""gesture"": 15.85}}, ""a11"": {""services"": [""pose"", ""gesture""], ""fps"": {""pose"": 10, ""gesture"": 10}, ""eff_fps"": {""pose"": 10, ""gesture"": 10}, ""latency_ms"": {""pose"": 0, ""gesture"": 0}, ""svclat_ms"": {""pose"": 23.39, ""gesture"": 19.12}}, ""a12"": {""services"": [""pose"", ""gesture""], ""fps"": {""pose"": 10, ""gesture"": 0}, ""eff_fps"": {""pose"": 10, ""gesture"": 0}, ""latency_ms"": {""pose"": 0, ""gesture"": 0}, ""svclat_ms"": {""pose"": 23.29, ""gesture"": 0.0}}, ""z1"": {""services"": [""gesture"", ""object""], ""fps"": {""gesture"": 0, ""object"": 10}, ""eff_fps"": {""gesture"": 0, ""object"": 10}, ""latency_ms"": {""gesture"": 0, ""object"": 0}, ""svclat_ms"": {""gesture"": 0.0, ""object"": 21.67}}, ""z2"": {""services"": [""gesture"", ""object""], ""fps"": {""gesture"": 0, ""object"": 10}, ""eff_fps"": {""gesture"": 0, ""object"": 10}, ""latency_ms"": {""gesture"": 0, ""object"": 0}, ""svclat_ms"": {""gesture"": 0.0, ""object"": 23.24}}, ""z3"": {""services"": [""gesture"", ""object""], ""fps"": {""gesture"": 0, ""object"": 10}, ""eff_fps"": {""gesture"": 0, ""object"": 10}, ""latency_ms"": {""gesture"": 0, ""object"": 0}, ""svclat_ms"": {""gesture"": 0.0, ""object"": 36.52}}, ""z4"": {""services"": [""gesture"", ""object""], ""fps"": {""gesture"": 0, ""object"": 10}, ""eff_fps"": {""gesture"": 0, ""object"": 10}, ""latency_ms"": {""gesture"": 0, ""object"": 0}, ""svclat_ms"": {""gesture"": 0.0, ""object"": 35.37}}, ""z5"": {""services"": [""gesture"", ""object""], ""fps"": {""gesture"": 0, ""object"": 10}, ""eff_fps"": {""gesture"": 0, ""object"": 10}, ""latency_ms"": {""gesture"": 0, ""object"": 0}, ""svclat_ms"": {""gesture"": 0.0, ""object"": 35.93}}, ""z6"": {""services"": [""gesture"", ""object""], ""fps"": {""gesture"": 0, ""object"": 10}, ""eff_fps"": {""gesture"": 0, ""object"": 10}, ""latency_ms"": {""gesture"": 0, ""object"": 0}, ""svclat_ms"": {""gesture"": 0.0, ""object"": 34.98}}, ""z7"": {""services"": [""gesture"", ""object""], ""fps"": {""gesture"": 0, ""object"": 10}, ""eff_fps"": {""gesture"": 0, ""object"": 10}, ""latency_ms"": {""gesture"": 0, ""object"": 0}, ""svclat_ms"": {""gesture"": 0.0, ""object"": 36.55}}, ""z8"": {""services"": [""gesture"", ""object""], ""fps"": {""gesture"": 0, ""object"": 10}, ""eff_fps"": {""gesture"": 0, ""object"": 10}, ""latency_ms"": {""gesture"": 0, ""object"": 0}, ""svclat_ms"": {""gesture"": 0.0, ""object"": 26.69}}, ""z9"": {""services"": [""gesture"", ""object""], ""fps"": {""gesture"": 0, ""object"": 10}, ""eff_fps"": {""gesture"": 0, ""object"": 10}, ""latency_ms"": {""gesture"": 0, ""object"": 0}, ""svclat_ms"": {""gesture"": 0.0, ""object"": 37.54}}, ""z10"": {""services"": [""gesture"", ""object""], ""fps"": {""gesture"": 0, ""object"": 10}, ""eff_fps"": {""gesture"": 0, ""object"": 10}, ""latency_ms"": {""gesture"": 0, ""object"": 0}, ""svclat_ms"": {""gesture"": 0.0, ""object"": 36.88}}, ""z11"": {""services"": [""gesture"", ""object""], ""fps"": {""gesture"": 0, ""object"": 10}, ""eff_fps"": {""gesture"": 0, ""object"": 10}, ""latency_ms"": {""gesture"": 0, ""object"": 0}, ""svclat_ms"": {""gesture"": 0.0, ""object"": 22.07}}, ""z12"": {""services"": [""gesture"", ""object""], ""fps"": {""gesture"": 0, ""object"": 10}, ""eff_fps"": {""gesture"": 0, ""object"": 10}, ""latency_ms"": {""gesture"": 0, ""object"": 0}, ""svclat_ms"": {""gesture"": 0.0, ""object"": 36.63}}, ""b1"": {""services"": [""pose"", ""object""], ""fps"": {""pose"": 10, ""object"": 10}, ""eff_fps"": {""pose"": 10, ""object"": 10}, ""latency_ms"": {""pose"": 0, ""object"": 0}, ""svclat_ms"": {""pose"": 23.92, ""object"": 25.65}}, ""b2"": {""services"": [""pose"", ""object""], ""fps"": {""pose"": 10, ""object"": 10}, ""eff_fps"": {""pose"": 10, ""object"": 10}, ""latency_ms"": {""pose"": 0, ""object"": 0}, ""svclat_ms"": {""pose"": 24.14, ""object"": 36.03}}, ""b3"": {""services"": [""pose"", ""object""], ""fps"": {""pose"": 10, ""object"": 10}, ""eff_fps"": {""pose"": 10, ""object"": 10}, ""latency_ms"": {""pose"": 0, ""object"": 0}, ""svclat_ms"": {""pose"": 24.0, ""object"": 20.99}}, ""b4"": {""services"": [""pose"", ""object""], ""fps"": {""pose"": 10, ""object"": 10}, ""eff_fps"": {""pose"": 10, ""object"": 10}, ""latency_ms"": {""pose"": 0, ""object"": 0}, ""svclat_ms"": {""pose"": 23.5, ""object"": 28.65}}, ""b5"": {""services"": [""pose"", ""object""], ""fps"": {""pose"": 10, ""object"": 10}, ""eff_fps"": {""pose"": 10, ""object"": 10}, ""latency_ms"": {""pose"": 0, ""object"": 0}, ""svclat_ms"": {""pose"": 24.57, ""object"": 27.38}}, ""b6"": {""services"": [""pose"", ""object""], ""fps"": {""pose"": 10, ""object"": 10}, ""eff_fps"": {""pose"": 10, ""object"": 10}, ""latency_ms"": {""pose"": 0, ""object"": 0}, ""svclat_ms"": {""pose"": 49.77, ""object"": 23.57}}, ""b7"": {""services"": [""pose"", ""object""], ""fps"": {""pose"": 10, ""object"": 10}, ""eff_fps"": {""pose"": 10, ""object"": 10}, ""latency_ms"": {""pose"": 0, ""object"": 0}, ""svclat_ms"": {""pose"": 23.13, ""object"": 25.6}}, ""b8"": {""services"": [""pose"", ""object""], ""fps"": {""pose"": 10, ""object"": 10}, ""eff_fps"": {""pose"": 10, ""object"": 10}, ""latency_ms"": {""pose"": 0, ""object"": 0}, ""svclat_ms"": {""pose"": 49.64, ""object"": 20.91}}, ""b9"": {""services"": [""pose"", ""object""], ""fps"": {""pose"": 10, ""object"": 10}, ""eff_fps"": {""pose"": 10, ""object"": 10}, ""latency_ms"": {""pose"": 0, ""object"": 0}, ""svclat_ms"": {""pose"": 49.62, ""object"": 23.49}}, ""b10"": {""services"": [""pose"", ""object""], ""fps"": {""pose"": 10, ""object"": 10}, ""eff_fps"": {""pose"": 10, ""object"": 10}, ""latency_ms"": {""pose"": 0, ""object"": 0}, ""svclat_ms"": {""pose"": 49.89, ""object"": 22.2}}, ""b11"": {""services"": [""pose"", ""object""], ""fps"": {""pose"": 10, ""object"": 10}, ""eff_fps"": {""pose"": 10, ""object"": 10}, ""latency_ms"": {""pose"": 0, ""object"": 0}, ""svclat_ms"": {""pose"": 40.73, ""object"": 26.5}}, ""b12"": {""services"": [""pose"", ""object""], ""fps"": {""pose"": 10, ""object"": 10}, ""eff_fps"": {""pose"": 10, ""object"": 10}, ""latency_ms"": {""pose"": 0, ""object"": 0}, ""svclat_ms"": {""pose"": 35.15, ""object"": 26.7}}}"
195.9,36,23,0.639,0,0,14,7,7,1.0,611.0,590,0.966,130.0,0.3,0.0,9.96,10.0,9.96,9.96,10.0,9.96,0,0,0,29.97,16.29,29.73,588,"{""ip-172-31-0-204"": ""healthy"", ""ip-172-31-1-171"": ""healthy"", ""ip-172-31-10-12"": ""healthy"", ""ip-172-31-11-132"": ""healthy"", ""ip-172-31-13-134"": ""healthy"", ""ip-172-31-14-68"": ""healthy"", ""ip-172-31-40-239"": ""healthy""}",subscribe,10.4,0.2731,0,0,"{""ip-172-31-0-204"": {""object"": 1}, ""ip-172-31-1-171"": {""object"": 1}, ""ip-172-31-11-132"": {""pose"": 1}, ""ip-172-31-40-239"": {""gesture"": 1}, ""ip-172-31-10-12"": {""object"": 1}, ""ip-172-31-13-134"": {""pose"": 1}, ""ip-172-31-14-68"": {""pose"": 1}}","{""a1"": {""services"": [""pose"", ""gesture""], ""fps"": {""pose"": 10, ""gesture"": 10}, ""eff_fps"": {""pose"": 10, ""gesture"": 10}, ""latency_ms"": {""pose"": 0, ""gesture"": 0}, ""svclat_ms"": {""pose"": 24.48, ""gesture"": 15.78}}, ""a2"": {""services"": [""pose"", ""gesture""], ""fps"": {""pose"": 10, ""gesture"": 10}, ""eff_fps"": {""pose"": 10, ""gesture"": 10}, ""latency_ms"": {""pose"": 0, ""gesture"": 0}, ""svclat_ms"": {""pose"": 24.5, ""gesture"": 15.18}}, ""a3"": {""services"": [""pose"", ""gesture""], ""fps"": {""pose"": 10, ""gesture"": 10}, ""eff_fps"": {""pose"": 10, ""gesture"": 10}, ""latency_ms"": {""pose"": 0, ""gesture"": 0}, ""svclat_ms"": {""pose"": 24.73, ""gesture"": 16.19}}, ""a4"": {""services"": [""pose"", ""gesture""], ""fps"": {""pose"": 10, ""gesture"": 10}, ""eff_fps"": {""pose"": 10, ""gesture"": 10}, ""latency_ms"": {""pose"": 0, ""gesture"": 0}, ""svclat_ms"": {""pose"": 24.89, ""gesture"": 16.1}}, ""a5"": {""services"": [""pose"", ""gesture""], ""fps"": {""pose"": 10, ""gesture"": 10}, ""eff_fps"": {""pose"": 10, ""gesture"": 10}, ""latency_ms"": {""pose"": 0, ""gesture"": 0}, ""svclat_ms"": {""pose"": 25.17, ""gesture"": 16.37}}, ""a6"": {""services"": [""pose"", ""gesture""], ""fps"": {""pose"": 10, ""gesture"": 10}, ""eff_fps"": {""pose"": 10, ""gesture"": 10}, ""latency_ms"": {""pose"": 0, ""gesture"": 0}, ""svclat_ms"": {""pose"": 23.39, ""gesture"": 16.5}}, ""a7"": {""services"": [""pose"", ""gesture""], ""fps"": {""pose"": 10, ""gesture"": 10}, ""eff_fps"": {""pose"": 10, ""gesture"": 10}, ""latency_ms"": {""pose"": 0, ""gesture"": 0}, ""svclat_ms"": {""pose"": 21.56, ""gesture"": 16.88}}, ""a8"": {""services"": [""pose"", ""gesture""], ""fps"": {""pose"": 10, ""gesture"": 10}, ""eff_fps"": {""pose"": 10, ""gesture"": 10}, ""latency_ms"": {""pose"": 0, ""gesture"": 0}, ""svclat_ms"": {""pose"": 23.0, ""gesture"": 16.45}}, ""a9"": {""services"": [""pose"", ""gesture""], ""fps"": {""pose"": 10, ""gesture"": 10}, ""eff_fps"": {""pose"": 10, ""gesture"": 10}, ""latency_ms"": {""pose"": 0, ""gesture"": 0}, ""svclat_ms"": {""pose"": 23.74, ""gesture"": 16.76}}, ""a10"": {""services"": [""pose"", ""gesture""], ""fps"": {""pose"": 10, ""gesture"": 10}, ""eff_fps"": {""pose"": 10, ""gesture"": 10}, ""latency_ms"": {""pose"": 0, ""gesture"": 0}, ""svclat_ms"": {""pose"": 23.88, ""gesture"": 16.31}}, ""a11"": {""services"": [""pose"", ""gesture""], ""fps"": {""pose"": 10, ""gesture"": 10}, ""eff_fps"": {""pose"": 10, ""gesture"": 10}, ""latency_ms"": {""pose"": 0, ""gesture"": 0}, ""svclat_ms"": {""pose"": 25.69, ""gesture"": 16.72}}, ""a12"": {""services"": [""pose"", ""gesture""], ""fps"": {""pose"": 10, ""gesture"": 0}, ""eff_fps"": {""pose"": 10, ""gesture"": 0}, ""latency_ms"": {""pose"": 0, ""gesture"": 0}, ""svclat_ms"": {""pose"": 23.98, ""gesture"": 0.0}}, ""z1"": {""services"": [""gesture"", ""object""], ""fps"": {""gesture"": 0, ""object"": 10}, ""eff_fps"": {""gesture"": 0, ""object"": 10}, ""latency_ms"": {""gesture"": 0, ""object"": 0}, ""svclat_ms"": {""gesture"": 0.0, ""object"": 22.63}}, ""z2"": {""services"": [""gesture"", ""object""], ""fps"": {""gesture"": 0, ""object"": 10}, ""eff_fps"": {""gesture"": 0, ""object"": 10}, ""latency_ms"": {""gesture"": 0, ""object"": 0}, ""svclat_ms"": {""gesture"": 0.0, ""object"": 24.58}}, ""z3"": {""services"": [""gesture"", ""object""], ""fps"": {""gesture"": 0, ""object"": 10}, ""eff_fps"": {""gesture"": 0, ""object"": 10}, ""latency_ms"": {""gesture"": 0, ""object"": 0}, ""svclat_ms"": {""gesture"": 0.0, ""object"": 37.51}}, ""z4"": {""services"": [""gesture"", ""object""], ""fps"": {""gesture"": 0, ""object"": 10}, ""eff_fps"": {""gesture"": 0, ""object"": 10}, ""latency_ms"": {""gesture"": 0, ""object"": 0}, ""svclat_ms"": {""gesture"": 0.0, ""object"": 34.57}}, ""z5"": {""services"": [""gesture"", ""object""], ""fps"": {""gesture"": 0, ""object"": 10}, ""eff_fps"": {""gesture"": 0, ""object"": 10}, ""latency_ms"": {""gesture"": 0, ""object"": 0}, ""svclat_ms"": {""gesture"": 0.0, ""object"": 37.86}}, ""z6"": {""services"": [""gesture"", ""object""], ""fps"": {""gesture"": 0, ""object"": 10}, ""eff_fps"": {""gesture"": 0, ""object"": 10}, ""latency_ms"": {""gesture"": 0, ""object"": 0}, ""svclat_ms"": {""gesture"": 0.0, ""object"": 36.43}}, ""z7"": {""services"": [""gesture"", ""object""], ""fps"": {""gesture"": 0, ""object"": 10}, ""eff_fps"": {""gesture"": 0, ""object"": 10}, ""latency_ms"": {""gesture"": 0, ""object"": 0}, ""svclat_ms"": {""gesture"": 0.0, ""object"": 37.34}}, ""z8"": {""services"": [""gesture"", ""object""], ""fps"": {""gesture"": 0, ""object"": 10}, ""eff_fps"": {""gesture"": 0, ""object"": 10}, ""latency_ms"": {""gesture"": 0, ""object"": 0}, ""svclat_ms"": {""gesture"": 0.0, ""object"": 28.74}}, ""z9"": {""services"": [""gesture"", ""object""], ""fps"": {""gesture"": 0, ""object"": 9}, ""eff_fps"": {""gesture"": 0, ""object"": 9}, ""latency_ms"": {""gesture"": 0, ""object"": 0}, ""svclat_ms"": {""gesture"": 0.0, ""object"": 39.81}}, ""z10"": {""services"": [""gesture"", ""object""], ""fps"": {""gesture"": 0, ""object"": 10}, ""eff_fps"": {""gesture"": 0, ""object"": 10}, ""latency_ms"": {""gesture"": 0, ""object"": 0}, ""svclat_ms"": {""gesture"": 0.0, ""object"": 38.8}}, ""z11"": {""services"": [""gesture"", ""object""], ""fps"": {""gesture"": 0, ""object"": 10}, ""eff_fps"": {""gesture"": 0, ""object"": 10}, ""latency_ms"": {""gesture"": 0, ""object"": 0}, ""svclat_ms"": {""gesture"": 0.0, ""object"": 22.38}}, ""z12"": {""services"": [""gesture"", ""object""], ""fps"": {""gesture"": 0, ""object"": 10}, ""eff_fps"": {""gesture"": 0, ""object"": 10}, ""latency_ms"": {""gesture"": 0, ""object"": 0}, ""svclat_ms"": {""gesture"": 0.0, ""object"": 38.17}}, ""b1"": {""services"": [""pose"", ""object""], ""fps"": {""pose"": 10, ""object"": 10}, ""eff_fps"": {""pose"": 10, ""object"": 10}, ""latency_ms"": {""pose"": 0, ""object"": 0}, ""svclat_ms"": {""pose"": 23.93, ""object"": 27.18}}, ""b2"": {""services"": [""pose"", ""object""], ""fps"": {""pose"": 10, ""object"": 10}, ""eff_fps"": {""pose"": 10, ""object"": 10}, ""latency_ms"": {""pose"": 0, ""object"": 0}, ""svclat_ms"": {""pose"": 24.46, ""object"": 37.3}}, ""b3"": {""services"": [""pose"", ""object""], ""fps"": {""pose"": 10, ""object"": 10}, ""eff_fps"": {""pose"": 10, ""object"": 10}, ""latency_ms"": {""pose"": 0, ""object"": 0}, ""svclat_ms"": {""pose"": 23.56, ""object"": 22.02}}, ""b4"": {""services"": [""pose"", ""object""], ""fps"": {""pose"": 10, ""object"": 10}, ""eff_fps"": {""pose"": 10, ""object"": 10}, ""latency_ms"": {""pose"": 0, ""object"": 0}, ""svclat_ms"": {""pose"": 24.42, ""object"": 30.06}}, ""b5"": {""services"": [""pose"", ""object""], ""fps"": {""pose"": 10, ""object"": 10}, ""eff_fps"": {""pose"": 10, ""object"": 10}, ""latency_ms"": {""pose"": 0, ""object"": 0}, ""svclat_ms"": {""pose"": 27.61, ""object"": 27.14}}, ""b6"": {""services"": [""pose"", ""object""], ""fps"": {""pose"": 10, ""object"": 10}, ""eff_fps"": {""pose"": 10, ""object"": 10}, ""latency_ms"": {""pose"": 0, ""object"": 0}, ""svclat_ms"": {""pose"": 51.03, ""object"": 24.18}}, ""b7"": {""services"": [""pose"", ""object""], ""fps"": {""pose"": 10, ""object"": 10}, ""eff_fps"": {""pose"": 10, ""object"": 10}, ""latency_ms"": {""pose"": 0, ""object"": 0}, ""svclat_ms"": {""pose"": 23.64, ""object"": 25.89}}, ""b8"": {""services"": [""pose"", ""object""], ""fps"": {""pose"": 9, ""object"": 10}, ""eff_fps"": {""pose"": 9, ""object"": 10}, ""latency_ms"": {""pose"": 0, ""object"": 0}, ""svclat_ms"": {""pose"": 46.38, ""object"": 22.37}}, ""b9"": {""services"": [""pose"", ""object""], ""fps"": {""pose"": 10, ""object"": 10}, ""eff_fps"": {""pose"": 10, ""object"": 10}, ""latency_ms"": {""pose"": 0, ""object"": 0}, ""svclat_ms"": {""pose"": 51.55, ""object"": 23.78}}, ""b10"": {""services"": [""pose"", ""object""], ""fps"": {""pose"": 10, ""object"": 10}, ""eff_fps"": {""pose"": 10, ""object"": 10}, ""latency_ms"": {""pose"": 0, ""object"": 0}, ""svclat_ms"": {""pose"": 51.78, ""object"": 22.63}}, ""b11"": {""services"": [""pose"", ""object""], ""fps"": {""pose"": 10, ""object"": 10}, ""eff_fps"": {""pose"": 10, ""object"": 10}, ""latency_ms"": {""pose"": 0, ""object"": 0}, ""svclat_ms"": {""pose"": 46.11, ""object"": 25.84}}, ""b12"": {""services"": [""pose"", ""object""], ""fps"": {""pose"": 10, ""object"": 10}, ""eff_fps"": {""pose"": 10, ""object"": 10}, ""latency_ms"": {""pose"": 0, ""object"": 0}, ""svclat_ms"": {""pose"": 35.79, ""object"": 26.39}}}"
198.3,36,23,0.639,0,0,14,7,7,1.0,611.0,590,0.966,130.0,0.3,0.0,10.04,10.0,8.96,10.04,10.0,8.83,0,0,0,28.27,16.55,40.92,566,"{""ip-172-31-0-204"": ""healthy"", ""ip-172-31-1-171"": ""healthy"", ""ip-172-31-10-12"": ""healthy"", ""ip-172-31-11-132"": ""healthy"", ""ip-172-31-13-134"": ""healthy"", ""ip-172-31-14-68"": ""healthy"", ""ip-172-31-40-239"": ""healthy""}",subscribe,10.4,0.2731,0,0,"{""ip-172-31-0-204"": {""object"": 1}, ""ip-172-31-1-171"": {""object"": 1}, ""ip-172-31-11-132"": {""pose"": 1}, ""ip-172-31-40-239"": {""gesture"": 1}, ""ip-172-31-10-12"": {""object"": 1}, ""ip-172-31-13-134"": {""pose"": 1}, ""ip-172-31-14-68"": {""pose"": 1}}","{""a1"": {""services"": [""pose"", ""gesture""], ""fps"": {""pose"": 10, ""gesture"": 10}, ""eff_fps"": {""pose"": 10, ""gesture"": 10}, ""latency_ms"": {""pose"": 0, ""gesture"": 0}, ""svclat_ms"": {""pose"": 22.26, ""gesture"": 16.6}}, ""a2"": {""services"": [""pose"", ""gesture""], ""fps"": {""pose"": 10, ""gesture"": 10}, ""eff_fps"": {""pose"": 10, ""gesture"": 10}, ""latency_ms"": {""pose"": 0, ""gesture"": 0}, ""svclat_ms"": {""pose"": 21.99, ""gesture"": 15.45}}, ""a3"": {""services"": [""pose"", ""gesture""], ""fps"": {""pose"": 10, ""gesture"": 10}, ""eff_fps"": {""pose"": 10, ""gesture"": 10}, ""latency_ms"": {""pose"": 0, ""gesture"": 0}, ""svclat_ms"": {""pose"": 21.43, ""gesture"": 17.16}}, ""a4"": {""services"": [""pose"", ""gesture""], ""fps"": {""pose"": 10, ""gesture"": 10}, ""eff_fps"": {""pose"": 10, ""gesture"": 10}, ""latency_ms"": {""pose"": 0, ""gesture"": 0}, ""svclat_ms"": {""pose"": 21.91, ""gesture"": 15.52}}, ""a5"": {""services"": [""pose"", ""gesture""], ""fps"": {""pose"": 10, ""gesture"": 10}, ""eff_fps"": {""pose"": 10, ""gesture"": 10}, ""latency_ms"": {""pose"": 0, ""gesture"": 0}, ""svclat_ms"": {""pose"": 21.62, ""gesture"": 16.92}}, ""a6"": {""services"": [""pose"", ""gesture""], ""fps"": {""pose"": 10, ""gesture"": 10}, ""eff_fps"": {""pose"": 10, ""gesture"": 10}, ""latency_ms"": {""pose"": 0, ""gesture"": 0}, ""svclat_ms"": {""pose"": 22.56, ""gesture"": 16.37}}, ""a7"": {""services"": [""pose"", ""gesture""], ""fps"": {""pose"": 10, ""gesture"": 10}, ""eff_fps"": {""pose"": 10, ""gesture"": 10}, ""latency_ms"": {""pose"": 0, ""gesture"": 0}, ""svclat_ms"": {""pose"": 21.05, ""gesture"": 16.86}}, ""a8"": {""services"": [""pose"", ""gesture""], ""fps"": {""pose"": 10, ""gesture"": 10}, ""eff_fps"": {""pose"": 10, ""gesture"": 10}, ""latency_ms"": {""pose"": 0, ""gesture"": 0}, ""svclat_ms"": {""pose"": 22.35, ""gesture"": 16.1}}, ""a9"": {""services"": [""pose"", ""gesture""], ""fps"": {""pose"": 10, ""gesture"": 10}, ""eff_fps"": {""pose"": 10, ""gesture"": 10}, ""latency_ms"": {""pose"": 0, ""gesture"": 0}, ""svclat_ms"": {""pose"": 22.82, ""gesture"": 17.26}}, ""a10"": {""services"": [""pose"", ""gesture""], ""fps"": {""pose"": 10, ""gesture"": 10}, ""eff_fps"": {""pose"": 10, ""gesture"": 10}, ""latency_ms"": {""pose"": 0, ""gesture"": 0}, ""svclat_ms"": {""pose"": 22.26, ""gesture"": 16.06}}, ""a11"": {""services"": [""pose"", ""gesture""], ""fps"": {""pose"": 10, ""gesture"": 10}, ""eff_fps"": {""pose"": 10, ""gesture"": 10}, ""latency_ms"": {""pose"": 0, ""gesture"": 0}, ""svclat_ms"": {""pose"": 21.99, ""gesture"": 17.74}}, ""a12"": {""services"": [""pose"", ""gesture""], ""fps"": {""pose"": 10, ""gesture"": 0}, ""eff_fps"": {""pose"": 10, ""gesture"": 0}, ""latency_ms"": {""pose"": 0, ""gesture"": 0}, ""svclat_ms"": {""pose"": 22.1, ""gesture"": 0.0}}, ""z1"": {""services"": [""gesture"", ""object""], ""fps"": {""gesture"": 0, ""object"": 6}, ""eff_fps"": {""gesture"": 0, ""object"": 6}, ""latency_ms"": {""gesture"": 0, ""object"": 0}, ""svclat_ms"": {""gesture"": 0.0, ""object"": 22.01}}, ""z2"": {""services"": [""gesture"", ""object""], ""fps"": {""gesture"": 0, ""object"": 10}, ""eff_fps"": {""gesture"": 0, ""object"": 10}, ""latency_ms"": {""gesture"": 0, ""object"": 0}, ""svclat_ms"": {""gesture"": 0.0, ""object"": 24.01}}, ""z3"": {""services"": [""gesture"", ""object""], ""fps"": {""gesture"": 0, ""object"": 10}, ""eff_fps"": {""gesture"": 0, ""object"": 10}, ""latency_ms"": {""gesture"": 0, ""object"": 0}, ""svclat_ms"": {""gesture"": 0.0, ""object"": 38.31}}, ""z4"": {""services"": [""gesture"", ""object""], ""fps"": {""gesture"": 0, ""object"": 10}, ""eff_fps"": {""gesture"": 0, ""object"": 10}, ""latency_ms"": {""gesture"": 0, ""object"": 0}, ""svclat_ms"": {""gesture"": 0.0, ""object"": 32.79}}, ""z5"": {""services"": [""gesture"", ""object""], ""fps"": {""gesture"": 0, ""object"": 5}, ""eff_fps"": {""gesture"": 0, ""object"": 4}, ""latency_ms"": {""gesture"": 0, ""object"": 0}, ""svclat_ms"": {""gesture"": 0.0, ""object"": 130.64}}, ""z6"": {""services"": [""gesture"", ""object""], ""fps"": {""gesture"": 0, ""object"": 10}, ""eff_fps"": {""gesture"": 0, ""object"": 10}, ""latency_ms"": {""gesture"": 0, ""object"": 0}, ""svclat_ms"": {""gesture"": 0.0, ""object"": 36.81}}, ""z7"": {""services"": [""gesture"", ""object""], ""fps"": {""gesture"": 0, ""object"": 10}, ""eff_fps"": {""gesture"": 0, ""object"": 10}, ""latency_ms"": {""gesture"": 0, ""object"": 0}, ""svclat_ms"": {""gesture"": 0.0, ""object"": 38.25}}, ""z8"": {""services"": [""gesture"", ""object""], ""fps"": {""gesture"": 0, ""object"": 10}, ""eff_fps"": {""gesture"": 0, ""object"": 10}, ""latency_ms"": {""gesture"": 0, ""object"": 0}, ""svclat_ms"": {""gesture"": 0.0, ""object"": 29.76}}, ""z9"": {""services"": [""gesture"", ""object""], ""fps"": {""gesture"": 0, ""object"": 10}, ""eff_fps"": {""gesture"": 0, ""object"": 10}, ""latency_ms"": {""gesture"": 0, ""object"": 0}, ""svclat_ms"": {""gesture"": 0.0, ""object"": 33.68}}, ""z10"": {""services"": [""gesture"", ""object""], ""fps"": {""gesture"": 0, ""object"": 10}, ""eff_fps"": {""gesture"": 0, ""object"": 10}, ""latency_ms"": {""gesture"": 0, ""object"": 0}, ""svclat_ms"": {""gesture"": 0.0, ""object"": 32.84}}, ""z11"": {""services"": [""gesture"", ""object""], ""fps"": {""gesture"": 0, ""object"": 5}, ""eff_fps"": {""gesture"": 0, ""object"": 4}, ""latency_ms"": {""gesture"": 0, ""object"": 0}, ""svclat_ms"": {""gesture"": 0.0, ""object"": 117.17}}, ""z12"": {""services"": [""gesture"", ""object""], ""fps"": {""gesture"": 0, ""object"": 10}, ""eff_fps"": {""gesture"": 0, ""object"": 10}, ""latency_ms"": {""gesture"": 0, ""object"": 0}, ""svclat_ms"": {""gesture"": 0.0, ""object"": 32.42}}, ""b1"": {""services"": [""pose"", ""object""], ""fps"": {""pose"": 10, ""object"": 10}, ""eff_fps"": {""pose"": 10, ""object"": 10}, ""latency_ms"": {""pose"": 0, ""object"": 0}, ""svclat_ms"": {""pose"": 23.19, ""object"": 25.54}}, ""b2"": {""services"": [""pose"", ""object""], ""fps"": {""pose"": 10, ""object"": 10}, ""eff_fps"": {""pose"": 10, ""object"": 10}, ""latency_ms"": {""pose"": 0, ""object"": 0}, ""svclat_ms"": {""pose"": 22.39, ""object"": 32.75}}, ""b3"": {""services"": [""pose"", ""object""], ""fps"": {""pose"": 10, ""object"": 5}, ""eff_fps"": {""pose"": 10, ""object"": 4}, ""latency_ms"": {""pose"": 0, ""object"": 0}, ""svclat_ms"": {""pose"": 22.87, ""object"": 116.88}}, ""b4"": {""services"": [""pose"", ""object""], ""fps"": {""pose"": 10, ""object"": 10}, ""eff_fps"": {""pose"": 10, ""object"": 10}, ""latency_ms"": {""pose"": 0, ""object"": 0}, ""svclat_ms"": {""pose"": 22.32, ""object"": 24.5}}, ""b5"": {""services"": [""pose"", ""object""], ""fps"": {""pose"": 10, ""object"": 10}, ""eff_fps"": {""pose"": 10, ""object"": 10}, ""latency_ms"": {""pose"": 0, ""object"": 0}, ""svclat_ms"": {""pose"": 29.11, ""object"": 31.34}}, ""b6"": {""services"": [""pose"", ""object""], ""fps"": {""pose"": 10, ""object"": 10}, ""eff_fps"": {""pose"": 10, ""object"": 10}, ""latency_ms"": {""pose"": 0, ""object"": 0}, ""svclat_ms"": {""pose"": 49.62, ""object"": 24.64}}, ""b7"": {""services"": [""pose"", ""object""], ""fps"": {""pose"": 10, ""object"": 10}, ""eff_fps"": {""pose"": 10, ""object"": 10}, ""latency_ms"": {""pose"": 0, ""object"": 0}, ""svclat_ms"": {""pose"": 23.59, ""object"": 25.19}}, ""b8"": {""services"": [""pose"", ""object""], ""fps"": {""pose"": 11, ""object"": 6}, ""eff_fps"": {""pose"": 11, ""object"": 6}, ""latency_ms"": {""pose"": 0, ""object"": 0}, ""svclat_ms"": {""pose"": 48.92, ""object"": 22.01}}, ""b9"": {""services"": [""pose"", ""object""], ""fps"": {""pose"": 10, ""object"": 10}, ""eff_fps"": {""pose"": 10, ""object"": 10}, ""latency_ms"": {""pose"": 0, ""object"": 0}, ""svclat_ms"": {""pose"": 50.4, ""object"": 22.79}}, ""b10"": {""services"": [""pose"", ""object""], ""fps"": {""pose"": 10, ""object"": 8}, ""eff_fps"": {""pose"": 10, ""object"": 8}, ""latency_ms"": {""pose"": 0, ""object"": 0}, ""svclat_ms"": {""pose"": 50.66, ""object"": 27.11}}, ""b11"": {""services"": [""pose"", ""object""], ""fps"": {""pose"": 10, ""object"": 10}, ""eff_fps"": {""pose"": 10, ""object"": 10}, ""latency_ms"": {""pose"": 0, ""object"": 0}, ""svclat_ms"": {""pose"": 39.23, ""object"": 30.58}}, ""b12"": {""services"": [""pose"", ""object""], ""fps"": {""pose"": 10, ""object"": 10}, ""eff_fps"": {""pose"": 10, ""object"": 10}, ""latency_ms"": {""pose"": 0, ""object"": 0}, ""svclat_ms"": {""pose"": 31.91, ""object"": 30.06}}}"
200.6,36,23,0.639,0,0,14,7,7,1.0,611.0,590,0.966,130.0,0.3,0.0,10.04,10.0,10.0,10.04,10.0,10.0,0,0,0,28.74,17.11,32.09,591,"{""ip-172-31-0-204"": ""healthy"", ""ip-172-31-1-171"": ""healthy"", ""ip-172-31-10-12"": ""healthy"", ""ip-172-31-11-132"": ""healthy"", ""ip-172-31-13-134"": ""healthy"", ""ip-172-31-14-68"": ""healthy"", ""ip-172-31-40-239"": ""healthy""}",subscribe,10.4,0.2731,0,0,"{""ip-172-31-0-204"": {""object"": 1}, ""ip-172-31-1-171"": {""object"": 1}, ""ip-172-31-11-132"": {""pose"": 1}, ""ip-172-31-40-239"": {""gesture"": 1}, ""ip-172-31-10-12"": {""object"": 1}, ""ip-172-31-13-134"": {""pose"": 1}, ""ip-172-31-14-68"": {""pose"": 1}}","{""a1"": {""services"": [""pose"", ""gesture""], ""fps"": {""pose"": 10, ""gesture"": 10}, ""eff_fps"": {""pose"": 10, ""gesture"": 10}, ""latency_ms"": {""pose"": 0, ""gesture"": 0}, ""svclat_ms"": {""pose"": 23.71, ""gesture"": 17.79}}, ""a2"": {""services"": [""pose"", ""gesture""], ""fps"": {""pose"": 10, ""gesture"": 10}, ""eff_fps"": {""pose"": 10, ""gesture"": 10}, ""latency_ms"": {""pose"": 0, ""gesture"": 0}, ""svclat_ms"": {""pose"": 23.58, ""gesture"": 15.15}}, ""a3"": {""services"": [""pose"", ""gesture""], ""fps"": {""pose"": 10, ""gesture"": 10}, ""eff_fps"": {""pose"": 10, ""gesture"": 10}, ""latency_ms"": {""pose"": 0, ""gesture"": 0}, ""svclat_ms"": {""pose"": 22.73, ""gesture"": 18.59}}, ""a4"": {""services"": [""pose"", ""gesture""], ""fps"": {""pose"": 10, ""gesture"": 10}, ""eff_fps"": {""pose"": 10, ""gesture"": 10}, ""latency_ms"": {""pose"": 0, ""gesture"": 0}, ""svclat_ms"": {""pose"": 23.16, ""gesture"": 16.15}}, ""a5"": {""services"": [""pose"", ""gesture""], ""fps"": {""pose"": 10, ""gesture"": 10}, ""eff_fps"": {""pose"": 10, ""gesture"": 10}, ""latency_ms"": {""pose"": 0, ""gesture"": 0}, ""svclat_ms"": {""pose"": 23.18, ""gesture"": 18.13}}, ""a6"": {""services"": [""pose"", ""gesture""], ""fps"": {""pose"": 10, ""gesture"": 10}, ""eff_fps"": {""pose"": 10, ""gesture"": 10}, ""latency_ms"": {""pose"": 0, ""gesture"": 0}, ""svclat_ms"": {""pose"": 24.27, ""gesture"": 16.41}}, ""a7"": {""services"": [""pose"", ""gesture""], ""fps"": {""pose"": 10, ""gesture"": 10}, ""eff_fps"": {""pose"": 10, ""gesture"": 10}, ""latency_ms"": {""pose"": 0, ""gesture"": 0}, ""svclat_ms"": {""pose"": 22.59, ""gesture"": 16.99}}, ""a8"": {""services"": [""pose"", ""gesture""], ""fps"": {""pose"": 10, ""gesture"": 10}, ""eff_fps"": {""pose"": 10, ""gesture"": 10}, ""latency_ms"": {""pose"": 0, ""gesture"": 0}, ""svclat_ms"": {""pose"": 23.95, ""gesture"": 16.03}}, ""a9"": {""services"": [""pose"", ""gesture""], ""fps"": {""pose"": 10, ""gesture"": 10}, ""eff_fps"": {""pose"": 10, ""gesture"": 10}, ""latency_ms"": {""pose"": 0, ""gesture"": 0}, ""svclat_ms"": {""pose"": 23.01, ""gesture"": 17.93}}, ""a10"": {""services"": [""pose"", ""gesture""], ""fps"": {""pose"": 10, ""gesture"": 10}, ""eff_fps"": {""pose"": 10, ""gesture"": 10}, ""latency_ms"": {""pose"": 0, ""gesture"": 0}, ""svclat_ms"": {""pose"": 22.55, ""gesture"": 15.51}}, ""a11"": {""services"": [""pose"", ""gesture""], ""fps"": {""pose"": 10, ""gesture"": 10}, ""eff_fps"": {""pose"": 10, ""gesture"": 10}, ""latency_ms"": {""pose"": 0, ""gesture"": 0}, ""svclat_ms"": {""pose"": 22.04, ""gesture"": 19.49}}, ""a12"": {""services"": [""pose"", ""gesture""], ""fps"": {""pose"": 10, ""gesture"": 0}, ""eff_fps"": {""pose"": 10, ""gesture"": 0}, ""latency_ms"": {""pose"": 0, ""gesture"": 0}, ""svclat_ms"": {""pose"": 22.31, ""gesture"": 0.0}}, ""z1"": {""services"": [""gesture"", ""object""], ""fps"": {""gesture"": 0, ""object"": 10}, ""eff_fps"": {""gesture"": 0, ""object"": 10}, ""latency_ms"": {""gesture"": 0, ""object"": 0}, ""svclat_ms"": {""gesture"": 0.0, ""object"": 22.63}}, ""z2"": {""services"": [""gesture"", ""object""], ""fps"": {""gesture"": 0, ""object"": 10}, ""eff_fps"": {""gesture"": 0, ""object"": 10}, ""latency_ms"": {""gesture"": 0, ""object"": 0}, ""svclat_ms"": {""gesture"": 0.0, ""object"": 26.1}}, ""z3"": {""services"": [""gesture"", ""object""], ""fps"": {""gesture"": 0, ""object"": 10}, ""eff_fps"": {""gesture"": 0, ""object"": 10}, ""latency_ms"": {""gesture"": 0, ""object"": 0}, ""svclat_ms"": {""gesture"": 0.0, ""object"": 39.37}}, ""z4"": {""services"": [""gesture"", ""object""], ""fps"": {""gesture"": 0, ""object"": 10}, ""eff_fps"": {""gesture"": 0, ""object"": 10}, ""latency_ms"": {""gesture"": 0, ""object"": 0}, ""svclat_ms"": {""gesture"": 0.0, ""object"": 38.77}}, ""z5"": {""services"": [""gesture"", ""object""], ""fps"": {""gesture"": 0, ""object"": 10}, ""eff_fps"": {""gesture"": 0, ""object"": 10}, ""latency_ms"": {""gesture"": 0, ""object"": 0}, ""svclat_ms"": {""gesture"": 0.0, ""object"": 36.97}}, ""z6"": {""services"": [""gesture"", ""object""], ""fps"": {""gesture"": 0, ""object"": 10}, ""eff_fps"": {""gesture"": 0, ""object"": 10}, ""latency_ms"": {""gesture"": 0, ""object"": 0}, ""svclat_ms"": {""gesture"": 0.0, ""object"": 38.23}}, ""z7"": {""services"": [""gesture"", ""object""], ""fps"": {""gesture"": 0, ""object"": 10}, ""eff_fps"": {""gesture"": 0, ""object"": 10}, ""latency_ms"": {""gesture"": 0, ""object"": 0}, ""svclat_ms"": {""gesture"": 0.0, ""object"": 39.35}}, ""z8"": {""services"": [""gesture"", ""object""], ""fps"": {""gesture"": 0, ""object"": 10}, ""eff_fps"": {""gesture"": 0, ""object"": 10}, ""latency_ms"": {""gesture"": 0, ""object"": 0}, ""svclat_ms"": {""gesture"": 0.0, ""object"": 29.79}}, ""z9"": {""services"": [""gesture"", ""object""], ""fps"": {""gesture"": 0, ""object"": 10}, ""eff_fps"": {""gesture"": 0, ""object"": 10}, ""latency_ms"": {""gesture"": 0, ""object"": 0}, ""svclat_ms"": {""gesture"": 0.0, ""object"": 40.74}}, ""z10"": {""services"": [""gesture"", ""object""], ""fps"": {""gesture"": 0, ""object"": 10}, ""eff_fps"": {""gesture"": 0, ""object"": 10}, ""latency_ms"": {""gesture"": 0, ""object"": 0}, ""svclat_ms"": {""gesture"": 0.0, ""object"": 40.01}}, ""z11"": {""services"": [""gesture"", ""object""], ""fps"": {""gesture"": 0, ""object"": 10}, ""eff_fps"": {""gesture"": 0, ""object"": 10}, ""latency_ms"": {""gesture"": 0, ""object"": 0}, ""svclat_ms"": {""gesture"": 0.0, ""object"": 22.15}}, ""z12"": {""services"": [""gesture"", ""object""], ""fps"": {""gesture"": 0, ""object"": 10}, ""eff_fps"": {""gesture"": 0, ""object"": 10}, ""latency_ms"": {""gesture"": 0, ""object"": 0}, ""svclat_ms"": {""gesture"": 0.0, ""object"": 39.25}}, ""b1"": {""services"": [""pose"", ""object""], ""fps"": {""pose"": 10, ""object"": 10}, ""eff_fps"": {""pose"": 10, ""object"": 10}, ""latency_ms"": {""pose"": 0, ""object"": 0}, ""svclat_ms"": {""pose"": 21.75, ""object"": 28.21}}, ""b2"": {""services"": [""pose"", ""object""], ""fps"": {""pose"": 10, ""object"": 10}, ""eff_fps"": {""pose"": 10, ""object"": 10}, ""latency_ms"": {""pose"": 0, ""object"": 0}, ""svclat_ms"": {""pose"": 22.4, ""object"": 38.67}}, ""b3"": {""services"": [""pose"", ""object""], ""fps"": {""pose"": 10, ""object"": 10}, ""eff_fps"": {""pose"": 10, ""object"": 10}, ""latency_ms"": {""pose"": 0, ""object"": 0}, ""svclat_ms"": {""pose"": 22.99, ""object"": 21.01}}, ""b4"": {""services"": [""pose"", ""object""], ""fps"": {""pose"": 10, ""object"": 10}, ""eff_fps"": {""pose"": 10, ""object"": 10}, ""latency_ms"": {""pose"": 0, ""object"": 0}, ""svclat_ms"": {""pose"": 22.28, ""object"": 32.15}}, ""b5"": {""services"": [""pose"", ""object""], ""fps"": {""pose"": 10, ""object"": 10}, ""eff_fps"": {""pose"": 10, ""object"": 10}, ""latency_ms"": {""pose"": 0, ""object"": 0}, ""svclat_ms"": {""pose"": 27.52, ""object"": 38.46}}, ""b6"": {""services"": [""pose"", ""object""], ""fps"": {""pose"": 10, ""object"": 10}, ""eff_fps"": {""pose"": 10, ""object"": 10}, ""latency_ms"": {""pose"": 0, ""object"": 0}, ""svclat_ms"": {""pose"": 50.01, ""object"": 22.78}}, ""b7"": {""services"": [""pose"", ""object""], ""fps"": {""pose"": 10, ""object"": 10}, ""eff_fps"": {""pose"": 10, ""object"": 10}, ""latency_ms"": {""pose"": 0, ""object"": 0}, ""svclat_ms"": {""pose"": 22.67, ""object"": 24.34}}, ""b8"": {""services"": [""pose"", ""object""], ""fps"": {""pose"": 11, ""object"": 10}, ""eff_fps"": {""pose"": 11, ""object"": 10}, ""latency_ms"": {""pose"": 0, ""object"": 0}, ""svclat_ms"": {""pose"": 48.26, ""object"": 25.32}}, ""b9"": {""services"": [""pose"", ""object""], ""fps"": {""pose"": 10, ""object"": 10}, ""eff_fps"": {""pose"": 10, ""object"": 10}, ""latency_ms"": {""pose"": 0, ""object"": 0}, ""svclat_ms"": {""pose"": 49.94, ""object"": 21.94}}, ""b10"": {""services"": [""pose"", ""object""], ""fps"": {""pose"": 10, ""object"": 10}, ""eff_fps"": {""pose"": 10, ""object"": 10}, ""latency_ms"": {""pose"": 0, ""object"": 0}, ""svclat_ms"": {""pose"": 50.51, ""object"": 29.14}}, ""b11"": {""services"": [""pose"", ""object""], ""fps"": {""pose"": 10, ""object"": 10}, ""eff_fps"": {""pose"": 10, ""object"": 10}, ""latency_ms"": {""pose"": 0, ""object"": 0}, ""svclat_ms"": {""pose"": 41.12, ""object"": 37.55}}, ""b12"": {""services"": [""pose"", ""object""], ""fps"": {""pose"": 10, ""object"": 10}, ""eff_fps"": {""pose"": 10, ""object"": 10}, ""latency_ms"": {""pose"": 0, ""object"": 0}, ""svclat_ms"": {""pose"": 33.3, ""object"": 37.2}}}"
203.0,36,23,0.639,0,0,14,7,7,1.0,611.0,590,0.966,130.0,0.3,0.0,9.96,10.0,10.0,9.96,10.0,10.0,0,0,0,28.5,16.5,31.68,589,"{""ip-172-31-0-204"": ""healthy"", ""ip-172-31-1-171"": ""healthy"", ""ip-172-31-10-12"": ""healthy"", ""ip-172-31-11-132"": ""healthy"", ""ip-172-31-13-134"": ""healthy"", ""ip-172-31-14-68"": ""healthy"", ""ip-172-31-40-239"": ""healthy""}",subscribe,10.4,0.2731,0,0,"{""ip-172-31-0-204"": {""object"": 1}, ""ip-172-31-1-171"": {""object"": 1}, ""ip-172-31-11-132"": {""pose"": 1}, ""ip-172-31-40-239"": {""gesture"": 1}, ""ip-172-31-10-12"": {""object"": 1}, ""ip-172-31-13-134"": {""pose"": 1}, ""ip-172-31-14-68"": {""pose"": 1}}","{""a1"": {""services"": [""pose"", ""gesture""], ""fps"": {""pose"": 10, ""gesture"": 10}, ""eff_fps"": {""pose"": 10, ""gesture"": 10}, ""latency_ms"": {""pose"": 0, ""gesture"": 0}, ""svclat_ms"": {""pose"": 23.11, ""gesture"": 16.31}}, ""a2"": {""services"": [""pose"", ""gesture""], ""fps"": {""pose"": 10, ""gesture"": 10}, ""eff_fps"": {""pose"": 10, ""gesture"": 10}, ""latency_ms"": {""pose"": 0, ""gesture"": 0}, ""svclat_ms"": {""pose"": 22.55, ""gesture"": 15.17}}, ""a3"": {""services"": [""pose"", ""gesture""], ""fps"": {""pose"": 10, ""gesture"": 10}, ""eff_fps"": {""pose"": 10, ""gesture"": 10}, ""latency_ms"": {""pose"": 0, ""gesture"": 0}, ""svclat_ms"": {""pose"": 21.42, ""gesture"": 17.1}}, ""a4"": {""services"": [""pose"", ""gesture""], ""fps"": {""pose"": 10, ""gesture"": 10}, ""eff_fps"": {""pose"": 10, ""gesture"": 10}, ""latency_ms"": {""pose"": 0, ""gesture"": 0}, ""svclat_ms"": {""pose"": 22.03, ""gesture"": 15.57}}, ""a5"": {""services"": [""pose"", ""gesture""], ""fps"": {""pose"": 10, ""gesture"": 10}, ""eff_fps"": {""pose"": 10, ""gesture"": 10}, ""latency_ms"": {""pose"": 0, ""gesture"": 0}, ""svclat_ms"": {""pose"": 22.17, ""gesture"": 16.79}}, ""a6"": {""services"": [""pose"", ""gesture""], ""fps"": {""pose"": 10, ""gesture"": 10}, ""eff_fps"": {""pose"": 10, ""gesture"": 10}, ""latency_ms"": {""pose"": 0, ""gesture"": 0}, ""svclat_ms"": {""pose"": 23.48, ""gesture"": 16.62}}, ""a7"": {""services"": [""pose"", ""gesture""], ""fps"": {""pose"": 10, ""gesture"": 10}, ""eff_fps"": {""pose"": 10, ""gesture"": 10}, ""latency_ms"": {""pose"": 0, ""gesture"": 0}, ""svclat_ms"": {""pose"": 21.37, ""gesture"": 16.94}}, ""a8"": {""services"": [""pose"", ""gesture""], ""fps"": {""pose"": 10, ""gesture"": 10}, ""eff_fps"": {""pose"": 10, ""gesture"": 10}, ""latency_ms"": {""pose"": 0, ""gesture"": 0}, ""svclat_ms"": {""pose"": 23.24, ""gesture"": 16.6}}, ""a9"": {""services"": [""pose"", ""gesture""], ""fps"": {""pose"": 10, ""gesture"": 10}, ""eff_fps"": {""pose"": 10, ""gesture"": 10}, ""latency_ms"": {""pose"": 0, ""gesture"": 0}, ""svclat_ms"": {""pose"": 23.57, ""gesture"": 17.25}}, ""a10"": {""services"": [""pose"", ""gesture""], ""fps"": {""pose"": 10, ""gesture"": 10}, ""eff_fps"": {""pose"": 10, ""gesture"": 10}, ""latency_ms"": {""pose"": 0, ""gesture"": 0}, ""svclat_ms"": {""pose"": 24.01, ""gesture"": 15.88}}, ""a11"": {""services"": [""pose"", ""gesture""], ""fps"": {""pose"": 10, ""gesture"": 10}, ""eff_fps"": {""pose"": 10, ""gesture"": 10}, ""latency_ms"": {""pose"": 0, ""gesture"": 0}, ""svclat_ms"": {""pose"": 22.53, ""gesture"": 17.32}}, ""a12"": {""services"": [""pose"", ""gesture""], ""fps"": {""pose"": 10, ""gesture"": 0}, ""eff_fps"": {""pose"": 10, ""gesture"": 0}, ""latency_ms"": {""pose"": 0, ""gesture"": 0}, ""svclat_ms"": {""pose"": 22.16, ""gesture"": 0.0}}, ""z1"": {""services"": [""gesture"", ""object""], ""fps"": {""gesture"": 0, ""object"": 10}, ""eff_fps"": {""gesture"": 0, ""object"": 10}, ""latency_ms"": {""gesture"": 0, ""object"": 0}, ""svclat_ms"": {""gesture"": 0.0, ""object"": 21.88}}, ""z2"": {""services"": [""gesture"", ""object""], ""fps"": {""gesture"": 0, ""object"": 10}, ""eff_fps"": {""gesture"": 0, ""object"": 10}, ""latency_ms"": {""gesture"": 0, ""object"": 0}, ""svclat_ms"": {""gesture"": 0.0, ""object"": 25.6}}, ""z3"": {""services"": [""gesture"", ""object""], ""fps"": {""gesture"": 0, ""object"": 10}, ""eff_fps"": {""gesture"": 0, ""object"": 10}, ""latency_ms"": {""gesture"": 0, ""object"": 0}, ""svclat_ms"": {""gesture"": 0.0, ""object"": 38.53}}, ""z4"": {""services"": [""gesture"", ""object""], ""fps"": {""gesture"": 0, ""object"": 10}, ""eff_fps"": {""gesture"": 0, ""object"": 10}, ""latency_ms"": {""gesture"": 0, ""object"": 0}, ""svclat_ms"": {""gesture"": 0.0, ""object"": 36.18}}, ""z5"": {""services"": [""gesture"", ""object""], ""fps"": {""gesture"": 0, ""object"": 10}, ""eff_fps"": {""gesture"": 0, ""object"": 10}, ""latency_ms"": {""gesture"": 0, ""object"": 0}, ""svclat_ms"": {""gesture"": 0.0, ""object"": 36.83}}, ""z6"": {""services"": [""gesture"", ""object""], ""fps"": {""gesture"": 0, ""object"": 10}, ""eff_fps"": {""gesture"": 0, ""object"": 10}, ""latency_ms"": {""gesture"": 0, ""object"": 0}, ""svclat_ms"": {""gesture"": 0.0, ""object"": 38.04}}, ""z7"": {""services"": [""gesture"", ""object""], ""fps"": {""gesture"": 0, ""object"": 10}, ""eff_fps"": {""gesture"": 0, ""object"": 10}, ""latency_ms"": {""gesture"": 0, ""object"": 0}, ""svclat_ms"": {""gesture"": 0.0, ""object"": 39.21}}, ""z8"": {""services"": [""gesture"", ""object""], ""fps"": {""gesture"": 0, ""object"": 10}, ""eff_fps"": {""gesture"": 0, ""object"": 10}, ""latency_ms"": {""gesture"": 0, ""object"": 0}, ""svclat_ms"": {""gesture"": 0.0, ""object"": 28.75}}, ""z9"": {""services"": [""gesture"", ""object""], ""fps"": {""gesture"": 0, ""object"": 10}, ""eff_fps"": {""gesture"": 0, ""object"": 10}, ""latency_ms"": {""gesture"": 0, ""object"": 0}, ""svclat_ms"": {""gesture"": 0.0, ""object"": 39.91}}, ""z10"": {""services"": [""gesture"", ""object""], ""fps"": {""gesture"": 0, ""object"": 10}, ""eff_fps"": {""gesture"": 0, ""object"": 10}, ""latency_ms"": {""gesture"": 0, ""object"": 0}, ""svclat_ms"": {""gesture"": 0.0, ""object"": 39.12}}, ""z11"": {""services"": [""gesture"", ""object""], ""fps"": {""gesture"": 0, ""object"": 10}, ""eff_fps"": {""gesture"": 0, ""object"": 10}, ""latency_ms"": {""gesture"": 0, ""object"": 0}, ""svclat_ms"": {""gesture"": 0.0, ""object"": 22.33}}, ""z12"": {""services"": [""gesture"", ""object""], ""fps"": {""gesture"": 0, ""object"": 10}, ""eff_fps"": {""gesture"": 0, ""object"": 10}, ""latency_ms"": {""gesture"": 0, ""object"": 0}, ""svclat_ms"": {""gesture"": 0.0, ""object"": 38.65}}, ""b1"": {""services"": [""pose"", ""object""], ""fps"": {""pose"": 10, ""object"": 10}, ""eff_fps"": {""pose"": 10, ""object"": 10}, ""latency_ms"": {""pose"": 0, ""object"": 0}, ""svclat_ms"": {""pose"": 22.83, ""object"": 27.34}}, ""b2"": {""services"": [""pose"", ""object""], ""fps"": {""pose"": 10, ""object"": 10}, ""eff_fps"": {""pose"": 10, ""object"": 10}, ""latency_ms"": {""pose"": 0, ""object"": 0}, ""svclat_ms"": {""pose"": 22.51, ""object"": 37.71}}, ""b3"": {""services"": [""pose"", ""object""], ""fps"": {""pose"": 10, ""object"": 10}, ""eff_fps"": {""pose"": 10, ""object"": 10}, ""latency_ms"": {""pose"": 0, ""object"": 0}, ""svclat_ms"": {""pose"": 23.47, ""object"": 21.21}}, ""b4"": {""services"": [""pose"", ""object""], ""fps"": {""pose"": 10, ""object"": 10}, ""eff_fps"": {""pose"": 10, ""object"": 10}, ""latency_ms"": {""pose"": 0, ""object"": 0}, ""svclat_ms"": {""pose"": 22.75, ""object"": 31.3}}, ""b5"": {""services"": [""pose"", ""object""], ""fps"": {""pose"": 10, ""object"": 10}, ""eff_fps"": {""pose"": 10, ""object"": 10}, ""latency_ms"": {""pose"": 0, ""object"": 0}, ""svclat_ms"": {""pose"": 25.97, ""object"": 38.26}}, ""b6"": {""services"": [""pose"", ""object""], ""fps"": {""pose"": 10, ""object"": 10}, ""eff_fps"": {""pose"": 10, ""object"": 10}, ""latency_ms"": {""pose"": 0, ""object"": 0}, ""svclat_ms"": {""pose"": 49.87, ""object"": 22.38}}, ""b7"": {""services"": [""pose"", ""object""], ""fps"": {""pose"": 10, ""object"": 10}, ""eff_fps"": {""pose"": 10, ""object"": 10}, ""latency_ms"": {""pose"": 0, ""object"": 0}, ""svclat_ms"": {""pose"": 22.83, ""object"": 25.39}}, ""b8"": {""services"": [""pose"", ""object""], ""fps"": {""pose"": 9, ""object"": 10}, ""eff_fps"": {""pose"": 9, ""object"": 10}, ""latency_ms"": {""pose"": 0, ""object"": 0}, ""svclat_ms"": {""pose"": 48.74, ""object"": 26.16}}, ""b9"": {""services"": [""pose"", ""object""], ""fps"": {""pose"": 10, ""object"": 10}, ""eff_fps"": {""pose"": 10, ""object"": 10}, ""latency_ms"": {""pose"": 0, ""object"": 0}, ""svclat_ms"": {""pose"": 49.48, ""object"": 20.88}}, ""b10"": {""services"": [""pose"", ""object""], ""fps"": {""pose"": 10, ""object"": 10}, ""eff_fps"": {""pose"": 10, ""object"": 10}, ""latency_ms"": {""pose"": 0, ""object"": 0}, ""svclat_ms"": {""pose"": 49.97, ""object"": 29.85}}, ""b11"": {""services"": [""pose"", ""object""], ""fps"": {""pose"": 10, ""object"": 10}, ""eff_fps"": {""pose"": 10, ""object"": 10}, ""latency_ms"": {""pose"": 0, ""object"": 0}, ""svclat_ms"": {""pose"": 39.73, ""object"": 37.37}}, ""b12"": {""services"": [""pose"", ""object""], ""fps"": {""pose"": 10, ""object"": 10}, ""eff_fps"": {""pose"": 10, ""object"": 10}, ""latency_ms"": {""pose"": 0, ""object"": 0}, ""svclat_ms"": {""pose"": 34.19, ""object"": 37.47}}}"
205.4,36,23,0.639,0,0,14,7,7,1.0,611.0,590,0.966,130.0,0.3,0.0,10.0,10.0,10.04,10.0,10.0,10.04,0,0,0,28.92,17.27,31.54,591,"{""ip-172-31-0-204"": ""healthy"", ""ip-172-31-1-171"": ""healthy"", ""ip-172-31-10-12"": ""healthy"", ""ip-172-31-11-132"": ""healthy"", ""ip-172-31-13-134"": ""healthy"", ""ip-172-31-14-68"": ""healthy"", ""ip-172-31-40-239"": ""healthy""}",subscribe,10.4,0.2731,0,0,"{""ip-172-31-0-204"": {""object"": 1}, ""ip-172-31-1-171"": {""object"": 1}, ""ip-172-31-11-132"": {""pose"": 1}, ""ip-172-31-40-239"": {""gesture"": 1}, ""ip-172-31-10-12"": {""object"": 1}, ""ip-172-31-13-134"": {""pose"": 1}, ""ip-172-31-14-68"": {""pose"": 1}}","{""a1"": {""services"": [""pose"", ""gesture""], ""fps"": {""pose"": 10, ""gesture"": 10}, ""eff_fps"": {""pose"": 10, ""gesture"": 10}, ""latency_ms"": {""pose"": 0, ""gesture"": 0}, ""svclat_ms"": {""pose"": 23.31, ""gesture"": 17.92}}, ""a2"": {""services"": [""pose"", ""gesture""], ""fps"": {""pose"": 10, ""gesture"": 10}, ""eff_fps"": {""pose"": 10, ""gesture"": 10}, ""latency_ms"": {""pose"": 0, ""gesture"": 0}, ""svclat_ms"": {""pose"": 22.6, ""gesture"": 15.38}}, ""a3"": {""services"": [""pose"", ""gesture""], ""fps"": {""pose"": 10, ""gesture"": 10}, ""eff_fps"": {""pose"": 10, ""gesture"": 10}, ""latency_ms"": {""pose"": 0, ""gesture"": 0}, ""svclat_ms"": {""pose"": 22.05, ""gesture"": 18.69}}, ""a4"": {""services"": [""pose"", ""gesture""], ""fps"": {""pose"": 10, ""gesture"": 10}, ""eff_fps"": {""pose"": 10, ""gesture"": 10}, ""latency_ms"": {""pose"": 0, ""gesture"": 0}, ""svclat_ms"": {""pose"": 22.07, ""gesture"": 16.03}}, ""a5"": {""services"": [""pose"", ""gesture""], ""fps"": {""pose"": 10, ""gesture"": 10}, ""eff_fps"": {""pose"": 10, ""gesture"": 10}, ""latency_ms"": {""pose"": 0, ""gesture"": 0}, ""svclat_ms"": {""pose"": 22.51, ""gesture"": 18.07}}, ""a6"": {""services"": [""pose"", ""gesture""], ""fps"": {""pose"": 10, ""gesture"": 10}, ""eff_fps"": {""pose"": 10, ""gesture"": 10}, ""latency_ms"": {""pose"": 0, ""gesture"": 0}, ""svclat_ms"": {""pose"": 24.0, ""gesture"": 16.87}}, ""a7"": {""services"": [""pose"", ""gesture""], ""fps"": {""pose"": 10, ""gesture"": 10}, ""eff_fps"": {""pose"": 10, ""gesture"": 10}, ""latency_ms"": {""pose"": 0, ""gesture"": 0}, ""svclat_ms"": {""pose"": 22.49, ""gesture"": 17.64}}, ""a8"": {""services"": [""pose"", ""gesture""], ""fps"": {""pose"": 10, ""gesture"": 10}, ""eff_fps"": {""pose"": 10, ""gesture"": 10}, ""latency_ms"": {""pose"": 0, ""gesture"": 0}, ""svclat_ms"": {""pose"": 23.81, ""gesture"": 16.32}}, ""a9"": {""services"": [""pose"", ""gesture""], ""fps"": {""pose"": 10, ""gesture"": 10}, ""eff_fps"": {""pose"": 10, ""gesture"": 10}, ""latency_ms"": {""pose"": 0, ""gesture"": 0}, ""svclat_ms"": {""pose"": 23.14, ""gesture"": 18.13}}, ""a10"": {""services"": [""pose"", ""gesture""], ""fps"": {""pose"": 10, ""gesture"": 10}, ""eff_fps"": {""pose"": 10, ""gesture"": 10}, ""latency_ms"": {""pose"": 0, ""gesture"": 0}, ""svclat_ms"": {""pose"": 23.54, ""gesture"": 16.24}}, ""a11"": {""services"": [""pose"", ""gesture""], ""fps"": {""pose"": 10, ""gesture"": 10}, ""eff_fps"": {""pose"": 10, ""gesture"": 10}, ""latency_ms"": {""pose"": 0, ""gesture"": 0}, ""svclat_ms"": {""pose"": 23.82, ""gesture"": 18.69}}, ""a12"": {""services"": [""pose"", ""gesture""], ""fps"": {""pose"": 10, ""gesture"": 0}, ""eff_fps"": {""pose"": 10, ""gesture"": 0}, ""latency_ms"": {""pose"": 0, ""gesture"": 0}, ""svclat_ms"": {""pose"": 23.23, ""gesture"": 0.0}}, ""z1"": {""services"": [""gesture"", ""object""], ""fps"": {""gesture"": 0, ""object"": 10}, ""eff_fps"": {""gesture"": 0, ""object"": 10}, ""latency_ms"": {""gesture"": 0, ""object"": 0}, ""svclat_ms"": {""gesture"": 0.0, ""object"": 22.9}}, ""z2"": {""services"": [""gesture"", ""object""], ""fps"": {""gesture"": 0, ""object"": 10}, ""eff_fps"": {""gesture"": 0, ""object"": 10}, ""latency_ms"": {""gesture"": 0, ""object"": 0}, ""svclat_ms"": {""gesture"": 0.0, ""object"": 26.19}}, ""z3"": {""services"": [""gesture"", ""object""], ""fps"": {""gesture"": 0, ""object"": 10}, ""eff_fps"": {""gesture"": 0, ""object"": 10}, ""latency_ms"": {""gesture"": 0, ""object"": 0}, ""svclat_ms"": {""gesture"": 0.0, ""object"": 38.94}}, ""z4"": {""services"": [""gesture"", ""object""], ""fps"": {""gesture"": 0, ""object"": 10}, ""eff_fps"": {""gesture"": 0, ""object"": 10}, ""latency_ms"": {""gesture"": 0, ""object"": 0}, ""svclat_ms"": {""gesture"": 0.0, ""object"": 36.86}}, ""z5"": {""services"": [""gesture"", ""object""], ""fps"": {""gesture"": 0, ""object"": 10}, ""eff_fps"": {""gesture"": 0, ""object"": 10}, ""latency_ms"": {""gesture"": 0, ""object"": 0}, ""svclat_ms"": {""gesture"": 0.0, ""object"": 36.26}}, ""z6"": {""services"": [""gesture"", ""object""], ""fps"": {""gesture"": 0, ""object"": 10}, ""eff_fps"": {""gesture"": 0, ""object"": 10}, ""latency_ms"": {""gesture"": 0, ""object"": 0}, ""svclat_ms"": {""gesture"": 0.0, ""object"": 37.57}}, ""z7"": {""services"": [""gesture"", ""object""], ""fps"": {""gesture"": 0, ""object"": 10}, ""eff_fps"": {""gesture"": 0, ""object"": 10}, ""latency_ms"": {""gesture"": 0, ""object"": 0}, ""svclat_ms"": {""gesture"": 0.0, ""object"": 38.82}}, ""z8"": {""services"": [""gesture"", ""object""], ""fps"": {""gesture"": 0, ""object"": 10}, ""eff_fps"": {""gesture"": 0, ""object"": 10}, ""latency_ms"": {""gesture"": 0, ""object"": 0}, ""svclat_ms"": {""gesture"": 0.0, ""object"": 33.19}}, ""z9"": {""services"": [""gesture"", ""object""], ""fps"": {""gesture"": 0, ""object"": 11}, ""eff_fps"": {""gesture"": 0, ""object"": 11}, ""latency_ms"": {""gesture"": 0, ""object"": 0}, ""svclat_ms"": {""gesture"": 0.0, ""object"": 39.01}}, ""z10"": {""services"": [""gesture"", ""object""], ""fps"": {""gesture"": 0, ""object"": 10}, ""eff_fps"": {""gesture"": 0, ""object"": 10}, ""latency_ms"": {""gesture"": 0, ""object"": 0}, ""svclat_ms"": {""gesture"": 0.0, ""object"": 38.64}}, ""z11"": {""services"": [""gesture"", ""object""], ""fps"": {""gesture"": 0, ""object"": 10}, ""eff_fps"": {""gesture"": 0, ""object"": 10}, ""latency_ms"": {""gesture"": 0, ""object"": 0}, ""svclat_ms"": {""gesture"": 0.0, ""object"": 21.69}}, ""z12"": {""services"": [""gesture"", ""object""], ""fps"": {""gesture"": 0, ""object"": 10}, ""eff_fps"": {""gesture"": 0, ""object"": 10}, ""latency_ms"": {""gesture"": 0, ""object"": 0}, ""svclat_ms"": {""gesture"": 0.0, ""object"": 37.96}}, ""b1"": {""services"": [""pose"", ""object""], ""fps"": {""pose"": 10, ""object"": 10}, ""eff_fps"": {""pose"": 10, ""object"": 10}, ""latency_ms"": {""pose"": 0, ""object"": 0}, ""svclat_ms"": {""pose"": 23.08, ""object"": 26.84}}, ""b2"": {""services"": [""pose"", ""object""], ""fps"": {""pose"": 10, ""object"": 10}, ""eff_fps"": {""pose"": 10, ""object"": 10}, ""latency_ms"": {""pose"": 0, ""object"": 0}, ""svclat_ms"": {""pose"": 23.78, ""object"": 37.22}}, ""b3"": {""services"": [""pose"", ""object""], ""fps"": {""pose"": 10, ""object"": 10}, ""eff_fps"": {""pose"": 10, ""object"": 10}, ""latency_ms"": {""pose"": 0, ""object"": 0}, ""svclat_ms"": {""pose"": 23.47, ""object"": 21.28}}, ""b4"": {""services"": [""pose"", ""object""], ""fps"": {""pose"": 10, ""object"": 10}, ""eff_fps"": {""pose"": 10, ""object"": 10}, ""latency_ms"": {""pose"": 0, ""object"": 0}, ""svclat_ms"": {""pose"": 22.85, ""object"": 31.02}}, ""b5"": {""services"": [""pose"", ""object""], ""fps"": {""pose"": 10, ""object"": 10}, ""eff_fps"": {""pose"": 10, ""object"": 10}, ""latency_ms"": {""pose"": 0, ""object"": 0}, ""svclat_ms"": {""pose"": 26.4, ""object"": 37.19}}, ""b6"": {""services"": [""pose"", ""object""], ""fps"": {""pose"": 10, ""object"": 10}, ""eff_fps"": {""pose"": 10, ""object"": 10}, ""latency_ms"": {""pose"": 0, ""object"": 0}, ""svclat_ms"": {""pose"": 49.07, ""object"": 22.43}}, ""b7"": {""services"": [""pose"", ""object""], ""fps"": {""pose"": 10, ""object"": 10}, ""eff_fps"": {""pose"": 10, ""object"": 10}, ""latency_ms"": {""pose"": 0, ""object"": 0}, ""svclat_ms"": {""pose"": 22.8, ""object"": 24.45}}, ""b8"": {""services"": [""pose"", ""object""], ""fps"": {""pose"": 10, ""object"": 10}, ""eff_fps"": {""pose"": 10, ""object"": 10}, ""latency_ms"": {""pose"": 0, ""object"": 0}, ""svclat_ms"": {""pose"": 48.11, ""object"": 25.17}}, ""b9"": {""services"": [""pose"", ""object""], ""fps"": {""pose"": 10, ""object"": 10}, ""eff_fps"": {""pose"": 10, ""object"": 10}, ""latency_ms"": {""pose"": 0, ""object"": 0}, ""svclat_ms"": {""pose"": 50.19, ""object"": 21.32}}, ""b10"": {""services"": [""pose"", ""object""], ""fps"": {""pose"": 10, ""object"": 10}, ""eff_fps"": {""pose"": 10, ""object"": 10}, ""latency_ms"": {""pose"": 0, ""object"": 0}, ""svclat_ms"": {""pose"": 50.49, ""object"": 28.93}}, ""b11"": {""services"": [""pose"", ""object""], ""fps"": {""pose"": 10, ""object"": 10}, ""eff_fps"": {""pose"": 10, ""object"": 10}, ""latency_ms"": {""pose"": 0, ""object"": 0}, ""svclat_ms"": {""pose"": 42.45, ""object"": 36.52}}, ""b12"": {""services"": [""pose"", ""object""], ""fps"": {""pose"": 10, ""object"": 10}, ""eff_fps"": {""pose"": 10, ""object"": 10}, ""latency_ms"": {""pose"": 0, ""object"": 0}, ""svclat_ms"": {""pose"": 34.76, ""object"": 36.53}}}"
207.8,36,23,0.639,0,0,14,7,7,1.0,611.0,590,0.966,130.0,0.3,0.0,9.96,10.0,10.0,9.96,10.0,10.0,0,0,0,29.19,16.49,31.57,589,"{""ip-172-31-0-204"": ""healthy"", ""ip-172-31-1-171"": ""healthy"", ""ip-172-31-10-12"": ""healthy"", ""ip-172-31-11-132"": ""healthy"", ""ip-172-31-13-134"": ""healthy"", ""ip-172-31-14-68"": ""healthy"", ""ip-172-31-40-239"": ""healthy""}",subscribe,10.4,0.2731,0,0,"{""ip-172-31-0-204"": {""object"": 1}, ""ip-172-31-1-171"": {""object"": 1}, ""ip-172-31-11-132"": {""pose"": 1}, ""ip-172-31-40-239"": {""gesture"": 1}, ""ip-172-31-10-12"": {""object"": 1}, ""ip-172-31-13-134"": {""pose"": 1}, ""ip-172-31-14-68"": {""pose"": 1}}","{""a1"": {""services"": [""pose"", ""gesture""], ""fps"": {""pose"": 10, ""gesture"": 10}, ""eff_fps"": {""pose"": 10, ""gesture"": 10}, ""latency_ms"": {""pose"": 0, ""gesture"": 0}, ""svclat_ms"": {""pose"": 22.11, ""gesture"": 16.24}}, ""a2"": {""services"": [""pose"", ""gesture""], ""fps"": {""pose"": 10, ""gesture"": 10}, ""eff_fps"": {""pose"": 10, ""gesture"": 10}, ""latency_ms"": {""pose"": 0, ""gesture"": 0}, ""svclat_ms"": {""pose"": 21.79, ""gesture"": 15.3}}, ""a3"": {""services"": [""pose"", ""gesture""], ""fps"": {""pose"": 10, ""gesture"": 10}, ""eff_fps"": {""pose"": 10, ""gesture"": 10}, ""latency_ms"": {""pose"": 0, ""gesture"": 0}, ""svclat_ms"": {""pose"": 21.74, ""gesture"": 17.1}}, ""a4"": {""services"": [""pose"", ""gesture""], ""fps"": {""pose"": 10, ""gesture"": 10}, ""eff_fps"": {""pose"": 10, ""gesture"": 10}, ""latency_ms"": {""pose"": 0, ""gesture"": 0}, ""svclat_ms"": {""pose"": 21.82, ""gesture"": 15.81}}, ""a5"": {""services"": [""pose"", ""gesture""], ""fps"": {""pose"": 10, ""gesture"": 10}, ""eff_fps"": {""pose"": 10, ""gesture"": 10}, ""latency_ms"": {""pose"": 0, ""gesture"": 0}, ""svclat_ms"": {""pose"": 21.75, ""gesture"": 17.28}}, ""a6"": {""services"": [""pose"", ""gesture""], ""fps"": {""pose"": 10, ""gesture"": 10}, ""eff_fps"": {""pose"": 10, ""gesture"": 10}, ""latency_ms"": {""pose"": 0, ""gesture"": 0}, ""svclat_ms"": {""pose"": 23.31, ""gesture"": 16.14}}, ""a7"": {""services"": [""pose"", ""gesture""], ""fps"": {""pose"": 10, ""gesture"": 10}, ""eff_fps"": {""pose"": 10, ""gesture"": 10}, ""latency_ms"": {""pose"": 0, ""gesture"": 0}, ""svclat_ms"": {""pose"": 21.01, ""gesture"": 16.99}}, ""a8"": {""services"": [""pose"", ""gesture""], ""fps"": {""pose"": 10, ""gesture"": 10}, ""eff_fps"": {""pose"": 10, ""gesture"": 10}, ""latency_ms"": {""pose"": 0, ""gesture"": 0}, ""svclat_ms"": {""pose"": 22.75, ""gesture"": 16.02}}, ""a9"": {""services"": [""pose"", ""gesture""], ""fps"": {""pose"": 10, ""gesture"": 10}, ""eff_fps"": {""pose"": 10, ""gesture"": 10}, ""latency_ms"": {""pose"": 0, ""gesture"": 0}, ""svclat_ms"": {""pose"": 24.09, ""gesture"": 17.0}}, ""a10"": {""services"": [""pose"", ""gesture""], ""fps"": {""pose"": 10, ""gesture"": 10}, ""eff_fps"": {""pose"": 10, ""gesture"": 10}, ""latency_ms"": {""pose"": 0, ""gesture"": 0}, ""svclat_ms"": {""pose"": 24.85, ""gesture"": 16.2}}, ""a11"": {""services"": [""pose"", ""gesture""], ""fps"": {""pose"": 10, ""gesture"": 10}, ""eff_fps"": {""pose"": 10, ""gesture"": 10}, ""latency_ms"": {""pose"": 0, ""gesture"": 0}, ""svclat_ms"": {""pose"": 23.98, ""gesture"": 17.26}}, ""a12"": {""services"": [""pose"", ""gesture""], ""fps"": {""pose"": 10, ""gesture"": 0}, ""eff_fps"": {""pose"": 10, ""gesture"": 0}, ""latency_ms"": {""pose"": 0, ""gesture"": 0}, ""svclat_ms"": {""pose"": 23.85, ""gesture"": 0.0}}, ""z1"": {""services"": [""gesture"", ""object""], ""fps"": {""gesture"": 0, ""object"": 10}, ""eff_fps"": {""gesture"": 0, ""object"": 10}, ""latency_ms"": {""gesture"": 0, ""object"": 0}, ""svclat_ms"": {""gesture"": 0.0, ""object"": 22.08}}, ""z2"": {""services"": [""gesture"", ""object""], ""fps"": {""gesture"": 0, ""object"": 10}, ""eff_fps"": {""gesture"": 0, ""object"": 10}, ""latency_ms"": {""gesture"": 0, ""object"": 0}, ""svclat_ms"": {""gesture"": 0.0, ""object"": 25.96}}, ""z3"": {""services"": [""gesture"", ""object""], ""fps"": {""gesture"": 0, ""object"": 10}, ""eff_fps"": {""gesture"": 0, ""object"": 10}, ""latency_ms"": {""gesture"": 0, ""object"": 0}, ""svclat_ms"": {""gesture"": 0.0, ""object"": 38.3}}, ""z4"": {""services"": [""gesture"", ""object""], ""fps"": {""gesture"": 0, ""object"": 10}, ""eff_fps"": {""gesture"": 0, ""object"": 10}, ""latency_ms"": {""gesture"": 0, ""object"": 0}, ""svclat_ms"": {""gesture"": 0.0, ""object"": 37.29}}, ""z5"": {""services"": [""gesture"", ""object""], ""fps"": {""gesture"": 0, ""object"": 10}, ""eff_fps"": {""gesture"": 0, ""object"": 10}, ""latency_ms"": {""gesture"": 0, ""object"": 0}, ""svclat_ms"": {""gesture"": 0.0, ""object"": 35.48}}, ""z6"": {""services"": [""gesture"", ""object""], ""fps"": {""gesture"": 0, ""object"": 10}, ""eff_fps"": {""gesture"": 0, ""object"": 10}, ""latency_ms"": {""gesture"": 0, ""object"": 0}, ""svclat_ms"": {""gesture"": 0.0, ""object"": 37.02}}, ""z7"": {""services"": [""gesture"", ""object""], ""fps"": {""gesture"": 0, ""object"": 10}, ""eff_fps"": {""gesture"": 0, ""object"": 10}, ""latency_ms"": {""gesture"": 0, ""object"": 0}, ""svclat_ms"": {""gesture"": 0.0, ""object"": 38.22}}, ""z8"": {""services"": [""gesture"", ""object""], ""fps"": {""gesture"": 0, ""object"": 10}, ""eff_fps"": {""gesture"": 0, ""object"": 10}, ""latency_ms"": {""gesture"": 0, ""object"": 0}, ""svclat_ms"": {""gesture"": 0.0, ""object"": 28.79}}, ""z9"": {""services"": [""gesture"", ""object""], ""fps"": {""gesture"": 0, ""object"": 10}, ""eff_fps"": {""gesture"": 0, ""object"": 10}, ""latency_ms"": {""gesture"": 0, ""object"": 0}, ""svclat_ms"": {""gesture"": 0.0, ""object"": 40.55}}, ""z10"": {""services"": [""gesture"", ""object""], ""fps"": {""gesture"": 0, ""object"": 10}, ""eff_fps"": {""gesture"": 0, ""object"": 10}, ""latency_ms"": {""gesture"": 0, ""object"": 0}, ""svclat_ms"": {""gesture"": 0.0, ""object"": 39.79}}, ""z11"": {""services"": [""gesture"", ""object""], ""fps"": {""gesture"": 0, ""object"": 10}, ""eff_fps"": {""gesture"": 0, ""object"": 10}, ""latency_ms"": {""gesture"": 0, ""object"": 0}, ""svclat_ms"": {""gesture"": 0.0, ""object"": 21.78}}, ""z12"": {""services"": [""gesture"", ""object""], ""fps"": {""gesture"": 0, ""object"": 10}, ""eff_fps"": {""gesture"": 0, ""object"": 10}, ""latency_ms"": {""gesture"": 0, ""object"": 0}, ""svclat_ms"": {""gesture"": 0.0, ""object"": 39.06}}, ""b1"": {""services"": [""pose"", ""object""], ""fps"": {""pose"": 10, ""object"": 10}, ""eff_fps"": {""pose"": 10, ""object"": 10}, ""latency_ms"": {""pose"": 0, ""object"": 0}, ""svclat_ms"": {""pose"": 24.47, ""object"": 28.2}}, ""b2"": {""services"": [""pose"", ""object""], ""fps"": {""pose"": 10, ""object"": 10}, ""eff_fps"": {""pose"": 10, ""object"": 10}, ""latency_ms"": {""pose"": 0, ""object"": 0}, ""svclat_ms"": {""pose"": 24.79, ""object"": 38.53}}, ""b3"": {""services"": [""pose"", ""object""], ""fps"": {""pose"": 10, ""object"": 10}, ""eff_fps"": {""pose"": 10, ""object"": 10}, ""latency_ms"": {""pose"": 0, ""object"": 0}, ""svclat_ms"": {""pose"": 23.21, ""object"": 22.21}}, ""b4"": {""services"": [""pose"", ""object""], ""fps"": {""pose"": 10, ""object"": 10}, ""eff_fps"": {""pose"": 10, ""object"": 10}, ""latency_ms"": {""pose"": 0, ""object"": 0}, ""svclat_ms"": {""pose"": 24.26, ""object"": 31.57}}, ""b5"": {""services"": [""pose"", ""object""], ""fps"": {""pose"": 10, ""object"": 10}, ""eff_fps"": {""pose"": 10, ""object"": 10}, ""latency_ms"": {""pose"": 0, ""object"": 0}, ""svclat_ms"": {""pose"": 29.18, ""object"": 36.35}}, ""b6"": {""services"": [""pose"", ""object""], ""fps"": {""pose"": 10, ""object"": 10}, ""eff_fps"": {""pose"": 10, ""object"": 10}, ""latency_ms"": {""pose"": 0, ""object"": 0}, ""svclat_ms"": {""pose"": 50.33, ""object"": 22.28}}, ""b7"": {""services"": [""pose"", ""object""], ""fps"": {""pose"": 10, ""object"": 10}, ""eff_fps"": {""pose"": 10, ""object"": 10}, ""latency_ms"": {""pose"": 0, ""object"": 0}, ""svclat_ms"": {""pose"": 23.5, ""object"": 24.43}}, ""b8"": {""services"": [""pose"", ""object""], ""fps"": {""pose"": 9, ""object"": 10}, ""eff_fps"": {""pose"": 9, ""object"": 10}, ""latency_ms"": {""pose"": 0, ""object"": 0}, ""svclat_ms"": {""pose"": 49.27, ""object"": 24.6}}, ""b9"": {""services"": [""pose"", ""object""], ""fps"": {""pose"": 10, ""object"": 10}, ""eff_fps"": {""pose"": 10, ""object"": 10}, ""latency_ms"": {""pose"": 0, ""object"": 0}, ""svclat_ms"": {""pose"": 50.69, ""object"": 21.09}}, ""b10"": {""services"": [""pose"", ""object""], ""fps"": {""pose"": 10, ""object"": 10}, ""eff_fps"": {""pose"": 10, ""object"": 10}, ""latency_ms"": {""pose"": 0, ""object"": 0}, ""svclat_ms"": {""pose"": 51.57, ""object"": 30.23}}, ""b11"": {""services"": [""pose"", ""object""], ""fps"": {""pose"": 10, ""object"": 10}, ""eff_fps"": {""pose"": 10, ""object"": 10}, ""latency_ms"": {""pose"": 0, ""object"": 0}, ""svclat_ms"": {""pose"": 40.54, ""object"": 35.61}}, ""b12"": {""services"": [""pose"", ""object""], ""fps"": {""pose"": 10, ""object"": 10}, ""eff_fps"": {""pose"": 10, ""object"": 10}, ""latency_ms"": {""pose"": 0, ""object"": 0}, ""svclat_ms"": {""pose"": 35.66, ""object"": 38.25}}}"
210.1,36,23,0.639,0,0,14,7,7,1.0,611.0,590,0.966,130.0,0.3,0.0,10.0,10.0,10.0,10.0,10.0,10.0,0,0,0,28.72,16.67,31.96,590,"{""ip-172-31-0-204"": ""healthy"", ""ip-172-31-1-171"": ""healthy"", ""ip-172-31-10-12"": ""healthy"", ""ip-172-31-11-132"": ""healthy"", ""ip-172-31-13-134"": ""healthy"", ""ip-172-31-14-68"": ""healthy"", ""ip-172-31-40-239"": ""healthy""}",subscribe,10.4,0.2731,0,0,"{""ip-172-31-0-204"": {""object"": 1}, ""ip-172-31-1-171"": {""object"": 1}, ""ip-172-31-11-132"": {""pose"": 1}, ""ip-172-31-40-239"": {""gesture"": 1}, ""ip-172-31-10-12"": {""object"": 1}, ""ip-172-31-13-134"": {""pose"": 1}, ""ip-172-31-14-68"": {""pose"": 1}}","{""a1"": {""services"": [""pose"", ""gesture""], ""fps"": {""pose"": 10, ""gesture"": 10}, ""eff_fps"": {""pose"": 10, ""gesture"": 10}, ""latency_ms"": {""pose"": 0, ""gesture"": 0}, ""svclat_ms"": {""pose"": 21.71, ""gesture"": 16.14}}, ""a2"": {""services"": [""pose"", ""gesture""], ""fps"": {""pose"": 10, ""gesture"": 10}, ""eff_fps"": {""pose"": 10, ""gesture"": 10}, ""latency_ms"": {""pose"": 0, ""gesture"": 0}, ""svclat_ms"": {""pose"": 22.29, ""gesture"": 15.39}}, ""a3"": {""services"": [""pose"", ""gesture""], ""fps"": {""pose"": 10, ""gesture"": 10}, ""eff_fps"": {""pose"": 10, ""gesture"": 10}, ""latency_ms"": {""pose"": 0, ""gesture"": 0}, ""svclat_ms"": {""pose"": 21.88, ""gesture"": 17.59}}, ""a4"": {""services"": [""pose"", ""gesture""], ""fps"": {""pose"": 10, ""gesture"": 10}, ""eff_fps"": {""pose"": 10, ""gesture"": 10}, ""latency_ms"": {""pose"": 0, ""gesture"": 0}, ""svclat_ms"": {""pose"": 22.51, ""gesture"": 15.92}}, ""a5"": {""services"": [""pose"", ""gesture""], ""fps"": {""pose"": 10, ""gesture"": 10}, ""eff_fps"": {""pose"": 10, ""gesture"": 10}, ""latency_ms"": {""pose"": 0, ""gesture"": 0}, ""svclat_ms"": {""pose"": 22.73, ""gesture"": 16.89}}, ""a6"": {""services"": [""pose"", ""gesture""], ""fps"": {""pose"": 10, ""gesture"": 10}, ""eff_fps"": {""pose"": 10, ""gesture"": 10}, ""latency_ms"": {""pose"": 0, ""gesture"": 0}, ""svclat_ms"": {""pose"": 22.56, ""gesture"": 16.63}}, ""a7"": {""services"": [""pose"", ""gesture""], ""fps"": {""pose"": 10, ""gesture"": 10}, ""eff_fps"": {""pose"": 10, ""gesture"": 10}, ""latency_ms"": {""pose"": 0, ""gesture"": 0}, ""svclat_ms"": {""pose"": 21.46, ""gesture"": 17.11}}, ""a8"": {""services"": [""pose"", ""gesture""], ""fps"": {""pose"": 10, ""gesture"": 10}, ""eff_fps"": {""pose"": 10, ""gesture"": 10}, ""latency_ms"": {""pose"": 0, ""gesture"": 0}, ""svclat_ms"": {""pose"": 22.35, ""gesture"": 16.56}}, ""a9"": {""services"": [""pose"", ""gesture""], ""fps"": {""pose"": 10, ""gesture"": 10}, ""eff_fps"": {""pose"": 10, ""gesture"": 10}, ""latency_ms"": {""pose"": 0, ""gesture"": 0}, ""svclat_ms"": {""pose"": 23.09, ""gesture"": 17.44}}, ""a10"": {""services"": [""pose"", ""gesture""], ""fps"": {""pose"": 10, ""gesture"": 10}, ""eff_fps"": {""pose"": 10, ""gesture"": 10}, ""latency_ms"": {""pose"": 0, ""gesture"": 0}, ""svclat_ms"": {""pose"": 23.3, ""gesture"": 16.2}}, ""a11"": {""services"": [""pose"", ""gesture""], ""fps"": {""pose"": 9, ""gesture"": 10}, ""eff_fps"": {""pose"": 9, ""gesture"": 10}, ""latency_ms"": {""pose"": 0, ""gesture"": 0}, ""svclat_ms"": {""pose"": 23.22, ""gesture"": 17.49}}, ""a12"": {""services"": [""pose"", ""gesture""], ""fps"": {""pose"": 10, ""gesture"": 0}, ""eff_fps"": {""pose"": 10, ""gesture"": 0}, ""latency_ms"": {""pose"": 0, ""gesture"": 0}, ""svclat_ms"": {""pose"": 22.98, ""gesture"": 0.0}}, ""z1"": {""services"": [""gesture"", ""object""], ""fps"": {""gesture"": 0, ""object"": 10}, ""eff_fps"": {""gesture"": 0, ""object"": 10}, ""latency_ms"": {""gesture"": 0, ""object"": 0}, ""svclat_ms"": {""gesture"": 0.0, ""object"": 22.59}}, ""z2"": {""services"": [""gesture"", ""object""], ""fps"": {""gesture"": 0, ""object"": 10}, ""eff_fps"": {""gesture"": 0, ""object"": 10}, ""latency_ms"": {""gesture"": 0, ""object"": 0}, ""svclat_ms"": {""gesture"": 0.0, ""object"": 25.89}}, ""z3"": {""services"": [""gesture"", ""object""], ""fps"": {""gesture"": 0, ""object"": 10}, ""eff_fps"": {""gesture"": 0, ""object"": 10}, ""latency_ms"": {""gesture"": 0, ""object"": 0}, ""svclat_ms"": {""gesture"": 0.0, ""object"": 38.93}}, ""z4"": {""services"": [""gesture"", ""object""], ""fps"": {""gesture"": 0, ""object"": 10}, ""eff_fps"": {""gesture"": 0, ""object"": 10}, ""latency_ms"": {""gesture"": 0, ""object"": 0}, ""svclat_ms"": {""gesture"": 0.0, ""object"": 38.43}}, ""z5"": {""services"": [""gesture"", ""object""], ""fps"": {""gesture"": 0, ""object"": 10}, ""eff_fps"": {""gesture"": 0, ""object"": 10}, ""latency_ms"": {""gesture"": 0, ""object"": 0}, ""svclat_ms"": {""gesture"": 0.0, ""object"": 36.3}}, ""z6"": {""services"": [""gesture"", ""object""], ""fps"": {""gesture"": 0, ""object"": 10}, ""eff_fps"": {""gesture"": 0, ""object"": 10}, ""latency_ms"": {""gesture"": 0, ""object"": 0}, ""svclat_ms"": {""gesture"": 0.0, ""object"": 37.88}}, ""z7"": {""services"": [""gesture"", ""object""], ""fps"": {""gesture"": 0, ""object"": 10}, ""eff_fps"": {""gesture"": 0, ""object"": 10}, ""latency_ms"": {""gesture"": 0, ""object"": 0}, ""svclat_ms"": {""gesture"": 0.0, ""object"": 39.07}}, ""z8"": {""services"": [""gesture"", ""object""], ""fps"": {""gesture"": 0, ""object"": 10}, ""eff_fps"": {""gesture"": 0, ""object"": 10}, ""latency_ms"": {""gesture"": 0, ""object"": 0}, ""svclat_ms"": {""gesture"": 0.0, ""object"": 30.78}}, ""z9"": {""services"": [""gesture"", ""object""], ""fps"": {""gesture"": 0, ""object"": 10}, ""eff_fps"": {""gesture"": 0, ""object"": 10}, ""latency_ms"": {""gesture"": 0, ""object"": 0}, ""svclat_ms"": {""gesture"": 0.0, ""object"": 40.54}}, ""z10"": {""services"": [""gesture"", ""object""], ""fps"": {""gesture"": 0, ""object"": 10}, ""eff_fps"": {""gesture"": 0, ""object"": 10}, ""latency_ms"": {""gesture"": 0, ""object"": 0}, ""svclat_ms"": {""gesture"": 0.0, ""object"": 40.04}}, ""z11"": {""services"": [""gesture"", ""object""], ""fps"": {""gesture"": 0, ""object"": 10}, ""eff_fps"": {""gesture"": 0, ""object"": 10}, ""latency_ms"": {""gesture"": 0, ""object"": 0}, ""svclat_ms"": {""gesture"": 0.0, ""object"": 22.77}}, ""z12"": {""services"": [""gesture"", ""object""], ""fps"": {""gesture"": 0, ""object"": 10}, ""eff_fps"": {""gesture"": 0, ""object"": 10}, ""latency_ms"": {""gesture"": 0, ""object"": 0}, ""svclat_ms"": {""gesture"": 0.0, ""object"": 39.2}}, ""b1"": {""services"": [""pose"", ""object""], ""fps"": {""pose"": 10, ""object"": 10}, ""eff_fps"": {""pose"": 10, ""object"": 10}, ""latency_ms"": {""pose"": 0, ""object"": 0}, ""svclat_ms"": {""pose"": 23.62, ""object"": 28.09}}, ""b2"": {""services"": [""pose"", ""object""], ""fps"": {""pose"": 10, ""object"": 10}, ""eff_fps"": {""pose"": 10, ""object"": 10}, ""latency_ms"": {""pose"": 0, ""object"": 0}, ""svclat_ms"": {""pose"": 23.66, ""object"": 37.94}}, ""b3"": {""services"": [""pose"", ""object""], ""fps"": {""pose"": 10, ""object"": 10}, ""eff_fps"": {""pose"": 10, ""object"": 10}, ""latency_ms"": {""pose"": 0, ""object"": 0}, ""svclat_ms"": {""pose"": 23.07, ""object"": 21.17}}, ""b4"": {""services"": [""pose"", ""object""], ""fps"": {""pose"": 10, ""object"": 10}, ""eff_fps"": {""pose"": 10, ""object"": 10}, ""latency_ms"": {""pose"": 0, ""object"": 0}, ""svclat_ms"": {""pose"": 23.46, ""object"": 32.04}}, ""b5"": {""services"": [""pose"", ""object""], ""fps"": {""pose"": 10, ""object"": 10}, ""eff_fps"": {""pose"": 10, ""object"": 10}, ""latency_ms"": {""pose"": 0, ""object"": 0}, ""svclat_ms"": {""pose"": 28.2, ""object"": 37.53}}, ""b6"": {""services"": [""pose"", ""object""], ""fps"": {""pose"": 10, ""object"": 10}, ""eff_fps"": {""pose"": 10, ""object"": 10}, ""latency_ms"": {""pose"": 0, ""object"": 0}, ""svclat_ms"": {""pose"": 49.96, ""object"": 22.99}}, ""b7"": {""services"": [""pose"", ""object""], ""fps"": {""pose"": 10, ""object"": 10}, ""eff_fps"": {""pose"": 10, ""object"": 10}, ""latency_ms"": {""pose"": 0, ""object"": 0}, ""svclat_ms"": {""pose"": 23.7, ""object"": 24.91}}, ""b8"": {""services"": [""pose"", ""object""], ""fps"": {""pose"": 11, ""object"": 10}, ""eff_fps"": {""pose"": 11, ""object"": 10}, ""latency_ms"": {""pose"": 0, ""object"": 0}, ""svclat_ms"": {""pose"": 48.3, ""object"": 25.32}}, ""b9"": {""services"": [""pose"", ""object""], ""fps"": {""pose"": 10, ""object"": 10}, ""eff_fps"": {""pose"": 10, ""object"": 10}, ""latency_ms"": {""pose"": 0, ""object"": 0}, ""svclat_ms"": {""pose"": 49.9, ""object"": 21.33}}, ""b10"": {""services"": [""pose"", ""object""], ""fps"": {""pose"": 10, ""object"": 10}, ""eff_fps"": {""pose"": 10, ""object"": 10}, ""latency_ms"": {""pose"": 0, ""object"": 0}, ""svclat_ms"": {""pose"": 50.32, ""object"": 29.28}}, ""b11"": {""services"": [""pose"", ""object""], ""fps"": {""pose"": 10, ""object"": 10}, ""eff_fps"": {""pose"": 10, ""object"": 10}, ""latency_ms"": {""pose"": 0, ""object"": 0}, ""svclat_ms"": {""pose"": 41.42, ""object"": 37.37}}, ""b12"": {""services"": [""pose"", ""object""], ""fps"": {""pose"": 10, ""object"": 10}, ""eff_fps"": {""pose"": 10, ""object"": 10}, ""latency_ms"": {""pose"": 0, ""object"": 0}, ""svclat_ms"": {""pose"": 33.65, ""object"": 36.71}}}"
212.5,36,23,0.639,0,0,14,7,7,1.0,611.0,590,0.966,130.0,0.3,0.0,10.04,10.0,10.0,10.04,10.0,10.0,0,0,0,28.29,16.73,31.86,591,"{""ip-172-31-0-204"": ""healthy"", ""ip-172-31-1-171"": ""healthy"", ""ip-172-31-10-12"": ""healthy"", ""ip-172-31-11-132"": ""healthy"", ""ip-172-31-13-134"": ""healthy"", ""ip-172-31-14-68"": ""healthy"", ""ip-172-31-40-239"": ""healthy""}",subscribe,10.4,0.2731,0,0,"{""ip-172-31-0-204"": {""object"": 1}, ""ip-172-31-1-171"": {""object"": 1}, ""ip-172-31-11-132"": {""pose"": 1}, ""ip-172-31-40-239"": {""gesture"": 1}, ""ip-172-31-10-12"": {""object"": 1}, ""ip-172-31-13-134"": {""pose"": 1}, ""ip-172-31-14-68"": {""pose"": 1}}","{""a1"": {""services"": [""pose"", ""gesture""], ""fps"": {""pose"": 10, ""gesture"": 10}, ""eff_fps"": {""pose"": 10, ""gesture"": 10}, ""latency_ms"": {""pose"": 0, ""gesture"": 0}, ""svclat_ms"": {""pose"": 21.4, ""gesture"": 16.96}}, ""a2"": {""services"": [""pose"", ""gesture""], ""fps"": {""pose"": 10, ""gesture"": 10}, ""eff_fps"": {""pose"": 10, ""gesture"": 10}, ""latency_ms"": {""pose"": 0, ""gesture"": 0}, ""svclat_ms"": {""pose"": 21.59, ""gesture"": 15.09}}, ""a3"": {""services"": [""pose"", ""gesture""], ""fps"": {""pose"": 10, ""gesture"": 10}, ""eff_fps"": {""pose"": 10, ""gesture"": 10}, ""latency_ms"": {""pose"": 0, ""gesture"": 0}, ""svclat_ms"": {""pose"": 21.01, ""gesture"": 17.72}}, ""a4"": {""services"": [""pose"", ""gesture""], ""fps"": {""pose"": 10, ""gesture"": 10}, ""eff_fps"": {""pose"": 10, ""gesture"": 10}, ""latency_ms"": {""pose"": 0, ""gesture"": 0}, ""svclat_ms"": {""pose"": 21.46, ""gesture"": 15.84}}, ""a5"": {""services"": [""pose"", ""gesture""], ""fps"": {""pose"": 10, ""gesture"": 10}, ""eff_fps"": {""pose"": 10, ""gesture"": 10}, ""latency_ms"": {""pose"": 0, ""gesture"": 0}, ""svclat_ms"": {""pose"": 21.21, ""gesture"": 16.87}}, ""a6"": {""services"": [""pose"", ""gesture""], ""fps"": {""pose"": 10, ""gesture"": 10}, ""eff_fps"": {""pose"": 10, ""gesture"": 10}, ""latency_ms"": {""pose"": 0, ""gesture"": 0}, ""svclat_ms"": {""pose"": 22.3, ""gesture"": 16.42}}, ""a7"": {""services"": [""pose"", ""gesture""], ""fps"": {""pose"": 10, ""gesture"": 10}, ""eff_fps"": {""pose"": 10, ""gesture"": 10}, ""latency_ms"": {""pose"": 0, ""gesture"": 0}, ""svclat_ms"": {""pose"": 20.98, ""gesture"": 17.18}}, ""a8"": {""services"": [""pose"", ""gesture""], ""fps"": {""pose"": 10, ""gesture"": 10}, ""eff_fps"": {""pose"": 10, ""gesture"": 10}, ""latency_ms"": {""pose"": 0, ""gesture"": 0}, ""svclat_ms"": {""pose"": 22.34, ""gesture"": 16.33}}, ""a9"": {""services"": [""pose"", ""gesture""], ""fps"": {""pose"": 10, ""gesture"": 10}, ""eff_fps"": {""pose"": 10, ""gesture"": 10}, ""latency_ms"": {""pose"": 0, ""gesture"": 0}, ""svclat_ms"": {""pose"": 23.0, ""gesture"": 17.68}}, ""a10"": {""services"": [""pose"", ""gesture""], ""fps"": {""pose"": 10, ""gesture"": 10}, ""eff_fps"": {""pose"": 10, ""gesture"": 10}, ""latency_ms"": {""pose"": 0, ""gesture"": 0}, ""svclat_ms"": {""pose"": 23.25, ""gesture"": 16.25}}, ""a11"": {""services"": [""pose"", ""gesture""], ""fps"": {""pose"": 10, ""gesture"": 10}, ""eff_fps"": {""pose"": 10, ""gesture"": 10}, ""latency_ms"": {""pose"": 0, ""gesture"": 0}, ""svclat_ms"": {""pose"": 22.94, ""gesture"": 17.74}}, ""a12"": {""services"": [""pose"", ""gesture""], ""fps"": {""pose"": 10, ""gesture"": 0}, ""eff_fps"": {""pose"": 10, ""gesture"": 0}, ""latency_ms"": {""pose"": 0, ""gesture"": 0}, ""svclat_ms"": {""pose"": 22.8, ""gesture"": 0.0}}, ""z1"": {""services"": [""gesture"", ""object""], ""fps"": {""gesture"": 0, ""object"": 10}, ""eff_fps"": {""gesture"": 0, ""object"": 10}, ""latency_ms"": {""gesture"": 0, ""object"": 0}, ""svclat_ms"": {""gesture"": 0.0, ""object"": 22.49}}, ""z2"": {""services"": [""gesture"", ""object""], ""fps"": {""gesture"": 0, ""object"": 10}, ""eff_fps"": {""gesture"": 0, ""object"": 10}, ""latency_ms"": {""gesture"": 0, ""object"": 0}, ""svclat_ms"": {""gesture"": 0.0, ""object"": 25.86}}, ""z3"": {""services"": [""gesture"", ""object""], ""fps"": {""gesture"": 0, ""object"": 10}, ""eff_fps"": {""gesture"": 0, ""object"": 10}, ""latency_ms"": {""gesture"": 0, ""object"": 0}, ""svclat_ms"": {""gesture"": 0.0, ""object"": 38.27}}, ""z4"": {""services"": [""gesture"", ""object""], ""fps"": {""gesture"": 0, ""object"": 10}, ""eff_fps"": {""gesture"": 0, ""object"": 10}, ""latency_ms"": {""gesture"": 0, ""object"": 0}, ""svclat_ms"": {""gesture"": 0.0, ""object"": 37.86}}, ""z5"": {""services"": [""gesture"", ""object""], ""fps"": {""gesture"": 0, ""object"": 10}, ""eff_fps"": {""gesture"": 0, ""object"": 10}, ""latency_ms"": {""gesture"": 0, ""object"": 0}, ""svclat_ms"": {""gesture"": 0.0, ""object"": 35.89}}, ""z6"": {""services"": [""gesture"", ""object""], ""fps"": {""gesture"": 0, ""object"": 10}, ""eff_fps"": {""gesture"": 0, ""object"": 10}, ""latency_ms"": {""gesture"": 0, ""object"": 0}, ""svclat_ms"": {""gesture"": 0.0, ""object"": 37.04}}, ""z7"": {""services"": [""gesture"", ""object""], ""fps"": {""gesture"": 0, ""object"": 10}, ""eff_fps"": {""gesture"": 0, ""object"": 10}, ""latency_ms"": {""gesture"": 0, ""object"": 0}, ""svclat_ms"": {""gesture"": 0.0, ""object"": 38.69}}, ""z8"": {""services"": [""gesture"", ""object""], ""fps"": {""gesture"": 0, ""object"": 10}, ""eff_fps"": {""gesture"": 0, ""object"": 10}, ""latency_ms"": {""gesture"": 0, ""object"": 0}, ""svclat_ms"": {""gesture"": 0.0, ""object"": 29.25}}, ""z9"": {""services"": [""gesture"", ""object""], ""fps"": {""gesture"": 0, ""object"": 10}, ""eff_fps"": {""gesture"": 0, ""object"": 10}, ""latency_ms"": {""gesture"": 0, ""object"": 0}, ""svclat_ms"": {""gesture"": 0.0, ""object"": 40.69}}, ""z10"": {""services"": [""gesture"", ""object""], ""fps"": {""gesture"": 0, ""object"": 10}, ""eff_fps"": {""gesture"": 0, ""object"": 10}, ""latency_ms"": {""gesture"": 0, ""object"": 0}, ""svclat_ms"": {""gesture"": 0.0, ""object"": 40.18}}, ""z11"": {""services"": [""gesture"", ""object""], ""fps"": {""gesture"": 0, ""object"": 10}, ""eff_fps"": {""gesture"": 0, ""object"": 10}, ""latency_ms"": {""gesture"": 0, ""object"": 0}, ""svclat_ms"": {""gesture"": 0.0, ""object"": 22.23}}, ""z12"": {""services"": [""gesture"", ""object""], ""fps"": {""gesture"": 0, ""object"": 10}, ""eff_fps"": {""gesture"": 0, ""object"": 10}, ""latency_ms"": {""gesture"": 0, ""object"": 0}, ""svclat_ms"": {""gesture"": 0.0, ""object"": 39.46}}, ""b1"": {""services"": [""pose"", ""object""], ""fps"": {""pose"": 10, ""object"": 10}, ""eff_fps"": {""pose"": 10, ""object"": 10}, ""latency_ms"": {""pose"": 0, ""object"": 0}, ""svclat_ms"": {""pose"": 23.14, ""object"": 27.99}}, ""b2"": {""services"": [""pose"", ""object""], ""fps"": {""pose"": 10, ""object"": 10}, ""eff_fps"": {""pose"": 10, ""object"": 10}, ""latency_ms"": {""pose"": 0, ""object"": 0}, ""svclat_ms"": {""pose"": 23.22, ""object"": 37.74}}, ""b3"": {""services"": [""pose"", ""object""], ""fps"": {""pose"": 10, ""object"": 10}, ""eff_fps"": {""pose"": 10, ""object"": 10}, ""latency_ms"": {""pose"": 0, ""object"": 0}, ""svclat_ms"": {""pose"": 23.3, ""object"": 21.96}}, ""b4"": {""services"": [""pose"", ""object""], ""fps"": {""pose"": 10, ""object"": 10}, ""eff_fps"": {""pose"": 10, ""object"": 10}, ""latency_ms"": {""pose"": 0, ""object"": 0}, ""svclat_ms"": {""pose"": 23.26, ""object"": 31.41}}, ""b5"": {""services"": [""pose"", ""object""], ""fps"": {""pose"": 10, ""object"": 10}, ""eff_fps"": {""pose"": 10, ""object"": 10}, ""latency_ms"": {""pose"": 0, ""object"": 0}, ""svclat_ms"": {""pose"": 24.98, ""object"": 37.79}}, ""b6"": {""services"": [""pose"", ""object""], ""fps"": {""pose"": 10, ""object"": 10}, ""eff_fps"": {""pose"": 10, ""object"": 10}, ""latency_ms"": {""pose"": 0, ""object"": 0}, ""svclat_ms"": {""pose"": 49.79, ""object"": 23.32}}, ""b7"": {""services"": [""pose"", ""object""], ""fps"": {""pose"": 10, ""object"": 10}, ""eff_fps"": {""pose"": 10, ""object"": 10}, ""latency_ms"": {""pose"": 0, ""object"": 0}, ""svclat_ms"": {""pose"": 22.44, ""object"": 25.5}}, ""b8"": {""services"": [""pose"", ""object""], ""fps"": {""pose"": 11, ""object"": 10}, ""eff_fps"": {""pose"": 11, ""object"": 10}, ""latency_ms"": {""pose"": 0, ""object"": 0}, ""svclat_ms"": {""pose"": 50.23, ""object"": 25.48}}, ""b9"": {""services"": [""pose"", ""object""], ""fps"": {""pose"": 10, ""object"": 10}, ""eff_fps"": {""pose"": 10, ""object"": 10}, ""latency_ms"": {""pose"": 0, ""object"": 0}, ""svclat_ms"": {""pose"": 49.61, ""object"": 21.33}}, ""b10"": {""services"": [""pose"", ""object""], ""fps"": {""pose"": 10, ""object"": 10}, ""eff_fps"": {""pose"": 10, ""object"": 10}, ""latency_ms"": {""pose"": 0, ""object"": 0}, ""svclat_ms"": {""pose"": 50.17, ""object"": 30.03}}, ""b11"": {""services"": [""pose"", ""object""], ""fps"": {""pose"": 10, ""object"": 10}, ""eff_fps"": {""pose"": 10, ""object"": 10}, ""latency_ms"": {""pose"": 0, ""object"": 0}, ""svclat_ms"": {""pose"": 38.93, ""object"": 37.06}}, ""b12"": {""services"": [""pose"", ""object""], ""fps"": {""pose"": 10, ""object"": 10}, ""eff_fps"": {""pose"": 10, ""object"": 10}, ""latency_ms"": {""pose"": 0, ""object"": 0}, ""svclat_ms"": {""pose"": 35.55, ""object"": 37.06}}}"
214.9,36,23,0.639,0,0,14,7,7,1.0,611.0,590,0.966,130.0,0.3,0.0,10.0,10.0,10.0,10.0,10.0,10.0,0,0,0,28.91,16.7,31.35,590,"{""ip-172-31-0-204"": ""healthy"", ""ip-172-31-1-171"": ""healthy"", ""ip-172-31-10-12"": ""healthy"", ""ip-172-31-11-132"": ""healthy"", ""ip-172-31-13-134"": ""healthy"", ""ip-172-31-14-68"": ""healthy"", ""ip-172-31-40-239"": ""healthy""}",subscribe,10.4,0.2731,0,0,"{""ip-172-31-0-204"": {""object"": 1}, ""ip-172-31-1-171"": {""object"": 1}, ""ip-172-31-11-132"": {""pose"": 1}, ""ip-172-31-40-239"": {""gesture"": 1}, ""ip-172-31-10-12"": {""object"": 1}, ""ip-172-31-13-134"": {""pose"": 1}, ""ip-172-31-14-68"": {""pose"": 1}}","{""a1"": {""services"": [""pose"", ""gesture""], ""fps"": {""pose"": 10, ""gesture"": 10}, ""eff_fps"": {""pose"": 10, ""gesture"": 10}, ""latency_ms"": {""pose"": 0, ""gesture"": 0}, ""svclat_ms"": {""pose"": 22.24, ""gesture"": 15.84}}, ""a2"": {""services"": [""pose"", ""gesture""], ""fps"": {""pose"": 10, ""gesture"": 10}, ""eff_fps"": {""pose"": 10, ""gesture"": 10}, ""latency_ms"": {""pose"": 0, ""gesture"": 0}, ""svclat_ms"": {""pose"": 22.59, ""gesture"": 15.47}}, ""a3"": {""services"": [""pose"", ""gesture""], ""fps"": {""pose"": 10, ""gesture"": 10}, ""eff_fps"": {""pose"": 10, ""gesture"": 10}, ""latency_ms"": {""pose"": 0, ""gesture"": 0}, ""svclat_ms"": {""pose"": 22.18, ""gesture"": 16.93}}, ""a4"": {""services"": [""pose"", ""gesture""], ""fps"": {""pose"": 10, ""gesture"": 10}, ""eff_fps"": {""pose"": 10, ""gesture"": 10}, ""latency_ms"": {""pose"": 0, ""gesture"": 0}, ""svclat_ms"": {""pose"": 22.1, ""gesture"": 15.98}}, ""a5"": {""services"": [""pose"", ""gesture""], ""fps"": {""pose"": 10, ""gesture"": 10}, ""eff_fps"": {""pose"": 10, ""gesture"": 10}, ""latency_ms"": {""pose"": 0, ""gesture"": 0}, ""svclat_ms"": {""pose"": 22.26, ""gesture"": 17.2}}, ""a6"": {""services"": [""pose"", ""gesture""], ""fps"": {""pose"": 10, ""gesture"": 10}, ""eff_fps"": {""pose"": 10, ""gesture"": 10}, ""latency_ms"": {""pose"": 0, ""gesture"": 0}, ""svclat_ms"": {""pose"": 24.31, ""gesture"": 16.88}}, ""a7"": {""services"": [""pose"", ""gesture""], ""fps"": {""pose"": 10, ""gesture"": 10}, ""eff_fps"": {""pose"": 10, ""gesture"": 10}, ""latency_ms"": {""pose"": 0, ""gesture"": 0}, ""svclat_ms"": {""pose"": 22.04, ""gesture"": 17.17}}, ""a8"": {""services"": [""pose"", ""gesture""], ""fps"": {""pose"": 10, ""gesture"": 10}, ""eff_fps"": {""pose"": 10, ""gesture"": 10}, ""latency_ms"": {""pose"": 0, ""gesture"": 0}, ""svclat_ms"": {""pose"": 24.27, ""gesture"": 16.86}}, ""a9"": {""services"": [""pose"", ""gesture""], ""fps"": {""pose"": 10, ""gesture"": 10}, ""eff_fps"": {""pose"": 10, ""gesture"": 10}, ""latency_ms"": {""pose"": 0, ""gesture"": 0}, ""svclat_ms"": {""pose"": 23.27, ""gesture"": 17.47}}, ""a10"": {""services"": [""pose"", ""gesture""], ""fps"": {""pose"": 10, ""gesture"": 10}, ""eff_fps"": {""pose"": 10, ""gesture"": 10}, ""latency_ms"": {""pose"": 0, ""gesture"": 0}, ""svclat_ms"": {""pose"": 23.73, ""gesture"": 16.53}}, ""a11"": {""services"": [""pose"", ""gesture""], ""fps"": {""pose"": 10, ""gesture"": 10}, ""eff_fps"": {""pose"": 10, ""gesture"": 10}, ""latency_ms"": {""pose"": 0, ""gesture"": 0}, ""svclat_ms"": {""pose"": 22.68, ""gesture"": 17.38}}, ""a12"": {""services"": [""pose"", ""gesture""], ""fps"": {""pose"": 10, ""gesture"": 0}, ""eff_fps"": {""pose"": 10, ""gesture"": 0}, ""latency_ms"": {""pose"": 0, ""gesture"": 0}, ""svclat_ms"": {""pose"": 22.78, ""gesture"": 0.0}}, ""z1"": {""services"": [""gesture"", ""object""], ""fps"": {""gesture"": 0, ""object"": 10}, ""eff_fps"": {""gesture"": 0, ""object"": 10}, ""latency_ms"": {""gesture"": 0, ""object"": 0}, ""svclat_ms"": {""gesture"": 0.0, ""object"": 22.33}}, ""z2"": {""services"": [""gesture"", ""object""], ""fps"": {""gesture"": 0, ""object"": 10}, ""eff_fps"": {""gesture"": 0, ""object"": 10}, ""latency_ms"": {""gesture"": 0, ""object"": 0}, ""svclat_ms"": {""gesture"": 0.0, ""object"": 25.67}}, ""z3"": {""services"": [""gesture"", ""object""], ""fps"": {""gesture"": 0, ""object"": 10}, ""eff_fps"": {""gesture"": 0, ""object"": 10}, ""latency_ms"": {""gesture"": 0, ""object"": 0}, ""svclat_ms"": {""gesture"": 0.0, ""object"": 37.65}}, ""z4"": {""services"": [""gesture"", ""object""], ""fps"": {""gesture"": 0, ""object"": 10}, ""eff_fps"": {""gesture"": 0, ""object"": 10}, ""latency_ms"": {""gesture"": 0, ""object"": 0}, ""svclat_ms"": {""gesture"": 0.0, ""object"": 36.63}}, ""z5"": {""services"": [""gesture"", ""object""], ""fps"": {""gesture"": 0, ""object"": 10}, ""eff_fps"": {""gesture"": 0, ""object"": 10}, ""latency_ms"": {""gesture"": 0, ""object"": 0}, ""svclat_ms"": {""gesture"": 0.0, ""object"": 35.6}}, ""z6"": {""services"": [""gesture"", ""object""], ""fps"": {""gesture"": 0, ""object"": 10}, ""eff_fps"": {""gesture"": 0, ""object"": 10}, ""latency_ms"": {""gesture"": 0, ""object"": 0}, ""svclat_ms"": {""gesture"": 0.0, ""object"": 36.74}}, ""z7"": {""services"": [""gesture"", ""object""], ""fps"": {""gesture"": 0, ""object"": 10}, ""eff_fps"": {""gesture"": 0, ""object"": 10}, ""latency_ms"": {""gesture"": 0, ""object"": 0}, ""svclat_ms"": {""gesture"": 0.0, ""object"": 38.06}}, ""z8"": {""services"": [""gesture"", ""object""], ""fps"": {""gesture"": 0, ""object"": 10}, ""eff_fps"": {""gesture"": 0, ""object"": 10}, ""latency_ms"": {""gesture"": 0, ""object"": 0}, ""svclat_ms"": {""gesture"": 0.0, ""object"": 31.75}}, ""z9"": {""services"": [""gesture"", ""object""], ""fps"": {""gesture"": 0, ""object"": 10}, ""eff_fps"": {""gesture"": 0, ""object"": 10}, ""latency_ms"": {""gesture"": 0, ""object"": 0}, ""svclat_ms"": {""gesture"": 0.0, ""object"": 40.14}}, ""z10"": {""services"": [""gesture"", ""object""], ""fps"": {""gesture"": 0, ""object"": 10}, ""eff_fps"": {""gesture"": 0, ""object"": 10}, ""latency_ms"": {""gesture"": 0, ""object"": 0}, ""svclat_ms"": {""gesture"": 0.0, ""object"": 39.55}}, ""z11"": {""services"": [""gesture"", ""object""], ""fps"": {""gesture"": 0, ""object"": 10}, ""eff_fps"": {""gesture"": 0, ""object"": 10}, ""latency_ms"": {""gesture"": 0, ""object"": 0}, ""svclat_ms"": {""gesture"": 0.0, ""object"": 22.07}}, ""z12"": {""services"": [""gesture"", ""object""], ""fps"": {""gesture"": 0, ""object"": 10}, ""eff_fps"": {""gesture"": 0, ""object"": 10}, ""latency_ms"": {""gesture"": 0, ""object"": 0}, ""svclat_ms"": {""gesture"": 0.0, ""object"": 38.84}}, ""b1"": {""services"": [""pose"", ""object""], ""fps"": {""pose"": 10, ""object"": 10}, ""eff_fps"": {""pose"": 10, ""object"": 10}, ""latency_ms"": {""pose"": 0, ""object"": 0}, ""svclat_ms"": {""pose"": 23.04, ""object"": 28.27}}, ""b2"": {""services"": [""pose"", ""object""], ""fps"": {""pose"": 10, ""object"": 10}, ""eff_fps"": {""pose"": 10, ""object"": 10}, ""latency_ms"": {""pose"": 0, ""object"": 0}, ""svclat_ms"": {""pose"": 23.21, ""object"": 38.29}}, ""b3"": {""services"": [""pose"", ""object""], ""fps"": {""pose"": 10, ""object"": 10}, ""eff_fps"": {""pose"": 10, ""object"": 10}, ""latency_ms"": {""pose"": 0, ""object"": 0}, ""svclat_ms"": {""pose"": 23.83, ""object"": 21.11}}, ""b4"": {""services"": [""pose"", ""object""], ""fps"": {""pose"": 10, ""object"": 10}, ""eff_fps"": {""pose"": 10, ""object"": 10}, ""latency_ms"": {""pose"": 0, ""object"": 0}, ""svclat_ms"": {""pose"": 22.25, ""object"": 31.85}}, ""b5"": {""services"": [""pose"", ""object""], ""fps"": {""pose"": 10, ""object"": 10}, ""eff_fps"": {""pose"": 10, ""object"": 10}, ""latency_ms"": {""pose"": 0, ""object"": 0}, ""svclat_ms"": {""pose"": 27.97, ""object"": 36.36}}, ""b6"": {""services"": [""pose"", ""object""], ""fps"": {""pose"": 10, ""object"": 10}, ""eff_fps"": {""pose"": 10, ""object"": 10}, ""latency_ms"": {""pose"": 0, ""object"": 0}, ""svclat_ms"": {""pose"": 49.91, ""object"": 22.39}}, ""b7"": {""services"": [""pose"", ""object""], ""fps"": {""pose"": 10, ""object"": 10}, ""eff_fps"": {""pose"": 10, ""object"": 10}, ""latency_ms"": {""pose"": 0, ""object"": 0}, ""svclat_ms"": {""pose"": 23.2, ""object"": 23.91}}, ""b8"": {""services"": [""pose"", ""object""], ""fps"": {""pose"": 10, ""object"": 10}, ""eff_fps"": {""pose"": 10, ""object"": 10}, ""latency_ms"": {""pose"": 0, ""object"": 0}, ""svclat_ms"": {""pose"": 47.96, ""object"": 24.23}}, ""b9"": {""services"": [""pose"", ""object""], ""fps"": {""pose"": 10, ""object"": 10}, ""eff_fps"": {""pose"": 10, ""object"": 10}, ""latency_ms"": {""pose"": 0, ""object"": 0}, ""svclat_ms"": {""pose"": 50.5, ""object"": 20.98}}, ""b10"": {""services"": [""pose"", ""object""], ""fps"": {""pose"": 10, ""object"": 10}, ""eff_fps"": {""pose"": 10, ""object"": 10}, ""latency_ms"": {""pose"": 0, ""object"": 0}, ""svclat_ms"": {""pose"": 50.87, ""object"": 28.32}}, ""b11"": {""services"": [""pose"", ""object""], ""fps"": {""pose"": 10, ""object"": 10}, ""eff_fps"": {""pose"": 10, ""object"": 10}, ""latency_ms"": {""pose"": 0, ""object"": 0}, ""svclat_ms"": {""pose"": 42.9, ""object"": 35.64}}, ""b12"": {""services"": [""pose"", ""object""], ""fps"": {""pose"": 10, ""object"": 10}, ""eff_fps"": {""pose"": 10, ""object"": 10}, ""latency_ms"": {""pose"": 0, ""object"": 0}, ""svclat_ms"": {""pose"": 33.73, ""object"": 36.02}}}"
217.2,36,23,0.639,0,0,14,7,7,1.0,611.0,590,0.966,130.0,0.3,0.0,9.71,9.73,10.0,9.67,9.73,10.0,0,0,0,37.68,23.73,31.91,580,"{""ip-172-31-0-204"": ""healthy"", ""ip-172-31-1-171"": ""healthy"", ""ip-172-31-10-12"": ""healthy"", ""ip-172-31-11-132"": ""healthy"", ""ip-172-31-13-134"": ""healthy"", ""ip-172-31-14-68"": ""healthy"", ""ip-172-31-40-239"": ""healthy""}",subscribe,10.4,0.2731,0,0,"{""ip-172-31-0-204"": {""object"": 1}, ""ip-172-31-1-171"": {""object"": 1}, ""ip-172-31-11-132"": {""pose"": 1}, ""ip-172-31-40-239"": {""gesture"": 1}, ""ip-172-31-10-12"": {""object"": 1}, ""ip-172-31-13-134"": {""pose"": 1}, ""ip-172-31-14-68"": {""pose"": 1}}","{""a1"": {""services"": [""pose"", ""gesture""], ""fps"": {""pose"": 10, ""gesture"": 9}, ""eff_fps"": {""pose"": 10, ""gesture"": 9}, ""latency_ms"": {""pose"": 0, ""gesture"": 0}, ""svclat_ms"": {""pose"": 38.69, ""gesture"": 27.04}}, ""a2"": {""services"": [""pose"", ""gesture""], ""fps"": {""pose"": 9, ""gesture"": 10}, ""eff_fps"": {""pose"": 9, ""gesture"": 10}, ""latency_ms"": {""pose"": 0, ""gesture"": 0}, ""svclat_ms"": {""pose"": 33.55, ""gesture"": 22.18}}, ""a3"": {""services"": [""pose"", ""gesture""], ""fps"": {""pose"": 10, ""gesture"": 10}, ""eff_fps"": {""pose"": 10, ""gesture"": 10}, ""latency_ms"": {""pose"": 0, ""gesture"": 0}, ""svclat_ms"": {""pose"": 45.31, ""gesture"": 32.7}}, ""a4"": {""services"": [""pose"", ""gesture""], ""fps"": {""pose"": 10, ""gesture"": 9}, ""eff_fps"": {""pose"": 10, ""gesture"": 9}, ""latency_ms"": {""pose"": 0, ""gesture"": 0}, ""svclat_ms"": {""pose"": 49.78, ""gesture"": 27.87}}, ""a5"": {""services"": [""pose"", ""gesture""], ""fps"": {""pose"": 9, ""gesture"": 9}, ""eff_fps"": {""pose"": 9, ""gesture"": 9}, ""latency_ms"": {""pose"": 0, ""gesture"": 0}, ""svclat_ms"": {""pose"": 50.39, ""gesture"": 33.26}}, ""a6"": {""services"": [""pose"", ""gesture""], ""fps"": {""pose"": 9, ""gesture"": 10}, ""eff_fps"": {""pose"": 9, ""gesture"": 10}, ""latency_ms"": {""pose"": 0, ""gesture"": 0}, ""svclat_ms"": {""pose"": 30.91, ""gesture"": 19.5}}, ""a7"": {""services"": [""pose"", ""gesture""], ""fps"": {""pose"": 9, ""gesture"": 10}, ""eff_fps"": {""pose"": 9, ""gesture"": 10}, ""latency_ms"": {""pose"": 0, ""gesture"": 0}, ""svclat_ms"": {""pose"": 27.59, ""gesture"": 20.38}}, ""a8"": {""services"": [""pose"", ""gesture""], ""fps"": {""pose"": 9, ""gesture"": 10}, ""eff_fps"": {""pose"": 9, ""gesture"": 10}, ""latency_ms"": {""pose"": 0, ""gesture"": 0}, ""svclat_ms"": {""pose"": 29.16, ""gesture"": 19.48}}, ""a9"": {""services"": [""pose"", ""gesture""], ""fps"": {""pose"": 10, ""gesture"": 10}, ""eff_fps"": {""pose"": 10, ""gesture"": 10}, ""latency_ms"": {""pose"": 0, ""gesture"": 0}, ""svclat_ms"": {""pose"": 31.3, ""gesture"": 22.04}}, ""a10"": {""services"": [""pose"", ""gesture""], ""fps"": {""pose"": 10, ""gesture"": 10}, ""eff_fps"": {""pose"": 10, ""gesture"": 10}, ""latency_ms"": {""pose"": 0, ""gesture"": 0}, ""svclat_ms"": {""pose"": 29.89, ""gesture"": 18.88}}, ""a11"": {""services"": [""pose"", ""gesture""], ""fps"": {""pose"": 10, ""gesture"": 10}, ""eff_fps"": {""pose"": 10, ""gesture"": 10}, ""latency_ms"": {""pose"": 0, ""gesture"": 0}, ""svclat_ms"": {""pose"": 22.13, ""gesture"": 17.65}}, ""a12"": {""services"": [""pose"", ""gesture""], ""fps"": {""pose"": 10, ""gesture"": 0}, ""eff_fps"": {""pose"": 10, ""gesture"": 0}, ""latency_ms"": {""pose"": 0, ""gesture"": 0}, ""svclat_ms"": {""pose"": 22.38, ""gesture"": 0.0}}, ""z1"": {""services"": [""gesture"", ""object""], ""fps"": {""gesture"": 0, ""object"": 10}, ""eff_fps"": {""gesture"": 0, ""object"": 10}, ""latency_ms"": {""gesture"": 0, ""object"": 0}, ""svclat_ms"": {""gesture"": 0.0, ""object"": 22.96}}, ""z2"": {""services"": [""gesture"", ""object""], ""fps"": {""gesture"": 0, ""object"": 10}, ""eff_fps"": {""gesture"": 0, ""object"": 10}, ""latency_ms"": {""gesture"": 0, ""object"": 0}, ""svclat_ms"": {""gesture"": 0.0, ""object"": 26.98}}, ""z3"": {""services"": [""gesture"", ""object""], ""fps"": {""gesture"": 0, ""object"": 10}, ""eff_fps"": {""gesture"": 0, ""object"": 10}, ""latency_ms"": {""gesture"": 0, ""object"": 0}, ""svclat_ms"": {""gesture"": 0.0, ""object"": 39.03}}, ""z4"": {""services"": [""gesture"", ""object""], ""fps"": {""gesture"": 0, ""object"": 10}, ""eff_fps"": {""gesture"": 0, ""object"": 10}, ""latency_ms"": {""gesture"": 0, ""object"": 0}, ""svclat_ms"": {""gesture"": 0.0, ""object"": 37.34}}, ""z5"": {""services"": [""gesture"", ""object""], ""fps"": {""gesture"": 0, ""object"": 10}, ""eff_fps"": {""gesture"": 0, ""object"": 10}, ""latency_ms"": {""gesture"": 0, ""object"": 0}, ""svclat_ms"": {""gesture"": 0.0, ""object"": 37.75}}, ""z6"": {""services"": [""gesture"", ""object""], ""fps"": {""gesture"": 0, ""object"": 10}, ""eff_fps"": {""gesture"": 0, ""object"": 10}, ""latency_ms"": {""gesture"": 0, ""object"": 0}, ""svclat_ms"": {""gesture"": 0.0, ""object"": 38.85}}, ""z7"": {""services"": [""gesture"", ""object""], ""fps"": {""gesture"": 0, ""object"": 10}, ""eff_fps"": {""gesture"": 0, ""object"": 10}, ""latency_ms"": {""gesture"": 0, ""object"": 0}, ""svclat_ms"": {""gesture"": 0.0, ""object"": 40.18}}, ""z8"": {""services"": [""gesture"", ""object""], ""fps"": {""gesture"": 0, ""object"": 10}, ""eff_fps"": {""gesture"": 0, ""object"": 10}, ""latency_ms"": {""gesture"": 0, ""object"": 0}, ""svclat_ms"": {""gesture"": 0.0, ""object"": 31.91}}, ""z9"": {""services"": [""gesture"", ""object""], ""fps"": {""gesture"": 0, ""object"": 10}, ""eff_fps"": {""gesture"": 0, ""object"": 10}, ""latency_ms"": {""gesture"": 0, ""object"": 0}, ""svclat_ms"": {""gesture"": 0.0, ""object"": 40.05}}, ""z10"": {""services"": [""gesture"", ""object""], ""fps"": {""gesture"": 0, ""object"": 10}, ""eff_fps"": {""gesture"": 0, ""object"": 10}, ""latency_ms"": {""gesture"": 0, ""object"": 0}, ""svclat_ms"": {""gesture"": 0.0, ""object"": 39.55}}, ""z11"": {""services"": [""gesture"", ""object""], ""fps"": {""gesture"": 0, ""object"": 10}, ""eff_fps"": {""gesture"": 0, ""object"": 10}, ""latency_ms"": {""gesture"": 0, ""object"": 0}, ""svclat_ms"": {""gesture"": 0.0, ""object"": 22.02}}, ""z12"": {""services"": [""gesture"", ""object""], ""fps"": {""gesture"": 0, ""object"": 10}, ""eff_fps"": {""gesture"": 0, ""object"": 10}, ""latency_ms"": {""gesture"": 0, ""object"": 0}, ""svclat_ms"": {""gesture"": 0.0, ""object"": 38.84}}, ""b1"": {""services"": [""pose"", ""object""], ""fps"": {""pose"": 10, ""object"": 10}, ""eff_fps"": {""pose"": 10, ""object"": 10}, ""latency_ms"": {""pose"": 0, ""object"": 0}, ""svclat_ms"": {""pose"": 22.43, ""object"": 27.85}}, ""b2"": {""services"": [""pose"", ""object""], ""fps"": {""pose"": 10, ""object"": 10}, ""eff_fps"": {""pose"": 9, ""object"": 10}, ""latency_ms"": {""pose"": 0, ""object"": 0}, ""svclat_ms"": {""pose"": 55.55, ""object"": 37.66}}, ""b3"": {""services"": [""pose"", ""object""], ""fps"": {""pose"": 10, ""object"": 10}, ""eff_fps"": {""pose"": 10, ""object"": 10}, ""latency_ms"": {""pose"": 0, ""object"": 0}, ""svclat_ms"": {""pose"": 30.9, ""object"": 21.23}}, ""b4"": {""services"": [""pose"", ""object""], ""fps"": {""pose"": 9, ""object"": 10}, ""eff_fps"": {""pose"": 9, ""object"": 10}, ""latency_ms"": {""pose"": 0, ""object"": 0}, ""svclat_ms"": {""pose"": 40.87, ""object"": 31.38}}, ""b5"": {""services"": [""pose"", ""object""], ""fps"": {""pose"": 10, ""object"": 10}, ""eff_fps"": {""pose"": 10, ""object"": 10}, ""latency_ms"": {""pose"": 0, ""object"": 0}, ""svclat_ms"": {""pose"": 31.3, ""object"": 36.77}}, ""b6"": {""services"": [""pose"", ""object""], ""fps"": {""pose"": 10, ""object"": 10}, ""eff_fps"": {""pose"": 10, ""object"": 10}, ""latency_ms"": {""pose"": 0, ""object"": 0}, ""svclat_ms"": {""pose"": 50.98, ""object"": 22.82}}, ""b7"": {""services"": [""pose"", ""object""], ""fps"": {""pose"": 10, ""object"": 10}, ""eff_fps"": {""pose"": 10, ""object"": 10}, ""latency_ms"": {""pose"": 0, ""object"": 0}, ""svclat_ms"": {""pose"": 25.07, ""object"": 24.52}}, ""b8"": {""services"": [""pose"", ""object""], ""fps"": {""pose"": 10, ""object"": 10}, ""eff_fps"": {""pose"": 10, ""object"": 10}, ""latency_ms"": {""pose"": 0, ""object"": 0}, ""svclat_ms"": {""pose"": 47.39, ""object"": 25.03}}, ""b9"": {""services"": [""pose"", ""object""], ""fps"": {""pose"": 9, ""object"": 10}, ""eff_fps"": {""pose"": 9, ""object"": 10}, ""latency_ms"": {""pose"": 0, ""object"": 0}, ""svclat_ms"": {""pose"": 53.15, ""object"": 21.21}}, ""b10"": {""services"": [""pose"", ""object""], ""fps"": {""pose"": 10, ""object"": 10}, ""eff_fps"": {""pose"": 10, ""object"": 10}, ""latency_ms"": {""pose"": 0, ""object"": 0}, ""svclat_ms"": {""pose"": 55.22, ""object"": 29.1}}, ""b11"": {""services"": [""pose"", ""object""], ""fps"": {""pose"": 10, ""object"": 10}, ""eff_fps"": {""pose"": 10, ""object"": 10}, ""latency_ms"": {""pose"": 0, ""object"": 0}, ""svclat_ms"": {""pose"": 45.48, ""object"": 36.19}}, ""b12"": {""services"": [""pose"", ""object""], ""fps"": {""pose"": 10, ""object"": 10}, ""eff_fps"": {""pose"": 10, ""object"": 10}, ""latency_ms"": {""pose"": 0, ""object"": 0}, ""svclat_ms"": {""pose"": 34.89, ""object"": 36.52}}}"
219.6,36,23,0.639,0,0,14,7,7,1.0,611.0,590,0.966,130.0,0.3,0.0,9.67,10.0,9.96,5.18,10.0,9.96,0,0,0,101.19,83.08,31.97,581,"{""ip-172-31-0-204"": ""unhealthy"", ""ip-172-31-1-171"": ""unhealthy"", ""ip-172-31-10-12"": ""unhealthy"", ""ip-172-31-11-132"": ""healthy"", ""ip-172-31-13-134"": ""healthy"", ""ip-172-31-14-68"": ""healthy"", ""ip-172-31-40-239"": ""healthy""}",subscribe,10.4,0.2731,0,0,"{""ip-172-31-0-204"": {""object"": 1}, ""ip-172-31-1-171"": {""object"": 1}, ""ip-172-31-11-132"": {""pose"": 1}, ""ip-172-31-40-239"": {""gesture"": 1}, ""ip-172-31-10-12"": {""object"": 1}, ""ip-172-31-13-134"": {""pose"": 1}, ""ip-172-31-14-68"": {""pose"": 1}}","{""a1"": {""services"": [""pose"", ""gesture""], ""fps"": {""pose"": 10, ""gesture"": 10}, ""eff_fps"": {""pose"": 10, ""gesture"": 10}, ""latency_ms"": {""pose"": 0, ""gesture"": 0}, ""svclat_ms"": {""pose"": 93.56, ""gesture"": 87.59}}, ""a2"": {""services"": [""pose"", ""gesture""], ""fps"": {""pose"": 10, ""gesture"": 10}, ""eff_fps"": {""pose"": 10, ""gesture"": 10}, ""latency_ms"": {""pose"": 0, ""gesture"": 0}, ""svclat_ms"": {""pose"": 93.65, ""gesture"": 80.81}}, ""a3"": {""services"": [""pose"", ""gesture""], ""fps"": {""pose"": 10, ""gesture"": 10}, ""eff_fps"": {""pose"": 10, ""gesture"": 10}, ""latency_ms"": {""pose"": 0, ""gesture"": 0}, ""svclat_ms"": {""pose"": 93.78, ""gesture"": 85.25}}, ""a4"": {""services"": [""pose"", ""gesture""], ""fps"": {""pose"": 10, ""gesture"": 10}, ""eff_fps"": {""pose"": 10, ""gesture"": 10}, ""latency_ms"": {""pose"": 0, ""gesture"": 0}, ""svclat_ms"": {""pose"": 93.71, ""gesture"": 81.72}}, ""a5"": {""services"": [""pose"", ""gesture""], ""fps"": {""pose"": 10, ""gesture"": 10}, ""eff_fps"": {""pose"": 10, ""gesture"": 10}, ""latency_ms"": {""pose"": 0, ""gesture"": 0}, ""svclat_ms"": {""pose"": 94.51, ""gesture"": 85.16}}, ""a6"": {""services"": [""pose"", ""gesture""], ""fps"": {""pose"": 10, ""gesture"": 10}, ""eff_fps"": {""pose"": 10, ""gesture"": 10}, ""latency_ms"": {""pose"": 0, ""gesture"": 0}, ""svclat_ms"": {""pose"": 93.23, ""gesture"": 80.58}}, ""a7"": {""services"": [""pose"", ""gesture""], ""fps"": {""pose"": 10, ""gesture"": 10}, ""eff_fps"": {""pose"": 10, ""gesture"": 10}, ""latency_ms"": {""pose"": 0, ""gesture"": 0}, ""svclat_ms"": {""pose"": 92.11, ""gesture"": 80.04}}, ""a8"": {""services"": [""pose"", ""gesture""], ""fps"": {""pose"": 10, ""gesture"": 10}, ""eff_fps"": {""pose"": 10, ""gesture"": 10}, ""latency_ms"": {""pose"": 0, ""gesture"": 0}, ""svclat_ms"": {""pose"": 92.72, ""gesture"": 79.81}}, ""a9"": {""services"": [""pose"", ""gesture""], ""fps"": {""pose"": 10, ""gesture"": 10}, ""eff_fps"": {""pose"": 2, ""gesture"": 10}, ""latency_ms"": {""pose"": 0, ""gesture"": 0}, ""svclat_ms"": {""pose"": 104.08, ""gesture"": 83.66}}, ""a10"": {""services"": [""pose"", ""gesture""], ""fps"": {""pose"": 10, ""gesture"": 10}, ""eff_fps"": {""pose"": 1, ""gesture"": 10}, ""latency_ms"": {""pose"": 0, ""gesture"": 0}, ""svclat_ms"": {""pose"": 103.85, ""gesture"": 80.3}}, ""a11"": {""services"": [""pose"", ""gesture""], ""fps"": {""pose"": 10, ""gesture"": 10}, ""eff_fps"": {""pose"": 1, ""gesture"": 10}, ""latency_ms"": {""pose"": 0, ""gesture"": 0}, ""svclat_ms"": {""pose"": 105.52, ""gesture"": 88.99}}, ""a12"": {""services"": [""pose"", ""gesture""], ""fps"": {""pose"": 9, ""gesture"": 0}, ""eff_fps"": {""pose"": 2, ""gesture"": 0}, ""latency_ms"": {""pose"": 0, ""gesture"": 0}, ""svclat_ms"": {""pose"": 106.08, ""gesture"": 0.0}}, ""z1"": {""services"": [""gesture"", ""object""], ""fps"": {""gesture"": 0, ""object"": 10}, ""eff_fps"": {""gesture"": 0, ""object"": 10}, ""latency_ms"": {""gesture"": 0, ""object"": 0}, ""svclat_ms"": {""gesture"": 0.0, ""object"": 22.67}}, ""z2"": {""services"": [""gesture"", ""object""], ""fps"": {""gesture"": 0, ""object"": 10}, ""eff_fps"": {""gesture"": 0, ""object"": 10}, ""latency_ms"": {""gesture"": 0, ""object"": 0}, ""svclat_ms"": {""gesture"": 0.0, ""object"": 26.56}}, ""z3"": {""services"": [""gesture"", ""object""], ""fps"": {""gesture"": 0, ""object"": 10}, ""eff_fps"": {""gesture"": 0, ""object"": 10}, ""latency_ms"": {""gesture"": 0, ""object"": 0}, ""svclat_ms"": {""gesture"": 0.0, ""object"": 39.43}}, ""z4"": {""services"": [""gesture"", ""object""], ""fps"": {""gesture"": 0, ""object"": 10}, ""eff_fps"": {""gesture"": 0, ""object"": 10}, ""latency_ms"": {""gesture"": 0, ""object"": 0}, ""svclat_ms"": {""gesture"": 0.0, ""object"": 34.38}}, ""z5"": {""services"": [""gesture"", ""object""], ""fps"": {""gesture"": 0, ""object"": 10}, ""eff_fps"": {""gesture"": 0, ""object"": 10}, ""latency_ms"": {""gesture"": 0, ""object"": 0}, ""svclat_ms"": {""gesture"": 0.0, ""object"": 36.54}}, ""z6"": {""services"": [""gesture"", ""object""], ""fps"": {""gesture"": 0, ""object"": 10}, ""eff_fps"": {""gesture"": 0, ""object"": 10}, ""latency_ms"": {""gesture"": 0, ""object"": 0}, ""svclat_ms"": {""gesture"": 0.0, ""object"": 37.98}}, ""z7"": {""services"": [""gesture"", ""object""], ""fps"": {""gesture"": 0, ""object"": 10}, ""eff_fps"": {""gesture"": 0, ""object"": 10}, ""latency_ms"": {""gesture"": 0, ""object"": 0}, ""svclat_ms"": {""gesture"": 0.0, ""object"": 39.39}}, ""z8"": {""services"": [""gesture"", ""object""], ""fps"": {""gesture"": 0, ""object"": 10}, ""eff_fps"": {""gesture"": 0, ""object"": 10}, ""latency_ms"": {""gesture"": 0, ""object"": 0}, ""svclat_ms"": {""gesture"": 0.0, ""object"": 30.92}}, ""z9"": {""services"": [""gesture"", ""object""], ""fps"": {""gesture"": 0, ""object"": 9}, ""eff_fps"": {""gesture"": 0, ""object"": 9}, ""latency_ms"": {""gesture"": 0, ""object"": 0}, ""svclat_ms"": {""gesture"": 0.0, ""object"": 40.33}}, ""z10"": {""services"": [""gesture"", ""object""], ""fps"": {""gesture"": 0, ""object"": 10}, ""eff_fps"": {""gesture"": 0, ""object"": 10}, ""latency_ms"": {""gesture"": 0, ""object"": 0}, ""svclat_ms"": {""gesture"": 0.0, ""object"": 39.45}}, ""z11"": {""services"": [""gesture"", ""object""], ""fps"": {""gesture"": 0, ""object"": 10}, ""eff_fps"": {""gesture"": 0, ""object"": 10}, ""latency_ms"": {""gesture"": 0, ""object"": 0}, ""svclat_ms"": {""gesture"": 0.0, ""object"": 22.43}}, ""z12"": {""services"": [""gesture"", ""object""], ""fps"": {""gesture"": 0, ""object"": 10}, ""eff_fps"": {""gesture"": 0, ""object"": 10}, ""latency_ms"": {""gesture"": 0, ""object"": 0}, ""svclat_ms"": {""gesture"": 0.0, ""object"": 38.81}}, ""b1"": {""services"": [""pose"", ""object""], ""fps"": {""pose"": 9, ""object"": 10}, ""eff_fps"": {""pose"": 0, ""object"": 10}, ""latency_ms"": {""pose"": 0, ""object"": 0}, ""svclat_ms"": {""pose"": 106.1, ""object"": 28.55}}, ""b2"": {""services"": [""pose"", ""object""], ""fps"": {""pose"": 10, ""object"": 10}, ""eff_fps"": {""pose"": 1, ""object"": 10}, ""latency_ms"": {""pose"": 0, ""object"": 0}, ""svclat_ms"": {""pose"": 105.05, ""object"": 38.12}}, ""b3"": {""services"": [""pose"", ""object""], ""fps"": {""pose"": 10, ""object"": 10}, ""eff_fps"": {""pose"": 1, ""object"": 10}, ""latency_ms"": {""pose"": 0, ""object"": 0}, ""svclat_ms"": {""pose"": 104.14, ""object"": 21.15}}, ""b4"": {""services"": [""pose"", ""object""], ""fps"": {""pose"": 9, ""object"": 10}, ""eff_fps"": {""pose"": 1, ""object"": 10}, ""latency_ms"": {""pose"": 0, ""object"": 0}, ""svclat_ms"": {""pose"": 104.75, ""object"": 31.71}}, ""b5"": {""services"": [""pose"", ""object""], ""fps"": {""pose"": 10, ""object"": 10}, ""eff_fps"": {""pose"": 5, ""object"": 10}, ""latency_ms"": {""pose"": 0, ""object"": 0}, ""svclat_ms"": {""pose"": 106.25, ""object"": 38.81}}, ""b6"": {""services"": [""pose"", ""object""], ""fps"": {""pose"": 9, ""object"": 10}, ""eff_fps"": {""pose"": 0, ""object"": 10}, ""latency_ms"": {""pose"": 0, ""object"": 0}, ""svclat_ms"": {""pose"": 103.05, ""object"": 22.95}}, ""b7"": {""services"": [""pose"", ""object""], ""fps"": {""pose"": 9, ""object"": 10}, ""eff_fps"": {""pose"": 4, ""object"": 10}, ""latency_ms"": {""pose"": 0, ""object"": 0}, ""svclat_ms"": {""pose"": 107.71, ""object"": 25.19}}, ""b8"": {""services"": [""pose"", ""object""], ""fps"": {""pose"": 10, ""object"": 10}, ""eff_fps"": {""pose"": 1, ""object"": 10}, ""latency_ms"": {""pose"": 0, ""object"": 0}, ""svclat_ms"": {""pose"": 102.18, ""object"": 24.8}}, ""b9"": {""services"": [""pose"", ""object""], ""fps"": {""pose"": 9, ""object"": 10}, ""eff_fps"": {""pose"": 4, ""object"": 10}, ""latency_ms"": {""pose"": 0, ""object"": 0}, ""svclat_ms"": {""pose"": 105.94, ""object"": 21.53}}, ""b10"": {""services"": [""pose"", ""object""], ""fps"": {""pose"": 9, ""object"": 10}, ""eff_fps"": {""pose"": 4, ""object"": 10}, ""latency_ms"": {""pose"": 0, ""object"": 0}, ""svclat_ms"": {""pose"": 104.09, ""object"": 30.2}}, ""b11"": {""services"": [""pose"", ""object""], ""fps"": {""pose"": 10, ""object"": 10}, ""eff_fps"": {""pose"": 4, ""object"": 10}, ""latency_ms"": {""pose"": 0, ""object"": 0}, ""svclat_ms"": {""pose"": 105.0, ""object"": 37.7}}, ""b12"": {""services"": [""pose"", ""object""], ""fps"": {""pose"": 9, ""object"": 10}, ""eff_fps"": {""pose"": 3, ""object"": 10}, ""latency_ms"": {""pose"": 0, ""object"": 0}, ""svclat_ms"": {""pose"": 107.4, ""object"": 37.72}}}"
221.9,36,23,0.639,0,0,14,7,7,1.0,611.0,590,0.966,130.0,0.3,0.0,9.58,10.0,10.04,6.2,10.0,10.04,0,0,0,102.38,80.81,31.68,581,"{""ip-172-31-0-204"": ""unhealthy"", ""ip-172-31-1-171"": ""unhealthy"", ""ip-172-31-10-12"": ""unhealthy"", ""ip-172-31-11-132"": ""healthy"", ""ip-172-31-13-134"": ""healthy"", ""ip-172-31-14-68"": ""healthy"", ""ip-172-31-40-239"": ""healthy""}",subscribe,10.4,0.2731,0,0,"{""ip-172-31-0-204"": {""object"": 1}, ""ip-172-31-1-171"": {""object"": 1}, ""ip-172-31-11-132"": {""pose"": 1}, ""ip-172-31-40-239"": {""gesture"": 1}, ""ip-172-31-10-12"": {""object"": 1}, ""ip-172-31-13-134"": {""pose"": 1}, ""ip-172-31-14-68"": {""pose"": 1}}","{""a1"": {""services"": [""pose"", ""gesture""], ""fps"": {""pose"": 10, ""gesture"": 10}, ""eff_fps"": {""pose"": 10, ""gesture"": 10}, ""latency_ms"": {""pose"": 0, ""gesture"": 0}, ""svclat_ms"": {""pose"": 89.83, ""gesture"": 86.21}}, ""a2"": {""services"": [""pose"", ""gesture""], ""fps"": {""pose"": 10, ""gesture"": 10}, ""eff_fps"": {""pose"": 10, ""gesture"": 10}, ""latency_ms"": {""pose"": 0, ""gesture"": 0}, ""svclat_ms"": {""pose"": 93.3, ""gesture"": 76.42}}, ""a3"": {""services"": [""pose"", ""gesture""], ""fps"": {""pose"": 10, ""gesture"": 10}, ""eff_fps"": {""pose"": 10, ""gesture"": 10}, ""latency_ms"": {""pose"": 0, ""gesture"": 0}, ""svclat_ms"": {""pose"": 93.0, ""gesture"": 82.55}}, ""a4"": {""services"": [""pose"", ""gesture""], ""fps"": {""pose"": 9, ""gesture"": 10}, ""eff_fps"": {""pose"": 9, ""gesture"": 10}, ""latency_ms"": {""pose"": 0, ""gesture"": 0}, ""svclat_ms"": {""pose"": 93.14, ""gesture"": 77.77}}, ""a5"": {""services"": [""pose"", ""gesture""], ""fps"": {""pose"": 10, ""gesture"": 10}, ""eff_fps"": {""pose"": 10, ""gesture"": 10}, ""latency_ms"": {""pose"": 0, ""gesture"": 0}, ""svclat_ms"": {""pose"": 91.96, ""gesture"": 81.31}}, ""a6"": {""services"": [""pose"", ""gesture""], ""fps"": {""pose"": 10, ""gesture"": 10}, ""eff_fps"": {""pose"": 10, ""gesture"": 10}, ""latency_ms"": {""pose"": 0, ""gesture"": 0}, ""svclat_ms"": {""pose"": 93.18, ""gesture"": 79.43}}, ""a7"": {""services"": [""pose"", ""gesture""], ""fps"": {""pose"": 10, ""gesture"": 10}, ""eff_fps"": {""pose"": 10, ""gesture"": 10}, ""latency_ms"": {""pose"": 0, ""gesture"": 0}, ""svclat_ms"": {""pose"": 95.2, ""gesture"": 79.66}}, ""a8"": {""services"": [""pose"", ""gesture""], ""fps"": {""pose"": 10, ""gesture"": 10}, ""eff_fps"": {""pose"": 10, ""gesture"": 10}, ""latency_ms"": {""pose"": 0, ""gesture"": 0}, ""svclat_ms"": {""pose"": 94.14, ""gesture"": 78.14}}, ""a9"": {""services"": [""pose"", ""gesture""], ""fps"": {""pose"": 9, ""gesture"": 10}, ""eff_fps"": {""pose"": 0, ""gesture"": 10}, ""latency_ms"": {""pose"": 0, ""gesture"": 0}, ""svclat_ms"": {""pose"": 107.85, ""gesture"": 84.98}}, ""a10"": {""services"": [""pose"", ""gesture""], ""fps"": {""pose"": 9, ""gesture"": 10}, ""eff_fps"": {""pose"": 1, ""gesture"": 10}, ""latency_ms"": {""pose"": 0, ""gesture"": 0}, ""svclat_ms"": {""pose"": 108.49, ""gesture"": 77.92}}, ""a11"": {""services"": [""pose"", ""gesture""], ""fps"": {""pose"": 10, ""gesture"": 10}, ""eff_fps"": {""pose"": 0, ""gesture"": 10}, ""latency_ms"": {""pose"": 0, ""gesture"": 0}, ""svclat_ms"": {""pose"": 109.72, ""gesture"": 84.5}}, ""a12"": {""services"": [""pose"", ""gesture""], ""fps"": {""pose"": 9, ""gesture"": 0}, ""eff_fps"": {""pose"": 1, ""gesture"": 0}, ""latency_ms"": {""pose"": 0, ""gesture"": 0}, ""svclat_ms"": {""pose"": 110.36, ""gesture"": 0.0}}, ""z1"": {""services"": [""gesture"", ""object""], ""fps"": {""gesture"": 0, ""object"": 10}, ""eff_fps"": {""gesture"": 0, ""object"": 10}, ""latency_ms"": {""gesture"": 0, ""object"": 0}, ""svclat_ms"": {""gesture"": 0.0, ""object"": 22.33}}, ""z2"": {""services"": [""gesture"", ""object""], ""fps"": {""gesture"": 0, ""object"": 10}, ""eff_fps"": {""gesture"": 0, ""object"": 10}, ""latency_ms"": {""gesture"": 0, ""object"": 0}, ""svclat_ms"": {""gesture"": 0.0, ""object"": 25.56}}, ""z3"": {""services"": [""gesture"", ""object""], ""fps"": {""gesture"": 0, ""object"": 10}, ""eff_fps"": {""gesture"": 0, ""object"": 10}, ""latency_ms"": {""gesture"": 0, ""object"": 0}, ""svclat_ms"": {""gesture"": 0.0, ""object"": 38.62}}, ""z4"": {""services"": [""gesture"", ""object""], ""fps"": {""gesture"": 0, ""object"": 10}, ""eff_fps"": {""gesture"": 0, ""object"": 10}, ""latency_ms"": {""gesture"": 0, ""object"": 0}, ""svclat_ms"": {""gesture"": 0.0, ""object"": 37.85}}, ""z5"": {""services"": [""gesture"", ""object""], ""fps"": {""gesture"": 0, ""object"": 10}, ""eff_fps"": {""gesture"": 0, ""object"": 10}, ""latency_ms"": {""gesture"": 0, ""object"": 0}, ""svclat_ms"": {""gesture"": 0.0, ""object"": 36.07}}, ""z6"": {""services"": [""gesture"", ""object""], ""fps"": {""gesture"": 0, ""object"": 10}, ""eff_fps"": {""gesture"": 0, ""object"": 10}, ""latency_ms"": {""gesture"": 0, ""object"": 0}, ""svclat_ms"": {""gesture"": 0.0, ""object"": 37.2}}, ""z7"": {""services"": [""gesture"", ""object""], ""fps"": {""gesture"": 0, ""object"": 10}, ""eff_fps"": {""gesture"": 0, ""object"": 10}, ""latency_ms"": {""gesture"": 0, ""object"": 0}, ""svclat_ms"": {""gesture"": 0.0, ""object"": 37.68}}, ""z8"": {""services"": [""gesture"", ""object""], ""fps"": {""gesture"": 0, ""object"": 10}, ""eff_fps"": {""gesture"": 0, ""object"": 10}, ""latency_ms"": {""gesture"": 0, ""object"": 0}, ""svclat_ms"": {""gesture"": 0.0, ""object"": 27.11}}, ""z9"": {""services"": [""gesture"", ""object""], ""fps"": {""gesture"": 0, ""object"": 11}, ""eff_fps"": {""gesture"": 0, ""object"": 11}, ""latency_ms"": {""gesture"": 0, ""object"": 0}, ""svclat_ms"": {""gesture"": 0.0, ""object"": 40.23}}, ""z10"": {""services"": [""gesture"", ""object""], ""fps"": {""gesture"": 0, ""object"": 10}, ""eff_fps"": {""gesture"": 0, ""object"": 10}, ""latency_ms"": {""gesture"": 0, ""object"": 0}, ""svclat_ms"": {""gesture"": 0.0, ""object"": 39.56}}, ""z11"": {""services"": [""gesture"", ""object""], ""fps"": {""gesture"": 0, ""object"": 10}, ""eff_fps"": {""gesture"": 0, ""object"": 10}, ""latency_ms"": {""gesture"": 0, ""object"": 0}, ""svclat_ms"": {""gesture"": 0.0, ""object"": 21.94}}, ""z12"": {""services"": [""gesture"", ""object""], ""fps"": {""gesture"": 0, ""object"": 10}, ""eff_fps"": {""gesture"": 0, ""object"": 10}, ""latency_ms"": {""gesture"": 0, ""object"": 0}, ""svclat_ms"": {""gesture"": 0.0, ""object"": 38.65}}, ""b1"": {""services"": [""pose"", ""object""], ""fps"": {""pose"": 9, ""object"": 10}, ""eff_fps"": {""pose"": 0, ""object"": 10}, ""latency_ms"": {""pose"": 0, ""object"": 0}, ""svclat_ms"": {""pose"": 110.4, ""object"": 29.06}}, ""b2"": {""services"": [""pose"", ""object""], ""fps"": {""pose"": 10, ""object"": 10}, ""eff_fps"": {""pose"": 0, ""object"": 10}, ""latency_ms"": {""pose"": 0, ""object"": 0}, ""svclat_ms"": {""pose"": 109.7, ""object"": 38.59}}, ""b3"": {""services"": [""pose"", ""object""], ""fps"": {""pose"": 10, ""object"": 10}, ""eff_fps"": {""pose"": 0, ""object"": 10}, ""latency_ms"": {""pose"": 0, ""object"": 0}, ""svclat_ms"": {""pose"": 108.62, ""object"": 21.47}}, ""b4"": {""services"": [""pose"", ""object""], ""fps"": {""pose"": 9, ""object"": 10}, ""eff_fps"": {""pose"": 0, ""object"": 10}, ""latency_ms"": {""pose"": 0, ""object"": 0}, ""svclat_ms"": {""pose"": 109.44, ""object"": 32.14}}, ""b5"": {""services"": [""pose"", ""object""], ""fps"": {""pose"": 10, ""object"": 10}, ""eff_fps"": {""pose"": 2, ""object"": 10}, ""latency_ms"": {""pose"": 0, ""object"": 0}, ""svclat_ms"": {""pose"": 104.92, ""object"": 37.82}}, ""b6"": {""services"": [""pose"", ""object""], ""fps"": {""pose"": 10, ""object"": 10}, ""eff_fps"": {""pose"": 3, ""object"": 10}, ""latency_ms"": {""pose"": 0, ""object"": 0}, ""svclat_ms"": {""pose"": 103.29, ""object"": 22.45}}, ""b7"": {""services"": [""pose"", ""object""], ""fps"": {""pose"": 9, ""object"": 10}, ""eff_fps"": {""pose"": 2, ""object"": 10}, ""latency_ms"": {""pose"": 0, ""object"": 0}, ""svclat_ms"": {""pose"": 105.7, ""object"": 25.21}}, ""b8"": {""services"": [""pose"", ""object""], ""fps"": {""pose"": 9, ""object"": 10}, ""eff_fps"": {""pose"": 3, ""object"": 10}, ""latency_ms"": {""pose"": 0, ""object"": 0}, ""svclat_ms"": {""pose"": 104.01, ""object"": 24.93}}, ""b9"": {""services"": [""pose"", ""object""], ""fps"": {""pose"": 9, ""object"": 10}, ""eff_fps"": {""pose"": 0, ""object"": 10}, ""latency_ms"": {""pose"": 0, ""object"": 0}, ""svclat_ms"": {""pose"": 105.16, ""object"": 21.08}}, ""b10"": {""services"": [""pose"", ""object""], ""fps"": {""pose"": 10, ""object"": 10}, ""eff_fps"": {""pose"": 0, ""object"": 10}, ""latency_ms"": {""pose"": 0, ""object"": 0}, ""svclat_ms"": {""pose"": 105.22, ""object"": 29.92}}, ""b11"": {""services"": [""pose"", ""object""], ""fps"": {""pose"": 10, ""object"": 10}, ""eff_fps"": {""pose"": 2, ""object"": 10}, ""latency_ms"": {""pose"": 0, ""object"": 0}, ""svclat_ms"": {""pose"": 104.93, ""object"": 37.22}}, ""b12"": {""services"": [""pose"", ""object""], ""fps"": {""pose"": 9, ""object"": 10}, ""eff_fps"": {""pose"": 0, ""object"": 10}, ""latency_ms"": {""pose"": 0, ""object"": 0}, ""svclat_ms"": {""pose"": 105.62, ""object"": 37.57}}}"
224.3,36,23,0.639,0,0,14,7,7,1.0,611.0,590,0.966,130.0,0.3,0.0,9.71,10.55,10.04,7.17,10.55,10.04,0,0,0,96.75,66.96,31.4,590,"{""ip-172-31-0-204"": ""unhealthy"", ""ip-172-31-1-171"": ""unhealthy"", ""ip-172-31-10-12"": ""unhealthy"", ""ip-172-31-11-132"": ""healthy"", ""ip-172-31-13-134"": ""healthy"", ""ip-172-31-14-68"": ""healthy"", ""ip-172-31-40-239"": ""healthy""}",subscribe,10.4,0.2731,0,0,"{""ip-172-31-0-204"": {""object"": 1}, ""ip-172-31-1-171"": {""object"": 1}, ""ip-172-31-11-132"": {""pose"": 1}, ""ip-172-31-40-239"": {""gesture"": 1}, ""ip-172-31-10-12"": {""object"": 1}, ""ip-172-31-13-134"": {""pose"": 1}, ""ip-172-31-14-68"": {""pose"": 1}}","{""a1"": {""services"": [""pose"", ""gesture""], ""fps"": {""pose"": 9, ""gesture"": 11}, ""eff_fps"": {""pose"": 8, ""gesture"": 11}, ""latency_ms"": {""pose"": 0, ""gesture"": 0}, ""svclat_ms"": {""pose"": 100.36, ""gesture"": 69.19}}, ""a2"": {""services"": [""pose"", ""gesture""], ""fps"": {""pose"": 10, ""gesture"": 10}, ""eff_fps"": {""pose"": 9, ""gesture"": 10}, ""latency_ms"": {""pose"": 0, ""gesture"": 0}, ""svclat_ms"": {""pose"": 100.07, ""gesture"": 63.88}}, ""a3"": {""services"": [""pose"", ""gesture""], ""fps"": {""pose"": 9, ""gesture"": 11}, ""eff_fps"": {""pose"": 8, ""gesture"": 11}, ""latency_ms"": {""pose"": 0, ""gesture"": 0}, ""svclat_ms"": {""pose"": 99.89, ""gesture"": 61.56}}, ""a4"": {""services"": [""pose"", ""gesture""], ""fps"": {""pose"": 10, ""gesture"": 11}, ""eff_fps"": {""pose"": 9, ""gesture"": 11}, ""latency_ms"": {""pose"": 0, ""gesture"": 0}, ""svclat_ms"": {""pose"": 97.58, ""gesture"": 54.12}}, ""a5"": {""services"": [""pose"", ""gesture""], ""fps"": {""pose"": 10, ""gesture"": 11}, ""eff_fps"": {""pose"": 9, ""gesture"": 11}, ""latency_ms"": {""pose"": 0, ""gesture"": 0}, ""svclat_ms"": {""pose"": 97.63, ""gesture"": 54.87}}, ""a6"": {""services"": [""pose"", ""gesture""], ""fps"": {""pose"": 9, ""gesture"": 10}, ""eff_fps"": {""pose"": 8, ""gesture"": 10}, ""latency_ms"": {""pose"": 0, ""gesture"": 0}, ""svclat_ms"": {""pose"": 102.16, ""gesture"": 75.46}}, ""a7"": {""services"": [""pose"", ""gesture""], ""fps"": {""pose"": 9, ""gesture"": 11}, ""eff_fps"": {""pose"": 8, ""gesture"": 11}, ""latency_ms"": {""pose"": 0, ""gesture"": 0}, ""svclat_ms"": {""pose"": 102.45, ""gesture"": 77.12}}, ""a8"": {""services"": [""pose"", ""gesture""], ""fps"": {""pose"": 9, ""gesture"": 10}, ""eff_fps"": {""pose"": 8, ""gesture"": 10}, ""latency_ms"": {""pose"": 0, ""gesture"": 0}, ""svclat_ms"": {""pose"": 102.38, ""gesture"": 74.9}}, ""a9"": {""services"": [""pose"", ""gesture""], ""fps"": {""pose"": 10, ""gesture"": 11}, ""eff_fps"": {""pose"": 5, ""gesture"": 11}, ""latency_ms"": {""pose"": 0, ""gesture"": 0}, ""svclat_ms"": {""pose"": 101.8, ""gesture"": 79.14}}, ""a10"": {""services"": [""pose"", ""gesture""], ""fps"": {""pose"": 9, ""gesture"": 10}, ""eff_fps"": {""pose"": 4, ""gesture"": 10}, ""latency_ms"": {""pose"": 0, ""gesture"": 0}, ""svclat_ms"": {""pose"": 102.84, ""gesture"": 74.54}}, ""a11"": {""services"": [""pose"", ""gesture""], ""fps"": {""pose"": 10, ""gesture"": 10}, ""eff_fps"": {""pose"": 9, ""gesture"": 10}, ""latency_ms"": {""pose"": 0, ""gesture"": 0}, ""svclat_ms"": {""pose"": 94.13, ""gesture"": 51.73}}, ""a12"": {""services"": [""pose"", ""gesture""], ""fps"": {""pose"": 10, ""gesture"": 0}, ""eff_fps"": {""pose"": 9, ""gesture"": 0}, ""latency_ms"": {""pose"": 0, ""gesture"": 0}, ""svclat_ms"": {""pose"": 94.83, ""gesture"": 0.0}}, ""z1"": {""services"": [""gesture"", ""object""], ""fps"": {""gesture"": 0, ""object"": 10}, ""eff_fps"": {""gesture"": 0, ""object"": 10}, ""latency_ms"": {""gesture"": 0, ""object"": 0}, ""svclat_ms"": {""gesture"": 0.0, ""object"": 21.26}}, ""z2"": {""services"": [""gesture"", ""object""], ""fps"": {""gesture"": 0, ""object"": 10}, ""eff_fps"": {""gesture"": 0, ""object"": 10}, ""latency_ms"": {""gesture"": 0, ""object"": 0}, ""svclat_ms"": {""gesture"": 0.0, ""object"": 25.24}}, ""z3"": {""services"": [""gesture"", ""object""], ""fps"": {""gesture"": 0, ""object"": 10}, ""eff_fps"": {""gesture"": 0, ""object"": 10}, ""latency_ms"": {""gesture"": 0, ""object"": 0}, ""svclat_ms"": {""gesture"": 0.0, ""object"": 37.98}}, ""z4"": {""services"": [""gesture"", ""object""], ""fps"": {""gesture"": 0, ""object"": 10}, ""eff_fps"": {""gesture"": 0, ""object"": 10}, ""latency_ms"": {""gesture"": 0, ""object"": 0}, ""svclat_ms"": {""gesture"": 0.0, ""object"": 35.24}}, ""z5"": {""services"": [""gesture"", ""object""], ""fps"": {""gesture"": 0, ""object"": 10}, ""eff_fps"": {""gesture"": 0, ""object"": 10}, ""latency_ms"": {""gesture"": 0, ""object"": 0}, ""svclat_ms"": {""gesture"": 0.0, ""object"": 34.94}}, ""z6"": {""services"": [""gesture"", ""object""], ""fps"": {""gesture"": 0, ""object"": 10}, ""eff_fps"": {""gesture"": 0, ""object"": 10}, ""latency_ms"": {""gesture"": 0, ""object"": 0}, ""svclat_ms"": {""gesture"": 0.0, ""object"": 36.3}}, ""z7"": {""services"": [""gesture"", ""object""], ""fps"": {""gesture"": 0, ""object"": 10}, ""eff_fps"": {""gesture"": 0, ""object"": 10}, ""latency_ms"": {""gesture"": 0, ""object"": 0}, ""svclat_ms"": {""gesture"": 0.0, ""object"": 37.54}}, ""z8"": {""services"": [""gesture"", ""object""], ""fps"": {""gesture"": 0, ""object"": 10}, ""eff_fps"": {""gesture"": 0, ""object"": 10}, ""latency_ms"": {""gesture"": 0, ""object"": 0}, ""svclat_ms"": {""gesture"": 0.0, ""object"": 30.13}}, ""z9"": {""services"": [""gesture"", ""object""], ""fps"": {""gesture"": 0, ""object"": 11}, ""eff_fps"": {""gesture"": 0, ""object"": 11}, ""latency_ms"": {""gesture"": 0, ""object"": 0}, ""svclat_ms"": {""gesture"": 0.0, ""object"": 40.08}}, ""z10"": {""services"": [""gesture"", ""object""], ""fps"": {""gesture"": 0, ""object"": 10}, ""eff_fps"": {""gesture"": 0, ""object"": 10}, ""latency_ms"": {""gesture"": 0, ""object"": 0}, ""svclat_ms"": {""gesture"": 0.0, ""object"": 39.31}}, ""z11"": {""services"": [""gesture"", ""object""], ""fps"": {""gesture"": 0, ""object"": 10}, ""eff_fps"": {""gesture"": 0, ""object"": 10}, ""latency_ms"": {""gesture"": 0, ""object"": 0}, ""svclat_ms"": {""gesture"": 0.0, ""object"": 22.39}}, ""z12"": {""services"": [""gesture"", ""object""], ""fps"": {""gesture"": 0, ""object"": 10}, ""eff_fps"": {""gesture"": 0, ""object"": 10}, ""latency_ms"": {""gesture"": 0, ""object"": 0}, ""svclat_ms"": {""gesture"": 0.0, ""object"": 38.56}}, ""b1"": {""services"": [""pose"", ""object""], ""fps"": {""pose"": 9, ""object"": 10}, ""eff_fps"": {""pose"": 0, ""object"": 10}, ""latency_ms"": {""pose"": 0, ""object"": 0}, ""svclat_ms"": {""pose"": 107.89, ""object"": 28.21}}, ""b2"": {""services"": [""pose"", ""object""], ""fps"": {""pose"": 10, ""object"": 10}, ""eff_fps"": {""pose"": 8, ""object"": 10}, ""latency_ms"": {""pose"": 0, ""object"": 0}, ""svclat_ms"": {""pose"": 97.27, ""object"": 37.61}}, ""b3"": {""services"": [""pose"", ""object""], ""fps"": {""pose"": 10, ""object"": 10}, ""eff_fps"": {""pose"": 5, ""object"": 10}, ""latency_ms"": {""pose"": 0, ""object"": 0}, ""svclat_ms"": {""pose"": 102.53, ""object"": 21.83}}, ""b4"": {""services"": [""pose"", ""object""], ""fps"": {""pose"": 10, ""object"": 10}, ""eff_fps"": {""pose"": 7, ""object"": 10}, ""latency_ms"": {""pose"": 0, ""object"": 0}, ""svclat_ms"": {""pose"": 99.52, ""object"": 31.41}}, ""b5"": {""services"": [""pose"", ""object""], ""fps"": {""pose"": 10, ""object"": 10}, ""eff_fps"": {""pose"": 7, ""object"": 10}, ""latency_ms"": {""pose"": 0, ""object"": 0}, ""svclat_ms"": {""pose"": 89.75, ""object"": 37.92}}, ""b6"": {""services"": [""pose"", ""object""], ""fps"": {""pose"": 10, ""object"": 10}, ""eff_fps"": {""pose"": 5, ""object"": 10}, ""latency_ms"": {""pose"": 0, ""object"": 0}, ""svclat_ms"": {""pose"": 96.36, ""object"": 23.08}}, ""b7"": {""services"": [""pose"", ""object""], ""fps"": {""pose"": 10, ""object"": 10}, ""eff_fps"": {""pose"": 7, ""object"": 10}, ""latency_ms"": {""pose"": 0, ""object"": 0}, ""svclat_ms"": {""pose"": 85.6, ""object"": 24.9}}, ""b8"": {""services"": [""pose"", ""object""], ""fps"": {""pose"": 10, ""object"": 10}, ""eff_fps"": {""pose"": 4, ""object"": 10}, ""latency_ms"": {""pose"": 0, ""object"": 0}, ""svclat_ms"": {""pose"": 96.56, ""object"": 24.82}}, ""b9"": {""services"": [""pose"", ""object""], ""fps"": {""pose"": 10, ""object"": 10}, ""eff_fps"": {""pose"": 7, ""object"": 10}, ""latency_ms"": {""pose"": 0, ""object"": 0}, ""svclat_ms"": {""pose"": 86.78, ""object"": 21.29}}, ""b10"": {""services"": [""pose"", ""object""], ""fps"": {""pose"": 10, ""object"": 10}, ""eff_fps"": {""pose"": 7, ""object"": 10}, ""latency_ms"": {""pose"": 0, ""object"": 0}, ""svclat_ms"": {""pose"": 87.67, ""object"": 29.32}}, ""b11"": {""services"": [""pose"", ""object""], ""fps"": {""pose"": 10, ""object"": 10}, ""eff_fps"": {""pose"": 7, ""object"": 10}, ""latency_ms"": {""pose"": 0, ""object"": 0}, ""svclat_ms"": {""pose"": 89.68, ""object"": 37.05}}, ""b12"": {""services"": [""pose"", ""object""], ""fps"": {""pose"": 10, ""object"": 10}, ""eff_fps"": {""pose"": 7, ""object"": 10}, ""latency_ms"": {""pose"": 0, ""object"": 0}, ""svclat_ms"": {""pose"": 86.23, ""object"": 37.19}}}"
226.7,36,23,0.639,0,0,14,7,7,1.0,611.0,590,0.966,130.0,0.3,0.0,0,0,0,0,0,0,0,0,0,0,0,0,0,"{""ip-172-31-0-204"": ""unhealthy"", ""ip-172-31-1-171"": ""unhealthy"", ""ip-172-31-10-12"": ""unhealthy"", ""ip-172-31-11-132"": ""healthy"", ""ip-172-31-13-134"": ""healthy"", ""ip-172-31-14-68"": ""healthy"", ""ip-172-31-40-239"": ""healthy""}",subscribe,10.4,0.2731,0,0,"{""ip-172-31-0-204"": {""object"": 1}, ""ip-172-31-1-171"": {""object"": 1}, ""ip-172-31-11-132"": {""pose"": 1}, ""ip-172-31-40-239"": {""gesture"": 1}, ""ip-172-31-10-12"": {""object"": 1}, ""ip-172-31-13-134"": {""pose"": 1}, ""ip-172-31-14-68"": {""pose"": 1}}",{}
229.0,36,23,0.639,0,0,14,7,7,1.0,611.0,590,0.966,130.0,0.3,0.0,0,0,0,0,0,0,0,0,0,0,0,0,0,"{""ip-172-31-0-204"": ""unhealthy"", ""ip-172-31-1-171"": ""unhealthy"", ""ip-172-31-10-12"": ""unhealthy"", ""ip-172-31-11-132"": ""healthy"", ""ip-172-31-13-134"": ""healthy"", ""ip-172-31-14-68"": ""healthy"", ""ip-172-31-40-239"": ""healthy""}",subscribe,10.4,0.2731,0,0,"{""ip-172-31-0-204"": {""object"": 1}, ""ip-172-31-1-171"": {""object"": 1}, ""ip-172-31-11-132"": {""pose"": 1}, ""ip-172-31-40-239"": {""gesture"": 1}, ""ip-172-31-10-12"": {""object"": 1}, ""ip-172-31-13-134"": {""pose"": 1}, ""ip-172-31-14-68"": {""pose"": 1}}",{}
