elapsed_s,n_users,nsats,sat_rate,pods_added,pods_deleted,cumulative_pod_changes,total_pods,effective_pods,effective_pod_ratio,deployed_capacity_fps,total_allocated_fps,capacity_utilization,wasted_fps,pods_per_sat_user,avg_response_ms,real_pose_fps,real_gesture_fps,real_object_fps,eff_pose_fps,eff_gesture_fps,eff_object_fps,avg_pose_latency_ms,avg_gesture_latency_ms,avg_object_latency_ms,avg_pose_svclat_ms,avg_gesture_svclat_ms,avg_object_svclat_ms,real_total_recv_fps,node_status,trigger_type,solver_time_ms,q_score,phase1_triggered,phase1_alloc_count,node_topology,per_user_detail
1.4,0,0,0,0,0,0,0,0,0.0,0,0,0.0,0.0,0,0.0,0,0,0,0,0,0,0,0,0,0,0,0,0,"{""ip-172-31-0-204"": ""healthy"", ""ip-172-31-1-171"": ""healthy"", ""ip-172-31-10-12"": ""healthy"", ""ip-172-31-11-132"": ""healthy"", ""ip-172-31-13-134"": ""healthy"", ""ip-172-31-14-68"": ""healthy"", ""ip-172-31-40-239"": ""healthy""}",unsubscribe,0.1,0.0,0,0,{},"{""a1"": {""services"": [""pose"", ""gesture""], ""fps"": {""pose"": 0, ""gesture"": 0}, ""eff_fps"": {""pose"": 0, ""gesture"": 0}, ""latency_ms"": {""pose"": 0, ""gesture"": 0}, ""svclat_ms"": {""pose"": 0.0, ""gesture"": 0.0}}}"
2.9,0,0,0,0,0,0,0,0,0.0,0,0,0.0,0.0,0,0.0,0,0,0,0,0,0,0,0,0,0,0,0,0,"{""ip-172-31-0-204"": ""healthy"", ""ip-172-31-1-171"": ""healthy"", ""ip-172-31-10-12"": ""healthy"", ""ip-172-31-11-132"": ""healthy"", ""ip-172-31-13-134"": ""healthy"", ""ip-172-31-14-68"": ""healthy"", ""ip-172-31-40-239"": ""healthy""}",unsubscribe,0.1,0.0,0,0,{},"{""a1"": {""services"": [""pose"", ""gesture""], ""fps"": {""pose"": 0, ""gesture"": 0}, ""eff_fps"": {""pose"": 0, ""gesture"": 0}, ""latency_ms"": {""pose"": 0, ""gesture"": 0}, ""svclat_ms"": {""pose"": 0.0, ""gesture"": 0.0}}}"
4.3,1,0,0.0,0,0,0,0,0,0.0,0,0,0.0,0.0,0,0.0,0,0,0,0,0,0,0,0,0,0,0,0,0,"{""ip-172-31-0-204"": ""healthy"", ""ip-172-31-1-171"": ""healthy"", ""ip-172-31-10-12"": ""healthy"", ""ip-172-31-11-132"": ""healthy"", ""ip-172-31-13-134"": ""healthy"", ""ip-172-31-14-68"": ""healthy"", ""ip-172-31-40-239"": ""healthy""}",unsubscribe,0.1,0.0,0,0,{},"{""a1"": {""services"": [""pose"", ""gesture""], ""fps"": {""pose"": 0, ""gesture"": 0}, ""eff_fps"": {""pose"": 0, ""gesture"": 0}, ""latency_ms"": {""pose"": 0, ""gesture"": 0}, ""svclat_ms"": {""pose"": 0.0, ""gesture"": 0.0}}}"
5.8,1,0,0.0,0,0,0,0,0,0.0,0,0,0.0,0.0,0,0.0,0,0,0,0,0,0,0,0,0,0,0,0,0,"{""ip-172-31-0-204"": ""healthy"", ""ip-172-31-1-171"": ""healthy"", ""ip-172-31-10-12"": ""healthy"", ""ip-172-31-11-132"": ""healthy"", ""ip-172-31-13-134"": ""healthy"", ""ip-172-31-14-68"": ""healthy"", ""ip-172-31-40-239"": ""healthy""}",unsubscribe,0.1,0.0,0,0,{},"{""a1"": {""services"": [""pose"", ""gesture""], ""fps"": {""pose"": 0, ""gesture"": 0}, ""eff_fps"": {""pose"": 0, ""gesture"": 0}, ""latency_ms"": {""pose"": 0, ""gesture"": 0}, ""svclat_ms"": {""pose"": 0.0, ""gesture"": 0.0}}, ""a2"": {""services"": [""pose"", ""gesture""], ""fps"": {""pose"": 0, ""gesture"": 0}, ""eff_fps"": {""pose"": 0, ""gesture"": 0}, ""latency_ms"": {""pose"": 0, ""gesture"": 0}, ""svclat_ms"": {""pose"": 0.0, ""gesture"": 0.0}}}"
7.2,1,0,0.0,0,0,0,0,0,0.0,0,0,0.0,0.0,0,0.0,0,0,0,0,0,0,0,0,0,0,0,0,0,"{""ip-172-31-0-204"": ""healthy"", ""ip-172-31-1-171"": ""healthy"", ""ip-172-31-10-12"": ""healthy"", ""ip-172-31-11-132"": ""healthy"", ""ip-172-31-13-134"": ""healthy"", ""ip-172-31-14-68"": ""healthy"", ""ip-172-31-40-239"": ""healthy""}",unsubscribe,0.1,0.0,0,0,{},"{""a1"": {""services"": [""pose"", ""gesture""], ""fps"": {""pose"": 0, ""gesture"": 0}, ""eff_fps"": {""pose"": 0, ""gesture"": 0}, ""latency_ms"": {""pose"": 0, ""gesture"": 0}, ""svclat_ms"": {""pose"": 0.0, ""gesture"": 0.0}}, ""a2"": {""services"": [""pose"", ""gesture""], ""fps"": {""pose"": 0, ""gesture"": 0}, ""eff_fps"": {""pose"": 0, ""gesture"": 0}, ""latency_ms"": {""pose"": 0, ""gesture"": 0}, ""svclat_ms"": {""pose"": 0.0, ""gesture"": 0.0}}}"
8.7,1,0,0.0,0,0,0,0,0,0.0,0,0,0.0,0.0,0,0.0,0,0,0,0,0,0,0,0,0,0,0,0,0,"{""ip-172-31-0-204"": ""healthy"", ""ip-172-31-1-171"": ""healthy"", ""ip-172-31-10-12"": ""healthy"", ""ip-172-31-11-132"": ""healthy"", ""ip-172-31-13-134"": ""healthy"", ""ip-172-31-14-68"": ""healthy"", ""ip-172-31-40-239"": ""healthy""}",unsubscribe,0.1,0.0,0,0,{},"{""a1"": {""services"": [""pose"", ""gesture""], ""fps"": {""pose"": 0, ""gesture"": 0}, ""eff_fps"": {""pose"": 0, ""gesture"": 0}, ""latency_ms"": {""pose"": 0, ""gesture"": 0}, ""svclat_ms"": {""pose"": 0.0, ""gesture"": 0.0}}, ""a2"": {""services"": [""pose"", ""gesture""], ""fps"": {""pose"": 0, ""gesture"": 0}, ""eff_fps"": {""pose"": 0, ""gesture"": 0}, ""latency_ms"": {""pose"": 0, ""gesture"": 0}, ""svclat_ms"": {""pose"": 0.0, ""gesture"": 0.0}}}"
10.1,1,0,0.0,0,0,0,0,0,0.0,0,0,0.0,0.0,0,0.0,0,0,0,0,0,0,0,0,0,0,0,0,0,"{""ip-172-31-0-204"": ""healthy"", ""ip-172-31-1-171"": ""healthy"", ""ip-172-31-10-12"": ""healthy"", ""ip-172-31-11-132"": ""healthy"", ""ip-172-31-13-134"": ""healthy"", ""ip-172-31-14-68"": ""healthy"", ""ip-172-31-40-239"": ""healthy""}",unsubscribe,0.1,0.0,0,0,{},"{""a1"": {""services"": [""pose"", ""gesture""], ""fps"": {""pose"": 0, ""gesture"": 0}, ""eff_fps"": {""pose"": 0, ""gesture"": 0}, ""latency_ms"": {""pose"": 0, ""gesture"": 0}, ""svclat_ms"": {""pose"": 0.0, ""gesture"": 0.0}}, ""a2"": {""services"": [""pose"", ""gesture""], ""fps"": {""pose"": 0, ""gesture"": 0}, ""eff_fps"": {""pose"": 0, ""gesture"": 0}, ""latency_ms"": {""pose"": 0, ""gesture"": 0}, ""svclat_ms"": {""pose"": 0.0, ""gesture"": 0.0}}, ""a3"": {""services"": [""pose"", ""gesture""], ""fps"": {""pose"": 0, ""gesture"": 0}, ""eff_fps"": {""pose"": 0, ""gesture"": 0}, ""latency_ms"": {""pose"": 0, ""gesture"": 0}, ""svclat_ms"": {""pose"": 0.0, ""gesture"": 0.0}}}"
11.5,1,0,0.0,0,0,0,0,0,0.0,0,0,0.0,0.0,0,0.0,0,0,0,0,0,0,0,0,0,0,0,0,0,"{""ip-172-31-0-204"": ""healthy"", ""ip-172-31-1-171"": ""healthy"", ""ip-172-31-10-12"": ""healthy"", ""ip-172-31-11-132"": ""healthy"", ""ip-172-31-13-134"": ""healthy"", ""ip-172-31-14-68"": ""healthy"", ""ip-172-31-40-239"": ""healthy""}",unsubscribe,0.1,0.0,0,0,{},"{""a1"": {""services"": [""pose"", ""gesture""], ""fps"": {""pose"": 0, ""gesture"": 0}, ""eff_fps"": {""pose"": 0, ""gesture"": 0}, ""latency_ms"": {""pose"": 0, ""gesture"": 0}, ""svclat_ms"": {""pose"": 0.0, ""gesture"": 0.0}}, ""a2"": {""services"": [""pose"", ""gesture""], ""fps"": {""pose"": 0, ""gesture"": 0}, ""eff_fps"": {""pose"": 0, ""gesture"": 0}, ""latency_ms"": {""pose"": 0, ""gesture"": 0}, ""svclat_ms"": {""pose"": 0.0, ""gesture"": 0.0}}, ""a3"": {""services"": [""pose"", ""gesture""], ""fps"": {""pose"": 0, ""gesture"": 0}, ""eff_fps"": {""pose"": 0, ""gesture"": 0}, ""latency_ms"": {""pose"": 0, ""gesture"": 0}, ""svclat_ms"": {""pose"": 0.0, ""gesture"": 0.0}}}"
13.0,1,0,0.0,0,0,0,0,0,0.0,0,0,0.0,0.0,0,0.0,0,0,0,0,0,0,0,0,0,0,0,0,0,"{""ip-172-31-0-204"": ""healthy"", ""ip-172-31-1-171"": ""healthy"", ""ip-172-31-10-12"": ""healthy"", ""ip-172-31-11-132"": ""healthy"", ""ip-172-31-13-134"": ""healthy"", ""ip-172-31-14-68"": ""healthy"", ""ip-172-31-40-239"": ""healthy""}",unsubscribe,0.1,0.0,0,0,{},"{""a1"": {""services"": [""pose"", ""gesture""], ""fps"": {""pose"": 0, ""gesture"": 0}, ""eff_fps"": {""pose"": 0, ""gesture"": 0}, ""latency_ms"": {""pose"": 0, ""gesture"": 0}, ""svclat_ms"": {""pose"": 0.0, ""gesture"": 0.0}}, ""a2"": {""services"": [""pose"", ""gesture""], ""fps"": {""pose"": 0, ""gesture"": 0}, ""eff_fps"": {""pose"": 0, ""gesture"": 0}, ""latency_ms"": {""pose"": 0, ""gesture"": 0}, ""svclat_ms"": {""pose"": 0.0, ""gesture"": 0.0}}, ""a3"": {""services"": [""pose"", ""gesture""], ""fps"": {""pose"": 0, ""gesture"": 0}, ""eff_fps"": {""pose"": 0, ""gesture"": 0}, ""latency_ms"": {""pose"": 0, ""gesture"": 0}, ""svclat_ms"": {""pose"": 0.0, ""gesture"": 0.0}}}"
18.3,2,1,0.5,11,0,11,11,2,0.182,879.0,60.0,0.068,0.0,11.0,0.0,30.0,30.0,0,30.0,30.0,0,0,0,0,16.63,14.46,0,120,"{""ip-172-31-0-204"": ""healthy"", ""ip-172-31-1-171"": ""healthy"", ""ip-172-31-10-12"": ""healthy"", ""ip-172-31-11-132"": ""healthy"", ""ip-172-31-13-134"": ""healthy"", ""ip-172-31-14-68"": ""healthy"", ""ip-172-31-40-239"": ""healthy""}",subscribe,58.7,1.0,0,0,"{""ip-172-31-1-171"": {""pose"": 1, ""object"": 1, ""gesture"": 1}, ""ip-172-31-14-68"": {""gesture"": 1, ""pose"": 1}, ""ip-172-31-11-132"": {""gesture"": 1, ""object"": 1}, ""ip-172-31-40-239"": {""object"": 1}, ""ip-172-31-0-204"": {""pose"": 1}, ""ip-172-31-10-12"": {""pose"": 1}, ""ip-172-31-13-134"": {""object"": 1}}","{""a1"": {""services"": [""pose"", ""gesture""], ""fps"": {""pose"": 30, ""gesture"": 30}, ""eff_fps"": {""pose"": 30, ""gesture"": 30}, ""latency_ms"": {""pose"": 0, ""gesture"": 0}, ""svclat_ms"": {""pose"": 16.52, ""gesture"": 14.19}}, ""a2"": {""services"": [""pose"", ""gesture""], ""fps"": {""pose"": 30, ""gesture"": 30}, ""eff_fps"": {""pose"": 30, ""gesture"": 30}, ""latency_ms"": {""pose"": 0, ""gesture"": 0}, ""svclat_ms"": {""pose"": 16.74, ""gesture"": 14.74}}, ""a3"": {""services"": [""pose"", ""gesture""], ""fps"": {""pose"": 0, ""gesture"": 0}, ""eff_fps"": {""pose"": 0, ""gesture"": 0}, ""latency_ms"": {""pose"": 0, ""gesture"": 0}, ""svclat_ms"": {""pose"": 0.0, ""gesture"": 0.0}}, ""a4"": {""services"": [""pose"", ""gesture""], ""fps"": {""pose"": 0, ""gesture"": 0}, ""eff_fps"": {""pose"": 0, ""gesture"": 0}, ""latency_ms"": {""pose"": 0, ""gesture"": 0}, ""svclat_ms"": {""pose"": 0.0, ""gesture"": 0.0}}}"
23.2,4,3,0.75,0,0,11,11,6,0.545,879.0,180.0,0.205,0.0,3.67,0.0,30.0,30.0,0,30.0,30.0,0,0,0,0,17.77,15.33,0,240,"{""ip-172-31-0-204"": ""healthy"", ""ip-172-31-1-171"": ""healthy"", ""ip-172-31-10-12"": ""healthy"", ""ip-172-31-11-132"": ""healthy"", ""ip-172-31-13-134"": ""healthy"", ""ip-172-31-14-68"": ""healthy"", ""ip-172-31-40-239"": ""healthy""}",subscribe,69.0,1.0,0,0,"{""ip-172-31-1-171"": {""pose"": 1, ""object"": 1, ""gesture"": 1}, ""ip-172-31-14-68"": {""gesture"": 1, ""pose"": 1}, ""ip-172-31-11-132"": {""gesture"": 1, ""object"": 1}, ""ip-172-31-40-239"": {""object"": 1}, ""ip-172-31-0-204"": {""pose"": 1}, ""ip-172-31-10-12"": {""pose"": 1}, ""ip-172-31-13-134"": {""object"": 1}}","{""a1"": {""services"": [""pose"", ""gesture""], ""fps"": {""pose"": 30, ""gesture"": 30}, ""eff_fps"": {""pose"": 30, ""gesture"": 30}, ""latency_ms"": {""pose"": 0, ""gesture"": 0}, ""svclat_ms"": {""pose"": 16.66, ""gesture"": 15.68}}, ""a2"": {""services"": [""pose"", ""gesture""], ""fps"": {""pose"": 30, ""gesture"": 30}, ""eff_fps"": {""pose"": 30, ""gesture"": 30}, ""latency_ms"": {""pose"": 0, ""gesture"": 0}, ""svclat_ms"": {""pose"": 16.74, ""gesture"": 14.93}}, ""a3"": {""services"": [""pose"", ""gesture""], ""fps"": {""pose"": 30, ""gesture"": 30}, ""eff_fps"": {""pose"": 30, ""gesture"": 30}, ""latency_ms"": {""pose"": 0, ""gesture"": 0}, ""svclat_ms"": {""pose"": 17.52, ""gesture"": 15.12}}, ""a4"": {""services"": [""pose"", ""gesture""], ""fps"": {""pose"": 30, ""gesture"": 30}, ""eff_fps"": {""pose"": 30, ""gesture"": 30}, ""latency_ms"": {""pose"": 0, ""gesture"": 0}, ""svclat_ms"": {""pose"": 20.14, ""gesture"": 15.58}}, ""a5"": {""services"": [""pose"", ""gesture""], ""fps"": {""pose"": 0, ""gesture"": 0}, ""eff_fps"": {""pose"": 0, ""gesture"": 0}, ""latency_ms"": {""pose"": 0, ""gesture"": 0}, ""svclat_ms"": {""pose"": 0.0, ""gesture"": 0.0}}}"
26.9,5,5,1.0,0,0,11,11,7,0.636,879.0,300.0,0.341,0.0,2.2,0.0,30.0,30.0,0,30.0,30.0,0,0,0,0,19.29,15.84,0,300,"{""ip-172-31-0-204"": ""healthy"", ""ip-172-31-1-171"": ""healthy"", ""ip-172-31-10-12"": ""healthy"", ""ip-172-31-11-132"": ""healthy"", ""ip-172-31-13-134"": ""healthy"", ""ip-172-31-14-68"": ""healthy"", ""ip-172-31-40-239"": ""healthy""}",subscribe,80.9,1.0,0,0,"{""ip-172-31-1-171"": {""pose"": 1, ""object"": 1, ""gesture"": 1}, ""ip-172-31-14-68"": {""gesture"": 1, ""pose"": 1}, ""ip-172-31-11-132"": {""gesture"": 1, ""object"": 1}, ""ip-172-31-40-239"": {""object"": 1}, ""ip-172-31-0-204"": {""pose"": 1}, ""ip-172-31-10-12"": {""pose"": 1}, ""ip-172-31-13-134"": {""object"": 1}}","{""a1"": {""services"": [""pose"", ""gesture""], ""fps"": {""pose"": 30, ""gesture"": 30}, ""eff_fps"": {""pose"": 30, ""gesture"": 30}, ""latency_ms"": {""pose"": 0, ""gesture"": 0}, ""svclat_ms"": {""pose"": 20.68, ""gesture"": 17.74}}, ""a2"": {""services"": [""pose"", ""gesture""], ""fps"": {""pose"": 30, ""gesture"": 30}, ""eff_fps"": {""pose"": 30, ""gesture"": 30}, ""latency_ms"": {""pose"": 0, ""gesture"": 0}, ""svclat_ms"": {""pose"": 16.84, ""gesture"": 14.9}}, ""a3"": {""services"": [""pose"", ""gesture""], ""fps"": {""pose"": 30, ""gesture"": 30}, ""eff_fps"": {""pose"": 30, ""gesture"": 30}, ""latency_ms"": {""pose"": 0, ""gesture"": 0}, ""svclat_ms"": {""pose"": 18.64, ""gesture"": 14.73}}, ""a4"": {""services"": [""pose"", ""gesture""], ""fps"": {""pose"": 30, ""gesture"": 30}, ""eff_fps"": {""pose"": 30, ""gesture"": 30}, ""latency_ms"": {""pose"": 0, ""gesture"": 0}, ""svclat_ms"": {""pose"": 19.53, ""gesture"": 16.46}}, ""a5"": {""services"": [""pose"", ""gesture""], ""fps"": {""pose"": 30, ""gesture"": 30}, ""eff_fps"": {""pose"": 30, ""gesture"": 30}, ""latency_ms"": {""pose"": 0, ""gesture"": 0}, ""svclat_ms"": {""pose"": 20.74, ""gesture"": 15.35}}, ""a6"": {""services"": [""pose"", ""gesture""], ""fps"": {""pose"": 0, ""gesture"": 0}, ""eff_fps"": {""pose"": 0, ""gesture"": 0}, ""latency_ms"": {""pose"": 0, ""gesture"": 0}, ""svclat_ms"": {""pose"": 0.0, ""gesture"": 0.0}}}"
31.1,6,6,1.0,0,0,11,11,7,0.636,879.0,360.0,0.41,0.0,1.83,0.0,30.0,30.0,0,30.0,30.0,0,0,0,0,19.55,15.73,0,360,"{""ip-172-31-0-204"": ""healthy"", ""ip-172-31-1-171"": ""healthy"", ""ip-172-31-10-12"": ""healthy"", ""ip-172-31-11-132"": ""healthy"", ""ip-172-31-13-134"": ""healthy"", ""ip-172-31-14-68"": ""healthy"", ""ip-172-31-40-239"": ""healthy""}",subscribe,98.6,1.0,0,0,"{""ip-172-31-1-171"": {""pose"": 1, ""object"": 1, ""gesture"": 1}, ""ip-172-31-14-68"": {""gesture"": 1, ""pose"": 1}, ""ip-172-31-11-132"": {""gesture"": 1, ""object"": 1}, ""ip-172-31-40-239"": {""object"": 1}, ""ip-172-31-0-204"": {""pose"": 1}, ""ip-172-31-10-12"": {""pose"": 1}, ""ip-172-31-13-134"": {""object"": 1}}","{""a1"": {""services"": [""pose"", ""gesture""], ""fps"": {""pose"": 30, ""gesture"": 30}, ""eff_fps"": {""pose"": 30, ""gesture"": 30}, ""latency_ms"": {""pose"": 0, ""gesture"": 0}, ""svclat_ms"": {""pose"": 20.35, ""gesture"": 15.93}}, ""a2"": {""services"": [""pose"", ""gesture""], ""fps"": {""pose"": 30, ""gesture"": 30}, ""eff_fps"": {""pose"": 30, ""gesture"": 30}, ""latency_ms"": {""pose"": 0, ""gesture"": 0}, ""svclat_ms"": {""pose"": 19.74, ""gesture"": 15.18}}, ""a3"": {""services"": [""pose"", ""gesture""], ""fps"": {""pose"": 30, ""gesture"": 30}, ""eff_fps"": {""pose"": 30, ""gesture"": 30}, ""latency_ms"": {""pose"": 0, ""gesture"": 0}, ""svclat_ms"": {""pose"": 17.38, ""gesture"": 15.72}}, ""a4"": {""services"": [""pose"", ""gesture""], ""fps"": {""pose"": 30, ""gesture"": 30}, ""eff_fps"": {""pose"": 30, ""gesture"": 30}, ""latency_ms"": {""pose"": 0, ""gesture"": 0}, ""svclat_ms"": {""pose"": 19.58, ""gesture"": 15.83}}, ""a5"": {""services"": [""pose"", ""gesture""], ""fps"": {""pose"": 30, ""gesture"": 30}, ""eff_fps"": {""pose"": 30, ""gesture"": 30}, ""latency_ms"": {""pose"": 0, ""gesture"": 0}, ""svclat_ms"": {""pose"": 19.95, ""gesture"": 15.09}}, ""a6"": {""services"": [""pose"", ""gesture""], ""fps"": {""pose"": 30, ""gesture"": 30}, ""eff_fps"": {""pose"": 30, ""gesture"": 30}, ""latency_ms"": {""pose"": 0, ""gesture"": 0}, ""svclat_ms"": {""pose"": 20.29, ""gesture"": 16.64}}, ""a7"": {""services"": [""pose"", ""gesture""], ""fps"": {""pose"": 0, ""gesture"": 0}, ""eff_fps"": {""pose"": 0, ""gesture"": 0}, ""latency_ms"": {""pose"": 0, ""gesture"": 0}, ""svclat_ms"": {""pose"": 0.0, ""gesture"": 0.0}}}"
34.8,6,6,1.0,0,0,11,11,7,0.636,879.0,360.0,0.41,0.0,1.83,0.0,30.14,30.14,0,30.14,30.14,0,0,0,0,20.39,16.92,0,422,"{""ip-172-31-0-204"": ""healthy"", ""ip-172-31-1-171"": ""healthy"", ""ip-172-31-10-12"": ""healthy"", ""ip-172-31-11-132"": ""healthy"", ""ip-172-31-13-134"": ""healthy"", ""ip-172-31-14-68"": ""healthy"", ""ip-172-31-40-239"": ""healthy""}",subscribe,98.6,1.0,0,0,"{""ip-172-31-1-171"": {""pose"": 1, ""object"": 1, ""gesture"": 1}, ""ip-172-31-14-68"": {""gesture"": 1, ""pose"": 1}, ""ip-172-31-11-132"": {""gesture"": 1, ""object"": 1}, ""ip-172-31-40-239"": {""object"": 1}, ""ip-172-31-0-204"": {""pose"": 1}, ""ip-172-31-10-12"": {""pose"": 1}, ""ip-172-31-13-134"": {""object"": 1}}","{""a1"": {""services"": [""pose"", ""gesture""], ""fps"": {""pose"": 30, ""gesture"": 30}, ""eff_fps"": {""pose"": 30, ""gesture"": 30}, ""latency_ms"": {""pose"": 0, ""gesture"": 0}, ""svclat_ms"": {""pose"": 20.16, ""gesture"": 19.07}}, ""a2"": {""services"": [""pose"", ""gesture""], ""fps"": {""pose"": 30, ""gesture"": 30}, ""eff_fps"": {""pose"": 30, ""gesture"": 30}, ""latency_ms"": {""pose"": 0, ""gesture"": 0}, ""svclat_ms"": {""pose"": 19.97, ""gesture"": 15.17}}, ""a3"": {""services"": [""pose"", ""gesture""], ""fps"": {""pose"": 30, ""gesture"": 30}, ""eff_fps"": {""pose"": 30, ""gesture"": 30}, ""latency_ms"": {""pose"": 0, ""gesture"": 0}, ""svclat_ms"": {""pose"": 20.67, ""gesture"": 15.65}}, ""a4"": {""services"": [""pose"", ""gesture""], ""fps"": {""pose"": 31, ""gesture"": 30}, ""eff_fps"": {""pose"": 31, ""gesture"": 30}, ""latency_ms"": {""pose"": 0, ""gesture"": 0}, ""svclat_ms"": {""pose"": 19.43, ""gesture"": 18.22}}, ""a5"": {""services"": [""pose"", ""gesture""], ""fps"": {""pose"": 30, ""gesture"": 30}, ""eff_fps"": {""pose"": 30, ""gesture"": 30}, ""latency_ms"": {""pose"": 0, ""gesture"": 0}, ""svclat_ms"": {""pose"": 20.3, ""gesture"": 14.88}}, ""a6"": {""services"": [""pose"", ""gesture""], ""fps"": {""pose"": 30, ""gesture"": 30}, ""eff_fps"": {""pose"": 30, ""gesture"": 30}, ""latency_ms"": {""pose"": 0, ""gesture"": 0}, ""svclat_ms"": {""pose"": 20.45, ""gesture"": 16.91}}, ""a7"": {""services"": [""pose"", ""gesture""], ""fps"": {""pose"": 30, ""gesture"": 31}, ""eff_fps"": {""pose"": 30, ""gesture"": 31}, ""latency_ms"": {""pose"": 0, ""gesture"": 0}, ""svclat_ms"": {""pose"": 21.76, ""gesture"": 18.57}}}"
37.2,7,7,1.0,0,0,11,11,7,0.636,879.0,420.0,0.478,0.0,1.57,0.0,30.29,30.0,0,30.29,30.0,0,0,0,0,20.5,16.69,0,422,"{""ip-172-31-0-204"": ""healthy"", ""ip-172-31-1-171"": ""healthy"", ""ip-172-31-10-12"": ""healthy"", ""ip-172-31-11-132"": ""healthy"", ""ip-172-31-13-134"": ""healthy"", ""ip-172-31-14-68"": ""healthy"", ""ip-172-31-40-239"": ""healthy""}",subscribe,93.6,1.0,0,0,"{""ip-172-31-1-171"": {""pose"": 1, ""object"": 1, ""gesture"": 1}, ""ip-172-31-14-68"": {""gesture"": 1, ""pose"": 1}, ""ip-172-31-11-132"": {""gesture"": 1, ""object"": 1}, ""ip-172-31-40-239"": {""object"": 1}, ""ip-172-31-0-204"": {""pose"": 1}, ""ip-172-31-10-12"": {""pose"": 1}, ""ip-172-31-13-134"": {""object"": 1}}","{""a1"": {""services"": [""pose"", ""gesture""], ""fps"": {""pose"": 30, ""gesture"": 30}, ""eff_fps"": {""pose"": 30, ""gesture"": 30}, ""latency_ms"": {""pose"": 0, ""gesture"": 0}, ""svclat_ms"": {""pose"": 20.58, ""gesture"": 18.34}}, ""a2"": {""services"": [""pose"", ""gesture""], ""fps"": {""pose"": 30, ""gesture"": 30}, ""eff_fps"": {""pose"": 30, ""gesture"": 30}, ""latency_ms"": {""pose"": 0, ""gesture"": 0}, ""svclat_ms"": {""pose"": 19.91, ""gesture"": 15.18}}, ""a3"": {""services"": [""pose"", ""gesture""], ""fps"": {""pose"": 31, ""gesture"": 30}, ""eff_fps"": {""pose"": 31, ""gesture"": 30}, ""latency_ms"": {""pose"": 0, ""gesture"": 0}, ""svclat_ms"": {""pose"": 21.04, ""gesture"": 15.62}}, ""a4"": {""services"": [""pose"", ""gesture""], ""fps"": {""pose"": 31, ""gesture"": 30}, ""eff_fps"": {""pose"": 31, ""gesture"": 30}, ""latency_ms"": {""pose"": 0, ""gesture"": 0}, ""svclat_ms"": {""pose"": 19.9, ""gesture"": 18.16}}, ""a5"": {""services"": [""pose"", ""gesture""], ""fps"": {""pose"": 30, ""gesture"": 30}, ""eff_fps"": {""pose"": 30, ""gesture"": 30}, ""latency_ms"": {""pose"": 0, ""gesture"": 0}, ""svclat_ms"": {""pose"": 20.3, ""gesture"": 15.19}}, ""a6"": {""services"": [""pose"", ""gesture""], ""fps"": {""pose"": 30, ""gesture"": 30}, ""eff_fps"": {""pose"": 30, ""gesture"": 30}, ""latency_ms"": {""pose"": 0, ""gesture"": 0}, ""svclat_ms"": {""pose"": 20.36, ""gesture"": 16.52}}, ""a7"": {""services"": [""pose"", ""gesture""], ""fps"": {""pose"": 30, ""gesture"": 30}, ""eff_fps"": {""pose"": 30, ""gesture"": 30}, ""latency_ms"": {""pose"": 0, ""gesture"": 0}, ""svclat_ms"": {""pose"": 21.4, ""gesture"": 17.84}}, ""a8"": {""services"": [""pose"", ""gesture""], ""fps"": {""pose"": 0, ""gesture"": 0}, ""eff_fps"": {""pose"": 0, ""gesture"": 0}, ""latency_ms"": {""pose"": 0, ""gesture"": 0}, ""svclat_ms"": {""pose"": 0.0, ""gesture"": 0.0}}}"
41.1,8,8,1.0,0,0,11,11,7,0.636,879.0,478.0,0.544,0.0,1.38,0.0,29.88,30.12,0,29.88,30.12,0,0,0,0,20.57,17.17,0,480,"{""ip-172-31-0-204"": ""healthy"", ""ip-172-31-1-171"": ""healthy"", ""ip-172-31-10-12"": ""healthy"", ""ip-172-31-11-132"": ""healthy"", ""ip-172-31-13-134"": ""healthy"", ""ip-172-31-14-68"": ""healthy"", ""ip-172-31-40-239"": ""healthy""}",subscribe,96.4,0.9958,0,0,"{""ip-172-31-1-171"": {""pose"": 1, ""object"": 1, ""gesture"": 1}, ""ip-172-31-14-68"": {""gesture"": 1, ""pose"": 1}, ""ip-172-31-11-132"": {""gesture"": 1, ""object"": 1}, ""ip-172-31-40-239"": {""object"": 1}, ""ip-172-31-0-204"": {""pose"": 1}, ""ip-172-31-10-12"": {""pose"": 1}, ""ip-172-31-13-134"": {""object"": 1}}","{""a1"": {""services"": [""pose"", ""gesture""], ""fps"": {""pose"": 30, ""gesture"": 30}, ""eff_fps"": {""pose"": 30, ""gesture"": 30}, ""latency_ms"": {""pose"": 0, ""gesture"": 0}, ""svclat_ms"": {""pose"": 20.18, ""gesture"": 18.48}}, ""a2"": {""services"": [""pose"", ""gesture""], ""fps"": {""pose"": 30, ""gesture"": 30}, ""eff_fps"": {""pose"": 30, ""gesture"": 30}, ""latency_ms"": {""pose"": 0, ""gesture"": 0}, ""svclat_ms"": {""pose"": 20.4, ""gesture"": 16.92}}, ""a3"": {""services"": [""pose"", ""gesture""], ""fps"": {""pose"": 31, ""gesture"": 31}, ""eff_fps"": {""pose"": 31, ""gesture"": 31}, ""latency_ms"": {""pose"": 0, ""gesture"": 0}, ""svclat_ms"": {""pose"": 20.07, ""gesture"": 17.52}}, ""a4"": {""services"": [""pose"", ""gesture""], ""fps"": {""pose"": 29, ""gesture"": 30}, ""eff_fps"": {""pose"": 29, ""gesture"": 30}, ""latency_ms"": {""pose"": 0, ""gesture"": 0}, ""svclat_ms"": {""pose"": 21.24, ""gesture"": 17.46}}, ""a5"": {""services"": [""pose"", ""gesture""], ""fps"": {""pose"": 30, ""gesture"": 30}, ""eff_fps"": {""pose"": 30, ""gesture"": 30}, ""latency_ms"": {""pose"": 0, ""gesture"": 0}, ""svclat_ms"": {""pose"": 20.13, ""gesture"": 15.5}}, ""a6"": {""services"": [""pose"", ""gesture""], ""fps"": {""pose"": 30, ""gesture"": 30}, ""eff_fps"": {""pose"": 30, ""gesture"": 30}, ""latency_ms"": {""pose"": 0, ""gesture"": 0}, ""svclat_ms"": {""pose"": 20.89, ""gesture"": 17.97}}, ""a7"": {""services"": [""pose"", ""gesture""], ""fps"": {""pose"": 30, ""gesture"": 30}, ""eff_fps"": {""pose"": 30, ""gesture"": 30}, ""latency_ms"": {""pose"": 0, ""gesture"": 0}, ""svclat_ms"": {""pose"": 21.07, ""gesture"": 17.68}}, ""a8"": {""services"": [""pose"", ""gesture""], ""fps"": {""pose"": 29, ""gesture"": 30}, ""eff_fps"": {""pose"": 29, ""gesture"": 30}, ""latency_ms"": {""pose"": 0, ""gesture"": 0}, ""svclat_ms"": {""pose"": 20.6, ""gesture"": 15.8}}, ""a9"": {""services"": [""pose"", ""gesture""], ""fps"": {""pose"": 0, ""gesture"": 0}, ""eff_fps"": {""pose"": 0, ""gesture"": 0}, ""latency_ms"": {""pose"": 0, ""gesture"": 0}, ""svclat_ms"": {""pose"": 0.0, ""gesture"": 0.0}}}"
44.8,8,8,1.0,0,0,11,11,7,0.636,879.0,478.0,0.544,0.0,1.38,0.0,28.33,29.78,0,28.33,29.78,0,0,0,0,26.43,18.03,0,523,"{""ip-172-31-0-204"": ""healthy"", ""ip-172-31-1-171"": ""healthy"", ""ip-172-31-10-12"": ""healthy"", ""ip-172-31-11-132"": ""healthy"", ""ip-172-31-13-134"": ""healthy"", ""ip-172-31-14-68"": ""healthy"", ""ip-172-31-40-239"": ""healthy""}",subscribe,96.4,0.9958,0,0,"{""ip-172-31-1-171"": {""pose"": 1, ""object"": 1, ""gesture"": 1}, ""ip-172-31-14-68"": {""gesture"": 1, ""pose"": 1}, ""ip-172-31-11-132"": {""gesture"": 1, ""object"": 1}, ""ip-172-31-40-239"": {""object"": 1}, ""ip-172-31-0-204"": {""pose"": 1}, ""ip-172-31-10-12"": {""pose"": 1}, ""ip-172-31-13-134"": {""object"": 1}}","{""a1"": {""services"": [""pose"", ""gesture""], ""fps"": {""pose"": 26, ""gesture"": 30}, ""eff_fps"": {""pose"": 26, ""gesture"": 30}, ""latency_ms"": {""pose"": 0, ""gesture"": 0}, ""svclat_ms"": {""pose"": 33.24, ""gesture"": 18.23}}, ""a2"": {""services"": [""pose"", ""gesture""], ""fps"": {""pose"": 30, ""gesture"": 30}, ""eff_fps"": {""pose"": 30, ""gesture"": 30}, ""latency_ms"": {""pose"": 0, ""gesture"": 0}, ""svclat_ms"": {""pose"": 20.44, ""gesture"": 16.76}}, ""a3"": {""services"": [""pose"", ""gesture""], ""fps"": {""pose"": 29, ""gesture"": 30}, ""eff_fps"": {""pose"": 29, ""gesture"": 30}, ""latency_ms"": {""pose"": 0, ""gesture"": 0}, ""svclat_ms"": {""pose"": 21.21, ""gesture"": 17.53}}, ""a4"": {""services"": [""pose"", ""gesture""], ""fps"": {""pose"": 29, ""gesture"": 30}, ""eff_fps"": {""pose"": 29, ""gesture"": 30}, ""latency_ms"": {""pose"": 0, ""gesture"": 0}, ""svclat_ms"": {""pose"": 23.05, ""gesture"": 18.12}}, ""a5"": {""services"": [""pose"", ""gesture""], ""fps"": {""pose"": 26, ""gesture"": 30}, ""eff_fps"": {""pose"": 26, ""gesture"": 30}, ""latency_ms"": {""pose"": 0, ""gesture"": 0}, ""svclat_ms"": {""pose"": 36.25, ""gesture"": 15.59}}, ""a6"": {""services"": [""pose"", ""gesture""], ""fps"": {""pose"": 30, ""gesture"": 29}, ""eff_fps"": {""pose"": 30, ""gesture"": 29}, ""latency_ms"": {""pose"": 0, ""gesture"": 0}, ""svclat_ms"": {""pose"": 20.79, ""gesture"": 23.84}}, ""a7"": {""services"": [""pose"", ""gesture""], ""fps"": {""pose"": 30, ""gesture"": 29}, ""eff_fps"": {""pose"": 30, ""gesture"": 29}, ""latency_ms"": {""pose"": 0, ""gesture"": 0}, ""svclat_ms"": {""pose"": 22.62, ""gesture"": 19.88}}, ""a8"": {""services"": [""pose"", ""gesture""], ""fps"": {""pose"": 27, ""gesture"": 30}, ""eff_fps"": {""pose"": 27, ""gesture"": 30}, ""latency_ms"": {""pose"": 0, ""gesture"": 0}, ""svclat_ms"": {""pose"": 25.16, ""gesture"": 15.45}}, ""a9"": {""services"": [""pose"", ""gesture""], ""fps"": {""pose"": 28, ""gesture"": 30}, ""eff_fps"": {""pose"": 28, ""gesture"": 30}, ""latency_ms"": {""pose"": 0, ""gesture"": 0}, ""svclat_ms"": {""pose"": 35.09, ""gesture"": 16.9}}}"
47.2,9,9,1.0,0,0,11,11,7,0.636,879.0,532.0,0.605,0.0,1.22,0.0,28.89,30.11,0,28.89,30.11,0,0,0,0,25.95,17.67,0,531,"{""ip-172-31-0-204"": ""healthy"", ""ip-172-31-1-171"": ""healthy"", ""ip-172-31-10-12"": ""healthy"", ""ip-172-31-11-132"": ""healthy"", ""ip-172-31-13-134"": ""healthy"", ""ip-172-31-14-68"": ""healthy"", ""ip-172-31-40-239"": ""healthy""}",subscribe,97.7,0.9852,0,0,"{""ip-172-31-1-171"": {""pose"": 1, ""object"": 1, ""gesture"": 1}, ""ip-172-31-14-68"": {""gesture"": 1, ""pose"": 1}, ""ip-172-31-11-132"": {""gesture"": 1, ""object"": 1}, ""ip-172-31-40-239"": {""object"": 1}, ""ip-172-31-0-204"": {""pose"": 1}, ""ip-172-31-10-12"": {""pose"": 1}, ""ip-172-31-13-134"": {""object"": 1}}","{""a1"": {""services"": [""pose"", ""gesture""], ""fps"": {""pose"": 27, ""gesture"": 31}, ""eff_fps"": {""pose"": 27, ""gesture"": 31}, ""latency_ms"": {""pose"": 0, ""gesture"": 0}, ""svclat_ms"": {""pose"": 34.84, ""gesture"": 19.21}}, ""a2"": {""services"": [""pose"", ""gesture""], ""fps"": {""pose"": 30, ""gesture"": 30}, ""eff_fps"": {""pose"": 30, ""gesture"": 30}, ""latency_ms"": {""pose"": 0, ""gesture"": 0}, ""svclat_ms"": {""pose"": 19.9, ""gesture"": 16.86}}, ""a3"": {""services"": [""pose"", ""gesture""], ""fps"": {""pose"": 31, ""gesture"": 30}, ""eff_fps"": {""pose"": 31, ""gesture"": 30}, ""latency_ms"": {""pose"": 0, ""gesture"": 0}, ""svclat_ms"": {""pose"": 21.67, ""gesture"": 17.77}}, ""a4"": {""services"": [""pose"", ""gesture""], ""fps"": {""pose"": 29, ""gesture"": 30}, ""eff_fps"": {""pose"": 29, ""gesture"": 30}, ""latency_ms"": {""pose"": 0, ""gesture"": 0}, ""svclat_ms"": {""pose"": 23.63, ""gesture"": 18.01}}, ""a5"": {""services"": [""pose"", ""gesture""], ""fps"": {""pose"": 27, ""gesture"": 30}, ""eff_fps"": {""pose"": 27, ""gesture"": 30}, ""latency_ms"": {""pose"": 0, ""gesture"": 0}, ""svclat_ms"": {""pose"": 34.58, ""gesture"": 15.71}}, ""a6"": {""services"": [""pose"", ""gesture""], ""fps"": {""pose"": 30, ""gesture"": 30}, ""eff_fps"": {""pose"": 30, ""gesture"": 30}, ""latency_ms"": {""pose"": 0, ""gesture"": 0}, ""svclat_ms"": {""pose"": 20.24, ""gesture"": 18.17}}, ""a7"": {""services"": [""pose"", ""gesture""], ""fps"": {""pose"": 30, ""gesture"": 30}, ""eff_fps"": {""pose"": 30, ""gesture"": 30}, ""latency_ms"": {""pose"": 0, ""gesture"": 0}, ""svclat_ms"": {""pose"": 21.67, ""gesture"": 20.09}}, ""a8"": {""services"": [""pose"", ""gesture""], ""fps"": {""pose"": 29, ""gesture"": 30}, ""eff_fps"": {""pose"": 29, ""gesture"": 30}, ""latency_ms"": {""pose"": 0, ""gesture"": 0}, ""svclat_ms"": {""pose"": 22.49, ""gesture"": 15.64}}, ""a9"": {""services"": [""pose"", ""gesture""], ""fps"": {""pose"": 27, ""gesture"": 30}, ""eff_fps"": {""pose"": 27, ""gesture"": 30}, ""latency_ms"": {""pose"": 0, ""gesture"": 0}, ""svclat_ms"": {""pose"": 34.51, ""gesture"": 17.54}}, ""a10"": {""services"": [""pose"", ""gesture""], ""fps"": {""pose"": 0, ""gesture"": 0}, ""eff_fps"": {""pose"": 0, ""gesture"": 0}, ""latency_ms"": {""pose"": 0, ""gesture"": 0}, ""svclat_ms"": {""pose"": 0.0, ""gesture"": 0.0}}}"
49.7,10,9,0.9,0,0,11,11,7,0.636,879.0,532.0,0.605,0.0,1.22,0.0,28.56,29.89,0,28.56,29.89,0,0,0,0,27.88,18.01,0,526,"{""ip-172-31-0-204"": ""healthy"", ""ip-172-31-1-171"": ""healthy"", ""ip-172-31-10-12"": ""healthy"", ""ip-172-31-11-132"": ""healthy"", ""ip-172-31-13-134"": ""healthy"", ""ip-172-31-14-68"": ""healthy"", ""ip-172-31-40-239"": ""healthy""}",subscribe,97.7,0.9852,0,0,"{""ip-172-31-1-171"": {""pose"": 1, ""object"": 1, ""gesture"": 1}, ""ip-172-31-14-68"": {""gesture"": 1, ""pose"": 1}, ""ip-172-31-11-132"": {""gesture"": 1, ""object"": 1}, ""ip-172-31-40-239"": {""object"": 1}, ""ip-172-31-0-204"": {""pose"": 1}, ""ip-172-31-10-12"": {""pose"": 1}, ""ip-172-31-13-134"": {""object"": 1}}","{""a1"": {""services"": [""pose"", ""gesture""], ""fps"": {""pose"": 26, ""gesture"": 29}, ""eff_fps"": {""pose"": 26, ""gesture"": 29}, ""latency_ms"": {""pose"": 0, ""gesture"": 0}, ""svclat_ms"": {""pose"": 38.44, ""gesture"": 17.93}}, ""a2"": {""services"": [""pose"", ""gesture""], ""fps"": {""pose"": 31, ""gesture"": 30}, ""eff_fps"": {""pose"": 31, ""gesture"": 30}, ""latency_ms"": {""pose"": 0, ""gesture"": 0}, ""svclat_ms"": {""pose"": 24.02, ""gesture"": 19.17}}, ""a3"": {""services"": [""pose"", ""gesture""], ""fps"": {""pose"": 31, ""gesture"": 30}, ""eff_fps"": {""pose"": 31, ""gesture"": 30}, ""latency_ms"": {""pose"": 0, ""gesture"": 0}, ""svclat_ms"": {""pose"": 21.07, ""gesture"": 17.33}}, ""a4"": {""services"": [""pose"", ""gesture""], ""fps"": {""pose"": 29, ""gesture"": 30}, ""eff_fps"": {""pose"": 29, ""gesture"": 30}, ""latency_ms"": {""pose"": 0, ""gesture"": 0}, ""svclat_ms"": {""pose"": 23.79, ""gesture"": 18.02}}, ""a5"": {""services"": [""pose"", ""gesture""], ""fps"": {""pose"": 26, ""gesture"": 30}, ""eff_fps"": {""pose"": 26, ""gesture"": 30}, ""latency_ms"": {""pose"": 0, ""gesture"": 0}, ""svclat_ms"": {""pose"": 37.82, ""gesture"": 16.88}}, ""a6"": {""services"": [""pose"", ""gesture""], ""fps"": {""pose"": 30, ""gesture"": 30}, ""eff_fps"": {""pose"": 30, ""gesture"": 30}, ""latency_ms"": {""pose"": 0, ""gesture"": 0}, ""svclat_ms"": {""pose"": 22.79, ""gesture"": 17.83}}, ""a7"": {""services"": [""pose"", ""gesture""], ""fps"": {""pose"": 30, ""gesture"": 30}, ""eff_fps"": {""pose"": 30, ""gesture"": 30}, ""latency_ms"": {""pose"": 0, ""gesture"": 0}, ""svclat_ms"": {""pose"": 21.05, ""gesture"": 17.68}}, ""a8"": {""services"": [""pose"", ""gesture""], ""fps"": {""pose"": 29, ""gesture"": 30}, ""eff_fps"": {""pose"": 29, ""gesture"": 30}, ""latency_ms"": {""pose"": 0, ""gesture"": 0}, ""svclat_ms"": {""pose"": 23.26, ""gesture"": 19.21}}, ""a9"": {""services"": [""pose"", ""gesture""], ""fps"": {""pose"": 25, ""gesture"": 30}, ""eff_fps"": {""pose"": 25, ""gesture"": 30}, ""latency_ms"": {""pose"": 0, ""gesture"": 0}, ""svclat_ms"": {""pose"": 38.67, ""gesture"": 18.08}}, ""a10"": {""services"": [""pose"", ""gesture""], ""fps"": {""pose"": 0, ""gesture"": 0}, ""eff_fps"": {""pose"": 0, ""gesture"": 0}, ""latency_ms"": {""pose"": 0, ""gesture"": 0}, ""svclat_ms"": {""pose"": 0.0, ""gesture"": 0.0}}}"
52.1,10,9,0.9,0,0,11,11,7,0.636,879.0,532.0,0.605,0.0,1.22,0.0,28.22,30.11,0,28.22,30.11,0,0,0,0,27.89,18.57,0,525,"{""ip-172-31-0-204"": ""healthy"", ""ip-172-31-1-171"": ""healthy"", ""ip-172-31-10-12"": ""healthy"", ""ip-172-31-11-132"": ""healthy"", ""ip-172-31-13-134"": ""healthy"", ""ip-172-31-14-68"": ""healthy"", ""ip-172-31-40-239"": ""healthy""}",subscribe,97.7,0.9852,0,0,"{""ip-172-31-1-171"": {""pose"": 1, ""object"": 1, ""gesture"": 1}, ""ip-172-31-14-68"": {""gesture"": 1, ""pose"": 1}, ""ip-172-31-11-132"": {""gesture"": 1, ""object"": 1}, ""ip-172-31-40-239"": {""object"": 1}, ""ip-172-31-0-204"": {""pose"": 1}, ""ip-172-31-10-12"": {""pose"": 1}, ""ip-172-31-13-134"": {""object"": 1}}","{""a1"": {""services"": [""pose"", ""gesture""], ""fps"": {""pose"": 25, ""gesture"": 31}, ""eff_fps"": {""pose"": 25, ""gesture"": 31}, ""latency_ms"": {""pose"": 0, ""gesture"": 0}, ""svclat_ms"": {""pose"": 39.5, ""gesture"": 19.28}}, ""a2"": {""services"": [""pose"", ""gesture""], ""fps"": {""pose"": 30, ""gesture"": 30}, ""eff_fps"": {""pose"": 30, ""gesture"": 30}, ""latency_ms"": {""pose"": 0, ""gesture"": 0}, ""svclat_ms"": {""pose"": 21.28, ""gesture"": 17.61}}, ""a3"": {""services"": [""pose"", ""gesture""], ""fps"": {""pose"": 29, ""gesture"": 30}, ""eff_fps"": {""pose"": 29, ""gesture"": 30}, ""latency_ms"": {""pose"": 0, ""gesture"": 0}, ""svclat_ms"": {""pose"": 21.9, ""gesture"": 17.32}}, ""a4"": {""services"": [""pose"", ""gesture""], ""fps"": {""pose"": 29, ""gesture"": 30}, ""eff_fps"": {""pose"": 29, ""gesture"": 30}, ""latency_ms"": {""pose"": 0, ""gesture"": 0}, ""svclat_ms"": {""pose"": 23.91, ""gesture"": 20.59}}, ""a5"": {""services"": [""pose"", ""gesture""], ""fps"": {""pose"": 27, ""gesture"": 30}, ""eff_fps"": {""pose"": 27, ""gesture"": 30}, ""latency_ms"": {""pose"": 0, ""gesture"": 0}, ""svclat_ms"": {""pose"": 38.19, ""gesture"": 16.37}}, ""a6"": {""services"": [""pose"", ""gesture""], ""fps"": {""pose"": 30, ""gesture"": 30}, ""eff_fps"": {""pose"": 30, ""gesture"": 30}, ""latency_ms"": {""pose"": 0, ""gesture"": 0}, ""svclat_ms"": {""pose"": 21.61, ""gesture"": 18.89}}, ""a7"": {""services"": [""pose"", ""gesture""], ""fps"": {""pose"": 30, ""gesture"": 30}, ""eff_fps"": {""pose"": 30, ""gesture"": 30}, ""latency_ms"": {""pose"": 0, ""gesture"": 0}, ""svclat_ms"": {""pose"": 21.65, ""gesture"": 20.36}}, ""a8"": {""services"": [""pose"", ""gesture""], ""fps"": {""pose"": 29, ""gesture"": 30}, ""eff_fps"": {""pose"": 29, ""gesture"": 30}, ""latency_ms"": {""pose"": 0, ""gesture"": 0}, ""svclat_ms"": {""pose"": 23.76, ""gesture"": 18.71}}, ""a9"": {""services"": [""pose"", ""gesture""], ""fps"": {""pose"": 25, ""gesture"": 30}, ""eff_fps"": {""pose"": 25, ""gesture"": 30}, ""latency_ms"": {""pose"": 0, ""gesture"": 0}, ""svclat_ms"": {""pose"": 39.24, ""gesture"": 18.01}}, ""a10"": {""services"": [""pose"", ""gesture""], ""fps"": {""pose"": 0, ""gesture"": 0}, ""eff_fps"": {""pose"": 0, ""gesture"": 0}, ""latency_ms"": {""pose"": 0, ""gesture"": 0}, ""svclat_ms"": {""pose"": 0.0, ""gesture"": 0.0}}, ""a11"": {""services"": [""pose"", ""gesture""], ""fps"": {""pose"": 0, ""gesture"": 0}, ""eff_fps"": {""pose"": 0, ""gesture"": 0}, ""latency_ms"": {""pose"": 0, ""gesture"": 0}, ""svclat_ms"": {""pose"": 0.0, ""gesture"": 0.0}}}"
54.6,10,9,0.9,0,0,11,11,7,0.636,879.0,532.0,0.605,0.0,1.22,0.0,28.33,30.11,0,28.33,30.11,0,0,0,0,28.55,18.18,0,526,"{""ip-172-31-0-204"": ""healthy"", ""ip-172-31-1-171"": ""healthy"", ""ip-172-31-10-12"": ""healthy"", ""ip-172-31-11-132"": ""healthy"", ""ip-172-31-13-134"": ""healthy"", ""ip-172-31-14-68"": ""healthy"", ""ip-172-31-40-239"": ""healthy""}",subscribe,97.7,0.9852,0,0,"{""ip-172-31-1-171"": {""pose"": 1, ""object"": 1, ""gesture"": 1}, ""ip-172-31-14-68"": {""gesture"": 1, ""pose"": 1}, ""ip-172-31-11-132"": {""gesture"": 1, ""object"": 1}, ""ip-172-31-40-239"": {""object"": 1}, ""ip-172-31-0-204"": {""pose"": 1}, ""ip-172-31-10-12"": {""pose"": 1}, ""ip-172-31-13-134"": {""object"": 1}}","{""a1"": {""services"": [""pose"", ""gesture""], ""fps"": {""pose"": 26, ""gesture"": 31}, ""eff_fps"": {""pose"": 26, ""gesture"": 31}, ""latency_ms"": {""pose"": 0, ""gesture"": 0}, ""svclat_ms"": {""pose"": 38.42, ""gesture"": 18.59}}, ""a2"": {""services"": [""pose"", ""gesture""], ""fps"": {""pose"": 30, ""gesture"": 30}, ""eff_fps"": {""pose"": 30, ""gesture"": 30}, ""latency_ms"": {""pose"": 0, ""gesture"": 0}, ""svclat_ms"": {""pose"": 22.45, ""gesture"": 19.16}}, ""a3"": {""services"": [""pose"", ""gesture""], ""fps"": {""pose"": 31, ""gesture"": 30}, ""eff_fps"": {""pose"": 31, ""gesture"": 30}, ""latency_ms"": {""pose"": 0, ""gesture"": 0}, ""svclat_ms"": {""pose"": 26.08, ""gesture"": 17.56}}, ""a4"": {""services"": [""pose"", ""gesture""], ""fps"": {""pose"": 29, ""gesture"": 30}, ""eff_fps"": {""pose"": 29, ""gesture"": 30}, ""latency_ms"": {""pose"": 0, ""gesture"": 0}, ""svclat_ms"": {""pose"": 23.07, ""gesture"": 18.13}}, ""a5"": {""services"": [""pose"", ""gesture""], ""fps"": {""pose"": 25, ""gesture"": 30}, ""eff_fps"": {""pose"": 25, ""gesture"": 30}, ""latency_ms"": {""pose"": 0, ""gesture"": 0}, ""svclat_ms"": {""pose"": 39.87, ""gesture"": 16.44}}, ""a6"": {""services"": [""pose"", ""gesture""], ""fps"": {""pose"": 30, ""gesture"": 30}, ""eff_fps"": {""pose"": 30, ""gesture"": 30}, ""latency_ms"": {""pose"": 0, ""gesture"": 0}, ""svclat_ms"": {""pose"": 22.05, ""gesture"": 18.45}}, ""a7"": {""services"": [""pose"", ""gesture""], ""fps"": {""pose"": 28, ""gesture"": 30}, ""eff_fps"": {""pose"": 28, ""gesture"": 30}, ""latency_ms"": {""pose"": 0, ""gesture"": 0}, ""svclat_ms"": {""pose"": 24.97, ""gesture"": 18.52}}, ""a8"": {""services"": [""pose"", ""gesture""], ""fps"": {""pose"": 29, ""gesture"": 30}, ""eff_fps"": {""pose"": 29, ""gesture"": 30}, ""latency_ms"": {""pose"": 0, ""gesture"": 0}, ""svclat_ms"": {""pose"": 22.62, ""gesture"": 19.03}}, ""a9"": {""services"": [""pose"", ""gesture""], ""fps"": {""pose"": 27, ""gesture"": 30}, ""eff_fps"": {""pose"": 27, ""gesture"": 30}, ""latency_ms"": {""pose"": 0, ""gesture"": 0}, ""svclat_ms"": {""pose"": 37.44, ""gesture"": 17.73}}, ""a10"": {""services"": [""pose"", ""gesture""], ""fps"": {""pose"": 0, ""gesture"": 0}, ""eff_fps"": {""pose"": 0, ""gesture"": 0}, ""latency_ms"": {""pose"": 0, ""gesture"": 0}, ""svclat_ms"": {""pose"": 0.0, ""gesture"": 0.0}}, ""a11"": {""services"": [""pose"", ""gesture""], ""fps"": {""pose"": 0, ""gesture"": 0}, ""eff_fps"": {""pose"": 0, ""gesture"": 0}, ""latency_ms"": {""pose"": 0, ""gesture"": 0}, ""svclat_ms"": {""pose"": 0.0, ""gesture"": 0.0}}}"
57.0,10,9,0.9,0,0,11,11,7,0.636,879.0,532.0,0.605,0.0,1.22,0.0,28.78,30.0,0,28.78,30.0,0,0,0,0,27.01,17.7,0,529,"{""ip-172-31-0-204"": ""healthy"", ""ip-172-31-1-171"": ""healthy"", ""ip-172-31-10-12"": ""healthy"", ""ip-172-31-11-132"": ""healthy"", ""ip-172-31-13-134"": ""healthy"", ""ip-172-31-14-68"": ""healthy"", ""ip-172-31-40-239"": ""healthy""}",subscribe,97.7,0.9852,0,0,"{""ip-172-31-1-171"": {""pose"": 1, ""object"": 1, ""gesture"": 1}, ""ip-172-31-14-68"": {""gesture"": 1, ""pose"": 1}, ""ip-172-31-11-132"": {""gesture"": 1, ""object"": 1}, ""ip-172-31-40-239"": {""object"": 1}, ""ip-172-31-0-204"": {""pose"": 1}, ""ip-172-31-10-12"": {""pose"": 1}, ""ip-172-31-13-134"": {""object"": 1}}","{""a1"": {""services"": [""pose"", ""gesture""], ""fps"": {""pose"": 27, ""gesture"": 29}, ""eff_fps"": {""pose"": 27, ""gesture"": 29}, ""latency_ms"": {""pose"": 0, ""gesture"": 0}, ""svclat_ms"": {""pose"": 36.14, ""gesture"": 19.29}}, ""a2"": {""services"": [""pose"", ""gesture""], ""fps"": {""pose"": 30, ""gesture"": 30}, ""eff_fps"": {""pose"": 30, ""gesture"": 30}, ""latency_ms"": {""pose"": 0, ""gesture"": 0}, ""svclat_ms"": {""pose"": 18.87, ""gesture"": 16.89}}, ""a3"": {""services"": [""pose"", ""gesture""], ""fps"": {""pose"": 30, ""gesture"": 30}, ""eff_fps"": {""pose"": 30, ""gesture"": 30}, ""latency_ms"": {""pose"": 0, ""gesture"": 0}, ""svclat_ms"": {""pose"": 24.09, ""gesture"": 17.84}}, ""a4"": {""services"": [""pose"", ""gesture""], ""fps"": {""pose"": 29, ""gesture"": 30}, ""eff_fps"": {""pose"": 29, ""gesture"": 30}, ""latency_ms"": {""pose"": 0, ""gesture"": 0}, ""svclat_ms"": {""pose"": 24.03, ""gesture"": 18.32}}, ""a5"": {""services"": [""pose"", ""gesture""], ""fps"": {""pose"": 27, ""gesture"": 30}, ""eff_fps"": {""pose"": 27, ""gesture"": 30}, ""latency_ms"": {""pose"": 0, ""gesture"": 0}, ""svclat_ms"": {""pose"": 36.16, ""gesture"": 15.78}}, ""a6"": {""services"": [""pose"", ""gesture""], ""fps"": {""pose"": 30, ""gesture"": 30}, ""eff_fps"": {""pose"": 30, ""gesture"": 30}, ""latency_ms"": {""pose"": 0, ""gesture"": 0}, ""svclat_ms"": {""pose"": 20.6, ""gesture"": 18.71}}, ""a7"": {""services"": [""pose"", ""gesture""], ""fps"": {""pose"": 30, ""gesture"": 30}, ""eff_fps"": {""pose"": 30, ""gesture"": 30}, ""latency_ms"": {""pose"": 0, ""gesture"": 0}, ""svclat_ms"": {""pose"": 23.7, ""gesture"": 18.9}}, ""a8"": {""services"": [""pose"", ""gesture""], ""fps"": {""pose"": 29, ""gesture"": 31}, ""eff_fps"": {""pose"": 29, ""gesture"": 31}, ""latency_ms"": {""pose"": 0, ""gesture"": 0}, ""svclat_ms"": {""pose"": 23.85, ""gesture"": 15.59}}, ""a9"": {""services"": [""pose"", ""gesture""], ""fps"": {""pose"": 27, ""gesture"": 30}, ""eff_fps"": {""pose"": 27, ""gesture"": 30}, ""latency_ms"": {""pose"": 0, ""gesture"": 0}, ""svclat_ms"": {""pose"": 35.61, ""gesture"": 17.95}}, ""a10"": {""services"": [""pose"", ""gesture""], ""fps"": {""pose"": 0, ""gesture"": 0}, ""eff_fps"": {""pose"": 0, ""gesture"": 0}, ""latency_ms"": {""pose"": 0, ""gesture"": 0}, ""svclat_ms"": {""pose"": 0.0, ""gesture"": 0.0}}, ""a11"": {""services"": [""pose"", ""gesture""], ""fps"": {""pose"": 0, ""gesture"": 0}, ""eff_fps"": {""pose"": 0, ""gesture"": 0}, ""latency_ms"": {""pose"": 0, ""gesture"": 0}, ""svclat_ms"": {""pose"": 0.0, ""gesture"": 0.0}}, ""a12"": {""services"": [""pose"", ""gesture""], ""fps"": {""pose"": 0, ""gesture"": 0}, ""eff_fps"": {""pose"": 0, ""gesture"": 0}, ""latency_ms"": {""pose"": 0, ""gesture"": 0}, ""svclat_ms"": {""pose"": 0.0, ""gesture"": 0.0}}}"
60.8,10,9,0.9,0,0,11,11,7,0.636,879.0,532.0,0.605,0.0,1.22,0.0,30.0,30.0,0,30.0,30.0,0,0,0,0,21.2,16.61,0,600,"{""ip-172-31-0-204"": ""healthy"", ""ip-172-31-1-171"": ""healthy"", ""ip-172-31-10-12"": ""healthy"", ""ip-172-31-11-132"": ""healthy"", ""ip-172-31-13-134"": ""healthy"", ""ip-172-31-14-68"": ""healthy"", ""ip-172-31-40-239"": ""healthy""}",subscribe,97.7,0.9852,0,0,"{""ip-172-31-1-171"": {""pose"": 1, ""object"": 1, ""gesture"": 1}, ""ip-172-31-14-68"": {""gesture"": 1, ""pose"": 1}, ""ip-172-31-11-132"": {""gesture"": 1, ""object"": 1}, ""ip-172-31-40-239"": {""object"": 1}, ""ip-172-31-0-204"": {""pose"": 1}, ""ip-172-31-10-12"": {""pose"": 1}, ""ip-172-31-13-134"": {""object"": 1}}","{""a1"": {""services"": [""pose"", ""gesture""], ""fps"": {""pose"": 30, ""gesture"": 30}, ""eff_fps"": {""pose"": 30, ""gesture"": 30}, ""latency_ms"": {""pose"": 0, ""gesture"": 0}, ""svclat_ms"": {""pose"": 20.79, ""gesture"": 17.1}}, ""a2"": {""services"": [""pose"", ""gesture""], ""fps"": {""pose"": 30, ""gesture"": 30}, ""eff_fps"": {""pose"": 30, ""gesture"": 30}, ""latency_ms"": {""pose"": 0, ""gesture"": 0}, ""svclat_ms"": {""pose"": 21.23, ""gesture"": 17.3}}, ""a3"": {""services"": [""pose"", ""gesture""], ""fps"": {""pose"": 30, ""gesture"": 30}, ""eff_fps"": {""pose"": 30, ""gesture"": 30}, ""latency_ms"": {""pose"": 0, ""gesture"": 0}, ""svclat_ms"": {""pose"": 21.13, ""gesture"": 15.06}}, ""a4"": {""services"": [""pose"", ""gesture""], ""fps"": {""pose"": 30, ""gesture"": 30}, ""eff_fps"": {""pose"": 30, ""gesture"": 30}, ""latency_ms"": {""pose"": 0, ""gesture"": 0}, ""svclat_ms"": {""pose"": 18.48, ""gesture"": 18.91}}, ""a5"": {""services"": [""pose"", ""gesture""], ""fps"": {""pose"": 30, ""gesture"": 30}, ""eff_fps"": {""pose"": 30, ""gesture"": 30}, ""latency_ms"": {""pose"": 0, ""gesture"": 0}, ""svclat_ms"": {""pose"": 21.18, ""gesture"": 16.1}}, ""a6"": {""services"": [""pose"", ""gesture""], ""fps"": {""pose"": 30, ""gesture"": 30}, ""eff_fps"": {""pose"": 30, ""gesture"": 30}, ""latency_ms"": {""pose"": 0, ""gesture"": 0}, ""svclat_ms"": {""pose"": 17.81, ""gesture"": 17.09}}, ""a7"": {""services"": [""pose"", ""gesture""], ""fps"": {""pose"": 30, ""gesture"": 30}, ""eff_fps"": {""pose"": 30, ""gesture"": 30}, ""latency_ms"": {""pose"": 0, ""gesture"": 0}, ""svclat_ms"": {""pose"": 17.53, ""gesture"": 15.56}}, ""a8"": {""services"": [""pose"", ""gesture""], ""fps"": {""pose"": 30, ""gesture"": 30}, ""eff_fps"": {""pose"": 30, ""gesture"": 30}, ""latency_ms"": {""pose"": 0, ""gesture"": 0}, ""svclat_ms"": {""pose"": 24.57, ""gesture"": 16.98}}, ""a9"": {""services"": [""pose"", ""gesture""], ""fps"": {""pose"": 30, ""gesture"": 30}, ""eff_fps"": {""pose"": 30, ""gesture"": 30}, ""latency_ms"": {""pose"": 0, ""gesture"": 0}, ""svclat_ms"": {""pose"": 20.19, ""gesture"": 16.22}}, ""a10"": {""services"": [""pose"", ""gesture""], ""fps"": {""pose"": 30, ""gesture"": 30}, ""eff_fps"": {""pose"": 30, ""gesture"": 30}, ""latency_ms"": {""pose"": 0, ""gesture"": 0}, ""svclat_ms"": {""pose"": 29.04, ""gesture"": 15.76}}, ""a11"": {""services"": [""pose"", ""gesture""], ""fps"": {""pose"": 0, ""gesture"": 0}, ""eff_fps"": {""pose"": 0, ""gesture"": 0}, ""latency_ms"": {""pose"": 0, ""gesture"": 0}, ""svclat_ms"": {""pose"": 0.0, ""gesture"": 0.0}}, ""a12"": {""services"": [""pose"", ""gesture""], ""fps"": {""pose"": 0, ""gesture"": 0}, ""eff_fps"": {""pose"": 0, ""gesture"": 0}, ""latency_ms"": {""pose"": 0, ""gesture"": 0}, ""svclat_ms"": {""pose"": 0.0, ""gesture"": 0.0}}, ""a13"": {""services"": [""pose"", ""gesture""], ""fps"": {""pose"": 0, ""gesture"": 0}, ""eff_fps"": {""pose"": 0, ""gesture"": 0}, ""latency_ms"": {""pose"": 0, ""gesture"": 0}, ""svclat_ms"": {""pose"": 0.0, ""gesture"": 0.0}}}"
65.8,11,11,1.0,0,0,11,17,12,0.706,1243.0,660.0,0.531,0.0,1.55,0.0,29.82,30.0,0,29.82,30.0,0,0,0,0,22.3,19.28,0,658,"{""ip-172-31-0-204"": ""healthy"", ""ip-172-31-1-171"": ""healthy"", ""ip-172-31-10-12"": ""healthy"", ""ip-172-31-11-132"": ""healthy"", ""ip-172-31-13-134"": ""healthy"", ""ip-172-31-14-68"": ""healthy"", ""ip-172-31-40-239"": ""healthy""}",subscribe,107.7,1.0,0,0,"{""ip-172-31-1-171"": {""pose"": 1, ""object"": 1}, ""ip-172-31-14-68"": {""gesture"": 1, ""pose"": 1}, ""ip-172-31-11-132"": {""gesture"": 1, ""object"": 1, ""pose"": 1}, ""ip-172-31-0-204"": {""pose"": 1, ""object"": 1}, ""ip-172-31-10-12"": {""pose"": 1, ""object"": 1, ""gesture"": 1}, ""ip-172-31-13-134"": {""object"": 1, ""pose"": 1, ""gesture"": 1}, ""ip-172-31-40-239"": {""gesture"": 1, ""pose"": 1}}","{""a1"": {""services"": [""pose"", ""gesture""], ""fps"": {""pose"": 29, ""gesture"": 30}, ""eff_fps"": {""pose"": 29, ""gesture"": 30}, ""latency_ms"": {""pose"": 0, ""gesture"": 0}, ""svclat_ms"": {""pose"": 21.1, ""gesture"": 22.19}}, ""a2"": {""services"": [""pose"", ""gesture""], ""fps"": {""pose"": 30, ""gesture"": 30}, ""eff_fps"": {""pose"": 30, ""gesture"": 30}, ""latency_ms"": {""pose"": 0, ""gesture"": 0}, ""svclat_ms"": {""pose"": 20.07, ""gesture"": 23.93}}, ""a3"": {""services"": [""pose"", ""gesture""], ""fps"": {""pose"": 30, ""gesture"": 30}, ""eff_fps"": {""pose"": 30, ""gesture"": 30}, ""latency_ms"": {""pose"": 0, ""gesture"": 0}, ""svclat_ms"": {""pose"": 24.53, ""gesture"": 17.83}}, ""a4"": {""services"": [""pose"", ""gesture""], ""fps"": {""pose"": 30, ""gesture"": 30}, ""eff_fps"": {""pose"": 30, ""gesture"": 30}, ""latency_ms"": {""pose"": 0, ""gesture"": 0}, ""svclat_ms"": {""pose"": 22.74, ""gesture"": 18.78}}, ""a5"": {""services"": [""pose"", ""gesture""], ""fps"": {""pose"": 29, ""gesture"": 30}, ""eff_fps"": {""pose"": 29, ""gesture"": 30}, ""latency_ms"": {""pose"": 0, ""gesture"": 0}, ""svclat_ms"": {""pose"": 21.77, ""gesture"": 16.49}}, ""a6"": {""services"": [""pose"", ""gesture""], ""fps"": {""pose"": 30, ""gesture"": 30}, ""eff_fps"": {""pose"": 30, ""gesture"": 30}, ""latency_ms"": {""pose"": 0, ""gesture"": 0}, ""svclat_ms"": {""pose"": 18.03, ""gesture"": 22.16}}, ""a7"": {""services"": [""pose"", ""gesture""], ""fps"": {""pose"": 30, ""gesture"": 30}, ""eff_fps"": {""pose"": 30, ""gesture"": 30}, ""latency_ms"": {""pose"": 0, ""gesture"": 0}, ""svclat_ms"": {""pose"": 22.62, ""gesture"": 22.59}}, ""a8"": {""services"": [""pose"", ""gesture""], ""fps"": {""pose"": 30, ""gesture"": 30}, ""eff_fps"": {""pose"": 30, ""gesture"": 30}, ""latency_ms"": {""pose"": 0, ""gesture"": 0}, ""svclat_ms"": {""pose"": 25.35, ""gesture"": 18.24}}, ""a9"": {""services"": [""pose"", ""gesture""], ""fps"": {""pose"": 30, ""gesture"": 30}, ""eff_fps"": {""pose"": 30, ""gesture"": 30}, ""latency_ms"": {""pose"": 0, ""gesture"": 0}, ""svclat_ms"": {""pose"": 19.87, ""gesture"": 16.17}}, ""a10"": {""services"": [""pose"", ""gesture""], ""fps"": {""pose"": 30, ""gesture"": 30}, ""eff_fps"": {""pose"": 30, ""gesture"": 30}, ""latency_ms"": {""pose"": 0, ""gesture"": 0}, ""svclat_ms"": {""pose"": 26.62, ""gesture"": 15.88}}, ""a11"": {""services"": [""pose"", ""gesture""], ""fps"": {""pose"": 30, ""gesture"": 30}, ""eff_fps"": {""pose"": 30, ""gesture"": 30}, ""latency_ms"": {""pose"": 0, ""gesture"": 0}, ""svclat_ms"": {""pose"": 22.62, ""gesture"": 17.8}}, ""a12"": {""services"": [""pose"", ""gesture""], ""fps"": {""pose"": 0, ""gesture"": 0}, ""eff_fps"": {""pose"": 0, ""gesture"": 0}, ""latency_ms"": {""pose"": 0, ""gesture"": 0}, ""svclat_ms"": {""pose"": 0.0, ""gesture"": 0.0}}, ""a13"": {""services"": [""pose"", ""gesture""], ""fps"": {""pose"": 0, ""gesture"": 0}, ""eff_fps"": {""pose"": 0, ""gesture"": 0}, ""latency_ms"": {""pose"": 0, ""gesture"": 0}, ""svclat_ms"": {""pose"": 0.0, ""gesture"": 0.0}}, ""a14"": {""services"": [""pose"", ""gesture""], ""fps"": {""pose"": 0, ""gesture"": 0}, ""eff_fps"": {""pose"": 0, ""gesture"": 0}, ""latency_ms"": {""pose"": 0, ""gesture"": 0}, ""svclat_ms"": {""pose"": 0.0, ""gesture"": 0.0}}}"
70.8,13,13,1.0,0,0,11,17,12,0.706,1243.0,776.0,0.624,0.0,1.31,0.0,29.57,30.0,0,29.57,30.0,0,0,0,0,23.6,19.14,0,834,"{""ip-172-31-0-204"": ""healthy"", ""ip-172-31-1-171"": ""healthy"", ""ip-172-31-10-12"": ""healthy"", ""ip-172-31-11-132"": ""healthy"", ""ip-172-31-13-134"": ""healthy"", ""ip-172-31-14-68"": ""healthy"", ""ip-172-31-40-239"": ""healthy""}",subscribe,119.3,0.9949,0,0,"{""ip-172-31-1-171"": {""pose"": 1, ""object"": 1}, ""ip-172-31-14-68"": {""gesture"": 1, ""pose"": 1}, ""ip-172-31-11-132"": {""gesture"": 1, ""object"": 1, ""pose"": 1}, ""ip-172-31-0-204"": {""pose"": 1, ""object"": 1}, ""ip-172-31-10-12"": {""pose"": 1, ""object"": 1, ""gesture"": 1}, ""ip-172-31-13-134"": {""object"": 1, ""pose"": 1, ""gesture"": 1}, ""ip-172-31-40-239"": {""gesture"": 1, ""pose"": 1}}","{""a1"": {""services"": [""pose"", ""gesture""], ""fps"": {""pose"": 30, ""gesture"": 29}, ""eff_fps"": {""pose"": 30, ""gesture"": 29}, ""latency_ms"": {""pose"": 0, ""gesture"": 0}, ""svclat_ms"": {""pose"": 21.01, ""gesture"": 22.02}}, ""a2"": {""services"": [""pose"", ""gesture""], ""fps"": {""pose"": 30, ""gesture"": 30}, ""eff_fps"": {""pose"": 30, ""gesture"": 30}, ""latency_ms"": {""pose"": 0, ""gesture"": 0}, ""svclat_ms"": {""pose"": 20.34, ""gesture"": 17.55}}, ""a3"": {""services"": [""pose"", ""gesture""], ""fps"": {""pose"": 30, ""gesture"": 30}, ""eff_fps"": {""pose"": 30, ""gesture"": 30}, ""latency_ms"": {""pose"": 0, ""gesture"": 0}, ""svclat_ms"": {""pose"": 24.38, ""gesture"": 17.34}}, ""a4"": {""services"": [""pose"", ""gesture""], ""fps"": {""pose"": 30, ""gesture"": 30}, ""eff_fps"": {""pose"": 30, ""gesture"": 30}, ""latency_ms"": {""pose"": 0, ""gesture"": 0}, ""svclat_ms"": {""pose"": 22.65, ""gesture"": 22.77}}, ""a5"": {""services"": [""pose"", ""gesture""], ""fps"": {""pose"": 29, ""gesture"": 30}, ""eff_fps"": {""pose"": 29, ""gesture"": 30}, ""latency_ms"": {""pose"": 0, ""gesture"": 0}, ""svclat_ms"": {""pose"": 22.69, ""gesture"": 16.88}}, ""a6"": {""services"": [""pose"", ""gesture""], ""fps"": {""pose"": 29, ""gesture"": 30}, ""eff_fps"": {""pose"": 29, ""gesture"": 30}, ""latency_ms"": {""pose"": 0, ""gesture"": 0}, ""svclat_ms"": {""pose"": 24.4, ""gesture"": 23.18}}, ""a7"": {""services"": [""pose"", ""gesture""], ""fps"": {""pose"": 29, ""gesture"": 31}, ""eff_fps"": {""pose"": 29, ""gesture"": 31}, ""latency_ms"": {""pose"": 0, ""gesture"": 0}, ""svclat_ms"": {""pose"": 21.91, ""gesture"": 17.19}}, ""a8"": {""services"": [""pose"", ""gesture""], ""fps"": {""pose"": 30, ""gesture"": 30}, ""eff_fps"": {""pose"": 30, ""gesture"": 30}, ""latency_ms"": {""pose"": 0, ""gesture"": 0}, ""svclat_ms"": {""pose"": 24.98, ""gesture"": 17.35}}, ""a9"": {""services"": [""pose"", ""gesture""], ""fps"": {""pose"": 30, ""gesture"": 30}, ""eff_fps"": {""pose"": 30, ""gesture"": 30}, ""latency_ms"": {""pose"": 0, ""gesture"": 0}, ""svclat_ms"": {""pose"": 19.92, ""gesture"": 18.67}}, ""a10"": {""services"": [""pose"", ""gesture""], ""fps"": {""pose"": 30, ""gesture"": 30}, ""eff_fps"": {""pose"": 30, ""gesture"": 30}, ""latency_ms"": {""pose"": 0, ""gesture"": 0}, ""svclat_ms"": {""pose"": 26.54, ""gesture"": 17.17}}, ""a11"": {""services"": [""pose"", ""gesture""], ""fps"": {""pose"": 30, ""gesture"": 30}, ""eff_fps"": {""pose"": 30, ""gesture"": 30}, ""latency_ms"": {""pose"": 0, ""gesture"": 0}, ""svclat_ms"": {""pose"": 22.05, ""gesture"": 18.47}}, ""a12"": {""services"": [""pose"", ""gesture""], ""fps"": {""pose"": 29, ""gesture"": 30}, ""eff_fps"": {""pose"": 29, ""gesture"": 30}, ""latency_ms"": {""pose"": 0, ""gesture"": 0}, ""svclat_ms"": {""pose"": 27.06, ""gesture"": 16.59}}, ""a13"": {""services"": [""pose"", ""gesture""], ""fps"": {""pose"": 29, ""gesture"": 30}, ""eff_fps"": {""pose"": 29, ""gesture"": 30}, ""latency_ms"": {""pose"": 0, ""gesture"": 0}, ""svclat_ms"": {""pose"": 24.58, ""gesture"": 17.67}}, ""a14"": {""services"": [""pose"", ""gesture""], ""fps"": {""pose"": 29, ""gesture"": 30}, ""eff_fps"": {""pose"": 29, ""gesture"": 30}, ""latency_ms"": {""pose"": 0, ""gesture"": 0}, ""svclat_ms"": {""pose"": 27.9, ""gesture"": 25.04}}, ""a15"": {""services"": [""pose"", ""gesture""], ""fps"": {""pose"": 0, ""gesture"": 0}, ""eff_fps"": {""pose"": 0, ""gesture"": 0}, ""latency_ms"": {""pose"": 0, ""gesture"": 0}, ""svclat_ms"": {""pose"": 0.0, ""gesture"": 0.0}}}"
74.7,14,14,1.0,0,0,11,17,12,0.706,1243.0,834.0,0.671,0.0,1.21,0.0,28.07,30.07,0,28.0,30.07,0,0,0,0,25.32,19.81,0,872,"{""ip-172-31-0-204"": ""healthy"", ""ip-172-31-1-171"": ""healthy"", ""ip-172-31-10-12"": ""healthy"", ""ip-172-31-11-132"": ""healthy"", ""ip-172-31-13-134"": ""healthy"", ""ip-172-31-14-68"": ""healthy"", ""ip-172-31-40-239"": ""healthy""}",subscribe,122.6,0.9929,0,0,"{""ip-172-31-1-171"": {""pose"": 1, ""object"": 1}, ""ip-172-31-14-68"": {""gesture"": 1, ""pose"": 1}, ""ip-172-31-11-132"": {""gesture"": 1, ""object"": 1, ""pose"": 1}, ""ip-172-31-0-204"": {""pose"": 1, ""object"": 1}, ""ip-172-31-10-12"": {""pose"": 1, ""object"": 1, ""gesture"": 1}, ""ip-172-31-13-134"": {""object"": 1, ""pose"": 1, ""gesture"": 1}, ""ip-172-31-40-239"": {""gesture"": 1, ""pose"": 1}}","{""a1"": {""services"": [""pose"", ""gesture""], ""fps"": {""pose"": 23, ""gesture"": 30}, ""eff_fps"": {""pose"": 23, ""gesture"": 30}, ""latency_ms"": {""pose"": 0, ""gesture"": 0}, ""svclat_ms"": {""pose"": 21.34, ""gesture"": 23.2}}, ""a2"": {""services"": [""pose"", ""gesture""], ""fps"": {""pose"": 30, ""gesture"": 30}, ""eff_fps"": {""pose"": 30, ""gesture"": 30}, ""latency_ms"": {""pose"": 0, ""gesture"": 0}, ""svclat_ms"": {""pose"": 20.56, ""gesture"": 17.37}}, ""a3"": {""services"": [""pose"", ""gesture""], ""fps"": {""pose"": 30, ""gesture"": 30}, ""eff_fps"": {""pose"": 30, ""gesture"": 30}, ""latency_ms"": {""pose"": 0, ""gesture"": 0}, ""svclat_ms"": {""pose"": 24.92, ""gesture"": 18.37}}, ""a4"": {""services"": [""pose"", ""gesture""], ""fps"": {""pose"": 30, ""gesture"": 29}, ""eff_fps"": {""pose"": 30, ""gesture"": 29}, ""latency_ms"": {""pose"": 0, ""gesture"": 0}, ""svclat_ms"": {""pose"": 22.74, ""gesture"": 23.19}}, ""a5"": {""services"": [""pose"", ""gesture""], ""fps"": {""pose"": 29, ""gesture"": 30}, ""eff_fps"": {""pose"": 29, ""gesture"": 30}, ""latency_ms"": {""pose"": 0, ""gesture"": 0}, ""svclat_ms"": {""pose"": 22.99, ""gesture"": 19.38}}, ""a6"": {""services"": [""pose"", ""gesture""], ""fps"": {""pose"": 29, ""gesture"": 30}, ""eff_fps"": {""pose"": 29, ""gesture"": 30}, ""latency_ms"": {""pose"": 0, ""gesture"": 0}, ""svclat_ms"": {""pose"": 25.04, ""gesture"": 22.67}}, ""a7"": {""services"": [""pose"", ""gesture""], ""fps"": {""pose"": 29, ""gesture"": 30}, ""eff_fps"": {""pose"": 29, ""gesture"": 30}, ""latency_ms"": {""pose"": 0, ""gesture"": 0}, ""svclat_ms"": {""pose"": 24.9, ""gesture"": 16.8}}, ""a8"": {""services"": [""pose"", ""gesture""], ""fps"": {""pose"": 23, ""gesture"": 30}, ""eff_fps"": {""pose"": 23, ""gesture"": 30}, ""latency_ms"": {""pose"": 0, ""gesture"": 0}, ""svclat_ms"": {""pose"": 36.38, ""gesture"": 18.09}}, ""a9"": {""services"": [""pose"", ""gesture""], ""fps"": {""pose"": 30, ""gesture"": 30}, ""eff_fps"": {""pose"": 30, ""gesture"": 30}, ""latency_ms"": {""pose"": 0, ""gesture"": 0}, ""svclat_ms"": {""pose"": 20.27, ""gesture"": 19.0}}, ""a10"": {""services"": [""pose"", ""gesture""], ""fps"": {""pose"": 30, ""gesture"": 31}, ""eff_fps"": {""pose"": 30, ""gesture"": 31}, ""latency_ms"": {""pose"": 0, ""gesture"": 0}, ""svclat_ms"": {""pose"": 26.38, ""gesture"": 20.75}}, ""a11"": {""services"": [""pose"", ""gesture""], ""fps"": {""pose"": 30, ""gesture"": 30}, ""eff_fps"": {""pose"": 30, ""gesture"": 30}, ""latency_ms"": {""pose"": 0, ""gesture"": 0}, ""svclat_ms"": {""pose"": 22.4, ""gesture"": 18.33}}, ""a12"": {""services"": [""pose"", ""gesture""], ""fps"": {""pose"": 29, ""gesture"": 30}, ""eff_fps"": {""pose"": 29, ""gesture"": 30}, ""latency_ms"": {""pose"": 0, ""gesture"": 0}, ""svclat_ms"": {""pose"": 27.23, ""gesture"": 16.75}}, ""a13"": {""services"": [""pose"", ""gesture""], ""fps"": {""pose"": 29, ""gesture"": 30}, ""eff_fps"": {""pose"": 29, ""gesture"": 30}, ""latency_ms"": {""pose"": 0, ""gesture"": 0}, ""svclat_ms"": {""pose"": 24.49, ""gesture"": 18.34}}, ""a14"": {""services"": [""pose"", ""gesture""], ""fps"": {""pose"": 27, ""gesture"": 30}, ""eff_fps"": {""pose"": 26, ""gesture"": 30}, ""latency_ms"": {""pose"": 0, ""gesture"": 0}, ""svclat_ms"": {""pose"": 29.31, ""gesture"": 24.35}}, ""a15"": {""services"": [""pose"", ""gesture""], ""fps"": {""pose"": 23, ""gesture"": 31}, ""eff_fps"": {""pose"": 23, ""gesture"": 31}, ""latency_ms"": {""pose"": 0, ""gesture"": 0}, ""svclat_ms"": {""pose"": 30.82, ""gesture"": 20.55}}}"
77.2,15,15,1.0,0,0,11,17,12,0.706,1243.0,873.0,0.702,0.0,1.13,0.0,28.2,30.0,0,28.2,30.0,0,0,0,0,24.88,19.03,0,873,"{""ip-172-31-0-204"": ""healthy"", ""ip-172-31-1-171"": ""healthy"", ""ip-172-31-10-12"": ""healthy"", ""ip-172-31-11-132"": ""healthy"", ""ip-172-31-13-134"": ""healthy"", ""ip-172-31-14-68"": ""healthy"", ""ip-172-31-40-239"": ""healthy""}",subscribe,126.1,0.97,0,0,"{""ip-172-31-1-171"": {""pose"": 1, ""object"": 1}, ""ip-172-31-14-68"": {""gesture"": 1, ""pose"": 1}, ""ip-172-31-11-132"": {""gesture"": 1, ""object"": 1, ""pose"": 1}, ""ip-172-31-0-204"": {""pose"": 1, ""object"": 1}, ""ip-172-31-10-12"": {""pose"": 1, ""object"": 1, ""gesture"": 1}, ""ip-172-31-13-134"": {""object"": 1, ""pose"": 1, ""gesture"": 1}, ""ip-172-31-40-239"": {""gesture"": 1, ""pose"": 1}}","{""a1"": {""services"": [""pose"", ""gesture""], ""fps"": {""pose"": 23, ""gesture"": 30}, ""eff_fps"": {""pose"": 23, ""gesture"": 30}, ""latency_ms"": {""pose"": 0, ""gesture"": 0}, ""svclat_ms"": {""pose"": 21.64, ""gesture"": 22.91}}, ""a2"": {""services"": [""pose"", ""gesture""], ""fps"": {""pose"": 30, ""gesture"": 30}, ""eff_fps"": {""pose"": 30, ""gesture"": 30}, ""latency_ms"": {""pose"": 0, ""gesture"": 0}, ""svclat_ms"": {""pose"": 20.61, ""gesture"": 18.07}}, ""a3"": {""services"": [""pose"", ""gesture""], ""fps"": {""pose"": 30, ""gesture"": 30}, ""eff_fps"": {""pose"": 30, ""gesture"": 30}, ""latency_ms"": {""pose"": 0, ""gesture"": 0}, ""svclat_ms"": {""pose"": 24.52, ""gesture"": 17.43}}, ""a4"": {""services"": [""pose"", ""gesture""], ""fps"": {""pose"": 30, ""gesture"": 30}, ""eff_fps"": {""pose"": 30, ""gesture"": 30}, ""latency_ms"": {""pose"": 0, ""gesture"": 0}, ""svclat_ms"": {""pose"": 23.18, ""gesture"": 22.29}}, ""a5"": {""services"": [""pose"", ""gesture""], ""fps"": {""pose"": 29, ""gesture"": 30}, ""eff_fps"": {""pose"": 29, ""gesture"": 30}, ""latency_ms"": {""pose"": 0, ""gesture"": 0}, ""svclat_ms"": {""pose"": 22.72, ""gesture"": 19.28}}, ""a6"": {""services"": [""pose"", ""gesture""], ""fps"": {""pose"": 29, ""gesture"": 30}, ""eff_fps"": {""pose"": 29, ""gesture"": 30}, ""latency_ms"": {""pose"": 0, ""gesture"": 0}, ""svclat_ms"": {""pose"": 25.15, ""gesture"": 22.93}}, ""a7"": {""services"": [""pose"", ""gesture""], ""fps"": {""pose"": 29, ""gesture"": 30}, ""eff_fps"": {""pose"": 29, ""gesture"": 30}, ""latency_ms"": {""pose"": 0, ""gesture"": 0}, ""svclat_ms"": {""pose"": 23.8, ""gesture"": 16.77}}, ""a8"": {""services"": [""pose"", ""gesture""], ""fps"": {""pose"": 23, ""gesture"": 30}, ""eff_fps"": {""pose"": 23, ""gesture"": 30}, ""latency_ms"": {""pose"": 0, ""gesture"": 0}, ""svclat_ms"": {""pose"": 36.48, ""gesture"": 17.16}}, ""a9"": {""services"": [""pose"", ""gesture""], ""fps"": {""pose"": 30, ""gesture"": 30}, ""eff_fps"": {""pose"": 30, ""gesture"": 30}, ""latency_ms"": {""pose"": 0, ""gesture"": 0}, ""svclat_ms"": {""pose"": 20.08, ""gesture"": 18.0}}, ""a10"": {""services"": [""pose"", ""gesture""], ""fps"": {""pose"": 30, ""gesture"": 30}, ""eff_fps"": {""pose"": 30, ""gesture"": 30}, ""latency_ms"": {""pose"": 0, ""gesture"": 0}, ""svclat_ms"": {""pose"": 26.83, ""gesture"": 18.16}}, ""a11"": {""services"": [""pose"", ""gesture""], ""fps"": {""pose"": 30, ""gesture"": 30}, ""eff_fps"": {""pose"": 30, ""gesture"": 30}, ""latency_ms"": {""pose"": 0, ""gesture"": 0}, ""svclat_ms"": {""pose"": 22.55, ""gesture"": 18.41}}, ""a12"": {""services"": [""pose"", ""gesture""], ""fps"": {""pose"": 29, ""gesture"": 30}, ""eff_fps"": {""pose"": 29, ""gesture"": 30}, ""latency_ms"": {""pose"": 0, ""gesture"": 0}, ""svclat_ms"": {""pose"": 26.3, ""gesture"": 16.85}}, ""a13"": {""services"": [""pose"", ""gesture""], ""fps"": {""pose"": 29, ""gesture"": 30}, ""eff_fps"": {""pose"": 29, ""gesture"": 30}, ""latency_ms"": {""pose"": 0, ""gesture"": 0}, ""svclat_ms"": {""pose"": 24.0, ""gesture"": 17.88}}, ""a14"": {""services"": [""pose"", ""gesture""], ""fps"": {""pose"": 29, ""gesture"": 30}, ""eff_fps"": {""pose"": 29, ""gesture"": 30}, ""latency_ms"": {""pose"": 0, ""gesture"": 0}, ""svclat_ms"": {""pose"": 24.2, ""gesture"": 21.82}}, ""a15"": {""services"": [""pose"", ""gesture""], ""fps"": {""pose"": 23, ""gesture"": 30}, ""eff_fps"": {""pose"": 23, ""gesture"": 30}, ""latency_ms"": {""pose"": 0, ""gesture"": 0}, ""svclat_ms"": {""pose"": 31.09, ""gesture"": 17.54}}}"
81.0,15,15,1.0,0,0,11,17,12,0.706,1243.0,873.0,0.702,0.0,1.13,0.0,29.57,30.07,0,29.57,30.07,0,0,0,0,23.73,18.68,0,835,"{""ip-172-31-0-204"": ""healthy"", ""ip-172-31-1-171"": ""healthy"", ""ip-172-31-10-12"": ""healthy"", ""ip-172-31-11-132"": ""healthy"", ""ip-172-31-13-134"": ""healthy"", ""ip-172-31-14-68"": ""healthy"", ""ip-172-31-40-239"": ""healthy""}",subscribe,126.1,0.97,0,0,"{""ip-172-31-1-171"": {""pose"": 1, ""object"": 1}, ""ip-172-31-14-68"": {""gesture"": 1, ""pose"": 1}, ""ip-172-31-11-132"": {""gesture"": 1, ""object"": 1, ""pose"": 1}, ""ip-172-31-0-204"": {""pose"": 1, ""object"": 1}, ""ip-172-31-10-12"": {""pose"": 1, ""object"": 1, ""gesture"": 1}, ""ip-172-31-13-134"": {""object"": 1, ""pose"": 1, ""gesture"": 1}, ""ip-172-31-40-239"": {""gesture"": 1, ""pose"": 1}}","{""a2"": {""services"": [""pose"", ""gesture""], ""fps"": {""pose"": 30, ""gesture"": 30}, ""eff_fps"": {""pose"": 30, ""gesture"": 30}, ""latency_ms"": {""pose"": 0, ""gesture"": 0}, ""svclat_ms"": {""pose"": 20.48, ""gesture"": 18.14}}, ""a3"": {""services"": [""pose"", ""gesture""], ""fps"": {""pose"": 30, ""gesture"": 30}, ""eff_fps"": {""pose"": 30, ""gesture"": 30}, ""latency_ms"": {""pose"": 0, ""gesture"": 0}, ""svclat_ms"": {""pose"": 24.12, ""gesture"": 17.3}}, ""a4"": {""services"": [""pose"", ""gesture""], ""fps"": {""pose"": 30, ""gesture"": 30}, ""eff_fps"": {""pose"": 30, ""gesture"": 30}, ""latency_ms"": {""pose"": 0, ""gesture"": 0}, ""svclat_ms"": {""pose"": 23.75, ""gesture"": 22.88}}, ""a5"": {""services"": [""pose"", ""gesture""], ""fps"": {""pose"": 29, ""gesture"": 30}, ""eff_fps"": {""pose"": 29, ""gesture"": 30}, ""latency_ms"": {""pose"": 0, ""gesture"": 0}, ""svclat_ms"": {""pose"": 22.59, ""gesture"": 20.01}}, ""a6"": {""services"": [""pose"", ""gesture""], ""fps"": {""pose"": 29, ""gesture"": 30}, ""eff_fps"": {""pose"": 29, ""gesture"": 30}, ""latency_ms"": {""pose"": 0, ""gesture"": 0}, ""svclat_ms"": {""pose"": 24.8, ""gesture"": 16.27}}, ""a7"": {""services"": [""pose"", ""gesture""], ""fps"": {""pose"": 29, ""gesture"": 31}, ""eff_fps"": {""pose"": 29, ""gesture"": 31}, ""latency_ms"": {""pose"": 0, ""gesture"": 0}, ""svclat_ms"": {""pose"": 24.13, ""gesture"": 18.21}}, ""a8"": {""services"": [""pose"", ""gesture""], ""fps"": {""pose"": 30, ""gesture"": 30}, ""eff_fps"": {""pose"": 30, ""gesture"": 30}, ""latency_ms"": {""pose"": 0, ""gesture"": 0}, ""svclat_ms"": {""pose"": 21.19, ""gesture"": 18.28}}, ""a9"": {""services"": [""pose"", ""gesture""], ""fps"": {""pose"": 30, ""gesture"": 30}, ""eff_fps"": {""pose"": 30, ""gesture"": 30}, ""latency_ms"": {""pose"": 0, ""gesture"": 0}, ""svclat_ms"": {""pose"": 20.07, ""gesture"": 18.62}}, ""a10"": {""services"": [""pose"", ""gesture""], ""fps"": {""pose"": 30, ""gesture"": 30}, ""eff_fps"": {""pose"": 30, ""gesture"": 30}, ""latency_ms"": {""pose"": 0, ""gesture"": 0}, ""svclat_ms"": {""pose"": 25.69, ""gesture"": 17.98}}, ""a11"": {""services"": [""pose"", ""gesture""], ""fps"": {""pose"": 30, ""gesture"": 30}, ""eff_fps"": {""pose"": 30, ""gesture"": 30}, ""latency_ms"": {""pose"": 0, ""gesture"": 0}, ""svclat_ms"": {""pose"": 22.45, ""gesture"": 16.8}}, ""a12"": {""services"": [""pose"", ""gesture""], ""fps"": {""pose"": 29, ""gesture"": 30}, ""eff_fps"": {""pose"": 29, ""gesture"": 30}, ""latency_ms"": {""pose"": 0, ""gesture"": 0}, ""svclat_ms"": {""pose"": 25.99, ""gesture"": 17.76}}, ""a13"": {""services"": [""pose"", ""gesture""], ""fps"": {""pose"": 29, ""gesture"": 30}, ""eff_fps"": {""pose"": 29, ""gesture"": 30}, ""latency_ms"": {""pose"": 0, ""gesture"": 0}, ""svclat_ms"": {""pose"": 24.71, ""gesture"": 18.87}}, ""a14"": {""services"": [""pose"", ""gesture""], ""fps"": {""pose"": 29, ""gesture"": 30}, ""eff_fps"": {""pose"": 29, ""gesture"": 30}, ""latency_ms"": {""pose"": 0, ""gesture"": 0}, ""svclat_ms"": {""pose"": 25.05, ""gesture"": 22.05}}, ""a15"": {""services"": [""pose"", ""gesture""], ""fps"": {""pose"": 30, ""gesture"": 30}, ""eff_fps"": {""pose"": 30, ""gesture"": 30}, ""latency_ms"": {""pose"": 0, ""gesture"": 0}, ""svclat_ms"": {""pose"": 27.18, ""gesture"": 18.28}}}"
83.5,14,14,1.0,0,0,11,17,12,0.706,1243.0,834,0.671,0.0,1.21,0.0,29.57,30.0,0,29.57,30.0,0,0,0,0,23.51,18.03,0,834,"{""ip-172-31-0-204"": ""healthy"", ""ip-172-31-1-171"": ""healthy"", ""ip-172-31-10-12"": ""healthy"", ""ip-172-31-11-132"": ""healthy"", ""ip-172-31-13-134"": ""healthy"", ""ip-172-31-14-68"": ""healthy"", ""ip-172-31-40-239"": ""healthy""}",unsubscribe,125.6,0.9929,0,0,"{""ip-172-31-1-171"": {""pose"": 1, ""object"": 1}, ""ip-172-31-14-68"": {""gesture"": 1, ""pose"": 1}, ""ip-172-31-11-132"": {""gesture"": 1, ""object"": 1, ""pose"": 1}, ""ip-172-31-0-204"": {""pose"": 1, ""object"": 1}, ""ip-172-31-10-12"": {""pose"": 1, ""object"": 1, ""gesture"": 1}, ""ip-172-31-13-134"": {""object"": 1, ""pose"": 1, ""gesture"": 1}, ""ip-172-31-40-239"": {""gesture"": 1, ""pose"": 1}}","{""a2"": {""services"": [""pose"", ""gesture""], ""fps"": {""pose"": 30, ""gesture"": 30}, ""eff_fps"": {""pose"": 30, ""gesture"": 30}, ""latency_ms"": {""pose"": 0, ""gesture"": 0}, ""svclat_ms"": {""pose"": 20.53, ""gesture"": 17.52}}, ""a3"": {""services"": [""pose"", ""gesture""], ""fps"": {""pose"": 30, ""gesture"": 30}, ""eff_fps"": {""pose"": 30, ""gesture"": 30}, ""latency_ms"": {""pose"": 0, ""gesture"": 0}, ""svclat_ms"": {""pose"": 23.87, ""gesture"": 16.79}}, ""a4"": {""services"": [""pose"", ""gesture""], ""fps"": {""pose"": 30, ""gesture"": 30}, ""eff_fps"": {""pose"": 30, ""gesture"": 30}, ""latency_ms"": {""pose"": 0, ""gesture"": 0}, ""svclat_ms"": {""pose"": 23.3, ""gesture"": 22.02}}, ""a5"": {""services"": [""pose"", ""gesture""], ""fps"": {""pose"": 29, ""gesture"": 30}, ""eff_fps"": {""pose"": 29, ""gesture"": 30}, ""latency_ms"": {""pose"": 0, ""gesture"": 0}, ""svclat_ms"": {""pose"": 22.88, ""gesture"": 19.72}}, ""a6"": {""services"": [""pose"", ""gesture""], ""fps"": {""pose"": 29, ""gesture"": 30}, ""eff_fps"": {""pose"": 29, ""gesture"": 30}, ""latency_ms"": {""pose"": 0, ""gesture"": 0}, ""svclat_ms"": {""pose"": 24.46, ""gesture"": 15.87}}, ""a7"": {""services"": [""pose"", ""gesture""], ""fps"": {""pose"": 29, ""gesture"": 30}, ""eff_fps"": {""pose"": 29, ""gesture"": 30}, ""latency_ms"": {""pose"": 0, ""gesture"": 0}, ""svclat_ms"": {""pose"": 24.41, ""gesture"": 17.05}}, ""a8"": {""services"": [""pose"", ""gesture""], ""fps"": {""pose"": 30, ""gesture"": 30}, ""eff_fps"": {""pose"": 30, ""gesture"": 30}, ""latency_ms"": {""pose"": 0, ""gesture"": 0}, ""svclat_ms"": {""pose"": 21.21, ""gesture"": 18.06}}, ""a9"": {""services"": [""pose"", ""gesture""], ""fps"": {""pose"": 30, ""gesture"": 30}, ""eff_fps"": {""pose"": 30, ""gesture"": 30}, ""latency_ms"": {""pose"": 0, ""gesture"": 0}, ""svclat_ms"": {""pose"": 20.03, ""gesture"": 17.45}}, ""a10"": {""services"": [""pose"", ""gesture""], ""fps"": {""pose"": 30, ""gesture"": 30}, ""eff_fps"": {""pose"": 30, ""gesture"": 30}, ""latency_ms"": {""pose"": 0, ""gesture"": 0}, ""svclat_ms"": {""pose"": 25.07, ""gesture"": 18.79}}, ""a11"": {""services"": [""pose"", ""gesture""], ""fps"": {""pose"": 30, ""gesture"": 30}, ""eff_fps"": {""pose"": 30, ""gesture"": 30}, ""latency_ms"": {""pose"": 0, ""gesture"": 0}, ""svclat_ms"": {""pose"": 22.49, ""gesture"": 16.3}}, ""a12"": {""services"": [""pose"", ""gesture""], ""fps"": {""pose"": 29, ""gesture"": 30}, ""eff_fps"": {""pose"": 29, ""gesture"": 30}, ""latency_ms"": {""pose"": 0, ""gesture"": 0}, ""svclat_ms"": {""pose"": 25.38, ""gesture"": 16.33}}, ""a13"": {""services"": [""pose"", ""gesture""], ""fps"": {""pose"": 29, ""gesture"": 30}, ""eff_fps"": {""pose"": 29, ""gesture"": 30}, ""latency_ms"": {""pose"": 0, ""gesture"": 0}, ""svclat_ms"": {""pose"": 23.62, ""gesture"": 17.91}}, ""a14"": {""services"": [""pose"", ""gesture""], ""fps"": {""pose"": 29, ""gesture"": 30}, ""eff_fps"": {""pose"": 29, ""gesture"": 30}, ""latency_ms"": {""pose"": 0, ""gesture"": 0}, ""svclat_ms"": {""pose"": 24.76, ""gesture"": 20.32}}, ""a15"": {""services"": [""pose"", ""gesture""], ""fps"": {""pose"": 30, ""gesture"": 30}, ""eff_fps"": {""pose"": 30, ""gesture"": 30}, ""latency_ms"": {""pose"": 0, ""gesture"": 0}, ""svclat_ms"": {""pose"": 27.2, ""gesture"": 18.26}}}"
85.9,14,14,1.0,0,0,11,17,12,0.706,1243.0,834,0.671,0.0,1.21,0.0,29.57,30.0,0,29.57,30.0,0,0,0,0,23.87,18.42,0,834,"{""ip-172-31-0-204"": ""healthy"", ""ip-172-31-1-171"": ""healthy"", ""ip-172-31-10-12"": ""healthy"", ""ip-172-31-11-132"": ""healthy"", ""ip-172-31-13-134"": ""healthy"", ""ip-172-31-14-68"": ""healthy"", ""ip-172-31-40-239"": ""healthy""}",unsubscribe,125.6,0.9929,0,0,"{""ip-172-31-1-171"": {""pose"": 1, ""object"": 1}, ""ip-172-31-14-68"": {""gesture"": 1, ""pose"": 1}, ""ip-172-31-11-132"": {""gesture"": 1, ""object"": 1, ""pose"": 1}, ""ip-172-31-0-204"": {""pose"": 1, ""object"": 1}, ""ip-172-31-10-12"": {""pose"": 1, ""object"": 1, ""gesture"": 1}, ""ip-172-31-13-134"": {""object"": 1, ""pose"": 1, ""gesture"": 1}, ""ip-172-31-40-239"": {""gesture"": 1, ""pose"": 1}}","{""a2"": {""services"": [""pose"", ""gesture""], ""fps"": {""pose"": 30, ""gesture"": 30}, ""eff_fps"": {""pose"": 30, ""gesture"": 30}, ""latency_ms"": {""pose"": 0, ""gesture"": 0}, ""svclat_ms"": {""pose"": 20.6, ""gesture"": 17.66}}, ""a3"": {""services"": [""pose"", ""gesture""], ""fps"": {""pose"": 30, ""gesture"": 30}, ""eff_fps"": {""pose"": 30, ""gesture"": 30}, ""latency_ms"": {""pose"": 0, ""gesture"": 0}, ""svclat_ms"": {""pose"": 24.06, ""gesture"": 17.66}}, ""a4"": {""services"": [""pose"", ""gesture""], ""fps"": {""pose"": 30, ""gesture"": 30}, ""eff_fps"": {""pose"": 30, ""gesture"": 30}, ""latency_ms"": {""pose"": 0, ""gesture"": 0}, ""svclat_ms"": {""pose"": 23.15, ""gesture"": 22.97}}, ""a5"": {""services"": [""pose"", ""gesture""], ""fps"": {""pose"": 29, ""gesture"": 30}, ""eff_fps"": {""pose"": 29, ""gesture"": 30}, ""latency_ms"": {""pose"": 0, ""gesture"": 0}, ""svclat_ms"": {""pose"": 23.09, ""gesture"": 19.66}}, ""a6"": {""services"": [""pose"", ""gesture""], ""fps"": {""pose"": 29, ""gesture"": 30}, ""eff_fps"": {""pose"": 29, ""gesture"": 30}, ""latency_ms"": {""pose"": 0, ""gesture"": 0}, ""svclat_ms"": {""pose"": 25.08, ""gesture"": 15.87}}, ""a7"": {""services"": [""pose"", ""gesture""], ""fps"": {""pose"": 29, ""gesture"": 30}, ""eff_fps"": {""pose"": 29, ""gesture"": 30}, ""latency_ms"": {""pose"": 0, ""gesture"": 0}, ""svclat_ms"": {""pose"": 25.01, ""gesture"": 17.15}}, ""a8"": {""services"": [""pose"", ""gesture""], ""fps"": {""pose"": 30, ""gesture"": 30}, ""eff_fps"": {""pose"": 30, ""gesture"": 30}, ""latency_ms"": {""pose"": 0, ""gesture"": 0}, ""svclat_ms"": {""pose"": 21.44, ""gesture"": 18.41}}, ""a9"": {""services"": [""pose"", ""gesture""], ""fps"": {""pose"": 30, ""gesture"": 30}, ""eff_fps"": {""pose"": 30, ""gesture"": 30}, ""latency_ms"": {""pose"": 0, ""gesture"": 0}, ""svclat_ms"": {""pose"": 19.78, ""gesture"": 18.07}}, ""a10"": {""services"": [""pose"", ""gesture""], ""fps"": {""pose"": 30, ""gesture"": 30}, ""eff_fps"": {""pose"": 30, ""gesture"": 30}, ""latency_ms"": {""pose"": 0, ""gesture"": 0}, ""svclat_ms"": {""pose"": 25.43, ""gesture"": 18.4}}, ""a11"": {""services"": [""pose"", ""gesture""], ""fps"": {""pose"": 30, ""gesture"": 30}, ""eff_fps"": {""pose"": 30, ""gesture"": 30}, ""latency_ms"": {""pose"": 0, ""gesture"": 0}, ""svclat_ms"": {""pose"": 22.95, ""gesture"": 16.58}}, ""a12"": {""services"": [""pose"", ""gesture""], ""fps"": {""pose"": 29, ""gesture"": 30}, ""eff_fps"": {""pose"": 29, ""gesture"": 30}, ""latency_ms"": {""pose"": 0, ""gesture"": 0}, ""svclat_ms"": {""pose"": 26.56, ""gesture"": 16.34}}, ""a13"": {""services"": [""pose"", ""gesture""], ""fps"": {""pose"": 29, ""gesture"": 30}, ""eff_fps"": {""pose"": 29, ""gesture"": 30}, ""latency_ms"": {""pose"": 0, ""gesture"": 0}, ""svclat_ms"": {""pose"": 24.38, ""gesture"": 18.76}}, ""a14"": {""services"": [""pose"", ""gesture""], ""fps"": {""pose"": 29, ""gesture"": 30}, ""eff_fps"": {""pose"": 29, ""gesture"": 30}, ""latency_ms"": {""pose"": 0, ""gesture"": 0}, ""svclat_ms"": {""pose"": 25.15, ""gesture"": 21.53}}, ""a15"": {""services"": [""pose"", ""gesture""], ""fps"": {""pose"": 30, ""gesture"": 30}, ""eff_fps"": {""pose"": 30, ""gesture"": 30}, ""latency_ms"": {""pose"": 0, ""gesture"": 0}, ""svclat_ms"": {""pose"": 27.47, ""gesture"": 18.78}}}"
88.4,14,14,1.0,0,0,11,17,12,0.706,1243.0,834,0.671,0.0,1.21,0.0,29.57,30.07,0,29.57,30.07,0,0,0,0,23.69,17.95,0,835,"{""ip-172-31-0-204"": ""healthy"", ""ip-172-31-1-171"": ""healthy"", ""ip-172-31-10-12"": ""healthy"", ""ip-172-31-11-132"": ""healthy"", ""ip-172-31-13-134"": ""healthy"", ""ip-172-31-14-68"": ""healthy"", ""ip-172-31-40-239"": ""healthy""}",unsubscribe,125.6,0.9929,0,0,"{""ip-172-31-1-171"": {""pose"": 1, ""object"": 1}, ""ip-172-31-14-68"": {""gesture"": 1, ""pose"": 1}, ""ip-172-31-11-132"": {""gesture"": 1, ""object"": 1, ""pose"": 1}, ""ip-172-31-0-204"": {""pose"": 1, ""object"": 1}, ""ip-172-31-10-12"": {""pose"": 1, ""object"": 1, ""gesture"": 1}, ""ip-172-31-13-134"": {""object"": 1, ""pose"": 1, ""gesture"": 1}, ""ip-172-31-40-239"": {""gesture"": 1, ""pose"": 1}}","{""a2"": {""services"": [""pose"", ""gesture""], ""fps"": {""pose"": 30, ""gesture"": 30}, ""eff_fps"": {""pose"": 30, ""gesture"": 30}, ""latency_ms"": {""pose"": 0, ""gesture"": 0}, ""svclat_ms"": {""pose"": 20.43, ""gesture"": 17.42}}, ""a3"": {""services"": [""pose"", ""gesture""], ""fps"": {""pose"": 30, ""gesture"": 30}, ""eff_fps"": {""pose"": 30, ""gesture"": 30}, ""latency_ms"": {""pose"": 0, ""gesture"": 0}, ""svclat_ms"": {""pose"": 23.83, ""gesture"": 17.11}}, ""a4"": {""services"": [""pose"", ""gesture""], ""fps"": {""pose"": 30, ""gesture"": 30}, ""eff_fps"": {""pose"": 30, ""gesture"": 30}, ""latency_ms"": {""pose"": 0, ""gesture"": 0}, ""svclat_ms"": {""pose"": 23.75, ""gesture"": 21.8}}, ""a5"": {""services"": [""pose"", ""gesture""], ""fps"": {""pose"": 29, ""gesture"": 30}, ""eff_fps"": {""pose"": 29, ""gesture"": 30}, ""latency_ms"": {""pose"": 0, ""gesture"": 0}, ""svclat_ms"": {""pose"": 23.54, ""gesture"": 19.91}}, ""a6"": {""services"": [""pose"", ""gesture""], ""fps"": {""pose"": 29, ""gesture"": 30}, ""eff_fps"": {""pose"": 29, ""gesture"": 30}, ""latency_ms"": {""pose"": 0, ""gesture"": 0}, ""svclat_ms"": {""pose"": 23.97, ""gesture"": 15.43}}, ""a7"": {""services"": [""pose"", ""gesture""], ""fps"": {""pose"": 29, ""gesture"": 31}, ""eff_fps"": {""pose"": 29, ""gesture"": 31}, ""latency_ms"": {""pose"": 0, ""gesture"": 0}, ""svclat_ms"": {""pose"": 25.13, ""gesture"": 17.8}}, ""a8"": {""services"": [""pose"", ""gesture""], ""fps"": {""pose"": 30, ""gesture"": 30}, ""eff_fps"": {""pose"": 30, ""gesture"": 30}, ""latency_ms"": {""pose"": 0, ""gesture"": 0}, ""svclat_ms"": {""pose"": 21.59, ""gesture"": 17.02}}, ""a9"": {""services"": [""pose"", ""gesture""], ""fps"": {""pose"": 30, ""gesture"": 30}, ""eff_fps"": {""pose"": 30, ""gesture"": 30}, ""latency_ms"": {""pose"": 0, ""gesture"": 0}, ""svclat_ms"": {""pose"": 20.17, ""gesture"": 17.56}}, ""a10"": {""services"": [""pose"", ""gesture""], ""fps"": {""pose"": 30, ""gesture"": 30}, ""eff_fps"": {""pose"": 30, ""gesture"": 30}, ""latency_ms"": {""pose"": 0, ""gesture"": 0}, ""svclat_ms"": {""pose"": 24.97, ""gesture"": 17.98}}, ""a11"": {""services"": [""pose"", ""gesture""], ""fps"": {""pose"": 30, ""gesture"": 30}, ""eff_fps"": {""pose"": 30, ""gesture"": 30}, ""latency_ms"": {""pose"": 0, ""gesture"": 0}, ""svclat_ms"": {""pose"": 22.3, ""gesture"": 15.99}}, ""a12"": {""services"": [""pose"", ""gesture""], ""fps"": {""pose"": 29, ""gesture"": 30}, ""eff_fps"": {""pose"": 29, ""gesture"": 30}, ""latency_ms"": {""pose"": 0, ""gesture"": 0}, ""svclat_ms"": {""pose"": 25.91, ""gesture"": 16.45}}, ""a13"": {""services"": [""pose"", ""gesture""], ""fps"": {""pose"": 29, ""gesture"": 30}, ""eff_fps"": {""pose"": 29, ""gesture"": 30}, ""latency_ms"": {""pose"": 0, ""gesture"": 0}, ""svclat_ms"": {""pose"": 23.67, ""gesture"": 18.04}}, ""a14"": {""services"": [""pose"", ""gesture""], ""fps"": {""pose"": 29, ""gesture"": 30}, ""eff_fps"": {""pose"": 29, ""gesture"": 30}, ""latency_ms"": {""pose"": 0, ""gesture"": 0}, ""svclat_ms"": {""pose"": 24.94, ""gesture"": 20.09}}, ""a15"": {""services"": [""pose"", ""gesture""], ""fps"": {""pose"": 30, ""gesture"": 30}, ""eff_fps"": {""pose"": 30, ""gesture"": 30}, ""latency_ms"": {""pose"": 0, ""gesture"": 0}, ""svclat_ms"": {""pose"": 27.52, ""gesture"": 18.76}}}"
90.8,14,14,1.0,0,0,11,17,12,0.706,1243.0,834,0.671,0.0,1.21,0.0,29.57,30.0,0,29.57,30.0,0,0,0,0,23.8,18.39,0,834,"{""ip-172-31-0-204"": ""healthy"", ""ip-172-31-1-171"": ""healthy"", ""ip-172-31-10-12"": ""healthy"", ""ip-172-31-11-132"": ""healthy"", ""ip-172-31-13-134"": ""healthy"", ""ip-172-31-14-68"": ""healthy"", ""ip-172-31-40-239"": ""healthy""}",unsubscribe,125.6,0.9929,0,0,"{""ip-172-31-1-171"": {""pose"": 1, ""object"": 1}, ""ip-172-31-14-68"": {""gesture"": 1, ""pose"": 1}, ""ip-172-31-11-132"": {""gesture"": 1, ""object"": 1, ""pose"": 1}, ""ip-172-31-0-204"": {""pose"": 1, ""object"": 1}, ""ip-172-31-10-12"": {""pose"": 1, ""object"": 1, ""gesture"": 1}, ""ip-172-31-13-134"": {""object"": 1, ""pose"": 1, ""gesture"": 1}, ""ip-172-31-40-239"": {""gesture"": 1, ""pose"": 1}}","{""a2"": {""services"": [""pose"", ""gesture""], ""fps"": {""pose"": 30, ""gesture"": 30}, ""eff_fps"": {""pose"": 30, ""gesture"": 30}, ""latency_ms"": {""pose"": 0, ""gesture"": 0}, ""svclat_ms"": {""pose"": 20.56, ""gesture"": 17.67}}, ""a3"": {""services"": [""pose"", ""gesture""], ""fps"": {""pose"": 30, ""gesture"": 30}, ""eff_fps"": {""pose"": 30, ""gesture"": 30}, ""latency_ms"": {""pose"": 0, ""gesture"": 0}, ""svclat_ms"": {""pose"": 24.02, ""gesture"": 17.12}}, ""a4"": {""services"": [""pose"", ""gesture""], ""fps"": {""pose"": 30, ""gesture"": 30}, ""eff_fps"": {""pose"": 30, ""gesture"": 30}, ""latency_ms"": {""pose"": 0, ""gesture"": 0}, ""svclat_ms"": {""pose"": 23.95, ""gesture"": 22.49}}, ""a5"": {""services"": [""pose"", ""gesture""], ""fps"": {""pose"": 29, ""gesture"": 30}, ""eff_fps"": {""pose"": 29, ""gesture"": 30}, ""latency_ms"": {""pose"": 0, ""gesture"": 0}, ""svclat_ms"": {""pose"": 22.55, ""gesture"": 19.47}}, ""a6"": {""services"": [""pose"", ""gesture""], ""fps"": {""pose"": 29, ""gesture"": 30}, ""eff_fps"": {""pose"": 29, ""gesture"": 30}, ""latency_ms"": {""pose"": 0, ""gesture"": 0}, ""svclat_ms"": {""pose"": 25.3, ""gesture"": 15.92}}, ""a7"": {""services"": [""pose"", ""gesture""], ""fps"": {""pose"": 29, ""gesture"": 30}, ""eff_fps"": {""pose"": 29, ""gesture"": 30}, ""latency_ms"": {""pose"": 0, ""gesture"": 0}, ""svclat_ms"": {""pose"": 24.94, ""gesture"": 18.42}}, ""a8"": {""services"": [""pose"", ""gesture""], ""fps"": {""pose"": 30, ""gesture"": 30}, ""eff_fps"": {""pose"": 30, ""gesture"": 30}, ""latency_ms"": {""pose"": 0, ""gesture"": 0}, ""svclat_ms"": {""pose"": 21.33, ""gesture"": 17.11}}, ""a9"": {""services"": [""pose"", ""gesture""], ""fps"": {""pose"": 30, ""gesture"": 30}, ""eff_fps"": {""pose"": 30, ""gesture"": 30}, ""latency_ms"": {""pose"": 0, ""gesture"": 0}, ""svclat_ms"": {""pose"": 20.19, ""gesture"": 18.25}}, ""a10"": {""services"": [""pose"", ""gesture""], ""fps"": {""pose"": 30, ""gesture"": 30}, ""eff_fps"": {""pose"": 30, ""gesture"": 30}, ""latency_ms"": {""pose"": 0, ""gesture"": 0}, ""svclat_ms"": {""pose"": 25.4, ""gesture"": 18.37}}, ""a11"": {""services"": [""pose"", ""gesture""], ""fps"": {""pose"": 30, ""gesture"": 30}, ""eff_fps"": {""pose"": 30, ""gesture"": 30}, ""latency_ms"": {""pose"": 0, ""gesture"": 0}, ""svclat_ms"": {""pose"": 22.88, ""gesture"": 16.61}}, ""a12"": {""services"": [""pose"", ""gesture""], ""fps"": {""pose"": 29, ""gesture"": 30}, ""eff_fps"": {""pose"": 29, ""gesture"": 30}, ""latency_ms"": {""pose"": 0, ""gesture"": 0}, ""svclat_ms"": {""pose"": 25.57, ""gesture"": 17.03}}, ""a13"": {""services"": [""pose"", ""gesture""], ""fps"": {""pose"": 29, ""gesture"": 30}, ""eff_fps"": {""pose"": 29, ""gesture"": 30}, ""latency_ms"": {""pose"": 0, ""gesture"": 0}, ""svclat_ms"": {""pose"": 24.28, ""gesture"": 18.14}}, ""a14"": {""services"": [""pose"", ""gesture""], ""fps"": {""pose"": 29, ""gesture"": 30}, ""eff_fps"": {""pose"": 29, ""gesture"": 30}, ""latency_ms"": {""pose"": 0, ""gesture"": 0}, ""svclat_ms"": {""pose"": 25.23, ""gesture"": 22.02}}, ""a15"": {""services"": [""pose"", ""gesture""], ""fps"": {""pose"": 30, ""gesture"": 30}, ""eff_fps"": {""pose"": 30, ""gesture"": 30}, ""latency_ms"": {""pose"": 0, ""gesture"": 0}, ""svclat_ms"": {""pose"": 26.96, ""gesture"": 18.78}}}"
94.5,13,13,1.0,0,0,11,17,12,0.706,1243.0,774,0.623,0.0,1.31,0.0,29.54,30.0,0,29.54,30.0,0,0,0,0,23.31,17.81,0,774,"{""ip-172-31-0-204"": ""healthy"", ""ip-172-31-1-171"": ""healthy"", ""ip-172-31-10-12"": ""healthy"", ""ip-172-31-11-132"": ""healthy"", ""ip-172-31-13-134"": ""healthy"", ""ip-172-31-14-68"": ""healthy"", ""ip-172-31-40-239"": ""healthy""}",unsubscribe,121.3,0.9923,0,0,"{""ip-172-31-1-171"": {""pose"": 1, ""object"": 1}, ""ip-172-31-14-68"": {""gesture"": 1, ""pose"": 1}, ""ip-172-31-11-132"": {""gesture"": 1, ""object"": 1, ""pose"": 1}, ""ip-172-31-0-204"": {""pose"": 1, ""object"": 1}, ""ip-172-31-10-12"": {""pose"": 1, ""object"": 1, ""gesture"": 1}, ""ip-172-31-13-134"": {""object"": 1, ""pose"": 1, ""gesture"": 1}, ""ip-172-31-40-239"": {""gesture"": 1, ""pose"": 1}}","{""a3"": {""services"": [""pose"", ""gesture""], ""fps"": {""pose"": 30, ""gesture"": 30}, ""eff_fps"": {""pose"": 30, ""gesture"": 30}, ""latency_ms"": {""pose"": 0, ""gesture"": 0}, ""svclat_ms"": {""pose"": 23.91, ""gesture"": 17.91}}, ""a4"": {""services"": [""pose"", ""gesture""], ""fps"": {""pose"": 30, ""gesture"": 30}, ""eff_fps"": {""pose"": 30, ""gesture"": 30}, ""latency_ms"": {""pose"": 0, ""gesture"": 0}, ""svclat_ms"": {""pose"": 21.05, ""gesture"": 22.31}}, ""a5"": {""services"": [""pose"", ""gesture""], ""fps"": {""pose"": 29, ""gesture"": 30}, ""eff_fps"": {""pose"": 29, ""gesture"": 30}, ""latency_ms"": {""pose"": 0, ""gesture"": 0}, ""svclat_ms"": {""pose"": 23.05, ""gesture"": 18.85}}, ""a6"": {""services"": [""pose"", ""gesture""], ""fps"": {""pose"": 29, ""gesture"": 30}, ""eff_fps"": {""pose"": 29, ""gesture"": 30}, ""latency_ms"": {""pose"": 0, ""gesture"": 0}, ""svclat_ms"": {""pose"": 24.51, ""gesture"": 15.79}}, ""a7"": {""services"": [""pose"", ""gesture""], ""fps"": {""pose"": 29, ""gesture"": 30}, ""eff_fps"": {""pose"": 29, ""gesture"": 30}, ""latency_ms"": {""pose"": 0, ""gesture"": 0}, ""svclat_ms"": {""pose"": 23.89, ""gesture"": 14.47}}, ""a8"": {""services"": [""pose"", ""gesture""], ""fps"": {""pose"": 30, ""gesture"": 30}, ""eff_fps"": {""pose"": 30, ""gesture"": 30}, ""latency_ms"": {""pose"": 0, ""gesture"": 0}, ""svclat_ms"": {""pose"": 21.25, ""gesture"": 18.12}}, ""a9"": {""services"": [""pose"", ""gesture""], ""fps"": {""pose"": 30, ""gesture"": 30}, ""eff_fps"": {""pose"": 30, ""gesture"": 30}, ""latency_ms"": {""pose"": 0, ""gesture"": 0}, ""svclat_ms"": {""pose"": 19.14, ""gesture"": 18.48}}, ""a10"": {""services"": [""pose"", ""gesture""], ""fps"": {""pose"": 30, ""gesture"": 30}, ""eff_fps"": {""pose"": 30, ""gesture"": 30}, ""latency_ms"": {""pose"": 0, ""gesture"": 0}, ""svclat_ms"": {""pose"": 24.9, ""gesture"": 17.76}}, ""a11"": {""services"": [""pose"", ""gesture""], ""fps"": {""pose"": 30, ""gesture"": 30}, ""eff_fps"": {""pose"": 30, ""gesture"": 30}, ""latency_ms"": {""pose"": 0, ""gesture"": 0}, ""svclat_ms"": {""pose"": 21.08, ""gesture"": 15.79}}, ""a12"": {""services"": [""pose"", ""gesture""], ""fps"": {""pose"": 29, ""gesture"": 30}, ""eff_fps"": {""pose"": 29, ""gesture"": 30}, ""latency_ms"": {""pose"": 0, ""gesture"": 0}, ""svclat_ms"": {""pose"": 25.63, ""gesture"": 15.3}}, ""a13"": {""services"": [""pose"", ""gesture""], ""fps"": {""pose"": 29, ""gesture"": 30}, ""eff_fps"": {""pose"": 29, ""gesture"": 30}, ""latency_ms"": {""pose"": 0, ""gesture"": 0}, ""svclat_ms"": {""pose"": 24.44, ""gesture"": 18.06}}, ""a14"": {""services"": [""pose"", ""gesture""], ""fps"": {""pose"": 29, ""gesture"": 30}, ""eff_fps"": {""pose"": 29, ""gesture"": 30}, ""latency_ms"": {""pose"": 0, ""gesture"": 0}, ""svclat_ms"": {""pose"": 24.12, ""gesture"": 21.37}}, ""a15"": {""services"": [""pose"", ""gesture""], ""fps"": {""pose"": 30, ""gesture"": 30}, ""eff_fps"": {""pose"": 30, ""gesture"": 30}, ""latency_ms"": {""pose"": 0, ""gesture"": 0}, ""svclat_ms"": {""pose"": 26.09, ""gesture"": 17.28}}}"
98.3,13,13,1.0,0,0,11,17,12,0.706,1243.0,774,0.623,0.0,1.31,0.0,29.45,29.91,0,29.45,29.91,0,0,0,0,23.22,16.8,0,653,"{""ip-172-31-0-204"": ""healthy"", ""ip-172-31-1-171"": ""healthy"", ""ip-172-31-10-12"": ""healthy"", ""ip-172-31-11-132"": ""healthy"", ""ip-172-31-13-134"": ""healthy"", ""ip-172-31-14-68"": ""healthy"", ""ip-172-31-40-239"": ""healthy""}",unsubscribe,121.3,0.9923,0,0,"{""ip-172-31-1-171"": {""pose"": 1, ""object"": 1}, ""ip-172-31-14-68"": {""gesture"": 1, ""pose"": 1}, ""ip-172-31-11-132"": {""gesture"": 1, ""object"": 1, ""pose"": 1}, ""ip-172-31-0-204"": {""pose"": 1, ""object"": 1}, ""ip-172-31-10-12"": {""pose"": 1, ""object"": 1, ""gesture"": 1}, ""ip-172-31-13-134"": {""object"": 1, ""pose"": 1, ""gesture"": 1}, ""ip-172-31-40-239"": {""gesture"": 1, ""pose"": 1}}","{""a5"": {""services"": [""pose"", ""gesture""], ""fps"": {""pose"": 29, ""gesture"": 30}, ""eff_fps"": {""pose"": 29, ""gesture"": 30}, ""latency_ms"": {""pose"": 0, ""gesture"": 0}, ""svclat_ms"": {""pose"": 22.39, ""gesture"": 19.2}}, ""a6"": {""services"": [""pose"", ""gesture""], ""fps"": {""pose"": 29, ""gesture"": 30}, ""eff_fps"": {""pose"": 29, ""gesture"": 30}, ""latency_ms"": {""pose"": 0, ""gesture"": 0}, ""svclat_ms"": {""pose"": 23.61, ""gesture"": 15.27}}, ""a7"": {""services"": [""pose"", ""gesture""], ""fps"": {""pose"": 29, ""gesture"": 30}, ""eff_fps"": {""pose"": 29, ""gesture"": 30}, ""latency_ms"": {""pose"": 0, ""gesture"": 0}, ""svclat_ms"": {""pose"": 24.27, ""gesture"": 14.37}}, ""a8"": {""services"": [""pose"", ""gesture""], ""fps"": {""pose"": 30, ""gesture"": 30}, ""eff_fps"": {""pose"": 30, ""gesture"": 30}, ""latency_ms"": {""pose"": 0, ""gesture"": 0}, ""svclat_ms"": {""pose"": 21.52, ""gesture"": 17.72}}, ""a9"": {""services"": [""pose"", ""gesture""], ""fps"": {""pose"": 30, ""gesture"": 30}, ""eff_fps"": {""pose"": 30, ""gesture"": 30}, ""latency_ms"": {""pose"": 0, ""gesture"": 0}, ""svclat_ms"": {""pose"": 19.25, ""gesture"": 15.86}}, ""a10"": {""services"": [""pose"", ""gesture""], ""fps"": {""pose"": 30, ""gesture"": 30}, ""eff_fps"": {""pose"": 30, ""gesture"": 30}, ""latency_ms"": {""pose"": 0, ""gesture"": 0}, ""svclat_ms"": {""pose"": 24.14, ""gesture"": 18.22}}, ""a11"": {""services"": [""pose"", ""gesture""], ""fps"": {""pose"": 30, ""gesture"": 30}, ""eff_fps"": {""pose"": 30, ""gesture"": 30}, ""latency_ms"": {""pose"": 0, ""gesture"": 0}, ""svclat_ms"": {""pose"": 19.94, ""gesture"": 17.68}}, ""a12"": {""services"": [""pose"", ""gesture""], ""fps"": {""pose"": 29, ""gesture"": 29}, ""eff_fps"": {""pose"": 29, ""gesture"": 29}, ""latency_ms"": {""pose"": 0, ""gesture"": 0}, ""svclat_ms"": {""pose"": 25.12, ""gesture"": 14.57}}, ""a13"": {""services"": [""pose"", ""gesture""], ""fps"": {""pose"": 29, ""gesture"": 30}, ""eff_fps"": {""pose"": 29, ""gesture"": 30}, ""latency_ms"": {""pose"": 0, ""gesture"": 0}, ""svclat_ms"": {""pose"": 23.24, ""gesture"": 17.1}}, ""a14"": {""services"": [""pose"", ""gesture""], ""fps"": {""pose"": 29, ""gesture"": 30}, ""eff_fps"": {""pose"": 29, ""gesture"": 30}, ""latency_ms"": {""pose"": 0, ""gesture"": 0}, ""svclat_ms"": {""pose"": 25.78, ""gesture"": 16.25}}, ""a15"": {""services"": [""pose"", ""gesture""], ""fps"": {""pose"": 30, ""gesture"": 30}, ""eff_fps"": {""pose"": 30, ""gesture"": 30}, ""latency_ms"": {""pose"": 0, ""gesture"": 0}, ""svclat_ms"": {""pose"": 26.2, ""gesture"": 18.55}}}"
103.0,11,11,1.0,0,0,11,17,12,0.706,1243.0,654,0.526,0.0,1.55,0.0,29.67,30.0,0,29.67,30.0,0,0,0,0,22.21,15.67,0,537,"{""ip-172-31-0-204"": ""healthy"", ""ip-172-31-1-171"": ""healthy"", ""ip-172-31-10-12"": ""healthy"", ""ip-172-31-11-132"": ""healthy"", ""ip-172-31-13-134"": ""healthy"", ""ip-172-31-14-68"": ""healthy"", ""ip-172-31-40-239"": ""healthy""}",unsubscribe,108.5,0.9909,0,0,"{""ip-172-31-1-171"": {""pose"": 1, ""object"": 1}, ""ip-172-31-14-68"": {""gesture"": 1, ""pose"": 1}, ""ip-172-31-11-132"": {""gesture"": 1, ""object"": 1, ""pose"": 1}, ""ip-172-31-0-204"": {""pose"": 1, ""object"": 1}, ""ip-172-31-10-12"": {""pose"": 1, ""object"": 1, ""gesture"": 1}, ""ip-172-31-13-134"": {""object"": 1, ""pose"": 1, ""gesture"": 1}, ""ip-172-31-40-239"": {""gesture"": 1, ""pose"": 1}}","{""a7"": {""services"": [""pose"", ""gesture""], ""fps"": {""pose"": 29, ""gesture"": 30}, ""eff_fps"": {""pose"": 29, ""gesture"": 30}, ""latency_ms"": {""pose"": 0, ""gesture"": 0}, ""svclat_ms"": {""pose"": 22.55, ""gesture"": 14.1}}, ""a8"": {""services"": [""pose"", ""gesture""], ""fps"": {""pose"": 30, ""gesture"": 30}, ""eff_fps"": {""pose"": 30, ""gesture"": 30}, ""latency_ms"": {""pose"": 0, ""gesture"": 0}, ""svclat_ms"": {""pose"": 21.59, ""gesture"": 18.16}}, ""a9"": {""services"": [""pose"", ""gesture""], ""fps"": {""pose"": 30, ""gesture"": 30}, ""eff_fps"": {""pose"": 30, ""gesture"": 30}, ""latency_ms"": {""pose"": 0, ""gesture"": 0}, ""svclat_ms"": {""pose"": 19.26, ""gesture"": 15.19}}, ""a10"": {""services"": [""pose"", ""gesture""], ""fps"": {""pose"": 30, ""gesture"": 30}, ""eff_fps"": {""pose"": 30, ""gesture"": 30}, ""latency_ms"": {""pose"": 0, ""gesture"": 0}, ""svclat_ms"": {""pose"": 22.36, ""gesture"": 16.39}}, ""a11"": {""services"": [""pose"", ""gesture""], ""fps"": {""pose"": 30, ""gesture"": 30}, ""eff_fps"": {""pose"": 30, ""gesture"": 30}, ""latency_ms"": {""pose"": 0, ""gesture"": 0}, ""svclat_ms"": {""pose"": 20.33, ""gesture"": 15.74}}, ""a12"": {""services"": [""pose"", ""gesture""], ""fps"": {""pose"": 30, ""gesture"": 30}, ""eff_fps"": {""pose"": 30, ""gesture"": 30}, ""latency_ms"": {""pose"": 0, ""gesture"": 0}, ""svclat_ms"": {""pose"": 22.21, ""gesture"": 14.48}}, ""a13"": {""services"": [""pose"", ""gesture""], ""fps"": {""pose"": 29, ""gesture"": 30}, ""eff_fps"": {""pose"": 29, ""gesture"": 30}, ""latency_ms"": {""pose"": 0, ""gesture"": 0}, ""svclat_ms"": {""pose"": 22.32, ""gesture"": 16.24}}, ""a14"": {""services"": [""pose"", ""gesture""], ""fps"": {""pose"": 29, ""gesture"": 30}, ""eff_fps"": {""pose"": 29, ""gesture"": 30}, ""latency_ms"": {""pose"": 0, ""gesture"": 0}, ""svclat_ms"": {""pose"": 22.82, ""gesture"": 15.47}}, ""a15"": {""services"": [""pose"", ""gesture""], ""fps"": {""pose"": 30, ""gesture"": 30}, ""eff_fps"": {""pose"": 30, ""gesture"": 30}, ""latency_ms"": {""pose"": 0, ""gesture"": 0}, ""svclat_ms"": {""pose"": 26.42, ""gesture"": 15.25}}}"
106.6,9,9,1.0,0,0,11,17,12,0.706,1243.0,538,0.433,0.0,1.89,0.0,29.78,30.0,0,29.78,30.0,0,0,0,0,22.26,15.67,0,538,"{""ip-172-31-0-204"": ""healthy"", ""ip-172-31-1-171"": ""healthy"", ""ip-172-31-10-12"": ""healthy"", ""ip-172-31-11-132"": ""healthy"", ""ip-172-31-13-134"": ""healthy"", ""ip-172-31-14-68"": ""healthy"", ""ip-172-31-40-239"": ""healthy""}",unsubscribe,101.5,0.9963,0,0,"{""ip-172-31-1-171"": {""pose"": 1, ""object"": 1}, ""ip-172-31-14-68"": {""gesture"": 1, ""pose"": 1}, ""ip-172-31-11-132"": {""gesture"": 1, ""object"": 1, ""pose"": 1}, ""ip-172-31-0-204"": {""pose"": 1, ""object"": 1}, ""ip-172-31-10-12"": {""pose"": 1, ""object"": 1, ""gesture"": 1}, ""ip-172-31-13-134"": {""object"": 1, ""pose"": 1, ""gesture"": 1}, ""ip-172-31-40-239"": {""gesture"": 1, ""pose"": 1}}","{""a7"": {""services"": [""pose"", ""gesture""], ""fps"": {""pose"": 29, ""gesture"": 30}, ""eff_fps"": {""pose"": 29, ""gesture"": 30}, ""latency_ms"": {""pose"": 0, ""gesture"": 0}, ""svclat_ms"": {""pose"": 23.1, ""gesture"": 14.18}}, ""a8"": {""services"": [""pose"", ""gesture""], ""fps"": {""pose"": 30, ""gesture"": 30}, ""eff_fps"": {""pose"": 30, ""gesture"": 30}, ""latency_ms"": {""pose"": 0, ""gesture"": 0}, ""svclat_ms"": {""pose"": 21.67, ""gesture"": 17.19}}, ""a9"": {""services"": [""pose"", ""gesture""], ""fps"": {""pose"": 30, ""gesture"": 30}, ""eff_fps"": {""pose"": 30, ""gesture"": 30}, ""latency_ms"": {""pose"": 0, ""gesture"": 0}, ""svclat_ms"": {""pose"": 19.21, ""gesture"": 14.86}}, ""a10"": {""services"": [""pose"", ""gesture""], ""fps"": {""pose"": 30, ""gesture"": 30}, ""eff_fps"": {""pose"": 30, ""gesture"": 30}, ""latency_ms"": {""pose"": 0, ""gesture"": 0}, ""svclat_ms"": {""pose"": 20.72, ""gesture"": 16.3}}, ""a11"": {""services"": [""pose"", ""gesture""], ""fps"": {""pose"": 30, ""gesture"": 30}, ""eff_fps"": {""pose"": 30, ""gesture"": 30}, ""latency_ms"": {""pose"": 0, ""gesture"": 0}, ""svclat_ms"": {""pose"": 19.93, ""gesture"": 15.0}}, ""a12"": {""services"": [""pose"", ""gesture""], ""fps"": {""pose"": 30, ""gesture"": 30}, ""eff_fps"": {""pose"": 30, ""gesture"": 30}, ""latency_ms"": {""pose"": 0, ""gesture"": 0}, ""svclat_ms"": {""pose"": 23.45, ""gesture"": 14.48}}, ""a13"": {""services"": [""pose"", ""gesture""], ""fps"": {""pose"": 30, ""gesture"": 30}, ""eff_fps"": {""pose"": 30, ""gesture"": 30}, ""latency_ms"": {""pose"": 0, ""gesture"": 0}, ""svclat_ms"": {""pose"": 22.2, ""gesture"": 16.15}}, ""a14"": {""services"": [""pose"", ""gesture""], ""fps"": {""pose"": 29, ""gesture"": 30}, ""eff_fps"": {""pose"": 29, ""gesture"": 30}, ""latency_ms"": {""pose"": 0, ""gesture"": 0}, ""svclat_ms"": {""pose"": 23.51, ""gesture"": 17.24}}, ""a15"": {""services"": [""pose"", ""gesture""], ""fps"": {""pose"": 30, ""gesture"": 30}, ""eff_fps"": {""pose"": 30, ""gesture"": 30}, ""latency_ms"": {""pose"": 0, ""gesture"": 0}, ""svclat_ms"": {""pose"": 26.51, ""gesture"": 15.63}}}"
110.4,9,9,1.0,0,0,11,17,12,0.706,1243.0,538,0.433,0.0,1.89,0.0,30.0,30.0,0,30.0,30.0,0,0,0,0,21.59,15.47,0,480,"{""ip-172-31-0-204"": ""healthy"", ""ip-172-31-1-171"": ""healthy"", ""ip-172-31-10-12"": ""healthy"", ""ip-172-31-11-132"": ""healthy"", ""ip-172-31-13-134"": ""healthy"", ""ip-172-31-14-68"": ""healthy"", ""ip-172-31-40-239"": ""healthy""}",unsubscribe,101.5,0.9963,0,0,"{""ip-172-31-1-171"": {""pose"": 1, ""object"": 1}, ""ip-172-31-14-68"": {""gesture"": 1, ""pose"": 1}, ""ip-172-31-11-132"": {""gesture"": 1, ""object"": 1, ""pose"": 1}, ""ip-172-31-0-204"": {""pose"": 1, ""object"": 1}, ""ip-172-31-10-12"": {""pose"": 1, ""object"": 1, ""gesture"": 1}, ""ip-172-31-13-134"": {""object"": 1, ""pose"": 1, ""gesture"": 1}, ""ip-172-31-40-239"": {""gesture"": 1, ""pose"": 1}}","{""a8"": {""services"": [""pose"", ""gesture""], ""fps"": {""pose"": 30, ""gesture"": 30}, ""eff_fps"": {""pose"": 30, ""gesture"": 30}, ""latency_ms"": {""pose"": 0, ""gesture"": 0}, ""svclat_ms"": {""pose"": 21.59, ""gesture"": 15.78}}, ""a9"": {""services"": [""pose"", ""gesture""], ""fps"": {""pose"": 30, ""gesture"": 30}, ""eff_fps"": {""pose"": 30, ""gesture"": 30}, ""latency_ms"": {""pose"": 0, ""gesture"": 0}, ""svclat_ms"": {""pose"": 19.05, ""gesture"": 14.86}}, ""a10"": {""services"": [""pose"", ""gesture""], ""fps"": {""pose"": 30, ""gesture"": 30}, ""eff_fps"": {""pose"": 30, ""gesture"": 30}, ""latency_ms"": {""pose"": 0, ""gesture"": 0}, ""svclat_ms"": {""pose"": 20.7, ""gesture"": 15.8}}, ""a11"": {""services"": [""pose"", ""gesture""], ""fps"": {""pose"": 30, ""gesture"": 30}, ""eff_fps"": {""pose"": 30, ""gesture"": 30}, ""latency_ms"": {""pose"": 0, ""gesture"": 0}, ""svclat_ms"": {""pose"": 19.91, ""gesture"": 14.81}}, ""a12"": {""services"": [""pose"", ""gesture""], ""fps"": {""pose"": 30, ""gesture"": 30}, ""eff_fps"": {""pose"": 30, ""gesture"": 30}, ""latency_ms"": {""pose"": 0, ""gesture"": 0}, ""svclat_ms"": {""pose"": 20.87, ""gesture"": 14.72}}, ""a13"": {""services"": [""pose"", ""gesture""], ""fps"": {""pose"": 30, ""gesture"": 30}, ""eff_fps"": {""pose"": 30, ""gesture"": 30}, ""latency_ms"": {""pose"": 0, ""gesture"": 0}, ""svclat_ms"": {""pose"": 21.86, ""gesture"": 16.21}}, ""a14"": {""services"": [""pose"", ""gesture""], ""fps"": {""pose"": 30, ""gesture"": 30}, ""eff_fps"": {""pose"": 30, ""gesture"": 30}, ""latency_ms"": {""pose"": 0, ""gesture"": 0}, ""svclat_ms"": {""pose"": 22.4, ""gesture"": 16.29}}, ""a15"": {""services"": [""pose"", ""gesture""], ""fps"": {""pose"": 30, ""gesture"": 30}, ""eff_fps"": {""pose"": 30, ""gesture"": 30}, ""latency_ms"": {""pose"": 0, ""gesture"": 0}, ""svclat_ms"": {""pose"": 26.34, ""gesture"": 15.29}}}"
112.8,8,8,1.0,0,0,11,17,12,0.706,1243.0,480,0.386,0.0,2.12,0.0,29.86,30.0,0,29.86,30.0,0,0,0,0,21.79,15.26,0,419,"{""ip-172-31-0-204"": ""healthy"", ""ip-172-31-1-171"": ""healthy"", ""ip-172-31-10-12"": ""healthy"", ""ip-172-31-11-132"": ""healthy"", ""ip-172-31-13-134"": ""healthy"", ""ip-172-31-14-68"": ""healthy"", ""ip-172-31-40-239"": ""healthy""}",unsubscribe,98.1,1.0,0,0,"{""ip-172-31-1-171"": {""pose"": 1, ""object"": 1}, ""ip-172-31-14-68"": {""gesture"": 1, ""pose"": 1}, ""ip-172-31-11-132"": {""gesture"": 1, ""object"": 1, ""pose"": 1}, ""ip-172-31-0-204"": {""pose"": 1, ""object"": 1}, ""ip-172-31-10-12"": {""pose"": 1, ""object"": 1, ""gesture"": 1}, ""ip-172-31-13-134"": {""object"": 1, ""pose"": 1, ""gesture"": 1}, ""ip-172-31-40-239"": {""gesture"": 1, ""pose"": 1}}","{""a9"": {""services"": [""pose"", ""gesture""], ""fps"": {""pose"": 30, ""gesture"": 30}, ""eff_fps"": {""pose"": 30, ""gesture"": 30}, ""latency_ms"": {""pose"": 0, ""gesture"": 0}, ""svclat_ms"": {""pose"": 19.31, ""gesture"": 14.88}}, ""a10"": {""services"": [""pose"", ""gesture""], ""fps"": {""pose"": 30, ""gesture"": 30}, ""eff_fps"": {""pose"": 30, ""gesture"": 30}, ""latency_ms"": {""pose"": 0, ""gesture"": 0}, ""svclat_ms"": {""pose"": 21.63, ""gesture"": 15.23}}, ""a11"": {""services"": [""pose"", ""gesture""], ""fps"": {""pose"": 30, ""gesture"": 30}, ""eff_fps"": {""pose"": 30, ""gesture"": 30}, ""latency_ms"": {""pose"": 0, ""gesture"": 0}, ""svclat_ms"": {""pose"": 20.09, ""gesture"": 15.9}}, ""a12"": {""services"": [""pose"", ""gesture""], ""fps"": {""pose"": 30, ""gesture"": 30}, ""eff_fps"": {""pose"": 30, ""gesture"": 30}, ""latency_ms"": {""pose"": 0, ""gesture"": 0}, ""svclat_ms"": {""pose"": 22.0, ""gesture"": 14.57}}, ""a13"": {""services"": [""pose"", ""gesture""], ""fps"": {""pose"": 30, ""gesture"": 30}, ""eff_fps"": {""pose"": 30, ""gesture"": 30}, ""latency_ms"": {""pose"": 0, ""gesture"": 0}, ""svclat_ms"": {""pose"": 21.0, ""gesture"": 15.75}}, ""a14"": {""services"": [""pose"", ""gesture""], ""fps"": {""pose"": 29, ""gesture"": 30}, ""eff_fps"": {""pose"": 29, ""gesture"": 30}, ""latency_ms"": {""pose"": 0, ""gesture"": 0}, ""svclat_ms"": {""pose"": 22.66, ""gesture"": 15.39}}, ""a15"": {""services"": [""pose"", ""gesture""], ""fps"": {""pose"": 30, ""gesture"": 30}, ""eff_fps"": {""pose"": 30, ""gesture"": 30}, ""latency_ms"": {""pose"": 0, ""gesture"": 0}, ""svclat_ms"": {""pose"": 25.86, ""gesture"": 15.07}}}"
116.2,7,7,1.0,0,0,11,17,12,0.706,1243.0,420,0.338,0.0,2.43,0.0,30.0,30.0,0,30.0,30.0,0,0,0,0,20.86,15.25,0,420,"{""ip-172-31-0-204"": ""healthy"", ""ip-172-31-1-171"": ""healthy"", ""ip-172-31-10-12"": ""healthy"", ""ip-172-31-11-132"": ""healthy"", ""ip-172-31-13-134"": ""healthy"", ""ip-172-31-14-68"": ""healthy"", ""ip-172-31-40-239"": ""healthy""}",unsubscribe,89.7,1.0,0,0,"{""ip-172-31-1-171"": {""pose"": 1, ""object"": 1}, ""ip-172-31-14-68"": {""gesture"": 1, ""pose"": 1}, ""ip-172-31-11-132"": {""gesture"": 1, ""object"": 1, ""pose"": 1}, ""ip-172-31-0-204"": {""pose"": 1, ""object"": 1}, ""ip-172-31-10-12"": {""pose"": 1, ""object"": 1, ""gesture"": 1}, ""ip-172-31-13-134"": {""object"": 1, ""pose"": 1, ""gesture"": 1}, ""ip-172-31-40-239"": {""gesture"": 1, ""pose"": 1}}","{""a9"": {""services"": [""pose"", ""gesture""], ""fps"": {""pose"": 30, ""gesture"": 30}, ""eff_fps"": {""pose"": 30, ""gesture"": 30}, ""latency_ms"": {""pose"": 0, ""gesture"": 0}, ""svclat_ms"": {""pose"": 19.18, ""gesture"": 14.75}}, ""a10"": {""services"": [""pose"", ""gesture""], ""fps"": {""pose"": 30, ""gesture"": 30}, ""eff_fps"": {""pose"": 30, ""gesture"": 30}, ""latency_ms"": {""pose"": 0, ""gesture"": 0}, ""svclat_ms"": {""pose"": 21.14, ""gesture"": 15.35}}, ""a11"": {""services"": [""pose"", ""gesture""], ""fps"": {""pose"": 30, ""gesture"": 30}, ""eff_fps"": {""pose"": 30, ""gesture"": 30}, ""latency_ms"": {""pose"": 0, ""gesture"": 0}, ""svclat_ms"": {""pose"": 20.59, ""gesture"": 15.64}}, ""a12"": {""services"": [""pose"", ""gesture""], ""fps"": {""pose"": 30, ""gesture"": 30}, ""eff_fps"": {""pose"": 30, ""gesture"": 30}, ""latency_ms"": {""pose"": 0, ""gesture"": 0}, ""svclat_ms"": {""pose"": 20.96, ""gesture"": 15.06}}, ""a13"": {""services"": [""pose"", ""gesture""], ""fps"": {""pose"": 30, ""gesture"": 30}, ""eff_fps"": {""pose"": 30, ""gesture"": 30}, ""latency_ms"": {""pose"": 0, ""gesture"": 0}, ""svclat_ms"": {""pose"": 21.13, ""gesture"": 15.04}}, ""a14"": {""services"": [""pose"", ""gesture""], ""fps"": {""pose"": 30, ""gesture"": 30}, ""eff_fps"": {""pose"": 30, ""gesture"": 30}, ""latency_ms"": {""pose"": 0, ""gesture"": 0}, ""svclat_ms"": {""pose"": 22.58, ""gesture"": 15.82}}, ""a15"": {""services"": [""pose"", ""gesture""], ""fps"": {""pose"": 30, ""gesture"": 30}, ""eff_fps"": {""pose"": 30, ""gesture"": 30}, ""latency_ms"": {""pose"": 0, ""gesture"": 0}, ""svclat_ms"": {""pose"": 20.44, ""gesture"": 15.08}}}"
119.9,7,7,1.0,0,0,11,17,12,0.706,1243.0,420,0.338,0.0,2.43,0.0,30.17,30.0,0,30.17,30.0,0,0,0,0,20.75,15.28,0,361,"{""ip-172-31-0-204"": ""healthy"", ""ip-172-31-1-171"": ""healthy"", ""ip-172-31-10-12"": ""healthy"", ""ip-172-31-11-132"": ""healthy"", ""ip-172-31-13-134"": ""healthy"", ""ip-172-31-14-68"": ""healthy"", ""ip-172-31-40-239"": ""healthy""}",unsubscribe,89.7,1.0,0,0,"{""ip-172-31-1-171"": {""pose"": 1, ""object"": 1}, ""ip-172-31-14-68"": {""gesture"": 1, ""pose"": 1}, ""ip-172-31-11-132"": {""gesture"": 1, ""object"": 1, ""pose"": 1}, ""ip-172-31-0-204"": {""pose"": 1, ""object"": 1}, ""ip-172-31-10-12"": {""pose"": 1, ""object"": 1, ""gesture"": 1}, ""ip-172-31-13-134"": {""object"": 1, ""pose"": 1, ""gesture"": 1}, ""ip-172-31-40-239"": {""gesture"": 1, ""pose"": 1}}","{""a10"": {""services"": [""pose"", ""gesture""], ""fps"": {""pose"": 30, ""gesture"": 30}, ""eff_fps"": {""pose"": 30, ""gesture"": 30}, ""latency_ms"": {""pose"": 0, ""gesture"": 0}, ""svclat_ms"": {""pose"": 20.78, ""gesture"": 16.13}}, ""a11"": {""services"": [""pose"", ""gesture""], ""fps"": {""pose"": 30, ""gesture"": 30}, ""eff_fps"": {""pose"": 30, ""gesture"": 30}, ""latency_ms"": {""pose"": 0, ""gesture"": 0}, ""svclat_ms"": {""pose"": 19.8, ""gesture"": 14.95}}, ""a12"": {""services"": [""pose"", ""gesture""], ""fps"": {""pose"": 30, ""gesture"": 30}, ""eff_fps"": {""pose"": 30, ""gesture"": 30}, ""latency_ms"": {""pose"": 0, ""gesture"": 0}, ""svclat_ms"": {""pose"": 20.92, ""gesture"": 14.61}}, ""a13"": {""services"": [""pose"", ""gesture""], ""fps"": {""pose"": 30, ""gesture"": 30}, ""eff_fps"": {""pose"": 30, ""gesture"": 30}, ""latency_ms"": {""pose"": 0, ""gesture"": 0}, ""svclat_ms"": {""pose"": 20.12, ""gesture"": 14.91}}, ""a14"": {""services"": [""pose"", ""gesture""], ""fps"": {""pose"": 31, ""gesture"": 30}, ""eff_fps"": {""pose"": 31, ""gesture"": 30}, ""latency_ms"": {""pose"": 0, ""gesture"": 0}, ""svclat_ms"": {""pose"": 22.91, ""gesture"": 16.0}}, ""a15"": {""services"": [""pose"", ""gesture""], ""fps"": {""pose"": 30, ""gesture"": 30}, ""eff_fps"": {""pose"": 30, ""gesture"": 30}, ""latency_ms"": {""pose"": 0, ""gesture"": 0}, ""svclat_ms"": {""pose"": 19.97, ""gesture"": 15.07}}}"
122.3,6,6,1.0,0,0,11,17,11,0.647,1243.0,360,0.29,0.0,2.83,0.0,30.0,30.0,0,30.0,30.0,0,0,0,0,20.83,15.11,0,360,"{""ip-172-31-0-204"": ""healthy"", ""ip-172-31-1-171"": ""healthy"", ""ip-172-31-10-12"": ""healthy"", ""ip-172-31-11-132"": ""healthy"", ""ip-172-31-13-134"": ""healthy"", ""ip-172-31-14-68"": ""healthy"", ""ip-172-31-40-239"": ""healthy""}",unsubscribe,86.6,1.0,0,0,"{""ip-172-31-1-171"": {""pose"": 1, ""object"": 1}, ""ip-172-31-14-68"": {""gesture"": 1, ""pose"": 1}, ""ip-172-31-11-132"": {""gesture"": 1, ""object"": 1, ""pose"": 1}, ""ip-172-31-0-204"": {""pose"": 1, ""object"": 1}, ""ip-172-31-10-12"": {""pose"": 1, ""object"": 1, ""gesture"": 1}, ""ip-172-31-13-134"": {""object"": 1, ""pose"": 1, ""gesture"": 1}, ""ip-172-31-40-239"": {""gesture"": 1, ""pose"": 1}}","{""a10"": {""services"": [""pose"", ""gesture""], ""fps"": {""pose"": 30, ""gesture"": 30}, ""eff_fps"": {""pose"": 30, ""gesture"": 30}, ""latency_ms"": {""pose"": 0, ""gesture"": 0}, ""svclat_ms"": {""pose"": 20.76, ""gesture"": 15.35}}, ""a11"": {""services"": [""pose"", ""gesture""], ""fps"": {""pose"": 30, ""gesture"": 30}, ""eff_fps"": {""pose"": 30, ""gesture"": 30}, ""latency_ms"": {""pose"": 0, ""gesture"": 0}, ""svclat_ms"": {""pose"": 20.32, ""gesture"": 14.82}}, ""a12"": {""services"": [""pose"", ""gesture""], ""fps"": {""pose"": 30, ""gesture"": 30}, ""eff_fps"": {""pose"": 30, ""gesture"": 30}, ""latency_ms"": {""pose"": 0, ""gesture"": 0}, ""svclat_ms"": {""pose"": 21.11, ""gesture"": 14.69}}, ""a13"": {""services"": [""pose"", ""gesture""], ""fps"": {""pose"": 30, ""gesture"": 30}, ""eff_fps"": {""pose"": 30, ""gesture"": 30}, ""latency_ms"": {""pose"": 0, ""gesture"": 0}, ""svclat_ms"": {""pose"": 20.51, ""gesture"": 14.89}}, ""a14"": {""services"": [""pose"", ""gesture""], ""fps"": {""pose"": 30, ""gesture"": 30}, ""eff_fps"": {""pose"": 30, ""gesture"": 30}, ""latency_ms"": {""pose"": 0, ""gesture"": 0}, ""svclat_ms"": {""pose"": 22.58, ""gesture"": 15.77}}, ""a15"": {""services"": [""pose"", ""gesture""], ""fps"": {""pose"": 30, ""gesture"": 30}, ""eff_fps"": {""pose"": 30, ""gesture"": 30}, ""latency_ms"": {""pose"": 0, ""gesture"": 0}, ""svclat_ms"": {""pose"": 19.72, ""gesture"": 15.13}}}"
126.2,5,5,1.0,0,0,11,17,10,0.588,1243.0,300,0.241,0.0,3.4,0.0,30.0,30.2,0,30.0,30.2,0,0,0,0,20.79,15.19,0,301,"{""ip-172-31-0-204"": ""healthy"", ""ip-172-31-1-171"": ""healthy"", ""ip-172-31-10-12"": ""healthy"", ""ip-172-31-11-132"": ""healthy"", ""ip-172-31-13-134"": ""healthy"", ""ip-172-31-14-68"": ""healthy"", ""ip-172-31-40-239"": ""healthy""}",unsubscribe,80.4,1.0,0,0,"{""ip-172-31-1-171"": {""pose"": 1, ""object"": 1}, ""ip-172-31-14-68"": {""gesture"": 1, ""pose"": 1}, ""ip-172-31-11-132"": {""gesture"": 1, ""object"": 1, ""pose"": 1}, ""ip-172-31-0-204"": {""pose"": 1, ""object"": 1}, ""ip-172-31-10-12"": {""pose"": 1, ""object"": 1, ""gesture"": 1}, ""ip-172-31-13-134"": {""object"": 1, ""pose"": 1, ""gesture"": 1}, ""ip-172-31-40-239"": {""gesture"": 1, ""pose"": 1}}","{""a11"": {""services"": [""pose"", ""gesture""], ""fps"": {""pose"": 30, ""gesture"": 30}, ""eff_fps"": {""pose"": 30, ""gesture"": 30}, ""latency_ms"": {""pose"": 0, ""gesture"": 0}, ""svclat_ms"": {""pose"": 21.15, ""gesture"": 14.49}}, ""a12"": {""services"": [""pose"", ""gesture""], ""fps"": {""pose"": 30, ""gesture"": 31}, ""eff_fps"": {""pose"": 30, ""gesture"": 31}, ""latency_ms"": {""pose"": 0, ""gesture"": 0}, ""svclat_ms"": {""pose"": 21.09, ""gesture"": 15.75}}, ""a13"": {""services"": [""pose"", ""gesture""], ""fps"": {""pose"": 30, ""gesture"": 30}, ""eff_fps"": {""pose"": 30, ""gesture"": 30}, ""latency_ms"": {""pose"": 0, ""gesture"": 0}, ""svclat_ms"": {""pose"": 20.44, ""gesture"": 14.89}}, ""a14"": {""services"": [""pose"", ""gesture""], ""fps"": {""pose"": 30, ""gesture"": 30}, ""eff_fps"": {""pose"": 30, ""gesture"": 30}, ""latency_ms"": {""pose"": 0, ""gesture"": 0}, ""svclat_ms"": {""pose"": 21.27, ""gesture"": 15.85}}, ""a15"": {""services"": [""pose"", ""gesture""], ""fps"": {""pose"": 30, ""gesture"": 30}, ""eff_fps"": {""pose"": 30, ""gesture"": 30}, ""latency_ms"": {""pose"": 0, ""gesture"": 0}, ""svclat_ms"": {""pose"": 19.99, ""gesture"": 14.96}}}"
128.7,5,5,1.0,0,0,11,17,10,0.588,1243.0,300,0.241,0.0,3.4,0.0,30.0,30.0,0,30.0,30.0,0,0,0,0,20.8,15.18,0,300,"{""ip-172-31-0-204"": ""healthy"", ""ip-172-31-1-171"": ""healthy"", ""ip-172-31-10-12"": ""healthy"", ""ip-172-31-11-132"": ""healthy"", ""ip-172-31-13-134"": ""healthy"", ""ip-172-31-14-68"": ""healthy"", ""ip-172-31-40-239"": ""healthy""}",unsubscribe,80.4,1.0,0,0,"{""ip-172-31-1-171"": {""pose"": 1, ""object"": 1}, ""ip-172-31-14-68"": {""gesture"": 1, ""pose"": 1}, ""ip-172-31-11-132"": {""gesture"": 1, ""object"": 1, ""pose"": 1}, ""ip-172-31-0-204"": {""pose"": 1, ""object"": 1}, ""ip-172-31-10-12"": {""pose"": 1, ""object"": 1, ""gesture"": 1}, ""ip-172-31-13-134"": {""object"": 1, ""pose"": 1, ""gesture"": 1}, ""ip-172-31-40-239"": {""gesture"": 1, ""pose"": 1}}","{""a11"": {""services"": [""pose"", ""gesture""], ""fps"": {""pose"": 30, ""gesture"": 30}, ""eff_fps"": {""pose"": 30, ""gesture"": 30}, ""latency_ms"": {""pose"": 0, ""gesture"": 0}, ""svclat_ms"": {""pose"": 20.53, ""gesture"": 14.13}}, ""a12"": {""services"": [""pose"", ""gesture""], ""fps"": {""pose"": 30, ""gesture"": 30}, ""eff_fps"": {""pose"": 30, ""gesture"": 30}, ""latency_ms"": {""pose"": 0, ""gesture"": 0}, ""svclat_ms"": {""pose"": 20.95, ""gesture"": 14.91}}, ""a13"": {""services"": [""pose"", ""gesture""], ""fps"": {""pose"": 30, ""gesture"": 30}, ""eff_fps"": {""pose"": 30, ""gesture"": 30}, ""latency_ms"": {""pose"": 0, ""gesture"": 0}, ""svclat_ms"": {""pose"": 20.4, ""gesture"": 15.1}}, ""a14"": {""services"": [""pose"", ""gesture""], ""fps"": {""pose"": 30, ""gesture"": 30}, ""eff_fps"": {""pose"": 30, ""gesture"": 30}, ""latency_ms"": {""pose"": 0, ""gesture"": 0}, ""svclat_ms"": {""pose"": 22.02, ""gesture"": 15.99}}, ""a15"": {""services"": [""pose"", ""gesture""], ""fps"": {""pose"": 30, ""gesture"": 30}, ""eff_fps"": {""pose"": 30, ""gesture"": 30}, ""latency_ms"": {""pose"": 0, ""gesture"": 0}, ""svclat_ms"": {""pose"": 20.1, ""gesture"": 15.76}}}"
131.1,5,5,1.0,0,0,11,17,10,0.588,1243.0,300,0.241,0.0,3.4,0.0,30.0,30.0,0,30.0,30.0,0,0,0,0,20.61,15.29,0,300,"{""ip-172-31-0-204"": ""healthy"", ""ip-172-31-1-171"": ""healthy"", ""ip-172-31-10-12"": ""healthy"", ""ip-172-31-11-132"": ""healthy"", ""ip-172-31-13-134"": ""healthy"", ""ip-172-31-14-68"": ""healthy"", ""ip-172-31-40-239"": ""healthy""}",unsubscribe,80.4,1.0,0,0,"{""ip-172-31-1-171"": {""pose"": 1, ""object"": 1}, ""ip-172-31-14-68"": {""gesture"": 1, ""pose"": 1}, ""ip-172-31-11-132"": {""gesture"": 1, ""object"": 1, ""pose"": 1}, ""ip-172-31-0-204"": {""pose"": 1, ""object"": 1}, ""ip-172-31-10-12"": {""pose"": 1, ""object"": 1, ""gesture"": 1}, ""ip-172-31-13-134"": {""object"": 1, ""pose"": 1, ""gesture"": 1}, ""ip-172-31-40-239"": {""gesture"": 1, ""pose"": 1}}","{""a11"": {""services"": [""pose"", ""gesture""], ""fps"": {""pose"": 30, ""gesture"": 30}, ""eff_fps"": {""pose"": 30, ""gesture"": 30}, ""latency_ms"": {""pose"": 0, ""gesture"": 0}, ""svclat_ms"": {""pose"": 20.97, ""gesture"": 14.55}}, ""a12"": {""services"": [""pose"", ""gesture""], ""fps"": {""pose"": 30, ""gesture"": 30}, ""eff_fps"": {""pose"": 30, ""gesture"": 30}, ""latency_ms"": {""pose"": 0, ""gesture"": 0}, ""svclat_ms"": {""pose"": 20.77, ""gesture"": 15.77}}, ""a13"": {""services"": [""pose"", ""gesture""], ""fps"": {""pose"": 30, ""gesture"": 30}, ""eff_fps"": {""pose"": 30, ""gesture"": 30}, ""latency_ms"": {""pose"": 0, ""gesture"": 0}, ""svclat_ms"": {""pose"": 20.28, ""gesture"": 15.13}}, ""a14"": {""services"": [""pose"", ""gesture""], ""fps"": {""pose"": 30, ""gesture"": 30}, ""eff_fps"": {""pose"": 30, ""gesture"": 30}, ""latency_ms"": {""pose"": 0, ""gesture"": 0}, ""svclat_ms"": {""pose"": 20.81, ""gesture"": 15.95}}, ""a15"": {""services"": [""pose"", ""gesture""], ""fps"": {""pose"": 30, ""gesture"": 30}, ""eff_fps"": {""pose"": 30, ""gesture"": 30}, ""latency_ms"": {""pose"": 0, ""gesture"": 0}, ""svclat_ms"": {""pose"": 20.2, ""gesture"": 15.05}}}"
133.6,5,5,1.0,0,0,11,17,10,0.588,1243.0,300,0.241,0.0,3.4,0.0,30.0,30.0,0,30.0,30.0,0,0,0,0,20.46,15.11,0,300,"{""ip-172-31-0-204"": ""healthy"", ""ip-172-31-1-171"": ""healthy"", ""ip-172-31-10-12"": ""healthy"", ""ip-172-31-11-132"": ""healthy"", ""ip-172-31-13-134"": ""healthy"", ""ip-172-31-14-68"": ""healthy"", ""ip-172-31-40-239"": ""healthy""}",unsubscribe,80.4,1.0,0,0,"{""ip-172-31-1-171"": {""pose"": 1, ""object"": 1}, ""ip-172-31-14-68"": {""gesture"": 1, ""pose"": 1}, ""ip-172-31-11-132"": {""gesture"": 1, ""object"": 1, ""pose"": 1}, ""ip-172-31-0-204"": {""pose"": 1, ""object"": 1}, ""ip-172-31-10-12"": {""pose"": 1, ""object"": 1, ""gesture"": 1}, ""ip-172-31-13-134"": {""object"": 1, ""pose"": 1, ""gesture"": 1}, ""ip-172-31-40-239"": {""gesture"": 1, ""pose"": 1}}","{""a11"": {""services"": [""pose"", ""gesture""], ""fps"": {""pose"": 30, ""gesture"": 30}, ""eff_fps"": {""pose"": 30, ""gesture"": 30}, ""latency_ms"": {""pose"": 0, ""gesture"": 0}, ""svclat_ms"": {""pose"": 20.01, ""gesture"": 14.1}}, ""a12"": {""services"": [""pose"", ""gesture""], ""fps"": {""pose"": 30, ""gesture"": 30}, ""eff_fps"": {""pose"": 30, ""gesture"": 30}, ""latency_ms"": {""pose"": 0, ""gesture"": 0}, ""svclat_ms"": {""pose"": 20.97, ""gesture"": 15.53}}, ""a13"": {""services"": [""pose"", ""gesture""], ""fps"": {""pose"": 30, ""gesture"": 30}, ""eff_fps"": {""pose"": 30, ""gesture"": 30}, ""latency_ms"": {""pose"": 0, ""gesture"": 0}, ""svclat_ms"": {""pose"": 20.34, ""gesture"": 14.94}}, ""a14"": {""services"": [""pose"", ""gesture""], ""fps"": {""pose"": 30, ""gesture"": 30}, ""eff_fps"": {""pose"": 30, ""gesture"": 30}, ""latency_ms"": {""pose"": 0, ""gesture"": 0}, ""svclat_ms"": {""pose"": 21.09, ""gesture"": 15.84}}, ""a15"": {""services"": [""pose"", ""gesture""], ""fps"": {""pose"": 30, ""gesture"": 30}, ""eff_fps"": {""pose"": 30, ""gesture"": 30}, ""latency_ms"": {""pose"": 0, ""gesture"": 0}, ""svclat_ms"": {""pose"": 19.91, ""gesture"": 15.16}}}"
136.0,5,5,1.0,0,0,11,17,10,0.588,1243.0,300,0.241,0.0,3.4,0.0,30.0,30.0,0,30.0,30.0,0,0,0,0,20.58,15.12,0,240,"{""ip-172-31-0-204"": ""healthy"", ""ip-172-31-1-171"": ""healthy"", ""ip-172-31-10-12"": ""healthy"", ""ip-172-31-11-132"": ""healthy"", ""ip-172-31-13-134"": ""healthy"", ""ip-172-31-14-68"": ""healthy"", ""ip-172-31-40-239"": ""healthy""}",unsubscribe,80.4,1.0,0,0,"{""ip-172-31-1-171"": {""pose"": 1, ""object"": 1}, ""ip-172-31-14-68"": {""gesture"": 1, ""pose"": 1}, ""ip-172-31-11-132"": {""gesture"": 1, ""object"": 1, ""pose"": 1}, ""ip-172-31-0-204"": {""pose"": 1, ""object"": 1}, ""ip-172-31-10-12"": {""pose"": 1, ""object"": 1, ""gesture"": 1}, ""ip-172-31-13-134"": {""object"": 1, ""pose"": 1, ""gesture"": 1}, ""ip-172-31-40-239"": {""gesture"": 1, ""pose"": 1}}","{""a12"": {""services"": [""pose"", ""gesture""], ""fps"": {""pose"": 30, ""gesture"": 30}, ""eff_fps"": {""pose"": 30, ""gesture"": 30}, ""latency_ms"": {""pose"": 0, ""gesture"": 0}, ""svclat_ms"": {""pose"": 20.7, ""gesture"": 14.62}}, ""a13"": {""services"": [""pose"", ""gesture""], ""fps"": {""pose"": 30, ""gesture"": 30}, ""eff_fps"": {""pose"": 30, ""gesture"": 30}, ""latency_ms"": {""pose"": 0, ""gesture"": 0}, ""svclat_ms"": {""pose"": 20.37, ""gesture"": 14.92}}, ""a14"": {""services"": [""pose"", ""gesture""], ""fps"": {""pose"": 30, ""gesture"": 30}, ""eff_fps"": {""pose"": 30, ""gesture"": 30}, ""latency_ms"": {""pose"": 0, ""gesture"": 0}, ""svclat_ms"": {""pose"": 21.21, ""gesture"": 15.6}}, ""a15"": {""services"": [""pose"", ""gesture""], ""fps"": {""pose"": 30, ""gesture"": 30}, ""eff_fps"": {""pose"": 30, ""gesture"": 30}, ""latency_ms"": {""pose"": 0, ""gesture"": 0}, ""svclat_ms"": {""pose"": 20.04, ""gesture"": 15.33}}}"
139.4,4,4,1.0,0,0,11,17,8,0.471,1243.0,240,0.193,0.0,4.25,0.0,30.0,30.0,0,30.0,30.0,0,0,0,0,21.13,15.38,0,240,"{""ip-172-31-0-204"": ""healthy"", ""ip-172-31-1-171"": ""healthy"", ""ip-172-31-10-12"": ""healthy"", ""ip-172-31-11-132"": ""healthy"", ""ip-172-31-13-134"": ""healthy"", ""ip-172-31-14-68"": ""healthy"", ""ip-172-31-40-239"": ""healthy""}",unsubscribe,80.4,1.0,0,0,"{""ip-172-31-1-171"": {""pose"": 1, ""object"": 1}, ""ip-172-31-14-68"": {""gesture"": 1, ""pose"": 1}, ""ip-172-31-11-132"": {""gesture"": 1, ""object"": 1, ""pose"": 1}, ""ip-172-31-0-204"": {""pose"": 1, ""object"": 1}, ""ip-172-31-10-12"": {""pose"": 1, ""object"": 1, ""gesture"": 1}, ""ip-172-31-13-134"": {""object"": 1, ""pose"": 1, ""gesture"": 1}, ""ip-172-31-40-239"": {""gesture"": 1, ""pose"": 1}}","{""a12"": {""services"": [""pose"", ""gesture""], ""fps"": {""pose"": 30, ""gesture"": 30}, ""eff_fps"": {""pose"": 30, ""gesture"": 30}, ""latency_ms"": {""pose"": 0, ""gesture"": 0}, ""svclat_ms"": {""pose"": 21.01, ""gesture"": 14.16}}, ""a13"": {""services"": [""pose"", ""gesture""], ""fps"": {""pose"": 30, ""gesture"": 30}, ""eff_fps"": {""pose"": 30, ""gesture"": 30}, ""latency_ms"": {""pose"": 0, ""gesture"": 0}, ""svclat_ms"": {""pose"": 21.16, ""gesture"": 15.02}}, ""a14"": {""services"": [""pose"", ""gesture""], ""fps"": {""pose"": 30, ""gesture"": 30}, ""eff_fps"": {""pose"": 30, ""gesture"": 30}, ""latency_ms"": {""pose"": 0, ""gesture"": 0}, ""svclat_ms"": {""pose"": 22.36, ""gesture"": 16.37}}, ""a15"": {""services"": [""pose"", ""gesture""], ""fps"": {""pose"": 30, ""gesture"": 30}, ""eff_fps"": {""pose"": 30, ""gesture"": 30}, ""latency_ms"": {""pose"": 0, ""gesture"": 0}, ""svclat_ms"": {""pose"": 19.98, ""gesture"": 15.97}}}"
141.8,4,4,1.0,0,0,11,17,8,0.471,1243.0,240,0.193,0.0,4.25,0.0,30.0,30.0,0,30.0,30.0,0,0,0,0,20.58,15.12,0,120,"{""ip-172-31-0-204"": ""healthy"", ""ip-172-31-1-171"": ""healthy"", ""ip-172-31-10-12"": ""healthy"", ""ip-172-31-11-132"": ""healthy"", ""ip-172-31-13-134"": ""healthy"", ""ip-172-31-14-68"": ""healthy"", ""ip-172-31-40-239"": ""healthy""}",unsubscribe,80.4,1.0,0,0,"{""ip-172-31-1-171"": {""pose"": 1, ""object"": 1}, ""ip-172-31-14-68"": {""gesture"": 1, ""pose"": 1}, ""ip-172-31-11-132"": {""gesture"": 1, ""object"": 1, ""pose"": 1}, ""ip-172-31-0-204"": {""pose"": 1, ""object"": 1}, ""ip-172-31-10-12"": {""pose"": 1, ""object"": 1, ""gesture"": 1}, ""ip-172-31-13-134"": {""object"": 1, ""pose"": 1, ""gesture"": 1}, ""ip-172-31-40-239"": {""gesture"": 1, ""pose"": 1}}","{""a14"": {""services"": [""pose"", ""gesture""], ""fps"": {""pose"": 30, ""gesture"": 30}, ""eff_fps"": {""pose"": 30, ""gesture"": 30}, ""latency_ms"": {""pose"": 0, ""gesture"": 0}, ""svclat_ms"": {""pose"": 21.29, ""gesture"": 15.35}}, ""a15"": {""services"": [""pose"", ""gesture""], ""fps"": {""pose"": 30, ""gesture"": 30}, ""eff_fps"": {""pose"": 30, ""gesture"": 30}, ""latency_ms"": {""pose"": 0, ""gesture"": 0}, ""svclat_ms"": {""pose"": 19.87, ""gesture"": 14.9}}}"
145.4,3,4,1.333,0,0,11,17,8,0.471,1243.0,240,0.193,0.0,5.67,0.0,30.0,30.0,0,30.0,30.0,0,0,0,0,19.91,14.43,0,60,"{""ip-172-31-0-204"": ""healthy"", ""ip-172-31-1-171"": ""healthy"", ""ip-172-31-10-12"": ""healthy"", ""ip-172-31-11-132"": ""healthy"", ""ip-172-31-13-134"": ""healthy"", ""ip-172-31-14-68"": ""healthy"", ""ip-172-31-40-239"": ""healthy""}",unsubscribe,80.4,1.0,0,0,"{""ip-172-31-1-171"": {""pose"": 1, ""object"": 1}, ""ip-172-31-14-68"": {""gesture"": 1, ""pose"": 1}, ""ip-172-31-11-132"": {""gesture"": 1, ""object"": 1, ""pose"": 1}, ""ip-172-31-0-204"": {""pose"": 1, ""object"": 1}, ""ip-172-31-10-12"": {""pose"": 1, ""object"": 1, ""gesture"": 1}, ""ip-172-31-13-134"": {""object"": 1, ""pose"": 1, ""gesture"": 1}, ""ip-172-31-40-239"": {""gesture"": 1, ""pose"": 1}}","{""a15"": {""services"": [""pose"", ""gesture""], ""fps"": {""pose"": 30, ""gesture"": 30}, ""eff_fps"": {""pose"": 30, ""gesture"": 30}, ""latency_ms"": {""pose"": 0, ""gesture"": 0}, ""svclat_ms"": {""pose"": 19.91, ""gesture"": 14.43}}}"
149.6,2,3,1.5,0,0,11,17,6,0.353,1243.0,180,0.145,0.0,8.5,0.0,0,0,0,0,0,0,0,0,0,0,0,0,0,"{""ip-172-31-0-204"": ""healthy"", ""ip-172-31-1-171"": ""healthy"", ""ip-172-31-10-12"": ""healthy"", ""ip-172-31-11-132"": ""healthy"", ""ip-172-31-13-134"": ""healthy"", ""ip-172-31-14-68"": ""healthy"", ""ip-172-31-40-239"": ""healthy""}",unsubscribe,69.1,1.0,0,0,"{""ip-172-31-1-171"": {""pose"": 1, ""object"": 1}, ""ip-172-31-14-68"": {""gesture"": 1, ""pose"": 1}, ""ip-172-31-11-132"": {""gesture"": 1, ""object"": 1, ""pose"": 1}, ""ip-172-31-0-204"": {""pose"": 1, ""object"": 1}, ""ip-172-31-10-12"": {""pose"": 1, ""object"": 1, ""gesture"": 1}, ""ip-172-31-13-134"": {""object"": 1, ""pose"": 1, ""gesture"": 1}, ""ip-172-31-40-239"": {""gesture"": 1, ""pose"": 1}}",{}
155.7,1,2,2.0,0,0,11,17,4,0.235,1243.0,120,0.097,0.0,17.0,0.0,0,0,0,0,0,0,0,0,0,0,0,0,0,"{""ip-172-31-0-204"": ""healthy"", ""ip-172-31-1-171"": ""healthy"", ""ip-172-31-10-12"": ""healthy"", ""ip-172-31-11-132"": ""healthy"", ""ip-172-31-13-134"": ""healthy"", ""ip-172-31-14-68"": ""healthy"", ""ip-172-31-40-239"": ""healthy""}",unsubscribe,64.9,1.0,0,0,"{""ip-172-31-1-171"": {""pose"": 1, ""object"": 1}, ""ip-172-31-14-68"": {""gesture"": 1, ""pose"": 1}, ""ip-172-31-11-132"": {""gesture"": 1, ""object"": 1, ""pose"": 1}, ""ip-172-31-0-204"": {""pose"": 1, ""object"": 1}, ""ip-172-31-10-12"": {""pose"": 1, ""object"": 1, ""gesture"": 1}, ""ip-172-31-13-134"": {""object"": 1, ""pose"": 1, ""gesture"": 1}, ""ip-172-31-40-239"": {""gesture"": 1, ""pose"": 1}}","{""b1"": {""services"": [""pose"", ""object""], ""fps"": {""pose"": 0, ""object"": 0}, ""eff_fps"": {""pose"": 0, ""object"": 0}, ""latency_ms"": {""pose"": 0, ""object"": 0}, ""svclat_ms"": {""pose"": 0.0, ""object"": 0.0}}, ""b2"": {""services"": [""pose"", ""object""], ""fps"": {""pose"": 0, ""object"": 0}, ""eff_fps"": {""pose"": 0, ""object"": 0}, ""latency_ms"": {""pose"": 0, ""object"": 0}, ""svclat_ms"": {""pose"": 0.0, ""object"": 0.0}}}"
160.6,1,1,1.0,0,0,11,17,2,0.118,1243.0,60.0,0.048,0.0,17.0,0.0,30.0,0,29.5,30.0,0,29.0,0,0,0,22.44,0,22.5,119,"{""ip-172-31-0-204"": ""healthy"", ""ip-172-31-1-171"": ""healthy"", ""ip-172-31-10-12"": ""healthy"", ""ip-172-31-11-132"": ""healthy"", ""ip-172-31-13-134"": ""healthy"", ""ip-172-31-14-68"": ""healthy"", ""ip-172-31-40-239"": ""healthy""}",subscribe,58.9,1.0,0,0,"{""ip-172-31-1-171"": {""pose"": 1, ""object"": 1}, ""ip-172-31-14-68"": {""gesture"": 1, ""pose"": 1}, ""ip-172-31-11-132"": {""gesture"": 1, ""object"": 1, ""pose"": 1}, ""ip-172-31-0-204"": {""pose"": 1, ""object"": 1}, ""ip-172-31-10-12"": {""pose"": 1, ""object"": 1, ""gesture"": 1}, ""ip-172-31-13-134"": {""object"": 1, ""pose"": 1, ""gesture"": 1}, ""ip-172-31-40-239"": {""gesture"": 1, ""pose"": 1}}","{""b1"": {""services"": [""pose"", ""object""], ""fps"": {""pose"": 30, ""object"": 30}, ""eff_fps"": {""pose"": 30, ""object"": 30}, ""latency_ms"": {""pose"": 0, ""object"": 0}, ""svclat_ms"": {""pose"": 23.41, ""object"": 18.9}}, ""b2"": {""services"": [""pose"", ""object""], ""fps"": {""pose"": 30, ""object"": 29}, ""eff_fps"": {""pose"": 30, ""object"": 28}, ""latency_ms"": {""pose"": 0, ""object"": 0}, ""svclat_ms"": {""pose"": 21.47, ""object"": 26.11}}, ""b3"": {""services"": [""pose"", ""object""], ""fps"": {""pose"": 0, ""object"": 0}, ""eff_fps"": {""pose"": 0, ""object"": 0}, ""latency_ms"": {""pose"": 0, ""object"": 0}, ""svclat_ms"": {""pose"": 0.0, ""object"": 0.0}}}"
164.7,2,2,1.0,0,0,11,17,4,0.235,1243.0,120.0,0.097,0.0,8.5,0.0,30.0,0,28.33,30.0,0,28.0,0,0,0,21.47,0,23.53,175,"{""ip-172-31-0-204"": ""healthy"", ""ip-172-31-1-171"": ""healthy"", ""ip-172-31-10-12"": ""healthy"", ""ip-172-31-11-132"": ""healthy"", ""ip-172-31-13-134"": ""healthy"", ""ip-172-31-14-68"": ""healthy"", ""ip-172-31-40-239"": ""healthy""}",subscribe,63.5,1.0,0,0,"{""ip-172-31-1-171"": {""pose"": 1, ""object"": 1}, ""ip-172-31-14-68"": {""gesture"": 1, ""pose"": 1}, ""ip-172-31-11-132"": {""gesture"": 1, ""object"": 1, ""pose"": 1}, ""ip-172-31-0-204"": {""pose"": 1, ""object"": 1}, ""ip-172-31-10-12"": {""pose"": 1, ""object"": 1, ""gesture"": 1}, ""ip-172-31-13-134"": {""object"": 1, ""pose"": 1, ""gesture"": 1}, ""ip-172-31-40-239"": {""gesture"": 1, ""pose"": 1}}","{""b1"": {""services"": [""pose"", ""object""], ""fps"": {""pose"": 30, ""object"": 30}, ""eff_fps"": {""pose"": 30, ""object"": 30}, ""latency_ms"": {""pose"": 0, ""object"": 0}, ""svclat_ms"": {""pose"": 23.28, ""object"": 18.68}}, ""b2"": {""services"": [""pose"", ""object""], ""fps"": {""pose"": 30, ""object"": 28}, ""eff_fps"": {""pose"": 30, ""object"": 28}, ""latency_ms"": {""pose"": 0, ""object"": 0}, ""svclat_ms"": {""pose"": 20.77, ""object"": 21.45}}, ""b3"": {""services"": [""pose"", ""object""], ""fps"": {""pose"": 30, ""object"": 27}, ""eff_fps"": {""pose"": 30, ""object"": 26}, ""latency_ms"": {""pose"": 0, ""object"": 0}, ""svclat_ms"": {""pose"": 20.35, ""object"": 30.45}}}"
167.1,3,3,1.0,0,0,11,17,6,0.353,1243.0,180.0,0.145,0.0,5.67,0.0,30.0,0,30.0,30.0,0,30.0,0,0,0,21.27,0,20.7,180,"{""ip-172-31-0-204"": ""healthy"", ""ip-172-31-1-171"": ""healthy"", ""ip-172-31-10-12"": ""healthy"", ""ip-172-31-11-132"": ""healthy"", ""ip-172-31-13-134"": ""healthy"", ""ip-172-31-14-68"": ""healthy"", ""ip-172-31-40-239"": ""healthy""}",subscribe,68.3,1.0,0,0,"{""ip-172-31-1-171"": {""pose"": 1, ""object"": 1}, ""ip-172-31-14-68"": {""gesture"": 1, ""pose"": 1}, ""ip-172-31-11-132"": {""gesture"": 1, ""object"": 1, ""pose"": 1}, ""ip-172-31-0-204"": {""pose"": 1, ""object"": 1}, ""ip-172-31-10-12"": {""pose"": 1, ""object"": 1, ""gesture"": 1}, ""ip-172-31-13-134"": {""object"": 1, ""pose"": 1, ""gesture"": 1}, ""ip-172-31-40-239"": {""gesture"": 1, ""pose"": 1}}","{""b1"": {""services"": [""pose"", ""object""], ""fps"": {""pose"": 30, ""object"": 30}, ""eff_fps"": {""pose"": 30, ""object"": 30}, ""latency_ms"": {""pose"": 0, ""object"": 0}, ""svclat_ms"": {""pose"": 23.91, ""object"": 19.34}}, ""b2"": {""services"": [""pose"", ""object""], ""fps"": {""pose"": 30, ""object"": 30}, ""eff_fps"": {""pose"": 30, ""object"": 30}, ""latency_ms"": {""pose"": 0, ""object"": 0}, ""svclat_ms"": {""pose"": 19.52, ""object"": 22.28}}, ""b3"": {""services"": [""pose"", ""object""], ""fps"": {""pose"": 30, ""object"": 30}, ""eff_fps"": {""pose"": 30, ""object"": 30}, ""latency_ms"": {""pose"": 0, ""object"": 0}, ""svclat_ms"": {""pose"": 20.39, ""object"": 20.47}}, ""b4"": {""services"": [""pose"", ""object""], ""fps"": {""pose"": 0, ""object"": 0}, ""eff_fps"": {""pose"": 0, ""object"": 0}, ""latency_ms"": {""pose"": 0, ""object"": 0}, ""svclat_ms"": {""pose"": 0.0, ""object"": 0.0}}}"
170.9,4,4,1.0,0,0,11,17,8,0.471,1243.0,240.0,0.193,0.0,4.25,0.0,30.25,0,30.25,30.25,0,30.25,0,0,0,20.73,0,19.68,242,"{""ip-172-31-0-204"": ""healthy"", ""ip-172-31-1-171"": ""healthy"", ""ip-172-31-10-12"": ""healthy"", ""ip-172-31-11-132"": ""healthy"", ""ip-172-31-13-134"": ""healthy"", ""ip-172-31-14-68"": ""healthy"", ""ip-172-31-40-239"": ""healthy""}",subscribe,74.0,1.0,0,0,"{""ip-172-31-1-171"": {""pose"": 1, ""object"": 1}, ""ip-172-31-14-68"": {""gesture"": 1, ""pose"": 1}, ""ip-172-31-11-132"": {""gesture"": 1, ""object"": 1, ""pose"": 1}, ""ip-172-31-0-204"": {""pose"": 1, ""object"": 1}, ""ip-172-31-10-12"": {""pose"": 1, ""object"": 1, ""gesture"": 1}, ""ip-172-31-13-134"": {""object"": 1, ""pose"": 1, ""gesture"": 1}, ""ip-172-31-40-239"": {""gesture"": 1, ""pose"": 1}}","{""b1"": {""services"": [""pose"", ""object""], ""fps"": {""pose"": 31, ""object"": 31}, ""eff_fps"": {""pose"": 31, ""object"": 31}, ""latency_ms"": {""pose"": 0, ""object"": 0}, ""svclat_ms"": {""pose"": 22.42, ""object"": 17.95}}, ""b2"": {""services"": [""pose"", ""object""], ""fps"": {""pose"": 30, ""object"": 30}, ""eff_fps"": {""pose"": 30, ""object"": 30}, ""latency_ms"": {""pose"": 0, ""object"": 0}, ""svclat_ms"": {""pose"": 20.71, ""object"": 23.36}}, ""b3"": {""services"": [""pose"", ""object""], ""fps"": {""pose"": 30, ""object"": 30}, ""eff_fps"": {""pose"": 30, ""object"": 30}, ""latency_ms"": {""pose"": 0, ""object"": 0}, ""svclat_ms"": {""pose"": 20.23, ""object"": 20.27}}, ""b4"": {""services"": [""pose"", ""object""], ""fps"": {""pose"": 30, ""object"": 30}, ""eff_fps"": {""pose"": 30, ""object"": 30}, ""latency_ms"": {""pose"": 0, ""object"": 0}, ""svclat_ms"": {""pose"": 19.57, ""object"": 17.14}}, ""b5"": {""services"": [""pose"", ""object""], ""fps"": {""pose"": 0, ""object"": 0}, ""eff_fps"": {""pose"": 0, ""object"": 0}, ""latency_ms"": {""pose"": 0, ""object"": 0}, ""svclat_ms"": {""pose"": 0.0, ""object"": 0.0}}}"
174.7,4,4,1.0,0,0,11,17,8,0.471,1243.0,240.0,0.193,0.0,4.25,0.0,30.4,0,29.6,30.4,0,29.4,0,0,0,20.83,0,21.93,300,"{""ip-172-31-0-204"": ""healthy"", ""ip-172-31-1-171"": ""healthy"", ""ip-172-31-10-12"": ""healthy"", ""ip-172-31-11-132"": ""healthy"", ""ip-172-31-13-134"": ""healthy"", ""ip-172-31-14-68"": ""healthy"", ""ip-172-31-40-239"": ""healthy""}",subscribe,74.0,1.0,0,0,"{""ip-172-31-1-171"": {""pose"": 1, ""object"": 1}, ""ip-172-31-14-68"": {""gesture"": 1, ""pose"": 1}, ""ip-172-31-11-132"": {""gesture"": 1, ""object"": 1, ""pose"": 1}, ""ip-172-31-0-204"": {""pose"": 1, ""object"": 1}, ""ip-172-31-10-12"": {""pose"": 1, ""object"": 1, ""gesture"": 1}, ""ip-172-31-13-134"": {""object"": 1, ""pose"": 1, ""gesture"": 1}, ""ip-172-31-40-239"": {""gesture"": 1, ""pose"": 1}}","{""b1"": {""services"": [""pose"", ""object""], ""fps"": {""pose"": 31, ""object"": 31}, ""eff_fps"": {""pose"": 31, ""object"": 31}, ""latency_ms"": {""pose"": 0, ""object"": 0}, ""svclat_ms"": {""pose"": 22.85, ""object"": 18.39}}, ""b2"": {""services"": [""pose"", ""object""], ""fps"": {""pose"": 30, ""object"": 30}, ""eff_fps"": {""pose"": 30, ""object"": 30}, ""latency_ms"": {""pose"": 0, ""object"": 0}, ""svclat_ms"": {""pose"": 20.17, ""object"": 22.81}}, ""b3"": {""services"": [""pose"", ""object""], ""fps"": {""pose"": 30, ""object"": 30}, ""eff_fps"": {""pose"": 30, ""object"": 30}, ""latency_ms"": {""pose"": 0, ""object"": 0}, ""svclat_ms"": {""pose"": 20.19, ""object"": 23.33}}, ""b4"": {""services"": [""pose"", ""object""], ""fps"": {""pose"": 30, ""object"": 30}, ""eff_fps"": {""pose"": 30, ""object"": 30}, ""latency_ms"": {""pose"": 0, ""object"": 0}, ""svclat_ms"": {""pose"": 19.54, ""object"": 16.4}}, ""b5"": {""services"": [""pose"", ""object""], ""fps"": {""pose"": 31, ""object"": 27}, ""eff_fps"": {""pose"": 31, ""object"": 26}, ""latency_ms"": {""pose"": 0, ""object"": 0}, ""svclat_ms"": {""pose"": 21.42, ""object"": 28.72}}}"
177.1,5,5,1.0,0,0,11,17,10,0.588,1243.0,300.0,0.241,0.0,3.4,0.0,30.2,0,30.0,30.2,0,30.0,0,0,0,21.04,0,20.55,301,"{""ip-172-31-0-204"": ""healthy"", ""ip-172-31-1-171"": ""healthy"", ""ip-172-31-10-12"": ""healthy"", ""ip-172-31-11-132"": ""healthy"", ""ip-172-31-13-134"": ""healthy"", ""ip-172-31-14-68"": ""healthy"", ""ip-172-31-40-239"": ""healthy""}",subscribe,80.5,1.0,0,0,"{""ip-172-31-1-171"": {""pose"": 1, ""object"": 1}, ""ip-172-31-14-68"": {""gesture"": 1, ""pose"": 1}, ""ip-172-31-11-132"": {""gesture"": 1, ""object"": 1, ""pose"": 1}, ""ip-172-31-0-204"": {""pose"": 1, ""object"": 1}, ""ip-172-31-10-12"": {""pose"": 1, ""object"": 1, ""gesture"": 1}, ""ip-172-31-13-134"": {""object"": 1, ""pose"": 1, ""gesture"": 1}, ""ip-172-31-40-239"": {""gesture"": 1, ""pose"": 1}}","{""b1"": {""services"": [""pose"", ""object""], ""fps"": {""pose"": 30, ""object"": 30}, ""eff_fps"": {""pose"": 30, ""object"": 30}, ""latency_ms"": {""pose"": 0, ""object"": 0}, ""svclat_ms"": {""pose"": 23.01, ""object"": 18.48}}, ""b2"": {""services"": [""pose"", ""object""], ""fps"": {""pose"": 30, ""object"": 30}, ""eff_fps"": {""pose"": 30, ""object"": 30}, ""latency_ms"": {""pose"": 0, ""object"": 0}, ""svclat_ms"": {""pose"": 20.36, ""object"": 23.23}}, ""b3"": {""services"": [""pose"", ""object""], ""fps"": {""pose"": 30, ""object"": 30}, ""eff_fps"": {""pose"": 30, ""object"": 30}, ""latency_ms"": {""pose"": 0, ""object"": 0}, ""svclat_ms"": {""pose"": 20.07, ""object"": 24.01}}, ""b4"": {""services"": [""pose"", ""object""], ""fps"": {""pose"": 30, ""object"": 30}, ""eff_fps"": {""pose"": 30, ""object"": 30}, ""latency_ms"": {""pose"": 0, ""object"": 0}, ""svclat_ms"": {""pose"": 19.81, ""object"": 16.96}}, ""b5"": {""services"": [""pose"", ""object""], ""fps"": {""pose"": 31, ""object"": 30}, ""eff_fps"": {""pose"": 31, ""object"": 30}, ""latency_ms"": {""pose"": 0, ""object"": 0}, ""svclat_ms"": {""pose"": 21.95, ""object"": 20.09}}, ""b6"": {""services"": [""pose"", ""object""], ""fps"": {""pose"": 0, ""object"": 0}, ""eff_fps"": {""pose"": 0, ""object"": 0}, ""latency_ms"": {""pose"": 0, ""object"": 0}, ""svclat_ms"": {""pose"": 0.0, ""object"": 0.0}}}"
181.0,6,6,1.0,0,0,11,17,11,0.647,1243.0,360.0,0.29,0.0,2.83,0.0,30.0,0,29.83,30.0,0,29.83,0,0,0,21.24,0,20.99,359,"{""ip-172-31-0-204"": ""healthy"", ""ip-172-31-1-171"": ""healthy"", ""ip-172-31-10-12"": ""healthy"", ""ip-172-31-11-132"": ""healthy"", ""ip-172-31-13-134"": ""healthy"", ""ip-172-31-14-68"": ""healthy"", ""ip-172-31-40-239"": ""healthy""}",subscribe,84.2,1.0,0,0,"{""ip-172-31-1-171"": {""pose"": 1, ""object"": 1}, ""ip-172-31-14-68"": {""gesture"": 1, ""pose"": 1}, ""ip-172-31-11-132"": {""gesture"": 1, ""object"": 1, ""pose"": 1}, ""ip-172-31-0-204"": {""pose"": 1, ""object"": 1}, ""ip-172-31-10-12"": {""pose"": 1, ""object"": 1, ""gesture"": 1}, ""ip-172-31-13-134"": {""object"": 1, ""pose"": 1, ""gesture"": 1}, ""ip-172-31-40-239"": {""gesture"": 1, ""pose"": 1}}","{""b1"": {""services"": [""pose"", ""object""], ""fps"": {""pose"": 30, ""object"": 30}, ""eff_fps"": {""pose"": 30, ""object"": 30}, ""latency_ms"": {""pose"": 0, ""object"": 0}, ""svclat_ms"": {""pose"": 23.5, ""object"": 22.46}}, ""b2"": {""services"": [""pose"", ""object""], ""fps"": {""pose"": 30, ""object"": 29}, ""eff_fps"": {""pose"": 30, ""object"": 29}, ""latency_ms"": {""pose"": 0, ""object"": 0}, ""svclat_ms"": {""pose"": 20.21, ""object"": 23.0}}, ""b3"": {""services"": [""pose"", ""object""], ""fps"": {""pose"": 30, ""object"": 30}, ""eff_fps"": {""pose"": 30, ""object"": 30}, ""latency_ms"": {""pose"": 0, ""object"": 0}, ""svclat_ms"": {""pose"": 20.21, ""object"": 23.33}}, ""b4"": {""services"": [""pose"", ""object""], ""fps"": {""pose"": 30, ""object"": 30}, ""eff_fps"": {""pose"": 30, ""object"": 30}, ""latency_ms"": {""pose"": 0, ""object"": 0}, ""svclat_ms"": {""pose"": 19.6, ""object"": 17.45}}, ""b5"": {""services"": [""pose"", ""object""], ""fps"": {""pose"": 30, ""object"": 30}, ""eff_fps"": {""pose"": 30, ""object"": 30}, ""latency_ms"": {""pose"": 0, ""object"": 0}, ""svclat_ms"": {""pose"": 21.27, ""object"": 20.52}}, ""b6"": {""services"": [""pose"", ""object""], ""fps"": {""pose"": 30, ""object"": 30}, ""eff_fps"": {""pose"": 30, ""object"": 30}, ""latency_ms"": {""pose"": 0, ""object"": 0}, ""svclat_ms"": {""pose"": 22.65, ""object"": 19.19}}, ""b7"": {""services"": [""pose"", ""object""], ""fps"": {""pose"": 0, ""object"": 0}, ""eff_fps"": {""pose"": 0, ""object"": 0}, ""latency_ms"": {""pose"": 0, ""object"": 0}, ""svclat_ms"": {""pose"": 0.0, ""object"": 0.0}}}"
184.7,6,6,1.0,0,0,11,17,11,0.647,1243.0,360.0,0.29,0.0,2.83,0.0,30.0,0,29.71,30.0,0,29.57,0,0,0,21.66,0,21.4,418,"{""ip-172-31-0-204"": ""healthy"", ""ip-172-31-1-171"": ""healthy"", ""ip-172-31-10-12"": ""healthy"", ""ip-172-31-11-132"": ""healthy"", ""ip-172-31-13-134"": ""healthy"", ""ip-172-31-14-68"": ""healthy"", ""ip-172-31-40-239"": ""healthy""}",subscribe,84.2,1.0,0,0,"{""ip-172-31-1-171"": {""pose"": 1, ""object"": 1}, ""ip-172-31-14-68"": {""gesture"": 1, ""pose"": 1}, ""ip-172-31-11-132"": {""gesture"": 1, ""object"": 1, ""pose"": 1}, ""ip-172-31-0-204"": {""pose"": 1, ""object"": 1}, ""ip-172-31-10-12"": {""pose"": 1, ""object"": 1, ""gesture"": 1}, ""ip-172-31-13-134"": {""object"": 1, ""pose"": 1, ""gesture"": 1}, ""ip-172-31-40-239"": {""gesture"": 1, ""pose"": 1}}","{""b1"": {""services"": [""pose"", ""object""], ""fps"": {""pose"": 30, ""object"": 30}, ""eff_fps"": {""pose"": 30, ""object"": 30}, ""latency_ms"": {""pose"": 0, ""object"": 0}, ""svclat_ms"": {""pose"": 23.24, ""object"": 22.11}}, ""b2"": {""services"": [""pose"", ""object""], ""fps"": {""pose"": 30, ""object"": 30}, ""eff_fps"": {""pose"": 30, ""object"": 30}, ""latency_ms"": {""pose"": 0, ""object"": 0}, ""svclat_ms"": {""pose"": 21.47, ""object"": 19.27}}, ""b3"": {""services"": [""pose"", ""object""], ""fps"": {""pose"": 30, ""object"": 30}, ""eff_fps"": {""pose"": 30, ""object"": 30}, ""latency_ms"": {""pose"": 0, ""object"": 0}, ""svclat_ms"": {""pose"": 20.44, ""object"": 22.85}}, ""b4"": {""services"": [""pose"", ""object""], ""fps"": {""pose"": 30, ""object"": 30}, ""eff_fps"": {""pose"": 30, ""object"": 30}, ""latency_ms"": {""pose"": 0, ""object"": 0}, ""svclat_ms"": {""pose"": 19.76, ""object"": 17.44}}, ""b5"": {""services"": [""pose"", ""object""], ""fps"": {""pose"": 30, ""object"": 30}, ""eff_fps"": {""pose"": 30, ""object"": 30}, ""latency_ms"": {""pose"": 0, ""object"": 0}, ""svclat_ms"": {""pose"": 20.45, ""object"": 20.92}}, ""b6"": {""services"": [""pose"", ""object""], ""fps"": {""pose"": 30, ""object"": 30}, ""eff_fps"": {""pose"": 30, ""object"": 30}, ""latency_ms"": {""pose"": 0, ""object"": 0}, ""svclat_ms"": {""pose"": 23.1, ""object"": 19.19}}, ""b7"": {""services"": [""pose"", ""object""], ""fps"": {""pose"": 30, ""object"": 28}, ""eff_fps"": {""pose"": 30, ""object"": 27}, ""latency_ms"": {""pose"": 0, ""object"": 0}, ""svclat_ms"": {""pose"": 23.18, ""object"": 28.05}}}"
187.1,7,7,1.0,0,0,11,17,12,0.706,1243.0,420.0,0.338,0.0,2.43,0.0,30.0,0,30.0,30.0,0,30.0,0,0,0,21.75,0,20.91,420,"{""ip-172-31-0-204"": ""healthy"", ""ip-172-31-1-171"": ""healthy"", ""ip-172-31-10-12"": ""healthy"", ""ip-172-31-11-132"": ""healthy"", ""ip-172-31-13-134"": ""healthy"", ""ip-172-31-14-68"": ""healthy"", ""ip-172-31-40-239"": ""healthy""}",subscribe,89.2,1.0,0,0,"{""ip-172-31-1-171"": {""pose"": 1, ""object"": 1}, ""ip-172-31-14-68"": {""gesture"": 1, ""pose"": 1}, ""ip-172-31-11-132"": {""gesture"": 1, ""object"": 1, ""pose"": 1}, ""ip-172-31-0-204"": {""pose"": 1, ""object"": 1}, ""ip-172-31-10-12"": {""pose"": 1, ""object"": 1, ""gesture"": 1}, ""ip-172-31-13-134"": {""object"": 1, ""pose"": 1, ""gesture"": 1}, ""ip-172-31-40-239"": {""gesture"": 1, ""pose"": 1}}","{""b1"": {""services"": [""pose"", ""object""], ""fps"": {""pose"": 30, ""object"": 30}, ""eff_fps"": {""pose"": 30, ""object"": 30}, ""latency_ms"": {""pose"": 0, ""object"": 0}, ""svclat_ms"": {""pose"": 23.29, ""object"": 22.33}}, ""b2"": {""services"": [""pose"", ""object""], ""fps"": {""pose"": 30, ""object"": 30}, ""eff_fps"": {""pose"": 30, ""object"": 30}, ""latency_ms"": {""pose"": 0, ""object"": 0}, ""svclat_ms"": {""pose"": 22.25, ""object"": 20.81}}, ""b3"": {""services"": [""pose"", ""object""], ""fps"": {""pose"": 30, ""object"": 30}, ""eff_fps"": {""pose"": 30, ""object"": 30}, ""latency_ms"": {""pose"": 0, ""object"": 0}, ""svclat_ms"": {""pose"": 20.14, ""object"": 22.46}}, ""b4"": {""services"": [""pose"", ""object""], ""fps"": {""pose"": 30, ""object"": 30}, ""eff_fps"": {""pose"": 30, ""object"": 30}, ""latency_ms"": {""pose"": 0, ""object"": 0}, ""svclat_ms"": {""pose"": 19.66, ""object"": 17.41}}, ""b5"": {""services"": [""pose"", ""object""], ""fps"": {""pose"": 30, ""object"": 30}, ""eff_fps"": {""pose"": 30, ""object"": 30}, ""latency_ms"": {""pose"": 0, ""object"": 0}, ""svclat_ms"": {""pose"": 20.47, ""object"": 21.32}}, ""b6"": {""services"": [""pose"", ""object""], ""fps"": {""pose"": 30, ""object"": 30}, ""eff_fps"": {""pose"": 30, ""object"": 30}, ""latency_ms"": {""pose"": 0, ""object"": 0}, ""svclat_ms"": {""pose"": 22.79, ""object"": 19.21}}, ""b7"": {""services"": [""pose"", ""object""], ""fps"": {""pose"": 30, ""object"": 30}, ""eff_fps"": {""pose"": 30, ""object"": 30}, ""latency_ms"": {""pose"": 0, ""object"": 0}, ""svclat_ms"": {""pose"": 23.62, ""object"": 22.82}}, ""b8"": {""services"": [""pose"", ""object""], ""fps"": {""pose"": 0, ""object"": 0}, ""eff_fps"": {""pose"": 0, ""object"": 0}, ""latency_ms"": {""pose"": 0, ""object"": 0}, ""svclat_ms"": {""pose"": 0.0, ""object"": 0.0}}}"
191.0,8,8,1.0,0,0,11,17,12,0.706,1243.0,478.0,0.385,0.0,2.12,0.0,30.12,0,29.75,30.12,0,29.75,0,0,0,22.84,0,21.7,479,"{""ip-172-31-0-204"": ""healthy"", ""ip-172-31-1-171"": ""healthy"", ""ip-172-31-10-12"": ""healthy"", ""ip-172-31-11-132"": ""healthy"", ""ip-172-31-13-134"": ""healthy"", ""ip-172-31-14-68"": ""healthy"", ""ip-172-31-40-239"": ""healthy""}",subscribe,96.2,0.9958,0,0,"{""ip-172-31-1-171"": {""pose"": 1, ""object"": 1}, ""ip-172-31-14-68"": {""gesture"": 1, ""pose"": 1}, ""ip-172-31-11-132"": {""gesture"": 1, ""object"": 1, ""pose"": 1}, ""ip-172-31-0-204"": {""pose"": 1, ""object"": 1}, ""ip-172-31-10-12"": {""pose"": 1, ""object"": 1, ""gesture"": 1}, ""ip-172-31-13-134"": {""object"": 1, ""pose"": 1, ""gesture"": 1}, ""ip-172-31-40-239"": {""gesture"": 1, ""pose"": 1}}","{""b1"": {""services"": [""pose"", ""object""], ""fps"": {""pose"": 31, ""object"": 31}, ""eff_fps"": {""pose"": 31, ""object"": 31}, ""latency_ms"": {""pose"": 0, ""object"": 0}, ""svclat_ms"": {""pose"": 24.42, ""object"": 22.65}}, ""b2"": {""services"": [""pose"", ""object""], ""fps"": {""pose"": 30, ""object"": 30}, ""eff_fps"": {""pose"": 30, ""object"": 30}, ""latency_ms"": {""pose"": 0, ""object"": 0}, ""svclat_ms"": {""pose"": 21.95, ""object"": 20.09}}, ""b3"": {""services"": [""pose"", ""object""], ""fps"": {""pose"": 30, ""object"": 29}, ""eff_fps"": {""pose"": 30, ""object"": 29}, ""latency_ms"": {""pose"": 0, ""object"": 0}, ""svclat_ms"": {""pose"": 20.08, ""object"": 23.07}}, ""b4"": {""services"": [""pose"", ""object""], ""fps"": {""pose"": 30, ""object"": 30}, ""eff_fps"": {""pose"": 30, ""object"": 30}, ""latency_ms"": {""pose"": 0, ""object"": 0}, ""svclat_ms"": {""pose"": 19.42, ""object"": 18.62}}, ""b5"": {""services"": [""pose"", ""object""], ""fps"": {""pose"": 30, ""object"": 30}, ""eff_fps"": {""pose"": 30, ""object"": 30}, ""latency_ms"": {""pose"": 0, ""object"": 0}, ""svclat_ms"": {""pose"": 23.2, ""object"": 22.59}}, ""b6"": {""services"": [""pose"", ""object""], ""fps"": {""pose"": 30, ""object"": 29}, ""eff_fps"": {""pose"": 30, ""object"": 29}, ""latency_ms"": {""pose"": 0, ""object"": 0}, ""svclat_ms"": {""pose"": 23.69, ""object"": 21.87}}, ""b7"": {""services"": [""pose"", ""object""], ""fps"": {""pose"": 30, ""object"": 30}, ""eff_fps"": {""pose"": 30, ""object"": 30}, ""latency_ms"": {""pose"": 0, ""object"": 0}, ""svclat_ms"": {""pose"": 24.49, ""object"": 22.15}}, ""b8"": {""services"": [""pose"", ""object""], ""fps"": {""pose"": 30, ""object"": 29}, ""eff_fps"": {""pose"": 30, ""object"": 29}, ""latency_ms"": {""pose"": 0, ""object"": 0}, ""svclat_ms"": {""pose"": 25.44, ""object"": 22.57}}, ""b9"": {""services"": [""pose"", ""object""], ""fps"": {""pose"": 0, ""object"": 0}, ""eff_fps"": {""pose"": 0, ""object"": 0}, ""latency_ms"": {""pose"": 0, ""object"": 0}, ""svclat_ms"": {""pose"": 0.0, ""object"": 0.0}}}"
194.7,8,8,1.0,0,0,11,17,12,0.706,1243.0,478.0,0.385,0.0,2.12,0.0,29.89,0,29.56,29.89,0,29.56,0,0,0,23.42,0,24.25,535,"{""ip-172-31-0-204"": ""healthy"", ""ip-172-31-1-171"": ""healthy"", ""ip-172-31-10-12"": ""healthy"", ""ip-172-31-11-132"": ""healthy"", ""ip-172-31-13-134"": ""healthy"", ""ip-172-31-14-68"": ""healthy"", ""ip-172-31-40-239"": ""healthy""}",subscribe,96.2,0.9958,0,0,"{""ip-172-31-1-171"": {""pose"": 1, ""object"": 1}, ""ip-172-31-14-68"": {""gesture"": 1, ""pose"": 1}, ""ip-172-31-11-132"": {""gesture"": 1, ""object"": 1, ""pose"": 1}, ""ip-172-31-0-204"": {""pose"": 1, ""object"": 1}, ""ip-172-31-10-12"": {""pose"": 1, ""object"": 1, ""gesture"": 1}, ""ip-172-31-13-134"": {""object"": 1, ""pose"": 1, ""gesture"": 1}, ""ip-172-31-40-239"": {""gesture"": 1, ""pose"": 1}}","{""b1"": {""services"": [""pose"", ""object""], ""fps"": {""pose"": 29, ""object"": 30}, ""eff_fps"": {""pose"": 29, ""object"": 30}, ""latency_ms"": {""pose"": 0, ""object"": 0}, ""svclat_ms"": {""pose"": 24.2, ""object"": 29.76}}, ""b2"": {""services"": [""pose"", ""object""], ""fps"": {""pose"": 30, ""object"": 30}, ""eff_fps"": {""pose"": 30, ""object"": 30}, ""latency_ms"": {""pose"": 0, ""object"": 0}, ""svclat_ms"": {""pose"": 24.25, ""object"": 23.13}}, ""b3"": {""services"": [""pose"", ""object""], ""fps"": {""pose"": 30, ""object"": 29}, ""eff_fps"": {""pose"": 30, ""object"": 29}, ""latency_ms"": {""pose"": 0, ""object"": 0}, ""svclat_ms"": {""pose"": 19.97, ""object"": 22.28}}, ""b4"": {""services"": [""pose"", ""object""], ""fps"": {""pose"": 30, ""object"": 30}, ""eff_fps"": {""pose"": 30, ""object"": 30}, ""latency_ms"": {""pose"": 0, ""object"": 0}, ""svclat_ms"": {""pose"": 19.11, ""object"": 24.05}}, ""b5"": {""services"": [""pose"", ""object""], ""fps"": {""pose"": 30, ""object"": 30}, ""eff_fps"": {""pose"": 30, ""object"": 30}, ""latency_ms"": {""pose"": 0, ""object"": 0}, ""svclat_ms"": {""pose"": 22.79, ""object"": 23.25}}, ""b6"": {""services"": [""pose"", ""object""], ""fps"": {""pose"": 30, ""object"": 28}, ""eff_fps"": {""pose"": 30, ""object"": 28}, ""latency_ms"": {""pose"": 0, ""object"": 0}, ""svclat_ms"": {""pose"": 22.37, ""object"": 27.8}}, ""b7"": {""services"": [""pose"", ""object""], ""fps"": {""pose"": 30, ""object"": 30}, ""eff_fps"": {""pose"": 30, ""object"": 30}, ""latency_ms"": {""pose"": 0, ""object"": 0}, ""svclat_ms"": {""pose"": 25.01, ""object"": 23.38}}, ""b8"": {""services"": [""pose"", ""object""], ""fps"": {""pose"": 30, ""object"": 29}, ""eff_fps"": {""pose"": 30, ""object"": 29}, ""latency_ms"": {""pose"": 0, ""object"": 0}, ""svclat_ms"": {""pose"": 24.21, ""object"": 21.7}}, ""b9"": {""services"": [""pose"", ""object""], ""fps"": {""pose"": 30, ""object"": 30}, ""eff_fps"": {""pose"": 30, ""object"": 30}, ""latency_ms"": {""pose"": 0, ""object"": 0}, ""svclat_ms"": {""pose"": 28.89, ""object"": 22.86}}}"
197.1,9,9,1.0,0,0,11,17,12,0.706,1243.0,536.0,0.431,0.0,1.89,0.0,29.78,0,29.56,29.78,0,29.56,0,0,0,22.59,0,22.62,534,"{""ip-172-31-0-204"": ""healthy"", ""ip-172-31-1-171"": ""healthy"", ""ip-172-31-10-12"": ""healthy"", ""ip-172-31-11-132"": ""healthy"", ""ip-172-31-13-134"": ""healthy"", ""ip-172-31-14-68"": ""healthy"", ""ip-172-31-40-239"": ""healthy""}",subscribe,99.6,0.9926,0,0,"{""ip-172-31-1-171"": {""pose"": 1, ""object"": 1}, ""ip-172-31-14-68"": {""gesture"": 1, ""pose"": 1}, ""ip-172-31-11-132"": {""gesture"": 1, ""object"": 1, ""pose"": 1}, ""ip-172-31-0-204"": {""pose"": 1, ""object"": 1}, ""ip-172-31-10-12"": {""pose"": 1, ""object"": 1, ""gesture"": 1}, ""ip-172-31-13-134"": {""object"": 1, ""pose"": 1, ""gesture"": 1}, ""ip-172-31-40-239"": {""gesture"": 1, ""pose"": 1}}","{""b1"": {""services"": [""pose"", ""object""], ""fps"": {""pose"": 29, ""object"": 29}, ""eff_fps"": {""pose"": 29, ""object"": 29}, ""latency_ms"": {""pose"": 0, ""object"": 0}, ""svclat_ms"": {""pose"": 22.85, ""object"": 24.66}}, ""b2"": {""services"": [""pose"", ""object""], ""fps"": {""pose"": 30, ""object"": 30}, ""eff_fps"": {""pose"": 30, ""object"": 30}, ""latency_ms"": {""pose"": 0, ""object"": 0}, ""svclat_ms"": {""pose"": 24.59, ""object"": 23.49}}, ""b3"": {""services"": [""pose"", ""object""], ""fps"": {""pose"": 30, ""object"": 29}, ""eff_fps"": {""pose"": 30, ""object"": 29}, ""latency_ms"": {""pose"": 0, ""object"": 0}, ""svclat_ms"": {""pose"": 20.28, ""object"": 22.92}}, ""b4"": {""services"": [""pose"", ""object""], ""fps"": {""pose"": 30, ""object"": 29}, ""eff_fps"": {""pose"": 30, ""object"": 29}, ""latency_ms"": {""pose"": 0, ""object"": 0}, ""svclat_ms"": {""pose"": 19.74, ""object"": 21.16}}, ""b5"": {""services"": [""pose"", ""object""], ""fps"": {""pose"": 29, ""object"": 30}, ""eff_fps"": {""pose"": 29, ""object"": 30}, ""latency_ms"": {""pose"": 0, ""object"": 0}, ""svclat_ms"": {""pose"": 23.74, ""object"": 20.72}}, ""b6"": {""services"": [""pose"", ""object""], ""fps"": {""pose"": 30, ""object"": 31}, ""eff_fps"": {""pose"": 30, ""object"": 31}, ""latency_ms"": {""pose"": 0, ""object"": 0}, ""svclat_ms"": {""pose"": 21.92, ""object"": 24.13}}, ""b7"": {""services"": [""pose"", ""object""], ""fps"": {""pose"": 30, ""object"": 30}, ""eff_fps"": {""pose"": 30, ""object"": 30}, ""latency_ms"": {""pose"": 0, ""object"": 0}, ""svclat_ms"": {""pose"": 22.99, ""object"": 23.76}}, ""b8"": {""services"": [""pose"", ""object""], ""fps"": {""pose"": 30, ""object"": 29}, ""eff_fps"": {""pose"": 30, ""object"": 29}, ""latency_ms"": {""pose"": 0, ""object"": 0}, ""svclat_ms"": {""pose"": 23.0, ""object"": 23.03}}, ""b9"": {""services"": [""pose"", ""object""], ""fps"": {""pose"": 30, ""object"": 29}, ""eff_fps"": {""pose"": 30, ""object"": 29}, ""latency_ms"": {""pose"": 0, ""object"": 0}, ""svclat_ms"": {""pose"": 24.18, ""object"": 19.68}}, ""b10"": {""services"": [""pose"", ""object""], ""fps"": {""pose"": 0, ""object"": 0}, ""eff_fps"": {""pose"": 0, ""object"": 0}, ""latency_ms"": {""pose"": 0, ""object"": 0}, ""svclat_ms"": {""pose"": 0.0, ""object"": 0.0}}}"
201.0,10,10,1.0,0,0,11,17,12,0.706,1243.0,594.0,0.478,0.0,1.7,0.0,30.0,0,29.4,30.0,0,29.4,0,0,0,22.87,0,23.55,594,"{""ip-172-31-0-204"": ""healthy"", ""ip-172-31-1-171"": ""healthy"", ""ip-172-31-10-12"": ""healthy"", ""ip-172-31-11-132"": ""healthy"", ""ip-172-31-13-134"": ""healthy"", ""ip-172-31-14-68"": ""healthy"", ""ip-172-31-40-239"": ""healthy""}",subscribe,105.8,0.99,0,0,"{""ip-172-31-1-171"": {""pose"": 1, ""object"": 1}, ""ip-172-31-14-68"": {""gesture"": 1, ""pose"": 1}, ""ip-172-31-11-132"": {""gesture"": 1, ""object"": 1, ""pose"": 1}, ""ip-172-31-0-204"": {""pose"": 1, ""object"": 1}, ""ip-172-31-10-12"": {""pose"": 1, ""object"": 1, ""gesture"": 1}, ""ip-172-31-13-134"": {""object"": 1, ""pose"": 1, ""gesture"": 1}, ""ip-172-31-40-239"": {""gesture"": 1, ""pose"": 1}}","{""b1"": {""services"": [""pose"", ""object""], ""fps"": {""pose"": 30, ""object"": 30}, ""eff_fps"": {""pose"": 30, ""object"": 30}, ""latency_ms"": {""pose"": 0, ""object"": 0}, ""svclat_ms"": {""pose"": 24.6, ""object"": 26.02}}, ""b2"": {""services"": [""pose"", ""object""], ""fps"": {""pose"": 30, ""object"": 30}, ""eff_fps"": {""pose"": 30, ""object"": 30}, ""latency_ms"": {""pose"": 0, ""object"": 0}, ""svclat_ms"": {""pose"": 23.53, ""object"": 22.67}}, ""b3"": {""services"": [""pose"", ""object""], ""fps"": {""pose"": 30, ""object"": 29}, ""eff_fps"": {""pose"": 30, ""object"": 29}, ""latency_ms"": {""pose"": 0, ""object"": 0}, ""svclat_ms"": {""pose"": 20.09, ""object"": 22.24}}, ""b4"": {""services"": [""pose"", ""object""], ""fps"": {""pose"": 30, ""object"": 29}, ""eff_fps"": {""pose"": 30, ""object"": 29}, ""latency_ms"": {""pose"": 0, ""object"": 0}, ""svclat_ms"": {""pose"": 19.59, ""object"": 22.23}}, ""b5"": {""services"": [""pose"", ""object""], ""fps"": {""pose"": 30, ""object"": 29}, ""eff_fps"": {""pose"": 30, ""object"": 29}, ""latency_ms"": {""pose"": 0, ""object"": 0}, ""svclat_ms"": {""pose"": 22.21, ""object"": 25.07}}, ""b6"": {""services"": [""pose"", ""object""], ""fps"": {""pose"": 30, ""object"": 30}, ""eff_fps"": {""pose"": 30, ""object"": 30}, ""latency_ms"": {""pose"": 0, ""object"": 0}, ""svclat_ms"": {""pose"": 23.61, ""object"": 24.96}}, ""b7"": {""services"": [""pose"", ""object""], ""fps"": {""pose"": 30, ""object"": 30}, ""eff_fps"": {""pose"": 30, ""object"": 30}, ""latency_ms"": {""pose"": 0, ""object"": 0}, ""svclat_ms"": {""pose"": 22.75, ""object"": 22.98}}, ""b8"": {""services"": [""pose"", ""object""], ""fps"": {""pose"": 30, ""object"": 29}, ""eff_fps"": {""pose"": 30, ""object"": 29}, ""latency_ms"": {""pose"": 0, ""object"": 0}, ""svclat_ms"": {""pose"": 24.24, ""object"": 21.82}}, ""b9"": {""services"": [""pose"", ""object""], ""fps"": {""pose"": 30, ""object"": 29}, ""eff_fps"": {""pose"": 30, ""object"": 29}, ""latency_ms"": {""pose"": 0, ""object"": 0}, ""svclat_ms"": {""pose"": 23.7, ""object"": 20.72}}, ""b10"": {""services"": [""pose"", ""object""], ""fps"": {""pose"": 30, ""object"": 29}, ""eff_fps"": {""pose"": 30, ""object"": 29}, ""latency_ms"": {""pose"": 0, ""object"": 0}, ""svclat_ms"": {""pose"": 24.38, ""object"": 26.8}}, ""b11"": {""services"": [""pose"", ""object""], ""fps"": {""pose"": 0, ""object"": 0}, ""eff_fps"": {""pose"": 0, ""object"": 0}, ""latency_ms"": {""pose"": 0, ""object"": 0}, ""svclat_ms"": {""pose"": 0.0, ""object"": 0.0}}}"
204.7,10,10,1.0,0,0,11,17,12,0.706,1243.0,594.0,0.478,0.0,1.7,0.0,29.91,0,27.09,29.91,0,26.82,0,0,0,23.41,0,26.2,627,"{""ip-172-31-0-204"": ""healthy"", ""ip-172-31-1-171"": ""healthy"", ""ip-172-31-10-12"": ""healthy"", ""ip-172-31-11-132"": ""healthy"", ""ip-172-31-13-134"": ""healthy"", ""ip-172-31-14-68"": ""healthy"", ""ip-172-31-40-239"": ""healthy""}",subscribe,105.8,0.99,0,0,"{""ip-172-31-1-171"": {""pose"": 1, ""object"": 1}, ""ip-172-31-14-68"": {""gesture"": 1, ""pose"": 1}, ""ip-172-31-11-132"": {""gesture"": 1, ""object"": 1, ""pose"": 1}, ""ip-172-31-0-204"": {""pose"": 1, ""object"": 1}, ""ip-172-31-10-12"": {""pose"": 1, ""object"": 1, ""gesture"": 1}, ""ip-172-31-13-134"": {""object"": 1, ""pose"": 1, ""gesture"": 1}, ""ip-172-31-40-239"": {""gesture"": 1, ""pose"": 1}}","{""b1"": {""services"": [""pose"", ""object""], ""fps"": {""pose"": 29, ""object"": 22}, ""eff_fps"": {""pose"": 29, ""object"": 21}, ""latency_ms"": {""pose"": 0, ""object"": 0}, ""svclat_ms"": {""pose"": 25.28, ""object"": 34.03}}, ""b2"": {""services"": [""pose"", ""object""], ""fps"": {""pose"": 30, ""object"": 30}, ""eff_fps"": {""pose"": 30, ""object"": 30}, ""latency_ms"": {""pose"": 0, ""object"": 0}, ""svclat_ms"": {""pose"": 24.62, ""object"": 24.21}}, ""b3"": {""services"": [""pose"", ""object""], ""fps"": {""pose"": 30, ""object"": 29}, ""eff_fps"": {""pose"": 30, ""object"": 29}, ""latency_ms"": {""pose"": 0, ""object"": 0}, ""svclat_ms"": {""pose"": 20.38, ""object"": 22.6}}, ""b4"": {""services"": [""pose"", ""object""], ""fps"": {""pose"": 30, ""object"": 29}, ""eff_fps"": {""pose"": 30, ""object"": 29}, ""latency_ms"": {""pose"": 0, ""object"": 0}, ""svclat_ms"": {""pose"": 19.57, ""object"": 21.46}}, ""b5"": {""services"": [""pose"", ""object""], ""fps"": {""pose"": 30, ""object"": 27}, ""eff_fps"": {""pose"": 30, ""object"": 26}, ""latency_ms"": {""pose"": 0, ""object"": 0}, ""svclat_ms"": {""pose"": 22.83, ""object"": 30.98}}, ""b6"": {""services"": [""pose"", ""object""], ""fps"": {""pose"": 30, ""object"": 22}, ""eff_fps"": {""pose"": 30, ""object"": 22}, ""latency_ms"": {""pose"": 0, ""object"": 0}, ""svclat_ms"": {""pose"": 22.21, ""object"": 32.98}}, ""b7"": {""services"": [""pose"", ""object""], ""fps"": {""pose"": 30, ""object"": 30}, ""eff_fps"": {""pose"": 30, ""object"": 30}, ""latency_ms"": {""pose"": 0, ""object"": 0}, ""svclat_ms"": {""pose"": 23.6, ""object"": 24.41}}, ""b8"": {""services"": [""pose"", ""object""], ""fps"": {""pose"": 30, ""object"": 29}, ""eff_fps"": {""pose"": 30, ""object"": 29}, ""latency_ms"": {""pose"": 0, ""object"": 0}, ""svclat_ms"": {""pose"": 24.7, ""object"": 21.51}}, ""b9"": {""services"": [""pose"", ""object""], ""fps"": {""pose"": 30, ""object"": 29}, ""eff_fps"": {""pose"": 30, ""object"": 29}, ""latency_ms"": {""pose"": 0, ""object"": 0}, ""svclat_ms"": {""pose"": 24.85, ""object"": 19.7}}, ""b10"": {""services"": [""pose"", ""object""], ""fps"": {""pose"": 30, ""object"": 29}, ""eff_fps"": {""pose"": 30, ""object"": 29}, ""latency_ms"": {""pose"": 0, ""object"": 0}, ""svclat_ms"": {""pose"": 24.69, ""object"": 21.55}}, ""b11"": {""services"": [""pose"", ""object""], ""fps"": {""pose"": 30, ""object"": 22}, ""eff_fps"": {""pose"": 30, ""object"": 21}, ""latency_ms"": {""pose"": 0, ""object"": 0}, ""svclat_ms"": {""pose"": 24.73, ""object"": 34.78}}}"
207.2,11,11,1.0,0,0,11,17,12,0.706,1243.0,633.0,0.509,0.0,1.55,0.0,29.82,0,27.36,29.82,0,27.36,0,0,0,23.23,0,26.2,629,"{""ip-172-31-0-204"": ""healthy"", ""ip-172-31-1-171"": ""healthy"", ""ip-172-31-10-12"": ""healthy"", ""ip-172-31-11-132"": ""healthy"", ""ip-172-31-13-134"": ""healthy"", ""ip-172-31-14-68"": ""healthy"", ""ip-172-31-40-239"": ""healthy""}",subscribe,108.5,0.9591,0,0,"{""ip-172-31-1-171"": {""pose"": 1, ""object"": 1}, ""ip-172-31-14-68"": {""gesture"": 1, ""pose"": 1}, ""ip-172-31-11-132"": {""gesture"": 1, ""object"": 1, ""pose"": 1}, ""ip-172-31-0-204"": {""pose"": 1, ""object"": 1}, ""ip-172-31-10-12"": {""pose"": 1, ""object"": 1, ""gesture"": 1}, ""ip-172-31-13-134"": {""object"": 1, ""pose"": 1, ""gesture"": 1}, ""ip-172-31-40-239"": {""gesture"": 1, ""pose"": 1}}","{""b1"": {""services"": [""pose"", ""object""], ""fps"": {""pose"": 29, ""object"": 23}, ""eff_fps"": {""pose"": 29, ""object"": 23}, ""latency_ms"": {""pose"": 0, ""object"": 0}, ""svclat_ms"": {""pose"": 25.77, ""object"": 37.47}}, ""b2"": {""services"": [""pose"", ""object""], ""fps"": {""pose"": 30, ""object"": 30}, ""eff_fps"": {""pose"": 30, ""object"": 30}, ""latency_ms"": {""pose"": 0, ""object"": 0}, ""svclat_ms"": {""pose"": 23.91, ""object"": 23.59}}, ""b3"": {""services"": [""pose"", ""object""], ""fps"": {""pose"": 30, ""object"": 29}, ""eff_fps"": {""pose"": 30, ""object"": 29}, ""latency_ms"": {""pose"": 0, ""object"": 0}, ""svclat_ms"": {""pose"": 20.44, ""object"": 22.06}}, ""b4"": {""services"": [""pose"", ""object""], ""fps"": {""pose"": 29, ""object"": 29}, ""eff_fps"": {""pose"": 29, ""object"": 29}, ""latency_ms"": {""pose"": 0, ""object"": 0}, ""svclat_ms"": {""pose"": 19.87, ""object"": 21.54}}, ""b5"": {""services"": [""pose"", ""object""], ""fps"": {""pose"": 30, ""object"": 29}, ""eff_fps"": {""pose"": 30, ""object"": 29}, ""latency_ms"": {""pose"": 0, ""object"": 0}, ""svclat_ms"": {""pose"": 22.46, ""object"": 21.95}}, ""b6"": {""services"": [""pose"", ""object""], ""fps"": {""pose"": 30, ""object"": 22}, ""eff_fps"": {""pose"": 30, ""object"": 22}, ""latency_ms"": {""pose"": 0, ""object"": 0}, ""svclat_ms"": {""pose"": 21.91, ""object"": 37.68}}, ""b7"": {""services"": [""pose"", ""object""], ""fps"": {""pose"": 30, ""object"": 30}, ""eff_fps"": {""pose"": 30, ""object"": 30}, ""latency_ms"": {""pose"": 0, ""object"": 0}, ""svclat_ms"": {""pose"": 22.46, ""object"": 23.03}}, ""b8"": {""services"": [""pose"", ""object""], ""fps"": {""pose"": 30, ""object"": 29}, ""eff_fps"": {""pose"": 30, ""object"": 29}, ""latency_ms"": {""pose"": 0, ""object"": 0}, ""svclat_ms"": {""pose"": 25.45, ""object"": 21.52}}, ""b9"": {""services"": [""pose"", ""object""], ""fps"": {""pose"": 30, ""object"": 29}, ""eff_fps"": {""pose"": 30, ""object"": 29}, ""latency_ms"": {""pose"": 0, ""object"": 0}, ""svclat_ms"": {""pose"": 23.6, ""object"": 20.19}}, ""b10"": {""services"": [""pose"", ""object""], ""fps"": {""pose"": 30, ""object"": 29}, ""eff_fps"": {""pose"": 30, ""object"": 29}, ""latency_ms"": {""pose"": 0, ""object"": 0}, ""svclat_ms"": {""pose"": 24.85, ""object"": 21.59}}, ""b11"": {""services"": [""pose"", ""object""], ""fps"": {""pose"": 30, ""object"": 22}, ""eff_fps"": {""pose"": 30, ""object"": 22}, ""latency_ms"": {""pose"": 0, ""object"": 0}, ""svclat_ms"": {""pose"": 24.85, ""object"": 37.63}}, ""b12"": {""services"": [""pose"", ""object""], ""fps"": {""pose"": 0, ""object"": 0}, ""eff_fps"": {""pose"": 0, ""object"": 0}, ""latency_ms"": {""pose"": 0, ""object"": 0}, ""svclat_ms"": {""pose"": 0.0, ""object"": 0.0}}}"
211.0,12,12,1.0,0,0,11,17,12,0.706,1243.0,670.0,0.539,0.0,1.42,0.0,29.83,0,25.92,29.83,0,25.92,0,0,0,23.18,0,28.28,669,"{""ip-172-31-0-204"": ""healthy"", ""ip-172-31-1-171"": ""healthy"", ""ip-172-31-10-12"": ""healthy"", ""ip-172-31-11-132"": ""healthy"", ""ip-172-31-13-134"": ""healthy"", ""ip-172-31-14-68"": ""healthy"", ""ip-172-31-40-239"": ""healthy""}",subscribe,114.4,0.9306,0,0,"{""ip-172-31-1-171"": {""pose"": 1, ""object"": 1}, ""ip-172-31-14-68"": {""gesture"": 1, ""pose"": 1}, ""ip-172-31-11-132"": {""gesture"": 1, ""object"": 1, ""pose"": 1}, ""ip-172-31-0-204"": {""pose"": 1, ""object"": 1}, ""ip-172-31-10-12"": {""pose"": 1, ""object"": 1, ""gesture"": 1}, ""ip-172-31-13-134"": {""object"": 1, ""pose"": 1, ""gesture"": 1}, ""ip-172-31-40-239"": {""gesture"": 1, ""pose"": 1}}","{""b1"": {""services"": [""pose"", ""object""], ""fps"": {""pose"": 30, ""object"": 22}, ""eff_fps"": {""pose"": 30, ""object"": 22}, ""latency_ms"": {""pose"": 0, ""object"": 0}, ""svclat_ms"": {""pose"": 25.71, ""object"": 38.54}}, ""b2"": {""services"": [""pose"", ""object""], ""fps"": {""pose"": 30, ""object"": 23}, ""eff_fps"": {""pose"": 30, ""object"": 23}, ""latency_ms"": {""pose"": 0, ""object"": 0}, ""svclat_ms"": {""pose"": 24.21, ""object"": 30.14}}, ""b3"": {""services"": [""pose"", ""object""], ""fps"": {""pose"": 30, ""object"": 29}, ""eff_fps"": {""pose"": 30, ""object"": 29}, ""latency_ms"": {""pose"": 0, ""object"": 0}, ""svclat_ms"": {""pose"": 20.0, ""object"": 24.46}}, ""b4"": {""services"": [""pose"", ""object""], ""fps"": {""pose"": 30, ""object"": 29}, ""eff_fps"": {""pose"": 30, ""object"": 29}, ""latency_ms"": {""pose"": 0, ""object"": 0}, ""svclat_ms"": {""pose"": 19.74, ""object"": 21.66}}, ""b5"": {""services"": [""pose"", ""object""], ""fps"": {""pose"": 29, ""object"": 29}, ""eff_fps"": {""pose"": 29, ""object"": 29}, ""latency_ms"": {""pose"": 0, ""object"": 0}, ""svclat_ms"": {""pose"": 24.2, ""object"": 22.33}}, ""b6"": {""services"": [""pose"", ""object""], ""fps"": {""pose"": 30, ""object"": 23}, ""eff_fps"": {""pose"": 30, ""object"": 23}, ""latency_ms"": {""pose"": 0, ""object"": 0}, ""svclat_ms"": {""pose"": 22.26, ""object"": 36.25}}, ""b7"": {""services"": [""pose"", ""object""], ""fps"": {""pose"": 30, ""object"": 23}, ""eff_fps"": {""pose"": 30, ""object"": 23}, ""latency_ms"": {""pose"": 0, ""object"": 0}, ""svclat_ms"": {""pose"": 22.3, ""object"": 32.52}}, ""b8"": {""services"": [""pose"", ""object""], ""fps"": {""pose"": 30, ""object"": 29}, ""eff_fps"": {""pose"": 30, ""object"": 29}, ""latency_ms"": {""pose"": 0, ""object"": 0}, ""svclat_ms"": {""pose"": 25.36, ""object"": 26.31}}, ""b9"": {""services"": [""pose"", ""object""], ""fps"": {""pose"": 30, ""object"": 29}, ""eff_fps"": {""pose"": 30, ""object"": 29}, ""latency_ms"": {""pose"": 0, ""object"": 0}, ""svclat_ms"": {""pose"": 23.44, ""object"": 20.59}}, ""b10"": {""services"": [""pose"", ""object""], ""fps"": {""pose"": 30, ""object"": 29}, ""eff_fps"": {""pose"": 30, ""object"": 29}, ""latency_ms"": {""pose"": 0, ""object"": 0}, ""svclat_ms"": {""pose"": 24.42, ""object"": 22.05}}, ""b11"": {""services"": [""pose"", ""object""], ""fps"": {""pose"": 30, ""object"": 22}, ""eff_fps"": {""pose"": 30, ""object"": 22}, ""latency_ms"": {""pose"": 0, ""object"": 0}, ""svclat_ms"": {""pose"": 24.47, ""object"": 36.73}}, ""b12"": {""services"": [""pose"", ""object""], ""fps"": {""pose"": 29, ""object"": 24}, ""eff_fps"": {""pose"": 29, ""object"": 24}, ""latency_ms"": {""pose"": 0, ""object"": 0}, ""svclat_ms"": {""pose"": 22.04, ""object"": 27.83}}, ""b13"": {""services"": [""pose"", ""object""], ""fps"": {""pose"": 0, ""object"": 0}, ""eff_fps"": {""pose"": 0, ""object"": 0}, ""latency_ms"": {""pose"": 0, ""object"": 0}, ""svclat_ms"": {""pose"": 0.0, ""object"": 0.0}}}"
213.5,12,12,1.0,0,0,11,17,12,0.706,1243.0,670.0,0.539,0.0,1.42,0.0,29.92,0,26.08,29.92,0,26.08,0,0,0,23.79,0,26.82,672,"{""ip-172-31-0-204"": ""healthy"", ""ip-172-31-1-171"": ""healthy"", ""ip-172-31-10-12"": ""healthy"", ""ip-172-31-11-132"": ""healthy"", ""ip-172-31-13-134"": ""healthy"", ""ip-172-31-14-68"": ""healthy"", ""ip-172-31-40-239"": ""healthy""}",subscribe,114.4,0.9306,0,0,"{""ip-172-31-1-171"": {""pose"": 1, ""object"": 1}, ""ip-172-31-14-68"": {""gesture"": 1, ""pose"": 1}, ""ip-172-31-11-132"": {""gesture"": 1, ""object"": 1, ""pose"": 1}, ""ip-172-31-0-204"": {""pose"": 1, ""object"": 1}, ""ip-172-31-10-12"": {""pose"": 1, ""object"": 1, ""gesture"": 1}, ""ip-172-31-13-134"": {""object"": 1, ""pose"": 1, ""gesture"": 1}, ""ip-172-31-40-239"": {""gesture"": 1, ""pose"": 1}}","{""b1"": {""services"": [""pose"", ""object""], ""fps"": {""pose"": 30, ""object"": 23}, ""eff_fps"": {""pose"": 30, ""object"": 23}, ""latency_ms"": {""pose"": 0, ""object"": 0}, ""svclat_ms"": {""pose"": 25.42, ""object"": 27.66}}, ""b2"": {""services"": [""pose"", ""object""], ""fps"": {""pose"": 30, ""object"": 23}, ""eff_fps"": {""pose"": 30, ""object"": 23}, ""latency_ms"": {""pose"": 0, ""object"": 0}, ""svclat_ms"": {""pose"": 25.73, ""object"": 25.77}}, ""b3"": {""services"": [""pose"", ""object""], ""fps"": {""pose"": 30, ""object"": 29}, ""eff_fps"": {""pose"": 30, ""object"": 29}, ""latency_ms"": {""pose"": 0, ""object"": 0}, ""svclat_ms"": {""pose"": 20.25, ""object"": 25.2}}, ""b4"": {""services"": [""pose"", ""object""], ""fps"": {""pose"": 31, ""object"": 29}, ""eff_fps"": {""pose"": 31, ""object"": 29}, ""latency_ms"": {""pose"": 0, ""object"": 0}, ""svclat_ms"": {""pose"": 20.01, ""object"": 21.69}}, ""b5"": {""services"": [""pose"", ""object""], ""fps"": {""pose"": 29, ""object"": 29}, ""eff_fps"": {""pose"": 29, ""object"": 29}, ""latency_ms"": {""pose"": 0, ""object"": 0}, ""svclat_ms"": {""pose"": 25.14, ""object"": 22.62}}, ""b6"": {""services"": [""pose"", ""object""], ""fps"": {""pose"": 30, ""object"": 23}, ""eff_fps"": {""pose"": 30, ""object"": 23}, ""latency_ms"": {""pose"": 0, ""object"": 0}, ""svclat_ms"": {""pose"": 22.59, ""object"": 30.09}}, ""b7"": {""services"": [""pose"", ""object""], ""fps"": {""pose"": 30, ""object"": 23}, ""eff_fps"": {""pose"": 30, ""object"": 23}, ""latency_ms"": {""pose"": 0, ""object"": 0}, ""svclat_ms"": {""pose"": 22.95, ""object"": 34.32}}, ""b8"": {""services"": [""pose"", ""object""], ""fps"": {""pose"": 30, ""object"": 29}, ""eff_fps"": {""pose"": 30, ""object"": 29}, ""latency_ms"": {""pose"": 0, ""object"": 0}, ""svclat_ms"": {""pose"": 25.17, ""object"": 27.02}}, ""b9"": {""services"": [""pose"", ""object""], ""fps"": {""pose"": 30, ""object"": 29}, ""eff_fps"": {""pose"": 30, ""object"": 29}, ""latency_ms"": {""pose"": 0, ""object"": 0}, ""svclat_ms"": {""pose"": 25.4, ""object"": 20.8}}, ""b10"": {""services"": [""pose"", ""object""], ""fps"": {""pose"": 30, ""object"": 29}, ""eff_fps"": {""pose"": 30, ""object"": 29}, ""latency_ms"": {""pose"": 0, ""object"": 0}, ""svclat_ms"": {""pose"": 24.74, ""object"": 22.07}}, ""b11"": {""services"": [""pose"", ""object""], ""fps"": {""pose"": 30, ""object"": 23}, ""eff_fps"": {""pose"": 30, ""object"": 23}, ""latency_ms"": {""pose"": 0, ""object"": 0}, ""svclat_ms"": {""pose"": 24.72, ""object"": 29.51}}, ""b12"": {""services"": [""pose"", ""object""], ""fps"": {""pose"": 29, ""object"": 24}, ""eff_fps"": {""pose"": 29, ""object"": 24}, ""latency_ms"": {""pose"": 0, ""object"": 0}, ""svclat_ms"": {""pose"": 23.37, ""object"": 35.08}}, ""b13"": {""services"": [""pose"", ""object""], ""fps"": {""pose"": 0, ""object"": 0}, ""eff_fps"": {""pose"": 0, ""object"": 0}, ""latency_ms"": {""pose"": 0, ""object"": 0}, ""svclat_ms"": {""pose"": 0.0, ""object"": 0.0}}}"
216.0,13,12,0.923,0,0,11,17,12,0.706,1243.0,670.0,0.539,0.0,1.42,0.0,29.83,0,25.75,29.83,0,25.75,0,0,0,24.06,0,29.5,667,"{""ip-172-31-0-204"": ""healthy"", ""ip-172-31-1-171"": ""healthy"", ""ip-172-31-10-12"": ""healthy"", ""ip-172-31-11-132"": ""healthy"", ""ip-172-31-13-134"": ""healthy"", ""ip-172-31-14-68"": ""healthy"", ""ip-172-31-40-239"": ""healthy""}",subscribe,114.4,0.9306,0,0,"{""ip-172-31-1-171"": {""pose"": 1, ""object"": 1}, ""ip-172-31-14-68"": {""gesture"": 1, ""pose"": 1}, ""ip-172-31-11-132"": {""gesture"": 1, ""object"": 1, ""pose"": 1}, ""ip-172-31-0-204"": {""pose"": 1, ""object"": 1}, ""ip-172-31-10-12"": {""pose"": 1, ""object"": 1, ""gesture"": 1}, ""ip-172-31-13-134"": {""object"": 1, ""pose"": 1, ""gesture"": 1}, ""ip-172-31-40-239"": {""gesture"": 1, ""pose"": 1}}","{""b1"": {""services"": [""pose"", ""object""], ""fps"": {""pose"": 30, ""object"": 23}, ""eff_fps"": {""pose"": 30, ""object"": 23}, ""latency_ms"": {""pose"": 0, ""object"": 0}, ""svclat_ms"": {""pose"": 25.81, ""object"": 41.23}}, ""b2"": {""services"": [""pose"", ""object""], ""fps"": {""pose"": 30, ""object"": 23}, ""eff_fps"": {""pose"": 30, ""object"": 23}, ""latency_ms"": {""pose"": 0, ""object"": 0}, ""svclat_ms"": {""pose"": 25.41, ""object"": 27.43}}, ""b3"": {""services"": [""pose"", ""object""], ""fps"": {""pose"": 30, ""object"": 29}, ""eff_fps"": {""pose"": 30, ""object"": 29}, ""latency_ms"": {""pose"": 0, ""object"": 0}, ""svclat_ms"": {""pose"": 22.47, ""object"": 25.02}}, ""b4"": {""services"": [""pose"", ""object""], ""fps"": {""pose"": 30, ""object"": 29}, ""eff_fps"": {""pose"": 30, ""object"": 29}, ""latency_ms"": {""pose"": 0, ""object"": 0}, ""svclat_ms"": {""pose"": 20.99, ""object"": 20.83}}, ""b5"": {""services"": [""pose"", ""object""], ""fps"": {""pose"": 29, ""object"": 29}, ""eff_fps"": {""pose"": 29, ""object"": 29}, ""latency_ms"": {""pose"": 0, ""object"": 0}, ""svclat_ms"": {""pose"": 25.11, ""object"": 22.71}}, ""b6"": {""services"": [""pose"", ""object""], ""fps"": {""pose"": 30, ""object"": 22}, ""eff_fps"": {""pose"": 30, ""object"": 22}, ""latency_ms"": {""pose"": 0, ""object"": 0}, ""svclat_ms"": {""pose"": 21.71, ""object"": 40.07}}, ""b7"": {""services"": [""pose"", ""object""], ""fps"": {""pose"": 30, ""object"": 23}, ""eff_fps"": {""pose"": 30, ""object"": 23}, ""latency_ms"": {""pose"": 0, ""object"": 0}, ""svclat_ms"": {""pose"": 22.86, ""object"": 34.43}}, ""b8"": {""services"": [""pose"", ""object""], ""fps"": {""pose"": 30, ""object"": 29}, ""eff_fps"": {""pose"": 30, ""object"": 29}, ""latency_ms"": {""pose"": 0, ""object"": 0}, ""svclat_ms"": {""pose"": 25.19, ""object"": 27.3}}, ""b9"": {""services"": [""pose"", ""object""], ""fps"": {""pose"": 30, ""object"": 29}, ""eff_fps"": {""pose"": 30, ""object"": 29}, ""latency_ms"": {""pose"": 0, ""object"": 0}, ""svclat_ms"": {""pose"": 25.15, ""object"": 19.97}}, ""b10"": {""services"": [""pose"", ""object""], ""fps"": {""pose"": 30, ""object"": 29}, ""eff_fps"": {""pose"": 30, ""object"": 29}, ""latency_ms"": {""pose"": 0, ""object"": 0}, ""svclat_ms"": {""pose"": 23.78, ""object"": 21.8}}, ""b11"": {""services"": [""pose"", ""object""], ""fps"": {""pose"": 30, ""object"": 22}, ""eff_fps"": {""pose"": 30, ""object"": 22}, ""latency_ms"": {""pose"": 0, ""object"": 0}, ""svclat_ms"": {""pose"": 26.89, ""object"": 41.19}}, ""b12"": {""services"": [""pose"", ""object""], ""fps"": {""pose"": 29, ""object"": 22}, ""eff_fps"": {""pose"": 29, ""object"": 22}, ""latency_ms"": {""pose"": 0, ""object"": 0}, ""svclat_ms"": {""pose"": 23.31, ""object"": 32.0}}, ""b13"": {""services"": [""pose"", ""object""], ""fps"": {""pose"": 0, ""object"": 0}, ""eff_fps"": {""pose"": 0, ""object"": 0}, ""latency_ms"": {""pose"": 0, ""object"": 0}, ""svclat_ms"": {""pose"": 0.0, ""object"": 0.0}}, ""b14"": {""services"": [""pose"", ""object""], ""fps"": {""pose"": 0, ""object"": 0}, ""eff_fps"": {""pose"": 0, ""object"": 0}, ""latency_ms"": {""pose"": 0, ""object"": 0}, ""svclat_ms"": {""pose"": 0.0, ""object"": 0.0}}}"
218.4,13,12,0.923,0,0,11,17,12,0.706,1243.0,670.0,0.539,0.0,1.42,0.0,29.92,0,26.0,29.92,0,26.0,0,0,0,23.57,0,26.39,671,"{""ip-172-31-0-204"": ""healthy"", ""ip-172-31-1-171"": ""healthy"", ""ip-172-31-10-12"": ""healthy"", ""ip-172-31-11-132"": ""healthy"", ""ip-172-31-13-134"": ""healthy"", ""ip-172-31-14-68"": ""healthy"", ""ip-172-31-40-239"": ""healthy""}",subscribe,114.4,0.9306,0,0,"{""ip-172-31-1-171"": {""pose"": 1, ""object"": 1}, ""ip-172-31-14-68"": {""gesture"": 1, ""pose"": 1}, ""ip-172-31-11-132"": {""gesture"": 1, ""object"": 1, ""pose"": 1}, ""ip-172-31-0-204"": {""pose"": 1, ""object"": 1}, ""ip-172-31-10-12"": {""pose"": 1, ""object"": 1, ""gesture"": 1}, ""ip-172-31-13-134"": {""object"": 1, ""pose"": 1, ""gesture"": 1}, ""ip-172-31-40-239"": {""gesture"": 1, ""pose"": 1}}","{""b1"": {""services"": [""pose"", ""object""], ""fps"": {""pose"": 30, ""object"": 23}, ""eff_fps"": {""pose"": 30, ""object"": 23}, ""latency_ms"": {""pose"": 0, ""object"": 0}, ""svclat_ms"": {""pose"": 25.05, ""object"": 28.95}}, ""b2"": {""services"": [""pose"", ""object""], ""fps"": {""pose"": 30, ""object"": 23}, ""eff_fps"": {""pose"": 30, ""object"": 23}, ""latency_ms"": {""pose"": 0, ""object"": 0}, ""svclat_ms"": {""pose"": 24.88, ""object"": 31.32}}, ""b3"": {""services"": [""pose"", ""object""], ""fps"": {""pose"": 30, ""object"": 29}, ""eff_fps"": {""pose"": 30, ""object"": 29}, ""latency_ms"": {""pose"": 0, ""object"": 0}, ""svclat_ms"": {""pose"": 21.26, ""object"": 25.37}}, ""b4"": {""services"": [""pose"", ""object""], ""fps"": {""pose"": 31, ""object"": 29}, ""eff_fps"": {""pose"": 31, ""object"": 29}, ""latency_ms"": {""pose"": 0, ""object"": 0}, ""svclat_ms"": {""pose"": 20.0, ""object"": 21.96}}, ""b5"": {""services"": [""pose"", ""object""], ""fps"": {""pose"": 29, ""object"": 29}, ""eff_fps"": {""pose"": 29, ""object"": 29}, ""latency_ms"": {""pose"": 0, ""object"": 0}, ""svclat_ms"": {""pose"": 25.66, ""object"": 22.69}}, ""b6"": {""services"": [""pose"", ""object""], ""fps"": {""pose"": 30, ""object"": 24}, ""eff_fps"": {""pose"": 30, ""object"": 24}, ""latency_ms"": {""pose"": 0, ""object"": 0}, ""svclat_ms"": {""pose"": 22.32, ""object"": 27.99}}, ""b7"": {""services"": [""pose"", ""object""], ""fps"": {""pose"": 30, ""object"": 23}, ""eff_fps"": {""pose"": 30, ""object"": 23}, ""latency_ms"": {""pose"": 0, ""object"": 0}, ""svclat_ms"": {""pose"": 22.54, ""object"": 34.74}}, ""b8"": {""services"": [""pose"", ""object""], ""fps"": {""pose"": 30, ""object"": 29}, ""eff_fps"": {""pose"": 30, ""object"": 29}, ""latency_ms"": {""pose"": 0, ""object"": 0}, ""svclat_ms"": {""pose"": 24.84, ""object"": 26.78}}, ""b9"": {""services"": [""pose"", ""object""], ""fps"": {""pose"": 30, ""object"": 29}, ""eff_fps"": {""pose"": 30, ""object"": 29}, ""latency_ms"": {""pose"": 0, ""object"": 0}, ""svclat_ms"": {""pose"": 24.94, ""object"": 20.46}}, ""b10"": {""services"": [""pose"", ""object""], ""fps"": {""pose"": 30, ""object"": 29}, ""eff_fps"": {""pose"": 30, ""object"": 29}, ""latency_ms"": {""pose"": 0, ""object"": 0}, ""svclat_ms"": {""pose"": 22.1, ""object"": 22.28}}, ""b11"": {""services"": [""pose"", ""object""], ""fps"": {""pose"": 30, ""object"": 23}, ""eff_fps"": {""pose"": 30, ""object"": 23}, ""latency_ms"": {""pose"": 0, ""object"": 0}, ""svclat_ms"": {""pose"": 24.87, ""object"": 27.67}}, ""b12"": {""services"": [""pose"", ""object""], ""fps"": {""pose"": 29, ""object"": 22}, ""eff_fps"": {""pose"": 29, ""object"": 22}, ""latency_ms"": {""pose"": 0, ""object"": 0}, ""svclat_ms"": {""pose"": 24.43, ""object"": 26.48}}, ""b13"": {""services"": [""pose"", ""object""], ""fps"": {""pose"": 0, ""object"": 0}, ""eff_fps"": {""pose"": 0, ""object"": 0}, ""latency_ms"": {""pose"": 0, ""object"": 0}, ""svclat_ms"": {""pose"": 0.0, ""object"": 0.0}}, ""b14"": {""services"": [""pose"", ""object""], ""fps"": {""pose"": 0, ""object"": 0}, ""eff_fps"": {""pose"": 0, ""object"": 0}, ""latency_ms"": {""pose"": 0, ""object"": 0}, ""svclat_ms"": {""pose"": 0.0, ""object"": 0.0}}}"
220.8,13,12,0.923,0,0,11,17,12,0.706,1243.0,670.0,0.539,0.0,1.42,0.0,29.83,0,26.08,29.83,0,26.08,0,0,0,23.19,0,28.89,671,"{""ip-172-31-0-204"": ""healthy"", ""ip-172-31-1-171"": ""healthy"", ""ip-172-31-10-12"": ""healthy"", ""ip-172-31-11-132"": ""healthy"", ""ip-172-31-13-134"": ""healthy"", ""ip-172-31-14-68"": ""healthy"", ""ip-172-31-40-239"": ""healthy""}",subscribe,114.4,0.9306,0,0,"{""ip-172-31-1-171"": {""pose"": 1, ""object"": 1}, ""ip-172-31-14-68"": {""gesture"": 1, ""pose"": 1}, ""ip-172-31-11-132"": {""gesture"": 1, ""object"": 1, ""pose"": 1}, ""ip-172-31-0-204"": {""pose"": 1, ""object"": 1}, ""ip-172-31-10-12"": {""pose"": 1, ""object"": 1, ""gesture"": 1}, ""ip-172-31-13-134"": {""object"": 1, ""pose"": 1, ""gesture"": 1}, ""ip-172-31-40-239"": {""gesture"": 1, ""pose"": 1}}","{""b1"": {""services"": [""pose"", ""object""], ""fps"": {""pose"": 30, ""object"": 23}, ""eff_fps"": {""pose"": 30, ""object"": 23}, ""latency_ms"": {""pose"": 0, ""object"": 0}, ""svclat_ms"": {""pose"": 25.85, ""object"": 43.07}}, ""b2"": {""services"": [""pose"", ""object""], ""fps"": {""pose"": 30, ""object"": 23}, ""eff_fps"": {""pose"": 30, ""object"": 23}, ""latency_ms"": {""pose"": 0, ""object"": 0}, ""svclat_ms"": {""pose"": 24.8, ""object"": 26.9}}, ""b3"": {""services"": [""pose"", ""object""], ""fps"": {""pose"": 30, ""object"": 29}, ""eff_fps"": {""pose"": 30, ""object"": 29}, ""latency_ms"": {""pose"": 0, ""object"": 0}, ""svclat_ms"": {""pose"": 20.64, ""object"": 24.43}}, ""b4"": {""services"": [""pose"", ""object""], ""fps"": {""pose"": 30, ""object"": 29}, ""eff_fps"": {""pose"": 30, ""object"": 29}, ""latency_ms"": {""pose"": 0, ""object"": 0}, ""svclat_ms"": {""pose"": 19.8, ""object"": 21.11}}, ""b5"": {""services"": [""pose"", ""object""], ""fps"": {""pose"": 29, ""object"": 30}, ""eff_fps"": {""pose"": 29, ""object"": 30}, ""latency_ms"": {""pose"": 0, ""object"": 0}, ""svclat_ms"": {""pose"": 24.46, ""object"": 22.1}}, ""b6"": {""services"": [""pose"", ""object""], ""fps"": {""pose"": 30, ""object"": 23}, ""eff_fps"": {""pose"": 30, ""object"": 23}, ""latency_ms"": {""pose"": 0, ""object"": 0}, ""svclat_ms"": {""pose"": 22.08, ""object"": 38.32}}, ""b7"": {""services"": [""pose"", ""object""], ""fps"": {""pose"": 30, ""object"": 23}, ""eff_fps"": {""pose"": 30, ""object"": 23}, ""latency_ms"": {""pose"": 0, ""object"": 0}, ""svclat_ms"": {""pose"": 22.55, ""object"": 34.81}}, ""b8"": {""services"": [""pose"", ""object""], ""fps"": {""pose"": 30, ""object"": 29}, ""eff_fps"": {""pose"": 30, ""object"": 29}, ""latency_ms"": {""pose"": 0, ""object"": 0}, ""svclat_ms"": {""pose"": 24.98, ""object"": 26.38}}, ""b9"": {""services"": [""pose"", ""object""], ""fps"": {""pose"": 30, ""object"": 29}, ""eff_fps"": {""pose"": 30, ""object"": 29}, ""latency_ms"": {""pose"": 0, ""object"": 0}, ""svclat_ms"": {""pose"": 24.73, ""object"": 19.85}}, ""b10"": {""services"": [""pose"", ""object""], ""fps"": {""pose"": 30, ""object"": 29}, ""eff_fps"": {""pose"": 30, ""object"": 29}, ""latency_ms"": {""pose"": 0, ""object"": 0}, ""svclat_ms"": {""pose"": 21.1, ""object"": 21.62}}, ""b11"": {""services"": [""pose"", ""object""], ""fps"": {""pose"": 30, ""object"": 23}, ""eff_fps"": {""pose"": 30, ""object"": 23}, ""latency_ms"": {""pose"": 0, ""object"": 0}, ""svclat_ms"": {""pose"": 24.78, ""object"": 37.74}}, ""b12"": {""services"": [""pose"", ""object""], ""fps"": {""pose"": 29, ""object"": 23}, ""eff_fps"": {""pose"": 29, ""object"": 23}, ""latency_ms"": {""pose"": 0, ""object"": 0}, ""svclat_ms"": {""pose"": 22.55, ""object"": 30.35}}, ""b13"": {""services"": [""pose"", ""object""], ""fps"": {""pose"": 0, ""object"": 0}, ""eff_fps"": {""pose"": 0, ""object"": 0}, ""latency_ms"": {""pose"": 0, ""object"": 0}, ""svclat_ms"": {""pose"": 0.0, ""object"": 0.0}}, ""b14"": {""services"": [""pose"", ""object""], ""fps"": {""pose"": 0, ""object"": 0}, ""eff_fps"": {""pose"": 0, ""object"": 0}, ""latency_ms"": {""pose"": 0, ""object"": 0}, ""svclat_ms"": {""pose"": 0.0, ""object"": 0.0}}, ""b15"": {""services"": [""pose"", ""object""], ""fps"": {""pose"": 0, ""object"": 0}, ""eff_fps"": {""pose"": 0, ""object"": 0}, ""latency_ms"": {""pose"": 0, ""object"": 0}, ""svclat_ms"": {""pose"": 0.0, ""object"": 0.0}}}"
223.2,13,12,0.923,0,0,11,17,12,0.706,1243.0,670.0,0.539,0.0,1.42,0.0,29.83,0,26.17,29.83,0,26.17,0,0,0,23.07,0,26.93,672,"{""ip-172-31-0-204"": ""healthy"", ""ip-172-31-1-171"": ""healthy"", ""ip-172-31-10-12"": ""healthy"", ""ip-172-31-11-132"": ""healthy"", ""ip-172-31-13-134"": ""healthy"", ""ip-172-31-14-68"": ""healthy"", ""ip-172-31-40-239"": ""healthy""}",subscribe,114.4,0.9306,0,0,"{""ip-172-31-1-171"": {""pose"": 1, ""object"": 1}, ""ip-172-31-14-68"": {""gesture"": 1, ""pose"": 1}, ""ip-172-31-11-132"": {""gesture"": 1, ""object"": 1, ""pose"": 1}, ""ip-172-31-0-204"": {""pose"": 1, ""object"": 1}, ""ip-172-31-10-12"": {""pose"": 1, ""object"": 1, ""gesture"": 1}, ""ip-172-31-13-134"": {""object"": 1, ""pose"": 1, ""gesture"": 1}, ""ip-172-31-40-239"": {""gesture"": 1, ""pose"": 1}}","{""b1"": {""services"": [""pose"", ""object""], ""fps"": {""pose"": 30, ""object"": 23}, ""eff_fps"": {""pose"": 30, ""object"": 23}, ""latency_ms"": {""pose"": 0, ""object"": 0}, ""svclat_ms"": {""pose"": 26.0, ""object"": 30.43}}, ""b2"": {""services"": [""pose"", ""object""], ""fps"": {""pose"": 30, ""object"": 23}, ""eff_fps"": {""pose"": 30, ""object"": 23}, ""latency_ms"": {""pose"": 0, ""object"": 0}, ""svclat_ms"": {""pose"": 24.2, ""object"": 29.99}}, ""b3"": {""services"": [""pose"", ""object""], ""fps"": {""pose"": 30, ""object"": 29}, ""eff_fps"": {""pose"": 30, ""object"": 29}, ""latency_ms"": {""pose"": 0, ""object"": 0}, ""svclat_ms"": {""pose"": 20.98, ""object"": 24.91}}, ""b4"": {""services"": [""pose"", ""object""], ""fps"": {""pose"": 30, ""object"": 29}, ""eff_fps"": {""pose"": 30, ""object"": 29}, ""latency_ms"": {""pose"": 0, ""object"": 0}, ""svclat_ms"": {""pose"": 19.82, ""object"": 20.94}}, ""b5"": {""services"": [""pose"", ""object""], ""fps"": {""pose"": 29, ""object"": 29}, ""eff_fps"": {""pose"": 29, ""object"": 29}, ""latency_ms"": {""pose"": 0, ""object"": 0}, ""svclat_ms"": {""pose"": 24.43, ""object"": 22.03}}, ""b6"": {""services"": [""pose"", ""object""], ""fps"": {""pose"": 30, ""object"": 23}, ""eff_fps"": {""pose"": 30, ""object"": 23}, ""latency_ms"": {""pose"": 0, ""object"": 0}, ""svclat_ms"": {""pose"": 22.04, ""object"": 32.18}}, ""b7"": {""services"": [""pose"", ""object""], ""fps"": {""pose"": 30, ""object"": 23}, ""eff_fps"": {""pose"": 30, ""object"": 23}, ""latency_ms"": {""pose"": 0, ""object"": 0}, ""svclat_ms"": {""pose"": 22.31, ""object"": 35.3}}, ""b8"": {""services"": [""pose"", ""object""], ""fps"": {""pose"": 30, ""object"": 29}, ""eff_fps"": {""pose"": 30, ""object"": 29}, ""latency_ms"": {""pose"": 0, ""object"": 0}, ""svclat_ms"": {""pose"": 24.8, ""object"": 26.63}}, ""b9"": {""services"": [""pose"", ""object""], ""fps"": {""pose"": 30, ""object"": 29}, ""eff_fps"": {""pose"": 30, ""object"": 29}, ""latency_ms"": {""pose"": 0, ""object"": 0}, ""svclat_ms"": {""pose"": 24.26, ""object"": 19.99}}, ""b10"": {""services"": [""pose"", ""object""], ""fps"": {""pose"": 30, ""object"": 29}, ""eff_fps"": {""pose"": 30, ""object"": 29}, ""latency_ms"": {""pose"": 0, ""object"": 0}, ""svclat_ms"": {""pose"": 21.4, ""object"": 21.56}}, ""b11"": {""services"": [""pose"", ""object""], ""fps"": {""pose"": 30, ""object"": 24}, ""eff_fps"": {""pose"": 30, ""object"": 24}, ""latency_ms"": {""pose"": 0, ""object"": 0}, ""svclat_ms"": {""pose"": 24.61, ""object"": 31.49}}, ""b12"": {""services"": [""pose"", ""object""], ""fps"": {""pose"": 29, ""object"": 24}, ""eff_fps"": {""pose"": 29, ""object"": 24}, ""latency_ms"": {""pose"": 0, ""object"": 0}, ""svclat_ms"": {""pose"": 21.95, ""object"": 27.66}}, ""b13"": {""services"": [""pose"", ""object""], ""fps"": {""pose"": 0, ""object"": 0}, ""eff_fps"": {""pose"": 0, ""object"": 0}, ""latency_ms"": {""pose"": 0, ""object"": 0}, ""svclat_ms"": {""pose"": 0.0, ""object"": 0.0}}, ""b14"": {""services"": [""pose"", ""object""], ""fps"": {""pose"": 0, ""object"": 0}, ""eff_fps"": {""pose"": 0, ""object"": 0}, ""latency_ms"": {""pose"": 0, ""object"": 0}, ""svclat_ms"": {""pose"": 0.0, ""object"": 0.0}}, ""b15"": {""services"": [""pose"", ""object""], ""fps"": {""pose"": 0, ""object"": 0}, ""eff_fps"": {""pose"": 0, ""object"": 0}, ""latency_ms"": {""pose"": 0, ""object"": 0}, ""svclat_ms"": {""pose"": 0.0, ""object"": 0.0}}}"
227.3,13,12,0.923,0,0,11,17,12,0.706,1243.0,670.0,0.539,0.0,1.42,0.0,30.0,0,29.85,30.0,0,29.85,0,0,0,24.65,0,23.78,778,"{""ip-172-31-0-204"": ""healthy"", ""ip-172-31-1-171"": ""healthy"", ""ip-172-31-10-12"": ""healthy"", ""ip-172-31-11-132"": ""healthy"", ""ip-172-31-13-134"": ""healthy"", ""ip-172-31-14-68"": ""healthy"", ""ip-172-31-40-239"": ""healthy""}",subscribe,114.4,0.9306,0,0,"{""ip-172-31-1-171"": {""pose"": 1, ""object"": 1}, ""ip-172-31-14-68"": {""gesture"": 1, ""pose"": 1}, ""ip-172-31-11-132"": {""gesture"": 1, ""object"": 1, ""pose"": 1}, ""ip-172-31-0-204"": {""pose"": 1, ""object"": 1}, ""ip-172-31-10-12"": {""pose"": 1, ""object"": 1, ""gesture"": 1}, ""ip-172-31-13-134"": {""object"": 1, ""pose"": 1, ""gesture"": 1}, ""ip-172-31-40-239"": {""gesture"": 1, ""pose"": 1}}","{""b1"": {""services"": [""pose"", ""object""], ""fps"": {""pose"": 30, ""object"": 30}, ""eff_fps"": {""pose"": 30, ""object"": 30}, ""latency_ms"": {""pose"": 0, ""object"": 0}, ""svclat_ms"": {""pose"": 23.78, ""object"": 24.23}}, ""b2"": {""services"": [""pose"", ""object""], ""fps"": {""pose"": 30, ""object"": 30}, ""eff_fps"": {""pose"": 30, ""object"": 30}, ""latency_ms"": {""pose"": 0, ""object"": 0}, ""svclat_ms"": {""pose"": 24.76, ""object"": 24.6}}, ""b3"": {""services"": [""pose"", ""object""], ""fps"": {""pose"": 30, ""object"": 30}, ""eff_fps"": {""pose"": 30, ""object"": 30}, ""latency_ms"": {""pose"": 0, ""object"": 0}, ""svclat_ms"": {""pose"": 24.75, ""object"": 25.57}}, ""b4"": {""services"": [""pose"", ""object""], ""fps"": {""pose"": 30, ""object"": 30}, ""eff_fps"": {""pose"": 30, ""object"": 30}, ""latency_ms"": {""pose"": 0, ""object"": 0}, ""svclat_ms"": {""pose"": 25.68, ""object"": 23.97}}, ""b5"": {""services"": [""pose"", ""object""], ""fps"": {""pose"": 30, ""object"": 30}, ""eff_fps"": {""pose"": 30, ""object"": 30}, ""latency_ms"": {""pose"": 0, ""object"": 0}, ""svclat_ms"": {""pose"": 27.38, ""object"": 25.33}}, ""b6"": {""services"": [""pose"", ""object""], ""fps"": {""pose"": 30, ""object"": 30}, ""eff_fps"": {""pose"": 30, ""object"": 30}, ""latency_ms"": {""pose"": 0, ""object"": 0}, ""svclat_ms"": {""pose"": 25.46, ""object"": 22.18}}, ""b7"": {""services"": [""pose"", ""object""], ""fps"": {""pose"": 30, ""object"": 30}, ""eff_fps"": {""pose"": 30, ""object"": 30}, ""latency_ms"": {""pose"": 0, ""object"": 0}, ""svclat_ms"": {""pose"": 20.22, ""object"": 16.81}}, ""b8"": {""services"": [""pose"", ""object""], ""fps"": {""pose"": 30, ""object"": 30}, ""eff_fps"": {""pose"": 30, ""object"": 30}, ""latency_ms"": {""pose"": 0, ""object"": 0}, ""svclat_ms"": {""pose"": 22.98, ""object"": 24.72}}, ""b9"": {""services"": [""pose"", ""object""], ""fps"": {""pose"": 30, ""object"": 30}, ""eff_fps"": {""pose"": 30, ""object"": 30}, ""latency_ms"": {""pose"": 0, ""object"": 0}, ""svclat_ms"": {""pose"": 24.9, ""object"": 23.57}}, ""b10"": {""services"": [""pose"", ""object""], ""fps"": {""pose"": 30, ""object"": 29}, ""eff_fps"": {""pose"": 30, ""object"": 29}, ""latency_ms"": {""pose"": 0, ""object"": 0}, ""svclat_ms"": {""pose"": 24.79, ""object"": 25.48}}, ""b11"": {""services"": [""pose"", ""object""], ""fps"": {""pose"": 30, ""object"": 30}, ""eff_fps"": {""pose"": 30, ""object"": 30}, ""latency_ms"": {""pose"": 0, ""object"": 0}, ""svclat_ms"": {""pose"": 25.12, ""object"": 27.2}}, ""b12"": {""services"": [""pose"", ""object""], ""fps"": {""pose"": 30, ""object"": 30}, ""eff_fps"": {""pose"": 30, ""object"": 30}, ""latency_ms"": {""pose"": 0, ""object"": 0}, ""svclat_ms"": {""pose"": 25.58, ""object"": 24.61}}, ""b13"": {""services"": [""pose"", ""object""], ""fps"": {""pose"": 30, ""object"": 29}, ""eff_fps"": {""pose"": 30, ""object"": 29}, ""latency_ms"": {""pose"": 0, ""object"": 0}, ""svclat_ms"": {""pose"": 25.01, ""object"": 20.87}}, ""b14"": {""services"": [""pose"", ""object""], ""fps"": {""pose"": 0, ""object"": 0}, ""eff_fps"": {""pose"": 0, ""object"": 0}, ""latency_ms"": {""pose"": 0, ""object"": 0}, ""svclat_ms"": {""pose"": 0.0, ""object"": 0.0}}, ""b15"": {""services"": [""pose"", ""object""], ""fps"": {""pose"": 0, ""object"": 0}, ""eff_fps"": {""pose"": 0, ""object"": 0}, ""latency_ms"": {""pose"": 0, ""object"": 0}, ""svclat_ms"": {""pose"": 0.0, ""object"": 0.0}}}"
232.4,14,14,1.0,0,0,11,15,14,0.933,1037.0,836.0,0.806,0.0,1.07,0.0,28.93,0,28.93,28.93,0,28.93,0,0,0,24.13,0,24.05,810,"{""ip-172-31-0-204"": ""healthy"", ""ip-172-31-1-171"": ""healthy"", ""ip-172-31-10-12"": ""healthy"", ""ip-172-31-11-132"": ""healthy"", ""ip-172-31-13-134"": ""healthy"", ""ip-172-31-14-68"": ""healthy"", ""ip-172-31-40-239"": ""healthy""}",subscribe,125.1,0.9952,0,0,"{""ip-172-31-1-171"": {""pose"": 1, ""object"": 1}, ""ip-172-31-14-68"": {""pose"": 1, ""object"": 1}, ""ip-172-31-0-204"": {""pose"": 1, ""object"": 1}, ""ip-172-31-10-12"": {""pose"": 1, ""object"": 1}, ""ip-172-31-11-132"": {""object"": 1, ""pose"": 1}, ""ip-172-31-13-134"": {""object"": 1, ""pose"": 1}, ""ip-172-31-40-239"": {""gesture"": 1, ""pose"": 1, ""object"": 1}}","{""b2"": {""services"": [""pose"", ""object""], ""fps"": {""pose"": 30, ""object"": 30}, ""eff_fps"": {""pose"": 30, ""object"": 30}, ""latency_ms"": {""pose"": 0, ""object"": 0}, ""svclat_ms"": {""pose"": 23.79, ""object"": 24.66}}, ""b3"": {""services"": [""pose"", ""object""], ""fps"": {""pose"": 31, ""object"": 30}, ""eff_fps"": {""pose"": 31, ""object"": 30}, ""latency_ms"": {""pose"": 0, ""object"": 0}, ""svclat_ms"": {""pose"": 24.73, ""object"": 25.57}}, ""b4"": {""services"": [""pose"", ""object""], ""fps"": {""pose"": 30, ""object"": 30}, ""eff_fps"": {""pose"": 30, ""object"": 30}, ""latency_ms"": {""pose"": 0, ""object"": 0}, ""svclat_ms"": {""pose"": 24.69, ""object"": 25.21}}, ""b5"": {""services"": [""pose"", ""object""], ""fps"": {""pose"": 30, ""object"": 30}, ""eff_fps"": {""pose"": 30, ""object"": 30}, ""latency_ms"": {""pose"": 0, ""object"": 0}, ""svclat_ms"": {""pose"": 25.29, ""object"": 23.76}}, ""b6"": {""services"": [""pose"", ""object""], ""fps"": {""pose"": 30, ""object"": 30}, ""eff_fps"": {""pose"": 30, ""object"": 30}, ""latency_ms"": {""pose"": 0, ""object"": 0}, ""svclat_ms"": {""pose"": 24.43, ""object"": 23.95}}, ""b7"": {""services"": [""pose"", ""object""], ""fps"": {""pose"": 29, ""object"": 29}, ""eff_fps"": {""pose"": 29, ""object"": 29}, ""latency_ms"": {""pose"": 0, ""object"": 0}, ""svclat_ms"": {""pose"": 25.49, ""object"": 22.2}}, ""b8"": {""services"": [""pose"", ""object""], ""fps"": {""pose"": 23, ""object"": 24}, ""eff_fps"": {""pose"": 23, ""object"": 24}, ""latency_ms"": {""pose"": 0, ""object"": 0}, ""svclat_ms"": {""pose"": 22.13, ""object"": 24.92}}, ""b9"": {""services"": [""pose"", ""object""], ""fps"": {""pose"": 30, ""object"": 30}, ""eff_fps"": {""pose"": 30, ""object"": 30}, ""latency_ms"": {""pose"": 0, ""object"": 0}, ""svclat_ms"": {""pose"": 23.97, ""object"": 23.98}}, ""b10"": {""services"": [""pose"", ""object""], ""fps"": {""pose"": 30, ""object"": 30}, ""eff_fps"": {""pose"": 30, ""object"": 30}, ""latency_ms"": {""pose"": 0, ""object"": 0}, ""svclat_ms"": {""pose"": 23.87, ""object"": 24.5}}, ""b11"": {""services"": [""pose"", ""object""], ""fps"": {""pose"": 30, ""object"": 30}, ""eff_fps"": {""pose"": 30, ""object"": 30}, ""latency_ms"": {""pose"": 0, ""object"": 0}, ""svclat_ms"": {""pose"": 25.16, ""object"": 25.78}}, ""b12"": {""services"": [""pose"", ""object""], ""fps"": {""pose"": 30, ""object"": 30}, ""eff_fps"": {""pose"": 30, ""object"": 30}, ""latency_ms"": {""pose"": 0, ""object"": 0}, ""svclat_ms"": {""pose"": 24.95, ""object"": 22.46}}, ""b13"": {""services"": [""pose"", ""object""], ""fps"": {""pose"": 30, ""object"": 30}, ""eff_fps"": {""pose"": 30, ""object"": 30}, ""latency_ms"": {""pose"": 0, ""object"": 0}, ""svclat_ms"": {""pose"": 24.75, ""object"": 24.09}}, ""b14"": {""services"": [""pose"", ""object""], ""fps"": {""pose"": 29, ""object"": 29}, ""eff_fps"": {""pose"": 29, ""object"": 29}, ""latency_ms"": {""pose"": 0, ""object"": 0}, ""svclat_ms"": {""pose"": 21.53, ""object"": 21.57}}, ""b15"": {""services"": [""pose"", ""object""], ""fps"": {""pose"": 23, ""object"": 23}, ""eff_fps"": {""pose"": 23, ""object"": 23}, ""latency_ms"": {""pose"": 0, ""object"": 0}, ""svclat_ms"": {""pose"": 23.1, ""object"": 24.08}}}"
237.3,14,14,1.0,0,0,11,15,14,0.933,1037.0,836,0.806,0.0,1.07,0.0,29.92,0,29.85,29.92,0,29.85,0,0,0,24.42,0,24.54,777,"{""ip-172-31-0-204"": ""healthy"", ""ip-172-31-1-171"": ""healthy"", ""ip-172-31-10-12"": ""healthy"", ""ip-172-31-11-132"": ""healthy"", ""ip-172-31-13-134"": ""healthy"", ""ip-172-31-14-68"": ""healthy"", ""ip-172-31-40-239"": ""healthy""}",unsubscribe,126.7,0.9952,0,0,"{""ip-172-31-1-171"": {""pose"": 1, ""object"": 1}, ""ip-172-31-14-68"": {""pose"": 1, ""object"": 1}, ""ip-172-31-0-204"": {""pose"": 1, ""object"": 1}, ""ip-172-31-10-12"": {""pose"": 1, ""object"": 1}, ""ip-172-31-11-132"": {""object"": 1, ""pose"": 1}, ""ip-172-31-13-134"": {""object"": 1, ""pose"": 1}, ""ip-172-31-40-239"": {""gesture"": 1, ""pose"": 1, ""object"": 1}}","{""b3"": {""services"": [""pose"", ""object""], ""fps"": {""pose"": 30, ""object"": 30}, ""eff_fps"": {""pose"": 30, ""object"": 30}, ""latency_ms"": {""pose"": 0, ""object"": 0}, ""svclat_ms"": {""pose"": 24.88, ""object"": 24.53}}, ""b4"": {""services"": [""pose"", ""object""], ""fps"": {""pose"": 30, ""object"": 30}, ""eff_fps"": {""pose"": 30, ""object"": 30}, ""latency_ms"": {""pose"": 0, ""object"": 0}, ""svclat_ms"": {""pose"": 25.32, ""object"": 25.84}}, ""b5"": {""services"": [""pose"", ""object""], ""fps"": {""pose"": 30, ""object"": 30}, ""eff_fps"": {""pose"": 30, ""object"": 30}, ""latency_ms"": {""pose"": 0, ""object"": 0}, ""svclat_ms"": {""pose"": 25.32, ""object"": 23.88}}, ""b6"": {""services"": [""pose"", ""object""], ""fps"": {""pose"": 30, ""object"": 30}, ""eff_fps"": {""pose"": 30, ""object"": 30}, ""latency_ms"": {""pose"": 0, ""object"": 0}, ""svclat_ms"": {""pose"": 24.66, ""object"": 24.92}}, ""b7"": {""services"": [""pose"", ""object""], ""fps"": {""pose"": 30, ""object"": 29}, ""eff_fps"": {""pose"": 30, ""object"": 29}, ""latency_ms"": {""pose"": 0, ""object"": 0}, ""svclat_ms"": {""pose"": 25.57, ""object"": 24.54}}, ""b8"": {""services"": [""pose"", ""object""], ""fps"": {""pose"": 30, ""object"": 30}, ""eff_fps"": {""pose"": 30, ""object"": 30}, ""latency_ms"": {""pose"": 0, ""object"": 0}, ""svclat_ms"": {""pose"": 24.61, ""object"": 25.75}}, ""b9"": {""services"": [""pose"", ""object""], ""fps"": {""pose"": 30, ""object"": 30}, ""eff_fps"": {""pose"": 30, ""object"": 30}, ""latency_ms"": {""pose"": 0, ""object"": 0}, ""svclat_ms"": {""pose"": 20.06, ""object"": 20.66}}, ""b10"": {""services"": [""pose"", ""object""], ""fps"": {""pose"": 30, ""object"": 30}, ""eff_fps"": {""pose"": 30, ""object"": 30}, ""latency_ms"": {""pose"": 0, ""object"": 0}, ""svclat_ms"": {""pose"": 24.1, ""object"": 24.18}}, ""b11"": {""services"": [""pose"", ""object""], ""fps"": {""pose"": 30, ""object"": 30}, ""eff_fps"": {""pose"": 30, ""object"": 30}, ""latency_ms"": {""pose"": 0, ""object"": 0}, ""svclat_ms"": {""pose"": 25.61, ""object"": 26.59}}, ""b12"": {""services"": [""pose"", ""object""], ""fps"": {""pose"": 30, ""object"": 30}, ""eff_fps"": {""pose"": 30, ""object"": 30}, ""latency_ms"": {""pose"": 0, ""object"": 0}, ""svclat_ms"": {""pose"": 24.53, ""object"": 23.64}}, ""b13"": {""services"": [""pose"", ""object""], ""fps"": {""pose"": 30, ""object"": 30}, ""eff_fps"": {""pose"": 30, ""object"": 30}, ""latency_ms"": {""pose"": 0, ""object"": 0}, ""svclat_ms"": {""pose"": 25.02, ""object"": 24.97}}, ""b14"": {""services"": [""pose"", ""object""], ""fps"": {""pose"": 29, ""object"": 29}, ""eff_fps"": {""pose"": 29, ""object"": 29}, ""latency_ms"": {""pose"": 0, ""object"": 0}, ""svclat_ms"": {""pose"": 22.41, ""object"": 23.27}}, ""b15"": {""services"": [""pose"", ""object""], ""fps"": {""pose"": 30, ""object"": 30}, ""eff_fps"": {""pose"": 30, ""object"": 30}, ""latency_ms"": {""pose"": 0, ""object"": 0}, ""svclat_ms"": {""pose"": 25.41, ""object"": 26.31}}}"
241.1,12,12,1.0,0,0,11,15,14,0.933,1037.0,716,0.69,0.0,1.25,0.0,29.83,0,29.92,29.83,0,29.92,0,0,0,23.5,0,23.28,717,"{""ip-172-31-0-204"": ""healthy"", ""ip-172-31-1-171"": ""healthy"", ""ip-172-31-10-12"": ""healthy"", ""ip-172-31-11-132"": ""healthy"", ""ip-172-31-13-134"": ""healthy"", ""ip-172-31-14-68"": ""healthy"", ""ip-172-31-40-239"": ""healthy""}",unsubscribe,115.8,0.9944,0,0,"{""ip-172-31-1-171"": {""pose"": 1, ""object"": 1}, ""ip-172-31-14-68"": {""pose"": 1, ""object"": 1}, ""ip-172-31-0-204"": {""pose"": 1, ""object"": 1}, ""ip-172-31-10-12"": {""pose"": 1, ""object"": 1}, ""ip-172-31-11-132"": {""object"": 1, ""pose"": 1}, ""ip-172-31-13-134"": {""object"": 1, ""pose"": 1}, ""ip-172-31-40-239"": {""gesture"": 1, ""pose"": 1, ""object"": 1}}","{""b4"": {""services"": [""pose"", ""object""], ""fps"": {""pose"": 30, ""object"": 30}, ""eff_fps"": {""pose"": 30, ""object"": 30}, ""latency_ms"": {""pose"": 0, ""object"": 0}, ""svclat_ms"": {""pose"": 26.07, ""object"": 24.84}}, ""b5"": {""services"": [""pose"", ""object""], ""fps"": {""pose"": 30, ""object"": 30}, ""eff_fps"": {""pose"": 30, ""object"": 30}, ""latency_ms"": {""pose"": 0, ""object"": 0}, ""svclat_ms"": {""pose"": 24.7, ""object"": 22.76}}, ""b6"": {""services"": [""pose"", ""object""], ""fps"": {""pose"": 30, ""object"": 30}, ""eff_fps"": {""pose"": 30, ""object"": 30}, ""latency_ms"": {""pose"": 0, ""object"": 0}, ""svclat_ms"": {""pose"": 24.31, ""object"": 24.67}}, ""b7"": {""services"": [""pose"", ""object""], ""fps"": {""pose"": 28, ""object"": 29}, ""eff_fps"": {""pose"": 28, ""object"": 29}, ""latency_ms"": {""pose"": 0, ""object"": 0}, ""svclat_ms"": {""pose"": 22.26, ""object"": 22.32}}, ""b8"": {""services"": [""pose"", ""object""], ""fps"": {""pose"": 31, ""object"": 31}, ""eff_fps"": {""pose"": 31, ""object"": 31}, ""latency_ms"": {""pose"": 0, ""object"": 0}, ""svclat_ms"": {""pose"": 23.86, ""object"": 24.56}}, ""b9"": {""services"": [""pose"", ""object""], ""fps"": {""pose"": 30, ""object"": 30}, ""eff_fps"": {""pose"": 30, ""object"": 30}, ""latency_ms"": {""pose"": 0, ""object"": 0}, ""svclat_ms"": {""pose"": 20.35, ""object"": 20.77}}, ""b10"": {""services"": [""pose"", ""object""], ""fps"": {""pose"": 30, ""object"": 30}, ""eff_fps"": {""pose"": 30, ""object"": 30}, ""latency_ms"": {""pose"": 0, ""object"": 0}, ""svclat_ms"": {""pose"": 21.04, ""object"": 20.62}}, ""b11"": {""services"": [""pose"", ""object""], ""fps"": {""pose"": 30, ""object"": 30}, ""eff_fps"": {""pose"": 30, ""object"": 30}, ""latency_ms"": {""pose"": 0, ""object"": 0}, ""svclat_ms"": {""pose"": 25.58, ""object"": 25.7}}, ""b12"": {""services"": [""pose"", ""object""], ""fps"": {""pose"": 30, ""object"": 30}, ""eff_fps"": {""pose"": 30, ""object"": 30}, ""latency_ms"": {""pose"": 0, ""object"": 0}, ""svclat_ms"": {""pose"": 23.96, ""object"": 22.29}}, ""b13"": {""services"": [""pose"", ""object""], ""fps"": {""pose"": 30, ""object"": 30}, ""eff_fps"": {""pose"": 30, ""object"": 30}, ""latency_ms"": {""pose"": 0, ""object"": 0}, ""svclat_ms"": {""pose"": 24.49, ""object"": 24.47}}, ""b14"": {""services"": [""pose"", ""object""], ""fps"": {""pose"": 29, ""object"": 29}, ""eff_fps"": {""pose"": 29, ""object"": 29}, ""latency_ms"": {""pose"": 0, ""object"": 0}, ""svclat_ms"": {""pose"": 21.56, ""object"": 21.64}}, ""b15"": {""services"": [""pose"", ""object""], ""fps"": {""pose"": 30, ""object"": 30}, ""eff_fps"": {""pose"": 30, ""object"": 30}, ""latency_ms"": {""pose"": 0, ""object"": 0}, ""svclat_ms"": {""pose"": 23.83, ""object"": 24.73}}}"
244.8,12,12,1.0,0,0,11,15,14,0.933,1037.0,716,0.69,0.0,1.25,0.0,29.73,0,29.64,29.73,0,29.64,0,0,0,23.2,0,23.01,653,"{""ip-172-31-0-204"": ""healthy"", ""ip-172-31-1-171"": ""healthy"", ""ip-172-31-10-12"": ""healthy"", ""ip-172-31-11-132"": ""healthy"", ""ip-172-31-13-134"": ""healthy"", ""ip-172-31-14-68"": ""healthy"", ""ip-172-31-40-239"": ""healthy""}",unsubscribe,115.8,0.9944,0,0,"{""ip-172-31-1-171"": {""pose"": 1, ""object"": 1}, ""ip-172-31-14-68"": {""pose"": 1, ""object"": 1}, ""ip-172-31-0-204"": {""pose"": 1, ""object"": 1}, ""ip-172-31-10-12"": {""pose"": 1, ""object"": 1}, ""ip-172-31-11-132"": {""object"": 1, ""pose"": 1}, ""ip-172-31-13-134"": {""object"": 1, ""pose"": 1}, ""ip-172-31-40-239"": {""gesture"": 1, ""pose"": 1, ""object"": 1}}","{""b5"": {""services"": [""pose"", ""object""], ""fps"": {""pose"": 30, ""object"": 30}, ""eff_fps"": {""pose"": 30, ""object"": 30}, ""latency_ms"": {""pose"": 0, ""object"": 0}, ""svclat_ms"": {""pose"": 25.42, ""object"": 23.51}}, ""b6"": {""services"": [""pose"", ""object""], ""fps"": {""pose"": 30, ""object"": 30}, ""eff_fps"": {""pose"": 30, ""object"": 30}, ""latency_ms"": {""pose"": 0, ""object"": 0}, ""svclat_ms"": {""pose"": 24.39, ""object"": 23.7}}, ""b7"": {""services"": [""pose"", ""object""], ""fps"": {""pose"": 29, ""object"": 29}, ""eff_fps"": {""pose"": 29, ""object"": 29}, ""latency_ms"": {""pose"": 0, ""object"": 0}, ""svclat_ms"": {""pose"": 22.36, ""object"": 22.43}}, ""b8"": {""services"": [""pose"", ""object""], ""fps"": {""pose"": 29, ""object"": 29}, ""eff_fps"": {""pose"": 29, ""object"": 29}, ""latency_ms"": {""pose"": 0, ""object"": 0}, ""svclat_ms"": {""pose"": 25.25, ""object"": 25.13}}, ""b9"": {""services"": [""pose"", ""object""], ""fps"": {""pose"": 30, ""object"": 30}, ""eff_fps"": {""pose"": 30, ""object"": 30}, ""latency_ms"": {""pose"": 0, ""object"": 0}, ""svclat_ms"": {""pose"": 19.84, ""object"": 20.71}}, ""b10"": {""services"": [""pose"", ""object""], ""fps"": {""pose"": 30, ""object"": 30}, ""eff_fps"": {""pose"": 30, ""object"": 30}, ""latency_ms"": {""pose"": 0, ""object"": 0}, ""svclat_ms"": {""pose"": 21.3, ""object"": 20.66}}, ""b11"": {""services"": [""pose"", ""object""], ""fps"": {""pose"": 30, ""object"": 30}, ""eff_fps"": {""pose"": 30, ""object"": 30}, ""latency_ms"": {""pose"": 0, ""object"": 0}, ""svclat_ms"": {""pose"": 21.0, ""object"": 21.02}}, ""b12"": {""services"": [""pose"", ""object""], ""fps"": {""pose"": 30, ""object"": 30}, ""eff_fps"": {""pose"": 30, ""object"": 30}, ""latency_ms"": {""pose"": 0, ""object"": 0}, ""svclat_ms"": {""pose"": 24.6, ""object"": 23.43}}, ""b13"": {""services"": [""pose"", ""object""], ""fps"": {""pose"": 30, ""object"": 29}, ""eff_fps"": {""pose"": 30, ""object"": 29}, ""latency_ms"": {""pose"": 0, ""object"": 0}, ""svclat_ms"": {""pose"": 24.26, ""object"": 24.82}}, ""b14"": {""services"": [""pose"", ""object""], ""fps"": {""pose"": 29, ""object"": 29}, ""eff_fps"": {""pose"": 29, ""object"": 29}, ""latency_ms"": {""pose"": 0, ""object"": 0}, ""svclat_ms"": {""pose"": 21.46, ""object"": 22.11}}, ""b15"": {""services"": [""pose"", ""object""], ""fps"": {""pose"": 30, ""object"": 30}, ""eff_fps"": {""pose"": 30, ""object"": 30}, ""latency_ms"": {""pose"": 0, ""object"": 0}, ""svclat_ms"": {""pose"": 25.35, ""object"": 25.57}}}"
247.2,11,11,1.0,0,0,11,15,14,0.933,1037.0,656,0.633,0.0,1.36,0.0,29.82,0,29.64,29.82,0,29.64,0,0,0,23.38,0,23.13,654,"{""ip-172-31-0-204"": ""healthy"", ""ip-172-31-1-171"": ""healthy"", ""ip-172-31-10-12"": ""healthy"", ""ip-172-31-11-132"": ""healthy"", ""ip-172-31-13-134"": ""healthy"", ""ip-172-31-14-68"": ""healthy"", ""ip-172-31-40-239"": ""healthy""}",unsubscribe,112.0,0.9939,0,0,"{""ip-172-31-1-171"": {""pose"": 1, ""object"": 1}, ""ip-172-31-14-68"": {""pose"": 1, ""object"": 1}, ""ip-172-31-0-204"": {""pose"": 1, ""object"": 1}, ""ip-172-31-10-12"": {""pose"": 1, ""object"": 1}, ""ip-172-31-11-132"": {""object"": 1, ""pose"": 1}, ""ip-172-31-13-134"": {""object"": 1, ""pose"": 1}, ""ip-172-31-40-239"": {""gesture"": 1, ""pose"": 1, ""object"": 1}}","{""b5"": {""services"": [""pose"", ""object""], ""fps"": {""pose"": 30, ""object"": 30}, ""eff_fps"": {""pose"": 30, ""object"": 30}, ""latency_ms"": {""pose"": 0, ""object"": 0}, ""svclat_ms"": {""pose"": 26.18, ""object"": 24.55}}, ""b6"": {""services"": [""pose"", ""object""], ""fps"": {""pose"": 30, ""object"": 30}, ""eff_fps"": {""pose"": 30, ""object"": 30}, ""latency_ms"": {""pose"": 0, ""object"": 0}, ""svclat_ms"": {""pose"": 23.97, ""object"": 23.82}}, ""b7"": {""services"": [""pose"", ""object""], ""fps"": {""pose"": 29, ""object"": 29}, ""eff_fps"": {""pose"": 29, ""object"": 29}, ""latency_ms"": {""pose"": 0, ""object"": 0}, ""svclat_ms"": {""pose"": 22.6, ""object"": 22.6}}, ""b8"": {""services"": [""pose"", ""object""], ""fps"": {""pose"": 30, ""object"": 29}, ""eff_fps"": {""pose"": 30, ""object"": 29}, ""latency_ms"": {""pose"": 0, ""object"": 0}, ""svclat_ms"": {""pose"": 24.59, ""object"": 24.49}}, ""b9"": {""services"": [""pose"", ""object""], ""fps"": {""pose"": 30, ""object"": 30}, ""eff_fps"": {""pose"": 30, ""object"": 30}, ""latency_ms"": {""pose"": 0, ""object"": 0}, ""svclat_ms"": {""pose"": 20.04, ""object"": 20.81}}, ""b10"": {""services"": [""pose"", ""object""], ""fps"": {""pose"": 30, ""object"": 30}, ""eff_fps"": {""pose"": 30, ""object"": 30}, ""latency_ms"": {""pose"": 0, ""object"": 0}, ""svclat_ms"": {""pose"": 21.34, ""object"": 20.98}}, ""b11"": {""services"": [""pose"", ""object""], ""fps"": {""pose"": 30, ""object"": 30}, ""eff_fps"": {""pose"": 30, ""object"": 30}, ""latency_ms"": {""pose"": 0, ""object"": 0}, ""svclat_ms"": {""pose"": 21.07, ""object"": 20.89}}, ""b12"": {""services"": [""pose"", ""object""], ""fps"": {""pose"": 30, ""object"": 30}, ""eff_fps"": {""pose"": 30, ""object"": 30}, ""latency_ms"": {""pose"": 0, ""object"": 0}, ""svclat_ms"": {""pose"": 25.57, ""object"": 23.92}}, ""b13"": {""services"": [""pose"", ""object""], ""fps"": {""pose"": 30, ""object"": 29}, ""eff_fps"": {""pose"": 30, ""object"": 29}, ""latency_ms"": {""pose"": 0, ""object"": 0}, ""svclat_ms"": {""pose"": 24.96, ""object"": 24.16}}, ""b14"": {""services"": [""pose"", ""object""], ""fps"": {""pose"": 29, ""object"": 29}, ""eff_fps"": {""pose"": 29, ""object"": 29}, ""latency_ms"": {""pose"": 0, ""object"": 0}, ""svclat_ms"": {""pose"": 21.59, ""object"": 22.26}}, ""b15"": {""services"": [""pose"", ""object""], ""fps"": {""pose"": 30, ""object"": 30}, ""eff_fps"": {""pose"": 30, ""object"": 30}, ""latency_ms"": {""pose"": 0, ""object"": 0}, ""svclat_ms"": {""pose"": 25.22, ""object"": 25.94}}}"
251.1,10,10,1.0,0,0,11,15,14,0.933,1037.0,596,0.575,0.0,1.5,0.0,29.7,0,29.7,29.7,0,29.7,0,0,0,22.62,0,22.64,594,"{""ip-172-31-0-204"": ""healthy"", ""ip-172-31-1-171"": ""healthy"", ""ip-172-31-10-12"": ""healthy"", ""ip-172-31-11-132"": ""healthy"", ""ip-172-31-13-134"": ""healthy"", ""ip-172-31-14-68"": ""healthy"", ""ip-172-31-40-239"": ""healthy""}",unsubscribe,105.3,0.9933,0,0,"{""ip-172-31-1-171"": {""pose"": 1, ""object"": 1}, ""ip-172-31-14-68"": {""pose"": 1, ""object"": 1}, ""ip-172-31-0-204"": {""pose"": 1, ""object"": 1}, ""ip-172-31-10-12"": {""pose"": 1, ""object"": 1}, ""ip-172-31-11-132"": {""object"": 1, ""pose"": 1}, ""ip-172-31-13-134"": {""object"": 1, ""pose"": 1}, ""ip-172-31-40-239"": {""gesture"": 1, ""pose"": 1, ""object"": 1}}","{""b6"": {""services"": [""pose"", ""object""], ""fps"": {""pose"": 29, ""object"": 30}, ""eff_fps"": {""pose"": 29, ""object"": 30}, ""latency_ms"": {""pose"": 0, ""object"": 0}, ""svclat_ms"": {""pose"": 24.12, ""object"": 24.02}}, ""b7"": {""services"": [""pose"", ""object""], ""fps"": {""pose"": 29, ""object"": 29}, ""eff_fps"": {""pose"": 29, ""object"": 29}, ""latency_ms"": {""pose"": 0, ""object"": 0}, ""svclat_ms"": {""pose"": 22.14, ""object"": 22.84}}, ""b8"": {""services"": [""pose"", ""object""], ""fps"": {""pose"": 30, ""object"": 30}, ""eff_fps"": {""pose"": 30, ""object"": 30}, ""latency_ms"": {""pose"": 0, ""object"": 0}, ""svclat_ms"": {""pose"": 24.08, ""object"": 23.94}}, ""b9"": {""services"": [""pose"", ""object""], ""fps"": {""pose"": 30, ""object"": 30}, ""eff_fps"": {""pose"": 30, ""object"": 30}, ""latency_ms"": {""pose"": 0, ""object"": 0}, ""svclat_ms"": {""pose"": 20.2, ""object"": 20.77}}, ""b10"": {""services"": [""pose"", ""object""], ""fps"": {""pose"": 30, ""object"": 30}, ""eff_fps"": {""pose"": 30, ""object"": 30}, ""latency_ms"": {""pose"": 0, ""object"": 0}, ""svclat_ms"": {""pose"": 21.14, ""object"": 20.69}}, ""b11"": {""services"": [""pose"", ""object""], ""fps"": {""pose"": 30, ""object"": 30}, ""eff_fps"": {""pose"": 30, ""object"": 30}, ""latency_ms"": {""pose"": 0, ""object"": 0}, ""svclat_ms"": {""pose"": 21.09, ""object"": 20.96}}, ""b12"": {""services"": [""pose"", ""object""], ""fps"": {""pose"": 30, ""object"": 30}, ""eff_fps"": {""pose"": 30, ""object"": 30}, ""latency_ms"": {""pose"": 0, ""object"": 0}, ""svclat_ms"": {""pose"": 20.67, ""object"": 20.72}}, ""b13"": {""services"": [""pose"", ""object""], ""fps"": {""pose"": 30, ""object"": 29}, ""eff_fps"": {""pose"": 30, ""object"": 29}, ""latency_ms"": {""pose"": 0, ""object"": 0}, ""svclat_ms"": {""pose"": 25.18, ""object"": 24.77}}, ""b14"": {""services"": [""pose"", ""object""], ""fps"": {""pose"": 29, ""object"": 29}, ""eff_fps"": {""pose"": 29, ""object"": 29}, ""latency_ms"": {""pose"": 0, ""object"": 0}, ""svclat_ms"": {""pose"": 21.57, ""object"": 21.99}}, ""b15"": {""services"": [""pose"", ""object""], ""fps"": {""pose"": 30, ""object"": 30}, ""eff_fps"": {""pose"": 30, ""object"": 30}, ""latency_ms"": {""pose"": 0, ""object"": 0}, ""svclat_ms"": {""pose"": 25.97, ""object"": 25.68}}}"
254.8,10,10,1.0,0,0,11,15,14,0.933,1037.0,596,0.575,0.0,1.5,0.0,29.78,0,29.78,29.78,0,29.78,0,0,0,22.14,0,22.29,536,"{""ip-172-31-0-204"": ""healthy"", ""ip-172-31-1-171"": ""healthy"", ""ip-172-31-10-12"": ""healthy"", ""ip-172-31-11-132"": ""healthy"", ""ip-172-31-13-134"": ""healthy"", ""ip-172-31-14-68"": ""healthy"", ""ip-172-31-40-239"": ""healthy""}",unsubscribe,105.3,0.9933,0,0,"{""ip-172-31-1-171"": {""pose"": 1, ""object"": 1}, ""ip-172-31-14-68"": {""pose"": 1, ""object"": 1}, ""ip-172-31-0-204"": {""pose"": 1, ""object"": 1}, ""ip-172-31-10-12"": {""pose"": 1, ""object"": 1}, ""ip-172-31-11-132"": {""object"": 1, ""pose"": 1}, ""ip-172-31-13-134"": {""object"": 1, ""pose"": 1}, ""ip-172-31-40-239"": {""gesture"": 1, ""pose"": 1, ""object"": 1}}","{""b7"": {""services"": [""pose"", ""object""], ""fps"": {""pose"": 29, ""object"": 29}, ""eff_fps"": {""pose"": 29, ""object"": 29}, ""latency_ms"": {""pose"": 0, ""object"": 0}, ""svclat_ms"": {""pose"": 22.45, ""object"": 23.55}}, ""b8"": {""services"": [""pose"", ""object""], ""fps"": {""pose"": 30, ""object"": 30}, ""eff_fps"": {""pose"": 30, ""object"": 30}, ""latency_ms"": {""pose"": 0, ""object"": 0}, ""svclat_ms"": {""pose"": 25.33, ""object"": 25.32}}, ""b9"": {""services"": [""pose"", ""object""], ""fps"": {""pose"": 30, ""object"": 30}, ""eff_fps"": {""pose"": 30, ""object"": 30}, ""latency_ms"": {""pose"": 0, ""object"": 0}, ""svclat_ms"": {""pose"": 20.26, ""object"": 21.08}}, ""b10"": {""services"": [""pose"", ""object""], ""fps"": {""pose"": 30, ""object"": 30}, ""eff_fps"": {""pose"": 30, ""object"": 30}, ""latency_ms"": {""pose"": 0, ""object"": 0}, ""svclat_ms"": {""pose"": 20.92, ""object"": 20.24}}, ""b11"": {""services"": [""pose"", ""object""], ""fps"": {""pose"": 30, ""object"": 30}, ""eff_fps"": {""pose"": 30, ""object"": 30}, ""latency_ms"": {""pose"": 0, ""object"": 0}, ""svclat_ms"": {""pose"": 20.93, ""object"": 21.24}}, ""b12"": {""services"": [""pose"", ""object""], ""fps"": {""pose"": 30, ""object"": 30}, ""eff_fps"": {""pose"": 30, ""object"": 30}, ""latency_ms"": {""pose"": 0, ""object"": 0}, ""svclat_ms"": {""pose"": 20.89, ""object"": 20.69}}, ""b13"": {""services"": [""pose"", ""object""], ""fps"": {""pose"": 30, ""object"": 30}, ""eff_fps"": {""pose"": 30, ""object"": 30}, ""latency_ms"": {""pose"": 0, ""object"": 0}, ""svclat_ms"": {""pose"": 20.9, ""object"": 20.76}}, ""b14"": {""services"": [""pose"", ""object""], ""fps"": {""pose"": 29, ""object"": 29}, ""eff_fps"": {""pose"": 29, ""object"": 29}, ""latency_ms"": {""pose"": 0, ""object"": 0}, ""svclat_ms"": {""pose"": 21.77, ""object"": 22.11}}, ""b15"": {""services"": [""pose"", ""object""], ""fps"": {""pose"": 30, ""object"": 30}, ""eff_fps"": {""pose"": 30, ""object"": 30}, ""latency_ms"": {""pose"": 0, ""object"": 0}, ""svclat_ms"": {""pose"": 25.84, ""object"": 25.62}}}"
257.2,9,9,1.0,0,0,11,15,14,0.933,1037.0,536,0.517,0.0,1.67,0.0,29.78,0,29.78,29.78,0,29.78,0,0,0,22.58,0,22.61,536,"{""ip-172-31-0-204"": ""healthy"", ""ip-172-31-1-171"": ""healthy"", ""ip-172-31-10-12"": ""healthy"", ""ip-172-31-11-132"": ""healthy"", ""ip-172-31-13-134"": ""healthy"", ""ip-172-31-14-68"": ""healthy"", ""ip-172-31-40-239"": ""healthy""}",unsubscribe,99.8,0.9926,0,0,"{""ip-172-31-1-171"": {""pose"": 1, ""object"": 1}, ""ip-172-31-14-68"": {""pose"": 1, ""object"": 1}, ""ip-172-31-0-204"": {""pose"": 1, ""object"": 1}, ""ip-172-31-10-12"": {""pose"": 1, ""object"": 1}, ""ip-172-31-11-132"": {""object"": 1, ""pose"": 1}, ""ip-172-31-13-134"": {""object"": 1, ""pose"": 1}, ""ip-172-31-40-239"": {""gesture"": 1, ""pose"": 1, ""object"": 1}}","{""b7"": {""services"": [""pose"", ""object""], ""fps"": {""pose"": 29, ""object"": 29}, ""eff_fps"": {""pose"": 29, ""object"": 29}, ""latency_ms"": {""pose"": 0, ""object"": 0}, ""svclat_ms"": {""pose"": 23.25, ""object"": 23.76}}, ""b8"": {""services"": [""pose"", ""object""], ""fps"": {""pose"": 30, ""object"": 30}, ""eff_fps"": {""pose"": 30, ""object"": 30}, ""latency_ms"": {""pose"": 0, ""object"": 0}, ""svclat_ms"": {""pose"": 26.85, ""object"": 26.28}}, ""b9"": {""services"": [""pose"", ""object""], ""fps"": {""pose"": 30, ""object"": 30}, ""eff_fps"": {""pose"": 30, ""object"": 30}, ""latency_ms"": {""pose"": 0, ""object"": 0}, ""svclat_ms"": {""pose"": 20.39, ""object"": 20.91}}, ""b10"": {""services"": [""pose"", ""object""], ""fps"": {""pose"": 30, ""object"": 30}, ""eff_fps"": {""pose"": 30, ""object"": 30}, ""latency_ms"": {""pose"": 0, ""object"": 0}, ""svclat_ms"": {""pose"": 20.67, ""object"": 20.39}}, ""b11"": {""services"": [""pose"", ""object""], ""fps"": {""pose"": 30, ""object"": 30}, ""eff_fps"": {""pose"": 30, ""object"": 30}, ""latency_ms"": {""pose"": 0, ""object"": 0}, ""svclat_ms"": {""pose"": 20.8, ""object"": 21.1}}, ""b12"": {""services"": [""pose"", ""object""], ""fps"": {""pose"": 30, ""object"": 30}, ""eff_fps"": {""pose"": 30, ""object"": 30}, ""latency_ms"": {""pose"": 0, ""object"": 0}, ""svclat_ms"": {""pose"": 21.15, ""object"": 20.94}}, ""b13"": {""services"": [""pose"", ""object""], ""fps"": {""pose"": 30, ""object"": 30}, ""eff_fps"": {""pose"": 30, ""object"": 30}, ""latency_ms"": {""pose"": 0, ""object"": 0}, ""svclat_ms"": {""pose"": 20.75, ""object"": 20.82}}, ""b14"": {""services"": [""pose"", ""object""], ""fps"": {""pose"": 29, ""object"": 29}, ""eff_fps"": {""pose"": 29, ""object"": 29}, ""latency_ms"": {""pose"": 0, ""object"": 0}, ""svclat_ms"": {""pose"": 21.99, ""object"": 22.45}}, ""b15"": {""services"": [""pose"", ""object""], ""fps"": {""pose"": 30, ""object"": 30}, ""eff_fps"": {""pose"": 30, ""object"": 30}, ""latency_ms"": {""pose"": 0, ""object"": 0}, ""svclat_ms"": {""pose"": 27.36, ""object"": 26.87}}}"
261.3,8,8,1.0,0,0,11,15,14,0.933,1037.0,480,0.463,0.0,1.88,0.0,30.0,0,30.0,30.0,0,30.0,0,0,0,21.93,0,21.86,480,"{""ip-172-31-0-204"": ""healthy"", ""ip-172-31-1-171"": ""healthy"", ""ip-172-31-10-12"": ""healthy"", ""ip-172-31-11-132"": ""healthy"", ""ip-172-31-13-134"": ""healthy"", ""ip-172-31-14-68"": ""healthy"", ""ip-172-31-40-239"": ""healthy""}",unsubscribe,96.0,1.0,0,0,"{""ip-172-31-1-171"": {""pose"": 1, ""object"": 1}, ""ip-172-31-14-68"": {""pose"": 1, ""object"": 1}, ""ip-172-31-0-204"": {""pose"": 1, ""object"": 1}, ""ip-172-31-10-12"": {""pose"": 1, ""object"": 1}, ""ip-172-31-11-132"": {""object"": 1, ""pose"": 1}, ""ip-172-31-13-134"": {""object"": 1, ""pose"": 1}, ""ip-172-31-40-239"": {""gesture"": 1, ""pose"": 1, ""object"": 1}}","{""b8"": {""services"": [""pose"", ""object""], ""fps"": {""pose"": 30, ""object"": 30}, ""eff_fps"": {""pose"": 30, ""object"": 30}, ""latency_ms"": {""pose"": 0, ""object"": 0}, ""svclat_ms"": {""pose"": 25.17, ""object"": 25.1}}, ""b9"": {""services"": [""pose"", ""object""], ""fps"": {""pose"": 30, ""object"": 30}, ""eff_fps"": {""pose"": 30, ""object"": 30}, ""latency_ms"": {""pose"": 0, ""object"": 0}, ""svclat_ms"": {""pose"": 20.46, ""object"": 21.17}}, ""b10"": {""services"": [""pose"", ""object""], ""fps"": {""pose"": 30, ""object"": 30}, ""eff_fps"": {""pose"": 30, ""object"": 30}, ""latency_ms"": {""pose"": 0, ""object"": 0}, ""svclat_ms"": {""pose"": 21.41, ""object"": 21.22}}, ""b11"": {""services"": [""pose"", ""object""], ""fps"": {""pose"": 30, ""object"": 30}, ""eff_fps"": {""pose"": 30, ""object"": 30}, ""latency_ms"": {""pose"": 0, ""object"": 0}, ""svclat_ms"": {""pose"": 21.44, ""object"": 20.92}}, ""b12"": {""services"": [""pose"", ""object""], ""fps"": {""pose"": 30, ""object"": 30}, ""eff_fps"": {""pose"": 30, ""object"": 30}, ""latency_ms"": {""pose"": 0, ""object"": 0}, ""svclat_ms"": {""pose"": 21.1, ""object"": 21.07}}, ""b13"": {""services"": [""pose"", ""object""], ""fps"": {""pose"": 30, ""object"": 30}, ""eff_fps"": {""pose"": 30, ""object"": 30}, ""latency_ms"": {""pose"": 0, ""object"": 0}, ""svclat_ms"": {""pose"": 20.89, ""object"": 20.64}}, ""b14"": {""services"": [""pose"", ""object""], ""fps"": {""pose"": 30, ""object"": 30}, ""eff_fps"": {""pose"": 30, ""object"": 30}, ""latency_ms"": {""pose"": 0, ""object"": 0}, ""svclat_ms"": {""pose"": 20.38, ""object"": 20.23}}, ""b15"": {""services"": [""pose"", ""object""], ""fps"": {""pose"": 30, ""object"": 30}, ""eff_fps"": {""pose"": 30, ""object"": 30}, ""latency_ms"": {""pose"": 0, ""object"": 0}, ""svclat_ms"": {""pose"": 24.59, ""object"": 24.54}}}"
264.9,8,8,1.0,0,0,11,15,14,0.933,1037.0,480,0.463,0.0,1.88,0.0,30.0,0,30.0,30.0,0,30.0,0,0,0,21.03,0,21.01,420,"{""ip-172-31-0-204"": ""healthy"", ""ip-172-31-1-171"": ""healthy"", ""ip-172-31-10-12"": ""healthy"", ""ip-172-31-11-132"": ""healthy"", ""ip-172-31-13-134"": ""healthy"", ""ip-172-31-14-68"": ""healthy"", ""ip-172-31-40-239"": ""healthy""}",unsubscribe,96.0,1.0,0,0,"{""ip-172-31-1-171"": {""pose"": 1, ""object"": 1}, ""ip-172-31-14-68"": {""pose"": 1, ""object"": 1}, ""ip-172-31-0-204"": {""pose"": 1, ""object"": 1}, ""ip-172-31-10-12"": {""pose"": 1, ""object"": 1}, ""ip-172-31-11-132"": {""object"": 1, ""pose"": 1}, ""ip-172-31-13-134"": {""object"": 1, ""pose"": 1}, ""ip-172-31-40-239"": {""gesture"": 1, ""pose"": 1, ""object"": 1}}","{""b9"": {""services"": [""pose"", ""object""], ""fps"": {""pose"": 30, ""object"": 30}, ""eff_fps"": {""pose"": 30, ""object"": 30}, ""latency_ms"": {""pose"": 0, ""object"": 0}, ""svclat_ms"": {""pose"": 20.3, ""object"": 20.8}}, ""b10"": {""services"": [""pose"", ""object""], ""fps"": {""pose"": 30, ""object"": 30}, ""eff_fps"": {""pose"": 30, ""object"": 30}, ""latency_ms"": {""pose"": 0, ""object"": 0}, ""svclat_ms"": {""pose"": 21.23, ""object"": 20.62}}, ""b11"": {""services"": [""pose"", ""object""], ""fps"": {""pose"": 30, ""object"": 30}, ""eff_fps"": {""pose"": 30, ""object"": 30}, ""latency_ms"": {""pose"": 0, ""object"": 0}, ""svclat_ms"": {""pose"": 21.4, ""object"": 21.3}}, ""b12"": {""services"": [""pose"", ""object""], ""fps"": {""pose"": 30, ""object"": 30}, ""eff_fps"": {""pose"": 30, ""object"": 30}, ""latency_ms"": {""pose"": 0, ""object"": 0}, ""svclat_ms"": {""pose"": 21.27, ""object"": 20.73}}, ""b13"": {""services"": [""pose"", ""object""], ""fps"": {""pose"": 30, ""object"": 30}, ""eff_fps"": {""pose"": 30, ""object"": 30}, ""latency_ms"": {""pose"": 0, ""object"": 0}, ""svclat_ms"": {""pose"": 20.84, ""object"": 20.89}}, ""b14"": {""services"": [""pose"", ""object""], ""fps"": {""pose"": 30, ""object"": 30}, ""eff_fps"": {""pose"": 30, ""object"": 30}, ""latency_ms"": {""pose"": 0, ""object"": 0}, ""svclat_ms"": {""pose"": 19.88, ""object"": 20.29}}, ""b15"": {""services"": [""pose"", ""object""], ""fps"": {""pose"": 30, ""object"": 30}, ""eff_fps"": {""pose"": 30, ""object"": 30}, ""latency_ms"": {""pose"": 0, ""object"": 0}, ""svclat_ms"": {""pose"": 22.28, ""object"": 22.45}}}"
267.3,7,7,1.0,0,0,11,15,14,0.933,1037.0,420,0.405,0.0,2.14,0.0,30.0,0,30.0,30.0,0,30.0,0,0,0,20.88,0,21.12,420,"{""ip-172-31-0-204"": ""healthy"", ""ip-172-31-1-171"": ""healthy"", ""ip-172-31-10-12"": ""healthy"", ""ip-172-31-11-132"": ""healthy"", ""ip-172-31-13-134"": ""healthy"", ""ip-172-31-14-68"": ""healthy"", ""ip-172-31-40-239"": ""healthy""}",unsubscribe,134.8,1.0,0,0,"{""ip-172-31-1-171"": {""pose"": 1, ""object"": 1}, ""ip-172-31-14-68"": {""pose"": 1, ""object"": 1}, ""ip-172-31-0-204"": {""pose"": 1, ""object"": 1}, ""ip-172-31-10-12"": {""pose"": 1, ""object"": 1}, ""ip-172-31-11-132"": {""object"": 1, ""pose"": 1}, ""ip-172-31-13-134"": {""object"": 1, ""pose"": 1}, ""ip-172-31-40-239"": {""gesture"": 1, ""pose"": 1, ""object"": 1}}","{""b9"": {""services"": [""pose"", ""object""], ""fps"": {""pose"": 30, ""object"": 30}, ""eff_fps"": {""pose"": 30, ""object"": 30}, ""latency_ms"": {""pose"": 0, ""object"": 0}, ""svclat_ms"": {""pose"": 20.15, ""object"": 20.92}}, ""b10"": {""services"": [""pose"", ""object""], ""fps"": {""pose"": 30, ""object"": 30}, ""eff_fps"": {""pose"": 30, ""object"": 30}, ""latency_ms"": {""pose"": 0, ""object"": 0}, ""svclat_ms"": {""pose"": 21.05, ""object"": 20.6}}, ""b11"": {""services"": [""pose"", ""object""], ""fps"": {""pose"": 30, ""object"": 30}, ""eff_fps"": {""pose"": 30, ""object"": 30}, ""latency_ms"": {""pose"": 0, ""object"": 0}, ""svclat_ms"": {""pose"": 20.97, ""object"": 21.17}}, ""b12"": {""services"": [""pose"", ""object""], ""fps"": {""pose"": 30, ""object"": 30}, ""eff_fps"": {""pose"": 30, ""object"": 30}, ""latency_ms"": {""pose"": 0, ""object"": 0}, ""svclat_ms"": {""pose"": 20.55, ""object"": 21.11}}, ""b13"": {""services"": [""pose"", ""object""], ""fps"": {""pose"": 30, ""object"": 30}, ""eff_fps"": {""pose"": 30, ""object"": 30}, ""latency_ms"": {""pose"": 0, ""object"": 0}, ""svclat_ms"": {""pose"": 20.91, ""object"": 21.18}}, ""b14"": {""services"": [""pose"", ""object""], ""fps"": {""pose"": 30, ""object"": 30}, ""eff_fps"": {""pose"": 30, ""object"": 30}, ""latency_ms"": {""pose"": 0, ""object"": 0}, ""svclat_ms"": {""pose"": 19.98, ""object"": 20.23}}, ""b15"": {""services"": [""pose"", ""object""], ""fps"": {""pose"": 30, ""object"": 30}, ""eff_fps"": {""pose"": 30, ""object"": 30}, ""latency_ms"": {""pose"": 0, ""object"": 0}, ""svclat_ms"": {""pose"": 22.52, ""object"": 22.65}}}"
271.2,6,6,1.0,0,0,11,15,12,0.8,1037.0,360,0.347,0.0,2.5,0.0,30.0,0,30.0,30.0,0,30.0,0,0,0,21.29,0,21.14,360,"{""ip-172-31-0-204"": ""healthy"", ""ip-172-31-1-171"": ""healthy"", ""ip-172-31-10-12"": ""healthy"", ""ip-172-31-11-132"": ""healthy"", ""ip-172-31-13-134"": ""healthy"", ""ip-172-31-14-68"": ""healthy"", ""ip-172-31-40-239"": ""healthy""}",unsubscribe,106.9,1.0,0,0,"{""ip-172-31-1-171"": {""pose"": 1, ""object"": 1}, ""ip-172-31-14-68"": {""pose"": 1, ""object"": 1}, ""ip-172-31-0-204"": {""pose"": 1, ""object"": 1}, ""ip-172-31-10-12"": {""pose"": 1, ""object"": 1}, ""ip-172-31-11-132"": {""object"": 1, ""pose"": 1}, ""ip-172-31-13-134"": {""object"": 1, ""pose"": 1}, ""ip-172-31-40-239"": {""gesture"": 1, ""pose"": 1, ""object"": 1}}","{""b10"": {""services"": [""pose"", ""object""], ""fps"": {""pose"": 30, ""object"": 30}, ""eff_fps"": {""pose"": 30, ""object"": 30}, ""latency_ms"": {""pose"": 0, ""object"": 0}, ""svclat_ms"": {""pose"": 21.25, ""object"": 20.96}}, ""b11"": {""services"": [""pose"", ""object""], ""fps"": {""pose"": 30, ""object"": 30}, ""eff_fps"": {""pose"": 30, ""object"": 30}, ""latency_ms"": {""pose"": 0, ""object"": 0}, ""svclat_ms"": {""pose"": 21.26, ""object"": 21.37}}, ""b12"": {""services"": [""pose"", ""object""], ""fps"": {""pose"": 30, ""object"": 30}, ""eff_fps"": {""pose"": 30, ""object"": 30}, ""latency_ms"": {""pose"": 0, ""object"": 0}, ""svclat_ms"": {""pose"": 22.59, ""object"": 21.68}}, ""b13"": {""services"": [""pose"", ""object""], ""fps"": {""pose"": 30, ""object"": 30}, ""eff_fps"": {""pose"": 30, ""object"": 30}, ""latency_ms"": {""pose"": 0, ""object"": 0}, ""svclat_ms"": {""pose"": 20.39, ""object"": 20.83}}, ""b14"": {""services"": [""pose"", ""object""], ""fps"": {""pose"": 30, ""object"": 30}, ""eff_fps"": {""pose"": 30, ""object"": 30}, ""latency_ms"": {""pose"": 0, ""object"": 0}, ""svclat_ms"": {""pose"": 20.41, ""object"": 20.1}}, ""b15"": {""services"": [""pose"", ""object""], ""fps"": {""pose"": 30, ""object"": 30}, ""eff_fps"": {""pose"": 30, ""object"": 30}, ""latency_ms"": {""pose"": 0, ""object"": 0}, ""svclat_ms"": {""pose"": 21.86, ""object"": 21.88}}}"
274.8,6,6,1.0,0,0,11,15,12,0.8,1037.0,360,0.347,0.0,2.5,0.0,30.0,0,30.0,30.0,0,30.0,0,0,0,21.0,0,21.07,300,"{""ip-172-31-0-204"": ""healthy"", ""ip-172-31-1-171"": ""healthy"", ""ip-172-31-10-12"": ""healthy"", ""ip-172-31-11-132"": ""healthy"", ""ip-172-31-13-134"": ""healthy"", ""ip-172-31-14-68"": ""healthy"", ""ip-172-31-40-239"": ""healthy""}",unsubscribe,106.9,1.0,0,0,"{""ip-172-31-1-171"": {""pose"": 1, ""object"": 1}, ""ip-172-31-14-68"": {""pose"": 1, ""object"": 1}, ""ip-172-31-0-204"": {""pose"": 1, ""object"": 1}, ""ip-172-31-10-12"": {""pose"": 1, ""object"": 1}, ""ip-172-31-11-132"": {""object"": 1, ""pose"": 1}, ""ip-172-31-13-134"": {""object"": 1, ""pose"": 1}, ""ip-172-31-40-239"": {""gesture"": 1, ""pose"": 1, ""object"": 1}}","{""b11"": {""services"": [""pose"", ""object""], ""fps"": {""pose"": 30, ""object"": 30}, ""eff_fps"": {""pose"": 30, ""object"": 30}, ""latency_ms"": {""pose"": 0, ""object"": 0}, ""svclat_ms"": {""pose"": 21.24, ""object"": 21.17}}, ""b12"": {""services"": [""pose"", ""object""], ""fps"": {""pose"": 30, ""object"": 30}, ""eff_fps"": {""pose"": 30, ""object"": 30}, ""latency_ms"": {""pose"": 0, ""object"": 0}, ""svclat_ms"": {""pose"": 20.62, ""object"": 20.42}}, ""b13"": {""services"": [""pose"", ""object""], ""fps"": {""pose"": 30, ""object"": 30}, ""eff_fps"": {""pose"": 30, ""object"": 30}, ""latency_ms"": {""pose"": 0, ""object"": 0}, ""svclat_ms"": {""pose"": 20.92, ""object"": 20.89}}, ""b14"": {""services"": [""pose"", ""object""], ""fps"": {""pose"": 30, ""object"": 30}, ""eff_fps"": {""pose"": 30, ""object"": 30}, ""latency_ms"": {""pose"": 0, ""object"": 0}, ""svclat_ms"": {""pose"": 20.01, ""object"": 20.58}}, ""b15"": {""services"": [""pose"", ""object""], ""fps"": {""pose"": 30, ""object"": 30}, ""eff_fps"": {""pose"": 30, ""object"": 30}, ""latency_ms"": {""pose"": 0, ""object"": 0}, ""svclat_ms"": {""pose"": 22.22, ""object"": 22.28}}}"
277.2,5,5,1.0,0,0,11,15,10,0.667,1037.0,300,0.289,0.0,3.0,0.0,30.0,0,30.0,30.0,0,30.0,0,0,0,21.13,0,21.02,300,"{""ip-172-31-0-204"": ""healthy"", ""ip-172-31-1-171"": ""healthy"", ""ip-172-31-10-12"": ""healthy"", ""ip-172-31-11-132"": ""healthy"", ""ip-172-31-13-134"": ""healthy"", ""ip-172-31-14-68"": ""healthy"", ""ip-172-31-40-239"": ""healthy""}",unsubscribe,79.2,1.0,0,0,"{""ip-172-31-1-171"": {""pose"": 1, ""object"": 1}, ""ip-172-31-14-68"": {""pose"": 1, ""object"": 1}, ""ip-172-31-0-204"": {""pose"": 1, ""object"": 1}, ""ip-172-31-10-12"": {""pose"": 1, ""object"": 1}, ""ip-172-31-11-132"": {""object"": 1, ""pose"": 1}, ""ip-172-31-13-134"": {""object"": 1, ""pose"": 1}, ""ip-172-31-40-239"": {""gesture"": 1, ""pose"": 1, ""object"": 1}}","{""b11"": {""services"": [""pose"", ""object""], ""fps"": {""pose"": 30, ""object"": 30}, ""eff_fps"": {""pose"": 30, ""object"": 30}, ""latency_ms"": {""pose"": 0, ""object"": 0}, ""svclat_ms"": {""pose"": 21.09, ""object"": 21.06}}, ""b12"": {""services"": [""pose"", ""object""], ""fps"": {""pose"": 30, ""object"": 30}, ""eff_fps"": {""pose"": 30, ""object"": 30}, ""latency_ms"": {""pose"": 0, ""object"": 0}, ""svclat_ms"": {""pose"": 21.19, ""object"": 20.39}}, ""b13"": {""services"": [""pose"", ""object""], ""fps"": {""pose"": 30, ""object"": 30}, ""eff_fps"": {""pose"": 30, ""object"": 30}, ""latency_ms"": {""pose"": 0, ""object"": 0}, ""svclat_ms"": {""pose"": 20.94, ""object"": 20.88}}, ""b14"": {""services"": [""pose"", ""object""], ""fps"": {""pose"": 30, ""object"": 30}, ""eff_fps"": {""pose"": 30, ""object"": 30}, ""latency_ms"": {""pose"": 0, ""object"": 0}, ""svclat_ms"": {""pose"": 20.38, ""object"": 20.51}}, ""b15"": {""services"": [""pose"", ""object""], ""fps"": {""pose"": 30, ""object"": 30}, ""eff_fps"": {""pose"": 30, ""object"": 30}, ""latency_ms"": {""pose"": 0, ""object"": 0}, ""svclat_ms"": {""pose"": 22.05, ""object"": 22.28}}}"
281.1,4,4,1.0,0,0,11,15,8,0.533,1037.0,240,0.231,0.0,3.75,0.0,30.0,0,30.0,30.0,0,30.0,0,0,0,21.16,0,21.09,240,"{""ip-172-31-0-204"": ""healthy"", ""ip-172-31-1-171"": ""healthy"", ""ip-172-31-10-12"": ""healthy"", ""ip-172-31-11-132"": ""healthy"", ""ip-172-31-13-134"": ""healthy"", ""ip-172-31-14-68"": ""healthy"", ""ip-172-31-40-239"": ""healthy""}",unsubscribe,73.9,1.0,0,0,"{""ip-172-31-1-171"": {""pose"": 1, ""object"": 1}, ""ip-172-31-14-68"": {""pose"": 1, ""object"": 1}, ""ip-172-31-0-204"": {""pose"": 1, ""object"": 1}, ""ip-172-31-10-12"": {""pose"": 1, ""object"": 1}, ""ip-172-31-11-132"": {""object"": 1, ""pose"": 1}, ""ip-172-31-13-134"": {""object"": 1, ""pose"": 1}, ""ip-172-31-40-239"": {""gesture"": 1, ""pose"": 1, ""object"": 1}}","{""b12"": {""services"": [""pose"", ""object""], ""fps"": {""pose"": 30, ""object"": 30}, ""eff_fps"": {""pose"": 30, ""object"": 30}, ""latency_ms"": {""pose"": 0, ""object"": 0}, ""svclat_ms"": {""pose"": 20.76, ""object"": 20.76}}, ""b13"": {""services"": [""pose"", ""object""], ""fps"": {""pose"": 30, ""object"": 30}, ""eff_fps"": {""pose"": 30, ""object"": 30}, ""latency_ms"": {""pose"": 0, ""object"": 0}, ""svclat_ms"": {""pose"": 21.12, ""object"": 20.8}}, ""b14"": {""services"": [""pose"", ""object""], ""fps"": {""pose"": 30, ""object"": 30}, ""eff_fps"": {""pose"": 30, ""object"": 30}, ""latency_ms"": {""pose"": 0, ""object"": 0}, ""svclat_ms"": {""pose"": 20.62, ""object"": 20.41}}, ""b15"": {""services"": [""pose"", ""object""], ""fps"": {""pose"": 30, ""object"": 30}, ""eff_fps"": {""pose"": 30, ""object"": 30}, ""latency_ms"": {""pose"": 0, ""object"": 0}, ""svclat_ms"": {""pose"": 22.14, ""object"": 22.41}}}"
284.8,4,4,1.0,0,0,11,15,8,0.533,1037.0,240,0.231,0.0,3.75,0.0,30.0,0,30.0,30.0,0,30.0,0,0,0,21.19,0,21.26,180,"{""ip-172-31-0-204"": ""healthy"", ""ip-172-31-1-171"": ""healthy"", ""ip-172-31-10-12"": ""healthy"", ""ip-172-31-11-132"": ""healthy"", ""ip-172-31-13-134"": ""healthy"", ""ip-172-31-14-68"": ""healthy"", ""ip-172-31-40-239"": ""healthy""}",unsubscribe,73.9,1.0,0,0,"{""ip-172-31-1-171"": {""pose"": 1, ""object"": 1}, ""ip-172-31-14-68"": {""pose"": 1, ""object"": 1}, ""ip-172-31-0-204"": {""pose"": 1, ""object"": 1}, ""ip-172-31-10-12"": {""pose"": 1, ""object"": 1}, ""ip-172-31-11-132"": {""object"": 1, ""pose"": 1}, ""ip-172-31-13-134"": {""object"": 1, ""pose"": 1}, ""ip-172-31-40-239"": {""gesture"": 1, ""pose"": 1, ""object"": 1}}","{""b13"": {""services"": [""pose"", ""object""], ""fps"": {""pose"": 30, ""object"": 30}, ""eff_fps"": {""pose"": 30, ""object"": 30}, ""latency_ms"": {""pose"": 0, ""object"": 0}, ""svclat_ms"": {""pose"": 20.77, ""object"": 20.82}}, ""b14"": {""services"": [""pose"", ""object""], ""fps"": {""pose"": 30, ""object"": 30}, ""eff_fps"": {""pose"": 30, ""object"": 30}, ""latency_ms"": {""pose"": 0, ""object"": 0}, ""svclat_ms"": {""pose"": 20.4, ""object"": 20.23}}, ""b15"": {""services"": [""pose"", ""object""], ""fps"": {""pose"": 30, ""object"": 30}, ""eff_fps"": {""pose"": 30, ""object"": 30}, ""latency_ms"": {""pose"": 0, ""object"": 0}, ""svclat_ms"": {""pose"": 22.41, ""object"": 22.72}}}"
287.2,3,3,1.0,0,0,11,15,6,0.4,1037.0,180,0.174,0.0,5.0,0.0,30.0,0,30.0,30.0,0,30.0,0,0,0,21.5,0,21.53,180,"{""ip-172-31-0-204"": ""healthy"", ""ip-172-31-1-171"": ""healthy"", ""ip-172-31-10-12"": ""healthy"", ""ip-172-31-11-132"": ""healthy"", ""ip-172-31-13-134"": ""healthy"", ""ip-172-31-14-68"": ""healthy"", ""ip-172-31-40-239"": ""healthy""}",unsubscribe,69.7,1.0,0,0,"{""ip-172-31-1-171"": {""pose"": 1, ""object"": 1}, ""ip-172-31-14-68"": {""pose"": 1, ""object"": 1}, ""ip-172-31-0-204"": {""pose"": 1, ""object"": 1}, ""ip-172-31-10-12"": {""pose"": 1, ""object"": 1}, ""ip-172-31-11-132"": {""object"": 1, ""pose"": 1}, ""ip-172-31-13-134"": {""object"": 1, ""pose"": 1}, ""ip-172-31-40-239"": {""gesture"": 1, ""pose"": 1, ""object"": 1}}","{""b13"": {""services"": [""pose"", ""object""], ""fps"": {""pose"": 30, ""object"": 30}, ""eff_fps"": {""pose"": 30, ""object"": 30}, ""latency_ms"": {""pose"": 0, ""object"": 0}, ""svclat_ms"": {""pose"": 20.77, ""object"": 20.51}}, ""b14"": {""services"": [""pose"", ""object""], ""fps"": {""pose"": 30, ""object"": 30}, ""eff_fps"": {""pose"": 30, ""object"": 30}, ""latency_ms"": {""pose"": 0, ""object"": 0}, ""svclat_ms"": {""pose"": 21.05, ""object"": 21.02}}, ""b15"": {""services"": [""pose"", ""object""], ""fps"": {""pose"": 30, ""object"": 30}, ""eff_fps"": {""pose"": 30, ""object"": 30}, ""latency_ms"": {""pose"": 0, ""object"": 0}, ""svclat_ms"": {""pose"": 22.67, ""object"": 23.07}}}"
291.2,2,2,1.0,0,0,11,15,4,0.267,1037.0,120,0.116,0.0,7.5,0.0,30.0,0,30.0,30.0,0,30.0,0,0,0,21.41,0,21.44,120,"{""ip-172-31-0-204"": ""healthy"", ""ip-172-31-1-171"": ""healthy"", ""ip-172-31-10-12"": ""healthy"", ""ip-172-31-11-132"": ""healthy"", ""ip-172-31-13-134"": ""healthy"", ""ip-172-31-14-68"": ""healthy"", ""ip-172-31-40-239"": ""healthy""}",unsubscribe,65.2,1.0,0,0,"{""ip-172-31-1-171"": {""pose"": 1, ""object"": 1}, ""ip-172-31-14-68"": {""pose"": 1, ""object"": 1}, ""ip-172-31-0-204"": {""pose"": 1, ""object"": 1}, ""ip-172-31-10-12"": {""pose"": 1, ""object"": 1}, ""ip-172-31-11-132"": {""object"": 1, ""pose"": 1}, ""ip-172-31-13-134"": {""object"": 1, ""pose"": 1}, ""ip-172-31-40-239"": {""gesture"": 1, ""pose"": 1, ""object"": 1}}","{""b14"": {""services"": [""pose"", ""object""], ""fps"": {""pose"": 30, ""object"": 30}, ""eff_fps"": {""pose"": 30, ""object"": 30}, ""latency_ms"": {""pose"": 0, ""object"": 0}, ""svclat_ms"": {""pose"": 20.52, ""object"": 20.38}}, ""b15"": {""services"": [""pose"", ""object""], ""fps"": {""pose"": 30, ""object"": 30}, ""eff_fps"": {""pose"": 30, ""object"": 30}, ""latency_ms"": {""pose"": 0, ""object"": 0}, ""svclat_ms"": {""pose"": 22.31, ""object"": 22.5}}}"
293.6,2,2,1.0,0,0,11,15,4,0.267,1037.0,120,0.116,0.0,7.5,0.0,30.0,0,30.0,30.0,0,30.0,0,0,0,21.38,0,21.45,120,"{""ip-172-31-0-204"": ""healthy"", ""ip-172-31-1-171"": ""healthy"", ""ip-172-31-10-12"": ""healthy"", ""ip-172-31-11-132"": ""healthy"", ""ip-172-31-13-134"": ""healthy"", ""ip-172-31-14-68"": ""healthy"", ""ip-172-31-40-239"": ""healthy""}",unsubscribe,65.2,1.0,0,0,"{""ip-172-31-1-171"": {""pose"": 1, ""object"": 1}, ""ip-172-31-14-68"": {""pose"": 1, ""object"": 1}, ""ip-172-31-0-204"": {""pose"": 1, ""object"": 1}, ""ip-172-31-10-12"": {""pose"": 1, ""object"": 1}, ""ip-172-31-11-132"": {""object"": 1, ""pose"": 1}, ""ip-172-31-13-134"": {""object"": 1, ""pose"": 1}, ""ip-172-31-40-239"": {""gesture"": 1, ""pose"": 1, ""object"": 1}}","{""b14"": {""services"": [""pose"", ""object""], ""fps"": {""pose"": 30, ""object"": 30}, ""eff_fps"": {""pose"": 30, ""object"": 30}, ""latency_ms"": {""pose"": 0, ""object"": 0}, ""svclat_ms"": {""pose"": 20.56, ""object"": 20.64}}, ""b15"": {""services"": [""pose"", ""object""], ""fps"": {""pose"": 30, ""object"": 30}, ""eff_fps"": {""pose"": 30, ""object"": 30}, ""latency_ms"": {""pose"": 0, ""object"": 0}, ""svclat_ms"": {""pose"": 22.21, ""object"": 22.26}}}"
296.0,2,2,1.0,0,0,11,15,4,0.267,1037.0,120,0.116,0.0,7.5,0.0,30.0,0,30.0,30.0,0,30.0,0,0,0,21.24,0,21.41,120,"{""ip-172-31-0-204"": ""healthy"", ""ip-172-31-1-171"": ""healthy"", ""ip-172-31-10-12"": ""healthy"", ""ip-172-31-11-132"": ""healthy"", ""ip-172-31-13-134"": ""healthy"", ""ip-172-31-14-68"": ""healthy"", ""ip-172-31-40-239"": ""healthy""}",unsubscribe,65.2,1.0,0,0,"{""ip-172-31-1-171"": {""pose"": 1, ""object"": 1}, ""ip-172-31-14-68"": {""pose"": 1, ""object"": 1}, ""ip-172-31-0-204"": {""pose"": 1, ""object"": 1}, ""ip-172-31-10-12"": {""pose"": 1, ""object"": 1}, ""ip-172-31-11-132"": {""object"": 1, ""pose"": 1}, ""ip-172-31-13-134"": {""object"": 1, ""pose"": 1}, ""ip-172-31-40-239"": {""gesture"": 1, ""pose"": 1, ""object"": 1}}","{""b14"": {""services"": [""pose"", ""object""], ""fps"": {""pose"": 30, ""object"": 30}, ""eff_fps"": {""pose"": 30, ""object"": 30}, ""latency_ms"": {""pose"": 0, ""object"": 0}, ""svclat_ms"": {""pose"": 20.16, ""object"": 20.33}}, ""b15"": {""services"": [""pose"", ""object""], ""fps"": {""pose"": 30, ""object"": 30}, ""eff_fps"": {""pose"": 30, ""object"": 30}, ""latency_ms"": {""pose"": 0, ""object"": 0}, ""svclat_ms"": {""pose"": 22.32, ""object"": 22.5}}}"
298.4,2,2,1.0,0,0,11,15,4,0.267,1037.0,120,0.116,0.0,7.5,0.0,30.0,0,30.0,30.0,0,30.0,0,0,0,21.43,0,21.72,120,"{""ip-172-31-0-204"": ""healthy"", ""ip-172-31-1-171"": ""healthy"", ""ip-172-31-10-12"": ""healthy"", ""ip-172-31-11-132"": ""healthy"", ""ip-172-31-13-134"": ""healthy"", ""ip-172-31-14-68"": ""healthy"", ""ip-172-31-40-239"": ""healthy""}",unsubscribe,65.2,1.0,0,0,"{""ip-172-31-1-171"": {""pose"": 1, ""object"": 1}, ""ip-172-31-14-68"": {""pose"": 1, ""object"": 1}, ""ip-172-31-0-204"": {""pose"": 1, ""object"": 1}, ""ip-172-31-10-12"": {""pose"": 1, ""object"": 1}, ""ip-172-31-11-132"": {""object"": 1, ""pose"": 1}, ""ip-172-31-13-134"": {""object"": 1, ""pose"": 1}, ""ip-172-31-40-239"": {""gesture"": 1, ""pose"": 1, ""object"": 1}}","{""b14"": {""services"": [""pose"", ""object""], ""fps"": {""pose"": 30, ""object"": 30}, ""eff_fps"": {""pose"": 30, ""object"": 30}, ""latency_ms"": {""pose"": 0, ""object"": 0}, ""svclat_ms"": {""pose"": 20.32, ""object"": 20.54}}, ""b15"": {""services"": [""pose"", ""object""], ""fps"": {""pose"": 30, ""object"": 30}, ""eff_fps"": {""pose"": 30, ""object"": 30}, ""latency_ms"": {""pose"": 0, ""object"": 0}, ""svclat_ms"": {""pose"": 22.54, ""object"": 22.9}}}"
300.8,2,2,1.0,0,0,11,15,4,0.267,1037.0,120,0.116,0.0,7.5,0.0,30.0,0,30.0,30.0,0,30.0,0,0,0,21.18,0,21.41,120,"{""ip-172-31-0-204"": ""healthy"", ""ip-172-31-1-171"": ""healthy"", ""ip-172-31-10-12"": ""healthy"", ""ip-172-31-11-132"": ""healthy"", ""ip-172-31-13-134"": ""healthy"", ""ip-172-31-14-68"": ""healthy"", ""ip-172-31-40-239"": ""healthy""}",unsubscribe,65.2,1.0,0,0,"{""ip-172-31-1-171"": {""pose"": 1, ""object"": 1}, ""ip-172-31-14-68"": {""pose"": 1, ""object"": 1}, ""ip-172-31-0-204"": {""pose"": 1, ""object"": 1}, ""ip-172-31-10-12"": {""pose"": 1, ""object"": 1}, ""ip-172-31-11-132"": {""object"": 1, ""pose"": 1}, ""ip-172-31-13-134"": {""object"": 1, ""pose"": 1}, ""ip-172-31-40-239"": {""gesture"": 1, ""pose"": 1, ""object"": 1}}","{""b14"": {""services"": [""pose"", ""object""], ""fps"": {""pose"": 30, ""object"": 30}, ""eff_fps"": {""pose"": 30, ""object"": 30}, ""latency_ms"": {""pose"": 0, ""object"": 0}, ""svclat_ms"": {""pose"": 20.18, ""object"": 20.32}}, ""b15"": {""services"": [""pose"", ""object""], ""fps"": {""pose"": 30, ""object"": 30}, ""eff_fps"": {""pose"": 30, ""object"": 30}, ""latency_ms"": {""pose"": 0, ""object"": 0}, ""svclat_ms"": {""pose"": 22.17, ""object"": 22.51}}, ""e1"": {""services"": [""gesture"", ""object""], ""fps"": {""gesture"": 0, ""object"": 0}, ""eff_fps"": {""gesture"": 0, ""object"": 0}, ""latency_ms"": {""gesture"": 0, ""object"": 0}, ""svclat_ms"": {""gesture"": 0.0, ""object"": 0.0}}}"
304.7,2,2,1.0,0,0,11,15,4,0.267,1037.0,120,0.116,0.0,7.5,0.0,30.0,0,30.0,30.0,0,30.0,0,0,0,22.17,0,22.51,60,"{""ip-172-31-0-204"": ""healthy"", ""ip-172-31-1-171"": ""healthy"", ""ip-172-31-10-12"": ""healthy"", ""ip-172-31-11-132"": ""healthy"", ""ip-172-31-13-134"": ""healthy"", ""ip-172-31-14-68"": ""healthy"", ""ip-172-31-40-239"": ""healthy""}",unsubscribe,65.2,1.0,0,0,"{""ip-172-31-1-171"": {""pose"": 1, ""object"": 1}, ""ip-172-31-14-68"": {""pose"": 1, ""object"": 1}, ""ip-172-31-0-204"": {""pose"": 1, ""object"": 1}, ""ip-172-31-10-12"": {""pose"": 1, ""object"": 1}, ""ip-172-31-11-132"": {""object"": 1, ""pose"": 1}, ""ip-172-31-13-134"": {""object"": 1, ""pose"": 1}, ""ip-172-31-40-239"": {""gesture"": 1, ""pose"": 1, ""object"": 1}}","{""b15"": {""services"": [""pose"", ""object""], ""fps"": {""pose"": 30, ""object"": 30}, ""eff_fps"": {""pose"": 30, ""object"": 30}, ""latency_ms"": {""pose"": 0, ""object"": 0}, ""svclat_ms"": {""pose"": 22.17, ""object"": 22.51}}, ""e1"": {""services"": [""gesture"", ""object""], ""fps"": {""gesture"": 0, ""object"": 0}, ""eff_fps"": {""gesture"": 0, ""object"": 0}, ""latency_ms"": {""gesture"": 0, ""object"": 0}, ""svclat_ms"": {""gesture"": 0.0, ""object"": 0.0}}}"
309.3,2,2,1.0,0,0,11,15,4,0.267,1037.0,120.0,0.116,0.0,7.5,0.0,0,30.0,30.0,0,30.0,30.0,0,0,0,0,14.0,19.86,60,"{""ip-172-31-0-204"": ""healthy"", ""ip-172-31-1-171"": ""healthy"", ""ip-172-31-10-12"": ""healthy"", ""ip-172-31-11-132"": ""healthy"", ""ip-172-31-13-134"": ""healthy"", ""ip-172-31-14-68"": ""healthy"", ""ip-172-31-40-239"": ""healthy""}",subscribe,64.8,1.0,0,0,"{""ip-172-31-1-171"": {""pose"": 1, ""object"": 1}, ""ip-172-31-14-68"": {""pose"": 1, ""object"": 1}, ""ip-172-31-0-204"": {""pose"": 1, ""object"": 1}, ""ip-172-31-10-12"": {""pose"": 1, ""object"": 1}, ""ip-172-31-11-132"": {""object"": 1, ""pose"": 1}, ""ip-172-31-13-134"": {""object"": 1, ""pose"": 1}, ""ip-172-31-40-239"": {""gesture"": 1, ""pose"": 1, ""object"": 1}}","{""e1"": {""services"": [""gesture"", ""object""], ""fps"": {""gesture"": 30, ""object"": 30}, ""eff_fps"": {""gesture"": 30, ""object"": 30}, ""latency_ms"": {""gesture"": 0, ""object"": 0}, ""svclat_ms"": {""gesture"": 14.0, ""object"": 19.86}}, ""e2"": {""services"": [""gesture"", ""object""], ""fps"": {""gesture"": 0, ""object"": 0}, ""eff_fps"": {""gesture"": 0, ""object"": 0}, ""latency_ms"": {""gesture"": 0, ""object"": 0}, ""svclat_ms"": {""gesture"": 0.0, ""object"": 0.0}}}"
314.6,2,2,1.0,0,0,11,15,3,0.2,1037.0,120.0,0.116,0.0,7.5,0.0,0,30.0,30.0,0,30.0,30.0,0,0,0,0,17.17,20.04,180,"{""ip-172-31-0-204"": ""healthy"", ""ip-172-31-1-171"": ""healthy"", ""ip-172-31-10-12"": ""healthy"", ""ip-172-31-11-132"": ""healthy"", ""ip-172-31-13-134"": ""healthy"", ""ip-172-31-14-68"": ""healthy"", ""ip-172-31-40-239"": ""healthy""}",subscribe,63.8,1.0,0,0,"{""ip-172-31-1-171"": {""pose"": 1, ""object"": 1}, ""ip-172-31-14-68"": {""pose"": 1, ""object"": 1}, ""ip-172-31-0-204"": {""pose"": 1, ""object"": 1}, ""ip-172-31-10-12"": {""pose"": 1, ""object"": 1}, ""ip-172-31-11-132"": {""object"": 1, ""pose"": 1}, ""ip-172-31-13-134"": {""object"": 1, ""pose"": 1}, ""ip-172-31-40-239"": {""gesture"": 1, ""pose"": 1, ""object"": 1}}","{""e1"": {""services"": [""gesture"", ""object""], ""fps"": {""gesture"": 30, ""object"": 30}, ""eff_fps"": {""gesture"": 30, ""object"": 30}, ""latency_ms"": {""gesture"": 0, ""object"": 0}, ""svclat_ms"": {""gesture"": 18.37, ""object"": 20.02}}, ""e2"": {""services"": [""gesture"", ""object""], ""fps"": {""gesture"": 30, ""object"": 30}, ""eff_fps"": {""gesture"": 30, ""object"": 30}, ""latency_ms"": {""gesture"": 0, ""object"": 0}, ""svclat_ms"": {""gesture"": 16.84, ""object"": 20.17}}, ""e3"": {""services"": [""gesture"", ""object""], ""fps"": {""gesture"": 30, ""object"": 30}, ""eff_fps"": {""gesture"": 30, ""object"": 30}, ""latency_ms"": {""gesture"": 0, ""object"": 0}, ""svclat_ms"": {""gesture"": 16.31, ""object"": 19.92}}}"
317.0,3,3,1.0,0,0,11,15,4,0.267,1037.0,180.0,0.174,0.0,5.0,0.0,0,30.0,30.0,0,30.0,30.0,0,0,0,0,17.56,20.12,180,"{""ip-172-31-0-204"": ""healthy"", ""ip-172-31-1-171"": ""healthy"", ""ip-172-31-10-12"": ""healthy"", ""ip-172-31-11-132"": ""healthy"", ""ip-172-31-13-134"": ""healthy"", ""ip-172-31-14-68"": ""healthy"", ""ip-172-31-40-239"": ""healthy""}",subscribe,67.9,1.0,0,0,"{""ip-172-31-1-171"": {""pose"": 1, ""object"": 1}, ""ip-172-31-14-68"": {""pose"": 1, ""object"": 1}, ""ip-172-31-0-204"": {""pose"": 1, ""object"": 1}, ""ip-172-31-10-12"": {""pose"": 1, ""object"": 1}, ""ip-172-31-11-132"": {""object"": 1, ""pose"": 1}, ""ip-172-31-13-134"": {""object"": 1, ""pose"": 1}, ""ip-172-31-40-239"": {""gesture"": 1, ""pose"": 1, ""object"": 1}}","{""e1"": {""services"": [""gesture"", ""object""], ""fps"": {""gesture"": 30, ""object"": 30}, ""eff_fps"": {""gesture"": 30, ""object"": 30}, ""latency_ms"": {""gesture"": 0, ""object"": 0}, ""svclat_ms"": {""gesture"": 18.96, ""object"": 20.07}}, ""e2"": {""services"": [""gesture"", ""object""], ""fps"": {""gesture"": 30, ""object"": 30}, ""eff_fps"": {""gesture"": 30, ""object"": 30}, ""latency_ms"": {""gesture"": 0, ""object"": 0}, ""svclat_ms"": {""gesture"": 17.13, ""object"": 20.59}}, ""e3"": {""services"": [""gesture"", ""object""], ""fps"": {""gesture"": 30, ""object"": 30}, ""eff_fps"": {""gesture"": 30, ""object"": 30}, ""latency_ms"": {""gesture"": 0, ""object"": 0}, ""svclat_ms"": {""gesture"": 16.59, ""object"": 19.7}}, ""e4"": {""services"": [""gesture"", ""object""], ""fps"": {""gesture"": 0, ""object"": 0}, ""eff_fps"": {""gesture"": 0, ""object"": 0}, ""latency_ms"": {""gesture"": 0, ""object"": 0}, ""svclat_ms"": {""gesture"": 0.0, ""object"": 0.0}}}"
319.5,4,3,0.75,0,0,11,15,4,0.267,1037.0,180.0,0.174,0.0,5.0,0.0,0,30.0,30.0,0,30.0,30.0,0,0,0,0,17.23,21.21,180,"{""ip-172-31-0-204"": ""healthy"", ""ip-172-31-1-171"": ""healthy"", ""ip-172-31-10-12"": ""healthy"", ""ip-172-31-11-132"": ""healthy"", ""ip-172-31-13-134"": ""healthy"", ""ip-172-31-14-68"": ""healthy"", ""ip-172-31-40-239"": ""healthy""}",subscribe,67.9,1.0,0,0,"{""ip-172-31-1-171"": {""pose"": 1, ""object"": 1}, ""ip-172-31-14-68"": {""pose"": 1, ""object"": 1}, ""ip-172-31-0-204"": {""pose"": 1, ""object"": 1}, ""ip-172-31-10-12"": {""pose"": 1, ""object"": 1}, ""ip-172-31-11-132"": {""object"": 1, ""pose"": 1}, ""ip-172-31-13-134"": {""object"": 1, ""pose"": 1}, ""ip-172-31-40-239"": {""gesture"": 1, ""pose"": 1, ""object"": 1}}","{""e1"": {""services"": [""gesture"", ""object""], ""fps"": {""gesture"": 30, ""object"": 30}, ""eff_fps"": {""gesture"": 30, ""object"": 30}, ""latency_ms"": {""gesture"": 0, ""object"": 0}, ""svclat_ms"": {""gesture"": 18.49, ""object"": 21.19}}, ""e2"": {""services"": [""gesture"", ""object""], ""fps"": {""gesture"": 30, ""object"": 30}, ""eff_fps"": {""gesture"": 30, ""object"": 30}, ""latency_ms"": {""gesture"": 0, ""object"": 0}, ""svclat_ms"": {""gesture"": 16.87, ""object"": 21.43}}, ""e3"": {""services"": [""gesture"", ""object""], ""fps"": {""gesture"": 30, ""object"": 30}, ""eff_fps"": {""gesture"": 30, ""object"": 30}, ""latency_ms"": {""gesture"": 0, ""object"": 0}, ""svclat_ms"": {""gesture"": 16.34, ""object"": 21.0}}, ""e4"": {""services"": [""gesture"", ""object""], ""fps"": {""gesture"": 0, ""object"": 0}, ""eff_fps"": {""gesture"": 0, ""object"": 0}, ""latency_ms"": {""gesture"": 0, ""object"": 0}, ""svclat_ms"": {""gesture"": 0.0, ""object"": 0.0}}}"
321.9,4,3,0.75,0,0,11,15,4,0.267,1037.0,180.0,0.174,0.0,5.0,0.0,0,30.0,30.0,0,30.0,30.0,0,0,0,0,17.31,20.63,180,"{""ip-172-31-0-204"": ""healthy"", ""ip-172-31-1-171"": ""healthy"", ""ip-172-31-10-12"": ""healthy"", ""ip-172-31-11-132"": ""healthy"", ""ip-172-31-13-134"": ""healthy"", ""ip-172-31-14-68"": ""healthy"", ""ip-172-31-40-239"": ""healthy""}",subscribe,67.9,1.0,0,0,"{""ip-172-31-1-171"": {""pose"": 1, ""object"": 1}, ""ip-172-31-14-68"": {""pose"": 1, ""object"": 1}, ""ip-172-31-0-204"": {""pose"": 1, ""object"": 1}, ""ip-172-31-10-12"": {""pose"": 1, ""object"": 1}, ""ip-172-31-11-132"": {""object"": 1, ""pose"": 1}, ""ip-172-31-13-134"": {""object"": 1, ""pose"": 1}, ""ip-172-31-40-239"": {""gesture"": 1, ""pose"": 1, ""object"": 1}}","{""e1"": {""services"": [""gesture"", ""object""], ""fps"": {""gesture"": 30, ""object"": 30}, ""eff_fps"": {""gesture"": 30, ""object"": 30}, ""latency_ms"": {""gesture"": 0, ""object"": 0}, ""svclat_ms"": {""gesture"": 18.4, ""object"": 20.51}}, ""e2"": {""services"": [""gesture"", ""object""], ""fps"": {""gesture"": 30, ""object"": 30}, ""eff_fps"": {""gesture"": 30, ""object"": 30}, ""latency_ms"": {""gesture"": 0, ""object"": 0}, ""svclat_ms"": {""gesture"": 16.92, ""object"": 21.25}}, ""e3"": {""services"": [""gesture"", ""object""], ""fps"": {""gesture"": 30, ""object"": 30}, ""eff_fps"": {""gesture"": 30, ""object"": 30}, ""latency_ms"": {""gesture"": 0, ""object"": 0}, ""svclat_ms"": {""gesture"": 16.61, ""object"": 20.13}}, ""e4"": {""services"": [""gesture"", ""object""], ""fps"": {""gesture"": 0, ""object"": 0}, ""eff_fps"": {""gesture"": 0, ""object"": 0}, ""latency_ms"": {""gesture"": 0, ""object"": 0}, ""svclat_ms"": {""gesture"": 0.0, ""object"": 0.0}}, ""e5"": {""services"": [""gesture"", ""object""], ""fps"": {""gesture"": 0, ""object"": 0}, ""eff_fps"": {""gesture"": 0, ""object"": 0}, ""latency_ms"": {""gesture"": 0, ""object"": 0}, ""svclat_ms"": {""gesture"": 0.0, ""object"": 0.0}}}"
326.0,4,3,0.75,0,0,11,15,4,0.267,1037.0,180.0,0.174,0.0,5.0,0.0,0,30.0,30.0,0,30.0,30.0,0,0,0,0,15.5,21.11,240,"{""ip-172-31-0-204"": ""healthy"", ""ip-172-31-1-171"": ""healthy"", ""ip-172-31-10-12"": ""healthy"", ""ip-172-31-11-132"": ""healthy"", ""ip-172-31-13-134"": ""healthy"", ""ip-172-31-14-68"": ""healthy"", ""ip-172-31-40-239"": ""healthy""}",subscribe,67.9,1.0,0,0,"{""ip-172-31-1-171"": {""pose"": 1, ""object"": 1}, ""ip-172-31-14-68"": {""pose"": 1, ""object"": 1}, ""ip-172-31-0-204"": {""pose"": 1, ""object"": 1}, ""ip-172-31-10-12"": {""pose"": 1, ""object"": 1}, ""ip-172-31-11-132"": {""object"": 1, ""pose"": 1}, ""ip-172-31-13-134"": {""object"": 1, ""pose"": 1}, ""ip-172-31-40-239"": {""gesture"": 1, ""pose"": 1, ""object"": 1}}","{""e1"": {""services"": [""gesture"", ""object""], ""fps"": {""gesture"": 30, ""object"": 30}, ""eff_fps"": {""gesture"": 30, ""object"": 30}, ""latency_ms"": {""gesture"": 0, ""object"": 0}, ""svclat_ms"": {""gesture"": 14.42, ""object"": 19.58}}, ""e2"": {""services"": [""gesture"", ""object""], ""fps"": {""gesture"": 30, ""object"": 30}, ""eff_fps"": {""gesture"": 30, ""object"": 30}, ""latency_ms"": {""gesture"": 0, ""object"": 0}, ""svclat_ms"": {""gesture"": 17.77, ""object"": 23.45}}, ""e3"": {""services"": [""gesture"", ""object""], ""fps"": {""gesture"": 30, ""object"": 30}, ""eff_fps"": {""gesture"": 30, ""object"": 30}, ""latency_ms"": {""gesture"": 0, ""object"": 0}, ""svclat_ms"": {""gesture"": 14.49, ""object"": 20.31}}, ""e4"": {""services"": [""gesture"", ""object""], ""fps"": {""gesture"": 30, ""object"": 30}, ""eff_fps"": {""gesture"": 30, ""object"": 30}, ""latency_ms"": {""gesture"": 0, ""object"": 0}, ""svclat_ms"": {""gesture"": 15.3, ""object"": 21.11}}, ""e5"": {""services"": [""gesture"", ""object""], ""fps"": {""gesture"": 0, ""object"": 0}, ""eff_fps"": {""gesture"": 0, ""object"": 0}, ""latency_ms"": {""gesture"": 0, ""object"": 0}, ""svclat_ms"": {""gesture"": 0.0, ""object"": 0.0}}, ""e6"": {""services"": [""gesture"", ""object""], ""fps"": {""gesture"": 0, ""object"": 0}, ""eff_fps"": {""gesture"": 0, ""object"": 0}, ""latency_ms"": {""gesture"": 0, ""object"": 0}, ""svclat_ms"": {""gesture"": 0.0, ""object"": 0.0}}}"
330.8,5,5,1.0,0,0,11,16,10,0.625,1214.0,300.0,0.247,0.0,3.2,0.0,0,29.83,29.83,0,29.83,29.83,0,0,0,0,15.49,21.36,358,"{""ip-172-31-0-204"": ""healthy"", ""ip-172-31-1-171"": ""healthy"", ""ip-172-31-10-12"": ""healthy"", ""ip-172-31-11-132"": ""healthy"", ""ip-172-31-13-134"": ""healthy"", ""ip-172-31-14-68"": ""healthy"", ""ip-172-31-40-239"": ""healthy""}",subscribe,80.5,1.0,0,0,"{""ip-172-31-1-171"": {""pose"": 1, ""object"": 1, ""gesture"": 1}, ""ip-172-31-11-132"": {""object"": 1, ""pose"": 1, ""gesture"": 1}, ""ip-172-31-13-134"": {""object"": 1, ""pose"": 1, ""gesture"": 1}, ""ip-172-31-10-12"": {""object"": 1, ""gesture"": 1}, ""ip-172-31-40-239"": {""pose"": 1, ""object"": 1}, ""ip-172-31-14-68"": {""object"": 1, ""gesture"": 1}, ""ip-172-31-0-204"": {""gesture"": 1}}","{""e1"": {""services"": [""gesture"", ""object""], ""fps"": {""gesture"": 30, ""object"": 30}, ""eff_fps"": {""gesture"": 30, ""object"": 30}, ""latency_ms"": {""gesture"": 0, ""object"": 0}, ""svclat_ms"": {""gesture"": 14.11, ""object"": 19.76}}, ""e2"": {""services"": [""gesture"", ""object""], ""fps"": {""gesture"": 30, ""object"": 30}, ""eff_fps"": {""gesture"": 30, ""object"": 30}, ""latency_ms"": {""gesture"": 0, ""object"": 0}, ""svclat_ms"": {""gesture"": 15.43, ""object"": 20.9}}, ""e3"": {""services"": [""gesture"", ""object""], ""fps"": {""gesture"": 30, ""object"": 30}, ""eff_fps"": {""gesture"": 30, ""object"": 30}, ""latency_ms"": {""gesture"": 0, ""object"": 0}, ""svclat_ms"": {""gesture"": 14.86, ""object"": 20.73}}, ""e4"": {""services"": [""gesture"", ""object""], ""fps"": {""gesture"": 29, ""object"": 29}, ""eff_fps"": {""gesture"": 29, ""object"": 29}, ""latency_ms"": {""gesture"": 0, ""object"": 0}, ""svclat_ms"": {""gesture"": 18.19, ""object"": 23.73}}, ""e5"": {""services"": [""gesture"", ""object""], ""fps"": {""gesture"": 30, ""object"": 30}, ""eff_fps"": {""gesture"": 30, ""object"": 30}, ""latency_ms"": {""gesture"": 0, ""object"": 0}, ""svclat_ms"": {""gesture"": 15.04, ""object"": 20.65}}, ""e6"": {""services"": [""gesture"", ""object""], ""fps"": {""gesture"": 30, ""object"": 30}, ""eff_fps"": {""gesture"": 30, ""object"": 30}, ""latency_ms"": {""gesture"": 0, ""object"": 0}, ""svclat_ms"": {""gesture"": 15.33, ""object"": 22.39}}, ""e7"": {""services"": [""gesture"", ""object""], ""fps"": {""gesture"": 0, ""object"": 0}, ""eff_fps"": {""gesture"": 0, ""object"": 0}, ""latency_ms"": {""gesture"": 0, ""object"": 0}, ""svclat_ms"": {""gesture"": 0.0, ""object"": 0.0}}}"
334.8,6,6,1.0,0,0,11,16,12,0.75,1214.0,360.0,0.297,0.0,2.67,0.0,0,29.86,29.86,0,29.86,29.86,0,0,0,0,16.06,22.29,418,"{""ip-172-31-0-204"": ""healthy"", ""ip-172-31-1-171"": ""healthy"", ""ip-172-31-10-12"": ""healthy"", ""ip-172-31-11-132"": ""healthy"", ""ip-172-31-13-134"": ""healthy"", ""ip-172-31-14-68"": ""healthy"", ""ip-172-31-40-239"": ""healthy""}",subscribe,87.9,1.0,0,0,"{""ip-172-31-1-171"": {""pose"": 1, ""object"": 1, ""gesture"": 1}, ""ip-172-31-11-132"": {""object"": 1, ""pose"": 1, ""gesture"": 1}, ""ip-172-31-13-134"": {""object"": 1, ""pose"": 1, ""gesture"": 1}, ""ip-172-31-10-12"": {""object"": 1, ""gesture"": 1}, ""ip-172-31-40-239"": {""pose"": 1, ""object"": 1}, ""ip-172-31-14-68"": {""object"": 1, ""gesture"": 1}, ""ip-172-31-0-204"": {""gesture"": 1}}","{""e1"": {""services"": [""gesture"", ""object""], ""fps"": {""gesture"": 30, ""object"": 30}, ""eff_fps"": {""gesture"": 30, ""object"": 30}, ""latency_ms"": {""gesture"": 0, ""object"": 0}, ""svclat_ms"": {""gesture"": 15.06, ""object"": 20.25}}, ""e2"": {""services"": [""gesture"", ""object""], ""fps"": {""gesture"": 30, ""object"": 30}, ""eff_fps"": {""gesture"": 30, ""object"": 30}, ""latency_ms"": {""gesture"": 0, ""object"": 0}, ""svclat_ms"": {""gesture"": 15.36, ""object"": 20.66}}, ""e3"": {""services"": [""gesture"", ""object""], ""fps"": {""gesture"": 30, ""object"": 30}, ""eff_fps"": {""gesture"": 30, ""object"": 30}, ""latency_ms"": {""gesture"": 0, ""object"": 0}, ""svclat_ms"": {""gesture"": 15.28, ""object"": 21.25}}, ""e4"": {""services"": [""gesture"", ""object""], ""fps"": {""gesture"": 29, ""object"": 29}, ""eff_fps"": {""gesture"": 29, ""object"": 29}, ""latency_ms"": {""gesture"": 0, ""object"": 0}, ""svclat_ms"": {""gesture"": 17.37, ""object"": 23.24}}, ""e5"": {""services"": [""gesture"", ""object""], ""fps"": {""gesture"": 30, ""object"": 30}, ""eff_fps"": {""gesture"": 30, ""object"": 30}, ""latency_ms"": {""gesture"": 0, ""object"": 0}, ""svclat_ms"": {""gesture"": 14.76, ""object"": 20.28}}, ""e6"": {""services"": [""gesture"", ""object""], ""fps"": {""gesture"": 30, ""object"": 30}, ""eff_fps"": {""gesture"": 30, ""object"": 30}, ""latency_ms"": {""gesture"": 0, ""object"": 0}, ""svclat_ms"": {""gesture"": 16.81, ""object"": 23.34}}, ""e7"": {""services"": [""gesture"", ""object""], ""fps"": {""gesture"": 30, ""object"": 30}, ""eff_fps"": {""gesture"": 30, ""object"": 30}, ""latency_ms"": {""gesture"": 0, ""object"": 0}, ""svclat_ms"": {""gesture"": 17.75, ""object"": 26.98}}}"
337.2,7,7,1.0,0,0,11,16,12,0.75,1214.0,420.0,0.346,0.0,2.29,0.0,0,30.14,30.14,0,30.14,30.14,0,0,0,0,15.43,21.85,422,"{""ip-172-31-0-204"": ""healthy"", ""ip-172-31-1-171"": ""healthy"", ""ip-172-31-10-12"": ""healthy"", ""ip-172-31-11-132"": ""healthy"", ""ip-172-31-13-134"": ""healthy"", ""ip-172-31-14-68"": ""healthy"", ""ip-172-31-40-239"": ""healthy""}",subscribe,89.9,1.0,0,0,"{""ip-172-31-1-171"": {""pose"": 1, ""object"": 1, ""gesture"": 1}, ""ip-172-31-11-132"": {""object"": 1, ""pose"": 1, ""gesture"": 1}, ""ip-172-31-13-134"": {""object"": 1, ""pose"": 1, ""gesture"": 1}, ""ip-172-31-10-12"": {""object"": 1, ""gesture"": 1}, ""ip-172-31-40-239"": {""pose"": 1, ""object"": 1}, ""ip-172-31-14-68"": {""object"": 1, ""gesture"": 1}, ""ip-172-31-0-204"": {""gesture"": 1}}","{""e1"": {""services"": [""gesture"", ""object""], ""fps"": {""gesture"": 30, ""object"": 30}, ""eff_fps"": {""gesture"": 30, ""object"": 30}, ""latency_ms"": {""gesture"": 0, ""object"": 0}, ""svclat_ms"": {""gesture"": 15.5, ""object"": 19.89}}, ""e2"": {""services"": [""gesture"", ""object""], ""fps"": {""gesture"": 30, ""object"": 30}, ""eff_fps"": {""gesture"": 30, ""object"": 30}, ""latency_ms"": {""gesture"": 0, ""object"": 0}, ""svclat_ms"": {""gesture"": 15.32, ""object"": 20.86}}, ""e3"": {""services"": [""gesture"", ""object""], ""fps"": {""gesture"": 30, ""object"": 30}, ""eff_fps"": {""gesture"": 30, ""object"": 30}, ""latency_ms"": {""gesture"": 0, ""object"": 0}, ""svclat_ms"": {""gesture"": 14.52, ""object"": 20.46}}, ""e4"": {""services"": [""gesture"", ""object""], ""fps"": {""gesture"": 31, ""object"": 31}, ""eff_fps"": {""gesture"": 31, ""object"": 31}, ""latency_ms"": {""gesture"": 0, ""object"": 0}, ""svclat_ms"": {""gesture"": 15.94, ""object"": 21.29}}, ""e5"": {""services"": [""gesture"", ""object""], ""fps"": {""gesture"": 30, ""object"": 30}, ""eff_fps"": {""gesture"": 30, ""object"": 30}, ""latency_ms"": {""gesture"": 0, ""object"": 0}, ""svclat_ms"": {""gesture"": 15.06, ""object"": 20.83}}, ""e6"": {""services"": [""gesture"", ""object""], ""fps"": {""gesture"": 30, ""object"": 30}, ""eff_fps"": {""gesture"": 30, ""object"": 30}, ""latency_ms"": {""gesture"": 0, ""object"": 0}, ""svclat_ms"": {""gesture"": 15.63, ""object"": 22.27}}, ""e7"": {""services"": [""gesture"", ""object""], ""fps"": {""gesture"": 30, ""object"": 30}, ""eff_fps"": {""gesture"": 30, ""object"": 30}, ""latency_ms"": {""gesture"": 0, ""object"": 0}, ""svclat_ms"": {""gesture"": 16.04, ""object"": 27.37}}, ""e8"": {""services"": [""gesture"", ""object""], ""fps"": {""gesture"": 0, ""object"": 0}, ""eff_fps"": {""gesture"": 0, ""object"": 0}, ""latency_ms"": {""gesture"": 0, ""object"": 0}, ""svclat_ms"": {""gesture"": 0.0, ""object"": 0.0}}}"
341.0,8,8,1.0,0,0,11,16,12,0.75,1214.0,480.0,0.395,0.0,2.0,0.0,0,30.0,30.0,0,30.0,30.0,0,0,0,0,15.46,22.21,480,"{""ip-172-31-0-204"": ""healthy"", ""ip-172-31-1-171"": ""healthy"", ""ip-172-31-10-12"": ""healthy"", ""ip-172-31-11-132"": ""healthy"", ""ip-172-31-13-134"": ""healthy"", ""ip-172-31-14-68"": ""healthy"", ""ip-172-31-40-239"": ""healthy""}",subscribe,94.5,1.0,0,0,"{""ip-172-31-1-171"": {""pose"": 1, ""object"": 1, ""gesture"": 1}, ""ip-172-31-11-132"": {""object"": 1, ""pose"": 1, ""gesture"": 1}, ""ip-172-31-13-134"": {""object"": 1, ""pose"": 1, ""gesture"": 1}, ""ip-172-31-10-12"": {""object"": 1, ""gesture"": 1}, ""ip-172-31-40-239"": {""pose"": 1, ""object"": 1}, ""ip-172-31-14-68"": {""object"": 1, ""gesture"": 1}, ""ip-172-31-0-204"": {""gesture"": 1}}","{""e1"": {""services"": [""gesture"", ""object""], ""fps"": {""gesture"": 30, ""object"": 30}, ""eff_fps"": {""gesture"": 30, ""object"": 30}, ""latency_ms"": {""gesture"": 0, ""object"": 0}, ""svclat_ms"": {""gesture"": 14.77, ""object"": 19.47}}, ""e2"": {""services"": [""gesture"", ""object""], ""fps"": {""gesture"": 30, ""object"": 30}, ""eff_fps"": {""gesture"": 30, ""object"": 30}, ""latency_ms"": {""gesture"": 0, ""object"": 0}, ""svclat_ms"": {""gesture"": 16.53, ""object"": 23.27}}, ""e3"": {""services"": [""gesture"", ""object""], ""fps"": {""gesture"": 30, ""object"": 30}, ""eff_fps"": {""gesture"": 30, ""object"": 30}, ""latency_ms"": {""gesture"": 0, ""object"": 0}, ""svclat_ms"": {""gesture"": 14.43, ""object"": 20.38}}, ""e4"": {""services"": [""gesture"", ""object""], ""fps"": {""gesture"": 30, ""object"": 30}, ""eff_fps"": {""gesture"": 30, ""object"": 30}, ""latency_ms"": {""gesture"": 0, ""object"": 0}, ""svclat_ms"": {""gesture"": 15.36, ""object"": 21.11}}, ""e5"": {""services"": [""gesture"", ""object""], ""fps"": {""gesture"": 30, ""object"": 30}, ""eff_fps"": {""gesture"": 30, ""object"": 30}, ""latency_ms"": {""gesture"": 0, ""object"": 0}, ""svclat_ms"": {""gesture"": 15.08, ""object"": 20.85}}, ""e6"": {""services"": [""gesture"", ""object""], ""fps"": {""gesture"": 30, ""object"": 30}, ""eff_fps"": {""gesture"": 30, ""object"": 30}, ""latency_ms"": {""gesture"": 0, ""object"": 0}, ""svclat_ms"": {""gesture"": 15.86, ""object"": 22.54}}, ""e7"": {""services"": [""gesture"", ""object""], ""fps"": {""gesture"": 30, ""object"": 30}, ""eff_fps"": {""gesture"": 30, ""object"": 30}, ""latency_ms"": {""gesture"": 0, ""object"": 0}, ""svclat_ms"": {""gesture"": 15.8, ""object"": 27.06}}, ""e8"": {""services"": [""gesture"", ""object""], ""fps"": {""gesture"": 30, ""object"": 30}, ""eff_fps"": {""gesture"": 30, ""object"": 30}, ""latency_ms"": {""gesture"": 0, ""object"": 0}, ""svclat_ms"": {""gesture"": 15.88, ""object"": 23.0}}, ""e9"": {""services"": [""gesture"", ""object""], ""fps"": {""gesture"": 0, ""object"": 0}, ""eff_fps"": {""gesture"": 0, ""object"": 0}, ""latency_ms"": {""gesture"": 0, ""object"": 0}, ""svclat_ms"": {""gesture"": 0.0, ""object"": 0.0}}}"
344.8,8,8,1.0,0,0,11,16,12,0.75,1214.0,480.0,0.395,0.0,2.0,0.0,0,30.0,30.0,0,30.0,30.0,0,0,0,0,15.52,22.13,540,"{""ip-172-31-0-204"": ""healthy"", ""ip-172-31-1-171"": ""healthy"", ""ip-172-31-10-12"": ""healthy"", ""ip-172-31-11-132"": ""healthy"", ""ip-172-31-13-134"": ""healthy"", ""ip-172-31-14-68"": ""healthy"", ""ip-172-31-40-239"": ""healthy""}",subscribe,94.5,1.0,0,0,"{""ip-172-31-1-171"": {""pose"": 1, ""object"": 1, ""gesture"": 1}, ""ip-172-31-11-132"": {""object"": 1, ""pose"": 1, ""gesture"": 1}, ""ip-172-31-13-134"": {""object"": 1, ""pose"": 1, ""gesture"": 1}, ""ip-172-31-10-12"": {""object"": 1, ""gesture"": 1}, ""ip-172-31-40-239"": {""pose"": 1, ""object"": 1}, ""ip-172-31-14-68"": {""object"": 1, ""gesture"": 1}, ""ip-172-31-0-204"": {""gesture"": 1}}","{""e1"": {""services"": [""gesture"", ""object""], ""fps"": {""gesture"": 30, ""object"": 30}, ""eff_fps"": {""gesture"": 30, ""object"": 30}, ""latency_ms"": {""gesture"": 0, ""object"": 0}, ""svclat_ms"": {""gesture"": 14.84, ""object"": 19.48}}, ""e2"": {""services"": [""gesture"", ""object""], ""fps"": {""gesture"": 30, ""object"": 30}, ""eff_fps"": {""gesture"": 30, ""object"": 30}, ""latency_ms"": {""gesture"": 0, ""object"": 0}, ""svclat_ms"": {""gesture"": 16.14, ""object"": 22.47}}, ""e3"": {""services"": [""gesture"", ""object""], ""fps"": {""gesture"": 30, ""object"": 30}, ""eff_fps"": {""gesture"": 30, ""object"": 30}, ""latency_ms"": {""gesture"": 0, ""object"": 0}, ""svclat_ms"": {""gesture"": 15.52, ""object"": 23.08}}, ""e4"": {""services"": [""gesture"", ""object""], ""fps"": {""gesture"": 30, ""object"": 30}, ""eff_fps"": {""gesture"": 30, ""object"": 30}, ""latency_ms"": {""gesture"": 0, ""object"": 0}, ""svclat_ms"": {""gesture"": 15.79, ""object"": 21.4}}, ""e5"": {""services"": [""gesture"", ""object""], ""fps"": {""gesture"": 30, ""object"": 30}, ""eff_fps"": {""gesture"": 30, ""object"": 30}, ""latency_ms"": {""gesture"": 0, ""object"": 0}, ""svclat_ms"": {""gesture"": 14.72, ""object"": 20.34}}, ""e6"": {""services"": [""gesture"", ""object""], ""fps"": {""gesture"": 30, ""object"": 30}, ""eff_fps"": {""gesture"": 30, ""object"": 30}, ""latency_ms"": {""gesture"": 0, ""object"": 0}, ""svclat_ms"": {""gesture"": 15.64, ""object"": 22.3}}, ""e7"": {""services"": [""gesture"", ""object""], ""fps"": {""gesture"": 30, ""object"": 30}, ""eff_fps"": {""gesture"": 30, ""object"": 30}, ""latency_ms"": {""gesture"": 0, ""object"": 0}, ""svclat_ms"": {""gesture"": 15.58, ""object"": 27.23}}, ""e8"": {""services"": [""gesture"", ""object""], ""fps"": {""gesture"": 30, ""object"": 30}, ""eff_fps"": {""gesture"": 30, ""object"": 30}, ""latency_ms"": {""gesture"": 0, ""object"": 0}, ""svclat_ms"": {""gesture"": 15.81, ""object"": 21.06}}, ""e9"": {""services"": [""gesture"", ""object""], ""fps"": {""gesture"": 30, ""object"": 30}, ""eff_fps"": {""gesture"": 30, ""object"": 30}, ""latency_ms"": {""gesture"": 0, ""object"": 0}, ""svclat_ms"": {""gesture"": 15.61, ""object"": 21.77}}}"
347.2,9,9,1.0,0,0,11,16,12,0.75,1214.0,540.0,0.445,0.0,1.78,0.0,0,30.0,30.11,0,30.0,30.11,0,0,0,0,15.82,22.85,541,"{""ip-172-31-0-204"": ""healthy"", ""ip-172-31-1-171"": ""healthy"", ""ip-172-31-10-12"": ""healthy"", ""ip-172-31-11-132"": ""healthy"", ""ip-172-31-13-134"": ""healthy"", ""ip-172-31-14-68"": ""healthy"", ""ip-172-31-40-239"": ""healthy""}",subscribe,99.8,1.0,0,0,"{""ip-172-31-1-171"": {""pose"": 1, ""object"": 1, ""gesture"": 1}, ""ip-172-31-11-132"": {""object"": 1, ""pose"": 1, ""gesture"": 1}, ""ip-172-31-13-134"": {""object"": 1, ""pose"": 1, ""gesture"": 1}, ""ip-172-31-10-12"": {""object"": 1, ""gesture"": 1}, ""ip-172-31-40-239"": {""pose"": 1, ""object"": 1}, ""ip-172-31-14-68"": {""object"": 1, ""gesture"": 1}, ""ip-172-31-0-204"": {""gesture"": 1}}","{""e1"": {""services"": [""gesture"", ""object""], ""fps"": {""gesture"": 30, ""object"": 30}, ""eff_fps"": {""gesture"": 30, ""object"": 30}, ""latency_ms"": {""gesture"": 0, ""object"": 0}, ""svclat_ms"": {""gesture"": 14.75, ""object"": 25.25}}, ""e2"": {""services"": [""gesture"", ""object""], ""fps"": {""gesture"": 30, ""object"": 30}, ""eff_fps"": {""gesture"": 30, ""object"": 30}, ""latency_ms"": {""gesture"": 0, ""object"": 0}, ""svclat_ms"": {""gesture"": 16.22, ""object"": 22.91}}, ""e3"": {""services"": [""gesture"", ""object""], ""fps"": {""gesture"": 30, ""object"": 30}, ""eff_fps"": {""gesture"": 30, ""object"": 30}, ""latency_ms"": {""gesture"": 0, ""object"": 0}, ""svclat_ms"": {""gesture"": 15.88, ""object"": 24.17}}, ""e4"": {""services"": [""gesture"", ""object""], ""fps"": {""gesture"": 30, ""object"": 30}, ""eff_fps"": {""gesture"": 30, ""object"": 30}, ""latency_ms"": {""gesture"": 0, ""object"": 0}, ""svclat_ms"": {""gesture"": 15.38, ""object"": 21.02}}, ""e5"": {""services"": [""gesture"", ""object""], ""fps"": {""gesture"": 30, ""object"": 30}, ""eff_fps"": {""gesture"": 30, ""object"": 30}, ""latency_ms"": {""gesture"": 0, ""object"": 0}, ""svclat_ms"": {""gesture"": 14.95, ""object"": 20.57}}, ""e6"": {""services"": [""gesture"", ""object""], ""fps"": {""gesture"": 30, ""object"": 30}, ""eff_fps"": {""gesture"": 30, ""object"": 30}, ""latency_ms"": {""gesture"": 0, ""object"": 0}, ""svclat_ms"": {""gesture"": 16.67, ""object"": 23.11}}, ""e7"": {""services"": [""gesture"", ""object""], ""fps"": {""gesture"": 30, ""object"": 31}, ""eff_fps"": {""gesture"": 30, ""object"": 31}, ""latency_ms"": {""gesture"": 0, ""object"": 0}, ""svclat_ms"": {""gesture"": 15.75, ""object"": 23.21}}, ""e8"": {""services"": [""gesture"", ""object""], ""fps"": {""gesture"": 30, ""object"": 30}, ""eff_fps"": {""gesture"": 30, ""object"": 30}, ""latency_ms"": {""gesture"": 0, ""object"": 0}, ""svclat_ms"": {""gesture"": 16.74, ""object"": 23.04}}, ""e9"": {""services"": [""gesture"", ""object""], ""fps"": {""gesture"": 30, ""object"": 30}, ""eff_fps"": {""gesture"": 30, ""object"": 30}, ""latency_ms"": {""gesture"": 0, ""object"": 0}, ""svclat_ms"": {""gesture"": 16.03, ""object"": 22.4}}, ""e10"": {""services"": [""gesture"", ""object""], ""fps"": {""gesture"": 0, ""object"": 0}, ""eff_fps"": {""gesture"": 0, ""object"": 0}, ""latency_ms"": {""gesture"": 0, ""object"": 0}, ""svclat_ms"": {""gesture"": 0.0, ""object"": 0.0}}}"
351.0,10,10,1.0,0,0,11,16,12,0.75,1214.0,598.0,0.493,0.0,1.6,0.0,0,30.1,29.8,0,30.1,29.8,0,0,0,0,15.85,23.4,599,"{""ip-172-31-0-204"": ""healthy"", ""ip-172-31-1-171"": ""healthy"", ""ip-172-31-10-12"": ""healthy"", ""ip-172-31-11-132"": ""healthy"", ""ip-172-31-13-134"": ""healthy"", ""ip-172-31-14-68"": ""healthy"", ""ip-172-31-40-239"": ""healthy""}",subscribe,105.6,0.9967,0,0,"{""ip-172-31-1-171"": {""pose"": 1, ""object"": 1, ""gesture"": 1}, ""ip-172-31-11-132"": {""object"": 1, ""pose"": 1, ""gesture"": 1}, ""ip-172-31-13-134"": {""object"": 1, ""pose"": 1, ""gesture"": 1}, ""ip-172-31-10-12"": {""object"": 1, ""gesture"": 1}, ""ip-172-31-40-239"": {""pose"": 1, ""object"": 1}, ""ip-172-31-14-68"": {""object"": 1, ""gesture"": 1}, ""ip-172-31-0-204"": {""gesture"": 1}}","{""e1"": {""services"": [""gesture"", ""object""], ""fps"": {""gesture"": 30, ""object"": 30}, ""eff_fps"": {""gesture"": 30, ""object"": 30}, ""latency_ms"": {""gesture"": 0, ""object"": 0}, ""svclat_ms"": {""gesture"": 14.96, ""object"": 28.84}}, ""e2"": {""services"": [""gesture"", ""object""], ""fps"": {""gesture"": 31, ""object"": 30}, ""eff_fps"": {""gesture"": 31, ""object"": 30}, ""latency_ms"": {""gesture"": 0, ""object"": 0}, ""svclat_ms"": {""gesture"": 16.46, ""object"": 22.8}}, ""e3"": {""services"": [""gesture"", ""object""], ""fps"": {""gesture"": 30, ""object"": 30}, ""eff_fps"": {""gesture"": 30, ""object"": 30}, ""latency_ms"": {""gesture"": 0, ""object"": 0}, ""svclat_ms"": {""gesture"": 16.22, ""object"": 24.4}}, ""e4"": {""services"": [""gesture"", ""object""], ""fps"": {""gesture"": 30, ""object"": 29}, ""eff_fps"": {""gesture"": 30, ""object"": 29}, ""latency_ms"": {""gesture"": 0, ""object"": 0}, ""svclat_ms"": {""gesture"": 15.83, ""object"": 22.37}}, ""e5"": {""services"": [""gesture"", ""object""], ""fps"": {""gesture"": 30, ""object"": 30}, ""eff_fps"": {""gesture"": 30, ""object"": 30}, ""latency_ms"": {""gesture"": 0, ""object"": 0}, ""svclat_ms"": {""gesture"": 14.8, ""object"": 20.62}}, ""e6"": {""services"": [""gesture"", ""object""], ""fps"": {""gesture"": 30, ""object"": 30}, ""eff_fps"": {""gesture"": 30, ""object"": 30}, ""latency_ms"": {""gesture"": 0, ""object"": 0}, ""svclat_ms"": {""gesture"": 15.34, ""object"": 22.21}}, ""e7"": {""services"": [""gesture"", ""object""], ""fps"": {""gesture"": 30, ""object"": 30}, ""eff_fps"": {""gesture"": 30, ""object"": 30}, ""latency_ms"": {""gesture"": 0, ""object"": 0}, ""svclat_ms"": {""gesture"": 15.98, ""object"": 19.16}}, ""e8"": {""services"": [""gesture"", ""object""], ""fps"": {""gesture"": 30, ""object"": 30}, ""eff_fps"": {""gesture"": 30, ""object"": 30}, ""latency_ms"": {""gesture"": 0, ""object"": 0}, ""svclat_ms"": {""gesture"": 16.21, ""object"": 22.75}}, ""e9"": {""services"": [""gesture"", ""object""], ""fps"": {""gesture"": 30, ""object"": 30}, ""eff_fps"": {""gesture"": 30, ""object"": 30}, ""latency_ms"": {""gesture"": 0, ""object"": 0}, ""svclat_ms"": {""gesture"": 15.94, ""object"": 22.37}}, ""e10"": {""services"": [""gesture"", ""object""], ""fps"": {""gesture"": 30, ""object"": 29}, ""eff_fps"": {""gesture"": 30, ""object"": 29}, ""latency_ms"": {""gesture"": 0, ""object"": 0}, ""svclat_ms"": {""gesture"": 16.8, ""object"": 28.52}}, ""e11"": {""services"": [""gesture"", ""object""], ""fps"": {""gesture"": 0, ""object"": 0}, ""eff_fps"": {""gesture"": 0, ""object"": 0}, ""latency_ms"": {""gesture"": 0, ""object"": 0}, ""svclat_ms"": {""gesture"": 0.0, ""object"": 0.0}}}"
354.8,10,10,1.0,0,0,11,16,12,0.75,1214.0,598.0,0.493,0.0,1.6,0.0,0,30.0,29.55,0,30.0,29.55,0,0,0,0,16.14,24.2,655,"{""ip-172-31-0-204"": ""healthy"", ""ip-172-31-1-171"": ""healthy"", ""ip-172-31-10-12"": ""healthy"", ""ip-172-31-11-132"": ""healthy"", ""ip-172-31-13-134"": ""healthy"", ""ip-172-31-14-68"": ""healthy"", ""ip-172-31-40-239"": ""healthy""}",subscribe,105.6,0.9967,0,0,"{""ip-172-31-1-171"": {""pose"": 1, ""object"": 1, ""gesture"": 1}, ""ip-172-31-11-132"": {""object"": 1, ""pose"": 1, ""gesture"": 1}, ""ip-172-31-13-134"": {""object"": 1, ""pose"": 1, ""gesture"": 1}, ""ip-172-31-10-12"": {""object"": 1, ""gesture"": 1}, ""ip-172-31-40-239"": {""pose"": 1, ""object"": 1}, ""ip-172-31-14-68"": {""object"": 1, ""gesture"": 1}, ""ip-172-31-0-204"": {""gesture"": 1}}","{""e1"": {""services"": [""gesture"", ""object""], ""fps"": {""gesture"": 30, ""object"": 30}, ""eff_fps"": {""gesture"": 30, ""object"": 30}, ""latency_ms"": {""gesture"": 0, ""object"": 0}, ""svclat_ms"": {""gesture"": 14.61, ""object"": 29.79}}, ""e2"": {""services"": [""gesture"", ""object""], ""fps"": {""gesture"": 30, ""object"": 30}, ""eff_fps"": {""gesture"": 30, ""object"": 30}, ""latency_ms"": {""gesture"": 0, ""object"": 0}, ""svclat_ms"": {""gesture"": 16.46, ""object"": 23.33}}, ""e3"": {""services"": [""gesture"", ""object""], ""fps"": {""gesture"": 30, ""object"": 30}, ""eff_fps"": {""gesture"": 30, ""object"": 30}, ""latency_ms"": {""gesture"": 0, ""object"": 0}, ""svclat_ms"": {""gesture"": 16.14, ""object"": 22.4}}, ""e4"": {""services"": [""gesture"", ""object""], ""fps"": {""gesture"": 30, ""object"": 29}, ""eff_fps"": {""gesture"": 30, ""object"": 29}, ""latency_ms"": {""gesture"": 0, ""object"": 0}, ""svclat_ms"": {""gesture"": 16.51, ""object"": 22.96}}, ""e5"": {""services"": [""gesture"", ""object""], ""fps"": {""gesture"": 30, ""object"": 28}, ""eff_fps"": {""gesture"": 30, ""object"": 28}, ""latency_ms"": {""gesture"": 0, ""object"": 0}, ""svclat_ms"": {""gesture"": 16.02, ""object"": 24.7}}, ""e6"": {""services"": [""gesture"", ""object""], ""fps"": {""gesture"": 30, ""object"": 30}, ""eff_fps"": {""gesture"": 30, ""object"": 30}, ""latency_ms"": {""gesture"": 0, ""object"": 0}, ""svclat_ms"": {""gesture"": 17.57, ""object"": 23.99}}, ""e7"": {""services"": [""gesture"", ""object""], ""fps"": {""gesture"": 30, ""object"": 30}, ""eff_fps"": {""gesture"": 30, ""object"": 30}, ""latency_ms"": {""gesture"": 0, ""object"": 0}, ""svclat_ms"": {""gesture"": 15.74, ""object"": 18.15}}, ""e8"": {""services"": [""gesture"", ""object""], ""fps"": {""gesture"": 30, ""object"": 30}, ""eff_fps"": {""gesture"": 30, ""object"": 30}, ""latency_ms"": {""gesture"": 0, ""object"": 0}, ""svclat_ms"": {""gesture"": 15.71, ""object"": 22.63}}, ""e9"": {""services"": [""gesture"", ""object""], ""fps"": {""gesture"": 30, ""object"": 30}, ""eff_fps"": {""gesture"": 30, ""object"": 30}, ""latency_ms"": {""gesture"": 0, ""object"": 0}, ""svclat_ms"": {""gesture"": 15.38, ""object"": 21.34}}, ""e10"": {""services"": [""gesture"", ""object""], ""fps"": {""gesture"": 30, ""object"": 29}, ""eff_fps"": {""gesture"": 30, ""object"": 29}, ""latency_ms"": {""gesture"": 0, ""object"": 0}, ""svclat_ms"": {""gesture"": 16.82, ""object"": 29.7}}, ""e11"": {""services"": [""gesture"", ""object""], ""fps"": {""gesture"": 30, ""object"": 29}, ""eff_fps"": {""gesture"": 30, ""object"": 29}, ""latency_ms"": {""gesture"": 0, ""object"": 0}, ""svclat_ms"": {""gesture"": 16.61, ""object"": 27.19}}}"
357.2,11,11,1.0,0,0,11,16,12,0.75,1214.0,656.0,0.54,0.0,1.45,0.0,0,29.91,29.64,0,29.91,29.64,0,0,0,0,16.2,24.21,655,"{""ip-172-31-0-204"": ""healthy"", ""ip-172-31-1-171"": ""healthy"", ""ip-172-31-10-12"": ""healthy"", ""ip-172-31-11-132"": ""healthy"", ""ip-172-31-13-134"": ""healthy"", ""ip-172-31-14-68"": ""healthy"", ""ip-172-31-40-239"": ""healthy""}",subscribe,108.0,0.9939,0,0,"{""ip-172-31-1-171"": {""pose"": 1, ""object"": 1, ""gesture"": 1}, ""ip-172-31-11-132"": {""object"": 1, ""pose"": 1, ""gesture"": 1}, ""ip-172-31-13-134"": {""object"": 1, ""pose"": 1, ""gesture"": 1}, ""ip-172-31-10-12"": {""object"": 1, ""gesture"": 1}, ""ip-172-31-40-239"": {""pose"": 1, ""object"": 1}, ""ip-172-31-14-68"": {""object"": 1, ""gesture"": 1}, ""ip-172-31-0-204"": {""gesture"": 1}}","{""e1"": {""services"": [""gesture"", ""object""], ""fps"": {""gesture"": 30, ""object"": 30}, ""eff_fps"": {""gesture"": 30, ""object"": 30}, ""latency_ms"": {""gesture"": 0, ""object"": 0}, ""svclat_ms"": {""gesture"": 14.94, ""object"": 29.84}}, ""e2"": {""services"": [""gesture"", ""object""], ""fps"": {""gesture"": 29, ""object"": 30}, ""eff_fps"": {""gesture"": 29, ""object"": 30}, ""latency_ms"": {""gesture"": 0, ""object"": 0}, ""svclat_ms"": {""gesture"": 16.78, ""object"": 23.22}}, ""e3"": {""services"": [""gesture"", ""object""], ""fps"": {""gesture"": 30, ""object"": 30}, ""eff_fps"": {""gesture"": 30, ""object"": 30}, ""latency_ms"": {""gesture"": 0, ""object"": 0}, ""svclat_ms"": {""gesture"": 15.76, ""object"": 23.57}}, ""e4"": {""services"": [""gesture"", ""object""], ""fps"": {""gesture"": 30, ""object"": 29}, ""eff_fps"": {""gesture"": 30, ""object"": 29}, ""latency_ms"": {""gesture"": 0, ""object"": 0}, ""svclat_ms"": {""gesture"": 16.04, ""object"": 22.42}}, ""e5"": {""services"": [""gesture"", ""object""], ""fps"": {""gesture"": 30, ""object"": 29}, ""eff_fps"": {""gesture"": 30, ""object"": 29}, ""latency_ms"": {""gesture"": 0, ""object"": 0}, ""svclat_ms"": {""gesture"": 16.39, ""object"": 21.07}}, ""e6"": {""services"": [""gesture"", ""object""], ""fps"": {""gesture"": 30, ""object"": 30}, ""eff_fps"": {""gesture"": 30, ""object"": 30}, ""latency_ms"": {""gesture"": 0, ""object"": 0}, ""svclat_ms"": {""gesture"": 15.46, ""object"": 22.36}}, ""e7"": {""services"": [""gesture"", ""object""], ""fps"": {""gesture"": 30, ""object"": 30}, ""eff_fps"": {""gesture"": 30, ""object"": 30}, ""latency_ms"": {""gesture"": 0, ""object"": 0}, ""svclat_ms"": {""gesture"": 15.94, ""object"": 17.9}}, ""e8"": {""services"": [""gesture"", ""object""], ""fps"": {""gesture"": 30, ""object"": 30}, ""eff_fps"": {""gesture"": 30, ""object"": 30}, ""latency_ms"": {""gesture"": 0, ""object"": 0}, ""svclat_ms"": {""gesture"": 16.23, ""object"": 23.03}}, ""e9"": {""services"": [""gesture"", ""object""], ""fps"": {""gesture"": 30, ""object"": 30}, ""eff_fps"": {""gesture"": 30, ""object"": 30}, ""latency_ms"": {""gesture"": 0, ""object"": 0}, ""svclat_ms"": {""gesture"": 16.79, ""object"": 22.46}}, ""e10"": {""services"": [""gesture"", ""object""], ""fps"": {""gesture"": 30, ""object"": 29}, ""eff_fps"": {""gesture"": 30, ""object"": 29}, ""latency_ms"": {""gesture"": 0, ""object"": 0}, ""svclat_ms"": {""gesture"": 17.38, ""object"": 28.36}}, ""e11"": {""services"": [""gesture"", ""object""], ""fps"": {""gesture"": 30, ""object"": 29}, ""eff_fps"": {""gesture"": 30, ""object"": 29}, ""latency_ms"": {""gesture"": 0, ""object"": 0}, ""svclat_ms"": {""gesture"": 16.52, ""object"": 32.03}}, ""e12"": {""services"": [""gesture"", ""object""], ""fps"": {""gesture"": 0, ""object"": 0}, ""eff_fps"": {""gesture"": 0, ""object"": 0}, ""latency_ms"": {""gesture"": 0, ""object"": 0}, ""svclat_ms"": {""gesture"": 0.0, ""object"": 0.0}}}"
361.1,12,12,1.0,0,0,11,16,12,0.75,1214.0,714.0,0.588,0.0,1.33,0.0,0,30.0,29.5,0,30.0,29.5,0,0,0,0,17.0,24.51,714,"{""ip-172-31-0-204"": ""healthy"", ""ip-172-31-1-171"": ""healthy"", ""ip-172-31-10-12"": ""healthy"", ""ip-172-31-11-132"": ""healthy"", ""ip-172-31-13-134"": ""healthy"", ""ip-172-31-14-68"": ""healthy"", ""ip-172-31-40-239"": ""healthy""}",subscribe,115.7,0.9917,0,0,"{""ip-172-31-1-171"": {""pose"": 1, ""object"": 1, ""gesture"": 1}, ""ip-172-31-11-132"": {""object"": 1, ""pose"": 1, ""gesture"": 1}, ""ip-172-31-13-134"": {""object"": 1, ""pose"": 1, ""gesture"": 1}, ""ip-172-31-10-12"": {""object"": 1, ""gesture"": 1}, ""ip-172-31-40-239"": {""pose"": 1, ""object"": 1}, ""ip-172-31-14-68"": {""object"": 1, ""gesture"": 1}, ""ip-172-31-0-204"": {""gesture"": 1}}","{""e1"": {""services"": [""gesture"", ""object""], ""fps"": {""gesture"": 30, ""object"": 30}, ""eff_fps"": {""gesture"": 30, ""object"": 30}, ""latency_ms"": {""gesture"": 0, ""object"": 0}, ""svclat_ms"": {""gesture"": 15.02, ""object"": 29.9}}, ""e2"": {""services"": [""gesture"", ""object""], ""fps"": {""gesture"": 30, ""object"": 30}, ""eff_fps"": {""gesture"": 30, ""object"": 30}, ""latency_ms"": {""gesture"": 0, ""object"": 0}, ""svclat_ms"": {""gesture"": 16.16, ""object"": 22.7}}, ""e3"": {""services"": [""gesture"", ""object""], ""fps"": {""gesture"": 30, ""object"": 30}, ""eff_fps"": {""gesture"": 30, ""object"": 30}, ""latency_ms"": {""gesture"": 0, ""object"": 0}, ""svclat_ms"": {""gesture"": 16.59, ""object"": 25.2}}, ""e4"": {""services"": [""gesture"", ""object""], ""fps"": {""gesture"": 30, ""object"": 29}, ""eff_fps"": {""gesture"": 30, ""object"": 29}, ""latency_ms"": {""gesture"": 0, ""object"": 0}, ""svclat_ms"": {""gesture"": 15.96, ""object"": 22.52}}, ""e5"": {""services"": [""gesture"", ""object""], ""fps"": {""gesture"": 30, ""object"": 29}, ""eff_fps"": {""gesture"": 30, ""object"": 29}, ""latency_ms"": {""gesture"": 0, ""object"": 0}, ""svclat_ms"": {""gesture"": 17.37, ""object"": 29.98}}, ""e6"": {""services"": [""gesture"", ""object""], ""fps"": {""gesture"": 30, ""object"": 29}, ""eff_fps"": {""gesture"": 30, ""object"": 29}, ""latency_ms"": {""gesture"": 0, ""object"": 0}, ""svclat_ms"": {""gesture"": 17.06, ""object"": 22.9}}, ""e7"": {""services"": [""gesture"", ""object""], ""fps"": {""gesture"": 30, ""object"": 30}, ""eff_fps"": {""gesture"": 30, ""object"": 30}, ""latency_ms"": {""gesture"": 0, ""object"": 0}, ""svclat_ms"": {""gesture"": 15.9, ""object"": 18.12}}, ""e8"": {""services"": [""gesture"", ""object""], ""fps"": {""gesture"": 30, ""object"": 30}, ""eff_fps"": {""gesture"": 30, ""object"": 30}, ""latency_ms"": {""gesture"": 0, ""object"": 0}, ""svclat_ms"": {""gesture"": 17.0, ""object"": 23.33}}, ""e9"": {""services"": [""gesture"", ""object""], ""fps"": {""gesture"": 30, ""object"": 30}, ""eff_fps"": {""gesture"": 30, ""object"": 30}, ""latency_ms"": {""gesture"": 0, ""object"": 0}, ""svclat_ms"": {""gesture"": 16.63, ""object"": 23.1}}, ""e10"": {""services"": [""gesture"", ""object""], ""fps"": {""gesture"": 30, ""object"": 29}, ""eff_fps"": {""gesture"": 30, ""object"": 29}, ""latency_ms"": {""gesture"": 0, ""object"": 0}, ""svclat_ms"": {""gesture"": 16.64, ""object"": 25.23}}, ""e11"": {""services"": [""gesture"", ""object""], ""fps"": {""gesture"": 30, ""object"": 29}, ""eff_fps"": {""gesture"": 30, ""object"": 29}, ""latency_ms"": {""gesture"": 0, ""object"": 0}, ""svclat_ms"": {""gesture"": 17.27, ""object"": 23.64}}, ""e12"": {""services"": [""gesture"", ""object""], ""fps"": {""gesture"": 30, ""object"": 29}, ""eff_fps"": {""gesture"": 30, ""object"": 29}, ""latency_ms"": {""gesture"": 0, ""object"": 0}, ""svclat_ms"": {""gesture"": 22.35, ""object"": 27.45}}, ""e13"": {""services"": [""gesture"", ""object""], ""fps"": {""gesture"": 0, ""object"": 0}, ""eff_fps"": {""gesture"": 0, ""object"": 0}, ""latency_ms"": {""gesture"": 0, ""object"": 0}, ""svclat_ms"": {""gesture"": 0.0, ""object"": 0.0}}}"
364.8,12,12,1.0,0,0,11,16,12,0.75,1214.0,714.0,0.588,0.0,1.33,0.0,0,30.0,27.85,0,30.0,27.85,0,0,0,0,16.23,23.35,752,"{""ip-172-31-0-204"": ""healthy"", ""ip-172-31-1-171"": ""healthy"", ""ip-172-31-10-12"": ""healthy"", ""ip-172-31-11-132"": ""healthy"", ""ip-172-31-13-134"": ""healthy"", ""ip-172-31-14-68"": ""healthy"", ""ip-172-31-40-239"": ""healthy""}",subscribe,115.7,0.9917,0,0,"{""ip-172-31-1-171"": {""pose"": 1, ""object"": 1, ""gesture"": 1}, ""ip-172-31-11-132"": {""object"": 1, ""pose"": 1, ""gesture"": 1}, ""ip-172-31-13-134"": {""object"": 1, ""pose"": 1, ""gesture"": 1}, ""ip-172-31-10-12"": {""object"": 1, ""gesture"": 1}, ""ip-172-31-40-239"": {""pose"": 1, ""object"": 1}, ""ip-172-31-14-68"": {""object"": 1, ""gesture"": 1}, ""ip-172-31-0-204"": {""gesture"": 1}}","{""e1"": {""services"": [""gesture"", ""object""], ""fps"": {""gesture"": 30, ""object"": 22}, ""eff_fps"": {""gesture"": 30, ""object"": 22}, ""latency_ms"": {""gesture"": 0, ""object"": 0}, ""svclat_ms"": {""gesture"": 15.13, ""object"": 25.27}}, ""e2"": {""services"": [""gesture"", ""object""], ""fps"": {""gesture"": 30, ""object"": 30}, ""eff_fps"": {""gesture"": 30, ""object"": 30}, ""latency_ms"": {""gesture"": 0, ""object"": 0}, ""svclat_ms"": {""gesture"": 15.73, ""object"": 22.54}}, ""e3"": {""services"": [""gesture"", ""object""], ""fps"": {""gesture"": 30, ""object"": 30}, ""eff_fps"": {""gesture"": 30, ""object"": 30}, ""latency_ms"": {""gesture"": 0, ""object"": 0}, ""svclat_ms"": {""gesture"": 15.91, ""object"": 23.15}}, ""e4"": {""services"": [""gesture"", ""object""], ""fps"": {""gesture"": 30, ""object"": 29}, ""eff_fps"": {""gesture"": 30, ""object"": 29}, ""latency_ms"": {""gesture"": 0, ""object"": 0}, ""svclat_ms"": {""gesture"": 16.27, ""object"": 22.77}}, ""e5"": {""services"": [""gesture"", ""object""], ""fps"": {""gesture"": 30, ""object"": 29}, ""eff_fps"": {""gesture"": 30, ""object"": 29}, ""latency_ms"": {""gesture"": 0, ""object"": 0}, ""svclat_ms"": {""gesture"": 16.65, ""object"": 28.62}}, ""e6"": {""services"": [""gesture"", ""object""], ""fps"": {""gesture"": 30, ""object"": 29}, ""eff_fps"": {""gesture"": 30, ""object"": 29}, ""latency_ms"": {""gesture"": 0, ""object"": 0}, ""svclat_ms"": {""gesture"": 17.67, ""object"": 22.54}}, ""e7"": {""services"": [""gesture"", ""object""], ""fps"": {""gesture"": 30, ""object"": 23}, ""eff_fps"": {""gesture"": 30, ""object"": 23}, ""latency_ms"": {""gesture"": 0, ""object"": 0}, ""svclat_ms"": {""gesture"": 15.96, ""object"": 20.83}}, ""e8"": {""services"": [""gesture"", ""object""], ""fps"": {""gesture"": 30, ""object"": 30}, ""eff_fps"": {""gesture"": 30, ""object"": 30}, ""latency_ms"": {""gesture"": 0, ""object"": 0}, ""svclat_ms"": {""gesture"": 15.38, ""object"": 22.36}}, ""e9"": {""services"": [""gesture"", ""object""], ""fps"": {""gesture"": 30, ""object"": 30}, ""eff_fps"": {""gesture"": 30, ""object"": 30}, ""latency_ms"": {""gesture"": 0, ""object"": 0}, ""svclat_ms"": {""gesture"": 15.37, ""object"": 21.83}}, ""e10"": {""services"": [""gesture"", ""object""], ""fps"": {""gesture"": 30, ""object"": 29}, ""eff_fps"": {""gesture"": 30, ""object"": 29}, ""latency_ms"": {""gesture"": 0, ""object"": 0}, ""svclat_ms"": {""gesture"": 17.14, ""object"": 25.02}}, ""e11"": {""services"": [""gesture"", ""object""], ""fps"": {""gesture"": 30, ""object"": 29}, ""eff_fps"": {""gesture"": 30, ""object"": 29}, ""latency_ms"": {""gesture"": 0, ""object"": 0}, ""svclat_ms"": {""gesture"": 16.85, ""object"": 22.6}}, ""e12"": {""services"": [""gesture"", ""object""], ""fps"": {""gesture"": 30, ""object"": 29}, ""eff_fps"": {""gesture"": 30, ""object"": 29}, ""latency_ms"": {""gesture"": 0, ""object"": 0}, ""svclat_ms"": {""gesture"": 17.3, ""object"": 26.03}}, ""e13"": {""services"": [""gesture"", ""object""], ""fps"": {""gesture"": 30, ""object"": 23}, ""eff_fps"": {""gesture"": 30, ""object"": 23}, ""latency_ms"": {""gesture"": 0, ""object"": 0}, ""svclat_ms"": {""gesture"": 15.57, ""object"": 20.04}}}"
367.3,13,13,1.0,0,0,11,16,12,0.75,1214.0,753.0,0.62,0.0,1.23,0.0,0,29.92,27.92,0,29.92,27.92,0,0,0,0,16.19,23.31,752,"{""ip-172-31-0-204"": ""healthy"", ""ip-172-31-1-171"": ""healthy"", ""ip-172-31-10-12"": ""healthy"", ""ip-172-31-11-132"": ""healthy"", ""ip-172-31-13-134"": ""healthy"", ""ip-172-31-14-68"": ""healthy"", ""ip-172-31-40-239"": ""healthy""}",subscribe,123.8,0.9654,0,0,"{""ip-172-31-1-171"": {""pose"": 1, ""object"": 1, ""gesture"": 1}, ""ip-172-31-11-132"": {""object"": 1, ""pose"": 1, ""gesture"": 1}, ""ip-172-31-13-134"": {""object"": 1, ""pose"": 1, ""gesture"": 1}, ""ip-172-31-10-12"": {""object"": 1, ""gesture"": 1}, ""ip-172-31-40-239"": {""pose"": 1, ""object"": 1}, ""ip-172-31-14-68"": {""object"": 1, ""gesture"": 1}, ""ip-172-31-0-204"": {""gesture"": 1}}","{""e1"": {""services"": [""gesture"", ""object""], ""fps"": {""gesture"": 30, ""object"": 23}, ""eff_fps"": {""gesture"": 30, ""object"": 23}, ""latency_ms"": {""gesture"": 0, ""object"": 0}, ""svclat_ms"": {""gesture"": 14.9, ""object"": 21.75}}, ""e2"": {""services"": [""gesture"", ""object""], ""fps"": {""gesture"": 29, ""object"": 30}, ""eff_fps"": {""gesture"": 29, ""object"": 30}, ""latency_ms"": {""gesture"": 0, ""object"": 0}, ""svclat_ms"": {""gesture"": 15.81, ""object"": 22.33}}, ""e3"": {""services"": [""gesture"", ""object""], ""fps"": {""gesture"": 30, ""object"": 30}, ""eff_fps"": {""gesture"": 30, ""object"": 30}, ""latency_ms"": {""gesture"": 0, ""object"": 0}, ""svclat_ms"": {""gesture"": 16.12, ""object"": 23.67}}, ""e4"": {""services"": [""gesture"", ""object""], ""fps"": {""gesture"": 30, ""object"": 29}, ""eff_fps"": {""gesture"": 30, ""object"": 29}, ""latency_ms"": {""gesture"": 0, ""object"": 0}, ""svclat_ms"": {""gesture"": 16.24, ""object"": 23.41}}, ""e5"": {""services"": [""gesture"", ""object""], ""fps"": {""gesture"": 30, ""object"": 29}, ""eff_fps"": {""gesture"": 30, ""object"": 29}, ""latency_ms"": {""gesture"": 0, ""object"": 0}, ""svclat_ms"": {""gesture"": 16.4, ""object"": 28.28}}, ""e6"": {""services"": [""gesture"", ""object""], ""fps"": {""gesture"": 30, ""object"": 29}, ""eff_fps"": {""gesture"": 30, ""object"": 29}, ""latency_ms"": {""gesture"": 0, ""object"": 0}, ""svclat_ms"": {""gesture"": 17.35, ""object"": 22.82}}, ""e7"": {""services"": [""gesture"", ""object""], ""fps"": {""gesture"": 30, ""object"": 23}, ""eff_fps"": {""gesture"": 30, ""object"": 23}, ""latency_ms"": {""gesture"": 0, ""object"": 0}, ""svclat_ms"": {""gesture"": 15.9, ""object"": 21.81}}, ""e8"": {""services"": [""gesture"", ""object""], ""fps"": {""gesture"": 30, ""object"": 30}, ""eff_fps"": {""gesture"": 30, ""object"": 30}, ""latency_ms"": {""gesture"": 0, ""object"": 0}, ""svclat_ms"": {""gesture"": 15.38, ""object"": 22.02}}, ""e9"": {""services"": [""gesture"", ""object""], ""fps"": {""gesture"": 30, ""object"": 30}, ""eff_fps"": {""gesture"": 30, ""object"": 30}, ""latency_ms"": {""gesture"": 0, ""object"": 0}, ""svclat_ms"": {""gesture"": 15.86, ""object"": 21.99}}, ""e10"": {""services"": [""gesture"", ""object""], ""fps"": {""gesture"": 30, ""object"": 29}, ""eff_fps"": {""gesture"": 30, ""object"": 29}, ""latency_ms"": {""gesture"": 0, ""object"": 0}, ""svclat_ms"": {""gesture"": 16.68, ""object"": 25.22}}, ""e11"": {""services"": [""gesture"", ""object""], ""fps"": {""gesture"": 30, ""object"": 29}, ""eff_fps"": {""gesture"": 30, ""object"": 29}, ""latency_ms"": {""gesture"": 0, ""object"": 0}, ""svclat_ms"": {""gesture"": 16.44, ""object"": 22.04}}, ""e12"": {""services"": [""gesture"", ""object""], ""fps"": {""gesture"": 30, ""object"": 29}, ""eff_fps"": {""gesture"": 30, ""object"": 29}, ""latency_ms"": {""gesture"": 0, ""object"": 0}, ""svclat_ms"": {""gesture"": 17.77, ""object"": 26.9}}, ""e13"": {""services"": [""gesture"", ""object""], ""fps"": {""gesture"": 30, ""object"": 23}, ""eff_fps"": {""gesture"": 30, ""object"": 23}, ""latency_ms"": {""gesture"": 0, ""object"": 0}, ""svclat_ms"": {""gesture"": 15.64, ""object"": 20.82}}, ""e14"": {""services"": [""gesture"", ""object""], ""fps"": {""gesture"": 0, ""object"": 0}, ""eff_fps"": {""gesture"": 0, ""object"": 0}, ""latency_ms"": {""gesture"": 0, ""object"": 0}, ""svclat_ms"": {""gesture"": 0.0, ""object"": 0.0}}}"
371.1,14,14,1.0,0,0,11,16,12,0.75,1214.0,789.0,0.65,0.0,1.14,0.0,0,30.0,26.36,0,30.0,26.36,0,0,0,0,16.82,24.56,789,"{""ip-172-31-0-204"": ""healthy"", ""ip-172-31-1-171"": ""healthy"", ""ip-172-31-10-12"": ""healthy"", ""ip-172-31-11-132"": ""healthy"", ""ip-172-31-13-134"": ""healthy"", ""ip-172-31-14-68"": ""healthy"", ""ip-172-31-40-239"": ""healthy""}",subscribe,126.1,0.9393,0,0,"{""ip-172-31-1-171"": {""pose"": 1, ""object"": 1, ""gesture"": 1}, ""ip-172-31-11-132"": {""object"": 1, ""pose"": 1, ""gesture"": 1}, ""ip-172-31-13-134"": {""object"": 1, ""pose"": 1, ""gesture"": 1}, ""ip-172-31-10-12"": {""object"": 1, ""gesture"": 1}, ""ip-172-31-40-239"": {""pose"": 1, ""object"": 1}, ""ip-172-31-14-68"": {""object"": 1, ""gesture"": 1}, ""ip-172-31-0-204"": {""gesture"": 1}}","{""e1"": {""services"": [""gesture"", ""object""], ""fps"": {""gesture"": 30, ""object"": 23}, ""eff_fps"": {""gesture"": 30, ""object"": 23}, ""latency_ms"": {""gesture"": 0, ""object"": 0}, ""svclat_ms"": {""gesture"": 15.33, ""object"": 20.45}}, ""e2"": {""services"": [""gesture"", ""object""], ""fps"": {""gesture"": 30, ""object"": 22}, ""eff_fps"": {""gesture"": 30, ""object"": 22}, ""latency_ms"": {""gesture"": 0, ""object"": 0}, ""svclat_ms"": {""gesture"": 18.44, ""object"": 27.23}}, ""e3"": {""services"": [""gesture"", ""object""], ""fps"": {""gesture"": 30, ""object"": 30}, ""eff_fps"": {""gesture"": 30, ""object"": 30}, ""latency_ms"": {""gesture"": 0, ""object"": 0}, ""svclat_ms"": {""gesture"": 15.87, ""object"": 22.51}}, ""e4"": {""services"": [""gesture"", ""object""], ""fps"": {""gesture"": 30, ""object"": 29}, ""eff_fps"": {""gesture"": 30, ""object"": 29}, ""latency_ms"": {""gesture"": 0, ""object"": 0}, ""svclat_ms"": {""gesture"": 16.42, ""object"": 22.88}}, ""e5"": {""services"": [""gesture"", ""object""], ""fps"": {""gesture"": 30, ""object"": 29}, ""eff_fps"": {""gesture"": 30, ""object"": 29}, ""latency_ms"": {""gesture"": 0, ""object"": 0}, ""svclat_ms"": {""gesture"": 16.16, ""object"": 27.23}}, ""e6"": {""services"": [""gesture"", ""object""], ""fps"": {""gesture"": 30, ""object"": 29}, ""eff_fps"": {""gesture"": 30, ""object"": 29}, ""latency_ms"": {""gesture"": 0, ""object"": 0}, ""svclat_ms"": {""gesture"": 17.84, ""object"": 23.5}}, ""e7"": {""services"": [""gesture"", ""object""], ""fps"": {""gesture"": 30, ""object"": 23}, ""eff_fps"": {""gesture"": 30, ""object"": 23}, ""latency_ms"": {""gesture"": 0, ""object"": 0}, ""svclat_ms"": {""gesture"": 16.11, ""object"": 20.62}}, ""e8"": {""services"": [""gesture"", ""object""], ""fps"": {""gesture"": 30, ""object"": 22}, ""eff_fps"": {""gesture"": 30, ""object"": 22}, ""latency_ms"": {""gesture"": 0, ""object"": 0}, ""svclat_ms"": {""gesture"": 18.28, ""object"": 33.74}}, ""e9"": {""services"": [""gesture"", ""object""], ""fps"": {""gesture"": 30, ""object"": 30}, ""eff_fps"": {""gesture"": 30, ""object"": 30}, ""latency_ms"": {""gesture"": 0, ""object"": 0}, ""svclat_ms"": {""gesture"": 15.8, ""object"": 21.81}}, ""e10"": {""services"": [""gesture"", ""object""], ""fps"": {""gesture"": 30, ""object"": 29}, ""eff_fps"": {""gesture"": 30, ""object"": 29}, ""latency_ms"": {""gesture"": 0, ""object"": 0}, ""svclat_ms"": {""gesture"": 17.03, ""object"": 24.65}}, ""e11"": {""services"": [""gesture"", ""object""], ""fps"": {""gesture"": 30, ""object"": 29}, ""eff_fps"": {""gesture"": 30, ""object"": 29}, ""latency_ms"": {""gesture"": 0, ""object"": 0}, ""svclat_ms"": {""gesture"": 16.76, ""object"": 21.65}}, ""e12"": {""services"": [""gesture"", ""object""], ""fps"": {""gesture"": 30, ""object"": 29}, ""eff_fps"": {""gesture"": 30, ""object"": 29}, ""latency_ms"": {""gesture"": 0, ""object"": 0}, ""svclat_ms"": {""gesture"": 18.1, ""object"": 25.16}}, ""e13"": {""services"": [""gesture"", ""object""], ""fps"": {""gesture"": 30, ""object"": 23}, ""eff_fps"": {""gesture"": 30, ""object"": 23}, ""latency_ms"": {""gesture"": 0, ""object"": 0}, ""svclat_ms"": {""gesture"": 15.56, ""object"": 20.56}}, ""e14"": {""services"": [""gesture"", ""object""], ""fps"": {""gesture"": 30, ""object"": 22}, ""eff_fps"": {""gesture"": 30, ""object"": 22}, ""latency_ms"": {""gesture"": 0, ""object"": 0}, ""svclat_ms"": {""gesture"": 17.81, ""object"": 31.88}}, ""e15"": {""services"": [""gesture"", ""object""], ""fps"": {""gesture"": 0, ""object"": 0}, ""eff_fps"": {""gesture"": 0, ""object"": 0}, ""latency_ms"": {""gesture"": 0, ""object"": 0}, ""svclat_ms"": {""gesture"": 0.0, ""object"": 0.0}}}"
375.1,14,14,1.0,0,0,11,16,12,0.75,1214.0,789.0,0.65,0.0,1.14,0.0,0,30.0,25.0,0,30.0,25.0,0,0,0,0,17.14,25.83,825,"{""ip-172-31-0-204"": ""healthy"", ""ip-172-31-1-171"": ""healthy"", ""ip-172-31-10-12"": ""healthy"", ""ip-172-31-11-132"": ""healthy"", ""ip-172-31-13-134"": ""healthy"", ""ip-172-31-14-68"": ""healthy"", ""ip-172-31-40-239"": ""healthy""}",subscribe,126.1,0.9393,0,0,"{""ip-172-31-1-171"": {""pose"": 1, ""object"": 1, ""gesture"": 1}, ""ip-172-31-11-132"": {""object"": 1, ""pose"": 1, ""gesture"": 1}, ""ip-172-31-13-134"": {""object"": 1, ""pose"": 1, ""gesture"": 1}, ""ip-172-31-10-12"": {""object"": 1, ""gesture"": 1}, ""ip-172-31-40-239"": {""pose"": 1, ""object"": 1}, ""ip-172-31-14-68"": {""object"": 1, ""gesture"": 1}, ""ip-172-31-0-204"": {""gesture"": 1}}","{""e1"": {""services"": [""gesture"", ""object""], ""fps"": {""gesture"": 30, ""object"": 23}, ""eff_fps"": {""gesture"": 30, ""object"": 23}, ""latency_ms"": {""gesture"": 0, ""object"": 0}, ""svclat_ms"": {""gesture"": 14.85, ""object"": 20.61}}, ""e2"": {""services"": [""gesture"", ""object""], ""fps"": {""gesture"": 30, ""object"": 22}, ""eff_fps"": {""gesture"": 30, ""object"": 22}, ""latency_ms"": {""gesture"": 0, ""object"": 0}, ""svclat_ms"": {""gesture"": 18.17, ""object"": 25.67}}, ""e3"": {""services"": [""gesture"", ""object""], ""fps"": {""gesture"": 30, ""object"": 21}, ""eff_fps"": {""gesture"": 30, ""object"": 21}, ""latency_ms"": {""gesture"": 0, ""object"": 0}, ""svclat_ms"": {""gesture"": 18.1, ""object"": 34.86}}, ""e4"": {""services"": [""gesture"", ""object""], ""fps"": {""gesture"": 30, ""object"": 29}, ""eff_fps"": {""gesture"": 30, ""object"": 29}, ""latency_ms"": {""gesture"": 0, ""object"": 0}, ""svclat_ms"": {""gesture"": 16.04, ""object"": 22.92}}, ""e5"": {""services"": [""gesture"", ""object""], ""fps"": {""gesture"": 30, ""object"": 29}, ""eff_fps"": {""gesture"": 30, ""object"": 29}, ""latency_ms"": {""gesture"": 0, ""object"": 0}, ""svclat_ms"": {""gesture"": 17.15, ""object"": 26.34}}, ""e6"": {""services"": [""gesture"", ""object""], ""fps"": {""gesture"": 30, ""object"": 29}, ""eff_fps"": {""gesture"": 30, ""object"": 29}, ""latency_ms"": {""gesture"": 0, ""object"": 0}, ""svclat_ms"": {""gesture"": 17.94, ""object"": 23.54}}, ""e7"": {""services"": [""gesture"", ""object""], ""fps"": {""gesture"": 30, ""object"": 23}, ""eff_fps"": {""gesture"": 30, ""object"": 23}, ""latency_ms"": {""gesture"": 0, ""object"": 0}, ""svclat_ms"": {""gesture"": 15.84, ""object"": 20.44}}, ""e8"": {""services"": [""gesture"", ""object""], ""fps"": {""gesture"": 30, ""object"": 22}, ""eff_fps"": {""gesture"": 30, ""object"": 22}, ""latency_ms"": {""gesture"": 0, ""object"": 0}, ""svclat_ms"": {""gesture"": 18.2, ""object"": 33.61}}, ""e9"": {""services"": [""gesture"", ""object""], ""fps"": {""gesture"": 30, ""object"": 22}, ""eff_fps"": {""gesture"": 30, ""object"": 22}, ""latency_ms"": {""gesture"": 0, ""object"": 0}, ""svclat_ms"": {""gesture"": 18.47, ""object"": 30.88}}, ""e10"": {""services"": [""gesture"", ""object""], ""fps"": {""gesture"": 30, ""object"": 29}, ""eff_fps"": {""gesture"": 30, ""object"": 29}, ""latency_ms"": {""gesture"": 0, ""object"": 0}, ""svclat_ms"": {""gesture"": 16.51, ""object"": 24.38}}, ""e11"": {""services"": [""gesture"", ""object""], ""fps"": {""gesture"": 30, ""object"": 29}, ""eff_fps"": {""gesture"": 30, ""object"": 29}, ""latency_ms"": {""gesture"": 0, ""object"": 0}, ""svclat_ms"": {""gesture"": 16.31, ""object"": 22.78}}, ""e12"": {""services"": [""gesture"", ""object""], ""fps"": {""gesture"": 30, ""object"": 29}, ""eff_fps"": {""gesture"": 30, ""object"": 29}, ""latency_ms"": {""gesture"": 0, ""object"": 0}, ""svclat_ms"": {""gesture"": 18.23, ""object"": 24.46}}, ""e13"": {""services"": [""gesture"", ""object""], ""fps"": {""gesture"": 30, ""object"": 24}, ""eff_fps"": {""gesture"": 30, ""object"": 24}, ""latency_ms"": {""gesture"": 0, ""object"": 0}, ""svclat_ms"": {""gesture"": 15.42, ""object"": 20.33}}, ""e14"": {""services"": [""gesture"", ""object""], ""fps"": {""gesture"": 30, ""object"": 22}, ""eff_fps"": {""gesture"": 30, ""object"": 22}, ""latency_ms"": {""gesture"": 0, ""object"": 0}, ""svclat_ms"": {""gesture"": 17.74, ""object"": 31.45}}, ""e15"": {""services"": [""gesture"", ""object""], ""fps"": {""gesture"": 30, ""object"": 22}, ""eff_fps"": {""gesture"": 30, ""object"": 22}, ""latency_ms"": {""gesture"": 0, ""object"": 0}, ""svclat_ms"": {""gesture"": 18.13, ""object"": 25.14}}}"
377.5,15,15,1.0,0,0,11,16,12,0.75,1214.0,825.0,0.68,0.0,1.07,0.0,0,30.0,25.0,0,30.0,25.0,0,0,0,0,17.27,26.11,825,"{""ip-172-31-0-204"": ""healthy"", ""ip-172-31-1-171"": ""healthy"", ""ip-172-31-10-12"": ""healthy"", ""ip-172-31-11-132"": ""healthy"", ""ip-172-31-13-134"": ""healthy"", ""ip-172-31-14-68"": ""healthy"", ""ip-172-31-40-239"": ""healthy""}",subscribe,129.4,0.9167,0,0,"{""ip-172-31-1-171"": {""pose"": 1, ""object"": 1, ""gesture"": 1}, ""ip-172-31-11-132"": {""object"": 1, ""pose"": 1, ""gesture"": 1}, ""ip-172-31-13-134"": {""object"": 1, ""pose"": 1, ""gesture"": 1}, ""ip-172-31-10-12"": {""object"": 1, ""gesture"": 1}, ""ip-172-31-40-239"": {""pose"": 1, ""object"": 1}, ""ip-172-31-14-68"": {""object"": 1, ""gesture"": 1}, ""ip-172-31-0-204"": {""gesture"": 1}}","{""e1"": {""services"": [""gesture"", ""object""], ""fps"": {""gesture"": 30, ""object"": 23}, ""eff_fps"": {""gesture"": 30, ""object"": 23}, ""latency_ms"": {""gesture"": 0, ""object"": 0}, ""svclat_ms"": {""gesture"": 15.07, ""object"": 22.08}}, ""e2"": {""services"": [""gesture"", ""object""], ""fps"": {""gesture"": 30, ""object"": 22}, ""eff_fps"": {""gesture"": 30, ""object"": 22}, ""latency_ms"": {""gesture"": 0, ""object"": 0}, ""svclat_ms"": {""gesture"": 17.92, ""object"": 25.47}}, ""e3"": {""services"": [""gesture"", ""object""], ""fps"": {""gesture"": 30, ""object"": 22}, ""eff_fps"": {""gesture"": 30, ""object"": 22}, ""latency_ms"": {""gesture"": 0, ""object"": 0}, ""svclat_ms"": {""gesture"": 18.53, ""object"": 34.69}}, ""e4"": {""services"": [""gesture"", ""object""], ""fps"": {""gesture"": 30, ""object"": 29}, ""eff_fps"": {""gesture"": 30, ""object"": 29}, ""latency_ms"": {""gesture"": 0, ""object"": 0}, ""svclat_ms"": {""gesture"": 16.49, ""object"": 22.94}}, ""e5"": {""services"": [""gesture"", ""object""], ""fps"": {""gesture"": 30, ""object"": 29}, ""eff_fps"": {""gesture"": 30, ""object"": 29}, ""latency_ms"": {""gesture"": 0, ""object"": 0}, ""svclat_ms"": {""gesture"": 17.45, ""object"": 26.85}}, ""e6"": {""services"": [""gesture"", ""object""], ""fps"": {""gesture"": 30, ""object"": 29}, ""eff_fps"": {""gesture"": 30, ""object"": 29}, ""latency_ms"": {""gesture"": 0, ""object"": 0}, ""svclat_ms"": {""gesture"": 18.2, ""object"": 23.47}}, ""e7"": {""services"": [""gesture"", ""object""], ""fps"": {""gesture"": 30, ""object"": 23}, ""eff_fps"": {""gesture"": 30, ""object"": 23}, ""latency_ms"": {""gesture"": 0, ""object"": 0}, ""svclat_ms"": {""gesture"": 16.16, ""object"": 21.98}}, ""e8"": {""services"": [""gesture"", ""object""], ""fps"": {""gesture"": 30, ""object"": 22}, ""eff_fps"": {""gesture"": 30, ""object"": 22}, ""latency_ms"": {""gesture"": 0, ""object"": 0}, ""svclat_ms"": {""gesture"": 18.6, ""object"": 34.64}}, ""e9"": {""services"": [""gesture"", ""object""], ""fps"": {""gesture"": 30, ""object"": 22}, ""eff_fps"": {""gesture"": 30, ""object"": 22}, ""latency_ms"": {""gesture"": 0, ""object"": 0}, ""svclat_ms"": {""gesture"": 17.59, ""object"": 28.78}}, ""e10"": {""services"": [""gesture"", ""object""], ""fps"": {""gesture"": 30, ""object"": 29}, ""eff_fps"": {""gesture"": 30, ""object"": 29}, ""latency_ms"": {""gesture"": 0, ""object"": 0}, ""svclat_ms"": {""gesture"": 17.0, ""object"": 24.97}}, ""e11"": {""services"": [""gesture"", ""object""], ""fps"": {""gesture"": 30, ""object"": 29}, ""eff_fps"": {""gesture"": 30, ""object"": 29}, ""latency_ms"": {""gesture"": 0, ""object"": 0}, ""svclat_ms"": {""gesture"": 16.66, ""object"": 22.94}}, ""e12"": {""services"": [""gesture"", ""object""], ""fps"": {""gesture"": 30, ""object"": 29}, ""eff_fps"": {""gesture"": 30, ""object"": 29}, ""latency_ms"": {""gesture"": 0, ""object"": 0}, ""svclat_ms"": {""gesture"": 18.02, ""object"": 24.48}}, ""e13"": {""services"": [""gesture"", ""object""], ""fps"": {""gesture"": 30, ""object"": 23}, ""eff_fps"": {""gesture"": 30, ""object"": 23}, ""latency_ms"": {""gesture"": 0, ""object"": 0}, ""svclat_ms"": {""gesture"": 15.45, ""object"": 21.08}}, ""e14"": {""services"": [""gesture"", ""object""], ""fps"": {""gesture"": 30, ""object"": 22}, ""eff_fps"": {""gesture"": 30, ""object"": 22}, ""latency_ms"": {""gesture"": 0, ""object"": 0}, ""svclat_ms"": {""gesture"": 18.3, ""object"": 33.42}}, ""e15"": {""services"": [""gesture"", ""object""], ""fps"": {""gesture"": 30, ""object"": 22}, ""eff_fps"": {""gesture"": 30, ""object"": 22}, ""latency_ms"": {""gesture"": 0, ""object"": 0}, ""svclat_ms"": {""gesture"": 17.59, ""object"": 23.82}}}"
380.1,15,15,1.0,0,0,11,16,12,0.75,1214.0,825.0,0.68,0.0,1.07,0.0,0,30.0,25.14,0,30.0,25.14,0,0,0,0,17.45,25.24,772,"{""ip-172-31-0-204"": ""healthy"", ""ip-172-31-1-171"": ""healthy"", ""ip-172-31-10-12"": ""healthy"", ""ip-172-31-11-132"": ""healthy"", ""ip-172-31-13-134"": ""healthy"", ""ip-172-31-14-68"": ""healthy"", ""ip-172-31-40-239"": ""healthy""}",subscribe,129.4,0.9167,0,0,"{""ip-172-31-1-171"": {""pose"": 1, ""object"": 1, ""gesture"": 1}, ""ip-172-31-11-132"": {""object"": 1, ""pose"": 1, ""gesture"": 1}, ""ip-172-31-13-134"": {""object"": 1, ""pose"": 1, ""gesture"": 1}, ""ip-172-31-10-12"": {""object"": 1, ""gesture"": 1}, ""ip-172-31-40-239"": {""pose"": 1, ""object"": 1}, ""ip-172-31-14-68"": {""object"": 1, ""gesture"": 1}, ""ip-172-31-0-204"": {""gesture"": 1}}","{""e2"": {""services"": [""gesture"", ""object""], ""fps"": {""gesture"": 30, ""object"": 22}, ""eff_fps"": {""gesture"": 30, ""object"": 22}, ""latency_ms"": {""gesture"": 0, ""object"": 0}, ""svclat_ms"": {""gesture"": 18.34, ""object"": 23.53}}, ""e3"": {""services"": [""gesture"", ""object""], ""fps"": {""gesture"": 30, ""object"": 22}, ""eff_fps"": {""gesture"": 30, ""object"": 22}, ""latency_ms"": {""gesture"": 0, ""object"": 0}, ""svclat_ms"": {""gesture"": 19.05, ""object"": 26.41}}, ""e4"": {""services"": [""gesture"", ""object""], ""fps"": {""gesture"": 30, ""object"": 29}, ""eff_fps"": {""gesture"": 30, ""object"": 29}, ""latency_ms"": {""gesture"": 0, ""object"": 0}, ""svclat_ms"": {""gesture"": 16.42, ""object"": 23.05}}, ""e5"": {""services"": [""gesture"", ""object""], ""fps"": {""gesture"": 30, ""object"": 29}, ""eff_fps"": {""gesture"": 30, ""object"": 29}, ""latency_ms"": {""gesture"": 0, ""object"": 0}, ""svclat_ms"": {""gesture"": 16.79, ""object"": 25.74}}, ""e6"": {""services"": [""gesture"", ""object""], ""fps"": {""gesture"": 30, ""object"": 29}, ""eff_fps"": {""gesture"": 30, ""object"": 29}, ""latency_ms"": {""gesture"": 0, ""object"": 0}, ""svclat_ms"": {""gesture"": 17.99, ""object"": 22.86}}, ""e7"": {""services"": [""gesture"", ""object""], ""fps"": {""gesture"": 30, ""object"": 23}, ""eff_fps"": {""gesture"": 30, ""object"": 23}, ""latency_ms"": {""gesture"": 0, ""object"": 0}, ""svclat_ms"": {""gesture"": 16.1, ""object"": 21.39}}, ""e8"": {""services"": [""gesture"", ""object""], ""fps"": {""gesture"": 30, ""object"": 22}, ""eff_fps"": {""gesture"": 30, ""object"": 22}, ""latency_ms"": {""gesture"": 0, ""object"": 0}, ""svclat_ms"": {""gesture"": 18.6, ""object"": 32.98}}, ""e9"": {""services"": [""gesture"", ""object""], ""fps"": {""gesture"": 30, ""object"": 22}, ""eff_fps"": {""gesture"": 30, ""object"": 22}, ""latency_ms"": {""gesture"": 0, ""object"": 0}, ""svclat_ms"": {""gesture"": 18.67, ""object"": 25.82}}, ""e10"": {""services"": [""gesture"", ""object""], ""fps"": {""gesture"": 30, ""object"": 29}, ""eff_fps"": {""gesture"": 30, ""object"": 29}, ""latency_ms"": {""gesture"": 0, ""object"": 0}, ""svclat_ms"": {""gesture"": 17.87, ""object"": 25.0}}, ""e11"": {""services"": [""gesture"", ""object""], ""fps"": {""gesture"": 30, ""object"": 29}, ""eff_fps"": {""gesture"": 30, ""object"": 29}, ""latency_ms"": {""gesture"": 0, ""object"": 0}, ""svclat_ms"": {""gesture"": 16.31, ""object"": 22.5}}, ""e12"": {""services"": [""gesture"", ""object""], ""fps"": {""gesture"": 30, ""object"": 29}, ""eff_fps"": {""gesture"": 30, ""object"": 29}, ""latency_ms"": {""gesture"": 0, ""object"": 0}, ""svclat_ms"": {""gesture"": 17.65, ""object"": 23.78}}, ""e13"": {""services"": [""gesture"", ""object""], ""fps"": {""gesture"": 30, ""object"": 23}, ""eff_fps"": {""gesture"": 30, ""object"": 23}, ""latency_ms"": {""gesture"": 0, ""object"": 0}, ""svclat_ms"": {""gesture"": 15.34, ""object"": 20.96}}, ""e14"": {""services"": [""gesture"", ""object""], ""fps"": {""gesture"": 30, ""object"": 22}, ""eff_fps"": {""gesture"": 30, ""object"": 22}, ""latency_ms"": {""gesture"": 0, ""object"": 0}, ""svclat_ms"": {""gesture"": 17.64, ""object"": 33.32}}, ""e15"": {""services"": [""gesture"", ""object""], ""fps"": {""gesture"": 30, ""object"": 22}, ""eff_fps"": {""gesture"": 30, ""object"": 22}, ""latency_ms"": {""gesture"": 0, ""object"": 0}, ""svclat_ms"": {""gesture"": 17.48, ""object"": 26.04}}}"
383.6,14,14,1.0,0,0,11,16,12,0.75,1214.0,786,0.647,0.0,1.14,0.0,0,30.0,26.14,0,30.0,26.14,0,0,0,0,17.26,25.12,786,"{""ip-172-31-0-204"": ""healthy"", ""ip-172-31-1-171"": ""healthy"", ""ip-172-31-10-12"": ""healthy"", ""ip-172-31-11-132"": ""healthy"", ""ip-172-31-13-134"": ""healthy"", ""ip-172-31-14-68"": ""healthy"", ""ip-172-31-40-239"": ""healthy""}",unsubscribe,129.3,0.9357,0,0,"{""ip-172-31-1-171"": {""pose"": 1, ""object"": 1, ""gesture"": 1}, ""ip-172-31-11-132"": {""object"": 1, ""pose"": 1, ""gesture"": 1}, ""ip-172-31-13-134"": {""object"": 1, ""pose"": 1, ""gesture"": 1}, ""ip-172-31-10-12"": {""object"": 1, ""gesture"": 1}, ""ip-172-31-40-239"": {""pose"": 1, ""object"": 1}, ""ip-172-31-14-68"": {""object"": 1, ""gesture"": 1}, ""ip-172-31-0-204"": {""gesture"": 1}}","{""e2"": {""services"": [""gesture"", ""object""], ""fps"": {""gesture"": 30, ""object"": 22}, ""eff_fps"": {""gesture"": 30, ""object"": 22}, ""latency_ms"": {""gesture"": 0, ""object"": 0}, ""svclat_ms"": {""gesture"": 18.4, ""object"": 25.58}}, ""e3"": {""services"": [""gesture"", ""object""], ""fps"": {""gesture"": 30, ""object"": 22}, ""eff_fps"": {""gesture"": 30, ""object"": 22}, ""latency_ms"": {""gesture"": 0, ""object"": 0}, ""svclat_ms"": {""gesture"": 19.19, ""object"": 26.1}}, ""e4"": {""services"": [""gesture"", ""object""], ""fps"": {""gesture"": 30, ""object"": 29}, ""eff_fps"": {""gesture"": 30, ""object"": 29}, ""latency_ms"": {""gesture"": 0, ""object"": 0}, ""svclat_ms"": {""gesture"": 16.02, ""object"": 22.54}}, ""e5"": {""services"": [""gesture"", ""object""], ""fps"": {""gesture"": 30, ""object"": 29}, ""eff_fps"": {""gesture"": 30, ""object"": 29}, ""latency_ms"": {""gesture"": 0, ""object"": 0}, ""svclat_ms"": {""gesture"": 17.18, ""object"": 26.56}}, ""e6"": {""services"": [""gesture"", ""object""], ""fps"": {""gesture"": 30, ""object"": 29}, ""eff_fps"": {""gesture"": 30, ""object"": 29}, ""latency_ms"": {""gesture"": 0, ""object"": 0}, ""svclat_ms"": {""gesture"": 17.65, ""object"": 23.22}}, ""e7"": {""services"": [""gesture"", ""object""], ""fps"": {""gesture"": 30, ""object"": 30}, ""eff_fps"": {""gesture"": 30, ""object"": 30}, ""latency_ms"": {""gesture"": 0, ""object"": 0}, ""svclat_ms"": {""gesture"": 14.53, ""object"": 20.37}}, ""e8"": {""services"": [""gesture"", ""object""], ""fps"": {""gesture"": 30, ""object"": 22}, ""eff_fps"": {""gesture"": 30, ""object"": 22}, ""latency_ms"": {""gesture"": 0, ""object"": 0}, ""svclat_ms"": {""gesture"": 18.07, ""object"": 32.15}}, ""e9"": {""services"": [""gesture"", ""object""], ""fps"": {""gesture"": 30, ""object"": 22}, ""eff_fps"": {""gesture"": 30, ""object"": 22}, ""latency_ms"": {""gesture"": 0, ""object"": 0}, ""svclat_ms"": {""gesture"": 18.81, ""object"": 25.22}}, ""e10"": {""services"": [""gesture"", ""object""], ""fps"": {""gesture"": 30, ""object"": 29}, ""eff_fps"": {""gesture"": 30, ""object"": 29}, ""latency_ms"": {""gesture"": 0, ""object"": 0}, ""svclat_ms"": {""gesture"": 16.81, ""object"": 24.12}}, ""e11"": {""services"": [""gesture"", ""object""], ""fps"": {""gesture"": 30, ""object"": 29}, ""eff_fps"": {""gesture"": 30, ""object"": 29}, ""latency_ms"": {""gesture"": 0, ""object"": 0}, ""svclat_ms"": {""gesture"": 16.85, ""object"": 22.4}}, ""e12"": {""services"": [""gesture"", ""object""], ""fps"": {""gesture"": 30, ""object"": 29}, ""eff_fps"": {""gesture"": 30, ""object"": 29}, ""latency_ms"": {""gesture"": 0, ""object"": 0}, ""svclat_ms"": {""gesture"": 17.76, ""object"": 24.06}}, ""e13"": {""services"": [""gesture"", ""object""], ""fps"": {""gesture"": 30, ""object"": 30}, ""eff_fps"": {""gesture"": 30, ""object"": 30}, ""latency_ms"": {""gesture"": 0, ""object"": 0}, ""svclat_ms"": {""gesture"": 15.4, ""object"": 20.58}}, ""e14"": {""services"": [""gesture"", ""object""], ""fps"": {""gesture"": 30, ""object"": 22}, ""eff_fps"": {""gesture"": 30, ""object"": 22}, ""latency_ms"": {""gesture"": 0, ""object"": 0}, ""svclat_ms"": {""gesture"": 17.46, ""object"": 32.22}}, ""e15"": {""services"": [""gesture"", ""object""], ""fps"": {""gesture"": 30, ""object"": 22}, ""eff_fps"": {""gesture"": 30, ""object"": 22}, ""latency_ms"": {""gesture"": 0, ""object"": 0}, ""svclat_ms"": {""gesture"": 17.52, ""object"": 26.49}}}"
387.2,13,14,1.077,0,0,11,16,12,0.75,1214.0,786,0.647,0.0,1.23,0.0,0,30.0,27.69,0,30.0,27.69,0,0,0,0,17.37,24.12,750,"{""ip-172-31-0-204"": ""healthy"", ""ip-172-31-1-171"": ""healthy"", ""ip-172-31-10-12"": ""healthy"", ""ip-172-31-11-132"": ""healthy"", ""ip-172-31-13-134"": ""healthy"", ""ip-172-31-14-68"": ""healthy"", ""ip-172-31-40-239"": ""healthy""}",unsubscribe,129.3,0.9357,0,0,"{""ip-172-31-1-171"": {""pose"": 1, ""object"": 1, ""gesture"": 1}, ""ip-172-31-11-132"": {""object"": 1, ""pose"": 1, ""gesture"": 1}, ""ip-172-31-13-134"": {""object"": 1, ""pose"": 1, ""gesture"": 1}, ""ip-172-31-10-12"": {""object"": 1, ""gesture"": 1}, ""ip-172-31-40-239"": {""pose"": 1, ""object"": 1}, ""ip-172-31-14-68"": {""object"": 1, ""gesture"": 1}, ""ip-172-31-0-204"": {""gesture"": 1}}","{""e3"": {""services"": [""gesture"", ""object""], ""fps"": {""gesture"": 30, ""object"": 22}, ""eff_fps"": {""gesture"": 30, ""object"": 22}, ""latency_ms"": {""gesture"": 0, ""object"": 0}, ""svclat_ms"": {""gesture"": 19.47, ""object"": 25.71}}, ""e4"": {""services"": [""gesture"", ""object""], ""fps"": {""gesture"": 30, ""object"": 29}, ""eff_fps"": {""gesture"": 30, ""object"": 29}, ""latency_ms"": {""gesture"": 0, ""object"": 0}, ""svclat_ms"": {""gesture"": 16.36, ""object"": 22.56}}, ""e5"": {""services"": [""gesture"", ""object""], ""fps"": {""gesture"": 30, ""object"": 29}, ""eff_fps"": {""gesture"": 30, ""object"": 29}, ""latency_ms"": {""gesture"": 0, ""object"": 0}, ""svclat_ms"": {""gesture"": 17.2, ""object"": 26.91}}, ""e6"": {""services"": [""gesture"", ""object""], ""fps"": {""gesture"": 30, ""object"": 29}, ""eff_fps"": {""gesture"": 30, ""object"": 29}, ""latency_ms"": {""gesture"": 0, ""object"": 0}, ""svclat_ms"": {""gesture"": 18.05, ""object"": 23.47}}, ""e7"": {""services"": [""gesture"", ""object""], ""fps"": {""gesture"": 30, ""object"": 30}, ""eff_fps"": {""gesture"": 30, ""object"": 30}, ""latency_ms"": {""gesture"": 0, ""object"": 0}, ""svclat_ms"": {""gesture"": 14.38, ""object"": 20.08}}, ""e8"": {""services"": [""gesture"", ""object""], ""fps"": {""gesture"": 30, ""object"": 30}, ""eff_fps"": {""gesture"": 30, ""object"": 30}, ""latency_ms"": {""gesture"": 0, ""object"": 0}, ""svclat_ms"": {""gesture"": 17.97, ""object"": 23.38}}, ""e9"": {""services"": [""gesture"", ""object""], ""fps"": {""gesture"": 30, ""object"": 22}, ""eff_fps"": {""gesture"": 30, ""object"": 22}, ""latency_ms"": {""gesture"": 0, ""object"": 0}, ""svclat_ms"": {""gesture"": 19.26, ""object"": 25.51}}, ""e10"": {""services"": [""gesture"", ""object""], ""fps"": {""gesture"": 30, ""object"": 29}, ""eff_fps"": {""gesture"": 30, ""object"": 29}, ""latency_ms"": {""gesture"": 0, ""object"": 0}, ""svclat_ms"": {""gesture"": 16.7, ""object"": 23.98}}, ""e11"": {""services"": [""gesture"", ""object""], ""fps"": {""gesture"": 30, ""object"": 29}, ""eff_fps"": {""gesture"": 30, ""object"": 29}, ""latency_ms"": {""gesture"": 0, ""object"": 0}, ""svclat_ms"": {""gesture"": 16.45, ""object"": 23.01}}, ""e12"": {""services"": [""gesture"", ""object""], ""fps"": {""gesture"": 30, ""object"": 29}, ""eff_fps"": {""gesture"": 30, ""object"": 29}, ""latency_ms"": {""gesture"": 0, ""object"": 0}, ""svclat_ms"": {""gesture"": 18.03, ""object"": 24.78}}, ""e13"": {""services"": [""gesture"", ""object""], ""fps"": {""gesture"": 30, ""object"": 30}, ""eff_fps"": {""gesture"": 30, ""object"": 30}, ""latency_ms"": {""gesture"": 0, ""object"": 0}, ""svclat_ms"": {""gesture"": 15.49, ""object"": 20.52}}, ""e14"": {""services"": [""gesture"", ""object""], ""fps"": {""gesture"": 30, ""object"": 30}, ""eff_fps"": {""gesture"": 30, ""object"": 30}, ""latency_ms"": {""gesture"": 0, ""object"": 0}, ""svclat_ms"": {""gesture"": 17.9, ""object"": 27.74}}, ""e15"": {""services"": [""gesture"", ""object""], ""fps"": {""gesture"": 30, ""object"": 22}, ""eff_fps"": {""gesture"": 30, ""object"": 22}, ""latency_ms"": {""gesture"": 0, ""object"": 0}, ""svclat_ms"": {""gesture"": 18.5, ""object"": 25.94}}}"
391.3,12,12,1.0,0,0,11,16,12,0.75,1214.0,714,0.588,0.0,1.33,0.0,0,30.0,29.5,0,30.0,29.5,0,0,0,0,16.75,23.76,714,"{""ip-172-31-0-204"": ""healthy"", ""ip-172-31-1-171"": ""healthy"", ""ip-172-31-10-12"": ""healthy"", ""ip-172-31-11-132"": ""healthy"", ""ip-172-31-13-134"": ""healthy"", ""ip-172-31-14-68"": ""healthy"", ""ip-172-31-40-239"": ""healthy""}",unsubscribe,116.6,0.9917,0,0,"{""ip-172-31-1-171"": {""pose"": 1, ""object"": 1, ""gesture"": 1}, ""ip-172-31-11-132"": {""object"": 1, ""pose"": 1, ""gesture"": 1}, ""ip-172-31-13-134"": {""object"": 1, ""pose"": 1, ""gesture"": 1}, ""ip-172-31-10-12"": {""object"": 1, ""gesture"": 1}, ""ip-172-31-40-239"": {""pose"": 1, ""object"": 1}, ""ip-172-31-14-68"": {""object"": 1, ""gesture"": 1}, ""ip-172-31-0-204"": {""gesture"": 1}}","{""e4"": {""services"": [""gesture"", ""object""], ""fps"": {""gesture"": 30, ""object"": 29}, ""eff_fps"": {""gesture"": 30, ""object"": 29}, ""latency_ms"": {""gesture"": 0, ""object"": 0}, ""svclat_ms"": {""gesture"": 16.3, ""object"": 23.31}}, ""e5"": {""services"": [""gesture"", ""object""], ""fps"": {""gesture"": 30, ""object"": 29}, ""eff_fps"": {""gesture"": 30, ""object"": 29}, ""latency_ms"": {""gesture"": 0, ""object"": 0}, ""svclat_ms"": {""gesture"": 17.12, ""object"": 26.21}}, ""e6"": {""services"": [""gesture"", ""object""], ""fps"": {""gesture"": 30, ""object"": 29}, ""eff_fps"": {""gesture"": 30, ""object"": 29}, ""latency_ms"": {""gesture"": 0, ""object"": 0}, ""svclat_ms"": {""gesture"": 17.88, ""object"": 23.2}}, ""e7"": {""services"": [""gesture"", ""object""], ""fps"": {""gesture"": 30, ""object"": 30}, ""eff_fps"": {""gesture"": 30, ""object"": 30}, ""latency_ms"": {""gesture"": 0, ""object"": 0}, ""svclat_ms"": {""gesture"": 14.76, ""object"": 20.16}}, ""e8"": {""services"": [""gesture"", ""object""], ""fps"": {""gesture"": 30, ""object"": 30}, ""eff_fps"": {""gesture"": 30, ""object"": 30}, ""latency_ms"": {""gesture"": 0, ""object"": 0}, ""svclat_ms"": {""gesture"": 17.38, ""object"": 23.29}}, ""e9"": {""services"": [""gesture"", ""object""], ""fps"": {""gesture"": 30, ""object"": 30}, ""eff_fps"": {""gesture"": 30, ""object"": 30}, ""latency_ms"": {""gesture"": 0, ""object"": 0}, ""svclat_ms"": {""gesture"": 15.92, ""object"": 27.19}}, ""e10"": {""services"": [""gesture"", ""object""], ""fps"": {""gesture"": 30, ""object"": 29}, ""eff_fps"": {""gesture"": 30, ""object"": 29}, ""latency_ms"": {""gesture"": 0, ""object"": 0}, ""svclat_ms"": {""gesture"": 17.08, ""object"": 24.71}}, ""e11"": {""services"": [""gesture"", ""object""], ""fps"": {""gesture"": 30, ""object"": 29}, ""eff_fps"": {""gesture"": 30, ""object"": 29}, ""latency_ms"": {""gesture"": 0, ""object"": 0}, ""svclat_ms"": {""gesture"": 16.46, ""object"": 22.61}}, ""e12"": {""services"": [""gesture"", ""object""], ""fps"": {""gesture"": 30, ""object"": 29}, ""eff_fps"": {""gesture"": 30, ""object"": 29}, ""latency_ms"": {""gesture"": 0, ""object"": 0}, ""svclat_ms"": {""gesture"": 17.82, ""object"": 24.05}}, ""e13"": {""services"": [""gesture"", ""object""], ""fps"": {""gesture"": 30, ""object"": 30}, ""eff_fps"": {""gesture"": 30, ""object"": 30}, ""latency_ms"": {""gesture"": 0, ""object"": 0}, ""svclat_ms"": {""gesture"": 15.7, ""object"": 20.58}}, ""e14"": {""services"": [""gesture"", ""object""], ""fps"": {""gesture"": 30, ""object"": 30}, ""eff_fps"": {""gesture"": 30, ""object"": 30}, ""latency_ms"": {""gesture"": 0, ""object"": 0}, ""svclat_ms"": {""gesture"": 17.99, ""object"": 26.87}}, ""e15"": {""services"": [""gesture"", ""object""], ""fps"": {""gesture"": 30, ""object"": 30}, ""eff_fps"": {""gesture"": 30, ""object"": 30}, ""latency_ms"": {""gesture"": 0, ""object"": 0}, ""svclat_ms"": {""gesture"": 16.59, ""object"": 22.99}}}"
395.0,12,12,1.0,0,0,11,16,12,0.75,1214.0,714,0.588,0.0,1.33,0.0,0,30.0,29.55,0,30.0,29.55,0,0,0,0,16.42,22.67,655,"{""ip-172-31-0-204"": ""healthy"", ""ip-172-31-1-171"": ""healthy"", ""ip-172-31-10-12"": ""healthy"", ""ip-172-31-11-132"": ""healthy"", ""ip-172-31-13-134"": ""healthy"", ""ip-172-31-14-68"": ""healthy"", ""ip-172-31-40-239"": ""healthy""}",unsubscribe,116.6,0.9917,0,0,"{""ip-172-31-1-171"": {""pose"": 1, ""object"": 1, ""gesture"": 1}, ""ip-172-31-11-132"": {""object"": 1, ""pose"": 1, ""gesture"": 1}, ""ip-172-31-13-134"": {""object"": 1, ""pose"": 1, ""gesture"": 1}, ""ip-172-31-10-12"": {""object"": 1, ""gesture"": 1}, ""ip-172-31-40-239"": {""pose"": 1, ""object"": 1}, ""ip-172-31-14-68"": {""object"": 1, ""gesture"": 1}, ""ip-172-31-0-204"": {""gesture"": 1}}","{""e5"": {""services"": [""gesture"", ""object""], ""fps"": {""gesture"": 30, ""object"": 29}, ""eff_fps"": {""gesture"": 30, ""object"": 29}, ""latency_ms"": {""gesture"": 0, ""object"": 0}, ""svclat_ms"": {""gesture"": 16.73, ""object"": 25.39}}, ""e6"": {""services"": [""gesture"", ""object""], ""fps"": {""gesture"": 30, ""object"": 29}, ""eff_fps"": {""gesture"": 30, ""object"": 29}, ""latency_ms"": {""gesture"": 0, ""object"": 0}, ""svclat_ms"": {""gesture"": 18.3, ""object"": 23.41}}, ""e7"": {""services"": [""gesture"", ""object""], ""fps"": {""gesture"": 30, ""object"": 30}, ""eff_fps"": {""gesture"": 30, ""object"": 30}, ""latency_ms"": {""gesture"": 0, ""object"": 0}, ""svclat_ms"": {""gesture"": 14.49, ""object"": 20.08}}, ""e8"": {""services"": [""gesture"", ""object""], ""fps"": {""gesture"": 30, ""object"": 29}, ""eff_fps"": {""gesture"": 30, ""object"": 29}, ""latency_ms"": {""gesture"": 0, ""object"": 0}, ""svclat_ms"": {""gesture"": 17.39, ""object"": 22.82}}, ""e9"": {""services"": [""gesture"", ""object""], ""fps"": {""gesture"": 30, ""object"": 30}, ""eff_fps"": {""gesture"": 30, ""object"": 30}, ""latency_ms"": {""gesture"": 0, ""object"": 0}, ""svclat_ms"": {""gesture"": 15.26, ""object"": 23.72}}, ""e10"": {""services"": [""gesture"", ""object""], ""fps"": {""gesture"": 30, ""object"": 30}, ""eff_fps"": {""gesture"": 30, ""object"": 30}, ""latency_ms"": {""gesture"": 0, ""object"": 0}, ""svclat_ms"": {""gesture"": 15.48, ""object"": 20.7}}, ""e11"": {""services"": [""gesture"", ""object""], ""fps"": {""gesture"": 30, ""object"": 29}, ""eff_fps"": {""gesture"": 30, ""object"": 29}, ""latency_ms"": {""gesture"": 0, ""object"": 0}, ""svclat_ms"": {""gesture"": 15.9, ""object"": 22.3}}, ""e12"": {""services"": [""gesture"", ""object""], ""fps"": {""gesture"": 30, ""object"": 29}, ""eff_fps"": {""gesture"": 30, ""object"": 29}, ""latency_ms"": {""gesture"": 0, ""object"": 0}, ""svclat_ms"": {""gesture"": 18.64, ""object"": 24.43}}, ""e13"": {""services"": [""gesture"", ""object""], ""fps"": {""gesture"": 30, ""object"": 30}, ""eff_fps"": {""gesture"": 30, ""object"": 30}, ""latency_ms"": {""gesture"": 0, ""object"": 0}, ""svclat_ms"": {""gesture"": 15.51, ""object"": 20.54}}, ""e14"": {""services"": [""gesture"", ""object""], ""fps"": {""gesture"": 30, ""object"": 30}, ""eff_fps"": {""gesture"": 30, ""object"": 30}, ""latency_ms"": {""gesture"": 0, ""object"": 0}, ""svclat_ms"": {""gesture"": 17.23, ""object"": 23.65}}, ""e15"": {""services"": [""gesture"", ""object""], ""fps"": {""gesture"": 30, ""object"": 30}, ""eff_fps"": {""gesture"": 30, ""object"": 30}, ""latency_ms"": {""gesture"": 0, ""object"": 0}, ""svclat_ms"": {""gesture"": 15.68, ""object"": 22.3}}}"
397.4,11,11,1.0,0,0,11,16,12,0.75,1214.0,656,0.54,0.0,1.45,0.0,0,30.0,29.73,0,30.0,29.73,0,0,0,0,16.58,22.92,657,"{""ip-172-31-0-204"": ""healthy"", ""ip-172-31-1-171"": ""healthy"", ""ip-172-31-10-12"": ""healthy"", ""ip-172-31-11-132"": ""healthy"", ""ip-172-31-13-134"": ""healthy"", ""ip-172-31-14-68"": ""healthy"", ""ip-172-31-40-239"": ""healthy""}",unsubscribe,111.1,0.9939,0,0,"{""ip-172-31-1-171"": {""pose"": 1, ""object"": 1, ""gesture"": 1}, ""ip-172-31-11-132"": {""object"": 1, ""pose"": 1, ""gesture"": 1}, ""ip-172-31-13-134"": {""object"": 1, ""pose"": 1, ""gesture"": 1}, ""ip-172-31-10-12"": {""object"": 1, ""gesture"": 1}, ""ip-172-31-40-239"": {""pose"": 1, ""object"": 1}, ""ip-172-31-14-68"": {""object"": 1, ""gesture"": 1}, ""ip-172-31-0-204"": {""gesture"": 1}}","{""e5"": {""services"": [""gesture"", ""object""], ""fps"": {""gesture"": 30, ""object"": 29}, ""eff_fps"": {""gesture"": 30, ""object"": 29}, ""latency_ms"": {""gesture"": 0, ""object"": 0}, ""svclat_ms"": {""gesture"": 17.13, ""object"": 26.35}}, ""e6"": {""services"": [""gesture"", ""object""], ""fps"": {""gesture"": 30, ""object"": 29}, ""eff_fps"": {""gesture"": 30, ""object"": 29}, ""latency_ms"": {""gesture"": 0, ""object"": 0}, ""svclat_ms"": {""gesture"": 17.99, ""object"": 23.36}}, ""e7"": {""services"": [""gesture"", ""object""], ""fps"": {""gesture"": 30, ""object"": 30}, ""eff_fps"": {""gesture"": 30, ""object"": 30}, ""latency_ms"": {""gesture"": 0, ""object"": 0}, ""svclat_ms"": {""gesture"": 14.51, ""object"": 20.25}}, ""e8"": {""services"": [""gesture"", ""object""], ""fps"": {""gesture"": 30, ""object"": 31}, ""eff_fps"": {""gesture"": 30, ""object"": 31}, ""latency_ms"": {""gesture"": 0, ""object"": 0}, ""svclat_ms"": {""gesture"": 17.52, ""object"": 23.39}}, ""e9"": {""services"": [""gesture"", ""object""], ""fps"": {""gesture"": 30, ""object"": 30}, ""eff_fps"": {""gesture"": 30, ""object"": 30}, ""latency_ms"": {""gesture"": 0, ""object"": 0}, ""svclat_ms"": {""gesture"": 15.44, ""object"": 23.83}}, ""e10"": {""services"": [""gesture"", ""object""], ""fps"": {""gesture"": 30, ""object"": 30}, ""eff_fps"": {""gesture"": 30, ""object"": 30}, ""latency_ms"": {""gesture"": 0, ""object"": 0}, ""svclat_ms"": {""gesture"": 15.42, ""object"": 20.68}}, ""e11"": {""services"": [""gesture"", ""object""], ""fps"": {""gesture"": 30, ""object"": 29}, ""eff_fps"": {""gesture"": 30, ""object"": 29}, ""latency_ms"": {""gesture"": 0, ""object"": 0}, ""svclat_ms"": {""gesture"": 16.68, ""object"": 22.85}}, ""e12"": {""services"": [""gesture"", ""object""], ""fps"": {""gesture"": 30, ""object"": 29}, ""eff_fps"": {""gesture"": 30, ""object"": 29}, ""latency_ms"": {""gesture"": 0, ""object"": 0}, ""svclat_ms"": {""gesture"": 18.35, ""object"": 24.57}}, ""e13"": {""services"": [""gesture"", ""object""], ""fps"": {""gesture"": 30, ""object"": 30}, ""eff_fps"": {""gesture"": 30, ""object"": 30}, ""latency_ms"": {""gesture"": 0, ""object"": 0}, ""svclat_ms"": {""gesture"": 15.49, ""object"": 20.53}}, ""e14"": {""services"": [""gesture"", ""object""], ""fps"": {""gesture"": 30, ""object"": 30}, ""eff_fps"": {""gesture"": 30, ""object"": 30}, ""latency_ms"": {""gesture"": 0, ""object"": 0}, ""svclat_ms"": {""gesture"": 17.65, ""object"": 23.72}}, ""e15"": {""services"": [""gesture"", ""object""], ""fps"": {""gesture"": 30, ""object"": 30}, ""eff_fps"": {""gesture"": 30, ""object"": 30}, ""latency_ms"": {""gesture"": 0, ""object"": 0}, ""svclat_ms"": {""gesture"": 16.23, ""object"": 22.61}}}"
399.9,11,11,1.0,0,0,11,16,12,0.75,1214.0,656,0.54,0.0,1.45,0.0,0,30.09,29.55,0,30.09,29.55,0,0,0,0,16.47,22.94,656,"{""ip-172-31-0-204"": ""healthy"", ""ip-172-31-1-171"": ""healthy"", ""ip-172-31-10-12"": ""healthy"", ""ip-172-31-11-132"": ""healthy"", ""ip-172-31-13-134"": ""healthy"", ""ip-172-31-14-68"": ""healthy"", ""ip-172-31-40-239"": ""healthy""}",unsubscribe,111.1,0.9939,0,0,"{""ip-172-31-1-171"": {""pose"": 1, ""object"": 1, ""gesture"": 1}, ""ip-172-31-11-132"": {""object"": 1, ""pose"": 1, ""gesture"": 1}, ""ip-172-31-13-134"": {""object"": 1, ""pose"": 1, ""gesture"": 1}, ""ip-172-31-10-12"": {""object"": 1, ""gesture"": 1}, ""ip-172-31-40-239"": {""pose"": 1, ""object"": 1}, ""ip-172-31-14-68"": {""object"": 1, ""gesture"": 1}, ""ip-172-31-0-204"": {""gesture"": 1}}","{""e5"": {""services"": [""gesture"", ""object""], ""fps"": {""gesture"": 30, ""object"": 29}, ""eff_fps"": {""gesture"": 30, ""object"": 29}, ""latency_ms"": {""gesture"": 0, ""object"": 0}, ""svclat_ms"": {""gesture"": 17.04, ""object"": 26.89}}, ""e6"": {""services"": [""gesture"", ""object""], ""fps"": {""gesture"": 31, ""object"": 29}, ""eff_fps"": {""gesture"": 31, ""object"": 29}, ""latency_ms"": {""gesture"": 0, ""object"": 0}, ""svclat_ms"": {""gesture"": 17.92, ""object"": 23.09}}, ""e7"": {""services"": [""gesture"", ""object""], ""fps"": {""gesture"": 30, ""object"": 30}, ""eff_fps"": {""gesture"": 30, ""object"": 30}, ""latency_ms"": {""gesture"": 0, ""object"": 0}, ""svclat_ms"": {""gesture"": 14.46, ""object"": 20.24}}, ""e8"": {""services"": [""gesture"", ""object""], ""fps"": {""gesture"": 30, ""object"": 29}, ""eff_fps"": {""gesture"": 30, ""object"": 29}, ""latency_ms"": {""gesture"": 0, ""object"": 0}, ""svclat_ms"": {""gesture"": 17.45, ""object"": 23.41}}, ""e9"": {""services"": [""gesture"", ""object""], ""fps"": {""gesture"": 30, ""object"": 30}, ""eff_fps"": {""gesture"": 30, ""object"": 30}, ""latency_ms"": {""gesture"": 0, ""object"": 0}, ""svclat_ms"": {""gesture"": 15.88, ""object"": 24.62}}, ""e10"": {""services"": [""gesture"", ""object""], ""fps"": {""gesture"": 30, ""object"": 30}, ""eff_fps"": {""gesture"": 30, ""object"": 30}, ""latency_ms"": {""gesture"": 0, ""object"": 0}, ""svclat_ms"": {""gesture"": 15.24, ""object"": 20.72}}, ""e11"": {""services"": [""gesture"", ""object""], ""fps"": {""gesture"": 30, ""object"": 29}, ""eff_fps"": {""gesture"": 30, ""object"": 29}, ""latency_ms"": {""gesture"": 0, ""object"": 0}, ""svclat_ms"": {""gesture"": 16.5, ""object"": 22.92}}, ""e12"": {""services"": [""gesture"", ""object""], ""fps"": {""gesture"": 30, ""object"": 29}, ""eff_fps"": {""gesture"": 30, ""object"": 29}, ""latency_ms"": {""gesture"": 0, ""object"": 0}, ""svclat_ms"": {""gesture"": 17.79, ""object"": 23.79}}, ""e13"": {""services"": [""gesture"", ""object""], ""fps"": {""gesture"": 30, ""object"": 30}, ""eff_fps"": {""gesture"": 30, ""object"": 30}, ""latency_ms"": {""gesture"": 0, ""object"": 0}, ""svclat_ms"": {""gesture"": 15.47, ""object"": 20.41}}, ""e14"": {""services"": [""gesture"", ""object""], ""fps"": {""gesture"": 30, ""object"": 30}, ""eff_fps"": {""gesture"": 30, ""object"": 30}, ""latency_ms"": {""gesture"": 0, ""object"": 0}, ""svclat_ms"": {""gesture"": 17.68, ""object"": 24.02}}, ""e15"": {""services"": [""gesture"", ""object""], ""fps"": {""gesture"": 30, ""object"": 30}, ""eff_fps"": {""gesture"": 30, ""object"": 30}, ""latency_ms"": {""gesture"": 0, ""object"": 0}, ""svclat_ms"": {""gesture"": 15.76, ""object"": 22.27}}}"
403.6,11,11,1.0,0,0,11,16,12,0.75,1214.0,656,0.54,0.0,1.45,0.0,0,30.0,29.9,0,30.0,29.9,0,0,0,0,16.24,22.02,599,"{""ip-172-31-0-204"": ""healthy"", ""ip-172-31-1-171"": ""healthy"", ""ip-172-31-10-12"": ""healthy"", ""ip-172-31-11-132"": ""healthy"", ""ip-172-31-13-134"": ""healthy"", ""ip-172-31-14-68"": ""healthy"", ""ip-172-31-40-239"": ""healthy""}",unsubscribe,111.1,0.9939,0,0,"{""ip-172-31-1-171"": {""pose"": 1, ""object"": 1, ""gesture"": 1}, ""ip-172-31-11-132"": {""object"": 1, ""pose"": 1, ""gesture"": 1}, ""ip-172-31-13-134"": {""object"": 1, ""pose"": 1, ""gesture"": 1}, ""ip-172-31-10-12"": {""object"": 1, ""gesture"": 1}, ""ip-172-31-40-239"": {""pose"": 1, ""object"": 1}, ""ip-172-31-14-68"": {""object"": 1, ""gesture"": 1}, ""ip-172-31-0-204"": {""gesture"": 1}}","{""e6"": {""services"": [""gesture"", ""object""], ""fps"": {""gesture"": 30, ""object"": 29}, ""eff_fps"": {""gesture"": 30, ""object"": 29}, ""latency_ms"": {""gesture"": 0, ""object"": 0}, ""svclat_ms"": {""gesture"": 18.05, ""object"": 23.0}}, ""e7"": {""services"": [""gesture"", ""object""], ""fps"": {""gesture"": 30, ""object"": 30}, ""eff_fps"": {""gesture"": 30, ""object"": 30}, ""latency_ms"": {""gesture"": 0, ""object"": 0}, ""svclat_ms"": {""gesture"": 14.67, ""object"": 20.34}}, ""e8"": {""services"": [""gesture"", ""object""], ""fps"": {""gesture"": 30, ""object"": 31}, ""eff_fps"": {""gesture"": 30, ""object"": 31}, ""latency_ms"": {""gesture"": 0, ""object"": 0}, ""svclat_ms"": {""gesture"": 17.42, ""object"": 23.3}}, ""e9"": {""services"": [""gesture"", ""object""], ""fps"": {""gesture"": 30, ""object"": 30}, ""eff_fps"": {""gesture"": 30, ""object"": 30}, ""latency_ms"": {""gesture"": 0, ""object"": 0}, ""svclat_ms"": {""gesture"": 15.24, ""object"": 21.98}}, ""e10"": {""services"": [""gesture"", ""object""], ""fps"": {""gesture"": 30, ""object"": 30}, ""eff_fps"": {""gesture"": 30, ""object"": 30}, ""latency_ms"": {""gesture"": 0, ""object"": 0}, ""svclat_ms"": {""gesture"": 15.24, ""object"": 21.03}}, ""e11"": {""services"": [""gesture"", ""object""], ""fps"": {""gesture"": 30, ""object"": 30}, ""eff_fps"": {""gesture"": 30, ""object"": 30}, ""latency_ms"": {""gesture"": 0, ""object"": 0}, ""svclat_ms"": {""gesture"": 15.19, ""object"": 20.58}}, ""e12"": {""services"": [""gesture"", ""object""], ""fps"": {""gesture"": 30, ""object"": 29}, ""eff_fps"": {""gesture"": 30, ""object"": 29}, ""latency_ms"": {""gesture"": 0, ""object"": 0}, ""svclat_ms"": {""gesture"": 17.87, ""object"": 23.43}}, ""e13"": {""services"": [""gesture"", ""object""], ""fps"": {""gesture"": 30, ""object"": 30}, ""eff_fps"": {""gesture"": 30, ""object"": 30}, ""latency_ms"": {""gesture"": 0, ""object"": 0}, ""svclat_ms"": {""gesture"": 15.3, ""object"": 20.73}}, ""e14"": {""services"": [""gesture"", ""object""], ""fps"": {""gesture"": 30, ""object"": 30}, ""eff_fps"": {""gesture"": 30, ""object"": 30}, ""latency_ms"": {""gesture"": 0, ""object"": 0}, ""svclat_ms"": {""gesture"": 17.42, ""object"": 23.65}}, ""e15"": {""services"": [""gesture"", ""object""], ""fps"": {""gesture"": 30, ""object"": 30}, ""eff_fps"": {""gesture"": 30, ""object"": 30}, ""latency_ms"": {""gesture"": 0, ""object"": 0}, ""svclat_ms"": {""gesture"": 16.05, ""object"": 22.2}}}"
407.3,9,9,1.0,0,0,11,16,12,0.75,1214.0,540,0.445,0.0,1.78,0.0,0,30.0,30.22,0,30.0,30.22,0,0,0,0,15.8,21.73,542,"{""ip-172-31-0-204"": ""healthy"", ""ip-172-31-1-171"": ""healthy"", ""ip-172-31-10-12"": ""healthy"", ""ip-172-31-11-132"": ""healthy"", ""ip-172-31-13-134"": ""healthy"", ""ip-172-31-14-68"": ""healthy"", ""ip-172-31-40-239"": ""healthy""}",unsubscribe,100.0,1.0,0,0,"{""ip-172-31-1-171"": {""pose"": 1, ""object"": 1, ""gesture"": 1}, ""ip-172-31-11-132"": {""object"": 1, ""pose"": 1, ""gesture"": 1}, ""ip-172-31-13-134"": {""object"": 1, ""pose"": 1, ""gesture"": 1}, ""ip-172-31-10-12"": {""object"": 1, ""gesture"": 1}, ""ip-172-31-40-239"": {""pose"": 1, ""object"": 1}, ""ip-172-31-14-68"": {""object"": 1, ""gesture"": 1}, ""ip-172-31-0-204"": {""gesture"": 1}}","{""e7"": {""services"": [""gesture"", ""object""], ""fps"": {""gesture"": 30, ""object"": 30}, ""eff_fps"": {""gesture"": 30, ""object"": 30}, ""latency_ms"": {""gesture"": 0, ""object"": 0}, ""svclat_ms"": {""gesture"": 14.48, ""object"": 20.17}}, ""e8"": {""services"": [""gesture"", ""object""], ""fps"": {""gesture"": 30, ""object"": 31}, ""eff_fps"": {""gesture"": 30, ""object"": 31}, ""latency_ms"": {""gesture"": 0, ""object"": 0}, ""svclat_ms"": {""gesture"": 17.65, ""object"": 23.12}}, ""e9"": {""services"": [""gesture"", ""object""], ""fps"": {""gesture"": 30, ""object"": 30}, ""eff_fps"": {""gesture"": 30, ""object"": 30}, ""latency_ms"": {""gesture"": 0, ""object"": 0}, ""svclat_ms"": {""gesture"": 15.8, ""object"": 23.04}}, ""e10"": {""services"": [""gesture"", ""object""], ""fps"": {""gesture"": 30, ""object"": 30}, ""eff_fps"": {""gesture"": 30, ""object"": 30}, ""latency_ms"": {""gesture"": 0, ""object"": 0}, ""svclat_ms"": {""gesture"": 15.09, ""object"": 20.92}}, ""e11"": {""services"": [""gesture"", ""object""], ""fps"": {""gesture"": 30, ""object"": 30}, ""eff_fps"": {""gesture"": 30, ""object"": 30}, ""latency_ms"": {""gesture"": 0, ""object"": 0}, ""svclat_ms"": {""gesture"": 14.84, ""object"": 20.73}}, ""e12"": {""services"": [""gesture"", ""object""], ""fps"": {""gesture"": 30, ""object"": 30}, ""eff_fps"": {""gesture"": 30, ""object"": 30}, ""latency_ms"": {""gesture"": 0, ""object"": 0}, ""svclat_ms"": {""gesture"": 15.54, ""object"": 21.09}}, ""e13"": {""services"": [""gesture"", ""object""], ""fps"": {""gesture"": 30, ""object"": 30}, ""eff_fps"": {""gesture"": 30, ""object"": 30}, ""latency_ms"": {""gesture"": 0, ""object"": 0}, ""svclat_ms"": {""gesture"": 15.77, ""object"": 20.58}}, ""e14"": {""services"": [""gesture"", ""object""], ""fps"": {""gesture"": 30, ""object"": 31}, ""eff_fps"": {""gesture"": 30, ""object"": 31}, ""latency_ms"": {""gesture"": 0, ""object"": 0}, ""svclat_ms"": {""gesture"": 17.7, ""object"": 23.62}}, ""e15"": {""services"": [""gesture"", ""object""], ""fps"": {""gesture"": 30, ""object"": 30}, ""eff_fps"": {""gesture"": 30, ""object"": 30}, ""latency_ms"": {""gesture"": 0, ""object"": 0}, ""svclat_ms"": {""gesture"": 15.31, ""object"": 22.3}}}"
411.2,8,8,1.0,0,0,11,16,12,0.75,1214.0,480,0.395,0.0,2.0,0.0,0,30.0,30.0,0,30.0,30.0,0,0,0,0,15.86,21.53,480,"{""ip-172-31-0-204"": ""healthy"", ""ip-172-31-1-171"": ""healthy"", ""ip-172-31-10-12"": ""healthy"", ""ip-172-31-11-132"": ""healthy"", ""ip-172-31-13-134"": ""healthy"", ""ip-172-31-14-68"": ""healthy"", ""ip-172-31-40-239"": ""healthy""}",unsubscribe,97.5,1.0,0,0,"{""ip-172-31-1-171"": {""pose"": 1, ""object"": 1, ""gesture"": 1}, ""ip-172-31-11-132"": {""object"": 1, ""pose"": 1, ""gesture"": 1}, ""ip-172-31-13-134"": {""object"": 1, ""pose"": 1, ""gesture"": 1}, ""ip-172-31-10-12"": {""object"": 1, ""gesture"": 1}, ""ip-172-31-40-239"": {""pose"": 1, ""object"": 1}, ""ip-172-31-14-68"": {""object"": 1, ""gesture"": 1}, ""ip-172-31-0-204"": {""gesture"": 1}}","{""e8"": {""services"": [""gesture"", ""object""], ""fps"": {""gesture"": 30, ""object"": 30}, ""eff_fps"": {""gesture"": 30, ""object"": 30}, ""latency_ms"": {""gesture"": 0, ""object"": 0}, ""svclat_ms"": {""gesture"": 17.27, ""object"": 22.71}}, ""e9"": {""services"": [""gesture"", ""object""], ""fps"": {""gesture"": 30, ""object"": 30}, ""eff_fps"": {""gesture"": 30, ""object"": 30}, ""latency_ms"": {""gesture"": 0, ""object"": 0}, ""svclat_ms"": {""gesture"": 16.08, ""object"": 23.09}}, ""e10"": {""services"": [""gesture"", ""object""], ""fps"": {""gesture"": 30, ""object"": 30}, ""eff_fps"": {""gesture"": 30, ""object"": 30}, ""latency_ms"": {""gesture"": 0, ""object"": 0}, ""svclat_ms"": {""gesture"": 15.28, ""object"": 20.54}}, ""e11"": {""services"": [""gesture"", ""object""], ""fps"": {""gesture"": 30, ""object"": 30}, ""eff_fps"": {""gesture"": 30, ""object"": 30}, ""latency_ms"": {""gesture"": 0, ""object"": 0}, ""svclat_ms"": {""gesture"": 15.09, ""object"": 20.43}}, ""e12"": {""services"": [""gesture"", ""object""], ""fps"": {""gesture"": 30, ""object"": 30}, ""eff_fps"": {""gesture"": 30, ""object"": 30}, ""latency_ms"": {""gesture"": 0, ""object"": 0}, ""svclat_ms"": {""gesture"": 15.88, ""object"": 20.53}}, ""e13"": {""services"": [""gesture"", ""object""], ""fps"": {""gesture"": 30, ""object"": 30}, ""eff_fps"": {""gesture"": 30, ""object"": 30}, ""latency_ms"": {""gesture"": 0, ""object"": 0}, ""svclat_ms"": {""gesture"": 14.42, ""object"": 19.6}}, ""e14"": {""services"": [""gesture"", ""object""], ""fps"": {""gesture"": 30, ""object"": 30}, ""eff_fps"": {""gesture"": 30, ""object"": 30}, ""latency_ms"": {""gesture"": 0, ""object"": 0}, ""svclat_ms"": {""gesture"": 17.27, ""object"": 23.28}}, ""e15"": {""services"": [""gesture"", ""object""], ""fps"": {""gesture"": 30, ""object"": 30}, ""eff_fps"": {""gesture"": 30, ""object"": 30}, ""latency_ms"": {""gesture"": 0, ""object"": 0}, ""svclat_ms"": {""gesture"": 15.6, ""object"": 22.08}}}"
414.9,8,8,1.0,0,0,11,16,12,0.75,1214.0,480,0.395,0.0,2.0,0.0,0,30.0,30.0,0,30.0,30.0,0,0,0,0,15.31,21.14,420,"{""ip-172-31-0-204"": ""healthy"", ""ip-172-31-1-171"": ""healthy"", ""ip-172-31-10-12"": ""healthy"", ""ip-172-31-11-132"": ""healthy"", ""ip-172-31-13-134"": ""healthy"", ""ip-172-31-14-68"": ""healthy"", ""ip-172-31-40-239"": ""healthy""}",unsubscribe,97.5,1.0,0,0,"{""ip-172-31-1-171"": {""pose"": 1, ""object"": 1, ""gesture"": 1}, ""ip-172-31-11-132"": {""object"": 1, ""pose"": 1, ""gesture"": 1}, ""ip-172-31-13-134"": {""object"": 1, ""pose"": 1, ""gesture"": 1}, ""ip-172-31-10-12"": {""object"": 1, ""gesture"": 1}, ""ip-172-31-40-239"": {""pose"": 1, ""object"": 1}, ""ip-172-31-14-68"": {""object"": 1, ""gesture"": 1}, ""ip-172-31-0-204"": {""gesture"": 1}}","{""e9"": {""services"": [""gesture"", ""object""], ""fps"": {""gesture"": 30, ""object"": 30}, ""eff_fps"": {""gesture"": 30, ""object"": 30}, ""latency_ms"": {""gesture"": 0, ""object"": 0}, ""svclat_ms"": {""gesture"": 15.47, ""object"": 23.13}}, ""e10"": {""services"": [""gesture"", ""object""], ""fps"": {""gesture"": 30, ""object"": 30}, ""eff_fps"": {""gesture"": 30, ""object"": 30}, ""latency_ms"": {""gesture"": 0, ""object"": 0}, ""svclat_ms"": {""gesture"": 15.41, ""object"": 20.68}}, ""e11"": {""services"": [""gesture"", ""object""], ""fps"": {""gesture"": 30, ""object"": 30}, ""eff_fps"": {""gesture"": 30, ""object"": 30}, ""latency_ms"": {""gesture"": 0, ""object"": 0}, ""svclat_ms"": {""gesture"": 14.79, ""object"": 20.64}}, ""e12"": {""services"": [""gesture"", ""object""], ""fps"": {""gesture"": 30, ""object"": 30}, ""eff_fps"": {""gesture"": 30, ""object"": 30}, ""latency_ms"": {""gesture"": 0, ""object"": 0}, ""svclat_ms"": {""gesture"": 15.77, ""object"": 21.1}}, ""e13"": {""services"": [""gesture"", ""object""], ""fps"": {""gesture"": 30, ""object"": 30}, ""eff_fps"": {""gesture"": 30, ""object"": 30}, ""latency_ms"": {""gesture"": 0, ""object"": 0}, ""svclat_ms"": {""gesture"": 14.45, ""object"": 19.39}}, ""e14"": {""services"": [""gesture"", ""object""], ""fps"": {""gesture"": 30, ""object"": 30}, ""eff_fps"": {""gesture"": 30, ""object"": 30}, ""latency_ms"": {""gesture"": 0, ""object"": 0}, ""svclat_ms"": {""gesture"": 15.26, ""object"": 20.49}}, ""e15"": {""services"": [""gesture"", ""object""], ""fps"": {""gesture"": 30, ""object"": 30}, ""eff_fps"": {""gesture"": 30, ""object"": 30}, ""latency_ms"": {""gesture"": 0, ""object"": 0}, ""svclat_ms"": {""gesture"": 16.04, ""object"": 22.56}}}"
417.3,7,7,1.0,0,0,11,16,12,0.75,1214.0,420,0.346,0.0,2.29,0.0,0,30.0,30.0,0,30.0,30.0,0,0,0,0,15.4,21.25,420,"{""ip-172-31-0-204"": ""healthy"", ""ip-172-31-1-171"": ""healthy"", ""ip-172-31-10-12"": ""healthy"", ""ip-172-31-11-132"": ""healthy"", ""ip-172-31-13-134"": ""healthy"", ""ip-172-31-14-68"": ""healthy"", ""ip-172-31-40-239"": ""healthy""}",unsubscribe,89.9,1.0,0,0,"{""ip-172-31-1-171"": {""pose"": 1, ""object"": 1, ""gesture"": 1}, ""ip-172-31-11-132"": {""object"": 1, ""pose"": 1, ""gesture"": 1}, ""ip-172-31-13-134"": {""object"": 1, ""pose"": 1, ""gesture"": 1}, ""ip-172-31-10-12"": {""object"": 1, ""gesture"": 1}, ""ip-172-31-40-239"": {""pose"": 1, ""object"": 1}, ""ip-172-31-14-68"": {""object"": 1, ""gesture"": 1}, ""ip-172-31-0-204"": {""gesture"": 1}}","{""e9"": {""services"": [""gesture"", ""object""], ""fps"": {""gesture"": 30, ""object"": 30}, ""eff_fps"": {""gesture"": 30, ""object"": 30}, ""latency_ms"": {""gesture"": 0, ""object"": 0}, ""svclat_ms"": {""gesture"": 16.27, ""object"": 23.57}}, ""e10"": {""services"": [""gesture"", ""object""], ""fps"": {""gesture"": 30, ""object"": 30}, ""eff_fps"": {""gesture"": 30, ""object"": 30}, ""latency_ms"": {""gesture"": 0, ""object"": 0}, ""svclat_ms"": {""gesture"": 15.28, ""object"": 20.6}}, ""e11"": {""services"": [""gesture"", ""object""], ""fps"": {""gesture"": 30, ""object"": 30}, ""eff_fps"": {""gesture"": 30, ""object"": 30}, ""latency_ms"": {""gesture"": 0, ""object"": 0}, ""svclat_ms"": {""gesture"": 14.71, ""object"": 20.4}}, ""e12"": {""services"": [""gesture"", ""object""], ""fps"": {""gesture"": 30, ""object"": 30}, ""eff_fps"": {""gesture"": 30, ""object"": 30}, ""latency_ms"": {""gesture"": 0, ""object"": 0}, ""svclat_ms"": {""gesture"": 15.75, ""object"": 21.21}}, ""e13"": {""services"": [""gesture"", ""object""], ""fps"": {""gesture"": 30, ""object"": 30}, ""eff_fps"": {""gesture"": 30, ""object"": 30}, ""latency_ms"": {""gesture"": 0, ""object"": 0}, ""svclat_ms"": {""gesture"": 14.19, ""object"": 19.4}}, ""e14"": {""services"": [""gesture"", ""object""], ""fps"": {""gesture"": 30, ""object"": 30}, ""eff_fps"": {""gesture"": 30, ""object"": 30}, ""latency_ms"": {""gesture"": 0, ""object"": 0}, ""svclat_ms"": {""gesture"": 15.27, ""object"": 20.94}}, ""e15"": {""services"": [""gesture"", ""object""], ""fps"": {""gesture"": 30, ""object"": 30}, ""eff_fps"": {""gesture"": 30, ""object"": 30}, ""latency_ms"": {""gesture"": 0, ""object"": 0}, ""svclat_ms"": {""gesture"": 16.3, ""object"": 22.65}}}"
421.2,6,6,1.0,0,0,11,16,12,0.75,1214.0,360,0.297,0.0,2.67,0.0,0,30.0,30.0,0,30.0,30.0,0,0,0,0,15.06,20.41,360,"{""ip-172-31-0-204"": ""healthy"", ""ip-172-31-1-171"": ""healthy"", ""ip-172-31-10-12"": ""healthy"", ""ip-172-31-11-132"": ""healthy"", ""ip-172-31-13-134"": ""healthy"", ""ip-172-31-14-68"": ""healthy"", ""ip-172-31-40-239"": ""healthy""}",unsubscribe,85.8,1.0,0,0,"{""ip-172-31-1-171"": {""pose"": 1, ""object"": 1, ""gesture"": 1}, ""ip-172-31-11-132"": {""object"": 1, ""pose"": 1, ""gesture"": 1}, ""ip-172-31-13-134"": {""object"": 1, ""pose"": 1, ""gesture"": 1}, ""ip-172-31-10-12"": {""object"": 1, ""gesture"": 1}, ""ip-172-31-40-239"": {""pose"": 1, ""object"": 1}, ""ip-172-31-14-68"": {""object"": 1, ""gesture"": 1}, ""ip-172-31-0-204"": {""gesture"": 1}}","{""e10"": {""services"": [""gesture"", ""object""], ""fps"": {""gesture"": 30, ""object"": 30}, ""eff_fps"": {""gesture"": 30, ""object"": 30}, ""latency_ms"": {""gesture"": 0, ""object"": 0}, ""svclat_ms"": {""gesture"": 15.21, ""object"": 20.6}}, ""e11"": {""services"": [""gesture"", ""object""], ""fps"": {""gesture"": 30, ""object"": 30}, ""eff_fps"": {""gesture"": 30, ""object"": 30}, ""latency_ms"": {""gesture"": 0, ""object"": 0}, ""svclat_ms"": {""gesture"": 14.94, ""object"": 20.62}}, ""e12"": {""services"": [""gesture"", ""object""], ""fps"": {""gesture"": 30, ""object"": 30}, ""eff_fps"": {""gesture"": 30, ""object"": 30}, ""latency_ms"": {""gesture"": 0, ""object"": 0}, ""svclat_ms"": {""gesture"": 15.66, ""object"": 21.28}}, ""e13"": {""services"": [""gesture"", ""object""], ""fps"": {""gesture"": 30, ""object"": 30}, ""eff_fps"": {""gesture"": 30, ""object"": 30}, ""latency_ms"": {""gesture"": 0, ""object"": 0}, ""svclat_ms"": {""gesture"": 14.21, ""object"": 19.42}}, ""e14"": {""services"": [""gesture"", ""object""], ""fps"": {""gesture"": 30, ""object"": 30}, ""eff_fps"": {""gesture"": 30, ""object"": 30}, ""latency_ms"": {""gesture"": 0, ""object"": 0}, ""svclat_ms"": {""gesture"": 15.34, ""object"": 20.49}}, ""e15"": {""services"": [""gesture"", ""object""], ""fps"": {""gesture"": 30, ""object"": 30}, ""eff_fps"": {""gesture"": 30, ""object"": 30}, ""latency_ms"": {""gesture"": 0, ""object"": 0}, ""svclat_ms"": {""gesture"": 15.03, ""object"": 20.05}}}"
424.9,6,6,1.0,0,0,11,16,12,0.75,1214.0,360,0.297,0.0,2.67,0.0,0,30.0,30.0,0,30.0,30.0,0,0,0,0,15.37,20.73,300,"{""ip-172-31-0-204"": ""healthy"", ""ip-172-31-1-171"": ""healthy"", ""ip-172-31-10-12"": ""healthy"", ""ip-172-31-11-132"": ""healthy"", ""ip-172-31-13-134"": ""healthy"", ""ip-172-31-14-68"": ""healthy"", ""ip-172-31-40-239"": ""healthy""}",unsubscribe,85.8,1.0,0,0,"{""ip-172-31-1-171"": {""pose"": 1, ""object"": 1, ""gesture"": 1}, ""ip-172-31-11-132"": {""object"": 1, ""pose"": 1, ""gesture"": 1}, ""ip-172-31-13-134"": {""object"": 1, ""pose"": 1, ""gesture"": 1}, ""ip-172-31-10-12"": {""object"": 1, ""gesture"": 1}, ""ip-172-31-40-239"": {""pose"": 1, ""object"": 1}, ""ip-172-31-14-68"": {""object"": 1, ""gesture"": 1}, ""ip-172-31-0-204"": {""gesture"": 1}}","{""e11"": {""services"": [""gesture"", ""object""], ""fps"": {""gesture"": 30, ""object"": 30}, ""eff_fps"": {""gesture"": 30, ""object"": 30}, ""latency_ms"": {""gesture"": 0, ""object"": 0}, ""svclat_ms"": {""gesture"": 14.99, ""object"": 20.73}}, ""e12"": {""services"": [""gesture"", ""object""], ""fps"": {""gesture"": 30, ""object"": 30}, ""eff_fps"": {""gesture"": 30, ""object"": 30}, ""latency_ms"": {""gesture"": 0, ""object"": 0}, ""svclat_ms"": {""gesture"": 15.87, ""object"": 21.27}}, ""e13"": {""services"": [""gesture"", ""object""], ""fps"": {""gesture"": 30, ""object"": 30}, ""eff_fps"": {""gesture"": 30, ""object"": 30}, ""latency_ms"": {""gesture"": 0, ""object"": 0}, ""svclat_ms"": {""gesture"": 14.31, ""object"": 19.33}}, ""e14"": {""services"": [""gesture"", ""object""], ""fps"": {""gesture"": 30, ""object"": 30}, ""eff_fps"": {""gesture"": 30, ""object"": 30}, ""latency_ms"": {""gesture"": 0, ""object"": 0}, ""svclat_ms"": {""gesture"": 15.2, ""object"": 20.61}}, ""e15"": {""services"": [""gesture"", ""object""], ""fps"": {""gesture"": 30, ""object"": 30}, ""eff_fps"": {""gesture"": 30, ""object"": 30}, ""latency_ms"": {""gesture"": 0, ""object"": 0}, ""svclat_ms"": {""gesture"": 16.47, ""object"": 21.69}}}"
427.3,5,5,1.0,0,0,11,16,10,0.625,1214.0,300,0.247,0.0,3.2,0.0,0,30.0,30.0,0,30.0,30.0,0,0,0,0,15.11,20.42,300,"{""ip-172-31-0-204"": ""healthy"", ""ip-172-31-1-171"": ""healthy"", ""ip-172-31-10-12"": ""healthy"", ""ip-172-31-11-132"": ""healthy"", ""ip-172-31-13-134"": ""healthy"", ""ip-172-31-14-68"": ""healthy"", ""ip-172-31-40-239"": ""healthy""}",unsubscribe,80.2,1.0,0,0,"{""ip-172-31-1-171"": {""pose"": 1, ""object"": 1, ""gesture"": 1}, ""ip-172-31-11-132"": {""object"": 1, ""pose"": 1, ""gesture"": 1}, ""ip-172-31-13-134"": {""object"": 1, ""pose"": 1, ""gesture"": 1}, ""ip-172-31-10-12"": {""object"": 1, ""gesture"": 1}, ""ip-172-31-40-239"": {""pose"": 1, ""object"": 1}, ""ip-172-31-14-68"": {""object"": 1, ""gesture"": 1}, ""ip-172-31-0-204"": {""gesture"": 1}}","{""e11"": {""services"": [""gesture"", ""object""], ""fps"": {""gesture"": 30, ""object"": 30}, ""eff_fps"": {""gesture"": 30, ""object"": 30}, ""latency_ms"": {""gesture"": 0, ""object"": 0}, ""svclat_ms"": {""gesture"": 14.88, ""object"": 20.48}}, ""e12"": {""services"": [""gesture"", ""object""], ""fps"": {""gesture"": 30, ""object"": 30}, ""eff_fps"": {""gesture"": 30, ""object"": 30}, ""latency_ms"": {""gesture"": 0, ""object"": 0}, ""svclat_ms"": {""gesture"": 15.82, ""object"": 21.05}}, ""e13"": {""services"": [""gesture"", ""object""], ""fps"": {""gesture"": 30, ""object"": 30}, ""eff_fps"": {""gesture"": 30, ""object"": 30}, ""latency_ms"": {""gesture"": 0, ""object"": 0}, ""svclat_ms"": {""gesture"": 14.26, ""object"": 19.49}}, ""e14"": {""services"": [""gesture"", ""object""], ""fps"": {""gesture"": 30, ""object"": 30}, ""eff_fps"": {""gesture"": 30, ""object"": 30}, ""latency_ms"": {""gesture"": 0, ""object"": 0}, ""svclat_ms"": {""gesture"": 15.32, ""object"": 20.75}}, ""e15"": {""services"": [""gesture"", ""object""], ""fps"": {""gesture"": 30, ""object"": 30}, ""eff_fps"": {""gesture"": 30, ""object"": 30}, ""latency_ms"": {""gesture"": 0, ""object"": 0}, ""svclat_ms"": {""gesture"": 15.26, ""object"": 20.31}}}"
431.2,4,4,1.0,0,0,11,16,8,0.5,1214.0,240,0.198,0.0,4.0,0.0,0,30.0,30.0,0,30.0,30.0,0,0,0,0,15.22,20.55,240,"{""ip-172-31-0-204"": ""healthy"", ""ip-172-31-1-171"": ""healthy"", ""ip-172-31-10-12"": ""healthy"", ""ip-172-31-11-132"": ""healthy"", ""ip-172-31-13-134"": ""healthy"", ""ip-172-31-14-68"": ""healthy"", ""ip-172-31-40-239"": ""healthy""}",unsubscribe,76.3,1.0,0,0,"{""ip-172-31-1-171"": {""pose"": 1, ""object"": 1, ""gesture"": 1}, ""ip-172-31-11-132"": {""object"": 1, ""pose"": 1, ""gesture"": 1}, ""ip-172-31-13-134"": {""object"": 1, ""pose"": 1, ""gesture"": 1}, ""ip-172-31-10-12"": {""object"": 1, ""gesture"": 1}, ""ip-172-31-40-239"": {""pose"": 1, ""object"": 1}, ""ip-172-31-14-68"": {""object"": 1, ""gesture"": 1}, ""ip-172-31-0-204"": {""gesture"": 1}}","{""e12"": {""services"": [""gesture"", ""object""], ""fps"": {""gesture"": 30, ""object"": 30}, ""eff_fps"": {""gesture"": 30, ""object"": 30}, ""latency_ms"": {""gesture"": 0, ""object"": 0}, ""svclat_ms"": {""gesture"": 15.65, ""object"": 21.26}}, ""e13"": {""services"": [""gesture"", ""object""], ""fps"": {""gesture"": 30, ""object"": 30}, ""eff_fps"": {""gesture"": 30, ""object"": 30}, ""latency_ms"": {""gesture"": 0, ""object"": 0}, ""svclat_ms"": {""gesture"": 14.35, ""object"": 19.42}}, ""e14"": {""services"": [""gesture"", ""object""], ""fps"": {""gesture"": 30, ""object"": 30}, ""eff_fps"": {""gesture"": 30, ""object"": 30}, ""latency_ms"": {""gesture"": 0, ""object"": 0}, ""svclat_ms"": {""gesture"": 15.48, ""object"": 20.97}}, ""e15"": {""services"": [""gesture"", ""object""], ""fps"": {""gesture"": 30, ""object"": 30}, ""eff_fps"": {""gesture"": 30, ""object"": 30}, ""latency_ms"": {""gesture"": 0, ""object"": 0}, ""svclat_ms"": {""gesture"": 15.39, ""object"": 20.53}}}"
434.8,4,4,1.0,0,0,11,16,8,0.5,1214.0,240,0.198,0.0,4.0,0.0,0,29.67,30.0,0,29.67,30.0,0,0,0,0,15.35,20.65,179,"{""ip-172-31-0-204"": ""healthy"", ""ip-172-31-1-171"": ""healthy"", ""ip-172-31-10-12"": ""healthy"", ""ip-172-31-11-132"": ""healthy"", ""ip-172-31-13-134"": ""healthy"", ""ip-172-31-14-68"": ""healthy"", ""ip-172-31-40-239"": ""healthy""}",unsubscribe,76.3,1.0,0,0,"{""ip-172-31-1-171"": {""pose"": 1, ""object"": 1, ""gesture"": 1}, ""ip-172-31-11-132"": {""object"": 1, ""pose"": 1, ""gesture"": 1}, ""ip-172-31-13-134"": {""object"": 1, ""pose"": 1, ""gesture"": 1}, ""ip-172-31-10-12"": {""object"": 1, ""gesture"": 1}, ""ip-172-31-40-239"": {""pose"": 1, ""object"": 1}, ""ip-172-31-14-68"": {""object"": 1, ""gesture"": 1}, ""ip-172-31-0-204"": {""gesture"": 1}}","{""e13"": {""services"": [""gesture"", ""object""], ""fps"": {""gesture"": 30, ""object"": 30}, ""eff_fps"": {""gesture"": 30, ""object"": 30}, ""latency_ms"": {""gesture"": 0, ""object"": 0}, ""svclat_ms"": {""gesture"": 14.25, ""object"": 19.61}}, ""e14"": {""services"": [""gesture"", ""object""], ""fps"": {""gesture"": 30, ""object"": 30}, ""eff_fps"": {""gesture"": 30, ""object"": 30}, ""latency_ms"": {""gesture"": 0, ""object"": 0}, ""svclat_ms"": {""gesture"": 15.33, ""object"": 20.98}}, ""e15"": {""services"": [""gesture"", ""object""], ""fps"": {""gesture"": 29, ""object"": 30}, ""eff_fps"": {""gesture"": 29, ""object"": 30}, ""latency_ms"": {""gesture"": 0, ""object"": 0}, ""svclat_ms"": {""gesture"": 16.46, ""object"": 21.35}}}"
437.2,3,3,1.0,0,0,11,16,6,0.375,1214.0,180,0.148,0.0,5.33,0.0,0,30.0,30.0,0,30.0,30.0,0,0,0,0,14.99,20.36,180,"{""ip-172-31-0-204"": ""healthy"", ""ip-172-31-1-171"": ""healthy"", ""ip-172-31-10-12"": ""healthy"", ""ip-172-31-11-132"": ""healthy"", ""ip-172-31-13-134"": ""healthy"", ""ip-172-31-14-68"": ""healthy"", ""ip-172-31-40-239"": ""healthy""}",unsubscribe,69.6,1.0,0,0,"{""ip-172-31-1-171"": {""pose"": 1, ""object"": 1, ""gesture"": 1}, ""ip-172-31-11-132"": {""object"": 1, ""pose"": 1, ""gesture"": 1}, ""ip-172-31-13-134"": {""object"": 1, ""pose"": 1, ""gesture"": 1}, ""ip-172-31-10-12"": {""object"": 1, ""gesture"": 1}, ""ip-172-31-40-239"": {""pose"": 1, ""object"": 1}, ""ip-172-31-14-68"": {""object"": 1, ""gesture"": 1}, ""ip-172-31-0-204"": {""gesture"": 1}}","{""e13"": {""services"": [""gesture"", ""object""], ""fps"": {""gesture"": 30, ""object"": 30}, ""eff_fps"": {""gesture"": 30, ""object"": 30}, ""latency_ms"": {""gesture"": 0, ""object"": 0}, ""svclat_ms"": {""gesture"": 14.43, ""object"": 19.59}}, ""e14"": {""services"": [""gesture"", ""object""], ""fps"": {""gesture"": 30, ""object"": 30}, ""eff_fps"": {""gesture"": 30, ""object"": 30}, ""latency_ms"": {""gesture"": 0, ""object"": 0}, ""svclat_ms"": {""gesture"": 15.46, ""object"": 21.12}}, ""e15"": {""services"": [""gesture"", ""object""], ""fps"": {""gesture"": 30, ""object"": 30}, ""eff_fps"": {""gesture"": 30, ""object"": 30}, ""latency_ms"": {""gesture"": 0, ""object"": 0}, ""svclat_ms"": {""gesture"": 15.08, ""object"": 20.36}}}"
441.1,2,2,1.0,0,0,11,16,4,0.25,1214.0,120,0.099,0.0,8.0,0.0,0,30.0,30.0,0,30.0,30.0,0,0,0,0,15.32,20.7,120,"{""ip-172-31-0-204"": ""healthy"", ""ip-172-31-1-171"": ""healthy"", ""ip-172-31-10-12"": ""healthy"", ""ip-172-31-11-132"": ""healthy"", ""ip-172-31-13-134"": ""healthy"", ""ip-172-31-14-68"": ""healthy"", ""ip-172-31-40-239"": ""healthy""}",unsubscribe,66.1,1.0,0,0,"{""ip-172-31-1-171"": {""pose"": 1, ""object"": 1, ""gesture"": 1}, ""ip-172-31-11-132"": {""object"": 1, ""pose"": 1, ""gesture"": 1}, ""ip-172-31-13-134"": {""object"": 1, ""pose"": 1, ""gesture"": 1}, ""ip-172-31-10-12"": {""object"": 1, ""gesture"": 1}, ""ip-172-31-40-239"": {""pose"": 1, ""object"": 1}, ""ip-172-31-14-68"": {""object"": 1, ""gesture"": 1}, ""ip-172-31-0-204"": {""gesture"": 1}}","{""e14"": {""services"": [""gesture"", ""object""], ""fps"": {""gesture"": 30, ""object"": 30}, ""eff_fps"": {""gesture"": 30, ""object"": 30}, ""latency_ms"": {""gesture"": 0, ""object"": 0}, ""svclat_ms"": {""gesture"": 15.54, ""object"": 21.0}}, ""e15"": {""services"": [""gesture"", ""object""], ""fps"": {""gesture"": 30, ""object"": 30}, ""eff_fps"": {""gesture"": 30, ""object"": 30}, ""latency_ms"": {""gesture"": 0, ""object"": 0}, ""svclat_ms"": {""gesture"": 15.11, ""object"": 20.41}}}"
444.8,2,2,1.0,0,0,11,16,4,0.25,1214.0,120,0.099,0.0,8.0,0.0,0,31.0,30.0,0,31.0,30.0,0,0,0,0,16.28,21.57,61,"{""ip-172-31-0-204"": ""healthy"", ""ip-172-31-1-171"": ""healthy"", ""ip-172-31-10-12"": ""healthy"", ""ip-172-31-11-132"": ""healthy"", ""ip-172-31-13-134"": ""healthy"", ""ip-172-31-14-68"": ""healthy"", ""ip-172-31-40-239"": ""healthy""}",unsubscribe,66.1,1.0,0,0,"{""ip-172-31-1-171"": {""pose"": 1, ""object"": 1, ""gesture"": 1}, ""ip-172-31-11-132"": {""object"": 1, ""pose"": 1, ""gesture"": 1}, ""ip-172-31-13-134"": {""object"": 1, ""pose"": 1, ""gesture"": 1}, ""ip-172-31-10-12"": {""object"": 1, ""gesture"": 1}, ""ip-172-31-40-239"": {""pose"": 1, ""object"": 1}, ""ip-172-31-14-68"": {""object"": 1, ""gesture"": 1}, ""ip-172-31-0-204"": {""gesture"": 1}}","{""e15"": {""services"": [""gesture"", ""object""], ""fps"": {""gesture"": 31, ""object"": 30}, ""eff_fps"": {""gesture"": 31, ""object"": 30}, ""latency_ms"": {""gesture"": 0, ""object"": 0}, ""svclat_ms"": {""gesture"": 16.28, ""object"": 21.57}}}"
447.2,1,1,1.0,0,0,11,16,2,0.125,1214.0,60,0.049,0.0,16.0,0.0,0,30.0,30.0,0,30.0,30.0,0,0,0,0,15.96,21.16,60,"{""ip-172-31-0-204"": ""healthy"", ""ip-172-31-1-171"": ""healthy"", ""ip-172-31-10-12"": ""healthy"", ""ip-172-31-11-132"": ""healthy"", ""ip-172-31-13-134"": ""healthy"", ""ip-172-31-14-68"": ""healthy"", ""ip-172-31-40-239"": ""healthy""}",unsubscribe,58.8,1.0,0,0,"{""ip-172-31-1-171"": {""pose"": 1, ""object"": 1, ""gesture"": 1}, ""ip-172-31-11-132"": {""object"": 1, ""pose"": 1, ""gesture"": 1}, ""ip-172-31-13-134"": {""object"": 1, ""pose"": 1, ""gesture"": 1}, ""ip-172-31-10-12"": {""object"": 1, ""gesture"": 1}, ""ip-172-31-40-239"": {""pose"": 1, ""object"": 1}, ""ip-172-31-14-68"": {""object"": 1, ""gesture"": 1}, ""ip-172-31-0-204"": {""gesture"": 1}}","{""e15"": {""services"": [""gesture"", ""object""], ""fps"": {""gesture"": 30, ""object"": 30}, ""eff_fps"": {""gesture"": 30, ""object"": 30}, ""latency_ms"": {""gesture"": 0, ""object"": 0}, ""svclat_ms"": {""gesture"": 15.96, ""object"": 21.16}}}"
451.4,0,0,0,0,0,11,16,0,0.0,1214.0,0,0.0,0.0,0,0.0,0,0,0,0,0,0,0,0,0,0,0,0,0,"{""ip-172-31-0-204"": ""healthy"", ""ip-172-31-1-171"": ""healthy"", ""ip-172-31-10-12"": ""healthy"", ""ip-172-31-11-132"": ""healthy"", ""ip-172-31-13-134"": ""healthy"", ""ip-172-31-14-68"": ""healthy"", ""ip-172-31-40-239"": ""healthy""}",unsubscribe,0.1,0.0,0,0,"{""ip-172-31-1-171"": {""pose"": 1, ""object"": 1, ""gesture"": 1}, ""ip-172-31-11-132"": {""object"": 1, ""pose"": 1, ""gesture"": 1}, ""ip-172-31-13-134"": {""object"": 1, ""pose"": 1, ""gesture"": 1}, ""ip-172-31-10-12"": {""object"": 1, ""gesture"": 1}, ""ip-172-31-40-239"": {""pose"": 1, ""object"": 1}, ""ip-172-31-14-68"": {""object"": 1, ""gesture"": 1}, ""ip-172-31-0-204"": {""gesture"": 1}}",{}
453.8,0,0,0,0,0,11,16,0,0.0,1214.0,0,0.0,0.0,0,0.0,0,0,0,0,0,0,0,0,0,0,0,0,0,"{""ip-172-31-0-204"": ""healthy"", ""ip-172-31-1-171"": ""healthy"", ""ip-172-31-10-12"": ""healthy"", ""ip-172-31-11-132"": ""healthy"", ""ip-172-31-13-134"": ""healthy"", ""ip-172-31-14-68"": ""healthy"", ""ip-172-31-40-239"": ""healthy""}",unsubscribe,0.1,0.0,0,0,"{""ip-172-31-1-171"": {""pose"": 1, ""object"": 1, ""gesture"": 1}, ""ip-172-31-11-132"": {""object"": 1, ""pose"": 1, ""gesture"": 1}, ""ip-172-31-13-134"": {""object"": 1, ""pose"": 1, ""gesture"": 1}, ""ip-172-31-10-12"": {""object"": 1, ""gesture"": 1}, ""ip-172-31-40-239"": {""pose"": 1, ""object"": 1}, ""ip-172-31-14-68"": {""object"": 1, ""gesture"": 1}, ""ip-172-31-0-204"": {""gesture"": 1}}",{}
