elapsed_s,n_users,nsats,sat_rate,pods_added,pods_deleted,cumulative_pod_changes,total_pods,effective_pods,effective_pod_ratio,deployed_capacity_fps,total_allocated_fps,capacity_utilization,wasted_fps,pods_per_sat_user,avg_response_ms,real_pose_fps,real_gesture_fps,real_object_fps,eff_pose_fps,eff_gesture_fps,eff_object_fps,avg_pose_latency_ms,avg_gesture_latency_ms,avg_object_latency_ms,avg_pose_svclat_ms,avg_gesture_svclat_ms,avg_object_svclat_ms,real_total_recv_fps,node_status,trigger_type,solver_time_ms,q_score,phase1_triggered,phase1_alloc_count,node_topology,per_user_detail
1.5,0,0,0,0,0,0,0,0,0.0,0,0,0.0,0.0,0,0.0,0,0,0,0,0,0,0,0,0,0,0,0,0,"{""ip-172-31-0-204"": ""healthy"", ""ip-172-31-1-171"": ""healthy"", ""ip-172-31-10-12"": ""healthy"", ""ip-172-31-11-132"": ""healthy"", ""ip-172-31-13-134"": ""healthy"", ""ip-172-31-14-68"": ""healthy"", ""ip-172-31-40-239"": ""healthy""}",node_recovery,0.1,0.0,0,0,{},"{""a1"": {""services"": [""pose"", ""gesture""], ""fps"": {""pose"": 0, ""gesture"": 0}, ""eff_fps"": {""pose"": 0, ""gesture"": 0}, ""latency_ms"": {""pose"": 0, ""gesture"": 0}, ""svclat_ms"": {""pose"": 0.0, ""gesture"": 0.0}}}"
3.0,0,0,0,0,0,0,0,0,0.0,0,0,0.0,0.0,0,0.0,0,0,0,0,0,0,0,0,0,0,0,0,0,"{""ip-172-31-0-204"": ""healthy"", ""ip-172-31-1-171"": ""healthy"", ""ip-172-31-10-12"": ""healthy"", ""ip-172-31-11-132"": ""healthy"", ""ip-172-31-13-134"": ""healthy"", ""ip-172-31-14-68"": ""healthy"", ""ip-172-31-40-239"": ""healthy""}",node_recovery,0.1,0.0,0,0,{},"{""a1"": {""services"": [""pose"", ""gesture""], ""fps"": {""pose"": 0, ""gesture"": 0}, ""eff_fps"": {""pose"": 0, ""gesture"": 0}, ""latency_ms"": {""pose"": 0, ""gesture"": 0}, ""svclat_ms"": {""pose"": 0.0, ""gesture"": 0.0}}}"
4.5,1,0,0.0,0,0,0,0,0,0.0,0,0,0.0,0.0,0,0.0,0,0,0,0,0,0,0,0,0,0,0,0,0,"{""ip-172-31-0-204"": ""healthy"", ""ip-172-31-1-171"": ""healthy"", ""ip-172-31-10-12"": ""healthy"", ""ip-172-31-11-132"": ""healthy"", ""ip-172-31-13-134"": ""healthy"", ""ip-172-31-14-68"": ""healthy"", ""ip-172-31-40-239"": ""healthy""}",node_recovery,0.1,0.0,0,0,{},"{""a1"": {""services"": [""pose"", ""gesture""], ""fps"": {""pose"": 0, ""gesture"": 0}, ""eff_fps"": {""pose"": 0, ""gesture"": 0}, ""latency_ms"": {""pose"": 0, ""gesture"": 0}, ""svclat_ms"": {""pose"": 0.0, ""gesture"": 0.0}}}"
6.1,1,0,0.0,0,0,0,0,0,0.0,0,0,0.0,0.0,0,0.0,0,0,0,0,0,0,0,0,0,0,0,0,0,"{""ip-172-31-0-204"": ""healthy"", ""ip-172-31-1-171"": ""healthy"", ""ip-172-31-10-12"": ""healthy"", ""ip-172-31-11-132"": ""healthy"", ""ip-172-31-13-134"": ""healthy"", ""ip-172-31-14-68"": ""healthy"", ""ip-172-31-40-239"": ""healthy""}",node_recovery,0.1,0.0,0,0,{},"{""a1"": {""services"": [""pose"", ""gesture""], ""fps"": {""pose"": 0, ""gesture"": 0}, ""eff_fps"": {""pose"": 0, ""gesture"": 0}, ""latency_ms"": {""pose"": 0, ""gesture"": 0}, ""svclat_ms"": {""pose"": 0.0, ""gesture"": 0.0}}, ""a2"": {""services"": [""pose"", ""gesture""], ""fps"": {""pose"": 0, ""gesture"": 0}, ""eff_fps"": {""pose"": 0, ""gesture"": 0}, ""latency_ms"": {""pose"": 0, ""gesture"": 0}, ""svclat_ms"": {""pose"": 0.0, ""gesture"": 0.0}}}"
7.6,1,0,0.0,0,0,0,0,0,0.0,0,0,0.0,0.0,0,0.0,0,0,0,0,0,0,0,0,0,0,0,0,0,"{""ip-172-31-0-204"": ""healthy"", ""ip-172-31-1-171"": ""healthy"", ""ip-172-31-10-12"": ""healthy"", ""ip-172-31-11-132"": ""healthy"", ""ip-172-31-13-134"": ""healthy"", ""ip-172-31-14-68"": ""healthy"", ""ip-172-31-40-239"": ""healthy""}",node_recovery,0.1,0.0,0,0,{},"{""a1"": {""services"": [""pose"", ""gesture""], ""fps"": {""pose"": 0, ""gesture"": 0}, ""eff_fps"": {""pose"": 0, ""gesture"": 0}, ""latency_ms"": {""pose"": 0, ""gesture"": 0}, ""svclat_ms"": {""pose"": 0.0, ""gesture"": 0.0}}, ""a2"": {""services"": [""pose"", ""gesture""], ""fps"": {""pose"": 0, ""gesture"": 0}, ""eff_fps"": {""pose"": 0, ""gesture"": 0}, ""latency_ms"": {""pose"": 0, ""gesture"": 0}, ""svclat_ms"": {""pose"": 0.0, ""gesture"": 0.0}}}"
9.1,1,0,0.0,0,0,0,0,0,0.0,0,0,0.0,0.0,0,0.0,0,0,0,0,0,0,0,0,0,0,0,0,0,"{""ip-172-31-0-204"": ""healthy"", ""ip-172-31-1-171"": ""healthy"", ""ip-172-31-10-12"": ""healthy"", ""ip-172-31-11-132"": ""healthy"", ""ip-172-31-13-134"": ""healthy"", ""ip-172-31-14-68"": ""healthy"", ""ip-172-31-40-239"": ""healthy""}",node_recovery,0.1,0.0,0,0,{},"{""a1"": {""services"": [""pose"", ""gesture""], ""fps"": {""pose"": 0, ""gesture"": 0}, ""eff_fps"": {""pose"": 0, ""gesture"": 0}, ""latency_ms"": {""pose"": 0, ""gesture"": 0}, ""svclat_ms"": {""pose"": 0.0, ""gesture"": 0.0}}, ""a2"": {""services"": [""pose"", ""gesture""], ""fps"": {""pose"": 0, ""gesture"": 0}, ""eff_fps"": {""pose"": 0, ""gesture"": 0}, ""latency_ms"": {""pose"": 0, ""gesture"": 0}, ""svclat_ms"": {""pose"": 0.0, ""gesture"": 0.0}}}"
10.6,1,0,0.0,0,0,0,0,0,0.0,0,0,0.0,0.0,0,0.0,0,0,0,0,0,0,0,0,0,0,0,0,0,"{""ip-172-31-0-204"": ""healthy"", ""ip-172-31-1-171"": ""healthy"", ""ip-172-31-10-12"": ""healthy"", ""ip-172-31-11-132"": ""healthy"", ""ip-172-31-13-134"": ""healthy"", ""ip-172-31-14-68"": ""healthy"", ""ip-172-31-40-239"": ""healthy""}",node_recovery,0.1,0.0,0,0,{},"{""a1"": {""services"": [""pose"", ""gesture""], ""fps"": {""pose"": 0, ""gesture"": 0}, ""eff_fps"": {""pose"": 0, ""gesture"": 0}, ""latency_ms"": {""pose"": 0, ""gesture"": 0}, ""svclat_ms"": {""pose"": 0.0, ""gesture"": 0.0}}, ""a2"": {""services"": [""pose"", ""gesture""], ""fps"": {""pose"": 0, ""gesture"": 0}, ""eff_fps"": {""pose"": 0, ""gesture"": 0}, ""latency_ms"": {""pose"": 0, ""gesture"": 0}, ""svclat_ms"": {""pose"": 0.0, ""gesture"": 0.0}}, ""a3"": {""services"": [""pose"", ""gesture""], ""fps"": {""pose"": 0, ""gesture"": 0}, ""eff_fps"": {""pose"": 0, ""gesture"": 0}, ""latency_ms"": {""pose"": 0, ""gesture"": 0}, ""svclat_ms"": {""pose"": 0.0, ""gesture"": 0.0}}}"
12.1,1,0,0.0,0,0,0,0,0,0.0,0,0,0.0,0.0,0,0.0,0,0,0,0,0,0,0,0,0,0,0,0,0,"{""ip-172-31-0-204"": ""healthy"", ""ip-172-31-1-171"": ""healthy"", ""ip-172-31-10-12"": ""healthy"", ""ip-172-31-11-132"": ""healthy"", ""ip-172-31-13-134"": ""healthy"", ""ip-172-31-14-68"": ""healthy"", ""ip-172-31-40-239"": ""healthy""}",node_recovery,0.1,0.0,0,0,{},"{""a1"": {""services"": [""pose"", ""gesture""], ""fps"": {""pose"": 0, ""gesture"": 0}, ""eff_fps"": {""pose"": 0, ""gesture"": 0}, ""latency_ms"": {""pose"": 0, ""gesture"": 0}, ""svclat_ms"": {""pose"": 0.0, ""gesture"": 0.0}}, ""a2"": {""services"": [""pose"", ""gesture""], ""fps"": {""pose"": 0, ""gesture"": 0}, ""eff_fps"": {""pose"": 0, ""gesture"": 0}, ""latency_ms"": {""pose"": 0, ""gesture"": 0}, ""svclat_ms"": {""pose"": 0.0, ""gesture"": 0.0}}, ""a3"": {""services"": [""pose"", ""gesture""], ""fps"": {""pose"": 0, ""gesture"": 0}, ""eff_fps"": {""pose"": 0, ""gesture"": 0}, ""latency_ms"": {""pose"": 0, ""gesture"": 0}, ""svclat_ms"": {""pose"": 0.0, ""gesture"": 0.0}}}"
13.7,1,0,0.0,0,0,0,0,0,0.0,0,0,0.0,0.0,0,0.0,0,0,0,0,0,0,0,0,0,0,0,0,0,"{""ip-172-31-0-204"": ""healthy"", ""ip-172-31-1-171"": ""healthy"", ""ip-172-31-10-12"": ""healthy"", ""ip-172-31-11-132"": ""healthy"", ""ip-172-31-13-134"": ""healthy"", ""ip-172-31-14-68"": ""healthy"", ""ip-172-31-40-239"": ""healthy""}",node_recovery,0.1,0.0,0,0,{},"{""a1"": {""services"": [""pose"", ""gesture""], ""fps"": {""pose"": 0, ""gesture"": 0}, ""eff_fps"": {""pose"": 0, ""gesture"": 0}, ""latency_ms"": {""pose"": 0, ""gesture"": 0}, ""svclat_ms"": {""pose"": 0.0, ""gesture"": 0.0}}, ""a2"": {""services"": [""pose"", ""gesture""], ""fps"": {""pose"": 0, ""gesture"": 0}, ""eff_fps"": {""pose"": 0, ""gesture"": 0}, ""latency_ms"": {""pose"": 0, ""gesture"": 0}, ""svclat_ms"": {""pose"": 0.0, ""gesture"": 0.0}}, ""a3"": {""services"": [""pose"", ""gesture""], ""fps"": {""pose"": 0, ""gesture"": 0}, ""eff_fps"": {""pose"": 0, ""gesture"": 0}, ""latency_ms"": {""pose"": 0, ""gesture"": 0}, ""svclat_ms"": {""pose"": 0.0, ""gesture"": 0.0}}}"
19.4,2,1,0.5,11,0,11,11,2,0.182,939.0,60.0,0.064,0.0,11.0,0.0,29.0,29.5,0,29.0,29.5,0,0,0,0,18.33,15.35,0,117,"{""ip-172-31-0-204"": ""healthy"", ""ip-172-31-1-171"": ""healthy"", ""ip-172-31-10-12"": ""healthy"", ""ip-172-31-11-132"": ""healthy"", ""ip-172-31-13-134"": ""healthy"", ""ip-172-31-14-68"": ""healthy"", ""ip-172-31-40-239"": ""healthy""}",subscribe,60.5,1.0,0,0,"{""ip-172-31-14-68"": {""gesture"": 1}, ""ip-172-31-40-239"": {""pose"": 1, ""gesture"": 1}, ""ip-172-31-1-171"": {""object"": 1}, ""ip-172-31-0-204"": {""gesture"": 1, ""object"": 1}, ""ip-172-31-13-134"": {""object"": 1, ""gesture"": 1, ""pose"": 1}, ""ip-172-31-11-132"": {""pose"": 1}, ""ip-172-31-10-12"": {""gesture"": 1}}","{""a1"": {""services"": [""pose"", ""gesture""], ""fps"": {""pose"": 28, ""gesture"": 30}, ""eff_fps"": {""pose"": 28, ""gesture"": 30}, ""latency_ms"": {""pose"": 0, ""gesture"": 0}, ""svclat_ms"": {""pose"": 20.06, ""gesture"": 14.71}}, ""a2"": {""services"": [""pose"", ""gesture""], ""fps"": {""pose"": 30, ""gesture"": 29}, ""eff_fps"": {""pose"": 30, ""gesture"": 29}, ""latency_ms"": {""pose"": 0, ""gesture"": 0}, ""svclat_ms"": {""pose"": 16.6, ""gesture"": 15.98}}, ""a3"": {""services"": [""pose"", ""gesture""], ""fps"": {""pose"": 0, ""gesture"": 0}, ""eff_fps"": {""pose"": 0, ""gesture"": 0}, ""latency_ms"": {""pose"": 0, ""gesture"": 0}, ""svclat_ms"": {""pose"": 0.0, ""gesture"": 0.0}}, ""a4"": {""services"": [""pose"", ""gesture""], ""fps"": {""pose"": 0, ""gesture"": 0}, ""eff_fps"": {""pose"": 0, ""gesture"": 0}, ""latency_ms"": {""pose"": 0, ""gesture"": 0}, ""svclat_ms"": {""pose"": 0.0, ""gesture"": 0.0}}}"
25.3,4,3,0.75,0,0,11,11,6,0.545,939.0,180.0,0.192,0.0,3.67,0.0,30.0,30.0,0,30.0,30.0,0,0,0,0,17.62,14.51,0,240,"{""ip-172-31-0-204"": ""healthy"", ""ip-172-31-1-171"": ""healthy"", ""ip-172-31-10-12"": ""healthy"", ""ip-172-31-11-132"": ""healthy"", ""ip-172-31-13-134"": ""healthy"", ""ip-172-31-14-68"": ""healthy"", ""ip-172-31-40-239"": ""healthy""}",subscribe,71.6,1.0,0,0,"{""ip-172-31-14-68"": {""gesture"": 1}, ""ip-172-31-40-239"": {""pose"": 1, ""gesture"": 1}, ""ip-172-31-1-171"": {""object"": 1}, ""ip-172-31-0-204"": {""gesture"": 1, ""object"": 1}, ""ip-172-31-13-134"": {""object"": 1, ""gesture"": 1, ""pose"": 1}, ""ip-172-31-11-132"": {""pose"": 1}, ""ip-172-31-10-12"": {""gesture"": 1}}","{""a1"": {""services"": [""pose"", ""gesture""], ""fps"": {""pose"": 30, ""gesture"": 30}, ""eff_fps"": {""pose"": 30, ""gesture"": 30}, ""latency_ms"": {""pose"": 0, ""gesture"": 0}, ""svclat_ms"": {""pose"": 17.78, ""gesture"": 14.74}}, ""a2"": {""services"": [""pose"", ""gesture""], ""fps"": {""pose"": 30, ""gesture"": 30}, ""eff_fps"": {""pose"": 30, ""gesture"": 30}, ""latency_ms"": {""pose"": 0, ""gesture"": 0}, ""svclat_ms"": {""pose"": 16.81, ""gesture"": 14.14}}, ""a3"": {""services"": [""pose"", ""gesture""], ""fps"": {""pose"": 30, ""gesture"": 30}, ""eff_fps"": {""pose"": 30, ""gesture"": 30}, ""latency_ms"": {""pose"": 0, ""gesture"": 0}, ""svclat_ms"": {""pose"": 17.58, ""gesture"": 14.67}}, ""a4"": {""services"": [""pose"", ""gesture""], ""fps"": {""pose"": 30, ""gesture"": 30}, ""eff_fps"": {""pose"": 30, ""gesture"": 30}, ""latency_ms"": {""pose"": 0, ""gesture"": 0}, ""svclat_ms"": {""pose"": 18.29, ""gesture"": 14.49}}, ""a5"": {""services"": [""pose"", ""gesture""], ""fps"": {""pose"": 0, ""gesture"": 0}, ""eff_fps"": {""pose"": 0, ""gesture"": 0}, ""latency_ms"": {""pose"": 0, ""gesture"": 0}, ""svclat_ms"": {""pose"": 0.0, ""gesture"": 0.0}}, ""a6"": {""services"": [""pose"", ""gesture""], ""fps"": {""pose"": 0, ""gesture"": 0}, ""eff_fps"": {""pose"": 0, ""gesture"": 0}, ""latency_ms"": {""pose"": 0, ""gesture"": 0}, ""svclat_ms"": {""pose"": 0.0, ""gesture"": 0.0}}}"
31.1,5,5,1.0,0,0,11,11,8,0.727,939.0,300.0,0.319,0.0,2.2,0.0,29.67,30.0,0,29.67,30.0,0,0,0,0,21.04,15.25,0,358,"{""ip-172-31-0-204"": ""healthy"", ""ip-172-31-1-171"": ""healthy"", ""ip-172-31-10-12"": ""healthy"", ""ip-172-31-11-132"": ""healthy"", ""ip-172-31-13-134"": ""healthy"", ""ip-172-31-14-68"": ""healthy"", ""ip-172-31-40-239"": ""healthy""}",subscribe,82.0,1.0,0,0,"{""ip-172-31-14-68"": {""gesture"": 1}, ""ip-172-31-40-239"": {""pose"": 1, ""gesture"": 1}, ""ip-172-31-1-171"": {""object"": 1}, ""ip-172-31-0-204"": {""gesture"": 1, ""object"": 1}, ""ip-172-31-13-134"": {""object"": 1, ""gesture"": 1, ""pose"": 1}, ""ip-172-31-11-132"": {""pose"": 1}, ""ip-172-31-10-12"": {""gesture"": 1}}","{""a1"": {""services"": [""pose"", ""gesture""], ""fps"": {""pose"": 30, ""gesture"": 30}, ""eff_fps"": {""pose"": 30, ""gesture"": 30}, ""latency_ms"": {""pose"": 0, ""gesture"": 0}, ""svclat_ms"": {""pose"": 17.75, ""gesture"": 16.14}}, ""a2"": {""services"": [""pose"", ""gesture""], ""fps"": {""pose"": 30, ""gesture"": 30}, ""eff_fps"": {""pose"": 30, ""gesture"": 30}, ""latency_ms"": {""pose"": 0, ""gesture"": 0}, ""svclat_ms"": {""pose"": 22.49, ""gesture"": 14.4}}, ""a3"": {""services"": [""pose"", ""gesture""], ""fps"": {""pose"": 30, ""gesture"": 30}, ""eff_fps"": {""pose"": 30, ""gesture"": 30}, ""latency_ms"": {""pose"": 0, ""gesture"": 0}, ""svclat_ms"": {""pose"": 20.49, ""gesture"": 14.93}}, ""a4"": {""services"": [""pose"", ""gesture""], ""fps"": {""pose"": 29, ""gesture"": 30}, ""eff_fps"": {""pose"": 29, ""gesture"": 30}, ""latency_ms"": {""pose"": 0, ""gesture"": 0}, ""svclat_ms"": {""pose"": 24.82, ""gesture"": 14.77}}, ""a5"": {""services"": [""pose"", ""gesture""], ""fps"": {""pose"": 30, ""gesture"": 30}, ""eff_fps"": {""pose"": 30, ""gesture"": 30}, ""latency_ms"": {""pose"": 0, ""gesture"": 0}, ""svclat_ms"": {""pose"": 22.46, ""gesture"": 16.12}}, ""a6"": {""services"": [""pose"", ""gesture""], ""fps"": {""pose"": 29, ""gesture"": 30}, ""eff_fps"": {""pose"": 29, ""gesture"": 30}, ""latency_ms"": {""pose"": 0, ""gesture"": 0}, ""svclat_ms"": {""pose"": 18.24, ""gesture"": 15.15}}, ""a7"": {""services"": [""pose"", ""gesture""], ""fps"": {""pose"": 0, ""gesture"": 0}, ""eff_fps"": {""pose"": 0, ""gesture"": 0}, ""latency_ms"": {""pose"": 0, ""gesture"": 0}, ""svclat_ms"": {""pose"": 0.0, ""gesture"": 0.0}}}"
33.7,6,6,1.0,0,0,11,11,8,0.727,939.0,358.0,0.381,0.0,1.83,0.0,28.83,30.0,0,28.83,30.0,0,0,0,0,21.9,15.48,0,353,"{""ip-172-31-0-204"": ""healthy"", ""ip-172-31-1-171"": ""healthy"", ""ip-172-31-10-12"": ""healthy"", ""ip-172-31-11-132"": ""healthy"", ""ip-172-31-13-134"": ""healthy"", ""ip-172-31-14-68"": ""healthy"", ""ip-172-31-40-239"": ""healthy""}",subscribe,84.0,0.9944,0,0,"{""ip-172-31-14-68"": {""gesture"": 1}, ""ip-172-31-40-239"": {""pose"": 1, ""gesture"": 1}, ""ip-172-31-1-171"": {""object"": 1}, ""ip-172-31-0-204"": {""gesture"": 1, ""object"": 1}, ""ip-172-31-13-134"": {""object"": 1, ""gesture"": 1, ""pose"": 1}, ""ip-172-31-11-132"": {""pose"": 1}, ""ip-172-31-10-12"": {""gesture"": 1}}","{""a1"": {""services"": [""pose"", ""gesture""], ""fps"": {""pose"": 28, ""gesture"": 30}, ""eff_fps"": {""pose"": 28, ""gesture"": 30}, ""latency_ms"": {""pose"": 0, ""gesture"": 0}, ""svclat_ms"": {""pose"": 17.61, ""gesture"": 15.91}}, ""a2"": {""services"": [""pose"", ""gesture""], ""fps"": {""pose"": 30, ""gesture"": 30}, ""eff_fps"": {""pose"": 30, ""gesture"": 30}, ""latency_ms"": {""pose"": 0, ""gesture"": 0}, ""svclat_ms"": {""pose"": 22.86, ""gesture"": 14.42}}, ""a3"": {""services"": [""pose"", ""gesture""], ""fps"": {""pose"": 27, ""gesture"": 30}, ""eff_fps"": {""pose"": 27, ""gesture"": 30}, ""latency_ms"": {""pose"": 0, ""gesture"": 0}, ""svclat_ms"": {""pose"": 25.15, ""gesture"": 14.79}}, ""a4"": {""services"": [""pose"", ""gesture""], ""fps"": {""pose"": 29, ""gesture"": 30}, ""eff_fps"": {""pose"": 29, ""gesture"": 30}, ""latency_ms"": {""pose"": 0, ""gesture"": 0}, ""svclat_ms"": {""pose"": 24.88, ""gesture"": 16.68}}, ""a5"": {""services"": [""pose"", ""gesture""], ""fps"": {""pose"": 30, ""gesture"": 30}, ""eff_fps"": {""pose"": 30, ""gesture"": 30}, ""latency_ms"": {""pose"": 0, ""gesture"": 0}, ""svclat_ms"": {""pose"": 22.62, ""gesture"": 16.08}}, ""a6"": {""services"": [""pose"", ""gesture""], ""fps"": {""pose"": 29, ""gesture"": 30}, ""eff_fps"": {""pose"": 29, ""gesture"": 30}, ""latency_ms"": {""pose"": 0, ""gesture"": 0}, ""svclat_ms"": {""pose"": 18.27, ""gesture"": 15.03}}, ""a7"": {""services"": [""pose"", ""gesture""], ""fps"": {""pose"": 0, ""gesture"": 0}, ""eff_fps"": {""pose"": 0, ""gesture"": 0}, ""latency_ms"": {""pose"": 0, ""gesture"": 0}, ""svclat_ms"": {""pose"": 0.0, ""gesture"": 0.0}}}"
36.2,7,6,0.857,0,0,11,11,8,0.727,939.0,358.0,0.381,0.0,1.83,0.0,27.71,29.86,0,27.71,29.86,0,0,0,0,29.35,15.9,0,403,"{""ip-172-31-0-204"": ""healthy"", ""ip-172-31-1-171"": ""healthy"", ""ip-172-31-10-12"": ""healthy"", ""ip-172-31-11-132"": ""healthy"", ""ip-172-31-13-134"": ""healthy"", ""ip-172-31-14-68"": ""healthy"", ""ip-172-31-40-239"": ""healthy""}",subscribe,84.0,0.9944,0,0,"{""ip-172-31-14-68"": {""gesture"": 1}, ""ip-172-31-40-239"": {""pose"": 1, ""gesture"": 1}, ""ip-172-31-1-171"": {""object"": 1}, ""ip-172-31-0-204"": {""gesture"": 1, ""object"": 1}, ""ip-172-31-13-134"": {""object"": 1, ""gesture"": 1, ""pose"": 1}, ""ip-172-31-11-132"": {""pose"": 1}, ""ip-172-31-10-12"": {""gesture"": 1}}","{""a1"": {""services"": [""pose"", ""gesture""], ""fps"": {""pose"": 25, ""gesture"": 30}, ""eff_fps"": {""pose"": 25, ""gesture"": 30}, ""latency_ms"": {""pose"": 0, ""gesture"": 0}, ""svclat_ms"": {""pose"": 39.03, ""gesture"": 17.27}}, ""a2"": {""services"": [""pose"", ""gesture""], ""fps"": {""pose"": 30, ""gesture"": 30}, ""eff_fps"": {""pose"": 30, ""gesture"": 30}, ""latency_ms"": {""pose"": 0, ""gesture"": 0}, ""svclat_ms"": {""pose"": 22.65, ""gesture"": 14.21}}, ""a3"": {""services"": [""pose"", ""gesture""], ""fps"": {""pose"": 25, ""gesture"": 30}, ""eff_fps"": {""pose"": 25, ""gesture"": 30}, ""latency_ms"": {""pose"": 0, ""gesture"": 0}, ""svclat_ms"": {""pose"": 39.34, ""gesture"": 15.11}}, ""a4"": {""services"": [""pose"", ""gesture""], ""fps"": {""pose"": 29, ""gesture"": 30}, ""eff_fps"": {""pose"": 29, ""gesture"": 30}, ""latency_ms"": {""pose"": 0, ""gesture"": 0}, ""svclat_ms"": {""pose"": 24.44, ""gesture"": 15.74}}, ""a5"": {""services"": [""pose"", ""gesture""], ""fps"": {""pose"": 30, ""gesture"": 30}, ""eff_fps"": {""pose"": 30, ""gesture"": 30}, ""latency_ms"": {""pose"": 0, ""gesture"": 0}, ""svclat_ms"": {""pose"": 22.6, ""gesture"": 15.69}}, ""a6"": {""services"": [""pose"", ""gesture""], ""fps"": {""pose"": 29, ""gesture"": 29}, ""eff_fps"": {""pose"": 29, ""gesture"": 29}, ""latency_ms"": {""pose"": 0, ""gesture"": 0}, ""svclat_ms"": {""pose"": 17.99, ""gesture"": 17.26}}, ""a7"": {""services"": [""pose"", ""gesture""], ""fps"": {""pose"": 26, ""gesture"": 30}, ""eff_fps"": {""pose"": 26, ""gesture"": 30}, ""latency_ms"": {""pose"": 0, ""gesture"": 0}, ""svclat_ms"": {""pose"": 39.4, ""gesture"": 16.0}}, ""a8"": {""services"": [""pose"", ""gesture""], ""fps"": {""pose"": 0, ""gesture"": 0}, ""eff_fps"": {""pose"": 0, ""gesture"": 0}, ""latency_ms"": {""pose"": 0, ""gesture"": 0}, ""svclat_ms"": {""pose"": 0.0, ""gesture"": 0.0}}}"
38.7,7,6,0.857,0,0,11,11,8,0.727,939.0,358.0,0.381,0.0,1.83,0.0,28.43,30.0,0,28.43,30.0,0,0,0,0,28.56,16.91,0,409,"{""ip-172-31-0-204"": ""healthy"", ""ip-172-31-1-171"": ""healthy"", ""ip-172-31-10-12"": ""healthy"", ""ip-172-31-11-132"": ""healthy"", ""ip-172-31-13-134"": ""healthy"", ""ip-172-31-14-68"": ""healthy"", ""ip-172-31-40-239"": ""healthy""}",subscribe,84.0,0.9944,0,0,"{""ip-172-31-14-68"": {""gesture"": 1}, ""ip-172-31-40-239"": {""pose"": 1, ""gesture"": 1}, ""ip-172-31-1-171"": {""object"": 1}, ""ip-172-31-0-204"": {""gesture"": 1, ""object"": 1}, ""ip-172-31-13-134"": {""object"": 1, ""gesture"": 1, ""pose"": 1}, ""ip-172-31-11-132"": {""pose"": 1}, ""ip-172-31-10-12"": {""gesture"": 1}}","{""a1"": {""services"": [""pose"", ""gesture""], ""fps"": {""pose"": 27, ""gesture"": 30}, ""eff_fps"": {""pose"": 27, ""gesture"": 30}, ""latency_ms"": {""pose"": 0, ""gesture"": 0}, ""svclat_ms"": {""pose"": 37.28, ""gesture"": 20.32}}, ""a2"": {""services"": [""pose"", ""gesture""], ""fps"": {""pose"": 30, ""gesture"": 30}, ""eff_fps"": {""pose"": 30, ""gesture"": 30}, ""latency_ms"": {""pose"": 0, ""gesture"": 0}, ""svclat_ms"": {""pose"": 22.76, ""gesture"": 14.33}}, ""a3"": {""services"": [""pose"", ""gesture""], ""fps"": {""pose"": 27, ""gesture"": 30}, ""eff_fps"": {""pose"": 27, ""gesture"": 30}, ""latency_ms"": {""pose"": 0, ""gesture"": 0}, ""svclat_ms"": {""pose"": 37.58, ""gesture"": 14.99}}, ""a4"": {""services"": [""pose"", ""gesture""], ""fps"": {""pose"": 29, ""gesture"": 30}, ""eff_fps"": {""pose"": 29, ""gesture"": 30}, ""latency_ms"": {""pose"": 0, ""gesture"": 0}, ""svclat_ms"": {""pose"": 24.79, ""gesture"": 15.9}}, ""a5"": {""services"": [""pose"", ""gesture""], ""fps"": {""pose"": 30, ""gesture"": 30}, ""eff_fps"": {""pose"": 30, ""gesture"": 30}, ""latency_ms"": {""pose"": 0, ""gesture"": 0}, ""svclat_ms"": {""pose"": 22.94, ""gesture"": 15.83}}, ""a6"": {""services"": [""pose"", ""gesture""], ""fps"": {""pose"": 29, ""gesture"": 30}, ""eff_fps"": {""pose"": 29, ""gesture"": 30}, ""latency_ms"": {""pose"": 0, ""gesture"": 0}, ""svclat_ms"": {""pose"": 18.02, ""gesture"": 21.17}}, ""a7"": {""services"": [""pose"", ""gesture""], ""fps"": {""pose"": 27, ""gesture"": 30}, ""eff_fps"": {""pose"": 27, ""gesture"": 30}, ""latency_ms"": {""pose"": 0, ""gesture"": 0}, ""svclat_ms"": {""pose"": 36.55, ""gesture"": 15.8}}, ""a8"": {""services"": [""pose"", ""gesture""], ""fps"": {""pose"": 0, ""gesture"": 0}, ""eff_fps"": {""pose"": 0, ""gesture"": 0}, ""latency_ms"": {""pose"": 0, ""gesture"": 0}, ""svclat_ms"": {""pose"": 0.0, ""gesture"": 0.0}}}"
41.2,7,6,0.857,0,0,11,11,8,0.727,939.0,358.0,0.381,0.0,1.83,0.0,28.71,30.0,0,28.71,30.0,0,0,0,0,27.22,15.63,0,411,"{""ip-172-31-0-204"": ""healthy"", ""ip-172-31-1-171"": ""healthy"", ""ip-172-31-10-12"": ""healthy"", ""ip-172-31-11-132"": ""healthy"", ""ip-172-31-13-134"": ""healthy"", ""ip-172-31-14-68"": ""healthy"", ""ip-172-31-40-239"": ""healthy""}",subscribe,84.0,0.9944,0,0,"{""ip-172-31-14-68"": {""gesture"": 1}, ""ip-172-31-40-239"": {""pose"": 1, ""gesture"": 1}, ""ip-172-31-1-171"": {""object"": 1}, ""ip-172-31-0-204"": {""gesture"": 1, ""object"": 1}, ""ip-172-31-13-134"": {""object"": 1, ""gesture"": 1, ""pose"": 1}, ""ip-172-31-11-132"": {""pose"": 1}, ""ip-172-31-10-12"": {""gesture"": 1}}","{""a1"": {""services"": [""pose"", ""gesture""], ""fps"": {""pose"": 28, ""gesture"": 30}, ""eff_fps"": {""pose"": 28, ""gesture"": 30}, ""latency_ms"": {""pose"": 0, ""gesture"": 0}, ""svclat_ms"": {""pose"": 33.66, ""gesture"": 16.49}}, ""a2"": {""services"": [""pose"", ""gesture""], ""fps"": {""pose"": 30, ""gesture"": 30}, ""eff_fps"": {""pose"": 30, ""gesture"": 30}, ""latency_ms"": {""pose"": 0, ""gesture"": 0}, ""svclat_ms"": {""pose"": 22.16, ""gesture"": 14.51}}, ""a3"": {""services"": [""pose"", ""gesture""], ""fps"": {""pose"": 27, ""gesture"": 30}, ""eff_fps"": {""pose"": 27, ""gesture"": 30}, ""latency_ms"": {""pose"": 0, ""gesture"": 0}, ""svclat_ms"": {""pose"": 34.37, ""gesture"": 14.68}}, ""a4"": {""services"": [""pose"", ""gesture""], ""fps"": {""pose"": 29, ""gesture"": 30}, ""eff_fps"": {""pose"": 29, ""gesture"": 30}, ""latency_ms"": {""pose"": 0, ""gesture"": 0}, ""svclat_ms"": {""pose"": 25.7, ""gesture"": 15.45}}, ""a5"": {""services"": [""pose"", ""gesture""], ""fps"": {""pose"": 30, ""gesture"": 30}, ""eff_fps"": {""pose"": 30, ""gesture"": 30}, ""latency_ms"": {""pose"": 0, ""gesture"": 0}, ""svclat_ms"": {""pose"": 22.54, ""gesture"": 16.71}}, ""a6"": {""services"": [""pose"", ""gesture""], ""fps"": {""pose"": 29, ""gesture"": 30}, ""eff_fps"": {""pose"": 29, ""gesture"": 30}, ""latency_ms"": {""pose"": 0, ""gesture"": 0}, ""svclat_ms"": {""pose"": 18.38, ""gesture"": 15.58}}, ""a7"": {""services"": [""pose"", ""gesture""], ""fps"": {""pose"": 28, ""gesture"": 30}, ""eff_fps"": {""pose"": 28, ""gesture"": 30}, ""latency_ms"": {""pose"": 0, ""gesture"": 0}, ""svclat_ms"": {""pose"": 33.76, ""gesture"": 15.96}}, ""a8"": {""services"": [""pose"", ""gesture""], ""fps"": {""pose"": 0, ""gesture"": 0}, ""eff_fps"": {""pose"": 0, ""gesture"": 0}, ""latency_ms"": {""pose"": 0, ""gesture"": 0}, ""svclat_ms"": {""pose"": 0.0, ""gesture"": 0.0}}, ""a9"": {""services"": [""pose"", ""gesture""], ""fps"": {""pose"": 0, ""gesture"": 0}, ""eff_fps"": {""pose"": 0, ""gesture"": 0}, ""latency_ms"": {""pose"": 0, ""gesture"": 0}, ""svclat_ms"": {""pose"": 0.0, ""gesture"": 0.0}}}"
43.8,7,6,0.857,0,0,11,11,8,0.727,939.0,358.0,0.381,0.0,1.83,0.0,28.71,30.0,0,28.71,30.0,0,0,0,0,26.85,15.4,0,411,"{""ip-172-31-0-204"": ""healthy"", ""ip-172-31-1-171"": ""healthy"", ""ip-172-31-10-12"": ""healthy"", ""ip-172-31-11-132"": ""healthy"", ""ip-172-31-13-134"": ""healthy"", ""ip-172-31-14-68"": ""healthy"", ""ip-172-31-40-239"": ""healthy""}",subscribe,84.0,0.9944,0,0,"{""ip-172-31-14-68"": {""gesture"": 1}, ""ip-172-31-40-239"": {""pose"": 1, ""gesture"": 1}, ""ip-172-31-1-171"": {""object"": 1}, ""ip-172-31-0-204"": {""gesture"": 1, ""object"": 1}, ""ip-172-31-13-134"": {""object"": 1, ""gesture"": 1, ""pose"": 1}, ""ip-172-31-11-132"": {""pose"": 1}, ""ip-172-31-10-12"": {""gesture"": 1}}","{""a1"": {""services"": [""pose"", ""gesture""], ""fps"": {""pose"": 27, ""gesture"": 30}, ""eff_fps"": {""pose"": 27, ""gesture"": 30}, ""latency_ms"": {""pose"": 0, ""gesture"": 0}, ""svclat_ms"": {""pose"": 33.45, ""gesture"": 16.72}}, ""a2"": {""services"": [""pose"", ""gesture""], ""fps"": {""pose"": 30, ""gesture"": 30}, ""eff_fps"": {""pose"": 30, ""gesture"": 30}, ""latency_ms"": {""pose"": 0, ""gesture"": 0}, ""svclat_ms"": {""pose"": 22.4, ""gesture"": 14.54}}, ""a3"": {""services"": [""pose"", ""gesture""], ""fps"": {""pose"": 28, ""gesture"": 30}, ""eff_fps"": {""pose"": 28, ""gesture"": 30}, ""latency_ms"": {""pose"": 0, ""gesture"": 0}, ""svclat_ms"": {""pose"": 33.92, ""gesture"": 14.75}}, ""a4"": {""services"": [""pose"", ""gesture""], ""fps"": {""pose"": 29, ""gesture"": 30}, ""eff_fps"": {""pose"": 29, ""gesture"": 30}, ""latency_ms"": {""pose"": 0, ""gesture"": 0}, ""svclat_ms"": {""pose"": 24.32, ""gesture"": 14.98}}, ""a5"": {""services"": [""pose"", ""gesture""], ""fps"": {""pose"": 30, ""gesture"": 30}, ""eff_fps"": {""pose"": 30, ""gesture"": 30}, ""latency_ms"": {""pose"": 0, ""gesture"": 0}, ""svclat_ms"": {""pose"": 22.49, ""gesture"": 15.55}}, ""a6"": {""services"": [""pose"", ""gesture""], ""fps"": {""pose"": 29, ""gesture"": 30}, ""eff_fps"": {""pose"": 29, ""gesture"": 30}, ""latency_ms"": {""pose"": 0, ""gesture"": 0}, ""svclat_ms"": {""pose"": 18.2, ""gesture"": 15.45}}, ""a7"": {""services"": [""pose"", ""gesture""], ""fps"": {""pose"": 28, ""gesture"": 30}, ""eff_fps"": {""pose"": 28, ""gesture"": 30}, ""latency_ms"": {""pose"": 0, ""gesture"": 0}, ""svclat_ms"": {""pose"": 33.15, ""gesture"": 15.81}}, ""a8"": {""services"": [""pose"", ""gesture""], ""fps"": {""pose"": 0, ""gesture"": 0}, ""eff_fps"": {""pose"": 0, ""gesture"": 0}, ""latency_ms"": {""pose"": 0, ""gesture"": 0}, ""svclat_ms"": {""pose"": 0.0, ""gesture"": 0.0}}, ""a9"": {""services"": [""pose"", ""gesture""], ""fps"": {""pose"": 0, ""gesture"": 0}, ""eff_fps"": {""pose"": 0, ""gesture"": 0}, ""latency_ms"": {""pose"": 0, ""gesture"": 0}, ""svclat_ms"": {""pose"": 0.0, ""gesture"": 0.0}}}"
48.0,7,6,0.857,0,0,11,11,8,0.727,939.0,358.0,0.381,0.0,1.83,0.0,30.0,30.0,0,30.0,30.0,0,0,0,0,20.63,15.17,0,420,"{""ip-172-31-0-204"": ""healthy"", ""ip-172-31-1-171"": ""healthy"", ""ip-172-31-10-12"": ""healthy"", ""ip-172-31-11-132"": ""healthy"", ""ip-172-31-13-134"": ""healthy"", ""ip-172-31-14-68"": ""healthy"", ""ip-172-31-40-239"": ""healthy""}",subscribe,84.0,0.9944,0,0,"{""ip-172-31-14-68"": {""gesture"": 1}, ""ip-172-31-40-239"": {""pose"": 1, ""gesture"": 1}, ""ip-172-31-1-171"": {""object"": 1}, ""ip-172-31-0-204"": {""gesture"": 1, ""object"": 1}, ""ip-172-31-13-134"": {""object"": 1, ""gesture"": 1, ""pose"": 1}, ""ip-172-31-11-132"": {""pose"": 1}, ""ip-172-31-10-12"": {""gesture"": 1}}","{""a1"": {""services"": [""pose"", ""gesture""], ""fps"": {""pose"": 30, ""gesture"": 30}, ""eff_fps"": {""pose"": 30, ""gesture"": 30}, ""latency_ms"": {""pose"": 0, ""gesture"": 0}, ""svclat_ms"": {""pose"": 18.51, ""gesture"": 15.49}}, ""a2"": {""services"": [""pose"", ""gesture""], ""fps"": {""pose"": 30, ""gesture"": 30}, ""eff_fps"": {""pose"": 30, ""gesture"": 30}, ""latency_ms"": {""pose"": 0, ""gesture"": 0}, ""svclat_ms"": {""pose"": 17.96, ""gesture"": 14.12}}, ""a3"": {""services"": [""pose"", ""gesture""], ""fps"": {""pose"": 30, ""gesture"": 30}, ""eff_fps"": {""pose"": 30, ""gesture"": 30}, ""latency_ms"": {""pose"": 0, ""gesture"": 0}, ""svclat_ms"": {""pose"": 17.53, ""gesture"": 16.06}}, ""a4"": {""services"": [""pose"", ""gesture""], ""fps"": {""pose"": 30, ""gesture"": 30}, ""eff_fps"": {""pose"": 30, ""gesture"": 30}, ""latency_ms"": {""pose"": 0, ""gesture"": 0}, ""svclat_ms"": {""pose"": 26.34, ""gesture"": 16.3}}, ""a5"": {""services"": [""pose"", ""gesture""], ""fps"": {""pose"": 30, ""gesture"": 30}, ""eff_fps"": {""pose"": 30, ""gesture"": 30}, ""latency_ms"": {""pose"": 0, ""gesture"": 0}, ""svclat_ms"": {""pose"": 21.59, ""gesture"": 14.77}}, ""a6"": {""services"": [""pose"", ""gesture""], ""fps"": {""pose"": 30, ""gesture"": 30}, ""eff_fps"": {""pose"": 30, ""gesture"": 30}, ""latency_ms"": {""pose"": 0, ""gesture"": 0}, ""svclat_ms"": {""pose"": 20.34, ""gesture"": 14.89}}, ""a7"": {""services"": [""pose"", ""gesture""], ""fps"": {""pose"": 30, ""gesture"": 30}, ""eff_fps"": {""pose"": 30, ""gesture"": 30}, ""latency_ms"": {""pose"": 0, ""gesture"": 0}, ""svclat_ms"": {""pose"": 22.17, ""gesture"": 14.56}}, ""a8"": {""services"": [""pose"", ""gesture""], ""fps"": {""pose"": 0, ""gesture"": 0}, ""eff_fps"": {""pose"": 0, ""gesture"": 0}, ""latency_ms"": {""pose"": 0, ""gesture"": 0}, ""svclat_ms"": {""pose"": 0.0, ""gesture"": 0.0}}, ""a9"": {""services"": [""pose"", ""gesture""], ""fps"": {""pose"": 0, ""gesture"": 0}, ""eff_fps"": {""pose"": 0, ""gesture"": 0}, ""latency_ms"": {""pose"": 0, ""gesture"": 0}, ""svclat_ms"": {""pose"": 0.0, ""gesture"": 0.0}}, ""a10"": {""services"": [""pose"", ""gesture""], ""fps"": {""pose"": 0, ""gesture"": 0}, ""eff_fps"": {""pose"": 0, ""gesture"": 0}, ""latency_ms"": {""pose"": 0, ""gesture"": 0}, ""svclat_ms"": {""pose"": 0.0, ""gesture"": 0.0}}}"
53.9,8,8,1.0,0,0,11,13,10,0.769,1081.0,478.0,0.442,0.0,1.62,0.0,28.0,30.0,0,28.0,30.0,0,0,0,0,21.9,15.57,0,464,"{""ip-172-31-0-204"": ""healthy"", ""ip-172-31-1-171"": ""healthy"", ""ip-172-31-10-12"": ""healthy"", ""ip-172-31-11-132"": ""healthy"", ""ip-172-31-13-134"": ""healthy"", ""ip-172-31-14-68"": ""healthy"", ""ip-172-31-40-239"": ""healthy""}",subscribe,96.6,0.9958,0,0,"{""ip-172-31-14-68"": {""gesture"": 1}, ""ip-172-31-1-171"": {""object"": 1, ""pose"": 1, ""gesture"": 1}, ""ip-172-31-0-204"": {""gesture"": 1, ""pose"": 1}, ""ip-172-31-40-239"": {""gesture"": 1}, ""ip-172-31-13-134"": {""object"": 1, ""gesture"": 1}, ""ip-172-31-11-132"": {""pose"": 1, ""gesture"": 1}, ""ip-172-31-10-12"": {""pose"": 1, ""object"": 1}}","{""a1"": {""services"": [""pose"", ""gesture""], ""fps"": {""pose"": 23, ""gesture"": 30}, ""eff_fps"": {""pose"": 23, ""gesture"": 30}, ""latency_ms"": {""pose"": 0, ""gesture"": 0}, ""svclat_ms"": {""pose"": 23.67, ""gesture"": 15.8}}, ""a2"": {""services"": [""pose"", ""gesture""], ""fps"": {""pose"": 30, ""gesture"": 30}, ""eff_fps"": {""pose"": 30, ""gesture"": 30}, ""latency_ms"": {""pose"": 0, ""gesture"": 0}, ""svclat_ms"": {""pose"": 18.51, ""gesture"": 14.92}}, ""a3"": {""services"": [""pose"", ""gesture""], ""fps"": {""pose"": 29, ""gesture"": 30}, ""eff_fps"": {""pose"": 29, ""gesture"": 30}, ""latency_ms"": {""pose"": 0, ""gesture"": 0}, ""svclat_ms"": {""pose"": 20.14, ""gesture"": 15.53}}, ""a4"": {""services"": [""pose"", ""gesture""], ""fps"": {""pose"": 30, ""gesture"": 30}, ""eff_fps"": {""pose"": 30, ""gesture"": 30}, ""latency_ms"": {""pose"": 0, ""gesture"": 0}, ""svclat_ms"": {""pose"": 25.21, ""gesture"": 15.97}}, ""a5"": {""services"": [""pose"", ""gesture""], ""fps"": {""pose"": 23, ""gesture"": 30}, ""eff_fps"": {""pose"": 23, ""gesture"": 30}, ""latency_ms"": {""pose"": 0, ""gesture"": 0}, ""svclat_ms"": {""pose"": 24.73, ""gesture"": 14.74}}, ""a6"": {""services"": [""pose"", ""gesture""], ""fps"": {""pose"": 30, ""gesture"": 30}, ""eff_fps"": {""pose"": 30, ""gesture"": 30}, ""latency_ms"": {""pose"": 0, ""gesture"": 0}, ""svclat_ms"": {""pose"": 20.56, ""gesture"": 15.69}}, ""a7"": {""services"": [""pose"", ""gesture""], ""fps"": {""pose"": 30, ""gesture"": 30}, ""eff_fps"": {""pose"": 30, ""gesture"": 30}, ""latency_ms"": {""pose"": 0, ""gesture"": 0}, ""svclat_ms"": {""pose"": 20.86, ""gesture"": 14.84}}, ""a8"": {""services"": [""pose"", ""gesture""], ""fps"": {""pose"": 29, ""gesture"": 30}, ""eff_fps"": {""pose"": 29, ""gesture"": 30}, ""latency_ms"": {""pose"": 0, ""gesture"": 0}, ""svclat_ms"": {""pose"": 21.55, ""gesture"": 17.09}}, ""a9"": {""services"": [""pose"", ""gesture""], ""fps"": {""pose"": 0, ""gesture"": 0}, ""eff_fps"": {""pose"": 0, ""gesture"": 0}, ""latency_ms"": {""pose"": 0, ""gesture"": 0}, ""svclat_ms"": {""pose"": 0.0, ""gesture"": 0.0}}, ""a10"": {""services"": [""pose"", ""gesture""], ""fps"": {""pose"": 0, ""gesture"": 0}, ""eff_fps"": {""pose"": 0, ""gesture"": 0}, ""latency_ms"": {""pose"": 0, ""gesture"": 0}, ""svclat_ms"": {""pose"": 0.0, ""gesture"": 0.0}}, ""a11"": {""services"": [""pose"", ""gesture""], ""fps"": {""pose"": 0, ""gesture"": 0}, ""eff_fps"": {""pose"": 0, ""gesture"": 0}, ""latency_ms"": {""pose"": 0, ""gesture"": 0}, ""svclat_ms"": {""pose"": 0.0, ""gesture"": 0.0}}}"
56.4,10,9,0.9,0,0,11,13,10,0.769,1081.0,517.0,0.478,0.0,1.44,0.0,25.89,30.0,0,25.89,30.0,0,0,0,0,23.3,17.17,0,503,"{""ip-172-31-0-204"": ""healthy"", ""ip-172-31-1-171"": ""healthy"", ""ip-172-31-10-12"": ""healthy"", ""ip-172-31-11-132"": ""healthy"", ""ip-172-31-13-134"": ""healthy"", ""ip-172-31-14-68"": ""healthy"", ""ip-172-31-40-239"": ""healthy""}",subscribe,98.9,0.9574,0,0,"{""ip-172-31-14-68"": {""gesture"": 1}, ""ip-172-31-1-171"": {""object"": 1, ""pose"": 1, ""gesture"": 1}, ""ip-172-31-0-204"": {""gesture"": 1, ""pose"": 1}, ""ip-172-31-40-239"": {""gesture"": 1}, ""ip-172-31-13-134"": {""object"": 1, ""gesture"": 1}, ""ip-172-31-11-132"": {""pose"": 1, ""gesture"": 1}, ""ip-172-31-10-12"": {""pose"": 1, ""object"": 1}}","{""a1"": {""services"": [""pose"", ""gesture""], ""fps"": {""pose"": 23, ""gesture"": 30}, ""eff_fps"": {""pose"": 23, ""gesture"": 30}, ""latency_ms"": {""pose"": 0, ""gesture"": 0}, ""svclat_ms"": {""pose"": 24.35, ""gesture"": 19.16}}, ""a2"": {""services"": [""pose"", ""gesture""], ""fps"": {""pose"": 23, ""gesture"": 30}, ""eff_fps"": {""pose"": 23, ""gesture"": 30}, ""latency_ms"": {""pose"": 0, ""gesture"": 0}, ""svclat_ms"": {""pose"": 21.5, ""gesture"": 15.62}}, ""a3"": {""services"": [""pose"", ""gesture""], ""fps"": {""pose"": 29, ""gesture"": 30}, ""eff_fps"": {""pose"": 29, ""gesture"": 30}, ""latency_ms"": {""pose"": 0, ""gesture"": 0}, ""svclat_ms"": {""pose"": 19.96, ""gesture"": 18.5}}, ""a4"": {""services"": [""pose"", ""gesture""], ""fps"": {""pose"": 30, ""gesture"": 30}, ""eff_fps"": {""pose"": 30, ""gesture"": 30}, ""latency_ms"": {""pose"": 0, ""gesture"": 0}, ""svclat_ms"": {""pose"": 25.59, ""gesture"": 16.73}}, ""a5"": {""services"": [""pose"", ""gesture""], ""fps"": {""pose"": 23, ""gesture"": 30}, ""eff_fps"": {""pose"": 23, ""gesture"": 30}, ""latency_ms"": {""pose"": 0, ""gesture"": 0}, ""svclat_ms"": {""pose"": 24.72, ""gesture"": 15.3}}, ""a6"": {""services"": [""pose"", ""gesture""], ""fps"": {""pose"": 23, ""gesture"": 30}, ""eff_fps"": {""pose"": 23, ""gesture"": 30}, ""latency_ms"": {""pose"": 0, ""gesture"": 0}, ""svclat_ms"": {""pose"": 23.39, ""gesture"": 15.87}}, ""a7"": {""services"": [""pose"", ""gesture""], ""fps"": {""pose"": 30, ""gesture"": 30}, ""eff_fps"": {""pose"": 30, ""gesture"": 30}, ""latency_ms"": {""pose"": 0, ""gesture"": 0}, ""svclat_ms"": {""pose"": 23.57, ""gesture"": 17.96}}, ""a8"": {""services"": [""pose"", ""gesture""], ""fps"": {""pose"": 29, ""gesture"": 30}, ""eff_fps"": {""pose"": 29, ""gesture"": 30}, ""latency_ms"": {""pose"": 0, ""gesture"": 0}, ""svclat_ms"": {""pose"": 21.26, ""gesture"": 18.66}}, ""a9"": {""services"": [""pose"", ""gesture""], ""fps"": {""pose"": 0, ""gesture"": 0}, ""eff_fps"": {""pose"": 0, ""gesture"": 0}, ""latency_ms"": {""pose"": 0, ""gesture"": 0}, ""svclat_ms"": {""pose"": 0.0, ""gesture"": 0.0}}, ""a10"": {""services"": [""pose"", ""gesture""], ""fps"": {""pose"": 23, ""gesture"": 30}, ""eff_fps"": {""pose"": 23, ""gesture"": 30}, ""latency_ms"": {""pose"": 0, ""gesture"": 0}, ""svclat_ms"": {""pose"": 25.35, ""gesture"": 16.71}}, ""a11"": {""services"": [""pose"", ""gesture""], ""fps"": {""pose"": 0, ""gesture"": 0}, ""eff_fps"": {""pose"": 0, ""gesture"": 0}, ""latency_ms"": {""pose"": 0, ""gesture"": 0}, ""svclat_ms"": {""pose"": 0.0, ""gesture"": 0.0}}, ""a12"": {""services"": [""pose"", ""gesture""], ""fps"": {""pose"": 0, ""gesture"": 0}, ""eff_fps"": {""pose"": 0, ""gesture"": 0}, ""latency_ms"": {""pose"": 0, ""gesture"": 0}, ""svclat_ms"": {""pose"": 0.0, ""gesture"": 0.0}}}"
58.9,10,9,0.9,0,0,11,13,10,0.769,1081.0,517.0,0.478,0.0,1.44,0.0,26.0,30.0,0,26.0,30.0,0,0,0,0,23.16,16.63,0,504,"{""ip-172-31-0-204"": ""healthy"", ""ip-172-31-1-171"": ""healthy"", ""ip-172-31-10-12"": ""healthy"", ""ip-172-31-11-132"": ""healthy"", ""ip-172-31-13-134"": ""healthy"", ""ip-172-31-14-68"": ""healthy"", ""ip-172-31-40-239"": ""healthy""}",subscribe,98.9,0.9574,0,0,"{""ip-172-31-14-68"": {""gesture"": 1}, ""ip-172-31-1-171"": {""object"": 1, ""pose"": 1, ""gesture"": 1}, ""ip-172-31-0-204"": {""gesture"": 1, ""pose"": 1}, ""ip-172-31-40-239"": {""gesture"": 1}, ""ip-172-31-13-134"": {""object"": 1, ""gesture"": 1}, ""ip-172-31-11-132"": {""pose"": 1, ""gesture"": 1}, ""ip-172-31-10-12"": {""pose"": 1, ""object"": 1}}","{""a1"": {""services"": [""pose"", ""gesture""], ""fps"": {""pose"": 23, ""gesture"": 30}, ""eff_fps"": {""pose"": 23, ""gesture"": 30}, ""latency_ms"": {""pose"": 0, ""gesture"": 0}, ""svclat_ms"": {""pose"": 24.2, ""gesture"": 17.13}}, ""a2"": {""services"": [""pose"", ""gesture""], ""fps"": {""pose"": 23, ""gesture"": 30}, ""eff_fps"": {""pose"": 23, ""gesture"": 30}, ""latency_ms"": {""pose"": 0, ""gesture"": 0}, ""svclat_ms"": {""pose"": 21.39, ""gesture"": 15.94}}, ""a3"": {""services"": [""pose"", ""gesture""], ""fps"": {""pose"": 29, ""gesture"": 30}, ""eff_fps"": {""pose"": 29, ""gesture"": 30}, ""latency_ms"": {""pose"": 0, ""gesture"": 0}, ""svclat_ms"": {""pose"": 20.69, ""gesture"": 18.53}}, ""a4"": {""services"": [""pose"", ""gesture""], ""fps"": {""pose"": 31, ""gesture"": 30}, ""eff_fps"": {""pose"": 31, ""gesture"": 30}, ""latency_ms"": {""pose"": 0, ""gesture"": 0}, ""svclat_ms"": {""pose"": 25.3, ""gesture"": 16.11}}, ""a5"": {""services"": [""pose"", ""gesture""], ""fps"": {""pose"": 23, ""gesture"": 30}, ""eff_fps"": {""pose"": 23, ""gesture"": 30}, ""latency_ms"": {""pose"": 0, ""gesture"": 0}, ""svclat_ms"": {""pose"": 23.54, ""gesture"": 15.28}}, ""a6"": {""services"": [""pose"", ""gesture""], ""fps"": {""pose"": 23, ""gesture"": 30}, ""eff_fps"": {""pose"": 23, ""gesture"": 30}, ""latency_ms"": {""pose"": 0, ""gesture"": 0}, ""svclat_ms"": {""pose"": 22.53, ""gesture"": 15.96}}, ""a7"": {""services"": [""pose"", ""gesture""], ""fps"": {""pose"": 30, ""gesture"": 30}, ""eff_fps"": {""pose"": 30, ""gesture"": 30}, ""latency_ms"": {""pose"": 0, ""gesture"": 0}, ""svclat_ms"": {""pose"": 24.49, ""gesture"": 16.67}}, ""a8"": {""services"": [""pose"", ""gesture""], ""fps"": {""pose"": 29, ""gesture"": 30}, ""eff_fps"": {""pose"": 29, ""gesture"": 30}, ""latency_ms"": {""pose"": 0, ""gesture"": 0}, ""svclat_ms"": {""pose"": 21.72, ""gesture"": 18.3}}, ""a9"": {""services"": [""pose"", ""gesture""], ""fps"": {""pose"": 0, ""gesture"": 0}, ""eff_fps"": {""pose"": 0, ""gesture"": 0}, ""latency_ms"": {""pose"": 0, ""gesture"": 0}, ""svclat_ms"": {""pose"": 0.0, ""gesture"": 0.0}}, ""a10"": {""services"": [""pose"", ""gesture""], ""fps"": {""pose"": 23, ""gesture"": 30}, ""eff_fps"": {""pose"": 23, ""gesture"": 30}, ""latency_ms"": {""pose"": 0, ""gesture"": 0}, ""svclat_ms"": {""pose"": 24.58, ""gesture"": 15.79}}, ""a11"": {""services"": [""pose"", ""gesture""], ""fps"": {""pose"": 0, ""gesture"": 0}, ""eff_fps"": {""pose"": 0, ""gesture"": 0}, ""latency_ms"": {""pose"": 0, ""gesture"": 0}, ""svclat_ms"": {""pose"": 0.0, ""gesture"": 0.0}}, ""a12"": {""services"": [""pose"", ""gesture""], ""fps"": {""pose"": 0, ""gesture"": 0}, ""eff_fps"": {""pose"": 0, ""gesture"": 0}, ""latency_ms"": {""pose"": 0, ""gesture"": 0}, ""svclat_ms"": {""pose"": 0.0, ""gesture"": 0.0}}}"
61.4,10,9,0.9,0,0,11,13,10,0.769,1081.0,517.0,0.478,0.0,1.44,0.0,25.89,30.0,0,25.89,30.0,0,0,0,0,23.02,17.12,0,503,"{""ip-172-31-0-204"": ""healthy"", ""ip-172-31-1-171"": ""healthy"", ""ip-172-31-10-12"": ""healthy"", ""ip-172-31-11-132"": ""healthy"", ""ip-172-31-13-134"": ""healthy"", ""ip-172-31-14-68"": ""healthy"", ""ip-172-31-40-239"": ""healthy""}",subscribe,98.9,0.9574,0,0,"{""ip-172-31-14-68"": {""gesture"": 1}, ""ip-172-31-1-171"": {""object"": 1, ""pose"": 1, ""gesture"": 1}, ""ip-172-31-0-204"": {""gesture"": 1, ""pose"": 1}, ""ip-172-31-40-239"": {""gesture"": 1}, ""ip-172-31-13-134"": {""object"": 1, ""gesture"": 1}, ""ip-172-31-11-132"": {""pose"": 1, ""gesture"": 1}, ""ip-172-31-10-12"": {""pose"": 1, ""object"": 1}}","{""a1"": {""services"": [""pose"", ""gesture""], ""fps"": {""pose"": 23, ""gesture"": 30}, ""eff_fps"": {""pose"": 23, ""gesture"": 30}, ""latency_ms"": {""pose"": 0, ""gesture"": 0}, ""svclat_ms"": {""pose"": 23.73, ""gesture"": 18.91}}, ""a2"": {""services"": [""pose"", ""gesture""], ""fps"": {""pose"": 23, ""gesture"": 30}, ""eff_fps"": {""pose"": 23, ""gesture"": 30}, ""latency_ms"": {""pose"": 0, ""gesture"": 0}, ""svclat_ms"": {""pose"": 20.98, ""gesture"": 15.82}}, ""a3"": {""services"": [""pose"", ""gesture""], ""fps"": {""pose"": 29, ""gesture"": 30}, ""eff_fps"": {""pose"": 29, ""gesture"": 30}, ""latency_ms"": {""pose"": 0, ""gesture"": 0}, ""svclat_ms"": {""pose"": 19.66, ""gesture"": 18.65}}, ""a4"": {""services"": [""pose"", ""gesture""], ""fps"": {""pose"": 30, ""gesture"": 30}, ""eff_fps"": {""pose"": 30, ""gesture"": 30}, ""latency_ms"": {""pose"": 0, ""gesture"": 0}, ""svclat_ms"": {""pose"": 25.3, ""gesture"": 16.26}}, ""a5"": {""services"": [""pose"", ""gesture""], ""fps"": {""pose"": 23, ""gesture"": 30}, ""eff_fps"": {""pose"": 23, ""gesture"": 30}, ""latency_ms"": {""pose"": 0, ""gesture"": 0}, ""svclat_ms"": {""pose"": 24.85, ""gesture"": 15.32}}, ""a6"": {""services"": [""pose"", ""gesture""], ""fps"": {""pose"": 23, ""gesture"": 30}, ""eff_fps"": {""pose"": 23, ""gesture"": 30}, ""latency_ms"": {""pose"": 0, ""gesture"": 0}, ""svclat_ms"": {""pose"": 22.87, ""gesture"": 15.37}}, ""a7"": {""services"": [""pose"", ""gesture""], ""fps"": {""pose"": 30, ""gesture"": 30}, ""eff_fps"": {""pose"": 30, ""gesture"": 30}, ""latency_ms"": {""pose"": 0, ""gesture"": 0}, ""svclat_ms"": {""pose"": 23.37, ""gesture"": 17.87}}, ""a8"": {""services"": [""pose"", ""gesture""], ""fps"": {""pose"": 29, ""gesture"": 30}, ""eff_fps"": {""pose"": 29, ""gesture"": 30}, ""latency_ms"": {""pose"": 0, ""gesture"": 0}, ""svclat_ms"": {""pose"": 21.5, ""gesture"": 19.57}}, ""a9"": {""services"": [""pose"", ""gesture""], ""fps"": {""pose"": 0, ""gesture"": 0}, ""eff_fps"": {""pose"": 0, ""gesture"": 0}, ""latency_ms"": {""pose"": 0, ""gesture"": 0}, ""svclat_ms"": {""pose"": 0.0, ""gesture"": 0.0}}, ""a10"": {""services"": [""pose"", ""gesture""], ""fps"": {""pose"": 23, ""gesture"": 30}, ""eff_fps"": {""pose"": 23, ""gesture"": 30}, ""latency_ms"": {""pose"": 0, ""gesture"": 0}, ""svclat_ms"": {""pose"": 24.89, ""gesture"": 16.34}}, ""a11"": {""services"": [""pose"", ""gesture""], ""fps"": {""pose"": 0, ""gesture"": 0}, ""eff_fps"": {""pose"": 0, ""gesture"": 0}, ""latency_ms"": {""pose"": 0, ""gesture"": 0}, ""svclat_ms"": {""pose"": 0.0, ""gesture"": 0.0}}, ""a12"": {""services"": [""pose"", ""gesture""], ""fps"": {""pose"": 0, ""gesture"": 0}, ""eff_fps"": {""pose"": 0, ""gesture"": 0}, ""latency_ms"": {""pose"": 0, ""gesture"": 0}, ""svclat_ms"": {""pose"": 0.0, ""gesture"": 0.0}}, ""a13"": {""services"": [""pose"", ""gesture""], ""fps"": {""pose"": 0, ""gesture"": 0}, ""eff_fps"": {""pose"": 0, ""gesture"": 0}, ""latency_ms"": {""pose"": 0, ""gesture"": 0}, ""svclat_ms"": {""pose"": 0.0, ""gesture"": 0.0}}}"
63.9,10,9,0.9,0,0,11,13,10,0.769,1081.0,517.0,0.478,0.0,1.44,0.0,25.89,30.0,0,25.89,30.0,0,0,0,0,22.76,15.98,0,503,"{""ip-172-31-0-204"": ""healthy"", ""ip-172-31-1-171"": ""healthy"", ""ip-172-31-10-12"": ""healthy"", ""ip-172-31-11-132"": ""healthy"", ""ip-172-31-13-134"": ""healthy"", ""ip-172-31-14-68"": ""healthy"", ""ip-172-31-40-239"": ""healthy""}",subscribe,98.9,0.9574,0,0,"{""ip-172-31-14-68"": {""gesture"": 1}, ""ip-172-31-1-171"": {""object"": 1, ""pose"": 1, ""gesture"": 1}, ""ip-172-31-0-204"": {""gesture"": 1, ""pose"": 1}, ""ip-172-31-40-239"": {""gesture"": 1}, ""ip-172-31-13-134"": {""object"": 1, ""gesture"": 1}, ""ip-172-31-11-132"": {""pose"": 1, ""gesture"": 1}, ""ip-172-31-10-12"": {""pose"": 1, ""object"": 1}}","{""a1"": {""services"": [""pose"", ""gesture""], ""fps"": {""pose"": 23, ""gesture"": 30}, ""eff_fps"": {""pose"": 23, ""gesture"": 30}, ""latency_ms"": {""pose"": 0, ""gesture"": 0}, ""svclat_ms"": {""pose"": 24.12, ""gesture"": 15.83}}, ""a2"": {""services"": [""pose"", ""gesture""], ""fps"": {""pose"": 23, ""gesture"": 30}, ""eff_fps"": {""pose"": 23, ""gesture"": 30}, ""latency_ms"": {""pose"": 0, ""gesture"": 0}, ""svclat_ms"": {""pose"": 20.69, ""gesture"": 14.74}}, ""a3"": {""services"": [""pose"", ""gesture""], ""fps"": {""pose"": 29, ""gesture"": 30}, ""eff_fps"": {""pose"": 29, ""gesture"": 30}, ""latency_ms"": {""pose"": 0, ""gesture"": 0}, ""svclat_ms"": {""pose"": 19.99, ""gesture"": 18.16}}, ""a4"": {""services"": [""pose"", ""gesture""], ""fps"": {""pose"": 30, ""gesture"": 30}, ""eff_fps"": {""pose"": 30, ""gesture"": 30}, ""latency_ms"": {""pose"": 0, ""gesture"": 0}, ""svclat_ms"": {""pose"": 24.03, ""gesture"": 16.36}}, ""a5"": {""services"": [""pose"", ""gesture""], ""fps"": {""pose"": 23, ""gesture"": 30}, ""eff_fps"": {""pose"": 23, ""gesture"": 30}, ""latency_ms"": {""pose"": 0, ""gesture"": 0}, ""svclat_ms"": {""pose"": 24.73, ""gesture"": 14.83}}, ""a6"": {""services"": [""pose"", ""gesture""], ""fps"": {""pose"": 23, ""gesture"": 30}, ""eff_fps"": {""pose"": 23, ""gesture"": 30}, ""latency_ms"": {""pose"": 0, ""gesture"": 0}, ""svclat_ms"": {""pose"": 22.44, ""gesture"": 15.95}}, ""a7"": {""services"": [""pose"", ""gesture""], ""fps"": {""pose"": 30, ""gesture"": 30}, ""eff_fps"": {""pose"": 30, ""gesture"": 30}, ""latency_ms"": {""pose"": 0, ""gesture"": 0}, ""svclat_ms"": {""pose"": 22.42, ""gesture"": 15.04}}, ""a8"": {""services"": [""pose"", ""gesture""], ""fps"": {""pose"": 29, ""gesture"": 30}, ""eff_fps"": {""pose"": 29, ""gesture"": 30}, ""latency_ms"": {""pose"": 0, ""gesture"": 0}, ""svclat_ms"": {""pose"": 21.65, ""gesture"": 17.13}}, ""a9"": {""services"": [""pose"", ""gesture""], ""fps"": {""pose"": 0, ""gesture"": 0}, ""eff_fps"": {""pose"": 0, ""gesture"": 0}, ""latency_ms"": {""pose"": 0, ""gesture"": 0}, ""svclat_ms"": {""pose"": 0.0, ""gesture"": 0.0}}, ""a10"": {""services"": [""pose"", ""gesture""], ""fps"": {""pose"": 23, ""gesture"": 30}, ""eff_fps"": {""pose"": 23, ""gesture"": 30}, ""latency_ms"": {""pose"": 0, ""gesture"": 0}, ""svclat_ms"": {""pose"": 24.75, ""gesture"": 15.81}}, ""a11"": {""services"": [""pose"", ""gesture""], ""fps"": {""pose"": 0, ""gesture"": 0}, ""eff_fps"": {""pose"": 0, ""gesture"": 0}, ""latency_ms"": {""pose"": 0, ""gesture"": 0}, ""svclat_ms"": {""pose"": 0.0, ""gesture"": 0.0}}, ""a12"": {""services"": [""pose"", ""gesture""], ""fps"": {""pose"": 0, ""gesture"": 0}, ""eff_fps"": {""pose"": 0, ""gesture"": 0}, ""latency_ms"": {""pose"": 0, ""gesture"": 0}, ""svclat_ms"": {""pose"": 0.0, ""gesture"": 0.0}}, ""a13"": {""services"": [""pose"", ""gesture""], ""fps"": {""pose"": 0, ""gesture"": 0}, ""eff_fps"": {""pose"": 0, ""gesture"": 0}, ""latency_ms"": {""pose"": 0, ""gesture"": 0}, ""svclat_ms"": {""pose"": 0.0, ""gesture"": 0.0}}}"
70.0,14,11,0.786,0,0,11,0,0,0,0,0,0,0,0,0,29.82,29.82,0,29.82,29.82,0,0,0,0,22.09,17.32,0,656,{},,0,0,0,0,{},"{""a1"": {""services"": [""pose"", ""gesture""], ""fps"": {""pose"": 30, ""gesture"": 30}, ""eff_fps"": {""pose"": 30, ""gesture"": 30}, ""latency_ms"": {""pose"": 0, ""gesture"": 0}, ""svclat_ms"": {""pose"": 26.16, ""gesture"": 19.24}}, ""a2"": {""services"": [""pose"", ""gesture""], ""fps"": {""pose"": 30, ""gesture"": 30}, ""eff_fps"": {""pose"": 30, ""gesture"": 30}, ""latency_ms"": {""pose"": 0, ""gesture"": 0}, ""svclat_ms"": {""pose"": 23.9, ""gesture"": 17.14}}, ""a3"": {""services"": [""pose"", ""gesture""], ""fps"": {""pose"": 28, ""gesture"": 30}, ""eff_fps"": {""pose"": 28, ""gesture"": 30}, ""latency_ms"": {""pose"": 0, ""gesture"": 0}, ""svclat_ms"": {""pose"": 24.57, ""gesture"": 15.07}}, ""a4"": {""services"": [""pose"", ""gesture""], ""fps"": {""pose"": 30, ""gesture"": 30}, ""eff_fps"": {""pose"": 30, ""gesture"": 30}, ""latency_ms"": {""pose"": 0, ""gesture"": 0}, ""svclat_ms"": {""pose"": 21.66, ""gesture"": 16.68}}, ""a5"": {""services"": [""pose"", ""gesture""], ""fps"": {""pose"": 30, ""gesture"": 30}, ""eff_fps"": {""pose"": 30, ""gesture"": 30}, ""latency_ms"": {""pose"": 0, ""gesture"": 0}, ""svclat_ms"": {""pose"": 17.13, ""gesture"": 16.79}}, ""a6"": {""services"": [""pose"", ""gesture""], ""fps"": {""pose"": 30, ""gesture"": 28}, ""eff_fps"": {""pose"": 30, ""gesture"": 28}, ""latency_ms"": {""pose"": 0, ""gesture"": 0}, ""svclat_ms"": {""pose"": 18.23, ""gesture"": 20.61}}, ""a7"": {""services"": [""pose"", ""gesture""], ""fps"": {""pose"": 30, ""gesture"": 30}, ""eff_fps"": {""pose"": 30, ""gesture"": 30}, ""latency_ms"": {""pose"": 0, ""gesture"": 0}, ""svclat_ms"": {""pose"": 21.79, ""gesture"": 17.21}}, ""a8"": {""services"": [""pose"", ""gesture""], ""fps"": {""pose"": 30, ""gesture"": 30}, ""eff_fps"": {""pose"": 30, ""gesture"": 30}, ""latency_ms"": {""pose"": 0, ""gesture"": 0}, ""svclat_ms"": {""pose"": 24.75, ""gesture"": 15.96}}, ""a9"": {""services"": [""pose"", ""gesture""], ""fps"": {""pose"": 30, ""gesture"": 30}, ""eff_fps"": {""pose"": 30, ""gesture"": 30}, ""latency_ms"": {""pose"": 0, ""gesture"": 0}, ""svclat_ms"": {""pose"": 20.87, ""gesture"": 15.37}}, ""a10"": {""services"": [""pose"", ""gesture""], ""fps"": {""pose"": 30, ""gesture"": 30}, ""eff_fps"": {""pose"": 30, ""gesture"": 30}, ""latency_ms"": {""pose"": 0, ""gesture"": 0}, ""svclat_ms"": {""pose"": 23.51, ""gesture"": 16.66}}, ""a11"": {""services"": [""pose"", ""gesture""], ""fps"": {""pose"": 30, ""gesture"": 30}, ""eff_fps"": {""pose"": 30, ""gesture"": 30}, ""latency_ms"": {""pose"": 0, ""gesture"": 0}, ""svclat_ms"": {""pose"": 20.46, ""gesture"": 19.77}}, ""a12"": {""services"": [""pose"", ""gesture""], ""fps"": {""pose"": 0, ""gesture"": 0}, ""eff_fps"": {""pose"": 0, ""gesture"": 0}, ""latency_ms"": {""pose"": 0, ""gesture"": 0}, ""svclat_ms"": {""pose"": 0.0, ""gesture"": 0.0}}, ""a13"": {""services"": [""pose"", ""gesture""], ""fps"": {""pose"": 0, ""gesture"": 0}, ""eff_fps"": {""pose"": 0, ""gesture"": 0}, ""latency_ms"": {""pose"": 0, ""gesture"": 0}, ""svclat_ms"": {""pose"": 0.0, ""gesture"": 0.0}}, ""a14"": {""services"": [""pose"", ""gesture""], ""fps"": {""pose"": 0, ""gesture"": 0}, ""eff_fps"": {""pose"": 0, ""gesture"": 0}, ""latency_ms"": {""pose"": 0, ""gesture"": 0}, ""svclat_ms"": {""pose"": 0.0, ""gesture"": 0.0}}}"
74.0,12,11,0.917,0,0,11,15,12,0.8,1165.0,660.0,0.567,0.0,1.36,0.0,30.0,30.0,0,30.0,30.0,0,0,0,0,22.61,17.47,0,660,"{""ip-172-31-0-204"": ""healthy"", ""ip-172-31-1-171"": ""healthy"", ""ip-172-31-10-12"": ""healthy"", ""ip-172-31-11-132"": ""healthy"", ""ip-172-31-13-134"": ""healthy"", ""ip-172-31-14-68"": ""healthy"", ""ip-172-31-40-239"": ""healthy""}",subscribe,111.4,1.0,0,0,"{""ip-172-31-0-204"": {""gesture"": 1, ""pose"": 1}, ""ip-172-31-40-239"": {""gesture"": 1, ""pose"": 1}, ""ip-172-31-13-134"": {""gesture"": 1, ""pose"": 1}, ""ip-172-31-11-132"": {""pose"": 1, ""gesture"": 1, ""object"": 1}, ""ip-172-31-1-171"": {""pose"": 1, ""gesture"": 1}, ""ip-172-31-10-12"": {""pose"": 1, ""object"": 1}, ""ip-172-31-14-68"": {""object"": 1, ""pose"": 1}}","{""a1"": {""services"": [""pose"", ""gesture""], ""fps"": {""pose"": 30, ""gesture"": 30}, ""eff_fps"": {""pose"": 30, ""gesture"": 30}, ""latency_ms"": {""pose"": 0, ""gesture"": 0}, ""svclat_ms"": {""pose"": 25.18, ""gesture"": 19.4}}, ""a2"": {""services"": [""pose"", ""gesture""], ""fps"": {""pose"": 30, ""gesture"": 30}, ""eff_fps"": {""pose"": 30, ""gesture"": 30}, ""latency_ms"": {""pose"": 0, ""gesture"": 0}, ""svclat_ms"": {""pose"": 25.03, ""gesture"": 18.19}}, ""a3"": {""services"": [""pose"", ""gesture""], ""fps"": {""pose"": 30, ""gesture"": 30}, ""eff_fps"": {""pose"": 30, ""gesture"": 30}, ""latency_ms"": {""pose"": 0, ""gesture"": 0}, ""svclat_ms"": {""pose"": 22.34, ""gesture"": 16.36}}, ""a4"": {""services"": [""pose"", ""gesture""], ""fps"": {""pose"": 30, ""gesture"": 30}, ""eff_fps"": {""pose"": 30, ""gesture"": 30}, ""latency_ms"": {""pose"": 0, ""gesture"": 0}, ""svclat_ms"": {""pose"": 21.92, ""gesture"": 16.62}}, ""a5"": {""services"": [""pose"", ""gesture""], ""fps"": {""pose"": 30, ""gesture"": 30}, ""eff_fps"": {""pose"": 30, ""gesture"": 30}, ""latency_ms"": {""pose"": 0, ""gesture"": 0}, ""svclat_ms"": {""pose"": 20.8, ""gesture"": 16.39}}, ""a6"": {""services"": [""pose"", ""gesture""], ""fps"": {""pose"": 30, ""gesture"": 30}, ""eff_fps"": {""pose"": 30, ""gesture"": 30}, ""latency_ms"": {""pose"": 0, ""gesture"": 0}, ""svclat_ms"": {""pose"": 19.28, ""gesture"": 19.4}}, ""a7"": {""services"": [""pose"", ""gesture""], ""fps"": {""pose"": 30, ""gesture"": 30}, ""eff_fps"": {""pose"": 30, ""gesture"": 30}, ""latency_ms"": {""pose"": 0, ""gesture"": 0}, ""svclat_ms"": {""pose"": 21.79, ""gesture"": 18.23}}, ""a8"": {""services"": [""pose"", ""gesture""], ""fps"": {""pose"": 30, ""gesture"": 30}, ""eff_fps"": {""pose"": 30, ""gesture"": 30}, ""latency_ms"": {""pose"": 0, ""gesture"": 0}, ""svclat_ms"": {""pose"": 25.84, ""gesture"": 16.13}}, ""a9"": {""services"": [""pose"", ""gesture""], ""fps"": {""pose"": 30, ""gesture"": 30}, ""eff_fps"": {""pose"": 30, ""gesture"": 30}, ""latency_ms"": {""pose"": 0, ""gesture"": 0}, ""svclat_ms"": {""pose"": 21.16, ""gesture"": 15.31}}, ""a10"": {""services"": [""pose"", ""gesture""], ""fps"": {""pose"": 30, ""gesture"": 30}, ""eff_fps"": {""pose"": 30, ""gesture"": 30}, ""latency_ms"": {""pose"": 0, ""gesture"": 0}, ""svclat_ms"": {""pose"": 24.88, ""gesture"": 16.02}}, ""a11"": {""services"": [""pose"", ""gesture""], ""fps"": {""pose"": 30, ""gesture"": 30}, ""eff_fps"": {""pose"": 30, ""gesture"": 30}, ""latency_ms"": {""pose"": 0, ""gesture"": 0}, ""svclat_ms"": {""pose"": 20.52, ""gesture"": 20.08}}, ""a12"": {""services"": [""pose"", ""gesture""], ""fps"": {""pose"": 0, ""gesture"": 0}, ""eff_fps"": {""pose"": 0, ""gesture"": 0}, ""latency_ms"": {""pose"": 0, ""gesture"": 0}, ""svclat_ms"": {""pose"": 0.0, ""gesture"": 0.0}}, ""a13"": {""services"": [""pose"", ""gesture""], ""fps"": {""pose"": 0, ""gesture"": 0}, ""eff_fps"": {""pose"": 0, ""gesture"": 0}, ""latency_ms"": {""pose"": 0, ""gesture"": 0}, ""svclat_ms"": {""pose"": 0.0, ""gesture"": 0.0}}, ""a14"": {""services"": [""pose"", ""gesture""], ""fps"": {""pose"": 0, ""gesture"": 0}, ""eff_fps"": {""pose"": 0, ""gesture"": 0}, ""latency_ms"": {""pose"": 0, ""gesture"": 0}, ""svclat_ms"": {""pose"": 0.0, ""gesture"": 0.0}}, ""a15"": {""services"": [""pose"", ""gesture""], ""fps"": {""pose"": 0, ""gesture"": 0}, ""eff_fps"": {""pose"": 0, ""gesture"": 0}, ""latency_ms"": {""pose"": 0, ""gesture"": 0}, ""svclat_ms"": {""pose"": 0.0, ""gesture"": 0.0}}}"
79.8,14,13,0.929,0,0,11,15,12,0.8,1165.0,780.0,0.67,0.0,1.15,0.0,29.77,30.0,0,29.77,30.0,0,0,0,0,23.53,19.06,0,777,"{""ip-172-31-0-204"": ""healthy"", ""ip-172-31-1-171"": ""healthy"", ""ip-172-31-10-12"": ""healthy"", ""ip-172-31-11-132"": ""healthy"", ""ip-172-31-13-134"": ""healthy"", ""ip-172-31-14-68"": ""healthy"", ""ip-172-31-40-239"": ""healthy""}",subscribe,124.3,1.0,0,0,"{""ip-172-31-0-204"": {""gesture"": 1, ""pose"": 1}, ""ip-172-31-40-239"": {""gesture"": 1, ""pose"": 1}, ""ip-172-31-13-134"": {""gesture"": 1, ""pose"": 1}, ""ip-172-31-11-132"": {""pose"": 1, ""gesture"": 1, ""object"": 1}, ""ip-172-31-1-171"": {""pose"": 1, ""gesture"": 1}, ""ip-172-31-10-12"": {""pose"": 1, ""object"": 1}, ""ip-172-31-14-68"": {""object"": 1, ""pose"": 1}}","{""a2"": {""services"": [""pose"", ""gesture""], ""fps"": {""pose"": 30, ""gesture"": 30}, ""eff_fps"": {""pose"": 30, ""gesture"": 30}, ""latency_ms"": {""pose"": 0, ""gesture"": 0}, ""svclat_ms"": {""pose"": 26.02, ""gesture"": 18.55}}, ""a3"": {""services"": [""pose"", ""gesture""], ""fps"": {""pose"": 30, ""gesture"": 30}, ""eff_fps"": {""pose"": 30, ""gesture"": 30}, ""latency_ms"": {""pose"": 0, ""gesture"": 0}, ""svclat_ms"": {""pose"": 23.41, ""gesture"": 24.91}}, ""a4"": {""services"": [""pose"", ""gesture""], ""fps"": {""pose"": 30, ""gesture"": 30}, ""eff_fps"": {""pose"": 30, ""gesture"": 30}, ""latency_ms"": {""pose"": 0, ""gesture"": 0}, ""svclat_ms"": {""pose"": 22.06, ""gesture"": 17.71}}, ""a5"": {""services"": [""pose"", ""gesture""], ""fps"": {""pose"": 30, ""gesture"": 30}, ""eff_fps"": {""pose"": 30, ""gesture"": 30}, ""latency_ms"": {""pose"": 0, ""gesture"": 0}, ""svclat_ms"": {""pose"": 20.54, ""gesture"": 16.97}}, ""a6"": {""services"": [""pose"", ""gesture""], ""fps"": {""pose"": 29, ""gesture"": 30}, ""eff_fps"": {""pose"": 29, ""gesture"": 30}, ""latency_ms"": {""pose"": 0, ""gesture"": 0}, ""svclat_ms"": {""pose"": 22.77, ""gesture"": 17.17}}, ""a7"": {""services"": [""pose"", ""gesture""], ""fps"": {""pose"": 29, ""gesture"": 30}, ""eff_fps"": {""pose"": 29, ""gesture"": 30}, ""latency_ms"": {""pose"": 0, ""gesture"": 0}, ""svclat_ms"": {""pose"": 27.32, ""gesture"": 19.27}}, ""a8"": {""services"": [""pose"", ""gesture""], ""fps"": {""pose"": 30, ""gesture"": 30}, ""eff_fps"": {""pose"": 30, ""gesture"": 30}, ""latency_ms"": {""pose"": 0, ""gesture"": 0}, ""svclat_ms"": {""pose"": 22.19, ""gesture"": 19.08}}, ""a9"": {""services"": [""pose"", ""gesture""], ""fps"": {""pose"": 30, ""gesture"": 30}, ""eff_fps"": {""pose"": 30, ""gesture"": 30}, ""latency_ms"": {""pose"": 0, ""gesture"": 0}, ""svclat_ms"": {""pose"": 20.79, ""gesture"": 16.33}}, ""a10"": {""services"": [""pose"", ""gesture""], ""fps"": {""pose"": 30, ""gesture"": 30}, ""eff_fps"": {""pose"": 30, ""gesture"": 30}, ""latency_ms"": {""pose"": 0, ""gesture"": 0}, ""svclat_ms"": {""pose"": 24.93, ""gesture"": 18.22}}, ""a11"": {""services"": [""pose"", ""gesture""], ""fps"": {""pose"": 30, ""gesture"": 30}, ""eff_fps"": {""pose"": 30, ""gesture"": 30}, ""latency_ms"": {""pose"": 0, ""gesture"": 0}, ""svclat_ms"": {""pose"": 23.83, ""gesture"": 18.48}}, ""a12"": {""services"": [""pose"", ""gesture""], ""fps"": {""pose"": 30, ""gesture"": 30}, ""eff_fps"": {""pose"": 30, ""gesture"": 30}, ""latency_ms"": {""pose"": 0, ""gesture"": 0}, ""svclat_ms"": {""pose"": 20.19, ""gesture"": 18.22}}, ""a13"": {""services"": [""pose"", ""gesture""], ""fps"": {""pose"": 30, ""gesture"": 30}, ""eff_fps"": {""pose"": 30, ""gesture"": 30}, ""latency_ms"": {""pose"": 0, ""gesture"": 0}, ""svclat_ms"": {""pose"": 22.86, ""gesture"": 19.45}}, ""a14"": {""services"": [""pose"", ""gesture""], ""fps"": {""pose"": 29, ""gesture"": 30}, ""eff_fps"": {""pose"": 29, ""gesture"": 30}, ""latency_ms"": {""pose"": 0, ""gesture"": 0}, ""svclat_ms"": {""pose"": 28.96, ""gesture"": 23.37}}, ""a15"": {""services"": [""pose"", ""gesture""], ""fps"": {""pose"": 0, ""gesture"": 0}, ""eff_fps"": {""pose"": 0, ""gesture"": 0}, ""latency_ms"": {""pose"": 0, ""gesture"": 0}, ""svclat_ms"": {""pose"": 0.0, ""gesture"": 0.0}}, ""a16"": {""services"": [""pose"", ""gesture""], ""fps"": {""pose"": 0, ""gesture"": 0}, ""eff_fps"": {""pose"": 0, ""gesture"": 0}, ""latency_ms"": {""pose"": 0, ""gesture"": 0}, ""svclat_ms"": {""pose"": 0.0, ""gesture"": 0.0}}}"
82.3,15,14,0.933,0,0,11,15,12,0.8,1165.0,838.0,0.719,0.0,1.07,0.0,27.36,28.07,0,27.36,28.07,0,0,0,0,23.33,19.32,0,776,"{""ip-172-31-0-204"": ""healthy"", ""ip-172-31-1-171"": ""healthy"", ""ip-172-31-10-12"": ""healthy"", ""ip-172-31-11-132"": ""healthy"", ""ip-172-31-13-134"": ""healthy"", ""ip-172-31-14-68"": ""healthy"", ""ip-172-31-40-239"": ""healthy""}",subscribe,125.1,0.9976,0,0,"{""ip-172-31-0-204"": {""gesture"": 1, ""pose"": 1}, ""ip-172-31-40-239"": {""gesture"": 1, ""pose"": 1}, ""ip-172-31-13-134"": {""gesture"": 1, ""pose"": 1}, ""ip-172-31-11-132"": {""pose"": 1, ""gesture"": 1, ""object"": 1}, ""ip-172-31-1-171"": {""pose"": 1, ""gesture"": 1}, ""ip-172-31-10-12"": {""pose"": 1, ""object"": 1}, ""ip-172-31-14-68"": {""object"": 1, ""pose"": 1}}","{""a2"": {""services"": [""pose"", ""gesture""], ""fps"": {""pose"": 30, ""gesture"": 31}, ""eff_fps"": {""pose"": 30, ""gesture"": 31}, ""latency_ms"": {""pose"": 0, ""gesture"": 0}, ""svclat_ms"": {""pose"": 25.51, ""gesture"": 18.17}}, ""a3"": {""services"": [""pose"", ""gesture""], ""fps"": {""pose"": 30, ""gesture"": 30}, ""eff_fps"": {""pose"": 30, ""gesture"": 30}, ""latency_ms"": {""pose"": 0, ""gesture"": 0}, ""svclat_ms"": {""pose"": 22.35, ""gesture"": 24.09}}, ""a4"": {""services"": [""pose"", ""gesture""], ""fps"": {""pose"": 30, ""gesture"": 30}, ""eff_fps"": {""pose"": 30, ""gesture"": 30}, ""latency_ms"": {""pose"": 0, ""gesture"": 0}, ""svclat_ms"": {""pose"": 22.23, ""gesture"": 17.83}}, ""a5"": {""services"": [""pose"", ""gesture""], ""fps"": {""pose"": 30, ""gesture"": 30}, ""eff_fps"": {""pose"": 30, ""gesture"": 30}, ""latency_ms"": {""pose"": 0, ""gesture"": 0}, ""svclat_ms"": {""pose"": 20.7, ""gesture"": 17.85}}, ""a6"": {""services"": [""pose"", ""gesture""], ""fps"": {""pose"": 30, ""gesture"": 30}, ""eff_fps"": {""pose"": 30, ""gesture"": 30}, ""latency_ms"": {""pose"": 0, ""gesture"": 0}, ""svclat_ms"": {""pose"": 21.36, ""gesture"": 16.63}}, ""a7"": {""services"": [""pose"", ""gesture""], ""fps"": {""pose"": 29, ""gesture"": 30}, ""eff_fps"": {""pose"": 29, ""gesture"": 30}, ""latency_ms"": {""pose"": 0, ""gesture"": 0}, ""svclat_ms"": {""pose"": 23.03, ""gesture"": 18.79}}, ""a8"": {""services"": [""pose"", ""gesture""], ""fps"": {""pose"": 23, ""gesture"": 31}, ""eff_fps"": {""pose"": 23, ""gesture"": 31}, ""latency_ms"": {""pose"": 0, ""gesture"": 0}, ""svclat_ms"": {""pose"": 21.9, ""gesture"": 17.35}}, ""a9"": {""services"": [""pose"", ""gesture""], ""fps"": {""pose"": 30, ""gesture"": 30}, ""eff_fps"": {""pose"": 30, ""gesture"": 30}, ""latency_ms"": {""pose"": 0, ""gesture"": 0}, ""svclat_ms"": {""pose"": 21.2, ""gesture"": 16.61}}, ""a10"": {""services"": [""pose"", ""gesture""], ""fps"": {""pose"": 30, ""gesture"": 30}, ""eff_fps"": {""pose"": 30, ""gesture"": 30}, ""latency_ms"": {""pose"": 0, ""gesture"": 0}, ""svclat_ms"": {""pose"": 25.0, ""gesture"": 18.2}}, ""a11"": {""services"": [""pose"", ""gesture""], ""fps"": {""pose"": 30, ""gesture"": 30}, ""eff_fps"": {""pose"": 30, ""gesture"": 30}, ""latency_ms"": {""pose"": 0, ""gesture"": 0}, ""svclat_ms"": {""pose"": 23.55, ""gesture"": 15.72}}, ""a12"": {""services"": [""pose"", ""gesture""], ""fps"": {""pose"": 30, ""gesture"": 30}, ""eff_fps"": {""pose"": 30, ""gesture"": 30}, ""latency_ms"": {""pose"": 0, ""gesture"": 0}, ""svclat_ms"": {""pose"": 20.04, ""gesture"": 19.04}}, ""a13"": {""services"": [""pose"", ""gesture""], ""fps"": {""pose"": 30, ""gesture"": 30}, ""eff_fps"": {""pose"": 30, ""gesture"": 30}, ""latency_ms"": {""pose"": 0, ""gesture"": 0}, ""svclat_ms"": {""pose"": 23.35, ""gesture"": 18.26}}, ""a14"": {""services"": [""pose"", ""gesture""], ""fps"": {""pose"": 29, ""gesture"": 30}, ""eff_fps"": {""pose"": 29, ""gesture"": 30}, ""latency_ms"": {""pose"": 0, ""gesture"": 0}, ""svclat_ms"": {""pose"": 28.06, ""gesture"": 24.42}}, ""a15"": {""services"": [""pose"", ""gesture""], ""fps"": {""pose"": 2, ""gesture"": 1}, ""eff_fps"": {""pose"": 2, ""gesture"": 1}, ""latency_ms"": {""pose"": 0, ""gesture"": 0}, ""svclat_ms"": {""pose"": 28.38, ""gesture"": 27.55}}, ""a16"": {""services"": [""pose"", ""gesture""], ""fps"": {""pose"": 0, ""gesture"": 0}, ""eff_fps"": {""pose"": 0, ""gesture"": 0}, ""latency_ms"": {""pose"": 0, ""gesture"": 0}, ""svclat_ms"": {""pose"": 0.0, ""gesture"": 0.0}}, ""a17"": {""services"": [""pose"", ""gesture""], ""fps"": {""pose"": 0, ""gesture"": 0}, ""eff_fps"": {""pose"": 0, ""gesture"": 0}, ""latency_ms"": {""pose"": 0, ""gesture"": 0}, ""svclat_ms"": {""pose"": 0.0, ""gesture"": 0.0}}}"
84.8,15,14,0.933,0,0,11,15,12,0.8,1165.0,838.0,0.719,0.0,1.07,0.0,28.79,30.0,0,28.79,30.0,0,0,0,0,22.94,18.61,0,823,"{""ip-172-31-0-204"": ""healthy"", ""ip-172-31-1-171"": ""healthy"", ""ip-172-31-10-12"": ""healthy"", ""ip-172-31-11-132"": ""healthy"", ""ip-172-31-13-134"": ""healthy"", ""ip-172-31-14-68"": ""healthy"", ""ip-172-31-40-239"": ""healthy""}",subscribe,125.1,0.9976,0,0,"{""ip-172-31-0-204"": {""gesture"": 1, ""pose"": 1}, ""ip-172-31-40-239"": {""gesture"": 1, ""pose"": 1}, ""ip-172-31-13-134"": {""gesture"": 1, ""pose"": 1}, ""ip-172-31-11-132"": {""pose"": 1, ""gesture"": 1, ""object"": 1}, ""ip-172-31-1-171"": {""pose"": 1, ""gesture"": 1}, ""ip-172-31-10-12"": {""pose"": 1, ""object"": 1}, ""ip-172-31-14-68"": {""object"": 1, ""pose"": 1}}","{""a2"": {""services"": [""pose"", ""gesture""], ""fps"": {""pose"": 30, ""gesture"": 30}, ""eff_fps"": {""pose"": 30, ""gesture"": 30}, ""latency_ms"": {""pose"": 0, ""gesture"": 0}, ""svclat_ms"": {""pose"": 25.74, ""gesture"": 17.99}}, ""a3"": {""services"": [""pose"", ""gesture""], ""fps"": {""pose"": 30, ""gesture"": 30}, ""eff_fps"": {""pose"": 30, ""gesture"": 30}, ""latency_ms"": {""pose"": 0, ""gesture"": 0}, ""svclat_ms"": {""pose"": 21.6, ""gesture"": 20.76}}, ""a4"": {""services"": [""pose"", ""gesture""], ""fps"": {""pose"": 30, ""gesture"": 30}, ""eff_fps"": {""pose"": 30, ""gesture"": 30}, ""latency_ms"": {""pose"": 0, ""gesture"": 0}, ""svclat_ms"": {""pose"": 22.19, ""gesture"": 18.37}}, ""a5"": {""services"": [""pose"", ""gesture""], ""fps"": {""pose"": 30, ""gesture"": 30}, ""eff_fps"": {""pose"": 30, ""gesture"": 30}, ""latency_ms"": {""pose"": 0, ""gesture"": 0}, ""svclat_ms"": {""pose"": 22.0, ""gesture"": 19.34}}, ""a6"": {""services"": [""pose"", ""gesture""], ""fps"": {""pose"": 31, ""gesture"": 30}, ""eff_fps"": {""pose"": 31, ""gesture"": 30}, ""latency_ms"": {""pose"": 0, ""gesture"": 0}, ""svclat_ms"": {""pose"": 21.94, ""gesture"": 16.75}}, ""a7"": {""services"": [""pose"", ""gesture""], ""fps"": {""pose"": 29, ""gesture"": 30}, ""eff_fps"": {""pose"": 29, ""gesture"": 30}, ""latency_ms"": {""pose"": 0, ""gesture"": 0}, ""svclat_ms"": {""pose"": 24.27, ""gesture"": 18.89}}, ""a8"": {""services"": [""pose"", ""gesture""], ""fps"": {""pose"": 23, ""gesture"": 30}, ""eff_fps"": {""pose"": 23, ""gesture"": 30}, ""latency_ms"": {""pose"": 0, ""gesture"": 0}, ""svclat_ms"": {""pose"": 22.67, ""gesture"": 16.87}}, ""a9"": {""services"": [""pose"", ""gesture""], ""fps"": {""pose"": 30, ""gesture"": 30}, ""eff_fps"": {""pose"": 30, ""gesture"": 30}, ""latency_ms"": {""pose"": 0, ""gesture"": 0}, ""svclat_ms"": {""pose"": 20.59, ""gesture"": 18.24}}, ""a10"": {""services"": [""pose"", ""gesture""], ""fps"": {""pose"": 30, ""gesture"": 30}, ""eff_fps"": {""pose"": 30, ""gesture"": 30}, ""latency_ms"": {""pose"": 0, ""gesture"": 0}, ""svclat_ms"": {""pose"": 24.47, ""gesture"": 17.47}}, ""a11"": {""services"": [""pose"", ""gesture""], ""fps"": {""pose"": 30, ""gesture"": 30}, ""eff_fps"": {""pose"": 30, ""gesture"": 30}, ""latency_ms"": {""pose"": 0, ""gesture"": 0}, ""svclat_ms"": {""pose"": 23.04, ""gesture"": 17.04}}, ""a12"": {""services"": [""pose"", ""gesture""], ""fps"": {""pose"": 30, ""gesture"": 30}, ""eff_fps"": {""pose"": 30, ""gesture"": 30}, ""latency_ms"": {""pose"": 0, ""gesture"": 0}, ""svclat_ms"": {""pose"": 20.86, ""gesture"": 19.43}}, ""a13"": {""services"": [""pose"", ""gesture""], ""fps"": {""pose"": 28, ""gesture"": 30}, ""eff_fps"": {""pose"": 28, ""gesture"": 30}, ""latency_ms"": {""pose"": 0, ""gesture"": 0}, ""svclat_ms"": {""pose"": 24.82, ""gesture"": 18.51}}, ""a14"": {""services"": [""pose"", ""gesture""], ""fps"": {""pose"": 29, ""gesture"": 30}, ""eff_fps"": {""pose"": 29, ""gesture"": 30}, ""latency_ms"": {""pose"": 0, ""gesture"": 0}, ""svclat_ms"": {""pose"": 25.92, ""gesture"": 21.79}}, ""a15"": {""services"": [""pose"", ""gesture""], ""fps"": {""pose"": 23, ""gesture"": 30}, ""eff_fps"": {""pose"": 23, ""gesture"": 30}, ""latency_ms"": {""pose"": 0, ""gesture"": 0}, ""svclat_ms"": {""pose"": 21.0, ""gesture"": 19.12}}, ""a16"": {""services"": [""pose"", ""gesture""], ""fps"": {""pose"": 0, ""gesture"": 0}, ""eff_fps"": {""pose"": 0, ""gesture"": 0}, ""latency_ms"": {""pose"": 0, ""gesture"": 0}, ""svclat_ms"": {""pose"": 0.0, ""gesture"": 0.0}}, ""a17"": {""services"": [""pose"", ""gesture""], ""fps"": {""pose"": 0, ""gesture"": 0}, ""eff_fps"": {""pose"": 0, ""gesture"": 0}, ""latency_ms"": {""pose"": 0, ""gesture"": 0}, ""svclat_ms"": {""pose"": 0.0, ""gesture"": 0.0}}}"
87.3,15,14,0.933,0,0,11,15,12,0.8,1165.0,838.0,0.719,0.0,1.07,0.0,28.86,30.0,0,28.86,30.0,0,0,0,0,23.55,18.69,0,824,"{""ip-172-31-0-204"": ""healthy"", ""ip-172-31-1-171"": ""healthy"", ""ip-172-31-10-12"": ""healthy"", ""ip-172-31-11-132"": ""healthy"", ""ip-172-31-13-134"": ""healthy"", ""ip-172-31-14-68"": ""healthy"", ""ip-172-31-40-239"": ""healthy""}",subscribe,125.1,0.9976,0,0,"{""ip-172-31-0-204"": {""gesture"": 1, ""pose"": 1}, ""ip-172-31-40-239"": {""gesture"": 1, ""pose"": 1}, ""ip-172-31-13-134"": {""gesture"": 1, ""pose"": 1}, ""ip-172-31-11-132"": {""pose"": 1, ""gesture"": 1, ""object"": 1}, ""ip-172-31-1-171"": {""pose"": 1, ""gesture"": 1}, ""ip-172-31-10-12"": {""pose"": 1, ""object"": 1}, ""ip-172-31-14-68"": {""object"": 1, ""pose"": 1}}","{""a2"": {""services"": [""pose"", ""gesture""], ""fps"": {""pose"": 30, ""gesture"": 30}, ""eff_fps"": {""pose"": 30, ""gesture"": 30}, ""latency_ms"": {""pose"": 0, ""gesture"": 0}, ""svclat_ms"": {""pose"": 24.59, ""gesture"": 17.32}}, ""a3"": {""services"": [""pose"", ""gesture""], ""fps"": {""pose"": 30, ""gesture"": 30}, ""eff_fps"": {""pose"": 30, ""gesture"": 30}, ""latency_ms"": {""pose"": 0, ""gesture"": 0}, ""svclat_ms"": {""pose"": 23.49, ""gesture"": 24.02}}, ""a4"": {""services"": [""pose"", ""gesture""], ""fps"": {""pose"": 30, ""gesture"": 30}, ""eff_fps"": {""pose"": 30, ""gesture"": 30}, ""latency_ms"": {""pose"": 0, ""gesture"": 0}, ""svclat_ms"": {""pose"": 21.74, ""gesture"": 17.28}}, ""a5"": {""services"": [""pose"", ""gesture""], ""fps"": {""pose"": 30, ""gesture"": 30}, ""eff_fps"": {""pose"": 30, ""gesture"": 30}, ""latency_ms"": {""pose"": 0, ""gesture"": 0}, ""svclat_ms"": {""pose"": 22.37, ""gesture"": 19.35}}, ""a6"": {""services"": [""pose"", ""gesture""], ""fps"": {""pose"": 30, ""gesture"": 30}, ""eff_fps"": {""pose"": 30, ""gesture"": 30}, ""latency_ms"": {""pose"": 0, ""gesture"": 0}, ""svclat_ms"": {""pose"": 25.15, ""gesture"": 17.37}}, ""a7"": {""services"": [""pose"", ""gesture""], ""fps"": {""pose"": 29, ""gesture"": 30}, ""eff_fps"": {""pose"": 29, ""gesture"": 30}, ""latency_ms"": {""pose"": 0, ""gesture"": 0}, ""svclat_ms"": {""pose"": 24.55, ""gesture"": 18.31}}, ""a8"": {""services"": [""pose"", ""gesture""], ""fps"": {""pose"": 23, ""gesture"": 30}, ""eff_fps"": {""pose"": 23, ""gesture"": 30}, ""latency_ms"": {""pose"": 0, ""gesture"": 0}, ""svclat_ms"": {""pose"": 22.19, ""gesture"": 17.05}}, ""a9"": {""services"": [""pose"", ""gesture""], ""fps"": {""pose"": 30, ""gesture"": 30}, ""eff_fps"": {""pose"": 30, ""gesture"": 30}, ""latency_ms"": {""pose"": 0, ""gesture"": 0}, ""svclat_ms"": {""pose"": 20.73, ""gesture"": 18.08}}, ""a10"": {""services"": [""pose"", ""gesture""], ""fps"": {""pose"": 30, ""gesture"": 30}, ""eff_fps"": {""pose"": 30, ""gesture"": 30}, ""latency_ms"": {""pose"": 0, ""gesture"": 0}, ""svclat_ms"": {""pose"": 23.58, ""gesture"": 17.91}}, ""a11"": {""services"": [""pose"", ""gesture""], ""fps"": {""pose"": 30, ""gesture"": 30}, ""eff_fps"": {""pose"": 30, ""gesture"": 30}, ""latency_ms"": {""pose"": 0, ""gesture"": 0}, ""svclat_ms"": {""pose"": 23.68, ""gesture"": 16.07}}, ""a12"": {""services"": [""pose"", ""gesture""], ""fps"": {""pose"": 30, ""gesture"": 30}, ""eff_fps"": {""pose"": 30, ""gesture"": 30}, ""latency_ms"": {""pose"": 0, ""gesture"": 0}, ""svclat_ms"": {""pose"": 21.98, ""gesture"": 18.44}}, ""a13"": {""services"": [""pose"", ""gesture""], ""fps"": {""pose"": 30, ""gesture"": 30}, ""eff_fps"": {""pose"": 30, ""gesture"": 30}, ""latency_ms"": {""pose"": 0, ""gesture"": 0}, ""svclat_ms"": {""pose"": 27.4, ""gesture"": 18.91}}, ""a14"": {""services"": [""pose"", ""gesture""], ""fps"": {""pose"": 29, ""gesture"": 30}, ""eff_fps"": {""pose"": 29, ""gesture"": 30}, ""latency_ms"": {""pose"": 0, ""gesture"": 0}, ""svclat_ms"": {""pose"": 27.1, ""gesture"": 22.66}}, ""a15"": {""services"": [""pose"", ""gesture""], ""fps"": {""pose"": 23, ""gesture"": 30}, ""eff_fps"": {""pose"": 23, ""gesture"": 30}, ""latency_ms"": {""pose"": 0, ""gesture"": 0}, ""svclat_ms"": {""pose"": 21.19, ""gesture"": 18.88}}, ""a16"": {""services"": [""pose"", ""gesture""], ""fps"": {""pose"": 0, ""gesture"": 0}, ""eff_fps"": {""pose"": 0, ""gesture"": 0}, ""latency_ms"": {""pose"": 0, ""gesture"": 0}, ""svclat_ms"": {""pose"": 0.0, ""gesture"": 0.0}}, ""a17"": {""services"": [""pose"", ""gesture""], ""fps"": {""pose"": 0, ""gesture"": 0}, ""eff_fps"": {""pose"": 0, ""gesture"": 0}, ""latency_ms"": {""pose"": 0, ""gesture"": 0}, ""svclat_ms"": {""pose"": 0.0, ""gesture"": 0.0}}, ""a18"": {""services"": [""pose"", ""gesture""], ""fps"": {""pose"": 0, ""gesture"": 0}, ""eff_fps"": {""pose"": 0, ""gesture"": 0}, ""latency_ms"": {""pose"": 0, ""gesture"": 0}, ""svclat_ms"": {""pose"": 0.0, ""gesture"": 0.0}}}"
89.8,15,14,0.933,0,0,11,15,12,0.8,1165.0,838.0,0.719,0.0,1.07,0.0,28.86,30.0,0,28.86,30.0,0,0,0,0,23.05,18.55,0,824,"{""ip-172-31-0-204"": ""healthy"", ""ip-172-31-1-171"": ""healthy"", ""ip-172-31-10-12"": ""healthy"", ""ip-172-31-11-132"": ""healthy"", ""ip-172-31-13-134"": ""healthy"", ""ip-172-31-14-68"": ""healthy"", ""ip-172-31-40-239"": ""healthy""}",subscribe,125.1,0.9976,0,0,"{""ip-172-31-0-204"": {""gesture"": 1, ""pose"": 1}, ""ip-172-31-40-239"": {""gesture"": 1, ""pose"": 1}, ""ip-172-31-13-134"": {""gesture"": 1, ""pose"": 1}, ""ip-172-31-11-132"": {""pose"": 1, ""gesture"": 1, ""object"": 1}, ""ip-172-31-1-171"": {""pose"": 1, ""gesture"": 1}, ""ip-172-31-10-12"": {""pose"": 1, ""object"": 1}, ""ip-172-31-14-68"": {""object"": 1, ""pose"": 1}}","{""a2"": {""services"": [""pose"", ""gesture""], ""fps"": {""pose"": 30, ""gesture"": 30}, ""eff_fps"": {""pose"": 30, ""gesture"": 30}, ""latency_ms"": {""pose"": 0, ""gesture"": 0}, ""svclat_ms"": {""pose"": 24.82, ""gesture"": 17.47}}, ""a3"": {""services"": [""pose"", ""gesture""], ""fps"": {""pose"": 30, ""gesture"": 30}, ""eff_fps"": {""pose"": 30, ""gesture"": 30}, ""latency_ms"": {""pose"": 0, ""gesture"": 0}, ""svclat_ms"": {""pose"": 22.66, ""gesture"": 22.94}}, ""a4"": {""services"": [""pose"", ""gesture""], ""fps"": {""pose"": 30, ""gesture"": 30}, ""eff_fps"": {""pose"": 30, ""gesture"": 30}, ""latency_ms"": {""pose"": 0, ""gesture"": 0}, ""svclat_ms"": {""pose"": 21.71, ""gesture"": 17.47}}, ""a5"": {""services"": [""pose"", ""gesture""], ""fps"": {""pose"": 30, ""gesture"": 30}, ""eff_fps"": {""pose"": 30, ""gesture"": 30}, ""latency_ms"": {""pose"": 0, ""gesture"": 0}, ""svclat_ms"": {""pose"": 20.87, ""gesture"": 18.75}}, ""a6"": {""services"": [""pose"", ""gesture""], ""fps"": {""pose"": 30, ""gesture"": 30}, ""eff_fps"": {""pose"": 30, ""gesture"": 30}, ""latency_ms"": {""pose"": 0, ""gesture"": 0}, ""svclat_ms"": {""pose"": 24.79, ""gesture"": 16.86}}, ""a7"": {""services"": [""pose"", ""gesture""], ""fps"": {""pose"": 29, ""gesture"": 30}, ""eff_fps"": {""pose"": 29, ""gesture"": 30}, ""latency_ms"": {""pose"": 0, ""gesture"": 0}, ""svclat_ms"": {""pose"": 23.39, ""gesture"": 17.89}}, ""a8"": {""services"": [""pose"", ""gesture""], ""fps"": {""pose"": 23, ""gesture"": 30}, ""eff_fps"": {""pose"": 23, ""gesture"": 30}, ""latency_ms"": {""pose"": 0, ""gesture"": 0}, ""svclat_ms"": {""pose"": 22.32, ""gesture"": 16.98}}, ""a9"": {""services"": [""pose"", ""gesture""], ""fps"": {""pose"": 30, ""gesture"": 30}, ""eff_fps"": {""pose"": 30, ""gesture"": 30}, ""latency_ms"": {""pose"": 0, ""gesture"": 0}, ""svclat_ms"": {""pose"": 20.63, ""gesture"": 17.97}}, ""a10"": {""services"": [""pose"", ""gesture""], ""fps"": {""pose"": 30, ""gesture"": 30}, ""eff_fps"": {""pose"": 30, ""gesture"": 30}, ""latency_ms"": {""pose"": 0, ""gesture"": 0}, ""svclat_ms"": {""pose"": 23.84, ""gesture"": 17.43}}, ""a11"": {""services"": [""pose"", ""gesture""], ""fps"": {""pose"": 30, ""gesture"": 30}, ""eff_fps"": {""pose"": 30, ""gesture"": 30}, ""latency_ms"": {""pose"": 0, ""gesture"": 0}, ""svclat_ms"": {""pose"": 23.38, ""gesture"": 16.73}}, ""a12"": {""services"": [""pose"", ""gesture""], ""fps"": {""pose"": 30, ""gesture"": 30}, ""eff_fps"": {""pose"": 30, ""gesture"": 30}, ""latency_ms"": {""pose"": 0, ""gesture"": 0}, ""svclat_ms"": {""pose"": 20.02, ""gesture"": 18.14}}, ""a13"": {""services"": [""pose"", ""gesture""], ""fps"": {""pose"": 30, ""gesture"": 30}, ""eff_fps"": {""pose"": 30, ""gesture"": 30}, ""latency_ms"": {""pose"": 0, ""gesture"": 0}, ""svclat_ms"": {""pose"": 27.4, ""gesture"": 18.56}}, ""a14"": {""services"": [""pose"", ""gesture""], ""fps"": {""pose"": 29, ""gesture"": 30}, ""eff_fps"": {""pose"": 29, ""gesture"": 30}, ""latency_ms"": {""pose"": 0, ""gesture"": 0}, ""svclat_ms"": {""pose"": 25.09, ""gesture"": 23.15}}, ""a15"": {""services"": [""pose"", ""gesture""], ""fps"": {""pose"": 23, ""gesture"": 30}, ""eff_fps"": {""pose"": 23, ""gesture"": 30}, ""latency_ms"": {""pose"": 0, ""gesture"": 0}, ""svclat_ms"": {""pose"": 21.78, ""gesture"": 19.31}}, ""a16"": {""services"": [""pose"", ""gesture""], ""fps"": {""pose"": 0, ""gesture"": 0}, ""eff_fps"": {""pose"": 0, ""gesture"": 0}, ""latency_ms"": {""pose"": 0, ""gesture"": 0}, ""svclat_ms"": {""pose"": 0.0, ""gesture"": 0.0}}, ""a17"": {""services"": [""pose"", ""gesture""], ""fps"": {""pose"": 0, ""gesture"": 0}, ""eff_fps"": {""pose"": 0, ""gesture"": 0}, ""latency_ms"": {""pose"": 0, ""gesture"": 0}, ""svclat_ms"": {""pose"": 0.0, ""gesture"": 0.0}}, ""a18"": {""services"": [""pose"", ""gesture""], ""fps"": {""pose"": 0, ""gesture"": 0}, ""eff_fps"": {""pose"": 0, ""gesture"": 0}, ""latency_ms"": {""pose"": 0, ""gesture"": 0}, ""svclat_ms"": {""pose"": 0.0, ""gesture"": 0.0}}}"
92.4,15,14,0.933,0,0,11,15,12,0.8,1165.0,838.0,0.719,0.0,1.07,0.0,28.77,30.08,0,28.77,30.08,0,0,0,0,23.07,19.04,0,765,"{""ip-172-31-0-204"": ""healthy"", ""ip-172-31-1-171"": ""healthy"", ""ip-172-31-10-12"": ""healthy"", ""ip-172-31-11-132"": ""healthy"", ""ip-172-31-13-134"": ""healthy"", ""ip-172-31-14-68"": ""healthy"", ""ip-172-31-40-239"": ""healthy""}",subscribe,125.1,0.9976,0,0,"{""ip-172-31-0-204"": {""gesture"": 1, ""pose"": 1}, ""ip-172-31-40-239"": {""gesture"": 1, ""pose"": 1}, ""ip-172-31-13-134"": {""gesture"": 1, ""pose"": 1}, ""ip-172-31-11-132"": {""pose"": 1, ""gesture"": 1, ""object"": 1}, ""ip-172-31-1-171"": {""pose"": 1, ""gesture"": 1}, ""ip-172-31-10-12"": {""pose"": 1, ""object"": 1}, ""ip-172-31-14-68"": {""object"": 1, ""pose"": 1}}","{""a3"": {""services"": [""pose"", ""gesture""], ""fps"": {""pose"": 30, ""gesture"": 30}, ""eff_fps"": {""pose"": 30, ""gesture"": 30}, ""latency_ms"": {""pose"": 0, ""gesture"": 0}, ""svclat_ms"": {""pose"": 22.75, ""gesture"": 23.8}}, ""a4"": {""services"": [""pose"", ""gesture""], ""fps"": {""pose"": 30, ""gesture"": 30}, ""eff_fps"": {""pose"": 30, ""gesture"": 30}, ""latency_ms"": {""pose"": 0, ""gesture"": 0}, ""svclat_ms"": {""pose"": 21.76, ""gesture"": 17.71}}, ""a5"": {""services"": [""pose"", ""gesture""], ""fps"": {""pose"": 30, ""gesture"": 30}, ""eff_fps"": {""pose"": 30, ""gesture"": 30}, ""latency_ms"": {""pose"": 0, ""gesture"": 0}, ""svclat_ms"": {""pose"": 21.1, ""gesture"": 19.56}}, ""a6"": {""services"": [""pose"", ""gesture""], ""fps"": {""pose"": 30, ""gesture"": 30}, ""eff_fps"": {""pose"": 30, ""gesture"": 30}, ""latency_ms"": {""pose"": 0, ""gesture"": 0}, ""svclat_ms"": {""pose"": 25.11, ""gesture"": 17.12}}, ""a7"": {""services"": [""pose"", ""gesture""], ""fps"": {""pose"": 29, ""gesture"": 31}, ""eff_fps"": {""pose"": 29, ""gesture"": 31}, ""latency_ms"": {""pose"": 0, ""gesture"": 0}, ""svclat_ms"": {""pose"": 24.0, ""gesture"": 18.02}}, ""a8"": {""services"": [""pose"", ""gesture""], ""fps"": {""pose"": 23, ""gesture"": 30}, ""eff_fps"": {""pose"": 23, ""gesture"": 30}, ""latency_ms"": {""pose"": 0, ""gesture"": 0}, ""svclat_ms"": {""pose"": 21.97, ""gesture"": 16.96}}, ""a9"": {""services"": [""pose"", ""gesture""], ""fps"": {""pose"": 30, ""gesture"": 30}, ""eff_fps"": {""pose"": 30, ""gesture"": 30}, ""latency_ms"": {""pose"": 0, ""gesture"": 0}, ""svclat_ms"": {""pose"": 20.84, ""gesture"": 18.55}}, ""a10"": {""services"": [""pose"", ""gesture""], ""fps"": {""pose"": 30, ""gesture"": 30}, ""eff_fps"": {""pose"": 30, ""gesture"": 30}, ""latency_ms"": {""pose"": 0, ""gesture"": 0}, ""svclat_ms"": {""pose"": 24.39, ""gesture"": 17.93}}, ""a11"": {""services"": [""pose"", ""gesture""], ""fps"": {""pose"": 30, ""gesture"": 30}, ""eff_fps"": {""pose"": 30, ""gesture"": 30}, ""latency_ms"": {""pose"": 0, ""gesture"": 0}, ""svclat_ms"": {""pose"": 23.01, ""gesture"": 16.85}}, ""a12"": {""services"": [""pose"", ""gesture""], ""fps"": {""pose"": 30, ""gesture"": 30}, ""eff_fps"": {""pose"": 30, ""gesture"": 30}, ""latency_ms"": {""pose"": 0, ""gesture"": 0}, ""svclat_ms"": {""pose"": 19.88, ""gesture"": 19.09}}, ""a13"": {""services"": [""pose"", ""gesture""], ""fps"": {""pose"": 30, ""gesture"": 30}, ""eff_fps"": {""pose"": 30, ""gesture"": 30}, ""latency_ms"": {""pose"": 0, ""gesture"": 0}, ""svclat_ms"": {""pose"": 27.83, ""gesture"": 18.71}}, ""a14"": {""services"": [""pose"", ""gesture""], ""fps"": {""pose"": 29, ""gesture"": 30}, ""eff_fps"": {""pose"": 29, ""gesture"": 30}, ""latency_ms"": {""pose"": 0, ""gesture"": 0}, ""svclat_ms"": {""pose"": 25.94, ""gesture"": 23.64}}, ""a15"": {""services"": [""pose"", ""gesture""], ""fps"": {""pose"": 23, ""gesture"": 30}, ""eff_fps"": {""pose"": 23, ""gesture"": 30}, ""latency_ms"": {""pose"": 0, ""gesture"": 0}, ""svclat_ms"": {""pose"": 21.32, ""gesture"": 19.59}}, ""a16"": {""services"": [""pose"", ""gesture""], ""fps"": {""pose"": 0, ""gesture"": 0}, ""eff_fps"": {""pose"": 0, ""gesture"": 0}, ""latency_ms"": {""pose"": 0, ""gesture"": 0}, ""svclat_ms"": {""pose"": 0.0, ""gesture"": 0.0}}, ""a17"": {""services"": [""pose"", ""gesture""], ""fps"": {""pose"": 0, ""gesture"": 0}, ""eff_fps"": {""pose"": 0, ""gesture"": 0}, ""latency_ms"": {""pose"": 0, ""gesture"": 0}, ""svclat_ms"": {""pose"": 0.0, ""gesture"": 0.0}}, ""a18"": {""services"": [""pose"", ""gesture""], ""fps"": {""pose"": 0, ""gesture"": 0}, ""eff_fps"": {""pose"": 0, ""gesture"": 0}, ""latency_ms"": {""pose"": 0, ""gesture"": 0}, ""svclat_ms"": {""pose"": 0.0, ""gesture"": 0.0}}}"
97.0,15,14,0.933,0,0,11,15,12,0.8,1165.0,838.0,0.719,0.0,1.07,0.0,29.69,30.0,0,29.69,30.0,0,0,0,0,22.56,17.65,0,776,"{""ip-172-31-0-204"": ""healthy"", ""ip-172-31-1-171"": ""healthy"", ""ip-172-31-10-12"": ""healthy"", ""ip-172-31-11-132"": ""healthy"", ""ip-172-31-13-134"": ""healthy"", ""ip-172-31-14-68"": ""healthy"", ""ip-172-31-40-239"": ""healthy""}",subscribe,125.1,0.9976,0,0,"{""ip-172-31-0-204"": {""gesture"": 1, ""pose"": 1}, ""ip-172-31-40-239"": {""gesture"": 1, ""pose"": 1}, ""ip-172-31-13-134"": {""gesture"": 1, ""pose"": 1}, ""ip-172-31-11-132"": {""pose"": 1, ""gesture"": 1, ""object"": 1}, ""ip-172-31-1-171"": {""pose"": 1, ""gesture"": 1}, ""ip-172-31-10-12"": {""pose"": 1, ""object"": 1}, ""ip-172-31-14-68"": {""object"": 1, ""pose"": 1}}","{""a3"": {""services"": [""pose"", ""gesture""], ""fps"": {""pose"": 30, ""gesture"": 30}, ""eff_fps"": {""pose"": 30, ""gesture"": 30}, ""latency_ms"": {""pose"": 0, ""gesture"": 0}, ""svclat_ms"": {""pose"": 19.48, ""gesture"": 18.12}}, ""a4"": {""services"": [""pose"", ""gesture""], ""fps"": {""pose"": 30, ""gesture"": 30}, ""eff_fps"": {""pose"": 30, ""gesture"": 30}, ""latency_ms"": {""pose"": 0, ""gesture"": 0}, ""svclat_ms"": {""pose"": 23.22, ""gesture"": 17.34}}, ""a5"": {""services"": [""pose"", ""gesture""], ""fps"": {""pose"": 30, ""gesture"": 30}, ""eff_fps"": {""pose"": 30, ""gesture"": 30}, ""latency_ms"": {""pose"": 0, ""gesture"": 0}, ""svclat_ms"": {""pose"": 22.78, ""gesture"": 18.59}}, ""a6"": {""services"": [""pose"", ""gesture""], ""fps"": {""pose"": 30, ""gesture"": 30}, ""eff_fps"": {""pose"": 30, ""gesture"": 30}, ""latency_ms"": {""pose"": 0, ""gesture"": 0}, ""svclat_ms"": {""pose"": 24.43, ""gesture"": 16.87}}, ""a7"": {""services"": [""pose"", ""gesture""], ""fps"": {""pose"": 30, ""gesture"": 30}, ""eff_fps"": {""pose"": 30, ""gesture"": 30}, ""latency_ms"": {""pose"": 0, ""gesture"": 0}, ""svclat_ms"": {""pose"": 24.64, ""gesture"": 16.66}}, ""a8"": {""services"": [""pose"", ""gesture""], ""fps"": {""pose"": 28, ""gesture"": 30}, ""eff_fps"": {""pose"": 28, ""gesture"": 30}, ""latency_ms"": {""pose"": 0, ""gesture"": 0}, ""svclat_ms"": {""pose"": 17.49, ""gesture"": 18.36}}, ""a9"": {""services"": [""pose"", ""gesture""], ""fps"": {""pose"": 30, ""gesture"": 30}, ""eff_fps"": {""pose"": 30, ""gesture"": 30}, ""latency_ms"": {""pose"": 0, ""gesture"": 0}, ""svclat_ms"": {""pose"": 22.84, ""gesture"": 16.77}}, ""a10"": {""services"": [""pose"", ""gesture""], ""fps"": {""pose"": 30, ""gesture"": 30}, ""eff_fps"": {""pose"": 30, ""gesture"": 30}, ""latency_ms"": {""pose"": 0, ""gesture"": 0}, ""svclat_ms"": {""pose"": 20.99, ""gesture"": 18.96}}, ""a11"": {""services"": [""pose"", ""gesture""], ""fps"": {""pose"": 30, ""gesture"": 30}, ""eff_fps"": {""pose"": 30, ""gesture"": 30}, ""latency_ms"": {""pose"": 0, ""gesture"": 0}, ""svclat_ms"": {""pose"": 19.86, ""gesture"": 15.06}}, ""a12"": {""services"": [""pose"", ""gesture""], ""fps"": {""pose"": 30, ""gesture"": 30}, ""eff_fps"": {""pose"": 30, ""gesture"": 30}, ""latency_ms"": {""pose"": 0, ""gesture"": 0}, ""svclat_ms"": {""pose"": 25.25, ""gesture"": 16.79}}, ""a13"": {""services"": [""pose"", ""gesture""], ""fps"": {""pose"": 30, ""gesture"": 30}, ""eff_fps"": {""pose"": 30, ""gesture"": 30}, ""latency_ms"": {""pose"": 0, ""gesture"": 0}, ""svclat_ms"": {""pose"": 25.6, ""gesture"": 19.13}}, ""a14"": {""services"": [""pose"", ""gesture""], ""fps"": {""pose"": 30, ""gesture"": 30}, ""eff_fps"": {""pose"": 30, ""gesture"": 30}, ""latency_ms"": {""pose"": 0, ""gesture"": 0}, ""svclat_ms"": {""pose"": 26.41, ""gesture"": 18.01}}, ""a15"": {""services"": [""pose"", ""gesture""], ""fps"": {""pose"": 28, ""gesture"": 30}, ""eff_fps"": {""pose"": 28, ""gesture"": 30}, ""latency_ms"": {""pose"": 0, ""gesture"": 0}, ""svclat_ms"": {""pose"": 20.35, ""gesture"": 18.8}}, ""a16"": {""services"": [""pose"", ""gesture""], ""fps"": {""pose"": 0, ""gesture"": 0}, ""eff_fps"": {""pose"": 0, ""gesture"": 0}, ""latency_ms"": {""pose"": 0, ""gesture"": 0}, ""svclat_ms"": {""pose"": 0.0, ""gesture"": 0.0}}, ""a17"": {""services"": [""pose"", ""gesture""], ""fps"": {""pose"": 0, ""gesture"": 0}, ""eff_fps"": {""pose"": 0, ""gesture"": 0}, ""latency_ms"": {""pose"": 0, ""gesture"": 0}, ""svclat_ms"": {""pose"": 0.0, ""gesture"": 0.0}}, ""a18"": {""services"": [""pose"", ""gesture""], ""fps"": {""pose"": 0, ""gesture"": 0}, ""eff_fps"": {""pose"": 0, ""gesture"": 0}, ""latency_ms"": {""pose"": 0, ""gesture"": 0}, ""svclat_ms"": {""pose"": 0.0, ""gesture"": 0.0}}}"
101.0,14,14,1.0,0,0,11,13,12,0.923,1072.0,840.0,0.784,0.0,0.93,0.0,30.0,30.0,0,30.0,30.0,0,0,0,0,22.86,18.0,0,600,"{""ip-172-31-0-204"": ""healthy"", ""ip-172-31-1-171"": ""healthy"", ""ip-172-31-10-12"": ""healthy"", ""ip-172-31-11-132"": ""healthy"", ""ip-172-31-13-134"": ""healthy"", ""ip-172-31-14-68"": ""healthy"", ""ip-172-31-40-239"": ""healthy""}",subscribe,124.6,1.0,0,0,"{""ip-172-31-0-204"": {""gesture"": 1, ""pose"": 1}, ""ip-172-31-40-239"": {""gesture"": 1, ""pose"": 1}, ""ip-172-31-13-134"": {""gesture"": 1, ""pose"": 1}, ""ip-172-31-11-132"": {""pose"": 1, ""object"": 1}, ""ip-172-31-1-171"": {""pose"": 1, ""gesture"": 1}, ""ip-172-31-10-12"": {""pose"": 1}, ""ip-172-31-14-68"": {""pose"": 1, ""gesture"": 1}}","{""a6"": {""services"": [""pose"", ""gesture""], ""fps"": {""pose"": 30, ""gesture"": 30}, ""eff_fps"": {""pose"": 30, ""gesture"": 30}, ""latency_ms"": {""pose"": 0, ""gesture"": 0}, ""svclat_ms"": {""pose"": 19.71, ""gesture"": 18.0}}, ""a7"": {""services"": [""pose"", ""gesture""], ""fps"": {""pose"": 30, ""gesture"": 30}, ""eff_fps"": {""pose"": 30, ""gesture"": 30}, ""latency_ms"": {""pose"": 0, ""gesture"": 0}, ""svclat_ms"": {""pose"": 22.93, ""gesture"": 16.19}}, ""a8"": {""services"": [""pose"", ""gesture""], ""fps"": {""pose"": 30, ""gesture"": 30}, ""eff_fps"": {""pose"": 30, ""gesture"": 30}, ""latency_ms"": {""pose"": 0, ""gesture"": 0}, ""svclat_ms"": {""pose"": 26.52, ""gesture"": 16.58}}, ""a9"": {""services"": [""pose"", ""gesture""], ""fps"": {""pose"": 30, ""gesture"": 30}, ""eff_fps"": {""pose"": 30, ""gesture"": 30}, ""latency_ms"": {""pose"": 0, ""gesture"": 0}, ""svclat_ms"": {""pose"": 20.37, ""gesture"": 17.28}}, ""a10"": {""services"": [""pose"", ""gesture""], ""fps"": {""pose"": 30, ""gesture"": 30}, ""eff_fps"": {""pose"": 30, ""gesture"": 30}, ""latency_ms"": {""pose"": 0, ""gesture"": 0}, ""svclat_ms"": {""pose"": 23.02, ""gesture"": 17.02}}, ""a11"": {""services"": [""pose"", ""gesture""], ""fps"": {""pose"": 30, ""gesture"": 30}, ""eff_fps"": {""pose"": 30, ""gesture"": 30}, ""latency_ms"": {""pose"": 0, ""gesture"": 0}, ""svclat_ms"": {""pose"": 23.87, ""gesture"": 25.26}}, ""a12"": {""services"": [""pose"", ""gesture""], ""fps"": {""pose"": 30, ""gesture"": 30}, ""eff_fps"": {""pose"": 30, ""gesture"": 30}, ""latency_ms"": {""pose"": 0, ""gesture"": 0}, ""svclat_ms"": {""pose"": 23.76, ""gesture"": 17.37}}, ""a13"": {""services"": [""pose"", ""gesture""], ""fps"": {""pose"": 30, ""gesture"": 30}, ""eff_fps"": {""pose"": 30, ""gesture"": 30}, ""latency_ms"": {""pose"": 0, ""gesture"": 0}, ""svclat_ms"": {""pose"": 19.62, ""gesture"": 17.08}}, ""a14"": {""services"": [""pose"", ""gesture""], ""fps"": {""pose"": 30, ""gesture"": 30}, ""eff_fps"": {""pose"": 30, ""gesture"": 30}, ""latency_ms"": {""pose"": 0, ""gesture"": 0}, ""svclat_ms"": {""pose"": 23.06, ""gesture"": 17.45}}, ""a15"": {""services"": [""pose"", ""gesture""], ""fps"": {""pose"": 30, ""gesture"": 30}, ""eff_fps"": {""pose"": 30, ""gesture"": 30}, ""latency_ms"": {""pose"": 0, ""gesture"": 0}, ""svclat_ms"": {""pose"": 25.7, ""gesture"": 17.73}}, ""a16"": {""services"": [""pose"", ""gesture""], ""fps"": {""pose"": 0, ""gesture"": 0}, ""eff_fps"": {""pose"": 0, ""gesture"": 0}, ""latency_ms"": {""pose"": 0, ""gesture"": 0}, ""svclat_ms"": {""pose"": 0.0, ""gesture"": 0.0}}, ""a17"": {""services"": [""pose"", ""gesture""], ""fps"": {""pose"": 0, ""gesture"": 0}, ""eff_fps"": {""pose"": 0, ""gesture"": 0}, ""latency_ms"": {""pose"": 0, ""gesture"": 0}, ""svclat_ms"": {""pose"": 0.0, ""gesture"": 0.0}}, ""a18"": {""services"": [""pose"", ""gesture""], ""fps"": {""pose"": 0, ""gesture"": 0}, ""eff_fps"": {""pose"": 0, ""gesture"": 0}, ""latency_ms"": {""pose"": 0, ""gesture"": 0}, ""svclat_ms"": {""pose"": 0.0, ""gesture"": 0.0}}}"
107.0,12,9,0.75,0,0,11,0,0,0,0,0,0,0,0,0,30.0,30.11,0,30.0,30.11,0,0,0,0,21.83,16.54,0,541,{},,0,0,0,0,{},"{""a7"": {""services"": [""pose"", ""gesture""], ""fps"": {""pose"": 30, ""gesture"": 31}, ""eff_fps"": {""pose"": 30, ""gesture"": 31}, ""latency_ms"": {""pose"": 0, ""gesture"": 0}, ""svclat_ms"": {""pose"": 22.03, ""gesture"": 16.45}}, ""a8"": {""services"": [""pose"", ""gesture""], ""fps"": {""pose"": 30, ""gesture"": 30}, ""eff_fps"": {""pose"": 30, ""gesture"": 30}, ""latency_ms"": {""pose"": 0, ""gesture"": 0}, ""svclat_ms"": {""pose"": 22.34, ""gesture"": 16.35}}, ""a9"": {""services"": [""pose"", ""gesture""], ""fps"": {""pose"": 30, ""gesture"": 30}, ""eff_fps"": {""pose"": 30, ""gesture"": 30}, ""latency_ms"": {""pose"": 0, ""gesture"": 0}, ""svclat_ms"": {""pose"": 20.41, ""gesture"": 17.17}}, ""a10"": {""services"": [""pose"", ""gesture""], ""fps"": {""pose"": 30, ""gesture"": 30}, ""eff_fps"": {""pose"": 30, ""gesture"": 30}, ""latency_ms"": {""pose"": 0, ""gesture"": 0}, ""svclat_ms"": {""pose"": 23.11, ""gesture"": 16.41}}, ""a11"": {""services"": [""pose"", ""gesture""], ""fps"": {""pose"": 30, ""gesture"": 30}, ""eff_fps"": {""pose"": 30, ""gesture"": 30}, ""latency_ms"": {""pose"": 0, ""gesture"": 0}, ""svclat_ms"": {""pose"": 22.48, ""gesture"": 17.91}}, ""a12"": {""services"": [""pose"", ""gesture""], ""fps"": {""pose"": 30, ""gesture"": 30}, ""eff_fps"": {""pose"": 30, ""gesture"": 30}, ""latency_ms"": {""pose"": 0, ""gesture"": 0}, ""svclat_ms"": {""pose"": 21.03, ""gesture"": 17.21}}, ""a13"": {""services"": [""pose"", ""gesture""], ""fps"": {""pose"": 30, ""gesture"": 30}, ""eff_fps"": {""pose"": 30, ""gesture"": 30}, ""latency_ms"": {""pose"": 0, ""gesture"": 0}, ""svclat_ms"": {""pose"": 19.49, ""gesture"": 15.79}}, ""a14"": {""services"": [""pose"", ""gesture""], ""fps"": {""pose"": 30, ""gesture"": 30}, ""eff_fps"": {""pose"": 30, ""gesture"": 30}, ""latency_ms"": {""pose"": 0, ""gesture"": 0}, ""svclat_ms"": {""pose"": 21.2, ""gesture"": 15.32}}, ""a15"": {""services"": [""pose"", ""gesture""], ""fps"": {""pose"": 30, ""gesture"": 30}, ""eff_fps"": {""pose"": 30, ""gesture"": 30}, ""latency_ms"": {""pose"": 0, ""gesture"": 0}, ""svclat_ms"": {""pose"": 24.34, ""gesture"": 16.26}}, ""a16"": {""services"": [""pose"", ""gesture""], ""fps"": {""pose"": 0, ""gesture"": 0}, ""eff_fps"": {""pose"": 0, ""gesture"": 0}, ""latency_ms"": {""pose"": 0, ""gesture"": 0}, ""svclat_ms"": {""pose"": 0.0, ""gesture"": 0.0}}, ""a17"": {""services"": [""pose"", ""gesture""], ""fps"": {""pose"": 0, ""gesture"": 0}, ""eff_fps"": {""pose"": 0, ""gesture"": 0}, ""latency_ms"": {""pose"": 0, ""gesture"": 0}, ""svclat_ms"": {""pose"": 0.0, ""gesture"": 0.0}}, ""a18"": {""services"": [""pose"", ""gesture""], ""fps"": {""pose"": 0, ""gesture"": 0}, ""eff_fps"": {""pose"": 0, ""gesture"": 0}, ""latency_ms"": {""pose"": 0, ""gesture"": 0}, ""svclat_ms"": {""pose"": 0.0, ""gesture"": 0.0}}}"
110.0,11,14,1.273,0,0,11,13,12,0.923,1072.0,840,0.784,0.0,1.3,0.0,30.0,30.0,0,30.0,30.0,0,0,0,0,21.55,16.35,0,540,"{""ip-172-31-0-204"": ""healthy"", ""ip-172-31-1-171"": ""healthy"", ""ip-172-31-10-12"": ""healthy"", ""ip-172-31-11-132"": ""healthy"", ""ip-172-31-13-134"": ""healthy"", ""ip-172-31-14-68"": ""healthy"", ""ip-172-31-40-239"": ""healthy""}",unsubscribe,124.4,1.0,0,0,"{""ip-172-31-0-204"": {""gesture"": 1, ""pose"": 1}, ""ip-172-31-40-239"": {""gesture"": 1, ""pose"": 1}, ""ip-172-31-13-134"": {""gesture"": 1, ""pose"": 1}, ""ip-172-31-11-132"": {""pose"": 1, ""object"": 1}, ""ip-172-31-1-171"": {""pose"": 1, ""gesture"": 1}, ""ip-172-31-10-12"": {""pose"": 1}, ""ip-172-31-14-68"": {""pose"": 1, ""gesture"": 1}}","{""a8"": {""services"": [""pose"", ""gesture""], ""fps"": {""pose"": 30, ""gesture"": 30}, ""eff_fps"": {""pose"": 30, ""gesture"": 30}, ""latency_ms"": {""pose"": 0, ""gesture"": 0}, ""svclat_ms"": {""pose"": 18.31, ""gesture"": 17.6}}, ""a9"": {""services"": [""pose"", ""gesture""], ""fps"": {""pose"": 30, ""gesture"": 30}, ""eff_fps"": {""pose"": 30, ""gesture"": 30}, ""latency_ms"": {""pose"": 0, ""gesture"": 0}, ""svclat_ms"": {""pose"": 20.56, ""gesture"": 16.58}}, ""a10"": {""services"": [""pose"", ""gesture""], ""fps"": {""pose"": 30, ""gesture"": 30}, ""eff_fps"": {""pose"": 30, ""gesture"": 30}, ""latency_ms"": {""pose"": 0, ""gesture"": 0}, ""svclat_ms"": {""pose"": 24.77, ""gesture"": 16.6}}, ""a11"": {""services"": [""pose"", ""gesture""], ""fps"": {""pose"": 30, ""gesture"": 30}, ""eff_fps"": {""pose"": 30, ""gesture"": 30}, ""latency_ms"": {""pose"": 0, ""gesture"": 0}, ""svclat_ms"": {""pose"": 22.85, ""gesture"": 15.83}}, ""a12"": {""services"": [""pose"", ""gesture""], ""fps"": {""pose"": 30, ""gesture"": 30}, ""eff_fps"": {""pose"": 30, ""gesture"": 30}, ""latency_ms"": {""pose"": 0, ""gesture"": 0}, ""svclat_ms"": {""pose"": 20.85, ""gesture"": 14.93}}, ""a13"": {""services"": [""pose"", ""gesture""], ""fps"": {""pose"": 30, ""gesture"": 30}, ""eff_fps"": {""pose"": 30, ""gesture"": 30}, ""latency_ms"": {""pose"": 0, ""gesture"": 0}, ""svclat_ms"": {""pose"": 22.39, ""gesture"": 17.74}}, ""a14"": {""services"": [""pose"", ""gesture""], ""fps"": {""pose"": 30, ""gesture"": 30}, ""eff_fps"": {""pose"": 30, ""gesture"": 30}, ""latency_ms"": {""pose"": 0, ""gesture"": 0}, ""svclat_ms"": {""pose"": 19.77, ""gesture"": 15.16}}, ""a15"": {""services"": [""pose"", ""gesture""], ""fps"": {""pose"": 30, ""gesture"": 30}, ""eff_fps"": {""pose"": 30, ""gesture"": 30}, ""latency_ms"": {""pose"": 0, ""gesture"": 0}, ""svclat_ms"": {""pose"": 21.42, ""gesture"": 16.07}}, ""a16"": {""services"": [""pose"", ""gesture""], ""fps"": {""pose"": 30, ""gesture"": 30}, ""eff_fps"": {""pose"": 30, ""gesture"": 30}, ""latency_ms"": {""pose"": 0, ""gesture"": 0}, ""svclat_ms"": {""pose"": 23.01, ""gesture"": 16.66}}, ""a17"": {""services"": [""pose"", ""gesture""], ""fps"": {""pose"": 0, ""gesture"": 0}, ""eff_fps"": {""pose"": 0, ""gesture"": 0}, ""latency_ms"": {""pose"": 0, ""gesture"": 0}, ""svclat_ms"": {""pose"": 0.0, ""gesture"": 0.0}}, ""a18"": {""services"": [""pose"", ""gesture""], ""fps"": {""pose"": 0, ""gesture"": 0}, ""eff_fps"": {""pose"": 0, ""gesture"": 0}, ""latency_ms"": {""pose"": 0, ""gesture"": 0}, ""svclat_ms"": {""pose"": 0.0, ""gesture"": 0.0}}}"
114.5,11,11,1.0,0,0,11,13,12,0.923,1072.0,660.0,0.616,0.0,1.18,0.0,30.0,30.1,0,30.0,30.1,0,0,0,0,23.37,16.75,0,601,"{""ip-172-31-0-204"": ""healthy"", ""ip-172-31-1-171"": ""healthy"", ""ip-172-31-10-12"": ""healthy"", ""ip-172-31-11-132"": ""healthy"", ""ip-172-31-13-134"": ""healthy"", ""ip-172-31-14-68"": ""healthy"", ""ip-172-31-40-239"": ""healthy""}",subscribe,112.3,1.0,0,0,"{""ip-172-31-0-204"": {""gesture"": 1, ""pose"": 1}, ""ip-172-31-40-239"": {""gesture"": 1, ""pose"": 1}, ""ip-172-31-13-134"": {""gesture"": 1, ""pose"": 1}, ""ip-172-31-11-132"": {""pose"": 1, ""object"": 1}, ""ip-172-31-1-171"": {""pose"": 1, ""gesture"": 1}, ""ip-172-31-10-12"": {""pose"": 1}, ""ip-172-31-14-68"": {""pose"": 1, ""gesture"": 1}}","{""a8"": {""services"": [""pose"", ""gesture""], ""fps"": {""pose"": 30, ""gesture"": 30}, ""eff_fps"": {""pose"": 30, ""gesture"": 30}, ""latency_ms"": {""pose"": 0, ""gesture"": 0}, ""svclat_ms"": {""pose"": 24.23, ""gesture"": 17.86}}, ""a9"": {""services"": [""pose"", ""gesture""], ""fps"": {""pose"": 30, ""gesture"": 30}, ""eff_fps"": {""pose"": 30, ""gesture"": 30}, ""latency_ms"": {""pose"": 0, ""gesture"": 0}, ""svclat_ms"": {""pose"": 24.15, ""gesture"": 17.2}}, ""a10"": {""services"": [""pose"", ""gesture""], ""fps"": {""pose"": 30, ""gesture"": 30}, ""eff_fps"": {""pose"": 30, ""gesture"": 30}, ""latency_ms"": {""pose"": 0, ""gesture"": 0}, ""svclat_ms"": {""pose"": 25.07, ""gesture"": 16.09}}, ""a11"": {""services"": [""pose"", ""gesture""], ""fps"": {""pose"": 30, ""gesture"": 30}, ""eff_fps"": {""pose"": 30, ""gesture"": 30}, ""latency_ms"": {""pose"": 0, ""gesture"": 0}, ""svclat_ms"": {""pose"": 22.4, ""gesture"": 16.65}}, ""a12"": {""services"": [""pose"", ""gesture""], ""fps"": {""pose"": 30, ""gesture"": 30}, ""eff_fps"": {""pose"": 30, ""gesture"": 30}, ""latency_ms"": {""pose"": 0, ""gesture"": 0}, ""svclat_ms"": {""pose"": 21.28, ""gesture"": 16.85}}, ""a13"": {""services"": [""pose"", ""gesture""], ""fps"": {""pose"": 30, ""gesture"": 31}, ""eff_fps"": {""pose"": 30, ""gesture"": 31}, ""latency_ms"": {""pose"": 0, ""gesture"": 0}, ""svclat_ms"": {""pose"": 23.27, ""gesture"": 17.73}}, ""a14"": {""services"": [""pose"", ""gesture""], ""fps"": {""pose"": 30, ""gesture"": 30}, ""eff_fps"": {""pose"": 30, ""gesture"": 30}, ""latency_ms"": {""pose"": 0, ""gesture"": 0}, ""svclat_ms"": {""pose"": 19.87, ""gesture"": 14.65}}, ""a15"": {""services"": [""pose"", ""gesture""], ""fps"": {""pose"": 30, ""gesture"": 30}, ""eff_fps"": {""pose"": 30, ""gesture"": 30}, ""latency_ms"": {""pose"": 0, ""gesture"": 0}, ""svclat_ms"": {""pose"": 24.03, ""gesture"": 16.23}}, ""a16"": {""services"": [""pose"", ""gesture""], ""fps"": {""pose"": 30, ""gesture"": 30}, ""eff_fps"": {""pose"": 30, ""gesture"": 30}, ""latency_ms"": {""pose"": 0, ""gesture"": 0}, ""svclat_ms"": {""pose"": 23.1, ""gesture"": 16.82}}, ""a17"": {""services"": [""pose"", ""gesture""], ""fps"": {""pose"": 30, ""gesture"": 30}, ""eff_fps"": {""pose"": 30, ""gesture"": 30}, ""latency_ms"": {""pose"": 0, ""gesture"": 0}, ""svclat_ms"": {""pose"": 26.3, ""gesture"": 17.4}}, ""a18"": {""services"": [""pose"", ""gesture""], ""fps"": {""pose"": 0, ""gesture"": 0}, ""eff_fps"": {""pose"": 0, ""gesture"": 0}, ""latency_ms"": {""pose"": 0, ""gesture"": 0}, ""svclat_ms"": {""pose"": 0.0, ""gesture"": 0.0}}}"
118.9,11,11,1.0,0,0,11,13,12,0.923,1072.0,660,0.616,0.0,1.18,0.0,30.0,29.9,0,30.0,29.9,0,0,0,0,23.23,16.68,0,599,"{""ip-172-31-0-204"": ""healthy"", ""ip-172-31-1-171"": ""healthy"", ""ip-172-31-10-12"": ""healthy"", ""ip-172-31-11-132"": ""healthy"", ""ip-172-31-13-134"": ""healthy"", ""ip-172-31-14-68"": ""healthy"", ""ip-172-31-40-239"": ""healthy""}",unsubscribe,110.0,1.0,0,0,"{""ip-172-31-0-204"": {""gesture"": 1, ""pose"": 1}, ""ip-172-31-40-239"": {""gesture"": 1, ""pose"": 1}, ""ip-172-31-13-134"": {""gesture"": 1, ""pose"": 1}, ""ip-172-31-11-132"": {""pose"": 1, ""object"": 1}, ""ip-172-31-1-171"": {""pose"": 1, ""gesture"": 1}, ""ip-172-31-10-12"": {""pose"": 1}, ""ip-172-31-14-68"": {""pose"": 1, ""gesture"": 1}}","{""a8"": {""services"": [""pose"", ""gesture""], ""fps"": {""pose"": 30, ""gesture"": 30}, ""eff_fps"": {""pose"": 30, ""gesture"": 30}, ""latency_ms"": {""pose"": 0, ""gesture"": 0}, ""svclat_ms"": {""pose"": 24.25, ""gesture"": 17.52}}, ""a9"": {""services"": [""pose"", ""gesture""], ""fps"": {""pose"": 30, ""gesture"": 30}, ""eff_fps"": {""pose"": 30, ""gesture"": 30}, ""latency_ms"": {""pose"": 0, ""gesture"": 0}, ""svclat_ms"": {""pose"": 24.86, ""gesture"": 17.02}}, ""a10"": {""services"": [""pose"", ""gesture""], ""fps"": {""pose"": 30, ""gesture"": 30}, ""eff_fps"": {""pose"": 30, ""gesture"": 30}, ""latency_ms"": {""pose"": 0, ""gesture"": 0}, ""svclat_ms"": {""pose"": 25.13, ""gesture"": 16.22}}, ""a11"": {""services"": [""pose"", ""gesture""], ""fps"": {""pose"": 30, ""gesture"": 30}, ""eff_fps"": {""pose"": 30, ""gesture"": 30}, ""latency_ms"": {""pose"": 0, ""gesture"": 0}, ""svclat_ms"": {""pose"": 22.63, ""gesture"": 15.56}}, ""a12"": {""services"": [""pose"", ""gesture""], ""fps"": {""pose"": 30, ""gesture"": 30}, ""eff_fps"": {""pose"": 30, ""gesture"": 30}, ""latency_ms"": {""pose"": 0, ""gesture"": 0}, ""svclat_ms"": {""pose"": 21.96, ""gesture"": 16.94}}, ""a13"": {""services"": [""pose"", ""gesture""], ""fps"": {""pose"": 30, ""gesture"": 29}, ""eff_fps"": {""pose"": 30, ""gesture"": 29}, ""latency_ms"": {""pose"": 0, ""gesture"": 0}, ""svclat_ms"": {""pose"": 22.13, ""gesture"": 18.16}}, ""a14"": {""services"": [""pose"", ""gesture""], ""fps"": {""pose"": 30, ""gesture"": 30}, ""eff_fps"": {""pose"": 30, ""gesture"": 30}, ""latency_ms"": {""pose"": 0, ""gesture"": 0}, ""svclat_ms"": {""pose"": 19.94, ""gesture"": 15.02}}, ""a15"": {""services"": [""pose"", ""gesture""], ""fps"": {""pose"": 30, ""gesture"": 30}, ""eff_fps"": {""pose"": 30, ""gesture"": 30}, ""latency_ms"": {""pose"": 0, ""gesture"": 0}, ""svclat_ms"": {""pose"": 24.0, ""gesture"": 17.15}}, ""a16"": {""services"": [""pose"", ""gesture""], ""fps"": {""pose"": 30, ""gesture"": 30}, ""eff_fps"": {""pose"": 30, ""gesture"": 30}, ""latency_ms"": {""pose"": 0, ""gesture"": 0}, ""svclat_ms"": {""pose"": 22.65, ""gesture"": 16.21}}, ""a17"": {""services"": [""pose"", ""gesture""], ""fps"": {""pose"": 30, ""gesture"": 30}, ""eff_fps"": {""pose"": 30, ""gesture"": 30}, ""latency_ms"": {""pose"": 0, ""gesture"": 0}, ""svclat_ms"": {""pose"": 24.79, ""gesture"": 16.97}}, ""a18"": {""services"": [""pose"", ""gesture""], ""fps"": {""pose"": 0, ""gesture"": 0}, ""eff_fps"": {""pose"": 0, ""gesture"": 0}, ""latency_ms"": {""pose"": 0, ""gesture"": 0}, ""svclat_ms"": {""pose"": 0.0, ""gesture"": 0.0}}}"
123.2,11,11,1.0,0,0,11,13,12,0.923,1072.0,660,0.616,0.0,1.18,0.0,30.0,30.0,0,30.0,30.0,0,0,0,0,22.9,16.48,0,540,"{""ip-172-31-0-204"": ""healthy"", ""ip-172-31-1-171"": ""healthy"", ""ip-172-31-10-12"": ""healthy"", ""ip-172-31-11-132"": ""healthy"", ""ip-172-31-13-134"": ""healthy"", ""ip-172-31-14-68"": ""healthy"", ""ip-172-31-40-239"": ""healthy""}",unsubscribe,110.2,1.0,0,0,"{""ip-172-31-0-204"": {""gesture"": 1, ""pose"": 1}, ""ip-172-31-40-239"": {""gesture"": 1, ""pose"": 1}, ""ip-172-31-13-134"": {""gesture"": 1, ""pose"": 1}, ""ip-172-31-11-132"": {""pose"": 1, ""object"": 1}, ""ip-172-31-1-171"": {""pose"": 1, ""gesture"": 1}, ""ip-172-31-10-12"": {""pose"": 1}, ""ip-172-31-14-68"": {""pose"": 1, ""gesture"": 1}}","{""a9"": {""services"": [""pose"", ""gesture""], ""fps"": {""pose"": 30, ""gesture"": 30}, ""eff_fps"": {""pose"": 30, ""gesture"": 30}, ""latency_ms"": {""pose"": 0, ""gesture"": 0}, ""svclat_ms"": {""pose"": 25.65, ""gesture"": 16.87}}, ""a10"": {""services"": [""pose"", ""gesture""], ""fps"": {""pose"": 30, ""gesture"": 30}, ""eff_fps"": {""pose"": 30, ""gesture"": 30}, ""latency_ms"": {""pose"": 0, ""gesture"": 0}, ""svclat_ms"": {""pose"": 24.64, ""gesture"": 16.21}}, ""a11"": {""services"": [""pose"", ""gesture""], ""fps"": {""pose"": 30, ""gesture"": 30}, ""eff_fps"": {""pose"": 30, ""gesture"": 30}, ""latency_ms"": {""pose"": 0, ""gesture"": 0}, ""svclat_ms"": {""pose"": 21.92, ""gesture"": 15.2}}, ""a12"": {""services"": [""pose"", ""gesture""], ""fps"": {""pose"": 30, ""gesture"": 30}, ""eff_fps"": {""pose"": 30, ""gesture"": 30}, ""latency_ms"": {""pose"": 0, ""gesture"": 0}, ""svclat_ms"": {""pose"": 20.7, ""gesture"": 16.66}}, ""a13"": {""services"": [""pose"", ""gesture""], ""fps"": {""pose"": 30, ""gesture"": 30}, ""eff_fps"": {""pose"": 30, ""gesture"": 30}, ""latency_ms"": {""pose"": 0, ""gesture"": 0}, ""svclat_ms"": {""pose"": 22.42, ""gesture"": 17.81}}, ""a14"": {""services"": [""pose"", ""gesture""], ""fps"": {""pose"": 30, ""gesture"": 30}, ""eff_fps"": {""pose"": 30, ""gesture"": 30}, ""latency_ms"": {""pose"": 0, ""gesture"": 0}, ""svclat_ms"": {""pose"": 19.74, ""gesture"": 15.02}}, ""a15"": {""services"": [""pose"", ""gesture""], ""fps"": {""pose"": 30, ""gesture"": 30}, ""eff_fps"": {""pose"": 30, ""gesture"": 30}, ""latency_ms"": {""pose"": 0, ""gesture"": 0}, ""svclat_ms"": {""pose"": 23.52, ""gesture"": 16.21}}, ""a16"": {""services"": [""pose"", ""gesture""], ""fps"": {""pose"": 30, ""gesture"": 30}, ""eff_fps"": {""pose"": 30, ""gesture"": 30}, ""latency_ms"": {""pose"": 0, ""gesture"": 0}, ""svclat_ms"": {""pose"": 22.77, ""gesture"": 16.64}}, ""a17"": {""services"": [""pose"", ""gesture""], ""fps"": {""pose"": 30, ""gesture"": 30}, ""eff_fps"": {""pose"": 30, ""gesture"": 30}, ""latency_ms"": {""pose"": 0, ""gesture"": 0}, ""svclat_ms"": {""pose"": 24.75, ""gesture"": 17.72}}, ""a18"": {""services"": [""pose"", ""gesture""], ""fps"": {""pose"": 0, ""gesture"": 0}, ""eff_fps"": {""pose"": 0, ""gesture"": 0}, ""latency_ms"": {""pose"": 0, ""gesture"": 0}, ""svclat_ms"": {""pose"": 0.0, ""gesture"": 0.0}}}"
127.7,11,11,1.0,0,0,11,13,12,0.923,1072.0,660,0.616,0.0,1.18,0.0,30.0,30.0,0,30.0,30.0,0,0,0,0,22.67,16.22,0,540,"{""ip-172-31-0-204"": ""healthy"", ""ip-172-31-1-171"": ""healthy"", ""ip-172-31-10-12"": ""healthy"", ""ip-172-31-11-132"": ""healthy"", ""ip-172-31-13-134"": ""healthy"", ""ip-172-31-14-68"": ""healthy"", ""ip-172-31-40-239"": ""healthy""}",unsubscribe,109.7,1.0,0,0,"{""ip-172-31-0-204"": {""gesture"": 1, ""pose"": 1}, ""ip-172-31-40-239"": {""gesture"": 1, ""pose"": 1}, ""ip-172-31-13-134"": {""gesture"": 1, ""pose"": 1}, ""ip-172-31-11-132"": {""pose"": 1, ""object"": 1}, ""ip-172-31-1-171"": {""pose"": 1, ""gesture"": 1}, ""ip-172-31-10-12"": {""pose"": 1}, ""ip-172-31-14-68"": {""pose"": 1, ""gesture"": 1}}","{""a9"": {""services"": [""pose"", ""gesture""], ""fps"": {""pose"": 30, ""gesture"": 30}, ""eff_fps"": {""pose"": 30, ""gesture"": 30}, ""latency_ms"": {""pose"": 0, ""gesture"": 0}, ""svclat_ms"": {""pose"": 24.82, ""gesture"": 16.79}}, ""a10"": {""services"": [""pose"", ""gesture""], ""fps"": {""pose"": 30, ""gesture"": 30}, ""eff_fps"": {""pose"": 30, ""gesture"": 30}, ""latency_ms"": {""pose"": 0, ""gesture"": 0}, ""svclat_ms"": {""pose"": 23.95, ""gesture"": 16.62}}, ""a11"": {""services"": [""pose"", ""gesture""], ""fps"": {""pose"": 30, ""gesture"": 30}, ""eff_fps"": {""pose"": 30, ""gesture"": 30}, ""latency_ms"": {""pose"": 0, ""gesture"": 0}, ""svclat_ms"": {""pose"": 22.39, ""gesture"": 15.71}}, ""a12"": {""services"": [""pose"", ""gesture""], ""fps"": {""pose"": 30, ""gesture"": 30}, ""eff_fps"": {""pose"": 30, ""gesture"": 30}, ""latency_ms"": {""pose"": 0, ""gesture"": 0}, ""svclat_ms"": {""pose"": 21.28, ""gesture"": 15.34}}, ""a13"": {""services"": [""pose"", ""gesture""], ""fps"": {""pose"": 30, ""gesture"": 30}, ""eff_fps"": {""pose"": 30, ""gesture"": 30}, ""latency_ms"": {""pose"": 0, ""gesture"": 0}, ""svclat_ms"": {""pose"": 23.66, ""gesture"": 15.71}}, ""a14"": {""services"": [""pose"", ""gesture""], ""fps"": {""pose"": 30, ""gesture"": 30}, ""eff_fps"": {""pose"": 30, ""gesture"": 30}, ""latency_ms"": {""pose"": 0, ""gesture"": 0}, ""svclat_ms"": {""pose"": 19.76, ""gesture"": 15.09}}, ""a15"": {""services"": [""pose"", ""gesture""], ""fps"": {""pose"": 30, ""gesture"": 30}, ""eff_fps"": {""pose"": 30, ""gesture"": 30}, ""latency_ms"": {""pose"": 0, ""gesture"": 0}, ""svclat_ms"": {""pose"": 21.0, ""gesture"": 17.59}}, ""a16"": {""services"": [""pose"", ""gesture""], ""fps"": {""pose"": 30, ""gesture"": 30}, ""eff_fps"": {""pose"": 30, ""gesture"": 30}, ""latency_ms"": {""pose"": 0, ""gesture"": 0}, ""svclat_ms"": {""pose"": 21.47, ""gesture"": 17.71}}, ""a17"": {""services"": [""pose"", ""gesture""], ""fps"": {""pose"": 30, ""gesture"": 30}, ""eff_fps"": {""pose"": 30, ""gesture"": 30}, ""latency_ms"": {""pose"": 0, ""gesture"": 0}, ""svclat_ms"": {""pose"": 25.74, ""gesture"": 15.41}}, ""a18"": {""services"": [""pose"", ""gesture""], ""fps"": {""pose"": 0, ""gesture"": 0}, ""eff_fps"": {""pose"": 0, ""gesture"": 0}, ""latency_ms"": {""pose"": 0, ""gesture"": 0}, ""svclat_ms"": {""pose"": 0.0, ""gesture"": 0.0}}}"
132.1,10,11,1.1,0,0,11,13,12,0.923,1072.0,660,0.616,0.0,1.44,0.0,29.62,29.75,0,29.62,29.75,0,0,0,0,22.22,16.41,0,475,"{""ip-172-31-0-204"": ""healthy"", ""ip-172-31-1-171"": ""healthy"", ""ip-172-31-10-12"": ""healthy"", ""ip-172-31-11-132"": ""healthy"", ""ip-172-31-13-134"": ""healthy"", ""ip-172-31-14-68"": ""healthy"", ""ip-172-31-40-239"": ""healthy""}",unsubscribe,109.6,1.0,0,0,"{""ip-172-31-0-204"": {""gesture"": 1, ""pose"": 1}, ""ip-172-31-40-239"": {""gesture"": 1, ""pose"": 1}, ""ip-172-31-13-134"": {""gesture"": 1, ""pose"": 1}, ""ip-172-31-11-132"": {""pose"": 1, ""object"": 1}, ""ip-172-31-1-171"": {""pose"": 1, ""gesture"": 1}, ""ip-172-31-10-12"": {""pose"": 1}, ""ip-172-31-14-68"": {""pose"": 1, ""gesture"": 1}}","{""a9"": {""services"": [""pose"", ""gesture""], ""fps"": {""pose"": 29, ""gesture"": 30}, ""eff_fps"": {""pose"": 29, ""gesture"": 30}, ""latency_ms"": {""pose"": 0, ""gesture"": 0}, ""svclat_ms"": {""pose"": 28.33, ""gesture"": 16.67}}, ""a11"": {""services"": [""pose"", ""gesture""], ""fps"": {""pose"": 30, ""gesture"": 30}, ""eff_fps"": {""pose"": 30, ""gesture"": 30}, ""latency_ms"": {""pose"": 0, ""gesture"": 0}, ""svclat_ms"": {""pose"": 22.81, ""gesture"": 17.29}}, ""a12"": {""services"": [""pose"", ""gesture""], ""fps"": {""pose"": 30, ""gesture"": 30}, ""eff_fps"": {""pose"": 30, ""gesture"": 30}, ""latency_ms"": {""pose"": 0, ""gesture"": 0}, ""svclat_ms"": {""pose"": 18.08, ""gesture"": 15.3}}, ""a13"": {""services"": [""pose"", ""gesture""], ""fps"": {""pose"": 29, ""gesture"": 29}, ""eff_fps"": {""pose"": 29, ""gesture"": 29}, ""latency_ms"": {""pose"": 0, ""gesture"": 0}, ""svclat_ms"": {""pose"": 24.34, ""gesture"": 15.86}}, ""a14"": {""services"": [""pose"", ""gesture""], ""fps"": {""pose"": 30, ""gesture"": 30}, ""eff_fps"": {""pose"": 30, ""gesture"": 30}, ""latency_ms"": {""pose"": 0, ""gesture"": 0}, ""svclat_ms"": {""pose"": 21.06, ""gesture"": 16.02}}, ""a15"": {""services"": [""pose"", ""gesture""], ""fps"": {""pose"": 30, ""gesture"": 30}, ""eff_fps"": {""pose"": 30, ""gesture"": 30}, ""latency_ms"": {""pose"": 0, ""gesture"": 0}, ""svclat_ms"": {""pose"": 21.97, ""gesture"": 15.95}}, ""a16"": {""services"": [""pose"", ""gesture""], ""fps"": {""pose"": 29, ""gesture"": 29}, ""eff_fps"": {""pose"": 29, ""gesture"": 29}, ""latency_ms"": {""pose"": 0, ""gesture"": 0}, ""svclat_ms"": {""pose"": 20.11, ""gesture"": 17.69}}, ""a17"": {""services"": [""pose"", ""gesture""], ""fps"": {""pose"": 30, ""gesture"": 30}, ""eff_fps"": {""pose"": 30, ""gesture"": 30}, ""latency_ms"": {""pose"": 0, ""gesture"": 0}, ""svclat_ms"": {""pose"": 21.07, ""gesture"": 16.49}}, ""a18"": {""services"": [""pose"", ""gesture""], ""fps"": {""pose"": 0, ""gesture"": 0}, ""eff_fps"": {""pose"": 0, ""gesture"": 0}, ""latency_ms"": {""pose"": 0, ""gesture"": 0}, ""svclat_ms"": {""pose"": 0.0, ""gesture"": 0.0}}}"
136.6,10,10,1.0,0,0,11,13,12,0.923,1072.0,600.0,0.56,0.0,1.3,0.0,30.11,30.11,0,30.11,30.11,0,0,0,0,23.24,16.74,0,542,"{""ip-172-31-0-204"": ""healthy"", ""ip-172-31-1-171"": ""healthy"", ""ip-172-31-10-12"": ""healthy"", ""ip-172-31-11-132"": ""healthy"", ""ip-172-31-13-134"": ""healthy"", ""ip-172-31-14-68"": ""healthy"", ""ip-172-31-40-239"": ""healthy""}",subscribe,106.4,1.0,0,0,"{""ip-172-31-0-204"": {""gesture"": 1, ""pose"": 1}, ""ip-172-31-40-239"": {""gesture"": 1, ""pose"": 1}, ""ip-172-31-13-134"": {""gesture"": 1, ""pose"": 1}, ""ip-172-31-11-132"": {""pose"": 1, ""object"": 1}, ""ip-172-31-1-171"": {""pose"": 1, ""gesture"": 1}, ""ip-172-31-10-12"": {""pose"": 1}, ""ip-172-31-14-68"": {""pose"": 1, ""gesture"": 1}}","{""a9"": {""services"": [""pose"", ""gesture""], ""fps"": {""pose"": 30, ""gesture"": 30}, ""eff_fps"": {""pose"": 30, ""gesture"": 30}, ""latency_ms"": {""pose"": 0, ""gesture"": 0}, ""svclat_ms"": {""pose"": 27.8, ""gesture"": 17.63}}, ""a11"": {""services"": [""pose"", ""gesture""], ""fps"": {""pose"": 30, ""gesture"": 30}, ""eff_fps"": {""pose"": 30, ""gesture"": 30}, ""latency_ms"": {""pose"": 0, ""gesture"": 0}, ""svclat_ms"": {""pose"": 24.2, ""gesture"": 17.29}}, ""a12"": {""services"": [""pose"", ""gesture""], ""fps"": {""pose"": 30, ""gesture"": 30}, ""eff_fps"": {""pose"": 30, ""gesture"": 30}, ""latency_ms"": {""pose"": 0, ""gesture"": 0}, ""svclat_ms"": {""pose"": 19.12, ""gesture"": 15.31}}, ""a13"": {""services"": [""pose"", ""gesture""], ""fps"": {""pose"": 30, ""gesture"": 31}, ""eff_fps"": {""pose"": 30, ""gesture"": 31}, ""latency_ms"": {""pose"": 0, ""gesture"": 0}, ""svclat_ms"": {""pose"": 22.72, ""gesture"": 16.76}}, ""a14"": {""services"": [""pose"", ""gesture""], ""fps"": {""pose"": 30, ""gesture"": 30}, ""eff_fps"": {""pose"": 30, ""gesture"": 30}, ""latency_ms"": {""pose"": 0, ""gesture"": 0}, ""svclat_ms"": {""pose"": 24.0, ""gesture"": 15.24}}, ""a15"": {""services"": [""pose"", ""gesture""], ""fps"": {""pose"": 31, ""gesture"": 30}, ""eff_fps"": {""pose"": 31, ""gesture"": 30}, ""latency_ms"": {""pose"": 0, ""gesture"": 0}, ""svclat_ms"": {""pose"": 22.21, ""gesture"": 17.69}}, ""a16"": {""services"": [""pose"", ""gesture""], ""fps"": {""pose"": 30, ""gesture"": 30}, ""eff_fps"": {""pose"": 30, ""gesture"": 30}, ""latency_ms"": {""pose"": 0, ""gesture"": 0}, ""svclat_ms"": {""pose"": 19.86, ""gesture"": 16.56}}, ""a17"": {""services"": [""pose"", ""gesture""], ""fps"": {""pose"": 30, ""gesture"": 30}, ""eff_fps"": {""pose"": 30, ""gesture"": 30}, ""latency_ms"": {""pose"": 0, ""gesture"": 0}, ""svclat_ms"": {""pose"": 21.08, ""gesture"": 18.13}}, ""a18"": {""services"": [""pose"", ""gesture""], ""fps"": {""pose"": 30, ""gesture"": 30}, ""eff_fps"": {""pose"": 30, ""gesture"": 30}, ""latency_ms"": {""pose"": 0, ""gesture"": 0}, ""svclat_ms"": {""pose"": 28.15, ""gesture"": 16.06}}}"
141.0,10,10,1.0,0,0,11,13,12,0.923,1072.0,600,0.56,0.0,1.3,0.0,30.0,30.0,0,30.0,30.0,0,0,0,0,22.97,16.68,0,540,"{""ip-172-31-0-204"": ""healthy"", ""ip-172-31-1-171"": ""healthy"", ""ip-172-31-10-12"": ""healthy"", ""ip-172-31-11-132"": ""healthy"", ""ip-172-31-13-134"": ""healthy"", ""ip-172-31-14-68"": ""healthy"", ""ip-172-31-40-239"": ""healthy""}",unsubscribe,107.4,1.0,0,0,"{""ip-172-31-0-204"": {""gesture"": 1, ""pose"": 1}, ""ip-172-31-40-239"": {""gesture"": 1, ""pose"": 1}, ""ip-172-31-13-134"": {""gesture"": 1, ""pose"": 1}, ""ip-172-31-11-132"": {""pose"": 1, ""object"": 1}, ""ip-172-31-1-171"": {""pose"": 1, ""gesture"": 1}, ""ip-172-31-10-12"": {""pose"": 1}, ""ip-172-31-14-68"": {""pose"": 1, ""gesture"": 1}}","{""a9"": {""services"": [""pose"", ""gesture""], ""fps"": {""pose"": 30, ""gesture"": 30}, ""eff_fps"": {""pose"": 30, ""gesture"": 30}, ""latency_ms"": {""pose"": 0, ""gesture"": 0}, ""svclat_ms"": {""pose"": 27.36, ""gesture"": 17.94}}, ""a11"": {""services"": [""pose"", ""gesture""], ""fps"": {""pose"": 30, ""gesture"": 30}, ""eff_fps"": {""pose"": 30, ""gesture"": 30}, ""latency_ms"": {""pose"": 0, ""gesture"": 0}, ""svclat_ms"": {""pose"": 24.09, ""gesture"": 16.0}}, ""a12"": {""services"": [""pose"", ""gesture""], ""fps"": {""pose"": 30, ""gesture"": 30}, ""eff_fps"": {""pose"": 30, ""gesture"": 30}, ""latency_ms"": {""pose"": 0, ""gesture"": 0}, ""svclat_ms"": {""pose"": 20.07, ""gesture"": 15.57}}, ""a13"": {""services"": [""pose"", ""gesture""], ""fps"": {""pose"": 30, ""gesture"": 30}, ""eff_fps"": {""pose"": 30, ""gesture"": 30}, ""latency_ms"": {""pose"": 0, ""gesture"": 0}, ""svclat_ms"": {""pose"": 22.65, ""gesture"": 16.49}}, ""a14"": {""services"": [""pose"", ""gesture""], ""fps"": {""pose"": 30, ""gesture"": 30}, ""eff_fps"": {""pose"": 30, ""gesture"": 30}, ""latency_ms"": {""pose"": 0, ""gesture"": 0}, ""svclat_ms"": {""pose"": 23.2, ""gesture"": 15.11}}, ""a15"": {""services"": [""pose"", ""gesture""], ""fps"": {""pose"": 30, ""gesture"": 30}, ""eff_fps"": {""pose"": 30, ""gesture"": 30}, ""latency_ms"": {""pose"": 0, ""gesture"": 0}, ""svclat_ms"": {""pose"": 21.01, ""gesture"": 18.12}}, ""a16"": {""services"": [""pose"", ""gesture""], ""fps"": {""pose"": 30, ""gesture"": 30}, ""eff_fps"": {""pose"": 30, ""gesture"": 30}, ""latency_ms"": {""pose"": 0, ""gesture"": 0}, ""svclat_ms"": {""pose"": 19.91, ""gesture"": 16.47}}, ""a17"": {""services"": [""pose"", ""gesture""], ""fps"": {""pose"": 30, ""gesture"": 30}, ""eff_fps"": {""pose"": 30, ""gesture"": 30}, ""latency_ms"": {""pose"": 0, ""gesture"": 0}, ""svclat_ms"": {""pose"": 20.55, ""gesture"": 18.09}}, ""a18"": {""services"": [""pose"", ""gesture""], ""fps"": {""pose"": 30, ""gesture"": 30}, ""eff_fps"": {""pose"": 30, ""gesture"": 30}, ""latency_ms"": {""pose"": 0, ""gesture"": 0}, ""svclat_ms"": {""pose"": 27.93, ""gesture"": 16.37}}}"
145.4,9,10,1.111,0,0,11,13,12,0.923,1072.0,600,0.56,0.0,1.44,0.0,30.0,30.0,0,30.0,30.0,0,0,0,0,20.73,15.31,0,420,"{""ip-172-31-0-204"": ""healthy"", ""ip-172-31-1-171"": ""healthy"", ""ip-172-31-10-12"": ""healthy"", ""ip-172-31-11-132"": ""healthy"", ""ip-172-31-13-134"": ""healthy"", ""ip-172-31-14-68"": ""healthy"", ""ip-172-31-40-239"": ""healthy""}",unsubscribe,107.5,1.0,0,0,"{""ip-172-31-0-204"": {""gesture"": 1, ""pose"": 1}, ""ip-172-31-40-239"": {""gesture"": 1, ""pose"": 1}, ""ip-172-31-13-134"": {""gesture"": 1, ""pose"": 1}, ""ip-172-31-11-132"": {""pose"": 1, ""object"": 1}, ""ip-172-31-1-171"": {""pose"": 1, ""gesture"": 1}, ""ip-172-31-10-12"": {""pose"": 1}, ""ip-172-31-14-68"": {""pose"": 1, ""gesture"": 1}}","{""a12"": {""services"": [""pose"", ""gesture""], ""fps"": {""pose"": 30, ""gesture"": 30}, ""eff_fps"": {""pose"": 30, ""gesture"": 30}, ""latency_ms"": {""pose"": 0, ""gesture"": 0}, ""svclat_ms"": {""pose"": 19.27, ""gesture"": 14.8}}, ""a13"": {""services"": [""pose"", ""gesture""], ""fps"": {""pose"": 30, ""gesture"": 30}, ""eff_fps"": {""pose"": 30, ""gesture"": 30}, ""latency_ms"": {""pose"": 0, ""gesture"": 0}, ""svclat_ms"": {""pose"": 21.97, ""gesture"": 16.07}}, ""a14"": {""services"": [""pose"", ""gesture""], ""fps"": {""pose"": 30, ""gesture"": 30}, ""eff_fps"": {""pose"": 30, ""gesture"": 30}, ""latency_ms"": {""pose"": 0, ""gesture"": 0}, ""svclat_ms"": {""pose"": 20.76, ""gesture"": 14.87}}, ""a15"": {""services"": [""pose"", ""gesture""], ""fps"": {""pose"": 30, ""gesture"": 30}, ""eff_fps"": {""pose"": 30, ""gesture"": 30}, ""latency_ms"": {""pose"": 0, ""gesture"": 0}, ""svclat_ms"": {""pose"": 20.52, ""gesture"": 15.53}}, ""a16"": {""services"": [""pose"", ""gesture""], ""fps"": {""pose"": 30, ""gesture"": 30}, ""eff_fps"": {""pose"": 30, ""gesture"": 30}, ""latency_ms"": {""pose"": 0, ""gesture"": 0}, ""svclat_ms"": {""pose"": 19.99, ""gesture"": 14.6}}, ""a17"": {""services"": [""pose"", ""gesture""], ""fps"": {""pose"": 30, ""gesture"": 30}, ""eff_fps"": {""pose"": 30, ""gesture"": 30}, ""latency_ms"": {""pose"": 0, ""gesture"": 0}, ""svclat_ms"": {""pose"": 20.74, ""gesture"": 15.41}}, ""a18"": {""services"": [""pose"", ""gesture""], ""fps"": {""pose"": 30, ""gesture"": 30}, ""eff_fps"": {""pose"": 30, ""gesture"": 30}, ""latency_ms"": {""pose"": 0, ""gesture"": 0}, ""svclat_ms"": {""pose"": 21.89, ""gesture"": 15.91}}}"
151.1,7,9,1.286,0,0,11,13,12,0.923,1072.0,540,0.504,0.0,1.86,0.0,30.0,30.14,0,30.0,30.14,0,0,0,0,20.64,15.23,0,421,"{""ip-172-31-0-204"": ""healthy"", ""ip-172-31-1-171"": ""healthy"", ""ip-172-31-10-12"": ""healthy"", ""ip-172-31-11-132"": ""healthy"", ""ip-172-31-13-134"": ""healthy"", ""ip-172-31-14-68"": ""healthy"", ""ip-172-31-40-239"": ""healthy""}",unsubscribe,102.7,1.0,0,0,"{""ip-172-31-0-204"": {""gesture"": 1, ""pose"": 1}, ""ip-172-31-40-239"": {""gesture"": 1, ""pose"": 1}, ""ip-172-31-13-134"": {""gesture"": 1, ""pose"": 1}, ""ip-172-31-11-132"": {""pose"": 1, ""object"": 1}, ""ip-172-31-1-171"": {""pose"": 1, ""gesture"": 1}, ""ip-172-31-10-12"": {""pose"": 1}, ""ip-172-31-14-68"": {""pose"": 1, ""gesture"": 1}}","{""a12"": {""services"": [""pose"", ""gesture""], ""fps"": {""pose"": 30, ""gesture"": 30}, ""eff_fps"": {""pose"": 30, ""gesture"": 30}, ""latency_ms"": {""pose"": 0, ""gesture"": 0}, ""svclat_ms"": {""pose"": 17.7, ""gesture"": 14.54}}, ""a13"": {""services"": [""pose"", ""gesture""], ""fps"": {""pose"": 30, ""gesture"": 30}, ""eff_fps"": {""pose"": 30, ""gesture"": 30}, ""latency_ms"": {""pose"": 0, ""gesture"": 0}, ""svclat_ms"": {""pose"": 22.4, ""gesture"": 16.12}}, ""a14"": {""services"": [""pose"", ""gesture""], ""fps"": {""pose"": 30, ""gesture"": 30}, ""eff_fps"": {""pose"": 30, ""gesture"": 30}, ""latency_ms"": {""pose"": 0, ""gesture"": 0}, ""svclat_ms"": {""pose"": 21.03, ""gesture"": 14.8}}, ""a15"": {""services"": [""pose"", ""gesture""], ""fps"": {""pose"": 30, ""gesture"": 31}, ""eff_fps"": {""pose"": 30, ""gesture"": 31}, ""latency_ms"": {""pose"": 0, ""gesture"": 0}, ""svclat_ms"": {""pose"": 20.67, ""gesture"": 15.37}}, ""a16"": {""services"": [""pose"", ""gesture""], ""fps"": {""pose"": 30, ""gesture"": 30}, ""eff_fps"": {""pose"": 30, ""gesture"": 30}, ""latency_ms"": {""pose"": 0, ""gesture"": 0}, ""svclat_ms"": {""pose"": 19.9, ""gesture"": 14.47}}, ""a17"": {""services"": [""pose"", ""gesture""], ""fps"": {""pose"": 30, ""gesture"": 30}, ""eff_fps"": {""pose"": 30, ""gesture"": 30}, ""latency_ms"": {""pose"": 0, ""gesture"": 0}, ""svclat_ms"": {""pose"": 20.5, ""gesture"": 15.46}}, ""a18"": {""services"": [""pose"", ""gesture""], ""fps"": {""pose"": 30, ""gesture"": 30}, ""eff_fps"": {""pose"": 30, ""gesture"": 30}, ""latency_ms"": {""pose"": 0, ""gesture"": 0}, ""svclat_ms"": {""pose"": 22.25, ""gesture"": 15.85}}}"
156.4,7,7,1.0,0,0,11,13,12,0.923,1072.0,420,0.392,0.0,1.86,0.0,30.0,30.0,0,30.0,30.0,0,0,0,0,20.23,14.78,0,180,"{""ip-172-31-0-204"": ""healthy"", ""ip-172-31-1-171"": ""healthy"", ""ip-172-31-10-12"": ""healthy"", ""ip-172-31-11-132"": ""healthy"", ""ip-172-31-13-134"": ""healthy"", ""ip-172-31-14-68"": ""healthy"", ""ip-172-31-40-239"": ""healthy""}",unsubscribe,92.5,1.0,0,0,"{""ip-172-31-0-204"": {""gesture"": 1, ""pose"": 1}, ""ip-172-31-40-239"": {""gesture"": 1, ""pose"": 1}, ""ip-172-31-13-134"": {""gesture"": 1, ""pose"": 1}, ""ip-172-31-11-132"": {""pose"": 1, ""object"": 1}, ""ip-172-31-1-171"": {""pose"": 1, ""gesture"": 1}, ""ip-172-31-10-12"": {""pose"": 1}, ""ip-172-31-14-68"": {""pose"": 1, ""gesture"": 1}}","{""a16"": {""services"": [""pose"", ""gesture""], ""fps"": {""pose"": 30, ""gesture"": 30}, ""eff_fps"": {""pose"": 30, ""gesture"": 30}, ""latency_ms"": {""pose"": 0, ""gesture"": 0}, ""svclat_ms"": {""pose"": 19.83, ""gesture"": 14.64}}, ""a17"": {""services"": [""pose"", ""gesture""], ""fps"": {""pose"": 30, ""gesture"": 30}, ""eff_fps"": {""pose"": 30, ""gesture"": 30}, ""latency_ms"": {""pose"": 0, ""gesture"": 0}, ""svclat_ms"": {""pose"": 20.46, ""gesture"": 15.14}}, ""a18"": {""services"": [""pose"", ""gesture""], ""fps"": {""pose"": 30, ""gesture"": 30}, ""eff_fps"": {""pose"": 30, ""gesture"": 30}, ""latency_ms"": {""pose"": 0, ""gesture"": 0}, ""svclat_ms"": {""pose"": 20.41, ""gesture"": 14.55}}}"
161.8,3,3,1.0,0,0,11,13,6,0.462,1072.0,180,0.168,0.0,4.33,0.0,30.0,30.0,0,30.0,30.0,0,0,0,0,20.12,14.57,0,180,"{""ip-172-31-0-204"": ""healthy"", ""ip-172-31-1-171"": ""healthy"", ""ip-172-31-10-12"": ""healthy"", ""ip-172-31-11-132"": ""healthy"", ""ip-172-31-13-134"": ""healthy"", ""ip-172-31-14-68"": ""healthy"", ""ip-172-31-40-239"": ""healthy""}",unsubscribe,73.5,1.0,0,0,"{""ip-172-31-0-204"": {""gesture"": 1, ""pose"": 1}, ""ip-172-31-40-239"": {""gesture"": 1, ""pose"": 1}, ""ip-172-31-13-134"": {""gesture"": 1, ""pose"": 1}, ""ip-172-31-11-132"": {""pose"": 1, ""object"": 1}, ""ip-172-31-1-171"": {""pose"": 1, ""gesture"": 1}, ""ip-172-31-10-12"": {""pose"": 1}, ""ip-172-31-14-68"": {""pose"": 1, ""gesture"": 1}}","{""a16"": {""services"": [""pose"", ""gesture""], ""fps"": {""pose"": 30, ""gesture"": 30}, ""eff_fps"": {""pose"": 30, ""gesture"": 30}, ""latency_ms"": {""pose"": 0, ""gesture"": 0}, ""svclat_ms"": {""pose"": 19.87, ""gesture"": 14.34}}, ""a17"": {""services"": [""pose"", ""gesture""], ""fps"": {""pose"": 30, ""gesture"": 30}, ""eff_fps"": {""pose"": 30, ""gesture"": 30}, ""latency_ms"": {""pose"": 0, ""gesture"": 0}, ""svclat_ms"": {""pose"": 20.46, ""gesture"": 15.02}}, ""a18"": {""services"": [""pose"", ""gesture""], ""fps"": {""pose"": 30, ""gesture"": 30}, ""eff_fps"": {""pose"": 30, ""gesture"": 30}, ""latency_ms"": {""pose"": 0, ""gesture"": 0}, ""svclat_ms"": {""pose"": 20.03, ""gesture"": 14.36}}}"
165.5,3,3,1.0,0,0,11,13,6,0.462,1072.0,180,0.168,0.0,4.33,0.0,30.0,29.67,0,30.0,29.67,0,0,0,0,20.36,14.5,0,179,"{""ip-172-31-0-204"": ""healthy"", ""ip-172-31-1-171"": ""healthy"", ""ip-172-31-10-12"": ""healthy"", ""ip-172-31-11-132"": ""healthy"", ""ip-172-31-13-134"": ""healthy"", ""ip-172-31-14-68"": ""healthy"", ""ip-172-31-40-239"": ""healthy""}",unsubscribe,73.6,1.0,0,0,"{""ip-172-31-0-204"": {""gesture"": 1, ""pose"": 1}, ""ip-172-31-40-239"": {""gesture"": 1, ""pose"": 1}, ""ip-172-31-13-134"": {""gesture"": 1, ""pose"": 1}, ""ip-172-31-11-132"": {""pose"": 1, ""object"": 1}, ""ip-172-31-1-171"": {""pose"": 1, ""gesture"": 1}, ""ip-172-31-10-12"": {""pose"": 1}, ""ip-172-31-14-68"": {""pose"": 1, ""gesture"": 1}}","{""a16"": {""services"": [""pose"", ""gesture""], ""fps"": {""pose"": 30, ""gesture"": 30}, ""eff_fps"": {""pose"": 30, ""gesture"": 30}, ""latency_ms"": {""pose"": 0, ""gesture"": 0}, ""svclat_ms"": {""pose"": 19.95, ""gesture"": 14.43}}, ""a17"": {""services"": [""pose"", ""gesture""], ""fps"": {""pose"": 30, ""gesture"": 30}, ""eff_fps"": {""pose"": 30, ""gesture"": 30}, ""latency_ms"": {""pose"": 0, ""gesture"": 0}, ""svclat_ms"": {""pose"": 20.55, ""gesture"": 14.97}}, ""a18"": {""services"": [""pose"", ""gesture""], ""fps"": {""pose"": 30, ""gesture"": 29}, ""eff_fps"": {""pose"": 30, ""gesture"": 29}, ""latency_ms"": {""pose"": 0, ""gesture"": 0}, ""svclat_ms"": {""pose"": 20.57, ""gesture"": 14.11}}, ""b1"": {""services"": [""pose"", ""object""], ""fps"": {""pose"": 0, ""object"": 0}, ""eff_fps"": {""pose"": 0, ""object"": 0}, ""latency_ms"": {""pose"": 0, ""object"": 0}, ""svclat_ms"": {""pose"": 0.0, ""object"": 0.0}}}"
170.1,3,3,1.0,0,0,11,13,6,0.462,1072.0,180,0.168,0.0,4.33,0.0,30.0,30.0,29.0,30.0,30.0,29.0,0,0,0,20.47,15.02,22.42,239,"{""ip-172-31-0-204"": ""healthy"", ""ip-172-31-1-171"": ""healthy"", ""ip-172-31-10-12"": ""healthy"", ""ip-172-31-11-132"": ""healthy"", ""ip-172-31-13-134"": ""healthy"", ""ip-172-31-14-68"": ""healthy"", ""ip-172-31-40-239"": ""healthy""}",unsubscribe,73.6,1.0,0,0,"{""ip-172-31-0-204"": {""gesture"": 1, ""pose"": 1}, ""ip-172-31-40-239"": {""gesture"": 1, ""pose"": 1}, ""ip-172-31-13-134"": {""gesture"": 1, ""pose"": 1}, ""ip-172-31-11-132"": {""pose"": 1, ""object"": 1}, ""ip-172-31-1-171"": {""pose"": 1, ""gesture"": 1}, ""ip-172-31-10-12"": {""pose"": 1}, ""ip-172-31-14-68"": {""pose"": 1, ""gesture"": 1}}","{""a16"": {""services"": [""pose"", ""gesture""], ""fps"": {""pose"": 30, ""gesture"": 30}, ""eff_fps"": {""pose"": 30, ""gesture"": 30}, ""latency_ms"": {""pose"": 0, ""gesture"": 0}, ""svclat_ms"": {""pose"": 20.0, ""gesture"": 15.64}}, ""a17"": {""services"": [""pose"", ""gesture""], ""fps"": {""pose"": 30, ""gesture"": 30}, ""eff_fps"": {""pose"": 30, ""gesture"": 30}, ""latency_ms"": {""pose"": 0, ""gesture"": 0}, ""svclat_ms"": {""pose"": 21.49, ""gesture"": 15.28}}, ""a18"": {""services"": [""pose"", ""gesture""], ""fps"": {""pose"": 30, ""gesture"": 30}, ""eff_fps"": {""pose"": 30, ""gesture"": 30}, ""latency_ms"": {""pose"": 0, ""gesture"": 0}, ""svclat_ms"": {""pose"": 20.53, ""gesture"": 14.14}}, ""b1"": {""services"": [""pose"", ""object""], ""fps"": {""pose"": 30, ""object"": 29}, ""eff_fps"": {""pose"": 30, ""object"": 29}, ""latency_ms"": {""pose"": 0, ""object"": 0}, ""svclat_ms"": {""pose"": 19.88, ""object"": 22.42}}, ""b2"": {""services"": [""pose"", ""object""], ""fps"": {""pose"": 0, ""object"": 0}, ""eff_fps"": {""pose"": 0, ""object"": 0}, ""latency_ms"": {""pose"": 0, ""object"": 0}, ""svclat_ms"": {""pose"": 0.0, ""object"": 0.0}}}"
172.7,4,4,1.0,0,0,11,13,8,0.615,1072.0,240.0,0.224,0.0,3.25,0.0,30.0,30.33,30.0,30.0,30.33,30.0,0,0,0,19.94,15.0,22.64,241,"{""ip-172-31-0-204"": ""healthy"", ""ip-172-31-1-171"": ""healthy"", ""ip-172-31-10-12"": ""healthy"", ""ip-172-31-11-132"": ""healthy"", ""ip-172-31-13-134"": ""healthy"", ""ip-172-31-14-68"": ""healthy"", ""ip-172-31-40-239"": ""healthy""}",subscribe,76.7,1.0,0,0,"{""ip-172-31-0-204"": {""gesture"": 1, ""pose"": 1}, ""ip-172-31-40-239"": {""gesture"": 1, ""pose"": 1}, ""ip-172-31-13-134"": {""gesture"": 1, ""pose"": 1}, ""ip-172-31-11-132"": {""pose"": 1, ""object"": 1}, ""ip-172-31-1-171"": {""pose"": 1, ""gesture"": 1}, ""ip-172-31-10-12"": {""pose"": 1}, ""ip-172-31-14-68"": {""pose"": 1, ""gesture"": 1}}","{""a16"": {""services"": [""pose"", ""gesture""], ""fps"": {""pose"": 30, ""gesture"": 30}, ""eff_fps"": {""pose"": 30, ""gesture"": 30}, ""latency_ms"": {""pose"": 0, ""gesture"": 0}, ""svclat_ms"": {""pose"": 19.77, ""gesture"": 14.94}}, ""a17"": {""services"": [""pose"", ""gesture""], ""fps"": {""pose"": 30, ""gesture"": 30}, ""eff_fps"": {""pose"": 30, ""gesture"": 30}, ""latency_ms"": {""pose"": 0, ""gesture"": 0}, ""svclat_ms"": {""pose"": 20.9, ""gesture"": 15.62}}, ""a18"": {""services"": [""pose"", ""gesture""], ""fps"": {""pose"": 30, ""gesture"": 31}, ""eff_fps"": {""pose"": 30, ""gesture"": 31}, ""latency_ms"": {""pose"": 0, ""gesture"": 0}, ""svclat_ms"": {""pose"": 20.43, ""gesture"": 14.43}}, ""b1"": {""services"": [""pose"", ""object""], ""fps"": {""pose"": 30, ""object"": 30}, ""eff_fps"": {""pose"": 30, ""object"": 30}, ""latency_ms"": {""pose"": 0, ""object"": 0}, ""svclat_ms"": {""pose"": 18.67, ""object"": 22.64}}, ""b2"": {""services"": [""pose"", ""object""], ""fps"": {""pose"": 0, ""object"": 0}, ""eff_fps"": {""pose"": 0, ""object"": 0}, ""latency_ms"": {""pose"": 0, ""object"": 0}, ""svclat_ms"": {""pose"": 0.0, ""object"": 0.0}}}"
176.5,5,5,1.0,0,0,11,13,9,0.692,1072.0,300.0,0.28,0.0,2.6,0.0,30.0,30.0,30.0,30.0,30.0,30.0,0,0,0,21.0,14.95,24.41,300,"{""ip-172-31-0-204"": ""healthy"", ""ip-172-31-1-171"": ""healthy"", ""ip-172-31-10-12"": ""healthy"", ""ip-172-31-11-132"": ""healthy"", ""ip-172-31-13-134"": ""healthy"", ""ip-172-31-14-68"": ""healthy"", ""ip-172-31-40-239"": ""healthy""}",subscribe,83.8,1.0,0,0,"{""ip-172-31-0-204"": {""gesture"": 1, ""pose"": 1}, ""ip-172-31-40-239"": {""gesture"": 1, ""pose"": 1}, ""ip-172-31-13-134"": {""gesture"": 1, ""pose"": 1}, ""ip-172-31-11-132"": {""pose"": 1, ""object"": 1}, ""ip-172-31-1-171"": {""pose"": 1, ""gesture"": 1}, ""ip-172-31-10-12"": {""pose"": 1}, ""ip-172-31-14-68"": {""pose"": 1, ""gesture"": 1}}","{""a16"": {""services"": [""pose"", ""gesture""], ""fps"": {""pose"": 30, ""gesture"": 30}, ""eff_fps"": {""pose"": 30, ""gesture"": 30}, ""latency_ms"": {""pose"": 0, ""gesture"": 0}, ""svclat_ms"": {""pose"": 19.86, ""gesture"": 15.01}}, ""a17"": {""services"": [""pose"", ""gesture""], ""fps"": {""pose"": 30, ""gesture"": 30}, ""eff_fps"": {""pose"": 30, ""gesture"": 30}, ""latency_ms"": {""pose"": 0, ""gesture"": 0}, ""svclat_ms"": {""pose"": 21.25, ""gesture"": 15.2}}, ""a18"": {""services"": [""pose"", ""gesture""], ""fps"": {""pose"": 30, ""gesture"": 30}, ""eff_fps"": {""pose"": 30, ""gesture"": 30}, ""latency_ms"": {""pose"": 0, ""gesture"": 0}, ""svclat_ms"": {""pose"": 20.57, ""gesture"": 14.64}}, ""b1"": {""services"": [""pose"", ""object""], ""fps"": {""pose"": 30, ""object"": 30}, ""eff_fps"": {""pose"": 30, ""object"": 30}, ""latency_ms"": {""pose"": 0, ""object"": 0}, ""svclat_ms"": {""pose"": 22.41, ""object"": 24.56}}, ""b2"": {""services"": [""pose"", ""object""], ""fps"": {""pose"": 30, ""object"": 30}, ""eff_fps"": {""pose"": 30, ""object"": 30}, ""latency_ms"": {""pose"": 0, ""object"": 0}, ""svclat_ms"": {""pose"": 20.89, ""object"": 24.25}}, ""b3"": {""services"": [""pose"", ""object""], ""fps"": {""pose"": 0, ""object"": 0}, ""eff_fps"": {""pose"": 0, ""object"": 0}, ""latency_ms"": {""pose"": 0, ""object"": 0}, ""svclat_ms"": {""pose"": 0.0, ""object"": 0.0}}}"
179.0,6,5,0.833,0,0,11,13,9,0.692,1072.0,300.0,0.28,0.0,2.6,0.0,28.5,30.0,20.0,28.5,30.0,20.0,0,0,0,21.55,15.73,31.73,321,"{""ip-172-31-0-204"": ""healthy"", ""ip-172-31-1-171"": ""healthy"", ""ip-172-31-10-12"": ""healthy"", ""ip-172-31-11-132"": ""healthy"", ""ip-172-31-13-134"": ""healthy"", ""ip-172-31-14-68"": ""healthy"", ""ip-172-31-40-239"": ""healthy""}",subscribe,83.8,1.0,0,0,"{""ip-172-31-0-204"": {""gesture"": 1, ""pose"": 1}, ""ip-172-31-40-239"": {""gesture"": 1, ""pose"": 1}, ""ip-172-31-13-134"": {""gesture"": 1, ""pose"": 1}, ""ip-172-31-11-132"": {""pose"": 1, ""object"": 1}, ""ip-172-31-1-171"": {""pose"": 1, ""gesture"": 1}, ""ip-172-31-10-12"": {""pose"": 1}, ""ip-172-31-14-68"": {""pose"": 1, ""gesture"": 1}}","{""a16"": {""services"": [""pose"", ""gesture""], ""fps"": {""pose"": 30, ""gesture"": 30}, ""eff_fps"": {""pose"": 30, ""gesture"": 30}, ""latency_ms"": {""pose"": 0, ""gesture"": 0}, ""svclat_ms"": {""pose"": 20.6, ""gesture"": 15.1}}, ""a17"": {""services"": [""pose"", ""gesture""], ""fps"": {""pose"": 30, ""gesture"": 30}, ""eff_fps"": {""pose"": 30, ""gesture"": 30}, ""latency_ms"": {""pose"": 0, ""gesture"": 0}, ""svclat_ms"": {""pose"": 20.93, ""gesture"": 16.14}}, ""a18"": {""services"": [""pose"", ""gesture""], ""fps"": {""pose"": 30, ""gesture"": 30}, ""eff_fps"": {""pose"": 30, ""gesture"": 30}, ""latency_ms"": {""pose"": 0, ""gesture"": 0}, ""svclat_ms"": {""pose"": 21.07, ""gesture"": 15.96}}, ""b1"": {""services"": [""pose"", ""object""], ""fps"": {""pose"": 30, ""object"": 22}, ""eff_fps"": {""pose"": 30, ""object"": 22}, ""latency_ms"": {""pose"": 0, ""object"": 0}, ""svclat_ms"": {""pose"": 22.62, ""object"": 28.29}}, ""b2"": {""services"": [""pose"", ""object""], ""fps"": {""pose"": 30, ""object"": 22}, ""eff_fps"": {""pose"": 30, ""object"": 22}, ""latency_ms"": {""pose"": 0, ""object"": 0}, ""svclat_ms"": {""pose"": 21.85, ""object"": 36.08}}, ""b3"": {""services"": [""pose"", ""object""], ""fps"": {""pose"": 21, ""object"": 16}, ""eff_fps"": {""pose"": 21, ""object"": 16}, ""latency_ms"": {""pose"": 0, ""object"": 0}, ""svclat_ms"": {""pose"": 22.22, ""object"": 30.83}}}"
181.5,6,5,0.833,0,0,11,13,9,0.692,1072.0,300.0,0.28,0.0,2.6,0.0,30.17,30.0,23.0,30.17,30.0,23.0,0,0,0,22.02,15.58,25.47,340,"{""ip-172-31-0-204"": ""healthy"", ""ip-172-31-1-171"": ""healthy"", ""ip-172-31-10-12"": ""healthy"", ""ip-172-31-11-132"": ""healthy"", ""ip-172-31-13-134"": ""healthy"", ""ip-172-31-14-68"": ""healthy"", ""ip-172-31-40-239"": ""healthy""}",subscribe,83.8,1.0,0,0,"{""ip-172-31-0-204"": {""gesture"": 1, ""pose"": 1}, ""ip-172-31-40-239"": {""gesture"": 1, ""pose"": 1}, ""ip-172-31-13-134"": {""gesture"": 1, ""pose"": 1}, ""ip-172-31-11-132"": {""pose"": 1, ""object"": 1}, ""ip-172-31-1-171"": {""pose"": 1, ""gesture"": 1}, ""ip-172-31-10-12"": {""pose"": 1}, ""ip-172-31-14-68"": {""pose"": 1, ""gesture"": 1}}","{""a16"": {""services"": [""pose"", ""gesture""], ""fps"": {""pose"": 30, ""gesture"": 30}, ""eff_fps"": {""pose"": 30, ""gesture"": 30}, ""latency_ms"": {""pose"": 0, ""gesture"": 0}, ""svclat_ms"": {""pose"": 21.51, ""gesture"": 15.01}}, ""a17"": {""services"": [""pose"", ""gesture""], ""fps"": {""pose"": 30, ""gesture"": 30}, ""eff_fps"": {""pose"": 30, ""gesture"": 30}, ""latency_ms"": {""pose"": 0, ""gesture"": 0}, ""svclat_ms"": {""pose"": 20.99, ""gesture"": 15.49}}, ""a18"": {""services"": [""pose"", ""gesture""], ""fps"": {""pose"": 30, ""gesture"": 30}, ""eff_fps"": {""pose"": 30, ""gesture"": 30}, ""latency_ms"": {""pose"": 0, ""gesture"": 0}, ""svclat_ms"": {""pose"": 21.59, ""gesture"": 16.25}}, ""b1"": {""services"": [""pose"", ""object""], ""fps"": {""pose"": 31, ""object"": 23}, ""eff_fps"": {""pose"": 31, ""object"": 23}, ""latency_ms"": {""pose"": 0, ""object"": 0}, ""svclat_ms"": {""pose"": 23.76, ""object"": 24.15}}, ""b2"": {""services"": [""pose"", ""object""], ""fps"": {""pose"": 30, ""object"": 23}, ""eff_fps"": {""pose"": 30, ""object"": 23}, ""latency_ms"": {""pose"": 0, ""object"": 0}, ""svclat_ms"": {""pose"": 22.45, ""object"": 25.6}}, ""b3"": {""services"": [""pose"", ""object""], ""fps"": {""pose"": 30, ""object"": 23}, ""eff_fps"": {""pose"": 30, ""object"": 23}, ""latency_ms"": {""pose"": 0, ""object"": 0}, ""svclat_ms"": {""pose"": 21.81, ""object"": 26.65}}, ""b4"": {""services"": [""pose"", ""object""], ""fps"": {""pose"": 0, ""object"": 0}, ""eff_fps"": {""pose"": 0, ""object"": 0}, ""latency_ms"": {""pose"": 0, ""object"": 0}, ""svclat_ms"": {""pose"": 0.0, ""object"": 0.0}}}"
184.0,6,5,0.833,0,0,11,13,9,0.692,1072.0,300.0,0.28,0.0,2.6,0.0,30.17,30.0,23.0,30.17,30.0,23.0,0,0,0,22.31,15.55,28.44,340,"{""ip-172-31-0-204"": ""healthy"", ""ip-172-31-1-171"": ""healthy"", ""ip-172-31-10-12"": ""healthy"", ""ip-172-31-11-132"": ""healthy"", ""ip-172-31-13-134"": ""healthy"", ""ip-172-31-14-68"": ""healthy"", ""ip-172-31-40-239"": ""healthy""}",subscribe,83.8,1.0,0,0,"{""ip-172-31-0-204"": {""gesture"": 1, ""pose"": 1}, ""ip-172-31-40-239"": {""gesture"": 1, ""pose"": 1}, ""ip-172-31-13-134"": {""gesture"": 1, ""pose"": 1}, ""ip-172-31-11-132"": {""pose"": 1, ""object"": 1}, ""ip-172-31-1-171"": {""pose"": 1, ""gesture"": 1}, ""ip-172-31-10-12"": {""pose"": 1}, ""ip-172-31-14-68"": {""pose"": 1, ""gesture"": 1}}","{""a16"": {""services"": [""pose"", ""gesture""], ""fps"": {""pose"": 30, ""gesture"": 30}, ""eff_fps"": {""pose"": 30, ""gesture"": 30}, ""latency_ms"": {""pose"": 0, ""gesture"": 0}, ""svclat_ms"": {""pose"": 23.18, ""gesture"": 15.01}}, ""a17"": {""services"": [""pose"", ""gesture""], ""fps"": {""pose"": 30, ""gesture"": 30}, ""eff_fps"": {""pose"": 30, ""gesture"": 30}, ""latency_ms"": {""pose"": 0, ""gesture"": 0}, ""svclat_ms"": {""pose"": 21.55, ""gesture"": 15.6}}, ""a18"": {""services"": [""pose"", ""gesture""], ""fps"": {""pose"": 30, ""gesture"": 30}, ""eff_fps"": {""pose"": 30, ""gesture"": 30}, ""latency_ms"": {""pose"": 0, ""gesture"": 0}, ""svclat_ms"": {""pose"": 21.25, ""gesture"": 16.04}}, ""b1"": {""services"": [""pose"", ""object""], ""fps"": {""pose"": 30, ""object"": 23}, ""eff_fps"": {""pose"": 30, ""object"": 23}, ""latency_ms"": {""pose"": 0, ""object"": 0}, ""svclat_ms"": {""pose"": 23.51, ""object"": 26.12}}, ""b2"": {""services"": [""pose"", ""object""], ""fps"": {""pose"": 31, ""object"": 23}, ""eff_fps"": {""pose"": 31, ""object"": 23}, ""latency_ms"": {""pose"": 0, ""object"": 0}, ""svclat_ms"": {""pose"": 22.95, ""object"": 28.49}}, ""b3"": {""services"": [""pose"", ""object""], ""fps"": {""pose"": 30, ""object"": 23}, ""eff_fps"": {""pose"": 30, ""object"": 23}, ""latency_ms"": {""pose"": 0, ""object"": 0}, ""svclat_ms"": {""pose"": 21.44, ""object"": 30.71}}, ""b4"": {""services"": [""pose"", ""object""], ""fps"": {""pose"": 0, ""object"": 0}, ""eff_fps"": {""pose"": 0, ""object"": 0}, ""latency_ms"": {""pose"": 0, ""object"": 0}, ""svclat_ms"": {""pose"": 0.0, ""object"": 0.0}}}"
186.5,6,5,0.833,0,0,11,13,9,0.692,1072.0,300.0,0.28,0.0,2.6,0.0,30.0,30.0,23.0,30.0,30.0,23.0,0,0,0,20.6,14.71,24.44,219,"{""ip-172-31-0-204"": ""healthy"", ""ip-172-31-1-171"": ""healthy"", ""ip-172-31-10-12"": ""healthy"", ""ip-172-31-11-132"": ""healthy"", ""ip-172-31-13-134"": ""healthy"", ""ip-172-31-14-68"": ""healthy"", ""ip-172-31-40-239"": ""healthy""}",subscribe,83.8,1.0,0,0,"{""ip-172-31-0-204"": {""gesture"": 1, ""pose"": 1}, ""ip-172-31-40-239"": {""gesture"": 1, ""pose"": 1}, ""ip-172-31-13-134"": {""gesture"": 1, ""pose"": 1}, ""ip-172-31-11-132"": {""pose"": 1, ""object"": 1}, ""ip-172-31-1-171"": {""pose"": 1, ""gesture"": 1}, ""ip-172-31-10-12"": {""pose"": 1}, ""ip-172-31-14-68"": {""pose"": 1, ""gesture"": 1}}","{""a18"": {""services"": [""pose"", ""gesture""], ""fps"": {""pose"": 30, ""gesture"": 30}, ""eff_fps"": {""pose"": 30, ""gesture"": 30}, ""latency_ms"": {""pose"": 0, ""gesture"": 0}, ""svclat_ms"": {""pose"": 20.33, ""gesture"": 14.71}}, ""b1"": {""services"": [""pose"", ""object""], ""fps"": {""pose"": 30, ""object"": 23}, ""eff_fps"": {""pose"": 30, ""object"": 23}, ""latency_ms"": {""pose"": 0, ""object"": 0}, ""svclat_ms"": {""pose"": 21.61, ""object"": 23.49}}, ""b2"": {""services"": [""pose"", ""object""], ""fps"": {""pose"": 30, ""object"": 23}, ""eff_fps"": {""pose"": 30, ""object"": 23}, ""latency_ms"": {""pose"": 0, ""object"": 0}, ""svclat_ms"": {""pose"": 20.11, ""object"": 24.97}}, ""b3"": {""services"": [""pose"", ""object""], ""fps"": {""pose"": 30, ""object"": 23}, ""eff_fps"": {""pose"": 30, ""object"": 23}, ""latency_ms"": {""pose"": 0, ""object"": 0}, ""svclat_ms"": {""pose"": 20.35, ""object"": 24.85}}, ""b4"": {""services"": [""pose"", ""object""], ""fps"": {""pose"": 0, ""object"": 0}, ""eff_fps"": {""pose"": 0, ""object"": 0}, ""latency_ms"": {""pose"": 0, ""object"": 0}, ""svclat_ms"": {""pose"": 0.0, ""object"": 0.0}}, ""b5"": {""services"": [""pose"", ""object""], ""fps"": {""pose"": 0, ""object"": 0}, ""eff_fps"": {""pose"": 0, ""object"": 0}, ""latency_ms"": {""pose"": 0, ""object"": 0}, ""svclat_ms"": {""pose"": 0.0, ""object"": 0.0}}}"
189.0,6,5,0.833,0,0,11,13,9,0.692,1072.0,300.0,0.28,0.0,2.6,0.0,29.75,30.0,20.33,29.75,30.0,19.67,0,0,0,20.43,14.89,30.62,210,"{""ip-172-31-0-204"": ""healthy"", ""ip-172-31-1-171"": ""healthy"", ""ip-172-31-10-12"": ""healthy"", ""ip-172-31-11-132"": ""healthy"", ""ip-172-31-13-134"": ""healthy"", ""ip-172-31-14-68"": ""healthy"", ""ip-172-31-40-239"": ""healthy""}",subscribe,83.8,1.0,0,0,"{""ip-172-31-0-204"": {""gesture"": 1, ""pose"": 1}, ""ip-172-31-40-239"": {""gesture"": 1, ""pose"": 1}, ""ip-172-31-13-134"": {""gesture"": 1, ""pose"": 1}, ""ip-172-31-11-132"": {""pose"": 1, ""object"": 1}, ""ip-172-31-1-171"": {""pose"": 1, ""gesture"": 1}, ""ip-172-31-10-12"": {""pose"": 1}, ""ip-172-31-14-68"": {""pose"": 1, ""gesture"": 1}}","{""a18"": {""services"": [""pose"", ""gesture""], ""fps"": {""pose"": 30, ""gesture"": 30}, ""eff_fps"": {""pose"": 30, ""gesture"": 30}, ""latency_ms"": {""pose"": 0, ""gesture"": 0}, ""svclat_ms"": {""pose"": 20.23, ""gesture"": 14.89}}, ""b1"": {""services"": [""pose"", ""object""], ""fps"": {""pose"": 29, ""object"": 20}, ""eff_fps"": {""pose"": 29, ""object"": 19}, ""latency_ms"": {""pose"": 0, ""object"": 0}, ""svclat_ms"": {""pose"": 20.97, ""object"": 32.93}}, ""b2"": {""services"": [""pose"", ""object""], ""fps"": {""pose"": 30, ""object"": 18}, ""eff_fps"": {""pose"": 30, ""object"": 17}, ""latency_ms"": {""pose"": 0, ""object"": 0}, ""svclat_ms"": {""pose"": 20.28, ""object"": 35.34}}, ""b3"": {""services"": [""pose"", ""object""], ""fps"": {""pose"": 30, ""object"": 23}, ""eff_fps"": {""pose"": 30, ""object"": 23}, ""latency_ms"": {""pose"": 0, ""object"": 0}, ""svclat_ms"": {""pose"": 20.24, ""object"": 23.59}}, ""b4"": {""services"": [""pose"", ""object""], ""fps"": {""pose"": 0, ""object"": 0}, ""eff_fps"": {""pose"": 0, ""object"": 0}, ""latency_ms"": {""pose"": 0, ""object"": 0}, ""svclat_ms"": {""pose"": 0.0, ""object"": 0.0}}, ""b5"": {""services"": [""pose"", ""object""], ""fps"": {""pose"": 0, ""object"": 0}, ""eff_fps"": {""pose"": 0, ""object"": 0}, ""latency_ms"": {""pose"": 0, ""object"": 0}, ""svclat_ms"": {""pose"": 0.0, ""object"": 0.0}}}"
193.2,6,5,0.833,0,0,11,13,9,0.692,1072.0,300.0,0.28,0.0,2.6,0.0,30.0,30.0,29.67,30.0,30.0,29.67,0,0,0,20.4,17.26,18.11,239,"{""ip-172-31-0-204"": ""healthy"", ""ip-172-31-1-171"": ""healthy"", ""ip-172-31-10-12"": ""healthy"", ""ip-172-31-11-132"": ""healthy"", ""ip-172-31-13-134"": ""healthy"", ""ip-172-31-14-68"": ""healthy"", ""ip-172-31-40-239"": ""healthy""}",subscribe,83.8,1.0,0,0,"{""ip-172-31-0-204"": {""gesture"": 1, ""pose"": 1}, ""ip-172-31-40-239"": {""gesture"": 1, ""pose"": 1}, ""ip-172-31-13-134"": {""gesture"": 1, ""pose"": 1}, ""ip-172-31-11-132"": {""pose"": 1, ""object"": 1}, ""ip-172-31-1-171"": {""pose"": 1, ""gesture"": 1}, ""ip-172-31-10-12"": {""pose"": 1}, ""ip-172-31-14-68"": {""pose"": 1, ""gesture"": 1}}","{""a18"": {""services"": [""pose"", ""gesture""], ""fps"": {""pose"": 30, ""gesture"": 30}, ""eff_fps"": {""pose"": 30, ""gesture"": 30}, ""latency_ms"": {""pose"": 0, ""gesture"": 0}, ""svclat_ms"": {""pose"": 20.03, ""gesture"": 17.26}}, ""b1"": {""services"": [""pose"", ""object""], ""fps"": {""pose"": 30, ""object"": 30}, ""eff_fps"": {""pose"": 30, ""object"": 30}, ""latency_ms"": {""pose"": 0, ""object"": 0}, ""svclat_ms"": {""pose"": 20.33, ""object"": 16.94}}, ""b2"": {""services"": [""pose"", ""object""], ""fps"": {""pose"": 30, ""object"": 29}, ""eff_fps"": {""pose"": 30, ""object"": 29}, ""latency_ms"": {""pose"": 0, ""object"": 0}, ""svclat_ms"": {""pose"": 18.14, ""object"": 17.06}}, ""b3"": {""services"": [""pose"", ""object""], ""fps"": {""pose"": 30, ""object"": 30}, ""eff_fps"": {""pose"": 30, ""object"": 30}, ""latency_ms"": {""pose"": 0, ""object"": 0}, ""svclat_ms"": {""pose"": 23.09, ""object"": 20.33}}, ""b4"": {""services"": [""pose"", ""object""], ""fps"": {""pose"": 0, ""object"": 0}, ""eff_fps"": {""pose"": 0, ""object"": 0}, ""latency_ms"": {""pose"": 0, ""object"": 0}, ""svclat_ms"": {""pose"": 0.0, ""object"": 0.0}}, ""b5"": {""services"": [""pose"", ""object""], ""fps"": {""pose"": 0, ""object"": 0}, ""eff_fps"": {""pose"": 0, ""object"": 0}, ""latency_ms"": {""pose"": 0, ""object"": 0}, ""svclat_ms"": {""pose"": 0.0, ""object"": 0.0}}, ""b6"": {""services"": [""pose"", ""object""], ""fps"": {""pose"": 0, ""object"": 0}, ""eff_fps"": {""pose"": 0, ""object"": 0}, ""latency_ms"": {""pose"": 0, ""object"": 0}, ""svclat_ms"": {""pose"": 0.0, ""object"": 0.0}}}"
198.7,5,5,1.0,0,0,11,14,9,0.643,1089.0,300.0,0.275,0.0,2.8,0.0,30.0,30.0,30.0,30.0,30.0,30.0,0,0,0,20.45,14.41,19.08,300,"{""ip-172-31-0-204"": ""healthy"", ""ip-172-31-1-171"": ""healthy"", ""ip-172-31-10-12"": ""healthy"", ""ip-172-31-11-132"": ""healthy"", ""ip-172-31-13-134"": ""healthy"", ""ip-172-31-14-68"": ""healthy"", ""ip-172-31-40-239"": ""healthy""}",subscribe,81.3,1.0,0,0,"{""ip-172-31-0-204"": {""gesture"": 1}, ""ip-172-31-40-239"": {""gesture"": 1, ""object"": 1}, ""ip-172-31-11-132"": {""pose"": 1, ""gesture"": 1}, ""ip-172-31-1-171"": {""pose"": 1, ""gesture"": 1, ""object"": 1}, ""ip-172-31-10-12"": {""pose"": 1, ""gesture"": 1, ""object"": 1}, ""ip-172-31-14-68"": {""pose"": 1, ""object"": 1}, ""ip-172-31-13-134"": {""object"": 1}}","{""a18"": {""services"": [""pose"", ""gesture""], ""fps"": {""pose"": 30, ""gesture"": 30}, ""eff_fps"": {""pose"": 30, ""gesture"": 30}, ""latency_ms"": {""pose"": 0, ""gesture"": 0}, ""svclat_ms"": {""pose"": 19.09, ""gesture"": 14.41}}, ""b1"": {""services"": [""pose"", ""object""], ""fps"": {""pose"": 30, ""object"": 30}, ""eff_fps"": {""pose"": 30, ""object"": 30}, ""latency_ms"": {""pose"": 0, ""object"": 0}, ""svclat_ms"": {""pose"": 22.58, ""object"": 18.92}}, ""b2"": {""services"": [""pose"", ""object""], ""fps"": {""pose"": 30, ""object"": 30}, ""eff_fps"": {""pose"": 30, ""object"": 30}, ""latency_ms"": {""pose"": 0, ""object"": 0}, ""svclat_ms"": {""pose"": 20.79, ""object"": 20.12}}, ""b3"": {""services"": [""pose"", ""object""], ""fps"": {""pose"": 30, ""object"": 30}, ""eff_fps"": {""pose"": 30, ""object"": 30}, ""latency_ms"": {""pose"": 0, ""object"": 0}, ""svclat_ms"": {""pose"": 20.6, ""object"": 16.52}}, ""b4"": {""services"": [""pose"", ""object""], ""fps"": {""pose"": 30, ""object"": 30}, ""eff_fps"": {""pose"": 30, ""object"": 30}, ""latency_ms"": {""pose"": 0, ""object"": 0}, ""svclat_ms"": {""pose"": 19.18, ""object"": 20.76}}, ""b5"": {""services"": [""pose"", ""object""], ""fps"": {""pose"": 0, ""object"": 0}, ""eff_fps"": {""pose"": 0, ""object"": 0}, ""latency_ms"": {""pose"": 0, ""object"": 0}, ""svclat_ms"": {""pose"": 0.0, ""object"": 0.0}}, ""b6"": {""services"": [""pose"", ""object""], ""fps"": {""pose"": 0, ""object"": 0}, ""eff_fps"": {""pose"": 0, ""object"": 0}, ""latency_ms"": {""pose"": 0, ""object"": 0}, ""svclat_ms"": {""pose"": 0.0, ""object"": 0.0}}, ""b7"": {""services"": [""pose"", ""object""], ""fps"": {""pose"": 0, ""object"": 0}, ""eff_fps"": {""pose"": 0, ""object"": 0}, ""latency_ms"": {""pose"": 0, ""object"": 0}, ""svclat_ms"": {""pose"": 0.0, ""object"": 0.0}}}"
204.1,6,5,0.833,0,0,11,14,9,0.643,1089.0,300,0.275,0.0,2.8,0.0,30.2,30.0,30.0,30.2,30.0,30.0,0,0,0,21.09,14.31,19.59,301,"{""ip-172-31-0-204"": ""healthy"", ""ip-172-31-1-171"": ""healthy"", ""ip-172-31-10-12"": ""healthy"", ""ip-172-31-11-132"": ""healthy"", ""ip-172-31-13-134"": ""healthy"", ""ip-172-31-14-68"": ""healthy"", ""ip-172-31-40-239"": ""healthy""}",unsubscribe,115.6,1.0,0,0,"{""ip-172-31-0-204"": {""gesture"": 1}, ""ip-172-31-40-239"": {""gesture"": 1, ""object"": 1}, ""ip-172-31-11-132"": {""pose"": 1, ""gesture"": 1}, ""ip-172-31-1-171"": {""pose"": 1, ""gesture"": 1, ""object"": 1}, ""ip-172-31-10-12"": {""pose"": 1, ""gesture"": 1, ""object"": 1}, ""ip-172-31-14-68"": {""pose"": 1, ""object"": 1}, ""ip-172-31-13-134"": {""object"": 1}}","{""a18"": {""services"": [""pose"", ""gesture""], ""fps"": {""pose"": 30, ""gesture"": 30}, ""eff_fps"": {""pose"": 30, ""gesture"": 30}, ""latency_ms"": {""pose"": 0, ""gesture"": 0}, ""svclat_ms"": {""pose"": 18.96, ""gesture"": 14.31}}, ""b1"": {""services"": [""pose"", ""object""], ""fps"": {""pose"": 31, ""object"": 30}, ""eff_fps"": {""pose"": 31, ""object"": 30}, ""latency_ms"": {""pose"": 0, ""object"": 0}, ""svclat_ms"": {""pose"": 24.88, ""object"": 18.95}}, ""b2"": {""services"": [""pose"", ""object""], ""fps"": {""pose"": 30, ""object"": 30}, ""eff_fps"": {""pose"": 30, ""object"": 30}, ""latency_ms"": {""pose"": 0, ""object"": 0}, ""svclat_ms"": {""pose"": 20.9, ""object"": 22.28}}, ""b3"": {""services"": [""pose"", ""object""], ""fps"": {""pose"": 30, ""object"": 30}, ""eff_fps"": {""pose"": 30, ""object"": 30}, ""latency_ms"": {""pose"": 0, ""object"": 0}, ""svclat_ms"": {""pose"": 21.59, ""object"": 16.5}}, ""b4"": {""services"": [""pose"", ""object""], ""fps"": {""pose"": 30, ""object"": 30}, ""eff_fps"": {""pose"": 30, ""object"": 30}, ""latency_ms"": {""pose"": 0, ""object"": 0}, ""svclat_ms"": {""pose"": 19.11, ""object"": 20.63}}, ""b5"": {""services"": [""pose"", ""object""], ""fps"": {""pose"": 0, ""object"": 0}, ""eff_fps"": {""pose"": 0, ""object"": 0}, ""latency_ms"": {""pose"": 0, ""object"": 0}, ""svclat_ms"": {""pose"": 0.0, ""object"": 0.0}}, ""b6"": {""services"": [""pose"", ""object""], ""fps"": {""pose"": 0, ""object"": 0}, ""eff_fps"": {""pose"": 0, ""object"": 0}, ""latency_ms"": {""pose"": 0, ""object"": 0}, ""svclat_ms"": {""pose"": 0.0, ""object"": 0.0}}, ""b7"": {""services"": [""pose"", ""object""], ""fps"": {""pose"": 0, ""object"": 0}, ""eff_fps"": {""pose"": 0, ""object"": 0}, ""latency_ms"": {""pose"": 0, ""object"": 0}, ""svclat_ms"": {""pose"": 0.0, ""object"": 0.0}}, ""b8"": {""services"": [""pose"", ""object""], ""fps"": {""pose"": 0, ""object"": 0}, ""eff_fps"": {""pose"": 0, ""object"": 0}, ""latency_ms"": {""pose"": 0, ""object"": 0}, ""svclat_ms"": {""pose"": 0.0, ""object"": 0.0}}}"
208.1,8,7,0.875,0,0,11,14,10,0.714,1089.0,418.0,0.384,0.0,2.0,0.0,29.5,0,29.83,29.5,0,29.83,0,0,0,22.22,0,20.88,356,"{""ip-172-31-0-204"": ""healthy"", ""ip-172-31-1-171"": ""healthy"", ""ip-172-31-10-12"": ""healthy"", ""ip-172-31-11-132"": ""healthy"", ""ip-172-31-13-134"": ""healthy"", ""ip-172-31-14-68"": ""healthy"", ""ip-172-31-40-239"": ""healthy""}",subscribe,90.9,0.9952,0,0,"{""ip-172-31-0-204"": {""gesture"": 1}, ""ip-172-31-40-239"": {""gesture"": 1, ""object"": 1}, ""ip-172-31-11-132"": {""pose"": 1, ""gesture"": 1}, ""ip-172-31-1-171"": {""pose"": 1, ""gesture"": 1, ""object"": 1}, ""ip-172-31-10-12"": {""pose"": 1, ""gesture"": 1, ""object"": 1}, ""ip-172-31-14-68"": {""pose"": 1, ""object"": 1}, ""ip-172-31-13-134"": {""object"": 1}}","{""b1"": {""services"": [""pose"", ""object""], ""fps"": {""pose"": 30, ""object"": 30}, ""eff_fps"": {""pose"": 30, ""object"": 30}, ""latency_ms"": {""pose"": 0, ""object"": 0}, ""svclat_ms"": {""pose"": 24.52, ""object"": 22.62}}, ""b2"": {""services"": [""pose"", ""object""], ""fps"": {""pose"": 29, ""object"": 30}, ""eff_fps"": {""pose"": 29, ""object"": 30}, ""latency_ms"": {""pose"": 0, ""object"": 0}, ""svclat_ms"": {""pose"": 22.59, ""object"": 22.3}}, ""b3"": {""services"": [""pose"", ""object""], ""fps"": {""pose"": 29, ""object"": 30}, ""eff_fps"": {""pose"": 29, ""object"": 30}, ""latency_ms"": {""pose"": 0, ""object"": 0}, ""svclat_ms"": {""pose"": 21.38, ""object"": 16.28}}, ""b4"": {""services"": [""pose"", ""object""], ""fps"": {""pose"": 30, ""object"": 29}, ""eff_fps"": {""pose"": 30, ""object"": 29}, ""latency_ms"": {""pose"": 0, ""object"": 0}, ""svclat_ms"": {""pose"": 19.89, ""object"": 22.76}}, ""b5"": {""services"": [""pose"", ""object""], ""fps"": {""pose"": 30, ""object"": 30}, ""eff_fps"": {""pose"": 30, ""object"": 30}, ""latency_ms"": {""pose"": 0, ""object"": 0}, ""svclat_ms"": {""pose"": 22.6, ""object"": 21.09}}, ""b6"": {""services"": [""pose"", ""object""], ""fps"": {""pose"": 29, ""object"": 30}, ""eff_fps"": {""pose"": 29, ""object"": 30}, ""latency_ms"": {""pose"": 0, ""object"": 0}, ""svclat_ms"": {""pose"": 22.32, ""object"": 20.23}}, ""b7"": {""services"": [""pose"", ""object""], ""fps"": {""pose"": 0, ""object"": 0}, ""eff_fps"": {""pose"": 0, ""object"": 0}, ""latency_ms"": {""pose"": 0, ""object"": 0}, ""svclat_ms"": {""pose"": 0.0, ""object"": 0.0}}, ""b8"": {""services"": [""pose"", ""object""], ""fps"": {""pose"": 0, ""object"": 0}, ""eff_fps"": {""pose"": 0, ""object"": 0}, ""latency_ms"": {""pose"": 0, ""object"": 0}, ""svclat_ms"": {""pose"": 0.0, ""object"": 0.0}}, ""b9"": {""services"": [""pose"", ""object""], ""fps"": {""pose"": 0, ""object"": 0}, ""eff_fps"": {""pose"": 0, ""object"": 0}, ""latency_ms"": {""pose"": 0, ""object"": 0}, ""svclat_ms"": {""pose"": 0.0, ""object"": 0.0}}}"
214.0,7,8,1.143,0,0,11,14,10,0.714,1089.0,476.0,0.437,0.0,2.0,0.0,29.29,0,30.0,29.29,0,30.0,0,0,0,23.67,0,21.8,415,"{""ip-172-31-0-204"": ""healthy"", ""ip-172-31-1-171"": ""healthy"", ""ip-172-31-10-12"": ""healthy"", ""ip-172-31-11-132"": ""healthy"", ""ip-172-31-13-134"": ""healthy"", ""ip-172-31-14-68"": ""healthy"", ""ip-172-31-40-239"": ""healthy""}",subscribe,93.4,0.9917,0,0,"{""ip-172-31-0-204"": {""gesture"": 1}, ""ip-172-31-40-239"": {""gesture"": 1, ""object"": 1}, ""ip-172-31-11-132"": {""pose"": 1, ""gesture"": 1}, ""ip-172-31-1-171"": {""pose"": 1, ""gesture"": 1, ""object"": 1}, ""ip-172-31-10-12"": {""pose"": 1, ""gesture"": 1, ""object"": 1}, ""ip-172-31-14-68"": {""pose"": 1, ""object"": 1}, ""ip-172-31-13-134"": {""object"": 1}}","{""b1"": {""services"": [""pose"", ""object""], ""fps"": {""pose"": 29, ""object"": 30}, ""eff_fps"": {""pose"": 29, ""object"": 30}, ""latency_ms"": {""pose"": 0, ""object"": 0}, ""svclat_ms"": {""pose"": 25.16, ""object"": 22.67}}, ""b2"": {""services"": [""pose"", ""object""], ""fps"": {""pose"": 29, ""object"": 30}, ""eff_fps"": {""pose"": 29, ""object"": 30}, ""latency_ms"": {""pose"": 0, ""object"": 0}, ""svclat_ms"": {""pose"": 22.59, ""object"": 24.75}}, ""b3"": {""services"": [""pose"", ""object""], ""fps"": {""pose"": 29, ""object"": 30}, ""eff_fps"": {""pose"": 29, ""object"": 30}, ""latency_ms"": {""pose"": 0, ""object"": 0}, ""svclat_ms"": {""pose"": 22.99, ""object"": 16.24}}, ""b4"": {""services"": [""pose"", ""object""], ""fps"": {""pose"": 30, ""object"": 30}, ""eff_fps"": {""pose"": 30, ""object"": 30}, ""latency_ms"": {""pose"": 0, ""object"": 0}, ""svclat_ms"": {""pose"": 19.78, ""object"": 22.81}}, ""b5"": {""services"": [""pose"", ""object""], ""fps"": {""pose"": 30, ""object"": 30}, ""eff_fps"": {""pose"": 30, ""object"": 30}, ""latency_ms"": {""pose"": 0, ""object"": 0}, ""svclat_ms"": {""pose"": 25.45, ""object"": 23.23}}, ""b6"": {""services"": [""pose"", ""object""], ""fps"": {""pose"": 29, ""object"": 30}, ""eff_fps"": {""pose"": 29, ""object"": 30}, ""latency_ms"": {""pose"": 0, ""object"": 0}, ""svclat_ms"": {""pose"": 22.51, ""object"": 20.1}}, ""b7"": {""services"": [""pose"", ""object""], ""fps"": {""pose"": 29, ""object"": 30}, ""eff_fps"": {""pose"": 29, ""object"": 30}, ""latency_ms"": {""pose"": 0, ""object"": 0}, ""svclat_ms"": {""pose"": 27.21, ""object"": 22.79}}, ""b8"": {""services"": [""pose"", ""object""], ""fps"": {""pose"": 0, ""object"": 0}, ""eff_fps"": {""pose"": 0, ""object"": 0}, ""latency_ms"": {""pose"": 0, ""object"": 0}, ""svclat_ms"": {""pose"": 0.0, ""object"": 0.0}}, ""b9"": {""services"": [""pose"", ""object""], ""fps"": {""pose"": 0, ""object"": 0}, ""eff_fps"": {""pose"": 0, ""object"": 0}, ""latency_ms"": {""pose"": 0, ""object"": 0}, ""svclat_ms"": {""pose"": 0.0, ""object"": 0.0}}, ""b10"": {""services"": [""pose"", ""object""], ""fps"": {""pose"": 0, ""object"": 0}, ""eff_fps"": {""pose"": 0, ""object"": 0}, ""latency_ms"": {""pose"": 0, ""object"": 0}, ""svclat_ms"": {""pose"": 0.0, ""object"": 0.0}}}"
218.1,9,8,0.889,0,0,11,14,9,0.643,1089.0,476.0,0.437,0.0,1.75,0.0,25.11,0,27.22,25.11,0,27.22,0,0,0,23.69,0,22.96,471,"{""ip-172-31-0-204"": ""healthy"", ""ip-172-31-1-171"": ""healthy"", ""ip-172-31-10-12"": ""healthy"", ""ip-172-31-11-132"": ""healthy"", ""ip-172-31-13-134"": ""healthy"", ""ip-172-31-14-68"": ""healthy"", ""ip-172-31-40-239"": ""healthy""}",subscribe,96.4,0.9917,0,0,"{""ip-172-31-0-204"": {""gesture"": 1}, ""ip-172-31-40-239"": {""gesture"": 1, ""object"": 1}, ""ip-172-31-11-132"": {""pose"": 1, ""gesture"": 1}, ""ip-172-31-1-171"": {""pose"": 1, ""gesture"": 1, ""object"": 1}, ""ip-172-31-10-12"": {""pose"": 1, ""gesture"": 1, ""object"": 1}, ""ip-172-31-14-68"": {""pose"": 1, ""object"": 1}, ""ip-172-31-13-134"": {""object"": 1}}","{""b1"": {""services"": [""pose"", ""object""], ""fps"": {""pose"": 23, ""object"": 30}, ""eff_fps"": {""pose"": 23, ""object"": 30}, ""latency_ms"": {""pose"": 0, ""object"": 0}, ""svclat_ms"": {""pose"": 21.96, ""object"": 24.57}}, ""b2"": {""services"": [""pose"", ""object""], ""fps"": {""pose"": 30, ""object"": 30}, ""eff_fps"": {""pose"": 30, ""object"": 30}, ""latency_ms"": {""pose"": 0, ""object"": 0}, ""svclat_ms"": {""pose"": 27.49, ""object"": 24.01}}, ""b3"": {""services"": [""pose"", ""object""], ""fps"": {""pose"": 29, ""object"": 31}, ""eff_fps"": {""pose"": 29, ""object"": 31}, ""latency_ms"": {""pose"": 0, ""object"": 0}, ""svclat_ms"": {""pose"": 23.02, ""object"": 20.5}}, ""b4"": {""services"": [""pose"", ""object""], ""fps"": {""pose"": 28, ""object"": 28}, ""eff_fps"": {""pose"": 28, ""object"": 28}, ""latency_ms"": {""pose"": 0, ""object"": 0}, ""svclat_ms"": {""pose"": 22.65, ""object"": 24.29}}, ""b5"": {""services"": [""pose"", ""object""], ""fps"": {""pose"": 23, ""object"": 30}, ""eff_fps"": {""pose"": 23, ""object"": 30}, ""latency_ms"": {""pose"": 0, ""object"": 0}, ""svclat_ms"": {""pose"": 21.32, ""object"": 22.82}}, ""b6"": {""services"": [""pose"", ""object""], ""fps"": {""pose"": 30, ""object"": 30}, ""eff_fps"": {""pose"": 30, ""object"": 30}, ""latency_ms"": {""pose"": 0, ""object"": 0}, ""svclat_ms"": {""pose"": 27.23, ""object"": 21.28}}, ""b7"": {""services"": [""pose"", ""object""], ""fps"": {""pose"": 29, ""object"": 30}, ""eff_fps"": {""pose"": 29, ""object"": 30}, ""latency_ms"": {""pose"": 0, ""object"": 0}, ""svclat_ms"": {""pose"": 24.02, ""object"": 23.76}}, ""b8"": {""services"": [""pose"", ""object""], ""fps"": {""pose"": 29, ""object"": 30}, ""eff_fps"": {""pose"": 29, ""object"": 30}, ""latency_ms"": {""pose"": 0, ""object"": 0}, ""svclat_ms"": {""pose"": 22.89, ""object"": 19.58}}, ""b9"": {""services"": [""pose"", ""object""], ""fps"": {""pose"": 5, ""object"": 6}, ""eff_fps"": {""pose"": 5, ""object"": 6}, ""latency_ms"": {""pose"": 0, ""object"": 0}, ""svclat_ms"": {""pose"": 22.67, ""object"": 25.82}}, ""b10"": {""services"": [""pose"", ""object""], ""fps"": {""pose"": 0, ""object"": 0}, ""eff_fps"": {""pose"": 0, ""object"": 0}, ""latency_ms"": {""pose"": 0, ""object"": 0}, ""svclat_ms"": {""pose"": 0.0, ""object"": 0.0}}, ""b11"": {""services"": [""pose"", ""object""], ""fps"": {""pose"": 0, ""object"": 0}, ""eff_fps"": {""pose"": 0, ""object"": 0}, ""latency_ms"": {""pose"": 0, ""object"": 0}, ""svclat_ms"": {""pose"": 0.0, ""object"": 0.0}}}"
220.6,9,8,0.889,0,0,11,14,9,0.643,1089.0,476.0,0.437,0.0,1.75,0.0,27.22,0,29.67,27.22,0,29.67,0,0,0,23.98,0,23.1,512,"{""ip-172-31-0-204"": ""healthy"", ""ip-172-31-1-171"": ""healthy"", ""ip-172-31-10-12"": ""healthy"", ""ip-172-31-11-132"": ""healthy"", ""ip-172-31-13-134"": ""healthy"", ""ip-172-31-14-68"": ""healthy"", ""ip-172-31-40-239"": ""healthy""}",subscribe,96.4,0.9917,0,0,"{""ip-172-31-0-204"": {""gesture"": 1}, ""ip-172-31-40-239"": {""gesture"": 1, ""object"": 1}, ""ip-172-31-11-132"": {""pose"": 1, ""gesture"": 1}, ""ip-172-31-1-171"": {""pose"": 1, ""gesture"": 1, ""object"": 1}, ""ip-172-31-10-12"": {""pose"": 1, ""gesture"": 1, ""object"": 1}, ""ip-172-31-14-68"": {""pose"": 1, ""object"": 1}, ""ip-172-31-13-134"": {""object"": 1}}","{""b1"": {""services"": [""pose"", ""object""], ""fps"": {""pose"": 23, ""object"": 30}, ""eff_fps"": {""pose"": 23, ""object"": 30}, ""latency_ms"": {""pose"": 0, ""object"": 0}, ""svclat_ms"": {""pose"": 22.65, ""object"": 24.23}}, ""b2"": {""services"": [""pose"", ""object""], ""fps"": {""pose"": 30, ""object"": 29}, ""eff_fps"": {""pose"": 30, ""object"": 29}, ""latency_ms"": {""pose"": 0, ""object"": 0}, ""svclat_ms"": {""pose"": 26.18, ""object"": 26.02}}, ""b3"": {""services"": [""pose"", ""object""], ""fps"": {""pose"": 29, ""object"": 30}, ""eff_fps"": {""pose"": 29, ""object"": 30}, ""latency_ms"": {""pose"": 0, ""object"": 0}, ""svclat_ms"": {""pose"": 25.04, ""object"": 20.84}}, ""b4"": {""services"": [""pose"", ""object""], ""fps"": {""pose"": 29, ""object"": 29}, ""eff_fps"": {""pose"": 29, ""object"": 29}, ""latency_ms"": {""pose"": 0, ""object"": 0}, ""svclat_ms"": {""pose"": 22.16, ""object"": 22.76}}, ""b5"": {""services"": [""pose"", ""object""], ""fps"": {""pose"": 23, ""object"": 30}, ""eff_fps"": {""pose"": 23, ""object"": 30}, ""latency_ms"": {""pose"": 0, ""object"": 0}, ""svclat_ms"": {""pose"": 22.37, ""object"": 22.58}}, ""b6"": {""services"": [""pose"", ""object""], ""fps"": {""pose"": 30, ""object"": 30}, ""eff_fps"": {""pose"": 30, ""object"": 30}, ""latency_ms"": {""pose"": 0, ""object"": 0}, ""svclat_ms"": {""pose"": 26.39, ""object"": 21.07}}, ""b7"": {""services"": [""pose"", ""object""], ""fps"": {""pose"": 29, ""object"": 30}, ""eff_fps"": {""pose"": 29, ""object"": 30}, ""latency_ms"": {""pose"": 0, ""object"": 0}, ""svclat_ms"": {""pose"": 25.87, ""object"": 26.13}}, ""b8"": {""services"": [""pose"", ""object""], ""fps"": {""pose"": 29, ""object"": 30}, ""eff_fps"": {""pose"": 29, ""object"": 30}, ""latency_ms"": {""pose"": 0, ""object"": 0}, ""svclat_ms"": {""pose"": 22.96, ""object"": 20.21}}, ""b9"": {""services"": [""pose"", ""object""], ""fps"": {""pose"": 23, ""object"": 29}, ""eff_fps"": {""pose"": 23, ""object"": 29}, ""latency_ms"": {""pose"": 0, ""object"": 0}, ""svclat_ms"": {""pose"": 22.17, ""object"": 24.05}}, ""b10"": {""services"": [""pose"", ""object""], ""fps"": {""pose"": 0, ""object"": 0}, ""eff_fps"": {""pose"": 0, ""object"": 0}, ""latency_ms"": {""pose"": 0, ""object"": 0}, ""svclat_ms"": {""pose"": 0.0, ""object"": 0.0}}, ""b11"": {""services"": [""pose"", ""object""], ""fps"": {""pose"": 0, ""object"": 0}, ""eff_fps"": {""pose"": 0, ""object"": 0}, ""latency_ms"": {""pose"": 0, ""object"": 0}, ""svclat_ms"": {""pose"": 0.0, ""object"": 0.0}}, ""b12"": {""services"": [""pose"", ""object""], ""fps"": {""pose"": 0, ""object"": 0}, ""eff_fps"": {""pose"": 0, ""object"": 0}, ""latency_ms"": {""pose"": 0, ""object"": 0}, ""svclat_ms"": {""pose"": 0.0, ""object"": 0.0}}}"
223.1,9,8,0.889,0,0,11,14,9,0.643,1089.0,476.0,0.437,0.0,1.75,0.0,27.56,0,29.89,27.56,0,29.89,0,0,0,24.37,0,23.61,517,"{""ip-172-31-0-204"": ""healthy"", ""ip-172-31-1-171"": ""healthy"", ""ip-172-31-10-12"": ""healthy"", ""ip-172-31-11-132"": ""healthy"", ""ip-172-31-13-134"": ""healthy"", ""ip-172-31-14-68"": ""healthy"", ""ip-172-31-40-239"": ""healthy""}",subscribe,96.4,0.9917,0,0,"{""ip-172-31-0-204"": {""gesture"": 1}, ""ip-172-31-40-239"": {""gesture"": 1, ""object"": 1}, ""ip-172-31-11-132"": {""pose"": 1, ""gesture"": 1}, ""ip-172-31-1-171"": {""pose"": 1, ""gesture"": 1, ""object"": 1}, ""ip-172-31-10-12"": {""pose"": 1, ""gesture"": 1, ""object"": 1}, ""ip-172-31-14-68"": {""pose"": 1, ""object"": 1}, ""ip-172-31-13-134"": {""object"": 1}}","{""b1"": {""services"": [""pose"", ""object""], ""fps"": {""pose"": 23, ""object"": 30}, ""eff_fps"": {""pose"": 23, ""object"": 30}, ""latency_ms"": {""pose"": 0, ""object"": 0}, ""svclat_ms"": {""pose"": 22.34, ""object"": 24.39}}, ""b2"": {""services"": [""pose"", ""object""], ""fps"": {""pose"": 30, ""object"": 31}, ""eff_fps"": {""pose"": 30, ""object"": 31}, ""latency_ms"": {""pose"": 0, ""object"": 0}, ""svclat_ms"": {""pose"": 27.16, ""object"": 26.67}}, ""b3"": {""services"": [""pose"", ""object""], ""fps"": {""pose"": 30, ""object"": 30}, ""eff_fps"": {""pose"": 30, ""object"": 30}, ""latency_ms"": {""pose"": 0, ""object"": 0}, ""svclat_ms"": {""pose"": 25.62, ""object"": 21.72}}, ""b4"": {""services"": [""pose"", ""object""], ""fps"": {""pose"": 30, ""object"": 29}, ""eff_fps"": {""pose"": 30, ""object"": 29}, ""latency_ms"": {""pose"": 0, ""object"": 0}, ""svclat_ms"": {""pose"": 23.16, ""object"": 23.95}}, ""b5"": {""services"": [""pose"", ""object""], ""fps"": {""pose"": 23, ""object"": 30}, ""eff_fps"": {""pose"": 23, ""object"": 30}, ""latency_ms"": {""pose"": 0, ""object"": 0}, ""svclat_ms"": {""pose"": 22.13, ""object"": 23.09}}, ""b6"": {""services"": [""pose"", ""object""], ""fps"": {""pose"": 30, ""object"": 30}, ""eff_fps"": {""pose"": 30, ""object"": 30}, ""latency_ms"": {""pose"": 0, ""object"": 0}, ""svclat_ms"": {""pose"": 26.98, ""object"": 20.78}}, ""b7"": {""services"": [""pose"", ""object""], ""fps"": {""pose"": 30, ""object"": 30}, ""eff_fps"": {""pose"": 30, ""object"": 30}, ""latency_ms"": {""pose"": 0, ""object"": 0}, ""svclat_ms"": {""pose"": 25.74, ""object"": 26.31}}, ""b8"": {""services"": [""pose"", ""object""], ""fps"": {""pose"": 29, ""object"": 30}, ""eff_fps"": {""pose"": 29, ""object"": 30}, ""latency_ms"": {""pose"": 0, ""object"": 0}, ""svclat_ms"": {""pose"": 23.76, ""object"": 22.12}}, ""b9"": {""services"": [""pose"", ""object""], ""fps"": {""pose"": 23, ""object"": 29}, ""eff_fps"": {""pose"": 23, ""object"": 29}, ""latency_ms"": {""pose"": 0, ""object"": 0}, ""svclat_ms"": {""pose"": 22.42, ""object"": 23.48}}, ""b10"": {""services"": [""pose"", ""object""], ""fps"": {""pose"": 0, ""object"": 0}, ""eff_fps"": {""pose"": 0, ""object"": 0}, ""latency_ms"": {""pose"": 0, ""object"": 0}, ""svclat_ms"": {""pose"": 0.0, ""object"": 0.0}}, ""b11"": {""services"": [""pose"", ""object""], ""fps"": {""pose"": 0, ""object"": 0}, ""eff_fps"": {""pose"": 0, ""object"": 0}, ""latency_ms"": {""pose"": 0, ""object"": 0}, ""svclat_ms"": {""pose"": 0.0, ""object"": 0.0}}, ""b12"": {""services"": [""pose"", ""object""], ""fps"": {""pose"": 0, ""object"": 0}, ""eff_fps"": {""pose"": 0, ""object"": 0}, ""latency_ms"": {""pose"": 0, ""object"": 0}, ""svclat_ms"": {""pose"": 0.0, ""object"": 0.0}}}"
225.6,9,8,0.889,0,0,11,14,9,0.643,1089.0,476.0,0.437,0.0,1.75,0.0,27.33,0,29.78,27.33,0,29.78,0,0,0,23.15,0,22.18,514,"{""ip-172-31-0-204"": ""healthy"", ""ip-172-31-1-171"": ""healthy"", ""ip-172-31-10-12"": ""healthy"", ""ip-172-31-11-132"": ""healthy"", ""ip-172-31-13-134"": ""healthy"", ""ip-172-31-14-68"": ""healthy"", ""ip-172-31-40-239"": ""healthy""}",subscribe,96.4,0.9917,0,0,"{""ip-172-31-0-204"": {""gesture"": 1}, ""ip-172-31-40-239"": {""gesture"": 1, ""object"": 1}, ""ip-172-31-11-132"": {""pose"": 1, ""gesture"": 1}, ""ip-172-31-1-171"": {""pose"": 1, ""gesture"": 1, ""object"": 1}, ""ip-172-31-10-12"": {""pose"": 1, ""gesture"": 1, ""object"": 1}, ""ip-172-31-14-68"": {""pose"": 1, ""object"": 1}, ""ip-172-31-13-134"": {""object"": 1}}","{""b1"": {""services"": [""pose"", ""object""], ""fps"": {""pose"": 23, ""object"": 30}, ""eff_fps"": {""pose"": 23, ""object"": 30}, ""latency_ms"": {""pose"": 0, ""object"": 0}, ""svclat_ms"": {""pose"": 20.66, ""object"": 22.88}}, ""b2"": {""services"": [""pose"", ""object""], ""fps"": {""pose"": 30, ""object"": 30}, ""eff_fps"": {""pose"": 30, ""object"": 30}, ""latency_ms"": {""pose"": 0, ""object"": 0}, ""svclat_ms"": {""pose"": 24.23, ""object"": 22.94}}, ""b3"": {""services"": [""pose"", ""object""], ""fps"": {""pose"": 29, ""object"": 30}, ""eff_fps"": {""pose"": 29, ""object"": 30}, ""latency_ms"": {""pose"": 0, ""object"": 0}, ""svclat_ms"": {""pose"": 24.8, ""object"": 20.92}}, ""b4"": {""services"": [""pose"", ""object""], ""fps"": {""pose"": 30, ""object"": 29}, ""eff_fps"": {""pose"": 30, ""object"": 29}, ""latency_ms"": {""pose"": 0, ""object"": 0}, ""svclat_ms"": {""pose"": 23.22, ""object"": 23.16}}, ""b5"": {""services"": [""pose"", ""object""], ""fps"": {""pose"": 23, ""object"": 30}, ""eff_fps"": {""pose"": 23, ""object"": 30}, ""latency_ms"": {""pose"": 0, ""object"": 0}, ""svclat_ms"": {""pose"": 20.79, ""object"": 23.09}}, ""b6"": {""services"": [""pose"", ""object""], ""fps"": {""pose"": 30, ""object"": 30}, ""eff_fps"": {""pose"": 30, ""object"": 30}, ""latency_ms"": {""pose"": 0, ""object"": 0}, ""svclat_ms"": {""pose"": 24.07, ""object"": 20.8}}, ""b7"": {""services"": [""pose"", ""object""], ""fps"": {""pose"": 29, ""object"": 30}, ""eff_fps"": {""pose"": 29, ""object"": 30}, ""latency_ms"": {""pose"": 0, ""object"": 0}, ""svclat_ms"": {""pose"": 25.31, ""object"": 22.76}}, ""b8"": {""services"": [""pose"", ""object""], ""fps"": {""pose"": 29, ""object"": 30}, ""eff_fps"": {""pose"": 29, ""object"": 30}, ""latency_ms"": {""pose"": 0, ""object"": 0}, ""svclat_ms"": {""pose"": 23.87, ""object"": 19.33}}, ""b9"": {""services"": [""pose"", ""object""], ""fps"": {""pose"": 23, ""object"": 29}, ""eff_fps"": {""pose"": 23, ""object"": 29}, ""latency_ms"": {""pose"": 0, ""object"": 0}, ""svclat_ms"": {""pose"": 21.42, ""object"": 23.71}}, ""b10"": {""services"": [""pose"", ""object""], ""fps"": {""pose"": 0, ""object"": 0}, ""eff_fps"": {""pose"": 0, ""object"": 0}, ""latency_ms"": {""pose"": 0, ""object"": 0}, ""svclat_ms"": {""pose"": 0.0, ""object"": 0.0}}, ""b11"": {""services"": [""pose"", ""object""], ""fps"": {""pose"": 0, ""object"": 0}, ""eff_fps"": {""pose"": 0, ""object"": 0}, ""latency_ms"": {""pose"": 0, ""object"": 0}, ""svclat_ms"": {""pose"": 0.0, ""object"": 0.0}}, ""b12"": {""services"": [""pose"", ""object""], ""fps"": {""pose"": 0, ""object"": 0}, ""eff_fps"": {""pose"": 0, ""object"": 0}, ""latency_ms"": {""pose"": 0, ""object"": 0}, ""svclat_ms"": {""pose"": 0.0, ""object"": 0.0}}, ""b13"": {""services"": [""pose"", ""object""], ""fps"": {""pose"": 0, ""object"": 0}, ""eff_fps"": {""pose"": 0, ""object"": 0}, ""latency_ms"": {""pose"": 0, ""object"": 0}, ""svclat_ms"": {""pose"": 0.0, ""object"": 0.0}}}"
230.3,9,8,0.889,0,0,11,14,9,0.643,1089.0,476.0,0.437,0.0,1.75,0.0,30.0,0,30.0,30.0,0,30.0,0,0,0,22.36,0,21.76,540,"{""ip-172-31-0-204"": ""healthy"", ""ip-172-31-1-171"": ""healthy"", ""ip-172-31-10-12"": ""healthy"", ""ip-172-31-11-132"": ""healthy"", ""ip-172-31-13-134"": ""healthy"", ""ip-172-31-14-68"": ""healthy"", ""ip-172-31-40-239"": ""healthy""}",subscribe,96.4,0.9917,0,0,"{""ip-172-31-0-204"": {""gesture"": 1}, ""ip-172-31-40-239"": {""gesture"": 1, ""object"": 1}, ""ip-172-31-11-132"": {""pose"": 1, ""gesture"": 1}, ""ip-172-31-1-171"": {""pose"": 1, ""gesture"": 1, ""object"": 1}, ""ip-172-31-10-12"": {""pose"": 1, ""gesture"": 1, ""object"": 1}, ""ip-172-31-14-68"": {""pose"": 1, ""object"": 1}, ""ip-172-31-13-134"": {""object"": 1}}","{""b1"": {""services"": [""pose"", ""object""], ""fps"": {""pose"": 30, ""object"": 30}, ""eff_fps"": {""pose"": 30, ""object"": 30}, ""latency_ms"": {""pose"": 0, ""object"": 0}, ""svclat_ms"": {""pose"": 24.15, ""object"": 25.65}}, ""b2"": {""services"": [""pose"", ""object""], ""fps"": {""pose"": 30, ""object"": 30}, ""eff_fps"": {""pose"": 30, ""object"": 30}, ""latency_ms"": {""pose"": 0, ""object"": 0}, ""svclat_ms"": {""pose"": 25.4, ""object"": 22.05}}, ""b3"": {""services"": [""pose"", ""object""], ""fps"": {""pose"": 30, ""object"": 30}, ""eff_fps"": {""pose"": 30, ""object"": 30}, ""latency_ms"": {""pose"": 0, ""object"": 0}, ""svclat_ms"": {""pose"": 20.98, ""object"": 21.61}}, ""b4"": {""services"": [""pose"", ""object""], ""fps"": {""pose"": 30, ""object"": 30}, ""eff_fps"": {""pose"": 30, ""object"": 30}, ""latency_ms"": {""pose"": 0, ""object"": 0}, ""svclat_ms"": {""pose"": 20.37, ""object"": 23.71}}, ""b5"": {""services"": [""pose"", ""object""], ""fps"": {""pose"": 30, ""object"": 30}, ""eff_fps"": {""pose"": 30, ""object"": 30}, ""latency_ms"": {""pose"": 0, ""object"": 0}, ""svclat_ms"": {""pose"": 17.56, ""object"": 17.11}}, ""b6"": {""services"": [""pose"", ""object""], ""fps"": {""pose"": 30, ""object"": 30}, ""eff_fps"": {""pose"": 30, ""object"": 30}, ""latency_ms"": {""pose"": 0, ""object"": 0}, ""svclat_ms"": {""pose"": 22.95, ""object"": 19.85}}, ""b7"": {""services"": [""pose"", ""object""], ""fps"": {""pose"": 30, ""object"": 30}, ""eff_fps"": {""pose"": 30, ""object"": 30}, ""latency_ms"": {""pose"": 0, ""object"": 0}, ""svclat_ms"": {""pose"": 25.73, ""object"": 19.36}}, ""b8"": {""services"": [""pose"", ""object""], ""fps"": {""pose"": 30, ""object"": 30}, ""eff_fps"": {""pose"": 30, ""object"": 30}, ""latency_ms"": {""pose"": 0, ""object"": 0}, ""svclat_ms"": {""pose"": 21.91, ""object"": 24.88}}, ""b9"": {""services"": [""pose"", ""object""], ""fps"": {""pose"": 30, ""object"": 30}, ""eff_fps"": {""pose"": 30, ""object"": 30}, ""latency_ms"": {""pose"": 0, ""object"": 0}, ""svclat_ms"": {""pose"": 22.21, ""object"": 21.66}}, ""b10"": {""services"": [""pose"", ""object""], ""fps"": {""pose"": 0, ""object"": 0}, ""eff_fps"": {""pose"": 0, ""object"": 0}, ""latency_ms"": {""pose"": 0, ""object"": 0}, ""svclat_ms"": {""pose"": 0.0, ""object"": 0.0}}, ""b11"": {""services"": [""pose"", ""object""], ""fps"": {""pose"": 0, ""object"": 0}, ""eff_fps"": {""pose"": 0, ""object"": 0}, ""latency_ms"": {""pose"": 0, ""object"": 0}, ""svclat_ms"": {""pose"": 0.0, ""object"": 0.0}}, ""b12"": {""services"": [""pose"", ""object""], ""fps"": {""pose"": 0, ""object"": 0}, ""eff_fps"": {""pose"": 0, ""object"": 0}, ""latency_ms"": {""pose"": 0, ""object"": 0}, ""svclat_ms"": {""pose"": 0.0, ""object"": 0.0}}, ""b13"": {""services"": [""pose"", ""object""], ""fps"": {""pose"": 0, ""object"": 0}, ""eff_fps"": {""pose"": 0, ""object"": 0}, ""latency_ms"": {""pose"": 0, ""object"": 0}, ""svclat_ms"": {""pose"": 0.0, ""object"": 0.0}}, ""b14"": {""services"": [""pose"", ""object""], ""fps"": {""pose"": 0, ""object"": 0}, ""eff_fps"": {""pose"": 0, ""object"": 0}, ""latency_ms"": {""pose"": 0, ""object"": 0}, ""svclat_ms"": {""pose"": 0.0, ""object"": 0.0}}}"
235.8,11,10,0.909,0,0,11,15,12,0.8,1097.0,598.0,0.545,0.0,1.5,0.0,27.73,0,29.91,27.73,0,29.91,0,0,0,27.72,0,22.54,634,"{""ip-172-31-0-204"": ""healthy"", ""ip-172-31-1-171"": ""healthy"", ""ip-172-31-10-12"": ""healthy"", ""ip-172-31-11-132"": ""healthy"", ""ip-172-31-13-134"": ""healthy"", ""ip-172-31-14-68"": ""healthy"", ""ip-172-31-40-239"": ""healthy""}",subscribe,105.8,0.9967,0,0,"{""ip-172-31-0-204"": {""gesture"": 1, ""pose"": 1, ""object"": 1}, ""ip-172-31-1-171"": {""pose"": 1, ""object"": 1}, ""ip-172-31-10-12"": {""pose"": 1, ""object"": 1}, ""ip-172-31-13-134"": {""object"": 1, ""pose"": 1}, ""ip-172-31-11-132"": {""gesture"": 1, ""object"": 1}, ""ip-172-31-40-239"": {""object"": 1, ""pose"": 1}, ""ip-172-31-14-68"": {""object"": 1, ""gesture"": 1}}","{""b1"": {""services"": [""pose"", ""object""], ""fps"": {""pose"": 23, ""object"": 30}, ""eff_fps"": {""pose"": 23, ""object"": 30}, ""latency_ms"": {""pose"": 0, ""object"": 0}, ""svclat_ms"": {""pose"": 36.75, ""object"": 25.82}}, ""b2"": {""services"": [""pose"", ""object""], ""fps"": {""pose"": 30, ""object"": 30}, ""eff_fps"": {""pose"": 30, ""object"": 30}, ""latency_ms"": {""pose"": 0, ""object"": 0}, ""svclat_ms"": {""pose"": 24.18, ""object"": 20.84}}, ""b3"": {""services"": [""pose"", ""object""], ""fps"": {""pose"": 30, ""object"": 30}, ""eff_fps"": {""pose"": 30, ""object"": 30}, ""latency_ms"": {""pose"": 0, ""object"": 0}, ""svclat_ms"": {""pose"": 22.38, ""object"": 22.66}}, ""b4"": {""services"": [""pose"", ""object""], ""fps"": {""pose"": 30, ""object"": 29}, ""eff_fps"": {""pose"": 30, ""object"": 29}, ""latency_ms"": {""pose"": 0, ""object"": 0}, ""svclat_ms"": {""pose"": 24.34, ""object"": 24.9}}, ""b5"": {""services"": [""pose"", ""object""], ""fps"": {""pose"": 29, ""object"": 30}, ""eff_fps"": {""pose"": 29, ""object"": 30}, ""latency_ms"": {""pose"": 0, ""object"": 0}, ""svclat_ms"": {""pose"": 22.19, ""object"": 18.82}}, ""b6"": {""services"": [""pose"", ""object""], ""fps"": {""pose"": 22, ""object"": 30}, ""eff_fps"": {""pose"": 22, ""object"": 30}, ""latency_ms"": {""pose"": 0, ""object"": 0}, ""svclat_ms"": {""pose"": 39.98, ""object"": 19.7}}, ""b7"": {""services"": [""pose"", ""object""], ""fps"": {""pose"": 30, ""object"": 30}, ""eff_fps"": {""pose"": 30, ""object"": 30}, ""latency_ms"": {""pose"": 0, ""object"": 0}, ""svclat_ms"": {""pose"": 24.77, ""object"": 19.05}}, ""b8"": {""services"": [""pose"", ""object""], ""fps"": {""pose"": 30, ""object"": 30}, ""eff_fps"": {""pose"": 30, ""object"": 30}, ""latency_ms"": {""pose"": 0, ""object"": 0}, ""svclat_ms"": {""pose"": 22.58, ""object"": 26.21}}, ""b9"": {""services"": [""pose"", ""object""], ""fps"": {""pose"": 30, ""object"": 30}, ""eff_fps"": {""pose"": 30, ""object"": 30}, ""latency_ms"": {""pose"": 0, ""object"": 0}, ""svclat_ms"": {""pose"": 23.43, ""object"": 22.36}}, ""b10"": {""services"": [""pose"", ""object""], ""fps"": {""pose"": 29, ""object"": 30}, ""eff_fps"": {""pose"": 29, ""object"": 30}, ""latency_ms"": {""pose"": 0, ""object"": 0}, ""svclat_ms"": {""pose"": 22.52, ""object"": 23.49}}, ""b11"": {""services"": [""pose"", ""object""], ""fps"": {""pose"": 22, ""object"": 30}, ""eff_fps"": {""pose"": 22, ""object"": 30}, ""latency_ms"": {""pose"": 0, ""object"": 0}, ""svclat_ms"": {""pose"": 41.81, ""object"": 24.1}}, ""b12"": {""services"": [""pose"", ""object""], ""fps"": {""pose"": 0, ""object"": 0}, ""eff_fps"": {""pose"": 0, ""object"": 0}, ""latency_ms"": {""pose"": 0, ""object"": 0}, ""svclat_ms"": {""pose"": 0.0, ""object"": 0.0}}, ""b13"": {""services"": [""pose"", ""object""], ""fps"": {""pose"": 0, ""object"": 0}, ""eff_fps"": {""pose"": 0, ""object"": 0}, ""latency_ms"": {""pose"": 0, ""object"": 0}, ""svclat_ms"": {""pose"": 0.0, ""object"": 0.0}}, ""b14"": {""services"": [""pose"", ""object""], ""fps"": {""pose"": 0, ""object"": 0}, ""eff_fps"": {""pose"": 0, ""object"": 0}, ""latency_ms"": {""pose"": 0, ""object"": 0}, ""svclat_ms"": {""pose"": 0.0, ""object"": 0.0}}, ""b15"": {""services"": [""pose"", ""object""], ""fps"": {""pose"": 0, ""object"": 0}, ""eff_fps"": {""pose"": 0, ""object"": 0}, ""latency_ms"": {""pose"": 0, ""object"": 0}, ""svclat_ms"": {""pose"": 0.0, ""object"": 0.0}}}"
238.3,12,11,0.917,0,0,11,15,12,0.8,1097.0,637.0,0.581,0.0,1.36,0.0,26.55,0,30.0,26.55,0,30.0,0,0,0,29.47,0,23.41,622,"{""ip-172-31-0-204"": ""healthy"", ""ip-172-31-1-171"": ""healthy"", ""ip-172-31-10-12"": ""healthy"", ""ip-172-31-11-132"": ""healthy"", ""ip-172-31-13-134"": ""healthy"", ""ip-172-31-14-68"": ""healthy"", ""ip-172-31-40-239"": ""healthy""}",subscribe,108.3,0.9652,0,0,"{""ip-172-31-0-204"": {""gesture"": 1, ""pose"": 1, ""object"": 1}, ""ip-172-31-1-171"": {""pose"": 1, ""object"": 1}, ""ip-172-31-10-12"": {""pose"": 1, ""object"": 1}, ""ip-172-31-13-134"": {""object"": 1, ""pose"": 1}, ""ip-172-31-11-132"": {""gesture"": 1, ""object"": 1}, ""ip-172-31-40-239"": {""object"": 1, ""pose"": 1}, ""ip-172-31-14-68"": {""object"": 1, ""gesture"": 1}}","{""b1"": {""services"": [""pose"", ""object""], ""fps"": {""pose"": 23, ""object"": 30}, ""eff_fps"": {""pose"": 23, ""object"": 30}, ""latency_ms"": {""pose"": 0, ""object"": 0}, ""svclat_ms"": {""pose"": 30.73, ""object"": 24.68}}, ""b2"": {""services"": [""pose"", ""object""], ""fps"": {""pose"": 22, ""object"": 30}, ""eff_fps"": {""pose"": 22, ""object"": 30}, ""latency_ms"": {""pose"": 0, ""object"": 0}, ""svclat_ms"": {""pose"": 45.05, ""object"": 24.29}}, ""b3"": {""services"": [""pose"", ""object""], ""fps"": {""pose"": 30, ""object"": 30}, ""eff_fps"": {""pose"": 30, ""object"": 30}, ""latency_ms"": {""pose"": 0, ""object"": 0}, ""svclat_ms"": {""pose"": 22.37, ""object"": 20.93}}, ""b4"": {""services"": [""pose"", ""object""], ""fps"": {""pose"": 30, ""object"": 30}, ""eff_fps"": {""pose"": 30, ""object"": 30}, ""latency_ms"": {""pose"": 0, ""object"": 0}, ""svclat_ms"": {""pose"": 23.16, ""object"": 23.34}}, ""b5"": {""services"": [""pose"", ""object""], ""fps"": {""pose"": 29, ""object"": 30}, ""eff_fps"": {""pose"": 29, ""object"": 30}, ""latency_ms"": {""pose"": 0, ""object"": 0}, ""svclat_ms"": {""pose"": 22.38, ""object"": 28.45}}, ""b6"": {""services"": [""pose"", ""object""], ""fps"": {""pose"": 23, ""object"": 30}, ""eff_fps"": {""pose"": 23, ""object"": 30}, ""latency_ms"": {""pose"": 0, ""object"": 0}, ""svclat_ms"": {""pose"": 29.46, ""object"": 20.34}}, ""b7"": {""services"": [""pose"", ""object""], ""fps"": {""pose"": 22, ""object"": 30}, ""eff_fps"": {""pose"": 22, ""object"": 30}, ""latency_ms"": {""pose"": 0, ""object"": 0}, ""svclat_ms"": {""pose"": 44.49, ""object"": 19.47}}, ""b8"": {""services"": [""pose"", ""object""], ""fps"": {""pose"": 30, ""object"": 30}, ""eff_fps"": {""pose"": 30, ""object"": 30}, ""latency_ms"": {""pose"": 0, ""object"": 0}, ""svclat_ms"": {""pose"": 23.43, ""object"": 24.94}}, ""b9"": {""services"": [""pose"", ""object""], ""fps"": {""pose"": 30, ""object"": 30}, ""eff_fps"": {""pose"": 30, ""object"": 30}, ""latency_ms"": {""pose"": 0, ""object"": 0}, ""svclat_ms"": {""pose"": 23.07, ""object"": 24.68}}, ""b10"": {""services"": [""pose"", ""object""], ""fps"": {""pose"": 29, ""object"": 30}, ""eff_fps"": {""pose"": 29, ""object"": 30}, ""latency_ms"": {""pose"": 0, ""object"": 0}, ""svclat_ms"": {""pose"": 22.93, ""object"": 22.94}}, ""b11"": {""services"": [""pose"", ""object""], ""fps"": {""pose"": 24, ""object"": 30}, ""eff_fps"": {""pose"": 24, ""object"": 30}, ""latency_ms"": {""pose"": 0, ""object"": 0}, ""svclat_ms"": {""pose"": 37.12, ""object"": 23.41}}, ""b12"": {""services"": [""pose"", ""object""], ""fps"": {""pose"": 0, ""object"": 0}, ""eff_fps"": {""pose"": 0, ""object"": 0}, ""latency_ms"": {""pose"": 0, ""object"": 0}, ""svclat_ms"": {""pose"": 0.0, ""object"": 0.0}}, ""b13"": {""services"": [""pose"", ""object""], ""fps"": {""pose"": 0, ""object"": 0}, ""eff_fps"": {""pose"": 0, ""object"": 0}, ""latency_ms"": {""pose"": 0, ""object"": 0}, ""svclat_ms"": {""pose"": 0.0, ""object"": 0.0}}, ""b14"": {""services"": [""pose"", ""object""], ""fps"": {""pose"": 0, ""object"": 0}, ""eff_fps"": {""pose"": 0, ""object"": 0}, ""latency_ms"": {""pose"": 0, ""object"": 0}, ""svclat_ms"": {""pose"": 0.0, ""object"": 0.0}}, ""b15"": {""services"": [""pose"", ""object""], ""fps"": {""pose"": 0, ""object"": 0}, ""eff_fps"": {""pose"": 0, ""object"": 0}, ""latency_ms"": {""pose"": 0, ""object"": 0}, ""svclat_ms"": {""pose"": 0.0, ""object"": 0.0}}}"
240.8,12,11,0.917,0,0,11,15,12,0.8,1097.0,637.0,0.581,0.0,1.36,0.0,26.55,0,29.82,26.55,0,29.82,0,0,0,31.15,0,23.26,620,"{""ip-172-31-0-204"": ""healthy"", ""ip-172-31-1-171"": ""healthy"", ""ip-172-31-10-12"": ""healthy"", ""ip-172-31-11-132"": ""healthy"", ""ip-172-31-13-134"": ""healthy"", ""ip-172-31-14-68"": ""healthy"", ""ip-172-31-40-239"": ""healthy""}",subscribe,108.3,0.9652,0,0,"{""ip-172-31-0-204"": {""gesture"": 1, ""pose"": 1, ""object"": 1}, ""ip-172-31-1-171"": {""pose"": 1, ""object"": 1}, ""ip-172-31-10-12"": {""pose"": 1, ""object"": 1}, ""ip-172-31-13-134"": {""object"": 1, ""pose"": 1}, ""ip-172-31-11-132"": {""gesture"": 1, ""object"": 1}, ""ip-172-31-40-239"": {""object"": 1, ""pose"": 1}, ""ip-172-31-14-68"": {""object"": 1, ""gesture"": 1}}","{""b1"": {""services"": [""pose"", ""object""], ""fps"": {""pose"": 23, ""object"": 30}, ""eff_fps"": {""pose"": 23, ""object"": 30}, ""latency_ms"": {""pose"": 0, ""object"": 0}, ""svclat_ms"": {""pose"": 40.02, ""object"": 24.68}}, ""b2"": {""services"": [""pose"", ""object""], ""fps"": {""pose"": 23, ""object"": 29}, ""eff_fps"": {""pose"": 23, ""object"": 29}, ""latency_ms"": {""pose"": 0, ""object"": 0}, ""svclat_ms"": {""pose"": 41.89, ""object"": 24.17}}, ""b3"": {""services"": [""pose"", ""object""], ""fps"": {""pose"": 30, ""object"": 30}, ""eff_fps"": {""pose"": 30, ""object"": 30}, ""latency_ms"": {""pose"": 0, ""object"": 0}, ""svclat_ms"": {""pose"": 22.4, ""object"": 21.19}}, ""b4"": {""services"": [""pose"", ""object""], ""fps"": {""pose"": 30, ""object"": 30}, ""eff_fps"": {""pose"": 30, ""object"": 30}, ""latency_ms"": {""pose"": 0, ""object"": 0}, ""svclat_ms"": {""pose"": 23.38, ""object"": 24.29}}, ""b5"": {""services"": [""pose"", ""object""], ""fps"": {""pose"": 29, ""object"": 30}, ""eff_fps"": {""pose"": 29, ""object"": 30}, ""latency_ms"": {""pose"": 0, ""object"": 0}, ""svclat_ms"": {""pose"": 21.95, ""object"": 24.88}}, ""b6"": {""services"": [""pose"", ""object""], ""fps"": {""pose"": 23, ""object"": 30}, ""eff_fps"": {""pose"": 23, ""object"": 30}, ""latency_ms"": {""pose"": 0, ""object"": 0}, ""svclat_ms"": {""pose"": 39.82, ""object"": 20.61}}, ""b7"": {""services"": [""pose"", ""object""], ""fps"": {""pose"": 22, ""object"": 30}, ""eff_fps"": {""pose"": 22, ""object"": 30}, ""latency_ms"": {""pose"": 0, ""object"": 0}, ""svclat_ms"": {""pose"": 45.44, ""object"": 19.71}}, ""b8"": {""services"": [""pose"", ""object""], ""fps"": {""pose"": 30, ""object"": 30}, ""eff_fps"": {""pose"": 30, ""object"": 30}, ""latency_ms"": {""pose"": 0, ""object"": 0}, ""svclat_ms"": {""pose"": 22.62, ""object"": 24.46}}, ""b9"": {""services"": [""pose"", ""object""], ""fps"": {""pose"": 30, ""object"": 29}, ""eff_fps"": {""pose"": 30, ""object"": 29}, ""latency_ms"": {""pose"": 0, ""object"": 0}, ""svclat_ms"": {""pose"": 23.46, ""object"": 24.44}}, ""b10"": {""services"": [""pose"", ""object""], ""fps"": {""pose"": 29, ""object"": 30}, ""eff_fps"": {""pose"": 29, ""object"": 30}, ""latency_ms"": {""pose"": 0, ""object"": 0}, ""svclat_ms"": {""pose"": 22.48, ""object"": 22.9}}, ""b11"": {""services"": [""pose"", ""object""], ""fps"": {""pose"": 23, ""object"": 30}, ""eff_fps"": {""pose"": 23, ""object"": 30}, ""latency_ms"": {""pose"": 0, ""object"": 0}, ""svclat_ms"": {""pose"": 39.19, ""object"": 24.54}}, ""b12"": {""services"": [""pose"", ""object""], ""fps"": {""pose"": 0, ""object"": 0}, ""eff_fps"": {""pose"": 0, ""object"": 0}, ""latency_ms"": {""pose"": 0, ""object"": 0}, ""svclat_ms"": {""pose"": 0.0, ""object"": 0.0}}, ""b13"": {""services"": [""pose"", ""object""], ""fps"": {""pose"": 0, ""object"": 0}, ""eff_fps"": {""pose"": 0, ""object"": 0}, ""latency_ms"": {""pose"": 0, ""object"": 0}, ""svclat_ms"": {""pose"": 0.0, ""object"": 0.0}}, ""b14"": {""services"": [""pose"", ""object""], ""fps"": {""pose"": 0, ""object"": 0}, ""eff_fps"": {""pose"": 0, ""object"": 0}, ""latency_ms"": {""pose"": 0, ""object"": 0}, ""svclat_ms"": {""pose"": 0.0, ""object"": 0.0}}, ""b15"": {""services"": [""pose"", ""object""], ""fps"": {""pose"": 0, ""object"": 0}, ""eff_fps"": {""pose"": 0, ""object"": 0}, ""latency_ms"": {""pose"": 0, ""object"": 0}, ""svclat_ms"": {""pose"": 0.0, ""object"": 0.0}}}"
243.3,12,11,0.917,0,0,11,15,12,0.8,1097.0,637.0,0.581,0.0,1.36,0.0,27.0,0,30.1,27.0,0,30.1,0,0,0,28.14,0,23.25,571,"{""ip-172-31-0-204"": ""healthy"", ""ip-172-31-1-171"": ""healthy"", ""ip-172-31-10-12"": ""healthy"", ""ip-172-31-11-132"": ""healthy"", ""ip-172-31-13-134"": ""healthy"", ""ip-172-31-14-68"": ""healthy"", ""ip-172-31-40-239"": ""healthy""}",subscribe,108.3,0.9652,0,0,"{""ip-172-31-0-204"": {""gesture"": 1, ""pose"": 1, ""object"": 1}, ""ip-172-31-1-171"": {""pose"": 1, ""object"": 1}, ""ip-172-31-10-12"": {""pose"": 1, ""object"": 1}, ""ip-172-31-13-134"": {""object"": 1, ""pose"": 1}, ""ip-172-31-11-132"": {""gesture"": 1, ""object"": 1}, ""ip-172-31-40-239"": {""object"": 1, ""pose"": 1}, ""ip-172-31-14-68"": {""object"": 1, ""gesture"": 1}}","{""b2"": {""services"": [""pose"", ""object""], ""fps"": {""pose"": 23, ""object"": 30}, ""eff_fps"": {""pose"": 23, ""object"": 30}, ""latency_ms"": {""pose"": 0, ""object"": 0}, ""svclat_ms"": {""pose"": 36.94, ""object"": 23.2}}, ""b3"": {""services"": [""pose"", ""object""], ""fps"": {""pose"": 30, ""object"": 30}, ""eff_fps"": {""pose"": 30, ""object"": 30}, ""latency_ms"": {""pose"": 0, ""object"": 0}, ""svclat_ms"": {""pose"": 22.77, ""object"": 22.59}}, ""b4"": {""services"": [""pose"", ""object""], ""fps"": {""pose"": 30, ""object"": 30}, ""eff_fps"": {""pose"": 30, ""object"": 30}, ""latency_ms"": {""pose"": 0, ""object"": 0}, ""svclat_ms"": {""pose"": 23.64, ""object"": 24.23}}, ""b5"": {""services"": [""pose"", ""object""], ""fps"": {""pose"": 29, ""object"": 31}, ""eff_fps"": {""pose"": 29, ""object"": 31}, ""latency_ms"": {""pose"": 0, ""object"": 0}, ""svclat_ms"": {""pose"": 22.14, ""object"": 25.39}}, ""b6"": {""services"": [""pose"", ""object""], ""fps"": {""pose"": 23, ""object"": 30}, ""eff_fps"": {""pose"": 23, ""object"": 30}, ""latency_ms"": {""pose"": 0, ""object"": 0}, ""svclat_ms"": {""pose"": 33.32, ""object"": 20.26}}, ""b7"": {""services"": [""pose"", ""object""], ""fps"": {""pose"": 23, ""object"": 30}, ""eff_fps"": {""pose"": 23, ""object"": 30}, ""latency_ms"": {""pose"": 0, ""object"": 0}, ""svclat_ms"": {""pose"": 40.87, ""object"": 19.21}}, ""b8"": {""services"": [""pose"", ""object""], ""fps"": {""pose"": 30, ""object"": 30}, ""eff_fps"": {""pose"": 30, ""object"": 30}, ""latency_ms"": {""pose"": 0, ""object"": 0}, ""svclat_ms"": {""pose"": 23.02, ""object"": 24.93}}, ""b9"": {""services"": [""pose"", ""object""], ""fps"": {""pose"": 30, ""object"": 30}, ""eff_fps"": {""pose"": 30, ""object"": 30}, ""latency_ms"": {""pose"": 0, ""object"": 0}, ""svclat_ms"": {""pose"": 23.14, ""object"": 24.91}}, ""b10"": {""services"": [""pose"", ""object""], ""fps"": {""pose"": 29, ""object"": 30}, ""eff_fps"": {""pose"": 29, ""object"": 30}, ""latency_ms"": {""pose"": 0, ""object"": 0}, ""svclat_ms"": {""pose"": 22.57, ""object"": 23.24}}, ""b11"": {""services"": [""pose"", ""object""], ""fps"": {""pose"": 23, ""object"": 30}, ""eff_fps"": {""pose"": 23, ""object"": 30}, ""latency_ms"": {""pose"": 0, ""object"": 0}, ""svclat_ms"": {""pose"": 32.96, ""object"": 24.58}}, ""b12"": {""services"": [""pose"", ""object""], ""fps"": {""pose"": 0, ""object"": 0}, ""eff_fps"": {""pose"": 0, ""object"": 0}, ""latency_ms"": {""pose"": 0, ""object"": 0}, ""svclat_ms"": {""pose"": 0.0, ""object"": 0.0}}, ""b13"": {""services"": [""pose"", ""object""], ""fps"": {""pose"": 0, ""object"": 0}, ""eff_fps"": {""pose"": 0, ""object"": 0}, ""latency_ms"": {""pose"": 0, ""object"": 0}, ""svclat_ms"": {""pose"": 0.0, ""object"": 0.0}}, ""b14"": {""services"": [""pose"", ""object""], ""fps"": {""pose"": 0, ""object"": 0}, ""eff_fps"": {""pose"": 0, ""object"": 0}, ""latency_ms"": {""pose"": 0, ""object"": 0}, ""svclat_ms"": {""pose"": 0.0, ""object"": 0.0}}, ""b15"": {""services"": [""pose"", ""object""], ""fps"": {""pose"": 0, ""object"": 0}, ""eff_fps"": {""pose"": 0, ""object"": 0}, ""latency_ms"": {""pose"": 0, ""object"": 0}, ""svclat_ms"": {""pose"": 0.0, ""object"": 0.0}}}"
245.8,12,11,0.917,0,0,11,15,12,0.8,1097.0,637.0,0.581,0.0,1.36,0.0,26.9,0,30.0,26.9,0,30.0,0,0,0,25.84,0,22.53,569,"{""ip-172-31-0-204"": ""healthy"", ""ip-172-31-1-171"": ""healthy"", ""ip-172-31-10-12"": ""healthy"", ""ip-172-31-11-132"": ""healthy"", ""ip-172-31-13-134"": ""healthy"", ""ip-172-31-14-68"": ""healthy"", ""ip-172-31-40-239"": ""healthy""}",subscribe,108.3,0.9652,0,0,"{""ip-172-31-0-204"": {""gesture"": 1, ""pose"": 1, ""object"": 1}, ""ip-172-31-1-171"": {""pose"": 1, ""object"": 1}, ""ip-172-31-10-12"": {""pose"": 1, ""object"": 1}, ""ip-172-31-13-134"": {""object"": 1, ""pose"": 1}, ""ip-172-31-11-132"": {""gesture"": 1, ""object"": 1}, ""ip-172-31-40-239"": {""object"": 1, ""pose"": 1}, ""ip-172-31-14-68"": {""object"": 1, ""gesture"": 1}}","{""b2"": {""services"": [""pose"", ""object""], ""fps"": {""pose"": 22, ""object"": 30}, ""eff_fps"": {""pose"": 22, ""object"": 30}, ""latency_ms"": {""pose"": 0, ""object"": 0}, ""svclat_ms"": {""pose"": 42.42, ""object"": 23.82}}, ""b3"": {""services"": [""pose"", ""object""], ""fps"": {""pose"": 30, ""object"": 30}, ""eff_fps"": {""pose"": 30, ""object"": 30}, ""latency_ms"": {""pose"": 0, ""object"": 0}, ""svclat_ms"": {""pose"": 22.65, ""object"": 21.44}}, ""b4"": {""services"": [""pose"", ""object""], ""fps"": {""pose"": 30, ""object"": 30}, ""eff_fps"": {""pose"": 30, ""object"": 30}, ""latency_ms"": {""pose"": 0, ""object"": 0}, ""svclat_ms"": {""pose"": 23.03, ""object"": 23.94}}, ""b5"": {""services"": [""pose"", ""object""], ""fps"": {""pose"": 29, ""object"": 30}, ""eff_fps"": {""pose"": 29, ""object"": 30}, ""latency_ms"": {""pose"": 0, ""object"": 0}, ""svclat_ms"": {""pose"": 22.38, ""object"": 24.68}}, ""b6"": {""services"": [""pose"", ""object""], ""fps"": {""pose"": 23, ""object"": 30}, ""eff_fps"": {""pose"": 23, ""object"": 30}, ""latency_ms"": {""pose"": 0, ""object"": 0}, ""svclat_ms"": {""pose"": 21.97, ""object"": 19.7}}, ""b7"": {""services"": [""pose"", ""object""], ""fps"": {""pose"": 23, ""object"": 30}, ""eff_fps"": {""pose"": 23, ""object"": 30}, ""latency_ms"": {""pose"": 0, ""object"": 0}, ""svclat_ms"": {""pose"": 35.15, ""object"": 19.41}}, ""b8"": {""services"": [""pose"", ""object""], ""fps"": {""pose"": 30, ""object"": 30}, ""eff_fps"": {""pose"": 30, ""object"": 30}, ""latency_ms"": {""pose"": 0, ""object"": 0}, ""svclat_ms"": {""pose"": 22.75, ""object"": 22.06}}, ""b9"": {""services"": [""pose"", ""object""], ""fps"": {""pose"": 30, ""object"": 30}, ""eff_fps"": {""pose"": 30, ""object"": 30}, ""latency_ms"": {""pose"": 0, ""object"": 0}, ""svclat_ms"": {""pose"": 22.44, ""object"": 23.75}}, ""b10"": {""services"": [""pose"", ""object""], ""fps"": {""pose"": 29, ""object"": 30}, ""eff_fps"": {""pose"": 29, ""object"": 30}, ""latency_ms"": {""pose"": 0, ""object"": 0}, ""svclat_ms"": {""pose"": 22.69, ""object"": 23.31}}, ""b11"": {""services"": [""pose"", ""object""], ""fps"": {""pose"": 23, ""object"": 30}, ""eff_fps"": {""pose"": 23, ""object"": 30}, ""latency_ms"": {""pose"": 0, ""object"": 0}, ""svclat_ms"": {""pose"": 22.89, ""object"": 23.17}}, ""b12"": {""services"": [""pose"", ""object""], ""fps"": {""pose"": 0, ""object"": 0}, ""eff_fps"": {""pose"": 0, ""object"": 0}, ""latency_ms"": {""pose"": 0, ""object"": 0}, ""svclat_ms"": {""pose"": 0.0, ""object"": 0.0}}, ""b13"": {""services"": [""pose"", ""object""], ""fps"": {""pose"": 0, ""object"": 0}, ""eff_fps"": {""pose"": 0, ""object"": 0}, ""latency_ms"": {""pose"": 0, ""object"": 0}, ""svclat_ms"": {""pose"": 0.0, ""object"": 0.0}}, ""b14"": {""services"": [""pose"", ""object""], ""fps"": {""pose"": 0, ""object"": 0}, ""eff_fps"": {""pose"": 0, ""object"": 0}, ""latency_ms"": {""pose"": 0, ""object"": 0}, ""svclat_ms"": {""pose"": 0.0, ""object"": 0.0}}, ""b15"": {""services"": [""pose"", ""object""], ""fps"": {""pose"": 0, ""object"": 0}, ""eff_fps"": {""pose"": 0, ""object"": 0}, ""latency_ms"": {""pose"": 0, ""object"": 0}, ""svclat_ms"": {""pose"": 0.0, ""object"": 0.0}}}"
248.3,12,11,0.917,0,0,11,15,12,0.8,1097.0,637.0,0.581,0.0,1.36,0.0,27.44,0,30.11,27.44,0,30.11,0,0,0,23.47,0,22.56,518,"{""ip-172-31-0-204"": ""healthy"", ""ip-172-31-1-171"": ""healthy"", ""ip-172-31-10-12"": ""healthy"", ""ip-172-31-11-132"": ""healthy"", ""ip-172-31-13-134"": ""healthy"", ""ip-172-31-14-68"": ""healthy"", ""ip-172-31-40-239"": ""healthy""}",subscribe,108.3,0.9652,0,0,"{""ip-172-31-0-204"": {""gesture"": 1, ""pose"": 1, ""object"": 1}, ""ip-172-31-1-171"": {""pose"": 1, ""object"": 1}, ""ip-172-31-10-12"": {""pose"": 1, ""object"": 1}, ""ip-172-31-13-134"": {""object"": 1, ""pose"": 1}, ""ip-172-31-11-132"": {""gesture"": 1, ""object"": 1}, ""ip-172-31-40-239"": {""object"": 1, ""pose"": 1}, ""ip-172-31-14-68"": {""object"": 1, ""gesture"": 1}}","{""b3"": {""services"": [""pose"", ""object""], ""fps"": {""pose"": 30, ""object"": 30}, ""eff_fps"": {""pose"": 30, ""object"": 30}, ""latency_ms"": {""pose"": 0, ""object"": 0}, ""svclat_ms"": {""pose"": 23.02, ""object"": 22.22}}, ""b4"": {""services"": [""pose"", ""object""], ""fps"": {""pose"": 30, ""object"": 30}, ""eff_fps"": {""pose"": 30, ""object"": 30}, ""latency_ms"": {""pose"": 0, ""object"": 0}, ""svclat_ms"": {""pose"": 23.32, ""object"": 24.48}}, ""b5"": {""services"": [""pose"", ""object""], ""fps"": {""pose"": 29, ""object"": 31}, ""eff_fps"": {""pose"": 29, ""object"": 31}, ""latency_ms"": {""pose"": 0, ""object"": 0}, ""svclat_ms"": {""pose"": 22.12, ""object"": 24.32}}, ""b6"": {""services"": [""pose"", ""object""], ""fps"": {""pose"": 23, ""object"": 30}, ""eff_fps"": {""pose"": 23, ""object"": 30}, ""latency_ms"": {""pose"": 0, ""object"": 0}, ""svclat_ms"": {""pose"": 22.22, ""object"": 19.94}}, ""b7"": {""services"": [""pose"", ""object""], ""fps"": {""pose"": 23, ""object"": 30}, ""eff_fps"": {""pose"": 23, ""object"": 30}, ""latency_ms"": {""pose"": 0, ""object"": 0}, ""svclat_ms"": {""pose"": 28.41, ""object"": 19.64}}, ""b8"": {""services"": [""pose"", ""object""], ""fps"": {""pose"": 30, ""object"": 30}, ""eff_fps"": {""pose"": 30, ""object"": 30}, ""latency_ms"": {""pose"": 0, ""object"": 0}, ""svclat_ms"": {""pose"": 23.25, ""object"": 22.21}}, ""b9"": {""services"": [""pose"", ""object""], ""fps"": {""pose"": 30, ""object"": 30}, ""eff_fps"": {""pose"": 30, ""object"": 30}, ""latency_ms"": {""pose"": 0, ""object"": 0}, ""svclat_ms"": {""pose"": 23.62, ""object"": 23.19}}, ""b10"": {""services"": [""pose"", ""object""], ""fps"": {""pose"": 29, ""object"": 30}, ""eff_fps"": {""pose"": 29, ""object"": 30}, ""latency_ms"": {""pose"": 0, ""object"": 0}, ""svclat_ms"": {""pose"": 22.58, ""object"": 22.69}}, ""b11"": {""services"": [""pose"", ""object""], ""fps"": {""pose"": 23, ""object"": 30}, ""eff_fps"": {""pose"": 23, ""object"": 30}, ""latency_ms"": {""pose"": 0, ""object"": 0}, ""svclat_ms"": {""pose"": 22.72, ""object"": 24.39}}, ""b12"": {""services"": [""pose"", ""object""], ""fps"": {""pose"": 0, ""object"": 0}, ""eff_fps"": {""pose"": 0, ""object"": 0}, ""latency_ms"": {""pose"": 0, ""object"": 0}, ""svclat_ms"": {""pose"": 0.0, ""object"": 0.0}}, ""b13"": {""services"": [""pose"", ""object""], ""fps"": {""pose"": 0, ""object"": 0}, ""eff_fps"": {""pose"": 0, ""object"": 0}, ""latency_ms"": {""pose"": 0, ""object"": 0}, ""svclat_ms"": {""pose"": 0.0, ""object"": 0.0}}, ""b14"": {""services"": [""pose"", ""object""], ""fps"": {""pose"": 0, ""object"": 0}, ""eff_fps"": {""pose"": 0, ""object"": 0}, ""latency_ms"": {""pose"": 0, ""object"": 0}, ""svclat_ms"": {""pose"": 0.0, ""object"": 0.0}}, ""b15"": {""services"": [""pose"", ""object""], ""fps"": {""pose"": 0, ""object"": 0}, ""eff_fps"": {""pose"": 0, ""object"": 0}, ""latency_ms"": {""pose"": 0, ""object"": 0}, ""svclat_ms"": {""pose"": 0.0, ""object"": 0.0}}}"
250.8,12,11,0.917,0,0,11,15,12,0.8,1097.0,637.0,0.581,0.0,1.36,0.0,26.89,0,29.67,26.78,0,29.67,0,0,0,30.12,0,24.1,509,"{""ip-172-31-0-204"": ""healthy"", ""ip-172-31-1-171"": ""healthy"", ""ip-172-31-10-12"": ""healthy"", ""ip-172-31-11-132"": ""healthy"", ""ip-172-31-13-134"": ""healthy"", ""ip-172-31-14-68"": ""healthy"", ""ip-172-31-40-239"": ""healthy""}",subscribe,108.3,0.9652,0,0,"{""ip-172-31-0-204"": {""gesture"": 1, ""pose"": 1, ""object"": 1}, ""ip-172-31-1-171"": {""pose"": 1, ""object"": 1}, ""ip-172-31-10-12"": {""pose"": 1, ""object"": 1}, ""ip-172-31-13-134"": {""object"": 1, ""pose"": 1}, ""ip-172-31-11-132"": {""gesture"": 1, ""object"": 1}, ""ip-172-31-40-239"": {""object"": 1, ""pose"": 1}, ""ip-172-31-14-68"": {""object"": 1, ""gesture"": 1}}","{""b3"": {""services"": [""pose"", ""object""], ""fps"": {""pose"": 28, ""object"": 29}, ""eff_fps"": {""pose"": 27, ""object"": 29}, ""latency_ms"": {""pose"": 0, ""object"": 0}, ""svclat_ms"": {""pose"": 23.99, ""object"": 31.94}}, ""b4"": {""services"": [""pose"", ""object""], ""fps"": {""pose"": 30, ""object"": 30}, ""eff_fps"": {""pose"": 30, ""object"": 30}, ""latency_ms"": {""pose"": 0, ""object"": 0}, ""svclat_ms"": {""pose"": 22.07, ""object"": 20.83}}, ""b5"": {""services"": [""pose"", ""object""], ""fps"": {""pose"": 26, ""object"": 30}, ""eff_fps"": {""pose"": 26, ""object"": 30}, ""latency_ms"": {""pose"": 0, ""object"": 0}, ""svclat_ms"": {""pose"": 37.4, ""object"": 20.43}}, ""b6"": {""services"": [""pose"", ""object""], ""fps"": {""pose"": 23, ""object"": 30}, ""eff_fps"": {""pose"": 23, ""object"": 30}, ""latency_ms"": {""pose"": 0, ""object"": 0}, ""svclat_ms"": {""pose"": 32.83, ""object"": 19.56}}, ""b7"": {""services"": [""pose"", ""object""], ""fps"": {""pose"": 29, ""object"": 30}, ""eff_fps"": {""pose"": 29, ""object"": 30}, ""latency_ms"": {""pose"": 0, ""object"": 0}, ""svclat_ms"": {""pose"": 23.94, ""object"": 23.2}}, ""b8"": {""services"": [""pose"", ""object""], ""fps"": {""pose"": 27, ""object"": 30}, ""eff_fps"": {""pose"": 27, ""object"": 30}, ""latency_ms"": {""pose"": 0, ""object"": 0}, ""svclat_ms"": {""pose"": 37.05, ""object"": 20.51}}, ""b9"": {""services"": [""pose"", ""object""], ""fps"": {""pose"": 29, ""object"": 30}, ""eff_fps"": {""pose"": 29, ""object"": 30}, ""latency_ms"": {""pose"": 0, ""object"": 0}, ""svclat_ms"": {""pose"": 28.04, ""object"": 23.55}}, ""b10"": {""services"": [""pose"", ""object""], ""fps"": {""pose"": 27, ""object"": 28}, ""eff_fps"": {""pose"": 27, ""object"": 28}, ""latency_ms"": {""pose"": 0, ""object"": 0}, ""svclat_ms"": {""pose"": 37.08, ""object"": 36.04}}, ""b11"": {""services"": [""pose"", ""object""], ""fps"": {""pose"": 23, ""object"": 30}, ""eff_fps"": {""pose"": 23, ""object"": 30}, ""latency_ms"": {""pose"": 0, ""object"": 0}, ""svclat_ms"": {""pose"": 28.72, ""object"": 20.86}}, ""b12"": {""services"": [""pose"", ""object""], ""fps"": {""pose"": 0, ""object"": 0}, ""eff_fps"": {""pose"": 0, ""object"": 0}, ""latency_ms"": {""pose"": 0, ""object"": 0}, ""svclat_ms"": {""pose"": 0.0, ""object"": 0.0}}, ""b13"": {""services"": [""pose"", ""object""], ""fps"": {""pose"": 0, ""object"": 0}, ""eff_fps"": {""pose"": 0, ""object"": 0}, ""latency_ms"": {""pose"": 0, ""object"": 0}, ""svclat_ms"": {""pose"": 0.0, ""object"": 0.0}}, ""b14"": {""services"": [""pose"", ""object""], ""fps"": {""pose"": 0, ""object"": 0}, ""eff_fps"": {""pose"": 0, ""object"": 0}, ""latency_ms"": {""pose"": 0, ""object"": 0}, ""svclat_ms"": {""pose"": 0.0, ""object"": 0.0}}, ""b15"": {""services"": [""pose"", ""object""], ""fps"": {""pose"": 0, ""object"": 0}, ""eff_fps"": {""pose"": 0, ""object"": 0}, ""latency_ms"": {""pose"": 0, ""object"": 0}, ""svclat_ms"": {""pose"": 0.0, ""object"": 0.0}}}"
254.9,12,11,0.917,0,0,11,15,12,0.8,1097.0,637.0,0.581,0.0,1.36,0.0,30.0,0,30.12,30.0,0,30.12,0,0,0,22.29,0,22.2,481,"{""ip-172-31-0-204"": ""healthy"", ""ip-172-31-1-171"": ""healthy"", ""ip-172-31-10-12"": ""healthy"", ""ip-172-31-11-132"": ""healthy"", ""ip-172-31-13-134"": ""healthy"", ""ip-172-31-14-68"": ""healthy"", ""ip-172-31-40-239"": ""healthy""}",subscribe,108.3,0.9652,0,0,"{""ip-172-31-0-204"": {""gesture"": 1, ""pose"": 1, ""object"": 1}, ""ip-172-31-1-171"": {""pose"": 1, ""object"": 1}, ""ip-172-31-10-12"": {""pose"": 1, ""object"": 1}, ""ip-172-31-13-134"": {""object"": 1, ""pose"": 1}, ""ip-172-31-11-132"": {""gesture"": 1, ""object"": 1}, ""ip-172-31-40-239"": {""object"": 1, ""pose"": 1}, ""ip-172-31-14-68"": {""object"": 1, ""gesture"": 1}}","{""b4"": {""services"": [""pose"", ""object""], ""fps"": {""pose"": 30, ""object"": 30}, ""eff_fps"": {""pose"": 30, ""object"": 30}, ""latency_ms"": {""pose"": 0, ""object"": 0}, ""svclat_ms"": {""pose"": 22.96, ""object"": 22.53}}, ""b5"": {""services"": [""pose"", ""object""], ""fps"": {""pose"": 30, ""object"": 31}, ""eff_fps"": {""pose"": 30, ""object"": 31}, ""latency_ms"": {""pose"": 0, ""object"": 0}, ""svclat_ms"": {""pose"": 22.63, ""object"": 25.17}}, ""b6"": {""services"": [""pose"", ""object""], ""fps"": {""pose"": 30, ""object"": 30}, ""eff_fps"": {""pose"": 30, ""object"": 30}, ""latency_ms"": {""pose"": 0, ""object"": 0}, ""svclat_ms"": {""pose"": 20.65, ""object"": 21.45}}, ""b7"": {""services"": [""pose"", ""object""], ""fps"": {""pose"": 30, ""object"": 30}, ""eff_fps"": {""pose"": 30, ""object"": 30}, ""latency_ms"": {""pose"": 0, ""object"": 0}, ""svclat_ms"": {""pose"": 21.27, ""object"": 21.95}}, ""b8"": {""services"": [""pose"", ""object""], ""fps"": {""pose"": 30, ""object"": 30}, ""eff_fps"": {""pose"": 30, ""object"": 30}, ""latency_ms"": {""pose"": 0, ""object"": 0}, ""svclat_ms"": {""pose"": 21.91, ""object"": 21.5}}, ""b9"": {""services"": [""pose"", ""object""], ""fps"": {""pose"": 30, ""object"": 30}, ""eff_fps"": {""pose"": 30, ""object"": 30}, ""latency_ms"": {""pose"": 0, ""object"": 0}, ""svclat_ms"": {""pose"": 20.77, ""object"": 22.74}}, ""b10"": {""services"": [""pose"", ""object""], ""fps"": {""pose"": 30, ""object"": 30}, ""eff_fps"": {""pose"": 30, ""object"": 30}, ""latency_ms"": {""pose"": 0, ""object"": 0}, ""svclat_ms"": {""pose"": 21.4, ""object"": 19.44}}, ""b11"": {""services"": [""pose"", ""object""], ""fps"": {""pose"": 30, ""object"": 30}, ""eff_fps"": {""pose"": 30, ""object"": 30}, ""latency_ms"": {""pose"": 0, ""object"": 0}, ""svclat_ms"": {""pose"": 26.72, ""object"": 22.8}}, ""b12"": {""services"": [""pose"", ""object""], ""fps"": {""pose"": 0, ""object"": 0}, ""eff_fps"": {""pose"": 0, ""object"": 0}, ""latency_ms"": {""pose"": 0, ""object"": 0}, ""svclat_ms"": {""pose"": 0.0, ""object"": 0.0}}, ""b13"": {""services"": [""pose"", ""object""], ""fps"": {""pose"": 0, ""object"": 0}, ""eff_fps"": {""pose"": 0, ""object"": 0}, ""latency_ms"": {""pose"": 0, ""object"": 0}, ""svclat_ms"": {""pose"": 0.0, ""object"": 0.0}}, ""b14"": {""services"": [""pose"", ""object""], ""fps"": {""pose"": 0, ""object"": 0}, ""eff_fps"": {""pose"": 0, ""object"": 0}, ""latency_ms"": {""pose"": 0, ""object"": 0}, ""svclat_ms"": {""pose"": 0.0, ""object"": 0.0}}, ""b15"": {""services"": [""pose"", ""object""], ""fps"": {""pose"": 0, ""object"": 0}, ""eff_fps"": {""pose"": 0, ""object"": 0}, ""latency_ms"": {""pose"": 0, ""object"": 0}, ""svclat_ms"": {""pose"": 0.0, ""object"": 0.0}}}"
259.6,11,12,1.091,3,3,17,15,14,0.933,1037.0,720.0,0.694,0.0,1.5,0.0,30.0,0,29.88,30.0,0,29.88,0,0,0,22.73,0,22.68,479,"{""ip-172-31-0-204"": ""healthy"", ""ip-172-31-1-171"": ""healthy"", ""ip-172-31-10-12"": ""healthy"", ""ip-172-31-11-132"": ""healthy"", ""ip-172-31-13-134"": ""healthy"", ""ip-172-31-14-68"": ""healthy"", ""ip-172-31-40-239"": ""healthy""}",subscribe,115.1,1.0,1,24,"{""ip-172-31-1-171"": {""pose"": 1, ""object"": 1}, ""ip-172-31-10-12"": {""pose"": 1, ""object"": 1, ""gesture"": 1}, ""ip-172-31-13-134"": {""object"": 1, ""pose"": 1}, ""ip-172-31-40-239"": {""object"": 1, ""pose"": 1}, ""ip-172-31-14-68"": {""object"": 1, ""pose"": 1}, ""ip-172-31-11-132"": {""object"": 1, ""pose"": 1}, ""ip-172-31-0-204"": {""pose"": 1, ""object"": 1}}","{""b4"": {""services"": [""pose"", ""object""], ""fps"": {""pose"": 30, ""object"": 30}, ""eff_fps"": {""pose"": 30, ""object"": 30}, ""latency_ms"": {""pose"": 0, ""object"": 0}, ""svclat_ms"": {""pose"": 24.72, ""object"": 24.06}}, ""b5"": {""services"": [""pose"", ""object""], ""fps"": {""pose"": 30, ""object"": 29}, ""eff_fps"": {""pose"": 30, ""object"": 29}, ""latency_ms"": {""pose"": 0, ""object"": 0}, ""svclat_ms"": {""pose"": 24.16, ""object"": 23.45}}, ""b6"": {""services"": [""pose"", ""object""], ""fps"": {""pose"": 30, ""object"": 30}, ""eff_fps"": {""pose"": 30, ""object"": 30}, ""latency_ms"": {""pose"": 0, ""object"": 0}, ""svclat_ms"": {""pose"": 22.72, ""object"": 23.88}}, ""b7"": {""services"": [""pose"", ""object""], ""fps"": {""pose"": 30, ""object"": 30}, ""eff_fps"": {""pose"": 30, ""object"": 30}, ""latency_ms"": {""pose"": 0, ""object"": 0}, ""svclat_ms"": {""pose"": 19.82, ""object"": 22.64}}, ""b8"": {""services"": [""pose"", ""object""], ""fps"": {""pose"": 30, ""object"": 30}, ""eff_fps"": {""pose"": 30, ""object"": 30}, ""latency_ms"": {""pose"": 0, ""object"": 0}, ""svclat_ms"": {""pose"": 20.58, ""object"": 20.39}}, ""b9"": {""services"": [""pose"", ""object""], ""fps"": {""pose"": 30, ""object"": 30}, ""eff_fps"": {""pose"": 30, ""object"": 30}, ""latency_ms"": {""pose"": 0, ""object"": 0}, ""svclat_ms"": {""pose"": 20.89, ""object"": 22.72}}, ""b10"": {""services"": [""pose"", ""object""], ""fps"": {""pose"": 30, ""object"": 30}, ""eff_fps"": {""pose"": 30, ""object"": 30}, ""latency_ms"": {""pose"": 0, ""object"": 0}, ""svclat_ms"": {""pose"": 21.92, ""object"": 20.76}}, ""b11"": {""services"": [""pose"", ""object""], ""fps"": {""pose"": 30, ""object"": 30}, ""eff_fps"": {""pose"": 30, ""object"": 30}, ""latency_ms"": {""pose"": 0, ""object"": 0}, ""svclat_ms"": {""pose"": 27.03, ""object"": 23.56}}, ""b12"": {""services"": [""pose"", ""object""], ""fps"": {""pose"": 0, ""object"": 0}, ""eff_fps"": {""pose"": 0, ""object"": 0}, ""latency_ms"": {""pose"": 0, ""object"": 0}, ""svclat_ms"": {""pose"": 0.0, ""object"": 0.0}}, ""b13"": {""services"": [""pose"", ""object""], ""fps"": {""pose"": 0, ""object"": 0}, ""eff_fps"": {""pose"": 0, ""object"": 0}, ""latency_ms"": {""pose"": 0, ""object"": 0}, ""svclat_ms"": {""pose"": 0.0, ""object"": 0.0}}, ""b14"": {""services"": [""pose"", ""object""], ""fps"": {""pose"": 0, ""object"": 0}, ""eff_fps"": {""pose"": 0, ""object"": 0}, ""latency_ms"": {""pose"": 0, ""object"": 0}, ""svclat_ms"": {""pose"": 0.0, ""object"": 0.0}}, ""b15"": {""services"": [""pose"", ""object""], ""fps"": {""pose"": 0, ""object"": 0}, ""eff_fps"": {""pose"": 0, ""object"": 0}, ""latency_ms"": {""pose"": 0, ""object"": 0}, ""svclat_ms"": {""pose"": 0.0, ""object"": 0.0}}}"
264.1,11,11,1.0,0,0,17,15,14,0.933,1037.0,660.0,0.636,0.0,1.36,0.0,30.0,0,30.0,30.0,0,30.0,0,0,0,22.7,0,22.84,480,"{""ip-172-31-0-204"": ""healthy"", ""ip-172-31-1-171"": ""healthy"", ""ip-172-31-10-12"": ""healthy"", ""ip-172-31-11-132"": ""healthy"", ""ip-172-31-13-134"": ""healthy"", ""ip-172-31-14-68"": ""healthy"", ""ip-172-31-40-239"": ""healthy""}",subscribe,108.7,1.0,0,0,"{""ip-172-31-1-171"": {""pose"": 1, ""object"": 1}, ""ip-172-31-10-12"": {""pose"": 1, ""object"": 1, ""gesture"": 1}, ""ip-172-31-13-134"": {""object"": 1, ""pose"": 1}, ""ip-172-31-40-239"": {""object"": 1, ""pose"": 1}, ""ip-172-31-14-68"": {""object"": 1, ""pose"": 1}, ""ip-172-31-11-132"": {""object"": 1, ""pose"": 1}, ""ip-172-31-0-204"": {""pose"": 1, ""object"": 1}}","{""b4"": {""services"": [""pose"", ""object""], ""fps"": {""pose"": 30, ""object"": 30}, ""eff_fps"": {""pose"": 30, ""object"": 30}, ""latency_ms"": {""pose"": 0, ""object"": 0}, ""svclat_ms"": {""pose"": 25.49, ""object"": 24.7}}, ""b5"": {""services"": [""pose"", ""object""], ""fps"": {""pose"": 30, ""object"": 30}, ""eff_fps"": {""pose"": 30, ""object"": 30}, ""latency_ms"": {""pose"": 0, ""object"": 0}, ""svclat_ms"": {""pose"": 24.78, ""object"": 25.16}}, ""b6"": {""services"": [""pose"", ""object""], ""fps"": {""pose"": 30, ""object"": 30}, ""eff_fps"": {""pose"": 30, ""object"": 30}, ""latency_ms"": {""pose"": 0, ""object"": 0}, ""svclat_ms"": {""pose"": 22.06, ""object"": 23.06}}, ""b7"": {""services"": [""pose"", ""object""], ""fps"": {""pose"": 30, ""object"": 30}, ""eff_fps"": {""pose"": 30, ""object"": 30}, ""latency_ms"": {""pose"": 0, ""object"": 0}, ""svclat_ms"": {""pose"": 19.43, ""object"": 22.2}}, ""b8"": {""services"": [""pose"", ""object""], ""fps"": {""pose"": 30, ""object"": 30}, ""eff_fps"": {""pose"": 30, ""object"": 30}, ""latency_ms"": {""pose"": 0, ""object"": 0}, ""svclat_ms"": {""pose"": 20.91, ""object"": 20.29}}, ""b9"": {""services"": [""pose"", ""object""], ""fps"": {""pose"": 30, ""object"": 30}, ""eff_fps"": {""pose"": 30, ""object"": 30}, ""latency_ms"": {""pose"": 0, ""object"": 0}, ""svclat_ms"": {""pose"": 20.78, ""object"": 22.85}}, ""b10"": {""services"": [""pose"", ""object""], ""fps"": {""pose"": 30, ""object"": 30}, ""eff_fps"": {""pose"": 30, ""object"": 30}, ""latency_ms"": {""pose"": 0, ""object"": 0}, ""svclat_ms"": {""pose"": 22.14, ""object"": 20.65}}, ""b11"": {""services"": [""pose"", ""object""], ""fps"": {""pose"": 30, ""object"": 30}, ""eff_fps"": {""pose"": 30, ""object"": 30}, ""latency_ms"": {""pose"": 0, ""object"": 0}, ""svclat_ms"": {""pose"": 26.01, ""object"": 23.82}}, ""b12"": {""services"": [""pose"", ""object""], ""fps"": {""pose"": 0, ""object"": 0}, ""eff_fps"": {""pose"": 0, ""object"": 0}, ""latency_ms"": {""pose"": 0, ""object"": 0}, ""svclat_ms"": {""pose"": 0.0, ""object"": 0.0}}, ""b13"": {""services"": [""pose"", ""object""], ""fps"": {""pose"": 0, ""object"": 0}, ""eff_fps"": {""pose"": 0, ""object"": 0}, ""latency_ms"": {""pose"": 0, ""object"": 0}, ""svclat_ms"": {""pose"": 0.0, ""object"": 0.0}}, ""b14"": {""services"": [""pose"", ""object""], ""fps"": {""pose"": 0, ""object"": 0}, ""eff_fps"": {""pose"": 0, ""object"": 0}, ""latency_ms"": {""pose"": 0, ""object"": 0}, ""svclat_ms"": {""pose"": 0.0, ""object"": 0.0}}, ""b15"": {""services"": [""pose"", ""object""], ""fps"": {""pose"": 0, ""object"": 0}, ""eff_fps"": {""pose"": 0, ""object"": 0}, ""latency_ms"": {""pose"": 0, ""object"": 0}, ""svclat_ms"": {""pose"": 0.0, ""object"": 0.0}}}"
268.6,11,11,1.0,0,0,17,15,14,0.933,1037.0,660,0.636,0.0,1.36,0.0,30.14,0,30.0,30.14,0,30.0,0,0,0,22.31,0,23.19,421,"{""ip-172-31-0-204"": ""healthy"", ""ip-172-31-1-171"": ""healthy"", ""ip-172-31-10-12"": ""healthy"", ""ip-172-31-11-132"": ""healthy"", ""ip-172-31-13-134"": ""healthy"", ""ip-172-31-14-68"": ""healthy"", ""ip-172-31-40-239"": ""healthy""}",unsubscribe,126.0,1.0,0,0,"{""ip-172-31-1-171"": {""pose"": 1, ""object"": 1}, ""ip-172-31-10-12"": {""pose"": 1, ""object"": 1, ""gesture"": 1}, ""ip-172-31-13-134"": {""object"": 1, ""pose"": 1}, ""ip-172-31-40-239"": {""object"": 1, ""pose"": 1}, ""ip-172-31-14-68"": {""object"": 1, ""pose"": 1}, ""ip-172-31-11-132"": {""object"": 1, ""pose"": 1}, ""ip-172-31-0-204"": {""pose"": 1, ""object"": 1}}","{""b5"": {""services"": [""pose"", ""object""], ""fps"": {""pose"": 30, ""object"": 30}, ""eff_fps"": {""pose"": 30, ""object"": 30}, ""latency_ms"": {""pose"": 0, ""object"": 0}, ""svclat_ms"": {""pose"": 24.16, ""object"": 23.95}}, ""b6"": {""services"": [""pose"", ""object""], ""fps"": {""pose"": 30, ""object"": 30}, ""eff_fps"": {""pose"": 30, ""object"": 30}, ""latency_ms"": {""pose"": 0, ""object"": 0}, ""svclat_ms"": {""pose"": 21.78, ""object"": 23.04}}, ""b7"": {""services"": [""pose"", ""object""], ""fps"": {""pose"": 30, ""object"": 30}, ""eff_fps"": {""pose"": 30, ""object"": 30}, ""latency_ms"": {""pose"": 0, ""object"": 0}, ""svclat_ms"": {""pose"": 19.34, ""object"": 22.58}}, ""b8"": {""services"": [""pose"", ""object""], ""fps"": {""pose"": 30, ""object"": 30}, ""eff_fps"": {""pose"": 30, ""object"": 30}, ""latency_ms"": {""pose"": 0, ""object"": 0}, ""svclat_ms"": {""pose"": 20.96, ""object"": 20.46}}, ""b9"": {""services"": [""pose"", ""object""], ""fps"": {""pose"": 31, ""object"": 30}, ""eff_fps"": {""pose"": 31, ""object"": 30}, ""latency_ms"": {""pose"": 0, ""object"": 0}, ""svclat_ms"": {""pose"": 22.19, ""object"": 23.94}}, ""b10"": {""services"": [""pose"", ""object""], ""fps"": {""pose"": 30, ""object"": 30}, ""eff_fps"": {""pose"": 30, ""object"": 30}, ""latency_ms"": {""pose"": 0, ""object"": 0}, ""svclat_ms"": {""pose"": 22.6, ""object"": 21.35}}, ""b11"": {""services"": [""pose"", ""object""], ""fps"": {""pose"": 30, ""object"": 30}, ""eff_fps"": {""pose"": 30, ""object"": 30}, ""latency_ms"": {""pose"": 0, ""object"": 0}, ""svclat_ms"": {""pose"": 25.14, ""object"": 27.01}}, ""b12"": {""services"": [""pose"", ""object""], ""fps"": {""pose"": 0, ""object"": 0}, ""eff_fps"": {""pose"": 0, ""object"": 0}, ""latency_ms"": {""pose"": 0, ""object"": 0}, ""svclat_ms"": {""pose"": 0.0, ""object"": 0.0}}, ""b13"": {""services"": [""pose"", ""object""], ""fps"": {""pose"": 0, ""object"": 0}, ""eff_fps"": {""pose"": 0, ""object"": 0}, ""latency_ms"": {""pose"": 0, ""object"": 0}, ""svclat_ms"": {""pose"": 0.0, ""object"": 0.0}}, ""b14"": {""services"": [""pose"", ""object""], ""fps"": {""pose"": 0, ""object"": 0}, ""eff_fps"": {""pose"": 0, ""object"": 0}, ""latency_ms"": {""pose"": 0, ""object"": 0}, ""svclat_ms"": {""pose"": 0.0, ""object"": 0.0}}, ""b15"": {""services"": [""pose"", ""object""], ""fps"": {""pose"": 0, ""object"": 0}, ""eff_fps"": {""pose"": 0, ""object"": 0}, ""latency_ms"": {""pose"": 0, ""object"": 0}, ""svclat_ms"": {""pose"": 0.0, ""object"": 0.0}}}"
273.2,11,11,1.0,0,0,17,15,14,0.933,1037.0,660,0.636,0.0,1.5,0.0,29.88,0,30.0,29.88,0,30.0,0,0,0,22.37,0,22.94,479,"{""ip-172-31-0-204"": ""healthy"", ""ip-172-31-1-171"": ""healthy"", ""ip-172-31-10-12"": ""healthy"", ""ip-172-31-11-132"": ""healthy"", ""ip-172-31-13-134"": ""healthy"", ""ip-172-31-14-68"": ""healthy"", ""ip-172-31-40-239"": ""healthy""}",unsubscribe,112.3,1.0,0,0,"{""ip-172-31-1-171"": {""pose"": 1, ""object"": 1}, ""ip-172-31-10-12"": {""pose"": 1, ""object"": 1, ""gesture"": 1}, ""ip-172-31-13-134"": {""object"": 1, ""pose"": 1}, ""ip-172-31-40-239"": {""object"": 1, ""pose"": 1}, ""ip-172-31-14-68"": {""object"": 1, ""pose"": 1}, ""ip-172-31-11-132"": {""object"": 1, ""pose"": 1}, ""ip-172-31-0-204"": {""pose"": 1, ""object"": 1}}","{""b5"": {""services"": [""pose"", ""object""], ""fps"": {""pose"": 30, ""object"": 30}, ""eff_fps"": {""pose"": 30, ""object"": 30}, ""latency_ms"": {""pose"": 0, ""object"": 0}, ""svclat_ms"": {""pose"": 23.87, ""object"": 25.01}}, ""b6"": {""services"": [""pose"", ""object""], ""fps"": {""pose"": 30, ""object"": 30}, ""eff_fps"": {""pose"": 30, ""object"": 30}, ""latency_ms"": {""pose"": 0, ""object"": 0}, ""svclat_ms"": {""pose"": 23.0, ""object"": 23.17}}, ""b7"": {""services"": [""pose"", ""object""], ""fps"": {""pose"": 29, ""object"": 30}, ""eff_fps"": {""pose"": 29, ""object"": 30}, ""latency_ms"": {""pose"": 0, ""object"": 0}, ""svclat_ms"": {""pose"": 23.57, ""object"": 22.98}}, ""b8"": {""services"": [""pose"", ""object""], ""fps"": {""pose"": 30, ""object"": 30}, ""eff_fps"": {""pose"": 30, ""object"": 30}, ""latency_ms"": {""pose"": 0, ""object"": 0}, ""svclat_ms"": {""pose"": 19.5, ""object"": 20.54}}, ""b9"": {""services"": [""pose"", ""object""], ""fps"": {""pose"": 30, ""object"": 30}, ""eff_fps"": {""pose"": 30, ""object"": 30}, ""latency_ms"": {""pose"": 0, ""object"": 0}, ""svclat_ms"": {""pose"": 21.18, ""object"": 23.09}}, ""b10"": {""services"": [""pose"", ""object""], ""fps"": {""pose"": 30, ""object"": 30}, ""eff_fps"": {""pose"": 30, ""object"": 30}, ""latency_ms"": {""pose"": 0, ""object"": 0}, ""svclat_ms"": {""pose"": 22.4, ""object"": 21.17}}, ""b11"": {""services"": [""pose"", ""object""], ""fps"": {""pose"": 30, ""object"": 30}, ""eff_fps"": {""pose"": 30, ""object"": 30}, ""latency_ms"": {""pose"": 0, ""object"": 0}, ""svclat_ms"": {""pose"": 20.71, ""object"": 22.25}}, ""b12"": {""services"": [""pose"", ""object""], ""fps"": {""pose"": 0, ""object"": 0}, ""eff_fps"": {""pose"": 0, ""object"": 0}, ""latency_ms"": {""pose"": 0, ""object"": 0}, ""svclat_ms"": {""pose"": 0.0, ""object"": 0.0}}, ""b13"": {""services"": [""pose"", ""object""], ""fps"": {""pose"": 30, ""object"": 30}, ""eff_fps"": {""pose"": 30, ""object"": 30}, ""latency_ms"": {""pose"": 0, ""object"": 0}, ""svclat_ms"": {""pose"": 24.74, ""object"": 25.31}}, ""b14"": {""services"": [""pose"", ""object""], ""fps"": {""pose"": 0, ""object"": 0}, ""eff_fps"": {""pose"": 0, ""object"": 0}, ""latency_ms"": {""pose"": 0, ""object"": 0}, ""svclat_ms"": {""pose"": 0.0, ""object"": 0.0}}, ""b15"": {""services"": [""pose"", ""object""], ""fps"": {""pose"": 0, ""object"": 0}, ""eff_fps"": {""pose"": 0, ""object"": 0}, ""latency_ms"": {""pose"": 0, ""object"": 0}, ""svclat_ms"": {""pose"": 0.0, ""object"": 0.0}}}"
277.8,11,11,1.0,0,0,17,15,14,0.933,1037.0,660.0,0.636,0.0,1.36,0.0,30.0,0,30.0,30.0,0,30.0,0,0,0,22.2,0,22.84,480,"{""ip-172-31-0-204"": ""healthy"", ""ip-172-31-1-171"": ""healthy"", ""ip-172-31-10-12"": ""healthy"", ""ip-172-31-11-132"": ""healthy"", ""ip-172-31-13-134"": ""healthy"", ""ip-172-31-14-68"": ""healthy"", ""ip-172-31-40-239"": ""healthy""}",subscribe,109.4,1.0,0,0,"{""ip-172-31-1-171"": {""pose"": 1, ""object"": 1}, ""ip-172-31-10-12"": {""pose"": 1, ""object"": 1, ""gesture"": 1}, ""ip-172-31-13-134"": {""object"": 1, ""pose"": 1}, ""ip-172-31-40-239"": {""object"": 1, ""pose"": 1}, ""ip-172-31-14-68"": {""object"": 1, ""pose"": 1}, ""ip-172-31-11-132"": {""object"": 1, ""pose"": 1}, ""ip-172-31-0-204"": {""pose"": 1, ""object"": 1}}","{""b5"": {""services"": [""pose"", ""object""], ""fps"": {""pose"": 30, ""object"": 29}, ""eff_fps"": {""pose"": 30, ""object"": 29}, ""latency_ms"": {""pose"": 0, ""object"": 0}, ""svclat_ms"": {""pose"": 23.42, ""object"": 24.84}}, ""b6"": {""services"": [""pose"", ""object""], ""fps"": {""pose"": 30, ""object"": 30}, ""eff_fps"": {""pose"": 30, ""object"": 30}, ""latency_ms"": {""pose"": 0, ""object"": 0}, ""svclat_ms"": {""pose"": 23.79, ""object"": 23.83}}, ""b7"": {""services"": [""pose"", ""object""], ""fps"": {""pose"": 30, ""object"": 30}, ""eff_fps"": {""pose"": 30, ""object"": 30}, ""latency_ms"": {""pose"": 0, ""object"": 0}, ""svclat_ms"": {""pose"": 23.08, ""object"": 22.25}}, ""b8"": {""services"": [""pose"", ""object""], ""fps"": {""pose"": 30, ""object"": 31}, ""eff_fps"": {""pose"": 30, ""object"": 31}, ""latency_ms"": {""pose"": 0, ""object"": 0}, ""svclat_ms"": {""pose"": 19.67, ""object"": 20.98}}, ""b9"": {""services"": [""pose"", ""object""], ""fps"": {""pose"": 30, ""object"": 30}, ""eff_fps"": {""pose"": 30, ""object"": 30}, ""latency_ms"": {""pose"": 0, ""object"": 0}, ""svclat_ms"": {""pose"": 20.26, ""object"": 22.23}}, ""b10"": {""services"": [""pose"", ""object""], ""fps"": {""pose"": 30, ""object"": 30}, ""eff_fps"": {""pose"": 30, ""object"": 30}, ""latency_ms"": {""pose"": 0, ""object"": 0}, ""svclat_ms"": {""pose"": 21.96, ""object"": 20.76}}, ""b11"": {""services"": [""pose"", ""object""], ""fps"": {""pose"": 30, ""object"": 30}, ""eff_fps"": {""pose"": 30, ""object"": 30}, ""latency_ms"": {""pose"": 0, ""object"": 0}, ""svclat_ms"": {""pose"": 20.56, ""object"": 22.44}}, ""b12"": {""services"": [""pose"", ""object""], ""fps"": {""pose"": 0, ""object"": 0}, ""eff_fps"": {""pose"": 0, ""object"": 0}, ""latency_ms"": {""pose"": 0, ""object"": 0}, ""svclat_ms"": {""pose"": 0.0, ""object"": 0.0}}, ""b13"": {""services"": [""pose"", ""object""], ""fps"": {""pose"": 30, ""object"": 30}, ""eff_fps"": {""pose"": 30, ""object"": 30}, ""latency_ms"": {""pose"": 0, ""object"": 0}, ""svclat_ms"": {""pose"": 24.83, ""object"": 25.39}}, ""b14"": {""services"": [""pose"", ""object""], ""fps"": {""pose"": 0, ""object"": 0}, ""eff_fps"": {""pose"": 0, ""object"": 0}, ""latency_ms"": {""pose"": 0, ""object"": 0}, ""svclat_ms"": {""pose"": 0.0, ""object"": 0.0}}, ""b15"": {""services"": [""pose"", ""object""], ""fps"": {""pose"": 0, ""object"": 0}, ""eff_fps"": {""pose"": 0, ""object"": 0}, ""latency_ms"": {""pose"": 0, ""object"": 0}, ""svclat_ms"": {""pose"": 0.0, ""object"": 0.0}}}"
283.1,11,11,1.0,0,0,17,15,14,0.933,1037.0,660.0,0.636,0.0,1.36,0.0,30.0,0,29.88,30.0,0,29.88,0,0,0,21.3,0,21.95,479,"{""ip-172-31-0-204"": ""healthy"", ""ip-172-31-1-171"": ""healthy"", ""ip-172-31-10-12"": ""healthy"", ""ip-172-31-11-132"": ""healthy"", ""ip-172-31-13-134"": ""healthy"", ""ip-172-31-14-68"": ""healthy"", ""ip-172-31-40-239"": ""healthy""}",subscribe,109.5,1.0,0,0,"{""ip-172-31-1-171"": {""pose"": 1, ""object"": 1}, ""ip-172-31-10-12"": {""pose"": 1, ""object"": 1, ""gesture"": 1}, ""ip-172-31-13-134"": {""object"": 1, ""pose"": 1}, ""ip-172-31-40-239"": {""object"": 1, ""pose"": 1}, ""ip-172-31-14-68"": {""object"": 1, ""pose"": 1}, ""ip-172-31-11-132"": {""object"": 1, ""pose"": 1}, ""ip-172-31-0-204"": {""pose"": 1, ""object"": 1}}","{""b8"": {""services"": [""pose"", ""object""], ""fps"": {""pose"": 30, ""object"": 29}, ""eff_fps"": {""pose"": 30, ""object"": 29}, ""latency_ms"": {""pose"": 0, ""object"": 0}, ""svclat_ms"": {""pose"": 21.15, ""object"": 21.8}}, ""b9"": {""services"": [""pose"", ""object""], ""fps"": {""pose"": 30, ""object"": 30}, ""eff_fps"": {""pose"": 30, ""object"": 30}, ""latency_ms"": {""pose"": 0, ""object"": 0}, ""svclat_ms"": {""pose"": 19.34, ""object"": 22.58}}, ""b10"": {""services"": [""pose"", ""object""], ""fps"": {""pose"": 30, ""object"": 30}, ""eff_fps"": {""pose"": 30, ""object"": 30}, ""latency_ms"": {""pose"": 0, ""object"": 0}, ""svclat_ms"": {""pose"": 21.76, ""object"": 20.67}}, ""b11"": {""services"": [""pose"", ""object""], ""fps"": {""pose"": 30, ""object"": 30}, ""eff_fps"": {""pose"": 30, ""object"": 30}, ""latency_ms"": {""pose"": 0, ""object"": 0}, ""svclat_ms"": {""pose"": 21.31, ""object"": 22.74}}, ""b12"": {""services"": [""pose"", ""object""], ""fps"": {""pose"": 30, ""object"": 30}, ""eff_fps"": {""pose"": 30, ""object"": 30}, ""latency_ms"": {""pose"": 0, ""object"": 0}, ""svclat_ms"": {""pose"": 20.68, ""object"": 20.09}}, ""b13"": {""services"": [""pose"", ""object""], ""fps"": {""pose"": 30, ""object"": 30}, ""eff_fps"": {""pose"": 30, ""object"": 30}, ""latency_ms"": {""pose"": 0, ""object"": 0}, ""svclat_ms"": {""pose"": 21.07, ""object"": 20.84}}, ""b14"": {""services"": [""pose"", ""object""], ""fps"": {""pose"": 30, ""object"": 30}, ""eff_fps"": {""pose"": 30, ""object"": 30}, ""latency_ms"": {""pose"": 0, ""object"": 0}, ""svclat_ms"": {""pose"": 21.26, ""object"": 21.48}}, ""b15"": {""services"": [""pose"", ""object""], ""fps"": {""pose"": 30, ""object"": 30}, ""eff_fps"": {""pose"": 30, ""object"": 30}, ""latency_ms"": {""pose"": 0, ""object"": 0}, ""svclat_ms"": {""pose"": 23.81, ""object"": 25.36}}}"
288.5,8,8,1.0,0,0,17,15,14,0.933,1037.0,480,0.463,0.0,1.88,0.0,29.88,0,29.88,29.88,0,29.88,0,0,0,21.33,0,22.12,478,"{""ip-172-31-0-204"": ""healthy"", ""ip-172-31-1-171"": ""healthy"", ""ip-172-31-10-12"": ""healthy"", ""ip-172-31-11-132"": ""healthy"", ""ip-172-31-13-134"": ""healthy"", ""ip-172-31-14-68"": ""healthy"", ""ip-172-31-40-239"": ""healthy""}",unsubscribe,98.1,1.0,0,0,"{""ip-172-31-1-171"": {""pose"": 1, ""object"": 1}, ""ip-172-31-10-12"": {""pose"": 1, ""object"": 1, ""gesture"": 1}, ""ip-172-31-13-134"": {""object"": 1, ""pose"": 1}, ""ip-172-31-40-239"": {""object"": 1, ""pose"": 1}, ""ip-172-31-14-68"": {""object"": 1, ""pose"": 1}, ""ip-172-31-11-132"": {""object"": 1, ""pose"": 1}, ""ip-172-31-0-204"": {""pose"": 1, ""object"": 1}}","{""b8"": {""services"": [""pose"", ""object""], ""fps"": {""pose"": 30, ""object"": 30}, ""eff_fps"": {""pose"": 30, ""object"": 30}, ""latency_ms"": {""pose"": 0, ""object"": 0}, ""svclat_ms"": {""pose"": 21.99, ""object"": 22.51}}, ""b9"": {""services"": [""pose"", ""object""], ""fps"": {""pose"": 30, ""object"": 30}, ""eff_fps"": {""pose"": 30, ""object"": 30}, ""latency_ms"": {""pose"": 0, ""object"": 0}, ""svclat_ms"": {""pose"": 19.06, ""object"": 22.6}}, ""b10"": {""services"": [""pose"", ""object""], ""fps"": {""pose"": 30, ""object"": 30}, ""eff_fps"": {""pose"": 30, ""object"": 30}, ""latency_ms"": {""pose"": 0, ""object"": 0}, ""svclat_ms"": {""pose"": 21.92, ""object"": 20.66}}, ""b11"": {""services"": [""pose"", ""object""], ""fps"": {""pose"": 30, ""object"": 30}, ""eff_fps"": {""pose"": 30, ""object"": 30}, ""latency_ms"": {""pose"": 0, ""object"": 0}, ""svclat_ms"": {""pose"": 21.06, ""object"": 22.69}}, ""b12"": {""services"": [""pose"", ""object""], ""fps"": {""pose"": 29, ""object"": 30}, ""eff_fps"": {""pose"": 29, ""object"": 30}, ""latency_ms"": {""pose"": 0, ""object"": 0}, ""svclat_ms"": {""pose"": 20.37, ""object"": 19.42}}, ""b13"": {""services"": [""pose"", ""object""], ""fps"": {""pose"": 30, ""object"": 30}, ""eff_fps"": {""pose"": 30, ""object"": 30}, ""latency_ms"": {""pose"": 0, ""object"": 0}, ""svclat_ms"": {""pose"": 20.37, ""object"": 20.9}}, ""b14"": {""services"": [""pose"", ""object""], ""fps"": {""pose"": 30, ""object"": 29}, ""eff_fps"": {""pose"": 30, ""object"": 29}, ""latency_ms"": {""pose"": 0, ""object"": 0}, ""svclat_ms"": {""pose"": 22.31, ""object"": 22.62}}, ""b15"": {""services"": [""pose"", ""object""], ""fps"": {""pose"": 30, ""object"": 30}, ""eff_fps"": {""pose"": 30, ""object"": 30}, ""latency_ms"": {""pose"": 0, ""object"": 0}, ""svclat_ms"": {""pose"": 23.58, ""object"": 25.53}}}"
292.3,8,8,1.0,0,0,17,15,14,0.933,1037.0,480,0.463,0.0,1.88,0.0,30.0,0,30.17,30.0,0,30.17,0,0,0,21.45,0,21.42,361,"{""ip-172-31-0-204"": ""healthy"", ""ip-172-31-1-171"": ""healthy"", ""ip-172-31-10-12"": ""healthy"", ""ip-172-31-11-132"": ""healthy"", ""ip-172-31-13-134"": ""healthy"", ""ip-172-31-14-68"": ""healthy"", ""ip-172-31-40-239"": ""healthy""}",unsubscribe,97.6,1.0,0,0,"{""ip-172-31-1-171"": {""pose"": 1, ""object"": 1}, ""ip-172-31-10-12"": {""pose"": 1, ""object"": 1, ""gesture"": 1}, ""ip-172-31-13-134"": {""object"": 1, ""pose"": 1}, ""ip-172-31-40-239"": {""object"": 1, ""pose"": 1}, ""ip-172-31-14-68"": {""object"": 1, ""pose"": 1}, ""ip-172-31-11-132"": {""object"": 1, ""pose"": 1}, ""ip-172-31-0-204"": {""pose"": 1, ""object"": 1}}","{""b10"": {""services"": [""pose"", ""object""], ""fps"": {""pose"": 30, ""object"": 30}, ""eff_fps"": {""pose"": 30, ""object"": 30}, ""latency_ms"": {""pose"": 0, ""object"": 0}, ""svclat_ms"": {""pose"": 21.58, ""object"": 20.31}}, ""b11"": {""services"": [""pose"", ""object""], ""fps"": {""pose"": 30, ""object"": 30}, ""eff_fps"": {""pose"": 30, ""object"": 30}, ""latency_ms"": {""pose"": 0, ""object"": 0}, ""svclat_ms"": {""pose"": 21.12, ""object"": 22.74}}, ""b12"": {""services"": [""pose"", ""object""], ""fps"": {""pose"": 30, ""object"": 30}, ""eff_fps"": {""pose"": 30, ""object"": 30}, ""latency_ms"": {""pose"": 0, ""object"": 0}, ""svclat_ms"": {""pose"": 20.6, ""object"": 20.45}}, ""b13"": {""services"": [""pose"", ""object""], ""fps"": {""pose"": 30, ""object"": 30}, ""eff_fps"": {""pose"": 30, ""object"": 30}, ""latency_ms"": {""pose"": 0, ""object"": 0}, ""svclat_ms"": {""pose"": 20.78, ""object"": 20.6}}, ""b14"": {""services"": [""pose"", ""object""], ""fps"": {""pose"": 30, ""object"": 31}, ""eff_fps"": {""pose"": 30, ""object"": 31}, ""latency_ms"": {""pose"": 0, ""object"": 0}, ""svclat_ms"": {""pose"": 21.39, ""object"": 21.63}}, ""b15"": {""services"": [""pose"", ""object""], ""fps"": {""pose"": 30, ""object"": 30}, ""eff_fps"": {""pose"": 30, ""object"": 30}, ""latency_ms"": {""pose"": 0, ""object"": 0}, ""svclat_ms"": {""pose"": 23.25, ""object"": 22.81}}}"
296.3,7,8,1.143,0,0,17,15,14,0.933,1037.0,480,0.463,0.0,2.14,0.0,30.0,0,30.0,30.0,0,30.0,0,0,0,21.2,0,20.87,360,"{""ip-172-31-0-204"": ""healthy"", ""ip-172-31-1-171"": ""healthy"", ""ip-172-31-10-12"": ""healthy"", ""ip-172-31-11-132"": ""healthy"", ""ip-172-31-13-134"": ""healthy"", ""ip-172-31-14-68"": ""healthy"", ""ip-172-31-40-239"": ""healthy""}",unsubscribe,97.6,1.0,0,0,"{""ip-172-31-1-171"": {""pose"": 1, ""object"": 1}, ""ip-172-31-10-12"": {""pose"": 1, ""object"": 1, ""gesture"": 1}, ""ip-172-31-13-134"": {""object"": 1, ""pose"": 1}, ""ip-172-31-40-239"": {""object"": 1, ""pose"": 1}, ""ip-172-31-14-68"": {""object"": 1, ""pose"": 1}, ""ip-172-31-11-132"": {""object"": 1, ""pose"": 1}, ""ip-172-31-0-204"": {""pose"": 1, ""object"": 1}}","{""b10"": {""services"": [""pose"", ""object""], ""fps"": {""pose"": 30, ""object"": 30}, ""eff_fps"": {""pose"": 30, ""object"": 30}, ""latency_ms"": {""pose"": 0, ""object"": 0}, ""svclat_ms"": {""pose"": 21.72, ""object"": 20.35}}, ""b11"": {""services"": [""pose"", ""object""], ""fps"": {""pose"": 30, ""object"": 30}, ""eff_fps"": {""pose"": 30, ""object"": 30}, ""latency_ms"": {""pose"": 0, ""object"": 0}, ""svclat_ms"": {""pose"": 21.02, ""object"": 22.6}}, ""b12"": {""services"": [""pose"", ""object""], ""fps"": {""pose"": 30, ""object"": 30}, ""eff_fps"": {""pose"": 30, ""object"": 30}, ""latency_ms"": {""pose"": 0, ""object"": 0}, ""svclat_ms"": {""pose"": 20.5, ""object"": 18.86}}, ""b13"": {""services"": [""pose"", ""object""], ""fps"": {""pose"": 30, ""object"": 30}, ""eff_fps"": {""pose"": 30, ""object"": 30}, ""latency_ms"": {""pose"": 0, ""object"": 0}, ""svclat_ms"": {""pose"": 20.83, ""object"": 20.73}}, ""b14"": {""services"": [""pose"", ""object""], ""fps"": {""pose"": 30, ""object"": 30}, ""eff_fps"": {""pose"": 30, ""object"": 30}, ""latency_ms"": {""pose"": 0, ""object"": 0}, ""svclat_ms"": {""pose"": 21.56, ""object"": 21.79}}, ""b15"": {""services"": [""pose"", ""object""], ""fps"": {""pose"": 30, ""object"": 30}, ""eff_fps"": {""pose"": 30, ""object"": 30}, ""latency_ms"": {""pose"": 0, ""object"": 0}, ""svclat_ms"": {""pose"": 21.6, ""object"": 20.91}}}"
300.0,6,6,1.0,0,0,17,15,12,0.8,1037.0,360,0.347,0.0,2.5,0.0,30.0,0,30.0,30.0,0,30.0,0,0,0,21.4,0,21.19,360,"{""ip-172-31-0-204"": ""healthy"", ""ip-172-31-1-171"": ""healthy"", ""ip-172-31-10-12"": ""healthy"", ""ip-172-31-11-132"": ""healthy"", ""ip-172-31-13-134"": ""healthy"", ""ip-172-31-14-68"": ""healthy"", ""ip-172-31-40-239"": ""healthy""}",unsubscribe,88.2,1.0,0,0,"{""ip-172-31-1-171"": {""pose"": 1, ""object"": 1}, ""ip-172-31-10-12"": {""pose"": 1, ""object"": 1, ""gesture"": 1}, ""ip-172-31-13-134"": {""object"": 1, ""pose"": 1}, ""ip-172-31-40-239"": {""object"": 1, ""pose"": 1}, ""ip-172-31-14-68"": {""object"": 1, ""pose"": 1}, ""ip-172-31-11-132"": {""object"": 1, ""pose"": 1}, ""ip-172-31-0-204"": {""pose"": 1, ""object"": 1}}","{""b10"": {""services"": [""pose"", ""object""], ""fps"": {""pose"": 30, ""object"": 30}, ""eff_fps"": {""pose"": 30, ""object"": 30}, ""latency_ms"": {""pose"": 0, ""object"": 0}, ""svclat_ms"": {""pose"": 22.0, ""object"": 20.64}}, ""b11"": {""services"": [""pose"", ""object""], ""fps"": {""pose"": 30, ""object"": 30}, ""eff_fps"": {""pose"": 30, ""object"": 30}, ""latency_ms"": {""pose"": 0, ""object"": 0}, ""svclat_ms"": {""pose"": 21.05, ""object"": 22.72}}, ""b12"": {""services"": [""pose"", ""object""], ""fps"": {""pose"": 30, ""object"": 30}, ""eff_fps"": {""pose"": 30, ""object"": 30}, ""latency_ms"": {""pose"": 0, ""object"": 0}, ""svclat_ms"": {""pose"": 20.77, ""object"": 20.86}}, ""b13"": {""services"": [""pose"", ""object""], ""fps"": {""pose"": 30, ""object"": 30}, ""eff_fps"": {""pose"": 30, ""object"": 30}, ""latency_ms"": {""pose"": 0, ""object"": 0}, ""svclat_ms"": {""pose"": 20.97, ""object"": 20.51}}, ""b14"": {""services"": [""pose"", ""object""], ""fps"": {""pose"": 30, ""object"": 30}, ""eff_fps"": {""pose"": 30, ""object"": 30}, ""latency_ms"": {""pose"": 0, ""object"": 0}, ""svclat_ms"": {""pose"": 21.53, ""object"": 21.67}}, ""b15"": {""services"": [""pose"", ""object""], ""fps"": {""pose"": 30, ""object"": 30}, ""eff_fps"": {""pose"": 30, ""object"": 30}, ""latency_ms"": {""pose"": 0, ""object"": 0}, ""svclat_ms"": {""pose"": 22.06, ""object"": 20.74}}}"
302.5,6,6,1.0,0,0,17,15,12,0.8,1037.0,360,0.347,0.0,2.5,0.0,30.0,0,30.0,30.0,0,30.0,0,0,0,21.39,0,21.28,360,"{""ip-172-31-0-204"": ""healthy"", ""ip-172-31-1-171"": ""healthy"", ""ip-172-31-10-12"": ""healthy"", ""ip-172-31-11-132"": ""healthy"", ""ip-172-31-13-134"": ""healthy"", ""ip-172-31-14-68"": ""healthy"", ""ip-172-31-40-239"": ""healthy""}",unsubscribe,88.2,1.0,0,0,"{""ip-172-31-1-171"": {""pose"": 1, ""object"": 1}, ""ip-172-31-10-12"": {""pose"": 1, ""object"": 1, ""gesture"": 1}, ""ip-172-31-13-134"": {""object"": 1, ""pose"": 1}, ""ip-172-31-40-239"": {""object"": 1, ""pose"": 1}, ""ip-172-31-14-68"": {""object"": 1, ""pose"": 1}, ""ip-172-31-11-132"": {""object"": 1, ""pose"": 1}, ""ip-172-31-0-204"": {""pose"": 1, ""object"": 1}}","{""b10"": {""services"": [""pose"", ""object""], ""fps"": {""pose"": 30, ""object"": 30}, ""eff_fps"": {""pose"": 30, ""object"": 30}, ""latency_ms"": {""pose"": 0, ""object"": 0}, ""svclat_ms"": {""pose"": 21.66, ""object"": 20.28}}, ""b11"": {""services"": [""pose"", ""object""], ""fps"": {""pose"": 30, ""object"": 30}, ""eff_fps"": {""pose"": 30, ""object"": 30}, ""latency_ms"": {""pose"": 0, ""object"": 0}, ""svclat_ms"": {""pose"": 20.68, ""object"": 22.38}}, ""b12"": {""services"": [""pose"", ""object""], ""fps"": {""pose"": 30, ""object"": 30}, ""eff_fps"": {""pose"": 30, ""object"": 30}, ""latency_ms"": {""pose"": 0, ""object"": 0}, ""svclat_ms"": {""pose"": 20.43, ""object"": 20.64}}, ""b13"": {""services"": [""pose"", ""object""], ""fps"": {""pose"": 30, ""object"": 30}, ""eff_fps"": {""pose"": 30, ""object"": 30}, ""latency_ms"": {""pose"": 0, ""object"": 0}, ""svclat_ms"": {""pose"": 22.11, ""object"": 22.24}}, ""b14"": {""services"": [""pose"", ""object""], ""fps"": {""pose"": 30, ""object"": 30}, ""eff_fps"": {""pose"": 30, ""object"": 30}, ""latency_ms"": {""pose"": 0, ""object"": 0}, ""svclat_ms"": {""pose"": 21.34, ""object"": 21.6}}, ""b15"": {""services"": [""pose"", ""object""], ""fps"": {""pose"": 30, ""object"": 30}, ""eff_fps"": {""pose"": 30, ""object"": 30}, ""latency_ms"": {""pose"": 0, ""object"": 0}, ""svclat_ms"": {""pose"": 22.13, ""object"": 20.55}}}"
305.0,6,6,1.0,0,0,17,15,12,0.8,1037.0,360,0.347,0.0,2.5,0.0,30.0,0,30.0,30.0,0,30.0,0,0,0,21.42,0,21.05,360,"{""ip-172-31-0-204"": ""healthy"", ""ip-172-31-1-171"": ""healthy"", ""ip-172-31-10-12"": ""healthy"", ""ip-172-31-11-132"": ""healthy"", ""ip-172-31-13-134"": ""healthy"", ""ip-172-31-14-68"": ""healthy"", ""ip-172-31-40-239"": ""healthy""}",unsubscribe,88.2,1.0,0,0,"{""ip-172-31-1-171"": {""pose"": 1, ""object"": 1}, ""ip-172-31-10-12"": {""pose"": 1, ""object"": 1, ""gesture"": 1}, ""ip-172-31-13-134"": {""object"": 1, ""pose"": 1}, ""ip-172-31-40-239"": {""object"": 1, ""pose"": 1}, ""ip-172-31-14-68"": {""object"": 1, ""pose"": 1}, ""ip-172-31-11-132"": {""object"": 1, ""pose"": 1}, ""ip-172-31-0-204"": {""pose"": 1, ""object"": 1}}","{""b10"": {""services"": [""pose"", ""object""], ""fps"": {""pose"": 30, ""object"": 30}, ""eff_fps"": {""pose"": 30, ""object"": 30}, ""latency_ms"": {""pose"": 0, ""object"": 0}, ""svclat_ms"": {""pose"": 21.69, ""object"": 20.45}}, ""b11"": {""services"": [""pose"", ""object""], ""fps"": {""pose"": 30, ""object"": 30}, ""eff_fps"": {""pose"": 30, ""object"": 30}, ""latency_ms"": {""pose"": 0, ""object"": 0}, ""svclat_ms"": {""pose"": 21.24, ""object"": 23.01}}, ""b12"": {""services"": [""pose"", ""object""], ""fps"": {""pose"": 30, ""object"": 30}, ""eff_fps"": {""pose"": 30, ""object"": 30}, ""latency_ms"": {""pose"": 0, ""object"": 0}, ""svclat_ms"": {""pose"": 20.58, ""object"": 18.78}}, ""b13"": {""services"": [""pose"", ""object""], ""fps"": {""pose"": 30, ""object"": 30}, ""eff_fps"": {""pose"": 30, ""object"": 30}, ""latency_ms"": {""pose"": 0, ""object"": 0}, ""svclat_ms"": {""pose"": 20.95, ""object"": 20.88}}, ""b14"": {""services"": [""pose"", ""object""], ""fps"": {""pose"": 30, ""object"": 30}, ""eff_fps"": {""pose"": 30, ""object"": 30}, ""latency_ms"": {""pose"": 0, ""object"": 0}, ""svclat_ms"": {""pose"": 22.06, ""object"": 22.43}}, ""b15"": {""services"": [""pose"", ""object""], ""fps"": {""pose"": 30, ""object"": 30}, ""eff_fps"": {""pose"": 30, ""object"": 30}, ""latency_ms"": {""pose"": 0, ""object"": 0}, ""svclat_ms"": {""pose"": 21.97, ""object"": 20.74}}}"
307.5,6,6,1.0,0,0,17,15,12,0.8,1037.0,360,0.347,0.0,2.5,0.0,30.0,0,30.0,30.0,0,30.0,0,0,0,21.33,0,20.9,360,"{""ip-172-31-0-204"": ""healthy"", ""ip-172-31-1-171"": ""healthy"", ""ip-172-31-10-12"": ""healthy"", ""ip-172-31-11-132"": ""healthy"", ""ip-172-31-13-134"": ""healthy"", ""ip-172-31-14-68"": ""healthy"", ""ip-172-31-40-239"": ""healthy""}",unsubscribe,88.2,1.0,0,0,"{""ip-172-31-1-171"": {""pose"": 1, ""object"": 1}, ""ip-172-31-10-12"": {""pose"": 1, ""object"": 1, ""gesture"": 1}, ""ip-172-31-13-134"": {""object"": 1, ""pose"": 1}, ""ip-172-31-40-239"": {""object"": 1, ""pose"": 1}, ""ip-172-31-14-68"": {""object"": 1, ""pose"": 1}, ""ip-172-31-11-132"": {""object"": 1, ""pose"": 1}, ""ip-172-31-0-204"": {""pose"": 1, ""object"": 1}}","{""b10"": {""services"": [""pose"", ""object""], ""fps"": {""pose"": 30, ""object"": 30}, ""eff_fps"": {""pose"": 30, ""object"": 30}, ""latency_ms"": {""pose"": 0, ""object"": 0}, ""svclat_ms"": {""pose"": 21.83, ""object"": 20.47}}, ""b11"": {""services"": [""pose"", ""object""], ""fps"": {""pose"": 30, ""object"": 30}, ""eff_fps"": {""pose"": 30, ""object"": 30}, ""latency_ms"": {""pose"": 0, ""object"": 0}, ""svclat_ms"": {""pose"": 20.89, ""object"": 22.51}}, ""b12"": {""services"": [""pose"", ""object""], ""fps"": {""pose"": 30, ""object"": 30}, ""eff_fps"": {""pose"": 30, ""object"": 30}, ""latency_ms"": {""pose"": 0, ""object"": 0}, ""svclat_ms"": {""pose"": 20.48, ""object"": 18.71}}, ""b13"": {""services"": [""pose"", ""object""], ""fps"": {""pose"": 30, ""object"": 30}, ""eff_fps"": {""pose"": 30, ""object"": 30}, ""latency_ms"": {""pose"": 0, ""object"": 0}, ""svclat_ms"": {""pose"": 21.45, ""object"": 21.02}}, ""b14"": {""services"": [""pose"", ""object""], ""fps"": {""pose"": 30, ""object"": 30}, ""eff_fps"": {""pose"": 30, ""object"": 30}, ""latency_ms"": {""pose"": 0, ""object"": 0}, ""svclat_ms"": {""pose"": 21.38, ""object"": 21.57}}, ""b15"": {""services"": [""pose"", ""object""], ""fps"": {""pose"": 30, ""object"": 30}, ""eff_fps"": {""pose"": 30, ""object"": 30}, ""latency_ms"": {""pose"": 0, ""object"": 0}, ""svclat_ms"": {""pose"": 21.96, ""object"": 21.13}}}"
310.0,5,6,1.2,0,0,17,15,12,0.8,1037.0,360,0.347,0.0,3.0,0.0,30.25,0,30.25,30.25,0,30.25,0,0,0,21.36,0,21.06,242,"{""ip-172-31-0-204"": ""healthy"", ""ip-172-31-1-171"": ""healthy"", ""ip-172-31-10-12"": ""healthy"", ""ip-172-31-11-132"": ""healthy"", ""ip-172-31-13-134"": ""healthy"", ""ip-172-31-14-68"": ""healthy"", ""ip-172-31-40-239"": ""healthy""}",unsubscribe,88.2,1.0,0,0,"{""ip-172-31-1-171"": {""pose"": 1, ""object"": 1}, ""ip-172-31-10-12"": {""pose"": 1, ""object"": 1, ""gesture"": 1}, ""ip-172-31-13-134"": {""object"": 1, ""pose"": 1}, ""ip-172-31-40-239"": {""object"": 1, ""pose"": 1}, ""ip-172-31-14-68"": {""object"": 1, ""pose"": 1}, ""ip-172-31-11-132"": {""object"": 1, ""pose"": 1}, ""ip-172-31-0-204"": {""pose"": 1, ""object"": 1}}","{""b12"": {""services"": [""pose"", ""object""], ""fps"": {""pose"": 30, ""object"": 30}, ""eff_fps"": {""pose"": 30, ""object"": 30}, ""latency_ms"": {""pose"": 0, ""object"": 0}, ""svclat_ms"": {""pose"": 20.75, ""object"": 20.47}}, ""b13"": {""services"": [""pose"", ""object""], ""fps"": {""pose"": 30, ""object"": 30}, ""eff_fps"": {""pose"": 30, ""object"": 30}, ""latency_ms"": {""pose"": 0, ""object"": 0}, ""svclat_ms"": {""pose"": 20.94, ""object"": 21.05}}, ""b14"": {""services"": [""pose"", ""object""], ""fps"": {""pose"": 31, ""object"": 31}, ""eff_fps"": {""pose"": 31, ""object"": 31}, ""latency_ms"": {""pose"": 0, ""object"": 0}, ""svclat_ms"": {""pose"": 21.75, ""object"": 22.07}}, ""b15"": {""services"": [""pose"", ""object""], ""fps"": {""pose"": 30, ""object"": 30}, ""eff_fps"": {""pose"": 30, ""object"": 30}, ""latency_ms"": {""pose"": 0, ""object"": 0}, ""svclat_ms"": {""pose"": 21.98, ""object"": 20.65}}}"
315.2,4,5,1.25,0,0,17,15,10,0.667,1037.0,300,0.289,0.0,3.75,0.0,30.0,0,30.0,30.0,0,30.0,0,0,0,21.41,0,20.97,240,"{""ip-172-31-0-204"": ""healthy"", ""ip-172-31-1-171"": ""healthy"", ""ip-172-31-10-12"": ""healthy"", ""ip-172-31-11-132"": ""healthy"", ""ip-172-31-13-134"": ""healthy"", ""ip-172-31-14-68"": ""healthy"", ""ip-172-31-40-239"": ""healthy""}",unsubscribe,81.0,1.0,0,0,"{""ip-172-31-1-171"": {""pose"": 1, ""object"": 1}, ""ip-172-31-10-12"": {""pose"": 1, ""object"": 1, ""gesture"": 1}, ""ip-172-31-13-134"": {""object"": 1, ""pose"": 1}, ""ip-172-31-40-239"": {""object"": 1, ""pose"": 1}, ""ip-172-31-14-68"": {""object"": 1, ""pose"": 1}, ""ip-172-31-11-132"": {""object"": 1, ""pose"": 1}, ""ip-172-31-0-204"": {""pose"": 1, ""object"": 1}}","{""b12"": {""services"": [""pose"", ""object""], ""fps"": {""pose"": 30, ""object"": 30}, ""eff_fps"": {""pose"": 30, ""object"": 30}, ""latency_ms"": {""pose"": 0, ""object"": 0}, ""svclat_ms"": {""pose"": 20.61, ""object"": 19.27}}, ""b13"": {""services"": [""pose"", ""object""], ""fps"": {""pose"": 30, ""object"": 30}, ""eff_fps"": {""pose"": 30, ""object"": 30}, ""latency_ms"": {""pose"": 0, ""object"": 0}, ""svclat_ms"": {""pose"": 21.43, ""object"": 21.72}}, ""b14"": {""services"": [""pose"", ""object""], ""fps"": {""pose"": 30, ""object"": 30}, ""eff_fps"": {""pose"": 30, ""object"": 30}, ""latency_ms"": {""pose"": 0, ""object"": 0}, ""svclat_ms"": {""pose"": 21.98, ""object"": 22.13}}, ""b15"": {""services"": [""pose"", ""object""], ""fps"": {""pose"": 30, ""object"": 30}, ""eff_fps"": {""pose"": 30, ""object"": 30}, ""latency_ms"": {""pose"": 0, ""object"": 0}, ""svclat_ms"": {""pose"": 21.63, ""object"": 20.75}}, ""e1"": {""services"": [""gesture"", ""object""], ""fps"": {""gesture"": 0, ""object"": 0}, ""eff_fps"": {""gesture"": 0, ""object"": 0}, ""latency_ms"": {""gesture"": 0, ""object"": 0}, ""svclat_ms"": {""gesture"": 0.0, ""object"": 0.0}}}"
317.7,4,4,1.0,0,0,17,15,8,0.533,1037.0,240,0.231,0.0,3.75,0.0,30.0,0,30.0,30.0,0,30.0,0,0,0,21.35,0,20.75,240,"{""ip-172-31-0-204"": ""healthy"", ""ip-172-31-1-171"": ""healthy"", ""ip-172-31-10-12"": ""healthy"", ""ip-172-31-11-132"": ""healthy"", ""ip-172-31-13-134"": ""healthy"", ""ip-172-31-14-68"": ""healthy"", ""ip-172-31-40-239"": ""healthy""}",unsubscribe,77.9,1.0,0,0,"{""ip-172-31-1-171"": {""pose"": 1, ""object"": 1}, ""ip-172-31-10-12"": {""pose"": 1, ""object"": 1, ""gesture"": 1}, ""ip-172-31-13-134"": {""object"": 1, ""pose"": 1}, ""ip-172-31-40-239"": {""object"": 1, ""pose"": 1}, ""ip-172-31-14-68"": {""object"": 1, ""pose"": 1}, ""ip-172-31-11-132"": {""object"": 1, ""pose"": 1}, ""ip-172-31-0-204"": {""pose"": 1, ""object"": 1}}","{""b12"": {""services"": [""pose"", ""object""], ""fps"": {""pose"": 30, ""object"": 30}, ""eff_fps"": {""pose"": 30, ""object"": 30}, ""latency_ms"": {""pose"": 0, ""object"": 0}, ""svclat_ms"": {""pose"": 20.73, ""object"": 19.15}}, ""b13"": {""services"": [""pose"", ""object""], ""fps"": {""pose"": 30, ""object"": 30}, ""eff_fps"": {""pose"": 30, ""object"": 30}, ""latency_ms"": {""pose"": 0, ""object"": 0}, ""svclat_ms"": {""pose"": 20.99, ""object"": 21.05}}, ""b14"": {""services"": [""pose"", ""object""], ""fps"": {""pose"": 30, ""object"": 30}, ""eff_fps"": {""pose"": 30, ""object"": 30}, ""latency_ms"": {""pose"": 0, ""object"": 0}, ""svclat_ms"": {""pose"": 21.7, ""object"": 21.81}}, ""b15"": {""services"": [""pose"", ""object""], ""fps"": {""pose"": 30, ""object"": 30}, ""eff_fps"": {""pose"": 30, ""object"": 30}, ""latency_ms"": {""pose"": 0, ""object"": 0}, ""svclat_ms"": {""pose"": 21.99, ""object"": 20.99}}, ""e1"": {""services"": [""gesture"", ""object""], ""fps"": {""gesture"": 0, ""object"": 0}, ""eff_fps"": {""gesture"": 0, ""object"": 0}, ""latency_ms"": {""gesture"": 0, ""object"": 0}, ""svclat_ms"": {""gesture"": 0.0, ""object"": 0.0}}}"
321.5,5,5,1.0,0,0,17,15,10,0.667,1037.0,300.0,0.289,0.0,3.0,0.0,30.0,30.0,30.0,30.0,30.0,30.0,0,0,0,21.76,14.05,20.94,300,"{""ip-172-31-0-204"": ""healthy"", ""ip-172-31-1-171"": ""healthy"", ""ip-172-31-10-12"": ""healthy"", ""ip-172-31-11-132"": ""healthy"", ""ip-172-31-13-134"": ""healthy"", ""ip-172-31-14-68"": ""healthy"", ""ip-172-31-40-239"": ""healthy""}",subscribe,81.8,1.0,0,0,"{""ip-172-31-1-171"": {""pose"": 1, ""object"": 1}, ""ip-172-31-10-12"": {""pose"": 1, ""object"": 1, ""gesture"": 1}, ""ip-172-31-13-134"": {""object"": 1, ""pose"": 1}, ""ip-172-31-40-239"": {""object"": 1, ""pose"": 1}, ""ip-172-31-14-68"": {""object"": 1, ""pose"": 1}, ""ip-172-31-11-132"": {""object"": 1, ""pose"": 1}, ""ip-172-31-0-204"": {""pose"": 1, ""object"": 1}}","{""b12"": {""services"": [""pose"", ""object""], ""fps"": {""pose"": 30, ""object"": 30}, ""eff_fps"": {""pose"": 30, ""object"": 30}, ""latency_ms"": {""pose"": 0, ""object"": 0}, ""svclat_ms"": {""pose"": 21.01, ""object"": 20.43}}, ""b13"": {""services"": [""pose"", ""object""], ""fps"": {""pose"": 30, ""object"": 30}, ""eff_fps"": {""pose"": 30, ""object"": 30}, ""latency_ms"": {""pose"": 0, ""object"": 0}, ""svclat_ms"": {""pose"": 20.84, ""object"": 20.89}}, ""b14"": {""services"": [""pose"", ""object""], ""fps"": {""pose"": 30, ""object"": 30}, ""eff_fps"": {""pose"": 30, ""object"": 30}, ""latency_ms"": {""pose"": 0, ""object"": 0}, ""svclat_ms"": {""pose"": 22.12, ""object"": 22.25}}, ""b15"": {""services"": [""pose"", ""object""], ""fps"": {""pose"": 30, ""object"": 30}, ""eff_fps"": {""pose"": 30, ""object"": 30}, ""latency_ms"": {""pose"": 0, ""object"": 0}, ""svclat_ms"": {""pose"": 23.07, ""object"": 21.44}}, ""e1"": {""services"": [""gesture"", ""object""], ""fps"": {""gesture"": 30, ""object"": 30}, ""eff_fps"": {""gesture"": 30, ""object"": 30}, ""latency_ms"": {""gesture"": 0, ""object"": 0}, ""svclat_ms"": {""gesture"": 14.05, ""object"": 19.67}}, ""e2"": {""services"": [""gesture"", ""object""], ""fps"": {""gesture"": 0, ""object"": 0}, ""eff_fps"": {""gesture"": 0, ""object"": 0}, ""latency_ms"": {""gesture"": 0, ""object"": 0}, ""svclat_ms"": {""gesture"": 0.0, ""object"": 0.0}}}"
325.5,5,5,1.0,0,0,17,15,10,0.667,1037.0,300.0,0.289,0.0,3.0,0.0,30.0,30.0,30.0,30.0,30.0,30.0,0,0,0,21.67,15.53,20.69,360,"{""ip-172-31-0-204"": ""healthy"", ""ip-172-31-1-171"": ""healthy"", ""ip-172-31-10-12"": ""healthy"", ""ip-172-31-11-132"": ""healthy"", ""ip-172-31-13-134"": ""healthy"", ""ip-172-31-14-68"": ""healthy"", ""ip-172-31-40-239"": ""healthy""}",subscribe,81.8,1.0,0,0,"{""ip-172-31-1-171"": {""pose"": 1, ""object"": 1}, ""ip-172-31-10-12"": {""pose"": 1, ""object"": 1, ""gesture"": 1}, ""ip-172-31-13-134"": {""object"": 1, ""pose"": 1}, ""ip-172-31-40-239"": {""object"": 1, ""pose"": 1}, ""ip-172-31-14-68"": {""object"": 1, ""pose"": 1}, ""ip-172-31-11-132"": {""object"": 1, ""pose"": 1}, ""ip-172-31-0-204"": {""pose"": 1, ""object"": 1}}","{""b12"": {""services"": [""pose"", ""object""], ""fps"": {""pose"": 30, ""object"": 30}, ""eff_fps"": {""pose"": 30, ""object"": 30}, ""latency_ms"": {""pose"": 0, ""object"": 0}, ""svclat_ms"": {""pose"": 20.48, ""object"": 18.55}}, ""b13"": {""services"": [""pose"", ""object""], ""fps"": {""pose"": 30, ""object"": 30}, ""eff_fps"": {""pose"": 30, ""object"": 30}, ""latency_ms"": {""pose"": 0, ""object"": 0}, ""svclat_ms"": {""pose"": 21.24, ""object"": 21.39}}, ""b14"": {""services"": [""pose"", ""object""], ""fps"": {""pose"": 30, ""object"": 30}, ""eff_fps"": {""pose"": 30, ""object"": 30}, ""latency_ms"": {""pose"": 0, ""object"": 0}, ""svclat_ms"": {""pose"": 23.01, ""object"": 23.21}}, ""b15"": {""services"": [""pose"", ""object""], ""fps"": {""pose"": 30, ""object"": 30}, ""eff_fps"": {""pose"": 30, ""object"": 30}, ""latency_ms"": {""pose"": 0, ""object"": 0}, ""svclat_ms"": {""pose"": 21.94, ""object"": 21.0}}, ""e1"": {""services"": [""gesture"", ""object""], ""fps"": {""gesture"": 30, ""object"": 30}, ""eff_fps"": {""gesture"": 30, ""object"": 30}, ""latency_ms"": {""gesture"": 0, ""object"": 0}, ""svclat_ms"": {""gesture"": 15.82, ""object"": 19.87}}, ""e2"": {""services"": [""gesture"", ""object""], ""fps"": {""gesture"": 30, ""object"": 30}, ""eff_fps"": {""gesture"": 30, ""object"": 30}, ""latency_ms"": {""gesture"": 0, ""object"": 0}, ""svclat_ms"": {""gesture"": 15.24, ""object"": 20.09}}, ""e3"": {""services"": [""gesture"", ""object""], ""fps"": {""gesture"": 0, ""object"": 0}, ""eff_fps"": {""gesture"": 0, ""object"": 0}, ""latency_ms"": {""gesture"": 0, ""object"": 0}, ""svclat_ms"": {""gesture"": 0.0, ""object"": 0.0}}}"
330.1,6,6,1.0,0,0,17,15,11,0.733,1037.0,360.0,0.347,0.0,2.5,0.0,30.0,30.0,30.0,30.0,30.0,30.0,0,0,0,21.3,17.05,20.66,420,"{""ip-172-31-0-204"": ""healthy"", ""ip-172-31-1-171"": ""healthy"", ""ip-172-31-10-12"": ""healthy"", ""ip-172-31-11-132"": ""healthy"", ""ip-172-31-13-134"": ""healthy"", ""ip-172-31-14-68"": ""healthy"", ""ip-172-31-40-239"": ""healthy""}",subscribe,85.2,1.0,0,0,"{""ip-172-31-1-171"": {""pose"": 1, ""object"": 1}, ""ip-172-31-10-12"": {""pose"": 1, ""object"": 1, ""gesture"": 1}, ""ip-172-31-13-134"": {""object"": 1, ""pose"": 1}, ""ip-172-31-40-239"": {""object"": 1, ""pose"": 1}, ""ip-172-31-14-68"": {""object"": 1, ""pose"": 1}, ""ip-172-31-11-132"": {""object"": 1, ""pose"": 1}, ""ip-172-31-0-204"": {""pose"": 1, ""object"": 1}}","{""b12"": {""services"": [""pose"", ""object""], ""fps"": {""pose"": 30, ""object"": 30}, ""eff_fps"": {""pose"": 30, ""object"": 30}, ""latency_ms"": {""pose"": 0, ""object"": 0}, ""svclat_ms"": {""pose"": 20.69, ""object"": 20.17}}, ""b13"": {""services"": [""pose"", ""object""], ""fps"": {""pose"": 30, ""object"": 30}, ""eff_fps"": {""pose"": 30, ""object"": 30}, ""latency_ms"": {""pose"": 0, ""object"": 0}, ""svclat_ms"": {""pose"": 21.01, ""object"": 20.81}}, ""b14"": {""services"": [""pose"", ""object""], ""fps"": {""pose"": 30, ""object"": 30}, ""eff_fps"": {""pose"": 30, ""object"": 30}, ""latency_ms"": {""pose"": 0, ""object"": 0}, ""svclat_ms"": {""pose"": 21.62, ""object"": 21.85}}, ""b15"": {""services"": [""pose"", ""object""], ""fps"": {""pose"": 30, ""object"": 30}, ""eff_fps"": {""pose"": 30, ""object"": 30}, ""latency_ms"": {""pose"": 0, ""object"": 0}, ""svclat_ms"": {""pose"": 21.9, ""object"": 20.39}}, ""e1"": {""services"": [""gesture"", ""object""], ""fps"": {""gesture"": 30, ""object"": 30}, ""eff_fps"": {""gesture"": 30, ""object"": 30}, ""latency_ms"": {""gesture"": 0, ""object"": 0}, ""svclat_ms"": {""gesture"": 17.51, ""object"": 19.75}}, ""e2"": {""services"": [""gesture"", ""object""], ""fps"": {""gesture"": 30, ""object"": 30}, ""eff_fps"": {""gesture"": 30, ""object"": 30}, ""latency_ms"": {""gesture"": 0, ""object"": 0}, ""svclat_ms"": {""gesture"": 16.9, ""object"": 19.39}}, ""e3"": {""services"": [""gesture"", ""object""], ""fps"": {""gesture"": 30, ""object"": 30}, ""eff_fps"": {""gesture"": 30, ""object"": 30}, ""latency_ms"": {""gesture"": 0, ""object"": 0}, ""svclat_ms"": {""gesture"": 16.73, ""object"": 22.23}}, ""e4"": {""services"": [""gesture"", ""object""], ""fps"": {""gesture"": 0, ""object"": 0}, ""eff_fps"": {""gesture"": 0, ""object"": 0}, ""latency_ms"": {""gesture"": 0, ""object"": 0}, ""svclat_ms"": {""gesture"": 0.0, ""object"": 0.0}}}"
332.6,7,7,1.0,0,0,17,15,12,0.8,1037.0,420.0,0.405,0.0,2.14,0.0,30.0,30.0,30.0,30.0,30.0,30.0,0,0,0,21.6,17.09,21.03,420,"{""ip-172-31-0-204"": ""healthy"", ""ip-172-31-1-171"": ""healthy"", ""ip-172-31-10-12"": ""healthy"", ""ip-172-31-11-132"": ""healthy"", ""ip-172-31-13-134"": ""healthy"", ""ip-172-31-14-68"": ""healthy"", ""ip-172-31-40-239"": ""healthy""}",subscribe,90.5,1.0,0,0,"{""ip-172-31-1-171"": {""pose"": 1, ""object"": 1}, ""ip-172-31-10-12"": {""pose"": 1, ""object"": 1, ""gesture"": 1}, ""ip-172-31-13-134"": {""object"": 1, ""pose"": 1}, ""ip-172-31-40-239"": {""object"": 1, ""pose"": 1}, ""ip-172-31-14-68"": {""object"": 1, ""pose"": 1}, ""ip-172-31-11-132"": {""object"": 1, ""pose"": 1}, ""ip-172-31-0-204"": {""pose"": 1, ""object"": 1}}","{""b12"": {""services"": [""pose"", ""object""], ""fps"": {""pose"": 30, ""object"": 30}, ""eff_fps"": {""pose"": 30, ""object"": 30}, ""latency_ms"": {""pose"": 0, ""object"": 0}, ""svclat_ms"": {""pose"": 20.59, ""object"": 20.38}}, ""b13"": {""services"": [""pose"", ""object""], ""fps"": {""pose"": 30, ""object"": 30}, ""eff_fps"": {""pose"": 30, ""object"": 30}, ""latency_ms"": {""pose"": 0, ""object"": 0}, ""svclat_ms"": {""pose"": 21.27, ""object"": 21.53}}, ""b14"": {""services"": [""pose"", ""object""], ""fps"": {""pose"": 30, ""object"": 30}, ""eff_fps"": {""pose"": 30, ""object"": 30}, ""latency_ms"": {""pose"": 0, ""object"": 0}, ""svclat_ms"": {""pose"": 22.01, ""object"": 22.18}}, ""b15"": {""services"": [""pose"", ""object""], ""fps"": {""pose"": 30, ""object"": 30}, ""eff_fps"": {""pose"": 30, ""object"": 30}, ""latency_ms"": {""pose"": 0, ""object"": 0}, ""svclat_ms"": {""pose"": 22.51, ""object"": 21.16}}, ""e1"": {""services"": [""gesture"", ""object""], ""fps"": {""gesture"": 30, ""object"": 30}, ""eff_fps"": {""gesture"": 30, ""object"": 30}, ""latency_ms"": {""gesture"": 0, ""object"": 0}, ""svclat_ms"": {""gesture"": 17.79, ""object"": 19.64}}, ""e2"": {""services"": [""gesture"", ""object""], ""fps"": {""gesture"": 30, ""object"": 30}, ""eff_fps"": {""gesture"": 30, ""object"": 30}, ""latency_ms"": {""gesture"": 0, ""object"": 0}, ""svclat_ms"": {""gesture"": 16.84, ""object"": 20.02}}, ""e3"": {""services"": [""gesture"", ""object""], ""fps"": {""gesture"": 30, ""object"": 30}, ""eff_fps"": {""gesture"": 30, ""object"": 30}, ""latency_ms"": {""gesture"": 0, ""object"": 0}, ""svclat_ms"": {""gesture"": 16.63, ""object"": 22.3}}, ""e4"": {""services"": [""gesture"", ""object""], ""fps"": {""gesture"": 0, ""object"": 0}, ""eff_fps"": {""gesture"": 0, ""object"": 0}, ""latency_ms"": {""gesture"": 0, ""object"": 0}, ""svclat_ms"": {""gesture"": 0.0, ""object"": 0.0}}}"
335.1,8,7,0.875,0,0,17,15,12,0.8,1037.0,420.0,0.405,0.0,2.14,0.0,30.0,22.0,30.0,30.0,22.0,30.0,0,0,0,22.68,17.87,22.38,448,"{""ip-172-31-0-204"": ""healthy"", ""ip-172-31-1-171"": ""healthy"", ""ip-172-31-10-12"": ""healthy"", ""ip-172-31-11-132"": ""healthy"", ""ip-172-31-13-134"": ""healthy"", ""ip-172-31-14-68"": ""healthy"", ""ip-172-31-40-239"": ""healthy""}",subscribe,90.5,1.0,0,0,"{""ip-172-31-1-171"": {""pose"": 1, ""object"": 1}, ""ip-172-31-10-12"": {""pose"": 1, ""object"": 1, ""gesture"": 1}, ""ip-172-31-13-134"": {""object"": 1, ""pose"": 1}, ""ip-172-31-40-239"": {""object"": 1, ""pose"": 1}, ""ip-172-31-14-68"": {""object"": 1, ""pose"": 1}, ""ip-172-31-11-132"": {""object"": 1, ""pose"": 1}, ""ip-172-31-0-204"": {""pose"": 1, ""object"": 1}}","{""b12"": {""services"": [""pose"", ""object""], ""fps"": {""pose"": 30, ""object"": 30}, ""eff_fps"": {""pose"": 30, ""object"": 30}, ""latency_ms"": {""pose"": 0, ""object"": 0}, ""svclat_ms"": {""pose"": 20.79, ""object"": 21.12}}, ""b13"": {""services"": [""pose"", ""object""], ""fps"": {""pose"": 30, ""object"": 30}, ""eff_fps"": {""pose"": 30, ""object"": 30}, ""latency_ms"": {""pose"": 0, ""object"": 0}, ""svclat_ms"": {""pose"": 22.99, ""object"": 22.12}}, ""b14"": {""services"": [""pose"", ""object""], ""fps"": {""pose"": 30, ""object"": 30}, ""eff_fps"": {""pose"": 30, ""object"": 30}, ""latency_ms"": {""pose"": 0, ""object"": 0}, ""svclat_ms"": {""pose"": 23.93, ""object"": 23.01}}, ""b15"": {""services"": [""pose"", ""object""], ""fps"": {""pose"": 30, ""object"": 30}, ""eff_fps"": {""pose"": 30, ""object"": 30}, ""latency_ms"": {""pose"": 0, ""object"": 0}, ""svclat_ms"": {""pose"": 23.01, ""object"": 21.9}}, ""e1"": {""services"": [""gesture"", ""object""], ""fps"": {""gesture"": 22, ""object"": 30}, ""eff_fps"": {""gesture"": 22, ""object"": 30}, ""latency_ms"": {""gesture"": 0, ""object"": 0}, ""svclat_ms"": {""gesture"": 16.51, ""object"": 20.37}}, ""e2"": {""services"": [""gesture"", ""object""], ""fps"": {""gesture"": 22, ""object"": 30}, ""eff_fps"": {""gesture"": 22, ""object"": 30}, ""latency_ms"": {""gesture"": 0, ""object"": 0}, ""svclat_ms"": {""gesture"": 18.99, ""object"": 20.65}}, ""e3"": {""services"": [""gesture"", ""object""], ""fps"": {""gesture"": 22, ""object"": 30}, ""eff_fps"": {""gesture"": 22, ""object"": 30}, ""latency_ms"": {""gesture"": 0, ""object"": 0}, ""svclat_ms"": {""gesture"": 17.5, ""object"": 23.16}}, ""e4"": {""services"": [""gesture"", ""object""], ""fps"": {""gesture"": 22, ""object"": 30}, ""eff_fps"": {""gesture"": 22, ""object"": 30}, ""latency_ms"": {""gesture"": 0, ""object"": 0}, ""svclat_ms"": {""gesture"": 18.47, ""object"": 26.68}}, ""e5"": {""services"": [""gesture"", ""object""], ""fps"": {""gesture"": 0, ""object"": 0}, ""eff_fps"": {""gesture"": 0, ""object"": 0}, ""latency_ms"": {""gesture"": 0, ""object"": 0}, ""svclat_ms"": {""gesture"": 0.0, ""object"": 0.0}}}"
337.5,8,7,0.875,0,0,17,15,12,0.8,1037.0,420.0,0.405,0.0,2.14,0.0,29.75,22.0,29.88,29.75,22.0,29.88,0,0,0,22.7,17.43,22.07,446,"{""ip-172-31-0-204"": ""healthy"", ""ip-172-31-1-171"": ""healthy"", ""ip-172-31-10-12"": ""healthy"", ""ip-172-31-11-132"": ""healthy"", ""ip-172-31-13-134"": ""healthy"", ""ip-172-31-14-68"": ""healthy"", ""ip-172-31-40-239"": ""healthy""}",subscribe,90.5,1.0,0,0,"{""ip-172-31-1-171"": {""pose"": 1, ""object"": 1}, ""ip-172-31-10-12"": {""pose"": 1, ""object"": 1, ""gesture"": 1}, ""ip-172-31-13-134"": {""object"": 1, ""pose"": 1}, ""ip-172-31-40-239"": {""object"": 1, ""pose"": 1}, ""ip-172-31-14-68"": {""object"": 1, ""pose"": 1}, ""ip-172-31-11-132"": {""object"": 1, ""pose"": 1}, ""ip-172-31-0-204"": {""pose"": 1, ""object"": 1}}","{""b12"": {""services"": [""pose"", ""object""], ""fps"": {""pose"": 30, ""object"": 30}, ""eff_fps"": {""pose"": 30, ""object"": 30}, ""latency_ms"": {""pose"": 0, ""object"": 0}, ""svclat_ms"": {""pose"": 21.32, ""object"": 19.33}}, ""b13"": {""services"": [""pose"", ""object""], ""fps"": {""pose"": 30, ""object"": 30}, ""eff_fps"": {""pose"": 30, ""object"": 30}, ""latency_ms"": {""pose"": 0, ""object"": 0}, ""svclat_ms"": {""pose"": 22.57, ""object"": 21.77}}, ""b14"": {""services"": [""pose"", ""object""], ""fps"": {""pose"": 29, ""object"": 29}, ""eff_fps"": {""pose"": 29, ""object"": 29}, ""latency_ms"": {""pose"": 0, ""object"": 0}, ""svclat_ms"": {""pose"": 23.72, ""object"": 24.25}}, ""b15"": {""services"": [""pose"", ""object""], ""fps"": {""pose"": 30, ""object"": 30}, ""eff_fps"": {""pose"": 30, ""object"": 30}, ""latency_ms"": {""pose"": 0, ""object"": 0}, ""svclat_ms"": {""pose"": 23.2, ""object"": 23.3}}, ""e1"": {""services"": [""gesture"", ""object""], ""fps"": {""gesture"": 22, ""object"": 30}, ""eff_fps"": {""gesture"": 22, ""object"": 30}, ""latency_ms"": {""gesture"": 0, ""object"": 0}, ""svclat_ms"": {""gesture"": 16.01, ""object"": 20.76}}, ""e2"": {""services"": [""gesture"", ""object""], ""fps"": {""gesture"": 22, ""object"": 30}, ""eff_fps"": {""gesture"": 22, ""object"": 30}, ""latency_ms"": {""gesture"": 0, ""object"": 0}, ""svclat_ms"": {""gesture"": 18.69, ""object"": 20.18}}, ""e3"": {""services"": [""gesture"", ""object""], ""fps"": {""gesture"": 22, ""object"": 30}, ""eff_fps"": {""gesture"": 22, ""object"": 30}, ""latency_ms"": {""gesture"": 0, ""object"": 0}, ""svclat_ms"": {""gesture"": 16.72, ""object"": 22.65}}, ""e4"": {""services"": [""gesture"", ""object""], ""fps"": {""gesture"": 22, ""object"": 30}, ""eff_fps"": {""gesture"": 22, ""object"": 30}, ""latency_ms"": {""gesture"": 0, ""object"": 0}, ""svclat_ms"": {""gesture"": 18.28, ""object"": 24.32}}, ""e5"": {""services"": [""gesture"", ""object""], ""fps"": {""gesture"": 0, ""object"": 0}, ""eff_fps"": {""gesture"": 0, ""object"": 0}, ""latency_ms"": {""gesture"": 0, ""object"": 0}, ""svclat_ms"": {""gesture"": 0.0, ""object"": 0.0}}}"
340.0,8,7,0.875,0,0,17,15,12,0.8,1037.0,420.0,0.405,0.0,2.14,0.0,30.0,22.0,30.0,30.0,22.0,30.0,0,0,0,21.57,17.57,21.34,448,"{""ip-172-31-0-204"": ""healthy"", ""ip-172-31-1-171"": ""healthy"", ""ip-172-31-10-12"": ""healthy"", ""ip-172-31-11-132"": ""healthy"", ""ip-172-31-13-134"": ""healthy"", ""ip-172-31-14-68"": ""healthy"", ""ip-172-31-40-239"": ""healthy""}",subscribe,90.5,1.0,0,0,"{""ip-172-31-1-171"": {""pose"": 1, ""object"": 1}, ""ip-172-31-10-12"": {""pose"": 1, ""object"": 1, ""gesture"": 1}, ""ip-172-31-13-134"": {""object"": 1, ""pose"": 1}, ""ip-172-31-40-239"": {""object"": 1, ""pose"": 1}, ""ip-172-31-14-68"": {""object"": 1, ""pose"": 1}, ""ip-172-31-11-132"": {""object"": 1, ""pose"": 1}, ""ip-172-31-0-204"": {""pose"": 1, ""object"": 1}}","{""b12"": {""services"": [""pose"", ""object""], ""fps"": {""pose"": 30, ""object"": 30}, ""eff_fps"": {""pose"": 30, ""object"": 30}, ""latency_ms"": {""pose"": 0, ""object"": 0}, ""svclat_ms"": {""pose"": 20.63, ""object"": 20.34}}, ""b13"": {""services"": [""pose"", ""object""], ""fps"": {""pose"": 30, ""object"": 30}, ""eff_fps"": {""pose"": 30, ""object"": 30}, ""latency_ms"": {""pose"": 0, ""object"": 0}, ""svclat_ms"": {""pose"": 21.44, ""object"": 21.58}}, ""b14"": {""services"": [""pose"", ""object""], ""fps"": {""pose"": 30, ""object"": 30}, ""eff_fps"": {""pose"": 30, ""object"": 30}, ""latency_ms"": {""pose"": 0, ""object"": 0}, ""svclat_ms"": {""pose"": 21.95, ""object"": 22.22}}, ""b15"": {""services"": [""pose"", ""object""], ""fps"": {""pose"": 30, ""object"": 30}, ""eff_fps"": {""pose"": 30, ""object"": 30}, ""latency_ms"": {""pose"": 0, ""object"": 0}, ""svclat_ms"": {""pose"": 22.25, ""object"": 21.01}}, ""e1"": {""services"": [""gesture"", ""object""], ""fps"": {""gesture"": 22, ""object"": 30}, ""eff_fps"": {""gesture"": 22, ""object"": 30}, ""latency_ms"": {""gesture"": 0, ""object"": 0}, ""svclat_ms"": {""gesture"": 16.73, ""object"": 20.25}}, ""e2"": {""services"": [""gesture"", ""object""], ""fps"": {""gesture"": 22, ""object"": 30}, ""eff_fps"": {""gesture"": 22, ""object"": 30}, ""latency_ms"": {""gesture"": 0, ""object"": 0}, ""svclat_ms"": {""gesture"": 18.62, ""object"": 19.53}}, ""e3"": {""services"": [""gesture"", ""object""], ""fps"": {""gesture"": 22, ""object"": 30}, ""eff_fps"": {""gesture"": 22, ""object"": 30}, ""latency_ms"": {""gesture"": 0, ""object"": 0}, ""svclat_ms"": {""gesture"": 16.95, ""object"": 23.22}}, ""e4"": {""services"": [""gesture"", ""object""], ""fps"": {""gesture"": 22, ""object"": 30}, ""eff_fps"": {""gesture"": 22, ""object"": 30}, ""latency_ms"": {""gesture"": 0, ""object"": 0}, ""svclat_ms"": {""gesture"": 17.98, ""object"": 22.55}}, ""e5"": {""services"": [""gesture"", ""object""], ""fps"": {""gesture"": 0, ""object"": 0}, ""eff_fps"": {""gesture"": 0, ""object"": 0}, ""latency_ms"": {""gesture"": 0, ""object"": 0}, ""svclat_ms"": {""gesture"": 0.0, ""object"": 0.0}}, ""e6"": {""services"": [""gesture"", ""object""], ""fps"": {""gesture"": 0, ""object"": 0}, ""eff_fps"": {""gesture"": 0, ""object"": 0}, ""latency_ms"": {""gesture"": 0, ""object"": 0}, ""svclat_ms"": {""gesture"": 0.0, ""object"": 0.0}}}"
342.5,8,7,0.875,0,0,17,15,12,0.8,1037.0,420.0,0.405,0.0,2.14,0.0,30.0,22.0,30.0,30.0,22.0,30.0,0,0,0,21.54,17.29,21.24,448,"{""ip-172-31-0-204"": ""healthy"", ""ip-172-31-1-171"": ""healthy"", ""ip-172-31-10-12"": ""healthy"", ""ip-172-31-11-132"": ""healthy"", ""ip-172-31-13-134"": ""healthy"", ""ip-172-31-14-68"": ""healthy"", ""ip-172-31-40-239"": ""healthy""}",subscribe,90.5,1.0,0,0,"{""ip-172-31-1-171"": {""pose"": 1, ""object"": 1}, ""ip-172-31-10-12"": {""pose"": 1, ""object"": 1, ""gesture"": 1}, ""ip-172-31-13-134"": {""object"": 1, ""pose"": 1}, ""ip-172-31-40-239"": {""object"": 1, ""pose"": 1}, ""ip-172-31-14-68"": {""object"": 1, ""pose"": 1}, ""ip-172-31-11-132"": {""object"": 1, ""pose"": 1}, ""ip-172-31-0-204"": {""pose"": 1, ""object"": 1}}","{""b12"": {""services"": [""pose"", ""object""], ""fps"": {""pose"": 30, ""object"": 30}, ""eff_fps"": {""pose"": 30, ""object"": 30}, ""latency_ms"": {""pose"": 0, ""object"": 0}, ""svclat_ms"": {""pose"": 20.56, ""object"": 20.4}}, ""b13"": {""services"": [""pose"", ""object""], ""fps"": {""pose"": 30, ""object"": 30}, ""eff_fps"": {""pose"": 30, ""object"": 30}, ""latency_ms"": {""pose"": 0, ""object"": 0}, ""svclat_ms"": {""pose"": 22.18, ""object"": 21.76}}, ""b14"": {""services"": [""pose"", ""object""], ""fps"": {""pose"": 30, ""object"": 30}, ""eff_fps"": {""pose"": 30, ""object"": 30}, ""latency_ms"": {""pose"": 0, ""object"": 0}, ""svclat_ms"": {""pose"": 21.55, ""object"": 21.75}}, ""b15"": {""services"": [""pose"", ""object""], ""fps"": {""pose"": 30, ""object"": 30}, ""eff_fps"": {""pose"": 30, ""object"": 30}, ""latency_ms"": {""pose"": 0, ""object"": 0}, ""svclat_ms"": {""pose"": 21.89, ""object"": 20.37}}, ""e1"": {""services"": [""gesture"", ""object""], ""fps"": {""gesture"": 22, ""object"": 30}, ""eff_fps"": {""gesture"": 22, ""object"": 30}, ""latency_ms"": {""gesture"": 0, ""object"": 0}, ""svclat_ms"": {""gesture"": 16.04, ""object"": 20.14}}, ""e2"": {""services"": [""gesture"", ""object""], ""fps"": {""gesture"": 22, ""object"": 30}, ""eff_fps"": {""gesture"": 22, ""object"": 30}, ""latency_ms"": {""gesture"": 0, ""object"": 0}, ""svclat_ms"": {""gesture"": 18.8, ""object"": 19.72}}, ""e3"": {""services"": [""gesture"", ""object""], ""fps"": {""gesture"": 22, ""object"": 30}, ""eff_fps"": {""gesture"": 22, ""object"": 30}, ""latency_ms"": {""gesture"": 0, ""object"": 0}, ""svclat_ms"": {""gesture"": 16.32, ""object"": 22.56}}, ""e4"": {""services"": [""gesture"", ""object""], ""fps"": {""gesture"": 22, ""object"": 30}, ""eff_fps"": {""gesture"": 22, ""object"": 30}, ""latency_ms"": {""gesture"": 0, ""object"": 0}, ""svclat_ms"": {""gesture"": 17.99, ""object"": 23.22}}, ""e5"": {""services"": [""gesture"", ""object""], ""fps"": {""gesture"": 0, ""object"": 0}, ""eff_fps"": {""gesture"": 0, ""object"": 0}, ""latency_ms"": {""gesture"": 0, ""object"": 0}, ""svclat_ms"": {""gesture"": 0.0, ""object"": 0.0}}, ""e6"": {""services"": [""gesture"", ""object""], ""fps"": {""gesture"": 0, ""object"": 0}, ""eff_fps"": {""gesture"": 0, ""object"": 0}, ""latency_ms"": {""gesture"": 0, ""object"": 0}, ""svclat_ms"": {""gesture"": 0.0, ""object"": 0.0}}}"
345.1,8,7,0.875,0,0,17,15,12,0.8,1037.0,420.0,0.405,0.0,2.14,0.0,30.0,22.0,30.0,30.0,22.0,30.0,0,0,0,21.56,17.26,20.79,388,"{""ip-172-31-0-204"": ""healthy"", ""ip-172-31-1-171"": ""healthy"", ""ip-172-31-10-12"": ""healthy"", ""ip-172-31-11-132"": ""healthy"", ""ip-172-31-13-134"": ""healthy"", ""ip-172-31-14-68"": ""healthy"", ""ip-172-31-40-239"": ""healthy""}",subscribe,90.5,1.0,0,0,"{""ip-172-31-1-171"": {""pose"": 1, ""object"": 1}, ""ip-172-31-10-12"": {""pose"": 1, ""object"": 1, ""gesture"": 1}, ""ip-172-31-13-134"": {""object"": 1, ""pose"": 1}, ""ip-172-31-40-239"": {""object"": 1, ""pose"": 1}, ""ip-172-31-14-68"": {""object"": 1, ""pose"": 1}, ""ip-172-31-11-132"": {""object"": 1, ""pose"": 1}, ""ip-172-31-0-204"": {""pose"": 1, ""object"": 1}}","{""b12"": {""services"": [""pose"", ""object""], ""fps"": {""pose"": 30, ""object"": 30}, ""eff_fps"": {""pose"": 30, ""object"": 30}, ""latency_ms"": {""pose"": 0, ""object"": 0}, ""svclat_ms"": {""pose"": 20.72, ""object"": 19.05}}, ""b14"": {""services"": [""pose"", ""object""], ""fps"": {""pose"": 30, ""object"": 30}, ""eff_fps"": {""pose"": 30, ""object"": 30}, ""latency_ms"": {""pose"": 0, ""object"": 0}, ""svclat_ms"": {""pose"": 21.79, ""object"": 21.94}}, ""b15"": {""services"": [""pose"", ""object""], ""fps"": {""pose"": 30, ""object"": 30}, ""eff_fps"": {""pose"": 30, ""object"": 30}, ""latency_ms"": {""pose"": 0, ""object"": 0}, ""svclat_ms"": {""pose"": 22.18, ""object"": 21.07}}, ""e1"": {""services"": [""gesture"", ""object""], ""fps"": {""gesture"": 22, ""object"": 30}, ""eff_fps"": {""gesture"": 22, ""object"": 30}, ""latency_ms"": {""gesture"": 0, ""object"": 0}, ""svclat_ms"": {""gesture"": 16.37, ""object"": 20.05}}, ""e2"": {""services"": [""gesture"", ""object""], ""fps"": {""gesture"": 22, ""object"": 30}, ""eff_fps"": {""gesture"": 22, ""object"": 30}, ""latency_ms"": {""gesture"": 0, ""object"": 0}, ""svclat_ms"": {""gesture"": 18.72, ""object"": 19.77}}, ""e3"": {""services"": [""gesture"", ""object""], ""fps"": {""gesture"": 22, ""object"": 30}, ""eff_fps"": {""gesture"": 22, ""object"": 30}, ""latency_ms"": {""gesture"": 0, ""object"": 0}, ""svclat_ms"": {""gesture"": 16.28, ""object"": 23.18}}, ""e4"": {""services"": [""gesture"", ""object""], ""fps"": {""gesture"": 22, ""object"": 30}, ""eff_fps"": {""gesture"": 22, ""object"": 30}, ""latency_ms"": {""gesture"": 0, ""object"": 0}, ""svclat_ms"": {""gesture"": 17.66, ""object"": 20.48}}, ""e5"": {""services"": [""gesture"", ""object""], ""fps"": {""gesture"": 0, ""object"": 0}, ""eff_fps"": {""gesture"": 0, ""object"": 0}, ""latency_ms"": {""gesture"": 0, ""object"": 0}, ""svclat_ms"": {""gesture"": 0.0, ""object"": 0.0}}, ""e6"": {""services"": [""gesture"", ""object""], ""fps"": {""gesture"": 0, ""object"": 0}, ""eff_fps"": {""gesture"": 0, ""object"": 0}, ""latency_ms"": {""gesture"": 0, ""object"": 0}, ""svclat_ms"": {""gesture"": 0.0, ""object"": 0.0}}, ""e7"": {""services"": [""gesture"", ""object""], ""fps"": {""gesture"": 0, ""object"": 0}, ""eff_fps"": {""gesture"": 0, ""object"": 0}, ""latency_ms"": {""gesture"": 0, ""object"": 0}, ""svclat_ms"": {""gesture"": 0.0, ""object"": 0.0}}}"
349.7,8,7,0.875,0,0,17,15,12,0.8,1037.0,420.0,0.405,0.0,2.14,0.0,30.0,29.25,30.0,30.0,29.25,30.0,0,0,0,20.85,16.74,21.56,417,"{""ip-172-31-0-204"": ""healthy"", ""ip-172-31-1-171"": ""healthy"", ""ip-172-31-10-12"": ""healthy"", ""ip-172-31-11-132"": ""healthy"", ""ip-172-31-13-134"": ""healthy"", ""ip-172-31-14-68"": ""healthy"", ""ip-172-31-40-239"": ""healthy""}",subscribe,90.5,1.0,0,0,"{""ip-172-31-1-171"": {""pose"": 1, ""object"": 1}, ""ip-172-31-10-12"": {""pose"": 1, ""object"": 1, ""gesture"": 1}, ""ip-172-31-13-134"": {""object"": 1, ""pose"": 1}, ""ip-172-31-40-239"": {""object"": 1, ""pose"": 1}, ""ip-172-31-14-68"": {""object"": 1, ""pose"": 1}, ""ip-172-31-11-132"": {""object"": 1, ""pose"": 1}, ""ip-172-31-0-204"": {""pose"": 1, ""object"": 1}}","{""b12"": {""services"": [""pose"", ""object""], ""fps"": {""pose"": 30, ""object"": 30}, ""eff_fps"": {""pose"": 30, ""object"": 30}, ""latency_ms"": {""pose"": 0, ""object"": 0}, ""svclat_ms"": {""pose"": 20.87, ""object"": 21.08}}, ""b14"": {""services"": [""pose"", ""object""], ""fps"": {""pose"": 30, ""object"": 30}, ""eff_fps"": {""pose"": 30, ""object"": 30}, ""latency_ms"": {""pose"": 0, ""object"": 0}, ""svclat_ms"": {""pose"": 20.51, ""object"": 20.7}}, ""b15"": {""services"": [""pose"", ""object""], ""fps"": {""pose"": 30, ""object"": 30}, ""eff_fps"": {""pose"": 30, ""object"": 30}, ""latency_ms"": {""pose"": 0, ""object"": 0}, ""svclat_ms"": {""pose"": 21.16, ""object"": 21.03}}, ""e1"": {""services"": [""gesture"", ""object""], ""fps"": {""gesture"": 30, ""object"": 30}, ""eff_fps"": {""gesture"": 30, ""object"": 30}, ""latency_ms"": {""gesture"": 0, ""object"": 0}, ""svclat_ms"": {""gesture"": 14.44, ""object"": 21.83}}, ""e2"": {""services"": [""gesture"", ""object""], ""fps"": {""gesture"": 29, ""object"": 30}, ""eff_fps"": {""gesture"": 29, ""object"": 30}, ""latency_ms"": {""gesture"": 0, ""object"": 0}, ""svclat_ms"": {""gesture"": 17.93, ""object"": 20.0}}, ""e3"": {""services"": [""gesture"", ""object""], ""fps"": {""gesture"": 29, ""object"": 30}, ""eff_fps"": {""gesture"": 29, ""object"": 30}, ""latency_ms"": {""gesture"": 0, ""object"": 0}, ""svclat_ms"": {""gesture"": 16.6, ""object"": 25.04}}, ""e4"": {""services"": [""gesture"", ""object""], ""fps"": {""gesture"": 29, ""object"": 30}, ""eff_fps"": {""gesture"": 29, ""object"": 30}, ""latency_ms"": {""gesture"": 0, ""object"": 0}, ""svclat_ms"": {""gesture"": 17.99, ""object"": 21.21}}, ""e5"": {""services"": [""gesture"", ""object""], ""fps"": {""gesture"": 0, ""object"": 0}, ""eff_fps"": {""gesture"": 0, ""object"": 0}, ""latency_ms"": {""gesture"": 0, ""object"": 0}, ""svclat_ms"": {""gesture"": 0.0, ""object"": 0.0}}, ""e6"": {""services"": [""gesture"", ""object""], ""fps"": {""gesture"": 0, ""object"": 0}, ""eff_fps"": {""gesture"": 0, ""object"": 0}, ""latency_ms"": {""gesture"": 0, ""object"": 0}, ""svclat_ms"": {""gesture"": 0.0, ""object"": 0.0}}, ""e7"": {""services"": [""gesture"", ""object""], ""fps"": {""gesture"": 0, ""object"": 0}, ""eff_fps"": {""gesture"": 0, ""object"": 0}, ""latency_ms"": {""gesture"": 0, ""object"": 0}, ""svclat_ms"": {""gesture"": 0.0, ""object"": 0.0}}}"
355.3,8,8,1.0,0,0,17,16,13,0.812,1262.0,480.0,0.38,0.0,2.0,0.0,0,30.0,30.2,0,30.0,30.2,0,0,0,0,14.97,20.0,301,"{""ip-172-31-0-204"": ""healthy"", ""ip-172-31-1-171"": ""healthy"", ""ip-172-31-10-12"": ""healthy"", ""ip-172-31-11-132"": ""healthy"", ""ip-172-31-13-134"": ""healthy"", ""ip-172-31-14-68"": ""healthy"", ""ip-172-31-40-239"": ""healthy""}",subscribe,96.2,1.0,0,0,"{""ip-172-31-1-171"": {""pose"": 1, ""gesture"": 1}, ""ip-172-31-10-12"": {""pose"": 1, ""object"": 1, ""gesture"": 1}, ""ip-172-31-13-134"": {""object"": 1, ""gesture"": 1}, ""ip-172-31-40-239"": {""object"": 1, ""pose"": 1, ""gesture"": 1}, ""ip-172-31-14-68"": {""object"": 1, ""gesture"": 1}, ""ip-172-31-11-132"": {""object"": 1, ""gesture"": 1}, ""ip-172-31-0-204"": {""pose"": 1, ""gesture"": 1}}","{""e1"": {""services"": [""gesture"", ""object""], ""fps"": {""gesture"": 30, ""object"": 30}, ""eff_fps"": {""gesture"": 30, ""object"": 30}, ""latency_ms"": {""gesture"": 0, ""object"": 0}, ""svclat_ms"": {""gesture"": 14.43, ""object"": 20.03}}, ""e2"": {""services"": [""gesture"", ""object""], ""fps"": {""gesture"": 30, ""object"": 30}, ""eff_fps"": {""gesture"": 30, ""object"": 30}, ""latency_ms"": {""gesture"": 0, ""object"": 0}, ""svclat_ms"": {""gesture"": 15.23, ""object"": 19.79}}, ""e3"": {""services"": [""gesture"", ""object""], ""fps"": {""gesture"": 30, ""object"": 30}, ""eff_fps"": {""gesture"": 30, ""object"": 30}, ""latency_ms"": {""gesture"": 0, ""object"": 0}, ""svclat_ms"": {""gesture"": 14.95, ""object"": 20.55}}, ""e4"": {""services"": [""gesture"", ""object""], ""fps"": {""gesture"": 30, ""object"": 31}, ""eff_fps"": {""gesture"": 30, ""object"": 31}, ""latency_ms"": {""gesture"": 0, ""object"": 0}, ""svclat_ms"": {""gesture"": 15.53, ""object"": 19.38}}, ""e5"": {""services"": [""gesture"", ""object""], ""fps"": {""gesture"": 30, ""object"": 30}, ""eff_fps"": {""gesture"": 30, ""object"": 30}, ""latency_ms"": {""gesture"": 0, ""object"": 0}, ""svclat_ms"": {""gesture"": 14.73, ""object"": 20.26}}, ""e6"": {""services"": [""gesture"", ""object""], ""fps"": {""gesture"": 0, ""object"": 0}, ""eff_fps"": {""gesture"": 0, ""object"": 0}, ""latency_ms"": {""gesture"": 0, ""object"": 0}, ""svclat_ms"": {""gesture"": 0.0, ""object"": 0.0}}, ""e7"": {""services"": [""gesture"", ""object""], ""fps"": {""gesture"": 0, ""object"": 0}, ""eff_fps"": {""gesture"": 0, ""object"": 0}, ""latency_ms"": {""gesture"": 0, ""object"": 0}, ""svclat_ms"": {""gesture"": 0.0, ""object"": 0.0}}, ""e8"": {""services"": [""gesture"", ""object""], ""fps"": {""gesture"": 0, ""object"": 0}, ""eff_fps"": {""gesture"": 0, ""object"": 0}, ""latency_ms"": {""gesture"": 0, ""object"": 0}, ""svclat_ms"": {""gesture"": 0.0, ""object"": 0.0}}, ""e9"": {""services"": [""gesture"", ""object""], ""fps"": {""gesture"": 0, ""object"": 0}, ""eff_fps"": {""gesture"": 0, ""object"": 0}, ""latency_ms"": {""gesture"": 0, ""object"": 0}, ""svclat_ms"": {""gesture"": 0.0, ""object"": 0.0}}}"
359.9,9,8,0.889,0,0,17,16,13,0.812,1262.0,480,0.38,0.0,2.0,0.0,0,30.4,30.2,0,30.4,30.2,0,0,0,0,15.12,20.03,303,"{""ip-172-31-0-204"": ""healthy"", ""ip-172-31-1-171"": ""healthy"", ""ip-172-31-10-12"": ""healthy"", ""ip-172-31-11-132"": ""healthy"", ""ip-172-31-13-134"": ""healthy"", ""ip-172-31-14-68"": ""healthy"", ""ip-172-31-40-239"": ""healthy""}",unsubscribe,97.4,1.0,0,0,"{""ip-172-31-1-171"": {""pose"": 1, ""gesture"": 1}, ""ip-172-31-10-12"": {""pose"": 1, ""object"": 1, ""gesture"": 1}, ""ip-172-31-13-134"": {""object"": 1, ""gesture"": 1}, ""ip-172-31-40-239"": {""object"": 1, ""pose"": 1, ""gesture"": 1}, ""ip-172-31-14-68"": {""object"": 1, ""gesture"": 1}, ""ip-172-31-11-132"": {""object"": 1, ""gesture"": 1}, ""ip-172-31-0-204"": {""pose"": 1, ""gesture"": 1}}","{""e1"": {""services"": [""gesture"", ""object""], ""fps"": {""gesture"": 30, ""object"": 29}, ""eff_fps"": {""gesture"": 30, ""object"": 29}, ""latency_ms"": {""gesture"": 0, ""object"": 0}, ""svclat_ms"": {""gesture"": 14.45, ""object"": 20.99}}, ""e2"": {""services"": [""gesture"", ""object""], ""fps"": {""gesture"": 30, ""object"": 30}, ""eff_fps"": {""gesture"": 30, ""object"": 30}, ""latency_ms"": {""gesture"": 0, ""object"": 0}, ""svclat_ms"": {""gesture"": 15.13, ""object"": 19.8}}, ""e3"": {""services"": [""gesture"", ""object""], ""fps"": {""gesture"": 30, ""object"": 30}, ""eff_fps"": {""gesture"": 30, ""object"": 30}, ""latency_ms"": {""gesture"": 0, ""object"": 0}, ""svclat_ms"": {""gesture"": 14.77, ""object"": 18.84}}, ""e4"": {""services"": [""gesture"", ""object""], ""fps"": {""gesture"": 31, ""object"": 31}, ""eff_fps"": {""gesture"": 31, ""object"": 31}, ""latency_ms"": {""gesture"": 0, ""object"": 0}, ""svclat_ms"": {""gesture"": 16.0, ""object"": 19.66}}, ""e5"": {""services"": [""gesture"", ""object""], ""fps"": {""gesture"": 31, ""object"": 31}, ""eff_fps"": {""gesture"": 31, ""object"": 31}, ""latency_ms"": {""gesture"": 0, ""object"": 0}, ""svclat_ms"": {""gesture"": 15.24, ""object"": 20.84}}, ""e6"": {""services"": [""gesture"", ""object""], ""fps"": {""gesture"": 0, ""object"": 0}, ""eff_fps"": {""gesture"": 0, ""object"": 0}, ""latency_ms"": {""gesture"": 0, ""object"": 0}, ""svclat_ms"": {""gesture"": 0.0, ""object"": 0.0}}, ""e7"": {""services"": [""gesture"", ""object""], ""fps"": {""gesture"": 0, ""object"": 0}, ""eff_fps"": {""gesture"": 0, ""object"": 0}, ""latency_ms"": {""gesture"": 0, ""object"": 0}, ""svclat_ms"": {""gesture"": 0.0, ""object"": 0.0}}, ""e8"": {""services"": [""gesture"", ""object""], ""fps"": {""gesture"": 0, ""object"": 0}, ""eff_fps"": {""gesture"": 0, ""object"": 0}, ""latency_ms"": {""gesture"": 0, ""object"": 0}, ""svclat_ms"": {""gesture"": 0.0, ""object"": 0.0}}, ""e9"": {""services"": [""gesture"", ""object""], ""fps"": {""gesture"": 0, ""object"": 0}, ""eff_fps"": {""gesture"": 0, ""object"": 0}, ""latency_ms"": {""gesture"": 0, ""object"": 0}, ""svclat_ms"": {""gesture"": 0.0, ""object"": 0.0}}}"
365.5,7,7,1.0,0,0,17,16,12,0.75,1262.0,420.0,0.333,0.0,2.29,0.0,0,30.0,30.0,0,30.0,30.0,0,0,0,0,15.13,20.68,300,"{""ip-172-31-0-204"": ""healthy"", ""ip-172-31-1-171"": ""healthy"", ""ip-172-31-10-12"": ""healthy"", ""ip-172-31-11-132"": ""healthy"", ""ip-172-31-13-134"": ""healthy"", ""ip-172-31-14-68"": ""healthy"", ""ip-172-31-40-239"": ""healthy""}",subscribe,92.5,1.0,0,0,"{""ip-172-31-1-171"": {""pose"": 1, ""gesture"": 1}, ""ip-172-31-10-12"": {""pose"": 1, ""object"": 1, ""gesture"": 1}, ""ip-172-31-13-134"": {""object"": 1, ""gesture"": 1}, ""ip-172-31-40-239"": {""object"": 1, ""pose"": 1, ""gesture"": 1}, ""ip-172-31-14-68"": {""object"": 1, ""gesture"": 1}, ""ip-172-31-11-132"": {""object"": 1, ""gesture"": 1}, ""ip-172-31-0-204"": {""pose"": 1, ""gesture"": 1}}","{""e1"": {""services"": [""gesture"", ""object""], ""fps"": {""gesture"": 30, ""object"": 30}, ""eff_fps"": {""gesture"": 30, ""object"": 30}, ""latency_ms"": {""gesture"": 0, ""object"": 0}, ""svclat_ms"": {""gesture"": 14.13, ""object"": 20.31}}, ""e2"": {""services"": [""gesture"", ""object""], ""fps"": {""gesture"": 30, ""object"": 30}, ""eff_fps"": {""gesture"": 30, ""object"": 30}, ""latency_ms"": {""gesture"": 0, ""object"": 0}, ""svclat_ms"": {""gesture"": 15.01, ""object"": 21.25}}, ""e3"": {""services"": [""gesture"", ""object""], ""fps"": {""gesture"": 30, ""object"": 30}, ""eff_fps"": {""gesture"": 30, ""object"": 30}, ""latency_ms"": {""gesture"": 0, ""object"": 0}, ""svclat_ms"": {""gesture"": 16.19, ""object"": 20.15}}, ""e4"": {""services"": [""gesture"", ""object""], ""fps"": {""gesture"": 30, ""object"": 30}, ""eff_fps"": {""gesture"": 30, ""object"": 30}, ""latency_ms"": {""gesture"": 0, ""object"": 0}, ""svclat_ms"": {""gesture"": 15.43, ""object"": 21.02}}, ""e5"": {""services"": [""gesture"", ""object""], ""fps"": {""gesture"": 30, ""object"": 30}, ""eff_fps"": {""gesture"": 30, ""object"": 30}, ""latency_ms"": {""gesture"": 0, ""object"": 0}, ""svclat_ms"": {""gesture"": 14.88, ""object"": 20.66}}, ""e6"": {""services"": [""gesture"", ""object""], ""fps"": {""gesture"": 0, ""object"": 0}, ""eff_fps"": {""gesture"": 0, ""object"": 0}, ""latency_ms"": {""gesture"": 0, ""object"": 0}, ""svclat_ms"": {""gesture"": 0.0, ""object"": 0.0}}, ""e7"": {""services"": [""gesture"", ""object""], ""fps"": {""gesture"": 0, ""object"": 0}, ""eff_fps"": {""gesture"": 0, ""object"": 0}, ""latency_ms"": {""gesture"": 0, ""object"": 0}, ""svclat_ms"": {""gesture"": 0.0, ""object"": 0.0}}, ""e8"": {""services"": [""gesture"", ""object""], ""fps"": {""gesture"": 0, ""object"": 0}, ""eff_fps"": {""gesture"": 0, ""object"": 0}, ""latency_ms"": {""gesture"": 0, ""object"": 0}, ""svclat_ms"": {""gesture"": 0.0, ""object"": 0.0}}, ""e9"": {""services"": [""gesture"", ""object""], ""fps"": {""gesture"": 0, ""object"": 0}, ""eff_fps"": {""gesture"": 0, ""object"": 0}, ""latency_ms"": {""gesture"": 0, ""object"": 0}, ""svclat_ms"": {""gesture"": 0.0, ""object"": 0.0}}, ""e10"": {""services"": [""gesture"", ""object""], ""fps"": {""gesture"": 0, ""object"": 0}, ""eff_fps"": {""gesture"": 0, ""object"": 0}, ""latency_ms"": {""gesture"": 0, ""object"": 0}, ""svclat_ms"": {""gesture"": 0.0, ""object"": 0.0}}, ""e11"": {""services"": [""gesture"", ""object""], ""fps"": {""gesture"": 0, ""object"": 0}, ""eff_fps"": {""gesture"": 0, ""object"": 0}, ""latency_ms"": {""gesture"": 0, ""object"": 0}, ""svclat_ms"": {""gesture"": 0.0, ""object"": 0.0}}}"
370.8,7,7,1.0,0,0,17,16,12,0.75,1262.0,420,0.333,0.0,2.29,0.0,0,30.0,30.0,0,30.0,30.0,0,0,0,0,15.29,20.9,300,"{""ip-172-31-0-204"": ""healthy"", ""ip-172-31-1-171"": ""healthy"", ""ip-172-31-10-12"": ""healthy"", ""ip-172-31-11-132"": ""healthy"", ""ip-172-31-13-134"": ""healthy"", ""ip-172-31-14-68"": ""healthy"", ""ip-172-31-40-239"": ""healthy""}",unsubscribe,92.1,1.0,0,0,"{""ip-172-31-1-171"": {""pose"": 1, ""gesture"": 1}, ""ip-172-31-10-12"": {""pose"": 1, ""object"": 1, ""gesture"": 1}, ""ip-172-31-13-134"": {""object"": 1, ""gesture"": 1}, ""ip-172-31-40-239"": {""object"": 1, ""pose"": 1, ""gesture"": 1}, ""ip-172-31-14-68"": {""object"": 1, ""gesture"": 1}, ""ip-172-31-11-132"": {""object"": 1, ""gesture"": 1}, ""ip-172-31-0-204"": {""pose"": 1, ""gesture"": 1}}","{""e1"": {""services"": [""gesture"", ""object""], ""fps"": {""gesture"": 30, ""object"": 30}, ""eff_fps"": {""gesture"": 30, ""object"": 30}, ""latency_ms"": {""gesture"": 0, ""object"": 0}, ""svclat_ms"": {""gesture"": 14.24, ""object"": 20.01}}, ""e2"": {""services"": [""gesture"", ""object""], ""fps"": {""gesture"": 30, ""object"": 30}, ""eff_fps"": {""gesture"": 30, ""object"": 30}, ""latency_ms"": {""gesture"": 0, ""object"": 0}, ""svclat_ms"": {""gesture"": 14.87, ""object"": 21.54}}, ""e3"": {""services"": [""gesture"", ""object""], ""fps"": {""gesture"": 30, ""object"": 30}, ""eff_fps"": {""gesture"": 30, ""object"": 30}, ""latency_ms"": {""gesture"": 0, ""object"": 0}, ""svclat_ms"": {""gesture"": 15.73, ""object"": 19.8}}, ""e4"": {""services"": [""gesture"", ""object""], ""fps"": {""gesture"": 30, ""object"": 30}, ""eff_fps"": {""gesture"": 30, ""object"": 30}, ""latency_ms"": {""gesture"": 0, ""object"": 0}, ""svclat_ms"": {""gesture"": 17.05, ""object"": 21.24}}, ""e5"": {""services"": [""gesture"", ""object""], ""fps"": {""gesture"": 30, ""object"": 30}, ""eff_fps"": {""gesture"": 30, ""object"": 30}, ""latency_ms"": {""gesture"": 0, ""object"": 0}, ""svclat_ms"": {""gesture"": 14.58, ""object"": 21.9}}, ""e6"": {""services"": [""gesture"", ""object""], ""fps"": {""gesture"": 0, ""object"": 0}, ""eff_fps"": {""gesture"": 0, ""object"": 0}, ""latency_ms"": {""gesture"": 0, ""object"": 0}, ""svclat_ms"": {""gesture"": 0.0, ""object"": 0.0}}, ""e7"": {""services"": [""gesture"", ""object""], ""fps"": {""gesture"": 0, ""object"": 0}, ""eff_fps"": {""gesture"": 0, ""object"": 0}, ""latency_ms"": {""gesture"": 0, ""object"": 0}, ""svclat_ms"": {""gesture"": 0.0, ""object"": 0.0}}, ""e8"": {""services"": [""gesture"", ""object""], ""fps"": {""gesture"": 0, ""object"": 0}, ""eff_fps"": {""gesture"": 0, ""object"": 0}, ""latency_ms"": {""gesture"": 0, ""object"": 0}, ""svclat_ms"": {""gesture"": 0.0, ""object"": 0.0}}, ""e9"": {""services"": [""gesture"", ""object""], ""fps"": {""gesture"": 0, ""object"": 0}, ""eff_fps"": {""gesture"": 0, ""object"": 0}, ""latency_ms"": {""gesture"": 0, ""object"": 0}, ""svclat_ms"": {""gesture"": 0.0, ""object"": 0.0}}, ""e10"": {""services"": [""gesture"", ""object""], ""fps"": {""gesture"": 0, ""object"": 0}, ""eff_fps"": {""gesture"": 0, ""object"": 0}, ""latency_ms"": {""gesture"": 0, ""object"": 0}, ""svclat_ms"": {""gesture"": 0.0, ""object"": 0.0}}, ""e11"": {""services"": [""gesture"", ""object""], ""fps"": {""gesture"": 0, ""object"": 0}, ""eff_fps"": {""gesture"": 0, ""object"": 0}, ""latency_ms"": {""gesture"": 0, ""object"": 0}, ""svclat_ms"": {""gesture"": 0.0, ""object"": 0.0}}, ""e12"": {""services"": [""gesture"", ""object""], ""fps"": {""gesture"": 0, ""object"": 0}, ""eff_fps"": {""gesture"": 0, ""object"": 0}, ""latency_ms"": {""gesture"": 0, ""object"": 0}, ""svclat_ms"": {""gesture"": 0.0, ""object"": 0.0}}}"
376.5,8,8,1.0,0,0,17,16,12,0.75,1262.0,480.0,0.38,0.0,2.0,0.0,0,30.0,29.88,0,30.0,29.88,0,0,0,0,16.21,23.3,479,"{""ip-172-31-0-204"": ""healthy"", ""ip-172-31-1-171"": ""healthy"", ""ip-172-31-10-12"": ""healthy"", ""ip-172-31-11-132"": ""healthy"", ""ip-172-31-13-134"": ""healthy"", ""ip-172-31-14-68"": ""healthy"", ""ip-172-31-40-239"": ""healthy""}",subscribe,96.8,1.0,0,0,"{""ip-172-31-1-171"": {""pose"": 1, ""gesture"": 1}, ""ip-172-31-10-12"": {""pose"": 1, ""object"": 1, ""gesture"": 1}, ""ip-172-31-13-134"": {""object"": 1, ""gesture"": 1}, ""ip-172-31-40-239"": {""object"": 1, ""pose"": 1, ""gesture"": 1}, ""ip-172-31-14-68"": {""object"": 1, ""gesture"": 1}, ""ip-172-31-11-132"": {""object"": 1, ""gesture"": 1}, ""ip-172-31-0-204"": {""pose"": 1, ""gesture"": 1}}","{""e1"": {""services"": [""gesture"", ""object""], ""fps"": {""gesture"": 30, ""object"": 30}, ""eff_fps"": {""gesture"": 30, ""object"": 30}, ""latency_ms"": {""gesture"": 0, ""object"": 0}, ""svclat_ms"": {""gesture"": 15.88, ""object"": 19.91}}, ""e2"": {""services"": [""gesture"", ""object""], ""fps"": {""gesture"": 30, ""object"": 30}, ""eff_fps"": {""gesture"": 30, ""object"": 30}, ""latency_ms"": {""gesture"": 0, ""object"": 0}, ""svclat_ms"": {""gesture"": 21.2, ""object"": 21.77}}, ""e3"": {""services"": [""gesture"", ""object""], ""fps"": {""gesture"": 30, ""object"": 30}, ""eff_fps"": {""gesture"": 30, ""object"": 30}, ""latency_ms"": {""gesture"": 0, ""object"": 0}, ""svclat_ms"": {""gesture"": 15.2, ""object"": 28.76}}, ""e4"": {""services"": [""gesture"", ""object""], ""fps"": {""gesture"": 30, ""object"": 29}, ""eff_fps"": {""gesture"": 30, ""object"": 29}, ""latency_ms"": {""gesture"": 0, ""object"": 0}, ""svclat_ms"": {""gesture"": 16.12, ""object"": 21.4}}, ""e5"": {""services"": [""gesture"", ""object""], ""fps"": {""gesture"": 30, ""object"": 30}, ""eff_fps"": {""gesture"": 30, ""object"": 30}, ""latency_ms"": {""gesture"": 0, ""object"": 0}, ""svclat_ms"": {""gesture"": 15.79, ""object"": 20.64}}, ""e6"": {""services"": [""gesture"", ""object""], ""fps"": {""gesture"": 30, ""object"": 30}, ""eff_fps"": {""gesture"": 30, ""object"": 30}, ""latency_ms"": {""gesture"": 0, ""object"": 0}, ""svclat_ms"": {""gesture"": 14.85, ""object"": 26.41}}, ""e7"": {""services"": [""gesture"", ""object""], ""fps"": {""gesture"": 30, ""object"": 30}, ""eff_fps"": {""gesture"": 30, ""object"": 30}, ""latency_ms"": {""gesture"": 0, ""object"": 0}, ""svclat_ms"": {""gesture"": 15.25, ""object"": 26.25}}, ""e8"": {""services"": [""gesture"", ""object""], ""fps"": {""gesture"": 30, ""object"": 30}, ""eff_fps"": {""gesture"": 30, ""object"": 30}, ""latency_ms"": {""gesture"": 0, ""object"": 0}, ""svclat_ms"": {""gesture"": 15.4, ""object"": 21.24}}, ""e9"": {""services"": [""gesture"", ""object""], ""fps"": {""gesture"": 0, ""object"": 0}, ""eff_fps"": {""gesture"": 0, ""object"": 0}, ""latency_ms"": {""gesture"": 0, ""object"": 0}, ""svclat_ms"": {""gesture"": 0.0, ""object"": 0.0}}, ""e10"": {""services"": [""gesture"", ""object""], ""fps"": {""gesture"": 0, ""object"": 0}, ""eff_fps"": {""gesture"": 0, ""object"": 0}, ""latency_ms"": {""gesture"": 0, ""object"": 0}, ""svclat_ms"": {""gesture"": 0.0, ""object"": 0.0}}, ""e11"": {""services"": [""gesture"", ""object""], ""fps"": {""gesture"": 0, ""object"": 0}, ""eff_fps"": {""gesture"": 0, ""object"": 0}, ""latency_ms"": {""gesture"": 0, ""object"": 0}, ""svclat_ms"": {""gesture"": 0.0, ""object"": 0.0}}, ""e12"": {""services"": [""gesture"", ""object""], ""fps"": {""gesture"": 0, ""object"": 0}, ""eff_fps"": {""gesture"": 0, ""object"": 0}, ""latency_ms"": {""gesture"": 0, ""object"": 0}, ""svclat_ms"": {""gesture"": 0.0, ""object"": 0.0}}, ""e13"": {""services"": [""gesture"", ""object""], ""fps"": {""gesture"": 0, ""object"": 0}, ""eff_fps"": {""gesture"": 0, ""object"": 0}, ""latency_ms"": {""gesture"": 0, ""object"": 0}, ""svclat_ms"": {""gesture"": 0.0, ""object"": 0.0}}}"
382.2,11,10,0.909,0,0,17,16,12,0.75,1262.0,596.0,0.472,0.0,1.6,0.0,0,30.0,27.36,0,30.0,27.36,0,0,0,0,15.68,23.54,631,"{""ip-172-31-0-204"": ""healthy"", ""ip-172-31-1-171"": ""healthy"", ""ip-172-31-10-12"": ""healthy"", ""ip-172-31-11-132"": ""healthy"", ""ip-172-31-13-134"": ""healthy"", ""ip-172-31-14-68"": ""healthy"", ""ip-172-31-40-239"": ""healthy""}",subscribe,104.8,0.9933,0,0,"{""ip-172-31-1-171"": {""pose"": 1, ""gesture"": 1}, ""ip-172-31-10-12"": {""pose"": 1, ""object"": 1, ""gesture"": 1}, ""ip-172-31-13-134"": {""object"": 1, ""gesture"": 1}, ""ip-172-31-40-239"": {""object"": 1, ""pose"": 1, ""gesture"": 1}, ""ip-172-31-14-68"": {""object"": 1, ""gesture"": 1}, ""ip-172-31-11-132"": {""object"": 1, ""gesture"": 1}, ""ip-172-31-0-204"": {""pose"": 1, ""gesture"": 1}}","{""e1"": {""services"": [""gesture"", ""object""], ""fps"": {""gesture"": 30, ""object"": 22}, ""eff_fps"": {""gesture"": 30, ""object"": 22}, ""latency_ms"": {""gesture"": 0, ""object"": 0}, ""svclat_ms"": {""gesture"": 15.54, ""object"": 22.65}}, ""e2"": {""services"": [""gesture"", ""object""], ""fps"": {""gesture"": 30, ""object"": 30}, ""eff_fps"": {""gesture"": 30, ""object"": 30}, ""latency_ms"": {""gesture"": 0, ""object"": 0}, ""svclat_ms"": {""gesture"": 15.28, ""object"": 22.03}}, ""e3"": {""services"": [""gesture"", ""object""], ""fps"": {""gesture"": 30, ""object"": 30}, ""eff_fps"": {""gesture"": 30, ""object"": 30}, ""latency_ms"": {""gesture"": 0, ""object"": 0}, ""svclat_ms"": {""gesture"": 16.29, ""object"": 26.36}}, ""e4"": {""services"": [""gesture"", ""object""], ""fps"": {""gesture"": 30, ""object"": 29}, ""eff_fps"": {""gesture"": 30, ""object"": 29}, ""latency_ms"": {""gesture"": 0, ""object"": 0}, ""svclat_ms"": {""gesture"": 16.18, ""object"": 21.31}}, ""e5"": {""services"": [""gesture"", ""object""], ""fps"": {""gesture"": 30, ""object"": 29}, ""eff_fps"": {""gesture"": 30, ""object"": 29}, ""latency_ms"": {""gesture"": 0, ""object"": 0}, ""svclat_ms"": {""gesture"": 15.42, ""object"": 21.44}}, ""e6"": {""services"": [""gesture"", ""object""], ""fps"": {""gesture"": 30, ""object"": 30}, ""eff_fps"": {""gesture"": 30, ""object"": 30}, ""latency_ms"": {""gesture"": 0, ""object"": 0}, ""svclat_ms"": {""gesture"": 15.72, ""object"": 27.13}}, ""e7"": {""services"": [""gesture"", ""object""], ""fps"": {""gesture"": 30, ""object"": 22}, ""eff_fps"": {""gesture"": 30, ""object"": 22}, ""latency_ms"": {""gesture"": 0, ""object"": 0}, ""svclat_ms"": {""gesture"": 15.16, ""object"": 21.7}}, ""e8"": {""services"": [""gesture"", ""object""], ""fps"": {""gesture"": 30, ""object"": 30}, ""eff_fps"": {""gesture"": 30, ""object"": 30}, ""latency_ms"": {""gesture"": 0, ""object"": 0}, ""svclat_ms"": {""gesture"": 14.97, ""object"": 20.98}}, ""e9"": {""services"": [""gesture"", ""object""], ""fps"": {""gesture"": 30, ""object"": 21}, ""eff_fps"": {""gesture"": 30, ""object"": 21}, ""latency_ms"": {""gesture"": 0, ""object"": 0}, ""svclat_ms"": {""gesture"": 15.1, ""object"": 27.33}}, ""e10"": {""services"": [""gesture"", ""object""], ""fps"": {""gesture"": 30, ""object"": 29}, ""eff_fps"": {""gesture"": 30, ""object"": 29}, ""latency_ms"": {""gesture"": 0, ""object"": 0}, ""svclat_ms"": {""gesture"": 16.9, ""object"": 21.46}}, ""e11"": {""services"": [""gesture"", ""object""], ""fps"": {""gesture"": 30, ""object"": 29}, ""eff_fps"": {""gesture"": 30, ""object"": 29}, ""latency_ms"": {""gesture"": 0, ""object"": 0}, ""svclat_ms"": {""gesture"": 15.89, ""object"": 26.5}}, ""e12"": {""services"": [""gesture"", ""object""], ""fps"": {""gesture"": 0, ""object"": 0}, ""eff_fps"": {""gesture"": 0, ""object"": 0}, ""latency_ms"": {""gesture"": 0, ""object"": 0}, ""svclat_ms"": {""gesture"": 0.0, ""object"": 0.0}}, ""e13"": {""services"": [""gesture"", ""object""], ""fps"": {""gesture"": 0, ""object"": 0}, ""eff_fps"": {""gesture"": 0, ""object"": 0}, ""latency_ms"": {""gesture"": 0, ""object"": 0}, ""svclat_ms"": {""gesture"": 0.0, ""object"": 0.0}}, ""e14"": {""services"": [""gesture"", ""object""], ""fps"": {""gesture"": 0, ""object"": 0}, ""eff_fps"": {""gesture"": 0, ""object"": 0}, ""latency_ms"": {""gesture"": 0, ""object"": 0}, ""svclat_ms"": {""gesture"": 0.0, ""object"": 0.0}}}"
384.7,12,11,0.917,0,0,17,16,12,0.75,1262.0,632.0,0.501,0.0,1.45,0.0,0,29.67,25.83,0,29.67,25.83,0,0,0,0,17.42,25.1,666,"{""ip-172-31-0-204"": ""healthy"", ""ip-172-31-1-171"": ""healthy"", ""ip-172-31-10-12"": ""healthy"", ""ip-172-31-11-132"": ""healthy"", ""ip-172-31-13-134"": ""healthy"", ""ip-172-31-14-68"": ""healthy"", ""ip-172-31-40-239"": ""healthy""}",subscribe,109.9,0.9576,0,0,"{""ip-172-31-1-171"": {""pose"": 1, ""gesture"": 1}, ""ip-172-31-10-12"": {""pose"": 1, ""object"": 1, ""gesture"": 1}, ""ip-172-31-13-134"": {""object"": 1, ""gesture"": 1}, ""ip-172-31-40-239"": {""object"": 1, ""pose"": 1, ""gesture"": 1}, ""ip-172-31-14-68"": {""object"": 1, ""gesture"": 1}, ""ip-172-31-11-132"": {""object"": 1, ""gesture"": 1}, ""ip-172-31-0-204"": {""pose"": 1, ""gesture"": 1}}","{""e1"": {""services"": [""gesture"", ""object""], ""fps"": {""gesture"": 30, ""object"": 22}, ""eff_fps"": {""gesture"": 30, ""object"": 22}, ""latency_ms"": {""gesture"": 0, ""object"": 0}, ""svclat_ms"": {""gesture"": 16.9, ""object"": 25.11}}, ""e2"": {""services"": [""gesture"", ""object""], ""fps"": {""gesture"": 30, ""object"": 22}, ""eff_fps"": {""gesture"": 30, ""object"": 22}, ""latency_ms"": {""gesture"": 0, ""object"": 0}, ""svclat_ms"": {""gesture"": 17.06, ""object"": 28.06}}, ""e3"": {""services"": [""gesture"", ""object""], ""fps"": {""gesture"": 29, ""object"": 30}, ""eff_fps"": {""gesture"": 29, ""object"": 30}, ""latency_ms"": {""gesture"": 0, ""object"": 0}, ""svclat_ms"": {""gesture"": 20.83, ""object"": 26.57}}, ""e4"": {""services"": [""gesture"", ""object""], ""fps"": {""gesture"": 30, ""object"": 29}, ""eff_fps"": {""gesture"": 30, ""object"": 29}, ""latency_ms"": {""gesture"": 0, ""object"": 0}, ""svclat_ms"": {""gesture"": 15.81, ""object"": 21.67}}, ""e5"": {""services"": [""gesture"", ""object""], ""fps"": {""gesture"": 28, ""object"": 29}, ""eff_fps"": {""gesture"": 28, ""object"": 29}, ""latency_ms"": {""gesture"": 0, ""object"": 0}, ""svclat_ms"": {""gesture"": 19.1, ""object"": 21.69}}, ""e6"": {""services"": [""gesture"", ""object""], ""fps"": {""gesture"": 30, ""object"": 22}, ""eff_fps"": {""gesture"": 30, ""object"": 22}, ""latency_ms"": {""gesture"": 0, ""object"": 0}, ""svclat_ms"": {""gesture"": 15.84, ""object"": 35.09}}, ""e7"": {""services"": [""gesture"", ""object""], ""fps"": {""gesture"": 30, ""object"": 22}, ""eff_fps"": {""gesture"": 30, ""object"": 22}, ""latency_ms"": {""gesture"": 0, ""object"": 0}, ""svclat_ms"": {""gesture"": 15.47, ""object"": 21.37}}, ""e8"": {""services"": [""gesture"", ""object""], ""fps"": {""gesture"": 30, ""object"": 30}, ""eff_fps"": {""gesture"": 30, ""object"": 30}, ""latency_ms"": {""gesture"": 0, ""object"": 0}, ""svclat_ms"": {""gesture"": 17.29, ""object"": 22.72}}, ""e9"": {""services"": [""gesture"", ""object""], ""fps"": {""gesture"": 30, ""object"": 23}, ""eff_fps"": {""gesture"": 30, ""object"": 23}, ""latency_ms"": {""gesture"": 0, ""object"": 0}, ""svclat_ms"": {""gesture"": 15.21, ""object"": 28.4}}, ""e10"": {""services"": [""gesture"", ""object""], ""fps"": {""gesture"": 30, ""object"": 29}, ""eff_fps"": {""gesture"": 30, ""object"": 29}, ""latency_ms"": {""gesture"": 0, ""object"": 0}, ""svclat_ms"": {""gesture"": 18.28, ""object"": 20.87}}, ""e11"": {""services"": [""gesture"", ""object""], ""fps"": {""gesture"": 30, ""object"": 29}, ""eff_fps"": {""gesture"": 30, ""object"": 29}, ""latency_ms"": {""gesture"": 0, ""object"": 0}, ""svclat_ms"": {""gesture"": 17.58, ""object"": 26.88}}, ""e12"": {""services"": [""gesture"", ""object""], ""fps"": {""gesture"": 29, ""object"": 23}, ""eff_fps"": {""gesture"": 29, ""object"": 23}, ""latency_ms"": {""gesture"": 0, ""object"": 0}, ""svclat_ms"": {""gesture"": 19.69, ""object"": 22.81}}, ""e13"": {""services"": [""gesture"", ""object""], ""fps"": {""gesture"": 0, ""object"": 0}, ""eff_fps"": {""gesture"": 0, ""object"": 0}, ""latency_ms"": {""gesture"": 0, ""object"": 0}, ""svclat_ms"": {""gesture"": 0.0, ""object"": 0.0}}, ""e14"": {""services"": [""gesture"", ""object""], ""fps"": {""gesture"": 0, ""object"": 0}, ""eff_fps"": {""gesture"": 0, ""object"": 0}, ""latency_ms"": {""gesture"": 0, ""object"": 0}, ""svclat_ms"": {""gesture"": 0.0, ""object"": 0.0}}}"
387.2,12,11,0.917,0,0,17,16,12,0.75,1262.0,632.0,0.501,0.0,1.45,0.0,0,30.0,25.58,0,30.0,25.58,0,0,0,0,16.75,25.12,667,"{""ip-172-31-0-204"": ""healthy"", ""ip-172-31-1-171"": ""healthy"", ""ip-172-31-10-12"": ""healthy"", ""ip-172-31-11-132"": ""healthy"", ""ip-172-31-13-134"": ""healthy"", ""ip-172-31-14-68"": ""healthy"", ""ip-172-31-40-239"": ""healthy""}",subscribe,109.9,0.9576,0,0,"{""ip-172-31-1-171"": {""pose"": 1, ""gesture"": 1}, ""ip-172-31-10-12"": {""pose"": 1, ""object"": 1, ""gesture"": 1}, ""ip-172-31-13-134"": {""object"": 1, ""gesture"": 1}, ""ip-172-31-40-239"": {""object"": 1, ""pose"": 1, ""gesture"": 1}, ""ip-172-31-14-68"": {""object"": 1, ""gesture"": 1}, ""ip-172-31-11-132"": {""object"": 1, ""gesture"": 1}, ""ip-172-31-0-204"": {""pose"": 1, ""gesture"": 1}}","{""e1"": {""services"": [""gesture"", ""object""], ""fps"": {""gesture"": 30, ""object"": 22}, ""eff_fps"": {""gesture"": 30, ""object"": 22}, ""latency_ms"": {""gesture"": 0, ""object"": 0}, ""svclat_ms"": {""gesture"": 16.71, ""object"": 24.46}}, ""e2"": {""services"": [""gesture"", ""object""], ""fps"": {""gesture"": 30, ""object"": 22}, ""eff_fps"": {""gesture"": 30, ""object"": 22}, ""latency_ms"": {""gesture"": 0, ""object"": 0}, ""svclat_ms"": {""gesture"": 15.78, ""object"": 31.01}}, ""e3"": {""services"": [""gesture"", ""object""], ""fps"": {""gesture"": 30, ""object"": 30}, ""eff_fps"": {""gesture"": 30, ""object"": 30}, ""latency_ms"": {""gesture"": 0, ""object"": 0}, ""svclat_ms"": {""gesture"": 18.44, ""object"": 25.26}}, ""e4"": {""services"": [""gesture"", ""object""], ""fps"": {""gesture"": 30, ""object"": 29}, ""eff_fps"": {""gesture"": 30, ""object"": 29}, ""latency_ms"": {""gesture"": 0, ""object"": 0}, ""svclat_ms"": {""gesture"": 16.5, ""object"": 21.51}}, ""e5"": {""services"": [""gesture"", ""object""], ""fps"": {""gesture"": 30, ""object"": 29}, ""eff_fps"": {""gesture"": 30, ""object"": 29}, ""latency_ms"": {""gesture"": 0, ""object"": 0}, ""svclat_ms"": {""gesture"": 16.2, ""object"": 21.16}}, ""e6"": {""services"": [""gesture"", ""object""], ""fps"": {""gesture"": 30, ""object"": 22}, ""eff_fps"": {""gesture"": 30, ""object"": 22}, ""latency_ms"": {""gesture"": 0, ""object"": 0}, ""svclat_ms"": {""gesture"": 15.19, ""object"": 37.08}}, ""e7"": {""services"": [""gesture"", ""object""], ""fps"": {""gesture"": 30, ""object"": 22}, ""eff_fps"": {""gesture"": 30, ""object"": 22}, ""latency_ms"": {""gesture"": 0, ""object"": 0}, ""svclat_ms"": {""gesture"": 15.95, ""object"": 22.32}}, ""e8"": {""services"": [""gesture"", ""object""], ""fps"": {""gesture"": 30, ""object"": 30}, ""eff_fps"": {""gesture"": 30, ""object"": 30}, ""latency_ms"": {""gesture"": 0, ""object"": 0}, ""svclat_ms"": {""gesture"": 16.43, ""object"": 22.31}}, ""e9"": {""services"": [""gesture"", ""object""], ""fps"": {""gesture"": 30, ""object"": 21}, ""eff_fps"": {""gesture"": 30, ""object"": 21}, ""latency_ms"": {""gesture"": 0, ""object"": 0}, ""svclat_ms"": {""gesture"": 16.25, ""object"": 28.94}}, ""e10"": {""services"": [""gesture"", ""object""], ""fps"": {""gesture"": 30, ""object"": 29}, ""eff_fps"": {""gesture"": 30, ""object"": 29}, ""latency_ms"": {""gesture"": 0, ""object"": 0}, ""svclat_ms"": {""gesture"": 19.45, ""object"": 20.23}}, ""e11"": {""services"": [""gesture"", ""object""], ""fps"": {""gesture"": 30, ""object"": 29}, ""eff_fps"": {""gesture"": 30, ""object"": 29}, ""latency_ms"": {""gesture"": 0, ""object"": 0}, ""svclat_ms"": {""gesture"": 16.42, ""object"": 26.93}}, ""e12"": {""services"": [""gesture"", ""object""], ""fps"": {""gesture"": 30, ""object"": 22}, ""eff_fps"": {""gesture"": 30, ""object"": 22}, ""latency_ms"": {""gesture"": 0, ""object"": 0}, ""svclat_ms"": {""gesture"": 17.7, ""object"": 20.24}}, ""e13"": {""services"": [""gesture"", ""object""], ""fps"": {""gesture"": 0, ""object"": 0}, ""eff_fps"": {""gesture"": 0, ""object"": 0}, ""latency_ms"": {""gesture"": 0, ""object"": 0}, ""svclat_ms"": {""gesture"": 0.0, ""object"": 0.0}}, ""e14"": {""services"": [""gesture"", ""object""], ""fps"": {""gesture"": 0, ""object"": 0}, ""eff_fps"": {""gesture"": 0, ""object"": 0}, ""latency_ms"": {""gesture"": 0, ""object"": 0}, ""svclat_ms"": {""gesture"": 0.0, ""object"": 0.0}}, ""e15"": {""services"": [""gesture"", ""object""], ""fps"": {""gesture"": 0, ""object"": 0}, ""eff_fps"": {""gesture"": 0, ""object"": 0}, ""latency_ms"": {""gesture"": 0, ""object"": 0}, ""svclat_ms"": {""gesture"": 0.0, ""object"": 0.0}}}"
389.7,12,11,0.917,0,0,17,16,12,0.75,1262.0,632.0,0.501,0.0,1.45,0.0,0,30.0,25.67,0,30.0,25.67,0,0,0,0,16.85,24.9,668,"{""ip-172-31-0-204"": ""healthy"", ""ip-172-31-1-171"": ""healthy"", ""ip-172-31-10-12"": ""healthy"", ""ip-172-31-11-132"": ""healthy"", ""ip-172-31-13-134"": ""healthy"", ""ip-172-31-14-68"": ""healthy"", ""ip-172-31-40-239"": ""healthy""}",subscribe,109.9,0.9576,0,0,"{""ip-172-31-1-171"": {""pose"": 1, ""gesture"": 1}, ""ip-172-31-10-12"": {""pose"": 1, ""object"": 1, ""gesture"": 1}, ""ip-172-31-13-134"": {""object"": 1, ""gesture"": 1}, ""ip-172-31-40-239"": {""object"": 1, ""pose"": 1, ""gesture"": 1}, ""ip-172-31-14-68"": {""object"": 1, ""gesture"": 1}, ""ip-172-31-11-132"": {""object"": 1, ""gesture"": 1}, ""ip-172-31-0-204"": {""pose"": 1, ""gesture"": 1}}","{""e1"": {""services"": [""gesture"", ""object""], ""fps"": {""gesture"": 30, ""object"": 22}, ""eff_fps"": {""gesture"": 30, ""object"": 22}, ""latency_ms"": {""gesture"": 0, ""object"": 0}, ""svclat_ms"": {""gesture"": 16.65, ""object"": 24.18}}, ""e2"": {""services"": [""gesture"", ""object""], ""fps"": {""gesture"": 30, ""object"": 22}, ""eff_fps"": {""gesture"": 30, ""object"": 22}, ""latency_ms"": {""gesture"": 0, ""object"": 0}, ""svclat_ms"": {""gesture"": 16.83, ""object"": 29.46}}, ""e3"": {""services"": [""gesture"", ""object""], ""fps"": {""gesture"": 30, ""object"": 30}, ""eff_fps"": {""gesture"": 30, ""object"": 30}, ""latency_ms"": {""gesture"": 0, ""object"": 0}, ""svclat_ms"": {""gesture"": 18.38, ""object"": 23.96}}, ""e4"": {""services"": [""gesture"", ""object""], ""fps"": {""gesture"": 30, ""object"": 29}, ""eff_fps"": {""gesture"": 30, ""object"": 29}, ""latency_ms"": {""gesture"": 0, ""object"": 0}, ""svclat_ms"": {""gesture"": 17.04, ""object"": 21.19}}, ""e5"": {""services"": [""gesture"", ""object""], ""fps"": {""gesture"": 30, ""object"": 29}, ""eff_fps"": {""gesture"": 30, ""object"": 29}, ""latency_ms"": {""gesture"": 0, ""object"": 0}, ""svclat_ms"": {""gesture"": 16.34, ""object"": 21.74}}, ""e6"": {""services"": [""gesture"", ""object""], ""fps"": {""gesture"": 30, ""object"": 22}, ""eff_fps"": {""gesture"": 30, ""object"": 22}, ""latency_ms"": {""gesture"": 0, ""object"": 0}, ""svclat_ms"": {""gesture"": 14.9, ""object"": 31.1}}, ""e7"": {""services"": [""gesture"", ""object""], ""fps"": {""gesture"": 30, ""object"": 22}, ""eff_fps"": {""gesture"": 30, ""object"": 22}, ""latency_ms"": {""gesture"": 0, ""object"": 0}, ""svclat_ms"": {""gesture"": 16.15, ""object"": 22.28}}, ""e8"": {""services"": [""gesture"", ""object""], ""fps"": {""gesture"": 30, ""object"": 30}, ""eff_fps"": {""gesture"": 30, ""object"": 30}, ""latency_ms"": {""gesture"": 0, ""object"": 0}, ""svclat_ms"": {""gesture"": 17.27, ""object"": 22.45}}, ""e9"": {""services"": [""gesture"", ""object""], ""fps"": {""gesture"": 30, ""object"": 22}, ""eff_fps"": {""gesture"": 30, ""object"": 22}, ""latency_ms"": {""gesture"": 0, ""object"": 0}, ""svclat_ms"": {""gesture"": 15.6, ""object"": 29.03}}, ""e10"": {""services"": [""gesture"", ""object""], ""fps"": {""gesture"": 30, ""object"": 29}, ""eff_fps"": {""gesture"": 30, ""object"": 29}, ""latency_ms"": {""gesture"": 0, ""object"": 0}, ""svclat_ms"": {""gesture"": 18.77, ""object"": 21.24}}, ""e11"": {""services"": [""gesture"", ""object""], ""fps"": {""gesture"": 30, ""object"": 29}, ""eff_fps"": {""gesture"": 30, ""object"": 29}, ""latency_ms"": {""gesture"": 0, ""object"": 0}, ""svclat_ms"": {""gesture"": 16.74, ""object"": 27.26}}, ""e12"": {""services"": [""gesture"", ""object""], ""fps"": {""gesture"": 30, ""object"": 22}, ""eff_fps"": {""gesture"": 30, ""object"": 22}, ""latency_ms"": {""gesture"": 0, ""object"": 0}, ""svclat_ms"": {""gesture"": 17.58, ""object"": 24.94}}, ""e13"": {""services"": [""gesture"", ""object""], ""fps"": {""gesture"": 0, ""object"": 0}, ""eff_fps"": {""gesture"": 0, ""object"": 0}, ""latency_ms"": {""gesture"": 0, ""object"": 0}, ""svclat_ms"": {""gesture"": 0.0, ""object"": 0.0}}, ""e14"": {""services"": [""gesture"", ""object""], ""fps"": {""gesture"": 0, ""object"": 0}, ""eff_fps"": {""gesture"": 0, ""object"": 0}, ""latency_ms"": {""gesture"": 0, ""object"": 0}, ""svclat_ms"": {""gesture"": 0.0, ""object"": 0.0}}, ""e15"": {""services"": [""gesture"", ""object""], ""fps"": {""gesture"": 0, ""object"": 0}, ""eff_fps"": {""gesture"": 0, ""object"": 0}, ""latency_ms"": {""gesture"": 0, ""object"": 0}, ""svclat_ms"": {""gesture"": 0.0, ""object"": 0.0}}}"
392.2,12,11,0.917,0,0,17,16,12,0.75,1262.0,632.0,0.501,0.0,1.45,0.0,0,30.0,25.58,0,30.0,25.58,0,0,0,0,16.09,24.39,667,"{""ip-172-31-0-204"": ""healthy"", ""ip-172-31-1-171"": ""healthy"", ""ip-172-31-10-12"": ""healthy"", ""ip-172-31-11-132"": ""healthy"", ""ip-172-31-13-134"": ""healthy"", ""ip-172-31-14-68"": ""healthy"", ""ip-172-31-40-239"": ""healthy""}",subscribe,109.9,0.9576,0,0,"{""ip-172-31-1-171"": {""pose"": 1, ""gesture"": 1}, ""ip-172-31-10-12"": {""pose"": 1, ""object"": 1, ""gesture"": 1}, ""ip-172-31-13-134"": {""object"": 1, ""gesture"": 1}, ""ip-172-31-40-239"": {""object"": 1, ""pose"": 1, ""gesture"": 1}, ""ip-172-31-14-68"": {""object"": 1, ""gesture"": 1}, ""ip-172-31-11-132"": {""object"": 1, ""gesture"": 1}, ""ip-172-31-0-204"": {""pose"": 1, ""gesture"": 1}}","{""e1"": {""services"": [""gesture"", ""object""], ""fps"": {""gesture"": 30, ""object"": 22}, ""eff_fps"": {""gesture"": 30, ""object"": 22}, ""latency_ms"": {""gesture"": 0, ""object"": 0}, ""svclat_ms"": {""gesture"": 16.02, ""object"": 22.48}}, ""e2"": {""services"": [""gesture"", ""object""], ""fps"": {""gesture"": 30, ""object"": 22}, ""eff_fps"": {""gesture"": 30, ""object"": 22}, ""latency_ms"": {""gesture"": 0, ""object"": 0}, ""svclat_ms"": {""gesture"": 15.17, ""object"": 31.86}}, ""e3"": {""services"": [""gesture"", ""object""], ""fps"": {""gesture"": 30, ""object"": 30}, ""eff_fps"": {""gesture"": 30, ""object"": 30}, ""latency_ms"": {""gesture"": 0, ""object"": 0}, ""svclat_ms"": {""gesture"": 17.26, ""object"": 23.62}}, ""e4"": {""services"": [""gesture"", ""object""], ""fps"": {""gesture"": 30, ""object"": 29}, ""eff_fps"": {""gesture"": 30, ""object"": 29}, ""latency_ms"": {""gesture"": 0, ""object"": 0}, ""svclat_ms"": {""gesture"": 16.05, ""object"": 21.74}}, ""e5"": {""services"": [""gesture"", ""object""], ""fps"": {""gesture"": 30, ""object"": 29}, ""eff_fps"": {""gesture"": 30, ""object"": 29}, ""latency_ms"": {""gesture"": 0, ""object"": 0}, ""svclat_ms"": {""gesture"": 16.09, ""object"": 21.97}}, ""e6"": {""services"": [""gesture"", ""object""], ""fps"": {""gesture"": 30, ""object"": 22}, ""eff_fps"": {""gesture"": 30, ""object"": 22}, ""latency_ms"": {""gesture"": 0, ""object"": 0}, ""svclat_ms"": {""gesture"": 15.43, ""object"": 31.21}}, ""e7"": {""services"": [""gesture"", ""object""], ""fps"": {""gesture"": 30, ""object"": 22}, ""eff_fps"": {""gesture"": 30, ""object"": 22}, ""latency_ms"": {""gesture"": 0, ""object"": 0}, ""svclat_ms"": {""gesture"": 15.59, ""object"": 21.04}}, ""e8"": {""services"": [""gesture"", ""object""], ""fps"": {""gesture"": 30, ""object"": 30}, ""eff_fps"": {""gesture"": 30, ""object"": 30}, ""latency_ms"": {""gesture"": 0, ""object"": 0}, ""svclat_ms"": {""gesture"": 15.41, ""object"": 21.95}}, ""e9"": {""services"": [""gesture"", ""object""], ""fps"": {""gesture"": 30, ""object"": 22}, ""eff_fps"": {""gesture"": 30, ""object"": 22}, ""latency_ms"": {""gesture"": 0, ""object"": 0}, ""svclat_ms"": {""gesture"": 15.47, ""object"": 26.91}}, ""e10"": {""services"": [""gesture"", ""object""], ""fps"": {""gesture"": 30, ""object"": 29}, ""eff_fps"": {""gesture"": 30, ""object"": 29}, ""latency_ms"": {""gesture"": 0, ""object"": 0}, ""svclat_ms"": {""gesture"": 17.13, ""object"": 21.55}}, ""e11"": {""services"": [""gesture"", ""object""], ""fps"": {""gesture"": 30, ""object"": 29}, ""eff_fps"": {""gesture"": 30, ""object"": 29}, ""latency_ms"": {""gesture"": 0, ""object"": 0}, ""svclat_ms"": {""gesture"": 15.97, ""object"": 26.97}}, ""e12"": {""services"": [""gesture"", ""object""], ""fps"": {""gesture"": 30, ""object"": 21}, ""eff_fps"": {""gesture"": 30, ""object"": 21}, ""latency_ms"": {""gesture"": 0, ""object"": 0}, ""svclat_ms"": {""gesture"": 17.44, ""object"": 21.33}}, ""e13"": {""services"": [""gesture"", ""object""], ""fps"": {""gesture"": 0, ""object"": 0}, ""eff_fps"": {""gesture"": 0, ""object"": 0}, ""latency_ms"": {""gesture"": 0, ""object"": 0}, ""svclat_ms"": {""gesture"": 0.0, ""object"": 0.0}}, ""e14"": {""services"": [""gesture"", ""object""], ""fps"": {""gesture"": 0, ""object"": 0}, ""eff_fps"": {""gesture"": 0, ""object"": 0}, ""latency_ms"": {""gesture"": 0, ""object"": 0}, ""svclat_ms"": {""gesture"": 0.0, ""object"": 0.0}}, ""e15"": {""services"": [""gesture"", ""object""], ""fps"": {""gesture"": 0, ""object"": 0}, ""eff_fps"": {""gesture"": 0, ""object"": 0}, ""latency_ms"": {""gesture"": 0, ""object"": 0}, ""svclat_ms"": {""gesture"": 0.0, ""object"": 0.0}}}"
394.7,12,11,0.917,0,0,17,16,12,0.75,1262.0,632.0,0.501,0.0,1.45,0.0,0,30.0,29.64,0,30.0,29.55,0,0,0,0,16.4,23.24,656,"{""ip-172-31-0-204"": ""healthy"", ""ip-172-31-1-171"": ""healthy"", ""ip-172-31-10-12"": ""healthy"", ""ip-172-31-11-132"": ""healthy"", ""ip-172-31-13-134"": ""healthy"", ""ip-172-31-14-68"": ""healthy"", ""ip-172-31-40-239"": ""healthy""}",subscribe,109.9,0.9576,0,0,"{""ip-172-31-1-171"": {""pose"": 1, ""gesture"": 1}, ""ip-172-31-10-12"": {""pose"": 1, ""object"": 1, ""gesture"": 1}, ""ip-172-31-13-134"": {""object"": 1, ""gesture"": 1}, ""ip-172-31-40-239"": {""object"": 1, ""pose"": 1, ""gesture"": 1}, ""ip-172-31-14-68"": {""object"": 1, ""gesture"": 1}, ""ip-172-31-11-132"": {""object"": 1, ""gesture"": 1}, ""ip-172-31-0-204"": {""pose"": 1, ""gesture"": 1}}","{""e2"": {""services"": [""gesture"", ""object""], ""fps"": {""gesture"": 30, ""object"": 28}, ""eff_fps"": {""gesture"": 30, ""object"": 27}, ""latency_ms"": {""gesture"": 0, ""object"": 0}, ""svclat_ms"": {""gesture"": 17.46, ""object"": 31.71}}, ""e3"": {""services"": [""gesture"", ""object""], ""fps"": {""gesture"": 30, ""object"": 30}, ""eff_fps"": {""gesture"": 30, ""object"": 30}, ""latency_ms"": {""gesture"": 0, ""object"": 0}, ""svclat_ms"": {""gesture"": 15.55, ""object"": 24.82}}, ""e4"": {""services"": [""gesture"", ""object""], ""fps"": {""gesture"": 30, ""object"": 29}, ""eff_fps"": {""gesture"": 30, ""object"": 29}, ""latency_ms"": {""gesture"": 0, ""object"": 0}, ""svclat_ms"": {""gesture"": 17.21, ""object"": 25.34}}, ""e5"": {""services"": [""gesture"", ""object""], ""fps"": {""gesture"": 30, ""object"": 30}, ""eff_fps"": {""gesture"": 30, ""object"": 30}, ""latency_ms"": {""gesture"": 0, ""object"": 0}, ""svclat_ms"": {""gesture"": 16.3, ""object"": 24.45}}, ""e6"": {""services"": [""gesture"", ""object""], ""fps"": {""gesture"": 30, ""object"": 30}, ""eff_fps"": {""gesture"": 30, ""object"": 30}, ""latency_ms"": {""gesture"": 0, ""object"": 0}, ""svclat_ms"": {""gesture"": 17.84, ""object"": 21.13}}, ""e7"": {""services"": [""gesture"", ""object""], ""fps"": {""gesture"": 30, ""object"": 30}, ""eff_fps"": {""gesture"": 30, ""object"": 30}, ""latency_ms"": {""gesture"": 0, ""object"": 0}, ""svclat_ms"": {""gesture"": 15.47, ""object"": 18.28}}, ""e8"": {""services"": [""gesture"", ""object""], ""fps"": {""gesture"": 30, ""object"": 29}, ""eff_fps"": {""gesture"": 30, ""object"": 29}, ""latency_ms"": {""gesture"": 0, ""object"": 0}, ""svclat_ms"": {""gesture"": 18.25, ""object"": 20.59}}, ""e9"": {""services"": [""gesture"", ""object""], ""fps"": {""gesture"": 30, ""object"": 30}, ""eff_fps"": {""gesture"": 30, ""object"": 30}, ""latency_ms"": {""gesture"": 0, ""object"": 0}, ""svclat_ms"": {""gesture"": 14.86, ""object"": 20.29}}, ""e10"": {""services"": [""gesture"", ""object""], ""fps"": {""gesture"": 30, ""object"": 30}, ""eff_fps"": {""gesture"": 30, ""object"": 30}, ""latency_ms"": {""gesture"": 0, ""object"": 0}, ""svclat_ms"": {""gesture"": 17.1, ""object"": 25.0}}, ""e11"": {""services"": [""gesture"", ""object""], ""fps"": {""gesture"": 30, ""object"": 30}, ""eff_fps"": {""gesture"": 30, ""object"": 30}, ""latency_ms"": {""gesture"": 0, ""object"": 0}, ""svclat_ms"": {""gesture"": 14.82, ""object"": 20.71}}, ""e12"": {""services"": [""gesture"", ""object""], ""fps"": {""gesture"": 30, ""object"": 30}, ""eff_fps"": {""gesture"": 30, ""object"": 30}, ""latency_ms"": {""gesture"": 0, ""object"": 0}, ""svclat_ms"": {""gesture"": 15.59, ""object"": 23.35}}, ""e13"": {""services"": [""gesture"", ""object""], ""fps"": {""gesture"": 0, ""object"": 0}, ""eff_fps"": {""gesture"": 0, ""object"": 0}, ""latency_ms"": {""gesture"": 0, ""object"": 0}, ""svclat_ms"": {""gesture"": 0.0, ""object"": 0.0}}, ""e14"": {""services"": [""gesture"", ""object""], ""fps"": {""gesture"": 0, ""object"": 0}, ""eff_fps"": {""gesture"": 0, ""object"": 0}, ""latency_ms"": {""gesture"": 0, ""object"": 0}, ""svclat_ms"": {""gesture"": 0.0, ""object"": 0.0}}, ""e15"": {""services"": [""gesture"", ""object""], ""fps"": {""gesture"": 0, ""object"": 0}, ""eff_fps"": {""gesture"": 0, ""object"": 0}, ""latency_ms"": {""gesture"": 0, ""object"": 0}, ""svclat_ms"": {""gesture"": 0.0, ""object"": 0.0}}}"
400.4,12,12,1.0,3,3,23,16,13,0.812,1228.0,720.0,0.586,0.0,1.45,0.0,0,30.0,29.9,0,30.0,29.9,0,0,0,0,15.83,22.05,599,"{""ip-172-31-0-204"": ""healthy"", ""ip-172-31-1-171"": ""healthy"", ""ip-172-31-10-12"": ""healthy"", ""ip-172-31-11-132"": ""healthy"", ""ip-172-31-13-134"": ""healthy"", ""ip-172-31-14-68"": ""healthy"", ""ip-172-31-40-239"": ""healthy""}",subscribe,116.2,1.0,1,24,"{""ip-172-31-13-134"": {""object"": 1, ""gesture"": 1}, ""ip-172-31-40-239"": {""object"": 1, ""pose"": 1}, ""ip-172-31-14-68"": {""object"": 1, ""gesture"": 1}, ""ip-172-31-10-12"": {""object"": 1, ""gesture"": 1}, ""ip-172-31-11-132"": {""object"": 1, ""gesture"": 1, ""pose"": 1}, ""ip-172-31-0-204"": {""pose"": 1, ""gesture"": 1, ""object"": 1}, ""ip-172-31-1-171"": {""gesture"": 1, ""object"": 1}}","{""e3"": {""services"": [""gesture"", ""object""], ""fps"": {""gesture"": 30, ""object"": 30}, ""eff_fps"": {""gesture"": 30, ""object"": 30}, ""latency_ms"": {""gesture"": 0, ""object"": 0}, ""svclat_ms"": {""gesture"": 15.59, ""object"": 20.71}}, ""e4"": {""services"": [""gesture"", ""object""], ""fps"": {""gesture"": 30, ""object"": 30}, ""eff_fps"": {""gesture"": 30, ""object"": 30}, ""latency_ms"": {""gesture"": 0, ""object"": 0}, ""svclat_ms"": {""gesture"": 15.65, ""object"": 25.01}}, ""e5"": {""services"": [""gesture"", ""object""], ""fps"": {""gesture"": 30, ""object"": 30}, ""eff_fps"": {""gesture"": 30, ""object"": 30}, ""latency_ms"": {""gesture"": 0, ""object"": 0}, ""svclat_ms"": {""gesture"": 17.19, ""object"": 22.11}}, ""e6"": {""services"": [""gesture"", ""object""], ""fps"": {""gesture"": 30, ""object"": 30}, ""eff_fps"": {""gesture"": 30, ""object"": 30}, ""latency_ms"": {""gesture"": 0, ""object"": 0}, ""svclat_ms"": {""gesture"": 15.57, ""object"": 22.34}}, ""e7"": {""services"": [""gesture"", ""object""], ""fps"": {""gesture"": 30, ""object"": 30}, ""eff_fps"": {""gesture"": 30, ""object"": 30}, ""latency_ms"": {""gesture"": 0, ""object"": 0}, ""svclat_ms"": {""gesture"": 15.62, ""object"": 23.68}}, ""e8"": {""services"": [""gesture"", ""object""], ""fps"": {""gesture"": 30, ""object"": 29}, ""eff_fps"": {""gesture"": 30, ""object"": 29}, ""latency_ms"": {""gesture"": 0, ""object"": 0}, ""svclat_ms"": {""gesture"": 15.73, ""object"": 21.75}}, ""e9"": {""services"": [""gesture"", ""object""], ""fps"": {""gesture"": 30, ""object"": 30}, ""eff_fps"": {""gesture"": 30, ""object"": 30}, ""latency_ms"": {""gesture"": 0, ""object"": 0}, ""svclat_ms"": {""gesture"": 16.77, ""object"": 22.19}}, ""e10"": {""services"": [""gesture"", ""object""], ""fps"": {""gesture"": 30, ""object"": 30}, ""eff_fps"": {""gesture"": 30, ""object"": 30}, ""latency_ms"": {""gesture"": 0, ""object"": 0}, ""svclat_ms"": {""gesture"": 15.56, ""object"": 21.03}}, ""e11"": {""services"": [""gesture"", ""object""], ""fps"": {""gesture"": 30, ""object"": 30}, ""eff_fps"": {""gesture"": 30, ""object"": 30}, ""latency_ms"": {""gesture"": 0, ""object"": 0}, ""svclat_ms"": {""gesture"": 15.18, ""object"": 19.54}}, ""e12"": {""services"": [""gesture"", ""object""], ""fps"": {""gesture"": 30, ""object"": 30}, ""eff_fps"": {""gesture"": 30, ""object"": 30}, ""latency_ms"": {""gesture"": 0, ""object"": 0}, ""svclat_ms"": {""gesture"": 15.41, ""object"": 22.15}}, ""e13"": {""services"": [""gesture"", ""object""], ""fps"": {""gesture"": 0, ""object"": 0}, ""eff_fps"": {""gesture"": 0, ""object"": 0}, ""latency_ms"": {""gesture"": 0, ""object"": 0}, ""svclat_ms"": {""gesture"": 0.0, ""object"": 0.0}}, ""e14"": {""services"": [""gesture"", ""object""], ""fps"": {""gesture"": 0, ""object"": 0}, ""eff_fps"": {""gesture"": 0, ""object"": 0}, ""latency_ms"": {""gesture"": 0, ""object"": 0}, ""svclat_ms"": {""gesture"": 0.0, ""object"": 0.0}}, ""e15"": {""services"": [""gesture"", ""object""], ""fps"": {""gesture"": 0, ""object"": 0}, ""eff_fps"": {""gesture"": 0, ""object"": 0}, ""latency_ms"": {""gesture"": 0, ""object"": 0}, ""svclat_ms"": {""gesture"": 0.0, ""object"": 0.0}}}"
404.9,12,12,1.0,0,0,23,16,13,0.812,1228.0,720.0,0.586,0.0,1.33,0.0,0,29.89,29.89,0,29.89,29.89,0,0,0,0,16.02,22.15,538,"{""ip-172-31-0-204"": ""healthy"", ""ip-172-31-1-171"": ""healthy"", ""ip-172-31-10-12"": ""healthy"", ""ip-172-31-11-132"": ""healthy"", ""ip-172-31-13-134"": ""healthy"", ""ip-172-31-14-68"": ""healthy"", ""ip-172-31-40-239"": ""healthy""}",subscribe,113.6,1.0,0,0,"{""ip-172-31-13-134"": {""object"": 1, ""gesture"": 1}, ""ip-172-31-40-239"": {""object"": 1, ""pose"": 1}, ""ip-172-31-14-68"": {""object"": 1, ""gesture"": 1}, ""ip-172-31-10-12"": {""object"": 1, ""gesture"": 1}, ""ip-172-31-11-132"": {""object"": 1, ""gesture"": 1, ""pose"": 1}, ""ip-172-31-0-204"": {""pose"": 1, ""gesture"": 1, ""object"": 1}, ""ip-172-31-1-171"": {""gesture"": 1, ""object"": 1}}","{""e4"": {""services"": [""gesture"", ""object""], ""fps"": {""gesture"": 30, ""object"": 30}, ""eff_fps"": {""gesture"": 30, ""object"": 30}, ""latency_ms"": {""gesture"": 0, ""object"": 0}, ""svclat_ms"": {""gesture"": 16.29, ""object"": 23.83}}, ""e5"": {""services"": [""gesture"", ""object""], ""fps"": {""gesture"": 29, ""object"": 30}, ""eff_fps"": {""gesture"": 29, ""object"": 30}, ""latency_ms"": {""gesture"": 0, ""object"": 0}, ""svclat_ms"": {""gesture"": 16.86, ""object"": 22.62}}, ""e6"": {""services"": [""gesture"", ""object""], ""fps"": {""gesture"": 30, ""object"": 30}, ""eff_fps"": {""gesture"": 30, ""object"": 30}, ""latency_ms"": {""gesture"": 0, ""object"": 0}, ""svclat_ms"": {""gesture"": 15.7, ""object"": 22.19}}, ""e7"": {""services"": [""gesture"", ""object""], ""fps"": {""gesture"": 30, ""object"": 30}, ""eff_fps"": {""gesture"": 30, ""object"": 30}, ""latency_ms"": {""gesture"": 0, ""object"": 0}, ""svclat_ms"": {""gesture"": 15.88, ""object"": 23.44}}, ""e8"": {""services"": [""gesture"", ""object""], ""fps"": {""gesture"": 30, ""object"": 30}, ""eff_fps"": {""gesture"": 30, ""object"": 30}, ""latency_ms"": {""gesture"": 0, ""object"": 0}, ""svclat_ms"": {""gesture"": 16.9, ""object"": 21.8}}, ""e9"": {""services"": [""gesture"", ""object""], ""fps"": {""gesture"": 30, ""object"": 30}, ""eff_fps"": {""gesture"": 30, ""object"": 30}, ""latency_ms"": {""gesture"": 0, ""object"": 0}, ""svclat_ms"": {""gesture"": 16.39, ""object"": 21.06}}, ""e10"": {""services"": [""gesture"", ""object""], ""fps"": {""gesture"": 30, ""object"": 29}, ""eff_fps"": {""gesture"": 30, ""object"": 29}, ""latency_ms"": {""gesture"": 0, ""object"": 0}, ""svclat_ms"": {""gesture"": 15.66, ""object"": 21.87}}, ""e11"": {""services"": [""gesture"", ""object""], ""fps"": {""gesture"": 30, ""object"": 30}, ""eff_fps"": {""gesture"": 30, ""object"": 30}, ""latency_ms"": {""gesture"": 0, ""object"": 0}, ""svclat_ms"": {""gesture"": 14.96, ""object"": 19.69}}, ""e12"": {""services"": [""gesture"", ""object""], ""fps"": {""gesture"": 30, ""object"": 30}, ""eff_fps"": {""gesture"": 30, ""object"": 30}, ""latency_ms"": {""gesture"": 0, ""object"": 0}, ""svclat_ms"": {""gesture"": 15.53, ""object"": 22.88}}, ""e13"": {""services"": [""gesture"", ""object""], ""fps"": {""gesture"": 0, ""object"": 0}, ""eff_fps"": {""gesture"": 0, ""object"": 0}, ""latency_ms"": {""gesture"": 0, ""object"": 0}, ""svclat_ms"": {""gesture"": 0.0, ""object"": 0.0}}, ""e14"": {""services"": [""gesture"", ""object""], ""fps"": {""gesture"": 0, ""object"": 0}, ""eff_fps"": {""gesture"": 0, ""object"": 0}, ""latency_ms"": {""gesture"": 0, ""object"": 0}, ""svclat_ms"": {""gesture"": 0.0, ""object"": 0.0}}, ""e15"": {""services"": [""gesture"", ""object""], ""fps"": {""gesture"": 0, ""object"": 0}, ""eff_fps"": {""gesture"": 0, ""object"": 0}, ""latency_ms"": {""gesture"": 0, ""object"": 0}, ""svclat_ms"": {""gesture"": 0.0, ""object"": 0.0}}}"
409.6,12,12,1.0,0,0,23,16,13,0.812,1228.0,720,0.586,0.0,1.45,0.0,0,30.0,30.1,0,30.0,30.1,0,0,0,0,16.08,21.63,601,"{""ip-172-31-0-204"": ""healthy"", ""ip-172-31-1-171"": ""healthy"", ""ip-172-31-10-12"": ""healthy"", ""ip-172-31-11-132"": ""healthy"", ""ip-172-31-13-134"": ""healthy"", ""ip-172-31-14-68"": ""healthy"", ""ip-172-31-40-239"": ""healthy""}",unsubscribe,117.0,1.0,0,0,"{""ip-172-31-13-134"": {""object"": 1, ""gesture"": 1}, ""ip-172-31-40-239"": {""object"": 1, ""pose"": 1}, ""ip-172-31-14-68"": {""object"": 1, ""gesture"": 1}, ""ip-172-31-10-12"": {""object"": 1, ""gesture"": 1}, ""ip-172-31-11-132"": {""object"": 1, ""gesture"": 1, ""pose"": 1}, ""ip-172-31-0-204"": {""pose"": 1, ""gesture"": 1, ""object"": 1}, ""ip-172-31-1-171"": {""gesture"": 1, ""object"": 1}}","{""e5"": {""services"": [""gesture"", ""object""], ""fps"": {""gesture"": 29, ""object"": 30}, ""eff_fps"": {""gesture"": 29, ""object"": 30}, ""latency_ms"": {""gesture"": 0, ""object"": 0}, ""svclat_ms"": {""gesture"": 16.84, ""object"": 22.77}}, ""e6"": {""services"": [""gesture"", ""object""], ""fps"": {""gesture"": 30, ""object"": 30}, ""eff_fps"": {""gesture"": 30, ""object"": 30}, ""latency_ms"": {""gesture"": 0, ""object"": 0}, ""svclat_ms"": {""gesture"": 15.94, ""object"": 22.98}}, ""e7"": {""services"": [""gesture"", ""object""], ""fps"": {""gesture"": 30, ""object"": 30}, ""eff_fps"": {""gesture"": 30, ""object"": 30}, ""latency_ms"": {""gesture"": 0, ""object"": 0}, ""svclat_ms"": {""gesture"": 15.4, ""object"": 22.32}}, ""e8"": {""services"": [""gesture"", ""object""], ""fps"": {""gesture"": 30, ""object"": 31}, ""eff_fps"": {""gesture"": 30, ""object"": 31}, ""latency_ms"": {""gesture"": 0, ""object"": 0}, ""svclat_ms"": {""gesture"": 16.89, ""object"": 21.89}}, ""e9"": {""services"": [""gesture"", ""object""], ""fps"": {""gesture"": 31, ""object"": 30}, ""eff_fps"": {""gesture"": 31, ""object"": 30}, ""latency_ms"": {""gesture"": 0, ""object"": 0}, ""svclat_ms"": {""gesture"": 16.61, ""object"": 20.13}}, ""e10"": {""services"": [""gesture"", ""object""], ""fps"": {""gesture"": 30, ""object"": 30}, ""eff_fps"": {""gesture"": 30, ""object"": 30}, ""latency_ms"": {""gesture"": 0, ""object"": 0}, ""svclat_ms"": {""gesture"": 16.36, ""object"": 19.72}}, ""e11"": {""services"": [""gesture"", ""object""], ""fps"": {""gesture"": 30, ""object"": 30}, ""eff_fps"": {""gesture"": 30, ""object"": 30}, ""latency_ms"": {""gesture"": 0, ""object"": 0}, ""svclat_ms"": {""gesture"": 14.74, ""object"": 20.94}}, ""e12"": {""services"": [""gesture"", ""object""], ""fps"": {""gesture"": 30, ""object"": 30}, ""eff_fps"": {""gesture"": 30, ""object"": 30}, ""latency_ms"": {""gesture"": 0, ""object"": 0}, ""svclat_ms"": {""gesture"": 16.74, ""object"": 21.93}}, ""e13"": {""services"": [""gesture"", ""object""], ""fps"": {""gesture"": 30, ""object"": 30}, ""eff_fps"": {""gesture"": 30, ""object"": 30}, ""latency_ms"": {""gesture"": 0, ""object"": 0}, ""svclat_ms"": {""gesture"": 16.01, ""object"": 20.57}}, ""e14"": {""services"": [""gesture"", ""object""], ""fps"": {""gesture"": 30, ""object"": 30}, ""eff_fps"": {""gesture"": 30, ""object"": 30}, ""latency_ms"": {""gesture"": 0, ""object"": 0}, ""svclat_ms"": {""gesture"": 15.3, ""object"": 23.06}}, ""e15"": {""services"": [""gesture"", ""object""], ""fps"": {""gesture"": 0, ""object"": 0}, ""eff_fps"": {""gesture"": 0, ""object"": 0}, ""latency_ms"": {""gesture"": 0, ""object"": 0}, ""svclat_ms"": {""gesture"": 0.0, ""object"": 0.0}}}"
414.1,12,12,1.0,0,0,23,16,13,0.812,1228.0,720.0,0.586,0.0,1.33,0.0,0,30.1,30.0,0,30.1,30.0,0,0,0,0,16.04,21.69,601,"{""ip-172-31-0-204"": ""healthy"", ""ip-172-31-1-171"": ""healthy"", ""ip-172-31-10-12"": ""healthy"", ""ip-172-31-11-132"": ""healthy"", ""ip-172-31-13-134"": ""healthy"", ""ip-172-31-14-68"": ""healthy"", ""ip-172-31-40-239"": ""healthy""}",subscribe,118.7,1.0,0,0,"{""ip-172-31-13-134"": {""object"": 1, ""gesture"": 1}, ""ip-172-31-40-239"": {""object"": 1, ""pose"": 1}, ""ip-172-31-14-68"": {""object"": 1, ""gesture"": 1}, ""ip-172-31-10-12"": {""object"": 1, ""gesture"": 1}, ""ip-172-31-11-132"": {""object"": 1, ""gesture"": 1, ""pose"": 1}, ""ip-172-31-0-204"": {""pose"": 1, ""gesture"": 1, ""object"": 1}, ""ip-172-31-1-171"": {""gesture"": 1, ""object"": 1}}","{""e5"": {""services"": [""gesture"", ""object""], ""fps"": {""gesture"": 30, ""object"": 30}, ""eff_fps"": {""gesture"": 30, ""object"": 30}, ""latency_ms"": {""gesture"": 0, ""object"": 0}, ""svclat_ms"": {""gesture"": 16.55, ""object"": 22.78}}, ""e6"": {""services"": [""gesture"", ""object""], ""fps"": {""gesture"": 30, ""object"": 30}, ""eff_fps"": {""gesture"": 30, ""object"": 30}, ""latency_ms"": {""gesture"": 0, ""object"": 0}, ""svclat_ms"": {""gesture"": 15.92, ""object"": 22.82}}, ""e7"": {""services"": [""gesture"", ""object""], ""fps"": {""gesture"": 30, ""object"": 30}, ""eff_fps"": {""gesture"": 30, ""object"": 30}, ""latency_ms"": {""gesture"": 0, ""object"": 0}, ""svclat_ms"": {""gesture"": 15.42, ""object"": 22.24}}, ""e8"": {""services"": [""gesture"", ""object""], ""fps"": {""gesture"": 30, ""object"": 30}, ""eff_fps"": {""gesture"": 30, ""object"": 30}, ""latency_ms"": {""gesture"": 0, ""object"": 0}, ""svclat_ms"": {""gesture"": 17.4, ""object"": 22.06}}, ""e9"": {""services"": [""gesture"", ""object""], ""fps"": {""gesture"": 31, ""object"": 30}, ""eff_fps"": {""gesture"": 31, ""object"": 30}, ""latency_ms"": {""gesture"": 0, ""object"": 0}, ""svclat_ms"": {""gesture"": 16.46, ""object"": 19.78}}, ""e10"": {""services"": [""gesture"", ""object""], ""fps"": {""gesture"": 30, ""object"": 30}, ""eff_fps"": {""gesture"": 30, ""object"": 30}, ""latency_ms"": {""gesture"": 0, ""object"": 0}, ""svclat_ms"": {""gesture"": 15.95, ""object"": 19.78}}, ""e11"": {""services"": [""gesture"", ""object""], ""fps"": {""gesture"": 30, ""object"": 30}, ""eff_fps"": {""gesture"": 30, ""object"": 30}, ""latency_ms"": {""gesture"": 0, ""object"": 0}, ""svclat_ms"": {""gesture"": 14.59, ""object"": 21.08}}, ""e12"": {""services"": [""gesture"", ""object""], ""fps"": {""gesture"": 30, ""object"": 30}, ""eff_fps"": {""gesture"": 30, ""object"": 30}, ""latency_ms"": {""gesture"": 0, ""object"": 0}, ""svclat_ms"": {""gesture"": 16.58, ""object"": 21.84}}, ""e13"": {""services"": [""gesture"", ""object""], ""fps"": {""gesture"": 30, ""object"": 30}, ""eff_fps"": {""gesture"": 30, ""object"": 30}, ""latency_ms"": {""gesture"": 0, ""object"": 0}, ""svclat_ms"": {""gesture"": 15.98, ""object"": 21.61}}, ""e14"": {""services"": [""gesture"", ""object""], ""fps"": {""gesture"": 30, ""object"": 30}, ""eff_fps"": {""gesture"": 30, ""object"": 30}, ""latency_ms"": {""gesture"": 0, ""object"": 0}, ""svclat_ms"": {""gesture"": 15.53, ""object"": 22.87}}, ""e15"": {""services"": [""gesture"", ""object""], ""fps"": {""gesture"": 0, ""object"": 0}, ""eff_fps"": {""gesture"": 0, ""object"": 0}, ""latency_ms"": {""gesture"": 0, ""object"": 0}, ""svclat_ms"": {""gesture"": 0.0, ""object"": 0.0}}}"
419.4,11,11,1.0,0,0,23,16,13,0.812,1228.0,660.0,0.537,0.0,1.45,0.0,0,30.0,30.18,0,30.0,30.18,0,0,0,0,15.95,21.37,662,"{""ip-172-31-0-204"": ""healthy"", ""ip-172-31-1-171"": ""healthy"", ""ip-172-31-10-12"": ""healthy"", ""ip-172-31-11-132"": ""healthy"", ""ip-172-31-13-134"": ""healthy"", ""ip-172-31-14-68"": ""healthy"", ""ip-172-31-40-239"": ""healthy""}",subscribe,110.0,1.0,0,0,"{""ip-172-31-13-134"": {""object"": 1, ""gesture"": 1}, ""ip-172-31-40-239"": {""object"": 1, ""pose"": 1}, ""ip-172-31-14-68"": {""object"": 1, ""gesture"": 1}, ""ip-172-31-10-12"": {""object"": 1, ""gesture"": 1}, ""ip-172-31-11-132"": {""object"": 1, ""gesture"": 1, ""pose"": 1}, ""ip-172-31-0-204"": {""pose"": 1, ""gesture"": 1, ""object"": 1}, ""ip-172-31-1-171"": {""gesture"": 1, ""object"": 1}}","{""e5"": {""services"": [""gesture"", ""object""], ""fps"": {""gesture"": 30, ""object"": 30}, ""eff_fps"": {""gesture"": 30, ""object"": 30}, ""latency_ms"": {""gesture"": 0, ""object"": 0}, ""svclat_ms"": {""gesture"": 16.65, ""object"": 17.71}}, ""e6"": {""services"": [""gesture"", ""object""], ""fps"": {""gesture"": 30, ""object"": 31}, ""eff_fps"": {""gesture"": 30, ""object"": 31}, ""latency_ms"": {""gesture"": 0, ""object"": 0}, ""svclat_ms"": {""gesture"": 16.13, ""object"": 23.04}}, ""e7"": {""services"": [""gesture"", ""object""], ""fps"": {""gesture"": 30, ""object"": 30}, ""eff_fps"": {""gesture"": 30, ""object"": 30}, ""latency_ms"": {""gesture"": 0, ""object"": 0}, ""svclat_ms"": {""gesture"": 15.8, ""object"": 23.0}}, ""e8"": {""services"": [""gesture"", ""object""], ""fps"": {""gesture"": 30, ""object"": 30}, ""eff_fps"": {""gesture"": 30, ""object"": 30}, ""latency_ms"": {""gesture"": 0, ""object"": 0}, ""svclat_ms"": {""gesture"": 16.76, ""object"": 19.83}}, ""e9"": {""services"": [""gesture"", ""object""], ""fps"": {""gesture"": 30, ""object"": 30}, ""eff_fps"": {""gesture"": 30, ""object"": 30}, ""latency_ms"": {""gesture"": 0, ""object"": 0}, ""svclat_ms"": {""gesture"": 15.8, ""object"": 20.95}}, ""e10"": {""services"": [""gesture"", ""object""], ""fps"": {""gesture"": 30, ""object"": 31}, ""eff_fps"": {""gesture"": 30, ""object"": 31}, ""latency_ms"": {""gesture"": 0, ""object"": 0}, ""svclat_ms"": {""gesture"": 15.25, ""object"": 22.9}}, ""e11"": {""services"": [""gesture"", ""object""], ""fps"": {""gesture"": 30, ""object"": 30}, ""eff_fps"": {""gesture"": 30, ""object"": 30}, ""latency_ms"": {""gesture"": 0, ""object"": 0}, ""svclat_ms"": {""gesture"": 16.28, ""object"": 21.83}}, ""e12"": {""services"": [""gesture"", ""object""], ""fps"": {""gesture"": 30, ""object"": 30}, ""eff_fps"": {""gesture"": 30, ""object"": 30}, ""latency_ms"": {""gesture"": 0, ""object"": 0}, ""svclat_ms"": {""gesture"": 16.18, ""object"": 19.96}}, ""e13"": {""services"": [""gesture"", ""object""], ""fps"": {""gesture"": 30, ""object"": 30}, ""eff_fps"": {""gesture"": 30, ""object"": 30}, ""latency_ms"": {""gesture"": 0, ""object"": 0}, ""svclat_ms"": {""gesture"": 16.16, ""object"": 22.7}}, ""e14"": {""services"": [""gesture"", ""object""], ""fps"": {""gesture"": 30, ""object"": 30}, ""eff_fps"": {""gesture"": 30, ""object"": 30}, ""latency_ms"": {""gesture"": 0, ""object"": 0}, ""svclat_ms"": {""gesture"": 15.55, ""object"": 22.79}}, ""e15"": {""services"": [""gesture"", ""object""], ""fps"": {""gesture"": 30, ""object"": 30}, ""eff_fps"": {""gesture"": 30, ""object"": 30}, ""latency_ms"": {""gesture"": 0, ""object"": 0}, ""svclat_ms"": {""gesture"": 14.91, ""object"": 20.32}}}"
423.1,11,11,1.0,0,0,23,16,13,0.812,1228.0,660,0.537,0.0,1.45,0.0,0,30.0,30.0,0,30.0,30.0,0,0,0,0,16.09,21.56,660,"{""ip-172-31-0-204"": ""healthy"", ""ip-172-31-1-171"": ""healthy"", ""ip-172-31-10-12"": ""healthy"", ""ip-172-31-11-132"": ""healthy"", ""ip-172-31-13-134"": ""healthy"", ""ip-172-31-14-68"": ""healthy"", ""ip-172-31-40-239"": ""healthy""}",unsubscribe,110.8,1.0,0,0,"{""ip-172-31-13-134"": {""object"": 1, ""gesture"": 1}, ""ip-172-31-40-239"": {""object"": 1, ""pose"": 1}, ""ip-172-31-14-68"": {""object"": 1, ""gesture"": 1}, ""ip-172-31-10-12"": {""object"": 1, ""gesture"": 1}, ""ip-172-31-11-132"": {""object"": 1, ""gesture"": 1, ""pose"": 1}, ""ip-172-31-0-204"": {""pose"": 1, ""gesture"": 1, ""object"": 1}, ""ip-172-31-1-171"": {""gesture"": 1, ""object"": 1}}","{""e5"": {""services"": [""gesture"", ""object""], ""fps"": {""gesture"": 30, ""object"": 30}, ""eff_fps"": {""gesture"": 30, ""object"": 30}, ""latency_ms"": {""gesture"": 0, ""object"": 0}, ""svclat_ms"": {""gesture"": 17.58, ""object"": 17.29}}, ""e6"": {""services"": [""gesture"", ""object""], ""fps"": {""gesture"": 30, ""object"": 30}, ""eff_fps"": {""gesture"": 30, ""object"": 30}, ""latency_ms"": {""gesture"": 0, ""object"": 0}, ""svclat_ms"": {""gesture"": 16.54, ""object"": 22.39}}, ""e7"": {""services"": [""gesture"", ""object""], ""fps"": {""gesture"": 30, ""object"": 30}, ""eff_fps"": {""gesture"": 30, ""object"": 30}, ""latency_ms"": {""gesture"": 0, ""object"": 0}, ""svclat_ms"": {""gesture"": 15.77, ""object"": 24.57}}, ""e8"": {""services"": [""gesture"", ""object""], ""fps"": {""gesture"": 30, ""object"": 30}, ""eff_fps"": {""gesture"": 30, ""object"": 30}, ""latency_ms"": {""gesture"": 0, ""object"": 0}, ""svclat_ms"": {""gesture"": 16.94, ""object"": 21.75}}, ""e9"": {""services"": [""gesture"", ""object""], ""fps"": {""gesture"": 30, ""object"": 30}, ""eff_fps"": {""gesture"": 30, ""object"": 30}, ""latency_ms"": {""gesture"": 0, ""object"": 0}, ""svclat_ms"": {""gesture"": 16.75, ""object"": 20.45}}, ""e10"": {""services"": [""gesture"", ""object""], ""fps"": {""gesture"": 30, ""object"": 30}, ""eff_fps"": {""gesture"": 30, ""object"": 30}, ""latency_ms"": {""gesture"": 0, ""object"": 0}, ""svclat_ms"": {""gesture"": 15.43, ""object"": 21.47}}, ""e11"": {""services"": [""gesture"", ""object""], ""fps"": {""gesture"": 30, ""object"": 30}, ""eff_fps"": {""gesture"": 30, ""object"": 30}, ""latency_ms"": {""gesture"": 0, ""object"": 0}, ""svclat_ms"": {""gesture"": 15.04, ""object"": 21.77}}, ""e12"": {""services"": [""gesture"", ""object""], ""fps"": {""gesture"": 30, ""object"": 30}, ""eff_fps"": {""gesture"": 30, ""object"": 30}, ""latency_ms"": {""gesture"": 0, ""object"": 0}, ""svclat_ms"": {""gesture"": 16.14, ""object"": 19.68}}, ""e13"": {""services"": [""gesture"", ""object""], ""fps"": {""gesture"": 30, ""object"": 30}, ""eff_fps"": {""gesture"": 30, ""object"": 30}, ""latency_ms"": {""gesture"": 0, ""object"": 0}, ""svclat_ms"": {""gesture"": 16.5, ""object"": 23.7}}, ""e14"": {""services"": [""gesture"", ""object""], ""fps"": {""gesture"": 30, ""object"": 30}, ""eff_fps"": {""gesture"": 30, ""object"": 30}, ""latency_ms"": {""gesture"": 0, ""object"": 0}, ""svclat_ms"": {""gesture"": 15.55, ""object"": 23.1}}, ""e15"": {""services"": [""gesture"", ""object""], ""fps"": {""gesture"": 30, ""object"": 30}, ""eff_fps"": {""gesture"": 30, ""object"": 30}, ""latency_ms"": {""gesture"": 0, ""object"": 0}, ""svclat_ms"": {""gesture"": 14.79, ""object"": 21.01}}}"
427.4,11,11,1.0,0,0,23,16,13,0.812,1228.0,660,0.537,0.0,1.45,0.0,0,30.0,30.0,0,30.0,30.0,0,0,0,0,16.06,21.53,600,"{""ip-172-31-0-204"": ""healthy"", ""ip-172-31-1-171"": ""healthy"", ""ip-172-31-10-12"": ""healthy"", ""ip-172-31-11-132"": ""healthy"", ""ip-172-31-13-134"": ""healthy"", ""ip-172-31-14-68"": ""healthy"", ""ip-172-31-40-239"": ""healthy""}",unsubscribe,110.8,1.0,0,0,"{""ip-172-31-13-134"": {""object"": 1, ""gesture"": 1}, ""ip-172-31-40-239"": {""object"": 1, ""pose"": 1}, ""ip-172-31-14-68"": {""object"": 1, ""gesture"": 1}, ""ip-172-31-10-12"": {""object"": 1, ""gesture"": 1}, ""ip-172-31-11-132"": {""object"": 1, ""gesture"": 1, ""pose"": 1}, ""ip-172-31-0-204"": {""pose"": 1, ""gesture"": 1, ""object"": 1}, ""ip-172-31-1-171"": {""gesture"": 1, ""object"": 1}}","{""e6"": {""services"": [""gesture"", ""object""], ""fps"": {""gesture"": 30, ""object"": 30}, ""eff_fps"": {""gesture"": 30, ""object"": 30}, ""latency_ms"": {""gesture"": 0, ""object"": 0}, ""svclat_ms"": {""gesture"": 16.0, ""object"": 24.74}}, ""e7"": {""services"": [""gesture"", ""object""], ""fps"": {""gesture"": 30, ""object"": 30}, ""eff_fps"": {""gesture"": 30, ""object"": 30}, ""latency_ms"": {""gesture"": 0, ""object"": 0}, ""svclat_ms"": {""gesture"": 16.46, ""object"": 21.25}}, ""e8"": {""services"": [""gesture"", ""object""], ""fps"": {""gesture"": 30, ""object"": 30}, ""eff_fps"": {""gesture"": 30, ""object"": 30}, ""latency_ms"": {""gesture"": 0, ""object"": 0}, ""svclat_ms"": {""gesture"": 17.12, ""object"": 21.51}}, ""e9"": {""services"": [""gesture"", ""object""], ""fps"": {""gesture"": 30, ""object"": 30}, ""eff_fps"": {""gesture"": 30, ""object"": 30}, ""latency_ms"": {""gesture"": 0, ""object"": 0}, ""svclat_ms"": {""gesture"": 15.35, ""object"": 20.63}}, ""e10"": {""services"": [""gesture"", ""object""], ""fps"": {""gesture"": 30, ""object"": 30}, ""eff_fps"": {""gesture"": 30, ""object"": 30}, ""latency_ms"": {""gesture"": 0, ""object"": 0}, ""svclat_ms"": {""gesture"": 15.41, ""object"": 22.4}}, ""e11"": {""services"": [""gesture"", ""object""], ""fps"": {""gesture"": 30, ""object"": 30}, ""eff_fps"": {""gesture"": 30, ""object"": 30}, ""latency_ms"": {""gesture"": 0, ""object"": 0}, ""svclat_ms"": {""gesture"": 16.22, ""object"": 21.56}}, ""e12"": {""services"": [""gesture"", ""object""], ""fps"": {""gesture"": 30, ""object"": 30}, ""eff_fps"": {""gesture"": 30, ""object"": 30}, ""latency_ms"": {""gesture"": 0, ""object"": 0}, ""svclat_ms"": {""gesture"": 16.71, ""object"": 19.65}}, ""e13"": {""services"": [""gesture"", ""object""], ""fps"": {""gesture"": 30, ""object"": 30}, ""eff_fps"": {""gesture"": 30, ""object"": 30}, ""latency_ms"": {""gesture"": 0, ""object"": 0}, ""svclat_ms"": {""gesture"": 17.06, ""object"": 19.61}}, ""e14"": {""services"": [""gesture"", ""object""], ""fps"": {""gesture"": 30, ""object"": 30}, ""eff_fps"": {""gesture"": 30, ""object"": 30}, ""latency_ms"": {""gesture"": 0, ""object"": 0}, ""svclat_ms"": {""gesture"": 15.32, ""object"": 23.44}}, ""e15"": {""services"": [""gesture"", ""object""], ""fps"": {""gesture"": 30, ""object"": 30}, ""eff_fps"": {""gesture"": 30, ""object"": 30}, ""latency_ms"": {""gesture"": 0, ""object"": 0}, ""svclat_ms"": {""gesture"": 14.95, ""object"": 20.48}}}"
429.9,10,10,1.0,0,0,23,16,13,0.812,1228.0,600,0.489,0.0,1.6,0.0,0,30.0,29.9,0,30.0,29.9,0,0,0,0,15.97,21.43,599,"{""ip-172-31-0-204"": ""healthy"", ""ip-172-31-1-171"": ""healthy"", ""ip-172-31-10-12"": ""healthy"", ""ip-172-31-11-132"": ""healthy"", ""ip-172-31-13-134"": ""healthy"", ""ip-172-31-14-68"": ""healthy"", ""ip-172-31-40-239"": ""healthy""}",unsubscribe,108.2,1.0,0,0,"{""ip-172-31-13-134"": {""object"": 1, ""gesture"": 1}, ""ip-172-31-40-239"": {""object"": 1, ""pose"": 1}, ""ip-172-31-14-68"": {""object"": 1, ""gesture"": 1}, ""ip-172-31-10-12"": {""object"": 1, ""gesture"": 1}, ""ip-172-31-11-132"": {""object"": 1, ""gesture"": 1, ""pose"": 1}, ""ip-172-31-0-204"": {""pose"": 1, ""gesture"": 1, ""object"": 1}, ""ip-172-31-1-171"": {""gesture"": 1, ""object"": 1}}","{""e6"": {""services"": [""gesture"", ""object""], ""fps"": {""gesture"": 30, ""object"": 30}, ""eff_fps"": {""gesture"": 30, ""object"": 30}, ""latency_ms"": {""gesture"": 0, ""object"": 0}, ""svclat_ms"": {""gesture"": 16.18, ""object"": 23.58}}, ""e7"": {""services"": [""gesture"", ""object""], ""fps"": {""gesture"": 30, ""object"": 30}, ""eff_fps"": {""gesture"": 30, ""object"": 30}, ""latency_ms"": {""gesture"": 0, ""object"": 0}, ""svclat_ms"": {""gesture"": 15.72, ""object"": 20.73}}, ""e8"": {""services"": [""gesture"", ""object""], ""fps"": {""gesture"": 30, ""object"": 29}, ""eff_fps"": {""gesture"": 30, ""object"": 29}, ""latency_ms"": {""gesture"": 0, ""object"": 0}, ""svclat_ms"": {""gesture"": 17.2, ""object"": 21.69}}, ""e9"": {""services"": [""gesture"", ""object""], ""fps"": {""gesture"": 30, ""object"": 30}, ""eff_fps"": {""gesture"": 30, ""object"": 30}, ""latency_ms"": {""gesture"": 0, ""object"": 0}, ""svclat_ms"": {""gesture"": 15.54, ""object"": 20.58}}, ""e10"": {""services"": [""gesture"", ""object""], ""fps"": {""gesture"": 30, ""object"": 30}, ""eff_fps"": {""gesture"": 30, ""object"": 30}, ""latency_ms"": {""gesture"": 0, ""object"": 0}, ""svclat_ms"": {""gesture"": 15.07, ""object"": 22.45}}, ""e11"": {""services"": [""gesture"", ""object""], ""fps"": {""gesture"": 30, ""object"": 30}, ""eff_fps"": {""gesture"": 30, ""object"": 30}, ""latency_ms"": {""gesture"": 0, ""object"": 0}, ""svclat_ms"": {""gesture"": 16.09, ""object"": 21.63}}, ""e12"": {""services"": [""gesture"", ""object""], ""fps"": {""gesture"": 30, ""object"": 30}, ""eff_fps"": {""gesture"": 30, ""object"": 30}, ""latency_ms"": {""gesture"": 0, ""object"": 0}, ""svclat_ms"": {""gesture"": 16.45, ""object"": 19.78}}, ""e13"": {""services"": [""gesture"", ""object""], ""fps"": {""gesture"": 30, ""object"": 30}, ""eff_fps"": {""gesture"": 30, ""object"": 30}, ""latency_ms"": {""gesture"": 0, ""object"": 0}, ""svclat_ms"": {""gesture"": 17.15, ""object"": 19.84}}, ""e14"": {""services"": [""gesture"", ""object""], ""fps"": {""gesture"": 30, ""object"": 30}, ""eff_fps"": {""gesture"": 30, ""object"": 30}, ""latency_ms"": {""gesture"": 0, ""object"": 0}, ""svclat_ms"": {""gesture"": 15.32, ""object"": 23.03}}, ""e15"": {""services"": [""gesture"", ""object""], ""fps"": {""gesture"": 30, ""object"": 30}, ""eff_fps"": {""gesture"": 30, ""object"": 30}, ""latency_ms"": {""gesture"": 0, ""object"": 0}, ""svclat_ms"": {""gesture"": 15.0, ""object"": 21.01}}}"
432.4,10,10,1.0,0,0,23,16,13,0.812,1228.0,600,0.489,0.0,1.6,0.0,0,30.0,29.9,0,30.0,29.9,0,0,0,0,15.9,21.22,599,"{""ip-172-31-0-204"": ""healthy"", ""ip-172-31-1-171"": ""healthy"", ""ip-172-31-10-12"": ""healthy"", ""ip-172-31-11-132"": ""healthy"", ""ip-172-31-13-134"": ""healthy"", ""ip-172-31-14-68"": ""healthy"", ""ip-172-31-40-239"": ""healthy""}",unsubscribe,108.2,1.0,0,0,"{""ip-172-31-13-134"": {""object"": 1, ""gesture"": 1}, ""ip-172-31-40-239"": {""object"": 1, ""pose"": 1}, ""ip-172-31-14-68"": {""object"": 1, ""gesture"": 1}, ""ip-172-31-10-12"": {""object"": 1, ""gesture"": 1}, ""ip-172-31-11-132"": {""object"": 1, ""gesture"": 1, ""pose"": 1}, ""ip-172-31-0-204"": {""pose"": 1, ""gesture"": 1, ""object"": 1}, ""ip-172-31-1-171"": {""gesture"": 1, ""object"": 1}}","{""e6"": {""services"": [""gesture"", ""object""], ""fps"": {""gesture"": 30, ""object"": 30}, ""eff_fps"": {""gesture"": 30, ""object"": 30}, ""latency_ms"": {""gesture"": 0, ""object"": 0}, ""svclat_ms"": {""gesture"": 15.87, ""object"": 22.72}}, ""e7"": {""services"": [""gesture"", ""object""], ""fps"": {""gesture"": 30, ""object"": 30}, ""eff_fps"": {""gesture"": 30, ""object"": 30}, ""latency_ms"": {""gesture"": 0, ""object"": 0}, ""svclat_ms"": {""gesture"": 16.03, ""object"": 20.13}}, ""e8"": {""services"": [""gesture"", ""object""], ""fps"": {""gesture"": 30, ""object"": 29}, ""eff_fps"": {""gesture"": 30, ""object"": 29}, ""latency_ms"": {""gesture"": 0, ""object"": 0}, ""svclat_ms"": {""gesture"": 16.83, ""object"": 22.42}}, ""e9"": {""services"": [""gesture"", ""object""], ""fps"": {""gesture"": 30, ""object"": 30}, ""eff_fps"": {""gesture"": 30, ""object"": 30}, ""latency_ms"": {""gesture"": 0, ""object"": 0}, ""svclat_ms"": {""gesture"": 14.93, ""object"": 20.7}}, ""e10"": {""services"": [""gesture"", ""object""], ""fps"": {""gesture"": 30, ""object"": 30}, ""eff_fps"": {""gesture"": 30, ""object"": 30}, ""latency_ms"": {""gesture"": 0, ""object"": 0}, ""svclat_ms"": {""gesture"": 15.55, ""object"": 21.6}}, ""e11"": {""services"": [""gesture"", ""object""], ""fps"": {""gesture"": 30, ""object"": 30}, ""eff_fps"": {""gesture"": 30, ""object"": 30}, ""latency_ms"": {""gesture"": 0, ""object"": 0}, ""svclat_ms"": {""gesture"": 15.08, ""object"": 21.74}}, ""e12"": {""services"": [""gesture"", ""object""], ""fps"": {""gesture"": 30, ""object"": 30}, ""eff_fps"": {""gesture"": 30, ""object"": 30}, ""latency_ms"": {""gesture"": 0, ""object"": 0}, ""svclat_ms"": {""gesture"": 16.67, ""object"": 19.88}}, ""e13"": {""services"": [""gesture"", ""object""], ""fps"": {""gesture"": 30, ""object"": 30}, ""eff_fps"": {""gesture"": 30, ""object"": 30}, ""latency_ms"": {""gesture"": 0, ""object"": 0}, ""svclat_ms"": {""gesture"": 17.75, ""object"": 19.03}}, ""e14"": {""services"": [""gesture"", ""object""], ""fps"": {""gesture"": 30, ""object"": 30}, ""eff_fps"": {""gesture"": 30, ""object"": 30}, ""latency_ms"": {""gesture"": 0, ""object"": 0}, ""svclat_ms"": {""gesture"": 15.43, ""object"": 23.26}}, ""e15"": {""services"": [""gesture"", ""object""], ""fps"": {""gesture"": 30, ""object"": 30}, ""eff_fps"": {""gesture"": 30, ""object"": 30}, ""latency_ms"": {""gesture"": 0, ""object"": 0}, ""svclat_ms"": {""gesture"": 14.9, ""object"": 20.75}}}"
434.9,10,10,1.0,0,0,23,16,13,0.812,1228.0,600,0.489,0.0,1.6,0.0,0,29.9,30.1,0,29.9,30.1,0,0,0,0,15.95,21.37,600,"{""ip-172-31-0-204"": ""healthy"", ""ip-172-31-1-171"": ""healthy"", ""ip-172-31-10-12"": ""healthy"", ""ip-172-31-11-132"": ""healthy"", ""ip-172-31-13-134"": ""healthy"", ""ip-172-31-14-68"": ""healthy"", ""ip-172-31-40-239"": ""healthy""}",unsubscribe,108.2,1.0,0,0,"{""ip-172-31-13-134"": {""object"": 1, ""gesture"": 1}, ""ip-172-31-40-239"": {""object"": 1, ""pose"": 1}, ""ip-172-31-14-68"": {""object"": 1, ""gesture"": 1}, ""ip-172-31-10-12"": {""object"": 1, ""gesture"": 1}, ""ip-172-31-11-132"": {""object"": 1, ""gesture"": 1, ""pose"": 1}, ""ip-172-31-0-204"": {""pose"": 1, ""gesture"": 1, ""object"": 1}, ""ip-172-31-1-171"": {""gesture"": 1, ""object"": 1}}","{""e6"": {""services"": [""gesture"", ""object""], ""fps"": {""gesture"": 30, ""object"": 30}, ""eff_fps"": {""gesture"": 30, ""object"": 30}, ""latency_ms"": {""gesture"": 0, ""object"": 0}, ""svclat_ms"": {""gesture"": 15.97, ""object"": 22.76}}, ""e7"": {""services"": [""gesture"", ""object""], ""fps"": {""gesture"": 30, ""object"": 30}, ""eff_fps"": {""gesture"": 30, ""object"": 30}, ""latency_ms"": {""gesture"": 0, ""object"": 0}, ""svclat_ms"": {""gesture"": 15.55, ""object"": 20.9}}, ""e8"": {""services"": [""gesture"", ""object""], ""fps"": {""gesture"": 30, ""object"": 31}, ""eff_fps"": {""gesture"": 30, ""object"": 31}, ""latency_ms"": {""gesture"": 0, ""object"": 0}, ""svclat_ms"": {""gesture"": 17.08, ""object"": 21.1}}, ""e9"": {""services"": [""gesture"", ""object""], ""fps"": {""gesture"": 30, ""object"": 30}, ""eff_fps"": {""gesture"": 30, ""object"": 30}, ""latency_ms"": {""gesture"": 0, ""object"": 0}, ""svclat_ms"": {""gesture"": 15.49, ""object"": 21.01}}, ""e10"": {""services"": [""gesture"", ""object""], ""fps"": {""gesture"": 30, ""object"": 30}, ""eff_fps"": {""gesture"": 30, ""object"": 30}, ""latency_ms"": {""gesture"": 0, ""object"": 0}, ""svclat_ms"": {""gesture"": 15.92, ""object"": 21.57}}, ""e11"": {""services"": [""gesture"", ""object""], ""fps"": {""gesture"": 30, ""object"": 30}, ""eff_fps"": {""gesture"": 30, ""object"": 30}, ""latency_ms"": {""gesture"": 0, ""object"": 0}, ""svclat_ms"": {""gesture"": 15.02, ""object"": 22.03}}, ""e12"": {""services"": [""gesture"", ""object""], ""fps"": {""gesture"": 30, ""object"": 30}, ""eff_fps"": {""gesture"": 30, ""object"": 30}, ""latency_ms"": {""gesture"": 0, ""object"": 0}, ""svclat_ms"": {""gesture"": 16.69, ""object"": 19.36}}, ""e13"": {""services"": [""gesture"", ""object""], ""fps"": {""gesture"": 30, ""object"": 30}, ""eff_fps"": {""gesture"": 30, ""object"": 30}, ""latency_ms"": {""gesture"": 0, ""object"": 0}, ""svclat_ms"": {""gesture"": 17.44, ""object"": 21.11}}, ""e14"": {""services"": [""gesture"", ""object""], ""fps"": {""gesture"": 30, ""object"": 30}, ""eff_fps"": {""gesture"": 30, ""object"": 30}, ""latency_ms"": {""gesture"": 0, ""object"": 0}, ""svclat_ms"": {""gesture"": 15.51, ""object"": 23.0}}, ""e15"": {""services"": [""gesture"", ""object""], ""fps"": {""gesture"": 29, ""object"": 30}, ""eff_fps"": {""gesture"": 29, ""object"": 30}, ""latency_ms"": {""gesture"": 0, ""object"": 0}, ""svclat_ms"": {""gesture"": 14.82, ""object"": 20.84}}}"
437.4,10,10,1.0,0,0,23,16,13,0.812,1228.0,600,0.489,0.0,1.6,0.0,0,30.0,30.0,0,30.0,30.0,0,0,0,0,15.87,21.25,600,"{""ip-172-31-0-204"": ""healthy"", ""ip-172-31-1-171"": ""healthy"", ""ip-172-31-10-12"": ""healthy"", ""ip-172-31-11-132"": ""healthy"", ""ip-172-31-13-134"": ""healthy"", ""ip-172-31-14-68"": ""healthy"", ""ip-172-31-40-239"": ""healthy""}",unsubscribe,108.2,1.0,0,0,"{""ip-172-31-13-134"": {""object"": 1, ""gesture"": 1}, ""ip-172-31-40-239"": {""object"": 1, ""pose"": 1}, ""ip-172-31-14-68"": {""object"": 1, ""gesture"": 1}, ""ip-172-31-10-12"": {""object"": 1, ""gesture"": 1}, ""ip-172-31-11-132"": {""object"": 1, ""gesture"": 1, ""pose"": 1}, ""ip-172-31-0-204"": {""pose"": 1, ""gesture"": 1, ""object"": 1}, ""ip-172-31-1-171"": {""gesture"": 1, ""object"": 1}}","{""e6"": {""services"": [""gesture"", ""object""], ""fps"": {""gesture"": 29, ""object"": 30}, ""eff_fps"": {""gesture"": 29, ""object"": 30}, ""latency_ms"": {""gesture"": 0, ""object"": 0}, ""svclat_ms"": {""gesture"": 16.11, ""object"": 23.64}}, ""e7"": {""services"": [""gesture"", ""object""], ""fps"": {""gesture"": 30, ""object"": 30}, ""eff_fps"": {""gesture"": 30, ""object"": 30}, ""latency_ms"": {""gesture"": 0, ""object"": 0}, ""svclat_ms"": {""gesture"": 16.37, ""object"": 20.95}}, ""e8"": {""services"": [""gesture"", ""object""], ""fps"": {""gesture"": 30, ""object"": 30}, ""eff_fps"": {""gesture"": 30, ""object"": 30}, ""latency_ms"": {""gesture"": 0, ""object"": 0}, ""svclat_ms"": {""gesture"": 16.88, ""object"": 20.78}}, ""e9"": {""services"": [""gesture"", ""object""], ""fps"": {""gesture"": 30, ""object"": 30}, ""eff_fps"": {""gesture"": 30, ""object"": 30}, ""latency_ms"": {""gesture"": 0, ""object"": 0}, ""svclat_ms"": {""gesture"": 15.73, ""object"": 21.11}}, ""e10"": {""services"": [""gesture"", ""object""], ""fps"": {""gesture"": 30, ""object"": 30}, ""eff_fps"": {""gesture"": 30, ""object"": 30}, ""latency_ms"": {""gesture"": 0, ""object"": 0}, ""svclat_ms"": {""gesture"": 15.92, ""object"": 21.35}}, ""e11"": {""services"": [""gesture"", ""object""], ""fps"": {""gesture"": 30, ""object"": 30}, ""eff_fps"": {""gesture"": 30, ""object"": 30}, ""latency_ms"": {""gesture"": 0, ""object"": 0}, ""svclat_ms"": {""gesture"": 14.8, ""object"": 22.05}}, ""e12"": {""services"": [""gesture"", ""object""], ""fps"": {""gesture"": 30, ""object"": 30}, ""eff_fps"": {""gesture"": 30, ""object"": 30}, ""latency_ms"": {""gesture"": 0, ""object"": 0}, ""svclat_ms"": {""gesture"": 16.12, ""object"": 19.77}}, ""e13"": {""services"": [""gesture"", ""object""], ""fps"": {""gesture"": 30, ""object"": 30}, ""eff_fps"": {""gesture"": 30, ""object"": 30}, ""latency_ms"": {""gesture"": 0, ""object"": 0}, ""svclat_ms"": {""gesture"": 16.47, ""object"": 19.67}}, ""e14"": {""services"": [""gesture"", ""object""], ""fps"": {""gesture"": 30, ""object"": 29}, ""eff_fps"": {""gesture"": 30, ""object"": 29}, ""latency_ms"": {""gesture"": 0, ""object"": 0}, ""svclat_ms"": {""gesture"": 15.35, ""object"": 22.76}}, ""e15"": {""services"": [""gesture"", ""object""], ""fps"": {""gesture"": 31, ""object"": 31}, ""eff_fps"": {""gesture"": 31, ""object"": 31}, ""latency_ms"": {""gesture"": 0, ""object"": 0}, ""svclat_ms"": {""gesture"": 14.93, ""object"": 20.43}}}"
440.0,10,10,1.0,0,0,23,16,13,0.812,1228.0,600,0.489,0.0,1.6,0.0,0,30.0,30.2,0,30.0,30.2,0,0,0,0,16.12,21.73,602,"{""ip-172-31-0-204"": ""healthy"", ""ip-172-31-1-171"": ""healthy"", ""ip-172-31-10-12"": ""healthy"", ""ip-172-31-11-132"": ""healthy"", ""ip-172-31-13-134"": ""healthy"", ""ip-172-31-14-68"": ""healthy"", ""ip-172-31-40-239"": ""healthy""}",unsubscribe,108.2,1.0,0,0,"{""ip-172-31-13-134"": {""object"": 1, ""gesture"": 1}, ""ip-172-31-40-239"": {""object"": 1, ""pose"": 1}, ""ip-172-31-14-68"": {""object"": 1, ""gesture"": 1}, ""ip-172-31-10-12"": {""object"": 1, ""gesture"": 1}, ""ip-172-31-11-132"": {""object"": 1, ""gesture"": 1, ""pose"": 1}, ""ip-172-31-0-204"": {""pose"": 1, ""gesture"": 1, ""object"": 1}, ""ip-172-31-1-171"": {""gesture"": 1, ""object"": 1}}","{""e6"": {""services"": [""gesture"", ""object""], ""fps"": {""gesture"": 30, ""object"": 30}, ""eff_fps"": {""gesture"": 30, ""object"": 30}, ""latency_ms"": {""gesture"": 0, ""object"": 0}, ""svclat_ms"": {""gesture"": 15.91, ""object"": 23.12}}, ""e7"": {""services"": [""gesture"", ""object""], ""fps"": {""gesture"": 30, ""object"": 30}, ""eff_fps"": {""gesture"": 30, ""object"": 30}, ""latency_ms"": {""gesture"": 0, ""object"": 0}, ""svclat_ms"": {""gesture"": 16.31, ""object"": 21.46}}, ""e8"": {""services"": [""gesture"", ""object""], ""fps"": {""gesture"": 30, ""object"": 31}, ""eff_fps"": {""gesture"": 30, ""object"": 31}, ""latency_ms"": {""gesture"": 0, ""object"": 0}, ""svclat_ms"": {""gesture"": 16.8, ""object"": 21.14}}, ""e9"": {""services"": [""gesture"", ""object""], ""fps"": {""gesture"": 30, ""object"": 30}, ""eff_fps"": {""gesture"": 30, ""object"": 30}, ""latency_ms"": {""gesture"": 0, ""object"": 0}, ""svclat_ms"": {""gesture"": 16.27, ""object"": 20.66}}, ""e10"": {""services"": [""gesture"", ""object""], ""fps"": {""gesture"": 30, ""object"": 31}, ""eff_fps"": {""gesture"": 30, ""object"": 31}, ""latency_ms"": {""gesture"": 0, ""object"": 0}, ""svclat_ms"": {""gesture"": 15.82, ""object"": 23.85}}, ""e11"": {""services"": [""gesture"", ""object""], ""fps"": {""gesture"": 30, ""object"": 30}, ""eff_fps"": {""gesture"": 30, ""object"": 30}, ""latency_ms"": {""gesture"": 0, ""object"": 0}, ""svclat_ms"": {""gesture"": 17.53, ""object"": 21.74}}, ""e12"": {""services"": [""gesture"", ""object""], ""fps"": {""gesture"": 30, ""object"": 30}, ""eff_fps"": {""gesture"": 30, ""object"": 30}, ""latency_ms"": {""gesture"": 0, ""object"": 0}, ""svclat_ms"": {""gesture"": 16.05, ""object"": 19.37}}, ""e13"": {""services"": [""gesture"", ""object""], ""fps"": {""gesture"": 30, ""object"": 30}, ""eff_fps"": {""gesture"": 30, ""object"": 30}, ""latency_ms"": {""gesture"": 0, ""object"": 0}, ""svclat_ms"": {""gesture"": 16.37, ""object"": 22.02}}, ""e14"": {""services"": [""gesture"", ""object""], ""fps"": {""gesture"": 30, ""object"": 30}, ""eff_fps"": {""gesture"": 30, ""object"": 30}, ""latency_ms"": {""gesture"": 0, ""object"": 0}, ""svclat_ms"": {""gesture"": 15.29, ""object"": 23.06}}, ""e15"": {""services"": [""gesture"", ""object""], ""fps"": {""gesture"": 30, ""object"": 30}, ""eff_fps"": {""gesture"": 30, ""object"": 30}, ""latency_ms"": {""gesture"": 0, ""object"": 0}, ""svclat_ms"": {""gesture"": 14.81, ""object"": 20.91}}}"
442.4,10,10,1.0,0,0,23,16,13,0.812,1228.0,600,0.489,0.0,1.6,0.0,0,30.2,30.0,0,30.2,30.0,0,0,0,0,16.13,21.55,602,"{""ip-172-31-0-204"": ""healthy"", ""ip-172-31-1-171"": ""healthy"", ""ip-172-31-10-12"": ""healthy"", ""ip-172-31-11-132"": ""healthy"", ""ip-172-31-13-134"": ""healthy"", ""ip-172-31-14-68"": ""healthy"", ""ip-172-31-40-239"": ""healthy""}",unsubscribe,108.2,1.0,0,0,"{""ip-172-31-13-134"": {""object"": 1, ""gesture"": 1}, ""ip-172-31-40-239"": {""object"": 1, ""pose"": 1}, ""ip-172-31-14-68"": {""object"": 1, ""gesture"": 1}, ""ip-172-31-10-12"": {""object"": 1, ""gesture"": 1}, ""ip-172-31-11-132"": {""object"": 1, ""gesture"": 1, ""pose"": 1}, ""ip-172-31-0-204"": {""pose"": 1, ""gesture"": 1, ""object"": 1}, ""ip-172-31-1-171"": {""gesture"": 1, ""object"": 1}}","{""e6"": {""services"": [""gesture"", ""object""], ""fps"": {""gesture"": 31, ""object"": 30}, ""eff_fps"": {""gesture"": 31, ""object"": 30}, ""latency_ms"": {""gesture"": 0, ""object"": 0}, ""svclat_ms"": {""gesture"": 15.76, ""object"": 24.19}}, ""e7"": {""services"": [""gesture"", ""object""], ""fps"": {""gesture"": 30, ""object"": 30}, ""eff_fps"": {""gesture"": 30, ""object"": 30}, ""latency_ms"": {""gesture"": 0, ""object"": 0}, ""svclat_ms"": {""gesture"": 16.91, ""object"": 19.99}}, ""e8"": {""services"": [""gesture"", ""object""], ""fps"": {""gesture"": 31, ""object"": 31}, ""eff_fps"": {""gesture"": 31, ""object"": 31}, ""latency_ms"": {""gesture"": 0, ""object"": 0}, ""svclat_ms"": {""gesture"": 17.26, ""object"": 21.64}}, ""e9"": {""services"": [""gesture"", ""object""], ""fps"": {""gesture"": 30, ""object"": 30}, ""eff_fps"": {""gesture"": 30, ""object"": 30}, ""latency_ms"": {""gesture"": 0, ""object"": 0}, ""svclat_ms"": {""gesture"": 15.0, ""object"": 20.5}}, ""e10"": {""services"": [""gesture"", ""object""], ""fps"": {""gesture"": 30, ""object"": 30}, ""eff_fps"": {""gesture"": 30, ""object"": 30}, ""latency_ms"": {""gesture"": 0, ""object"": 0}, ""svclat_ms"": {""gesture"": 15.89, ""object"": 23.22}}, ""e11"": {""services"": [""gesture"", ""object""], ""fps"": {""gesture"": 30, ""object"": 30}, ""eff_fps"": {""gesture"": 30, ""object"": 30}, ""latency_ms"": {""gesture"": 0, ""object"": 0}, ""svclat_ms"": {""gesture"": 16.93, ""object"": 21.76}}, ""e12"": {""services"": [""gesture"", ""object""], ""fps"": {""gesture"": 30, ""object"": 30}, ""eff_fps"": {""gesture"": 30, ""object"": 30}, ""latency_ms"": {""gesture"": 0, ""object"": 0}, ""svclat_ms"": {""gesture"": 16.38, ""object"": 20.05}}, ""e13"": {""services"": [""gesture"", ""object""], ""fps"": {""gesture"": 30, ""object"": 30}, ""eff_fps"": {""gesture"": 30, ""object"": 30}, ""latency_ms"": {""gesture"": 0, ""object"": 0}, ""svclat_ms"": {""gesture"": 16.69, ""object"": 20.03}}, ""e14"": {""services"": [""gesture"", ""object""], ""fps"": {""gesture"": 30, ""object"": 30}, ""eff_fps"": {""gesture"": 30, ""object"": 30}, ""latency_ms"": {""gesture"": 0, ""object"": 0}, ""svclat_ms"": {""gesture"": 15.44, ""object"": 23.01}}, ""e15"": {""services"": [""gesture"", ""object""], ""fps"": {""gesture"": 30, ""object"": 29}, ""eff_fps"": {""gesture"": 30, ""object"": 29}, ""latency_ms"": {""gesture"": 0, ""object"": 0}, ""svclat_ms"": {""gesture"": 15.08, ""object"": 21.08}}}"
445.0,10,10,1.0,0,0,23,16,13,0.812,1228.0,600,0.489,0.0,1.6,0.0,0,30.1,30.1,0,30.1,30.1,0,0,0,0,15.97,21.13,602,"{""ip-172-31-0-204"": ""healthy"", ""ip-172-31-1-171"": ""healthy"", ""ip-172-31-10-12"": ""healthy"", ""ip-172-31-11-132"": ""healthy"", ""ip-172-31-13-134"": ""healthy"", ""ip-172-31-14-68"": ""healthy"", ""ip-172-31-40-239"": ""healthy""}",unsubscribe,108.2,1.0,0,0,"{""ip-172-31-13-134"": {""object"": 1, ""gesture"": 1}, ""ip-172-31-40-239"": {""object"": 1, ""pose"": 1}, ""ip-172-31-14-68"": {""object"": 1, ""gesture"": 1}, ""ip-172-31-10-12"": {""object"": 1, ""gesture"": 1}, ""ip-172-31-11-132"": {""object"": 1, ""gesture"": 1, ""pose"": 1}, ""ip-172-31-0-204"": {""pose"": 1, ""gesture"": 1, ""object"": 1}, ""ip-172-31-1-171"": {""gesture"": 1, ""object"": 1}}","{""e6"": {""services"": [""gesture"", ""object""], ""fps"": {""gesture"": 31, ""object"": 30}, ""eff_fps"": {""gesture"": 31, ""object"": 30}, ""latency_ms"": {""gesture"": 0, ""object"": 0}, ""svclat_ms"": {""gesture"": 16.13, ""object"": 23.33}}, ""e7"": {""services"": [""gesture"", ""object""], ""fps"": {""gesture"": 30, ""object"": 30}, ""eff_fps"": {""gesture"": 30, ""object"": 30}, ""latency_ms"": {""gesture"": 0, ""object"": 0}, ""svclat_ms"": {""gesture"": 16.09, ""object"": 20.18}}, ""e8"": {""services"": [""gesture"", ""object""], ""fps"": {""gesture"": 30, ""object"": 31}, ""eff_fps"": {""gesture"": 30, ""object"": 31}, ""latency_ms"": {""gesture"": 0, ""object"": 0}, ""svclat_ms"": {""gesture"": 16.61, ""object"": 21.72}}, ""e9"": {""services"": [""gesture"", ""object""], ""fps"": {""gesture"": 30, ""object"": 30}, ""eff_fps"": {""gesture"": 30, ""object"": 30}, ""latency_ms"": {""gesture"": 0, ""object"": 0}, ""svclat_ms"": {""gesture"": 15.47, ""object"": 20.83}}, ""e10"": {""services"": [""gesture"", ""object""], ""fps"": {""gesture"": 30, ""object"": 30}, ""eff_fps"": {""gesture"": 30, ""object"": 30}, ""latency_ms"": {""gesture"": 0, ""object"": 0}, ""svclat_ms"": {""gesture"": 15.96, ""object"": 22.04}}, ""e11"": {""services"": [""gesture"", ""object""], ""fps"": {""gesture"": 30, ""object"": 30}, ""eff_fps"": {""gesture"": 30, ""object"": 30}, ""latency_ms"": {""gesture"": 0, ""object"": 0}, ""svclat_ms"": {""gesture"": 15.39, ""object"": 21.66}}, ""e12"": {""services"": [""gesture"", ""object""], ""fps"": {""gesture"": 30, ""object"": 30}, ""eff_fps"": {""gesture"": 30, ""object"": 30}, ""latency_ms"": {""gesture"": 0, ""object"": 0}, ""svclat_ms"": {""gesture"": 16.73, ""object"": 19.63}}, ""e13"": {""services"": [""gesture"", ""object""], ""fps"": {""gesture"": 30, ""object"": 30}, ""eff_fps"": {""gesture"": 30, ""object"": 30}, ""latency_ms"": {""gesture"": 0, ""object"": 0}, ""svclat_ms"": {""gesture"": 17.03, ""object"": 18.31}}, ""e14"": {""services"": [""gesture"", ""object""], ""fps"": {""gesture"": 30, ""object"": 30}, ""eff_fps"": {""gesture"": 30, ""object"": 30}, ""latency_ms"": {""gesture"": 0, ""object"": 0}, ""svclat_ms"": {""gesture"": 15.48, ""object"": 22.49}}, ""e15"": {""services"": [""gesture"", ""object""], ""fps"": {""gesture"": 30, ""object"": 30}, ""eff_fps"": {""gesture"": 30, ""object"": 30}, ""latency_ms"": {""gesture"": 0, ""object"": 0}, ""svclat_ms"": {""gesture"": 14.81, ""object"": 21.08}}}"
447.6,9,10,1.111,0,0,23,16,13,0.812,1228.0,600,0.489,0.0,1.78,0.0,0,30.0,30.14,0,30.0,30.14,0,0,0,0,15.55,21.08,421,"{""ip-172-31-0-204"": ""healthy"", ""ip-172-31-1-171"": ""healthy"", ""ip-172-31-10-12"": ""healthy"", ""ip-172-31-11-132"": ""healthy"", ""ip-172-31-13-134"": ""healthy"", ""ip-172-31-14-68"": ""healthy"", ""ip-172-31-40-239"": ""healthy""}",unsubscribe,108.2,1.0,0,0,"{""ip-172-31-13-134"": {""object"": 1, ""gesture"": 1}, ""ip-172-31-40-239"": {""object"": 1, ""pose"": 1}, ""ip-172-31-14-68"": {""object"": 1, ""gesture"": 1}, ""ip-172-31-10-12"": {""object"": 1, ""gesture"": 1}, ""ip-172-31-11-132"": {""object"": 1, ""gesture"": 1, ""pose"": 1}, ""ip-172-31-0-204"": {""pose"": 1, ""gesture"": 1, ""object"": 1}, ""ip-172-31-1-171"": {""gesture"": 1, ""object"": 1}}","{""e9"": {""services"": [""gesture"", ""object""], ""fps"": {""gesture"": 30, ""object"": 30}, ""eff_fps"": {""gesture"": 30, ""object"": 30}, ""latency_ms"": {""gesture"": 0, ""object"": 0}, ""svclat_ms"": {""gesture"": 17.11, ""object"": 20.68}}, ""e10"": {""services"": [""gesture"", ""object""], ""fps"": {""gesture"": 30, ""object"": 30}, ""eff_fps"": {""gesture"": 30, ""object"": 30}, ""latency_ms"": {""gesture"": 0, ""object"": 0}, ""svclat_ms"": {""gesture"": 15.35, ""object"": 22.39}}, ""e11"": {""services"": [""gesture"", ""object""], ""fps"": {""gesture"": 30, ""object"": 30}, ""eff_fps"": {""gesture"": 30, ""object"": 30}, ""latency_ms"": {""gesture"": 0, ""object"": 0}, ""svclat_ms"": {""gesture"": 15.64, ""object"": 19.95}}, ""e12"": {""services"": [""gesture"", ""object""], ""fps"": {""gesture"": 30, ""object"": 29}, ""eff_fps"": {""gesture"": 30, ""object"": 29}, ""latency_ms"": {""gesture"": 0, ""object"": 0}, ""svclat_ms"": {""gesture"": 15.82, ""object"": 20.02}}, ""e13"": {""services"": [""gesture"", ""object""], ""fps"": {""gesture"": 30, ""object"": 30}, ""eff_fps"": {""gesture"": 30, ""object"": 30}, ""latency_ms"": {""gesture"": 0, ""object"": 0}, ""svclat_ms"": {""gesture"": 14.81, ""object"": 23.74}}, ""e14"": {""services"": [""gesture"", ""object""], ""fps"": {""gesture"": 30, ""object"": 31}, ""eff_fps"": {""gesture"": 30, ""object"": 31}, ""latency_ms"": {""gesture"": 0, ""object"": 0}, ""svclat_ms"": {""gesture"": 15.29, ""object"": 21.37}}, ""e15"": {""services"": [""gesture"", ""object""], ""fps"": {""gesture"": 30, ""object"": 31}, ""eff_fps"": {""gesture"": 30, ""object"": 31}, ""latency_ms"": {""gesture"": 0, ""object"": 0}, ""svclat_ms"": {""gesture"": 14.8, ""object"": 19.39}}}"
453.4,7,9,1.286,0,0,23,16,13,0.812,1228.0,540,0.44,0.0,2.29,0.0,0,30.0,30.0,0,30.0,30.0,0,0,0,0,15.42,20.86,420,"{""ip-172-31-0-204"": ""healthy"", ""ip-172-31-1-171"": ""healthy"", ""ip-172-31-10-12"": ""healthy"", ""ip-172-31-11-132"": ""healthy"", ""ip-172-31-13-134"": ""healthy"", ""ip-172-31-14-68"": ""healthy"", ""ip-172-31-40-239"": ""healthy""}",unsubscribe,102.5,1.0,0,0,"{""ip-172-31-13-134"": {""object"": 1, ""gesture"": 1}, ""ip-172-31-40-239"": {""object"": 1, ""pose"": 1}, ""ip-172-31-14-68"": {""object"": 1, ""gesture"": 1}, ""ip-172-31-10-12"": {""object"": 1, ""gesture"": 1}, ""ip-172-31-11-132"": {""object"": 1, ""gesture"": 1, ""pose"": 1}, ""ip-172-31-0-204"": {""pose"": 1, ""gesture"": 1, ""object"": 1}, ""ip-172-31-1-171"": {""gesture"": 1, ""object"": 1}}","{""e9"": {""services"": [""gesture"", ""object""], ""fps"": {""gesture"": 30, ""object"": 30}, ""eff_fps"": {""gesture"": 30, ""object"": 30}, ""latency_ms"": {""gesture"": 0, ""object"": 0}, ""svclat_ms"": {""gesture"": 14.96, ""object"": 20.59}}, ""e10"": {""services"": [""gesture"", ""object""], ""fps"": {""gesture"": 30, ""object"": 30}, ""eff_fps"": {""gesture"": 30, ""object"": 30}, ""latency_ms"": {""gesture"": 0, ""object"": 0}, ""svclat_ms"": {""gesture"": 15.29, ""object"": 23.19}}, ""e11"": {""services"": [""gesture"", ""object""], ""fps"": {""gesture"": 30, ""object"": 30}, ""eff_fps"": {""gesture"": 30, ""object"": 30}, ""latency_ms"": {""gesture"": 0, ""object"": 0}, ""svclat_ms"": {""gesture"": 16.59, ""object"": 20.24}}, ""e12"": {""services"": [""gesture"", ""object""], ""fps"": {""gesture"": 30, ""object"": 29}, ""eff_fps"": {""gesture"": 30, ""object"": 29}, ""latency_ms"": {""gesture"": 0, ""object"": 0}, ""svclat_ms"": {""gesture"": 16.17, ""object"": 20.02}}, ""e13"": {""services"": [""gesture"", ""object""], ""fps"": {""gesture"": 30, ""object"": 30}, ""eff_fps"": {""gesture"": 30, ""object"": 30}, ""latency_ms"": {""gesture"": 0, ""object"": 0}, ""svclat_ms"": {""gesture"": 14.63, ""object"": 20.35}}, ""e14"": {""services"": [""gesture"", ""object""], ""fps"": {""gesture"": 30, ""object"": 31}, ""eff_fps"": {""gesture"": 30, ""object"": 31}, ""latency_ms"": {""gesture"": 0, ""object"": 0}, ""svclat_ms"": {""gesture"": 15.38, ""object"": 21.83}}, ""e15"": {""services"": [""gesture"", ""object""], ""fps"": {""gesture"": 30, ""object"": 30}, ""eff_fps"": {""gesture"": 30, ""object"": 30}, ""latency_ms"": {""gesture"": 0, ""object"": 0}, ""svclat_ms"": {""gesture"": 14.91, ""object"": 19.79}}}"
458.7,7,7,1.0,0,0,23,16,13,0.812,1228.0,420,0.342,0.0,2.29,0.0,0,30.0,30.0,0,30.0,30.0,0,0,0,0,14.81,19.84,180,"{""ip-172-31-0-204"": ""healthy"", ""ip-172-31-1-171"": ""healthy"", ""ip-172-31-10-12"": ""healthy"", ""ip-172-31-11-132"": ""healthy"", ""ip-172-31-13-134"": ""healthy"", ""ip-172-31-14-68"": ""healthy"", ""ip-172-31-40-239"": ""healthy""}",unsubscribe,92.5,1.0,0,0,"{""ip-172-31-13-134"": {""object"": 1, ""gesture"": 1}, ""ip-172-31-40-239"": {""object"": 1, ""pose"": 1}, ""ip-172-31-14-68"": {""object"": 1, ""gesture"": 1}, ""ip-172-31-10-12"": {""object"": 1, ""gesture"": 1}, ""ip-172-31-11-132"": {""object"": 1, ""gesture"": 1, ""pose"": 1}, ""ip-172-31-0-204"": {""pose"": 1, ""gesture"": 1, ""object"": 1}, ""ip-172-31-1-171"": {""gesture"": 1, ""object"": 1}}","{""e13"": {""services"": [""gesture"", ""object""], ""fps"": {""gesture"": 30, ""object"": 30}, ""eff_fps"": {""gesture"": 30, ""object"": 30}, ""latency_ms"": {""gesture"": 0, ""object"": 0}, ""svclat_ms"": {""gesture"": 14.95, ""object"": 19.99}}, ""e14"": {""services"": [""gesture"", ""object""], ""fps"": {""gesture"": 30, ""object"": 30}, ""eff_fps"": {""gesture"": 30, ""object"": 30}, ""latency_ms"": {""gesture"": 0, ""object"": 0}, ""svclat_ms"": {""gesture"": 14.85, ""object"": 20.49}}, ""e15"": {""services"": [""gesture"", ""object""], ""fps"": {""gesture"": 30, ""object"": 30}, ""eff_fps"": {""gesture"": 30, ""object"": 30}, ""latency_ms"": {""gesture"": 0, ""object"": 0}, ""svclat_ms"": {""gesture"": 14.63, ""object"": 19.04}}}"
464.0,3,3,1.0,0,0,23,16,6,0.375,1228.0,180,0.147,0.0,5.33,0.0,0,30.0,30.0,0,30.0,30.0,0,0,0,0,14.85,19.88,180,"{""ip-172-31-0-204"": ""healthy"", ""ip-172-31-1-171"": ""healthy"", ""ip-172-31-10-12"": ""healthy"", ""ip-172-31-11-132"": ""healthy"", ""ip-172-31-13-134"": ""healthy"", ""ip-172-31-14-68"": ""healthy"", ""ip-172-31-40-239"": ""healthy""}",unsubscribe,73.1,1.0,0,0,"{""ip-172-31-13-134"": {""object"": 1, ""gesture"": 1}, ""ip-172-31-40-239"": {""object"": 1, ""pose"": 1}, ""ip-172-31-14-68"": {""object"": 1, ""gesture"": 1}, ""ip-172-31-10-12"": {""object"": 1, ""gesture"": 1}, ""ip-172-31-11-132"": {""object"": 1, ""gesture"": 1, ""pose"": 1}, ""ip-172-31-0-204"": {""pose"": 1, ""gesture"": 1, ""object"": 1}, ""ip-172-31-1-171"": {""gesture"": 1, ""object"": 1}}","{""e13"": {""services"": [""gesture"", ""object""], ""fps"": {""gesture"": 30, ""object"": 30}, ""eff_fps"": {""gesture"": 30, ""object"": 30}, ""latency_ms"": {""gesture"": 0, ""object"": 0}, ""svclat_ms"": {""gesture"": 14.91, ""object"": 20.08}}, ""e14"": {""services"": [""gesture"", ""object""], ""fps"": {""gesture"": 30, ""object"": 30}, ""eff_fps"": {""gesture"": 30, ""object"": 30}, ""latency_ms"": {""gesture"": 0, ""object"": 0}, ""svclat_ms"": {""gesture"": 14.97, ""object"": 20.45}}, ""e15"": {""services"": [""gesture"", ""object""], ""fps"": {""gesture"": 30, ""object"": 30}, ""eff_fps"": {""gesture"": 30, ""object"": 30}, ""latency_ms"": {""gesture"": 0, ""object"": 0}, ""svclat_ms"": {""gesture"": 14.67, ""object"": 19.1}}}"
467.8,3,3,1.0,0,0,23,16,6,0.375,1228.0,180,0.147,0.0,5.33,0.0,0,30.0,30.0,0,30.0,30.0,0,0,0,0,15.0,20.08,180,"{""ip-172-31-0-204"": ""healthy"", ""ip-172-31-1-171"": ""healthy"", ""ip-172-31-10-12"": ""healthy"", ""ip-172-31-11-132"": ""healthy"", ""ip-172-31-13-134"": ""healthy"", ""ip-172-31-14-68"": ""healthy"", ""ip-172-31-40-239"": ""healthy""}",unsubscribe,72.2,1.0,0,0,"{""ip-172-31-13-134"": {""object"": 1, ""gesture"": 1}, ""ip-172-31-40-239"": {""object"": 1, ""pose"": 1}, ""ip-172-31-14-68"": {""object"": 1, ""gesture"": 1}, ""ip-172-31-10-12"": {""object"": 1, ""gesture"": 1}, ""ip-172-31-11-132"": {""object"": 1, ""gesture"": 1, ""pose"": 1}, ""ip-172-31-0-204"": {""pose"": 1, ""gesture"": 1, ""object"": 1}, ""ip-172-31-1-171"": {""gesture"": 1, ""object"": 1}}","{""e13"": {""services"": [""gesture"", ""object""], ""fps"": {""gesture"": 30, ""object"": 30}, ""eff_fps"": {""gesture"": 30, ""object"": 30}, ""latency_ms"": {""gesture"": 0, ""object"": 0}, ""svclat_ms"": {""gesture"": 15.05, ""object"": 20.28}}, ""e14"": {""services"": [""gesture"", ""object""], ""fps"": {""gesture"": 30, ""object"": 30}, ""eff_fps"": {""gesture"": 30, ""object"": 30}, ""latency_ms"": {""gesture"": 0, ""object"": 0}, ""svclat_ms"": {""gesture"": 15.22, ""object"": 20.6}}, ""e15"": {""services"": [""gesture"", ""object""], ""fps"": {""gesture"": 30, ""object"": 30}, ""eff_fps"": {""gesture"": 30, ""object"": 30}, ""latency_ms"": {""gesture"": 0, ""object"": 0}, ""svclat_ms"": {""gesture"": 14.73, ""object"": 19.36}}}"
470.3,3,3,1.0,0,0,23,16,6,0.375,1228.0,180,0.147,0.0,5.33,0.0,0,30.0,30.0,0,30.0,30.0,0,0,0,0,15.01,20.25,180,"{""ip-172-31-0-204"": ""healthy"", ""ip-172-31-1-171"": ""healthy"", ""ip-172-31-10-12"": ""healthy"", ""ip-172-31-11-132"": ""healthy"", ""ip-172-31-13-134"": ""healthy"", ""ip-172-31-14-68"": ""healthy"", ""ip-172-31-40-239"": ""healthy""}",unsubscribe,72.2,1.0,0,0,"{""ip-172-31-13-134"": {""object"": 1, ""gesture"": 1}, ""ip-172-31-40-239"": {""object"": 1, ""pose"": 1}, ""ip-172-31-14-68"": {""object"": 1, ""gesture"": 1}, ""ip-172-31-10-12"": {""object"": 1, ""gesture"": 1}, ""ip-172-31-11-132"": {""object"": 1, ""gesture"": 1, ""pose"": 1}, ""ip-172-31-0-204"": {""pose"": 1, ""gesture"": 1, ""object"": 1}, ""ip-172-31-1-171"": {""gesture"": 1, ""object"": 1}}","{""e13"": {""services"": [""gesture"", ""object""], ""fps"": {""gesture"": 30, ""object"": 30}, ""eff_fps"": {""gesture"": 30, ""object"": 30}, ""latency_ms"": {""gesture"": 0, ""object"": 0}, ""svclat_ms"": {""gesture"": 15.31, ""object"": 20.1}}, ""e14"": {""services"": [""gesture"", ""object""], ""fps"": {""gesture"": 30, ""object"": 30}, ""eff_fps"": {""gesture"": 30, ""object"": 30}, ""latency_ms"": {""gesture"": 0, ""object"": 0}, ""svclat_ms"": {""gesture"": 14.96, ""object"": 20.91}}, ""e15"": {""services"": [""gesture"", ""object""], ""fps"": {""gesture"": 30, ""object"": 30}, ""eff_fps"": {""gesture"": 30, ""object"": 30}, ""latency_ms"": {""gesture"": 0, ""object"": 0}, ""svclat_ms"": {""gesture"": 14.77, ""object"": 19.73}}}"
472.8,3,3,1.0,0,0,23,16,6,0.375,1228.0,180,0.147,0.0,5.33,0.0,0,30.0,30.0,0,30.0,30.0,0,0,0,0,15.36,20.48,180,"{""ip-172-31-0-204"": ""healthy"", ""ip-172-31-1-171"": ""healthy"", ""ip-172-31-10-12"": ""healthy"", ""ip-172-31-11-132"": ""healthy"", ""ip-172-31-13-134"": ""healthy"", ""ip-172-31-14-68"": ""healthy"", ""ip-172-31-40-239"": ""healthy""}",unsubscribe,72.2,1.0,0,0,"{""ip-172-31-13-134"": {""object"": 1, ""gesture"": 1}, ""ip-172-31-40-239"": {""object"": 1, ""pose"": 1}, ""ip-172-31-14-68"": {""object"": 1, ""gesture"": 1}, ""ip-172-31-10-12"": {""object"": 1, ""gesture"": 1}, ""ip-172-31-11-132"": {""object"": 1, ""gesture"": 1, ""pose"": 1}, ""ip-172-31-0-204"": {""pose"": 1, ""gesture"": 1, ""object"": 1}, ""ip-172-31-1-171"": {""gesture"": 1, ""object"": 1}}","{""e13"": {""services"": [""gesture"", ""object""], ""fps"": {""gesture"": 30, ""object"": 30}, ""eff_fps"": {""gesture"": 30, ""object"": 30}, ""latency_ms"": {""gesture"": 0, ""object"": 0}, ""svclat_ms"": {""gesture"": 16.03, ""object"": 20.81}}, ""e14"": {""services"": [""gesture"", ""object""], ""fps"": {""gesture"": 30, ""object"": 30}, ""eff_fps"": {""gesture"": 30, ""object"": 30}, ""latency_ms"": {""gesture"": 0, ""object"": 0}, ""svclat_ms"": {""gesture"": 15.16, ""object"": 20.57}}, ""e15"": {""services"": [""gesture"", ""object""], ""fps"": {""gesture"": 30, ""object"": 30}, ""eff_fps"": {""gesture"": 30, ""object"": 30}, ""latency_ms"": {""gesture"": 0, ""object"": 0}, ""svclat_ms"": {""gesture"": 14.9, ""object"": 20.06}}}"
475.4,3,3,1.0,0,0,23,16,6,0.375,1228.0,180,0.147,0.0,5.33,0.0,0,30.0,30.0,0,30.0,30.0,0,0,0,0,15.13,20.2,180,"{""ip-172-31-0-204"": ""healthy"", ""ip-172-31-1-171"": ""healthy"", ""ip-172-31-10-12"": ""healthy"", ""ip-172-31-11-132"": ""healthy"", ""ip-172-31-13-134"": ""healthy"", ""ip-172-31-14-68"": ""healthy"", ""ip-172-31-40-239"": ""healthy""}",unsubscribe,72.2,1.0,0,0,"{""ip-172-31-13-134"": {""object"": 1, ""gesture"": 1}, ""ip-172-31-40-239"": {""object"": 1, ""pose"": 1}, ""ip-172-31-14-68"": {""object"": 1, ""gesture"": 1}, ""ip-172-31-10-12"": {""object"": 1, ""gesture"": 1}, ""ip-172-31-11-132"": {""object"": 1, ""gesture"": 1, ""pose"": 1}, ""ip-172-31-0-204"": {""pose"": 1, ""gesture"": 1, ""object"": 1}, ""ip-172-31-1-171"": {""gesture"": 1, ""object"": 1}}","{""e13"": {""services"": [""gesture"", ""object""], ""fps"": {""gesture"": 30, ""object"": 30}, ""eff_fps"": {""gesture"": 30, ""object"": 30}, ""latency_ms"": {""gesture"": 0, ""object"": 0}, ""svclat_ms"": {""gesture"": 15.45, ""object"": 20.44}}, ""e14"": {""services"": [""gesture"", ""object""], ""fps"": {""gesture"": 30, ""object"": 30}, ""eff_fps"": {""gesture"": 30, ""object"": 30}, ""latency_ms"": {""gesture"": 0, ""object"": 0}, ""svclat_ms"": {""gesture"": 14.87, ""object"": 20.64}}, ""e15"": {""services"": [""gesture"", ""object""], ""fps"": {""gesture"": 30, ""object"": 30}, ""eff_fps"": {""gesture"": 30, ""object"": 30}, ""latency_ms"": {""gesture"": 0, ""object"": 0}, ""svclat_ms"": {""gesture"": 15.08, ""object"": 19.53}}}"
478.0,3,3,1.0,0,0,23,16,6,0.375,1228.0,180,0.147,0.0,5.33,0.0,0,30.0,30.0,0,30.0,30.0,0,0,0,0,15.08,20.16,180,"{""ip-172-31-0-204"": ""healthy"", ""ip-172-31-1-171"": ""healthy"", ""ip-172-31-10-12"": ""healthy"", ""ip-172-31-11-132"": ""healthy"", ""ip-172-31-13-134"": ""healthy"", ""ip-172-31-14-68"": ""healthy"", ""ip-172-31-40-239"": ""healthy""}",unsubscribe,72.2,1.0,0,0,"{""ip-172-31-13-134"": {""object"": 1, ""gesture"": 1}, ""ip-172-31-40-239"": {""object"": 1, ""pose"": 1}, ""ip-172-31-14-68"": {""object"": 1, ""gesture"": 1}, ""ip-172-31-10-12"": {""object"": 1, ""gesture"": 1}, ""ip-172-31-11-132"": {""object"": 1, ""gesture"": 1, ""pose"": 1}, ""ip-172-31-0-204"": {""pose"": 1, ""gesture"": 1, ""object"": 1}, ""ip-172-31-1-171"": {""gesture"": 1, ""object"": 1}}","{""e13"": {""services"": [""gesture"", ""object""], ""fps"": {""gesture"": 30, ""object"": 30}, ""eff_fps"": {""gesture"": 30, ""object"": 30}, ""latency_ms"": {""gesture"": 0, ""object"": 0}, ""svclat_ms"": {""gesture"": 15.19, ""object"": 20.18}}, ""e14"": {""services"": [""gesture"", ""object""], ""fps"": {""gesture"": 30, ""object"": 30}, ""eff_fps"": {""gesture"": 30, ""object"": 30}, ""latency_ms"": {""gesture"": 0, ""object"": 0}, ""svclat_ms"": {""gesture"": 15.2, ""object"": 20.48}}, ""e15"": {""services"": [""gesture"", ""object""], ""fps"": {""gesture"": 30, ""object"": 30}, ""eff_fps"": {""gesture"": 30, ""object"": 30}, ""latency_ms"": {""gesture"": 0, ""object"": 0}, ""svclat_ms"": {""gesture"": 14.85, ""object"": 19.82}}}"
480.5,3,3,1.0,0,0,23,16,6,0.375,1228.0,180,0.147,0.0,5.33,0.0,0,30.0,30.0,0,30.0,30.0,0,0,0,0,14.74,20.23,60,"{""ip-172-31-0-204"": ""healthy"", ""ip-172-31-1-171"": ""healthy"", ""ip-172-31-10-12"": ""healthy"", ""ip-172-31-11-132"": ""healthy"", ""ip-172-31-13-134"": ""healthy"", ""ip-172-31-14-68"": ""healthy"", ""ip-172-31-40-239"": ""healthy""}",unsubscribe,72.2,1.0,0,0,"{""ip-172-31-13-134"": {""object"": 1, ""gesture"": 1}, ""ip-172-31-40-239"": {""object"": 1, ""pose"": 1}, ""ip-172-31-14-68"": {""object"": 1, ""gesture"": 1}, ""ip-172-31-10-12"": {""object"": 1, ""gesture"": 1}, ""ip-172-31-11-132"": {""object"": 1, ""gesture"": 1, ""pose"": 1}, ""ip-172-31-0-204"": {""pose"": 1, ""gesture"": 1, ""object"": 1}, ""ip-172-31-1-171"": {""gesture"": 1, ""object"": 1}}","{""e15"": {""services"": [""gesture"", ""object""], ""fps"": {""gesture"": 30, ""object"": 30}, ""eff_fps"": {""gesture"": 30, ""object"": 30}, ""latency_ms"": {""gesture"": 0, ""object"": 0}, ""svclat_ms"": {""gesture"": 14.74, ""object"": 20.23}}}"
484.6,2,3,1.5,0,0,23,16,6,0.375,1228.0,180,0.147,0.0,8.0,0.0,0,30.0,30.0,0,30.0,30.0,0,0,0,0,15.01,18.89,60,"{""ip-172-31-0-204"": ""healthy"", ""ip-172-31-1-171"": ""healthy"", ""ip-172-31-10-12"": ""healthy"", ""ip-172-31-11-132"": ""healthy"", ""ip-172-31-13-134"": ""healthy"", ""ip-172-31-14-68"": ""healthy"", ""ip-172-31-40-239"": ""healthy""}",unsubscribe,72.2,1.0,0,0,"{""ip-172-31-13-134"": {""object"": 1, ""gesture"": 1}, ""ip-172-31-40-239"": {""object"": 1, ""pose"": 1}, ""ip-172-31-14-68"": {""object"": 1, ""gesture"": 1}, ""ip-172-31-10-12"": {""object"": 1, ""gesture"": 1}, ""ip-172-31-11-132"": {""object"": 1, ""gesture"": 1, ""pose"": 1}, ""ip-172-31-0-204"": {""pose"": 1, ""gesture"": 1, ""object"": 1}, ""ip-172-31-1-171"": {""gesture"": 1, ""object"": 1}}","{""e15"": {""services"": [""gesture"", ""object""], ""fps"": {""gesture"": 30, ""object"": 30}, ""eff_fps"": {""gesture"": 30, ""object"": 30}, ""latency_ms"": {""gesture"": 0, ""object"": 0}, ""svclat_ms"": {""gesture"": 15.01, ""object"": 18.89}}}"
488.6,1,1,1.0,0,0,23,16,2,0.125,1228.0,60,0.049,0.0,16.0,0.0,0,30.0,30.0,0,30.0,30.0,0,0,0,0,14.63,18.68,60,"{""ip-172-31-0-204"": ""healthy"", ""ip-172-31-1-171"": ""healthy"", ""ip-172-31-10-12"": ""healthy"", ""ip-172-31-11-132"": ""healthy"", ""ip-172-31-13-134"": ""healthy"", ""ip-172-31-14-68"": ""healthy"", ""ip-172-31-40-239"": ""healthy""}",unsubscribe,62.6,1.0,0,0,"{""ip-172-31-13-134"": {""object"": 1, ""gesture"": 1}, ""ip-172-31-40-239"": {""object"": 1, ""pose"": 1}, ""ip-172-31-14-68"": {""object"": 1, ""gesture"": 1}, ""ip-172-31-10-12"": {""object"": 1, ""gesture"": 1}, ""ip-172-31-11-132"": {""object"": 1, ""gesture"": 1, ""pose"": 1}, ""ip-172-31-0-204"": {""pose"": 1, ""gesture"": 1, ""object"": 1}, ""ip-172-31-1-171"": {""gesture"": 1, ""object"": 1}}","{""e15"": {""services"": [""gesture"", ""object""], ""fps"": {""gesture"": 30, ""object"": 30}, ""eff_fps"": {""gesture"": 30, ""object"": 30}, ""latency_ms"": {""gesture"": 0, ""object"": 0}, ""svclat_ms"": {""gesture"": 14.63, ""object"": 18.68}}}"
493.1,0,0,0,0,0,23,16,0,0.0,1228.0,0,0.0,0.0,0,0.0,0,0,0,0,0,0,0,0,0,0,0,0,0,"{""ip-172-31-0-204"": ""healthy"", ""ip-172-31-1-171"": ""healthy"", ""ip-172-31-10-12"": ""healthy"", ""ip-172-31-11-132"": ""healthy"", ""ip-172-31-13-134"": ""healthy"", ""ip-172-31-14-68"": ""healthy"", ""ip-172-31-40-239"": ""healthy""}",unsubscribe,0.1,0.0,0,0,"{""ip-172-31-13-134"": {""object"": 1, ""gesture"": 1}, ""ip-172-31-40-239"": {""object"": 1, ""pose"": 1}, ""ip-172-31-14-68"": {""object"": 1, ""gesture"": 1}, ""ip-172-31-10-12"": {""object"": 1, ""gesture"": 1}, ""ip-172-31-11-132"": {""object"": 1, ""gesture"": 1, ""pose"": 1}, ""ip-172-31-0-204"": {""pose"": 1, ""gesture"": 1, ""object"": 1}, ""ip-172-31-1-171"": {""gesture"": 1, ""object"": 1}}",{}
495.6,0,0,0,0,0,23,16,0,0.0,1228.0,0,0.0,0.0,0,0.0,0,0,0,0,0,0,0,0,0,0,0,0,0,"{""ip-172-31-0-204"": ""healthy"", ""ip-172-31-1-171"": ""healthy"", ""ip-172-31-10-12"": ""healthy"", ""ip-172-31-11-132"": ""healthy"", ""ip-172-31-13-134"": ""healthy"", ""ip-172-31-14-68"": ""healthy"", ""ip-172-31-40-239"": ""healthy""}",unsubscribe,0.1,0.0,0,0,"{""ip-172-31-13-134"": {""object"": 1, ""gesture"": 1}, ""ip-172-31-40-239"": {""object"": 1, ""pose"": 1}, ""ip-172-31-14-68"": {""object"": 1, ""gesture"": 1}, ""ip-172-31-10-12"": {""object"": 1, ""gesture"": 1}, ""ip-172-31-11-132"": {""object"": 1, ""gesture"": 1, ""pose"": 1}, ""ip-172-31-0-204"": {""pose"": 1, ""gesture"": 1, ""object"": 1}, ""ip-172-31-1-171"": {""gesture"": 1, ""object"": 1}}",{}
