elapsed_s,n_users,nsats,sat_rate,pods_added,pods_deleted,cumulative_pod_changes,total_pods,effective_pods,effective_pod_ratio,deployed_capacity_fps,total_allocated_fps,capacity_utilization,wasted_fps,pods_per_sat_user,avg_response_ms,real_pose_fps,real_gesture_fps,real_object_fps,eff_pose_fps,eff_gesture_fps,eff_object_fps,avg_pose_latency_ms,avg_gesture_latency_ms,avg_object_latency_ms,avg_pose_svclat_ms,avg_gesture_svclat_ms,avg_object_svclat_ms,real_total_recv_fps,node_status,trigger_type,solver_time_ms,q_score,phase1_triggered,phase1_alloc_count,node_topology,per_user_detail
1.4,0,0,0,0,0,0,0,0,0.0,0,0,0.0,0.0,0,0.0,0,0,0,0,0,0,0,0,0,0,0,0,0,"{""ip-172-31-0-204"": ""healthy"", ""ip-172-31-1-171"": ""healthy"", ""ip-172-31-10-12"": ""healthy"", ""ip-172-31-11-132"": ""healthy"", ""ip-172-31-13-134"": ""healthy"", ""ip-172-31-14-68"": ""healthy"", ""ip-172-31-40-239"": ""healthy""}",unsubscribe,0.1,0.0,0,0,{},"{""a1"": {""services"": [""pose"", ""gesture""], ""fps"": {""pose"": 0, ""gesture"": 0}, ""eff_fps"": {""pose"": 0, ""gesture"": 0}, ""latency_ms"": {""pose"": 0, ""gesture"": 0}, ""svclat_ms"": {""pose"": 0.0, ""gesture"": 0.0}}}"
2.9,0,0,0,0,0,0,0,0,0.0,0,0,0.0,0.0,0,0.0,0,0,0,0,0,0,0,0,0,0,0,0,0,"{""ip-172-31-0-204"": ""healthy"", ""ip-172-31-1-171"": ""healthy"", ""ip-172-31-10-12"": ""healthy"", ""ip-172-31-11-132"": ""healthy"", ""ip-172-31-13-134"": ""healthy"", ""ip-172-31-14-68"": ""healthy"", ""ip-172-31-40-239"": ""healthy""}",unsubscribe,0.1,0.0,0,0,{},"{""a1"": {""services"": [""pose"", ""gesture""], ""fps"": {""pose"": 0, ""gesture"": 0}, ""eff_fps"": {""pose"": 0, ""gesture"": 0}, ""latency_ms"": {""pose"": 0, ""gesture"": 0}, ""svclat_ms"": {""pose"": 0.0, ""gesture"": 0.0}}}"
4.4,1,0,0.0,0,0,0,0,0,0.0,0,0,0.0,0.0,0,0.0,0,0,0,0,0,0,0,0,0,0,0,0,0,"{""ip-172-31-0-204"": ""healthy"", ""ip-172-31-1-171"": ""healthy"", ""ip-172-31-10-12"": ""healthy"", ""ip-172-31-11-132"": ""healthy"", ""ip-172-31-13-134"": ""healthy"", ""ip-172-31-14-68"": ""healthy"", ""ip-172-31-40-239"": ""healthy""}",unsubscribe,0.1,0.0,0,0,{},"{""a1"": {""services"": [""pose"", ""gesture""], ""fps"": {""pose"": 0, ""gesture"": 0}, ""eff_fps"": {""pose"": 0, ""gesture"": 0}, ""latency_ms"": {""pose"": 0, ""gesture"": 0}, ""svclat_ms"": {""pose"": 0.0, ""gesture"": 0.0}}}"
5.8,1,0,0.0,0,0,0,0,0,0.0,0,0,0.0,0.0,0,0.0,0,0,0,0,0,0,0,0,0,0,0,0,0,"{""ip-172-31-0-204"": ""healthy"", ""ip-172-31-1-171"": ""healthy"", ""ip-172-31-10-12"": ""healthy"", ""ip-172-31-11-132"": ""healthy"", ""ip-172-31-13-134"": ""healthy"", ""ip-172-31-14-68"": ""healthy"", ""ip-172-31-40-239"": ""healthy""}",unsubscribe,0.1,0.0,0,0,{},"{""a1"": {""services"": [""pose"", ""gesture""], ""fps"": {""pose"": 0, ""gesture"": 0}, ""eff_fps"": {""pose"": 0, ""gesture"": 0}, ""latency_ms"": {""pose"": 0, ""gesture"": 0}, ""svclat_ms"": {""pose"": 0.0, ""gesture"": 0.0}}, ""a2"": {""services"": [""pose"", ""gesture""], ""fps"": {""pose"": 0, ""gesture"": 0}, ""eff_fps"": {""pose"": 0, ""gesture"": 0}, ""latency_ms"": {""pose"": 0, ""gesture"": 0}, ""svclat_ms"": {""pose"": 0.0, ""gesture"": 0.0}}}"
7.3,1,0,0.0,0,0,0,0,0,0.0,0,0,0.0,0.0,0,0.0,0,0,0,0,0,0,0,0,0,0,0,0,0,"{""ip-172-31-0-204"": ""healthy"", ""ip-172-31-1-171"": ""healthy"", ""ip-172-31-10-12"": ""healthy"", ""ip-172-31-11-132"": ""healthy"", ""ip-172-31-13-134"": ""healthy"", ""ip-172-31-14-68"": ""healthy"", ""ip-172-31-40-239"": ""healthy""}",unsubscribe,0.1,0.0,0,0,{},"{""a1"": {""services"": [""pose"", ""gesture""], ""fps"": {""pose"": 0, ""gesture"": 0}, ""eff_fps"": {""pose"": 0, ""gesture"": 0}, ""latency_ms"": {""pose"": 0, ""gesture"": 0}, ""svclat_ms"": {""pose"": 0.0, ""gesture"": 0.0}}, ""a2"": {""services"": [""pose"", ""gesture""], ""fps"": {""pose"": 0, ""gesture"": 0}, ""eff_fps"": {""pose"": 0, ""gesture"": 0}, ""latency_ms"": {""pose"": 0, ""gesture"": 0}, ""svclat_ms"": {""pose"": 0.0, ""gesture"": 0.0}}}"
8.7,1,0,0.0,0,0,0,0,0,0.0,0,0,0.0,0.0,0,0.0,0,0,0,0,0,0,0,0,0,0,0,0,0,"{""ip-172-31-0-204"": ""healthy"", ""ip-172-31-1-171"": ""healthy"", ""ip-172-31-10-12"": ""healthy"", ""ip-172-31-11-132"": ""healthy"", ""ip-172-31-13-134"": ""healthy"", ""ip-172-31-14-68"": ""healthy"", ""ip-172-31-40-239"": ""healthy""}",unsubscribe,0.1,0.0,0,0,{},"{""a1"": {""services"": [""pose"", ""gesture""], ""fps"": {""pose"": 0, ""gesture"": 0}, ""eff_fps"": {""pose"": 0, ""gesture"": 0}, ""latency_ms"": {""pose"": 0, ""gesture"": 0}, ""svclat_ms"": {""pose"": 0.0, ""gesture"": 0.0}}, ""a2"": {""services"": [""pose"", ""gesture""], ""fps"": {""pose"": 0, ""gesture"": 0}, ""eff_fps"": {""pose"": 0, ""gesture"": 0}, ""latency_ms"": {""pose"": 0, ""gesture"": 0}, ""svclat_ms"": {""pose"": 0.0, ""gesture"": 0.0}}}"
10.2,1,0,0.0,0,0,0,0,0,0.0,0,0,0.0,0.0,0,0.0,0,0,0,0,0,0,0,0,0,0,0,0,0,"{""ip-172-31-0-204"": ""healthy"", ""ip-172-31-1-171"": ""healthy"", ""ip-172-31-10-12"": ""healthy"", ""ip-172-31-11-132"": ""healthy"", ""ip-172-31-13-134"": ""healthy"", ""ip-172-31-14-68"": ""healthy"", ""ip-172-31-40-239"": ""healthy""}",unsubscribe,0.1,0.0,0,0,{},"{""a1"": {""services"": [""pose"", ""gesture""], ""fps"": {""pose"": 0, ""gesture"": 0}, ""eff_fps"": {""pose"": 0, ""gesture"": 0}, ""latency_ms"": {""pose"": 0, ""gesture"": 0}, ""svclat_ms"": {""pose"": 0.0, ""gesture"": 0.0}}, ""a2"": {""services"": [""pose"", ""gesture""], ""fps"": {""pose"": 0, ""gesture"": 0}, ""eff_fps"": {""pose"": 0, ""gesture"": 0}, ""latency_ms"": {""pose"": 0, ""gesture"": 0}, ""svclat_ms"": {""pose"": 0.0, ""gesture"": 0.0}}, ""a3"": {""services"": [""pose"", ""gesture""], ""fps"": {""pose"": 0, ""gesture"": 0}, ""eff_fps"": {""pose"": 0, ""gesture"": 0}, ""latency_ms"": {""pose"": 0, ""gesture"": 0}, ""svclat_ms"": {""pose"": 0.0, ""gesture"": 0.0}}}"
11.6,1,0,0.0,0,0,0,0,0,0.0,0,0,0.0,0.0,0,0.0,0,0,0,0,0,0,0,0,0,0,0,0,0,"{""ip-172-31-0-204"": ""healthy"", ""ip-172-31-1-171"": ""healthy"", ""ip-172-31-10-12"": ""healthy"", ""ip-172-31-11-132"": ""healthy"", ""ip-172-31-13-134"": ""healthy"", ""ip-172-31-14-68"": ""healthy"", ""ip-172-31-40-239"": ""healthy""}",unsubscribe,0.1,0.0,0,0,{},"{""a1"": {""services"": [""pose"", ""gesture""], ""fps"": {""pose"": 0, ""gesture"": 0}, ""eff_fps"": {""pose"": 0, ""gesture"": 0}, ""latency_ms"": {""pose"": 0, ""gesture"": 0}, ""svclat_ms"": {""pose"": 0.0, ""gesture"": 0.0}}, ""a2"": {""services"": [""pose"", ""gesture""], ""fps"": {""pose"": 0, ""gesture"": 0}, ""eff_fps"": {""pose"": 0, ""gesture"": 0}, ""latency_ms"": {""pose"": 0, ""gesture"": 0}, ""svclat_ms"": {""pose"": 0.0, ""gesture"": 0.0}}, ""a3"": {""services"": [""pose"", ""gesture""], ""fps"": {""pose"": 0, ""gesture"": 0}, ""eff_fps"": {""pose"": 0, ""gesture"": 0}, ""latency_ms"": {""pose"": 0, ""gesture"": 0}, ""svclat_ms"": {""pose"": 0.0, ""gesture"": 0.0}}}"
13.1,1,0,0.0,0,0,0,0,0,0.0,0,0,0.0,0.0,0,0.0,0,0,0,0,0,0,0,0,0,0,0,0,0,"{""ip-172-31-0-204"": ""healthy"", ""ip-172-31-1-171"": ""healthy"", ""ip-172-31-10-12"": ""healthy"", ""ip-172-31-11-132"": ""healthy"", ""ip-172-31-13-134"": ""healthy"", ""ip-172-31-14-68"": ""healthy"", ""ip-172-31-40-239"": ""healthy""}",unsubscribe,0.1,0.0,0,0,{},"{""a1"": {""services"": [""pose"", ""gesture""], ""fps"": {""pose"": 0, ""gesture"": 0}, ""eff_fps"": {""pose"": 0, ""gesture"": 0}, ""latency_ms"": {""pose"": 0, ""gesture"": 0}, ""svclat_ms"": {""pose"": 0.0, ""gesture"": 0.0}}, ""a2"": {""services"": [""pose"", ""gesture""], ""fps"": {""pose"": 0, ""gesture"": 0}, ""eff_fps"": {""pose"": 0, ""gesture"": 0}, ""latency_ms"": {""pose"": 0, ""gesture"": 0}, ""svclat_ms"": {""pose"": 0.0, ""gesture"": 0.0}}, ""a3"": {""services"": [""pose"", ""gesture""], ""fps"": {""pose"": 0, ""gesture"": 0}, ""eff_fps"": {""pose"": 0, ""gesture"": 0}, ""latency_ms"": {""pose"": 0, ""gesture"": 0}, ""svclat_ms"": {""pose"": 0.0, ""gesture"": 0.0}}}"
17.2,2,1,0.5,2,0,2,2,2,1.0,170.0,60,0.353,0.0,2.0,0.0,30.0,30.0,0,30.0,30.0,0,0,0,0,19.15,15.16,0,60,"{""ip-172-31-0-204"": ""healthy"", ""ip-172-31-1-171"": ""healthy"", ""ip-172-31-10-12"": ""healthy"", ""ip-172-31-11-132"": ""healthy"", ""ip-172-31-13-134"": ""healthy"", ""ip-172-31-14-68"": ""healthy"", ""ip-172-31-40-239"": ""healthy""}",subscribe,13.6,1.0,0,0,"{""ip-172-31-0-204"": {""pose"": 1, ""gesture"": 1}}","{""a1"": {""services"": [""pose"", ""gesture""], ""fps"": {""pose"": 30, ""gesture"": 30}, ""eff_fps"": {""pose"": 30, ""gesture"": 30}, ""latency_ms"": {""pose"": 0, ""gesture"": 0}, ""svclat_ms"": {""pose"": 19.15, ""gesture"": 15.16}}, ""a2"": {""services"": [""pose"", ""gesture""], ""fps"": {""pose"": 0, ""gesture"": 0}, ""eff_fps"": {""pose"": 0, ""gesture"": 0}, ""latency_ms"": {""pose"": 0, ""gesture"": 0}, ""svclat_ms"": {""pose"": 0.0, ""gesture"": 0.0}}, ""a3"": {""services"": [""pose"", ""gesture""], ""fps"": {""pose"": 0, ""gesture"": 0}, ""eff_fps"": {""pose"": 0, ""gesture"": 0}, ""latency_ms"": {""pose"": 0, ""gesture"": 0}, ""svclat_ms"": {""pose"": 0.0, ""gesture"": 0.0}}, ""a4"": {""services"": [""pose"", ""gesture""], ""fps"": {""pose"": 0, ""gesture"": 0}, ""eff_fps"": {""pose"": 0, ""gesture"": 0}, ""latency_ms"": {""pose"": 0, ""gesture"": 0}, ""svclat_ms"": {""pose"": 0.0, ""gesture"": 0.0}}}"
19.6,2,1,0.5,0,0,2,2,2,1.0,170.0,60,0.353,0.0,2.0,0.0,29.0,30.0,0,29.0,30.0,0,0,0,0,22.27,15.02,0,59,"{""ip-172-31-0-204"": ""healthy"", ""ip-172-31-1-171"": ""healthy"", ""ip-172-31-10-12"": ""healthy"", ""ip-172-31-11-132"": ""healthy"", ""ip-172-31-13-134"": ""healthy"", ""ip-172-31-14-68"": ""healthy"", ""ip-172-31-40-239"": ""healthy""}",subscribe,13.6,1.0,0,0,"{""ip-172-31-0-204"": {""pose"": 1, ""gesture"": 1}}","{""a1"": {""services"": [""pose"", ""gesture""], ""fps"": {""pose"": 29, ""gesture"": 30}, ""eff_fps"": {""pose"": 29, ""gesture"": 30}, ""latency_ms"": {""pose"": 0, ""gesture"": 0}, ""svclat_ms"": {""pose"": 22.27, ""gesture"": 15.02}}, ""a2"": {""services"": [""pose"", ""gesture""], ""fps"": {""pose"": 0, ""gesture"": 0}, ""eff_fps"": {""pose"": 0, ""gesture"": 0}, ""latency_ms"": {""pose"": 0, ""gesture"": 0}, ""svclat_ms"": {""pose"": 0.0, ""gesture"": 0.0}}, ""a3"": {""services"": [""pose"", ""gesture""], ""fps"": {""pose"": 0, ""gesture"": 0}, ""eff_fps"": {""pose"": 0, ""gesture"": 0}, ""latency_ms"": {""pose"": 0, ""gesture"": 0}, ""svclat_ms"": {""pose"": 0.0, ""gesture"": 0.0}}, ""a4"": {""services"": [""pose"", ""gesture""], ""fps"": {""pose"": 0, ""gesture"": 0}, ""eff_fps"": {""pose"": 0, ""gesture"": 0}, ""latency_ms"": {""pose"": 0, ""gesture"": 0}, ""svclat_ms"": {""pose"": 0.0, ""gesture"": 0.0}}}"
24.0,2,1,0.5,0,0,2,2,2,1.0,170.0,60,0.353,0.0,2.0,0.0,30.0,30.0,0,30.0,30.0,0,0,0,0,22.67,15.02,0,120,"{""ip-172-31-0-204"": ""healthy"", ""ip-172-31-1-171"": ""healthy"", ""ip-172-31-10-12"": ""healthy"", ""ip-172-31-11-132"": ""healthy"", ""ip-172-31-13-134"": ""healthy"", ""ip-172-31-14-68"": ""healthy"", ""ip-172-31-40-239"": ""healthy""}",subscribe,13.6,1.0,0,0,"{""ip-172-31-0-204"": {""pose"": 1, ""gesture"": 1}}","{""a1"": {""services"": [""pose"", ""gesture""], ""fps"": {""pose"": 30, ""gesture"": 30}, ""eff_fps"": {""pose"": 30, ""gesture"": 30}, ""latency_ms"": {""pose"": 0, ""gesture"": 0}, ""svclat_ms"": {""pose"": 24.71, ""gesture"": 16.15}}, ""a2"": {""services"": [""pose"", ""gesture""], ""fps"": {""pose"": 30, ""gesture"": 30}, ""eff_fps"": {""pose"": 30, ""gesture"": 30}, ""latency_ms"": {""pose"": 0, ""gesture"": 0}, ""svclat_ms"": {""pose"": 20.63, ""gesture"": 13.88}}, ""a3"": {""services"": [""pose"", ""gesture""], ""fps"": {""pose"": 0, ""gesture"": 0}, ""eff_fps"": {""pose"": 0, ""gesture"": 0}, ""latency_ms"": {""pose"": 0, ""gesture"": 0}, ""svclat_ms"": {""pose"": 0.0, ""gesture"": 0.0}}, ""a4"": {""services"": [""pose"", ""gesture""], ""fps"": {""pose"": 0, ""gesture"": 0}, ""eff_fps"": {""pose"": 0, ""gesture"": 0}, ""latency_ms"": {""pose"": 0, ""gesture"": 0}, ""svclat_ms"": {""pose"": 0.0, ""gesture"": 0.0}}, ""a5"": {""services"": [""pose"", ""gesture""], ""fps"": {""pose"": 0, ""gesture"": 0}, ""eff_fps"": {""pose"": 0, ""gesture"": 0}, ""latency_ms"": {""pose"": 0, ""gesture"": 0}, ""svclat_ms"": {""pose"": 0.0, ""gesture"": 0.0}}}"
26.5,3,2,0.667,1,0,3,3,3,1.0,283.0,120,0.424,0.0,1.5,0.0,30.0,30.0,0,30.0,30.0,0,0,0,0,22.87,14.92,0,120,"{""ip-172-31-0-204"": ""healthy"", ""ip-172-31-1-171"": ""healthy"", ""ip-172-31-10-12"": ""healthy"", ""ip-172-31-11-132"": ""healthy"", ""ip-172-31-13-134"": ""healthy"", ""ip-172-31-14-68"": ""healthy"", ""ip-172-31-40-239"": ""healthy""}",subscribe,8.7,1.0,0,0,"{""ip-172-31-0-204"": {""pose"": 1, ""gesture"": 1}, ""ip-172-31-1-171"": {""gesture"": 1}}","{""a1"": {""services"": [""pose"", ""gesture""], ""fps"": {""pose"": 30, ""gesture"": 30}, ""eff_fps"": {""pose"": 30, ""gesture"": 30}, ""latency_ms"": {""pose"": 0, ""gesture"": 0}, ""svclat_ms"": {""pose"": 25.14, ""gesture"": 15.57}}, ""a2"": {""services"": [""pose"", ""gesture""], ""fps"": {""pose"": 30, ""gesture"": 30}, ""eff_fps"": {""pose"": 30, ""gesture"": 30}, ""latency_ms"": {""pose"": 0, ""gesture"": 0}, ""svclat_ms"": {""pose"": 20.6, ""gesture"": 14.27}}, ""a3"": {""services"": [""pose"", ""gesture""], ""fps"": {""pose"": 0, ""gesture"": 0}, ""eff_fps"": {""pose"": 0, ""gesture"": 0}, ""latency_ms"": {""pose"": 0, ""gesture"": 0}, ""svclat_ms"": {""pose"": 0.0, ""gesture"": 0.0}}, ""a4"": {""services"": [""pose"", ""gesture""], ""fps"": {""pose"": 0, ""gesture"": 0}, ""eff_fps"": {""pose"": 0, ""gesture"": 0}, ""latency_ms"": {""pose"": 0, ""gesture"": 0}, ""svclat_ms"": {""pose"": 0.0, ""gesture"": 0.0}}, ""a5"": {""services"": [""pose"", ""gesture""], ""fps"": {""pose"": 0, ""gesture"": 0}, ""eff_fps"": {""pose"": 0, ""gesture"": 0}, ""latency_ms"": {""pose"": 0, ""gesture"": 0}, ""svclat_ms"": {""pose"": 0.0, ""gesture"": 0.0}}, ""a6"": {""services"": [""pose"", ""gesture""], ""fps"": {""pose"": 0, ""gesture"": 0}, ""eff_fps"": {""pose"": 0, ""gesture"": 0}, ""latency_ms"": {""pose"": 0, ""gesture"": 0}, ""svclat_ms"": {""pose"": 0.0, ""gesture"": 0.0}}}"
29.0,3,2,0.667,0,0,3,3,3,1.0,283.0,120,0.424,0.0,1.5,0.0,30.5,30.0,0,30.5,30.0,0,0,0,0,23.42,15.01,0,121,"{""ip-172-31-0-204"": ""healthy"", ""ip-172-31-1-171"": ""healthy"", ""ip-172-31-10-12"": ""healthy"", ""ip-172-31-11-132"": ""healthy"", ""ip-172-31-13-134"": ""healthy"", ""ip-172-31-14-68"": ""healthy"", ""ip-172-31-40-239"": ""healthy""}",subscribe,8.7,1.0,0,0,"{""ip-172-31-0-204"": {""pose"": 1, ""gesture"": 1}, ""ip-172-31-1-171"": {""gesture"": 1}}","{""a1"": {""services"": [""pose"", ""gesture""], ""fps"": {""pose"": 30, ""gesture"": 30}, ""eff_fps"": {""pose"": 30, ""gesture"": 30}, ""latency_ms"": {""pose"": 0, ""gesture"": 0}, ""svclat_ms"": {""pose"": 25.6, ""gesture"": 15.73}}, ""a2"": {""services"": [""pose"", ""gesture""], ""fps"": {""pose"": 31, ""gesture"": 30}, ""eff_fps"": {""pose"": 31, ""gesture"": 30}, ""latency_ms"": {""pose"": 0, ""gesture"": 0}, ""svclat_ms"": {""pose"": 21.24, ""gesture"": 14.29}}, ""a3"": {""services"": [""pose"", ""gesture""], ""fps"": {""pose"": 0, ""gesture"": 0}, ""eff_fps"": {""pose"": 0, ""gesture"": 0}, ""latency_ms"": {""pose"": 0, ""gesture"": 0}, ""svclat_ms"": {""pose"": 0.0, ""gesture"": 0.0}}, ""a4"": {""services"": [""pose"", ""gesture""], ""fps"": {""pose"": 0, ""gesture"": 0}, ""eff_fps"": {""pose"": 0, ""gesture"": 0}, ""latency_ms"": {""pose"": 0, ""gesture"": 0}, ""svclat_ms"": {""pose"": 0.0, ""gesture"": 0.0}}, ""a5"": {""services"": [""pose"", ""gesture""], ""fps"": {""pose"": 0, ""gesture"": 0}, ""eff_fps"": {""pose"": 0, ""gesture"": 0}, ""latency_ms"": {""pose"": 0, ""gesture"": 0}, ""svclat_ms"": {""pose"": 0.0, ""gesture"": 0.0}}, ""a6"": {""services"": [""pose"", ""gesture""], ""fps"": {""pose"": 0, ""gesture"": 0}, ""eff_fps"": {""pose"": 0, ""gesture"": 0}, ""latency_ms"": {""pose"": 0, ""gesture"": 0}, ""svclat_ms"": {""pose"": 0.0, ""gesture"": 0.0}}}"
32.7,3,2,0.667,0,0,3,3,3,1.0,283.0,120,0.424,0.0,1.5,0.0,23.0,30.0,0,23.0,30.0,0,0,0,0,24.18,15.51,0,106,"{""ip-172-31-0-204"": ""healthy"", ""ip-172-31-1-171"": ""healthy"", ""ip-172-31-10-12"": ""healthy"", ""ip-172-31-11-132"": ""healthy"", ""ip-172-31-13-134"": ""healthy"", ""ip-172-31-14-68"": ""healthy"", ""ip-172-31-40-239"": ""healthy""}",subscribe,8.7,1.0,0,0,"{""ip-172-31-0-204"": {""pose"": 1, ""gesture"": 1}, ""ip-172-31-1-171"": {""gesture"": 1}}","{""a1"": {""services"": [""pose"", ""gesture""], ""fps"": {""pose"": 23, ""gesture"": 30}, ""eff_fps"": {""pose"": 23, ""gesture"": 30}, ""latency_ms"": {""pose"": 0, ""gesture"": 0}, ""svclat_ms"": {""pose"": 23.7, ""gesture"": 17.09}}, ""a2"": {""services"": [""pose"", ""gesture""], ""fps"": {""pose"": 23, ""gesture"": 30}, ""eff_fps"": {""pose"": 23, ""gesture"": 30}, ""latency_ms"": {""pose"": 0, ""gesture"": 0}, ""svclat_ms"": {""pose"": 24.66, ""gesture"": 13.93}}, ""a3"": {""services"": [""pose"", ""gesture""], ""fps"": {""pose"": 0, ""gesture"": 0}, ""eff_fps"": {""pose"": 0, ""gesture"": 0}, ""latency_ms"": {""pose"": 0, ""gesture"": 0}, ""svclat_ms"": {""pose"": 0.0, ""gesture"": 0.0}}, ""a4"": {""services"": [""pose"", ""gesture""], ""fps"": {""pose"": 0, ""gesture"": 0}, ""eff_fps"": {""pose"": 0, ""gesture"": 0}, ""latency_ms"": {""pose"": 0, ""gesture"": 0}, ""svclat_ms"": {""pose"": 0.0, ""gesture"": 0.0}}, ""a5"": {""services"": [""pose"", ""gesture""], ""fps"": {""pose"": 0, ""gesture"": 0}, ""eff_fps"": {""pose"": 0, ""gesture"": 0}, ""latency_ms"": {""pose"": 0, ""gesture"": 0}, ""svclat_ms"": {""pose"": 0.0, ""gesture"": 0.0}}, ""a6"": {""services"": [""pose"", ""gesture""], ""fps"": {""pose"": 0, ""gesture"": 0}, ""eff_fps"": {""pose"": 0, ""gesture"": 0}, ""latency_ms"": {""pose"": 0, ""gesture"": 0}, ""svclat_ms"": {""pose"": 0.0, ""gesture"": 0.0}}, ""a7"": {""services"": [""pose"", ""gesture""], ""fps"": {""pose"": 0, ""gesture"": 0}, ""eff_fps"": {""pose"": 0, ""gesture"": 0}, ""latency_ms"": {""pose"": 0, ""gesture"": 0}, ""svclat_ms"": {""pose"": 0.0, ""gesture"": 0.0}}}"
35.1,4,3,0.75,1,0,4,4,4,1.0,396.0,159.0,0.402,0.0,1.33,0.0,23.0,29.67,0,23.0,29.67,0,0,0,0,22.92,15.42,0,158,"{""ip-172-31-0-204"": ""healthy"", ""ip-172-31-1-171"": ""healthy"", ""ip-172-31-10-12"": ""healthy"", ""ip-172-31-11-132"": ""healthy"", ""ip-172-31-13-134"": ""healthy"", ""ip-172-31-14-68"": ""healthy"", ""ip-172-31-40-239"": ""healthy""}",subscribe,9.1,0.8833,0,0,"{""ip-172-31-0-204"": {""pose"": 1, ""gesture"": 1}, ""ip-172-31-1-171"": {""gesture"": 1}, ""ip-172-31-10-12"": {""gesture"": 1}}","{""a1"": {""services"": [""pose"", ""gesture""], ""fps"": {""pose"": 23, ""gesture"": 30}, ""eff_fps"": {""pose"": 23, ""gesture"": 30}, ""latency_ms"": {""pose"": 0, ""gesture"": 0}, ""svclat_ms"": {""pose"": 22.07, ""gesture"": 16.51}}, ""a2"": {""services"": [""pose"", ""gesture""], ""fps"": {""pose"": 23, ""gesture"": 30}, ""eff_fps"": {""pose"": 23, ""gesture"": 30}, ""latency_ms"": {""pose"": 0, ""gesture"": 0}, ""svclat_ms"": {""pose"": 23.47, ""gesture"": 13.97}}, ""a3"": {""services"": [""pose"", ""gesture""], ""fps"": {""pose"": 0, ""gesture"": 0}, ""eff_fps"": {""pose"": 0, ""gesture"": 0}, ""latency_ms"": {""pose"": 0, ""gesture"": 0}, ""svclat_ms"": {""pose"": 0.0, ""gesture"": 0.0}}, ""a4"": {""services"": [""pose"", ""gesture""], ""fps"": {""pose"": 23, ""gesture"": 29}, ""eff_fps"": {""pose"": 23, ""gesture"": 29}, ""latency_ms"": {""pose"": 0, ""gesture"": 0}, ""svclat_ms"": {""pose"": 23.21, ""gesture"": 15.79}}, ""a5"": {""services"": [""pose"", ""gesture""], ""fps"": {""pose"": 0, ""gesture"": 0}, ""eff_fps"": {""pose"": 0, ""gesture"": 0}, ""latency_ms"": {""pose"": 0, ""gesture"": 0}, ""svclat_ms"": {""pose"": 0.0, ""gesture"": 0.0}}, ""a6"": {""services"": [""pose"", ""gesture""], ""fps"": {""pose"": 0, ""gesture"": 0}, ""eff_fps"": {""pose"": 0, ""gesture"": 0}, ""latency_ms"": {""pose"": 0, ""gesture"": 0}, ""svclat_ms"": {""pose"": 0.0, ""gesture"": 0.0}}, ""a7"": {""services"": [""pose"", ""gesture""], ""fps"": {""pose"": 0, ""gesture"": 0}, ""eff_fps"": {""pose"": 0, ""gesture"": 0}, ""latency_ms"": {""pose"": 0, ""gesture"": 0}, ""svclat_ms"": {""pose"": 0.0, ""gesture"": 0.0}}, ""a8"": {""services"": [""pose"", ""gesture""], ""fps"": {""pose"": 0, ""gesture"": 0}, ""eff_fps"": {""pose"": 0, ""gesture"": 0}, ""latency_ms"": {""pose"": 0, ""gesture"": 0}, ""svclat_ms"": {""pose"": 0.0, ""gesture"": 0.0}}}"
37.6,4,3,0.75,0,0,4,4,4,1.0,396.0,159.0,0.402,0.0,1.33,0.0,23.0,30.0,0,23.0,30.0,0,0,0,0,23.61,14.87,0,159,"{""ip-172-31-0-204"": ""healthy"", ""ip-172-31-1-171"": ""healthy"", ""ip-172-31-10-12"": ""healthy"", ""ip-172-31-11-132"": ""healthy"", ""ip-172-31-13-134"": ""healthy"", ""ip-172-31-14-68"": ""healthy"", ""ip-172-31-40-239"": ""healthy""}",subscribe,9.1,0.8833,0,0,"{""ip-172-31-0-204"": {""pose"": 1, ""gesture"": 1}, ""ip-172-31-1-171"": {""gesture"": 1}, ""ip-172-31-10-12"": {""gesture"": 1}}","{""a1"": {""services"": [""pose"", ""gesture""], ""fps"": {""pose"": 23, ""gesture"": 30}, ""eff_fps"": {""pose"": 23, ""gesture"": 30}, ""latency_ms"": {""pose"": 0, ""gesture"": 0}, ""svclat_ms"": {""pose"": 23.1, ""gesture"": 16.45}}, ""a2"": {""services"": [""pose"", ""gesture""], ""fps"": {""pose"": 23, ""gesture"": 30}, ""eff_fps"": {""pose"": 23, ""gesture"": 30}, ""latency_ms"": {""pose"": 0, ""gesture"": 0}, ""svclat_ms"": {""pose"": 24.12, ""gesture"": 13.92}}, ""a3"": {""services"": [""pose"", ""gesture""], ""fps"": {""pose"": 0, ""gesture"": 0}, ""eff_fps"": {""pose"": 0, ""gesture"": 0}, ""latency_ms"": {""pose"": 0, ""gesture"": 0}, ""svclat_ms"": {""pose"": 0.0, ""gesture"": 0.0}}, ""a4"": {""services"": [""pose"", ""gesture""], ""fps"": {""pose"": 23, ""gesture"": 30}, ""eff_fps"": {""pose"": 23, ""gesture"": 30}, ""latency_ms"": {""pose"": 0, ""gesture"": 0}, ""svclat_ms"": {""pose"": 23.61, ""gesture"": 14.23}}, ""a5"": {""services"": [""pose"", ""gesture""], ""fps"": {""pose"": 0, ""gesture"": 0}, ""eff_fps"": {""pose"": 0, ""gesture"": 0}, ""latency_ms"": {""pose"": 0, ""gesture"": 0}, ""svclat_ms"": {""pose"": 0.0, ""gesture"": 0.0}}, ""a6"": {""services"": [""pose"", ""gesture""], ""fps"": {""pose"": 0, ""gesture"": 0}, ""eff_fps"": {""pose"": 0, ""gesture"": 0}, ""latency_ms"": {""pose"": 0, ""gesture"": 0}, ""svclat_ms"": {""pose"": 0.0, ""gesture"": 0.0}}, ""a7"": {""services"": [""pose"", ""gesture""], ""fps"": {""pose"": 0, ""gesture"": 0}, ""eff_fps"": {""pose"": 0, ""gesture"": 0}, ""latency_ms"": {""pose"": 0, ""gesture"": 0}, ""svclat_ms"": {""pose"": 0.0, ""gesture"": 0.0}}, ""a8"": {""services"": [""pose"", ""gesture""], ""fps"": {""pose"": 0, ""gesture"": 0}, ""eff_fps"": {""pose"": 0, ""gesture"": 0}, ""latency_ms"": {""pose"": 0, ""gesture"": 0}, ""svclat_ms"": {""pose"": 0.0, ""gesture"": 0.0}}}"
41.2,4,3,0.75,0,0,4,4,4,1.0,396.0,159.0,0.402,0.0,1.33,0.0,17.25,30.0,0,17.25,30.0,0,0,0,0,25.06,15.19,0,189,"{""ip-172-31-0-204"": ""healthy"", ""ip-172-31-1-171"": ""healthy"", ""ip-172-31-10-12"": ""healthy"", ""ip-172-31-11-132"": ""healthy"", ""ip-172-31-13-134"": ""healthy"", ""ip-172-31-14-68"": ""healthy"", ""ip-172-31-40-239"": ""healthy""}",subscribe,9.1,0.8833,0,0,"{""ip-172-31-0-204"": {""pose"": 1, ""gesture"": 1}, ""ip-172-31-1-171"": {""gesture"": 1}, ""ip-172-31-10-12"": {""gesture"": 1}}","{""a1"": {""services"": [""pose"", ""gesture""], ""fps"": {""pose"": 17, ""gesture"": 30}, ""eff_fps"": {""pose"": 17, ""gesture"": 30}, ""latency_ms"": {""pose"": 0, ""gesture"": 0}, ""svclat_ms"": {""pose"": 24.67, ""gesture"": 17.18}}, ""a2"": {""services"": [""pose"", ""gesture""], ""fps"": {""pose"": 17, ""gesture"": 30}, ""eff_fps"": {""pose"": 17, ""gesture"": 30}, ""latency_ms"": {""pose"": 0, ""gesture"": 0}, ""svclat_ms"": {""pose"": 23.13, ""gesture"": 14.03}}, ""a3"": {""services"": [""pose"", ""gesture""], ""fps"": {""pose"": 17, ""gesture"": 30}, ""eff_fps"": {""pose"": 17, ""gesture"": 30}, ""latency_ms"": {""pose"": 0, ""gesture"": 0}, ""svclat_ms"": {""pose"": 25.78, ""gesture"": 14.98}}, ""a4"": {""services"": [""pose"", ""gesture""], ""fps"": {""pose"": 18, ""gesture"": 30}, ""eff_fps"": {""pose"": 18, ""gesture"": 30}, ""latency_ms"": {""pose"": 0, ""gesture"": 0}, ""svclat_ms"": {""pose"": 26.67, ""gesture"": 14.58}}, ""a5"": {""services"": [""pose"", ""gesture""], ""fps"": {""pose"": 0, ""gesture"": 0}, ""eff_fps"": {""pose"": 0, ""gesture"": 0}, ""latency_ms"": {""pose"": 0, ""gesture"": 0}, ""svclat_ms"": {""pose"": 0.0, ""gesture"": 0.0}}, ""a6"": {""services"": [""pose"", ""gesture""], ""fps"": {""pose"": 0, ""gesture"": 0}, ""eff_fps"": {""pose"": 0, ""gesture"": 0}, ""latency_ms"": {""pose"": 0, ""gesture"": 0}, ""svclat_ms"": {""pose"": 0.0, ""gesture"": 0.0}}, ""a7"": {""services"": [""pose"", ""gesture""], ""fps"": {""pose"": 0, ""gesture"": 0}, ""eff_fps"": {""pose"": 0, ""gesture"": 0}, ""latency_ms"": {""pose"": 0, ""gesture"": 0}, ""svclat_ms"": {""pose"": 0.0, ""gesture"": 0.0}}, ""a8"": {""services"": [""pose"", ""gesture""], ""fps"": {""pose"": 0, ""gesture"": 0}, ""eff_fps"": {""pose"": 0, ""gesture"": 0}, ""latency_ms"": {""pose"": 0, ""gesture"": 0}, ""svclat_ms"": {""pose"": 0.0, ""gesture"": 0.0}}, ""a9"": {""services"": [""pose"", ""gesture""], ""fps"": {""pose"": 0, ""gesture"": 0}, ""eff_fps"": {""pose"": 0, ""gesture"": 0}, ""latency_ms"": {""pose"": 0, ""gesture"": 0}, ""svclat_ms"": {""pose"": 0.0, ""gesture"": 0.0}}}"
43.7,5,4,0.8,1,0,5,5,5,1.0,509.0,189.0,0.371,0.0,1.25,0.0,17.0,29.75,0,17.0,29.75,0,0,0,0,24.04,15.27,0,187,"{""ip-172-31-0-204"": ""healthy"", ""ip-172-31-1-171"": ""healthy"", ""ip-172-31-10-12"": ""healthy"", ""ip-172-31-11-132"": ""healthy"", ""ip-172-31-13-134"": ""healthy"", ""ip-172-31-14-68"": ""healthy"", ""ip-172-31-40-239"": ""healthy""}",subscribe,9.0,0.7875,0,0,"{""ip-172-31-0-204"": {""pose"": 1, ""gesture"": 1}, ""ip-172-31-1-171"": {""gesture"": 1}, ""ip-172-31-10-12"": {""gesture"": 1}, ""ip-172-31-11-132"": {""gesture"": 1}}","{""a1"": {""services"": [""pose"", ""gesture""], ""fps"": {""pose"": 17, ""gesture"": 30}, ""eff_fps"": {""pose"": 17, ""gesture"": 30}, ""latency_ms"": {""pose"": 0, ""gesture"": 0}, ""svclat_ms"": {""pose"": 23.99, ""gesture"": 16.21}}, ""a2"": {""services"": [""pose"", ""gesture""], ""fps"": {""pose"": 17, ""gesture"": 30}, ""eff_fps"": {""pose"": 17, ""gesture"": 30}, ""latency_ms"": {""pose"": 0, ""gesture"": 0}, ""svclat_ms"": {""pose"": 22.12, ""gesture"": 14.17}}, ""a3"": {""services"": [""pose"", ""gesture""], ""fps"": {""pose"": 17, ""gesture"": 29}, ""eff_fps"": {""pose"": 17, ""gesture"": 29}, ""latency_ms"": {""pose"": 0, ""gesture"": 0}, ""svclat_ms"": {""pose"": 24.81, ""gesture"": 16.42}}, ""a4"": {""services"": [""pose"", ""gesture""], ""fps"": {""pose"": 17, ""gesture"": 30}, ""eff_fps"": {""pose"": 17, ""gesture"": 30}, ""latency_ms"": {""pose"": 0, ""gesture"": 0}, ""svclat_ms"": {""pose"": 25.24, ""gesture"": 14.26}}, ""a5"": {""services"": [""pose"", ""gesture""], ""fps"": {""pose"": 0, ""gesture"": 0}, ""eff_fps"": {""pose"": 0, ""gesture"": 0}, ""latency_ms"": {""pose"": 0, ""gesture"": 0}, ""svclat_ms"": {""pose"": 0.0, ""gesture"": 0.0}}, ""a6"": {""services"": [""pose"", ""gesture""], ""fps"": {""pose"": 0, ""gesture"": 0}, ""eff_fps"": {""pose"": 0, ""gesture"": 0}, ""latency_ms"": {""pose"": 0, ""gesture"": 0}, ""svclat_ms"": {""pose"": 0.0, ""gesture"": 0.0}}, ""a7"": {""services"": [""pose"", ""gesture""], ""fps"": {""pose"": 0, ""gesture"": 0}, ""eff_fps"": {""pose"": 0, ""gesture"": 0}, ""latency_ms"": {""pose"": 0, ""gesture"": 0}, ""svclat_ms"": {""pose"": 0.0, ""gesture"": 0.0}}, ""a8"": {""services"": [""pose"", ""gesture""], ""fps"": {""pose"": 0, ""gesture"": 0}, ""eff_fps"": {""pose"": 0, ""gesture"": 0}, ""latency_ms"": {""pose"": 0, ""gesture"": 0}, ""svclat_ms"": {""pose"": 0.0, ""gesture"": 0.0}}, ""a9"": {""services"": [""pose"", ""gesture""], ""fps"": {""pose"": 0, ""gesture"": 0}, ""eff_fps"": {""pose"": 0, ""gesture"": 0}, ""latency_ms"": {""pose"": 0, ""gesture"": 0}, ""svclat_ms"": {""pose"": 0.0, ""gesture"": 0.0}}}"
46.1,5,4,0.8,0,0,5,5,5,1.0,509.0,189.0,0.371,0.0,1.25,0.0,17.5,30.0,0,17.5,30.0,0,0,0,0,24.46,14.92,0,190,"{""ip-172-31-0-204"": ""healthy"", ""ip-172-31-1-171"": ""healthy"", ""ip-172-31-10-12"": ""healthy"", ""ip-172-31-11-132"": ""healthy"", ""ip-172-31-13-134"": ""healthy"", ""ip-172-31-14-68"": ""healthy"", ""ip-172-31-40-239"": ""healthy""}",subscribe,9.0,0.7875,0,0,"{""ip-172-31-0-204"": {""pose"": 1, ""gesture"": 1}, ""ip-172-31-1-171"": {""gesture"": 1}, ""ip-172-31-10-12"": {""gesture"": 1}, ""ip-172-31-11-132"": {""gesture"": 1}}","{""a1"": {""services"": [""pose"", ""gesture""], ""fps"": {""pose"": 18, ""gesture"": 30}, ""eff_fps"": {""pose"": 18, ""gesture"": 30}, ""latency_ms"": {""pose"": 0, ""gesture"": 0}, ""svclat_ms"": {""pose"": 24.62, ""gesture"": 16.5}}, ""a2"": {""services"": [""pose"", ""gesture""], ""fps"": {""pose"": 18, ""gesture"": 30}, ""eff_fps"": {""pose"": 18, ""gesture"": 30}, ""latency_ms"": {""pose"": 0, ""gesture"": 0}, ""svclat_ms"": {""pose"": 22.2, ""gesture"": 14.08}}, ""a3"": {""services"": [""pose"", ""gesture""], ""fps"": {""pose"": 17, ""gesture"": 30}, ""eff_fps"": {""pose"": 17, ""gesture"": 30}, ""latency_ms"": {""pose"": 0, ""gesture"": 0}, ""svclat_ms"": {""pose"": 25.38, ""gesture"": 14.79}}, ""a4"": {""services"": [""pose"", ""gesture""], ""fps"": {""pose"": 17, ""gesture"": 30}, ""eff_fps"": {""pose"": 17, ""gesture"": 30}, ""latency_ms"": {""pose"": 0, ""gesture"": 0}, ""svclat_ms"": {""pose"": 25.66, ""gesture"": 14.32}}, ""a5"": {""services"": [""pose"", ""gesture""], ""fps"": {""pose"": 0, ""gesture"": 0}, ""eff_fps"": {""pose"": 0, ""gesture"": 0}, ""latency_ms"": {""pose"": 0, ""gesture"": 0}, ""svclat_ms"": {""pose"": 0.0, ""gesture"": 0.0}}, ""a6"": {""services"": [""pose"", ""gesture""], ""fps"": {""pose"": 0, ""gesture"": 0}, ""eff_fps"": {""pose"": 0, ""gesture"": 0}, ""latency_ms"": {""pose"": 0, ""gesture"": 0}, ""svclat_ms"": {""pose"": 0.0, ""gesture"": 0.0}}, ""a7"": {""services"": [""pose"", ""gesture""], ""fps"": {""pose"": 0, ""gesture"": 0}, ""eff_fps"": {""pose"": 0, ""gesture"": 0}, ""latency_ms"": {""pose"": 0, ""gesture"": 0}, ""svclat_ms"": {""pose"": 0.0, ""gesture"": 0.0}}, ""a8"": {""services"": [""pose"", ""gesture""], ""fps"": {""pose"": 0, ""gesture"": 0}, ""eff_fps"": {""pose"": 0, ""gesture"": 0}, ""latency_ms"": {""pose"": 0, ""gesture"": 0}, ""svclat_ms"": {""pose"": 0.0, ""gesture"": 0.0}}, ""a9"": {""services"": [""pose"", ""gesture""], ""fps"": {""pose"": 0, ""gesture"": 0}, ""eff_fps"": {""pose"": 0, ""gesture"": 0}, ""latency_ms"": {""pose"": 0, ""gesture"": 0}, ""svclat_ms"": {""pose"": 0.0, ""gesture"": 0.0}}, ""a10"": {""services"": [""pose"", ""gesture""], ""fps"": {""pose"": 0, ""gesture"": 0}, ""eff_fps"": {""pose"": 0, ""gesture"": 0}, ""latency_ms"": {""pose"": 0, ""gesture"": 0}, ""svclat_ms"": {""pose"": 0.0, ""gesture"": 0.0}}}"
48.6,5,4,0.8,0,0,5,5,5,1.0,509.0,189.0,0.371,0.0,1.25,0.0,17.25,30.0,0,17.25,30.0,0,0,0,0,24.08,14.94,0,189,"{""ip-172-31-0-204"": ""healthy"", ""ip-172-31-1-171"": ""healthy"", ""ip-172-31-10-12"": ""healthy"", ""ip-172-31-11-132"": ""healthy"", ""ip-172-31-13-134"": ""healthy"", ""ip-172-31-14-68"": ""healthy"", ""ip-172-31-40-239"": ""healthy""}",subscribe,9.0,0.7875,0,0,"{""ip-172-31-0-204"": {""pose"": 1, ""gesture"": 1}, ""ip-172-31-1-171"": {""gesture"": 1}, ""ip-172-31-10-12"": {""gesture"": 1}, ""ip-172-31-11-132"": {""gesture"": 1}}","{""a1"": {""services"": [""pose"", ""gesture""], ""fps"": {""pose"": 17, ""gesture"": 30}, ""eff_fps"": {""pose"": 17, ""gesture"": 30}, ""latency_ms"": {""pose"": 0, ""gesture"": 0}, ""svclat_ms"": {""pose"": 23.31, ""gesture"": 16.3}}, ""a2"": {""services"": [""pose"", ""gesture""], ""fps"": {""pose"": 17, ""gesture"": 30}, ""eff_fps"": {""pose"": 17, ""gesture"": 30}, ""latency_ms"": {""pose"": 0, ""gesture"": 0}, ""svclat_ms"": {""pose"": 21.86, ""gesture"": 14.19}}, ""a3"": {""services"": [""pose"", ""gesture""], ""fps"": {""pose"": 17, ""gesture"": 30}, ""eff_fps"": {""pose"": 17, ""gesture"": 30}, ""latency_ms"": {""pose"": 0, ""gesture"": 0}, ""svclat_ms"": {""pose"": 25.01, ""gesture"": 14.89}}, ""a4"": {""services"": [""pose"", ""gesture""], ""fps"": {""pose"": 18, ""gesture"": 30}, ""eff_fps"": {""pose"": 18, ""gesture"": 30}, ""latency_ms"": {""pose"": 0, ""gesture"": 0}, ""svclat_ms"": {""pose"": 26.13, ""gesture"": 14.39}}, ""a5"": {""services"": [""pose"", ""gesture""], ""fps"": {""pose"": 0, ""gesture"": 0}, ""eff_fps"": {""pose"": 0, ""gesture"": 0}, ""latency_ms"": {""pose"": 0, ""gesture"": 0}, ""svclat_ms"": {""pose"": 0.0, ""gesture"": 0.0}}, ""a6"": {""services"": [""pose"", ""gesture""], ""fps"": {""pose"": 0, ""gesture"": 0}, ""eff_fps"": {""pose"": 0, ""gesture"": 0}, ""latency_ms"": {""pose"": 0, ""gesture"": 0}, ""svclat_ms"": {""pose"": 0.0, ""gesture"": 0.0}}, ""a7"": {""services"": [""pose"", ""gesture""], ""fps"": {""pose"": 0, ""gesture"": 0}, ""eff_fps"": {""pose"": 0, ""gesture"": 0}, ""latency_ms"": {""pose"": 0, ""gesture"": 0}, ""svclat_ms"": {""pose"": 0.0, ""gesture"": 0.0}}, ""a8"": {""services"": [""pose"", ""gesture""], ""fps"": {""pose"": 0, ""gesture"": 0}, ""eff_fps"": {""pose"": 0, ""gesture"": 0}, ""latency_ms"": {""pose"": 0, ""gesture"": 0}, ""svclat_ms"": {""pose"": 0.0, ""gesture"": 0.0}}, ""a9"": {""services"": [""pose"", ""gesture""], ""fps"": {""pose"": 0, ""gesture"": 0}, ""eff_fps"": {""pose"": 0, ""gesture"": 0}, ""latency_ms"": {""pose"": 0, ""gesture"": 0}, ""svclat_ms"": {""pose"": 0.0, ""gesture"": 0.0}}, ""a10"": {""services"": [""pose"", ""gesture""], ""fps"": {""pose"": 0, ""gesture"": 0}, ""eff_fps"": {""pose"": 0, ""gesture"": 0}, ""latency_ms"": {""pose"": 0, ""gesture"": 0}, ""svclat_ms"": {""pose"": 0.0, ""gesture"": 0.0}}}"
51.0,5,4,0.8,0,0,5,5,5,1.0,509.0,189.0,0.371,0.0,1.25,0.0,17.25,30.0,0,17.25,30.0,0,0,0,0,24.0,15.02,0,189,"{""ip-172-31-0-204"": ""healthy"", ""ip-172-31-1-171"": ""healthy"", ""ip-172-31-10-12"": ""healthy"", ""ip-172-31-11-132"": ""healthy"", ""ip-172-31-13-134"": ""healthy"", ""ip-172-31-14-68"": ""healthy"", ""ip-172-31-40-239"": ""healthy""}",subscribe,9.0,0.7875,0,0,"{""ip-172-31-0-204"": {""pose"": 1, ""gesture"": 1}, ""ip-172-31-1-171"": {""gesture"": 1}, ""ip-172-31-10-12"": {""gesture"": 1}, ""ip-172-31-11-132"": {""gesture"": 1}}","{""a1"": {""services"": [""pose"", ""gesture""], ""fps"": {""pose"": 17, ""gesture"": 30}, ""eff_fps"": {""pose"": 17, ""gesture"": 30}, ""latency_ms"": {""pose"": 0, ""gesture"": 0}, ""svclat_ms"": {""pose"": 24.15, ""gesture"": 16.52}}, ""a2"": {""services"": [""pose"", ""gesture""], ""fps"": {""pose"": 17, ""gesture"": 30}, ""eff_fps"": {""pose"": 17, ""gesture"": 30}, ""latency_ms"": {""pose"": 0, ""gesture"": 0}, ""svclat_ms"": {""pose"": 21.85, ""gesture"": 14.03}}, ""a3"": {""services"": [""pose"", ""gesture""], ""fps"": {""pose"": 18, ""gesture"": 30}, ""eff_fps"": {""pose"": 18, ""gesture"": 30}, ""latency_ms"": {""pose"": 0, ""gesture"": 0}, ""svclat_ms"": {""pose"": 24.83, ""gesture"": 14.95}}, ""a4"": {""services"": [""pose"", ""gesture""], ""fps"": {""pose"": 17, ""gesture"": 30}, ""eff_fps"": {""pose"": 17, ""gesture"": 30}, ""latency_ms"": {""pose"": 0, ""gesture"": 0}, ""svclat_ms"": {""pose"": 25.17, ""gesture"": 14.58}}, ""a5"": {""services"": [""pose"", ""gesture""], ""fps"": {""pose"": 0, ""gesture"": 0}, ""eff_fps"": {""pose"": 0, ""gesture"": 0}, ""latency_ms"": {""pose"": 0, ""gesture"": 0}, ""svclat_ms"": {""pose"": 0.0, ""gesture"": 0.0}}, ""a6"": {""services"": [""pose"", ""gesture""], ""fps"": {""pose"": 0, ""gesture"": 0}, ""eff_fps"": {""pose"": 0, ""gesture"": 0}, ""latency_ms"": {""pose"": 0, ""gesture"": 0}, ""svclat_ms"": {""pose"": 0.0, ""gesture"": 0.0}}, ""a7"": {""services"": [""pose"", ""gesture""], ""fps"": {""pose"": 0, ""gesture"": 0}, ""eff_fps"": {""pose"": 0, ""gesture"": 0}, ""latency_ms"": {""pose"": 0, ""gesture"": 0}, ""svclat_ms"": {""pose"": 0.0, ""gesture"": 0.0}}, ""a8"": {""services"": [""pose"", ""gesture""], ""fps"": {""pose"": 0, ""gesture"": 0}, ""eff_fps"": {""pose"": 0, ""gesture"": 0}, ""latency_ms"": {""pose"": 0, ""gesture"": 0}, ""svclat_ms"": {""pose"": 0.0, ""gesture"": 0.0}}, ""a9"": {""services"": [""pose"", ""gesture""], ""fps"": {""pose"": 0, ""gesture"": 0}, ""eff_fps"": {""pose"": 0, ""gesture"": 0}, ""latency_ms"": {""pose"": 0, ""gesture"": 0}, ""svclat_ms"": {""pose"": 0.0, ""gesture"": 0.0}}, ""a10"": {""services"": [""pose"", ""gesture""], ""fps"": {""pose"": 0, ""gesture"": 0}, ""eff_fps"": {""pose"": 0, ""gesture"": 0}, ""latency_ms"": {""pose"": 0, ""gesture"": 0}, ""svclat_ms"": {""pose"": 0.0, ""gesture"": 0.0}}, ""a11"": {""services"": [""pose"", ""gesture""], ""fps"": {""pose"": 0, ""gesture"": 0}, ""eff_fps"": {""pose"": 0, ""gesture"": 0}, ""latency_ms"": {""pose"": 0, ""gesture"": 0}, ""svclat_ms"": {""pose"": 0.0, ""gesture"": 0.0}}}"
55.2,6,5,0.833,1,0,6,6,6,1.0,622.0,219.0,0.352,0.0,1.2,0.0,13.75,30.0,0,13.75,30.0,0,0,0,0,23.95,14.92,0,175,"{""ip-172-31-0-204"": ""healthy"", ""ip-172-31-1-171"": ""healthy"", ""ip-172-31-10-12"": ""healthy"", ""ip-172-31-11-132"": ""healthy"", ""ip-172-31-13-134"": ""healthy"", ""ip-172-31-14-68"": ""healthy"", ""ip-172-31-40-239"": ""healthy""}",subscribe,8.8,0.73,0,0,"{""ip-172-31-0-204"": {""pose"": 1, ""gesture"": 1}, ""ip-172-31-1-171"": {""gesture"": 1}, ""ip-172-31-10-12"": {""gesture"": 1}, ""ip-172-31-11-132"": {""gesture"": 1}, ""ip-172-31-13-134"": {""gesture"": 1}}","{""a1"": {""services"": [""pose"", ""gesture""], ""fps"": {""pose"": 14, ""gesture"": 30}, ""eff_fps"": {""pose"": 14, ""gesture"": 30}, ""latency_ms"": {""pose"": 0, ""gesture"": 0}, ""svclat_ms"": {""pose"": 23.82, ""gesture"": 16.55}}, ""a2"": {""services"": [""pose"", ""gesture""], ""fps"": {""pose"": 14, ""gesture"": 30}, ""eff_fps"": {""pose"": 14, ""gesture"": 30}, ""latency_ms"": {""pose"": 0, ""gesture"": 0}, ""svclat_ms"": {""pose"": 21.64, ""gesture"": 14.02}}, ""a3"": {""services"": [""pose"", ""gesture""], ""fps"": {""pose"": 14, ""gesture"": 30}, ""eff_fps"": {""pose"": 14, ""gesture"": 30}, ""latency_ms"": {""pose"": 0, ""gesture"": 0}, ""svclat_ms"": {""pose"": 24.76, ""gesture"": 14.85}}, ""a4"": {""services"": [""pose"", ""gesture""], ""fps"": {""pose"": 13, ""gesture"": 30}, ""eff_fps"": {""pose"": 13, ""gesture"": 30}, ""latency_ms"": {""pose"": 0, ""gesture"": 0}, ""svclat_ms"": {""pose"": 25.57, ""gesture"": 14.26}}, ""a5"": {""services"": [""pose"", ""gesture""], ""fps"": {""pose"": 0, ""gesture"": 0}, ""eff_fps"": {""pose"": 0, ""gesture"": 0}, ""latency_ms"": {""pose"": 0, ""gesture"": 0}, ""svclat_ms"": {""pose"": 0.0, ""gesture"": 0.0}}, ""a6"": {""services"": [""pose"", ""gesture""], ""fps"": {""pose"": 0, ""gesture"": 0}, ""eff_fps"": {""pose"": 0, ""gesture"": 0}, ""latency_ms"": {""pose"": 0, ""gesture"": 0}, ""svclat_ms"": {""pose"": 0.0, ""gesture"": 0.0}}, ""a7"": {""services"": [""pose"", ""gesture""], ""fps"": {""pose"": 0, ""gesture"": 0}, ""eff_fps"": {""pose"": 0, ""gesture"": 0}, ""latency_ms"": {""pose"": 0, ""gesture"": 0}, ""svclat_ms"": {""pose"": 0.0, ""gesture"": 0.0}}, ""a8"": {""services"": [""pose"", ""gesture""], ""fps"": {""pose"": 0, ""gesture"": 0}, ""eff_fps"": {""pose"": 0, ""gesture"": 0}, ""latency_ms"": {""pose"": 0, ""gesture"": 0}, ""svclat_ms"": {""pose"": 0.0, ""gesture"": 0.0}}, ""a9"": {""services"": [""pose"", ""gesture""], ""fps"": {""pose"": 0, ""gesture"": 0}, ""eff_fps"": {""pose"": 0, ""gesture"": 0}, ""latency_ms"": {""pose"": 0, ""gesture"": 0}, ""svclat_ms"": {""pose"": 0.0, ""gesture"": 0.0}}, ""a10"": {""services"": [""pose"", ""gesture""], ""fps"": {""pose"": 0, ""gesture"": 0}, ""eff_fps"": {""pose"": 0, ""gesture"": 0}, ""latency_ms"": {""pose"": 0, ""gesture"": 0}, ""svclat_ms"": {""pose"": 0.0, ""gesture"": 0.0}}, ""a11"": {""services"": [""pose"", ""gesture""], ""fps"": {""pose"": 0, ""gesture"": 0}, ""eff_fps"": {""pose"": 0, ""gesture"": 0}, ""latency_ms"": {""pose"": 0, ""gesture"": 0}, ""svclat_ms"": {""pose"": 0.0, ""gesture"": 0.0}}, ""a12"": {""services"": [""pose"", ""gesture""], ""fps"": {""pose"": 0, ""gesture"": 0}, ""eff_fps"": {""pose"": 0, ""gesture"": 0}, ""latency_ms"": {""pose"": 0, ""gesture"": 0}, ""svclat_ms"": {""pose"": 0.0, ""gesture"": 0.0}}}"
57.7,6,5,0.833,0,0,6,6,6,1.0,622.0,219.0,0.352,0.0,1.2,0.0,14.0,30.25,0,14.0,30.25,0,0,0,0,24.38,15.03,0,177,"{""ip-172-31-0-204"": ""healthy"", ""ip-172-31-1-171"": ""healthy"", ""ip-172-31-10-12"": ""healthy"", ""ip-172-31-11-132"": ""healthy"", ""ip-172-31-13-134"": ""healthy"", ""ip-172-31-14-68"": ""healthy"", ""ip-172-31-40-239"": ""healthy""}",subscribe,8.8,0.73,0,0,"{""ip-172-31-0-204"": {""pose"": 1, ""gesture"": 1}, ""ip-172-31-1-171"": {""gesture"": 1}, ""ip-172-31-10-12"": {""gesture"": 1}, ""ip-172-31-11-132"": {""gesture"": 1}, ""ip-172-31-13-134"": {""gesture"": 1}}","{""a1"": {""services"": [""pose"", ""gesture""], ""fps"": {""pose"": 14, ""gesture"": 31}, ""eff_fps"": {""pose"": 14, ""gesture"": 31}, ""latency_ms"": {""pose"": 0, ""gesture"": 0}, ""svclat_ms"": {""pose"": 24.13, ""gesture"": 16.68}}, ""a2"": {""services"": [""pose"", ""gesture""], ""fps"": {""pose"": 14, ""gesture"": 30}, ""eff_fps"": {""pose"": 14, ""gesture"": 30}, ""latency_ms"": {""pose"": 0, ""gesture"": 0}, ""svclat_ms"": {""pose"": 22.59, ""gesture"": 14.12}}, ""a3"": {""services"": [""pose"", ""gesture""], ""fps"": {""pose"": 14, ""gesture"": 30}, ""eff_fps"": {""pose"": 14, ""gesture"": 30}, ""latency_ms"": {""pose"": 0, ""gesture"": 0}, ""svclat_ms"": {""pose"": 24.73, ""gesture"": 14.97}}, ""a4"": {""services"": [""pose"", ""gesture""], ""fps"": {""pose"": 14, ""gesture"": 30}, ""eff_fps"": {""pose"": 14, ""gesture"": 30}, ""latency_ms"": {""pose"": 0, ""gesture"": 0}, ""svclat_ms"": {""pose"": 26.06, ""gesture"": 14.37}}, ""a5"": {""services"": [""pose"", ""gesture""], ""fps"": {""pose"": 0, ""gesture"": 0}, ""eff_fps"": {""pose"": 0, ""gesture"": 0}, ""latency_ms"": {""pose"": 0, ""gesture"": 0}, ""svclat_ms"": {""pose"": 0.0, ""gesture"": 0.0}}, ""a6"": {""services"": [""pose"", ""gesture""], ""fps"": {""pose"": 0, ""gesture"": 0}, ""eff_fps"": {""pose"": 0, ""gesture"": 0}, ""latency_ms"": {""pose"": 0, ""gesture"": 0}, ""svclat_ms"": {""pose"": 0.0, ""gesture"": 0.0}}, ""a7"": {""services"": [""pose"", ""gesture""], ""fps"": {""pose"": 0, ""gesture"": 0}, ""eff_fps"": {""pose"": 0, ""gesture"": 0}, ""latency_ms"": {""pose"": 0, ""gesture"": 0}, ""svclat_ms"": {""pose"": 0.0, ""gesture"": 0.0}}, ""a8"": {""services"": [""pose"", ""gesture""], ""fps"": {""pose"": 0, ""gesture"": 0}, ""eff_fps"": {""pose"": 0, ""gesture"": 0}, ""latency_ms"": {""pose"": 0, ""gesture"": 0}, ""svclat_ms"": {""pose"": 0.0, ""gesture"": 0.0}}, ""a9"": {""services"": [""pose"", ""gesture""], ""fps"": {""pose"": 0, ""gesture"": 0}, ""eff_fps"": {""pose"": 0, ""gesture"": 0}, ""latency_ms"": {""pose"": 0, ""gesture"": 0}, ""svclat_ms"": {""pose"": 0.0, ""gesture"": 0.0}}, ""a10"": {""services"": [""pose"", ""gesture""], ""fps"": {""pose"": 0, ""gesture"": 0}, ""eff_fps"": {""pose"": 0, ""gesture"": 0}, ""latency_ms"": {""pose"": 0, ""gesture"": 0}, ""svclat_ms"": {""pose"": 0.0, ""gesture"": 0.0}}, ""a11"": {""services"": [""pose"", ""gesture""], ""fps"": {""pose"": 0, ""gesture"": 0}, ""eff_fps"": {""pose"": 0, ""gesture"": 0}, ""latency_ms"": {""pose"": 0, ""gesture"": 0}, ""svclat_ms"": {""pose"": 0.0, ""gesture"": 0.0}}, ""a12"": {""services"": [""pose"", ""gesture""], ""fps"": {""pose"": 0, ""gesture"": 0}, ""eff_fps"": {""pose"": 0, ""gesture"": 0}, ""latency_ms"": {""pose"": 0, ""gesture"": 0}, ""svclat_ms"": {""pose"": 0.0, ""gesture"": 0.0}}}"
62.1,6,5,0.833,0,0,6,6,6,1.0,622.0,219.0,0.352,0.0,1.2,0.0,11.0,29.75,0,11.0,29.75,0,0,0,0,30.14,15.48,0,163,"{""ip-172-31-0-204"": ""healthy"", ""ip-172-31-1-171"": ""healthy"", ""ip-172-31-10-12"": ""healthy"", ""ip-172-31-11-132"": ""healthy"", ""ip-172-31-13-134"": ""healthy"", ""ip-172-31-14-68"": ""healthy"", ""ip-172-31-40-239"": ""healthy""}",subscribe,8.8,0.73,0,0,"{""ip-172-31-0-204"": {""pose"": 1, ""gesture"": 1}, ""ip-172-31-1-171"": {""gesture"": 1}, ""ip-172-31-10-12"": {""gesture"": 1}, ""ip-172-31-11-132"": {""gesture"": 1}, ""ip-172-31-13-134"": {""gesture"": 1}}","{""a1"": {""services"": [""pose"", ""gesture""], ""fps"": {""pose"": 11, ""gesture"": 29}, ""eff_fps"": {""pose"": 11, ""gesture"": 29}, ""latency_ms"": {""pose"": 0, ""gesture"": 0}, ""svclat_ms"": {""pose"": 30.34, ""gesture"": 18.39}}, ""a2"": {""services"": [""pose"", ""gesture""], ""fps"": {""pose"": 11, ""gesture"": 30}, ""eff_fps"": {""pose"": 11, ""gesture"": 30}, ""latency_ms"": {""pose"": 0, ""gesture"": 0}, ""svclat_ms"": {""pose"": 38.06, ""gesture"": 13.96}}, ""a3"": {""services"": [""pose"", ""gesture""], ""fps"": {""pose"": 11, ""gesture"": 30}, ""eff_fps"": {""pose"": 11, ""gesture"": 30}, ""latency_ms"": {""pose"": 0, ""gesture"": 0}, ""svclat_ms"": {""pose"": 25.42, ""gesture"": 15.03}}, ""a4"": {""services"": [""pose"", ""gesture""], ""fps"": {""pose"": 11, ""gesture"": 30}, ""eff_fps"": {""pose"": 11, ""gesture"": 30}, ""latency_ms"": {""pose"": 0, ""gesture"": 0}, ""svclat_ms"": {""pose"": 26.74, ""gesture"": 14.53}}, ""a5"": {""services"": [""pose"", ""gesture""], ""fps"": {""pose"": 0, ""gesture"": 0}, ""eff_fps"": {""pose"": 0, ""gesture"": 0}, ""latency_ms"": {""pose"": 0, ""gesture"": 0}, ""svclat_ms"": {""pose"": 0.0, ""gesture"": 0.0}}, ""a6"": {""services"": [""pose"", ""gesture""], ""fps"": {""pose"": 0, ""gesture"": 0}, ""eff_fps"": {""pose"": 0, ""gesture"": 0}, ""latency_ms"": {""pose"": 0, ""gesture"": 0}, ""svclat_ms"": {""pose"": 0.0, ""gesture"": 0.0}}, ""a7"": {""services"": [""pose"", ""gesture""], ""fps"": {""pose"": 0, ""gesture"": 0}, ""eff_fps"": {""pose"": 0, ""gesture"": 0}, ""latency_ms"": {""pose"": 0, ""gesture"": 0}, ""svclat_ms"": {""pose"": 0.0, ""gesture"": 0.0}}, ""a8"": {""services"": [""pose"", ""gesture""], ""fps"": {""pose"": 0, ""gesture"": 0}, ""eff_fps"": {""pose"": 0, ""gesture"": 0}, ""latency_ms"": {""pose"": 0, ""gesture"": 0}, ""svclat_ms"": {""pose"": 0.0, ""gesture"": 0.0}}, ""a9"": {""services"": [""pose"", ""gesture""], ""fps"": {""pose"": 0, ""gesture"": 0}, ""eff_fps"": {""pose"": 0, ""gesture"": 0}, ""latency_ms"": {""pose"": 0, ""gesture"": 0}, ""svclat_ms"": {""pose"": 0.0, ""gesture"": 0.0}}, ""a10"": {""services"": [""pose"", ""gesture""], ""fps"": {""pose"": 0, ""gesture"": 0}, ""eff_fps"": {""pose"": 0, ""gesture"": 0}, ""latency_ms"": {""pose"": 0, ""gesture"": 0}, ""svclat_ms"": {""pose"": 0.0, ""gesture"": 0.0}}, ""a11"": {""services"": [""pose"", ""gesture""], ""fps"": {""pose"": 0, ""gesture"": 0}, ""eff_fps"": {""pose"": 0, ""gesture"": 0}, ""latency_ms"": {""pose"": 0, ""gesture"": 0}, ""svclat_ms"": {""pose"": 0.0, ""gesture"": 0.0}}, ""a12"": {""services"": [""pose"", ""gesture""], ""fps"": {""pose"": 0, ""gesture"": 0}, ""eff_fps"": {""pose"": 0, ""gesture"": 0}, ""latency_ms"": {""pose"": 0, ""gesture"": 0}, ""svclat_ms"": {""pose"": 0.0, ""gesture"": 0.0}}, ""a13"": {""services"": [""pose"", ""gesture""], ""fps"": {""pose"": 0, ""gesture"": 0}, ""eff_fps"": {""pose"": 0, ""gesture"": 0}, ""latency_ms"": {""pose"": 0, ""gesture"": 0}, ""svclat_ms"": {""pose"": 0.0, ""gesture"": 0.0}}}"
64.5,7,6,0.857,1,0,7,7,7,1.0,735.0,249.0,0.339,0.0,1.17,0.0,11.25,30.0,0,11.25,30.0,0,0,0,0,27.17,15.39,0,165,"{""ip-172-31-0-204"": ""healthy"", ""ip-172-31-1-171"": ""healthy"", ""ip-172-31-10-12"": ""healthy"", ""ip-172-31-11-132"": ""healthy"", ""ip-172-31-13-134"": ""healthy"", ""ip-172-31-14-68"": ""healthy"", ""ip-172-31-40-239"": ""healthy""}",subscribe,9.3,0.6917,0,0,"{""ip-172-31-0-204"": {""pose"": 1, ""gesture"": 1}, ""ip-172-31-1-171"": {""gesture"": 1}, ""ip-172-31-10-12"": {""gesture"": 1}, ""ip-172-31-11-132"": {""gesture"": 1}, ""ip-172-31-13-134"": {""gesture"": 1}, ""ip-172-31-14-68"": {""gesture"": 1}}","{""a1"": {""services"": [""pose"", ""gesture""], ""fps"": {""pose"": 11, ""gesture"": 30}, ""eff_fps"": {""pose"": 11, ""gesture"": 30}, ""latency_ms"": {""pose"": 0, ""gesture"": 0}, ""svclat_ms"": {""pose"": 23.95, ""gesture"": 17.61}}, ""a2"": {""services"": [""pose"", ""gesture""], ""fps"": {""pose"": 11, ""gesture"": 30}, ""eff_fps"": {""pose"": 11, ""gesture"": 30}, ""latency_ms"": {""pose"": 0, ""gesture"": 0}, ""svclat_ms"": {""pose"": 28.09, ""gesture"": 14.71}}, ""a3"": {""services"": [""pose"", ""gesture""], ""fps"": {""pose"": 11, ""gesture"": 30}, ""eff_fps"": {""pose"": 11, ""gesture"": 30}, ""latency_ms"": {""pose"": 0, ""gesture"": 0}, ""svclat_ms"": {""pose"": 27.46, ""gesture"": 14.98}}, ""a4"": {""services"": [""pose"", ""gesture""], ""fps"": {""pose"": 12, ""gesture"": 30}, ""eff_fps"": {""pose"": 12, ""gesture"": 30}, ""latency_ms"": {""pose"": 0, ""gesture"": 0}, ""svclat_ms"": {""pose"": 29.19, ""gesture"": 14.28}}, ""a5"": {""services"": [""pose"", ""gesture""], ""fps"": {""pose"": 0, ""gesture"": 0}, ""eff_fps"": {""pose"": 0, ""gesture"": 0}, ""latency_ms"": {""pose"": 0, ""gesture"": 0}, ""svclat_ms"": {""pose"": 0.0, ""gesture"": 0.0}}, ""a6"": {""services"": [""pose"", ""gesture""], ""fps"": {""pose"": 0, ""gesture"": 0}, ""eff_fps"": {""pose"": 0, ""gesture"": 0}, ""latency_ms"": {""pose"": 0, ""gesture"": 0}, ""svclat_ms"": {""pose"": 0.0, ""gesture"": 0.0}}, ""a7"": {""services"": [""pose"", ""gesture""], ""fps"": {""pose"": 0, ""gesture"": 0}, ""eff_fps"": {""pose"": 0, ""gesture"": 0}, ""latency_ms"": {""pose"": 0, ""gesture"": 0}, ""svclat_ms"": {""pose"": 0.0, ""gesture"": 0.0}}, ""a8"": {""services"": [""pose"", ""gesture""], ""fps"": {""pose"": 0, ""gesture"": 0}, ""eff_fps"": {""pose"": 0, ""gesture"": 0}, ""latency_ms"": {""pose"": 0, ""gesture"": 0}, ""svclat_ms"": {""pose"": 0.0, ""gesture"": 0.0}}, ""a9"": {""services"": [""pose"", ""gesture""], ""fps"": {""pose"": 0, ""gesture"": 0}, ""eff_fps"": {""pose"": 0, ""gesture"": 0}, ""latency_ms"": {""pose"": 0, ""gesture"": 0}, ""svclat_ms"": {""pose"": 0.0, ""gesture"": 0.0}}, ""a10"": {""services"": [""pose"", ""gesture""], ""fps"": {""pose"": 0, ""gesture"": 0}, ""eff_fps"": {""pose"": 0, ""gesture"": 0}, ""latency_ms"": {""pose"": 0, ""gesture"": 0}, ""svclat_ms"": {""pose"": 0.0, ""gesture"": 0.0}}, ""a11"": {""services"": [""pose"", ""gesture""], ""fps"": {""pose"": 0, ""gesture"": 0}, ""eff_fps"": {""pose"": 0, ""gesture"": 0}, ""latency_ms"": {""pose"": 0, ""gesture"": 0}, ""svclat_ms"": {""pose"": 0.0, ""gesture"": 0.0}}, ""a12"": {""services"": [""pose"", ""gesture""], ""fps"": {""pose"": 0, ""gesture"": 0}, ""eff_fps"": {""pose"": 0, ""gesture"": 0}, ""latency_ms"": {""pose"": 0, ""gesture"": 0}, ""svclat_ms"": {""pose"": 0.0, ""gesture"": 0.0}}, ""a13"": {""services"": [""pose"", ""gesture""], ""fps"": {""pose"": 0, ""gesture"": 0}, ""eff_fps"": {""pose"": 0, ""gesture"": 0}, ""latency_ms"": {""pose"": 0, ""gesture"": 0}, ""svclat_ms"": {""pose"": 0.0, ""gesture"": 0.0}}}"
66.9,7,6,0.857,0,0,7,7,7,1.0,735.0,249.0,0.339,0.0,1.17,0.0,11.5,29.75,0,11.5,29.75,0,0,0,0,28.37,15.32,0,165,"{""ip-172-31-0-204"": ""healthy"", ""ip-172-31-1-171"": ""healthy"", ""ip-172-31-10-12"": ""healthy"", ""ip-172-31-11-132"": ""healthy"", ""ip-172-31-13-134"": ""healthy"", ""ip-172-31-14-68"": ""healthy"", ""ip-172-31-40-239"": ""healthy""}",subscribe,9.3,0.6917,0,0,"{""ip-172-31-0-204"": {""pose"": 1, ""gesture"": 1}, ""ip-172-31-1-171"": {""gesture"": 1}, ""ip-172-31-10-12"": {""gesture"": 1}, ""ip-172-31-11-132"": {""gesture"": 1}, ""ip-172-31-13-134"": {""gesture"": 1}, ""ip-172-31-14-68"": {""gesture"": 1}}","{""a1"": {""services"": [""pose"", ""gesture""], ""fps"": {""pose"": 11, ""gesture"": 29}, ""eff_fps"": {""pose"": 11, ""gesture"": 29}, ""latency_ms"": {""pose"": 0, ""gesture"": 0}, ""svclat_ms"": {""pose"": 24.91, ""gesture"": 17.38}}, ""a2"": {""services"": [""pose"", ""gesture""], ""fps"": {""pose"": 12, ""gesture"": 30}, ""eff_fps"": {""pose"": 12, ""gesture"": 30}, ""latency_ms"": {""pose"": 0, ""gesture"": 0}, ""svclat_ms"": {""pose"": 31.07, ""gesture"": 14.52}}, ""a3"": {""services"": [""pose"", ""gesture""], ""fps"": {""pose"": 11, ""gesture"": 30}, ""eff_fps"": {""pose"": 11, ""gesture"": 30}, ""latency_ms"": {""pose"": 0, ""gesture"": 0}, ""svclat_ms"": {""pose"": 27.86, ""gesture"": 15.0}}, ""a4"": {""services"": [""pose"", ""gesture""], ""fps"": {""pose"": 12, ""gesture"": 30}, ""eff_fps"": {""pose"": 12, ""gesture"": 30}, ""latency_ms"": {""pose"": 0, ""gesture"": 0}, ""svclat_ms"": {""pose"": 29.62, ""gesture"": 14.37}}, ""a5"": {""services"": [""pose"", ""gesture""], ""fps"": {""pose"": 0, ""gesture"": 0}, ""eff_fps"": {""pose"": 0, ""gesture"": 0}, ""latency_ms"": {""pose"": 0, ""gesture"": 0}, ""svclat_ms"": {""pose"": 0.0, ""gesture"": 0.0}}, ""a6"": {""services"": [""pose"", ""gesture""], ""fps"": {""pose"": 0, ""gesture"": 0}, ""eff_fps"": {""pose"": 0, ""gesture"": 0}, ""latency_ms"": {""pose"": 0, ""gesture"": 0}, ""svclat_ms"": {""pose"": 0.0, ""gesture"": 0.0}}, ""a7"": {""services"": [""pose"", ""gesture""], ""fps"": {""pose"": 0, ""gesture"": 0}, ""eff_fps"": {""pose"": 0, ""gesture"": 0}, ""latency_ms"": {""pose"": 0, ""gesture"": 0}, ""svclat_ms"": {""pose"": 0.0, ""gesture"": 0.0}}, ""a8"": {""services"": [""pose"", ""gesture""], ""fps"": {""pose"": 0, ""gesture"": 0}, ""eff_fps"": {""pose"": 0, ""gesture"": 0}, ""latency_ms"": {""pose"": 0, ""gesture"": 0}, ""svclat_ms"": {""pose"": 0.0, ""gesture"": 0.0}}, ""a9"": {""services"": [""pose"", ""gesture""], ""fps"": {""pose"": 0, ""gesture"": 0}, ""eff_fps"": {""pose"": 0, ""gesture"": 0}, ""latency_ms"": {""pose"": 0, ""gesture"": 0}, ""svclat_ms"": {""pose"": 0.0, ""gesture"": 0.0}}, ""a10"": {""services"": [""pose"", ""gesture""], ""fps"": {""pose"": 0, ""gesture"": 0}, ""eff_fps"": {""pose"": 0, ""gesture"": 0}, ""latency_ms"": {""pose"": 0, ""gesture"": 0}, ""svclat_ms"": {""pose"": 0.0, ""gesture"": 0.0}}, ""a11"": {""services"": [""pose"", ""gesture""], ""fps"": {""pose"": 0, ""gesture"": 0}, ""eff_fps"": {""pose"": 0, ""gesture"": 0}, ""latency_ms"": {""pose"": 0, ""gesture"": 0}, ""svclat_ms"": {""pose"": 0.0, ""gesture"": 0.0}}, ""a12"": {""services"": [""pose"", ""gesture""], ""fps"": {""pose"": 0, ""gesture"": 0}, ""eff_fps"": {""pose"": 0, ""gesture"": 0}, ""latency_ms"": {""pose"": 0, ""gesture"": 0}, ""svclat_ms"": {""pose"": 0.0, ""gesture"": 0.0}}, ""a13"": {""services"": [""pose"", ""gesture""], ""fps"": {""pose"": 0, ""gesture"": 0}, ""eff_fps"": {""pose"": 0, ""gesture"": 0}, ""latency_ms"": {""pose"": 0, ""gesture"": 0}, ""svclat_ms"": {""pose"": 0.0, ""gesture"": 0.0}}, ""a14"": {""services"": [""pose"", ""gesture""], ""fps"": {""pose"": 0, ""gesture"": 0}, ""eff_fps"": {""pose"": 0, ""gesture"": 0}, ""latency_ms"": {""pose"": 0, ""gesture"": 0}, ""svclat_ms"": {""pose"": 0.0, ""gesture"": 0.0}}}"
69.4,7,6,0.857,0,0,7,7,7,1.0,735.0,249.0,0.339,0.0,1.17,0.0,11.75,29.75,0,11.75,29.75,0,0,0,0,27.62,15.27,0,166,"{""ip-172-31-0-204"": ""healthy"", ""ip-172-31-1-171"": ""healthy"", ""ip-172-31-10-12"": ""healthy"", ""ip-172-31-11-132"": ""healthy"", ""ip-172-31-13-134"": ""healthy"", ""ip-172-31-14-68"": ""healthy"", ""ip-172-31-40-239"": ""healthy""}",subscribe,9.3,0.6917,0,0,"{""ip-172-31-0-204"": {""pose"": 1, ""gesture"": 1}, ""ip-172-31-1-171"": {""gesture"": 1}, ""ip-172-31-10-12"": {""gesture"": 1}, ""ip-172-31-11-132"": {""gesture"": 1}, ""ip-172-31-13-134"": {""gesture"": 1}, ""ip-172-31-14-68"": {""gesture"": 1}}","{""a1"": {""services"": [""pose"", ""gesture""], ""fps"": {""pose"": 12, ""gesture"": 29}, ""eff_fps"": {""pose"": 12, ""gesture"": 29}, ""latency_ms"": {""pose"": 0, ""gesture"": 0}, ""svclat_ms"": {""pose"": 25.76, ""gesture"": 16.95}}, ""a2"": {""services"": [""pose"", ""gesture""], ""fps"": {""pose"": 12, ""gesture"": 30}, ""eff_fps"": {""pose"": 12, ""gesture"": 30}, ""latency_ms"": {""pose"": 0, ""gesture"": 0}, ""svclat_ms"": {""pose"": 29.74, ""gesture"": 14.61}}, ""a3"": {""services"": [""pose"", ""gesture""], ""fps"": {""pose"": 11, ""gesture"": 30}, ""eff_fps"": {""pose"": 11, ""gesture"": 30}, ""latency_ms"": {""pose"": 0, ""gesture"": 0}, ""svclat_ms"": {""pose"": 26.72, ""gesture"": 15.01}}, ""a4"": {""services"": [""pose"", ""gesture""], ""fps"": {""pose"": 12, ""gesture"": 30}, ""eff_fps"": {""pose"": 12, ""gesture"": 30}, ""latency_ms"": {""pose"": 0, ""gesture"": 0}, ""svclat_ms"": {""pose"": 28.25, ""gesture"": 14.49}}, ""a5"": {""services"": [""pose"", ""gesture""], ""fps"": {""pose"": 0, ""gesture"": 0}, ""eff_fps"": {""pose"": 0, ""gesture"": 0}, ""latency_ms"": {""pose"": 0, ""gesture"": 0}, ""svclat_ms"": {""pose"": 0.0, ""gesture"": 0.0}}, ""a6"": {""services"": [""pose"", ""gesture""], ""fps"": {""pose"": 0, ""gesture"": 0}, ""eff_fps"": {""pose"": 0, ""gesture"": 0}, ""latency_ms"": {""pose"": 0, ""gesture"": 0}, ""svclat_ms"": {""pose"": 0.0, ""gesture"": 0.0}}, ""a7"": {""services"": [""pose"", ""gesture""], ""fps"": {""pose"": 0, ""gesture"": 0}, ""eff_fps"": {""pose"": 0, ""gesture"": 0}, ""latency_ms"": {""pose"": 0, ""gesture"": 0}, ""svclat_ms"": {""pose"": 0.0, ""gesture"": 0.0}}, ""a8"": {""services"": [""pose"", ""gesture""], ""fps"": {""pose"": 0, ""gesture"": 0}, ""eff_fps"": {""pose"": 0, ""gesture"": 0}, ""latency_ms"": {""pose"": 0, ""gesture"": 0}, ""svclat_ms"": {""pose"": 0.0, ""gesture"": 0.0}}, ""a9"": {""services"": [""pose"", ""gesture""], ""fps"": {""pose"": 0, ""gesture"": 0}, ""eff_fps"": {""pose"": 0, ""gesture"": 0}, ""latency_ms"": {""pose"": 0, ""gesture"": 0}, ""svclat_ms"": {""pose"": 0.0, ""gesture"": 0.0}}, ""a10"": {""services"": [""pose"", ""gesture""], ""fps"": {""pose"": 0, ""gesture"": 0}, ""eff_fps"": {""pose"": 0, ""gesture"": 0}, ""latency_ms"": {""pose"": 0, ""gesture"": 0}, ""svclat_ms"": {""pose"": 0.0, ""gesture"": 0.0}}, ""a11"": {""services"": [""pose"", ""gesture""], ""fps"": {""pose"": 0, ""gesture"": 0}, ""eff_fps"": {""pose"": 0, ""gesture"": 0}, ""latency_ms"": {""pose"": 0, ""gesture"": 0}, ""svclat_ms"": {""pose"": 0.0, ""gesture"": 0.0}}, ""a12"": {""services"": [""pose"", ""gesture""], ""fps"": {""pose"": 0, ""gesture"": 0}, ""eff_fps"": {""pose"": 0, ""gesture"": 0}, ""latency_ms"": {""pose"": 0, ""gesture"": 0}, ""svclat_ms"": {""pose"": 0.0, ""gesture"": 0.0}}, ""a13"": {""services"": [""pose"", ""gesture""], ""fps"": {""pose"": 0, ""gesture"": 0}, ""eff_fps"": {""pose"": 0, ""gesture"": 0}, ""latency_ms"": {""pose"": 0, ""gesture"": 0}, ""svclat_ms"": {""pose"": 0.0, ""gesture"": 0.0}}, ""a14"": {""services"": [""pose"", ""gesture""], ""fps"": {""pose"": 0, ""gesture"": 0}, ""eff_fps"": {""pose"": 0, ""gesture"": 0}, ""latency_ms"": {""pose"": 0, ""gesture"": 0}, ""svclat_ms"": {""pose"": 0.0, ""gesture"": 0.0}}}"
71.8,7,6,0.857,0,0,7,7,7,1.0,735.0,249.0,0.339,0.0,1.17,0.0,11.75,30.0,0,11.75,30.0,0,0,0,0,26.8,15.13,0,167,"{""ip-172-31-0-204"": ""healthy"", ""ip-172-31-1-171"": ""healthy"", ""ip-172-31-10-12"": ""healthy"", ""ip-172-31-11-132"": ""healthy"", ""ip-172-31-13-134"": ""healthy"", ""ip-172-31-14-68"": ""healthy"", ""ip-172-31-40-239"": ""healthy""}",subscribe,9.3,0.6917,0,0,"{""ip-172-31-0-204"": {""pose"": 1, ""gesture"": 1}, ""ip-172-31-1-171"": {""gesture"": 1}, ""ip-172-31-10-12"": {""gesture"": 1}, ""ip-172-31-11-132"": {""gesture"": 1}, ""ip-172-31-13-134"": {""gesture"": 1}, ""ip-172-31-14-68"": {""gesture"": 1}}","{""a1"": {""services"": [""pose"", ""gesture""], ""fps"": {""pose"": 12, ""gesture"": 30}, ""eff_fps"": {""pose"": 12, ""gesture"": 30}, ""latency_ms"": {""pose"": 0, ""gesture"": 0}, ""svclat_ms"": {""pose"": 23.9, ""gesture"": 17.21}}, ""a2"": {""services"": [""pose"", ""gesture""], ""fps"": {""pose"": 12, ""gesture"": 30}, ""eff_fps"": {""pose"": 12, ""gesture"": 30}, ""latency_ms"": {""pose"": 0, ""gesture"": 0}, ""svclat_ms"": {""pose"": 30.27, ""gesture"": 14.17}}, ""a3"": {""services"": [""pose"", ""gesture""], ""fps"": {""pose"": 12, ""gesture"": 30}, ""eff_fps"": {""pose"": 12, ""gesture"": 30}, ""latency_ms"": {""pose"": 0, ""gesture"": 0}, ""svclat_ms"": {""pose"": 25.52, ""gesture"": 14.86}}, ""a4"": {""services"": [""pose"", ""gesture""], ""fps"": {""pose"": 11, ""gesture"": 30}, ""eff_fps"": {""pose"": 11, ""gesture"": 30}, ""latency_ms"": {""pose"": 0, ""gesture"": 0}, ""svclat_ms"": {""pose"": 27.52, ""gesture"": 14.29}}, ""a5"": {""services"": [""pose"", ""gesture""], ""fps"": {""pose"": 0, ""gesture"": 0}, ""eff_fps"": {""pose"": 0, ""gesture"": 0}, ""latency_ms"": {""pose"": 0, ""gesture"": 0}, ""svclat_ms"": {""pose"": 0.0, ""gesture"": 0.0}}, ""a6"": {""services"": [""pose"", ""gesture""], ""fps"": {""pose"": 0, ""gesture"": 0}, ""eff_fps"": {""pose"": 0, ""gesture"": 0}, ""latency_ms"": {""pose"": 0, ""gesture"": 0}, ""svclat_ms"": {""pose"": 0.0, ""gesture"": 0.0}}, ""a7"": {""services"": [""pose"", ""gesture""], ""fps"": {""pose"": 0, ""gesture"": 0}, ""eff_fps"": {""pose"": 0, ""gesture"": 0}, ""latency_ms"": {""pose"": 0, ""gesture"": 0}, ""svclat_ms"": {""pose"": 0.0, ""gesture"": 0.0}}, ""a8"": {""services"": [""pose"", ""gesture""], ""fps"": {""pose"": 0, ""gesture"": 0}, ""eff_fps"": {""pose"": 0, ""gesture"": 0}, ""latency_ms"": {""pose"": 0, ""gesture"": 0}, ""svclat_ms"": {""pose"": 0.0, ""gesture"": 0.0}}, ""a9"": {""services"": [""pose"", ""gesture""], ""fps"": {""pose"": 0, ""gesture"": 0}, ""eff_fps"": {""pose"": 0, ""gesture"": 0}, ""latency_ms"": {""pose"": 0, ""gesture"": 0}, ""svclat_ms"": {""pose"": 0.0, ""gesture"": 0.0}}, ""a10"": {""services"": [""pose"", ""gesture""], ""fps"": {""pose"": 0, ""gesture"": 0}, ""eff_fps"": {""pose"": 0, ""gesture"": 0}, ""latency_ms"": {""pose"": 0, ""gesture"": 0}, ""svclat_ms"": {""pose"": 0.0, ""gesture"": 0.0}}, ""a11"": {""services"": [""pose"", ""gesture""], ""fps"": {""pose"": 0, ""gesture"": 0}, ""eff_fps"": {""pose"": 0, ""gesture"": 0}, ""latency_ms"": {""pose"": 0, ""gesture"": 0}, ""svclat_ms"": {""pose"": 0.0, ""gesture"": 0.0}}, ""a12"": {""services"": [""pose"", ""gesture""], ""fps"": {""pose"": 0, ""gesture"": 0}, ""eff_fps"": {""pose"": 0, ""gesture"": 0}, ""latency_ms"": {""pose"": 0, ""gesture"": 0}, ""svclat_ms"": {""pose"": 0.0, ""gesture"": 0.0}}, ""a13"": {""services"": [""pose"", ""gesture""], ""fps"": {""pose"": 0, ""gesture"": 0}, ""eff_fps"": {""pose"": 0, ""gesture"": 0}, ""latency_ms"": {""pose"": 0, ""gesture"": 0}, ""svclat_ms"": {""pose"": 0.0, ""gesture"": 0.0}}, ""a14"": {""services"": [""pose"", ""gesture""], ""fps"": {""pose"": 0, ""gesture"": 0}, ""eff_fps"": {""pose"": 0, ""gesture"": 0}, ""latency_ms"": {""pose"": 0, ""gesture"": 0}, ""svclat_ms"": {""pose"": 0.0, ""gesture"": 0.0}}, ""a15"": {""services"": [""pose"", ""gesture""], ""fps"": {""pose"": 0, ""gesture"": 0}, ""eff_fps"": {""pose"": 0, ""gesture"": 0}, ""latency_ms"": {""pose"": 0, ""gesture"": 0}, ""svclat_ms"": {""pose"": 0.0, ""gesture"": 0.0}}}"
77.2,8,7,0.875,2,0,9,9,9,1.0,905.0,348.0,0.385,0.0,1.29,0.0,17.25,30.12,0,17.25,30.12,0,0,0,0,29.37,15.27,0,379,"{""ip-172-31-0-204"": ""healthy"", ""ip-172-31-1-171"": ""healthy"", ""ip-172-31-10-12"": ""healthy"", ""ip-172-31-11-132"": ""healthy"", ""ip-172-31-13-134"": ""healthy"", ""ip-172-31-14-68"": ""healthy"", ""ip-172-31-40-239"": ""healthy""}",subscribe,9.3,0.8286,0,0,"{""ip-172-31-0-204"": {""pose"": 1, ""gesture"": 1}, ""ip-172-31-1-171"": {""gesture"": 1, ""pose"": 1}, ""ip-172-31-10-12"": {""gesture"": 1}, ""ip-172-31-11-132"": {""gesture"": 1}, ""ip-172-31-13-134"": {""gesture"": 1}, ""ip-172-31-14-68"": {""gesture"": 1}, ""ip-172-31-40-239"": {""gesture"": 1}}","{""a1"": {""services"": [""pose"", ""gesture""], ""fps"": {""pose"": 18, ""gesture"": 31}, ""eff_fps"": {""pose"": 18, ""gesture"": 31}, ""latency_ms"": {""pose"": 0, ""gesture"": 0}, ""svclat_ms"": {""pose"": 31.76, ""gesture"": 17.89}}, ""a2"": {""services"": [""pose"", ""gesture""], ""fps"": {""pose"": 17, ""gesture"": 30}, ""eff_fps"": {""pose"": 17, ""gesture"": 30}, ""latency_ms"": {""pose"": 0, ""gesture"": 0}, ""svclat_ms"": {""pose"": 24.23, ""gesture"": 16.09}}, ""a3"": {""services"": [""pose"", ""gesture""], ""fps"": {""pose"": 17, ""gesture"": 30}, ""eff_fps"": {""pose"": 17, ""gesture"": 30}, ""latency_ms"": {""pose"": 0, ""gesture"": 0}, ""svclat_ms"": {""pose"": 29.63, ""gesture"": 14.99}}, ""a4"": {""services"": [""pose"", ""gesture""], ""fps"": {""pose"": 17, ""gesture"": 30}, ""eff_fps"": {""pose"": 17, ""gesture"": 30}, ""latency_ms"": {""pose"": 0, ""gesture"": 0}, ""svclat_ms"": {""pose"": 24.12, ""gesture"": 14.11}}, ""a5"": {""services"": [""pose"", ""gesture""], ""fps"": {""pose"": 18, ""gesture"": 30}, ""eff_fps"": {""pose"": 18, ""gesture"": 30}, ""latency_ms"": {""pose"": 0, ""gesture"": 0}, ""svclat_ms"": {""pose"": 22.1, ""gesture"": 14.33}}, ""a6"": {""services"": [""pose"", ""gesture""], ""fps"": {""pose"": 17, ""gesture"": 30}, ""eff_fps"": {""pose"": 17, ""gesture"": 30}, ""latency_ms"": {""pose"": 0, ""gesture"": 0}, ""svclat_ms"": {""pose"": 36.44, ""gesture"": 14.25}}, ""a7"": {""services"": [""pose"", ""gesture""], ""fps"": {""pose"": 17, ""gesture"": 30}, ""eff_fps"": {""pose"": 17, ""gesture"": 30}, ""latency_ms"": {""pose"": 0, ""gesture"": 0}, ""svclat_ms"": {""pose"": 44.1, ""gesture"": 13.79}}, ""a8"": {""services"": [""pose"", ""gesture""], ""fps"": {""pose"": 17, ""gesture"": 30}, ""eff_fps"": {""pose"": 17, ""gesture"": 30}, ""latency_ms"": {""pose"": 0, ""gesture"": 0}, ""svclat_ms"": {""pose"": 22.6, ""gesture"": 16.74}}, ""a9"": {""services"": [""pose"", ""gesture""], ""fps"": {""pose"": 0, ""gesture"": 0}, ""eff_fps"": {""pose"": 0, ""gesture"": 0}, ""latency_ms"": {""pose"": 0, ""gesture"": 0}, ""svclat_ms"": {""pose"": 0.0, ""gesture"": 0.0}}, ""a10"": {""services"": [""pose"", ""gesture""], ""fps"": {""pose"": 0, ""gesture"": 0}, ""eff_fps"": {""pose"": 0, ""gesture"": 0}, ""latency_ms"": {""pose"": 0, ""gesture"": 0}, ""svclat_ms"": {""pose"": 0.0, ""gesture"": 0.0}}, ""a11"": {""services"": [""pose"", ""gesture""], ""fps"": {""pose"": 0, ""gesture"": 0}, ""eff_fps"": {""pose"": 0, ""gesture"": 0}, ""latency_ms"": {""pose"": 0, ""gesture"": 0}, ""svclat_ms"": {""pose"": 0.0, ""gesture"": 0.0}}, ""a12"": {""services"": [""pose"", ""gesture""], ""fps"": {""pose"": 0, ""gesture"": 0}, ""eff_fps"": {""pose"": 0, ""gesture"": 0}, ""latency_ms"": {""pose"": 0, ""gesture"": 0}, ""svclat_ms"": {""pose"": 0.0, ""gesture"": 0.0}}, ""a13"": {""services"": [""pose"", ""gesture""], ""fps"": {""pose"": 0, ""gesture"": 0}, ""eff_fps"": {""pose"": 0, ""gesture"": 0}, ""latency_ms"": {""pose"": 0, ""gesture"": 0}, ""svclat_ms"": {""pose"": 0.0, ""gesture"": 0.0}}, ""a14"": {""services"": [""pose"", ""gesture""], ""fps"": {""pose"": 0, ""gesture"": 0}, ""eff_fps"": {""pose"": 0, ""gesture"": 0}, ""latency_ms"": {""pose"": 0, ""gesture"": 0}, ""svclat_ms"": {""pose"": 0.0, ""gesture"": 0.0}}, ""a15"": {""services"": [""pose"", ""gesture""], ""fps"": {""pose"": 0, ""gesture"": 0}, ""eff_fps"": {""pose"": 0, ""gesture"": 0}, ""latency_ms"": {""pose"": 0, ""gesture"": 0}, ""svclat_ms"": {""pose"": 0.0, ""gesture"": 0.0}}}"
80.8,10,9,0.9,0,0,9,9,9,1.0,905.0,408.0,0.451,0.0,1.0,0.0,14.0,30.14,0,14.0,30.14,0,0,0,0,21.72,14.91,0,309,"{""ip-172-31-0-204"": ""healthy"", ""ip-172-31-1-171"": ""healthy"", ""ip-172-31-10-12"": ""healthy"", ""ip-172-31-11-132"": ""healthy"", ""ip-172-31-13-134"": ""healthy"", ""ip-172-31-14-68"": ""healthy"", ""ip-172-31-40-239"": ""healthy""}",subscribe,10.1,0.7556,0,0,"{""ip-172-31-0-204"": {""pose"": 1, ""gesture"": 1}, ""ip-172-31-1-171"": {""gesture"": 1, ""pose"": 1}, ""ip-172-31-10-12"": {""gesture"": 1}, ""ip-172-31-11-132"": {""gesture"": 1}, ""ip-172-31-13-134"": {""gesture"": 1}, ""ip-172-31-14-68"": {""gesture"": 1}, ""ip-172-31-40-239"": {""gesture"": 1}}","{""a2"": {""services"": [""pose"", ""gesture""], ""fps"": {""pose"": 16, ""gesture"": 31}, ""eff_fps"": {""pose"": 16, ""gesture"": 31}, ""latency_ms"": {""pose"": 0, ""gesture"": 0}, ""svclat_ms"": {""pose"": 23.82, ""gesture"": 16.64}}, ""a3"": {""services"": [""pose"", ""gesture""], ""fps"": {""pose"": 13, ""gesture"": 30}, ""eff_fps"": {""pose"": 13, ""gesture"": 30}, ""latency_ms"": {""pose"": 0, ""gesture"": 0}, ""svclat_ms"": {""pose"": 19.85, ""gesture"": 14.8}}, ""a4"": {""services"": [""pose"", ""gesture""], ""fps"": {""pose"": 13, ""gesture"": 30}, ""eff_fps"": {""pose"": 13, ""gesture"": 30}, ""latency_ms"": {""pose"": 0, ""gesture"": 0}, ""svclat_ms"": {""pose"": 21.33, ""gesture"": 14.38}}, ""a5"": {""services"": [""pose"", ""gesture""], ""fps"": {""pose"": 14, ""gesture"": 30}, ""eff_fps"": {""pose"": 14, ""gesture"": 30}, ""latency_ms"": {""pose"": 0, ""gesture"": 0}, ""svclat_ms"": {""pose"": 20.87, ""gesture"": 14.59}}, ""a6"": {""services"": [""pose"", ""gesture""], ""fps"": {""pose"": 14, ""gesture"": 30}, ""eff_fps"": {""pose"": 14, ""gesture"": 30}, ""latency_ms"": {""pose"": 0, ""gesture"": 0}, ""svclat_ms"": {""pose"": 21.7, ""gesture"": 14.32}}, ""a7"": {""services"": [""pose"", ""gesture""], ""fps"": {""pose"": 14, ""gesture"": 30}, ""eff_fps"": {""pose"": 14, ""gesture"": 30}, ""latency_ms"": {""pose"": 0, ""gesture"": 0}, ""svclat_ms"": {""pose"": 22.97, ""gesture"": 13.62}}, ""a8"": {""services"": [""pose"", ""gesture""], ""fps"": {""pose"": 14, ""gesture"": 30}, ""eff_fps"": {""pose"": 14, ""gesture"": 30}, ""latency_ms"": {""pose"": 0, ""gesture"": 0}, ""svclat_ms"": {""pose"": 21.47, ""gesture"": 16.04}}, ""a9"": {""services"": [""pose"", ""gesture""], ""fps"": {""pose"": 0, ""gesture"": 0}, ""eff_fps"": {""pose"": 0, ""gesture"": 0}, ""latency_ms"": {""pose"": 0, ""gesture"": 0}, ""svclat_ms"": {""pose"": 0.0, ""gesture"": 0.0}}, ""a10"": {""services"": [""pose"", ""gesture""], ""fps"": {""pose"": 0, ""gesture"": 0}, ""eff_fps"": {""pose"": 0, ""gesture"": 0}, ""latency_ms"": {""pose"": 0, ""gesture"": 0}, ""svclat_ms"": {""pose"": 0.0, ""gesture"": 0.0}}, ""a11"": {""services"": [""pose"", ""gesture""], ""fps"": {""pose"": 0, ""gesture"": 0}, ""eff_fps"": {""pose"": 0, ""gesture"": 0}, ""latency_ms"": {""pose"": 0, ""gesture"": 0}, ""svclat_ms"": {""pose"": 0.0, ""gesture"": 0.0}}, ""a12"": {""services"": [""pose"", ""gesture""], ""fps"": {""pose"": 0, ""gesture"": 0}, ""eff_fps"": {""pose"": 0, ""gesture"": 0}, ""latency_ms"": {""pose"": 0, ""gesture"": 0}, ""svclat_ms"": {""pose"": 0.0, ""gesture"": 0.0}}, ""a13"": {""services"": [""pose"", ""gesture""], ""fps"": {""pose"": 0, ""gesture"": 0}, ""eff_fps"": {""pose"": 0, ""gesture"": 0}, ""latency_ms"": {""pose"": 0, ""gesture"": 0}, ""svclat_ms"": {""pose"": 0.0, ""gesture"": 0.0}}, ""a14"": {""services"": [""pose"", ""gesture""], ""fps"": {""pose"": 0, ""gesture"": 0}, ""eff_fps"": {""pose"": 0, ""gesture"": 0}, ""latency_ms"": {""pose"": 0, ""gesture"": 0}, ""svclat_ms"": {""pose"": 0.0, ""gesture"": 0.0}}, ""a15"": {""services"": [""pose"", ""gesture""], ""fps"": {""pose"": 0, ""gesture"": 0}, ""eff_fps"": {""pose"": 0, ""gesture"": 0}, ""latency_ms"": {""pose"": 0, ""gesture"": 0}, ""svclat_ms"": {""pose"": 0.0, ""gesture"": 0.0}}}"
86.2,10,10,1.0,0,0,9,9,9,1.0,905.0,438.0,0.484,0.0,1.0,0.0,13.56,30.0,0,13.56,30.0,0,0,0,0,26.53,15.74,0,392,"{""ip-172-31-0-204"": ""healthy"", ""ip-172-31-1-171"": ""healthy"", ""ip-172-31-10-12"": ""healthy"", ""ip-172-31-11-132"": ""healthy"", ""ip-172-31-13-134"": ""healthy"", ""ip-172-31-14-68"": ""healthy"", ""ip-172-31-40-239"": ""healthy""}",subscribe,9.1,0.73,0,0,"{""ip-172-31-0-204"": {""pose"": 1, ""gesture"": 1}, ""ip-172-31-1-171"": {""gesture"": 1, ""pose"": 1}, ""ip-172-31-10-12"": {""gesture"": 1}, ""ip-172-31-11-132"": {""gesture"": 1}, ""ip-172-31-13-134"": {""gesture"": 1}, ""ip-172-31-14-68"": {""gesture"": 1}, ""ip-172-31-40-239"": {""gesture"": 1}}","{""a2"": {""services"": [""pose"", ""gesture""], ""fps"": {""pose"": 14, ""gesture"": 30}, ""eff_fps"": {""pose"": 14, ""gesture"": 30}, ""latency_ms"": {""pose"": 0, ""gesture"": 0}, ""svclat_ms"": {""pose"": 29.12, ""gesture"": 17.63}}, ""a3"": {""services"": [""pose"", ""gesture""], ""fps"": {""pose"": 13, ""gesture"": 30}, ""eff_fps"": {""pose"": 13, ""gesture"": 30}, ""latency_ms"": {""pose"": 0, ""gesture"": 0}, ""svclat_ms"": {""pose"": 24.1, ""gesture"": 15.87}}, ""a4"": {""services"": [""pose"", ""gesture""], ""fps"": {""pose"": 13, ""gesture"": 30}, ""eff_fps"": {""pose"": 13, ""gesture"": 30}, ""latency_ms"": {""pose"": 0, ""gesture"": 0}, ""svclat_ms"": {""pose"": 21.13, ""gesture"": 16.59}}, ""a5"": {""services"": [""pose"", ""gesture""], ""fps"": {""pose"": 14, ""gesture"": 30}, ""eff_fps"": {""pose"": 14, ""gesture"": 30}, ""latency_ms"": {""pose"": 0, ""gesture"": 0}, ""svclat_ms"": {""pose"": 35.09, ""gesture"": 14.79}}, ""a6"": {""services"": [""pose"", ""gesture""], ""fps"": {""pose"": 14, ""gesture"": 30}, ""eff_fps"": {""pose"": 14, ""gesture"": 30}, ""latency_ms"": {""pose"": 0, ""gesture"": 0}, ""svclat_ms"": {""pose"": 21.66, ""gesture"": 14.41}}, ""a7"": {""services"": [""pose"", ""gesture""], ""fps"": {""pose"": 13, ""gesture"": 30}, ""eff_fps"": {""pose"": 13, ""gesture"": 30}, ""latency_ms"": {""pose"": 0, ""gesture"": 0}, ""svclat_ms"": {""pose"": 27.17, ""gesture"": 14.41}}, ""a8"": {""services"": [""pose"", ""gesture""], ""fps"": {""pose"": 14, ""gesture"": 30}, ""eff_fps"": {""pose"": 14, ""gesture"": 30}, ""latency_ms"": {""pose"": 0, ""gesture"": 0}, ""svclat_ms"": {""pose"": 24.68, ""gesture"": 13.98}}, ""a9"": {""services"": [""pose"", ""gesture""], ""fps"": {""pose"": 0, ""gesture"": 0}, ""eff_fps"": {""pose"": 0, ""gesture"": 0}, ""latency_ms"": {""pose"": 0, ""gesture"": 0}, ""svclat_ms"": {""pose"": 0.0, ""gesture"": 0.0}}, ""a10"": {""services"": [""pose"", ""gesture""], ""fps"": {""pose"": 14, ""gesture"": 30}, ""eff_fps"": {""pose"": 14, ""gesture"": 30}, ""latency_ms"": {""pose"": 0, ""gesture"": 0}, ""svclat_ms"": {""pose"": 29.03, ""gesture"": 16.74}}, ""a11"": {""services"": [""pose"", ""gesture""], ""fps"": {""pose"": 13, ""gesture"": 30}, ""eff_fps"": {""pose"": 13, ""gesture"": 30}, ""latency_ms"": {""pose"": 0, ""gesture"": 0}, ""svclat_ms"": {""pose"": 26.83, ""gesture"": 17.21}}, ""a12"": {""services"": [""pose"", ""gesture""], ""fps"": {""pose"": 0, ""gesture"": 0}, ""eff_fps"": {""pose"": 0, ""gesture"": 0}, ""latency_ms"": {""pose"": 0, ""gesture"": 0}, ""svclat_ms"": {""pose"": 0.0, ""gesture"": 0.0}}, ""a13"": {""services"": [""pose"", ""gesture""], ""fps"": {""pose"": 0, ""gesture"": 0}, ""eff_fps"": {""pose"": 0, ""gesture"": 0}, ""latency_ms"": {""pose"": 0, ""gesture"": 0}, ""svclat_ms"": {""pose"": 0.0, ""gesture"": 0.0}}, ""a14"": {""services"": [""pose"", ""gesture""], ""fps"": {""pose"": 0, ""gesture"": 0}, ""eff_fps"": {""pose"": 0, ""gesture"": 0}, ""latency_ms"": {""pose"": 0, ""gesture"": 0}, ""svclat_ms"": {""pose"": 0.0, ""gesture"": 0.0}}, ""a15"": {""services"": [""pose"", ""gesture""], ""fps"": {""pose"": 0, ""gesture"": 0}, ""eff_fps"": {""pose"": 0, ""gesture"": 0}, ""latency_ms"": {""pose"": 0, ""gesture"": 0}, ""svclat_ms"": {""pose"": 0.0, ""gesture"": 0.0}}}"
88.7,10,10,1.0,0,0,9,9,9,1.0,905.0,438.0,0.484,0.0,0.9,0.0,13.89,30.0,0,13.89,30.0,0,0,0,0,28.02,16.3,0,395,"{""ip-172-31-0-204"": ""healthy"", ""ip-172-31-1-171"": ""healthy"", ""ip-172-31-10-12"": ""healthy"", ""ip-172-31-11-132"": ""healthy"", ""ip-172-31-13-134"": ""healthy"", ""ip-172-31-14-68"": ""healthy"", ""ip-172-31-40-239"": ""healthy""}",subscribe,9.4,0.73,0,0,"{""ip-172-31-0-204"": {""pose"": 1, ""gesture"": 1}, ""ip-172-31-1-171"": {""gesture"": 1, ""pose"": 1}, ""ip-172-31-10-12"": {""gesture"": 1}, ""ip-172-31-11-132"": {""gesture"": 1}, ""ip-172-31-13-134"": {""gesture"": 1}, ""ip-172-31-14-68"": {""gesture"": 1}, ""ip-172-31-40-239"": {""gesture"": 1}}","{""a2"": {""services"": [""pose"", ""gesture""], ""fps"": {""pose"": 14, ""gesture"": 30}, ""eff_fps"": {""pose"": 14, ""gesture"": 30}, ""latency_ms"": {""pose"": 0, ""gesture"": 0}, ""svclat_ms"": {""pose"": 27.05, ""gesture"": 17.56}}, ""a3"": {""services"": [""pose"", ""gesture""], ""fps"": {""pose"": 14, ""gesture"": 30}, ""eff_fps"": {""pose"": 14, ""gesture"": 30}, ""latency_ms"": {""pose"": 0, ""gesture"": 0}, ""svclat_ms"": {""pose"": 25.48, ""gesture"": 16.47}}, ""a4"": {""services"": [""pose"", ""gesture""], ""fps"": {""pose"": 14, ""gesture"": 30}, ""eff_fps"": {""pose"": 14, ""gesture"": 30}, ""latency_ms"": {""pose"": 0, ""gesture"": 0}, ""svclat_ms"": {""pose"": 22.22, ""gesture"": 17.45}}, ""a5"": {""services"": [""pose"", ""gesture""], ""fps"": {""pose"": 14, ""gesture"": 30}, ""eff_fps"": {""pose"": 14, ""gesture"": 30}, ""latency_ms"": {""pose"": 0, ""gesture"": 0}, ""svclat_ms"": {""pose"": 37.09, ""gesture"": 15.18}}, ""a6"": {""services"": [""pose"", ""gesture""], ""fps"": {""pose"": 14, ""gesture"": 30}, ""eff_fps"": {""pose"": 14, ""gesture"": 30}, ""latency_ms"": {""pose"": 0, ""gesture"": 0}, ""svclat_ms"": {""pose"": 22.56, ""gesture"": 15.0}}, ""a7"": {""services"": [""pose"", ""gesture""], ""fps"": {""pose"": 14, ""gesture"": 30}, ""eff_fps"": {""pose"": 14, ""gesture"": 30}, ""latency_ms"": {""pose"": 0, ""gesture"": 0}, ""svclat_ms"": {""pose"": 28.2, ""gesture"": 15.67}}, ""a8"": {""services"": [""pose"", ""gesture""], ""fps"": {""pose"": 13, ""gesture"": 30}, ""eff_fps"": {""pose"": 13, ""gesture"": 30}, ""latency_ms"": {""pose"": 0, ""gesture"": 0}, ""svclat_ms"": {""pose"": 27.01, ""gesture"": 15.36}}, ""a9"": {""services"": [""pose"", ""gesture""], ""fps"": {""pose"": 0, ""gesture"": 0}, ""eff_fps"": {""pose"": 0, ""gesture"": 0}, ""latency_ms"": {""pose"": 0, ""gesture"": 0}, ""svclat_ms"": {""pose"": 0.0, ""gesture"": 0.0}}, ""a10"": {""services"": [""pose"", ""gesture""], ""fps"": {""pose"": 14, ""gesture"": 30}, ""eff_fps"": {""pose"": 14, ""gesture"": 30}, ""latency_ms"": {""pose"": 0, ""gesture"": 0}, ""svclat_ms"": {""pose"": 29.99, ""gesture"": 16.83}}, ""a11"": {""services"": [""pose"", ""gesture""], ""fps"": {""pose"": 14, ""gesture"": 30}, ""eff_fps"": {""pose"": 14, ""gesture"": 30}, ""latency_ms"": {""pose"": 0, ""gesture"": 0}, ""svclat_ms"": {""pose"": 32.57, ""gesture"": 17.2}}, ""a12"": {""services"": [""pose"", ""gesture""], ""fps"": {""pose"": 0, ""gesture"": 0}, ""eff_fps"": {""pose"": 0, ""gesture"": 0}, ""latency_ms"": {""pose"": 0, ""gesture"": 0}, ""svclat_ms"": {""pose"": 0.0, ""gesture"": 0.0}}, ""a13"": {""services"": [""pose"", ""gesture""], ""fps"": {""pose"": 0, ""gesture"": 0}, ""eff_fps"": {""pose"": 0, ""gesture"": 0}, ""latency_ms"": {""pose"": 0, ""gesture"": 0}, ""svclat_ms"": {""pose"": 0.0, ""gesture"": 0.0}}, ""a14"": {""services"": [""pose"", ""gesture""], ""fps"": {""pose"": 0, ""gesture"": 0}, ""eff_fps"": {""pose"": 0, ""gesture"": 0}, ""latency_ms"": {""pose"": 0, ""gesture"": 0}, ""svclat_ms"": {""pose"": 0.0, ""gesture"": 0.0}}, ""a15"": {""services"": [""pose"", ""gesture""], ""fps"": {""pose"": 0, ""gesture"": 0}, ""eff_fps"": {""pose"": 0, ""gesture"": 0}, ""latency_ms"": {""pose"": 0, ""gesture"": 0}, ""svclat_ms"": {""pose"": 0.0, ""gesture"": 0.0}}}"
91.2,10,10,1.0,0,0,9,9,9,1.0,905.0,438.0,0.484,0.0,0.9,0.0,13.62,30.0,0,13.62,30.0,0,0,0,0,27.53,16.12,0,349,"{""ip-172-31-0-204"": ""healthy"", ""ip-172-31-1-171"": ""healthy"", ""ip-172-31-10-12"": ""healthy"", ""ip-172-31-11-132"": ""healthy"", ""ip-172-31-13-134"": ""healthy"", ""ip-172-31-14-68"": ""healthy"", ""ip-172-31-40-239"": ""healthy""}",subscribe,9.4,0.73,0,0,"{""ip-172-31-0-204"": {""pose"": 1, ""gesture"": 1}, ""ip-172-31-1-171"": {""gesture"": 1, ""pose"": 1}, ""ip-172-31-10-12"": {""gesture"": 1}, ""ip-172-31-11-132"": {""gesture"": 1}, ""ip-172-31-13-134"": {""gesture"": 1}, ""ip-172-31-14-68"": {""gesture"": 1}, ""ip-172-31-40-239"": {""gesture"": 1}}","{""a3"": {""services"": [""pose"", ""gesture""], ""fps"": {""pose"": 13, ""gesture"": 30}, ""eff_fps"": {""pose"": 13, ""gesture"": 30}, ""latency_ms"": {""pose"": 0, ""gesture"": 0}, ""svclat_ms"": {""pose"": 24.18, ""gesture"": 16.57}}, ""a4"": {""services"": [""pose"", ""gesture""], ""fps"": {""pose"": 13, ""gesture"": 30}, ""eff_fps"": {""pose"": 13, ""gesture"": 30}, ""latency_ms"": {""pose"": 0, ""gesture"": 0}, ""svclat_ms"": {""pose"": 21.73, ""gesture"": 16.94}}, ""a5"": {""services"": [""pose"", ""gesture""], ""fps"": {""pose"": 14, ""gesture"": 30}, ""eff_fps"": {""pose"": 14, ""gesture"": 30}, ""latency_ms"": {""pose"": 0, ""gesture"": 0}, ""svclat_ms"": {""pose"": 35.38, ""gesture"": 15.52}}, ""a6"": {""services"": [""pose"", ""gesture""], ""fps"": {""pose"": 14, ""gesture"": 30}, ""eff_fps"": {""pose"": 14, ""gesture"": 30}, ""latency_ms"": {""pose"": 0, ""gesture"": 0}, ""svclat_ms"": {""pose"": 22.78, ""gesture"": 15.8}}, ""a7"": {""services"": [""pose"", ""gesture""], ""fps"": {""pose"": 13, ""gesture"": 30}, ""eff_fps"": {""pose"": 13, ""gesture"": 30}, ""latency_ms"": {""pose"": 0, ""gesture"": 0}, ""svclat_ms"": {""pose"": 28.34, ""gesture"": 15.07}}, ""a8"": {""services"": [""pose"", ""gesture""], ""fps"": {""pose"": 14, ""gesture"": 30}, ""eff_fps"": {""pose"": 14, ""gesture"": 30}, ""latency_ms"": {""pose"": 0, ""gesture"": 0}, ""svclat_ms"": {""pose"": 26.46, ""gesture"": 14.9}}, ""a9"": {""services"": [""pose"", ""gesture""], ""fps"": {""pose"": 0, ""gesture"": 0}, ""eff_fps"": {""pose"": 0, ""gesture"": 0}, ""latency_ms"": {""pose"": 0, ""gesture"": 0}, ""svclat_ms"": {""pose"": 0.0, ""gesture"": 0.0}}, ""a10"": {""services"": [""pose"", ""gesture""], ""fps"": {""pose"": 14, ""gesture"": 30}, ""eff_fps"": {""pose"": 14, ""gesture"": 30}, ""latency_ms"": {""pose"": 0, ""gesture"": 0}, ""svclat_ms"": {""pose"": 30.8, ""gesture"": 17.19}}, ""a11"": {""services"": [""pose"", ""gesture""], ""fps"": {""pose"": 14, ""gesture"": 30}, ""eff_fps"": {""pose"": 14, ""gesture"": 30}, ""latency_ms"": {""pose"": 0, ""gesture"": 0}, ""svclat_ms"": {""pose"": 30.55, ""gesture"": 17.01}}, ""a12"": {""services"": [""pose"", ""gesture""], ""fps"": {""pose"": 0, ""gesture"": 0}, ""eff_fps"": {""pose"": 0, ""gesture"": 0}, ""latency_ms"": {""pose"": 0, ""gesture"": 0}, ""svclat_ms"": {""pose"": 0.0, ""gesture"": 0.0}}, ""a13"": {""services"": [""pose"", ""gesture""], ""fps"": {""pose"": 0, ""gesture"": 0}, ""eff_fps"": {""pose"": 0, ""gesture"": 0}, ""latency_ms"": {""pose"": 0, ""gesture"": 0}, ""svclat_ms"": {""pose"": 0.0, ""gesture"": 0.0}}, ""a14"": {""services"": [""pose"", ""gesture""], ""fps"": {""pose"": 0, ""gesture"": 0}, ""eff_fps"": {""pose"": 0, ""gesture"": 0}, ""latency_ms"": {""pose"": 0, ""gesture"": 0}, ""svclat_ms"": {""pose"": 0.0, ""gesture"": 0.0}}, ""a15"": {""services"": [""pose"", ""gesture""], ""fps"": {""pose"": 0, ""gesture"": 0}, ""eff_fps"": {""pose"": 0, ""gesture"": 0}, ""latency_ms"": {""pose"": 0, ""gesture"": 0}, ""svclat_ms"": {""pose"": 0.0, ""gesture"": 0.0}}}"
93.7,10,10,1.0,0,0,9,9,9,1.0,905.0,438.0,0.484,0.0,0.9,0.0,13.88,30.0,0,13.88,30.0,0,0,0,0,23.81,15.44,0,351,"{""ip-172-31-0-204"": ""healthy"", ""ip-172-31-1-171"": ""healthy"", ""ip-172-31-10-12"": ""healthy"", ""ip-172-31-11-132"": ""healthy"", ""ip-172-31-13-134"": ""healthy"", ""ip-172-31-14-68"": ""healthy"", ""ip-172-31-40-239"": ""healthy""}",subscribe,9.4,0.73,0,0,"{""ip-172-31-0-204"": {""pose"": 1, ""gesture"": 1}, ""ip-172-31-1-171"": {""gesture"": 1, ""pose"": 1}, ""ip-172-31-10-12"": {""gesture"": 1}, ""ip-172-31-11-132"": {""gesture"": 1}, ""ip-172-31-13-134"": {""gesture"": 1}, ""ip-172-31-14-68"": {""gesture"": 1}, ""ip-172-31-40-239"": {""gesture"": 1}}","{""a3"": {""services"": [""pose"", ""gesture""], ""fps"": {""pose"": 14, ""gesture"": 30}, ""eff_fps"": {""pose"": 14, ""gesture"": 30}, ""latency_ms"": {""pose"": 0, ""gesture"": 0}, ""svclat_ms"": {""pose"": 22.03, ""gesture"": 16.04}}, ""a4"": {""services"": [""pose"", ""gesture""], ""fps"": {""pose"": 14, ""gesture"": 30}, ""eff_fps"": {""pose"": 14, ""gesture"": 30}, ""latency_ms"": {""pose"": 0, ""gesture"": 0}, ""svclat_ms"": {""pose"": 21.22, ""gesture"": 16.92}}, ""a5"": {""services"": [""pose"", ""gesture""], ""fps"": {""pose"": 13, ""gesture"": 30}, ""eff_fps"": {""pose"": 13, ""gesture"": 30}, ""latency_ms"": {""pose"": 0, ""gesture"": 0}, ""svclat_ms"": {""pose"": 21.6, ""gesture"": 14.95}}, ""a6"": {""services"": [""pose"", ""gesture""], ""fps"": {""pose"": 14, ""gesture"": 30}, ""eff_fps"": {""pose"": 14, ""gesture"": 30}, ""latency_ms"": {""pose"": 0, ""gesture"": 0}, ""svclat_ms"": {""pose"": 22.96, ""gesture"": 14.46}}, ""a7"": {""services"": [""pose"", ""gesture""], ""fps"": {""pose"": 14, ""gesture"": 30}, ""eff_fps"": {""pose"": 14, ""gesture"": 30}, ""latency_ms"": {""pose"": 0, ""gesture"": 0}, ""svclat_ms"": {""pose"": 28.18, ""gesture"": 14.44}}, ""a8"": {""services"": [""pose"", ""gesture""], ""fps"": {""pose"": 14, ""gesture"": 30}, ""eff_fps"": {""pose"": 14, ""gesture"": 30}, ""latency_ms"": {""pose"": 0, ""gesture"": 0}, ""svclat_ms"": {""pose"": 21.66, ""gesture"": 14.34}}, ""a9"": {""services"": [""pose"", ""gesture""], ""fps"": {""pose"": 0, ""gesture"": 0}, ""eff_fps"": {""pose"": 0, ""gesture"": 0}, ""latency_ms"": {""pose"": 0, ""gesture"": 0}, ""svclat_ms"": {""pose"": 0.0, ""gesture"": 0.0}}, ""a10"": {""services"": [""pose"", ""gesture""], ""fps"": {""pose"": 14, ""gesture"": 30}, ""eff_fps"": {""pose"": 14, ""gesture"": 30}, ""latency_ms"": {""pose"": 0, ""gesture"": 0}, ""svclat_ms"": {""pose"": 30.59, ""gesture"": 15.3}}, ""a11"": {""services"": [""pose"", ""gesture""], ""fps"": {""pose"": 14, ""gesture"": 30}, ""eff_fps"": {""pose"": 14, ""gesture"": 30}, ""latency_ms"": {""pose"": 0, ""gesture"": 0}, ""svclat_ms"": {""pose"": 22.21, ""gesture"": 17.1}}, ""a12"": {""services"": [""pose"", ""gesture""], ""fps"": {""pose"": 0, ""gesture"": 0}, ""eff_fps"": {""pose"": 0, ""gesture"": 0}, ""latency_ms"": {""pose"": 0, ""gesture"": 0}, ""svclat_ms"": {""pose"": 0.0, ""gesture"": 0.0}}, ""a13"": {""services"": [""pose"", ""gesture""], ""fps"": {""pose"": 0, ""gesture"": 0}, ""eff_fps"": {""pose"": 0, ""gesture"": 0}, ""latency_ms"": {""pose"": 0, ""gesture"": 0}, ""svclat_ms"": {""pose"": 0.0, ""gesture"": 0.0}}, ""a14"": {""services"": [""pose"", ""gesture""], ""fps"": {""pose"": 0, ""gesture"": 0}, ""eff_fps"": {""pose"": 0, ""gesture"": 0}, ""latency_ms"": {""pose"": 0, ""gesture"": 0}, ""svclat_ms"": {""pose"": 0.0, ""gesture"": 0.0}}, ""a15"": {""services"": [""pose"", ""gesture""], ""fps"": {""pose"": 0, ""gesture"": 0}, ""eff_fps"": {""pose"": 0, ""gesture"": 0}, ""latency_ms"": {""pose"": 0, ""gesture"": 0}, ""svclat_ms"": {""pose"": 0.0, ""gesture"": 0.0}}}"
96.1,10,10,1.0,0,0,9,9,9,1.0,905.0,438.0,0.484,0.0,0.9,0.0,13.62,30.0,0,13.62,30.0,0,0,0,0,23.1,15.41,0,349,"{""ip-172-31-0-204"": ""healthy"", ""ip-172-31-1-171"": ""healthy"", ""ip-172-31-10-12"": ""healthy"", ""ip-172-31-11-132"": ""healthy"", ""ip-172-31-13-134"": ""healthy"", ""ip-172-31-14-68"": ""healthy"", ""ip-172-31-40-239"": ""healthy""}",subscribe,9.4,0.73,0,0,"{""ip-172-31-0-204"": {""pose"": 1, ""gesture"": 1}, ""ip-172-31-1-171"": {""gesture"": 1, ""pose"": 1}, ""ip-172-31-10-12"": {""gesture"": 1}, ""ip-172-31-11-132"": {""gesture"": 1}, ""ip-172-31-13-134"": {""gesture"": 1}, ""ip-172-31-14-68"": {""gesture"": 1}, ""ip-172-31-40-239"": {""gesture"": 1}}","{""a3"": {""services"": [""pose"", ""gesture""], ""fps"": {""pose"": 13, ""gesture"": 30}, ""eff_fps"": {""pose"": 13, ""gesture"": 30}, ""latency_ms"": {""pose"": 0, ""gesture"": 0}, ""svclat_ms"": {""pose"": 22.72, ""gesture"": 15.92}}, ""a4"": {""services"": [""pose"", ""gesture""], ""fps"": {""pose"": 13, ""gesture"": 30}, ""eff_fps"": {""pose"": 13, ""gesture"": 30}, ""latency_ms"": {""pose"": 0, ""gesture"": 0}, ""svclat_ms"": {""pose"": 20.17, ""gesture"": 16.69}}, ""a5"": {""services"": [""pose"", ""gesture""], ""fps"": {""pose"": 14, ""gesture"": 30}, ""eff_fps"": {""pose"": 14, ""gesture"": 30}, ""latency_ms"": {""pose"": 0, ""gesture"": 0}, ""svclat_ms"": {""pose"": 22.23, ""gesture"": 15.14}}, ""a6"": {""services"": [""pose"", ""gesture""], ""fps"": {""pose"": 14, ""gesture"": 30}, ""eff_fps"": {""pose"": 14, ""gesture"": 30}, ""latency_ms"": {""pose"": 0, ""gesture"": 0}, ""svclat_ms"": {""pose"": 20.68, ""gesture"": 14.54}}, ""a7"": {""services"": [""pose"", ""gesture""], ""fps"": {""pose"": 14, ""gesture"": 30}, ""eff_fps"": {""pose"": 14, ""gesture"": 30}, ""latency_ms"": {""pose"": 0, ""gesture"": 0}, ""svclat_ms"": {""pose"": 26.76, ""gesture"": 14.54}}, ""a8"": {""services"": [""pose"", ""gesture""], ""fps"": {""pose"": 14, ""gesture"": 30}, ""eff_fps"": {""pose"": 14, ""gesture"": 30}, ""latency_ms"": {""pose"": 0, ""gesture"": 0}, ""svclat_ms"": {""pose"": 21.61, ""gesture"": 14.02}}, ""a9"": {""services"": [""pose"", ""gesture""], ""fps"": {""pose"": 0, ""gesture"": 0}, ""eff_fps"": {""pose"": 0, ""gesture"": 0}, ""latency_ms"": {""pose"": 0, ""gesture"": 0}, ""svclat_ms"": {""pose"": 0.0, ""gesture"": 0.0}}, ""a10"": {""services"": [""pose"", ""gesture""], ""fps"": {""pose"": 14, ""gesture"": 30}, ""eff_fps"": {""pose"": 14, ""gesture"": 30}, ""latency_ms"": {""pose"": 0, ""gesture"": 0}, ""svclat_ms"": {""pose"": 28.69, ""gesture"": 15.68}}, ""a11"": {""services"": [""pose"", ""gesture""], ""fps"": {""pose"": 13, ""gesture"": 30}, ""eff_fps"": {""pose"": 13, ""gesture"": 30}, ""latency_ms"": {""pose"": 0, ""gesture"": 0}, ""svclat_ms"": {""pose"": 21.97, ""gesture"": 16.79}}, ""a12"": {""services"": [""pose"", ""gesture""], ""fps"": {""pose"": 0, ""gesture"": 0}, ""eff_fps"": {""pose"": 0, ""gesture"": 0}, ""latency_ms"": {""pose"": 0, ""gesture"": 0}, ""svclat_ms"": {""pose"": 0.0, ""gesture"": 0.0}}, ""a13"": {""services"": [""pose"", ""gesture""], ""fps"": {""pose"": 0, ""gesture"": 0}, ""eff_fps"": {""pose"": 0, ""gesture"": 0}, ""latency_ms"": {""pose"": 0, ""gesture"": 0}, ""svclat_ms"": {""pose"": 0.0, ""gesture"": 0.0}}, ""a14"": {""services"": [""pose"", ""gesture""], ""fps"": {""pose"": 0, ""gesture"": 0}, ""eff_fps"": {""pose"": 0, ""gesture"": 0}, ""latency_ms"": {""pose"": 0, ""gesture"": 0}, ""svclat_ms"": {""pose"": 0.0, ""gesture"": 0.0}}, ""a15"": {""services"": [""pose"", ""gesture""], ""fps"": {""pose"": 0, ""gesture"": 0}, ""eff_fps"": {""pose"": 0, ""gesture"": 0}, ""latency_ms"": {""pose"": 0, ""gesture"": 0}, ""svclat_ms"": {""pose"": 0.0, ""gesture"": 0.0}}}"
98.6,10,10,1.0,0,0,9,9,9,1.0,905.0,438.0,0.484,0.0,0.9,0.0,13.62,30.0,0,13.62,30.0,0,0,0,0,23.49,15.54,0,349,"{""ip-172-31-0-204"": ""healthy"", ""ip-172-31-1-171"": ""healthy"", ""ip-172-31-10-12"": ""healthy"", ""ip-172-31-11-132"": ""healthy"", ""ip-172-31-13-134"": ""healthy"", ""ip-172-31-14-68"": ""healthy"", ""ip-172-31-40-239"": ""healthy""}",subscribe,9.4,0.73,0,0,"{""ip-172-31-0-204"": {""pose"": 1, ""gesture"": 1}, ""ip-172-31-1-171"": {""gesture"": 1, ""pose"": 1}, ""ip-172-31-10-12"": {""gesture"": 1}, ""ip-172-31-11-132"": {""gesture"": 1}, ""ip-172-31-13-134"": {""gesture"": 1}, ""ip-172-31-14-68"": {""gesture"": 1}, ""ip-172-31-40-239"": {""gesture"": 1}}","{""a3"": {""services"": [""pose"", ""gesture""], ""fps"": {""pose"": 14, ""gesture"": 30}, ""eff_fps"": {""pose"": 14, ""gesture"": 30}, ""latency_ms"": {""pose"": 0, ""gesture"": 0}, ""svclat_ms"": {""pose"": 23.35, ""gesture"": 15.93}}, ""a4"": {""services"": [""pose"", ""gesture""], ""fps"": {""pose"": 14, ""gesture"": 30}, ""eff_fps"": {""pose"": 14, ""gesture"": 30}, ""latency_ms"": {""pose"": 0, ""gesture"": 0}, ""svclat_ms"": {""pose"": 20.31, ""gesture"": 17.0}}, ""a5"": {""services"": [""pose"", ""gesture""], ""fps"": {""pose"": 13, ""gesture"": 30}, ""eff_fps"": {""pose"": 13, ""gesture"": 30}, ""latency_ms"": {""pose"": 0, ""gesture"": 0}, ""svclat_ms"": {""pose"": 22.17, ""gesture"": 14.9}}, ""a6"": {""services"": [""pose"", ""gesture""], ""fps"": {""pose"": 14, ""gesture"": 30}, ""eff_fps"": {""pose"": 14, ""gesture"": 30}, ""latency_ms"": {""pose"": 0, ""gesture"": 0}, ""svclat_ms"": {""pose"": 22.05, ""gesture"": 14.51}}, ""a7"": {""services"": [""pose"", ""gesture""], ""fps"": {""pose"": 14, ""gesture"": 30}, ""eff_fps"": {""pose"": 14, ""gesture"": 30}, ""latency_ms"": {""pose"": 0, ""gesture"": 0}, ""svclat_ms"": {""pose"": 27.53, ""gesture"": 14.79}}, ""a8"": {""services"": [""pose"", ""gesture""], ""fps"": {""pose"": 13, ""gesture"": 30}, ""eff_fps"": {""pose"": 13, ""gesture"": 30}, ""latency_ms"": {""pose"": 0, ""gesture"": 0}, ""svclat_ms"": {""pose"": 21.03, ""gesture"": 13.83}}, ""a9"": {""services"": [""pose"", ""gesture""], ""fps"": {""pose"": 0, ""gesture"": 0}, ""eff_fps"": {""pose"": 0, ""gesture"": 0}, ""latency_ms"": {""pose"": 0, ""gesture"": 0}, ""svclat_ms"": {""pose"": 0.0, ""gesture"": 0.0}}, ""a10"": {""services"": [""pose"", ""gesture""], ""fps"": {""pose"": 13, ""gesture"": 30}, ""eff_fps"": {""pose"": 13, ""gesture"": 30}, ""latency_ms"": {""pose"": 0, ""gesture"": 0}, ""svclat_ms"": {""pose"": 29.06, ""gesture"": 16.28}}, ""a11"": {""services"": [""pose"", ""gesture""], ""fps"": {""pose"": 14, ""gesture"": 30}, ""eff_fps"": {""pose"": 14, ""gesture"": 30}, ""latency_ms"": {""pose"": 0, ""gesture"": 0}, ""svclat_ms"": {""pose"": 22.43, ""gesture"": 17.05}}, ""a12"": {""services"": [""pose"", ""gesture""], ""fps"": {""pose"": 0, ""gesture"": 0}, ""eff_fps"": {""pose"": 0, ""gesture"": 0}, ""latency_ms"": {""pose"": 0, ""gesture"": 0}, ""svclat_ms"": {""pose"": 0.0, ""gesture"": 0.0}}, ""a13"": {""services"": [""pose"", ""gesture""], ""fps"": {""pose"": 0, ""gesture"": 0}, ""eff_fps"": {""pose"": 0, ""gesture"": 0}, ""latency_ms"": {""pose"": 0, ""gesture"": 0}, ""svclat_ms"": {""pose"": 0.0, ""gesture"": 0.0}}, ""a14"": {""services"": [""pose"", ""gesture""], ""fps"": {""pose"": 0, ""gesture"": 0}, ""eff_fps"": {""pose"": 0, ""gesture"": 0}, ""latency_ms"": {""pose"": 0, ""gesture"": 0}, ""svclat_ms"": {""pose"": 0.0, ""gesture"": 0.0}}, ""a15"": {""services"": [""pose"", ""gesture""], ""fps"": {""pose"": 0, ""gesture"": 0}, ""eff_fps"": {""pose"": 0, ""gesture"": 0}, ""latency_ms"": {""pose"": 0, ""gesture"": 0}, ""svclat_ms"": {""pose"": 0.0, ""gesture"": 0.0}}}"
103.0,10,10,1.0,0,0,9,9,9,1.0,905.0,438.0,0.484,0.0,0.9,0.0,29.75,30.0,0,29.75,30.0,0,0,0,0,20.23,16.06,0,478,"{""ip-172-31-0-204"": ""healthy"", ""ip-172-31-1-171"": ""healthy"", ""ip-172-31-10-12"": ""healthy"", ""ip-172-31-11-132"": ""healthy"", ""ip-172-31-13-134"": ""healthy"", ""ip-172-31-14-68"": ""healthy"", ""ip-172-31-40-239"": ""healthy""}",subscribe,9.4,0.73,0,0,"{""ip-172-31-0-204"": {""pose"": 1, ""gesture"": 1}, ""ip-172-31-1-171"": {""gesture"": 1, ""pose"": 1}, ""ip-172-31-10-12"": {""gesture"": 1}, ""ip-172-31-11-132"": {""gesture"": 1}, ""ip-172-31-13-134"": {""gesture"": 1}, ""ip-172-31-14-68"": {""gesture"": 1}, ""ip-172-31-40-239"": {""gesture"": 1}}","{""a3"": {""services"": [""pose"", ""gesture""], ""fps"": {""pose"": 30, ""gesture"": 30}, ""eff_fps"": {""pose"": 30, ""gesture"": 30}, ""latency_ms"": {""pose"": 0, ""gesture"": 0}, ""svclat_ms"": {""pose"": 20.73, ""gesture"": 19.01}}, ""a4"": {""services"": [""pose"", ""gesture""], ""fps"": {""pose"": 30, ""gesture"": 30}, ""eff_fps"": {""pose"": 30, ""gesture"": 30}, ""latency_ms"": {""pose"": 0, ""gesture"": 0}, ""svclat_ms"": {""pose"": 19.44, ""gesture"": 15.61}}, ""a5"": {""services"": [""pose"", ""gesture""], ""fps"": {""pose"": 28, ""gesture"": 30}, ""eff_fps"": {""pose"": 28, ""gesture"": 30}, ""latency_ms"": {""pose"": 0, ""gesture"": 0}, ""svclat_ms"": {""pose"": 23.17, ""gesture"": 15.26}}, ""a6"": {""services"": [""pose"", ""gesture""], ""fps"": {""pose"": 30, ""gesture"": 30}, ""eff_fps"": {""pose"": 30, ""gesture"": 30}, ""latency_ms"": {""pose"": 0, ""gesture"": 0}, ""svclat_ms"": {""pose"": 18.65, ""gesture"": 16.02}}, ""a7"": {""services"": [""pose"", ""gesture""], ""fps"": {""pose"": 30, ""gesture"": 30}, ""eff_fps"": {""pose"": 30, ""gesture"": 30}, ""latency_ms"": {""pose"": 0, ""gesture"": 0}, ""svclat_ms"": {""pose"": 17.9, ""gesture"": 16.11}}, ""a8"": {""services"": [""pose"", ""gesture""], ""fps"": {""pose"": 30, ""gesture"": 30}, ""eff_fps"": {""pose"": 30, ""gesture"": 30}, ""latency_ms"": {""pose"": 0, ""gesture"": 0}, ""svclat_ms"": {""pose"": 16.66, ""gesture"": 14.66}}, ""a9"": {""services"": [""pose"", ""gesture""], ""fps"": {""pose"": 0, ""gesture"": 0}, ""eff_fps"": {""pose"": 0, ""gesture"": 0}, ""latency_ms"": {""pose"": 0, ""gesture"": 0}, ""svclat_ms"": {""pose"": 0.0, ""gesture"": 0.0}}, ""a10"": {""services"": [""pose"", ""gesture""], ""fps"": {""pose"": 30, ""gesture"": 30}, ""eff_fps"": {""pose"": 30, ""gesture"": 30}, ""latency_ms"": {""pose"": 0, ""gesture"": 0}, ""svclat_ms"": {""pose"": 20.26, ""gesture"": 14.87}}, ""a11"": {""services"": [""pose"", ""gesture""], ""fps"": {""pose"": 30, ""gesture"": 30}, ""eff_fps"": {""pose"": 30, ""gesture"": 30}, ""latency_ms"": {""pose"": 0, ""gesture"": 0}, ""svclat_ms"": {""pose"": 25.04, ""gesture"": 16.94}}, ""a12"": {""services"": [""pose"", ""gesture""], ""fps"": {""pose"": 0, ""gesture"": 0}, ""eff_fps"": {""pose"": 0, ""gesture"": 0}, ""latency_ms"": {""pose"": 0, ""gesture"": 0}, ""svclat_ms"": {""pose"": 0.0, ""gesture"": 0.0}}, ""a13"": {""services"": [""pose"", ""gesture""], ""fps"": {""pose"": 0, ""gesture"": 0}, ""eff_fps"": {""pose"": 0, ""gesture"": 0}, ""latency_ms"": {""pose"": 0, ""gesture"": 0}, ""svclat_ms"": {""pose"": 0.0, ""gesture"": 0.0}}, ""a14"": {""services"": [""pose"", ""gesture""], ""fps"": {""pose"": 0, ""gesture"": 0}, ""eff_fps"": {""pose"": 0, ""gesture"": 0}, ""latency_ms"": {""pose"": 0, ""gesture"": 0}, ""svclat_ms"": {""pose"": 0.0, ""gesture"": 0.0}}, ""a15"": {""services"": [""pose"", ""gesture""], ""fps"": {""pose"": 0, ""gesture"": 0}, ""eff_fps"": {""pose"": 0, ""gesture"": 0}, ""latency_ms"": {""pose"": 0, ""gesture"": 0}, ""svclat_ms"": {""pose"": 0.0, ""gesture"": 0.0}}}"
107.7,10,10,1.0,0,0,9,14,14,1.0,1190.0,600,0.504,0.0,1.4,0.0,29.5,30.0,0,29.38,30.0,0,0,0,0,21.9,16.29,0,476,"{""ip-172-31-0-204"": ""healthy"", ""ip-172-31-1-171"": ""healthy"", ""ip-172-31-10-12"": ""healthy"", ""ip-172-31-11-132"": ""healthy"", ""ip-172-31-13-134"": ""healthy"", ""ip-172-31-14-68"": ""healthy"", ""ip-172-31-40-239"": ""healthy""}",subscribe,9.4,1.0,0,0,"{""ip-172-31-0-204"": {""pose"": 1, ""gesture"": 1}, ""ip-172-31-1-171"": {""gesture"": 1, ""pose"": 1}, ""ip-172-31-10-12"": {""gesture"": 1, ""pose"": 1}, ""ip-172-31-11-132"": {""gesture"": 1, ""pose"": 1}, ""ip-172-31-13-134"": {""gesture"": 1, ""pose"": 1}, ""ip-172-31-14-68"": {""gesture"": 1, ""pose"": 1}, ""ip-172-31-40-239"": {""gesture"": 1, ""pose"": 1}}","{""a3"": {""services"": [""pose"", ""gesture""], ""fps"": {""pose"": 30, ""gesture"": 30}, ""eff_fps"": {""pose"": 30, ""gesture"": 30}, ""latency_ms"": {""pose"": 0, ""gesture"": 0}, ""svclat_ms"": {""pose"": 22.39, ""gesture"": 17.67}}, ""a4"": {""services"": [""pose"", ""gesture""], ""fps"": {""pose"": 30, ""gesture"": 30}, ""eff_fps"": {""pose"": 30, ""gesture"": 30}, ""latency_ms"": {""pose"": 0, ""gesture"": 0}, ""svclat_ms"": {""pose"": 21.8, ""gesture"": 16.5}}, ""a5"": {""services"": [""pose"", ""gesture""], ""fps"": {""pose"": 28, ""gesture"": 30}, ""eff_fps"": {""pose"": 28, ""gesture"": 30}, ""latency_ms"": {""pose"": 0, ""gesture"": 0}, ""svclat_ms"": {""pose"": 21.54, ""gesture"": 15.44}}, ""a6"": {""services"": [""pose"", ""gesture""], ""fps"": {""pose"": 28, ""gesture"": 30}, ""eff_fps"": {""pose"": 27, ""gesture"": 30}, ""latency_ms"": {""pose"": 0, ""gesture"": 0}, ""svclat_ms"": {""pose"": 27.27, ""gesture"": 16.67}}, ""a7"": {""services"": [""pose"", ""gesture""], ""fps"": {""pose"": 30, ""gesture"": 30}, ""eff_fps"": {""pose"": 30, ""gesture"": 30}, ""latency_ms"": {""pose"": 0, ""gesture"": 0}, ""svclat_ms"": {""pose"": 21.41, ""gesture"": 16.55}}, ""a8"": {""services"": [""pose"", ""gesture""], ""fps"": {""pose"": 30, ""gesture"": 30}, ""eff_fps"": {""pose"": 30, ""gesture"": 30}, ""latency_ms"": {""pose"": 0, ""gesture"": 0}, ""svclat_ms"": {""pose"": 17.05, ""gesture"": 15.09}}, ""a9"": {""services"": [""pose"", ""gesture""], ""fps"": {""pose"": 0, ""gesture"": 0}, ""eff_fps"": {""pose"": 0, ""gesture"": 0}, ""latency_ms"": {""pose"": 0, ""gesture"": 0}, ""svclat_ms"": {""pose"": 0.0, ""gesture"": 0.0}}, ""a10"": {""services"": [""pose"", ""gesture""], ""fps"": {""pose"": 30, ""gesture"": 30}, ""eff_fps"": {""pose"": 30, ""gesture"": 30}, ""latency_ms"": {""pose"": 0, ""gesture"": 0}, ""svclat_ms"": {""pose"": 20.13, ""gesture"": 14.73}}, ""a11"": {""services"": [""pose"", ""gesture""], ""fps"": {""pose"": 30, ""gesture"": 30}, ""eff_fps"": {""pose"": 30, ""gesture"": 30}, ""latency_ms"": {""pose"": 0, ""gesture"": 0}, ""svclat_ms"": {""pose"": 23.59, ""gesture"": 17.69}}, ""a12"": {""services"": [""pose"", ""gesture""], ""fps"": {""pose"": 0, ""gesture"": 0}, ""eff_fps"": {""pose"": 0, ""gesture"": 0}, ""latency_ms"": {""pose"": 0, ""gesture"": 0}, ""svclat_ms"": {""pose"": 0.0, ""gesture"": 0.0}}, ""a13"": {""services"": [""pose"", ""gesture""], ""fps"": {""pose"": 0, ""gesture"": 0}, ""eff_fps"": {""pose"": 0, ""gesture"": 0}, ""latency_ms"": {""pose"": 0, ""gesture"": 0}, ""svclat_ms"": {""pose"": 0.0, ""gesture"": 0.0}}, ""a14"": {""services"": [""pose"", ""gesture""], ""fps"": {""pose"": 0, ""gesture"": 0}, ""eff_fps"": {""pose"": 0, ""gesture"": 0}, ""latency_ms"": {""pose"": 0, ""gesture"": 0}, ""svclat_ms"": {""pose"": 0.0, ""gesture"": 0.0}}, ""a15"": {""services"": [""pose"", ""gesture""], ""fps"": {""pose"": 0, ""gesture"": 0}, ""eff_fps"": {""pose"": 0, ""gesture"": 0}, ""latency_ms"": {""pose"": 0, ""gesture"": 0}, ""svclat_ms"": {""pose"": 0.0, ""gesture"": 0.0}}}"
112.6,10,11,1.1,0,0,9,14,14,1.0,1190.0,660,0.555,0.0,1.56,0.0,29.67,30.0,0,29.67,30.0,0,0,0,0,22.51,15.72,0,358,"{""ip-172-31-0-204"": ""healthy"", ""ip-172-31-1-171"": ""healthy"", ""ip-172-31-10-12"": ""healthy"", ""ip-172-31-11-132"": ""healthy"", ""ip-172-31-13-134"": ""healthy"", ""ip-172-31-14-68"": ""healthy"", ""ip-172-31-40-239"": ""healthy""}",subscribe,9.3,1.0,0,0,"{""ip-172-31-0-204"": {""pose"": 1, ""gesture"": 1}, ""ip-172-31-1-171"": {""gesture"": 1, ""pose"": 1}, ""ip-172-31-10-12"": {""gesture"": 1, ""pose"": 1}, ""ip-172-31-11-132"": {""gesture"": 1, ""pose"": 1}, ""ip-172-31-13-134"": {""gesture"": 1, ""pose"": 1}, ""ip-172-31-14-68"": {""gesture"": 1, ""pose"": 1}, ""ip-172-31-40-239"": {""gesture"": 1, ""pose"": 1}}","{""a5"": {""services"": [""pose"", ""gesture""], ""fps"": {""pose"": 29, ""gesture"": 30}, ""eff_fps"": {""pose"": 29, ""gesture"": 30}, ""latency_ms"": {""pose"": 0, ""gesture"": 0}, ""svclat_ms"": {""pose"": 26.5, ""gesture"": 16.54}}, ""a6"": {""services"": [""pose"", ""gesture""], ""fps"": {""pose"": 30, ""gesture"": 30}, ""eff_fps"": {""pose"": 30, ""gesture"": 30}, ""latency_ms"": {""pose"": 0, ""gesture"": 0}, ""svclat_ms"": {""pose"": 25.13, ""gesture"": 16.36}}, ""a7"": {""services"": [""pose"", ""gesture""], ""fps"": {""pose"": 30, ""gesture"": 30}, ""eff_fps"": {""pose"": 30, ""gesture"": 30}, ""latency_ms"": {""pose"": 0, ""gesture"": 0}, ""svclat_ms"": {""pose"": 21.36, ""gesture"": 16.75}}, ""a8"": {""services"": [""pose"", ""gesture""], ""fps"": {""pose"": 30, ""gesture"": 30}, ""eff_fps"": {""pose"": 30, ""gesture"": 30}, ""latency_ms"": {""pose"": 0, ""gesture"": 0}, ""svclat_ms"": {""pose"": 19.14, ""gesture"": 14.63}}, ""a9"": {""services"": [""pose"", ""gesture""], ""fps"": {""pose"": 0, ""gesture"": 0}, ""eff_fps"": {""pose"": 0, ""gesture"": 0}, ""latency_ms"": {""pose"": 0, ""gesture"": 0}, ""svclat_ms"": {""pose"": 0.0, ""gesture"": 0.0}}, ""a10"": {""services"": [""pose"", ""gesture""], ""fps"": {""pose"": 30, ""gesture"": 30}, ""eff_fps"": {""pose"": 30, ""gesture"": 30}, ""latency_ms"": {""pose"": 0, ""gesture"": 0}, ""svclat_ms"": {""pose"": 20.6, ""gesture"": 15.03}}, ""a11"": {""services"": [""pose"", ""gesture""], ""fps"": {""pose"": 29, ""gesture"": 30}, ""eff_fps"": {""pose"": 29, ""gesture"": 30}, ""latency_ms"": {""pose"": 0, ""gesture"": 0}, ""svclat_ms"": {""pose"": 22.36, ""gesture"": 14.99}}, ""a12"": {""services"": [""pose"", ""gesture""], ""fps"": {""pose"": 0, ""gesture"": 0}, ""eff_fps"": {""pose"": 0, ""gesture"": 0}, ""latency_ms"": {""pose"": 0, ""gesture"": 0}, ""svclat_ms"": {""pose"": 0.0, ""gesture"": 0.0}}, ""a13"": {""services"": [""pose"", ""gesture""], ""fps"": {""pose"": 0, ""gesture"": 0}, ""eff_fps"": {""pose"": 0, ""gesture"": 0}, ""latency_ms"": {""pose"": 0, ""gesture"": 0}, ""svclat_ms"": {""pose"": 0.0, ""gesture"": 0.0}}, ""a14"": {""services"": [""pose"", ""gesture""], ""fps"": {""pose"": 0, ""gesture"": 0}, ""eff_fps"": {""pose"": 0, ""gesture"": 0}, ""latency_ms"": {""pose"": 0, ""gesture"": 0}, ""svclat_ms"": {""pose"": 0.0, ""gesture"": 0.0}}, ""a15"": {""services"": [""pose"", ""gesture""], ""fps"": {""pose"": 0, ""gesture"": 0}, ""eff_fps"": {""pose"": 0, ""gesture"": 0}, ""latency_ms"": {""pose"": 0, ""gesture"": 0}, ""svclat_ms"": {""pose"": 0.0, ""gesture"": 0.0}}}"
117.2,10,10,1.0,0,0,9,14,14,1.0,1190.0,600,0.504,0.0,1.4,0.0,30.0,30.0,0,30.0,30.0,0,0,0,0,22.23,15.87,0,360,"{""ip-172-31-0-204"": ""healthy"", ""ip-172-31-1-171"": ""healthy"", ""ip-172-31-10-12"": ""healthy"", ""ip-172-31-11-132"": ""healthy"", ""ip-172-31-13-134"": ""healthy"", ""ip-172-31-14-68"": ""healthy"", ""ip-172-31-40-239"": ""healthy""}",unsubscribe,12.7,1.0,0,0,"{""ip-172-31-0-204"": {""pose"": 1, ""gesture"": 1}, ""ip-172-31-1-171"": {""gesture"": 1, ""pose"": 1}, ""ip-172-31-10-12"": {""gesture"": 1, ""pose"": 1}, ""ip-172-31-11-132"": {""gesture"": 1, ""pose"": 1}, ""ip-172-31-13-134"": {""gesture"": 1, ""pose"": 1}, ""ip-172-31-14-68"": {""gesture"": 1, ""pose"": 1}, ""ip-172-31-40-239"": {""gesture"": 1, ""pose"": 1}}","{""a5"": {""services"": [""pose"", ""gesture""], ""fps"": {""pose"": 30, ""gesture"": 30}, ""eff_fps"": {""pose"": 30, ""gesture"": 30}, ""latency_ms"": {""pose"": 0, ""gesture"": 0}, ""svclat_ms"": {""pose"": 27.04, ""gesture"": 17.25}}, ""a6"": {""services"": [""pose"", ""gesture""], ""fps"": {""pose"": 30, ""gesture"": 30}, ""eff_fps"": {""pose"": 30, ""gesture"": 30}, ""latency_ms"": {""pose"": 0, ""gesture"": 0}, ""svclat_ms"": {""pose"": 25.11, ""gesture"": 16.82}}, ""a7"": {""services"": [""pose"", ""gesture""], ""fps"": {""pose"": 30, ""gesture"": 30}, ""eff_fps"": {""pose"": 30, ""gesture"": 30}, ""latency_ms"": {""pose"": 0, ""gesture"": 0}, ""svclat_ms"": {""pose"": 21.49, ""gesture"": 16.79}}, ""a8"": {""services"": [""pose"", ""gesture""], ""fps"": {""pose"": 30, ""gesture"": 30}, ""eff_fps"": {""pose"": 30, ""gesture"": 30}, ""latency_ms"": {""pose"": 0, ""gesture"": 0}, ""svclat_ms"": {""pose"": 19.4, ""gesture"": 14.61}}, ""a9"": {""services"": [""pose"", ""gesture""], ""fps"": {""pose"": 0, ""gesture"": 0}, ""eff_fps"": {""pose"": 0, ""gesture"": 0}, ""latency_ms"": {""pose"": 0, ""gesture"": 0}, ""svclat_ms"": {""pose"": 0.0, ""gesture"": 0.0}}, ""a10"": {""services"": [""pose"", ""gesture""], ""fps"": {""pose"": 30, ""gesture"": 30}, ""eff_fps"": {""pose"": 30, ""gesture"": 30}, ""latency_ms"": {""pose"": 0, ""gesture"": 0}, ""svclat_ms"": {""pose"": 20.26, ""gesture"": 14.79}}, ""a11"": {""services"": [""pose"", ""gesture""], ""fps"": {""pose"": 30, ""gesture"": 30}, ""eff_fps"": {""pose"": 30, ""gesture"": 30}, ""latency_ms"": {""pose"": 0, ""gesture"": 0}, ""svclat_ms"": {""pose"": 20.1, ""gesture"": 14.97}}, ""a12"": {""services"": [""pose"", ""gesture""], ""fps"": {""pose"": 0, ""gesture"": 0}, ""eff_fps"": {""pose"": 0, ""gesture"": 0}, ""latency_ms"": {""pose"": 0, ""gesture"": 0}, ""svclat_ms"": {""pose"": 0.0, ""gesture"": 0.0}}, ""a13"": {""services"": [""pose"", ""gesture""], ""fps"": {""pose"": 0, ""gesture"": 0}, ""eff_fps"": {""pose"": 0, ""gesture"": 0}, ""latency_ms"": {""pose"": 0, ""gesture"": 0}, ""svclat_ms"": {""pose"": 0.0, ""gesture"": 0.0}}, ""a14"": {""services"": [""pose"", ""gesture""], ""fps"": {""pose"": 0, ""gesture"": 0}, ""eff_fps"": {""pose"": 0, ""gesture"": 0}, ""latency_ms"": {""pose"": 0, ""gesture"": 0}, ""svclat_ms"": {""pose"": 0.0, ""gesture"": 0.0}}, ""a15"": {""services"": [""pose"", ""gesture""], ""fps"": {""pose"": 0, ""gesture"": 0}, ""eff_fps"": {""pose"": 0, ""gesture"": 0}, ""latency_ms"": {""pose"": 0, ""gesture"": 0}, ""svclat_ms"": {""pose"": 0.0, ""gesture"": 0.0}}}"
120.8,11,11,1.0,0,0,9,14,14,1.0,1190.0,660,0.555,0.0,1.27,0.0,30.0,30.0,0,30.0,30.0,0,0,0,0,22.68,16.64,0,660,"{""ip-172-31-0-204"": ""healthy"", ""ip-172-31-1-171"": ""healthy"", ""ip-172-31-10-12"": ""healthy"", ""ip-172-31-11-132"": ""healthy"", ""ip-172-31-13-134"": ""healthy"", ""ip-172-31-14-68"": ""healthy"", ""ip-172-31-40-239"": ""healthy""}",subscribe,9.8,1.0,0,0,"{""ip-172-31-0-204"": {""pose"": 1, ""gesture"": 1}, ""ip-172-31-1-171"": {""gesture"": 1, ""pose"": 1}, ""ip-172-31-10-12"": {""gesture"": 1, ""pose"": 1}, ""ip-172-31-11-132"": {""gesture"": 1, ""pose"": 1}, ""ip-172-31-13-134"": {""gesture"": 1, ""pose"": 1}, ""ip-172-31-14-68"": {""gesture"": 1, ""pose"": 1}, ""ip-172-31-40-239"": {""gesture"": 1, ""pose"": 1}}","{""a5"": {""services"": [""pose"", ""gesture""], ""fps"": {""pose"": 29, ""gesture"": 30}, ""eff_fps"": {""pose"": 29, ""gesture"": 30}, ""latency_ms"": {""pose"": 0, ""gesture"": 0}, ""svclat_ms"": {""pose"": 26.46, ""gesture"": 16.13}}, ""a6"": {""services"": [""pose"", ""gesture""], ""fps"": {""pose"": 30, ""gesture"": 30}, ""eff_fps"": {""pose"": 30, ""gesture"": 30}, ""latency_ms"": {""pose"": 0, ""gesture"": 0}, ""svclat_ms"": {""pose"": 25.15, ""gesture"": 16.28}}, ""a7"": {""services"": [""pose"", ""gesture""], ""fps"": {""pose"": 30, ""gesture"": 30}, ""eff_fps"": {""pose"": 30, ""gesture"": 30}, ""latency_ms"": {""pose"": 0, ""gesture"": 0}, ""svclat_ms"": {""pose"": 21.19, ""gesture"": 17.0}}, ""a8"": {""services"": [""pose"", ""gesture""], ""fps"": {""pose"": 30, ""gesture"": 30}, ""eff_fps"": {""pose"": 30, ""gesture"": 30}, ""latency_ms"": {""pose"": 0, ""gesture"": 0}, ""svclat_ms"": {""pose"": 19.95, ""gesture"": 16.5}}, ""a9"": {""services"": [""pose"", ""gesture""], ""fps"": {""pose"": 30, ""gesture"": 30}, ""eff_fps"": {""pose"": 30, ""gesture"": 30}, ""latency_ms"": {""pose"": 0, ""gesture"": 0}, ""svclat_ms"": {""pose"": 19.84, ""gesture"": 14.42}}, ""a10"": {""services"": [""pose"", ""gesture""], ""fps"": {""pose"": 31, ""gesture"": 30}, ""eff_fps"": {""pose"": 31, ""gesture"": 30}, ""latency_ms"": {""pose"": 0, ""gesture"": 0}, ""svclat_ms"": {""pose"": 20.91, ""gesture"": 15.22}}, ""a11"": {""services"": [""pose"", ""gesture""], ""fps"": {""pose"": 30, ""gesture"": 30}, ""eff_fps"": {""pose"": 30, ""gesture"": 30}, ""latency_ms"": {""pose"": 0, ""gesture"": 0}, ""svclat_ms"": {""pose"": 20.12, ""gesture"": 15.02}}, ""a12"": {""services"": [""pose"", ""gesture""], ""fps"": {""pose"": 30, ""gesture"": 30}, ""eff_fps"": {""pose"": 30, ""gesture"": 30}, ""latency_ms"": {""pose"": 0, ""gesture"": 0}, ""svclat_ms"": {""pose"": 23.18, ""gesture"": 17.49}}, ""a13"": {""services"": [""pose"", ""gesture""], ""fps"": {""pose"": 30, ""gesture"": 30}, ""eff_fps"": {""pose"": 30, ""gesture"": 30}, ""latency_ms"": {""pose"": 0, ""gesture"": 0}, ""svclat_ms"": {""pose"": 25.31, ""gesture"": 21.76}}, ""a14"": {""services"": [""pose"", ""gesture""], ""fps"": {""pose"": 30, ""gesture"": 30}, ""eff_fps"": {""pose"": 30, ""gesture"": 30}, ""latency_ms"": {""pose"": 0, ""gesture"": 0}, ""svclat_ms"": {""pose"": 21.22, ""gesture"": 15.92}}, ""a15"": {""services"": [""pose"", ""gesture""], ""fps"": {""pose"": 30, ""gesture"": 30}, ""eff_fps"": {""pose"": 30, ""gesture"": 30}, ""latency_ms"": {""pose"": 0, ""gesture"": 0}, ""svclat_ms"": {""pose"": 26.16, ""gesture"": 17.31}}}"
123.2,11,11,1.0,0,0,9,14,14,1.0,1190.0,660,0.555,0.0,1.27,0.0,30.09,30.0,0,30.09,30.0,0,0,0,0,22.36,16.71,0,661,"{""ip-172-31-0-204"": ""healthy"", ""ip-172-31-1-171"": ""healthy"", ""ip-172-31-10-12"": ""healthy"", ""ip-172-31-11-132"": ""healthy"", ""ip-172-31-13-134"": ""healthy"", ""ip-172-31-14-68"": ""healthy"", ""ip-172-31-40-239"": ""healthy""}",subscribe,9.8,1.0,0,0,"{""ip-172-31-0-204"": {""pose"": 1, ""gesture"": 1}, ""ip-172-31-1-171"": {""gesture"": 1, ""pose"": 1}, ""ip-172-31-10-12"": {""gesture"": 1, ""pose"": 1}, ""ip-172-31-11-132"": {""gesture"": 1, ""pose"": 1}, ""ip-172-31-13-134"": {""gesture"": 1, ""pose"": 1}, ""ip-172-31-14-68"": {""gesture"": 1, ""pose"": 1}, ""ip-172-31-40-239"": {""gesture"": 1, ""pose"": 1}}","{""a5"": {""services"": [""pose"", ""gesture""], ""fps"": {""pose"": 30, ""gesture"": 30}, ""eff_fps"": {""pose"": 30, ""gesture"": 30}, ""latency_ms"": {""pose"": 0, ""gesture"": 0}, ""svclat_ms"": {""pose"": 25.58, ""gesture"": 15.94}}, ""a6"": {""services"": [""pose"", ""gesture""], ""fps"": {""pose"": 30, ""gesture"": 30}, ""eff_fps"": {""pose"": 30, ""gesture"": 30}, ""latency_ms"": {""pose"": 0, ""gesture"": 0}, ""svclat_ms"": {""pose"": 25.64, ""gesture"": 17.17}}, ""a7"": {""services"": [""pose"", ""gesture""], ""fps"": {""pose"": 30, ""gesture"": 30}, ""eff_fps"": {""pose"": 30, ""gesture"": 30}, ""latency_ms"": {""pose"": 0, ""gesture"": 0}, ""svclat_ms"": {""pose"": 20.95, ""gesture"": 16.25}}, ""a8"": {""services"": [""pose"", ""gesture""], ""fps"": {""pose"": 30, ""gesture"": 30}, ""eff_fps"": {""pose"": 30, ""gesture"": 30}, ""latency_ms"": {""pose"": 0, ""gesture"": 0}, ""svclat_ms"": {""pose"": 19.83, ""gesture"": 16.92}}, ""a9"": {""services"": [""pose"", ""gesture""], ""fps"": {""pose"": 30, ""gesture"": 30}, ""eff_fps"": {""pose"": 30, ""gesture"": 30}, ""latency_ms"": {""pose"": 0, ""gesture"": 0}, ""svclat_ms"": {""pose"": 19.93, ""gesture"": 14.49}}, ""a10"": {""services"": [""pose"", ""gesture""], ""fps"": {""pose"": 31, ""gesture"": 30}, ""eff_fps"": {""pose"": 31, ""gesture"": 30}, ""latency_ms"": {""pose"": 0, ""gesture"": 0}, ""svclat_ms"": {""pose"": 20.2, ""gesture"": 14.7}}, ""a11"": {""services"": [""pose"", ""gesture""], ""fps"": {""pose"": 30, ""gesture"": 30}, ""eff_fps"": {""pose"": 30, ""gesture"": 30}, ""latency_ms"": {""pose"": 0, ""gesture"": 0}, ""svclat_ms"": {""pose"": 20.19, ""gesture"": 15.08}}, ""a12"": {""services"": [""pose"", ""gesture""], ""fps"": {""pose"": 30, ""gesture"": 30}, ""eff_fps"": {""pose"": 30, ""gesture"": 30}, ""latency_ms"": {""pose"": 0, ""gesture"": 0}, ""svclat_ms"": {""pose"": 22.81, ""gesture"": 18.81}}, ""a13"": {""services"": [""pose"", ""gesture""], ""fps"": {""pose"": 30, ""gesture"": 30}, ""eff_fps"": {""pose"": 30, ""gesture"": 30}, ""latency_ms"": {""pose"": 0, ""gesture"": 0}, ""svclat_ms"": {""pose"": 24.65, ""gesture"": 20.96}}, ""a14"": {""services"": [""pose"", ""gesture""], ""fps"": {""pose"": 30, ""gesture"": 30}, ""eff_fps"": {""pose"": 30, ""gesture"": 30}, ""latency_ms"": {""pose"": 0, ""gesture"": 0}, ""svclat_ms"": {""pose"": 19.78, ""gesture"": 15.32}}, ""a15"": {""services"": [""pose"", ""gesture""], ""fps"": {""pose"": 30, ""gesture"": 30}, ""eff_fps"": {""pose"": 30, ""gesture"": 30}, ""latency_ms"": {""pose"": 0, ""gesture"": 0}, ""svclat_ms"": {""pose"": 26.43, ""gesture"": 18.22}}}"
125.7,11,11,1.0,0,0,9,14,14,1.0,1190.0,660,0.555,0.0,1.27,0.0,30.0,30.0,0,30.0,30.0,0,0,0,0,22.25,16.53,0,660,"{""ip-172-31-0-204"": ""healthy"", ""ip-172-31-1-171"": ""healthy"", ""ip-172-31-10-12"": ""healthy"", ""ip-172-31-11-132"": ""healthy"", ""ip-172-31-13-134"": ""healthy"", ""ip-172-31-14-68"": ""healthy"", ""ip-172-31-40-239"": ""healthy""}",subscribe,9.8,1.0,0,0,"{""ip-172-31-0-204"": {""pose"": 1, ""gesture"": 1}, ""ip-172-31-1-171"": {""gesture"": 1, ""pose"": 1}, ""ip-172-31-10-12"": {""gesture"": 1, ""pose"": 1}, ""ip-172-31-11-132"": {""gesture"": 1, ""pose"": 1}, ""ip-172-31-13-134"": {""gesture"": 1, ""pose"": 1}, ""ip-172-31-14-68"": {""gesture"": 1, ""pose"": 1}, ""ip-172-31-40-239"": {""gesture"": 1, ""pose"": 1}}","{""a5"": {""services"": [""pose"", ""gesture""], ""fps"": {""pose"": 30, ""gesture"": 30}, ""eff_fps"": {""pose"": 30, ""gesture"": 30}, ""latency_ms"": {""pose"": 0, ""gesture"": 0}, ""svclat_ms"": {""pose"": 24.26, ""gesture"": 15.29}}, ""a6"": {""services"": [""pose"", ""gesture""], ""fps"": {""pose"": 30, ""gesture"": 30}, ""eff_fps"": {""pose"": 30, ""gesture"": 30}, ""latency_ms"": {""pose"": 0, ""gesture"": 0}, ""svclat_ms"": {""pose"": 25.97, ""gesture"": 17.57}}, ""a7"": {""services"": [""pose"", ""gesture""], ""fps"": {""pose"": 30, ""gesture"": 30}, ""eff_fps"": {""pose"": 30, ""gesture"": 30}, ""latency_ms"": {""pose"": 0, ""gesture"": 0}, ""svclat_ms"": {""pose"": 20.73, ""gesture"": 16.52}}, ""a8"": {""services"": [""pose"", ""gesture""], ""fps"": {""pose"": 30, ""gesture"": 30}, ""eff_fps"": {""pose"": 30, ""gesture"": 30}, ""latency_ms"": {""pose"": 0, ""gesture"": 0}, ""svclat_ms"": {""pose"": 19.52, ""gesture"": 16.21}}, ""a9"": {""services"": [""pose"", ""gesture""], ""fps"": {""pose"": 30, ""gesture"": 30}, ""eff_fps"": {""pose"": 30, ""gesture"": 30}, ""latency_ms"": {""pose"": 0, ""gesture"": 0}, ""svclat_ms"": {""pose"": 19.57, ""gesture"": 14.54}}, ""a10"": {""services"": [""pose"", ""gesture""], ""fps"": {""pose"": 30, ""gesture"": 30}, ""eff_fps"": {""pose"": 30, ""gesture"": 30}, ""latency_ms"": {""pose"": 0, ""gesture"": 0}, ""svclat_ms"": {""pose"": 20.41, ""gesture"": 14.99}}, ""a11"": {""services"": [""pose"", ""gesture""], ""fps"": {""pose"": 30, ""gesture"": 30}, ""eff_fps"": {""pose"": 30, ""gesture"": 30}, ""latency_ms"": {""pose"": 0, ""gesture"": 0}, ""svclat_ms"": {""pose"": 20.03, ""gesture"": 14.87}}, ""a12"": {""services"": [""pose"", ""gesture""], ""fps"": {""pose"": 30, ""gesture"": 30}, ""eff_fps"": {""pose"": 30, ""gesture"": 30}, ""latency_ms"": {""pose"": 0, ""gesture"": 0}, ""svclat_ms"": {""pose"": 22.84, ""gesture"": 17.49}}, ""a13"": {""services"": [""pose"", ""gesture""], ""fps"": {""pose"": 30, ""gesture"": 30}, ""eff_fps"": {""pose"": 30, ""gesture"": 30}, ""latency_ms"": {""pose"": 0, ""gesture"": 0}, ""svclat_ms"": {""pose"": 25.59, ""gesture"": 21.77}}, ""a14"": {""services"": [""pose"", ""gesture""], ""fps"": {""pose"": 30, ""gesture"": 30}, ""eff_fps"": {""pose"": 30, ""gesture"": 30}, ""latency_ms"": {""pose"": 0, ""gesture"": 0}, ""svclat_ms"": {""pose"": 19.9, ""gesture"": 15.01}}, ""a15"": {""services"": [""pose"", ""gesture""], ""fps"": {""pose"": 30, ""gesture"": 30}, ""eff_fps"": {""pose"": 30, ""gesture"": 30}, ""latency_ms"": {""pose"": 0, ""gesture"": 0}, ""svclat_ms"": {""pose"": 25.98, ""gesture"": 17.54}}}"
128.1,11,11,1.0,0,0,9,14,14,1.0,1190.0,660,0.555,0.0,1.27,0.0,29.91,30.0,0,29.91,30.0,0,0,0,0,22.45,16.75,0,659,"{""ip-172-31-0-204"": ""healthy"", ""ip-172-31-1-171"": ""healthy"", ""ip-172-31-10-12"": ""healthy"", ""ip-172-31-11-132"": ""healthy"", ""ip-172-31-13-134"": ""healthy"", ""ip-172-31-14-68"": ""healthy"", ""ip-172-31-40-239"": ""healthy""}",subscribe,9.8,1.0,0,0,"{""ip-172-31-0-204"": {""pose"": 1, ""gesture"": 1}, ""ip-172-31-1-171"": {""gesture"": 1, ""pose"": 1}, ""ip-172-31-10-12"": {""gesture"": 1, ""pose"": 1}, ""ip-172-31-11-132"": {""gesture"": 1, ""pose"": 1}, ""ip-172-31-13-134"": {""gesture"": 1, ""pose"": 1}, ""ip-172-31-14-68"": {""gesture"": 1, ""pose"": 1}, ""ip-172-31-40-239"": {""gesture"": 1, ""pose"": 1}}","{""a5"": {""services"": [""pose"", ""gesture""], ""fps"": {""pose"": 29, ""gesture"": 30}, ""eff_fps"": {""pose"": 29, ""gesture"": 30}, ""latency_ms"": {""pose"": 0, ""gesture"": 0}, ""svclat_ms"": {""pose"": 25.39, ""gesture"": 16.63}}, ""a6"": {""services"": [""pose"", ""gesture""], ""fps"": {""pose"": 30, ""gesture"": 30}, ""eff_fps"": {""pose"": 30, ""gesture"": 30}, ""latency_ms"": {""pose"": 0, ""gesture"": 0}, ""svclat_ms"": {""pose"": 25.68, ""gesture"": 17.72}}, ""a7"": {""services"": [""pose"", ""gesture""], ""fps"": {""pose"": 30, ""gesture"": 30}, ""eff_fps"": {""pose"": 30, ""gesture"": 30}, ""latency_ms"": {""pose"": 0, ""gesture"": 0}, ""svclat_ms"": {""pose"": 21.03, ""gesture"": 16.39}}, ""a8"": {""services"": [""pose"", ""gesture""], ""fps"": {""pose"": 30, ""gesture"": 30}, ""eff_fps"": {""pose"": 30, ""gesture"": 30}, ""latency_ms"": {""pose"": 0, ""gesture"": 0}, ""svclat_ms"": {""pose"": 19.8, ""gesture"": 16.62}}, ""a9"": {""services"": [""pose"", ""gesture""], ""fps"": {""pose"": 30, ""gesture"": 30}, ""eff_fps"": {""pose"": 30, ""gesture"": 30}, ""latency_ms"": {""pose"": 0, ""gesture"": 0}, ""svclat_ms"": {""pose"": 19.83, ""gesture"": 14.24}}, ""a10"": {""services"": [""pose"", ""gesture""], ""fps"": {""pose"": 30, ""gesture"": 30}, ""eff_fps"": {""pose"": 30, ""gesture"": 30}, ""latency_ms"": {""pose"": 0, ""gesture"": 0}, ""svclat_ms"": {""pose"": 20.4, ""gesture"": 15.19}}, ""a11"": {""services"": [""pose"", ""gesture""], ""fps"": {""pose"": 30, ""gesture"": 30}, ""eff_fps"": {""pose"": 30, ""gesture"": 30}, ""latency_ms"": {""pose"": 0, ""gesture"": 0}, ""svclat_ms"": {""pose"": 20.49, ""gesture"": 14.87}}, ""a12"": {""services"": [""pose"", ""gesture""], ""fps"": {""pose"": 30, ""gesture"": 30}, ""eff_fps"": {""pose"": 30, ""gesture"": 30}, ""latency_ms"": {""pose"": 0, ""gesture"": 0}, ""svclat_ms"": {""pose"": 22.57, ""gesture"": 17.85}}, ""a13"": {""services"": [""pose"", ""gesture""], ""fps"": {""pose"": 30, ""gesture"": 30}, ""eff_fps"": {""pose"": 30, ""gesture"": 30}, ""latency_ms"": {""pose"": 0, ""gesture"": 0}, ""svclat_ms"": {""pose"": 24.67, ""gesture"": 21.21}}, ""a14"": {""services"": [""pose"", ""gesture""], ""fps"": {""pose"": 30, ""gesture"": 30}, ""eff_fps"": {""pose"": 30, ""gesture"": 30}, ""latency_ms"": {""pose"": 0, ""gesture"": 0}, ""svclat_ms"": {""pose"": 21.13, ""gesture"": 16.08}}, ""a15"": {""services"": [""pose"", ""gesture""], ""fps"": {""pose"": 30, ""gesture"": 30}, ""eff_fps"": {""pose"": 30, ""gesture"": 30}, ""latency_ms"": {""pose"": 0, ""gesture"": 0}, ""svclat_ms"": {""pose"": 25.97, ""gesture"": 17.47}}}"
130.6,11,11,1.0,0,0,9,14,14,1.0,1190.0,660,0.555,0.0,1.27,0.0,30.0,30.0,0,30.0,30.0,0,0,0,0,22.45,16.65,0,660,"{""ip-172-31-0-204"": ""healthy"", ""ip-172-31-1-171"": ""healthy"", ""ip-172-31-10-12"": ""healthy"", ""ip-172-31-11-132"": ""healthy"", ""ip-172-31-13-134"": ""healthy"", ""ip-172-31-14-68"": ""healthy"", ""ip-172-31-40-239"": ""healthy""}",subscribe,9.8,1.0,0,0,"{""ip-172-31-0-204"": {""pose"": 1, ""gesture"": 1}, ""ip-172-31-1-171"": {""gesture"": 1, ""pose"": 1}, ""ip-172-31-10-12"": {""gesture"": 1, ""pose"": 1}, ""ip-172-31-11-132"": {""gesture"": 1, ""pose"": 1}, ""ip-172-31-13-134"": {""gesture"": 1, ""pose"": 1}, ""ip-172-31-14-68"": {""gesture"": 1, ""pose"": 1}, ""ip-172-31-40-239"": {""gesture"": 1, ""pose"": 1}}","{""a5"": {""services"": [""pose"", ""gesture""], ""fps"": {""pose"": 30, ""gesture"": 30}, ""eff_fps"": {""pose"": 30, ""gesture"": 30}, ""latency_ms"": {""pose"": 0, ""gesture"": 0}, ""svclat_ms"": {""pose"": 24.19, ""gesture"": 15.87}}, ""a6"": {""services"": [""pose"", ""gesture""], ""fps"": {""pose"": 30, ""gesture"": 30}, ""eff_fps"": {""pose"": 30, ""gesture"": 30}, ""latency_ms"": {""pose"": 0, ""gesture"": 0}, ""svclat_ms"": {""pose"": 25.3, ""gesture"": 16.73}}, ""a7"": {""services"": [""pose"", ""gesture""], ""fps"": {""pose"": 30, ""gesture"": 30}, ""eff_fps"": {""pose"": 30, ""gesture"": 30}, ""latency_ms"": {""pose"": 0, ""gesture"": 0}, ""svclat_ms"": {""pose"": 22.1, ""gesture"": 16.58}}, ""a8"": {""services"": [""pose"", ""gesture""], ""fps"": {""pose"": 30, ""gesture"": 30}, ""eff_fps"": {""pose"": 30, ""gesture"": 30}, ""latency_ms"": {""pose"": 0, ""gesture"": 0}, ""svclat_ms"": {""pose"": 20.0, ""gesture"": 17.29}}, ""a9"": {""services"": [""pose"", ""gesture""], ""fps"": {""pose"": 30, ""gesture"": 30}, ""eff_fps"": {""pose"": 30, ""gesture"": 30}, ""latency_ms"": {""pose"": 0, ""gesture"": 0}, ""svclat_ms"": {""pose"": 19.37, ""gesture"": 14.13}}, ""a10"": {""services"": [""pose"", ""gesture""], ""fps"": {""pose"": 30, ""gesture"": 30}, ""eff_fps"": {""pose"": 30, ""gesture"": 30}, ""latency_ms"": {""pose"": 0, ""gesture"": 0}, ""svclat_ms"": {""pose"": 20.38, ""gesture"": 14.88}}, ""a11"": {""services"": [""pose"", ""gesture""], ""fps"": {""pose"": 30, ""gesture"": 30}, ""eff_fps"": {""pose"": 30, ""gesture"": 30}, ""latency_ms"": {""pose"": 0, ""gesture"": 0}, ""svclat_ms"": {""pose"": 20.46, ""gesture"": 14.94}}, ""a12"": {""services"": [""pose"", ""gesture""], ""fps"": {""pose"": 30, ""gesture"": 30}, ""eff_fps"": {""pose"": 30, ""gesture"": 30}, ""latency_ms"": {""pose"": 0, ""gesture"": 0}, ""svclat_ms"": {""pose"": 22.54, ""gesture"": 17.26}}, ""a13"": {""services"": [""pose"", ""gesture""], ""fps"": {""pose"": 30, ""gesture"": 30}, ""eff_fps"": {""pose"": 30, ""gesture"": 30}, ""latency_ms"": {""pose"": 0, ""gesture"": 0}, ""svclat_ms"": {""pose"": 25.28, ""gesture"": 22.02}}, ""a14"": {""services"": [""pose"", ""gesture""], ""fps"": {""pose"": 30, ""gesture"": 30}, ""eff_fps"": {""pose"": 30, ""gesture"": 30}, ""latency_ms"": {""pose"": 0, ""gesture"": 0}, ""svclat_ms"": {""pose"": 20.02, ""gesture"": 14.77}}, ""a15"": {""services"": [""pose"", ""gesture""], ""fps"": {""pose"": 30, ""gesture"": 30}, ""eff_fps"": {""pose"": 30, ""gesture"": 30}, ""latency_ms"": {""pose"": 0, ""gesture"": 0}, ""svclat_ms"": {""pose"": 27.35, ""gesture"": 18.69}}}"
133.1,11,11,1.0,0,0,9,14,14,1.0,1190.0,660,0.555,0.0,1.27,0.0,30.09,30.0,0,30.09,30.0,0,0,0,0,22.19,16.48,0,661,"{""ip-172-31-0-204"": ""healthy"", ""ip-172-31-1-171"": ""healthy"", ""ip-172-31-10-12"": ""healthy"", ""ip-172-31-11-132"": ""healthy"", ""ip-172-31-13-134"": ""healthy"", ""ip-172-31-14-68"": ""healthy"", ""ip-172-31-40-239"": ""healthy""}",subscribe,9.8,1.0,0,0,"{""ip-172-31-0-204"": {""pose"": 1, ""gesture"": 1}, ""ip-172-31-1-171"": {""gesture"": 1, ""pose"": 1}, ""ip-172-31-10-12"": {""gesture"": 1, ""pose"": 1}, ""ip-172-31-11-132"": {""gesture"": 1, ""pose"": 1}, ""ip-172-31-13-134"": {""gesture"": 1, ""pose"": 1}, ""ip-172-31-14-68"": {""gesture"": 1, ""pose"": 1}, ""ip-172-31-40-239"": {""gesture"": 1, ""pose"": 1}}","{""a5"": {""services"": [""pose"", ""gesture""], ""fps"": {""pose"": 30, ""gesture"": 30}, ""eff_fps"": {""pose"": 30, ""gesture"": 30}, ""latency_ms"": {""pose"": 0, ""gesture"": 0}, ""svclat_ms"": {""pose"": 24.52, ""gesture"": 15.37}}, ""a6"": {""services"": [""pose"", ""gesture""], ""fps"": {""pose"": 30, ""gesture"": 30}, ""eff_fps"": {""pose"": 30, ""gesture"": 30}, ""latency_ms"": {""pose"": 0, ""gesture"": 0}, ""svclat_ms"": {""pose"": 25.36, ""gesture"": 16.99}}, ""a7"": {""services"": [""pose"", ""gesture""], ""fps"": {""pose"": 30, ""gesture"": 30}, ""eff_fps"": {""pose"": 30, ""gesture"": 30}, ""latency_ms"": {""pose"": 0, ""gesture"": 0}, ""svclat_ms"": {""pose"": 21.14, ""gesture"": 16.58}}, ""a8"": {""services"": [""pose"", ""gesture""], ""fps"": {""pose"": 31, ""gesture"": 30}, ""eff_fps"": {""pose"": 31, ""gesture"": 30}, ""latency_ms"": {""pose"": 0, ""gesture"": 0}, ""svclat_ms"": {""pose"": 19.99, ""gesture"": 16.53}}, ""a9"": {""services"": [""pose"", ""gesture""], ""fps"": {""pose"": 30, ""gesture"": 30}, ""eff_fps"": {""pose"": 30, ""gesture"": 30}, ""latency_ms"": {""pose"": 0, ""gesture"": 0}, ""svclat_ms"": {""pose"": 19.66, ""gesture"": 14.38}}, ""a10"": {""services"": [""pose"", ""gesture""], ""fps"": {""pose"": 30, ""gesture"": 30}, ""eff_fps"": {""pose"": 30, ""gesture"": 30}, ""latency_ms"": {""pose"": 0, ""gesture"": 0}, ""svclat_ms"": {""pose"": 20.46, ""gesture"": 14.86}}, ""a11"": {""services"": [""pose"", ""gesture""], ""fps"": {""pose"": 30, ""gesture"": 30}, ""eff_fps"": {""pose"": 30, ""gesture"": 30}, ""latency_ms"": {""pose"": 0, ""gesture"": 0}, ""svclat_ms"": {""pose"": 20.53, ""gesture"": 15.17}}, ""a12"": {""services"": [""pose"", ""gesture""], ""fps"": {""pose"": 30, ""gesture"": 30}, ""eff_fps"": {""pose"": 30, ""gesture"": 30}, ""latency_ms"": {""pose"": 0, ""gesture"": 0}, ""svclat_ms"": {""pose"": 22.68, ""gesture"": 17.5}}, ""a13"": {""services"": [""pose"", ""gesture""], ""fps"": {""pose"": 30, ""gesture"": 30}, ""eff_fps"": {""pose"": 30, ""gesture"": 30}, ""latency_ms"": {""pose"": 0, ""gesture"": 0}, ""svclat_ms"": {""pose"": 23.88, ""gesture"": 21.84}}, ""a14"": {""services"": [""pose"", ""gesture""], ""fps"": {""pose"": 30, ""gesture"": 30}, ""eff_fps"": {""pose"": 30, ""gesture"": 30}, ""latency_ms"": {""pose"": 0, ""gesture"": 0}, ""svclat_ms"": {""pose"": 20.19, ""gesture"": 14.62}}, ""a15"": {""services"": [""pose"", ""gesture""], ""fps"": {""pose"": 30, ""gesture"": 30}, ""eff_fps"": {""pose"": 30, ""gesture"": 30}, ""latency_ms"": {""pose"": 0, ""gesture"": 0}, ""svclat_ms"": {""pose"": 25.7, ""gesture"": 17.41}}}"
135.5,11,11,1.0,0,0,9,14,14,1.0,1190.0,660,0.555,0.0,1.27,0.0,30.09,29.91,0,30.09,29.91,0,0,0,0,22.54,16.76,0,660,"{""ip-172-31-0-204"": ""healthy"", ""ip-172-31-1-171"": ""healthy"", ""ip-172-31-10-12"": ""healthy"", ""ip-172-31-11-132"": ""healthy"", ""ip-172-31-13-134"": ""healthy"", ""ip-172-31-14-68"": ""healthy"", ""ip-172-31-40-239"": ""healthy""}",subscribe,9.8,1.0,0,0,"{""ip-172-31-0-204"": {""pose"": 1, ""gesture"": 1}, ""ip-172-31-1-171"": {""gesture"": 1, ""pose"": 1}, ""ip-172-31-10-12"": {""gesture"": 1, ""pose"": 1}, ""ip-172-31-11-132"": {""gesture"": 1, ""pose"": 1}, ""ip-172-31-13-134"": {""gesture"": 1, ""pose"": 1}, ""ip-172-31-14-68"": {""gesture"": 1, ""pose"": 1}, ""ip-172-31-40-239"": {""gesture"": 1, ""pose"": 1}}","{""a5"": {""services"": [""pose"", ""gesture""], ""fps"": {""pose"": 30, ""gesture"": 30}, ""eff_fps"": {""pose"": 30, ""gesture"": 30}, ""latency_ms"": {""pose"": 0, ""gesture"": 0}, ""svclat_ms"": {""pose"": 25.16, ""gesture"": 16.75}}, ""a6"": {""services"": [""pose"", ""gesture""], ""fps"": {""pose"": 30, ""gesture"": 30}, ""eff_fps"": {""pose"": 30, ""gesture"": 30}, ""latency_ms"": {""pose"": 0, ""gesture"": 0}, ""svclat_ms"": {""pose"": 26.33, ""gesture"": 17.16}}, ""a7"": {""services"": [""pose"", ""gesture""], ""fps"": {""pose"": 30, ""gesture"": 30}, ""eff_fps"": {""pose"": 30, ""gesture"": 30}, ""latency_ms"": {""pose"": 0, ""gesture"": 0}, ""svclat_ms"": {""pose"": 22.32, ""gesture"": 16.91}}, ""a8"": {""services"": [""pose"", ""gesture""], ""fps"": {""pose"": 30, ""gesture"": 30}, ""eff_fps"": {""pose"": 30, ""gesture"": 30}, ""latency_ms"": {""pose"": 0, ""gesture"": 0}, ""svclat_ms"": {""pose"": 20.36, ""gesture"": 16.68}}, ""a9"": {""services"": [""pose"", ""gesture""], ""fps"": {""pose"": 31, ""gesture"": 30}, ""eff_fps"": {""pose"": 31, ""gesture"": 30}, ""latency_ms"": {""pose"": 0, ""gesture"": 0}, ""svclat_ms"": {""pose"": 19.36, ""gesture"": 14.54}}, ""a10"": {""services"": [""pose"", ""gesture""], ""fps"": {""pose"": 30, ""gesture"": 30}, ""eff_fps"": {""pose"": 30, ""gesture"": 30}, ""latency_ms"": {""pose"": 0, ""gesture"": 0}, ""svclat_ms"": {""pose"": 20.62, ""gesture"": 14.68}}, ""a11"": {""services"": [""pose"", ""gesture""], ""fps"": {""pose"": 30, ""gesture"": 30}, ""eff_fps"": {""pose"": 30, ""gesture"": 30}, ""latency_ms"": {""pose"": 0, ""gesture"": 0}, ""svclat_ms"": {""pose"": 20.46, ""gesture"": 15.11}}, ""a12"": {""services"": [""pose"", ""gesture""], ""fps"": {""pose"": 30, ""gesture"": 30}, ""eff_fps"": {""pose"": 30, ""gesture"": 30}, ""latency_ms"": {""pose"": 0, ""gesture"": 0}, ""svclat_ms"": {""pose"": 23.06, ""gesture"": 17.79}}, ""a13"": {""services"": [""pose"", ""gesture""], ""fps"": {""pose"": 30, ""gesture"": 30}, ""eff_fps"": {""pose"": 30, ""gesture"": 30}, ""latency_ms"": {""pose"": 0, ""gesture"": 0}, ""svclat_ms"": {""pose"": 24.03, ""gesture"": 21.65}}, ""a14"": {""services"": [""pose"", ""gesture""], ""fps"": {""pose"": 30, ""gesture"": 29}, ""eff_fps"": {""pose"": 30, ""gesture"": 29}, ""latency_ms"": {""pose"": 0, ""gesture"": 0}, ""svclat_ms"": {""pose"": 20.47, ""gesture"": 15.51}}, ""a15"": {""services"": [""pose"", ""gesture""], ""fps"": {""pose"": 30, ""gesture"": 30}, ""eff_fps"": {""pose"": 30, ""gesture"": 30}, ""latency_ms"": {""pose"": 0, ""gesture"": 0}, ""svclat_ms"": {""pose"": 25.76, ""gesture"": 17.6}}}"
138.0,11,11,1.0,0,0,9,14,14,1.0,1190.0,660,0.555,0.0,1.27,0.0,30.0,30.0,0,30.0,30.0,0,0,0,0,21.94,16.74,0,660,"{""ip-172-31-0-204"": ""healthy"", ""ip-172-31-1-171"": ""healthy"", ""ip-172-31-10-12"": ""healthy"", ""ip-172-31-11-132"": ""healthy"", ""ip-172-31-13-134"": ""healthy"", ""ip-172-31-14-68"": ""healthy"", ""ip-172-31-40-239"": ""healthy""}",subscribe,9.8,1.0,0,0,"{""ip-172-31-0-204"": {""pose"": 1, ""gesture"": 1}, ""ip-172-31-1-171"": {""gesture"": 1, ""pose"": 1}, ""ip-172-31-10-12"": {""gesture"": 1, ""pose"": 1}, ""ip-172-31-11-132"": {""gesture"": 1, ""pose"": 1}, ""ip-172-31-13-134"": {""gesture"": 1, ""pose"": 1}, ""ip-172-31-14-68"": {""gesture"": 1, ""pose"": 1}, ""ip-172-31-40-239"": {""gesture"": 1, ""pose"": 1}}","{""a5"": {""services"": [""pose"", ""gesture""], ""fps"": {""pose"": 30, ""gesture"": 30}, ""eff_fps"": {""pose"": 30, ""gesture"": 30}, ""latency_ms"": {""pose"": 0, ""gesture"": 0}, ""svclat_ms"": {""pose"": 23.28, ""gesture"": 15.68}}, ""a6"": {""services"": [""pose"", ""gesture""], ""fps"": {""pose"": 30, ""gesture"": 30}, ""eff_fps"": {""pose"": 30, ""gesture"": 30}, ""latency_ms"": {""pose"": 0, ""gesture"": 0}, ""svclat_ms"": {""pose"": 25.36, ""gesture"": 17.31}}, ""a7"": {""services"": [""pose"", ""gesture""], ""fps"": {""pose"": 30, ""gesture"": 30}, ""eff_fps"": {""pose"": 30, ""gesture"": 30}, ""latency_ms"": {""pose"": 0, ""gesture"": 0}, ""svclat_ms"": {""pose"": 21.49, ""gesture"": 16.75}}, ""a8"": {""services"": [""pose"", ""gesture""], ""fps"": {""pose"": 30, ""gesture"": 30}, ""eff_fps"": {""pose"": 30, ""gesture"": 30}, ""latency_ms"": {""pose"": 0, ""gesture"": 0}, ""svclat_ms"": {""pose"": 19.9, ""gesture"": 17.07}}, ""a9"": {""services"": [""pose"", ""gesture""], ""fps"": {""pose"": 30, ""gesture"": 30}, ""eff_fps"": {""pose"": 30, ""gesture"": 30}, ""latency_ms"": {""pose"": 0, ""gesture"": 0}, ""svclat_ms"": {""pose"": 19.76, ""gesture"": 14.38}}, ""a10"": {""services"": [""pose"", ""gesture""], ""fps"": {""pose"": 30, ""gesture"": 30}, ""eff_fps"": {""pose"": 30, ""gesture"": 30}, ""latency_ms"": {""pose"": 0, ""gesture"": 0}, ""svclat_ms"": {""pose"": 20.51, ""gesture"": 15.06}}, ""a11"": {""services"": [""pose"", ""gesture""], ""fps"": {""pose"": 30, ""gesture"": 30}, ""eff_fps"": {""pose"": 30, ""gesture"": 30}, ""latency_ms"": {""pose"": 0, ""gesture"": 0}, ""svclat_ms"": {""pose"": 20.46, ""gesture"": 15.12}}, ""a12"": {""services"": [""pose"", ""gesture""], ""fps"": {""pose"": 30, ""gesture"": 30}, ""eff_fps"": {""pose"": 30, ""gesture"": 30}, ""latency_ms"": {""pose"": 0, ""gesture"": 0}, ""svclat_ms"": {""pose"": 22.68, ""gesture"": 18.33}}, ""a13"": {""services"": [""pose"", ""gesture""], ""fps"": {""pose"": 30, ""gesture"": 30}, ""eff_fps"": {""pose"": 30, ""gesture"": 30}, ""latency_ms"": {""pose"": 0, ""gesture"": 0}, ""svclat_ms"": {""pose"": 22.1, ""gesture"": 21.59}}, ""a14"": {""services"": [""pose"", ""gesture""], ""fps"": {""pose"": 30, ""gesture"": 30}, ""eff_fps"": {""pose"": 30, ""gesture"": 30}, ""latency_ms"": {""pose"": 0, ""gesture"": 0}, ""svclat_ms"": {""pose"": 20.79, ""gesture"": 15.44}}, ""a15"": {""services"": [""pose"", ""gesture""], ""fps"": {""pose"": 30, ""gesture"": 30}, ""eff_fps"": {""pose"": 30, ""gesture"": 30}, ""latency_ms"": {""pose"": 0, ""gesture"": 0}, ""svclat_ms"": {""pose"": 25.03, ""gesture"": 17.44}}}"
140.4,11,11,1.0,0,0,9,14,14,1.0,1190.0,660,0.555,0.0,1.27,0.0,30.0,30.0,0,30.0,30.0,0,0,0,0,22.23,16.66,0,660,"{""ip-172-31-0-204"": ""healthy"", ""ip-172-31-1-171"": ""healthy"", ""ip-172-31-10-12"": ""healthy"", ""ip-172-31-11-132"": ""healthy"", ""ip-172-31-13-134"": ""healthy"", ""ip-172-31-14-68"": ""healthy"", ""ip-172-31-40-239"": ""healthy""}",subscribe,9.8,1.0,0,0,"{""ip-172-31-0-204"": {""pose"": 1, ""gesture"": 1}, ""ip-172-31-1-171"": {""gesture"": 1, ""pose"": 1}, ""ip-172-31-10-12"": {""gesture"": 1, ""pose"": 1}, ""ip-172-31-11-132"": {""gesture"": 1, ""pose"": 1}, ""ip-172-31-13-134"": {""gesture"": 1, ""pose"": 1}, ""ip-172-31-14-68"": {""gesture"": 1, ""pose"": 1}, ""ip-172-31-40-239"": {""gesture"": 1, ""pose"": 1}}","{""a5"": {""services"": [""pose"", ""gesture""], ""fps"": {""pose"": 30, ""gesture"": 30}, ""eff_fps"": {""pose"": 30, ""gesture"": 30}, ""latency_ms"": {""pose"": 0, ""gesture"": 0}, ""svclat_ms"": {""pose"": 23.56, ""gesture"": 15.81}}, ""a6"": {""services"": [""pose"", ""gesture""], ""fps"": {""pose"": 30, ""gesture"": 30}, ""eff_fps"": {""pose"": 30, ""gesture"": 30}, ""latency_ms"": {""pose"": 0, ""gesture"": 0}, ""svclat_ms"": {""pose"": 25.91, ""gesture"": 17.62}}, ""a7"": {""services"": [""pose"", ""gesture""], ""fps"": {""pose"": 30, ""gesture"": 30}, ""eff_fps"": {""pose"": 30, ""gesture"": 30}, ""latency_ms"": {""pose"": 0, ""gesture"": 0}, ""svclat_ms"": {""pose"": 21.99, ""gesture"": 16.76}}, ""a8"": {""services"": [""pose"", ""gesture""], ""fps"": {""pose"": 30, ""gesture"": 30}, ""eff_fps"": {""pose"": 30, ""gesture"": 30}, ""latency_ms"": {""pose"": 0, ""gesture"": 0}, ""svclat_ms"": {""pose"": 19.98, ""gesture"": 16.57}}, ""a9"": {""services"": [""pose"", ""gesture""], ""fps"": {""pose"": 30, ""gesture"": 30}, ""eff_fps"": {""pose"": 30, ""gesture"": 30}, ""latency_ms"": {""pose"": 0, ""gesture"": 0}, ""svclat_ms"": {""pose"": 20.01, ""gesture"": 14.41}}, ""a10"": {""services"": [""pose"", ""gesture""], ""fps"": {""pose"": 30, ""gesture"": 30}, ""eff_fps"": {""pose"": 30, ""gesture"": 30}, ""latency_ms"": {""pose"": 0, ""gesture"": 0}, ""svclat_ms"": {""pose"": 20.29, ""gesture"": 14.74}}, ""a11"": {""services"": [""pose"", ""gesture""], ""fps"": {""pose"": 30, ""gesture"": 30}, ""eff_fps"": {""pose"": 30, ""gesture"": 30}, ""latency_ms"": {""pose"": 0, ""gesture"": 0}, ""svclat_ms"": {""pose"": 20.4, ""gesture"": 14.98}}, ""a12"": {""services"": [""pose"", ""gesture""], ""fps"": {""pose"": 30, ""gesture"": 30}, ""eff_fps"": {""pose"": 30, ""gesture"": 30}, ""latency_ms"": {""pose"": 0, ""gesture"": 0}, ""svclat_ms"": {""pose"": 23.01, ""gesture"": 17.71}}, ""a13"": {""services"": [""pose"", ""gesture""], ""fps"": {""pose"": 30, ""gesture"": 30}, ""eff_fps"": {""pose"": 30, ""gesture"": 30}, ""latency_ms"": {""pose"": 0, ""gesture"": 0}, ""svclat_ms"": {""pose"": 22.46, ""gesture"": 21.84}}, ""a14"": {""services"": [""pose"", ""gesture""], ""fps"": {""pose"": 30, ""gesture"": 30}, ""eff_fps"": {""pose"": 30, ""gesture"": 30}, ""latency_ms"": {""pose"": 0, ""gesture"": 0}, ""svclat_ms"": {""pose"": 21.08, ""gesture"": 15.13}}, ""a15"": {""services"": [""pose"", ""gesture""], ""fps"": {""pose"": 30, ""gesture"": 30}, ""eff_fps"": {""pose"": 30, ""gesture"": 30}, ""latency_ms"": {""pose"": 0, ""gesture"": 0}, ""svclat_ms"": {""pose"": 25.89, ""gesture"": 17.7}}}"
142.8,11,11,1.0,0,0,9,14,14,1.0,1190.0,660,0.555,0.0,1.27,0.0,30.09,29.91,0,30.09,29.91,0,0,0,0,22.28,16.81,0,660,"{""ip-172-31-0-204"": ""healthy"", ""ip-172-31-1-171"": ""healthy"", ""ip-172-31-10-12"": ""healthy"", ""ip-172-31-11-132"": ""healthy"", ""ip-172-31-13-134"": ""healthy"", ""ip-172-31-14-68"": ""healthy"", ""ip-172-31-40-239"": ""healthy""}",subscribe,9.8,1.0,0,0,"{""ip-172-31-0-204"": {""pose"": 1, ""gesture"": 1}, ""ip-172-31-1-171"": {""gesture"": 1, ""pose"": 1}, ""ip-172-31-10-12"": {""gesture"": 1, ""pose"": 1}, ""ip-172-31-11-132"": {""gesture"": 1, ""pose"": 1}, ""ip-172-31-13-134"": {""gesture"": 1, ""pose"": 1}, ""ip-172-31-14-68"": {""gesture"": 1, ""pose"": 1}, ""ip-172-31-40-239"": {""gesture"": 1, ""pose"": 1}}","{""a5"": {""services"": [""pose"", ""gesture""], ""fps"": {""pose"": 30, ""gesture"": 30}, ""eff_fps"": {""pose"": 30, ""gesture"": 30}, ""latency_ms"": {""pose"": 0, ""gesture"": 0}, ""svclat_ms"": {""pose"": 24.2, ""gesture"": 16.64}}, ""a6"": {""services"": [""pose"", ""gesture""], ""fps"": {""pose"": 30, ""gesture"": 30}, ""eff_fps"": {""pose"": 30, ""gesture"": 30}, ""latency_ms"": {""pose"": 0, ""gesture"": 0}, ""svclat_ms"": {""pose"": 25.96, ""gesture"": 17.42}}, ""a7"": {""services"": [""pose"", ""gesture""], ""fps"": {""pose"": 30, ""gesture"": 30}, ""eff_fps"": {""pose"": 30, ""gesture"": 30}, ""latency_ms"": {""pose"": 0, ""gesture"": 0}, ""svclat_ms"": {""pose"": 21.86, ""gesture"": 16.52}}, ""a8"": {""services"": [""pose"", ""gesture""], ""fps"": {""pose"": 30, ""gesture"": 30}, ""eff_fps"": {""pose"": 30, ""gesture"": 30}, ""latency_ms"": {""pose"": 0, ""gesture"": 0}, ""svclat_ms"": {""pose"": 19.89, ""gesture"": 16.37}}, ""a9"": {""services"": [""pose"", ""gesture""], ""fps"": {""pose"": 31, ""gesture"": 30}, ""eff_fps"": {""pose"": 31, ""gesture"": 30}, ""latency_ms"": {""pose"": 0, ""gesture"": 0}, ""svclat_ms"": {""pose"": 19.66, ""gesture"": 14.35}}, ""a10"": {""services"": [""pose"", ""gesture""], ""fps"": {""pose"": 30, ""gesture"": 30}, ""eff_fps"": {""pose"": 30, ""gesture"": 30}, ""latency_ms"": {""pose"": 0, ""gesture"": 0}, ""svclat_ms"": {""pose"": 20.37, ""gesture"": 15.02}}, ""a11"": {""services"": [""pose"", ""gesture""], ""fps"": {""pose"": 30, ""gesture"": 30}, ""eff_fps"": {""pose"": 30, ""gesture"": 30}, ""latency_ms"": {""pose"": 0, ""gesture"": 0}, ""svclat_ms"": {""pose"": 20.44, ""gesture"": 15.17}}, ""a12"": {""services"": [""pose"", ""gesture""], ""fps"": {""pose"": 30, ""gesture"": 30}, ""eff_fps"": {""pose"": 30, ""gesture"": 30}, ""latency_ms"": {""pose"": 0, ""gesture"": 0}, ""svclat_ms"": {""pose"": 22.85, ""gesture"": 17.94}}, ""a13"": {""services"": [""pose"", ""gesture""], ""fps"": {""pose"": 30, ""gesture"": 30}, ""eff_fps"": {""pose"": 30, ""gesture"": 30}, ""latency_ms"": {""pose"": 0, ""gesture"": 0}, ""svclat_ms"": {""pose"": 23.8, ""gesture"": 22.08}}, ""a14"": {""services"": [""pose"", ""gesture""], ""fps"": {""pose"": 30, ""gesture"": 29}, ""eff_fps"": {""pose"": 30, ""gesture"": 29}, ""latency_ms"": {""pose"": 0, ""gesture"": 0}, ""svclat_ms"": {""pose"": 20.49, ""gesture"": 15.58}}, ""a15"": {""services"": [""pose"", ""gesture""], ""fps"": {""pose"": 30, ""gesture"": 30}, ""eff_fps"": {""pose"": 30, ""gesture"": 30}, ""latency_ms"": {""pose"": 0, ""gesture"": 0}, ""svclat_ms"": {""pose"": 25.61, ""gesture"": 17.82}}}"
145.3,11,11,1.0,0,0,9,14,14,1.0,1190.0,660,0.555,0.0,1.27,0.0,30.09,30.0,0,30.09,30.0,0,0,0,0,22.28,16.85,0,661,"{""ip-172-31-0-204"": ""healthy"", ""ip-172-31-1-171"": ""healthy"", ""ip-172-31-10-12"": ""healthy"", ""ip-172-31-11-132"": ""healthy"", ""ip-172-31-13-134"": ""healthy"", ""ip-172-31-14-68"": ""healthy"", ""ip-172-31-40-239"": ""healthy""}",subscribe,9.8,1.0,0,0,"{""ip-172-31-0-204"": {""pose"": 1, ""gesture"": 1}, ""ip-172-31-1-171"": {""gesture"": 1, ""pose"": 1}, ""ip-172-31-10-12"": {""gesture"": 1, ""pose"": 1}, ""ip-172-31-11-132"": {""gesture"": 1, ""pose"": 1}, ""ip-172-31-13-134"": {""gesture"": 1, ""pose"": 1}, ""ip-172-31-14-68"": {""gesture"": 1, ""pose"": 1}, ""ip-172-31-40-239"": {""gesture"": 1, ""pose"": 1}}","{""a5"": {""services"": [""pose"", ""gesture""], ""fps"": {""pose"": 30, ""gesture"": 30}, ""eff_fps"": {""pose"": 30, ""gesture"": 30}, ""latency_ms"": {""pose"": 0, ""gesture"": 0}, ""svclat_ms"": {""pose"": 23.6, ""gesture"": 15.78}}, ""a6"": {""services"": [""pose"", ""gesture""], ""fps"": {""pose"": 30, ""gesture"": 30}, ""eff_fps"": {""pose"": 30, ""gesture"": 30}, ""latency_ms"": {""pose"": 0, ""gesture"": 0}, ""svclat_ms"": {""pose"": 26.23, ""gesture"": 17.95}}, ""a7"": {""services"": [""pose"", ""gesture""], ""fps"": {""pose"": 30, ""gesture"": 30}, ""eff_fps"": {""pose"": 30, ""gesture"": 30}, ""latency_ms"": {""pose"": 0, ""gesture"": 0}, ""svclat_ms"": {""pose"": 22.1, ""gesture"": 16.33}}, ""a8"": {""services"": [""pose"", ""gesture""], ""fps"": {""pose"": 30, ""gesture"": 30}, ""eff_fps"": {""pose"": 30, ""gesture"": 30}, ""latency_ms"": {""pose"": 0, ""gesture"": 0}, ""svclat_ms"": {""pose"": 19.79, ""gesture"": 16.38}}, ""a9"": {""services"": [""pose"", ""gesture""], ""fps"": {""pose"": 31, ""gesture"": 30}, ""eff_fps"": {""pose"": 31, ""gesture"": 30}, ""latency_ms"": {""pose"": 0, ""gesture"": 0}, ""svclat_ms"": {""pose"": 19.75, ""gesture"": 14.25}}, ""a10"": {""services"": [""pose"", ""gesture""], ""fps"": {""pose"": 30, ""gesture"": 30}, ""eff_fps"": {""pose"": 30, ""gesture"": 30}, ""latency_ms"": {""pose"": 0, ""gesture"": 0}, ""svclat_ms"": {""pose"": 20.62, ""gesture"": 15.35}}, ""a11"": {""services"": [""pose"", ""gesture""], ""fps"": {""pose"": 30, ""gesture"": 30}, ""eff_fps"": {""pose"": 30, ""gesture"": 30}, ""latency_ms"": {""pose"": 0, ""gesture"": 0}, ""svclat_ms"": {""pose"": 20.67, ""gesture"": 14.98}}, ""a12"": {""services"": [""pose"", ""gesture""], ""fps"": {""pose"": 30, ""gesture"": 30}, ""eff_fps"": {""pose"": 30, ""gesture"": 30}, ""latency_ms"": {""pose"": 0, ""gesture"": 0}, ""svclat_ms"": {""pose"": 22.99, ""gesture"": 19.21}}, ""a13"": {""services"": [""pose"", ""gesture""], ""fps"": {""pose"": 30, ""gesture"": 30}, ""eff_fps"": {""pose"": 30, ""gesture"": 30}, ""latency_ms"": {""pose"": 0, ""gesture"": 0}, ""svclat_ms"": {""pose"": 23.53, ""gesture"": 22.58}}, ""a14"": {""services"": [""pose"", ""gesture""], ""fps"": {""pose"": 30, ""gesture"": 30}, ""eff_fps"": {""pose"": 30, ""gesture"": 30}, ""latency_ms"": {""pose"": 0, ""gesture"": 0}, ""svclat_ms"": {""pose"": 20.45, ""gesture"": 15.16}}, ""a15"": {""services"": [""pose"", ""gesture""], ""fps"": {""pose"": 30, ""gesture"": 30}, ""eff_fps"": {""pose"": 30, ""gesture"": 30}, ""latency_ms"": {""pose"": 0, ""gesture"": 0}, ""svclat_ms"": {""pose"": 25.36, ""gesture"": 17.43}}}"
147.8,11,11,1.0,0,0,9,14,14,1.0,1190.0,660,0.555,0.0,1.27,0.0,30.0,30.0,0,30.0,30.0,0,0,0,0,22.4,16.74,0,660,"{""ip-172-31-0-204"": ""healthy"", ""ip-172-31-1-171"": ""healthy"", ""ip-172-31-10-12"": ""healthy"", ""ip-172-31-11-132"": ""healthy"", ""ip-172-31-13-134"": ""healthy"", ""ip-172-31-14-68"": ""healthy"", ""ip-172-31-40-239"": ""healthy""}",subscribe,9.8,1.0,0,0,"{""ip-172-31-0-204"": {""pose"": 1, ""gesture"": 1}, ""ip-172-31-1-171"": {""gesture"": 1, ""pose"": 1}, ""ip-172-31-10-12"": {""gesture"": 1, ""pose"": 1}, ""ip-172-31-11-132"": {""gesture"": 1, ""pose"": 1}, ""ip-172-31-13-134"": {""gesture"": 1, ""pose"": 1}, ""ip-172-31-14-68"": {""gesture"": 1, ""pose"": 1}, ""ip-172-31-40-239"": {""gesture"": 1, ""pose"": 1}}","{""a5"": {""services"": [""pose"", ""gesture""], ""fps"": {""pose"": 30, ""gesture"": 30}, ""eff_fps"": {""pose"": 30, ""gesture"": 30}, ""latency_ms"": {""pose"": 0, ""gesture"": 0}, ""svclat_ms"": {""pose"": 24.37, ""gesture"": 16.51}}, ""a6"": {""services"": [""pose"", ""gesture""], ""fps"": {""pose"": 30, ""gesture"": 30}, ""eff_fps"": {""pose"": 30, ""gesture"": 30}, ""latency_ms"": {""pose"": 0, ""gesture"": 0}, ""svclat_ms"": {""pose"": 25.63, ""gesture"": 17.28}}, ""a7"": {""services"": [""pose"", ""gesture""], ""fps"": {""pose"": 30, ""gesture"": 30}, ""eff_fps"": {""pose"": 30, ""gesture"": 30}, ""latency_ms"": {""pose"": 0, ""gesture"": 0}, ""svclat_ms"": {""pose"": 22.82, ""gesture"": 16.99}}, ""a8"": {""services"": [""pose"", ""gesture""], ""fps"": {""pose"": 30, ""gesture"": 30}, ""eff_fps"": {""pose"": 30, ""gesture"": 30}, ""latency_ms"": {""pose"": 0, ""gesture"": 0}, ""svclat_ms"": {""pose"": 20.0, ""gesture"": 16.54}}, ""a9"": {""services"": [""pose"", ""gesture""], ""fps"": {""pose"": 30, ""gesture"": 30}, ""eff_fps"": {""pose"": 30, ""gesture"": 30}, ""latency_ms"": {""pose"": 0, ""gesture"": 0}, ""svclat_ms"": {""pose"": 19.64, ""gesture"": 14.23}}, ""a10"": {""services"": [""pose"", ""gesture""], ""fps"": {""pose"": 30, ""gesture"": 30}, ""eff_fps"": {""pose"": 30, ""gesture"": 30}, ""latency_ms"": {""pose"": 0, ""gesture"": 0}, ""svclat_ms"": {""pose"": 20.51, ""gesture"": 15.05}}, ""a11"": {""services"": [""pose"", ""gesture""], ""fps"": {""pose"": 30, ""gesture"": 30}, ""eff_fps"": {""pose"": 30, ""gesture"": 30}, ""latency_ms"": {""pose"": 0, ""gesture"": 0}, ""svclat_ms"": {""pose"": 20.68, ""gesture"": 14.92}}, ""a12"": {""services"": [""pose"", ""gesture""], ""fps"": {""pose"": 30, ""gesture"": 30}, ""eff_fps"": {""pose"": 30, ""gesture"": 30}, ""latency_ms"": {""pose"": 0, ""gesture"": 0}, ""svclat_ms"": {""pose"": 23.43, ""gesture"": 17.79}}, ""a13"": {""services"": [""pose"", ""gesture""], ""fps"": {""pose"": 30, ""gesture"": 30}, ""eff_fps"": {""pose"": 30, ""gesture"": 30}, ""latency_ms"": {""pose"": 0, ""gesture"": 0}, ""svclat_ms"": {""pose"": 23.25, ""gesture"": 21.76}}, ""a14"": {""services"": [""pose"", ""gesture""], ""fps"": {""pose"": 30, ""gesture"": 30}, ""eff_fps"": {""pose"": 30, ""gesture"": 30}, ""latency_ms"": {""pose"": 0, ""gesture"": 0}, ""svclat_ms"": {""pose"": 20.68, ""gesture"": 15.3}}, ""a15"": {""services"": [""pose"", ""gesture""], ""fps"": {""pose"": 30, ""gesture"": 30}, ""eff_fps"": {""pose"": 30, ""gesture"": 30}, ""latency_ms"": {""pose"": 0, ""gesture"": 0}, ""svclat_ms"": {""pose"": 25.43, ""gesture"": 17.74}}}"
151.9,11,11,1.0,0,0,9,14,14,1.0,1190.0,660,0.555,0.0,1.27,0.0,29.86,30.0,0,29.86,30.0,0,0,0,0,20.4,15.09,0,419,"{""ip-172-31-0-204"": ""healthy"", ""ip-172-31-1-171"": ""healthy"", ""ip-172-31-10-12"": ""healthy"", ""ip-172-31-11-132"": ""healthy"", ""ip-172-31-13-134"": ""healthy"", ""ip-172-31-14-68"": ""healthy"", ""ip-172-31-40-239"": ""healthy""}",subscribe,9.8,1.0,0,0,"{""ip-172-31-0-204"": {""pose"": 1, ""gesture"": 1}, ""ip-172-31-1-171"": {""gesture"": 1, ""pose"": 1}, ""ip-172-31-10-12"": {""gesture"": 1, ""pose"": 1}, ""ip-172-31-11-132"": {""gesture"": 1, ""pose"": 1}, ""ip-172-31-13-134"": {""gesture"": 1, ""pose"": 1}, ""ip-172-31-14-68"": {""gesture"": 1, ""pose"": 1}, ""ip-172-31-40-239"": {""gesture"": 1, ""pose"": 1}}","{""a9"": {""services"": [""pose"", ""gesture""], ""fps"": {""pose"": 29, ""gesture"": 30}, ""eff_fps"": {""pose"": 29, ""gesture"": 30}, ""latency_ms"": {""pose"": 0, ""gesture"": 0}, ""svclat_ms"": {""pose"": 20.54, ""gesture"": 15.36}}, ""a10"": {""services"": [""pose"", ""gesture""], ""fps"": {""pose"": 30, ""gesture"": 30}, ""eff_fps"": {""pose"": 30, ""gesture"": 30}, ""latency_ms"": {""pose"": 0, ""gesture"": 0}, ""svclat_ms"": {""pose"": 18.64, ""gesture"": 14.95}}, ""a11"": {""services"": [""pose"", ""gesture""], ""fps"": {""pose"": 30, ""gesture"": 30}, ""eff_fps"": {""pose"": 30, ""gesture"": 30}, ""latency_ms"": {""pose"": 0, ""gesture"": 0}, ""svclat_ms"": {""pose"": 20.71, ""gesture"": 15.62}}, ""a12"": {""services"": [""pose"", ""gesture""], ""fps"": {""pose"": 30, ""gesture"": 30}, ""eff_fps"": {""pose"": 30, ""gesture"": 30}, ""latency_ms"": {""pose"": 0, ""gesture"": 0}, ""svclat_ms"": {""pose"": 19.7, ""gesture"": 14.1}}, ""a13"": {""services"": [""pose"", ""gesture""], ""fps"": {""pose"": 30, ""gesture"": 30}, ""eff_fps"": {""pose"": 30, ""gesture"": 30}, ""latency_ms"": {""pose"": 0, ""gesture"": 0}, ""svclat_ms"": {""pose"": 20.55, ""gesture"": 15.34}}, ""a14"": {""services"": [""pose"", ""gesture""], ""fps"": {""pose"": 30, ""gesture"": 30}, ""eff_fps"": {""pose"": 30, ""gesture"": 30}, ""latency_ms"": {""pose"": 0, ""gesture"": 0}, ""svclat_ms"": {""pose"": 19.9, ""gesture"": 14.64}}, ""a15"": {""services"": [""pose"", ""gesture""], ""fps"": {""pose"": 30, ""gesture"": 30}, ""eff_fps"": {""pose"": 30, ""gesture"": 30}, ""latency_ms"": {""pose"": 0, ""gesture"": 0}, ""svclat_ms"": {""pose"": 22.77, ""gesture"": 15.64}}, ""b1"": {""services"": [""pose"", ""object""], ""fps"": {""pose"": 0, ""object"": 0}, ""eff_fps"": {""pose"": 0, ""object"": 0}, ""latency_ms"": {""pose"": 0, ""object"": 0}, ""svclat_ms"": {""pose"": 0.0, ""object"": 0.0}}}"
156.6,7,7,1.0,0,0,9,14,14,1.0,1190.0,420,0.353,0.0,2.0,0.0,30.0,30.0,0,30.0,30.0,0,0,0,0,20.64,15.22,0,420,"{""ip-172-31-0-204"": ""healthy"", ""ip-172-31-1-171"": ""healthy"", ""ip-172-31-10-12"": ""healthy"", ""ip-172-31-11-132"": ""healthy"", ""ip-172-31-13-134"": ""healthy"", ""ip-172-31-14-68"": ""healthy"", ""ip-172-31-40-239"": ""healthy""}",unsubscribe,14.3,1.0,0,0,"{""ip-172-31-0-204"": {""pose"": 1, ""gesture"": 1}, ""ip-172-31-1-171"": {""gesture"": 1, ""pose"": 1}, ""ip-172-31-10-12"": {""gesture"": 1, ""pose"": 1}, ""ip-172-31-11-132"": {""gesture"": 1, ""pose"": 1}, ""ip-172-31-13-134"": {""gesture"": 1, ""pose"": 1}, ""ip-172-31-14-68"": {""gesture"": 1, ""pose"": 1}, ""ip-172-31-40-239"": {""gesture"": 1, ""pose"": 1}}","{""a9"": {""services"": [""pose"", ""gesture""], ""fps"": {""pose"": 30, ""gesture"": 30}, ""eff_fps"": {""pose"": 30, ""gesture"": 30}, ""latency_ms"": {""pose"": 0, ""gesture"": 0}, ""svclat_ms"": {""pose"": 20.63, ""gesture"": 15.05}}, ""a10"": {""services"": [""pose"", ""gesture""], ""fps"": {""pose"": 30, ""gesture"": 30}, ""eff_fps"": {""pose"": 30, ""gesture"": 30}, ""latency_ms"": {""pose"": 0, ""gesture"": 0}, ""svclat_ms"": {""pose"": 20.65, ""gesture"": 15.08}}, ""a11"": {""services"": [""pose"", ""gesture""], ""fps"": {""pose"": 30, ""gesture"": 30}, ""eff_fps"": {""pose"": 30, ""gesture"": 30}, ""latency_ms"": {""pose"": 0, ""gesture"": 0}, ""svclat_ms"": {""pose"": 20.54, ""gesture"": 15.31}}, ""a12"": {""services"": [""pose"", ""gesture""], ""fps"": {""pose"": 30, ""gesture"": 30}, ""eff_fps"": {""pose"": 30, ""gesture"": 30}, ""latency_ms"": {""pose"": 0, ""gesture"": 0}, ""svclat_ms"": {""pose"": 19.0, ""gesture"": 15.11}}, ""a13"": {""services"": [""pose"", ""gesture""], ""fps"": {""pose"": 30, ""gesture"": 30}, ""eff_fps"": {""pose"": 30, ""gesture"": 30}, ""latency_ms"": {""pose"": 0, ""gesture"": 0}, ""svclat_ms"": {""pose"": 20.46, ""gesture"": 15.41}}, ""a14"": {""services"": [""pose"", ""gesture""], ""fps"": {""pose"": 30, ""gesture"": 30}, ""eff_fps"": {""pose"": 30, ""gesture"": 30}, ""latency_ms"": {""pose"": 0, ""gesture"": 0}, ""svclat_ms"": {""pose"": 20.44, ""gesture"": 14.89}}, ""a15"": {""services"": [""pose"", ""gesture""], ""fps"": {""pose"": 30, ""gesture"": 30}, ""eff_fps"": {""pose"": 30, ""gesture"": 30}, ""latency_ms"": {""pose"": 0, ""gesture"": 0}, ""svclat_ms"": {""pose"": 22.75, ""gesture"": 15.69}}, ""b1"": {""services"": [""pose"", ""object""], ""fps"": {""pose"": 0, ""object"": 0}, ""eff_fps"": {""pose"": 0, ""object"": 0}, ""latency_ms"": {""pose"": 0, ""object"": 0}, ""svclat_ms"": {""pose"": 0.0, ""object"": 0.0}}, ""b2"": {""services"": [""pose"", ""object""], ""fps"": {""pose"": 0, ""object"": 0}, ""eff_fps"": {""pose"": 0, ""object"": 0}, ""latency_ms"": {""pose"": 0, ""object"": 0}, ""svclat_ms"": {""pose"": 0.0, ""object"": 0.0}}}"
160.1,8,7,0.875,0,0,9,14,14,1.0,1190.0,420,0.353,0.0,2.0,0.0,30.0,30.0,0,30.0,30.0,0,0,0,0,20.46,15.01,0,300,"{""ip-172-31-0-204"": ""healthy"", ""ip-172-31-1-171"": ""healthy"", ""ip-172-31-10-12"": ""healthy"", ""ip-172-31-11-132"": ""healthy"", ""ip-172-31-13-134"": ""healthy"", ""ip-172-31-14-68"": ""healthy"", ""ip-172-31-40-239"": ""healthy""}",unsubscribe,13.3,1.0,0,0,"{""ip-172-31-0-204"": {""pose"": 1, ""gesture"": 1}, ""ip-172-31-1-171"": {""gesture"": 1, ""pose"": 1}, ""ip-172-31-10-12"": {""gesture"": 1, ""pose"": 1}, ""ip-172-31-11-132"": {""gesture"": 1, ""pose"": 1}, ""ip-172-31-13-134"": {""gesture"": 1, ""pose"": 1}, ""ip-172-31-14-68"": {""gesture"": 1, ""pose"": 1}, ""ip-172-31-40-239"": {""gesture"": 1, ""pose"": 1}}","{""a9"": {""services"": [""pose"", ""gesture""], ""fps"": {""pose"": 30, ""gesture"": 30}, ""eff_fps"": {""pose"": 30, ""gesture"": 30}, ""latency_ms"": {""pose"": 0, ""gesture"": 0}, ""svclat_ms"": {""pose"": 20.39, ""gesture"": 15.79}}, ""a12"": {""services"": [""pose"", ""gesture""], ""fps"": {""pose"": 30, ""gesture"": 30}, ""eff_fps"": {""pose"": 30, ""gesture"": 30}, ""latency_ms"": {""pose"": 0, ""gesture"": 0}, ""svclat_ms"": {""pose"": 19.12, ""gesture"": 14.93}}, ""a13"": {""services"": [""pose"", ""gesture""], ""fps"": {""pose"": 30, ""gesture"": 30}, ""eff_fps"": {""pose"": 30, ""gesture"": 30}, ""latency_ms"": {""pose"": 0, ""gesture"": 0}, ""svclat_ms"": {""pose"": 20.65, ""gesture"": 15.05}}, ""a14"": {""services"": [""pose"", ""gesture""], ""fps"": {""pose"": 30, ""gesture"": 30}, ""eff_fps"": {""pose"": 30, ""gesture"": 30}, ""latency_ms"": {""pose"": 0, ""gesture"": 0}, ""svclat_ms"": {""pose"": 20.58, ""gesture"": 15.14}}, ""a15"": {""services"": [""pose"", ""gesture""], ""fps"": {""pose"": 30, ""gesture"": 30}, ""eff_fps"": {""pose"": 30, ""gesture"": 30}, ""latency_ms"": {""pose"": 0, ""gesture"": 0}, ""svclat_ms"": {""pose"": 21.56, ""gesture"": 14.13}}, ""b1"": {""services"": [""pose"", ""object""], ""fps"": {""pose"": 0, ""object"": 0}, ""eff_fps"": {""pose"": 0, ""object"": 0}, ""latency_ms"": {""pose"": 0, ""object"": 0}, ""svclat_ms"": {""pose"": 0.0, ""object"": 0.0}}, ""b2"": {""services"": [""pose"", ""object""], ""fps"": {""pose"": 0, ""object"": 0}, ""eff_fps"": {""pose"": 0, ""object"": 0}, ""latency_ms"": {""pose"": 0, ""object"": 0}, ""svclat_ms"": {""pose"": 0.0, ""object"": 0.0}}, ""b3"": {""services"": [""pose"", ""object""], ""fps"": {""pose"": 0, ""object"": 0}, ""eff_fps"": {""pose"": 0, ""object"": 0}, ""latency_ms"": {""pose"": 0, ""object"": 0}, ""svclat_ms"": {""pose"": 0.0, ""object"": 0.0}}}"
162.5,8,7,0.875,0,0,9,14,14,1.0,1190.0,420,0.353,0.0,2.0,0.0,30.0,30.0,0,30.0,30.0,0,0,0,0,20.65,15.33,0,300,"{""ip-172-31-0-204"": ""healthy"", ""ip-172-31-1-171"": ""healthy"", ""ip-172-31-10-12"": ""healthy"", ""ip-172-31-11-132"": ""healthy"", ""ip-172-31-13-134"": ""healthy"", ""ip-172-31-14-68"": ""healthy"", ""ip-172-31-40-239"": ""healthy""}",unsubscribe,13.3,1.0,0,0,"{""ip-172-31-0-204"": {""pose"": 1, ""gesture"": 1}, ""ip-172-31-1-171"": {""gesture"": 1, ""pose"": 1}, ""ip-172-31-10-12"": {""gesture"": 1, ""pose"": 1}, ""ip-172-31-11-132"": {""gesture"": 1, ""pose"": 1}, ""ip-172-31-13-134"": {""gesture"": 1, ""pose"": 1}, ""ip-172-31-14-68"": {""gesture"": 1, ""pose"": 1}, ""ip-172-31-40-239"": {""gesture"": 1, ""pose"": 1}}","{""a9"": {""services"": [""pose"", ""gesture""], ""fps"": {""pose"": 30, ""gesture"": 30}, ""eff_fps"": {""pose"": 30, ""gesture"": 30}, ""latency_ms"": {""pose"": 0, ""gesture"": 0}, ""svclat_ms"": {""pose"": 20.37, ""gesture"": 16.49}}, ""a12"": {""services"": [""pose"", ""gesture""], ""fps"": {""pose"": 30, ""gesture"": 30}, ""eff_fps"": {""pose"": 30, ""gesture"": 30}, ""latency_ms"": {""pose"": 0, ""gesture"": 0}, ""svclat_ms"": {""pose"": 19.61, ""gesture"": 14.97}}, ""a13"": {""services"": [""pose"", ""gesture""], ""fps"": {""pose"": 30, ""gesture"": 30}, ""eff_fps"": {""pose"": 30, ""gesture"": 30}, ""latency_ms"": {""pose"": 0, ""gesture"": 0}, ""svclat_ms"": {""pose"": 20.86, ""gesture"": 15.27}}, ""a14"": {""services"": [""pose"", ""gesture""], ""fps"": {""pose"": 30, ""gesture"": 30}, ""eff_fps"": {""pose"": 30, ""gesture"": 30}, ""latency_ms"": {""pose"": 0, ""gesture"": 0}, ""svclat_ms"": {""pose"": 20.5, ""gesture"": 15.04}}, ""a15"": {""services"": [""pose"", ""gesture""], ""fps"": {""pose"": 30, ""gesture"": 30}, ""eff_fps"": {""pose"": 30, ""gesture"": 30}, ""latency_ms"": {""pose"": 0, ""gesture"": 0}, ""svclat_ms"": {""pose"": 21.91, ""gesture"": 14.89}}, ""b1"": {""services"": [""pose"", ""object""], ""fps"": {""pose"": 0, ""object"": 0}, ""eff_fps"": {""pose"": 0, ""object"": 0}, ""latency_ms"": {""pose"": 0, ""object"": 0}, ""svclat_ms"": {""pose"": 0.0, ""object"": 0.0}}, ""b2"": {""services"": [""pose"", ""object""], ""fps"": {""pose"": 0, ""object"": 0}, ""eff_fps"": {""pose"": 0, ""object"": 0}, ""latency_ms"": {""pose"": 0, ""object"": 0}, ""svclat_ms"": {""pose"": 0.0, ""object"": 0.0}}, ""b3"": {""services"": [""pose"", ""object""], ""fps"": {""pose"": 0, ""object"": 0}, ""eff_fps"": {""pose"": 0, ""object"": 0}, ""latency_ms"": {""pose"": 0, ""object"": 0}, ""svclat_ms"": {""pose"": 0.0, ""object"": 0.0}}}"
165.0,8,7,0.875,0,0,9,14,14,1.0,1190.0,420,0.353,0.0,2.0,0.0,30.0,30.0,0,30.0,30.0,0,0,0,0,20.82,15.24,0,300,"{""ip-172-31-0-204"": ""healthy"", ""ip-172-31-1-171"": ""healthy"", ""ip-172-31-10-12"": ""healthy"", ""ip-172-31-11-132"": ""healthy"", ""ip-172-31-13-134"": ""healthy"", ""ip-172-31-14-68"": ""healthy"", ""ip-172-31-40-239"": ""healthy""}",unsubscribe,13.3,1.0,0,0,"{""ip-172-31-0-204"": {""pose"": 1, ""gesture"": 1}, ""ip-172-31-1-171"": {""gesture"": 1, ""pose"": 1}, ""ip-172-31-10-12"": {""gesture"": 1, ""pose"": 1}, ""ip-172-31-11-132"": {""gesture"": 1, ""pose"": 1}, ""ip-172-31-13-134"": {""gesture"": 1, ""pose"": 1}, ""ip-172-31-14-68"": {""gesture"": 1, ""pose"": 1}, ""ip-172-31-40-239"": {""gesture"": 1, ""pose"": 1}}","{""a9"": {""services"": [""pose"", ""gesture""], ""fps"": {""pose"": 30, ""gesture"": 30}, ""eff_fps"": {""pose"": 30, ""gesture"": 30}, ""latency_ms"": {""pose"": 0, ""gesture"": 0}, ""svclat_ms"": {""pose"": 20.85, ""gesture"": 16.57}}, ""a12"": {""services"": [""pose"", ""gesture""], ""fps"": {""pose"": 30, ""gesture"": 30}, ""eff_fps"": {""pose"": 30, ""gesture"": 30}, ""latency_ms"": {""pose"": 0, ""gesture"": 0}, ""svclat_ms"": {""pose"": 20.33, ""gesture"": 15.16}}, ""a13"": {""services"": [""pose"", ""gesture""], ""fps"": {""pose"": 30, ""gesture"": 30}, ""eff_fps"": {""pose"": 30, ""gesture"": 30}, ""latency_ms"": {""pose"": 0, ""gesture"": 0}, ""svclat_ms"": {""pose"": 20.55, ""gesture"": 15.12}}, ""a14"": {""services"": [""pose"", ""gesture""], ""fps"": {""pose"": 30, ""gesture"": 30}, ""eff_fps"": {""pose"": 30, ""gesture"": 30}, ""latency_ms"": {""pose"": 0, ""gesture"": 0}, ""svclat_ms"": {""pose"": 20.47, ""gesture"": 15.05}}, ""a15"": {""services"": [""pose"", ""gesture""], ""fps"": {""pose"": 30, ""gesture"": 30}, ""eff_fps"": {""pose"": 30, ""gesture"": 30}, ""latency_ms"": {""pose"": 0, ""gesture"": 0}, ""svclat_ms"": {""pose"": 21.91, ""gesture"": 14.28}}, ""b1"": {""services"": [""pose"", ""object""], ""fps"": {""pose"": 0, ""object"": 0}, ""eff_fps"": {""pose"": 0, ""object"": 0}, ""latency_ms"": {""pose"": 0, ""object"": 0}, ""svclat_ms"": {""pose"": 0.0, ""object"": 0.0}}, ""b2"": {""services"": [""pose"", ""object""], ""fps"": {""pose"": 0, ""object"": 0}, ""eff_fps"": {""pose"": 0, ""object"": 0}, ""latency_ms"": {""pose"": 0, ""object"": 0}, ""svclat_ms"": {""pose"": 0.0, ""object"": 0.0}}, ""b3"": {""services"": [""pose"", ""object""], ""fps"": {""pose"": 0, ""object"": 0}, ""eff_fps"": {""pose"": 0, ""object"": 0}, ""latency_ms"": {""pose"": 0, ""object"": 0}, ""svclat_ms"": {""pose"": 0.0, ""object"": 0.0}}}"
167.4,8,7,0.875,0,0,9,14,14,1.0,1190.0,420,0.353,0.0,2.0,0.0,30.0,30.0,0,30.0,30.0,0,0,0,0,20.94,15.14,0,300,"{""ip-172-31-0-204"": ""healthy"", ""ip-172-31-1-171"": ""healthy"", ""ip-172-31-10-12"": ""healthy"", ""ip-172-31-11-132"": ""healthy"", ""ip-172-31-13-134"": ""healthy"", ""ip-172-31-14-68"": ""healthy"", ""ip-172-31-40-239"": ""healthy""}",unsubscribe,13.3,1.0,0,0,"{""ip-172-31-0-204"": {""pose"": 1, ""gesture"": 1}, ""ip-172-31-1-171"": {""gesture"": 1, ""pose"": 1}, ""ip-172-31-10-12"": {""gesture"": 1, ""pose"": 1}, ""ip-172-31-11-132"": {""gesture"": 1, ""pose"": 1}, ""ip-172-31-13-134"": {""gesture"": 1, ""pose"": 1}, ""ip-172-31-14-68"": {""gesture"": 1, ""pose"": 1}, ""ip-172-31-40-239"": {""gesture"": 1, ""pose"": 1}}","{""a9"": {""services"": [""pose"", ""gesture""], ""fps"": {""pose"": 30, ""gesture"": 30}, ""eff_fps"": {""pose"": 30, ""gesture"": 30}, ""latency_ms"": {""pose"": 0, ""gesture"": 0}, ""svclat_ms"": {""pose"": 20.87, ""gesture"": 15.64}}, ""a12"": {""services"": [""pose"", ""gesture""], ""fps"": {""pose"": 30, ""gesture"": 30}, ""eff_fps"": {""pose"": 30, ""gesture"": 30}, ""latency_ms"": {""pose"": 0, ""gesture"": 0}, ""svclat_ms"": {""pose"": 20.26, ""gesture"": 14.97}}, ""a13"": {""services"": [""pose"", ""gesture""], ""fps"": {""pose"": 30, ""gesture"": 30}, ""eff_fps"": {""pose"": 30, ""gesture"": 30}, ""latency_ms"": {""pose"": 0, ""gesture"": 0}, ""svclat_ms"": {""pose"": 20.92, ""gesture"": 15.22}}, ""a14"": {""services"": [""pose"", ""gesture""], ""fps"": {""pose"": 30, ""gesture"": 30}, ""eff_fps"": {""pose"": 30, ""gesture"": 30}, ""latency_ms"": {""pose"": 0, ""gesture"": 0}, ""svclat_ms"": {""pose"": 20.43, ""gesture"": 14.99}}, ""a15"": {""services"": [""pose"", ""gesture""], ""fps"": {""pose"": 30, ""gesture"": 30}, ""eff_fps"": {""pose"": 30, ""gesture"": 30}, ""latency_ms"": {""pose"": 0, ""gesture"": 0}, ""svclat_ms"": {""pose"": 22.21, ""gesture"": 14.88}}, ""b1"": {""services"": [""pose"", ""object""], ""fps"": {""pose"": 0, ""object"": 0}, ""eff_fps"": {""pose"": 0, ""object"": 0}, ""latency_ms"": {""pose"": 0, ""object"": 0}, ""svclat_ms"": {""pose"": 0.0, ""object"": 0.0}}, ""b2"": {""services"": [""pose"", ""object""], ""fps"": {""pose"": 0, ""object"": 0}, ""eff_fps"": {""pose"": 0, ""object"": 0}, ""latency_ms"": {""pose"": 0, ""object"": 0}, ""svclat_ms"": {""pose"": 0.0, ""object"": 0.0}}, ""b3"": {""services"": [""pose"", ""object""], ""fps"": {""pose"": 0, ""object"": 0}, ""eff_fps"": {""pose"": 0, ""object"": 0}, ""latency_ms"": {""pose"": 0, ""object"": 0}, ""svclat_ms"": {""pose"": 0.0, ""object"": 0.0}}, ""b4"": {""services"": [""pose"", ""object""], ""fps"": {""pose"": 0, ""object"": 0}, ""eff_fps"": {""pose"": 0, ""object"": 0}, ""latency_ms"": {""pose"": 0, ""object"": 0}, ""svclat_ms"": {""pose"": 0.0, ""object"": 0.0}}}"
169.9,8,7,0.875,0,0,9,14,14,1.0,1190.0,420,0.353,0.0,2.0,0.0,30.0,30.0,0,30.0,30.0,0,0,0,0,20.81,15.14,0,300,"{""ip-172-31-0-204"": ""healthy"", ""ip-172-31-1-171"": ""healthy"", ""ip-172-31-10-12"": ""healthy"", ""ip-172-31-11-132"": ""healthy"", ""ip-172-31-13-134"": ""healthy"", ""ip-172-31-14-68"": ""healthy"", ""ip-172-31-40-239"": ""healthy""}",unsubscribe,13.3,1.0,0,0,"{""ip-172-31-0-204"": {""pose"": 1, ""gesture"": 1}, ""ip-172-31-1-171"": {""gesture"": 1, ""pose"": 1}, ""ip-172-31-10-12"": {""gesture"": 1, ""pose"": 1}, ""ip-172-31-11-132"": {""gesture"": 1, ""pose"": 1}, ""ip-172-31-13-134"": {""gesture"": 1, ""pose"": 1}, ""ip-172-31-14-68"": {""gesture"": 1, ""pose"": 1}, ""ip-172-31-40-239"": {""gesture"": 1, ""pose"": 1}}","{""a9"": {""services"": [""pose"", ""gesture""], ""fps"": {""pose"": 30, ""gesture"": 30}, ""eff_fps"": {""pose"": 30, ""gesture"": 30}, ""latency_ms"": {""pose"": 0, ""gesture"": 0}, ""svclat_ms"": {""pose"": 19.51, ""gesture"": 15.39}}, ""a12"": {""services"": [""pose"", ""gesture""], ""fps"": {""pose"": 30, ""gesture"": 30}, ""eff_fps"": {""pose"": 30, ""gesture"": 30}, ""latency_ms"": {""pose"": 0, ""gesture"": 0}, ""svclat_ms"": {""pose"": 20.76, ""gesture"": 15.04}}, ""a13"": {""services"": [""pose"", ""gesture""], ""fps"": {""pose"": 30, ""gesture"": 30}, ""eff_fps"": {""pose"": 30, ""gesture"": 30}, ""latency_ms"": {""pose"": 0, ""gesture"": 0}, ""svclat_ms"": {""pose"": 21.02, ""gesture"": 15.13}}, ""a14"": {""services"": [""pose"", ""gesture""], ""fps"": {""pose"": 30, ""gesture"": 30}, ""eff_fps"": {""pose"": 30, ""gesture"": 30}, ""latency_ms"": {""pose"": 0, ""gesture"": 0}, ""svclat_ms"": {""pose"": 20.5, ""gesture"": 14.99}}, ""a15"": {""services"": [""pose"", ""gesture""], ""fps"": {""pose"": 30, ""gesture"": 30}, ""eff_fps"": {""pose"": 30, ""gesture"": 30}, ""latency_ms"": {""pose"": 0, ""gesture"": 0}, ""svclat_ms"": {""pose"": 22.28, ""gesture"": 15.13}}, ""b1"": {""services"": [""pose"", ""object""], ""fps"": {""pose"": 0, ""object"": 0}, ""eff_fps"": {""pose"": 0, ""object"": 0}, ""latency_ms"": {""pose"": 0, ""object"": 0}, ""svclat_ms"": {""pose"": 0.0, ""object"": 0.0}}, ""b2"": {""services"": [""pose"", ""object""], ""fps"": {""pose"": 0, ""object"": 0}, ""eff_fps"": {""pose"": 0, ""object"": 0}, ""latency_ms"": {""pose"": 0, ""object"": 0}, ""svclat_ms"": {""pose"": 0.0, ""object"": 0.0}}, ""b3"": {""services"": [""pose"", ""object""], ""fps"": {""pose"": 0, ""object"": 0}, ""eff_fps"": {""pose"": 0, ""object"": 0}, ""latency_ms"": {""pose"": 0, ""object"": 0}, ""svclat_ms"": {""pose"": 0.0, ""object"": 0.0}}, ""b4"": {""services"": [""pose"", ""object""], ""fps"": {""pose"": 0, ""object"": 0}, ""eff_fps"": {""pose"": 0, ""object"": 0}, ""latency_ms"": {""pose"": 0, ""object"": 0}, ""svclat_ms"": {""pose"": 0.0, ""object"": 0.0}}}"
172.3,8,7,0.875,0,0,9,14,14,1.0,1190.0,420,0.353,0.0,2.0,0.0,30.0,30.0,0,30.0,30.0,0,0,0,0,20.53,15.05,0,300,"{""ip-172-31-0-204"": ""healthy"", ""ip-172-31-1-171"": ""healthy"", ""ip-172-31-10-12"": ""healthy"", ""ip-172-31-11-132"": ""healthy"", ""ip-172-31-13-134"": ""healthy"", ""ip-172-31-14-68"": ""healthy"", ""ip-172-31-40-239"": ""healthy""}",unsubscribe,13.3,1.0,0,0,"{""ip-172-31-0-204"": {""pose"": 1, ""gesture"": 1}, ""ip-172-31-1-171"": {""gesture"": 1, ""pose"": 1}, ""ip-172-31-10-12"": {""gesture"": 1, ""pose"": 1}, ""ip-172-31-11-132"": {""gesture"": 1, ""pose"": 1}, ""ip-172-31-13-134"": {""gesture"": 1, ""pose"": 1}, ""ip-172-31-14-68"": {""gesture"": 1, ""pose"": 1}, ""ip-172-31-40-239"": {""gesture"": 1, ""pose"": 1}}","{""a9"": {""services"": [""pose"", ""gesture""], ""fps"": {""pose"": 30, ""gesture"": 30}, ""eff_fps"": {""pose"": 30, ""gesture"": 30}, ""latency_ms"": {""pose"": 0, ""gesture"": 0}, ""svclat_ms"": {""pose"": 19.4, ""gesture"": 15.36}}, ""a12"": {""services"": [""pose"", ""gesture""], ""fps"": {""pose"": 30, ""gesture"": 30}, ""eff_fps"": {""pose"": 30, ""gesture"": 30}, ""latency_ms"": {""pose"": 0, ""gesture"": 0}, ""svclat_ms"": {""pose"": 20.06, ""gesture"": 15.16}}, ""a13"": {""services"": [""pose"", ""gesture""], ""fps"": {""pose"": 30, ""gesture"": 30}, ""eff_fps"": {""pose"": 30, ""gesture"": 30}, ""latency_ms"": {""pose"": 0, ""gesture"": 0}, ""svclat_ms"": {""pose"": 20.97, ""gesture"": 15.21}}, ""a14"": {""services"": [""pose"", ""gesture""], ""fps"": {""pose"": 30, ""gesture"": 30}, ""eff_fps"": {""pose"": 30, ""gesture"": 30}, ""latency_ms"": {""pose"": 0, ""gesture"": 0}, ""svclat_ms"": {""pose"": 20.08, ""gesture"": 14.94}}, ""a15"": {""services"": [""pose"", ""gesture""], ""fps"": {""pose"": 30, ""gesture"": 30}, ""eff_fps"": {""pose"": 30, ""gesture"": 30}, ""latency_ms"": {""pose"": 0, ""gesture"": 0}, ""svclat_ms"": {""pose"": 22.16, ""gesture"": 14.6}}, ""b1"": {""services"": [""pose"", ""object""], ""fps"": {""pose"": 0, ""object"": 0}, ""eff_fps"": {""pose"": 0, ""object"": 0}, ""latency_ms"": {""pose"": 0, ""object"": 0}, ""svclat_ms"": {""pose"": 0.0, ""object"": 0.0}}, ""b2"": {""services"": [""pose"", ""object""], ""fps"": {""pose"": 0, ""object"": 0}, ""eff_fps"": {""pose"": 0, ""object"": 0}, ""latency_ms"": {""pose"": 0, ""object"": 0}, ""svclat_ms"": {""pose"": 0.0, ""object"": 0.0}}, ""b3"": {""services"": [""pose"", ""object""], ""fps"": {""pose"": 0, ""object"": 0}, ""eff_fps"": {""pose"": 0, ""object"": 0}, ""latency_ms"": {""pose"": 0, ""object"": 0}, ""svclat_ms"": {""pose"": 0.0, ""object"": 0.0}}, ""b4"": {""services"": [""pose"", ""object""], ""fps"": {""pose"": 0, ""object"": 0}, ""eff_fps"": {""pose"": 0, ""object"": 0}, ""latency_ms"": {""pose"": 0, ""object"": 0}, ""svclat_ms"": {""pose"": 0.0, ""object"": 0.0}}, ""b5"": {""services"": [""pose"", ""object""], ""fps"": {""pose"": 0, ""object"": 0}, ""eff_fps"": {""pose"": 0, ""object"": 0}, ""latency_ms"": {""pose"": 0, ""object"": 0}, ""svclat_ms"": {""pose"": 0.0, ""object"": 0.0}}}"
177.7,7,8,1.143,1,0,10,15,15,1.0,1229.0,480,0.391,0.0,2.5,0.0,30.0,30.0,29.0,30.0,30.0,29.0,0,0,0,21.3,15.57,22.41,359,"{""ip-172-31-0-204"": ""healthy"", ""ip-172-31-1-171"": ""healthy"", ""ip-172-31-10-12"": ""healthy"", ""ip-172-31-11-132"": ""healthy"", ""ip-172-31-13-134"": ""healthy"", ""ip-172-31-14-68"": ""healthy"", ""ip-172-31-40-239"": ""healthy""}",subscribe,9.9,1.0,0,0,"{""ip-172-31-0-204"": {""pose"": 1, ""gesture"": 1}, ""ip-172-31-1-171"": {""gesture"": 1, ""pose"": 1}, ""ip-172-31-10-12"": {""gesture"": 1, ""pose"": 1, ""object"": 1}, ""ip-172-31-11-132"": {""gesture"": 1, ""pose"": 1}, ""ip-172-31-13-134"": {""gesture"": 1, ""pose"": 1}, ""ip-172-31-14-68"": {""gesture"": 1, ""pose"": 1}, ""ip-172-31-40-239"": {""gesture"": 1, ""pose"": 1}}","{""a9"": {""services"": [""pose"", ""gesture""], ""fps"": {""pose"": 30, ""gesture"": 30}, ""eff_fps"": {""pose"": 30, ""gesture"": 30}, ""latency_ms"": {""pose"": 0, ""gesture"": 0}, ""svclat_ms"": {""pose"": 20.73, ""gesture"": 15.44}}, ""a12"": {""services"": [""pose"", ""gesture""], ""fps"": {""pose"": 30, ""gesture"": 30}, ""eff_fps"": {""pose"": 30, ""gesture"": 30}, ""latency_ms"": {""pose"": 0, ""gesture"": 0}, ""svclat_ms"": {""pose"": 20.9, ""gesture"": 15.81}}, ""a13"": {""services"": [""pose"", ""gesture""], ""fps"": {""pose"": 30, ""gesture"": 30}, ""eff_fps"": {""pose"": 30, ""gesture"": 30}, ""latency_ms"": {""pose"": 0, ""gesture"": 0}, ""svclat_ms"": {""pose"": 20.55, ""gesture"": 15.38}}, ""a14"": {""services"": [""pose"", ""gesture""], ""fps"": {""pose"": 30, ""gesture"": 30}, ""eff_fps"": {""pose"": 30, ""gesture"": 30}, ""latency_ms"": {""pose"": 0, ""gesture"": 0}, ""svclat_ms"": {""pose"": 23.01, ""gesture"": 15.8}}, ""a15"": {""services"": [""pose"", ""gesture""], ""fps"": {""pose"": 30, ""gesture"": 30}, ""eff_fps"": {""pose"": 30, ""gesture"": 30}, ""latency_ms"": {""pose"": 0, ""gesture"": 0}, ""svclat_ms"": {""pose"": 22.7, ""gesture"": 15.4}}, ""b1"": {""services"": [""pose"", ""object""], ""fps"": {""pose"": 30, ""object"": 29}, ""eff_fps"": {""pose"": 30, ""object"": 29}, ""latency_ms"": {""pose"": 0, ""object"": 0}, ""svclat_ms"": {""pose"": 19.92, ""object"": 22.41}}, ""b2"": {""services"": [""pose"", ""object""], ""fps"": {""pose"": 0, ""object"": 0}, ""eff_fps"": {""pose"": 0, ""object"": 0}, ""latency_ms"": {""pose"": 0, ""object"": 0}, ""svclat_ms"": {""pose"": 0.0, ""object"": 0.0}}, ""b3"": {""services"": [""pose"", ""object""], ""fps"": {""pose"": 0, ""object"": 0}, ""eff_fps"": {""pose"": 0, ""object"": 0}, ""latency_ms"": {""pose"": 0, ""object"": 0}, ""svclat_ms"": {""pose"": 0.0, ""object"": 0.0}}, ""b4"": {""services"": [""pose"", ""object""], ""fps"": {""pose"": 0, ""object"": 0}, ""eff_fps"": {""pose"": 0, ""object"": 0}, ""latency_ms"": {""pose"": 0, ""object"": 0}, ""svclat_ms"": {""pose"": 0.0, ""object"": 0.0}}, ""b5"": {""services"": [""pose"", ""object""], ""fps"": {""pose"": 0, ""object"": 0}, ""eff_fps"": {""pose"": 0, ""object"": 0}, ""latency_ms"": {""pose"": 0, ""object"": 0}, ""svclat_ms"": {""pose"": 0.0, ""object"": 0.0}}, ""b6"": {""services"": [""pose"", ""object""], ""fps"": {""pose"": 0, ""object"": 0}, ""eff_fps"": {""pose"": 0, ""object"": 0}, ""latency_ms"": {""pose"": 0, ""object"": 0}, ""svclat_ms"": {""pose"": 0.0, ""object"": 0.0}}}"
180.1,7,7,1.0,0,2,12,13,13,1.0,1057.0,419.0,0.396,0.0,1.86,0.0,30.0,30.0,30.0,30.0,30.0,30.0,0,0,0,21.22,15.97,21.98,360,"{""ip-172-31-0-204"": ""healthy"", ""ip-172-31-1-171"": ""healthy"", ""ip-172-31-10-12"": ""healthy"", ""ip-172-31-11-132"": ""healthy"", ""ip-172-31-13-134"": ""healthy"", ""ip-172-31-14-68"": ""healthy"", ""ip-172-31-40-239"": ""healthy""}",subscribe,9.1,0.9976,0,0,"{""ip-172-31-0-204"": {""pose"": 1, ""gesture"": 1}, ""ip-172-31-1-171"": {""gesture"": 1, ""pose"": 1}, ""ip-172-31-10-12"": {""gesture"": 1, ""pose"": 1, ""object"": 1}, ""ip-172-31-11-132"": {""gesture"": 1, ""pose"": 1}, ""ip-172-31-13-134"": {""gesture"": 1, ""pose"": 1}, ""ip-172-31-40-239"": {""pose"": 1}, ""ip-172-31-14-68"": {""pose"": 1}}","{""a9"": {""services"": [""pose"", ""gesture""], ""fps"": {""pose"": 30, ""gesture"": 30}, ""eff_fps"": {""pose"": 30, ""gesture"": 30}, ""latency_ms"": {""pose"": 0, ""gesture"": 0}, ""svclat_ms"": {""pose"": 21.34, ""gesture"": 16.79}}, ""a12"": {""services"": [""pose"", ""gesture""], ""fps"": {""pose"": 30, ""gesture"": 30}, ""eff_fps"": {""pose"": 30, ""gesture"": 30}, ""latency_ms"": {""pose"": 0, ""gesture"": 0}, ""svclat_ms"": {""pose"": 20.98, ""gesture"": 16.14}}, ""a13"": {""services"": [""pose"", ""gesture""], ""fps"": {""pose"": 30, ""gesture"": 30}, ""eff_fps"": {""pose"": 30, ""gesture"": 30}, ""latency_ms"": {""pose"": 0, ""gesture"": 0}, ""svclat_ms"": {""pose"": 20.55, ""gesture"": 15.55}}, ""a14"": {""services"": [""pose"", ""gesture""], ""fps"": {""pose"": 30, ""gesture"": 30}, ""eff_fps"": {""pose"": 30, ""gesture"": 30}, ""latency_ms"": {""pose"": 0, ""gesture"": 0}, ""svclat_ms"": {""pose"": 21.92, ""gesture"": 15.96}}, ""a15"": {""services"": [""pose"", ""gesture""], ""fps"": {""pose"": 30, ""gesture"": 30}, ""eff_fps"": {""pose"": 30, ""gesture"": 30}, ""latency_ms"": {""pose"": 0, ""gesture"": 0}, ""svclat_ms"": {""pose"": 22.7, ""gesture"": 15.43}}, ""b1"": {""services"": [""pose"", ""object""], ""fps"": {""pose"": 30, ""object"": 30}, ""eff_fps"": {""pose"": 30, ""object"": 30}, ""latency_ms"": {""pose"": 0, ""object"": 0}, ""svclat_ms"": {""pose"": 19.83, ""object"": 21.98}}, ""b2"": {""services"": [""pose"", ""object""], ""fps"": {""pose"": 0, ""object"": 0}, ""eff_fps"": {""pose"": 0, ""object"": 0}, ""latency_ms"": {""pose"": 0, ""object"": 0}, ""svclat_ms"": {""pose"": 0.0, ""object"": 0.0}}, ""b3"": {""services"": [""pose"", ""object""], ""fps"": {""pose"": 0, ""object"": 0}, ""eff_fps"": {""pose"": 0, ""object"": 0}, ""latency_ms"": {""pose"": 0, ""object"": 0}, ""svclat_ms"": {""pose"": 0.0, ""object"": 0.0}}, ""b4"": {""services"": [""pose"", ""object""], ""fps"": {""pose"": 0, ""object"": 0}, ""eff_fps"": {""pose"": 0, ""object"": 0}, ""latency_ms"": {""pose"": 0, ""object"": 0}, ""svclat_ms"": {""pose"": 0.0, ""object"": 0.0}}, ""b5"": {""services"": [""pose"", ""object""], ""fps"": {""pose"": 0, ""object"": 0}, ""eff_fps"": {""pose"": 0, ""object"": 0}, ""latency_ms"": {""pose"": 0, ""object"": 0}, ""svclat_ms"": {""pose"": 0.0, ""object"": 0.0}}, ""b6"": {""services"": [""pose"", ""object""], ""fps"": {""pose"": 0, ""object"": 0}, ""eff_fps"": {""pose"": 0, ""object"": 0}, ""latency_ms"": {""pose"": 0, ""object"": 0}, ""svclat_ms"": {""pose"": 0.0, ""object"": 0.0}}, ""b7"": {""services"": [""pose"", ""object""], ""fps"": {""pose"": 0, ""object"": 0}, ""eff_fps"": {""pose"": 0, ""object"": 0}, ""latency_ms"": {""pose"": 0, ""object"": 0}, ""svclat_ms"": {""pose"": 0.0, ""object"": 0.0}}}"
182.6,7,7,1.0,0,0,12,13,13,1.0,1057.0,419.0,0.396,0.0,1.86,0.0,30.0,30.0,30.0,30.0,30.0,30.0,0,0,0,21.43,16.06,21.9,360,"{""ip-172-31-0-204"": ""healthy"", ""ip-172-31-1-171"": ""healthy"", ""ip-172-31-10-12"": ""healthy"", ""ip-172-31-11-132"": ""healthy"", ""ip-172-31-13-134"": ""healthy"", ""ip-172-31-14-68"": ""healthy"", ""ip-172-31-40-239"": ""healthy""}",subscribe,9.1,0.9976,0,0,"{""ip-172-31-0-204"": {""pose"": 1, ""gesture"": 1}, ""ip-172-31-1-171"": {""gesture"": 1, ""pose"": 1}, ""ip-172-31-10-12"": {""gesture"": 1, ""pose"": 1, ""object"": 1}, ""ip-172-31-11-132"": {""gesture"": 1, ""pose"": 1}, ""ip-172-31-13-134"": {""gesture"": 1, ""pose"": 1}, ""ip-172-31-40-239"": {""pose"": 1}, ""ip-172-31-14-68"": {""pose"": 1}}","{""a9"": {""services"": [""pose"", ""gesture""], ""fps"": {""pose"": 30, ""gesture"": 30}, ""eff_fps"": {""pose"": 30, ""gesture"": 30}, ""latency_ms"": {""pose"": 0, ""gesture"": 0}, ""svclat_ms"": {""pose"": 21.54, ""gesture"": 15.97}}, ""a12"": {""services"": [""pose"", ""gesture""], ""fps"": {""pose"": 30, ""gesture"": 30}, ""eff_fps"": {""pose"": 30, ""gesture"": 30}, ""latency_ms"": {""pose"": 0, ""gesture"": 0}, ""svclat_ms"": {""pose"": 21.56, ""gesture"": 16.46}}, ""a13"": {""services"": [""pose"", ""gesture""], ""fps"": {""pose"": 30, ""gesture"": 30}, ""eff_fps"": {""pose"": 30, ""gesture"": 30}, ""latency_ms"": {""pose"": 0, ""gesture"": 0}, ""svclat_ms"": {""pose"": 20.63, ""gesture"": 15.47}}, ""a14"": {""services"": [""pose"", ""gesture""], ""fps"": {""pose"": 30, ""gesture"": 30}, ""eff_fps"": {""pose"": 30, ""gesture"": 30}, ""latency_ms"": {""pose"": 0, ""gesture"": 0}, ""svclat_ms"": {""pose"": 21.79, ""gesture"": 16.17}}, ""a15"": {""services"": [""pose"", ""gesture""], ""fps"": {""pose"": 30, ""gesture"": 30}, ""eff_fps"": {""pose"": 30, ""gesture"": 30}, ""latency_ms"": {""pose"": 0, ""gesture"": 0}, ""svclat_ms"": {""pose"": 23.16, ""gesture"": 16.23}}, ""b1"": {""services"": [""pose"", ""object""], ""fps"": {""pose"": 30, ""object"": 30}, ""eff_fps"": {""pose"": 30, ""object"": 30}, ""latency_ms"": {""pose"": 0, ""object"": 0}, ""svclat_ms"": {""pose"": 19.91, ""object"": 21.9}}, ""b2"": {""services"": [""pose"", ""object""], ""fps"": {""pose"": 0, ""object"": 0}, ""eff_fps"": {""pose"": 0, ""object"": 0}, ""latency_ms"": {""pose"": 0, ""object"": 0}, ""svclat_ms"": {""pose"": 0.0, ""object"": 0.0}}, ""b3"": {""services"": [""pose"", ""object""], ""fps"": {""pose"": 0, ""object"": 0}, ""eff_fps"": {""pose"": 0, ""object"": 0}, ""latency_ms"": {""pose"": 0, ""object"": 0}, ""svclat_ms"": {""pose"": 0.0, ""object"": 0.0}}, ""b4"": {""services"": [""pose"", ""object""], ""fps"": {""pose"": 0, ""object"": 0}, ""eff_fps"": {""pose"": 0, ""object"": 0}, ""latency_ms"": {""pose"": 0, ""object"": 0}, ""svclat_ms"": {""pose"": 0.0, ""object"": 0.0}}, ""b5"": {""services"": [""pose"", ""object""], ""fps"": {""pose"": 0, ""object"": 0}, ""eff_fps"": {""pose"": 0, ""object"": 0}, ""latency_ms"": {""pose"": 0, ""object"": 0}, ""svclat_ms"": {""pose"": 0.0, ""object"": 0.0}}, ""b6"": {""services"": [""pose"", ""object""], ""fps"": {""pose"": 0, ""object"": 0}, ""eff_fps"": {""pose"": 0, ""object"": 0}, ""latency_ms"": {""pose"": 0, ""object"": 0}, ""svclat_ms"": {""pose"": 0.0, ""object"": 0.0}}, ""b7"": {""services"": [""pose"", ""object""], ""fps"": {""pose"": 0, ""object"": 0}, ""eff_fps"": {""pose"": 0, ""object"": 0}, ""latency_ms"": {""pose"": 0, ""object"": 0}, ""svclat_ms"": {""pose"": 0.0, ""object"": 0.0}}}"
185.0,7,7,1.0,0,0,12,13,13,1.0,1057.0,419.0,0.396,0.0,1.86,0.0,30.0,30.0,29.0,30.0,30.0,29.0,0,0,0,21.47,15.59,22.84,359,"{""ip-172-31-0-204"": ""healthy"", ""ip-172-31-1-171"": ""healthy"", ""ip-172-31-10-12"": ""healthy"", ""ip-172-31-11-132"": ""healthy"", ""ip-172-31-13-134"": ""healthy"", ""ip-172-31-14-68"": ""healthy"", ""ip-172-31-40-239"": ""healthy""}",subscribe,9.1,0.9976,0,0,"{""ip-172-31-0-204"": {""pose"": 1, ""gesture"": 1}, ""ip-172-31-1-171"": {""gesture"": 1, ""pose"": 1}, ""ip-172-31-10-12"": {""gesture"": 1, ""pose"": 1, ""object"": 1}, ""ip-172-31-11-132"": {""gesture"": 1, ""pose"": 1}, ""ip-172-31-13-134"": {""gesture"": 1, ""pose"": 1}, ""ip-172-31-40-239"": {""pose"": 1}, ""ip-172-31-14-68"": {""pose"": 1}}","{""a9"": {""services"": [""pose"", ""gesture""], ""fps"": {""pose"": 30, ""gesture"": 30}, ""eff_fps"": {""pose"": 30, ""gesture"": 30}, ""latency_ms"": {""pose"": 0, ""gesture"": 0}, ""svclat_ms"": {""pose"": 21.21, ""gesture"": 16.0}}, ""a12"": {""services"": [""pose"", ""gesture""], ""fps"": {""pose"": 30, ""gesture"": 30}, ""eff_fps"": {""pose"": 30, ""gesture"": 30}, ""latency_ms"": {""pose"": 0, ""gesture"": 0}, ""svclat_ms"": {""pose"": 20.69, ""gesture"": 15.15}}, ""a13"": {""services"": [""pose"", ""gesture""], ""fps"": {""pose"": 30, ""gesture"": 30}, ""eff_fps"": {""pose"": 30, ""gesture"": 30}, ""latency_ms"": {""pose"": 0, ""gesture"": 0}, ""svclat_ms"": {""pose"": 20.84, ""gesture"": 15.35}}, ""a14"": {""services"": [""pose"", ""gesture""], ""fps"": {""pose"": 30, ""gesture"": 30}, ""eff_fps"": {""pose"": 30, ""gesture"": 30}, ""latency_ms"": {""pose"": 0, ""gesture"": 0}, ""svclat_ms"": {""pose"": 23.4, ""gesture"": 16.1}}, ""a15"": {""services"": [""pose"", ""gesture""], ""fps"": {""pose"": 30, ""gesture"": 30}, ""eff_fps"": {""pose"": 30, ""gesture"": 30}, ""latency_ms"": {""pose"": 0, ""gesture"": 0}, ""svclat_ms"": {""pose"": 22.93, ""gesture"": 15.33}}, ""b1"": {""services"": [""pose"", ""object""], ""fps"": {""pose"": 30, ""object"": 29}, ""eff_fps"": {""pose"": 30, ""object"": 29}, ""latency_ms"": {""pose"": 0, ""object"": 0}, ""svclat_ms"": {""pose"": 19.77, ""object"": 22.84}}, ""b2"": {""services"": [""pose"", ""object""], ""fps"": {""pose"": 0, ""object"": 0}, ""eff_fps"": {""pose"": 0, ""object"": 0}, ""latency_ms"": {""pose"": 0, ""object"": 0}, ""svclat_ms"": {""pose"": 0.0, ""object"": 0.0}}, ""b3"": {""services"": [""pose"", ""object""], ""fps"": {""pose"": 0, ""object"": 0}, ""eff_fps"": {""pose"": 0, ""object"": 0}, ""latency_ms"": {""pose"": 0, ""object"": 0}, ""svclat_ms"": {""pose"": 0.0, ""object"": 0.0}}, ""b4"": {""services"": [""pose"", ""object""], ""fps"": {""pose"": 0, ""object"": 0}, ""eff_fps"": {""pose"": 0, ""object"": 0}, ""latency_ms"": {""pose"": 0, ""object"": 0}, ""svclat_ms"": {""pose"": 0.0, ""object"": 0.0}}, ""b5"": {""services"": [""pose"", ""object""], ""fps"": {""pose"": 0, ""object"": 0}, ""eff_fps"": {""pose"": 0, ""object"": 0}, ""latency_ms"": {""pose"": 0, ""object"": 0}, ""svclat_ms"": {""pose"": 0.0, ""object"": 0.0}}, ""b6"": {""services"": [""pose"", ""object""], ""fps"": {""pose"": 0, ""object"": 0}, ""eff_fps"": {""pose"": 0, ""object"": 0}, ""latency_ms"": {""pose"": 0, ""object"": 0}, ""svclat_ms"": {""pose"": 0.0, ""object"": 0.0}}, ""b7"": {""services"": [""pose"", ""object""], ""fps"": {""pose"": 0, ""object"": 0}, ""eff_fps"": {""pose"": 0, ""object"": 0}, ""latency_ms"": {""pose"": 0, ""object"": 0}, ""svclat_ms"": {""pose"": 0.0, ""object"": 0.0}}}"
187.4,7,7,1.0,0,0,12,13,13,1.0,1057.0,419.0,0.396,0.0,1.86,0.0,30.0,30.0,29.0,30.0,30.0,29.0,0,0,0,21.3,15.48,22.7,359,"{""ip-172-31-0-204"": ""healthy"", ""ip-172-31-1-171"": ""healthy"", ""ip-172-31-10-12"": ""healthy"", ""ip-172-31-11-132"": ""healthy"", ""ip-172-31-13-134"": ""healthy"", ""ip-172-31-14-68"": ""healthy"", ""ip-172-31-40-239"": ""healthy""}",subscribe,9.1,0.9976,0,0,"{""ip-172-31-0-204"": {""pose"": 1, ""gesture"": 1}, ""ip-172-31-1-171"": {""gesture"": 1, ""pose"": 1}, ""ip-172-31-10-12"": {""gesture"": 1, ""pose"": 1, ""object"": 1}, ""ip-172-31-11-132"": {""gesture"": 1, ""pose"": 1}, ""ip-172-31-13-134"": {""gesture"": 1, ""pose"": 1}, ""ip-172-31-40-239"": {""pose"": 1}, ""ip-172-31-14-68"": {""pose"": 1}}","{""a9"": {""services"": [""pose"", ""gesture""], ""fps"": {""pose"": 30, ""gesture"": 30}, ""eff_fps"": {""pose"": 30, ""gesture"": 30}, ""latency_ms"": {""pose"": 0, ""gesture"": 0}, ""svclat_ms"": {""pose"": 21.25, ""gesture"": 15.74}}, ""a12"": {""services"": [""pose"", ""gesture""], ""fps"": {""pose"": 30, ""gesture"": 30}, ""eff_fps"": {""pose"": 30, ""gesture"": 30}, ""latency_ms"": {""pose"": 0, ""gesture"": 0}, ""svclat_ms"": {""pose"": 20.14, ""gesture"": 14.66}}, ""a13"": {""services"": [""pose"", ""gesture""], ""fps"": {""pose"": 30, ""gesture"": 30}, ""eff_fps"": {""pose"": 30, ""gesture"": 30}, ""latency_ms"": {""pose"": 0, ""gesture"": 0}, ""svclat_ms"": {""pose"": 20.67, ""gesture"": 15.63}}, ""a14"": {""services"": [""pose"", ""gesture""], ""fps"": {""pose"": 30, ""gesture"": 30}, ""eff_fps"": {""pose"": 30, ""gesture"": 30}, ""latency_ms"": {""pose"": 0, ""gesture"": 0}, ""svclat_ms"": {""pose"": 22.79, ""gesture"": 15.99}}, ""a15"": {""services"": [""pose"", ""gesture""], ""fps"": {""pose"": 30, ""gesture"": 30}, ""eff_fps"": {""pose"": 30, ""gesture"": 30}, ""latency_ms"": {""pose"": 0, ""gesture"": 0}, ""svclat_ms"": {""pose"": 23.13, ""gesture"": 15.38}}, ""b1"": {""services"": [""pose"", ""object""], ""fps"": {""pose"": 30, ""object"": 29}, ""eff_fps"": {""pose"": 30, ""object"": 29}, ""latency_ms"": {""pose"": 0, ""object"": 0}, ""svclat_ms"": {""pose"": 19.84, ""object"": 22.7}}, ""b2"": {""services"": [""pose"", ""object""], ""fps"": {""pose"": 0, ""object"": 0}, ""eff_fps"": {""pose"": 0, ""object"": 0}, ""latency_ms"": {""pose"": 0, ""object"": 0}, ""svclat_ms"": {""pose"": 0.0, ""object"": 0.0}}, ""b3"": {""services"": [""pose"", ""object""], ""fps"": {""pose"": 0, ""object"": 0}, ""eff_fps"": {""pose"": 0, ""object"": 0}, ""latency_ms"": {""pose"": 0, ""object"": 0}, ""svclat_ms"": {""pose"": 0.0, ""object"": 0.0}}, ""b4"": {""services"": [""pose"", ""object""], ""fps"": {""pose"": 0, ""object"": 0}, ""eff_fps"": {""pose"": 0, ""object"": 0}, ""latency_ms"": {""pose"": 0, ""object"": 0}, ""svclat_ms"": {""pose"": 0.0, ""object"": 0.0}}, ""b5"": {""services"": [""pose"", ""object""], ""fps"": {""pose"": 0, ""object"": 0}, ""eff_fps"": {""pose"": 0, ""object"": 0}, ""latency_ms"": {""pose"": 0, ""object"": 0}, ""svclat_ms"": {""pose"": 0.0, ""object"": 0.0}}, ""b6"": {""services"": [""pose"", ""object""], ""fps"": {""pose"": 0, ""object"": 0}, ""eff_fps"": {""pose"": 0, ""object"": 0}, ""latency_ms"": {""pose"": 0, ""object"": 0}, ""svclat_ms"": {""pose"": 0.0, ""object"": 0.0}}, ""b7"": {""services"": [""pose"", ""object""], ""fps"": {""pose"": 0, ""object"": 0}, ""eff_fps"": {""pose"": 0, ""object"": 0}, ""latency_ms"": {""pose"": 0, ""object"": 0}, ""svclat_ms"": {""pose"": 0.0, ""object"": 0.0}}, ""b8"": {""services"": [""pose"", ""object""], ""fps"": {""pose"": 0, ""object"": 0}, ""eff_fps"": {""pose"": 0, ""object"": 0}, ""latency_ms"": {""pose"": 0, ""object"": 0}, ""svclat_ms"": {""pose"": 0.0, ""object"": 0.0}}}"
189.9,7,7,1.0,0,0,12,13,13,1.0,1057.0,419.0,0.396,0.0,1.86,0.0,30.0,30.0,29.0,30.0,30.0,29.0,0,0,0,21.2,15.39,23.05,359,"{""ip-172-31-0-204"": ""healthy"", ""ip-172-31-1-171"": ""healthy"", ""ip-172-31-10-12"": ""healthy"", ""ip-172-31-11-132"": ""healthy"", ""ip-172-31-13-134"": ""healthy"", ""ip-172-31-14-68"": ""healthy"", ""ip-172-31-40-239"": ""healthy""}",subscribe,9.1,0.9976,0,0,"{""ip-172-31-0-204"": {""pose"": 1, ""gesture"": 1}, ""ip-172-31-1-171"": {""gesture"": 1, ""pose"": 1}, ""ip-172-31-10-12"": {""gesture"": 1, ""pose"": 1, ""object"": 1}, ""ip-172-31-11-132"": {""gesture"": 1, ""pose"": 1}, ""ip-172-31-13-134"": {""gesture"": 1, ""pose"": 1}, ""ip-172-31-40-239"": {""pose"": 1}, ""ip-172-31-14-68"": {""pose"": 1}}","{""a9"": {""services"": [""pose"", ""gesture""], ""fps"": {""pose"": 30, ""gesture"": 30}, ""eff_fps"": {""pose"": 30, ""gesture"": 30}, ""latency_ms"": {""pose"": 0, ""gesture"": 0}, ""svclat_ms"": {""pose"": 21.08, ""gesture"": 15.37}}, ""a12"": {""services"": [""pose"", ""gesture""], ""fps"": {""pose"": 30, ""gesture"": 30}, ""eff_fps"": {""pose"": 30, ""gesture"": 30}, ""latency_ms"": {""pose"": 0, ""gesture"": 0}, ""svclat_ms"": {""pose"": 19.74, ""gesture"": 14.77}}, ""a13"": {""services"": [""pose"", ""gesture""], ""fps"": {""pose"": 30, ""gesture"": 30}, ""eff_fps"": {""pose"": 30, ""gesture"": 30}, ""latency_ms"": {""pose"": 0, ""gesture"": 0}, ""svclat_ms"": {""pose"": 20.71, ""gesture"": 15.52}}, ""a14"": {""services"": [""pose"", ""gesture""], ""fps"": {""pose"": 30, ""gesture"": 30}, ""eff_fps"": {""pose"": 30, ""gesture"": 30}, ""latency_ms"": {""pose"": 0, ""gesture"": 0}, ""svclat_ms"": {""pose"": 23.08, ""gesture"": 15.96}}, ""a15"": {""services"": [""pose"", ""gesture""], ""fps"": {""pose"": 30, ""gesture"": 30}, ""eff_fps"": {""pose"": 30, ""gesture"": 30}, ""latency_ms"": {""pose"": 0, ""gesture"": 0}, ""svclat_ms"": {""pose"": 22.84, ""gesture"": 15.31}}, ""b1"": {""services"": [""pose"", ""object""], ""fps"": {""pose"": 30, ""object"": 29}, ""eff_fps"": {""pose"": 30, ""object"": 29}, ""latency_ms"": {""pose"": 0, ""object"": 0}, ""svclat_ms"": {""pose"": 19.74, ""object"": 23.05}}, ""b2"": {""services"": [""pose"", ""object""], ""fps"": {""pose"": 0, ""object"": 0}, ""eff_fps"": {""pose"": 0, ""object"": 0}, ""latency_ms"": {""pose"": 0, ""object"": 0}, ""svclat_ms"": {""pose"": 0.0, ""object"": 0.0}}, ""b3"": {""services"": [""pose"", ""object""], ""fps"": {""pose"": 0, ""object"": 0}, ""eff_fps"": {""pose"": 0, ""object"": 0}, ""latency_ms"": {""pose"": 0, ""object"": 0}, ""svclat_ms"": {""pose"": 0.0, ""object"": 0.0}}, ""b4"": {""services"": [""pose"", ""object""], ""fps"": {""pose"": 0, ""object"": 0}, ""eff_fps"": {""pose"": 0, ""object"": 0}, ""latency_ms"": {""pose"": 0, ""object"": 0}, ""svclat_ms"": {""pose"": 0.0, ""object"": 0.0}}, ""b5"": {""services"": [""pose"", ""object""], ""fps"": {""pose"": 0, ""object"": 0}, ""eff_fps"": {""pose"": 0, ""object"": 0}, ""latency_ms"": {""pose"": 0, ""object"": 0}, ""svclat_ms"": {""pose"": 0.0, ""object"": 0.0}}, ""b6"": {""services"": [""pose"", ""object""], ""fps"": {""pose"": 0, ""object"": 0}, ""eff_fps"": {""pose"": 0, ""object"": 0}, ""latency_ms"": {""pose"": 0, ""object"": 0}, ""svclat_ms"": {""pose"": 0.0, ""object"": 0.0}}, ""b7"": {""services"": [""pose"", ""object""], ""fps"": {""pose"": 0, ""object"": 0}, ""eff_fps"": {""pose"": 0, ""object"": 0}, ""latency_ms"": {""pose"": 0, ""object"": 0}, ""svclat_ms"": {""pose"": 0.0, ""object"": 0.0}}, ""b8"": {""services"": [""pose"", ""object""], ""fps"": {""pose"": 0, ""object"": 0}, ""eff_fps"": {""pose"": 0, ""object"": 0}, ""latency_ms"": {""pose"": 0, ""object"": 0}, ""svclat_ms"": {""pose"": 0.0, ""object"": 0.0}}}"
194.6,7,7,1.0,2,1,15,14,14,1.0,1096.0,420,0.383,0.0,2.0,0.0,30.0,0,30.0,30.0,0,30.0,0,0,0,19.94,0,16.51,60,"{""ip-172-31-0-204"": ""healthy"", ""ip-172-31-1-171"": ""healthy"", ""ip-172-31-10-12"": ""healthy"", ""ip-172-31-11-132"": ""healthy"", ""ip-172-31-13-134"": ""healthy"", ""ip-172-31-14-68"": ""healthy"", ""ip-172-31-40-239"": ""healthy""}",unsubscribe,14.2,1.0,0,0,"{""ip-172-31-0-204"": {""pose"": 1, ""gesture"": 1, ""object"": 1}, ""ip-172-31-1-171"": {""gesture"": 1, ""pose"": 1, ""object"": 1}, ""ip-172-31-10-12"": {""gesture"": 1, ""pose"": 1}, ""ip-172-31-11-132"": {""gesture"": 1, ""pose"": 1}, ""ip-172-31-13-134"": {""gesture"": 1, ""pose"": 1}, ""ip-172-31-40-239"": {""pose"": 1}, ""ip-172-31-14-68"": {""pose"": 1}}","{""b1"": {""services"": [""pose"", ""object""], ""fps"": {""pose"": 30, ""object"": 30}, ""eff_fps"": {""pose"": 30, ""object"": 30}, ""latency_ms"": {""pose"": 0, ""object"": 0}, ""svclat_ms"": {""pose"": 19.94, ""object"": 16.51}}, ""b2"": {""services"": [""pose"", ""object""], ""fps"": {""pose"": 0, ""object"": 0}, ""eff_fps"": {""pose"": 0, ""object"": 0}, ""latency_ms"": {""pose"": 0, ""object"": 0}, ""svclat_ms"": {""pose"": 0.0, ""object"": 0.0}}, ""b3"": {""services"": [""pose"", ""object""], ""fps"": {""pose"": 0, ""object"": 0}, ""eff_fps"": {""pose"": 0, ""object"": 0}, ""latency_ms"": {""pose"": 0, ""object"": 0}, ""svclat_ms"": {""pose"": 0.0, ""object"": 0.0}}, ""b4"": {""services"": [""pose"", ""object""], ""fps"": {""pose"": 0, ""object"": 0}, ""eff_fps"": {""pose"": 0, ""object"": 0}, ""latency_ms"": {""pose"": 0, ""object"": 0}, ""svclat_ms"": {""pose"": 0.0, ""object"": 0.0}}, ""b5"": {""services"": [""pose"", ""object""], ""fps"": {""pose"": 0, ""object"": 0}, ""eff_fps"": {""pose"": 0, ""object"": 0}, ""latency_ms"": {""pose"": 0, ""object"": 0}, ""svclat_ms"": {""pose"": 0.0, ""object"": 0.0}}, ""b6"": {""services"": [""pose"", ""object""], ""fps"": {""pose"": 0, ""object"": 0}, ""eff_fps"": {""pose"": 0, ""object"": 0}, ""latency_ms"": {""pose"": 0, ""object"": 0}, ""svclat_ms"": {""pose"": 0.0, ""object"": 0.0}}, ""b7"": {""services"": [""pose"", ""object""], ""fps"": {""pose"": 0, ""object"": 0}, ""eff_fps"": {""pose"": 0, ""object"": 0}, ""latency_ms"": {""pose"": 0, ""object"": 0}, ""svclat_ms"": {""pose"": 0.0, ""object"": 0.0}}, ""b8"": {""services"": [""pose"", ""object""], ""fps"": {""pose"": 0, ""object"": 0}, ""eff_fps"": {""pose"": 0, ""object"": 0}, ""latency_ms"": {""pose"": 0, ""object"": 0}, ""svclat_ms"": {""pose"": 0.0, ""object"": 0.0}}, ""b9"": {""services"": [""pose"", ""object""], ""fps"": {""pose"": 0, ""object"": 0}, ""eff_fps"": {""pose"": 0, ""object"": 0}, ""latency_ms"": {""pose"": 0, ""object"": 0}, ""svclat_ms"": {""pose"": 0.0, ""object"": 0.0}}}"
198.9,8,7,0.875,0,0,15,14,14,1.0,1096.0,420,0.383,0.0,2.0,0.0,30.0,0,29.0,30.0,0,29.0,0,0,0,20.64,0,22.28,177,"{""ip-172-31-0-204"": ""healthy"", ""ip-172-31-1-171"": ""healthy"", ""ip-172-31-10-12"": ""healthy"", ""ip-172-31-11-132"": ""healthy"", ""ip-172-31-13-134"": ""healthy"", ""ip-172-31-14-68"": ""healthy"", ""ip-172-31-40-239"": ""healthy""}",unsubscribe,14.5,1.0,0,0,"{""ip-172-31-0-204"": {""pose"": 1, ""gesture"": 1, ""object"": 1}, ""ip-172-31-1-171"": {""gesture"": 1, ""pose"": 1, ""object"": 1}, ""ip-172-31-10-12"": {""gesture"": 1, ""pose"": 1}, ""ip-172-31-11-132"": {""gesture"": 1, ""pose"": 1}, ""ip-172-31-13-134"": {""gesture"": 1, ""pose"": 1}, ""ip-172-31-40-239"": {""pose"": 1}, ""ip-172-31-14-68"": {""pose"": 1}}","{""b1"": {""services"": [""pose"", ""object""], ""fps"": {""pose"": 30, ""object"": 29}, ""eff_fps"": {""pose"": 30, ""object"": 29}, ""latency_ms"": {""pose"": 0, ""object"": 0}, ""svclat_ms"": {""pose"": 19.69, ""object"": 21.6}}, ""b2"": {""services"": [""pose"", ""object""], ""fps"": {""pose"": 30, ""object"": 30}, ""eff_fps"": {""pose"": 30, ""object"": 30}, ""latency_ms"": {""pose"": 0, ""object"": 0}, ""svclat_ms"": {""pose"": 19.41, ""object"": 20.43}}, ""b3"": {""services"": [""pose"", ""object""], ""fps"": {""pose"": 30, ""object"": 28}, ""eff_fps"": {""pose"": 30, ""object"": 28}, ""latency_ms"": {""pose"": 0, ""object"": 0}, ""svclat_ms"": {""pose"": 22.81, ""object"": 24.82}}, ""b4"": {""services"": [""pose"", ""object""], ""fps"": {""pose"": 0, ""object"": 0}, ""eff_fps"": {""pose"": 0, ""object"": 0}, ""latency_ms"": {""pose"": 0, ""object"": 0}, ""svclat_ms"": {""pose"": 0.0, ""object"": 0.0}}, ""b5"": {""services"": [""pose"", ""object""], ""fps"": {""pose"": 0, ""object"": 0}, ""eff_fps"": {""pose"": 0, ""object"": 0}, ""latency_ms"": {""pose"": 0, ""object"": 0}, ""svclat_ms"": {""pose"": 0.0, ""object"": 0.0}}, ""b6"": {""services"": [""pose"", ""object""], ""fps"": {""pose"": 0, ""object"": 0}, ""eff_fps"": {""pose"": 0, ""object"": 0}, ""latency_ms"": {""pose"": 0, ""object"": 0}, ""svclat_ms"": {""pose"": 0.0, ""object"": 0.0}}, ""b7"": {""services"": [""pose"", ""object""], ""fps"": {""pose"": 0, ""object"": 0}, ""eff_fps"": {""pose"": 0, ""object"": 0}, ""latency_ms"": {""pose"": 0, ""object"": 0}, ""svclat_ms"": {""pose"": 0.0, ""object"": 0.0}}, ""b8"": {""services"": [""pose"", ""object""], ""fps"": {""pose"": 0, ""object"": 0}, ""eff_fps"": {""pose"": 0, ""object"": 0}, ""latency_ms"": {""pose"": 0, ""object"": 0}, ""svclat_ms"": {""pose"": 0.0, ""object"": 0.0}}, ""b9"": {""services"": [""pose"", ""object""], ""fps"": {""pose"": 0, ""object"": 0}, ""eff_fps"": {""pose"": 0, ""object"": 0}, ""latency_ms"": {""pose"": 0, ""object"": 0}, ""svclat_ms"": {""pose"": 0.0, ""object"": 0.0}}, ""b10"": {""services"": [""pose"", ""object""], ""fps"": {""pose"": 0, ""object"": 0}, ""eff_fps"": {""pose"": 0, ""object"": 0}, ""latency_ms"": {""pose"": 0, ""object"": 0}, ""svclat_ms"": {""pose"": 0.0, ""object"": 0.0}}}"
201.3,3,8,2.667,0,0,15,14,14,1.0,1096.0,478.0,0.436,0.0,4.67,0.0,30.0,0,29.67,30.0,0,29.67,0,0,0,20.62,0,22.83,179,"{""ip-172-31-0-204"": ""healthy"", ""ip-172-31-1-171"": ""healthy"", ""ip-172-31-10-12"": ""healthy"", ""ip-172-31-11-132"": ""healthy"", ""ip-172-31-13-134"": ""healthy"", ""ip-172-31-14-68"": ""healthy"", ""ip-172-31-40-239"": ""healthy""}",subscribe,9.4,0.9958,0,0,"{""ip-172-31-0-204"": {""pose"": 1, ""gesture"": 1, ""object"": 1}, ""ip-172-31-1-171"": {""gesture"": 1, ""pose"": 1, ""object"": 1}, ""ip-172-31-10-12"": {""gesture"": 1, ""pose"": 1}, ""ip-172-31-11-132"": {""gesture"": 1, ""pose"": 1}, ""ip-172-31-13-134"": {""gesture"": 1, ""pose"": 1}, ""ip-172-31-40-239"": {""pose"": 1}, ""ip-172-31-14-68"": {""pose"": 1}}","{""b1"": {""services"": [""pose"", ""object""], ""fps"": {""pose"": 30, ""object"": 30}, ""eff_fps"": {""pose"": 30, ""object"": 30}, ""latency_ms"": {""pose"": 0, ""object"": 0}, ""svclat_ms"": {""pose"": 19.84, ""object"": 24.41}}, ""b2"": {""services"": [""pose"", ""object""], ""fps"": {""pose"": 30, ""object"": 30}, ""eff_fps"": {""pose"": 30, ""object"": 30}, ""latency_ms"": {""pose"": 0, ""object"": 0}, ""svclat_ms"": {""pose"": 19.11, ""object"": 20.29}}, ""b3"": {""services"": [""pose"", ""object""], ""fps"": {""pose"": 30, ""object"": 29}, ""eff_fps"": {""pose"": 30, ""object"": 29}, ""latency_ms"": {""pose"": 0, ""object"": 0}, ""svclat_ms"": {""pose"": 22.91, ""object"": 23.78}}, ""b4"": {""services"": [""pose"", ""object""], ""fps"": {""pose"": 0, ""object"": 0}, ""eff_fps"": {""pose"": 0, ""object"": 0}, ""latency_ms"": {""pose"": 0, ""object"": 0}, ""svclat_ms"": {""pose"": 0.0, ""object"": 0.0}}, ""b5"": {""services"": [""pose"", ""object""], ""fps"": {""pose"": 0, ""object"": 0}, ""eff_fps"": {""pose"": 0, ""object"": 0}, ""latency_ms"": {""pose"": 0, ""object"": 0}, ""svclat_ms"": {""pose"": 0.0, ""object"": 0.0}}, ""b6"": {""services"": [""pose"", ""object""], ""fps"": {""pose"": 0, ""object"": 0}, ""eff_fps"": {""pose"": 0, ""object"": 0}, ""latency_ms"": {""pose"": 0, ""object"": 0}, ""svclat_ms"": {""pose"": 0.0, ""object"": 0.0}}, ""b7"": {""services"": [""pose"", ""object""], ""fps"": {""pose"": 0, ""object"": 0}, ""eff_fps"": {""pose"": 0, ""object"": 0}, ""latency_ms"": {""pose"": 0, ""object"": 0}, ""svclat_ms"": {""pose"": 0.0, ""object"": 0.0}}, ""b8"": {""services"": [""pose"", ""object""], ""fps"": {""pose"": 0, ""object"": 0}, ""eff_fps"": {""pose"": 0, ""object"": 0}, ""latency_ms"": {""pose"": 0, ""object"": 0}, ""svclat_ms"": {""pose"": 0.0, ""object"": 0.0}}, ""b9"": {""services"": [""pose"", ""object""], ""fps"": {""pose"": 0, ""object"": 0}, ""eff_fps"": {""pose"": 0, ""object"": 0}, ""latency_ms"": {""pose"": 0, ""object"": 0}, ""svclat_ms"": {""pose"": 0.0, ""object"": 0.0}}, ""b10"": {""services"": [""pose"", ""object""], ""fps"": {""pose"": 0, ""object"": 0}, ""eff_fps"": {""pose"": 0, ""object"": 0}, ""latency_ms"": {""pose"": 0, ""object"": 0}, ""svclat_ms"": {""pose"": 0.0, ""object"": 0.0}}, ""b11"": {""services"": [""pose"", ""object""], ""fps"": {""pose"": 0, ""object"": 0}, ""eff_fps"": {""pose"": 0, ""object"": 0}, ""latency_ms"": {""pose"": 0, ""object"": 0}, ""svclat_ms"": {""pose"": 0.0, ""object"": 0.0}}}"
203.8,3,8,2.667,0,0,15,14,14,1.0,1096.0,478.0,0.436,0.0,4.67,0.0,29.67,0,29.67,29.67,0,29.67,0,0,0,20.73,0,22.69,178,"{""ip-172-31-0-204"": ""healthy"", ""ip-172-31-1-171"": ""healthy"", ""ip-172-31-10-12"": ""healthy"", ""ip-172-31-11-132"": ""healthy"", ""ip-172-31-13-134"": ""healthy"", ""ip-172-31-14-68"": ""healthy"", ""ip-172-31-40-239"": ""healthy""}",subscribe,9.4,0.9958,0,0,"{""ip-172-31-0-204"": {""pose"": 1, ""gesture"": 1, ""object"": 1}, ""ip-172-31-1-171"": {""gesture"": 1, ""pose"": 1, ""object"": 1}, ""ip-172-31-10-12"": {""gesture"": 1, ""pose"": 1}, ""ip-172-31-11-132"": {""gesture"": 1, ""pose"": 1}, ""ip-172-31-13-134"": {""gesture"": 1, ""pose"": 1}, ""ip-172-31-40-239"": {""pose"": 1}, ""ip-172-31-14-68"": {""pose"": 1}}","{""b1"": {""services"": [""pose"", ""object""], ""fps"": {""pose"": 30, ""object"": 30}, ""eff_fps"": {""pose"": 30, ""object"": 30}, ""latency_ms"": {""pose"": 0, ""object"": 0}, ""svclat_ms"": {""pose"": 19.67, ""object"": 23.67}}, ""b2"": {""services"": [""pose"", ""object""], ""fps"": {""pose"": 30, ""object"": 30}, ""eff_fps"": {""pose"": 30, ""object"": 30}, ""latency_ms"": {""pose"": 0, ""object"": 0}, ""svclat_ms"": {""pose"": 19.39, ""object"": 20.62}}, ""b3"": {""services"": [""pose"", ""object""], ""fps"": {""pose"": 29, ""object"": 29}, ""eff_fps"": {""pose"": 29, ""object"": 29}, ""latency_ms"": {""pose"": 0, ""object"": 0}, ""svclat_ms"": {""pose"": 23.14, ""object"": 23.77}}, ""b4"": {""services"": [""pose"", ""object""], ""fps"": {""pose"": 0, ""object"": 0}, ""eff_fps"": {""pose"": 0, ""object"": 0}, ""latency_ms"": {""pose"": 0, ""object"": 0}, ""svclat_ms"": {""pose"": 0.0, ""object"": 0.0}}, ""b5"": {""services"": [""pose"", ""object""], ""fps"": {""pose"": 0, ""object"": 0}, ""eff_fps"": {""pose"": 0, ""object"": 0}, ""latency_ms"": {""pose"": 0, ""object"": 0}, ""svclat_ms"": {""pose"": 0.0, ""object"": 0.0}}, ""b6"": {""services"": [""pose"", ""object""], ""fps"": {""pose"": 0, ""object"": 0}, ""eff_fps"": {""pose"": 0, ""object"": 0}, ""latency_ms"": {""pose"": 0, ""object"": 0}, ""svclat_ms"": {""pose"": 0.0, ""object"": 0.0}}, ""b7"": {""services"": [""pose"", ""object""], ""fps"": {""pose"": 0, ""object"": 0}, ""eff_fps"": {""pose"": 0, ""object"": 0}, ""latency_ms"": {""pose"": 0, ""object"": 0}, ""svclat_ms"": {""pose"": 0.0, ""object"": 0.0}}, ""b8"": {""services"": [""pose"", ""object""], ""fps"": {""pose"": 0, ""object"": 0}, ""eff_fps"": {""pose"": 0, ""object"": 0}, ""latency_ms"": {""pose"": 0, ""object"": 0}, ""svclat_ms"": {""pose"": 0.0, ""object"": 0.0}}, ""b9"": {""services"": [""pose"", ""object""], ""fps"": {""pose"": 0, ""object"": 0}, ""eff_fps"": {""pose"": 0, ""object"": 0}, ""latency_ms"": {""pose"": 0, ""object"": 0}, ""svclat_ms"": {""pose"": 0.0, ""object"": 0.0}}, ""b10"": {""services"": [""pose"", ""object""], ""fps"": {""pose"": 0, ""object"": 0}, ""eff_fps"": {""pose"": 0, ""object"": 0}, ""latency_ms"": {""pose"": 0, ""object"": 0}, ""svclat_ms"": {""pose"": 0.0, ""object"": 0.0}}, ""b11"": {""services"": [""pose"", ""object""], ""fps"": {""pose"": 0, ""object"": 0}, ""eff_fps"": {""pose"": 0, ""object"": 0}, ""latency_ms"": {""pose"": 0, ""object"": 0}, ""svclat_ms"": {""pose"": 0.0, ""object"": 0.0}}}"
206.2,3,8,2.667,0,0,15,14,14,1.0,1096.0,478.0,0.436,0.0,4.67,0.0,29.67,0,29.33,29.67,0,29.33,0,0,0,20.39,0,22.12,177,"{""ip-172-31-0-204"": ""healthy"", ""ip-172-31-1-171"": ""healthy"", ""ip-172-31-10-12"": ""healthy"", ""ip-172-31-11-132"": ""healthy"", ""ip-172-31-13-134"": ""healthy"", ""ip-172-31-14-68"": ""healthy"", ""ip-172-31-40-239"": ""healthy""}",subscribe,9.4,0.9958,0,0,"{""ip-172-31-0-204"": {""pose"": 1, ""gesture"": 1, ""object"": 1}, ""ip-172-31-1-171"": {""gesture"": 1, ""pose"": 1, ""object"": 1}, ""ip-172-31-10-12"": {""gesture"": 1, ""pose"": 1}, ""ip-172-31-11-132"": {""gesture"": 1, ""pose"": 1}, ""ip-172-31-13-134"": {""gesture"": 1, ""pose"": 1}, ""ip-172-31-40-239"": {""pose"": 1}, ""ip-172-31-14-68"": {""pose"": 1}}","{""b1"": {""services"": [""pose"", ""object""], ""fps"": {""pose"": 30, ""object"": 29}, ""eff_fps"": {""pose"": 30, ""object"": 29}, ""latency_ms"": {""pose"": 0, ""object"": 0}, ""svclat_ms"": {""pose"": 19.55, ""object"": 23.66}}, ""b2"": {""services"": [""pose"", ""object""], ""fps"": {""pose"": 30, ""object"": 30}, ""eff_fps"": {""pose"": 30, ""object"": 30}, ""latency_ms"": {""pose"": 0, ""object"": 0}, ""svclat_ms"": {""pose"": 19.38, ""object"": 20.7}}, ""b3"": {""services"": [""pose"", ""object""], ""fps"": {""pose"": 29, ""object"": 29}, ""eff_fps"": {""pose"": 29, ""object"": 29}, ""latency_ms"": {""pose"": 0, ""object"": 0}, ""svclat_ms"": {""pose"": 22.24, ""object"": 22.0}}, ""b4"": {""services"": [""pose"", ""object""], ""fps"": {""pose"": 0, ""object"": 0}, ""eff_fps"": {""pose"": 0, ""object"": 0}, ""latency_ms"": {""pose"": 0, ""object"": 0}, ""svclat_ms"": {""pose"": 0.0, ""object"": 0.0}}, ""b5"": {""services"": [""pose"", ""object""], ""fps"": {""pose"": 0, ""object"": 0}, ""eff_fps"": {""pose"": 0, ""object"": 0}, ""latency_ms"": {""pose"": 0, ""object"": 0}, ""svclat_ms"": {""pose"": 0.0, ""object"": 0.0}}, ""b6"": {""services"": [""pose"", ""object""], ""fps"": {""pose"": 0, ""object"": 0}, ""eff_fps"": {""pose"": 0, ""object"": 0}, ""latency_ms"": {""pose"": 0, ""object"": 0}, ""svclat_ms"": {""pose"": 0.0, ""object"": 0.0}}, ""b7"": {""services"": [""pose"", ""object""], ""fps"": {""pose"": 0, ""object"": 0}, ""eff_fps"": {""pose"": 0, ""object"": 0}, ""latency_ms"": {""pose"": 0, ""object"": 0}, ""svclat_ms"": {""pose"": 0.0, ""object"": 0.0}}, ""b8"": {""services"": [""pose"", ""object""], ""fps"": {""pose"": 0, ""object"": 0}, ""eff_fps"": {""pose"": 0, ""object"": 0}, ""latency_ms"": {""pose"": 0, ""object"": 0}, ""svclat_ms"": {""pose"": 0.0, ""object"": 0.0}}, ""b9"": {""services"": [""pose"", ""object""], ""fps"": {""pose"": 0, ""object"": 0}, ""eff_fps"": {""pose"": 0, ""object"": 0}, ""latency_ms"": {""pose"": 0, ""object"": 0}, ""svclat_ms"": {""pose"": 0.0, ""object"": 0.0}}, ""b10"": {""services"": [""pose"", ""object""], ""fps"": {""pose"": 0, ""object"": 0}, ""eff_fps"": {""pose"": 0, ""object"": 0}, ""latency_ms"": {""pose"": 0, ""object"": 0}, ""svclat_ms"": {""pose"": 0.0, ""object"": 0.0}}, ""b11"": {""services"": [""pose"", ""object""], ""fps"": {""pose"": 0, ""object"": 0}, ""eff_fps"": {""pose"": 0, ""object"": 0}, ""latency_ms"": {""pose"": 0, ""object"": 0}, ""svclat_ms"": {""pose"": 0.0, ""object"": 0.0}}, ""b12"": {""services"": [""pose"", ""object""], ""fps"": {""pose"": 0, ""object"": 0}, ""eff_fps"": {""pose"": 0, ""object"": 0}, ""latency_ms"": {""pose"": 0, ""object"": 0}, ""svclat_ms"": {""pose"": 0.0, ""object"": 0.0}}}"
208.7,3,8,2.667,0,0,15,14,14,1.0,1096.0,478.0,0.436,0.0,4.67,0.0,29.67,0,29.33,29.67,0,29.33,0,0,0,20.52,0,22.14,177,"{""ip-172-31-0-204"": ""healthy"", ""ip-172-31-1-171"": ""healthy"", ""ip-172-31-10-12"": ""healthy"", ""ip-172-31-11-132"": ""healthy"", ""ip-172-31-13-134"": ""healthy"", ""ip-172-31-14-68"": ""healthy"", ""ip-172-31-40-239"": ""healthy""}",subscribe,9.4,0.9958,0,0,"{""ip-172-31-0-204"": {""pose"": 1, ""gesture"": 1, ""object"": 1}, ""ip-172-31-1-171"": {""gesture"": 1, ""pose"": 1, ""object"": 1}, ""ip-172-31-10-12"": {""gesture"": 1, ""pose"": 1}, ""ip-172-31-11-132"": {""gesture"": 1, ""pose"": 1}, ""ip-172-31-13-134"": {""gesture"": 1, ""pose"": 1}, ""ip-172-31-40-239"": {""pose"": 1}, ""ip-172-31-14-68"": {""pose"": 1}}","{""b1"": {""services"": [""pose"", ""object""], ""fps"": {""pose"": 30, ""object"": 29}, ""eff_fps"": {""pose"": 30, ""object"": 29}, ""latency_ms"": {""pose"": 0, ""object"": 0}, ""svclat_ms"": {""pose"": 20.02, ""object"": 23.64}}, ""b2"": {""services"": [""pose"", ""object""], ""fps"": {""pose"": 30, ""object"": 30}, ""eff_fps"": {""pose"": 30, ""object"": 30}, ""latency_ms"": {""pose"": 0, ""object"": 0}, ""svclat_ms"": {""pose"": 19.6, ""object"": 20.81}}, ""b3"": {""services"": [""pose"", ""object""], ""fps"": {""pose"": 29, ""object"": 29}, ""eff_fps"": {""pose"": 29, ""object"": 29}, ""latency_ms"": {""pose"": 0, ""object"": 0}, ""svclat_ms"": {""pose"": 21.93, ""object"": 21.98}}, ""b4"": {""services"": [""pose"", ""object""], ""fps"": {""pose"": 0, ""object"": 0}, ""eff_fps"": {""pose"": 0, ""object"": 0}, ""latency_ms"": {""pose"": 0, ""object"": 0}, ""svclat_ms"": {""pose"": 0.0, ""object"": 0.0}}, ""b5"": {""services"": [""pose"", ""object""], ""fps"": {""pose"": 0, ""object"": 0}, ""eff_fps"": {""pose"": 0, ""object"": 0}, ""latency_ms"": {""pose"": 0, ""object"": 0}, ""svclat_ms"": {""pose"": 0.0, ""object"": 0.0}}, ""b6"": {""services"": [""pose"", ""object""], ""fps"": {""pose"": 0, ""object"": 0}, ""eff_fps"": {""pose"": 0, ""object"": 0}, ""latency_ms"": {""pose"": 0, ""object"": 0}, ""svclat_ms"": {""pose"": 0.0, ""object"": 0.0}}, ""b7"": {""services"": [""pose"", ""object""], ""fps"": {""pose"": 0, ""object"": 0}, ""eff_fps"": {""pose"": 0, ""object"": 0}, ""latency_ms"": {""pose"": 0, ""object"": 0}, ""svclat_ms"": {""pose"": 0.0, ""object"": 0.0}}, ""b8"": {""services"": [""pose"", ""object""], ""fps"": {""pose"": 0, ""object"": 0}, ""eff_fps"": {""pose"": 0, ""object"": 0}, ""latency_ms"": {""pose"": 0, ""object"": 0}, ""svclat_ms"": {""pose"": 0.0, ""object"": 0.0}}, ""b9"": {""services"": [""pose"", ""object""], ""fps"": {""pose"": 0, ""object"": 0}, ""eff_fps"": {""pose"": 0, ""object"": 0}, ""latency_ms"": {""pose"": 0, ""object"": 0}, ""svclat_ms"": {""pose"": 0.0, ""object"": 0.0}}, ""b10"": {""services"": [""pose"", ""object""], ""fps"": {""pose"": 0, ""object"": 0}, ""eff_fps"": {""pose"": 0, ""object"": 0}, ""latency_ms"": {""pose"": 0, ""object"": 0}, ""svclat_ms"": {""pose"": 0.0, ""object"": 0.0}}, ""b11"": {""services"": [""pose"", ""object""], ""fps"": {""pose"": 0, ""object"": 0}, ""eff_fps"": {""pose"": 0, ""object"": 0}, ""latency_ms"": {""pose"": 0, ""object"": 0}, ""svclat_ms"": {""pose"": 0.0, ""object"": 0.0}}, ""b12"": {""services"": [""pose"", ""object""], ""fps"": {""pose"": 0, ""object"": 0}, ""eff_fps"": {""pose"": 0, ""object"": 0}, ""latency_ms"": {""pose"": 0, ""object"": 0}, ""svclat_ms"": {""pose"": 0.0, ""object"": 0.0}}}"
211.1,3,8,2.667,0,0,15,14,14,1.0,1096.0,478.0,0.436,0.0,4.67,0.0,30.0,0,29.67,30.0,0,29.67,0,0,0,20.65,0,22.53,179,"{""ip-172-31-0-204"": ""healthy"", ""ip-172-31-1-171"": ""healthy"", ""ip-172-31-10-12"": ""healthy"", ""ip-172-31-11-132"": ""healthy"", ""ip-172-31-13-134"": ""healthy"", ""ip-172-31-14-68"": ""healthy"", ""ip-172-31-40-239"": ""healthy""}",subscribe,9.4,0.9958,0,0,"{""ip-172-31-0-204"": {""pose"": 1, ""gesture"": 1, ""object"": 1}, ""ip-172-31-1-171"": {""gesture"": 1, ""pose"": 1, ""object"": 1}, ""ip-172-31-10-12"": {""gesture"": 1, ""pose"": 1}, ""ip-172-31-11-132"": {""gesture"": 1, ""pose"": 1}, ""ip-172-31-13-134"": {""gesture"": 1, ""pose"": 1}, ""ip-172-31-40-239"": {""pose"": 1}, ""ip-172-31-14-68"": {""pose"": 1}}","{""b1"": {""services"": [""pose"", ""object""], ""fps"": {""pose"": 30, ""object"": 30}, ""eff_fps"": {""pose"": 30, ""object"": 30}, ""latency_ms"": {""pose"": 0, ""object"": 0}, ""svclat_ms"": {""pose"": 19.6, ""object"": 23.62}}, ""b2"": {""services"": [""pose"", ""object""], ""fps"": {""pose"": 30, ""object"": 30}, ""eff_fps"": {""pose"": 30, ""object"": 30}, ""latency_ms"": {""pose"": 0, ""object"": 0}, ""svclat_ms"": {""pose"": 19.52, ""object"": 20.76}}, ""b3"": {""services"": [""pose"", ""object""], ""fps"": {""pose"": 30, ""object"": 29}, ""eff_fps"": {""pose"": 30, ""object"": 29}, ""latency_ms"": {""pose"": 0, ""object"": 0}, ""svclat_ms"": {""pose"": 22.84, ""object"": 23.21}}, ""b4"": {""services"": [""pose"", ""object""], ""fps"": {""pose"": 0, ""object"": 0}, ""eff_fps"": {""pose"": 0, ""object"": 0}, ""latency_ms"": {""pose"": 0, ""object"": 0}, ""svclat_ms"": {""pose"": 0.0, ""object"": 0.0}}, ""b5"": {""services"": [""pose"", ""object""], ""fps"": {""pose"": 0, ""object"": 0}, ""eff_fps"": {""pose"": 0, ""object"": 0}, ""latency_ms"": {""pose"": 0, ""object"": 0}, ""svclat_ms"": {""pose"": 0.0, ""object"": 0.0}}, ""b6"": {""services"": [""pose"", ""object""], ""fps"": {""pose"": 0, ""object"": 0}, ""eff_fps"": {""pose"": 0, ""object"": 0}, ""latency_ms"": {""pose"": 0, ""object"": 0}, ""svclat_ms"": {""pose"": 0.0, ""object"": 0.0}}, ""b7"": {""services"": [""pose"", ""object""], ""fps"": {""pose"": 0, ""object"": 0}, ""eff_fps"": {""pose"": 0, ""object"": 0}, ""latency_ms"": {""pose"": 0, ""object"": 0}, ""svclat_ms"": {""pose"": 0.0, ""object"": 0.0}}, ""b8"": {""services"": [""pose"", ""object""], ""fps"": {""pose"": 0, ""object"": 0}, ""eff_fps"": {""pose"": 0, ""object"": 0}, ""latency_ms"": {""pose"": 0, ""object"": 0}, ""svclat_ms"": {""pose"": 0.0, ""object"": 0.0}}, ""b9"": {""services"": [""pose"", ""object""], ""fps"": {""pose"": 0, ""object"": 0}, ""eff_fps"": {""pose"": 0, ""object"": 0}, ""latency_ms"": {""pose"": 0, ""object"": 0}, ""svclat_ms"": {""pose"": 0.0, ""object"": 0.0}}, ""b10"": {""services"": [""pose"", ""object""], ""fps"": {""pose"": 0, ""object"": 0}, ""eff_fps"": {""pose"": 0, ""object"": 0}, ""latency_ms"": {""pose"": 0, ""object"": 0}, ""svclat_ms"": {""pose"": 0.0, ""object"": 0.0}}, ""b11"": {""services"": [""pose"", ""object""], ""fps"": {""pose"": 0, ""object"": 0}, ""eff_fps"": {""pose"": 0, ""object"": 0}, ""latency_ms"": {""pose"": 0, ""object"": 0}, ""svclat_ms"": {""pose"": 0.0, ""object"": 0.0}}, ""b12"": {""services"": [""pose"", ""object""], ""fps"": {""pose"": 0, ""object"": 0}, ""eff_fps"": {""pose"": 0, ""object"": 0}, ""latency_ms"": {""pose"": 0, ""object"": 0}, ""svclat_ms"": {""pose"": 0.0, ""object"": 0.0}}, ""b13"": {""services"": [""pose"", ""object""], ""fps"": {""pose"": 0, ""object"": 0}, ""eff_fps"": {""pose"": 0, ""object"": 0}, ""latency_ms"": {""pose"": 0, ""object"": 0}, ""svclat_ms"": {""pose"": 0.0, ""object"": 0.0}}}"
215.9,3,3,1.0,1,9,25,6,6,1.0,414.0,180,0.435,0.0,2.0,0.0,30.0,0,29.67,30.0,0,29.67,0,0,0,20.44,0,20.46,179,"{""ip-172-31-0-204"": ""healthy"", ""ip-172-31-1-171"": ""healthy"", ""ip-172-31-10-12"": ""healthy"", ""ip-172-31-11-132"": ""healthy"", ""ip-172-31-13-134"": ""healthy"", ""ip-172-31-14-68"": ""healthy"", ""ip-172-31-40-239"": ""healthy""}",unsubscribe,12.7,1.0,0,0,"{""ip-172-31-0-204"": {""pose"": 1, ""object"": 1}, ""ip-172-31-1-171"": {""pose"": 1, ""object"": 1}, ""ip-172-31-10-12"": {""pose"": 1, ""object"": 1}}","{""b1"": {""services"": [""pose"", ""object""], ""fps"": {""pose"": 30, ""object"": 30}, ""eff_fps"": {""pose"": 30, ""object"": 30}, ""latency_ms"": {""pose"": 0, ""object"": 0}, ""svclat_ms"": {""pose"": 20.67, ""object"": 20.47}}, ""b2"": {""services"": [""pose"", ""object""], ""fps"": {""pose"": 30, ""object"": 30}, ""eff_fps"": {""pose"": 30, ""object"": 30}, ""latency_ms"": {""pose"": 0, ""object"": 0}, ""svclat_ms"": {""pose"": 19.56, ""object"": 21.43}}, ""b3"": {""services"": [""pose"", ""object""], ""fps"": {""pose"": 30, ""object"": 29}, ""eff_fps"": {""pose"": 30, ""object"": 29}, ""latency_ms"": {""pose"": 0, ""object"": 0}, ""svclat_ms"": {""pose"": 21.1, ""object"": 19.47}}, ""b4"": {""services"": [""pose"", ""object""], ""fps"": {""pose"": 0, ""object"": 0}, ""eff_fps"": {""pose"": 0, ""object"": 0}, ""latency_ms"": {""pose"": 0, ""object"": 0}, ""svclat_ms"": {""pose"": 0.0, ""object"": 0.0}}, ""b5"": {""services"": [""pose"", ""object""], ""fps"": {""pose"": 0, ""object"": 0}, ""eff_fps"": {""pose"": 0, ""object"": 0}, ""latency_ms"": {""pose"": 0, ""object"": 0}, ""svclat_ms"": {""pose"": 0.0, ""object"": 0.0}}, ""b6"": {""services"": [""pose"", ""object""], ""fps"": {""pose"": 0, ""object"": 0}, ""eff_fps"": {""pose"": 0, ""object"": 0}, ""latency_ms"": {""pose"": 0, ""object"": 0}, ""svclat_ms"": {""pose"": 0.0, ""object"": 0.0}}, ""b7"": {""services"": [""pose"", ""object""], ""fps"": {""pose"": 0, ""object"": 0}, ""eff_fps"": {""pose"": 0, ""object"": 0}, ""latency_ms"": {""pose"": 0, ""object"": 0}, ""svclat_ms"": {""pose"": 0.0, ""object"": 0.0}}, ""b8"": {""services"": [""pose"", ""object""], ""fps"": {""pose"": 0, ""object"": 0}, ""eff_fps"": {""pose"": 0, ""object"": 0}, ""latency_ms"": {""pose"": 0, ""object"": 0}, ""svclat_ms"": {""pose"": 0.0, ""object"": 0.0}}, ""b9"": {""services"": [""pose"", ""object""], ""fps"": {""pose"": 0, ""object"": 0}, ""eff_fps"": {""pose"": 0, ""object"": 0}, ""latency_ms"": {""pose"": 0, ""object"": 0}, ""svclat_ms"": {""pose"": 0.0, ""object"": 0.0}}, ""b10"": {""services"": [""pose"", ""object""], ""fps"": {""pose"": 0, ""object"": 0}, ""eff_fps"": {""pose"": 0, ""object"": 0}, ""latency_ms"": {""pose"": 0, ""object"": 0}, ""svclat_ms"": {""pose"": 0.0, ""object"": 0.0}}, ""b11"": {""services"": [""pose"", ""object""], ""fps"": {""pose"": 0, ""object"": 0}, ""eff_fps"": {""pose"": 0, ""object"": 0}, ""latency_ms"": {""pose"": 0, ""object"": 0}, ""svclat_ms"": {""pose"": 0.0, ""object"": 0.0}}, ""b12"": {""services"": [""pose"", ""object""], ""fps"": {""pose"": 0, ""object"": 0}, ""eff_fps"": {""pose"": 0, ""object"": 0}, ""latency_ms"": {""pose"": 0, ""object"": 0}, ""svclat_ms"": {""pose"": 0.0, ""object"": 0.0}}, ""b13"": {""services"": [""pose"", ""object""], ""fps"": {""pose"": 0, ""object"": 0}, ""eff_fps"": {""pose"": 0, ""object"": 0}, ""latency_ms"": {""pose"": 0, ""object"": 0}, ""svclat_ms"": {""pose"": 0.0, ""object"": 0.0}}, ""b14"": {""services"": [""pose"", ""object""], ""fps"": {""pose"": 0, ""object"": 0}, ""eff_fps"": {""pose"": 0, ""object"": 0}, ""latency_ms"": {""pose"": 0, ""object"": 0}, ""svclat_ms"": {""pose"": 0.0, ""object"": 0.0}}}"
220.4,3,3,1.0,0,0,25,6,6,1.0,414.0,180,0.435,0.0,2.0,0.0,30.0,0,30.0,30.0,0,30.0,0,0,0,21.81,0,20.6,180,"{""ip-172-31-0-204"": ""healthy"", ""ip-172-31-1-171"": ""healthy"", ""ip-172-31-10-12"": ""healthy"", ""ip-172-31-11-132"": ""healthy"", ""ip-172-31-13-134"": ""healthy"", ""ip-172-31-14-68"": ""healthy"", ""ip-172-31-40-239"": ""healthy""}",unsubscribe,12.1,1.0,0,0,"{""ip-172-31-0-204"": {""pose"": 1, ""object"": 1}, ""ip-172-31-1-171"": {""pose"": 1, ""object"": 1}, ""ip-172-31-10-12"": {""pose"": 1, ""object"": 1}}","{""b1"": {""services"": [""pose"", ""object""], ""fps"": {""pose"": 30, ""object"": 30}, ""eff_fps"": {""pose"": 30, ""object"": 30}, ""latency_ms"": {""pose"": 0, ""object"": 0}, ""svclat_ms"": {""pose"": 20.43, ""object"": 20.32}}, ""b2"": {""services"": [""pose"", ""object""], ""fps"": {""pose"": 30, ""object"": 30}, ""eff_fps"": {""pose"": 30, ""object"": 30}, ""latency_ms"": {""pose"": 0, ""object"": 0}, ""svclat_ms"": {""pose"": 21.12, ""object"": 20.86}}, ""b3"": {""services"": [""pose"", ""object""], ""fps"": {""pose"": 30, ""object"": 30}, ""eff_fps"": {""pose"": 30, ""object"": 30}, ""latency_ms"": {""pose"": 0, ""object"": 0}, ""svclat_ms"": {""pose"": 23.89, ""object"": 20.61}}, ""b4"": {""services"": [""pose"", ""object""], ""fps"": {""pose"": 0, ""object"": 0}, ""eff_fps"": {""pose"": 0, ""object"": 0}, ""latency_ms"": {""pose"": 0, ""object"": 0}, ""svclat_ms"": {""pose"": 0.0, ""object"": 0.0}}, ""b5"": {""services"": [""pose"", ""object""], ""fps"": {""pose"": 0, ""object"": 0}, ""eff_fps"": {""pose"": 0, ""object"": 0}, ""latency_ms"": {""pose"": 0, ""object"": 0}, ""svclat_ms"": {""pose"": 0.0, ""object"": 0.0}}, ""b6"": {""services"": [""pose"", ""object""], ""fps"": {""pose"": 0, ""object"": 0}, ""eff_fps"": {""pose"": 0, ""object"": 0}, ""latency_ms"": {""pose"": 0, ""object"": 0}, ""svclat_ms"": {""pose"": 0.0, ""object"": 0.0}}, ""b7"": {""services"": [""pose"", ""object""], ""fps"": {""pose"": 0, ""object"": 0}, ""eff_fps"": {""pose"": 0, ""object"": 0}, ""latency_ms"": {""pose"": 0, ""object"": 0}, ""svclat_ms"": {""pose"": 0.0, ""object"": 0.0}}, ""b8"": {""services"": [""pose"", ""object""], ""fps"": {""pose"": 0, ""object"": 0}, ""eff_fps"": {""pose"": 0, ""object"": 0}, ""latency_ms"": {""pose"": 0, ""object"": 0}, ""svclat_ms"": {""pose"": 0.0, ""object"": 0.0}}, ""b9"": {""services"": [""pose"", ""object""], ""fps"": {""pose"": 0, ""object"": 0}, ""eff_fps"": {""pose"": 0, ""object"": 0}, ""latency_ms"": {""pose"": 0, ""object"": 0}, ""svclat_ms"": {""pose"": 0.0, ""object"": 0.0}}, ""b10"": {""services"": [""pose"", ""object""], ""fps"": {""pose"": 0, ""object"": 0}, ""eff_fps"": {""pose"": 0, ""object"": 0}, ""latency_ms"": {""pose"": 0, ""object"": 0}, ""svclat_ms"": {""pose"": 0.0, ""object"": 0.0}}, ""b11"": {""services"": [""pose"", ""object""], ""fps"": {""pose"": 0, ""object"": 0}, ""eff_fps"": {""pose"": 0, ""object"": 0}, ""latency_ms"": {""pose"": 0, ""object"": 0}, ""svclat_ms"": {""pose"": 0.0, ""object"": 0.0}}, ""b12"": {""services"": [""pose"", ""object""], ""fps"": {""pose"": 0, ""object"": 0}, ""eff_fps"": {""pose"": 0, ""object"": 0}, ""latency_ms"": {""pose"": 0, ""object"": 0}, ""svclat_ms"": {""pose"": 0.0, ""object"": 0.0}}, ""b13"": {""services"": [""pose"", ""object""], ""fps"": {""pose"": 0, ""object"": 0}, ""eff_fps"": {""pose"": 0, ""object"": 0}, ""latency_ms"": {""pose"": 0, ""object"": 0}, ""svclat_ms"": {""pose"": 0.0, ""object"": 0.0}}, ""b14"": {""services"": [""pose"", ""object""], ""fps"": {""pose"": 0, ""object"": 0}, ""eff_fps"": {""pose"": 0, ""object"": 0}, ""latency_ms"": {""pose"": 0, ""object"": 0}, ""svclat_ms"": {""pose"": 0.0, ""object"": 0.0}}, ""b15"": {""services"": [""pose"", ""object""], ""fps"": {""pose"": 0, ""object"": 0}, ""eff_fps"": {""pose"": 0, ""object"": 0}, ""latency_ms"": {""pose"": 0, ""object"": 0}, ""svclat_ms"": {""pose"": 0.0, ""object"": 0.0}}}"
225.1,4,3,0.75,0,0,25,6,6,1.0,414.0,180,0.435,0.0,2.0,0.0,30.0,0,30.33,30.0,0,30.33,0,0,0,22.27,0,21.51,181,"{""ip-172-31-0-204"": ""healthy"", ""ip-172-31-1-171"": ""healthy"", ""ip-172-31-10-12"": ""healthy"", ""ip-172-31-11-132"": ""healthy"", ""ip-172-31-13-134"": ""healthy"", ""ip-172-31-14-68"": ""healthy"", ""ip-172-31-40-239"": ""healthy""}",unsubscribe,12.0,1.0,0,0,"{""ip-172-31-0-204"": {""pose"": 1, ""object"": 1}, ""ip-172-31-1-171"": {""pose"": 1, ""object"": 1}, ""ip-172-31-10-12"": {""pose"": 1, ""object"": 1}}","{""b1"": {""services"": [""pose"", ""object""], ""fps"": {""pose"": 30, ""object"": 30}, ""eff_fps"": {""pose"": 30, ""object"": 30}, ""latency_ms"": {""pose"": 0, ""object"": 0}, ""svclat_ms"": {""pose"": 26.59, ""object"": 24.74}}, ""b2"": {""services"": [""pose"", ""object""], ""fps"": {""pose"": 30, ""object"": 30}, ""eff_fps"": {""pose"": 30, ""object"": 30}, ""latency_ms"": {""pose"": 0, ""object"": 0}, ""svclat_ms"": {""pose"": 19.65, ""object"": 20.94}}, ""b3"": {""services"": [""pose"", ""object""], ""fps"": {""pose"": 30, ""object"": 31}, ""eff_fps"": {""pose"": 30, ""object"": 31}, ""latency_ms"": {""pose"": 0, ""object"": 0}, ""svclat_ms"": {""pose"": 20.57, ""object"": 18.84}}, ""b4"": {""services"": [""pose"", ""object""], ""fps"": {""pose"": 0, ""object"": 0}, ""eff_fps"": {""pose"": 0, ""object"": 0}, ""latency_ms"": {""pose"": 0, ""object"": 0}, ""svclat_ms"": {""pose"": 0.0, ""object"": 0.0}}, ""b5"": {""services"": [""pose"", ""object""], ""fps"": {""pose"": 0, ""object"": 0}, ""eff_fps"": {""pose"": 0, ""object"": 0}, ""latency_ms"": {""pose"": 0, ""object"": 0}, ""svclat_ms"": {""pose"": 0.0, ""object"": 0.0}}, ""b6"": {""services"": [""pose"", ""object""], ""fps"": {""pose"": 0, ""object"": 0}, ""eff_fps"": {""pose"": 0, ""object"": 0}, ""latency_ms"": {""pose"": 0, ""object"": 0}, ""svclat_ms"": {""pose"": 0.0, ""object"": 0.0}}, ""b7"": {""services"": [""pose"", ""object""], ""fps"": {""pose"": 0, ""object"": 0}, ""eff_fps"": {""pose"": 0, ""object"": 0}, ""latency_ms"": {""pose"": 0, ""object"": 0}, ""svclat_ms"": {""pose"": 0.0, ""object"": 0.0}}, ""b8"": {""services"": [""pose"", ""object""], ""fps"": {""pose"": 0, ""object"": 0}, ""eff_fps"": {""pose"": 0, ""object"": 0}, ""latency_ms"": {""pose"": 0, ""object"": 0}, ""svclat_ms"": {""pose"": 0.0, ""object"": 0.0}}, ""b9"": {""services"": [""pose"", ""object""], ""fps"": {""pose"": 0, ""object"": 0}, ""eff_fps"": {""pose"": 0, ""object"": 0}, ""latency_ms"": {""pose"": 0, ""object"": 0}, ""svclat_ms"": {""pose"": 0.0, ""object"": 0.0}}, ""b10"": {""services"": [""pose"", ""object""], ""fps"": {""pose"": 0, ""object"": 0}, ""eff_fps"": {""pose"": 0, ""object"": 0}, ""latency_ms"": {""pose"": 0, ""object"": 0}, ""svclat_ms"": {""pose"": 0.0, ""object"": 0.0}}, ""b11"": {""services"": [""pose"", ""object""], ""fps"": {""pose"": 0, ""object"": 0}, ""eff_fps"": {""pose"": 0, ""object"": 0}, ""latency_ms"": {""pose"": 0, ""object"": 0}, ""svclat_ms"": {""pose"": 0.0, ""object"": 0.0}}, ""b12"": {""services"": [""pose"", ""object""], ""fps"": {""pose"": 0, ""object"": 0}, ""eff_fps"": {""pose"": 0, ""object"": 0}, ""latency_ms"": {""pose"": 0, ""object"": 0}, ""svclat_ms"": {""pose"": 0.0, ""object"": 0.0}}, ""b13"": {""services"": [""pose"", ""object""], ""fps"": {""pose"": 0, ""object"": 0}, ""eff_fps"": {""pose"": 0, ""object"": 0}, ""latency_ms"": {""pose"": 0, ""object"": 0}, ""svclat_ms"": {""pose"": 0.0, ""object"": 0.0}}, ""b14"": {""services"": [""pose"", ""object""], ""fps"": {""pose"": 0, ""object"": 0}, ""eff_fps"": {""pose"": 0, ""object"": 0}, ""latency_ms"": {""pose"": 0, ""object"": 0}, ""svclat_ms"": {""pose"": 0.0, ""object"": 0.0}}, ""b15"": {""services"": [""pose"", ""object""], ""fps"": {""pose"": 0, ""object"": 0}, ""eff_fps"": {""pose"": 0, ""object"": 0}, ""latency_ms"": {""pose"": 0, ""object"": 0}, ""svclat_ms"": {""pose"": 0.0, ""object"": 0.0}}}"
229.9,6,5,0.833,0,0,25,6,6,1.0,414.0,300,0.725,0.0,1.2,0.0,30.33,0,29.0,30.33,0,28.67,0,0,0,23.93,0,25.83,178,"{""ip-172-31-0-204"": ""healthy"", ""ip-172-31-1-171"": ""healthy"", ""ip-172-31-10-12"": ""healthy"", ""ip-172-31-11-132"": ""healthy"", ""ip-172-31-13-134"": ""healthy"", ""ip-172-31-14-68"": ""healthy"", ""ip-172-31-40-239"": ""healthy""}",subscribe,10.0,1.0,0,0,"{""ip-172-31-0-204"": {""pose"": 1, ""object"": 1}, ""ip-172-31-1-171"": {""pose"": 1, ""object"": 1}, ""ip-172-31-10-12"": {""pose"": 1, ""object"": 1}}","{""b1"": {""services"": [""pose"", ""object""], ""fps"": {""pose"": 30, ""object"": 30}, ""eff_fps"": {""pose"": 30, ""object"": 30}, ""latency_ms"": {""pose"": 0, ""object"": 0}, ""svclat_ms"": {""pose"": 24.5, ""object"": 25.01}}, ""b2"": {""services"": [""pose"", ""object""], ""fps"": {""pose"": 30, ""object"": 30}, ""eff_fps"": {""pose"": 30, ""object"": 30}, ""latency_ms"": {""pose"": 0, ""object"": 0}, ""svclat_ms"": {""pose"": 21.14, ""object"": 26.6}}, ""b3"": {""services"": [""pose"", ""object""], ""fps"": {""pose"": 31, ""object"": 27}, ""eff_fps"": {""pose"": 31, ""object"": 26}, ""latency_ms"": {""pose"": 0, ""object"": 0}, ""svclat_ms"": {""pose"": 26.16, ""object"": 25.89}}, ""b4"": {""services"": [""pose"", ""object""], ""fps"": {""pose"": 0, ""object"": 0}, ""eff_fps"": {""pose"": 0, ""object"": 0}, ""latency_ms"": {""pose"": 0, ""object"": 0}, ""svclat_ms"": {""pose"": 0.0, ""object"": 0.0}}, ""b5"": {""services"": [""pose"", ""object""], ""fps"": {""pose"": 0, ""object"": 0}, ""eff_fps"": {""pose"": 0, ""object"": 0}, ""latency_ms"": {""pose"": 0, ""object"": 0}, ""svclat_ms"": {""pose"": 0.0, ""object"": 0.0}}, ""b6"": {""services"": [""pose"", ""object""], ""fps"": {""pose"": 0, ""object"": 0}, ""eff_fps"": {""pose"": 0, ""object"": 0}, ""latency_ms"": {""pose"": 0, ""object"": 0}, ""svclat_ms"": {""pose"": 0.0, ""object"": 0.0}}, ""b7"": {""services"": [""pose"", ""object""], ""fps"": {""pose"": 0, ""object"": 0}, ""eff_fps"": {""pose"": 0, ""object"": 0}, ""latency_ms"": {""pose"": 0, ""object"": 0}, ""svclat_ms"": {""pose"": 0.0, ""object"": 0.0}}, ""b8"": {""services"": [""pose"", ""object""], ""fps"": {""pose"": 0, ""object"": 0}, ""eff_fps"": {""pose"": 0, ""object"": 0}, ""latency_ms"": {""pose"": 0, ""object"": 0}, ""svclat_ms"": {""pose"": 0.0, ""object"": 0.0}}, ""b9"": {""services"": [""pose"", ""object""], ""fps"": {""pose"": 0, ""object"": 0}, ""eff_fps"": {""pose"": 0, ""object"": 0}, ""latency_ms"": {""pose"": 0, ""object"": 0}, ""svclat_ms"": {""pose"": 0.0, ""object"": 0.0}}, ""b10"": {""services"": [""pose"", ""object""], ""fps"": {""pose"": 0, ""object"": 0}, ""eff_fps"": {""pose"": 0, ""object"": 0}, ""latency_ms"": {""pose"": 0, ""object"": 0}, ""svclat_ms"": {""pose"": 0.0, ""object"": 0.0}}, ""b11"": {""services"": [""pose"", ""object""], ""fps"": {""pose"": 0, ""object"": 0}, ""eff_fps"": {""pose"": 0, ""object"": 0}, ""latency_ms"": {""pose"": 0, ""object"": 0}, ""svclat_ms"": {""pose"": 0.0, ""object"": 0.0}}, ""b12"": {""services"": [""pose"", ""object""], ""fps"": {""pose"": 0, ""object"": 0}, ""eff_fps"": {""pose"": 0, ""object"": 0}, ""latency_ms"": {""pose"": 0, ""object"": 0}, ""svclat_ms"": {""pose"": 0.0, ""object"": 0.0}}, ""b13"": {""services"": [""pose"", ""object""], ""fps"": {""pose"": 0, ""object"": 0}, ""eff_fps"": {""pose"": 0, ""object"": 0}, ""latency_ms"": {""pose"": 0, ""object"": 0}, ""svclat_ms"": {""pose"": 0.0, ""object"": 0.0}}, ""b14"": {""services"": [""pose"", ""object""], ""fps"": {""pose"": 0, ""object"": 0}, ""eff_fps"": {""pose"": 0, ""object"": 0}, ""latency_ms"": {""pose"": 0, ""object"": 0}, ""svclat_ms"": {""pose"": 0.0, ""object"": 0.0}}, ""b15"": {""services"": [""pose"", ""object""], ""fps"": {""pose"": 0, ""object"": 0}, ""eff_fps"": {""pose"": 0, ""object"": 0}, ""latency_ms"": {""pose"": 0, ""object"": 0}, ""svclat_ms"": {""pose"": 0.0, ""object"": 0.0}}}"
234.8,8,7,0.875,0,0,25,6,6,1.0,414.0,378.0,0.913,0.0,0.86,0.0,26.5,0,26.5,26.5,0,26.5,0,0,0,24.15,0,28.68,106,"{""ip-172-31-0-204"": ""healthy"", ""ip-172-31-1-171"": ""healthy"", ""ip-172-31-10-12"": ""healthy"", ""ip-172-31-11-132"": ""healthy"", ""ip-172-31-13-134"": ""healthy"", ""ip-172-31-14-68"": ""healthy"", ""ip-172-31-40-239"": ""healthy""}",subscribe,9.5,0.9,0,0,"{""ip-172-31-0-204"": {""pose"": 1, ""object"": 1}, ""ip-172-31-1-171"": {""pose"": 1, ""object"": 1}, ""ip-172-31-10-12"": {""pose"": 1, ""object"": 1}}","{""b2"": {""services"": [""pose"", ""object""], ""fps"": {""pose"": 23, ""object"": 23}, ""eff_fps"": {""pose"": 23, ""object"": 23}, ""latency_ms"": {""pose"": 0, ""object"": 0}, ""svclat_ms"": {""pose"": 24.17, ""object"": 34.58}}, ""b3"": {""services"": [""pose"", ""object""], ""fps"": {""pose"": 30, ""object"": 30}, ""eff_fps"": {""pose"": 30, ""object"": 30}, ""latency_ms"": {""pose"": 0, ""object"": 0}, ""svclat_ms"": {""pose"": 24.12, ""object"": 22.79}}, ""b4"": {""services"": [""pose"", ""object""], ""fps"": {""pose"": 0, ""object"": 0}, ""eff_fps"": {""pose"": 0, ""object"": 0}, ""latency_ms"": {""pose"": 0, ""object"": 0}, ""svclat_ms"": {""pose"": 0.0, ""object"": 0.0}}, ""b5"": {""services"": [""pose"", ""object""], ""fps"": {""pose"": 0, ""object"": 0}, ""eff_fps"": {""pose"": 0, ""object"": 0}, ""latency_ms"": {""pose"": 0, ""object"": 0}, ""svclat_ms"": {""pose"": 0.0, ""object"": 0.0}}, ""b6"": {""services"": [""pose"", ""object""], ""fps"": {""pose"": 0, ""object"": 0}, ""eff_fps"": {""pose"": 0, ""object"": 0}, ""latency_ms"": {""pose"": 0, ""object"": 0}, ""svclat_ms"": {""pose"": 0.0, ""object"": 0.0}}, ""b7"": {""services"": [""pose"", ""object""], ""fps"": {""pose"": 0, ""object"": 0}, ""eff_fps"": {""pose"": 0, ""object"": 0}, ""latency_ms"": {""pose"": 0, ""object"": 0}, ""svclat_ms"": {""pose"": 0.0, ""object"": 0.0}}, ""b8"": {""services"": [""pose"", ""object""], ""fps"": {""pose"": 0, ""object"": 0}, ""eff_fps"": {""pose"": 0, ""object"": 0}, ""latency_ms"": {""pose"": 0, ""object"": 0}, ""svclat_ms"": {""pose"": 0.0, ""object"": 0.0}}, ""b9"": {""services"": [""pose"", ""object""], ""fps"": {""pose"": 0, ""object"": 0}, ""eff_fps"": {""pose"": 0, ""object"": 0}, ""latency_ms"": {""pose"": 0, ""object"": 0}, ""svclat_ms"": {""pose"": 0.0, ""object"": 0.0}}, ""b10"": {""services"": [""pose"", ""object""], ""fps"": {""pose"": 0, ""object"": 0}, ""eff_fps"": {""pose"": 0, ""object"": 0}, ""latency_ms"": {""pose"": 0, ""object"": 0}, ""svclat_ms"": {""pose"": 0.0, ""object"": 0.0}}, ""b11"": {""services"": [""pose"", ""object""], ""fps"": {""pose"": 0, ""object"": 0}, ""eff_fps"": {""pose"": 0, ""object"": 0}, ""latency_ms"": {""pose"": 0, ""object"": 0}, ""svclat_ms"": {""pose"": 0.0, ""object"": 0.0}}, ""b12"": {""services"": [""pose"", ""object""], ""fps"": {""pose"": 0, ""object"": 0}, ""eff_fps"": {""pose"": 0, ""object"": 0}, ""latency_ms"": {""pose"": 0, ""object"": 0}, ""svclat_ms"": {""pose"": 0.0, ""object"": 0.0}}, ""b13"": {""services"": [""pose"", ""object""], ""fps"": {""pose"": 0, ""object"": 0}, ""eff_fps"": {""pose"": 0, ""object"": 0}, ""latency_ms"": {""pose"": 0, ""object"": 0}, ""svclat_ms"": {""pose"": 0.0, ""object"": 0.0}}, ""b14"": {""services"": [""pose"", ""object""], ""fps"": {""pose"": 0, ""object"": 0}, ""eff_fps"": {""pose"": 0, ""object"": 0}, ""latency_ms"": {""pose"": 0, ""object"": 0}, ""svclat_ms"": {""pose"": 0.0, ""object"": 0.0}}, ""b15"": {""services"": [""pose"", ""object""], ""fps"": {""pose"": 0, ""object"": 0}, ""eff_fps"": {""pose"": 0, ""object"": 0}, ""latency_ms"": {""pose"": 0, ""object"": 0}, ""svclat_ms"": {""pose"": 0.0, ""object"": 0.0}}}"
239.1,9,8,0.889,0,0,25,6,6,1.0,414.0,396.0,0.957,0.0,0.75,0.0,23.0,0,23.0,23.0,0,23.0,0,0,0,26.88,0,31.98,92,"{""ip-172-31-0-204"": ""healthy"", ""ip-172-31-1-171"": ""healthy"", ""ip-172-31-10-12"": ""healthy"", ""ip-172-31-11-132"": ""healthy"", ""ip-172-31-13-134"": ""healthy"", ""ip-172-31-14-68"": ""healthy"", ""ip-172-31-40-239"": ""healthy""}",subscribe,9.2,0.825,0,0,"{""ip-172-31-0-204"": {""pose"": 1, ""object"": 1}, ""ip-172-31-1-171"": {""pose"": 1, ""object"": 1}, ""ip-172-31-10-12"": {""pose"": 1, ""object"": 1}}","{""b2"": {""services"": [""pose"", ""object""], ""fps"": {""pose"": 23, ""object"": 23}, ""eff_fps"": {""pose"": 23, ""object"": 23}, ""latency_ms"": {""pose"": 0, ""object"": 0}, ""svclat_ms"": {""pose"": 23.4, ""object"": 37.86}}, ""b3"": {""services"": [""pose"", ""object""], ""fps"": {""pose"": 23, ""object"": 23}, ""eff_fps"": {""pose"": 23, ""object"": 23}, ""latency_ms"": {""pose"": 0, ""object"": 0}, ""svclat_ms"": {""pose"": 30.36, ""object"": 26.11}}, ""b4"": {""services"": [""pose"", ""object""], ""fps"": {""pose"": 0, ""object"": 0}, ""eff_fps"": {""pose"": 0, ""object"": 0}, ""latency_ms"": {""pose"": 0, ""object"": 0}, ""svclat_ms"": {""pose"": 0.0, ""object"": 0.0}}, ""b5"": {""services"": [""pose"", ""object""], ""fps"": {""pose"": 0, ""object"": 0}, ""eff_fps"": {""pose"": 0, ""object"": 0}, ""latency_ms"": {""pose"": 0, ""object"": 0}, ""svclat_ms"": {""pose"": 0.0, ""object"": 0.0}}, ""b6"": {""services"": [""pose"", ""object""], ""fps"": {""pose"": 0, ""object"": 0}, ""eff_fps"": {""pose"": 0, ""object"": 0}, ""latency_ms"": {""pose"": 0, ""object"": 0}, ""svclat_ms"": {""pose"": 0.0, ""object"": 0.0}}, ""b7"": {""services"": [""pose"", ""object""], ""fps"": {""pose"": 0, ""object"": 0}, ""eff_fps"": {""pose"": 0, ""object"": 0}, ""latency_ms"": {""pose"": 0, ""object"": 0}, ""svclat_ms"": {""pose"": 0.0, ""object"": 0.0}}, ""b8"": {""services"": [""pose"", ""object""], ""fps"": {""pose"": 0, ""object"": 0}, ""eff_fps"": {""pose"": 0, ""object"": 0}, ""latency_ms"": {""pose"": 0, ""object"": 0}, ""svclat_ms"": {""pose"": 0.0, ""object"": 0.0}}, ""b9"": {""services"": [""pose"", ""object""], ""fps"": {""pose"": 0, ""object"": 0}, ""eff_fps"": {""pose"": 0, ""object"": 0}, ""latency_ms"": {""pose"": 0, ""object"": 0}, ""svclat_ms"": {""pose"": 0.0, ""object"": 0.0}}, ""b10"": {""services"": [""pose"", ""object""], ""fps"": {""pose"": 0, ""object"": 0}, ""eff_fps"": {""pose"": 0, ""object"": 0}, ""latency_ms"": {""pose"": 0, ""object"": 0}, ""svclat_ms"": {""pose"": 0.0, ""object"": 0.0}}, ""b11"": {""services"": [""pose"", ""object""], ""fps"": {""pose"": 0, ""object"": 0}, ""eff_fps"": {""pose"": 0, ""object"": 0}, ""latency_ms"": {""pose"": 0, ""object"": 0}, ""svclat_ms"": {""pose"": 0.0, ""object"": 0.0}}, ""b12"": {""services"": [""pose"", ""object""], ""fps"": {""pose"": 0, ""object"": 0}, ""eff_fps"": {""pose"": 0, ""object"": 0}, ""latency_ms"": {""pose"": 0, ""object"": 0}, ""svclat_ms"": {""pose"": 0.0, ""object"": 0.0}}, ""b13"": {""services"": [""pose"", ""object""], ""fps"": {""pose"": 0, ""object"": 0}, ""eff_fps"": {""pose"": 0, ""object"": 0}, ""latency_ms"": {""pose"": 0, ""object"": 0}, ""svclat_ms"": {""pose"": 0.0, ""object"": 0.0}}, ""b14"": {""services"": [""pose"", ""object""], ""fps"": {""pose"": 0, ""object"": 0}, ""eff_fps"": {""pose"": 0, ""object"": 0}, ""latency_ms"": {""pose"": 0, ""object"": 0}, ""svclat_ms"": {""pose"": 0.0, ""object"": 0.0}}, ""b15"": {""services"": [""pose"", ""object""], ""fps"": {""pose"": 0, ""object"": 0}, ""eff_fps"": {""pose"": 0, ""object"": 0}, ""latency_ms"": {""pose"": 0, ""object"": 0}, ""svclat_ms"": {""pose"": 0.0, ""object"": 0.0}}}"
242.8,9,9,1.0,0,0,25,6,6,1.0,414.0,414.0,1.0,0.0,0.67,0.0,23.0,0,23.22,23.0,0,23.22,0,0,0,28.05,0,30.16,416,"{""ip-172-31-0-204"": ""healthy"", ""ip-172-31-1-171"": ""healthy"", ""ip-172-31-10-12"": ""healthy"", ""ip-172-31-11-132"": ""healthy"", ""ip-172-31-13-134"": ""healthy"", ""ip-172-31-14-68"": ""healthy"", ""ip-172-31-40-239"": ""healthy""}",subscribe,9.5,0.7667,0,0,"{""ip-172-31-0-204"": {""pose"": 1, ""object"": 1}, ""ip-172-31-1-171"": {""pose"": 1, ""object"": 1}, ""ip-172-31-10-12"": {""pose"": 1, ""object"": 1}}","{""b2"": {""services"": [""pose"", ""object""], ""fps"": {""pose"": 23, ""object"": 23}, ""eff_fps"": {""pose"": 23, ""object"": 23}, ""latency_ms"": {""pose"": 0, ""object"": 0}, ""svclat_ms"": {""pose"": 27.36, ""object"": 29.76}}, ""b3"": {""services"": [""pose"", ""object""], ""fps"": {""pose"": 23, ""object"": 23}, ""eff_fps"": {""pose"": 23, ""object"": 23}, ""latency_ms"": {""pose"": 0, ""object"": 0}, ""svclat_ms"": {""pose"": 25.84, ""object"": 26.6}}, ""b4"": {""services"": [""pose"", ""object""], ""fps"": {""pose"": 23, ""object"": 23}, ""eff_fps"": {""pose"": 23, ""object"": 23}, ""latency_ms"": {""pose"": 0, ""object"": 0}, ""svclat_ms"": {""pose"": 22.41, ""object"": 32.23}}, ""b5"": {""services"": [""pose"", ""object""], ""fps"": {""pose"": 23, ""object"": 23}, ""eff_fps"": {""pose"": 23, ""object"": 23}, ""latency_ms"": {""pose"": 0, ""object"": 0}, ""svclat_ms"": {""pose"": 28.66, ""object"": 31.55}}, ""b6"": {""services"": [""pose"", ""object""], ""fps"": {""pose"": 23, ""object"": 23}, ""eff_fps"": {""pose"": 23, ""object"": 23}, ""latency_ms"": {""pose"": 0, ""object"": 0}, ""svclat_ms"": {""pose"": 28.05, ""object"": 29.94}}, ""b7"": {""services"": [""pose"", ""object""], ""fps"": {""pose"": 22, ""object"": 23}, ""eff_fps"": {""pose"": 22, ""object"": 23}, ""latency_ms"": {""pose"": 0, ""object"": 0}, ""svclat_ms"": {""pose"": 27.05, ""object"": 24.39}}, ""b8"": {""services"": [""pose"", ""object""], ""fps"": {""pose"": 24, ""object"": 24}, ""eff_fps"": {""pose"": 24, ""object"": 24}, ""latency_ms"": {""pose"": 0, ""object"": 0}, ""svclat_ms"": {""pose"": 33.83, ""object"": 35.53}}, ""b9"": {""services"": [""pose"", ""object""], ""fps"": {""pose"": 23, ""object"": 24}, ""eff_fps"": {""pose"": 23, ""object"": 24}, ""latency_ms"": {""pose"": 0, ""object"": 0}, ""svclat_ms"": {""pose"": 29.01, ""object"": 31.01}}, ""b10"": {""services"": [""pose"", ""object""], ""fps"": {""pose"": 23, ""object"": 23}, ""eff_fps"": {""pose"": 23, ""object"": 23}, ""latency_ms"": {""pose"": 0, ""object"": 0}, ""svclat_ms"": {""pose"": 30.24, ""object"": 30.47}}, ""b11"": {""services"": [""pose"", ""object""], ""fps"": {""pose"": 0, ""object"": 0}, ""eff_fps"": {""pose"": 0, ""object"": 0}, ""latency_ms"": {""pose"": 0, ""object"": 0}, ""svclat_ms"": {""pose"": 0.0, ""object"": 0.0}}, ""b12"": {""services"": [""pose"", ""object""], ""fps"": {""pose"": 0, ""object"": 0}, ""eff_fps"": {""pose"": 0, ""object"": 0}, ""latency_ms"": {""pose"": 0, ""object"": 0}, ""svclat_ms"": {""pose"": 0.0, ""object"": 0.0}}, ""b13"": {""services"": [""pose"", ""object""], ""fps"": {""pose"": 0, ""object"": 0}, ""eff_fps"": {""pose"": 0, ""object"": 0}, ""latency_ms"": {""pose"": 0, ""object"": 0}, ""svclat_ms"": {""pose"": 0.0, ""object"": 0.0}}, ""b14"": {""services"": [""pose"", ""object""], ""fps"": {""pose"": 0, ""object"": 0}, ""eff_fps"": {""pose"": 0, ""object"": 0}, ""latency_ms"": {""pose"": 0, ""object"": 0}, ""svclat_ms"": {""pose"": 0.0, ""object"": 0.0}}, ""b15"": {""services"": [""pose"", ""object""], ""fps"": {""pose"": 0, ""object"": 0}, ""eff_fps"": {""pose"": 0, ""object"": 0}, ""latency_ms"": {""pose"": 0, ""object"": 0}, ""svclat_ms"": {""pose"": 0.0, ""object"": 0.0}}}"
245.2,9,9,1.0,0,0,25,6,6,1.0,414.0,414.0,1.0,0.0,0.67,0.0,22.89,0,22.78,22.89,0,22.78,0,0,0,30.77,0,34.16,411,"{""ip-172-31-0-204"": ""healthy"", ""ip-172-31-1-171"": ""healthy"", ""ip-172-31-10-12"": ""healthy"", ""ip-172-31-11-132"": ""healthy"", ""ip-172-31-13-134"": ""healthy"", ""ip-172-31-14-68"": ""healthy"", ""ip-172-31-40-239"": ""healthy""}",subscribe,9.5,0.7667,0,0,"{""ip-172-31-0-204"": {""pose"": 1, ""object"": 1}, ""ip-172-31-1-171"": {""pose"": 1, ""object"": 1}, ""ip-172-31-10-12"": {""pose"": 1, ""object"": 1}}","{""b2"": {""services"": [""pose"", ""object""], ""fps"": {""pose"": 23, ""object"": 23}, ""eff_fps"": {""pose"": 23, ""object"": 23}, ""latency_ms"": {""pose"": 0, ""object"": 0}, ""svclat_ms"": {""pose"": 34.08, ""object"": 34.94}}, ""b3"": {""services"": [""pose"", ""object""], ""fps"": {""pose"": 23, ""object"": 23}, ""eff_fps"": {""pose"": 23, ""object"": 23}, ""latency_ms"": {""pose"": 0, ""object"": 0}, ""svclat_ms"": {""pose"": 29.76, ""object"": 37.9}}, ""b4"": {""services"": [""pose"", ""object""], ""fps"": {""pose"": 23, ""object"": 22}, ""eff_fps"": {""pose"": 23, ""object"": 22}, ""latency_ms"": {""pose"": 0, ""object"": 0}, ""svclat_ms"": {""pose"": 23.45, ""object"": 36.7}}, ""b5"": {""services"": [""pose"", ""object""], ""fps"": {""pose"": 23, ""object"": 23}, ""eff_fps"": {""pose"": 23, ""object"": 23}, ""latency_ms"": {""pose"": 0, ""object"": 0}, ""svclat_ms"": {""pose"": 28.2, ""object"": 30.82}}, ""b6"": {""services"": [""pose"", ""object""], ""fps"": {""pose"": 23, ""object"": 23}, ""eff_fps"": {""pose"": 23, ""object"": 23}, ""latency_ms"": {""pose"": 0, ""object"": 0}, ""svclat_ms"": {""pose"": 35.54, ""object"": 37.86}}, ""b7"": {""services"": [""pose"", ""object""], ""fps"": {""pose"": 23, ""object"": 23}, ""eff_fps"": {""pose"": 23, ""object"": 23}, ""latency_ms"": {""pose"": 0, ""object"": 0}, ""svclat_ms"": {""pose"": 27.22, ""object"": 23.3}}, ""b8"": {""services"": [""pose"", ""object""], ""fps"": {""pose"": 22, ""object"": 22}, ""eff_fps"": {""pose"": 22, ""object"": 22}, ""latency_ms"": {""pose"": 0, ""object"": 0}, ""svclat_ms"": {""pose"": 35.07, ""object"": 40.55}}, ""b9"": {""services"": [""pose"", ""object""], ""fps"": {""pose"": 23, ""object"": 23}, ""eff_fps"": {""pose"": 23, ""object"": 23}, ""latency_ms"": {""pose"": 0, ""object"": 0}, ""svclat_ms"": {""pose"": 34.7, ""object"": 35.96}}, ""b10"": {""services"": [""pose"", ""object""], ""fps"": {""pose"": 23, ""object"": 23}, ""eff_fps"": {""pose"": 23, ""object"": 23}, ""latency_ms"": {""pose"": 0, ""object"": 0}, ""svclat_ms"": {""pose"": 28.87, ""object"": 29.42}}, ""b11"": {""services"": [""pose"", ""object""], ""fps"": {""pose"": 0, ""object"": 0}, ""eff_fps"": {""pose"": 0, ""object"": 0}, ""latency_ms"": {""pose"": 0, ""object"": 0}, ""svclat_ms"": {""pose"": 0.0, ""object"": 0.0}}, ""b12"": {""services"": [""pose"", ""object""], ""fps"": {""pose"": 0, ""object"": 0}, ""eff_fps"": {""pose"": 0, ""object"": 0}, ""latency_ms"": {""pose"": 0, ""object"": 0}, ""svclat_ms"": {""pose"": 0.0, ""object"": 0.0}}, ""b13"": {""services"": [""pose"", ""object""], ""fps"": {""pose"": 0, ""object"": 0}, ""eff_fps"": {""pose"": 0, ""object"": 0}, ""latency_ms"": {""pose"": 0, ""object"": 0}, ""svclat_ms"": {""pose"": 0.0, ""object"": 0.0}}, ""b14"": {""services"": [""pose"", ""object""], ""fps"": {""pose"": 0, ""object"": 0}, ""eff_fps"": {""pose"": 0, ""object"": 0}, ""latency_ms"": {""pose"": 0, ""object"": 0}, ""svclat_ms"": {""pose"": 0.0, ""object"": 0.0}}, ""b15"": {""services"": [""pose"", ""object""], ""fps"": {""pose"": 0, ""object"": 0}, ""eff_fps"": {""pose"": 0, ""object"": 0}, ""latency_ms"": {""pose"": 0, ""object"": 0}, ""svclat_ms"": {""pose"": 0.0, ""object"": 0.0}}}"
247.6,9,9,1.0,0,0,25,6,6,1.0,414.0,414.0,1.0,0.0,0.67,0.0,22.89,0,22.89,22.89,0,22.89,0,0,0,30.7,0,33.08,412,"{""ip-172-31-0-204"": ""healthy"", ""ip-172-31-1-171"": ""healthy"", ""ip-172-31-10-12"": ""healthy"", ""ip-172-31-11-132"": ""healthy"", ""ip-172-31-13-134"": ""healthy"", ""ip-172-31-14-68"": ""healthy"", ""ip-172-31-40-239"": ""healthy""}",subscribe,9.5,0.7667,0,0,"{""ip-172-31-0-204"": {""pose"": 1, ""object"": 1}, ""ip-172-31-1-171"": {""pose"": 1, ""object"": 1}, ""ip-172-31-10-12"": {""pose"": 1, ""object"": 1}}","{""b2"": {""services"": [""pose"", ""object""], ""fps"": {""pose"": 22, ""object"": 23}, ""eff_fps"": {""pose"": 22, ""object"": 23}, ""latency_ms"": {""pose"": 0, ""object"": 0}, ""svclat_ms"": {""pose"": 31.53, ""object"": 30.93}}, ""b3"": {""services"": [""pose"", ""object""], ""fps"": {""pose"": 23, ""object"": 23}, ""eff_fps"": {""pose"": 23, ""object"": 23}, ""latency_ms"": {""pose"": 0, ""object"": 0}, ""svclat_ms"": {""pose"": 26.79, ""object"": 34.7}}, ""b4"": {""services"": [""pose"", ""object""], ""fps"": {""pose"": 23, ""object"": 22}, ""eff_fps"": {""pose"": 23, ""object"": 22}, ""latency_ms"": {""pose"": 0, ""object"": 0}, ""svclat_ms"": {""pose"": 25.95, ""object"": 40.28}}, ""b5"": {""services"": [""pose"", ""object""], ""fps"": {""pose"": 23, ""object"": 23}, ""eff_fps"": {""pose"": 23, ""object"": 23}, ""latency_ms"": {""pose"": 0, ""object"": 0}, ""svclat_ms"": {""pose"": 29.19, ""object"": 31.02}}, ""b6"": {""services"": [""pose"", ""object""], ""fps"": {""pose"": 23, ""object"": 23}, ""eff_fps"": {""pose"": 23, ""object"": 23}, ""latency_ms"": {""pose"": 0, ""object"": 0}, ""svclat_ms"": {""pose"": 36.91, ""object"": 37.17}}, ""b7"": {""services"": [""pose"", ""object""], ""fps"": {""pose"": 23, ""object"": 23}, ""eff_fps"": {""pose"": 23, ""object"": 23}, ""latency_ms"": {""pose"": 0, ""object"": 0}, ""svclat_ms"": {""pose"": 27.79, ""object"": 24.68}}, ""b8"": {""services"": [""pose"", ""object""], ""fps"": {""pose"": 23, ""object"": 23}, ""eff_fps"": {""pose"": 23, ""object"": 23}, ""latency_ms"": {""pose"": 0, ""object"": 0}, ""svclat_ms"": {""pose"": 33.31, ""object"": 34.96}}, ""b9"": {""services"": [""pose"", ""object""], ""fps"": {""pose"": 23, ""object"": 23}, ""eff_fps"": {""pose"": 23, ""object"": 23}, ""latency_ms"": {""pose"": 0, ""object"": 0}, ""svclat_ms"": {""pose"": 33.69, ""object"": 34.26}}, ""b10"": {""services"": [""pose"", ""object""], ""fps"": {""pose"": 23, ""object"": 23}, ""eff_fps"": {""pose"": 23, ""object"": 23}, ""latency_ms"": {""pose"": 0, ""object"": 0}, ""svclat_ms"": {""pose"": 31.11, ""object"": 29.75}}, ""b11"": {""services"": [""pose"", ""object""], ""fps"": {""pose"": 0, ""object"": 0}, ""eff_fps"": {""pose"": 0, ""object"": 0}, ""latency_ms"": {""pose"": 0, ""object"": 0}, ""svclat_ms"": {""pose"": 0.0, ""object"": 0.0}}, ""b12"": {""services"": [""pose"", ""object""], ""fps"": {""pose"": 0, ""object"": 0}, ""eff_fps"": {""pose"": 0, ""object"": 0}, ""latency_ms"": {""pose"": 0, ""object"": 0}, ""svclat_ms"": {""pose"": 0.0, ""object"": 0.0}}, ""b13"": {""services"": [""pose"", ""object""], ""fps"": {""pose"": 0, ""object"": 0}, ""eff_fps"": {""pose"": 0, ""object"": 0}, ""latency_ms"": {""pose"": 0, ""object"": 0}, ""svclat_ms"": {""pose"": 0.0, ""object"": 0.0}}, ""b14"": {""services"": [""pose"", ""object""], ""fps"": {""pose"": 0, ""object"": 0}, ""eff_fps"": {""pose"": 0, ""object"": 0}, ""latency_ms"": {""pose"": 0, ""object"": 0}, ""svclat_ms"": {""pose"": 0.0, ""object"": 0.0}}, ""b15"": {""services"": [""pose"", ""object""], ""fps"": {""pose"": 0, ""object"": 0}, ""eff_fps"": {""pose"": 0, ""object"": 0}, ""latency_ms"": {""pose"": 0, ""object"": 0}, ""svclat_ms"": {""pose"": 0.0, ""object"": 0.0}}}"
250.0,9,9,1.0,0,0,25,6,6,1.0,414.0,414.0,1.0,0.0,0.67,0.0,23.11,0,22.89,23.11,0,22.89,0,0,0,30.8,0,34.98,414,"{""ip-172-31-0-204"": ""healthy"", ""ip-172-31-1-171"": ""healthy"", ""ip-172-31-10-12"": ""healthy"", ""ip-172-31-11-132"": ""healthy"", ""ip-172-31-13-134"": ""healthy"", ""ip-172-31-14-68"": ""healthy"", ""ip-172-31-40-239"": ""healthy""}",subscribe,9.5,0.7667,0,0,"{""ip-172-31-0-204"": {""pose"": 1, ""object"": 1}, ""ip-172-31-1-171"": {""pose"": 1, ""object"": 1}, ""ip-172-31-10-12"": {""pose"": 1, ""object"": 1}}","{""b2"": {""services"": [""pose"", ""object""], ""fps"": {""pose"": 23, ""object"": 23}, ""eff_fps"": {""pose"": 23, ""object"": 23}, ""latency_ms"": {""pose"": 0, ""object"": 0}, ""svclat_ms"": {""pose"": 34.25, ""object"": 34.28}}, ""b3"": {""services"": [""pose"", ""object""], ""fps"": {""pose"": 23, ""object"": 22}, ""eff_fps"": {""pose"": 23, ""object"": 22}, ""latency_ms"": {""pose"": 0, ""object"": 0}, ""svclat_ms"": {""pose"": 29.92, ""object"": 42.11}}, ""b4"": {""services"": [""pose"", ""object""], ""fps"": {""pose"": 23, ""object"": 23}, ""eff_fps"": {""pose"": 23, ""object"": 23}, ""latency_ms"": {""pose"": 0, ""object"": 0}, ""svclat_ms"": {""pose"": 25.22, ""object"": 41.73}}, ""b5"": {""services"": [""pose"", ""object""], ""fps"": {""pose"": 23, ""object"": 23}, ""eff_fps"": {""pose"": 23, ""object"": 23}, ""latency_ms"": {""pose"": 0, ""object"": 0}, ""svclat_ms"": {""pose"": 29.09, ""object"": 31.19}}, ""b6"": {""services"": [""pose"", ""object""], ""fps"": {""pose"": 23, ""object"": 23}, ""eff_fps"": {""pose"": 23, ""object"": 23}, ""latency_ms"": {""pose"": 0, ""object"": 0}, ""svclat_ms"": {""pose"": 35.5, ""object"": 35.4}}, ""b7"": {""services"": [""pose"", ""object""], ""fps"": {""pose"": 24, ""object"": 23}, ""eff_fps"": {""pose"": 24, ""object"": 23}, ""latency_ms"": {""pose"": 0, ""object"": 0}, ""svclat_ms"": {""pose"": 27.19, ""object"": 23.9}}, ""b8"": {""services"": [""pose"", ""object""], ""fps"": {""pose"": 23, ""object"": 23}, ""eff_fps"": {""pose"": 23, ""object"": 23}, ""latency_ms"": {""pose"": 0, ""object"": 0}, ""svclat_ms"": {""pose"": 31.77, ""object"": 41.93}}, ""b9"": {""services"": [""pose"", ""object""], ""fps"": {""pose"": 23, ""object"": 23}, ""eff_fps"": {""pose"": 23, ""object"": 23}, ""latency_ms"": {""pose"": 0, ""object"": 0}, ""svclat_ms"": {""pose"": 33.77, ""object"": 34.46}}, ""b10"": {""services"": [""pose"", ""object""], ""fps"": {""pose"": 23, ""object"": 23}, ""eff_fps"": {""pose"": 23, ""object"": 23}, ""latency_ms"": {""pose"": 0, ""object"": 0}, ""svclat_ms"": {""pose"": 30.51, ""object"": 29.85}}, ""b11"": {""services"": [""pose"", ""object""], ""fps"": {""pose"": 0, ""object"": 0}, ""eff_fps"": {""pose"": 0, ""object"": 0}, ""latency_ms"": {""pose"": 0, ""object"": 0}, ""svclat_ms"": {""pose"": 0.0, ""object"": 0.0}}, ""b12"": {""services"": [""pose"", ""object""], ""fps"": {""pose"": 0, ""object"": 0}, ""eff_fps"": {""pose"": 0, ""object"": 0}, ""latency_ms"": {""pose"": 0, ""object"": 0}, ""svclat_ms"": {""pose"": 0.0, ""object"": 0.0}}, ""b13"": {""services"": [""pose"", ""object""], ""fps"": {""pose"": 0, ""object"": 0}, ""eff_fps"": {""pose"": 0, ""object"": 0}, ""latency_ms"": {""pose"": 0, ""object"": 0}, ""svclat_ms"": {""pose"": 0.0, ""object"": 0.0}}, ""b14"": {""services"": [""pose"", ""object""], ""fps"": {""pose"": 0, ""object"": 0}, ""eff_fps"": {""pose"": 0, ""object"": 0}, ""latency_ms"": {""pose"": 0, ""object"": 0}, ""svclat_ms"": {""pose"": 0.0, ""object"": 0.0}}, ""b15"": {""services"": [""pose"", ""object""], ""fps"": {""pose"": 0, ""object"": 0}, ""eff_fps"": {""pose"": 0, ""object"": 0}, ""latency_ms"": {""pose"": 0, ""object"": 0}, ""svclat_ms"": {""pose"": 0.0, ""object"": 0.0}}}"
252.5,9,9,1.0,0,0,25,6,6,1.0,414.0,414.0,1.0,0.0,0.67,0.0,23.0,0,22.78,23.0,0,22.78,0,0,0,28.71,0,31.02,412,"{""ip-172-31-0-204"": ""healthy"", ""ip-172-31-1-171"": ""healthy"", ""ip-172-31-10-12"": ""healthy"", ""ip-172-31-11-132"": ""healthy"", ""ip-172-31-13-134"": ""healthy"", ""ip-172-31-14-68"": ""healthy"", ""ip-172-31-40-239"": ""healthy""}",subscribe,9.5,0.7667,0,0,"{""ip-172-31-0-204"": {""pose"": 1, ""object"": 1}, ""ip-172-31-1-171"": {""pose"": 1, ""object"": 1}, ""ip-172-31-10-12"": {""pose"": 1, ""object"": 1}}","{""b2"": {""services"": [""pose"", ""object""], ""fps"": {""pose"": 22, ""object"": 23}, ""eff_fps"": {""pose"": 22, ""object"": 23}, ""latency_ms"": {""pose"": 0, ""object"": 0}, ""svclat_ms"": {""pose"": 30.01, ""object"": 29.86}}, ""b3"": {""services"": [""pose"", ""object""], ""fps"": {""pose"": 23, ""object"": 23}, ""eff_fps"": {""pose"": 23, ""object"": 23}, ""latency_ms"": {""pose"": 0, ""object"": 0}, ""svclat_ms"": {""pose"": 27.55, ""object"": 35.57}}, ""b4"": {""services"": [""pose"", ""object""], ""fps"": {""pose"": 23, ""object"": 22}, ""eff_fps"": {""pose"": 23, ""object"": 22}, ""latency_ms"": {""pose"": 0, ""object"": 0}, ""svclat_ms"": {""pose"": 21.52, ""object"": 35.38}}, ""b5"": {""services"": [""pose"", ""object""], ""fps"": {""pose"": 23, ""object"": 23}, ""eff_fps"": {""pose"": 23, ""object"": 23}, ""latency_ms"": {""pose"": 0, ""object"": 0}, ""svclat_ms"": {""pose"": 26.91, ""object"": 28.76}}, ""b6"": {""services"": [""pose"", ""object""], ""fps"": {""pose"": 23, ""object"": 22}, ""eff_fps"": {""pose"": 23, ""object"": 22}, ""latency_ms"": {""pose"": 0, ""object"": 0}, ""svclat_ms"": {""pose"": 31.03, ""object"": 32.63}}, ""b7"": {""services"": [""pose"", ""object""], ""fps"": {""pose"": 23, ""object"": 23}, ""eff_fps"": {""pose"": 23, ""object"": 23}, ""latency_ms"": {""pose"": 0, ""object"": 0}, ""svclat_ms"": {""pose"": 29.68, ""object"": 24.54}}, ""b8"": {""services"": [""pose"", ""object""], ""fps"": {""pose"": 24, ""object"": 23}, ""eff_fps"": {""pose"": 24, ""object"": 23}, ""latency_ms"": {""pose"": 0, ""object"": 0}, ""svclat_ms"": {""pose"": 32.85, ""object"": 33.62}}, ""b9"": {""services"": [""pose"", ""object""], ""fps"": {""pose"": 23, ""object"": 23}, ""eff_fps"": {""pose"": 23, ""object"": 23}, ""latency_ms"": {""pose"": 0, ""object"": 0}, ""svclat_ms"": {""pose"": 30.61, ""object"": 31.55}}, ""b10"": {""services"": [""pose"", ""object""], ""fps"": {""pose"": 23, ""object"": 23}, ""eff_fps"": {""pose"": 23, ""object"": 23}, ""latency_ms"": {""pose"": 0, ""object"": 0}, ""svclat_ms"": {""pose"": 28.22, ""object"": 27.24}}, ""b11"": {""services"": [""pose"", ""object""], ""fps"": {""pose"": 0, ""object"": 0}, ""eff_fps"": {""pose"": 0, ""object"": 0}, ""latency_ms"": {""pose"": 0, ""object"": 0}, ""svclat_ms"": {""pose"": 0.0, ""object"": 0.0}}, ""b12"": {""services"": [""pose"", ""object""], ""fps"": {""pose"": 0, ""object"": 0}, ""eff_fps"": {""pose"": 0, ""object"": 0}, ""latency_ms"": {""pose"": 0, ""object"": 0}, ""svclat_ms"": {""pose"": 0.0, ""object"": 0.0}}, ""b13"": {""services"": [""pose"", ""object""], ""fps"": {""pose"": 0, ""object"": 0}, ""eff_fps"": {""pose"": 0, ""object"": 0}, ""latency_ms"": {""pose"": 0, ""object"": 0}, ""svclat_ms"": {""pose"": 0.0, ""object"": 0.0}}, ""b14"": {""services"": [""pose"", ""object""], ""fps"": {""pose"": 0, ""object"": 0}, ""eff_fps"": {""pose"": 0, ""object"": 0}, ""latency_ms"": {""pose"": 0, ""object"": 0}, ""svclat_ms"": {""pose"": 0.0, ""object"": 0.0}}, ""b15"": {""services"": [""pose"", ""object""], ""fps"": {""pose"": 0, ""object"": 0}, ""eff_fps"": {""pose"": 0, ""object"": 0}, ""latency_ms"": {""pose"": 0, ""object"": 0}, ""svclat_ms"": {""pose"": 0.0, ""object"": 0.0}}}"
256.1,9,9,1.0,0,0,25,6,6,1.0,414.0,414.0,1.0,0.0,0.67,0.0,29.78,0,30.0,29.78,0,30.0,0,0,0,21.45,0,21.27,538,"{""ip-172-31-0-204"": ""healthy"", ""ip-172-31-1-171"": ""healthy"", ""ip-172-31-10-12"": ""healthy"", ""ip-172-31-11-132"": ""healthy"", ""ip-172-31-13-134"": ""healthy"", ""ip-172-31-14-68"": ""healthy"", ""ip-172-31-40-239"": ""healthy""}",subscribe,9.5,0.7667,0,0,"{""ip-172-31-0-204"": {""pose"": 1, ""object"": 1}, ""ip-172-31-1-171"": {""pose"": 1, ""object"": 1}, ""ip-172-31-10-12"": {""pose"": 1, ""object"": 1}}","{""b2"": {""services"": [""pose"", ""object""], ""fps"": {""pose"": 29, ""object"": 30}, ""eff_fps"": {""pose"": 29, ""object"": 30}, ""latency_ms"": {""pose"": 0, ""object"": 0}, ""svclat_ms"": {""pose"": 25.88, ""object"": 25.68}}, ""b3"": {""services"": [""pose"", ""object""], ""fps"": {""pose"": 30, ""object"": 30}, ""eff_fps"": {""pose"": 30, ""object"": 30}, ""latency_ms"": {""pose"": 0, ""object"": 0}, ""svclat_ms"": {""pose"": 24.13, ""object"": 24.41}}, ""b4"": {""services"": [""pose"", ""object""], ""fps"": {""pose"": 30, ""object"": 30}, ""eff_fps"": {""pose"": 30, ""object"": 30}, ""latency_ms"": {""pose"": 0, ""object"": 0}, ""svclat_ms"": {""pose"": 17.59, ""object"": 17.38}}, ""b5"": {""services"": [""pose"", ""object""], ""fps"": {""pose"": 30, ""object"": 30}, ""eff_fps"": {""pose"": 30, ""object"": 30}, ""latency_ms"": {""pose"": 0, ""object"": 0}, ""svclat_ms"": {""pose"": 19.36, ""object"": 20.59}}, ""b6"": {""services"": [""pose"", ""object""], ""fps"": {""pose"": 30, ""object"": 30}, ""eff_fps"": {""pose"": 30, ""object"": 30}, ""latency_ms"": {""pose"": 0, ""object"": 0}, ""svclat_ms"": {""pose"": 18.02, ""object"": 17.25}}, ""b7"": {""services"": [""pose"", ""object""], ""fps"": {""pose"": 30, ""object"": 30}, ""eff_fps"": {""pose"": 30, ""object"": 30}, ""latency_ms"": {""pose"": 0, ""object"": 0}, ""svclat_ms"": {""pose"": 16.78, ""object"": 16.95}}, ""b8"": {""services"": [""pose"", ""object""], ""fps"": {""pose"": 30, ""object"": 30}, ""eff_fps"": {""pose"": 30, ""object"": 30}, ""latency_ms"": {""pose"": 0, ""object"": 0}, ""svclat_ms"": {""pose"": 29.05, ""object"": 26.36}}, ""b9"": {""services"": [""pose"", ""object""], ""fps"": {""pose"": 29, ""object"": 30}, ""eff_fps"": {""pose"": 29, ""object"": 30}, ""latency_ms"": {""pose"": 0, ""object"": 0}, ""svclat_ms"": {""pose"": 17.76, ""object"": 16.73}}, ""b10"": {""services"": [""pose"", ""object""], ""fps"": {""pose"": 30, ""object"": 30}, ""eff_fps"": {""pose"": 30, ""object"": 30}, ""latency_ms"": {""pose"": 0, ""object"": 0}, ""svclat_ms"": {""pose"": 24.51, ""object"": 26.07}}, ""b11"": {""services"": [""pose"", ""object""], ""fps"": {""pose"": 0, ""object"": 0}, ""eff_fps"": {""pose"": 0, ""object"": 0}, ""latency_ms"": {""pose"": 0, ""object"": 0}, ""svclat_ms"": {""pose"": 0.0, ""object"": 0.0}}, ""b12"": {""services"": [""pose"", ""object""], ""fps"": {""pose"": 0, ""object"": 0}, ""eff_fps"": {""pose"": 0, ""object"": 0}, ""latency_ms"": {""pose"": 0, ""object"": 0}, ""svclat_ms"": {""pose"": 0.0, ""object"": 0.0}}, ""b13"": {""services"": [""pose"", ""object""], ""fps"": {""pose"": 0, ""object"": 0}, ""eff_fps"": {""pose"": 0, ""object"": 0}, ""latency_ms"": {""pose"": 0, ""object"": 0}, ""svclat_ms"": {""pose"": 0.0, ""object"": 0.0}}, ""b14"": {""services"": [""pose"", ""object""], ""fps"": {""pose"": 0, ""object"": 0}, ""eff_fps"": {""pose"": 0, ""object"": 0}, ""latency_ms"": {""pose"": 0, ""object"": 0}, ""svclat_ms"": {""pose"": 0.0, ""object"": 0.0}}, ""b15"": {""services"": [""pose"", ""object""], ""fps"": {""pose"": 0, ""object"": 0}, ""eff_fps"": {""pose"": 0, ""object"": 0}, ""latency_ms"": {""pose"": 0, ""object"": 0}, ""svclat_ms"": {""pose"": 0.0, ""object"": 0.0}}}"
261.0,11,10,0.909,0,0,25,14,14,1.0,966.0,600,0.621,0.0,1.4,0.0,30.11,0,29.89,30.11,0,29.89,0,0,0,22.9,0,21.98,540,"{""ip-172-31-0-204"": ""healthy"", ""ip-172-31-1-171"": ""healthy"", ""ip-172-31-10-12"": ""healthy"", ""ip-172-31-11-132"": ""healthy"", ""ip-172-31-13-134"": ""healthy"", ""ip-172-31-14-68"": ""healthy"", ""ip-172-31-40-239"": ""healthy""}",subscribe,9.1,1.0,0,0,"{""ip-172-31-0-204"": {""pose"": 1, ""object"": 1}, ""ip-172-31-1-171"": {""pose"": 1, ""object"": 1}, ""ip-172-31-10-12"": {""pose"": 1, ""object"": 1}, ""ip-172-31-14-68"": {""object"": 1, ""pose"": 1}, ""ip-172-31-11-132"": {""pose"": 1, ""object"": 1}, ""ip-172-31-13-134"": {""pose"": 1, ""object"": 1}, ""ip-172-31-40-239"": {""pose"": 1, ""object"": 1}}","{""b2"": {""services"": [""pose"", ""object""], ""fps"": {""pose"": 30, ""object"": 30}, ""eff_fps"": {""pose"": 30, ""object"": 30}, ""latency_ms"": {""pose"": 0, ""object"": 0}, ""svclat_ms"": {""pose"": 25.45, ""object"": 24.98}}, ""b3"": {""services"": [""pose"", ""object""], ""fps"": {""pose"": 30, ""object"": 29}, ""eff_fps"": {""pose"": 30, ""object"": 29}, ""latency_ms"": {""pose"": 0, ""object"": 0}, ""svclat_ms"": {""pose"": 24.22, ""object"": 24.01}}, ""b4"": {""services"": [""pose"", ""object""], ""fps"": {""pose"": 30, ""object"": 30}, ""eff_fps"": {""pose"": 30, ""object"": 30}, ""latency_ms"": {""pose"": 0, ""object"": 0}, ""svclat_ms"": {""pose"": 20.86, ""object"": 20.04}}, ""b5"": {""services"": [""pose"", ""object""], ""fps"": {""pose"": 30, ""object"": 30}, ""eff_fps"": {""pose"": 30, ""object"": 30}, ""latency_ms"": {""pose"": 0, ""object"": 0}, ""svclat_ms"": {""pose"": 23.03, ""object"": 24.38}}, ""b6"": {""services"": [""pose"", ""object""], ""fps"": {""pose"": 30, ""object"": 30}, ""eff_fps"": {""pose"": 30, ""object"": 30}, ""latency_ms"": {""pose"": 0, ""object"": 0}, ""svclat_ms"": {""pose"": 22.66, ""object"": 21.83}}, ""b7"": {""services"": [""pose"", ""object""], ""fps"": {""pose"": 31, ""object"": 30}, ""eff_fps"": {""pose"": 31, ""object"": 30}, ""latency_ms"": {""pose"": 0, ""object"": 0}, ""svclat_ms"": {""pose"": 20.74, ""object"": 17.68}}, ""b8"": {""services"": [""pose"", ""object""], ""fps"": {""pose"": 30, ""object"": 30}, ""eff_fps"": {""pose"": 30, ""object"": 30}, ""latency_ms"": {""pose"": 0, ""object"": 0}, ""svclat_ms"": {""pose"": 26.61, ""object"": 23.9}}, ""b9"": {""services"": [""pose"", ""object""], ""fps"": {""pose"": 30, ""object"": 30}, ""eff_fps"": {""pose"": 30, ""object"": 30}, ""latency_ms"": {""pose"": 0, ""object"": 0}, ""svclat_ms"": {""pose"": 19.5, ""object"": 16.69}}, ""b10"": {""services"": [""pose"", ""object""], ""fps"": {""pose"": 30, ""object"": 30}, ""eff_fps"": {""pose"": 30, ""object"": 30}, ""latency_ms"": {""pose"": 0, ""object"": 0}, ""svclat_ms"": {""pose"": 23.07, ""object"": 24.32}}, ""b11"": {""services"": [""pose"", ""object""], ""fps"": {""pose"": 0, ""object"": 0}, ""eff_fps"": {""pose"": 0, ""object"": 0}, ""latency_ms"": {""pose"": 0, ""object"": 0}, ""svclat_ms"": {""pose"": 0.0, ""object"": 0.0}}, ""b12"": {""services"": [""pose"", ""object""], ""fps"": {""pose"": 0, ""object"": 0}, ""eff_fps"": {""pose"": 0, ""object"": 0}, ""latency_ms"": {""pose"": 0, ""object"": 0}, ""svclat_ms"": {""pose"": 0.0, ""object"": 0.0}}, ""b13"": {""services"": [""pose"", ""object""], ""fps"": {""pose"": 0, ""object"": 0}, ""eff_fps"": {""pose"": 0, ""object"": 0}, ""latency_ms"": {""pose"": 0, ""object"": 0}, ""svclat_ms"": {""pose"": 0.0, ""object"": 0.0}}, ""b14"": {""services"": [""pose"", ""object""], ""fps"": {""pose"": 0, ""object"": 0}, ""eff_fps"": {""pose"": 0, ""object"": 0}, ""latency_ms"": {""pose"": 0, ""object"": 0}, ""svclat_ms"": {""pose"": 0.0, ""object"": 0.0}}, ""b15"": {""services"": [""pose"", ""object""], ""fps"": {""pose"": 0, ""object"": 0}, ""eff_fps"": {""pose"": 0, ""object"": 0}, ""latency_ms"": {""pose"": 0, ""object"": 0}, ""svclat_ms"": {""pose"": 0.0, ""object"": 0.0}}}"
265.8,13,12,0.923,0,0,25,14,14,1.0,966.0,720,0.745,0.0,1.17,0.0,29.89,0,29.89,29.89,0,29.89,0,0,0,24.67,0,23.46,538,"{""ip-172-31-0-204"": ""healthy"", ""ip-172-31-1-171"": ""healthy"", ""ip-172-31-10-12"": ""healthy"", ""ip-172-31-11-132"": ""healthy"", ""ip-172-31-13-134"": ""healthy"", ""ip-172-31-14-68"": ""healthy"", ""ip-172-31-40-239"": ""healthy""}",subscribe,9.7,1.0,0,0,"{""ip-172-31-0-204"": {""pose"": 1, ""object"": 1}, ""ip-172-31-1-171"": {""pose"": 1, ""object"": 1}, ""ip-172-31-10-12"": {""pose"": 1, ""object"": 1}, ""ip-172-31-14-68"": {""object"": 1, ""pose"": 1}, ""ip-172-31-11-132"": {""pose"": 1, ""object"": 1}, ""ip-172-31-13-134"": {""pose"": 1, ""object"": 1}, ""ip-172-31-40-239"": {""pose"": 1, ""object"": 1}}","{""b2"": {""services"": [""pose"", ""object""], ""fps"": {""pose"": 30, ""object"": 30}, ""eff_fps"": {""pose"": 30, ""object"": 30}, ""latency_ms"": {""pose"": 0, ""object"": 0}, ""svclat_ms"": {""pose"": 25.5, ""object"": 25.07}}, ""b3"": {""services"": [""pose"", ""object""], ""fps"": {""pose"": 30, ""object"": 29}, ""eff_fps"": {""pose"": 30, ""object"": 29}, ""latency_ms"": {""pose"": 0, ""object"": 0}, ""svclat_ms"": {""pose"": 24.71, ""object"": 24.16}}, ""b4"": {""services"": [""pose"", ""object""], ""fps"": {""pose"": 30, ""object"": 30}, ""eff_fps"": {""pose"": 30, ""object"": 30}, ""latency_ms"": {""pose"": 0, ""object"": 0}, ""svclat_ms"": {""pose"": 28.73, ""object"": 23.62}}, ""b5"": {""services"": [""pose"", ""object""], ""fps"": {""pose"": 29, ""object"": 30}, ""eff_fps"": {""pose"": 29, ""object"": 30}, ""latency_ms"": {""pose"": 0, ""object"": 0}, ""svclat_ms"": {""pose"": 23.13, ""object"": 25.17}}, ""b6"": {""services"": [""pose"", ""object""], ""fps"": {""pose"": 30, ""object"": 30}, ""eff_fps"": {""pose"": 30, ""object"": 30}, ""latency_ms"": {""pose"": 0, ""object"": 0}, ""svclat_ms"": {""pose"": 23.0, ""object"": 22.03}}, ""b7"": {""services"": [""pose"", ""object""], ""fps"": {""pose"": 30, ""object"": 30}, ""eff_fps"": {""pose"": 30, ""object"": 30}, ""latency_ms"": {""pose"": 0, ""object"": 0}, ""svclat_ms"": {""pose"": 25.64, ""object"": 25.12}}, ""b8"": {""services"": [""pose"", ""object""], ""fps"": {""pose"": 30, ""object"": 30}, ""eff_fps"": {""pose"": 30, ""object"": 30}, ""latency_ms"": {""pose"": 0, ""object"": 0}, ""svclat_ms"": {""pose"": 27.09, ""object"": 24.36}}, ""b9"": {""services"": [""pose"", ""object""], ""fps"": {""pose"": 30, ""object"": 30}, ""eff_fps"": {""pose"": 30, ""object"": 30}, ""latency_ms"": {""pose"": 0, ""object"": 0}, ""svclat_ms"": {""pose"": 19.4, ""object"": 16.38}}, ""b10"": {""services"": [""pose"", ""object""], ""fps"": {""pose"": 30, ""object"": 30}, ""eff_fps"": {""pose"": 30, ""object"": 30}, ""latency_ms"": {""pose"": 0, ""object"": 0}, ""svclat_ms"": {""pose"": 24.81, ""object"": 25.2}}, ""b11"": {""services"": [""pose"", ""object""], ""fps"": {""pose"": 0, ""object"": 0}, ""eff_fps"": {""pose"": 0, ""object"": 0}, ""latency_ms"": {""pose"": 0, ""object"": 0}, ""svclat_ms"": {""pose"": 0.0, ""object"": 0.0}}, ""b12"": {""services"": [""pose"", ""object""], ""fps"": {""pose"": 0, ""object"": 0}, ""eff_fps"": {""pose"": 0, ""object"": 0}, ""latency_ms"": {""pose"": 0, ""object"": 0}, ""svclat_ms"": {""pose"": 0.0, ""object"": 0.0}}, ""b13"": {""services"": [""pose"", ""object""], ""fps"": {""pose"": 0, ""object"": 0}, ""eff_fps"": {""pose"": 0, ""object"": 0}, ""latency_ms"": {""pose"": 0, ""object"": 0}, ""svclat_ms"": {""pose"": 0.0, ""object"": 0.0}}, ""b14"": {""services"": [""pose"", ""object""], ""fps"": {""pose"": 0, ""object"": 0}, ""eff_fps"": {""pose"": 0, ""object"": 0}, ""latency_ms"": {""pose"": 0, ""object"": 0}, ""svclat_ms"": {""pose"": 0.0, ""object"": 0.0}}, ""b15"": {""services"": [""pose"", ""object""], ""fps"": {""pose"": 0, ""object"": 0}, ""eff_fps"": {""pose"": 0, ""object"": 0}, ""latency_ms"": {""pose"": 0, ""object"": 0}, ""svclat_ms"": {""pose"": 0.0, ""object"": 0.0}}}"
269.4,14,14,1.0,0,0,25,14,14,1.0,966.0,840,0.87,0.0,1.0,0.0,30.0,0,30.0,30.0,0,30.0,0,0,0,23.8,0,23.89,840,"{""ip-172-31-0-204"": ""healthy"", ""ip-172-31-1-171"": ""healthy"", ""ip-172-31-10-12"": ""healthy"", ""ip-172-31-11-132"": ""healthy"", ""ip-172-31-13-134"": ""healthy"", ""ip-172-31-14-68"": ""healthy"", ""ip-172-31-40-239"": ""healthy""}",subscribe,9.6,1.0,0,0,"{""ip-172-31-0-204"": {""pose"": 1, ""object"": 1}, ""ip-172-31-1-171"": {""pose"": 1, ""object"": 1}, ""ip-172-31-10-12"": {""pose"": 1, ""object"": 1}, ""ip-172-31-14-68"": {""object"": 1, ""pose"": 1}, ""ip-172-31-11-132"": {""pose"": 1, ""object"": 1}, ""ip-172-31-13-134"": {""pose"": 1, ""object"": 1}, ""ip-172-31-40-239"": {""pose"": 1, ""object"": 1}}","{""b2"": {""services"": [""pose"", ""object""], ""fps"": {""pose"": 30, ""object"": 30}, ""eff_fps"": {""pose"": 30, ""object"": 30}, ""latency_ms"": {""pose"": 0, ""object"": 0}, ""svclat_ms"": {""pose"": 25.66, ""object"": 25.43}}, ""b3"": {""services"": [""pose"", ""object""], ""fps"": {""pose"": 30, ""object"": 31}, ""eff_fps"": {""pose"": 30, ""object"": 31}, ""latency_ms"": {""pose"": 0, ""object"": 0}, ""svclat_ms"": {""pose"": 23.52, ""object"": 23.9}}, ""b4"": {""services"": [""pose"", ""object""], ""fps"": {""pose"": 30, ""object"": 30}, ""eff_fps"": {""pose"": 30, ""object"": 30}, ""latency_ms"": {""pose"": 0, ""object"": 0}, ""svclat_ms"": {""pose"": 25.36, ""object"": 23.4}}, ""b5"": {""services"": [""pose"", ""object""], ""fps"": {""pose"": 30, ""object"": 30}, ""eff_fps"": {""pose"": 30, ""object"": 30}, ""latency_ms"": {""pose"": 0, ""object"": 0}, ""svclat_ms"": {""pose"": 23.41, ""object"": 24.86}}, ""b6"": {""services"": [""pose"", ""object""], ""fps"": {""pose"": 30, ""object"": 30}, ""eff_fps"": {""pose"": 30, ""object"": 30}, ""latency_ms"": {""pose"": 0, ""object"": 0}, ""svclat_ms"": {""pose"": 23.2, ""object"": 21.82}}, ""b7"": {""services"": [""pose"", ""object""], ""fps"": {""pose"": 30, ""object"": 30}, ""eff_fps"": {""pose"": 30, ""object"": 30}, ""latency_ms"": {""pose"": 0, ""object"": 0}, ""svclat_ms"": {""pose"": 24.01, ""object"": 25.05}}, ""b8"": {""services"": [""pose"", ""object""], ""fps"": {""pose"": 30, ""object"": 30}, ""eff_fps"": {""pose"": 30, ""object"": 30}, ""latency_ms"": {""pose"": 0, ""object"": 0}, ""svclat_ms"": {""pose"": 26.52, ""object"": 24.15}}, ""b9"": {""services"": [""pose"", ""object""], ""fps"": {""pose"": 30, ""object"": 30}, ""eff_fps"": {""pose"": 30, ""object"": 30}, ""latency_ms"": {""pose"": 0, ""object"": 0}, ""svclat_ms"": {""pose"": 23.09, ""object"": 23.25}}, ""b10"": {""services"": [""pose"", ""object""], ""fps"": {""pose"": 30, ""object"": 30}, ""eff_fps"": {""pose"": 30, ""object"": 30}, ""latency_ms"": {""pose"": 0, ""object"": 0}, ""svclat_ms"": {""pose"": 24.0, ""object"": 24.7}}, ""b11"": {""services"": [""pose"", ""object""], ""fps"": {""pose"": 30, ""object"": 30}, ""eff_fps"": {""pose"": 30, ""object"": 30}, ""latency_ms"": {""pose"": 0, ""object"": 0}, ""svclat_ms"": {""pose"": 21.22, ""object"": 24.03}}, ""b12"": {""services"": [""pose"", ""object""], ""fps"": {""pose"": 30, ""object"": 29}, ""eff_fps"": {""pose"": 30, ""object"": 29}, ""latency_ms"": {""pose"": 0, ""object"": 0}, ""svclat_ms"": {""pose"": 25.81, ""object"": 23.61}}, ""b13"": {""services"": [""pose"", ""object""], ""fps"": {""pose"": 30, ""object"": 30}, ""eff_fps"": {""pose"": 30, ""object"": 30}, ""latency_ms"": {""pose"": 0, ""object"": 0}, ""svclat_ms"": {""pose"": 22.02, ""object"": 22.54}}, ""b14"": {""services"": [""pose"", ""object""], ""fps"": {""pose"": 30, ""object"": 30}, ""eff_fps"": {""pose"": 30, ""object"": 30}, ""latency_ms"": {""pose"": 0, ""object"": 0}, ""svclat_ms"": {""pose"": 22.84, ""object"": 23.52}}, ""b15"": {""services"": [""pose"", ""object""], ""fps"": {""pose"": 30, ""object"": 30}, ""eff_fps"": {""pose"": 30, ""object"": 30}, ""latency_ms"": {""pose"": 0, ""object"": 0}, ""svclat_ms"": {""pose"": 22.51, ""object"": 24.14}}}"
271.8,13,14,1.077,0,0,25,14,14,1.0,966.0,840,0.87,0.0,1.08,0.0,30.0,0,30.08,30.0,0,30.08,0,0,0,23.65,0,23.64,721,"{""ip-172-31-0-204"": ""healthy"", ""ip-172-31-1-171"": ""healthy"", ""ip-172-31-10-12"": ""healthy"", ""ip-172-31-11-132"": ""healthy"", ""ip-172-31-13-134"": ""healthy"", ""ip-172-31-14-68"": ""healthy"", ""ip-172-31-40-239"": ""healthy""}",subscribe,9.6,1.0,0,0,"{""ip-172-31-0-204"": {""pose"": 1, ""object"": 1}, ""ip-172-31-1-171"": {""pose"": 1, ""object"": 1}, ""ip-172-31-10-12"": {""pose"": 1, ""object"": 1}, ""ip-172-31-14-68"": {""object"": 1, ""pose"": 1}, ""ip-172-31-11-132"": {""pose"": 1, ""object"": 1}, ""ip-172-31-13-134"": {""pose"": 1, ""object"": 1}, ""ip-172-31-40-239"": {""pose"": 1, ""object"": 1}}","{""b4"": {""services"": [""pose"", ""object""], ""fps"": {""pose"": 30, ""object"": 30}, ""eff_fps"": {""pose"": 30, ""object"": 30}, ""latency_ms"": {""pose"": 0, ""object"": 0}, ""svclat_ms"": {""pose"": 24.28, ""object"": 23.25}}, ""b5"": {""services"": [""pose"", ""object""], ""fps"": {""pose"": 30, ""object"": 30}, ""eff_fps"": {""pose"": 30, ""object"": 30}, ""latency_ms"": {""pose"": 0, ""object"": 0}, ""svclat_ms"": {""pose"": 23.74, ""object"": 25.8}}, ""b6"": {""services"": [""pose"", ""object""], ""fps"": {""pose"": 30, ""object"": 30}, ""eff_fps"": {""pose"": 30, ""object"": 30}, ""latency_ms"": {""pose"": 0, ""object"": 0}, ""svclat_ms"": {""pose"": 24.98, ""object"": 22.97}}, ""b7"": {""services"": [""pose"", ""object""], ""fps"": {""pose"": 29, ""object"": 30}, ""eff_fps"": {""pose"": 29, ""object"": 30}, ""latency_ms"": {""pose"": 0, ""object"": 0}, ""svclat_ms"": {""pose"": 25.03, ""object"": 24.01}}, ""b8"": {""services"": [""pose"", ""object""], ""fps"": {""pose"": 30, ""object"": 30}, ""eff_fps"": {""pose"": 30, ""object"": 30}, ""latency_ms"": {""pose"": 0, ""object"": 0}, ""svclat_ms"": {""pose"": 20.52, ""object"": 20.99}}, ""b9"": {""services"": [""pose"", ""object""], ""fps"": {""pose"": 30, ""object"": 30}, ""eff_fps"": {""pose"": 30, ""object"": 30}, ""latency_ms"": {""pose"": 0, ""object"": 0}, ""svclat_ms"": {""pose"": 24.33, ""object"": 23.84}}, ""b10"": {""services"": [""pose"", ""object""], ""fps"": {""pose"": 30, ""object"": 30}, ""eff_fps"": {""pose"": 30, ""object"": 30}, ""latency_ms"": {""pose"": 0, ""object"": 0}, ""svclat_ms"": {""pose"": 21.05, ""object"": 21.15}}, ""b11"": {""services"": [""pose"", ""object""], ""fps"": {""pose"": 31, ""object"": 31}, ""eff_fps"": {""pose"": 31, ""object"": 31}, ""latency_ms"": {""pose"": 0, ""object"": 0}, ""svclat_ms"": {""pose"": 23.34, ""object"": 23.55}}, ""b12"": {""services"": [""pose"", ""object""], ""fps"": {""pose"": 30, ""object"": 30}, ""eff_fps"": {""pose"": 30, ""object"": 30}, ""latency_ms"": {""pose"": 0, ""object"": 0}, ""svclat_ms"": {""pose"": 25.56, ""object"": 26.06}}, ""b13"": {""services"": [""pose"", ""object""], ""fps"": {""pose"": 30, ""object"": 30}, ""eff_fps"": {""pose"": 30, ""object"": 30}, ""latency_ms"": {""pose"": 0, ""object"": 0}, ""svclat_ms"": {""pose"": 24.79, ""object"": 23.94}}, ""b14"": {""services"": [""pose"", ""object""], ""fps"": {""pose"": 30, ""object"": 30}, ""eff_fps"": {""pose"": 30, ""object"": 30}, ""latency_ms"": {""pose"": 0, ""object"": 0}, ""svclat_ms"": {""pose"": 24.35, ""object"": 23.56}}, ""b15"": {""services"": [""pose"", ""object""], ""fps"": {""pose"": 30, ""object"": 30}, ""eff_fps"": {""pose"": 30, ""object"": 30}, ""latency_ms"": {""pose"": 0, ""object"": 0}, ""svclat_ms"": {""pose"": 21.87, ""object"": 24.62}}}"
276.4,12,13,1.083,0,0,25,14,14,1.0,966.0,780,0.807,0.0,1.17,0.0,30.08,0,30.08,30.08,0,30.08,0,0,0,23.6,0,23.28,722,"{""ip-172-31-0-204"": ""healthy"", ""ip-172-31-1-171"": ""healthy"", ""ip-172-31-10-12"": ""healthy"", ""ip-172-31-11-132"": ""healthy"", ""ip-172-31-13-134"": ""healthy"", ""ip-172-31-14-68"": ""healthy"", ""ip-172-31-40-239"": ""healthy""}",unsubscribe,10.5,1.0,0,0,"{""ip-172-31-0-204"": {""pose"": 1, ""object"": 1}, ""ip-172-31-1-171"": {""pose"": 1, ""object"": 1}, ""ip-172-31-10-12"": {""pose"": 1, ""object"": 1}, ""ip-172-31-14-68"": {""object"": 1, ""pose"": 1}, ""ip-172-31-11-132"": {""pose"": 1, ""object"": 1}, ""ip-172-31-13-134"": {""pose"": 1, ""object"": 1}, ""ip-172-31-40-239"": {""pose"": 1, ""object"": 1}}","{""b4"": {""services"": [""pose"", ""object""], ""fps"": {""pose"": 30, ""object"": 30}, ""eff_fps"": {""pose"": 30, ""object"": 30}, ""latency_ms"": {""pose"": 0, ""object"": 0}, ""svclat_ms"": {""pose"": 22.15, ""object"": 23.97}}, ""b5"": {""services"": [""pose"", ""object""], ""fps"": {""pose"": 30, ""object"": 30}, ""eff_fps"": {""pose"": 30, ""object"": 30}, ""latency_ms"": {""pose"": 0, ""object"": 0}, ""svclat_ms"": {""pose"": 23.85, ""object"": 24.71}}, ""b6"": {""services"": [""pose"", ""object""], ""fps"": {""pose"": 30, ""object"": 30}, ""eff_fps"": {""pose"": 30, ""object"": 30}, ""latency_ms"": {""pose"": 0, ""object"": 0}, ""svclat_ms"": {""pose"": 25.14, ""object"": 24.11}}, ""b7"": {""services"": [""pose"", ""object""], ""fps"": {""pose"": 31, ""object"": 30}, ""eff_fps"": {""pose"": 31, ""object"": 30}, ""latency_ms"": {""pose"": 0, ""object"": 0}, ""svclat_ms"": {""pose"": 24.91, ""object"": 22.7}}, ""b8"": {""services"": [""pose"", ""object""], ""fps"": {""pose"": 30, ""object"": 30}, ""eff_fps"": {""pose"": 30, ""object"": 30}, ""latency_ms"": {""pose"": 0, ""object"": 0}, ""svclat_ms"": {""pose"": 22.64, ""object"": 20.25}}, ""b9"": {""services"": [""pose"", ""object""], ""fps"": {""pose"": 30, ""object"": 30}, ""eff_fps"": {""pose"": 30, ""object"": 30}, ""latency_ms"": {""pose"": 0, ""object"": 0}, ""svclat_ms"": {""pose"": 24.33, ""object"": 23.82}}, ""b10"": {""services"": [""pose"", ""object""], ""fps"": {""pose"": 30, ""object"": 30}, ""eff_fps"": {""pose"": 30, ""object"": 30}, ""latency_ms"": {""pose"": 0, ""object"": 0}, ""svclat_ms"": {""pose"": 18.19, ""object"": 19.69}}, ""b11"": {""services"": [""pose"", ""object""], ""fps"": {""pose"": 30, ""object"": 30}, ""eff_fps"": {""pose"": 30, ""object"": 30}, ""latency_ms"": {""pose"": 0, ""object"": 0}, ""svclat_ms"": {""pose"": 22.8, ""object"": 24.22}}, ""b12"": {""services"": [""pose"", ""object""], ""fps"": {""pose"": 30, ""object"": 31}, ""eff_fps"": {""pose"": 30, ""object"": 31}, ""latency_ms"": {""pose"": 0, ""object"": 0}, ""svclat_ms"": {""pose"": 25.14, ""object"": 25.72}}, ""b13"": {""services"": [""pose"", ""object""], ""fps"": {""pose"": 30, ""object"": 30}, ""eff_fps"": {""pose"": 30, ""object"": 30}, ""latency_ms"": {""pose"": 0, ""object"": 0}, ""svclat_ms"": {""pose"": 24.82, ""object"": 23.84}}, ""b14"": {""services"": [""pose"", ""object""], ""fps"": {""pose"": 30, ""object"": 30}, ""eff_fps"": {""pose"": 30, ""object"": 30}, ""latency_ms"": {""pose"": 0, ""object"": 0}, ""svclat_ms"": {""pose"": 24.82, ""object"": 23.27}}, ""b15"": {""services"": [""pose"", ""object""], ""fps"": {""pose"": 30, ""object"": 30}, ""eff_fps"": {""pose"": 30, ""object"": 30}, ""latency_ms"": {""pose"": 0, ""object"": 0}, ""svclat_ms"": {""pose"": 24.4, ""object"": 23.07}}}"
278.8,12,12,1.0,0,0,25,14,14,1.0,966.0,720,0.745,0.0,1.17,0.0,29.92,0,30.17,29.92,0,30.17,0,0,0,24.2,0,23.8,721,"{""ip-172-31-0-204"": ""healthy"", ""ip-172-31-1-171"": ""healthy"", ""ip-172-31-10-12"": ""healthy"", ""ip-172-31-11-132"": ""healthy"", ""ip-172-31-13-134"": ""healthy"", ""ip-172-31-14-68"": ""healthy"", ""ip-172-31-40-239"": ""healthy""}",unsubscribe,10.1,1.0,0,0,"{""ip-172-31-0-204"": {""pose"": 1, ""object"": 1}, ""ip-172-31-1-171"": {""pose"": 1, ""object"": 1}, ""ip-172-31-10-12"": {""pose"": 1, ""object"": 1}, ""ip-172-31-14-68"": {""object"": 1, ""pose"": 1}, ""ip-172-31-11-132"": {""pose"": 1, ""object"": 1}, ""ip-172-31-13-134"": {""pose"": 1, ""object"": 1}, ""ip-172-31-40-239"": {""pose"": 1, ""object"": 1}}","{""b4"": {""services"": [""pose"", ""object""], ""fps"": {""pose"": 30, ""object"": 30}, ""eff_fps"": {""pose"": 30, ""object"": 30}, ""latency_ms"": {""pose"": 0, ""object"": 0}, ""svclat_ms"": {""pose"": 23.3, ""object"": 24.76}}, ""b5"": {""services"": [""pose"", ""object""], ""fps"": {""pose"": 29, ""object"": 30}, ""eff_fps"": {""pose"": 29, ""object"": 30}, ""latency_ms"": {""pose"": 0, ""object"": 0}, ""svclat_ms"": {""pose"": 26.06, ""object"": 25.92}}, ""b6"": {""services"": [""pose"", ""object""], ""fps"": {""pose"": 30, ""object"": 30}, ""eff_fps"": {""pose"": 30, ""object"": 30}, ""latency_ms"": {""pose"": 0, ""object"": 0}, ""svclat_ms"": {""pose"": 25.29, ""object"": 24.84}}, ""b7"": {""services"": [""pose"", ""object""], ""fps"": {""pose"": 29, ""object"": 30}, ""eff_fps"": {""pose"": 29, ""object"": 30}, ""latency_ms"": {""pose"": 0, ""object"": 0}, ""svclat_ms"": {""pose"": 22.62, ""object"": 21.06}}, ""b8"": {""services"": [""pose"", ""object""], ""fps"": {""pose"": 30, ""object"": 30}, ""eff_fps"": {""pose"": 30, ""object"": 30}, ""latency_ms"": {""pose"": 0, ""object"": 0}, ""svclat_ms"": {""pose"": 23.2, ""object"": 21.28}}, ""b9"": {""services"": [""pose"", ""object""], ""fps"": {""pose"": 30, ""object"": 30}, ""eff_fps"": {""pose"": 30, ""object"": 30}, ""latency_ms"": {""pose"": 0, ""object"": 0}, ""svclat_ms"": {""pose"": 25.14, ""object"": 23.69}}, ""b10"": {""services"": [""pose"", ""object""], ""fps"": {""pose"": 30, ""object"": 30}, ""eff_fps"": {""pose"": 30, ""object"": 30}, ""latency_ms"": {""pose"": 0, ""object"": 0}, ""svclat_ms"": {""pose"": 19.88, ""object"": 20.2}}, ""b11"": {""services"": [""pose"", ""object""], ""fps"": {""pose"": 31, ""object"": 31}, ""eff_fps"": {""pose"": 31, ""object"": 31}, ""latency_ms"": {""pose"": 0, ""object"": 0}, ""svclat_ms"": {""pose"": 22.62, ""object"": 24.3}}, ""b12"": {""services"": [""pose"", ""object""], ""fps"": {""pose"": 30, ""object"": 30}, ""eff_fps"": {""pose"": 30, ""object"": 30}, ""latency_ms"": {""pose"": 0, ""object"": 0}, ""svclat_ms"": {""pose"": 26.71, ""object"": 26.57}}, ""b13"": {""services"": [""pose"", ""object""], ""fps"": {""pose"": 30, ""object"": 31}, ""eff_fps"": {""pose"": 30, ""object"": 31}, ""latency_ms"": {""pose"": 0, ""object"": 0}, ""svclat_ms"": {""pose"": 26.61, ""object"": 26.35}}, ""b14"": {""services"": [""pose"", ""object""], ""fps"": {""pose"": 30, ""object"": 30}, ""eff_fps"": {""pose"": 30, ""object"": 30}, ""latency_ms"": {""pose"": 0, ""object"": 0}, ""svclat_ms"": {""pose"": 25.32, ""object"": 24.24}}, ""b15"": {""services"": [""pose"", ""object""], ""fps"": {""pose"": 30, ""object"": 30}, ""eff_fps"": {""pose"": 30, ""object"": 30}, ""latency_ms"": {""pose"": 0, ""object"": 0}, ""svclat_ms"": {""pose"": 23.64, ""object"": 22.39}}}"
281.2,12,12,1.0,0,0,25,14,14,1.0,966.0,720,0.745,0.0,1.17,0.0,29.92,0,29.92,29.92,0,29.92,0,0,0,24.13,0,23.7,718,"{""ip-172-31-0-204"": ""healthy"", ""ip-172-31-1-171"": ""healthy"", ""ip-172-31-10-12"": ""healthy"", ""ip-172-31-11-132"": ""healthy"", ""ip-172-31-13-134"": ""healthy"", ""ip-172-31-14-68"": ""healthy"", ""ip-172-31-40-239"": ""healthy""}",unsubscribe,10.1,1.0,0,0,"{""ip-172-31-0-204"": {""pose"": 1, ""object"": 1}, ""ip-172-31-1-171"": {""pose"": 1, ""object"": 1}, ""ip-172-31-10-12"": {""pose"": 1, ""object"": 1}, ""ip-172-31-14-68"": {""object"": 1, ""pose"": 1}, ""ip-172-31-11-132"": {""pose"": 1, ""object"": 1}, ""ip-172-31-13-134"": {""pose"": 1, ""object"": 1}, ""ip-172-31-40-239"": {""pose"": 1, ""object"": 1}}","{""b4"": {""services"": [""pose"", ""object""], ""fps"": {""pose"": 30, ""object"": 30}, ""eff_fps"": {""pose"": 30, ""object"": 30}, ""latency_ms"": {""pose"": 0, ""object"": 0}, ""svclat_ms"": {""pose"": 23.68, ""object"": 25.22}}, ""b5"": {""services"": [""pose"", ""object""], ""fps"": {""pose"": 29, ""object"": 30}, ""eff_fps"": {""pose"": 29, ""object"": 30}, ""latency_ms"": {""pose"": 0, ""object"": 0}, ""svclat_ms"": {""pose"": 24.82, ""object"": 25.1}}, ""b6"": {""services"": [""pose"", ""object""], ""fps"": {""pose"": 30, ""object"": 30}, ""eff_fps"": {""pose"": 30, ""object"": 30}, ""latency_ms"": {""pose"": 0, ""object"": 0}, ""svclat_ms"": {""pose"": 24.2, ""object"": 25.04}}, ""b7"": {""services"": [""pose"", ""object""], ""fps"": {""pose"": 31, ""object"": 30}, ""eff_fps"": {""pose"": 31, ""object"": 30}, ""latency_ms"": {""pose"": 0, ""object"": 0}, ""svclat_ms"": {""pose"": 24.92, ""object"": 22.73}}, ""b8"": {""services"": [""pose"", ""object""], ""fps"": {""pose"": 30, ""object"": 30}, ""eff_fps"": {""pose"": 30, ""object"": 30}, ""latency_ms"": {""pose"": 0, ""object"": 0}, ""svclat_ms"": {""pose"": 22.89, ""object"": 20.32}}, ""b9"": {""services"": [""pose"", ""object""], ""fps"": {""pose"": 30, ""object"": 30}, ""eff_fps"": {""pose"": 30, ""object"": 30}, ""latency_ms"": {""pose"": 0, ""object"": 0}, ""svclat_ms"": {""pose"": 24.55, ""object"": 23.61}}, ""b10"": {""services"": [""pose"", ""object""], ""fps"": {""pose"": 30, ""object"": 30}, ""eff_fps"": {""pose"": 30, ""object"": 30}, ""latency_ms"": {""pose"": 0, ""object"": 0}, ""svclat_ms"": {""pose"": 19.92, ""object"": 19.71}}, ""b11"": {""services"": [""pose"", ""object""], ""fps"": {""pose"": 29, ""object"": 30}, ""eff_fps"": {""pose"": 29, ""object"": 30}, ""latency_ms"": {""pose"": 0, ""object"": 0}, ""svclat_ms"": {""pose"": 23.83, ""object"": 24.38}}, ""b12"": {""services"": [""pose"", ""object""], ""fps"": {""pose"": 30, ""object"": 30}, ""eff_fps"": {""pose"": 30, ""object"": 30}, ""latency_ms"": {""pose"": 0, ""object"": 0}, ""svclat_ms"": {""pose"": 26.87, ""object"": 27.06}}, ""b13"": {""services"": [""pose"", ""object""], ""fps"": {""pose"": 30, ""object"": 29}, ""eff_fps"": {""pose"": 30, ""object"": 29}, ""latency_ms"": {""pose"": 0, ""object"": 0}, ""svclat_ms"": {""pose"": 24.14, ""object"": 24.65}}, ""b14"": {""services"": [""pose"", ""object""], ""fps"": {""pose"": 30, ""object"": 30}, ""eff_fps"": {""pose"": 30, ""object"": 30}, ""latency_ms"": {""pose"": 0, ""object"": 0}, ""svclat_ms"": {""pose"": 24.9, ""object"": 23.24}}, ""b15"": {""services"": [""pose"", ""object""], ""fps"": {""pose"": 30, ""object"": 30}, ""eff_fps"": {""pose"": 30, ""object"": 30}, ""latency_ms"": {""pose"": 0, ""object"": 0}, ""svclat_ms"": {""pose"": 24.89, ""object"": 23.28}}}"
283.7,12,12,1.0,0,0,25,14,14,1.0,966.0,720,0.745,0.0,1.17,0.0,29.83,0,30.0,29.83,0,30.0,0,0,0,23.67,0,23.54,718,"{""ip-172-31-0-204"": ""healthy"", ""ip-172-31-1-171"": ""healthy"", ""ip-172-31-10-12"": ""healthy"", ""ip-172-31-11-132"": ""healthy"", ""ip-172-31-13-134"": ""healthy"", ""ip-172-31-14-68"": ""healthy"", ""ip-172-31-40-239"": ""healthy""}",unsubscribe,10.1,1.0,0,0,"{""ip-172-31-0-204"": {""pose"": 1, ""object"": 1}, ""ip-172-31-1-171"": {""pose"": 1, ""object"": 1}, ""ip-172-31-10-12"": {""pose"": 1, ""object"": 1}, ""ip-172-31-14-68"": {""object"": 1, ""pose"": 1}, ""ip-172-31-11-132"": {""pose"": 1, ""object"": 1}, ""ip-172-31-13-134"": {""pose"": 1, ""object"": 1}, ""ip-172-31-40-239"": {""pose"": 1, ""object"": 1}}","{""b4"": {""services"": [""pose"", ""object""], ""fps"": {""pose"": 30, ""object"": 30}, ""eff_fps"": {""pose"": 30, ""object"": 30}, ""latency_ms"": {""pose"": 0, ""object"": 0}, ""svclat_ms"": {""pose"": 22.61, ""object"": 24.07}}, ""b5"": {""services"": [""pose"", ""object""], ""fps"": {""pose"": 30, ""object"": 30}, ""eff_fps"": {""pose"": 30, ""object"": 30}, ""latency_ms"": {""pose"": 0, ""object"": 0}, ""svclat_ms"": {""pose"": 24.47, ""object"": 25.01}}, ""b6"": {""services"": [""pose"", ""object""], ""fps"": {""pose"": 30, ""object"": 30}, ""eff_fps"": {""pose"": 30, ""object"": 30}, ""latency_ms"": {""pose"": 0, ""object"": 0}, ""svclat_ms"": {""pose"": 23.4, ""object"": 24.32}}, ""b7"": {""services"": [""pose"", ""object""], ""fps"": {""pose"": 29, ""object"": 30}, ""eff_fps"": {""pose"": 29, ""object"": 30}, ""latency_ms"": {""pose"": 0, ""object"": 0}, ""svclat_ms"": {""pose"": 24.31, ""object"": 22.59}}, ""b8"": {""services"": [""pose"", ""object""], ""fps"": {""pose"": 30, ""object"": 30}, ""eff_fps"": {""pose"": 30, ""object"": 30}, ""latency_ms"": {""pose"": 0, ""object"": 0}, ""svclat_ms"": {""pose"": 23.91, ""object"": 22.25}}, ""b9"": {""services"": [""pose"", ""object""], ""fps"": {""pose"": 30, ""object"": 30}, ""eff_fps"": {""pose"": 30, ""object"": 30}, ""latency_ms"": {""pose"": 0, ""object"": 0}, ""svclat_ms"": {""pose"": 24.47, ""object"": 23.28}}, ""b10"": {""services"": [""pose"", ""object""], ""fps"": {""pose"": 29, ""object"": 30}, ""eff_fps"": {""pose"": 29, ""object"": 30}, ""latency_ms"": {""pose"": 0, ""object"": 0}, ""svclat_ms"": {""pose"": 18.65, ""object"": 19.75}}, ""b11"": {""services"": [""pose"", ""object""], ""fps"": {""pose"": 30, ""object"": 30}, ""eff_fps"": {""pose"": 30, ""object"": 30}, ""latency_ms"": {""pose"": 0, ""object"": 0}, ""svclat_ms"": {""pose"": 23.27, ""object"": 23.76}}, ""b12"": {""services"": [""pose"", ""object""], ""fps"": {""pose"": 30, ""object"": 29}, ""eff_fps"": {""pose"": 30, ""object"": 29}, ""latency_ms"": {""pose"": 0, ""object"": 0}, ""svclat_ms"": {""pose"": 25.35, ""object"": 25.62}}, ""b13"": {""services"": [""pose"", ""object""], ""fps"": {""pose"": 30, ""object"": 31}, ""eff_fps"": {""pose"": 30, ""object"": 31}, ""latency_ms"": {""pose"": 0, ""object"": 0}, ""svclat_ms"": {""pose"": 24.12, ""object"": 24.73}}, ""b14"": {""services"": [""pose"", ""object""], ""fps"": {""pose"": 30, ""object"": 30}, ""eff_fps"": {""pose"": 30, ""object"": 30}, ""latency_ms"": {""pose"": 0, ""object"": 0}, ""svclat_ms"": {""pose"": 25.1, ""object"": 24.42}}, ""b15"": {""services"": [""pose"", ""object""], ""fps"": {""pose"": 30, ""object"": 30}, ""eff_fps"": {""pose"": 30, ""object"": 30}, ""latency_ms"": {""pose"": 0, ""object"": 0}, ""svclat_ms"": {""pose"": 24.41, ""object"": 22.73}}}"
286.1,12,12,1.0,0,0,25,14,14,1.0,966.0,720,0.745,0.0,1.17,0.0,30.08,0,30.08,30.08,0,30.08,0,0,0,24.03,0,23.9,722,"{""ip-172-31-0-204"": ""healthy"", ""ip-172-31-1-171"": ""healthy"", ""ip-172-31-10-12"": ""healthy"", ""ip-172-31-11-132"": ""healthy"", ""ip-172-31-13-134"": ""healthy"", ""ip-172-31-14-68"": ""healthy"", ""ip-172-31-40-239"": ""healthy""}",unsubscribe,10.1,1.0,0,0,"{""ip-172-31-0-204"": {""pose"": 1, ""object"": 1}, ""ip-172-31-1-171"": {""pose"": 1, ""object"": 1}, ""ip-172-31-10-12"": {""pose"": 1, ""object"": 1}, ""ip-172-31-14-68"": {""object"": 1, ""pose"": 1}, ""ip-172-31-11-132"": {""pose"": 1, ""object"": 1}, ""ip-172-31-13-134"": {""pose"": 1, ""object"": 1}, ""ip-172-31-40-239"": {""pose"": 1, ""object"": 1}}","{""b4"": {""services"": [""pose"", ""object""], ""fps"": {""pose"": 30, ""object"": 30}, ""eff_fps"": {""pose"": 30, ""object"": 30}, ""latency_ms"": {""pose"": 0, ""object"": 0}, ""svclat_ms"": {""pose"": 22.74, ""object"": 24.58}}, ""b5"": {""services"": [""pose"", ""object""], ""fps"": {""pose"": 30, ""object"": 30}, ""eff_fps"": {""pose"": 30, ""object"": 30}, ""latency_ms"": {""pose"": 0, ""object"": 0}, ""svclat_ms"": {""pose"": 24.85, ""object"": 25.47}}, ""b6"": {""services"": [""pose"", ""object""], ""fps"": {""pose"": 30, ""object"": 30}, ""eff_fps"": {""pose"": 30, ""object"": 30}, ""latency_ms"": {""pose"": 0, ""object"": 0}, ""svclat_ms"": {""pose"": 24.6, ""object"": 24.52}}, ""b7"": {""services"": [""pose"", ""object""], ""fps"": {""pose"": 31, ""object"": 31}, ""eff_fps"": {""pose"": 31, ""object"": 31}, ""latency_ms"": {""pose"": 0, ""object"": 0}, ""svclat_ms"": {""pose"": 24.11, ""object"": 22.69}}, ""b8"": {""services"": [""pose"", ""object""], ""fps"": {""pose"": 30, ""object"": 30}, ""eff_fps"": {""pose"": 30, ""object"": 30}, ""latency_ms"": {""pose"": 0, ""object"": 0}, ""svclat_ms"": {""pose"": 23.88, ""object"": 22.6}}, ""b9"": {""services"": [""pose"", ""object""], ""fps"": {""pose"": 30, ""object"": 30}, ""eff_fps"": {""pose"": 30, ""object"": 30}, ""latency_ms"": {""pose"": 0, ""object"": 0}, ""svclat_ms"": {""pose"": 24.59, ""object"": 24.23}}, ""b10"": {""services"": [""pose"", ""object""], ""fps"": {""pose"": 30, ""object"": 30}, ""eff_fps"": {""pose"": 30, ""object"": 30}, ""latency_ms"": {""pose"": 0, ""object"": 0}, ""svclat_ms"": {""pose"": 18.72, ""object"": 19.68}}, ""b11"": {""services"": [""pose"", ""object""], ""fps"": {""pose"": 30, ""object"": 30}, ""eff_fps"": {""pose"": 30, ""object"": 30}, ""latency_ms"": {""pose"": 0, ""object"": 0}, ""svclat_ms"": {""pose"": 23.36, ""object"": 24.27}}, ""b12"": {""services"": [""pose"", ""object""], ""fps"": {""pose"": 30, ""object"": 29}, ""eff_fps"": {""pose"": 30, ""object"": 29}, ""latency_ms"": {""pose"": 0, ""object"": 0}, ""svclat_ms"": {""pose"": 25.24, ""object"": 25.97}}, ""b13"": {""services"": [""pose"", ""object""], ""fps"": {""pose"": 30, ""object"": 31}, ""eff_fps"": {""pose"": 30, ""object"": 31}, ""latency_ms"": {""pose"": 0, ""object"": 0}, ""svclat_ms"": {""pose"": 26.18, ""object"": 25.18}}, ""b14"": {""services"": [""pose"", ""object""], ""fps"": {""pose"": 30, ""object"": 30}, ""eff_fps"": {""pose"": 30, ""object"": 30}, ""latency_ms"": {""pose"": 0, ""object"": 0}, ""svclat_ms"": {""pose"": 25.71, ""object"": 24.46}}, ""b15"": {""services"": [""pose"", ""object""], ""fps"": {""pose"": 30, ""object"": 30}, ""eff_fps"": {""pose"": 30, ""object"": 30}, ""latency_ms"": {""pose"": 0, ""object"": 0}, ""svclat_ms"": {""pose"": 24.34, ""object"": 23.17}}}"
288.6,12,12,1.0,0,0,25,14,14,1.0,966.0,720,0.745,0.0,1.17,0.0,30.25,0,30.08,30.25,0,30.08,0,0,0,23.83,0,24.06,724,"{""ip-172-31-0-204"": ""healthy"", ""ip-172-31-1-171"": ""healthy"", ""ip-172-31-10-12"": ""healthy"", ""ip-172-31-11-132"": ""healthy"", ""ip-172-31-13-134"": ""healthy"", ""ip-172-31-14-68"": ""healthy"", ""ip-172-31-40-239"": ""healthy""}",unsubscribe,10.1,1.0,0,0,"{""ip-172-31-0-204"": {""pose"": 1, ""object"": 1}, ""ip-172-31-1-171"": {""pose"": 1, ""object"": 1}, ""ip-172-31-10-12"": {""pose"": 1, ""object"": 1}, ""ip-172-31-14-68"": {""object"": 1, ""pose"": 1}, ""ip-172-31-11-132"": {""pose"": 1, ""object"": 1}, ""ip-172-31-13-134"": {""pose"": 1, ""object"": 1}, ""ip-172-31-40-239"": {""pose"": 1, ""object"": 1}}","{""b4"": {""services"": [""pose"", ""object""], ""fps"": {""pose"": 30, ""object"": 30}, ""eff_fps"": {""pose"": 30, ""object"": 30}, ""latency_ms"": {""pose"": 0, ""object"": 0}, ""svclat_ms"": {""pose"": 22.73, ""object"": 24.42}}, ""b5"": {""services"": [""pose"", ""object""], ""fps"": {""pose"": 31, ""object"": 30}, ""eff_fps"": {""pose"": 31, ""object"": 30}, ""latency_ms"": {""pose"": 0, ""object"": 0}, ""svclat_ms"": {""pose"": 24.94, ""object"": 25.78}}, ""b6"": {""services"": [""pose"", ""object""], ""fps"": {""pose"": 31, ""object"": 30}, ""eff_fps"": {""pose"": 31, ""object"": 30}, ""latency_ms"": {""pose"": 0, ""object"": 0}, ""svclat_ms"": {""pose"": 25.13, ""object"": 23.83}}, ""b7"": {""services"": [""pose"", ""object""], ""fps"": {""pose"": 30, ""object"": 30}, ""eff_fps"": {""pose"": 30, ""object"": 30}, ""latency_ms"": {""pose"": 0, ""object"": 0}, ""svclat_ms"": {""pose"": 23.39, ""object"": 24.27}}, ""b8"": {""services"": [""pose"", ""object""], ""fps"": {""pose"": 30, ""object"": 30}, ""eff_fps"": {""pose"": 30, ""object"": 30}, ""latency_ms"": {""pose"": 0, ""object"": 0}, ""svclat_ms"": {""pose"": 22.49, ""object"": 20.21}}, ""b9"": {""services"": [""pose"", ""object""], ""fps"": {""pose"": 30, ""object"": 30}, ""eff_fps"": {""pose"": 30, ""object"": 30}, ""latency_ms"": {""pose"": 0, ""object"": 0}, ""svclat_ms"": {""pose"": 24.86, ""object"": 23.79}}, ""b10"": {""services"": [""pose"", ""object""], ""fps"": {""pose"": 30, ""object"": 30}, ""eff_fps"": {""pose"": 30, ""object"": 30}, ""latency_ms"": {""pose"": 0, ""object"": 0}, ""svclat_ms"": {""pose"": 18.39, ""object"": 19.69}}, ""b11"": {""services"": [""pose"", ""object""], ""fps"": {""pose"": 31, ""object"": 31}, ""eff_fps"": {""pose"": 31, ""object"": 31}, ""latency_ms"": {""pose"": 0, ""object"": 0}, ""svclat_ms"": {""pose"": 24.08, ""object"": 24.68}}, ""b12"": {""services"": [""pose"", ""object""], ""fps"": {""pose"": 30, ""object"": 30}, ""eff_fps"": {""pose"": 30, ""object"": 30}, ""latency_ms"": {""pose"": 0, ""object"": 0}, ""svclat_ms"": {""pose"": 25.53, ""object"": 26.09}}, ""b13"": {""services"": [""pose"", ""object""], ""fps"": {""pose"": 30, ""object"": 30}, ""eff_fps"": {""pose"": 30, ""object"": 30}, ""latency_ms"": {""pose"": 0, ""object"": 0}, ""svclat_ms"": {""pose"": 25.95, ""object"": 25.09}}, ""b14"": {""services"": [""pose"", ""object""], ""fps"": {""pose"": 30, ""object"": 30}, ""eff_fps"": {""pose"": 30, ""object"": 30}, ""latency_ms"": {""pose"": 0, ""object"": 0}, ""svclat_ms"": {""pose"": 25.08, ""object"": 24.2}}, ""b15"": {""services"": [""pose"", ""object""], ""fps"": {""pose"": 30, ""object"": 30}, ""eff_fps"": {""pose"": 30, ""object"": 30}, ""latency_ms"": {""pose"": 0, ""object"": 0}, ""svclat_ms"": {""pose"": 23.34, ""object"": 26.68}}}"
291.0,12,12,1.0,0,0,25,14,14,1.0,966.0,720,0.745,0.0,1.17,0.0,30.08,0,29.83,30.08,0,29.83,0,0,0,23.83,0,23.84,719,"{""ip-172-31-0-204"": ""healthy"", ""ip-172-31-1-171"": ""healthy"", ""ip-172-31-10-12"": ""healthy"", ""ip-172-31-11-132"": ""healthy"", ""ip-172-31-13-134"": ""healthy"", ""ip-172-31-14-68"": ""healthy"", ""ip-172-31-40-239"": ""healthy""}",unsubscribe,10.1,1.0,0,0,"{""ip-172-31-0-204"": {""pose"": 1, ""object"": 1}, ""ip-172-31-1-171"": {""pose"": 1, ""object"": 1}, ""ip-172-31-10-12"": {""pose"": 1, ""object"": 1}, ""ip-172-31-14-68"": {""object"": 1, ""pose"": 1}, ""ip-172-31-11-132"": {""pose"": 1, ""object"": 1}, ""ip-172-31-13-134"": {""pose"": 1, ""object"": 1}, ""ip-172-31-40-239"": {""pose"": 1, ""object"": 1}}","{""b4"": {""services"": [""pose"", ""object""], ""fps"": {""pose"": 30, ""object"": 30}, ""eff_fps"": {""pose"": 30, ""object"": 30}, ""latency_ms"": {""pose"": 0, ""object"": 0}, ""svclat_ms"": {""pose"": 22.74, ""object"": 24.08}}, ""b5"": {""services"": [""pose"", ""object""], ""fps"": {""pose"": 31, ""object"": 30}, ""eff_fps"": {""pose"": 31, ""object"": 30}, ""latency_ms"": {""pose"": 0, ""object"": 0}, ""svclat_ms"": {""pose"": 24.88, ""object"": 24.4}}, ""b6"": {""services"": [""pose"", ""object""], ""fps"": {""pose"": 30, ""object"": 30}, ""eff_fps"": {""pose"": 30, ""object"": 30}, ""latency_ms"": {""pose"": 0, ""object"": 0}, ""svclat_ms"": {""pose"": 25.26, ""object"": 25.39}}, ""b7"": {""services"": [""pose"", ""object""], ""fps"": {""pose"": 30, ""object"": 30}, ""eff_fps"": {""pose"": 30, ""object"": 30}, ""latency_ms"": {""pose"": 0, ""object"": 0}, ""svclat_ms"": {""pose"": 24.61, ""object"": 24.78}}, ""b8"": {""services"": [""pose"", ""object""], ""fps"": {""pose"": 30, ""object"": 30}, ""eff_fps"": {""pose"": 30, ""object"": 30}, ""latency_ms"": {""pose"": 0, ""object"": 0}, ""svclat_ms"": {""pose"": 22.85, ""object"": 20.06}}, ""b9"": {""services"": [""pose"", ""object""], ""fps"": {""pose"": 30, ""object"": 30}, ""eff_fps"": {""pose"": 30, ""object"": 30}, ""latency_ms"": {""pose"": 0, ""object"": 0}, ""svclat_ms"": {""pose"": 24.01, ""object"": 23.49}}, ""b10"": {""services"": [""pose"", ""object""], ""fps"": {""pose"": 30, ""object"": 30}, ""eff_fps"": {""pose"": 30, ""object"": 30}, ""latency_ms"": {""pose"": 0, ""object"": 0}, ""svclat_ms"": {""pose"": 18.57, ""object"": 20.04}}, ""b11"": {""services"": [""pose"", ""object""], ""fps"": {""pose"": 30, ""object"": 30}, ""eff_fps"": {""pose"": 30, ""object"": 30}, ""latency_ms"": {""pose"": 0, ""object"": 0}, ""svclat_ms"": {""pose"": 22.2, ""object"": 23.44}}, ""b12"": {""services"": [""pose"", ""object""], ""fps"": {""pose"": 30, ""object"": 29}, ""eff_fps"": {""pose"": 30, ""object"": 29}, ""latency_ms"": {""pose"": 0, ""object"": 0}, ""svclat_ms"": {""pose"": 26.12, ""object"": 26.08}}, ""b13"": {""services"": [""pose"", ""object""], ""fps"": {""pose"": 30, ""object"": 29}, ""eff_fps"": {""pose"": 30, ""object"": 29}, ""latency_ms"": {""pose"": 0, ""object"": 0}, ""svclat_ms"": {""pose"": 25.61, ""object"": 23.8}}, ""b14"": {""services"": [""pose"", ""object""], ""fps"": {""pose"": 30, ""object"": 30}, ""eff_fps"": {""pose"": 30, ""object"": 30}, ""latency_ms"": {""pose"": 0, ""object"": 0}, ""svclat_ms"": {""pose"": 25.3, ""object"": 23.84}}, ""b15"": {""services"": [""pose"", ""object""], ""fps"": {""pose"": 30, ""object"": 30}, ""eff_fps"": {""pose"": 30, ""object"": 30}, ""latency_ms"": {""pose"": 0, ""object"": 0}, ""svclat_ms"": {""pose"": 23.79, ""object"": 26.7}}}"
293.4,12,12,1.0,0,0,25,14,14,1.0,966.0,720,0.745,0.0,1.17,0.0,29.83,0,30.08,29.83,0,30.08,0,0,0,23.7,0,23.86,719,"{""ip-172-31-0-204"": ""healthy"", ""ip-172-31-1-171"": ""healthy"", ""ip-172-31-10-12"": ""healthy"", ""ip-172-31-11-132"": ""healthy"", ""ip-172-31-13-134"": ""healthy"", ""ip-172-31-14-68"": ""healthy"", ""ip-172-31-40-239"": ""healthy""}",unsubscribe,10.1,1.0,0,0,"{""ip-172-31-0-204"": {""pose"": 1, ""object"": 1}, ""ip-172-31-1-171"": {""pose"": 1, ""object"": 1}, ""ip-172-31-10-12"": {""pose"": 1, ""object"": 1}, ""ip-172-31-14-68"": {""object"": 1, ""pose"": 1}, ""ip-172-31-11-132"": {""pose"": 1, ""object"": 1}, ""ip-172-31-13-134"": {""pose"": 1, ""object"": 1}, ""ip-172-31-40-239"": {""pose"": 1, ""object"": 1}}","{""b4"": {""services"": [""pose"", ""object""], ""fps"": {""pose"": 30, ""object"": 30}, ""eff_fps"": {""pose"": 30, ""object"": 30}, ""latency_ms"": {""pose"": 0, ""object"": 0}, ""svclat_ms"": {""pose"": 21.73, ""object"": 23.46}}, ""b5"": {""services"": [""pose"", ""object""], ""fps"": {""pose"": 30, ""object"": 30}, ""eff_fps"": {""pose"": 30, ""object"": 30}, ""latency_ms"": {""pose"": 0, ""object"": 0}, ""svclat_ms"": {""pose"": 24.22, ""object"": 24.67}}, ""b6"": {""services"": [""pose"", ""object""], ""fps"": {""pose"": 30, ""object"": 30}, ""eff_fps"": {""pose"": 30, ""object"": 30}, ""latency_ms"": {""pose"": 0, ""object"": 0}, ""svclat_ms"": {""pose"": 25.26, ""object"": 24.48}}, ""b7"": {""services"": [""pose"", ""object""], ""fps"": {""pose"": 29, ""object"": 30}, ""eff_fps"": {""pose"": 29, ""object"": 30}, ""latency_ms"": {""pose"": 0, ""object"": 0}, ""svclat_ms"": {""pose"": 24.19, ""object"": 24.76}}, ""b8"": {""services"": [""pose"", ""object""], ""fps"": {""pose"": 30, ""object"": 30}, ""eff_fps"": {""pose"": 30, ""object"": 30}, ""latency_ms"": {""pose"": 0, ""object"": 0}, ""svclat_ms"": {""pose"": 24.08, ""object"": 22.47}}, ""b9"": {""services"": [""pose"", ""object""], ""fps"": {""pose"": 30, ""object"": 30}, ""eff_fps"": {""pose"": 30, ""object"": 30}, ""latency_ms"": {""pose"": 0, ""object"": 0}, ""svclat_ms"": {""pose"": 24.27, ""object"": 22.85}}, ""b10"": {""services"": [""pose"", ""object""], ""fps"": {""pose"": 30, ""object"": 30}, ""eff_fps"": {""pose"": 30, ""object"": 30}, ""latency_ms"": {""pose"": 0, ""object"": 0}, ""svclat_ms"": {""pose"": 20.09, ""object"": 20.34}}, ""b11"": {""services"": [""pose"", ""object""], ""fps"": {""pose"": 29, ""object"": 30}, ""eff_fps"": {""pose"": 29, ""object"": 30}, ""latency_ms"": {""pose"": 0, ""object"": 0}, ""svclat_ms"": {""pose"": 22.3, ""object"": 23.2}}, ""b12"": {""services"": [""pose"", ""object""], ""fps"": {""pose"": 30, ""object"": 31}, ""eff_fps"": {""pose"": 30, ""object"": 31}, ""latency_ms"": {""pose"": 0, ""object"": 0}, ""svclat_ms"": {""pose"": 24.76, ""object"": 25.36}}, ""b13"": {""services"": [""pose"", ""object""], ""fps"": {""pose"": 30, ""object"": 30}, ""eff_fps"": {""pose"": 30, ""object"": 30}, ""latency_ms"": {""pose"": 0, ""object"": 0}, ""svclat_ms"": {""pose"": 25.85, ""object"": 24.99}}, ""b14"": {""services"": [""pose"", ""object""], ""fps"": {""pose"": 30, ""object"": 30}, ""eff_fps"": {""pose"": 30, ""object"": 30}, ""latency_ms"": {""pose"": 0, ""object"": 0}, ""svclat_ms"": {""pose"": 24.89, ""object"": 24.11}}, ""b15"": {""services"": [""pose"", ""object""], ""fps"": {""pose"": 30, ""object"": 30}, ""eff_fps"": {""pose"": 30, ""object"": 30}, ""latency_ms"": {""pose"": 0, ""object"": 0}, ""svclat_ms"": {""pose"": 22.82, ""object"": 25.57}}}"
295.9,12,12,1.0,0,0,25,14,14,1.0,966.0,720,0.745,0.0,1.17,0.0,29.92,0,30.0,29.92,0,30.0,0,0,0,24.1,0,23.83,719,"{""ip-172-31-0-204"": ""healthy"", ""ip-172-31-1-171"": ""healthy"", ""ip-172-31-10-12"": ""healthy"", ""ip-172-31-11-132"": ""healthy"", ""ip-172-31-13-134"": ""healthy"", ""ip-172-31-14-68"": ""healthy"", ""ip-172-31-40-239"": ""healthy""}",unsubscribe,10.1,1.0,0,0,"{""ip-172-31-0-204"": {""pose"": 1, ""object"": 1}, ""ip-172-31-1-171"": {""pose"": 1, ""object"": 1}, ""ip-172-31-10-12"": {""pose"": 1, ""object"": 1}, ""ip-172-31-14-68"": {""object"": 1, ""pose"": 1}, ""ip-172-31-11-132"": {""pose"": 1, ""object"": 1}, ""ip-172-31-13-134"": {""pose"": 1, ""object"": 1}, ""ip-172-31-40-239"": {""pose"": 1, ""object"": 1}}","{""b4"": {""services"": [""pose"", ""object""], ""fps"": {""pose"": 30, ""object"": 30}, ""eff_fps"": {""pose"": 30, ""object"": 30}, ""latency_ms"": {""pose"": 0, ""object"": 0}, ""svclat_ms"": {""pose"": 23.41, ""object"": 24.71}}, ""b5"": {""services"": [""pose"", ""object""], ""fps"": {""pose"": 30, ""object"": 30}, ""eff_fps"": {""pose"": 30, ""object"": 30}, ""latency_ms"": {""pose"": 0, ""object"": 0}, ""svclat_ms"": {""pose"": 24.07, ""object"": 23.87}}, ""b6"": {""services"": [""pose"", ""object""], ""fps"": {""pose"": 30, ""object"": 30}, ""eff_fps"": {""pose"": 30, ""object"": 30}, ""latency_ms"": {""pose"": 0, ""object"": 0}, ""svclat_ms"": {""pose"": 25.23, ""object"": 23.75}}, ""b7"": {""services"": [""pose"", ""object""], ""fps"": {""pose"": 29, ""object"": 30}, ""eff_fps"": {""pose"": 29, ""object"": 30}, ""latency_ms"": {""pose"": 0, ""object"": 0}, ""svclat_ms"": {""pose"": 24.79, ""object"": 25.16}}, ""b8"": {""services"": [""pose"", ""object""], ""fps"": {""pose"": 30, ""object"": 30}, ""eff_fps"": {""pose"": 30, ""object"": 30}, ""latency_ms"": {""pose"": 0, ""object"": 0}, ""svclat_ms"": {""pose"": 22.78, ""object"": 20.36}}, ""b9"": {""services"": [""pose"", ""object""], ""fps"": {""pose"": 30, ""object"": 30}, ""eff_fps"": {""pose"": 30, ""object"": 30}, ""latency_ms"": {""pose"": 0, ""object"": 0}, ""svclat_ms"": {""pose"": 24.76, ""object"": 23.65}}, ""b10"": {""services"": [""pose"", ""object""], ""fps"": {""pose"": 30, ""object"": 30}, ""eff_fps"": {""pose"": 30, ""object"": 30}, ""latency_ms"": {""pose"": 0, ""object"": 0}, ""svclat_ms"": {""pose"": 20.02, ""object"": 20.31}}, ""b11"": {""services"": [""pose"", ""object""], ""fps"": {""pose"": 30, ""object"": 30}, ""eff_fps"": {""pose"": 30, ""object"": 30}, ""latency_ms"": {""pose"": 0, ""object"": 0}, ""svclat_ms"": {""pose"": 24.25, ""object"": 24.77}}, ""b12"": {""services"": [""pose"", ""object""], ""fps"": {""pose"": 30, ""object"": 30}, ""eff_fps"": {""pose"": 30, ""object"": 30}, ""latency_ms"": {""pose"": 0, ""object"": 0}, ""svclat_ms"": {""pose"": 25.16, ""object"": 25.29}}, ""b13"": {""services"": [""pose"", ""object""], ""fps"": {""pose"": 30, ""object"": 30}, ""eff_fps"": {""pose"": 30, ""object"": 30}, ""latency_ms"": {""pose"": 0, ""object"": 0}, ""svclat_ms"": {""pose"": 25.86, ""object"": 24.39}}, ""b14"": {""services"": [""pose"", ""object""], ""fps"": {""pose"": 30, ""object"": 30}, ""eff_fps"": {""pose"": 30, ""object"": 30}, ""latency_ms"": {""pose"": 0, ""object"": 0}, ""svclat_ms"": {""pose"": 25.05, ""object"": 23.46}}, ""b15"": {""services"": [""pose"", ""object""], ""fps"": {""pose"": 30, ""object"": 30}, ""eff_fps"": {""pose"": 30, ""object"": 30}, ""latency_ms"": {""pose"": 0, ""object"": 0}, ""svclat_ms"": {""pose"": 23.77, ""object"": 26.22}}}"
298.3,12,12,1.0,0,0,25,14,14,1.0,966.0,720,0.745,0.0,1.17,0.0,29.92,0,30.0,29.92,0,30.0,0,0,0,23.75,0,23.73,719,"{""ip-172-31-0-204"": ""healthy"", ""ip-172-31-1-171"": ""healthy"", ""ip-172-31-10-12"": ""healthy"", ""ip-172-31-11-132"": ""healthy"", ""ip-172-31-13-134"": ""healthy"", ""ip-172-31-14-68"": ""healthy"", ""ip-172-31-40-239"": ""healthy""}",unsubscribe,10.1,1.0,0,0,"{""ip-172-31-0-204"": {""pose"": 1, ""object"": 1}, ""ip-172-31-1-171"": {""pose"": 1, ""object"": 1}, ""ip-172-31-10-12"": {""pose"": 1, ""object"": 1}, ""ip-172-31-14-68"": {""object"": 1, ""pose"": 1}, ""ip-172-31-11-132"": {""pose"": 1, ""object"": 1}, ""ip-172-31-13-134"": {""pose"": 1, ""object"": 1}, ""ip-172-31-40-239"": {""pose"": 1, ""object"": 1}}","{""b4"": {""services"": [""pose"", ""object""], ""fps"": {""pose"": 30, ""object"": 30}, ""eff_fps"": {""pose"": 30, ""object"": 30}, ""latency_ms"": {""pose"": 0, ""object"": 0}, ""svclat_ms"": {""pose"": 21.83, ""object"": 23.5}}, ""b5"": {""services"": [""pose"", ""object""], ""fps"": {""pose"": 30, ""object"": 30}, ""eff_fps"": {""pose"": 30, ""object"": 30}, ""latency_ms"": {""pose"": 0, ""object"": 0}, ""svclat_ms"": {""pose"": 24.56, ""object"": 24.99}}, ""b6"": {""services"": [""pose"", ""object""], ""fps"": {""pose"": 30, ""object"": 30}, ""eff_fps"": {""pose"": 30, ""object"": 30}, ""latency_ms"": {""pose"": 0, ""object"": 0}, ""svclat_ms"": {""pose"": 25.49, ""object"": 24.31}}, ""b7"": {""services"": [""pose"", ""object""], ""fps"": {""pose"": 30, ""object"": 30}, ""eff_fps"": {""pose"": 30, ""object"": 30}, ""latency_ms"": {""pose"": 0, ""object"": 0}, ""svclat_ms"": {""pose"": 25.24, ""object"": 25.51}}, ""b8"": {""services"": [""pose"", ""object""], ""fps"": {""pose"": 30, ""object"": 30}, ""eff_fps"": {""pose"": 30, ""object"": 30}, ""latency_ms"": {""pose"": 0, ""object"": 0}, ""svclat_ms"": {""pose"": 22.8, ""object"": 20.23}}, ""b9"": {""services"": [""pose"", ""object""], ""fps"": {""pose"": 30, ""object"": 30}, ""eff_fps"": {""pose"": 30, ""object"": 30}, ""latency_ms"": {""pose"": 0, ""object"": 0}, ""svclat_ms"": {""pose"": 24.56, ""object"": 23.56}}, ""b10"": {""services"": [""pose"", ""object""], ""fps"": {""pose"": 30, ""object"": 30}, ""eff_fps"": {""pose"": 30, ""object"": 30}, ""latency_ms"": {""pose"": 0, ""object"": 0}, ""svclat_ms"": {""pose"": 18.49, ""object"": 19.93}}, ""b11"": {""services"": [""pose"", ""object""], ""fps"": {""pose"": 29, ""object"": 29}, ""eff_fps"": {""pose"": 29, ""object"": 29}, ""latency_ms"": {""pose"": 0, ""object"": 0}, ""svclat_ms"": {""pose"": 21.8, ""object"": 23.12}}, ""b12"": {""services"": [""pose"", ""object""], ""fps"": {""pose"": 30, ""object"": 31}, ""eff_fps"": {""pose"": 30, ""object"": 31}, ""latency_ms"": {""pose"": 0, ""object"": 0}, ""svclat_ms"": {""pose"": 25.64, ""object"": 25.73}}, ""b13"": {""services"": [""pose"", ""object""], ""fps"": {""pose"": 30, ""object"": 30}, ""eff_fps"": {""pose"": 30, ""object"": 30}, ""latency_ms"": {""pose"": 0, ""object"": 0}, ""svclat_ms"": {""pose"": 25.85, ""object"": 24.33}}, ""b14"": {""services"": [""pose"", ""object""], ""fps"": {""pose"": 30, ""object"": 30}, ""eff_fps"": {""pose"": 30, ""object"": 30}, ""latency_ms"": {""pose"": 0, ""object"": 0}, ""svclat_ms"": {""pose"": 24.67, ""object"": 22.62}}, ""b15"": {""services"": [""pose"", ""object""], ""fps"": {""pose"": 30, ""object"": 30}, ""eff_fps"": {""pose"": 30, ""object"": 30}, ""latency_ms"": {""pose"": 0, ""object"": 0}, ""svclat_ms"": {""pose"": 24.12, ""object"": 26.9}}}"
300.8,12,12,1.0,0,0,25,14,14,1.0,966.0,720,0.745,0.0,1.17,0.0,30.0,0,30.08,30.0,0,30.08,0,0,0,24.09,0,24.11,721,"{""ip-172-31-0-204"": ""healthy"", ""ip-172-31-1-171"": ""healthy"", ""ip-172-31-10-12"": ""healthy"", ""ip-172-31-11-132"": ""healthy"", ""ip-172-31-13-134"": ""healthy"", ""ip-172-31-14-68"": ""healthy"", ""ip-172-31-40-239"": ""healthy""}",unsubscribe,10.1,1.0,0,0,"{""ip-172-31-0-204"": {""pose"": 1, ""object"": 1}, ""ip-172-31-1-171"": {""pose"": 1, ""object"": 1}, ""ip-172-31-10-12"": {""pose"": 1, ""object"": 1}, ""ip-172-31-14-68"": {""object"": 1, ""pose"": 1}, ""ip-172-31-11-132"": {""pose"": 1, ""object"": 1}, ""ip-172-31-13-134"": {""pose"": 1, ""object"": 1}, ""ip-172-31-40-239"": {""pose"": 1, ""object"": 1}}","{""b4"": {""services"": [""pose"", ""object""], ""fps"": {""pose"": 30, ""object"": 30}, ""eff_fps"": {""pose"": 30, ""object"": 30}, ""latency_ms"": {""pose"": 0, ""object"": 0}, ""svclat_ms"": {""pose"": 22.8, ""object"": 24.23}}, ""b5"": {""services"": [""pose"", ""object""], ""fps"": {""pose"": 30, ""object"": 30}, ""eff_fps"": {""pose"": 30, ""object"": 30}, ""latency_ms"": {""pose"": 0, ""object"": 0}, ""svclat_ms"": {""pose"": 24.37, ""object"": 23.94}}, ""b6"": {""services"": [""pose"", ""object""], ""fps"": {""pose"": 30, ""object"": 30}, ""eff_fps"": {""pose"": 30, ""object"": 30}, ""latency_ms"": {""pose"": 0, ""object"": 0}, ""svclat_ms"": {""pose"": 26.18, ""object"": 25.23}}, ""b7"": {""services"": [""pose"", ""object""], ""fps"": {""pose"": 29, ""object"": 30}, ""eff_fps"": {""pose"": 29, ""object"": 30}, ""latency_ms"": {""pose"": 0, ""object"": 0}, ""svclat_ms"": {""pose"": 24.94, ""object"": 25.39}}, ""b8"": {""services"": [""pose"", ""object""], ""fps"": {""pose"": 30, ""object"": 30}, ""eff_fps"": {""pose"": 30, ""object"": 30}, ""latency_ms"": {""pose"": 0, ""object"": 0}, ""svclat_ms"": {""pose"": 23.2, ""object"": 20.95}}, ""b9"": {""services"": [""pose"", ""object""], ""fps"": {""pose"": 30, ""object"": 30}, ""eff_fps"": {""pose"": 30, ""object"": 30}, ""latency_ms"": {""pose"": 0, ""object"": 0}, ""svclat_ms"": {""pose"": 25.23, ""object"": 23.4}}, ""b10"": {""services"": [""pose"", ""object""], ""fps"": {""pose"": 30, ""object"": 30}, ""eff_fps"": {""pose"": 30, ""object"": 30}, ""latency_ms"": {""pose"": 0, ""object"": 0}, ""svclat_ms"": {""pose"": 18.28, ""object"": 19.91}}, ""b11"": {""services"": [""pose"", ""object""], ""fps"": {""pose"": 31, ""object"": 31}, ""eff_fps"": {""pose"": 31, ""object"": 31}, ""latency_ms"": {""pose"": 0, ""object"": 0}, ""svclat_ms"": {""pose"": 23.69, ""object"": 24.22}}, ""b12"": {""services"": [""pose"", ""object""], ""fps"": {""pose"": 30, ""object"": 30}, ""eff_fps"": {""pose"": 30, ""object"": 30}, ""latency_ms"": {""pose"": 0, ""object"": 0}, ""svclat_ms"": {""pose"": 24.41, ""object"": 25.43}}, ""b13"": {""services"": [""pose"", ""object""], ""fps"": {""pose"": 30, ""object"": 30}, ""eff_fps"": {""pose"": 30, ""object"": 30}, ""latency_ms"": {""pose"": 0, ""object"": 0}, ""svclat_ms"": {""pose"": 26.38, ""object"": 25.16}}, ""b14"": {""services"": [""pose"", ""object""], ""fps"": {""pose"": 30, ""object"": 30}, ""eff_fps"": {""pose"": 30, ""object"": 30}, ""latency_ms"": {""pose"": 0, ""object"": 0}, ""svclat_ms"": {""pose"": 25.48, ""object"": 24.58}}, ""b15"": {""services"": [""pose"", ""object""], ""fps"": {""pose"": 30, ""object"": 30}, ""eff_fps"": {""pose"": 30, ""object"": 30}, ""latency_ms"": {""pose"": 0, ""object"": 0}, ""svclat_ms"": {""pose"": 24.07, ""object"": 26.91}}, ""e1"": {""services"": [""gesture"", ""object""], ""fps"": {""gesture"": 0, ""object"": 0}, ""eff_fps"": {""gesture"": 0, ""object"": 0}, ""latency_ms"": {""gesture"": 0, ""object"": 0}, ""svclat_ms"": {""gesture"": 0.0, ""object"": 0.0}}}"
303.2,12,12,1.0,0,0,25,14,14,1.0,966.0,720,0.745,0.0,1.17,0.0,30.0,0,30.0,30.0,0,30.0,0,0,0,23.75,0,23.66,720,"{""ip-172-31-0-204"": ""healthy"", ""ip-172-31-1-171"": ""healthy"", ""ip-172-31-10-12"": ""healthy"", ""ip-172-31-11-132"": ""healthy"", ""ip-172-31-13-134"": ""healthy"", ""ip-172-31-14-68"": ""healthy"", ""ip-172-31-40-239"": ""healthy""}",unsubscribe,10.1,1.0,0,0,"{""ip-172-31-0-204"": {""pose"": 1, ""object"": 1}, ""ip-172-31-1-171"": {""pose"": 1, ""object"": 1}, ""ip-172-31-10-12"": {""pose"": 1, ""object"": 1}, ""ip-172-31-14-68"": {""object"": 1, ""pose"": 1}, ""ip-172-31-11-132"": {""pose"": 1, ""object"": 1}, ""ip-172-31-13-134"": {""pose"": 1, ""object"": 1}, ""ip-172-31-40-239"": {""pose"": 1, ""object"": 1}}","{""b4"": {""services"": [""pose"", ""object""], ""fps"": {""pose"": 30, ""object"": 30}, ""eff_fps"": {""pose"": 30, ""object"": 30}, ""latency_ms"": {""pose"": 0, ""object"": 0}, ""svclat_ms"": {""pose"": 22.4, ""object"": 23.68}}, ""b5"": {""services"": [""pose"", ""object""], ""fps"": {""pose"": 30, ""object"": 30}, ""eff_fps"": {""pose"": 30, ""object"": 30}, ""latency_ms"": {""pose"": 0, ""object"": 0}, ""svclat_ms"": {""pose"": 24.63, ""object"": 25.06}}, ""b6"": {""services"": [""pose"", ""object""], ""fps"": {""pose"": 30, ""object"": 30}, ""eff_fps"": {""pose"": 30, ""object"": 30}, ""latency_ms"": {""pose"": 0, ""object"": 0}, ""svclat_ms"": {""pose"": 25.3, ""object"": 24.13}}, ""b7"": {""services"": [""pose"", ""object""], ""fps"": {""pose"": 30, ""object"": 30}, ""eff_fps"": {""pose"": 30, ""object"": 30}, ""latency_ms"": {""pose"": 0, ""object"": 0}, ""svclat_ms"": {""pose"": 24.63, ""object"": 24.93}}, ""b8"": {""services"": [""pose"", ""object""], ""fps"": {""pose"": 30, ""object"": 30}, ""eff_fps"": {""pose"": 30, ""object"": 30}, ""latency_ms"": {""pose"": 0, ""object"": 0}, ""svclat_ms"": {""pose"": 23.09, ""object"": 20.66}}, ""b9"": {""services"": [""pose"", ""object""], ""fps"": {""pose"": 30, ""object"": 30}, ""eff_fps"": {""pose"": 30, ""object"": 30}, ""latency_ms"": {""pose"": 0, ""object"": 0}, ""svclat_ms"": {""pose"": 24.64, ""object"": 23.73}}, ""b10"": {""services"": [""pose"", ""object""], ""fps"": {""pose"": 30, ""object"": 30}, ""eff_fps"": {""pose"": 30, ""object"": 30}, ""latency_ms"": {""pose"": 0, ""object"": 0}, ""svclat_ms"": {""pose"": 19.36, ""object"": 19.74}}, ""b11"": {""services"": [""pose"", ""object""], ""fps"": {""pose"": 30, ""object"": 30}, ""eff_fps"": {""pose"": 30, ""object"": 30}, ""latency_ms"": {""pose"": 0, ""object"": 0}, ""svclat_ms"": {""pose"": 21.66, ""object"": 22.58}}, ""b12"": {""services"": [""pose"", ""object""], ""fps"": {""pose"": 30, ""object"": 30}, ""eff_fps"": {""pose"": 30, ""object"": 30}, ""latency_ms"": {""pose"": 0, ""object"": 0}, ""svclat_ms"": {""pose"": 25.94, ""object"": 25.7}}, ""b13"": {""services"": [""pose"", ""object""], ""fps"": {""pose"": 30, ""object"": 30}, ""eff_fps"": {""pose"": 30, ""object"": 30}, ""latency_ms"": {""pose"": 0, ""object"": 0}, ""svclat_ms"": {""pose"": 24.8, ""object"": 22.85}}, ""b14"": {""services"": [""pose"", ""object""], ""fps"": {""pose"": 30, ""object"": 30}, ""eff_fps"": {""pose"": 30, ""object"": 30}, ""latency_ms"": {""pose"": 0, ""object"": 0}, ""svclat_ms"": {""pose"": 25.05, ""object"": 23.88}}, ""b15"": {""services"": [""pose"", ""object""], ""fps"": {""pose"": 30, ""object"": 30}, ""eff_fps"": {""pose"": 30, ""object"": 30}, ""latency_ms"": {""pose"": 0, ""object"": 0}, ""svclat_ms"": {""pose"": 23.56, ""object"": 26.96}}, ""e1"": {""services"": [""gesture"", ""object""], ""fps"": {""gesture"": 0, ""object"": 0}, ""eff_fps"": {""gesture"": 0, ""object"": 0}, ""latency_ms"": {""gesture"": 0, ""object"": 0}, ""svclat_ms"": {""gesture"": 0.0, ""object"": 0.0}}}"
305.7,13,12,0.923,0,0,25,14,14,1.0,966.0,720,0.745,0.0,1.17,0.0,29.83,0,29.92,29.83,0,29.92,0,0,0,24.01,0,23.71,717,"{""ip-172-31-0-204"": ""healthy"", ""ip-172-31-1-171"": ""healthy"", ""ip-172-31-10-12"": ""healthy"", ""ip-172-31-11-132"": ""healthy"", ""ip-172-31-13-134"": ""healthy"", ""ip-172-31-14-68"": ""healthy"", ""ip-172-31-40-239"": ""healthy""}",unsubscribe,10.1,1.0,0,0,"{""ip-172-31-0-204"": {""pose"": 1, ""object"": 1}, ""ip-172-31-1-171"": {""pose"": 1, ""object"": 1}, ""ip-172-31-10-12"": {""pose"": 1, ""object"": 1}, ""ip-172-31-14-68"": {""object"": 1, ""pose"": 1}, ""ip-172-31-11-132"": {""pose"": 1, ""object"": 1}, ""ip-172-31-13-134"": {""pose"": 1, ""object"": 1}, ""ip-172-31-40-239"": {""pose"": 1, ""object"": 1}}","{""b4"": {""services"": [""pose"", ""object""], ""fps"": {""pose"": 30, ""object"": 30}, ""eff_fps"": {""pose"": 30, ""object"": 30}, ""latency_ms"": {""pose"": 0, ""object"": 0}, ""svclat_ms"": {""pose"": 23.43, ""object"": 24.81}}, ""b5"": {""services"": [""pose"", ""object""], ""fps"": {""pose"": 30, ""object"": 30}, ""eff_fps"": {""pose"": 30, ""object"": 30}, ""latency_ms"": {""pose"": 0, ""object"": 0}, ""svclat_ms"": {""pose"": 24.68, ""object"": 24.4}}, ""b6"": {""services"": [""pose"", ""object""], ""fps"": {""pose"": 30, ""object"": 30}, ""eff_fps"": {""pose"": 30, ""object"": 30}, ""latency_ms"": {""pose"": 0, ""object"": 0}, ""svclat_ms"": {""pose"": 25.39, ""object"": 24.61}}, ""b7"": {""services"": [""pose"", ""object""], ""fps"": {""pose"": 29, ""object"": 30}, ""eff_fps"": {""pose"": 29, ""object"": 30}, ""latency_ms"": {""pose"": 0, ""object"": 0}, ""svclat_ms"": {""pose"": 24.21, ""object"": 24.45}}, ""b8"": {""services"": [""pose"", ""object""], ""fps"": {""pose"": 30, ""object"": 30}, ""eff_fps"": {""pose"": 30, ""object"": 30}, ""latency_ms"": {""pose"": 0, ""object"": 0}, ""svclat_ms"": {""pose"": 22.91, ""object"": 20.92}}, ""b9"": {""services"": [""pose"", ""object""], ""fps"": {""pose"": 30, ""object"": 30}, ""eff_fps"": {""pose"": 30, ""object"": 30}, ""latency_ms"": {""pose"": 0, ""object"": 0}, ""svclat_ms"": {""pose"": 24.62, ""object"": 23.06}}, ""b10"": {""services"": [""pose"", ""object""], ""fps"": {""pose"": 30, ""object"": 30}, ""eff_fps"": {""pose"": 30, ""object"": 30}, ""latency_ms"": {""pose"": 0, ""object"": 0}, ""svclat_ms"": {""pose"": 19.87, ""object"": 19.71}}, ""b11"": {""services"": [""pose"", ""object""], ""fps"": {""pose"": 29, ""object"": 29}, ""eff_fps"": {""pose"": 29, ""object"": 29}, ""latency_ms"": {""pose"": 0, ""object"": 0}, ""svclat_ms"": {""pose"": 22.95, ""object"": 23.69}}, ""b12"": {""services"": [""pose"", ""object""], ""fps"": {""pose"": 30, ""object"": 30}, ""eff_fps"": {""pose"": 30, ""object"": 30}, ""latency_ms"": {""pose"": 0, ""object"": 0}, ""svclat_ms"": {""pose"": 25.86, ""object"": 25.54}}, ""b13"": {""services"": [""pose"", ""object""], ""fps"": {""pose"": 30, ""object"": 30}, ""eff_fps"": {""pose"": 30, ""object"": 30}, ""latency_ms"": {""pose"": 0, ""object"": 0}, ""svclat_ms"": {""pose"": 25.19, ""object"": 23.55}}, ""b14"": {""services"": [""pose"", ""object""], ""fps"": {""pose"": 30, ""object"": 30}, ""eff_fps"": {""pose"": 30, ""object"": 30}, ""latency_ms"": {""pose"": 0, ""object"": 0}, ""svclat_ms"": {""pose"": 25.57, ""object"": 24.13}}, ""b15"": {""services"": [""pose"", ""object""], ""fps"": {""pose"": 30, ""object"": 30}, ""eff_fps"": {""pose"": 30, ""object"": 30}, ""latency_ms"": {""pose"": 0, ""object"": 0}, ""svclat_ms"": {""pose"": 23.46, ""object"": 25.6}}, ""e1"": {""services"": [""gesture"", ""object""], ""fps"": {""gesture"": 0, ""object"": 0}, ""eff_fps"": {""gesture"": 0, ""object"": 0}, ""latency_ms"": {""gesture"": 0, ""object"": 0}, ""svclat_ms"": {""gesture"": 0.0, ""object"": 0.0}}, ""e2"": {""services"": [""gesture"", ""object""], ""fps"": {""gesture"": 0, ""object"": 0}, ""eff_fps"": {""gesture"": 0, ""object"": 0}, ""latency_ms"": {""gesture"": 0, ""object"": 0}, ""svclat_ms"": {""gesture"": 0.0, ""object"": 0.0}}}"
308.1,13,12,0.923,0,0,25,14,14,1.0,966.0,720,0.745,0.0,1.17,0.0,29.92,0,30.0,29.92,0,30.0,0,0,0,23.82,0,24.03,719,"{""ip-172-31-0-204"": ""healthy"", ""ip-172-31-1-171"": ""healthy"", ""ip-172-31-10-12"": ""healthy"", ""ip-172-31-11-132"": ""healthy"", ""ip-172-31-13-134"": ""healthy"", ""ip-172-31-14-68"": ""healthy"", ""ip-172-31-40-239"": ""healthy""}",unsubscribe,10.1,1.0,0,0,"{""ip-172-31-0-204"": {""pose"": 1, ""object"": 1}, ""ip-172-31-1-171"": {""pose"": 1, ""object"": 1}, ""ip-172-31-10-12"": {""pose"": 1, ""object"": 1}, ""ip-172-31-14-68"": {""object"": 1, ""pose"": 1}, ""ip-172-31-11-132"": {""pose"": 1, ""object"": 1}, ""ip-172-31-13-134"": {""pose"": 1, ""object"": 1}, ""ip-172-31-40-239"": {""pose"": 1, ""object"": 1}}","{""b4"": {""services"": [""pose"", ""object""], ""fps"": {""pose"": 30, ""object"": 30}, ""eff_fps"": {""pose"": 30, ""object"": 30}, ""latency_ms"": {""pose"": 0, ""object"": 0}, ""svclat_ms"": {""pose"": 22.94, ""object"": 24.56}}, ""b5"": {""services"": [""pose"", ""object""], ""fps"": {""pose"": 30, ""object"": 30}, ""eff_fps"": {""pose"": 30, ""object"": 30}, ""latency_ms"": {""pose"": 0, ""object"": 0}, ""svclat_ms"": {""pose"": 24.74, ""object"": 25.18}}, ""b6"": {""services"": [""pose"", ""object""], ""fps"": {""pose"": 30, ""object"": 30}, ""eff_fps"": {""pose"": 30, ""object"": 30}, ""latency_ms"": {""pose"": 0, ""object"": 0}, ""svclat_ms"": {""pose"": 24.97, ""object"": 23.8}}, ""b7"": {""services"": [""pose"", ""object""], ""fps"": {""pose"": 29, ""object"": 30}, ""eff_fps"": {""pose"": 29, ""object"": 30}, ""latency_ms"": {""pose"": 0, ""object"": 0}, ""svclat_ms"": {""pose"": 24.49, ""object"": 25.6}}, ""b8"": {""services"": [""pose"", ""object""], ""fps"": {""pose"": 30, ""object"": 30}, ""eff_fps"": {""pose"": 30, ""object"": 30}, ""latency_ms"": {""pose"": 0, ""object"": 0}, ""svclat_ms"": {""pose"": 23.21, ""object"": 21.24}}, ""b9"": {""services"": [""pose"", ""object""], ""fps"": {""pose"": 30, ""object"": 30}, ""eff_fps"": {""pose"": 30, ""object"": 30}, ""latency_ms"": {""pose"": 0, ""object"": 0}, ""svclat_ms"": {""pose"": 24.66, ""object"": 23.8}}, ""b10"": {""services"": [""pose"", ""object""], ""fps"": {""pose"": 30, ""object"": 30}, ""eff_fps"": {""pose"": 30, ""object"": 30}, ""latency_ms"": {""pose"": 0, ""object"": 0}, ""svclat_ms"": {""pose"": 18.61, ""object"": 19.92}}, ""b11"": {""services"": [""pose"", ""object""], ""fps"": {""pose"": 30, ""object"": 30}, ""eff_fps"": {""pose"": 30, ""object"": 30}, ""latency_ms"": {""pose"": 0, ""object"": 0}, ""svclat_ms"": {""pose"": 24.07, ""object"": 24.52}}, ""b12"": {""services"": [""pose"", ""object""], ""fps"": {""pose"": 30, ""object"": 30}, ""eff_fps"": {""pose"": 30, ""object"": 30}, ""latency_ms"": {""pose"": 0, ""object"": 0}, ""svclat_ms"": {""pose"": 24.79, ""object"": 25.63}}, ""b13"": {""services"": [""pose"", ""object""], ""fps"": {""pose"": 30, ""object"": 30}, ""eff_fps"": {""pose"": 30, ""object"": 30}, ""latency_ms"": {""pose"": 0, ""object"": 0}, ""svclat_ms"": {""pose"": 24.32, ""object"": 22.99}}, ""b14"": {""services"": [""pose"", ""object""], ""fps"": {""pose"": 30, ""object"": 30}, ""eff_fps"": {""pose"": 30, ""object"": 30}, ""latency_ms"": {""pose"": 0, ""object"": 0}, ""svclat_ms"": {""pose"": 25.24, ""object"": 24.94}}, ""b15"": {""services"": [""pose"", ""object""], ""fps"": {""pose"": 30, ""object"": 30}, ""eff_fps"": {""pose"": 30, ""object"": 30}, ""latency_ms"": {""pose"": 0, ""object"": 0}, ""svclat_ms"": {""pose"": 23.85, ""object"": 26.18}}, ""e1"": {""services"": [""gesture"", ""object""], ""fps"": {""gesture"": 0, ""object"": 0}, ""eff_fps"": {""gesture"": 0, ""object"": 0}, ""latency_ms"": {""gesture"": 0, ""object"": 0}, ""svclat_ms"": {""gesture"": 0.0, ""object"": 0.0}}, ""e2"": {""services"": [""gesture"", ""object""], ""fps"": {""gesture"": 0, ""object"": 0}, ""eff_fps"": {""gesture"": 0, ""object"": 0}, ""latency_ms"": {""gesture"": 0, ""object"": 0}, ""svclat_ms"": {""gesture"": 0.0, ""object"": 0.0}}}"
313.5,14,13,0.929,1,0,26,15,15,1.0,1037.0,779.0,0.751,0.0,1.15,0.0,30.0,30.0,29.93,30.0,30.0,29.93,0,0,0,24.11,17.54,24.22,839,"{""ip-172-31-0-204"": ""healthy"", ""ip-172-31-1-171"": ""healthy"", ""ip-172-31-10-12"": ""healthy"", ""ip-172-31-11-132"": ""healthy"", ""ip-172-31-13-134"": ""healthy"", ""ip-172-31-14-68"": ""healthy"", ""ip-172-31-40-239"": ""healthy""}",subscribe,9.0,0.9987,0,0,"{""ip-172-31-0-204"": {""pose"": 1, ""object"": 1}, ""ip-172-31-1-171"": {""pose"": 1, ""object"": 1}, ""ip-172-31-10-12"": {""pose"": 1, ""object"": 1}, ""ip-172-31-14-68"": {""object"": 1, ""pose"": 1, ""gesture"": 1}, ""ip-172-31-11-132"": {""pose"": 1, ""object"": 1}, ""ip-172-31-13-134"": {""pose"": 1, ""object"": 1}, ""ip-172-31-40-239"": {""pose"": 1, ""object"": 1}}","{""b4"": {""services"": [""pose"", ""object""], ""fps"": {""pose"": 30, ""object"": 30}, ""eff_fps"": {""pose"": 30, ""object"": 30}, ""latency_ms"": {""pose"": 0, ""object"": 0}, ""svclat_ms"": {""pose"": 22.73, ""object"": 23.57}}, ""b5"": {""services"": [""pose"", ""object""], ""fps"": {""pose"": 30, ""object"": 30}, ""eff_fps"": {""pose"": 30, ""object"": 30}, ""latency_ms"": {""pose"": 0, ""object"": 0}, ""svclat_ms"": {""pose"": 24.74, ""object"": 24.45}}, ""b6"": {""services"": [""pose"", ""object""], ""fps"": {""pose"": 30, ""object"": 30}, ""eff_fps"": {""pose"": 30, ""object"": 30}, ""latency_ms"": {""pose"": 0, ""object"": 0}, ""svclat_ms"": {""pose"": 25.03, ""object"": 24.21}}, ""b7"": {""services"": [""pose"", ""object""], ""fps"": {""pose"": 30, ""object"": 30}, ""eff_fps"": {""pose"": 30, ""object"": 30}, ""latency_ms"": {""pose"": 0, ""object"": 0}, ""svclat_ms"": {""pose"": 24.61, ""object"": 25.09}}, ""b8"": {""services"": [""pose"", ""object""], ""fps"": {""pose"": 30, ""object"": 30}, ""eff_fps"": {""pose"": 30, ""object"": 30}, ""latency_ms"": {""pose"": 0, ""object"": 0}, ""svclat_ms"": {""pose"": 24.94, ""object"": 25.48}}, ""b9"": {""services"": [""pose"", ""object""], ""fps"": {""pose"": 30, ""object"": 30}, ""eff_fps"": {""pose"": 30, ""object"": 30}, ""latency_ms"": {""pose"": 0, ""object"": 0}, ""svclat_ms"": {""pose"": 24.95, ""object"": 23.5}}, ""b10"": {""services"": [""pose"", ""object""], ""fps"": {""pose"": 30, ""object"": 30}, ""eff_fps"": {""pose"": 30, ""object"": 30}, ""latency_ms"": {""pose"": 0, ""object"": 0}, ""svclat_ms"": {""pose"": 20.36, ""object"": 20.84}}, ""b11"": {""services"": [""pose"", ""object""], ""fps"": {""pose"": 30, ""object"": 30}, ""eff_fps"": {""pose"": 30, ""object"": 30}, ""latency_ms"": {""pose"": 0, ""object"": 0}, ""svclat_ms"": {""pose"": 23.03, ""object"": 23.4}}, ""b12"": {""services"": [""pose"", ""object""], ""fps"": {""pose"": 30, ""object"": 30}, ""eff_fps"": {""pose"": 30, ""object"": 30}, ""latency_ms"": {""pose"": 0, ""object"": 0}, ""svclat_ms"": {""pose"": 25.17, ""object"": 25.03}}, ""b13"": {""services"": [""pose"", ""object""], ""fps"": {""pose"": 30, ""object"": 30}, ""eff_fps"": {""pose"": 30, ""object"": 30}, ""latency_ms"": {""pose"": 0, ""object"": 0}, ""svclat_ms"": {""pose"": 24.72, ""object"": 22.55}}, ""b14"": {""services"": [""pose"", ""object""], ""fps"": {""pose"": 30, ""object"": 30}, ""eff_fps"": {""pose"": 30, ""object"": 30}, ""latency_ms"": {""pose"": 0, ""object"": 0}, ""svclat_ms"": {""pose"": 25.62, ""object"": 25.57}}, ""b15"": {""services"": [""pose"", ""object""], ""fps"": {""pose"": 30, ""object"": 30}, ""eff_fps"": {""pose"": 30, ""object"": 30}, ""latency_ms"": {""pose"": 0, ""object"": 0}, ""svclat_ms"": {""pose"": 23.42, ""object"": 26.18}}, ""e1"": {""services"": [""gesture"", ""object""], ""fps"": {""gesture"": 30, ""object"": 29}, ""eff_fps"": {""gesture"": 30, ""object"": 29}, ""latency_ms"": {""gesture"": 0, ""object"": 0}, ""svclat_ms"": {""gesture"": 18.05, ""object"": 25.92}}, ""e2"": {""services"": [""gesture"", ""object""], ""fps"": {""gesture"": 30, ""object"": 30}, ""eff_fps"": {""gesture"": 30, ""object"": 30}, ""latency_ms"": {""gesture"": 0, ""object"": 0}, ""svclat_ms"": {""gesture"": 17.03, ""object"": 23.23}}, ""e3"": {""services"": [""gesture"", ""object""], ""fps"": {""gesture"": 0, ""object"": 0}, ""eff_fps"": {""gesture"": 0, ""object"": 0}, ""latency_ms"": {""gesture"": 0, ""object"": 0}, ""svclat_ms"": {""gesture"": 0.0, ""object"": 0.0}}}"
317.0,15,15,1.0,0,0,26,15,15,1.0,1037.0,878.0,0.847,0.0,1.0,0.0,30.2,30.0,28.38,30.2,30.0,28.38,0,0,0,20.86,16.93,21.87,468,"{""ip-172-31-0-204"": ""healthy"", ""ip-172-31-1-171"": ""healthy"", ""ip-172-31-10-12"": ""healthy"", ""ip-172-31-11-132"": ""healthy"", ""ip-172-31-13-134"": ""healthy"", ""ip-172-31-14-68"": ""healthy"", ""ip-172-31-40-239"": ""healthy""}",subscribe,10.1,0.9756,0,0,"{""ip-172-31-0-204"": {""pose"": 1, ""object"": 1}, ""ip-172-31-1-171"": {""pose"": 1, ""object"": 1}, ""ip-172-31-10-12"": {""pose"": 1, ""object"": 1}, ""ip-172-31-14-68"": {""object"": 1, ""pose"": 1, ""gesture"": 1}, ""ip-172-31-11-132"": {""pose"": 1, ""object"": 1}, ""ip-172-31-13-134"": {""pose"": 1, ""object"": 1}, ""ip-172-31-40-239"": {""pose"": 1, ""object"": 1}}","{""b11"": {""services"": [""pose"", ""object""], ""fps"": {""pose"": 31, ""object"": 31}, ""eff_fps"": {""pose"": 31, ""object"": 31}, ""latency_ms"": {""pose"": 0, ""object"": 0}, ""svclat_ms"": {""pose"": 20.54, ""object"": 20.66}}, ""b12"": {""services"": [""pose"", ""object""], ""fps"": {""pose"": 30, ""object"": 23}, ""eff_fps"": {""pose"": 30, ""object"": 23}, ""latency_ms"": {""pose"": 0, ""object"": 0}, ""svclat_ms"": {""pose"": 22.66, ""object"": 23.38}}, ""b13"": {""services"": [""pose"", ""object""], ""fps"": {""pose"": 30, ""object"": 30}, ""eff_fps"": {""pose"": 30, ""object"": 30}, ""latency_ms"": {""pose"": 0, ""object"": 0}, ""svclat_ms"": {""pose"": 19.7, ""object"": 20.64}}, ""b14"": {""services"": [""pose"", ""object""], ""fps"": {""pose"": 30, ""object"": 30}, ""eff_fps"": {""pose"": 30, ""object"": 30}, ""latency_ms"": {""pose"": 0, ""object"": 0}, ""svclat_ms"": {""pose"": 21.2, ""object"": 21.29}}, ""b15"": {""services"": [""pose"", ""object""], ""fps"": {""pose"": 30, ""object"": 30}, ""eff_fps"": {""pose"": 30, ""object"": 30}, ""latency_ms"": {""pose"": 0, ""object"": 0}, ""svclat_ms"": {""pose"": 20.19, ""object"": 20.89}}, ""e1"": {""services"": [""gesture"", ""object""], ""fps"": {""gesture"": 30, ""object"": 30}, ""eff_fps"": {""gesture"": 30, ""object"": 30}, ""latency_ms"": {""gesture"": 0, ""object"": 0}, ""svclat_ms"": {""gesture"": 17.13, ""object"": 23.15}}, ""e2"": {""services"": [""gesture"", ""object""], ""fps"": {""gesture"": 30, ""object"": 30}, ""eff_fps"": {""gesture"": 30, ""object"": 30}, ""latency_ms"": {""gesture"": 0, ""object"": 0}, ""svclat_ms"": {""gesture"": 16.77, ""object"": 19.43}}, ""e3"": {""services"": [""gesture"", ""object""], ""fps"": {""gesture"": 30, ""object"": 23}, ""eff_fps"": {""gesture"": 30, ""object"": 23}, ""latency_ms"": {""gesture"": 0, ""object"": 0}, ""svclat_ms"": {""gesture"": 16.88, ""object"": 25.49}}, ""e4"": {""services"": [""gesture"", ""object""], ""fps"": {""gesture"": 0, ""object"": 0}, ""eff_fps"": {""gesture"": 0, ""object"": 0}, ""latency_ms"": {""gesture"": 0, ""object"": 0}, ""svclat_ms"": {""gesture"": 0.0, ""object"": 0.0}}}"
319.5,8,15,1.875,0,0,26,15,15,1.0,1037.0,878.0,0.847,0.0,1.88,0.0,30.0,30.0,28.25,30.0,30.0,28.25,0,0,0,21.31,17.03,22.05,466,"{""ip-172-31-0-204"": ""healthy"", ""ip-172-31-1-171"": ""healthy"", ""ip-172-31-10-12"": ""healthy"", ""ip-172-31-11-132"": ""healthy"", ""ip-172-31-13-134"": ""healthy"", ""ip-172-31-14-68"": ""healthy"", ""ip-172-31-40-239"": ""healthy""}",subscribe,10.1,0.9756,0,0,"{""ip-172-31-0-204"": {""pose"": 1, ""object"": 1}, ""ip-172-31-1-171"": {""pose"": 1, ""object"": 1}, ""ip-172-31-10-12"": {""pose"": 1, ""object"": 1}, ""ip-172-31-14-68"": {""object"": 1, ""pose"": 1, ""gesture"": 1}, ""ip-172-31-11-132"": {""pose"": 1, ""object"": 1}, ""ip-172-31-13-134"": {""pose"": 1, ""object"": 1}, ""ip-172-31-40-239"": {""pose"": 1, ""object"": 1}}","{""b11"": {""services"": [""pose"", ""object""], ""fps"": {""pose"": 30, ""object"": 30}, ""eff_fps"": {""pose"": 30, ""object"": 30}, ""latency_ms"": {""pose"": 0, ""object"": 0}, ""svclat_ms"": {""pose"": 20.19, ""object"": 20.63}}, ""b12"": {""services"": [""pose"", ""object""], ""fps"": {""pose"": 30, ""object"": 23}, ""eff_fps"": {""pose"": 30, ""object"": 23}, ""latency_ms"": {""pose"": 0, ""object"": 0}, ""svclat_ms"": {""pose"": 24.0, ""object"": 23.84}}, ""b13"": {""services"": [""pose"", ""object""], ""fps"": {""pose"": 30, ""object"": 30}, ""eff_fps"": {""pose"": 30, ""object"": 30}, ""latency_ms"": {""pose"": 0, ""object"": 0}, ""svclat_ms"": {""pose"": 19.93, ""object"": 20.98}}, ""b14"": {""services"": [""pose"", ""object""], ""fps"": {""pose"": 30, ""object"": 30}, ""eff_fps"": {""pose"": 30, ""object"": 30}, ""latency_ms"": {""pose"": 0, ""object"": 0}, ""svclat_ms"": {""pose"": 22.02, ""object"": 21.88}}, ""b15"": {""services"": [""pose"", ""object""], ""fps"": {""pose"": 30, ""object"": 30}, ""eff_fps"": {""pose"": 30, ""object"": 30}, ""latency_ms"": {""pose"": 0, ""object"": 0}, ""svclat_ms"": {""pose"": 20.42, ""object"": 20.94}}, ""e1"": {""services"": [""gesture"", ""object""], ""fps"": {""gesture"": 30, ""object"": 30}, ""eff_fps"": {""gesture"": 30, ""object"": 30}, ""latency_ms"": {""gesture"": 0, ""object"": 0}, ""svclat_ms"": {""gesture"": 17.2, ""object"": 22.71}}, ""e2"": {""services"": [""gesture"", ""object""], ""fps"": {""gesture"": 30, ""object"": 30}, ""eff_fps"": {""gesture"": 30, ""object"": 30}, ""latency_ms"": {""gesture"": 0, ""object"": 0}, ""svclat_ms"": {""gesture"": 16.83, ""object"": 19.08}}, ""e3"": {""services"": [""gesture"", ""object""], ""fps"": {""gesture"": 30, ""object"": 23}, ""eff_fps"": {""gesture"": 30, ""object"": 23}, ""latency_ms"": {""gesture"": 0, ""object"": 0}, ""svclat_ms"": {""gesture"": 17.06, ""object"": 26.3}}, ""e4"": {""services"": [""gesture"", ""object""], ""fps"": {""gesture"": 0, ""object"": 0}, ""eff_fps"": {""gesture"": 0, ""object"": 0}, ""latency_ms"": {""gesture"": 0, ""object"": 0}, ""svclat_ms"": {""gesture"": 0.0, ""object"": 0.0}}}"
321.9,8,15,1.875,0,0,26,15,15,1.0,1037.0,878.0,0.847,0.0,1.88,0.0,30.0,30.0,28.25,30.0,30.0,28.25,0,0,0,21.26,17.25,22.3,466,"{""ip-172-31-0-204"": ""healthy"", ""ip-172-31-1-171"": ""healthy"", ""ip-172-31-10-12"": ""healthy"", ""ip-172-31-11-132"": ""healthy"", ""ip-172-31-13-134"": ""healthy"", ""ip-172-31-14-68"": ""healthy"", ""ip-172-31-40-239"": ""healthy""}",subscribe,10.1,0.9756,0,0,"{""ip-172-31-0-204"": {""pose"": 1, ""object"": 1}, ""ip-172-31-1-171"": {""pose"": 1, ""object"": 1}, ""ip-172-31-10-12"": {""pose"": 1, ""object"": 1}, ""ip-172-31-14-68"": {""object"": 1, ""pose"": 1, ""gesture"": 1}, ""ip-172-31-11-132"": {""pose"": 1, ""object"": 1}, ""ip-172-31-13-134"": {""pose"": 1, ""object"": 1}, ""ip-172-31-40-239"": {""pose"": 1, ""object"": 1}}","{""b11"": {""services"": [""pose"", ""object""], ""fps"": {""pose"": 30, ""object"": 30}, ""eff_fps"": {""pose"": 30, ""object"": 30}, ""latency_ms"": {""pose"": 0, ""object"": 0}, ""svclat_ms"": {""pose"": 19.9, ""object"": 20.56}}, ""b12"": {""services"": [""pose"", ""object""], ""fps"": {""pose"": 30, ""object"": 23}, ""eff_fps"": {""pose"": 30, ""object"": 23}, ""latency_ms"": {""pose"": 0, ""object"": 0}, ""svclat_ms"": {""pose"": 24.43, ""object"": 25.58}}, ""b13"": {""services"": [""pose"", ""object""], ""fps"": {""pose"": 30, ""object"": 30}, ""eff_fps"": {""pose"": 30, ""object"": 30}, ""latency_ms"": {""pose"": 0, ""object"": 0}, ""svclat_ms"": {""pose"": 20.53, ""object"": 22.37}}, ""b14"": {""services"": [""pose"", ""object""], ""fps"": {""pose"": 30, ""object"": 30}, ""eff_fps"": {""pose"": 30, ""object"": 30}, ""latency_ms"": {""pose"": 0, ""object"": 0}, ""svclat_ms"": {""pose"": 21.26, ""object"": 21.0}}, ""b15"": {""services"": [""pose"", ""object""], ""fps"": {""pose"": 30, ""object"": 30}, ""eff_fps"": {""pose"": 30, ""object"": 30}, ""latency_ms"": {""pose"": 0, ""object"": 0}, ""svclat_ms"": {""pose"": 20.19, ""object"": 20.42}}, ""e1"": {""services"": [""gesture"", ""object""], ""fps"": {""gesture"": 30, ""object"": 30}, ""eff_fps"": {""gesture"": 30, ""object"": 30}, ""latency_ms"": {""gesture"": 0, ""object"": 0}, ""svclat_ms"": {""gesture"": 17.38, ""object"": 22.82}}, ""e2"": {""services"": [""gesture"", ""object""], ""fps"": {""gesture"": 30, ""object"": 30}, ""eff_fps"": {""gesture"": 30, ""object"": 30}, ""latency_ms"": {""gesture"": 0, ""object"": 0}, ""svclat_ms"": {""gesture"": 16.76, ""object"": 19.26}}, ""e3"": {""services"": [""gesture"", ""object""], ""fps"": {""gesture"": 30, ""object"": 23}, ""eff_fps"": {""gesture"": 30, ""object"": 23}, ""latency_ms"": {""gesture"": 0, ""object"": 0}, ""svclat_ms"": {""gesture"": 17.61, ""object"": 26.38}}, ""e4"": {""services"": [""gesture"", ""object""], ""fps"": {""gesture"": 0, ""object"": 0}, ""eff_fps"": {""gesture"": 0, ""object"": 0}, ""latency_ms"": {""gesture"": 0, ""object"": 0}, ""svclat_ms"": {""gesture"": 0.0, ""object"": 0.0}}, ""e5"": {""services"": [""gesture"", ""object""], ""fps"": {""gesture"": 0, ""object"": 0}, ""eff_fps"": {""gesture"": 0, ""object"": 0}, ""latency_ms"": {""gesture"": 0, ""object"": 0}, ""svclat_ms"": {""gesture"": 0.0, ""object"": 0.0}}}"
324.3,8,15,1.875,0,0,26,15,15,1.0,1037.0,878.0,0.847,0.0,1.88,0.0,30.0,30.0,28.25,30.0,30.0,28.25,0,0,0,21.22,17.24,21.81,466,"{""ip-172-31-0-204"": ""healthy"", ""ip-172-31-1-171"": ""healthy"", ""ip-172-31-10-12"": ""healthy"", ""ip-172-31-11-132"": ""healthy"", ""ip-172-31-13-134"": ""healthy"", ""ip-172-31-14-68"": ""healthy"", ""ip-172-31-40-239"": ""healthy""}",subscribe,10.1,0.9756,0,0,"{""ip-172-31-0-204"": {""pose"": 1, ""object"": 1}, ""ip-172-31-1-171"": {""pose"": 1, ""object"": 1}, ""ip-172-31-10-12"": {""pose"": 1, ""object"": 1}, ""ip-172-31-14-68"": {""object"": 1, ""pose"": 1, ""gesture"": 1}, ""ip-172-31-11-132"": {""pose"": 1, ""object"": 1}, ""ip-172-31-13-134"": {""pose"": 1, ""object"": 1}, ""ip-172-31-40-239"": {""pose"": 1, ""object"": 1}}","{""b11"": {""services"": [""pose"", ""object""], ""fps"": {""pose"": 30, ""object"": 30}, ""eff_fps"": {""pose"": 30, ""object"": 30}, ""latency_ms"": {""pose"": 0, ""object"": 0}, ""svclat_ms"": {""pose"": 20.79, ""object"": 20.5}}, ""b12"": {""services"": [""pose"", ""object""], ""fps"": {""pose"": 30, ""object"": 23}, ""eff_fps"": {""pose"": 30, ""object"": 23}, ""latency_ms"": {""pose"": 0, ""object"": 0}, ""svclat_ms"": {""pose"": 22.91, ""object"": 23.5}}, ""b13"": {""services"": [""pose"", ""object""], ""fps"": {""pose"": 30, ""object"": 30}, ""eff_fps"": {""pose"": 30, ""object"": 30}, ""latency_ms"": {""pose"": 0, ""object"": 0}, ""svclat_ms"": {""pose"": 19.97, ""object"": 20.75}}, ""b14"": {""services"": [""pose"", ""object""], ""fps"": {""pose"": 30, ""object"": 30}, ""eff_fps"": {""pose"": 30, ""object"": 30}, ""latency_ms"": {""pose"": 0, ""object"": 0}, ""svclat_ms"": {""pose"": 21.99, ""object"": 22.06}}, ""b15"": {""services"": [""pose"", ""object""], ""fps"": {""pose"": 30, ""object"": 31}, ""eff_fps"": {""pose"": 30, ""object"": 31}, ""latency_ms"": {""pose"": 0, ""object"": 0}, ""svclat_ms"": {""pose"": 20.44, ""object"": 20.62}}, ""e1"": {""services"": [""gesture"", ""object""], ""fps"": {""gesture"": 30, ""object"": 29}, ""eff_fps"": {""gesture"": 30, ""object"": 29}, ""latency_ms"": {""gesture"": 0, ""object"": 0}, ""svclat_ms"": {""gesture"": 18.19, ""object"": 23.68}}, ""e2"": {""services"": [""gesture"", ""object""], ""fps"": {""gesture"": 30, ""object"": 30}, ""eff_fps"": {""gesture"": 30, ""object"": 30}, ""latency_ms"": {""gesture"": 0, ""object"": 0}, ""svclat_ms"": {""gesture"": 16.57, ""object"": 19.15}}, ""e3"": {""services"": [""gesture"", ""object""], ""fps"": {""gesture"": 30, ""object"": 23}, ""eff_fps"": {""gesture"": 30, ""object"": 23}, ""latency_ms"": {""gesture"": 0, ""object"": 0}, ""svclat_ms"": {""gesture"": 16.95, ""object"": 24.19}}, ""e4"": {""services"": [""gesture"", ""object""], ""fps"": {""gesture"": 0, ""object"": 0}, ""eff_fps"": {""gesture"": 0, ""object"": 0}, ""latency_ms"": {""gesture"": 0, ""object"": 0}, ""svclat_ms"": {""gesture"": 0.0, ""object"": 0.0}}, ""e5"": {""services"": [""gesture"", ""object""], ""fps"": {""gesture"": 0, ""object"": 0}, ""eff_fps"": {""gesture"": 0, ""object"": 0}, ""latency_ms"": {""gesture"": 0, ""object"": 0}, ""svclat_ms"": {""gesture"": 0.0, ""object"": 0.0}}}"
328.8,8,15,1.875,0,0,26,15,15,1.0,1037.0,878.0,0.847,0.0,1.88,0.0,29.8,30.0,29.88,29.8,30.0,29.88,0,0,0,21.97,15.85,22.33,478,"{""ip-172-31-0-204"": ""healthy"", ""ip-172-31-1-171"": ""healthy"", ""ip-172-31-10-12"": ""healthy"", ""ip-172-31-11-132"": ""healthy"", ""ip-172-31-13-134"": ""healthy"", ""ip-172-31-14-68"": ""healthy"", ""ip-172-31-40-239"": ""healthy""}",subscribe,10.1,0.9756,0,0,"{""ip-172-31-0-204"": {""pose"": 1, ""object"": 1}, ""ip-172-31-1-171"": {""pose"": 1, ""object"": 1}, ""ip-172-31-10-12"": {""pose"": 1, ""object"": 1}, ""ip-172-31-14-68"": {""object"": 1, ""pose"": 1, ""gesture"": 1}, ""ip-172-31-11-132"": {""pose"": 1, ""object"": 1}, ""ip-172-31-13-134"": {""pose"": 1, ""object"": 1}, ""ip-172-31-40-239"": {""pose"": 1, ""object"": 1}}","{""b11"": {""services"": [""pose"", ""object""], ""fps"": {""pose"": 30, ""object"": 30}, ""eff_fps"": {""pose"": 30, ""object"": 30}, ""latency_ms"": {""pose"": 0, ""object"": 0}, ""svclat_ms"": {""pose"": 19.82, ""object"": 20.26}}, ""b12"": {""services"": [""pose"", ""object""], ""fps"": {""pose"": 29, ""object"": 29}, ""eff_fps"": {""pose"": 29, ""object"": 29}, ""latency_ms"": {""pose"": 0, ""object"": 0}, ""svclat_ms"": {""pose"": 26.33, ""object"": 24.59}}, ""b13"": {""services"": [""pose"", ""object""], ""fps"": {""pose"": 30, ""object"": 30}, ""eff_fps"": {""pose"": 30, ""object"": 30}, ""latency_ms"": {""pose"": 0, ""object"": 0}, ""svclat_ms"": {""pose"": 21.59, ""object"": 21.55}}, ""b14"": {""services"": [""pose"", ""object""], ""fps"": {""pose"": 30, ""object"": 30}, ""eff_fps"": {""pose"": 30, ""object"": 30}, ""latency_ms"": {""pose"": 0, ""object"": 0}, ""svclat_ms"": {""pose"": 21.69, ""object"": 21.7}}, ""b15"": {""services"": [""pose"", ""object""], ""fps"": {""pose"": 30, ""object"": 30}, ""eff_fps"": {""pose"": 30, ""object"": 30}, ""latency_ms"": {""pose"": 0, ""object"": 0}, ""svclat_ms"": {""pose"": 20.41, ""object"": 20.59}}, ""e1"": {""services"": [""gesture"", ""object""], ""fps"": {""gesture"": 30, ""object"": 30}, ""eff_fps"": {""gesture"": 30, ""object"": 30}, ""latency_ms"": {""gesture"": 0, ""object"": 0}, ""svclat_ms"": {""gesture"": 17.01, ""object"": 21.03}}, ""e2"": {""services"": [""gesture"", ""object""], ""fps"": {""gesture"": 30, ""object"": 30}, ""eff_fps"": {""gesture"": 30, ""object"": 30}, ""latency_ms"": {""gesture"": 0, ""object"": 0}, ""svclat_ms"": {""gesture"": 15.24, ""object"": 19.62}}, ""e3"": {""services"": [""gesture"", ""object""], ""fps"": {""gesture"": 30, ""object"": 30}, ""eff_fps"": {""gesture"": 30, ""object"": 30}, ""latency_ms"": {""gesture"": 0, ""object"": 0}, ""svclat_ms"": {""gesture"": 15.31, ""object"": 29.31}}, ""e4"": {""services"": [""gesture"", ""object""], ""fps"": {""gesture"": 0, ""object"": 0}, ""eff_fps"": {""gesture"": 0, ""object"": 0}, ""latency_ms"": {""gesture"": 0, ""object"": 0}, ""svclat_ms"": {""gesture"": 0.0, ""object"": 0.0}}, ""e5"": {""services"": [""gesture"", ""object""], ""fps"": {""gesture"": 0, ""object"": 0}, ""eff_fps"": {""gesture"": 0, ""object"": 0}, ""latency_ms"": {""gesture"": 0, ""object"": 0}, ""svclat_ms"": {""gesture"": 0.0, ""object"": 0.0}}, ""e6"": {""services"": [""gesture"", ""object""], ""fps"": {""gesture"": 0, ""object"": 0}, ""eff_fps"": {""gesture"": 0, ""object"": 0}, ""latency_ms"": {""gesture"": 0, ""object"": 0}, ""svclat_ms"": {""gesture"": 0.0, ""object"": 0.0}}}"
333.3,8,8,1.0,0,0,26,15,15,1.0,1067.0,479.0,0.449,0.0,1.88,0.0,29.8,30.0,30.0,29.8,30.0,30.0,0,0,0,21.89,15.73,21.82,479,"{""ip-172-31-0-204"": ""healthy"", ""ip-172-31-1-171"": ""healthy"", ""ip-172-31-10-12"": ""healthy"", ""ip-172-31-11-132"": ""healthy"", ""ip-172-31-13-134"": ""healthy"", ""ip-172-31-14-68"": ""healthy"", ""ip-172-31-40-239"": ""healthy""}",unsubscribe,14.4,0.9979,0,0,"{""ip-172-31-0-204"": {""pose"": 1, ""object"": 1, ""gesture"": 1}, ""ip-172-31-1-171"": {""pose"": 1, ""object"": 1, ""gesture"": 1}, ""ip-172-31-10-12"": {""pose"": 1, ""object"": 1, ""gesture"": 1}, ""ip-172-31-14-68"": {""object"": 1}, ""ip-172-31-11-132"": {""pose"": 1, ""object"": 1}, ""ip-172-31-13-134"": {""pose"": 1, ""object"": 1}, ""ip-172-31-40-239"": {""object"": 1}}","{""b11"": {""services"": [""pose"", ""object""], ""fps"": {""pose"": 30, ""object"": 30}, ""eff_fps"": {""pose"": 30, ""object"": 30}, ""latency_ms"": {""pose"": 0, ""object"": 0}, ""svclat_ms"": {""pose"": 21.87, ""object"": 21.6}}, ""b12"": {""services"": [""pose"", ""object""], ""fps"": {""pose"": 29, ""object"": 29}, ""eff_fps"": {""pose"": 29, ""object"": 29}, ""latency_ms"": {""pose"": 0, ""object"": 0}, ""svclat_ms"": {""pose"": 25.19, ""object"": 24.52}}, ""b13"": {""services"": [""pose"", ""object""], ""fps"": {""pose"": 30, ""object"": 30}, ""eff_fps"": {""pose"": 30, ""object"": 30}, ""latency_ms"": {""pose"": 0, ""object"": 0}, ""svclat_ms"": {""pose"": 21.08, ""object"": 21.04}}, ""b14"": {""services"": [""pose"", ""object""], ""fps"": {""pose"": 30, ""object"": 30}, ""eff_fps"": {""pose"": 30, ""object"": 30}, ""latency_ms"": {""pose"": 0, ""object"": 0}, ""svclat_ms"": {""pose"": 20.87, ""object"": 21.58}}, ""b15"": {""services"": [""pose"", ""object""], ""fps"": {""pose"": 30, ""object"": 31}, ""eff_fps"": {""pose"": 30, ""object"": 31}, ""latency_ms"": {""pose"": 0, ""object"": 0}, ""svclat_ms"": {""pose"": 20.42, ""object"": 20.92}}, ""e1"": {""services"": [""gesture"", ""object""], ""fps"": {""gesture"": 30, ""object"": 30}, ""eff_fps"": {""gesture"": 30, ""object"": 30}, ""latency_ms"": {""gesture"": 0, ""object"": 0}, ""svclat_ms"": {""gesture"": 16.99, ""object"": 19.9}}, ""e2"": {""services"": [""gesture"", ""object""], ""fps"": {""gesture"": 30, ""object"": 30}, ""eff_fps"": {""gesture"": 30, ""object"": 30}, ""latency_ms"": {""gesture"": 0, ""object"": 0}, ""svclat_ms"": {""gesture"": 14.93, ""object"": 19.37}}, ""e3"": {""services"": [""gesture"", ""object""], ""fps"": {""gesture"": 30, ""object"": 30}, ""eff_fps"": {""gesture"": 30, ""object"": 30}, ""latency_ms"": {""gesture"": 0, ""object"": 0}, ""svclat_ms"": {""gesture"": 15.26, ""object"": 25.61}}, ""e4"": {""services"": [""gesture"", ""object""], ""fps"": {""gesture"": 0, ""object"": 0}, ""eff_fps"": {""gesture"": 0, ""object"": 0}, ""latency_ms"": {""gesture"": 0, ""object"": 0}, ""svclat_ms"": {""gesture"": 0.0, ""object"": 0.0}}, ""e5"": {""services"": [""gesture"", ""object""], ""fps"": {""gesture"": 0, ""object"": 0}, ""eff_fps"": {""gesture"": 0, ""object"": 0}, ""latency_ms"": {""gesture"": 0, ""object"": 0}, ""svclat_ms"": {""gesture"": 0.0, ""object"": 0.0}}, ""e6"": {""services"": [""gesture"", ""object""], ""fps"": {""gesture"": 0, ""object"": 0}, ""eff_fps"": {""gesture"": 0, ""object"": 0}, ""latency_ms"": {""gesture"": 0, ""object"": 0}, ""svclat_ms"": {""gesture"": 0.0, ""object"": 0.0}}, ""e7"": {""services"": [""gesture"", ""object""], ""fps"": {""gesture"": 0, ""object"": 0}, ""eff_fps"": {""gesture"": 0, ""object"": 0}, ""latency_ms"": {""gesture"": 0, ""object"": 0}, ""svclat_ms"": {""gesture"": 0.0, ""object"": 0.0}}}"
338.0,8,8,1.0,0,0,26,15,15,1.0,1067.0,479.0,0.449,0.0,1.88,0.0,30.0,30.0,29.75,30.0,30.0,29.75,0,0,0,22.03,16.16,21.74,478,"{""ip-172-31-0-204"": ""healthy"", ""ip-172-31-1-171"": ""healthy"", ""ip-172-31-10-12"": ""healthy"", ""ip-172-31-11-132"": ""healthy"", ""ip-172-31-13-134"": ""healthy"", ""ip-172-31-14-68"": ""healthy"", ""ip-172-31-40-239"": ""healthy""}",unsubscribe,14.2,0.9979,0,0,"{""ip-172-31-0-204"": {""pose"": 1, ""object"": 1, ""gesture"": 1}, ""ip-172-31-1-171"": {""pose"": 1, ""object"": 1, ""gesture"": 1}, ""ip-172-31-10-12"": {""pose"": 1, ""object"": 1, ""gesture"": 1}, ""ip-172-31-14-68"": {""object"": 1}, ""ip-172-31-11-132"": {""pose"": 1, ""object"": 1}, ""ip-172-31-13-134"": {""pose"": 1, ""object"": 1}, ""ip-172-31-40-239"": {""object"": 1}}","{""b11"": {""services"": [""pose"", ""object""], ""fps"": {""pose"": 30, ""object"": 30}, ""eff_fps"": {""pose"": 30, ""object"": 30}, ""latency_ms"": {""pose"": 0, ""object"": 0}, ""svclat_ms"": {""pose"": 20.78, ""object"": 21.03}}, ""b12"": {""services"": [""pose"", ""object""], ""fps"": {""pose"": 30, ""object"": 30}, ""eff_fps"": {""pose"": 30, ""object"": 30}, ""latency_ms"": {""pose"": 0, ""object"": 0}, ""svclat_ms"": {""pose"": 25.34, ""object"": 24.07}}, ""b13"": {""services"": [""pose"", ""object""], ""fps"": {""pose"": 30, ""object"": 30}, ""eff_fps"": {""pose"": 30, ""object"": 30}, ""latency_ms"": {""pose"": 0, ""object"": 0}, ""svclat_ms"": {""pose"": 20.86, ""object"": 20.98}}, ""b14"": {""services"": [""pose"", ""object""], ""fps"": {""pose"": 30, ""object"": 30}, ""eff_fps"": {""pose"": 30, ""object"": 30}, ""latency_ms"": {""pose"": 0, ""object"": 0}, ""svclat_ms"": {""pose"": 21.66, ""object"": 22.1}}, ""b15"": {""services"": [""pose"", ""object""], ""fps"": {""pose"": 30, ""object"": 29}, ""eff_fps"": {""pose"": 30, ""object"": 29}, ""latency_ms"": {""pose"": 0, ""object"": 0}, ""svclat_ms"": {""pose"": 21.53, ""object"": 21.41}}, ""e1"": {""services"": [""gesture"", ""object""], ""fps"": {""gesture"": 30, ""object"": 30}, ""eff_fps"": {""gesture"": 30, ""object"": 30}, ""latency_ms"": {""gesture"": 0, ""object"": 0}, ""svclat_ms"": {""gesture"": 17.61, ""object"": 20.12}}, ""e2"": {""services"": [""gesture"", ""object""], ""fps"": {""gesture"": 30, ""object"": 30}, ""eff_fps"": {""gesture"": 30, ""object"": 30}, ""latency_ms"": {""gesture"": 0, ""object"": 0}, ""svclat_ms"": {""gesture"": 15.44, ""object"": 19.36}}, ""e3"": {""services"": [""gesture"", ""object""], ""fps"": {""gesture"": 30, ""object"": 29}, ""eff_fps"": {""gesture"": 30, ""object"": 29}, ""latency_ms"": {""gesture"": 0, ""object"": 0}, ""svclat_ms"": {""gesture"": 15.42, ""object"": 24.83}}, ""e4"": {""services"": [""gesture"", ""object""], ""fps"": {""gesture"": 0, ""object"": 0}, ""eff_fps"": {""gesture"": 0, ""object"": 0}, ""latency_ms"": {""gesture"": 0, ""object"": 0}, ""svclat_ms"": {""gesture"": 0.0, ""object"": 0.0}}, ""e5"": {""services"": [""gesture"", ""object""], ""fps"": {""gesture"": 0, ""object"": 0}, ""eff_fps"": {""gesture"": 0, ""object"": 0}, ""latency_ms"": {""gesture"": 0, ""object"": 0}, ""svclat_ms"": {""gesture"": 0.0, ""object"": 0.0}}, ""e6"": {""services"": [""gesture"", ""object""], ""fps"": {""gesture"": 0, ""object"": 0}, ""eff_fps"": {""gesture"": 0, ""object"": 0}, ""latency_ms"": {""gesture"": 0, ""object"": 0}, ""svclat_ms"": {""gesture"": 0.0, ""object"": 0.0}}, ""e7"": {""services"": [""gesture"", ""object""], ""fps"": {""gesture"": 0, ""object"": 0}, ""eff_fps"": {""gesture"": 0, ""object"": 0}, ""latency_ms"": {""gesture"": 0, ""object"": 0}, ""svclat_ms"": {""gesture"": 0.0, ""object"": 0.0}}, ""e8"": {""services"": [""gesture"", ""object""], ""fps"": {""gesture"": 0, ""object"": 0}, ""eff_fps"": {""gesture"": 0, ""object"": 0}, ""latency_ms"": {""gesture"": 0, ""object"": 0}, ""svclat_ms"": {""gesture"": 0.0, ""object"": 0.0}}}"
342.6,8,8,1.0,0,0,26,15,15,1.0,1067.0,479.0,0.449,0.0,1.88,0.0,0,30.0,29.67,0,30.0,29.67,0,0,0,0,14.94,20.94,179,"{""ip-172-31-0-204"": ""healthy"", ""ip-172-31-1-171"": ""healthy"", ""ip-172-31-10-12"": ""healthy"", ""ip-172-31-11-132"": ""healthy"", ""ip-172-31-13-134"": ""healthy"", ""ip-172-31-14-68"": ""healthy"", ""ip-172-31-40-239"": ""healthy""}",unsubscribe,14.4,0.9979,0,0,"{""ip-172-31-0-204"": {""pose"": 1, ""object"": 1, ""gesture"": 1}, ""ip-172-31-1-171"": {""pose"": 1, ""object"": 1, ""gesture"": 1}, ""ip-172-31-10-12"": {""pose"": 1, ""object"": 1, ""gesture"": 1}, ""ip-172-31-14-68"": {""object"": 1}, ""ip-172-31-11-132"": {""pose"": 1, ""object"": 1}, ""ip-172-31-13-134"": {""pose"": 1, ""object"": 1}, ""ip-172-31-40-239"": {""object"": 1}}","{""e1"": {""services"": [""gesture"", ""object""], ""fps"": {""gesture"": 30, ""object"": 30}, ""eff_fps"": {""gesture"": 30, ""object"": 30}, ""latency_ms"": {""gesture"": 0, ""object"": 0}, ""svclat_ms"": {""gesture"": 15.38, ""object"": 20.73}}, ""e2"": {""services"": [""gesture"", ""object""], ""fps"": {""gesture"": 30, ""object"": 30}, ""eff_fps"": {""gesture"": 30, ""object"": 30}, ""latency_ms"": {""gesture"": 0, ""object"": 0}, ""svclat_ms"": {""gesture"": 14.38, ""object"": 19.54}}, ""e3"": {""services"": [""gesture"", ""object""], ""fps"": {""gesture"": 30, ""object"": 29}, ""eff_fps"": {""gesture"": 30, ""object"": 29}, ""latency_ms"": {""gesture"": 0, ""object"": 0}, ""svclat_ms"": {""gesture"": 15.06, ""object"": 22.55}}, ""e4"": {""services"": [""gesture"", ""object""], ""fps"": {""gesture"": 0, ""object"": 0}, ""eff_fps"": {""gesture"": 0, ""object"": 0}, ""latency_ms"": {""gesture"": 0, ""object"": 0}, ""svclat_ms"": {""gesture"": 0.0, ""object"": 0.0}}, ""e5"": {""services"": [""gesture"", ""object""], ""fps"": {""gesture"": 0, ""object"": 0}, ""eff_fps"": {""gesture"": 0, ""object"": 0}, ""latency_ms"": {""gesture"": 0, ""object"": 0}, ""svclat_ms"": {""gesture"": 0.0, ""object"": 0.0}}, ""e6"": {""services"": [""gesture"", ""object""], ""fps"": {""gesture"": 0, ""object"": 0}, ""eff_fps"": {""gesture"": 0, ""object"": 0}, ""latency_ms"": {""gesture"": 0, ""object"": 0}, ""svclat_ms"": {""gesture"": 0.0, ""object"": 0.0}}, ""e7"": {""services"": [""gesture"", ""object""], ""fps"": {""gesture"": 0, ""object"": 0}, ""eff_fps"": {""gesture"": 0, ""object"": 0}, ""latency_ms"": {""gesture"": 0, ""object"": 0}, ""svclat_ms"": {""gesture"": 0.0, ""object"": 0.0}}, ""e8"": {""services"": [""gesture"", ""object""], ""fps"": {""gesture"": 0, ""object"": 0}, ""eff_fps"": {""gesture"": 0, ""object"": 0}, ""latency_ms"": {""gesture"": 0, ""object"": 0}, ""svclat_ms"": {""gesture"": 0.0, ""object"": 0.0}}, ""e9"": {""services"": [""gesture"", ""object""], ""fps"": {""gesture"": 0, ""object"": 0}, ""eff_fps"": {""gesture"": 0, ""object"": 0}, ""latency_ms"": {""gesture"": 0, ""object"": 0}, ""svclat_ms"": {""gesture"": 0.0, ""object"": 0.0}}}"
346.8,9,8,0.889,0,0,26,15,15,1.0,1067.0,479.0,0.449,0.0,1.88,0.0,0,30.25,29.75,0,30.25,29.75,0,0,0,0,15.96,21.17,240,"{""ip-172-31-0-204"": ""healthy"", ""ip-172-31-1-171"": ""healthy"", ""ip-172-31-10-12"": ""healthy"", ""ip-172-31-11-132"": ""healthy"", ""ip-172-31-13-134"": ""healthy"", ""ip-172-31-14-68"": ""healthy"", ""ip-172-31-40-239"": ""healthy""}",unsubscribe,14.4,0.9979,0,0,"{""ip-172-31-0-204"": {""pose"": 1, ""object"": 1, ""gesture"": 1}, ""ip-172-31-1-171"": {""pose"": 1, ""object"": 1, ""gesture"": 1}, ""ip-172-31-10-12"": {""pose"": 1, ""object"": 1, ""gesture"": 1}, ""ip-172-31-14-68"": {""object"": 1}, ""ip-172-31-11-132"": {""pose"": 1, ""object"": 1}, ""ip-172-31-13-134"": {""pose"": 1, ""object"": 1}, ""ip-172-31-40-239"": {""object"": 1}}","{""e1"": {""services"": [""gesture"", ""object""], ""fps"": {""gesture"": 30, ""object"": 30}, ""eff_fps"": {""gesture"": 30, ""object"": 30}, ""latency_ms"": {""gesture"": 0, ""object"": 0}, ""svclat_ms"": {""gesture"": 16.85, ""object"": 20.18}}, ""e2"": {""services"": [""gesture"", ""object""], ""fps"": {""gesture"": 30, ""object"": 30}, ""eff_fps"": {""gesture"": 30, ""object"": 30}, ""latency_ms"": {""gesture"": 0, ""object"": 0}, ""svclat_ms"": {""gesture"": 14.81, ""object"": 19.59}}, ""e3"": {""services"": [""gesture"", ""object""], ""fps"": {""gesture"": 30, ""object"": 30}, ""eff_fps"": {""gesture"": 30, ""object"": 30}, ""latency_ms"": {""gesture"": 0, ""object"": 0}, ""svclat_ms"": {""gesture"": 14.92, ""object"": 23.43}}, ""e4"": {""services"": [""gesture"", ""object""], ""fps"": {""gesture"": 31, ""object"": 29}, ""eff_fps"": {""gesture"": 31, ""object"": 29}, ""latency_ms"": {""gesture"": 0, ""object"": 0}, ""svclat_ms"": {""gesture"": 17.25, ""object"": 21.49}}, ""e5"": {""services"": [""gesture"", ""object""], ""fps"": {""gesture"": 0, ""object"": 0}, ""eff_fps"": {""gesture"": 0, ""object"": 0}, ""latency_ms"": {""gesture"": 0, ""object"": 0}, ""svclat_ms"": {""gesture"": 0.0, ""object"": 0.0}}, ""e6"": {""services"": [""gesture"", ""object""], ""fps"": {""gesture"": 0, ""object"": 0}, ""eff_fps"": {""gesture"": 0, ""object"": 0}, ""latency_ms"": {""gesture"": 0, ""object"": 0}, ""svclat_ms"": {""gesture"": 0.0, ""object"": 0.0}}, ""e7"": {""services"": [""gesture"", ""object""], ""fps"": {""gesture"": 0, ""object"": 0}, ""eff_fps"": {""gesture"": 0, ""object"": 0}, ""latency_ms"": {""gesture"": 0, ""object"": 0}, ""svclat_ms"": {""gesture"": 0.0, ""object"": 0.0}}, ""e8"": {""services"": [""gesture"", ""object""], ""fps"": {""gesture"": 0, ""object"": 0}, ""eff_fps"": {""gesture"": 0, ""object"": 0}, ""latency_ms"": {""gesture"": 0, ""object"": 0}, ""svclat_ms"": {""gesture"": 0.0, ""object"": 0.0}}, ""e9"": {""services"": [""gesture"", ""object""], ""fps"": {""gesture"": 0, ""object"": 0}, ""eff_fps"": {""gesture"": 0, ""object"": 0}, ""latency_ms"": {""gesture"": 0, ""object"": 0}, ""svclat_ms"": {""gesture"": 0.0, ""object"": 0.0}}, ""e10"": {""services"": [""gesture"", ""object""], ""fps"": {""gesture"": 0, ""object"": 0}, ""eff_fps"": {""gesture"": 0, ""object"": 0}, ""latency_ms"": {""gesture"": 0, ""object"": 0}, ""svclat_ms"": {""gesture"": 0.0, ""object"": 0.0}}}"
349.2,4,9,2.25,0,0,26,15,15,1.0,1067.0,538.0,0.504,0.0,3.75,0.0,0,30.0,29.75,0,30.0,29.75,0,0,0,0,16.12,21.02,239,"{""ip-172-31-0-204"": ""healthy"", ""ip-172-31-1-171"": ""healthy"", ""ip-172-31-10-12"": ""healthy"", ""ip-172-31-11-132"": ""healthy"", ""ip-172-31-13-134"": ""healthy"", ""ip-172-31-14-68"": ""healthy"", ""ip-172-31-40-239"": ""healthy""}",subscribe,8.9,0.9963,0,0,"{""ip-172-31-0-204"": {""pose"": 1, ""object"": 1, ""gesture"": 1}, ""ip-172-31-1-171"": {""pose"": 1, ""object"": 1, ""gesture"": 1}, ""ip-172-31-10-12"": {""pose"": 1, ""object"": 1, ""gesture"": 1}, ""ip-172-31-14-68"": {""object"": 1}, ""ip-172-31-11-132"": {""pose"": 1, ""object"": 1}, ""ip-172-31-13-134"": {""pose"": 1, ""object"": 1}, ""ip-172-31-40-239"": {""object"": 1}}","{""e1"": {""services"": [""gesture"", ""object""], ""fps"": {""gesture"": 30, ""object"": 30}, ""eff_fps"": {""gesture"": 30, ""object"": 30}, ""latency_ms"": {""gesture"": 0, ""object"": 0}, ""svclat_ms"": {""gesture"": 17.47, ""object"": 20.57}}, ""e2"": {""services"": [""gesture"", ""object""], ""fps"": {""gesture"": 30, ""object"": 30}, ""eff_fps"": {""gesture"": 30, ""object"": 30}, ""latency_ms"": {""gesture"": 0, ""object"": 0}, ""svclat_ms"": {""gesture"": 14.7, ""object"": 19.41}}, ""e3"": {""services"": [""gesture"", ""object""], ""fps"": {""gesture"": 30, ""object"": 30}, ""eff_fps"": {""gesture"": 30, ""object"": 30}, ""latency_ms"": {""gesture"": 0, ""object"": 0}, ""svclat_ms"": {""gesture"": 14.98, ""object"": 22.96}}, ""e4"": {""services"": [""gesture"", ""object""], ""fps"": {""gesture"": 30, ""object"": 29}, ""eff_fps"": {""gesture"": 30, ""object"": 29}, ""latency_ms"": {""gesture"": 0, ""object"": 0}, ""svclat_ms"": {""gesture"": 17.34, ""object"": 21.15}}, ""e5"": {""services"": [""gesture"", ""object""], ""fps"": {""gesture"": 0, ""object"": 0}, ""eff_fps"": {""gesture"": 0, ""object"": 0}, ""latency_ms"": {""gesture"": 0, ""object"": 0}, ""svclat_ms"": {""gesture"": 0.0, ""object"": 0.0}}, ""e6"": {""services"": [""gesture"", ""object""], ""fps"": {""gesture"": 0, ""object"": 0}, ""eff_fps"": {""gesture"": 0, ""object"": 0}, ""latency_ms"": {""gesture"": 0, ""object"": 0}, ""svclat_ms"": {""gesture"": 0.0, ""object"": 0.0}}, ""e7"": {""services"": [""gesture"", ""object""], ""fps"": {""gesture"": 0, ""object"": 0}, ""eff_fps"": {""gesture"": 0, ""object"": 0}, ""latency_ms"": {""gesture"": 0, ""object"": 0}, ""svclat_ms"": {""gesture"": 0.0, ""object"": 0.0}}, ""e8"": {""services"": [""gesture"", ""object""], ""fps"": {""gesture"": 0, ""object"": 0}, ""eff_fps"": {""gesture"": 0, ""object"": 0}, ""latency_ms"": {""gesture"": 0, ""object"": 0}, ""svclat_ms"": {""gesture"": 0.0, ""object"": 0.0}}, ""e9"": {""services"": [""gesture"", ""object""], ""fps"": {""gesture"": 0, ""object"": 0}, ""eff_fps"": {""gesture"": 0, ""object"": 0}, ""latency_ms"": {""gesture"": 0, ""object"": 0}, ""svclat_ms"": {""gesture"": 0.0, ""object"": 0.0}}, ""e10"": {""services"": [""gesture"", ""object""], ""fps"": {""gesture"": 0, ""object"": 0}, ""eff_fps"": {""gesture"": 0, ""object"": 0}, ""latency_ms"": {""gesture"": 0, ""object"": 0}, ""svclat_ms"": {""gesture"": 0.0, ""object"": 0.0}}}"
351.7,4,9,2.25,0,0,26,15,15,1.0,1067.0,538.0,0.504,0.0,3.75,0.0,0,30.0,29.5,0,30.0,29.5,0,0,0,0,15.91,20.69,238,"{""ip-172-31-0-204"": ""healthy"", ""ip-172-31-1-171"": ""healthy"", ""ip-172-31-10-12"": ""healthy"", ""ip-172-31-11-132"": ""healthy"", ""ip-172-31-13-134"": ""healthy"", ""ip-172-31-14-68"": ""healthy"", ""ip-172-31-40-239"": ""healthy""}",subscribe,8.9,0.9963,0,0,"{""ip-172-31-0-204"": {""pose"": 1, ""object"": 1, ""gesture"": 1}, ""ip-172-31-1-171"": {""pose"": 1, ""object"": 1, ""gesture"": 1}, ""ip-172-31-10-12"": {""pose"": 1, ""object"": 1, ""gesture"": 1}, ""ip-172-31-14-68"": {""object"": 1}, ""ip-172-31-11-132"": {""pose"": 1, ""object"": 1}, ""ip-172-31-13-134"": {""pose"": 1, ""object"": 1}, ""ip-172-31-40-239"": {""object"": 1}}","{""e1"": {""services"": [""gesture"", ""object""], ""fps"": {""gesture"": 30, ""object"": 30}, ""eff_fps"": {""gesture"": 30, ""object"": 30}, ""latency_ms"": {""gesture"": 0, ""object"": 0}, ""svclat_ms"": {""gesture"": 16.95, ""object"": 20.11}}, ""e2"": {""services"": [""gesture"", ""object""], ""fps"": {""gesture"": 30, ""object"": 30}, ""eff_fps"": {""gesture"": 30, ""object"": 30}, ""latency_ms"": {""gesture"": 0, ""object"": 0}, ""svclat_ms"": {""gesture"": 15.04, ""object"": 19.67}}, ""e3"": {""services"": [""gesture"", ""object""], ""fps"": {""gesture"": 30, ""object"": 29}, ""eff_fps"": {""gesture"": 30, ""object"": 29}, ""latency_ms"": {""gesture"": 0, ""object"": 0}, ""svclat_ms"": {""gesture"": 14.95, ""object"": 21.89}}, ""e4"": {""services"": [""gesture"", ""object""], ""fps"": {""gesture"": 30, ""object"": 29}, ""eff_fps"": {""gesture"": 30, ""object"": 29}, ""latency_ms"": {""gesture"": 0, ""object"": 0}, ""svclat_ms"": {""gesture"": 16.7, ""object"": 21.1}}, ""e5"": {""services"": [""gesture"", ""object""], ""fps"": {""gesture"": 0, ""object"": 0}, ""eff_fps"": {""gesture"": 0, ""object"": 0}, ""latency_ms"": {""gesture"": 0, ""object"": 0}, ""svclat_ms"": {""gesture"": 0.0, ""object"": 0.0}}, ""e6"": {""services"": [""gesture"", ""object""], ""fps"": {""gesture"": 0, ""object"": 0}, ""eff_fps"": {""gesture"": 0, ""object"": 0}, ""latency_ms"": {""gesture"": 0, ""object"": 0}, ""svclat_ms"": {""gesture"": 0.0, ""object"": 0.0}}, ""e7"": {""services"": [""gesture"", ""object""], ""fps"": {""gesture"": 0, ""object"": 0}, ""eff_fps"": {""gesture"": 0, ""object"": 0}, ""latency_ms"": {""gesture"": 0, ""object"": 0}, ""svclat_ms"": {""gesture"": 0.0, ""object"": 0.0}}, ""e8"": {""services"": [""gesture"", ""object""], ""fps"": {""gesture"": 0, ""object"": 0}, ""eff_fps"": {""gesture"": 0, ""object"": 0}, ""latency_ms"": {""gesture"": 0, ""object"": 0}, ""svclat_ms"": {""gesture"": 0.0, ""object"": 0.0}}, ""e9"": {""services"": [""gesture"", ""object""], ""fps"": {""gesture"": 0, ""object"": 0}, ""eff_fps"": {""gesture"": 0, ""object"": 0}, ""latency_ms"": {""gesture"": 0, ""object"": 0}, ""svclat_ms"": {""gesture"": 0.0, ""object"": 0.0}}, ""e10"": {""services"": [""gesture"", ""object""], ""fps"": {""gesture"": 0, ""object"": 0}, ""eff_fps"": {""gesture"": 0, ""object"": 0}, ""latency_ms"": {""gesture"": 0, ""object"": 0}, ""svclat_ms"": {""gesture"": 0.0, ""object"": 0.0}}, ""e11"": {""services"": [""gesture"", ""object""], ""fps"": {""gesture"": 0, ""object"": 0}, ""eff_fps"": {""gesture"": 0, ""object"": 0}, ""latency_ms"": {""gesture"": 0, ""object"": 0}, ""svclat_ms"": {""gesture"": 0.0, ""object"": 0.0}}}"
355.4,4,9,2.25,0,0,26,15,15,1.0,1067.0,538.0,0.504,0.0,3.75,0.0,0,30.0,30.0,0,30.0,30.0,0,0,0,0,15.23,21.26,240,"{""ip-172-31-0-204"": ""healthy"", ""ip-172-31-1-171"": ""healthy"", ""ip-172-31-10-12"": ""healthy"", ""ip-172-31-11-132"": ""healthy"", ""ip-172-31-13-134"": ""healthy"", ""ip-172-31-14-68"": ""healthy"", ""ip-172-31-40-239"": ""healthy""}",subscribe,8.9,0.9963,0,0,"{""ip-172-31-0-204"": {""pose"": 1, ""object"": 1, ""gesture"": 1}, ""ip-172-31-1-171"": {""pose"": 1, ""object"": 1, ""gesture"": 1}, ""ip-172-31-10-12"": {""pose"": 1, ""object"": 1, ""gesture"": 1}, ""ip-172-31-14-68"": {""object"": 1}, ""ip-172-31-11-132"": {""pose"": 1, ""object"": 1}, ""ip-172-31-13-134"": {""pose"": 1, ""object"": 1}, ""ip-172-31-40-239"": {""object"": 1}}","{""e1"": {""services"": [""gesture"", ""object""], ""fps"": {""gesture"": 30, ""object"": 30}, ""eff_fps"": {""gesture"": 30, ""object"": 30}, ""latency_ms"": {""gesture"": 0, ""object"": 0}, ""svclat_ms"": {""gesture"": 15.57, ""object"": 22.53}}, ""e2"": {""services"": [""gesture"", ""object""], ""fps"": {""gesture"": 30, ""object"": 30}, ""eff_fps"": {""gesture"": 30, ""object"": 30}, ""latency_ms"": {""gesture"": 0, ""object"": 0}, ""svclat_ms"": {""gesture"": 14.74, ""object"": 21.37}}, ""e3"": {""services"": [""gesture"", ""object""], ""fps"": {""gesture"": 30, ""object"": 30}, ""eff_fps"": {""gesture"": 30, ""object"": 30}, ""latency_ms"": {""gesture"": 0, ""object"": 0}, ""svclat_ms"": {""gesture"": 15.73, ""object"": 20.52}}, ""e4"": {""services"": [""gesture"", ""object""], ""fps"": {""gesture"": 30, ""object"": 30}, ""eff_fps"": {""gesture"": 30, ""object"": 30}, ""latency_ms"": {""gesture"": 0, ""object"": 0}, ""svclat_ms"": {""gesture"": 14.88, ""object"": 20.61}}, ""e5"": {""services"": [""gesture"", ""object""], ""fps"": {""gesture"": 0, ""object"": 0}, ""eff_fps"": {""gesture"": 0, ""object"": 0}, ""latency_ms"": {""gesture"": 0, ""object"": 0}, ""svclat_ms"": {""gesture"": 0.0, ""object"": 0.0}}, ""e6"": {""services"": [""gesture"", ""object""], ""fps"": {""gesture"": 0, ""object"": 0}, ""eff_fps"": {""gesture"": 0, ""object"": 0}, ""latency_ms"": {""gesture"": 0, ""object"": 0}, ""svclat_ms"": {""gesture"": 0.0, ""object"": 0.0}}, ""e7"": {""services"": [""gesture"", ""object""], ""fps"": {""gesture"": 0, ""object"": 0}, ""eff_fps"": {""gesture"": 0, ""object"": 0}, ""latency_ms"": {""gesture"": 0, ""object"": 0}, ""svclat_ms"": {""gesture"": 0.0, ""object"": 0.0}}, ""e8"": {""services"": [""gesture"", ""object""], ""fps"": {""gesture"": 0, ""object"": 0}, ""eff_fps"": {""gesture"": 0, ""object"": 0}, ""latency_ms"": {""gesture"": 0, ""object"": 0}, ""svclat_ms"": {""gesture"": 0.0, ""object"": 0.0}}, ""e9"": {""services"": [""gesture"", ""object""], ""fps"": {""gesture"": 0, ""object"": 0}, ""eff_fps"": {""gesture"": 0, ""object"": 0}, ""latency_ms"": {""gesture"": 0, ""object"": 0}, ""svclat_ms"": {""gesture"": 0.0, ""object"": 0.0}}, ""e10"": {""services"": [""gesture"", ""object""], ""fps"": {""gesture"": 0, ""object"": 0}, ""eff_fps"": {""gesture"": 0, ""object"": 0}, ""latency_ms"": {""gesture"": 0, ""object"": 0}, ""svclat_ms"": {""gesture"": 0.0, ""object"": 0.0}}, ""e11"": {""services"": [""gesture"", ""object""], ""fps"": {""gesture"": 0, ""object"": 0}, ""eff_fps"": {""gesture"": 0, ""object"": 0}, ""latency_ms"": {""gesture"": 0, ""object"": 0}, ""svclat_ms"": {""gesture"": 0.0, ""object"": 0.0}}, ""e12"": {""services"": [""gesture"", ""object""], ""fps"": {""gesture"": 0, ""object"": 0}, ""eff_fps"": {""gesture"": 0, ""object"": 0}, ""latency_ms"": {""gesture"": 0, ""object"": 0}, ""svclat_ms"": {""gesture"": 0.0, ""object"": 0.0}}}"
360.0,4,4,1.0,0,0,26,8,8,1.0,672.0,240,0.357,0.0,2.0,0.0,0,30.0,30.0,0,30.0,30.0,0,0,0,0,15.26,21.35,240,"{""ip-172-31-0-204"": ""healthy"", ""ip-172-31-1-171"": ""healthy"", ""ip-172-31-10-12"": ""healthy"", ""ip-172-31-11-132"": ""healthy"", ""ip-172-31-13-134"": ""healthy"", ""ip-172-31-14-68"": ""healthy"", ""ip-172-31-40-239"": ""healthy""}",unsubscribe,12.3,1.0,0,0,"{""ip-172-31-0-204"": {""object"": 1, ""gesture"": 1}, ""ip-172-31-1-171"": {""object"": 1, ""gesture"": 1}, ""ip-172-31-10-12"": {""object"": 1, ""gesture"": 1}, ""ip-172-31-11-132"": {""object"": 1, ""gesture"": 1}}","{""e1"": {""services"": [""gesture"", ""object""], ""fps"": {""gesture"": 30, ""object"": 30}, ""eff_fps"": {""gesture"": 30, ""object"": 30}, ""latency_ms"": {""gesture"": 0, ""object"": 0}, ""svclat_ms"": {""gesture"": 15.81, ""object"": 23.04}}, ""e2"": {""services"": [""gesture"", ""object""], ""fps"": {""gesture"": 30, ""object"": 30}, ""eff_fps"": {""gesture"": 30, ""object"": 30}, ""latency_ms"": {""gesture"": 0, ""object"": 0}, ""svclat_ms"": {""gesture"": 15.04, ""object"": 21.76}}, ""e3"": {""services"": [""gesture"", ""object""], ""fps"": {""gesture"": 30, ""object"": 30}, ""eff_fps"": {""gesture"": 30, ""object"": 30}, ""latency_ms"": {""gesture"": 0, ""object"": 0}, ""svclat_ms"": {""gesture"": 15.35, ""object"": 20.52}}, ""e4"": {""services"": [""gesture"", ""object""], ""fps"": {""gesture"": 30, ""object"": 30}, ""eff_fps"": {""gesture"": 30, ""object"": 30}, ""latency_ms"": {""gesture"": 0, ""object"": 0}, ""svclat_ms"": {""gesture"": 14.85, ""object"": 20.09}}, ""e5"": {""services"": [""gesture"", ""object""], ""fps"": {""gesture"": 0, ""object"": 0}, ""eff_fps"": {""gesture"": 0, ""object"": 0}, ""latency_ms"": {""gesture"": 0, ""object"": 0}, ""svclat_ms"": {""gesture"": 0.0, ""object"": 0.0}}, ""e6"": {""services"": [""gesture"", ""object""], ""fps"": {""gesture"": 0, ""object"": 0}, ""eff_fps"": {""gesture"": 0, ""object"": 0}, ""latency_ms"": {""gesture"": 0, ""object"": 0}, ""svclat_ms"": {""gesture"": 0.0, ""object"": 0.0}}, ""e7"": {""services"": [""gesture"", ""object""], ""fps"": {""gesture"": 0, ""object"": 0}, ""eff_fps"": {""gesture"": 0, ""object"": 0}, ""latency_ms"": {""gesture"": 0, ""object"": 0}, ""svclat_ms"": {""gesture"": 0.0, ""object"": 0.0}}, ""e8"": {""services"": [""gesture"", ""object""], ""fps"": {""gesture"": 0, ""object"": 0}, ""eff_fps"": {""gesture"": 0, ""object"": 0}, ""latency_ms"": {""gesture"": 0, ""object"": 0}, ""svclat_ms"": {""gesture"": 0.0, ""object"": 0.0}}, ""e9"": {""services"": [""gesture"", ""object""], ""fps"": {""gesture"": 0, ""object"": 0}, ""eff_fps"": {""gesture"": 0, ""object"": 0}, ""latency_ms"": {""gesture"": 0, ""object"": 0}, ""svclat_ms"": {""gesture"": 0.0, ""object"": 0.0}}, ""e10"": {""services"": [""gesture"", ""object""], ""fps"": {""gesture"": 0, ""object"": 0}, ""eff_fps"": {""gesture"": 0, ""object"": 0}, ""latency_ms"": {""gesture"": 0, ""object"": 0}, ""svclat_ms"": {""gesture"": 0.0, ""object"": 0.0}}, ""e11"": {""services"": [""gesture"", ""object""], ""fps"": {""gesture"": 0, ""object"": 0}, ""eff_fps"": {""gesture"": 0, ""object"": 0}, ""latency_ms"": {""gesture"": 0, ""object"": 0}, ""svclat_ms"": {""gesture"": 0.0, ""object"": 0.0}}, ""e12"": {""services"": [""gesture"", ""object""], ""fps"": {""gesture"": 0, ""object"": 0}, ""eff_fps"": {""gesture"": 0, ""object"": 0}, ""latency_ms"": {""gesture"": 0, ""object"": 0}, ""svclat_ms"": {""gesture"": 0.0, ""object"": 0.0}}}"
364.5,4,4,1.0,0,0,26,8,8,1.0,672.0,240,0.357,0.0,2.0,0.0,0,30.0,30.0,0,30.0,30.0,0,0,0,0,15.23,21.18,240,"{""ip-172-31-0-204"": ""healthy"", ""ip-172-31-1-171"": ""healthy"", ""ip-172-31-10-12"": ""healthy"", ""ip-172-31-11-132"": ""healthy"", ""ip-172-31-13-134"": ""healthy"", ""ip-172-31-14-68"": ""healthy"", ""ip-172-31-40-239"": ""healthy""}",unsubscribe,12.2,1.0,0,0,"{""ip-172-31-0-204"": {""object"": 1, ""gesture"": 1}, ""ip-172-31-1-171"": {""object"": 1, ""gesture"": 1}, ""ip-172-31-10-12"": {""object"": 1, ""gesture"": 1}, ""ip-172-31-11-132"": {""object"": 1, ""gesture"": 1}}","{""e1"": {""services"": [""gesture"", ""object""], ""fps"": {""gesture"": 30, ""object"": 30}, ""eff_fps"": {""gesture"": 30, ""object"": 30}, ""latency_ms"": {""gesture"": 0, ""object"": 0}, ""svclat_ms"": {""gesture"": 15.87, ""object"": 23.03}}, ""e2"": {""services"": [""gesture"", ""object""], ""fps"": {""gesture"": 30, ""object"": 30}, ""eff_fps"": {""gesture"": 30, ""object"": 30}, ""latency_ms"": {""gesture"": 0, ""object"": 0}, ""svclat_ms"": {""gesture"": 14.68, ""object"": 21.41}}, ""e3"": {""services"": [""gesture"", ""object""], ""fps"": {""gesture"": 30, ""object"": 30}, ""eff_fps"": {""gesture"": 30, ""object"": 30}, ""latency_ms"": {""gesture"": 0, ""object"": 0}, ""svclat_ms"": {""gesture"": 15.65, ""object"": 19.86}}, ""e4"": {""services"": [""gesture"", ""object""], ""fps"": {""gesture"": 30, ""object"": 30}, ""eff_fps"": {""gesture"": 30, ""object"": 30}, ""latency_ms"": {""gesture"": 0, ""object"": 0}, ""svclat_ms"": {""gesture"": 14.74, ""object"": 20.42}}, ""e5"": {""services"": [""gesture"", ""object""], ""fps"": {""gesture"": 0, ""object"": 0}, ""eff_fps"": {""gesture"": 0, ""object"": 0}, ""latency_ms"": {""gesture"": 0, ""object"": 0}, ""svclat_ms"": {""gesture"": 0.0, ""object"": 0.0}}, ""e6"": {""services"": [""gesture"", ""object""], ""fps"": {""gesture"": 0, ""object"": 0}, ""eff_fps"": {""gesture"": 0, ""object"": 0}, ""latency_ms"": {""gesture"": 0, ""object"": 0}, ""svclat_ms"": {""gesture"": 0.0, ""object"": 0.0}}, ""e7"": {""services"": [""gesture"", ""object""], ""fps"": {""gesture"": 0, ""object"": 0}, ""eff_fps"": {""gesture"": 0, ""object"": 0}, ""latency_ms"": {""gesture"": 0, ""object"": 0}, ""svclat_ms"": {""gesture"": 0.0, ""object"": 0.0}}, ""e8"": {""services"": [""gesture"", ""object""], ""fps"": {""gesture"": 0, ""object"": 0}, ""eff_fps"": {""gesture"": 0, ""object"": 0}, ""latency_ms"": {""gesture"": 0, ""object"": 0}, ""svclat_ms"": {""gesture"": 0.0, ""object"": 0.0}}, ""e9"": {""services"": [""gesture"", ""object""], ""fps"": {""gesture"": 0, ""object"": 0}, ""eff_fps"": {""gesture"": 0, ""object"": 0}, ""latency_ms"": {""gesture"": 0, ""object"": 0}, ""svclat_ms"": {""gesture"": 0.0, ""object"": 0.0}}, ""e10"": {""services"": [""gesture"", ""object""], ""fps"": {""gesture"": 0, ""object"": 0}, ""eff_fps"": {""gesture"": 0, ""object"": 0}, ""latency_ms"": {""gesture"": 0, ""object"": 0}, ""svclat_ms"": {""gesture"": 0.0, ""object"": 0.0}}, ""e11"": {""services"": [""gesture"", ""object""], ""fps"": {""gesture"": 0, ""object"": 0}, ""eff_fps"": {""gesture"": 0, ""object"": 0}, ""latency_ms"": {""gesture"": 0, ""object"": 0}, ""svclat_ms"": {""gesture"": 0.0, ""object"": 0.0}}, ""e12"": {""services"": [""gesture"", ""object""], ""fps"": {""gesture"": 0, ""object"": 0}, ""eff_fps"": {""gesture"": 0, ""object"": 0}, ""latency_ms"": {""gesture"": 0, ""object"": 0}, ""svclat_ms"": {""gesture"": 0.0, ""object"": 0.0}}, ""e13"": {""services"": [""gesture"", ""object""], ""fps"": {""gesture"": 0, ""object"": 0}, ""eff_fps"": {""gesture"": 0, ""object"": 0}, ""latency_ms"": {""gesture"": 0, ""object"": 0}, ""svclat_ms"": {""gesture"": 0.0, ""object"": 0.0}}}"
366.9,5,4,0.8,0,0,26,8,8,1.0,672.0,240,0.357,0.0,2.0,0.0,0,30.0,30.0,0,30.0,30.0,0,0,0,0,15.32,21.56,240,"{""ip-172-31-0-204"": ""healthy"", ""ip-172-31-1-171"": ""healthy"", ""ip-172-31-10-12"": ""healthy"", ""ip-172-31-11-132"": ""healthy"", ""ip-172-31-13-134"": ""healthy"", ""ip-172-31-14-68"": ""healthy"", ""ip-172-31-40-239"": ""healthy""}",unsubscribe,12.0,1.0,0,0,"{""ip-172-31-0-204"": {""object"": 1, ""gesture"": 1}, ""ip-172-31-1-171"": {""object"": 1, ""gesture"": 1}, ""ip-172-31-10-12"": {""object"": 1, ""gesture"": 1}, ""ip-172-31-11-132"": {""object"": 1, ""gesture"": 1}}","{""e1"": {""services"": [""gesture"", ""object""], ""fps"": {""gesture"": 30, ""object"": 30}, ""eff_fps"": {""gesture"": 30, ""object"": 30}, ""latency_ms"": {""gesture"": 0, ""object"": 0}, ""svclat_ms"": {""gesture"": 15.49, ""object"": 22.87}}, ""e2"": {""services"": [""gesture"", ""object""], ""fps"": {""gesture"": 30, ""object"": 30}, ""eff_fps"": {""gesture"": 30, ""object"": 30}, ""latency_ms"": {""gesture"": 0, ""object"": 0}, ""svclat_ms"": {""gesture"": 14.83, ""object"": 21.54}}, ""e3"": {""services"": [""gesture"", ""object""], ""fps"": {""gesture"": 30, ""object"": 30}, ""eff_fps"": {""gesture"": 30, ""object"": 30}, ""latency_ms"": {""gesture"": 0, ""object"": 0}, ""svclat_ms"": {""gesture"": 16.1, ""object"": 21.21}}, ""e4"": {""services"": [""gesture"", ""object""], ""fps"": {""gesture"": 30, ""object"": 30}, ""eff_fps"": {""gesture"": 30, ""object"": 30}, ""latency_ms"": {""gesture"": 0, ""object"": 0}, ""svclat_ms"": {""gesture"": 14.86, ""object"": 20.61}}, ""e5"": {""services"": [""gesture"", ""object""], ""fps"": {""gesture"": 0, ""object"": 0}, ""eff_fps"": {""gesture"": 0, ""object"": 0}, ""latency_ms"": {""gesture"": 0, ""object"": 0}, ""svclat_ms"": {""gesture"": 0.0, ""object"": 0.0}}, ""e6"": {""services"": [""gesture"", ""object""], ""fps"": {""gesture"": 0, ""object"": 0}, ""eff_fps"": {""gesture"": 0, ""object"": 0}, ""latency_ms"": {""gesture"": 0, ""object"": 0}, ""svclat_ms"": {""gesture"": 0.0, ""object"": 0.0}}, ""e7"": {""services"": [""gesture"", ""object""], ""fps"": {""gesture"": 0, ""object"": 0}, ""eff_fps"": {""gesture"": 0, ""object"": 0}, ""latency_ms"": {""gesture"": 0, ""object"": 0}, ""svclat_ms"": {""gesture"": 0.0, ""object"": 0.0}}, ""e8"": {""services"": [""gesture"", ""object""], ""fps"": {""gesture"": 0, ""object"": 0}, ""eff_fps"": {""gesture"": 0, ""object"": 0}, ""latency_ms"": {""gesture"": 0, ""object"": 0}, ""svclat_ms"": {""gesture"": 0.0, ""object"": 0.0}}, ""e9"": {""services"": [""gesture"", ""object""], ""fps"": {""gesture"": 0, ""object"": 0}, ""eff_fps"": {""gesture"": 0, ""object"": 0}, ""latency_ms"": {""gesture"": 0, ""object"": 0}, ""svclat_ms"": {""gesture"": 0.0, ""object"": 0.0}}, ""e10"": {""services"": [""gesture"", ""object""], ""fps"": {""gesture"": 0, ""object"": 0}, ""eff_fps"": {""gesture"": 0, ""object"": 0}, ""latency_ms"": {""gesture"": 0, ""object"": 0}, ""svclat_ms"": {""gesture"": 0.0, ""object"": 0.0}}, ""e11"": {""services"": [""gesture"", ""object""], ""fps"": {""gesture"": 0, ""object"": 0}, ""eff_fps"": {""gesture"": 0, ""object"": 0}, ""latency_ms"": {""gesture"": 0, ""object"": 0}, ""svclat_ms"": {""gesture"": 0.0, ""object"": 0.0}}, ""e12"": {""services"": [""gesture"", ""object""], ""fps"": {""gesture"": 0, ""object"": 0}, ""eff_fps"": {""gesture"": 0, ""object"": 0}, ""latency_ms"": {""gesture"": 0, ""object"": 0}, ""svclat_ms"": {""gesture"": 0.0, ""object"": 0.0}}, ""e13"": {""services"": [""gesture"", ""object""], ""fps"": {""gesture"": 0, ""object"": 0}, ""eff_fps"": {""gesture"": 0, ""object"": 0}, ""latency_ms"": {""gesture"": 0, ""object"": 0}, ""svclat_ms"": {""gesture"": 0.0, ""object"": 0.0}}, ""e14"": {""services"": [""gesture"", ""object""], ""fps"": {""gesture"": 0, ""object"": 0}, ""eff_fps"": {""gesture"": 0, ""object"": 0}, ""latency_ms"": {""gesture"": 0, ""object"": 0}, ""svclat_ms"": {""gesture"": 0.0, ""object"": 0.0}}}"
369.3,5,4,0.8,0,0,26,8,8,1.0,672.0,240,0.357,0.0,2.0,0.0,0,30.0,30.0,0,30.0,30.0,0,0,0,0,15.43,21.66,240,"{""ip-172-31-0-204"": ""healthy"", ""ip-172-31-1-171"": ""healthy"", ""ip-172-31-10-12"": ""healthy"", ""ip-172-31-11-132"": ""healthy"", ""ip-172-31-13-134"": ""healthy"", ""ip-172-31-14-68"": ""healthy"", ""ip-172-31-40-239"": ""healthy""}",unsubscribe,12.0,1.0,0,0,"{""ip-172-31-0-204"": {""object"": 1, ""gesture"": 1}, ""ip-172-31-1-171"": {""object"": 1, ""gesture"": 1}, ""ip-172-31-10-12"": {""object"": 1, ""gesture"": 1}, ""ip-172-31-11-132"": {""object"": 1, ""gesture"": 1}}","{""e1"": {""services"": [""gesture"", ""object""], ""fps"": {""gesture"": 30, ""object"": 30}, ""eff_fps"": {""gesture"": 30, ""object"": 30}, ""latency_ms"": {""gesture"": 0, ""object"": 0}, ""svclat_ms"": {""gesture"": 16.06, ""object"": 23.02}}, ""e2"": {""services"": [""gesture"", ""object""], ""fps"": {""gesture"": 30, ""object"": 30}, ""eff_fps"": {""gesture"": 30, ""object"": 30}, ""latency_ms"": {""gesture"": 0, ""object"": 0}, ""svclat_ms"": {""gesture"": 14.71, ""object"": 21.43}}, ""e3"": {""services"": [""gesture"", ""object""], ""fps"": {""gesture"": 30, ""object"": 30}, ""eff_fps"": {""gesture"": 30, ""object"": 30}, ""latency_ms"": {""gesture"": 0, ""object"": 0}, ""svclat_ms"": {""gesture"": 15.98, ""object"": 21.37}}, ""e4"": {""services"": [""gesture"", ""object""], ""fps"": {""gesture"": 30, ""object"": 30}, ""eff_fps"": {""gesture"": 30, ""object"": 30}, ""latency_ms"": {""gesture"": 0, ""object"": 0}, ""svclat_ms"": {""gesture"": 14.97, ""object"": 20.83}}, ""e5"": {""services"": [""gesture"", ""object""], ""fps"": {""gesture"": 0, ""object"": 0}, ""eff_fps"": {""gesture"": 0, ""object"": 0}, ""latency_ms"": {""gesture"": 0, ""object"": 0}, ""svclat_ms"": {""gesture"": 0.0, ""object"": 0.0}}, ""e6"": {""services"": [""gesture"", ""object""], ""fps"": {""gesture"": 0, ""object"": 0}, ""eff_fps"": {""gesture"": 0, ""object"": 0}, ""latency_ms"": {""gesture"": 0, ""object"": 0}, ""svclat_ms"": {""gesture"": 0.0, ""object"": 0.0}}, ""e7"": {""services"": [""gesture"", ""object""], ""fps"": {""gesture"": 0, ""object"": 0}, ""eff_fps"": {""gesture"": 0, ""object"": 0}, ""latency_ms"": {""gesture"": 0, ""object"": 0}, ""svclat_ms"": {""gesture"": 0.0, ""object"": 0.0}}, ""e8"": {""services"": [""gesture"", ""object""], ""fps"": {""gesture"": 0, ""object"": 0}, ""eff_fps"": {""gesture"": 0, ""object"": 0}, ""latency_ms"": {""gesture"": 0, ""object"": 0}, ""svclat_ms"": {""gesture"": 0.0, ""object"": 0.0}}, ""e9"": {""services"": [""gesture"", ""object""], ""fps"": {""gesture"": 0, ""object"": 0}, ""eff_fps"": {""gesture"": 0, ""object"": 0}, ""latency_ms"": {""gesture"": 0, ""object"": 0}, ""svclat_ms"": {""gesture"": 0.0, ""object"": 0.0}}, ""e10"": {""services"": [""gesture"", ""object""], ""fps"": {""gesture"": 0, ""object"": 0}, ""eff_fps"": {""gesture"": 0, ""object"": 0}, ""latency_ms"": {""gesture"": 0, ""object"": 0}, ""svclat_ms"": {""gesture"": 0.0, ""object"": 0.0}}, ""e11"": {""services"": [""gesture"", ""object""], ""fps"": {""gesture"": 0, ""object"": 0}, ""eff_fps"": {""gesture"": 0, ""object"": 0}, ""latency_ms"": {""gesture"": 0, ""object"": 0}, ""svclat_ms"": {""gesture"": 0.0, ""object"": 0.0}}, ""e12"": {""services"": [""gesture"", ""object""], ""fps"": {""gesture"": 0, ""object"": 0}, ""eff_fps"": {""gesture"": 0, ""object"": 0}, ""latency_ms"": {""gesture"": 0, ""object"": 0}, ""svclat_ms"": {""gesture"": 0.0, ""object"": 0.0}}, ""e13"": {""services"": [""gesture"", ""object""], ""fps"": {""gesture"": 0, ""object"": 0}, ""eff_fps"": {""gesture"": 0, ""object"": 0}, ""latency_ms"": {""gesture"": 0, ""object"": 0}, ""svclat_ms"": {""gesture"": 0.0, ""object"": 0.0}}, ""e14"": {""services"": [""gesture"", ""object""], ""fps"": {""gesture"": 0, ""object"": 0}, ""eff_fps"": {""gesture"": 0, ""object"": 0}, ""latency_ms"": {""gesture"": 0, ""object"": 0}, ""svclat_ms"": {""gesture"": 0.0, ""object"": 0.0}}}"
371.7,5,4,0.8,0,0,26,8,8,1.0,672.0,240,0.357,0.0,2.0,0.0,0,30.0,30.0,0,30.0,30.0,0,0,0,0,15.26,21.09,240,"{""ip-172-31-0-204"": ""healthy"", ""ip-172-31-1-171"": ""healthy"", ""ip-172-31-10-12"": ""healthy"", ""ip-172-31-11-132"": ""healthy"", ""ip-172-31-13-134"": ""healthy"", ""ip-172-31-14-68"": ""healthy"", ""ip-172-31-40-239"": ""healthy""}",unsubscribe,12.0,1.0,0,0,"{""ip-172-31-0-204"": {""object"": 1, ""gesture"": 1}, ""ip-172-31-1-171"": {""object"": 1, ""gesture"": 1}, ""ip-172-31-10-12"": {""object"": 1, ""gesture"": 1}, ""ip-172-31-11-132"": {""object"": 1, ""gesture"": 1}}","{""e1"": {""services"": [""gesture"", ""object""], ""fps"": {""gesture"": 30, ""object"": 30}, ""eff_fps"": {""gesture"": 30, ""object"": 30}, ""latency_ms"": {""gesture"": 0, ""object"": 0}, ""svclat_ms"": {""gesture"": 15.96, ""object"": 23.11}}, ""e2"": {""services"": [""gesture"", ""object""], ""fps"": {""gesture"": 30, ""object"": 30}, ""eff_fps"": {""gesture"": 30, ""object"": 30}, ""latency_ms"": {""gesture"": 0, ""object"": 0}, ""svclat_ms"": {""gesture"": 14.63, ""object"": 21.49}}, ""e3"": {""services"": [""gesture"", ""object""], ""fps"": {""gesture"": 30, ""object"": 30}, ""eff_fps"": {""gesture"": 30, ""object"": 30}, ""latency_ms"": {""gesture"": 0, ""object"": 0}, ""svclat_ms"": {""gesture"": 15.53, ""object"": 19.16}}, ""e4"": {""services"": [""gesture"", ""object""], ""fps"": {""gesture"": 30, ""object"": 30}, ""eff_fps"": {""gesture"": 30, ""object"": 30}, ""latency_ms"": {""gesture"": 0, ""object"": 0}, ""svclat_ms"": {""gesture"": 14.91, ""object"": 20.61}}, ""e5"": {""services"": [""gesture"", ""object""], ""fps"": {""gesture"": 0, ""object"": 0}, ""eff_fps"": {""gesture"": 0, ""object"": 0}, ""latency_ms"": {""gesture"": 0, ""object"": 0}, ""svclat_ms"": {""gesture"": 0.0, ""object"": 0.0}}, ""e6"": {""services"": [""gesture"", ""object""], ""fps"": {""gesture"": 0, ""object"": 0}, ""eff_fps"": {""gesture"": 0, ""object"": 0}, ""latency_ms"": {""gesture"": 0, ""object"": 0}, ""svclat_ms"": {""gesture"": 0.0, ""object"": 0.0}}, ""e7"": {""services"": [""gesture"", ""object""], ""fps"": {""gesture"": 0, ""object"": 0}, ""eff_fps"": {""gesture"": 0, ""object"": 0}, ""latency_ms"": {""gesture"": 0, ""object"": 0}, ""svclat_ms"": {""gesture"": 0.0, ""object"": 0.0}}, ""e8"": {""services"": [""gesture"", ""object""], ""fps"": {""gesture"": 0, ""object"": 0}, ""eff_fps"": {""gesture"": 0, ""object"": 0}, ""latency_ms"": {""gesture"": 0, ""object"": 0}, ""svclat_ms"": {""gesture"": 0.0, ""object"": 0.0}}, ""e9"": {""services"": [""gesture"", ""object""], ""fps"": {""gesture"": 0, ""object"": 0}, ""eff_fps"": {""gesture"": 0, ""object"": 0}, ""latency_ms"": {""gesture"": 0, ""object"": 0}, ""svclat_ms"": {""gesture"": 0.0, ""object"": 0.0}}, ""e10"": {""services"": [""gesture"", ""object""], ""fps"": {""gesture"": 0, ""object"": 0}, ""eff_fps"": {""gesture"": 0, ""object"": 0}, ""latency_ms"": {""gesture"": 0, ""object"": 0}, ""svclat_ms"": {""gesture"": 0.0, ""object"": 0.0}}, ""e11"": {""services"": [""gesture"", ""object""], ""fps"": {""gesture"": 0, ""object"": 0}, ""eff_fps"": {""gesture"": 0, ""object"": 0}, ""latency_ms"": {""gesture"": 0, ""object"": 0}, ""svclat_ms"": {""gesture"": 0.0, ""object"": 0.0}}, ""e12"": {""services"": [""gesture"", ""object""], ""fps"": {""gesture"": 0, ""object"": 0}, ""eff_fps"": {""gesture"": 0, ""object"": 0}, ""latency_ms"": {""gesture"": 0, ""object"": 0}, ""svclat_ms"": {""gesture"": 0.0, ""object"": 0.0}}, ""e13"": {""services"": [""gesture"", ""object""], ""fps"": {""gesture"": 0, ""object"": 0}, ""eff_fps"": {""gesture"": 0, ""object"": 0}, ""latency_ms"": {""gesture"": 0, ""object"": 0}, ""svclat_ms"": {""gesture"": 0.0, ""object"": 0.0}}, ""e14"": {""services"": [""gesture"", ""object""], ""fps"": {""gesture"": 0, ""object"": 0}, ""eff_fps"": {""gesture"": 0, ""object"": 0}, ""latency_ms"": {""gesture"": 0, ""object"": 0}, ""svclat_ms"": {""gesture"": 0.0, ""object"": 0.0}}, ""e15"": {""services"": [""gesture"", ""object""], ""fps"": {""gesture"": 0, ""object"": 0}, ""eff_fps"": {""gesture"": 0, ""object"": 0}, ""latency_ms"": {""gesture"": 0, ""object"": 0}, ""svclat_ms"": {""gesture"": 0.0, ""object"": 0.0}}}"
374.2,5,4,0.8,0,0,26,8,8,1.0,672.0,240,0.357,0.0,2.0,0.0,0,30.0,30.0,0,30.0,30.0,0,0,0,0,15.32,21.18,240,"{""ip-172-31-0-204"": ""healthy"", ""ip-172-31-1-171"": ""healthy"", ""ip-172-31-10-12"": ""healthy"", ""ip-172-31-11-132"": ""healthy"", ""ip-172-31-13-134"": ""healthy"", ""ip-172-31-14-68"": ""healthy"", ""ip-172-31-40-239"": ""healthy""}",unsubscribe,12.0,1.0,0,0,"{""ip-172-31-0-204"": {""object"": 1, ""gesture"": 1}, ""ip-172-31-1-171"": {""object"": 1, ""gesture"": 1}, ""ip-172-31-10-12"": {""object"": 1, ""gesture"": 1}, ""ip-172-31-11-132"": {""object"": 1, ""gesture"": 1}}","{""e1"": {""services"": [""gesture"", ""object""], ""fps"": {""gesture"": 30, ""object"": 30}, ""eff_fps"": {""gesture"": 30, ""object"": 30}, ""latency_ms"": {""gesture"": 0, ""object"": 0}, ""svclat_ms"": {""gesture"": 15.8, ""object"": 22.97}}, ""e2"": {""services"": [""gesture"", ""object""], ""fps"": {""gesture"": 30, ""object"": 30}, ""eff_fps"": {""gesture"": 30, ""object"": 30}, ""latency_ms"": {""gesture"": 0, ""object"": 0}, ""svclat_ms"": {""gesture"": 15.6, ""object"": 22.24}}, ""e3"": {""services"": [""gesture"", ""object""], ""fps"": {""gesture"": 30, ""object"": 30}, ""eff_fps"": {""gesture"": 30, ""object"": 30}, ""latency_ms"": {""gesture"": 0, ""object"": 0}, ""svclat_ms"": {""gesture"": 15.04, ""object"": 19.09}}, ""e4"": {""services"": [""gesture"", ""object""], ""fps"": {""gesture"": 30, ""object"": 30}, ""eff_fps"": {""gesture"": 30, ""object"": 30}, ""latency_ms"": {""gesture"": 0, ""object"": 0}, ""svclat_ms"": {""gesture"": 14.84, ""object"": 20.44}}, ""e5"": {""services"": [""gesture"", ""object""], ""fps"": {""gesture"": 0, ""object"": 0}, ""eff_fps"": {""gesture"": 0, ""object"": 0}, ""latency_ms"": {""gesture"": 0, ""object"": 0}, ""svclat_ms"": {""gesture"": 0.0, ""object"": 0.0}}, ""e6"": {""services"": [""gesture"", ""object""], ""fps"": {""gesture"": 0, ""object"": 0}, ""eff_fps"": {""gesture"": 0, ""object"": 0}, ""latency_ms"": {""gesture"": 0, ""object"": 0}, ""svclat_ms"": {""gesture"": 0.0, ""object"": 0.0}}, ""e7"": {""services"": [""gesture"", ""object""], ""fps"": {""gesture"": 0, ""object"": 0}, ""eff_fps"": {""gesture"": 0, ""object"": 0}, ""latency_ms"": {""gesture"": 0, ""object"": 0}, ""svclat_ms"": {""gesture"": 0.0, ""object"": 0.0}}, ""e8"": {""services"": [""gesture"", ""object""], ""fps"": {""gesture"": 0, ""object"": 0}, ""eff_fps"": {""gesture"": 0, ""object"": 0}, ""latency_ms"": {""gesture"": 0, ""object"": 0}, ""svclat_ms"": {""gesture"": 0.0, ""object"": 0.0}}, ""e9"": {""services"": [""gesture"", ""object""], ""fps"": {""gesture"": 0, ""object"": 0}, ""eff_fps"": {""gesture"": 0, ""object"": 0}, ""latency_ms"": {""gesture"": 0, ""object"": 0}, ""svclat_ms"": {""gesture"": 0.0, ""object"": 0.0}}, ""e10"": {""services"": [""gesture"", ""object""], ""fps"": {""gesture"": 0, ""object"": 0}, ""eff_fps"": {""gesture"": 0, ""object"": 0}, ""latency_ms"": {""gesture"": 0, ""object"": 0}, ""svclat_ms"": {""gesture"": 0.0, ""object"": 0.0}}, ""e11"": {""services"": [""gesture"", ""object""], ""fps"": {""gesture"": 0, ""object"": 0}, ""eff_fps"": {""gesture"": 0, ""object"": 0}, ""latency_ms"": {""gesture"": 0, ""object"": 0}, ""svclat_ms"": {""gesture"": 0.0, ""object"": 0.0}}, ""e12"": {""services"": [""gesture"", ""object""], ""fps"": {""gesture"": 0, ""object"": 0}, ""eff_fps"": {""gesture"": 0, ""object"": 0}, ""latency_ms"": {""gesture"": 0, ""object"": 0}, ""svclat_ms"": {""gesture"": 0.0, ""object"": 0.0}}, ""e13"": {""services"": [""gesture"", ""object""], ""fps"": {""gesture"": 0, ""object"": 0}, ""eff_fps"": {""gesture"": 0, ""object"": 0}, ""latency_ms"": {""gesture"": 0, ""object"": 0}, ""svclat_ms"": {""gesture"": 0.0, ""object"": 0.0}}, ""e14"": {""services"": [""gesture"", ""object""], ""fps"": {""gesture"": 0, ""object"": 0}, ""eff_fps"": {""gesture"": 0, ""object"": 0}, ""latency_ms"": {""gesture"": 0, ""object"": 0}, ""svclat_ms"": {""gesture"": 0.0, ""object"": 0.0}}, ""e15"": {""services"": [""gesture"", ""object""], ""fps"": {""gesture"": 0, ""object"": 0}, ""eff_fps"": {""gesture"": 0, ""object"": 0}, ""latency_ms"": {""gesture"": 0, ""object"": 0}, ""svclat_ms"": {""gesture"": 0.0, ""object"": 0.0}}}"
376.6,5,4,0.8,0,0,26,8,8,1.0,672.0,240,0.357,0.0,2.0,0.0,0,30.0,30.0,0,30.0,30.0,0,0,0,0,15.25,21.34,240,"{""ip-172-31-0-204"": ""healthy"", ""ip-172-31-1-171"": ""healthy"", ""ip-172-31-10-12"": ""healthy"", ""ip-172-31-11-132"": ""healthy"", ""ip-172-31-13-134"": ""healthy"", ""ip-172-31-14-68"": ""healthy"", ""ip-172-31-40-239"": ""healthy""}",unsubscribe,12.0,1.0,0,0,"{""ip-172-31-0-204"": {""object"": 1, ""gesture"": 1}, ""ip-172-31-1-171"": {""object"": 1, ""gesture"": 1}, ""ip-172-31-10-12"": {""object"": 1, ""gesture"": 1}, ""ip-172-31-11-132"": {""object"": 1, ""gesture"": 1}}","{""e1"": {""services"": [""gesture"", ""object""], ""fps"": {""gesture"": 30, ""object"": 30}, ""eff_fps"": {""gesture"": 30, ""object"": 30}, ""latency_ms"": {""gesture"": 0, ""object"": 0}, ""svclat_ms"": {""gesture"": 16.03, ""object"": 23.1}}, ""e2"": {""services"": [""gesture"", ""object""], ""fps"": {""gesture"": 30, ""object"": 30}, ""eff_fps"": {""gesture"": 30, ""object"": 30}, ""latency_ms"": {""gesture"": 0, ""object"": 0}, ""svclat_ms"": {""gesture"": 14.77, ""object"": 21.48}}, ""e3"": {""services"": [""gesture"", ""object""], ""fps"": {""gesture"": 30, ""object"": 30}, ""eff_fps"": {""gesture"": 30, ""object"": 30}, ""latency_ms"": {""gesture"": 0, ""object"": 0}, ""svclat_ms"": {""gesture"": 15.3, ""object"": 20.52}}, ""e4"": {""services"": [""gesture"", ""object""], ""fps"": {""gesture"": 30, ""object"": 30}, ""eff_fps"": {""gesture"": 30, ""object"": 30}, ""latency_ms"": {""gesture"": 0, ""object"": 0}, ""svclat_ms"": {""gesture"": 14.88, ""object"": 20.28}}, ""e5"": {""services"": [""gesture"", ""object""], ""fps"": {""gesture"": 0, ""object"": 0}, ""eff_fps"": {""gesture"": 0, ""object"": 0}, ""latency_ms"": {""gesture"": 0, ""object"": 0}, ""svclat_ms"": {""gesture"": 0.0, ""object"": 0.0}}, ""e6"": {""services"": [""gesture"", ""object""], ""fps"": {""gesture"": 0, ""object"": 0}, ""eff_fps"": {""gesture"": 0, ""object"": 0}, ""latency_ms"": {""gesture"": 0, ""object"": 0}, ""svclat_ms"": {""gesture"": 0.0, ""object"": 0.0}}, ""e7"": {""services"": [""gesture"", ""object""], ""fps"": {""gesture"": 0, ""object"": 0}, ""eff_fps"": {""gesture"": 0, ""object"": 0}, ""latency_ms"": {""gesture"": 0, ""object"": 0}, ""svclat_ms"": {""gesture"": 0.0, ""object"": 0.0}}, ""e8"": {""services"": [""gesture"", ""object""], ""fps"": {""gesture"": 0, ""object"": 0}, ""eff_fps"": {""gesture"": 0, ""object"": 0}, ""latency_ms"": {""gesture"": 0, ""object"": 0}, ""svclat_ms"": {""gesture"": 0.0, ""object"": 0.0}}, ""e9"": {""services"": [""gesture"", ""object""], ""fps"": {""gesture"": 0, ""object"": 0}, ""eff_fps"": {""gesture"": 0, ""object"": 0}, ""latency_ms"": {""gesture"": 0, ""object"": 0}, ""svclat_ms"": {""gesture"": 0.0, ""object"": 0.0}}, ""e10"": {""services"": [""gesture"", ""object""], ""fps"": {""gesture"": 0, ""object"": 0}, ""eff_fps"": {""gesture"": 0, ""object"": 0}, ""latency_ms"": {""gesture"": 0, ""object"": 0}, ""svclat_ms"": {""gesture"": 0.0, ""object"": 0.0}}, ""e11"": {""services"": [""gesture"", ""object""], ""fps"": {""gesture"": 0, ""object"": 0}, ""eff_fps"": {""gesture"": 0, ""object"": 0}, ""latency_ms"": {""gesture"": 0, ""object"": 0}, ""svclat_ms"": {""gesture"": 0.0, ""object"": 0.0}}, ""e12"": {""services"": [""gesture"", ""object""], ""fps"": {""gesture"": 0, ""object"": 0}, ""eff_fps"": {""gesture"": 0, ""object"": 0}, ""latency_ms"": {""gesture"": 0, ""object"": 0}, ""svclat_ms"": {""gesture"": 0.0, ""object"": 0.0}}, ""e13"": {""services"": [""gesture"", ""object""], ""fps"": {""gesture"": 0, ""object"": 0}, ""eff_fps"": {""gesture"": 0, ""object"": 0}, ""latency_ms"": {""gesture"": 0, ""object"": 0}, ""svclat_ms"": {""gesture"": 0.0, ""object"": 0.0}}, ""e14"": {""services"": [""gesture"", ""object""], ""fps"": {""gesture"": 0, ""object"": 0}, ""eff_fps"": {""gesture"": 0, ""object"": 0}, ""latency_ms"": {""gesture"": 0, ""object"": 0}, ""svclat_ms"": {""gesture"": 0.0, ""object"": 0.0}}, ""e15"": {""services"": [""gesture"", ""object""], ""fps"": {""gesture"": 0, ""object"": 0}, ""eff_fps"": {""gesture"": 0, ""object"": 0}, ""latency_ms"": {""gesture"": 0, ""object"": 0}, ""svclat_ms"": {""gesture"": 0.0, ""object"": 0.0}}}"
380.3,6,5,0.833,1,0,27,9,9,1.0,785.0,300,0.382,0.0,1.8,0.0,0,30.0,30.0,0,30.0,30.0,0,0,0,0,15.41,21.09,180,"{""ip-172-31-0-204"": ""healthy"", ""ip-172-31-1-171"": ""healthy"", ""ip-172-31-10-12"": ""healthy"", ""ip-172-31-11-132"": ""healthy"", ""ip-172-31-13-134"": ""healthy"", ""ip-172-31-14-68"": ""healthy"", ""ip-172-31-40-239"": ""healthy""}",subscribe,9.8,1.0,0,0,"{""ip-172-31-0-204"": {""object"": 1, ""gesture"": 1}, ""ip-172-31-1-171"": {""object"": 1, ""gesture"": 1}, ""ip-172-31-10-12"": {""object"": 1, ""gesture"": 1}, ""ip-172-31-11-132"": {""object"": 1, ""gesture"": 1}, ""ip-172-31-13-134"": {""gesture"": 1}}","{""e2"": {""services"": [""gesture"", ""object""], ""fps"": {""gesture"": 30, ""object"": 30}, ""eff_fps"": {""gesture"": 30, ""object"": 30}, ""latency_ms"": {""gesture"": 0, ""object"": 0}, ""svclat_ms"": {""gesture"": 15.87, ""object"": 22.36}}, ""e3"": {""services"": [""gesture"", ""object""], ""fps"": {""gesture"": 30, ""object"": 30}, ""eff_fps"": {""gesture"": 30, ""object"": 30}, ""latency_ms"": {""gesture"": 0, ""object"": 0}, ""svclat_ms"": {""gesture"": 15.38, ""object"": 20.34}}, ""e4"": {""services"": [""gesture"", ""object""], ""fps"": {""gesture"": 30, ""object"": 30}, ""eff_fps"": {""gesture"": 30, ""object"": 30}, ""latency_ms"": {""gesture"": 0, ""object"": 0}, ""svclat_ms"": {""gesture"": 14.98, ""object"": 20.57}}, ""e5"": {""services"": [""gesture"", ""object""], ""fps"": {""gesture"": 0, ""object"": 0}, ""eff_fps"": {""gesture"": 0, ""object"": 0}, ""latency_ms"": {""gesture"": 0, ""object"": 0}, ""svclat_ms"": {""gesture"": 0.0, ""object"": 0.0}}, ""e6"": {""services"": [""gesture"", ""object""], ""fps"": {""gesture"": 0, ""object"": 0}, ""eff_fps"": {""gesture"": 0, ""object"": 0}, ""latency_ms"": {""gesture"": 0, ""object"": 0}, ""svclat_ms"": {""gesture"": 0.0, ""object"": 0.0}}, ""e7"": {""services"": [""gesture"", ""object""], ""fps"": {""gesture"": 0, ""object"": 0}, ""eff_fps"": {""gesture"": 0, ""object"": 0}, ""latency_ms"": {""gesture"": 0, ""object"": 0}, ""svclat_ms"": {""gesture"": 0.0, ""object"": 0.0}}, ""e8"": {""services"": [""gesture"", ""object""], ""fps"": {""gesture"": 0, ""object"": 0}, ""eff_fps"": {""gesture"": 0, ""object"": 0}, ""latency_ms"": {""gesture"": 0, ""object"": 0}, ""svclat_ms"": {""gesture"": 0.0, ""object"": 0.0}}, ""e9"": {""services"": [""gesture"", ""object""], ""fps"": {""gesture"": 0, ""object"": 0}, ""eff_fps"": {""gesture"": 0, ""object"": 0}, ""latency_ms"": {""gesture"": 0, ""object"": 0}, ""svclat_ms"": {""gesture"": 0.0, ""object"": 0.0}}, ""e10"": {""services"": [""gesture"", ""object""], ""fps"": {""gesture"": 0, ""object"": 0}, ""eff_fps"": {""gesture"": 0, ""object"": 0}, ""latency_ms"": {""gesture"": 0, ""object"": 0}, ""svclat_ms"": {""gesture"": 0.0, ""object"": 0.0}}, ""e11"": {""services"": [""gesture"", ""object""], ""fps"": {""gesture"": 0, ""object"": 0}, ""eff_fps"": {""gesture"": 0, ""object"": 0}, ""latency_ms"": {""gesture"": 0, ""object"": 0}, ""svclat_ms"": {""gesture"": 0.0, ""object"": 0.0}}, ""e12"": {""services"": [""gesture"", ""object""], ""fps"": {""gesture"": 0, ""object"": 0}, ""eff_fps"": {""gesture"": 0, ""object"": 0}, ""latency_ms"": {""gesture"": 0, ""object"": 0}, ""svclat_ms"": {""gesture"": 0.0, ""object"": 0.0}}, ""e13"": {""services"": [""gesture"", ""object""], ""fps"": {""gesture"": 0, ""object"": 0}, ""eff_fps"": {""gesture"": 0, ""object"": 0}, ""latency_ms"": {""gesture"": 0, ""object"": 0}, ""svclat_ms"": {""gesture"": 0.0, ""object"": 0.0}}, ""e14"": {""services"": [""gesture"", ""object""], ""fps"": {""gesture"": 0, ""object"": 0}, ""eff_fps"": {""gesture"": 0, ""object"": 0}, ""latency_ms"": {""gesture"": 0, ""object"": 0}, ""svclat_ms"": {""gesture"": 0.0, ""object"": 0.0}}, ""e15"": {""services"": [""gesture"", ""object""], ""fps"": {""gesture"": 0, ""object"": 0}, ""eff_fps"": {""gesture"": 0, ""object"": 0}, ""latency_ms"": {""gesture"": 0, ""object"": 0}, ""svclat_ms"": {""gesture"": 0.0, ""object"": 0.0}}}"
382.7,6,5,0.833,0,0,27,9,9,1.0,785.0,300,0.382,0.0,1.8,0.0,0,30.0,30.0,0,30.0,30.0,0,0,0,0,15.18,20.66,180,"{""ip-172-31-0-204"": ""healthy"", ""ip-172-31-1-171"": ""healthy"", ""ip-172-31-10-12"": ""healthy"", ""ip-172-31-11-132"": ""healthy"", ""ip-172-31-13-134"": ""healthy"", ""ip-172-31-14-68"": ""healthy"", ""ip-172-31-40-239"": ""healthy""}",subscribe,9.8,1.0,0,0,"{""ip-172-31-0-204"": {""object"": 1, ""gesture"": 1}, ""ip-172-31-1-171"": {""object"": 1, ""gesture"": 1}, ""ip-172-31-10-12"": {""object"": 1, ""gesture"": 1}, ""ip-172-31-11-132"": {""object"": 1, ""gesture"": 1}, ""ip-172-31-13-134"": {""gesture"": 1}}","{""e2"": {""services"": [""gesture"", ""object""], ""fps"": {""gesture"": 30, ""object"": 30}, ""eff_fps"": {""gesture"": 30, ""object"": 30}, ""latency_ms"": {""gesture"": 0, ""object"": 0}, ""svclat_ms"": {""gesture"": 15.66, ""object"": 22.07}}, ""e3"": {""services"": [""gesture"", ""object""], ""fps"": {""gesture"": 30, ""object"": 30}, ""eff_fps"": {""gesture"": 30, ""object"": 30}, ""latency_ms"": {""gesture"": 0, ""object"": 0}, ""svclat_ms"": {""gesture"": 15.17, ""object"": 19.24}}, ""e4"": {""services"": [""gesture"", ""object""], ""fps"": {""gesture"": 30, ""object"": 30}, ""eff_fps"": {""gesture"": 30, ""object"": 30}, ""latency_ms"": {""gesture"": 0, ""object"": 0}, ""svclat_ms"": {""gesture"": 14.7, ""object"": 20.67}}, ""e5"": {""services"": [""gesture"", ""object""], ""fps"": {""gesture"": 0, ""object"": 0}, ""eff_fps"": {""gesture"": 0, ""object"": 0}, ""latency_ms"": {""gesture"": 0, ""object"": 0}, ""svclat_ms"": {""gesture"": 0.0, ""object"": 0.0}}, ""e6"": {""services"": [""gesture"", ""object""], ""fps"": {""gesture"": 0, ""object"": 0}, ""eff_fps"": {""gesture"": 0, ""object"": 0}, ""latency_ms"": {""gesture"": 0, ""object"": 0}, ""svclat_ms"": {""gesture"": 0.0, ""object"": 0.0}}, ""e7"": {""services"": [""gesture"", ""object""], ""fps"": {""gesture"": 0, ""object"": 0}, ""eff_fps"": {""gesture"": 0, ""object"": 0}, ""latency_ms"": {""gesture"": 0, ""object"": 0}, ""svclat_ms"": {""gesture"": 0.0, ""object"": 0.0}}, ""e8"": {""services"": [""gesture"", ""object""], ""fps"": {""gesture"": 0, ""object"": 0}, ""eff_fps"": {""gesture"": 0, ""object"": 0}, ""latency_ms"": {""gesture"": 0, ""object"": 0}, ""svclat_ms"": {""gesture"": 0.0, ""object"": 0.0}}, ""e9"": {""services"": [""gesture"", ""object""], ""fps"": {""gesture"": 0, ""object"": 0}, ""eff_fps"": {""gesture"": 0, ""object"": 0}, ""latency_ms"": {""gesture"": 0, ""object"": 0}, ""svclat_ms"": {""gesture"": 0.0, ""object"": 0.0}}, ""e10"": {""services"": [""gesture"", ""object""], ""fps"": {""gesture"": 0, ""object"": 0}, ""eff_fps"": {""gesture"": 0, ""object"": 0}, ""latency_ms"": {""gesture"": 0, ""object"": 0}, ""svclat_ms"": {""gesture"": 0.0, ""object"": 0.0}}, ""e11"": {""services"": [""gesture"", ""object""], ""fps"": {""gesture"": 0, ""object"": 0}, ""eff_fps"": {""gesture"": 0, ""object"": 0}, ""latency_ms"": {""gesture"": 0, ""object"": 0}, ""svclat_ms"": {""gesture"": 0.0, ""object"": 0.0}}, ""e12"": {""services"": [""gesture"", ""object""], ""fps"": {""gesture"": 0, ""object"": 0}, ""eff_fps"": {""gesture"": 0, ""object"": 0}, ""latency_ms"": {""gesture"": 0, ""object"": 0}, ""svclat_ms"": {""gesture"": 0.0, ""object"": 0.0}}, ""e13"": {""services"": [""gesture"", ""object""], ""fps"": {""gesture"": 0, ""object"": 0}, ""eff_fps"": {""gesture"": 0, ""object"": 0}, ""latency_ms"": {""gesture"": 0, ""object"": 0}, ""svclat_ms"": {""gesture"": 0.0, ""object"": 0.0}}, ""e14"": {""services"": [""gesture"", ""object""], ""fps"": {""gesture"": 0, ""object"": 0}, ""eff_fps"": {""gesture"": 0, ""object"": 0}, ""latency_ms"": {""gesture"": 0, ""object"": 0}, ""svclat_ms"": {""gesture"": 0.0, ""object"": 0.0}}, ""e15"": {""services"": [""gesture"", ""object""], ""fps"": {""gesture"": 0, ""object"": 0}, ""eff_fps"": {""gesture"": 0, ""object"": 0}, ""latency_ms"": {""gesture"": 0, ""object"": 0}, ""svclat_ms"": {""gesture"": 0.0, ""object"": 0.0}}}"
385.2,6,5,0.833,0,0,27,9,9,1.0,785.0,300,0.382,0.0,1.8,0.0,0,29.67,30.0,0,29.67,30.0,0,0,0,0,14.87,20.63,179,"{""ip-172-31-0-204"": ""healthy"", ""ip-172-31-1-171"": ""healthy"", ""ip-172-31-10-12"": ""healthy"", ""ip-172-31-11-132"": ""healthy"", ""ip-172-31-13-134"": ""healthy"", ""ip-172-31-14-68"": ""healthy"", ""ip-172-31-40-239"": ""healthy""}",subscribe,9.8,1.0,0,0,"{""ip-172-31-0-204"": {""object"": 1, ""gesture"": 1}, ""ip-172-31-1-171"": {""object"": 1, ""gesture"": 1}, ""ip-172-31-10-12"": {""object"": 1, ""gesture"": 1}, ""ip-172-31-11-132"": {""object"": 1, ""gesture"": 1}, ""ip-172-31-13-134"": {""gesture"": 1}}","{""e2"": {""services"": [""gesture"", ""object""], ""fps"": {""gesture"": 29, ""object"": 30}, ""eff_fps"": {""gesture"": 29, ""object"": 30}, ""latency_ms"": {""gesture"": 0, ""object"": 0}, ""svclat_ms"": {""gesture"": 14.47, ""object"": 21.29}}, ""e3"": {""services"": [""gesture"", ""object""], ""fps"": {""gesture"": 30, ""object"": 30}, ""eff_fps"": {""gesture"": 30, ""object"": 30}, ""latency_ms"": {""gesture"": 0, ""object"": 0}, ""svclat_ms"": {""gesture"": 15.12, ""object"": 19.83}}, ""e4"": {""services"": [""gesture"", ""object""], ""fps"": {""gesture"": 30, ""object"": 30}, ""eff_fps"": {""gesture"": 30, ""object"": 30}, ""latency_ms"": {""gesture"": 0, ""object"": 0}, ""svclat_ms"": {""gesture"": 15.01, ""object"": 20.77}}, ""e5"": {""services"": [""gesture"", ""object""], ""fps"": {""gesture"": 0, ""object"": 0}, ""eff_fps"": {""gesture"": 0, ""object"": 0}, ""latency_ms"": {""gesture"": 0, ""object"": 0}, ""svclat_ms"": {""gesture"": 0.0, ""object"": 0.0}}, ""e6"": {""services"": [""gesture"", ""object""], ""fps"": {""gesture"": 0, ""object"": 0}, ""eff_fps"": {""gesture"": 0, ""object"": 0}, ""latency_ms"": {""gesture"": 0, ""object"": 0}, ""svclat_ms"": {""gesture"": 0.0, ""object"": 0.0}}, ""e7"": {""services"": [""gesture"", ""object""], ""fps"": {""gesture"": 0, ""object"": 0}, ""eff_fps"": {""gesture"": 0, ""object"": 0}, ""latency_ms"": {""gesture"": 0, ""object"": 0}, ""svclat_ms"": {""gesture"": 0.0, ""object"": 0.0}}, ""e8"": {""services"": [""gesture"", ""object""], ""fps"": {""gesture"": 0, ""object"": 0}, ""eff_fps"": {""gesture"": 0, ""object"": 0}, ""latency_ms"": {""gesture"": 0, ""object"": 0}, ""svclat_ms"": {""gesture"": 0.0, ""object"": 0.0}}, ""e9"": {""services"": [""gesture"", ""object""], ""fps"": {""gesture"": 0, ""object"": 0}, ""eff_fps"": {""gesture"": 0, ""object"": 0}, ""latency_ms"": {""gesture"": 0, ""object"": 0}, ""svclat_ms"": {""gesture"": 0.0, ""object"": 0.0}}, ""e10"": {""services"": [""gesture"", ""object""], ""fps"": {""gesture"": 0, ""object"": 0}, ""eff_fps"": {""gesture"": 0, ""object"": 0}, ""latency_ms"": {""gesture"": 0, ""object"": 0}, ""svclat_ms"": {""gesture"": 0.0, ""object"": 0.0}}, ""e11"": {""services"": [""gesture"", ""object""], ""fps"": {""gesture"": 0, ""object"": 0}, ""eff_fps"": {""gesture"": 0, ""object"": 0}, ""latency_ms"": {""gesture"": 0, ""object"": 0}, ""svclat_ms"": {""gesture"": 0.0, ""object"": 0.0}}, ""e12"": {""services"": [""gesture"", ""object""], ""fps"": {""gesture"": 0, ""object"": 0}, ""eff_fps"": {""gesture"": 0, ""object"": 0}, ""latency_ms"": {""gesture"": 0, ""object"": 0}, ""svclat_ms"": {""gesture"": 0.0, ""object"": 0.0}}, ""e13"": {""services"": [""gesture"", ""object""], ""fps"": {""gesture"": 0, ""object"": 0}, ""eff_fps"": {""gesture"": 0, ""object"": 0}, ""latency_ms"": {""gesture"": 0, ""object"": 0}, ""svclat_ms"": {""gesture"": 0.0, ""object"": 0.0}}, ""e14"": {""services"": [""gesture"", ""object""], ""fps"": {""gesture"": 0, ""object"": 0}, ""eff_fps"": {""gesture"": 0, ""object"": 0}, ""latency_ms"": {""gesture"": 0, ""object"": 0}, ""svclat_ms"": {""gesture"": 0.0, ""object"": 0.0}}, ""e15"": {""services"": [""gesture"", ""object""], ""fps"": {""gesture"": 0, ""object"": 0}, ""eff_fps"": {""gesture"": 0, ""object"": 0}, ""latency_ms"": {""gesture"": 0, ""object"": 0}, ""svclat_ms"": {""gesture"": 0.0, ""object"": 0.0}}}"
389.2,6,5,0.833,0,0,27,9,9,1.0,785.0,300,0.382,0.0,1.8,0.0,0,30.0,30.0,0,30.0,30.0,0,0,0,0,14.76,20.47,60,"{""ip-172-31-0-204"": ""healthy"", ""ip-172-31-1-171"": ""healthy"", ""ip-172-31-10-12"": ""healthy"", ""ip-172-31-11-132"": ""healthy"", ""ip-172-31-13-134"": ""healthy"", ""ip-172-31-14-68"": ""healthy"", ""ip-172-31-40-239"": ""healthy""}",subscribe,9.8,1.0,0,0,"{""ip-172-31-0-204"": {""object"": 1, ""gesture"": 1}, ""ip-172-31-1-171"": {""object"": 1, ""gesture"": 1}, ""ip-172-31-10-12"": {""object"": 1, ""gesture"": 1}, ""ip-172-31-11-132"": {""object"": 1, ""gesture"": 1}, ""ip-172-31-13-134"": {""gesture"": 1}}","{""e4"": {""services"": [""gesture"", ""object""], ""fps"": {""gesture"": 30, ""object"": 30}, ""eff_fps"": {""gesture"": 30, ""object"": 30}, ""latency_ms"": {""gesture"": 0, ""object"": 0}, ""svclat_ms"": {""gesture"": 14.76, ""object"": 20.47}}, ""e5"": {""services"": [""gesture"", ""object""], ""fps"": {""gesture"": 0, ""object"": 0}, ""eff_fps"": {""gesture"": 0, ""object"": 0}, ""latency_ms"": {""gesture"": 0, ""object"": 0}, ""svclat_ms"": {""gesture"": 0.0, ""object"": 0.0}}, ""e6"": {""services"": [""gesture"", ""object""], ""fps"": {""gesture"": 0, ""object"": 0}, ""eff_fps"": {""gesture"": 0, ""object"": 0}, ""latency_ms"": {""gesture"": 0, ""object"": 0}, ""svclat_ms"": {""gesture"": 0.0, ""object"": 0.0}}, ""e7"": {""services"": [""gesture"", ""object""], ""fps"": {""gesture"": 0, ""object"": 0}, ""eff_fps"": {""gesture"": 0, ""object"": 0}, ""latency_ms"": {""gesture"": 0, ""object"": 0}, ""svclat_ms"": {""gesture"": 0.0, ""object"": 0.0}}, ""e8"": {""services"": [""gesture"", ""object""], ""fps"": {""gesture"": 0, ""object"": 0}, ""eff_fps"": {""gesture"": 0, ""object"": 0}, ""latency_ms"": {""gesture"": 0, ""object"": 0}, ""svclat_ms"": {""gesture"": 0.0, ""object"": 0.0}}, ""e9"": {""services"": [""gesture"", ""object""], ""fps"": {""gesture"": 0, ""object"": 0}, ""eff_fps"": {""gesture"": 0, ""object"": 0}, ""latency_ms"": {""gesture"": 0, ""object"": 0}, ""svclat_ms"": {""gesture"": 0.0, ""object"": 0.0}}, ""e10"": {""services"": [""gesture"", ""object""], ""fps"": {""gesture"": 0, ""object"": 0}, ""eff_fps"": {""gesture"": 0, ""object"": 0}, ""latency_ms"": {""gesture"": 0, ""object"": 0}, ""svclat_ms"": {""gesture"": 0.0, ""object"": 0.0}}, ""e11"": {""services"": [""gesture"", ""object""], ""fps"": {""gesture"": 0, ""object"": 0}, ""eff_fps"": {""gesture"": 0, ""object"": 0}, ""latency_ms"": {""gesture"": 0, ""object"": 0}, ""svclat_ms"": {""gesture"": 0.0, ""object"": 0.0}}, ""e12"": {""services"": [""gesture"", ""object""], ""fps"": {""gesture"": 0, ""object"": 0}, ""eff_fps"": {""gesture"": 0, ""object"": 0}, ""latency_ms"": {""gesture"": 0, ""object"": 0}, ""svclat_ms"": {""gesture"": 0.0, ""object"": 0.0}}, ""e13"": {""services"": [""gesture"", ""object""], ""fps"": {""gesture"": 0, ""object"": 0}, ""eff_fps"": {""gesture"": 0, ""object"": 0}, ""latency_ms"": {""gesture"": 0, ""object"": 0}, ""svclat_ms"": {""gesture"": 0.0, ""object"": 0.0}}, ""e14"": {""services"": [""gesture"", ""object""], ""fps"": {""gesture"": 0, ""object"": 0}, ""eff_fps"": {""gesture"": 0, ""object"": 0}, ""latency_ms"": {""gesture"": 0, ""object"": 0}, ""svclat_ms"": {""gesture"": 0.0, ""object"": 0.0}}, ""e15"": {""services"": [""gesture"", ""object""], ""fps"": {""gesture"": 0, ""object"": 0}, ""eff_fps"": {""gesture"": 0, ""object"": 0}, ""latency_ms"": {""gesture"": 0, ""object"": 0}, ""svclat_ms"": {""gesture"": 0.0, ""object"": 0.0}}}"
393.5,5,6,1.2,1,0,28,10,10,1.0,898.0,360,0.401,0.0,2.5,0.0,0,30.0,30.0,0,30.0,30.0,0,0,0,0,14.62,20.47,60,"{""ip-172-31-0-204"": ""healthy"", ""ip-172-31-1-171"": ""healthy"", ""ip-172-31-10-12"": ""healthy"", ""ip-172-31-11-132"": ""healthy"", ""ip-172-31-13-134"": ""healthy"", ""ip-172-31-14-68"": ""healthy"", ""ip-172-31-40-239"": ""healthy""}",subscribe,9.1,1.0,0,0,"{""ip-172-31-0-204"": {""object"": 1, ""gesture"": 1}, ""ip-172-31-1-171"": {""object"": 1, ""gesture"": 1}, ""ip-172-31-10-12"": {""object"": 1, ""gesture"": 1}, ""ip-172-31-11-132"": {""object"": 1, ""gesture"": 1}, ""ip-172-31-13-134"": {""gesture"": 1}, ""ip-172-31-14-68"": {""gesture"": 1}}","{""e4"": {""services"": [""gesture"", ""object""], ""fps"": {""gesture"": 30, ""object"": 30}, ""eff_fps"": {""gesture"": 30, ""object"": 30}, ""latency_ms"": {""gesture"": 0, ""object"": 0}, ""svclat_ms"": {""gesture"": 14.62, ""object"": 20.47}}, ""e5"": {""services"": [""gesture"", ""object""], ""fps"": {""gesture"": 0, ""object"": 0}, ""eff_fps"": {""gesture"": 0, ""object"": 0}, ""latency_ms"": {""gesture"": 0, ""object"": 0}, ""svclat_ms"": {""gesture"": 0.0, ""object"": 0.0}}, ""e6"": {""services"": [""gesture"", ""object""], ""fps"": {""gesture"": 0, ""object"": 0}, ""eff_fps"": {""gesture"": 0, ""object"": 0}, ""latency_ms"": {""gesture"": 0, ""object"": 0}, ""svclat_ms"": {""gesture"": 0.0, ""object"": 0.0}}, ""e7"": {""services"": [""gesture"", ""object""], ""fps"": {""gesture"": 0, ""object"": 0}, ""eff_fps"": {""gesture"": 0, ""object"": 0}, ""latency_ms"": {""gesture"": 0, ""object"": 0}, ""svclat_ms"": {""gesture"": 0.0, ""object"": 0.0}}, ""e8"": {""services"": [""gesture"", ""object""], ""fps"": {""gesture"": 0, ""object"": 0}, ""eff_fps"": {""gesture"": 0, ""object"": 0}, ""latency_ms"": {""gesture"": 0, ""object"": 0}, ""svclat_ms"": {""gesture"": 0.0, ""object"": 0.0}}, ""e9"": {""services"": [""gesture"", ""object""], ""fps"": {""gesture"": 0, ""object"": 0}, ""eff_fps"": {""gesture"": 0, ""object"": 0}, ""latency_ms"": {""gesture"": 0, ""object"": 0}, ""svclat_ms"": {""gesture"": 0.0, ""object"": 0.0}}, ""e10"": {""services"": [""gesture"", ""object""], ""fps"": {""gesture"": 0, ""object"": 0}, ""eff_fps"": {""gesture"": 0, ""object"": 0}, ""latency_ms"": {""gesture"": 0, ""object"": 0}, ""svclat_ms"": {""gesture"": 0.0, ""object"": 0.0}}, ""e11"": {""services"": [""gesture"", ""object""], ""fps"": {""gesture"": 0, ""object"": 0}, ""eff_fps"": {""gesture"": 0, ""object"": 0}, ""latency_ms"": {""gesture"": 0, ""object"": 0}, ""svclat_ms"": {""gesture"": 0.0, ""object"": 0.0}}, ""e12"": {""services"": [""gesture"", ""object""], ""fps"": {""gesture"": 0, ""object"": 0}, ""eff_fps"": {""gesture"": 0, ""object"": 0}, ""latency_ms"": {""gesture"": 0, ""object"": 0}, ""svclat_ms"": {""gesture"": 0.0, ""object"": 0.0}}, ""e13"": {""services"": [""gesture"", ""object""], ""fps"": {""gesture"": 0, ""object"": 0}, ""eff_fps"": {""gesture"": 0, ""object"": 0}, ""latency_ms"": {""gesture"": 0, ""object"": 0}, ""svclat_ms"": {""gesture"": 0.0, ""object"": 0.0}}, ""e14"": {""services"": [""gesture"", ""object""], ""fps"": {""gesture"": 0, ""object"": 0}, ""eff_fps"": {""gesture"": 0, ""object"": 0}, ""latency_ms"": {""gesture"": 0, ""object"": 0}, ""svclat_ms"": {""gesture"": 0.0, ""object"": 0.0}}, ""e15"": {""services"": [""gesture"", ""object""], ""fps"": {""gesture"": 0, ""object"": 0}, ""eff_fps"": {""gesture"": 0, ""object"": 0}, ""latency_ms"": {""gesture"": 0, ""object"": 0}, ""svclat_ms"": {""gesture"": 0.0, ""object"": 0.0}}}"
395.9,5,5,1.0,0,1,29,9,9,1.0,785.0,300,0.382,0.0,1.8,0.0,0,30.0,30.0,0,30.0,30.0,0,0,0,0,14.72,20.55,60,"{""ip-172-31-0-204"": ""healthy"", ""ip-172-31-1-171"": ""healthy"", ""ip-172-31-10-12"": ""healthy"", ""ip-172-31-11-132"": ""healthy"", ""ip-172-31-13-134"": ""healthy"", ""ip-172-31-14-68"": ""healthy"", ""ip-172-31-40-239"": ""healthy""}",subscribe,9.5,1.0,0,0,"{""ip-172-31-0-204"": {""object"": 1, ""gesture"": 1}, ""ip-172-31-1-171"": {""object"": 1, ""gesture"": 1}, ""ip-172-31-10-12"": {""object"": 1, ""gesture"": 1}, ""ip-172-31-11-132"": {""object"": 1, ""gesture"": 1}, ""ip-172-31-13-134"": {""gesture"": 1}}","{""e4"": {""services"": [""gesture"", ""object""], ""fps"": {""gesture"": 30, ""object"": 30}, ""eff_fps"": {""gesture"": 30, ""object"": 30}, ""latency_ms"": {""gesture"": 0, ""object"": 0}, ""svclat_ms"": {""gesture"": 14.72, ""object"": 20.55}}, ""e5"": {""services"": [""gesture"", ""object""], ""fps"": {""gesture"": 0, ""object"": 0}, ""eff_fps"": {""gesture"": 0, ""object"": 0}, ""latency_ms"": {""gesture"": 0, ""object"": 0}, ""svclat_ms"": {""gesture"": 0.0, ""object"": 0.0}}, ""e6"": {""services"": [""gesture"", ""object""], ""fps"": {""gesture"": 0, ""object"": 0}, ""eff_fps"": {""gesture"": 0, ""object"": 0}, ""latency_ms"": {""gesture"": 0, ""object"": 0}, ""svclat_ms"": {""gesture"": 0.0, ""object"": 0.0}}, ""e7"": {""services"": [""gesture"", ""object""], ""fps"": {""gesture"": 0, ""object"": 0}, ""eff_fps"": {""gesture"": 0, ""object"": 0}, ""latency_ms"": {""gesture"": 0, ""object"": 0}, ""svclat_ms"": {""gesture"": 0.0, ""object"": 0.0}}, ""e8"": {""services"": [""gesture"", ""object""], ""fps"": {""gesture"": 0, ""object"": 0}, ""eff_fps"": {""gesture"": 0, ""object"": 0}, ""latency_ms"": {""gesture"": 0, ""object"": 0}, ""svclat_ms"": {""gesture"": 0.0, ""object"": 0.0}}, ""e9"": {""services"": [""gesture"", ""object""], ""fps"": {""gesture"": 0, ""object"": 0}, ""eff_fps"": {""gesture"": 0, ""object"": 0}, ""latency_ms"": {""gesture"": 0, ""object"": 0}, ""svclat_ms"": {""gesture"": 0.0, ""object"": 0.0}}, ""e10"": {""services"": [""gesture"", ""object""], ""fps"": {""gesture"": 0, ""object"": 0}, ""eff_fps"": {""gesture"": 0, ""object"": 0}, ""latency_ms"": {""gesture"": 0, ""object"": 0}, ""svclat_ms"": {""gesture"": 0.0, ""object"": 0.0}}, ""e11"": {""services"": [""gesture"", ""object""], ""fps"": {""gesture"": 0, ""object"": 0}, ""eff_fps"": {""gesture"": 0, ""object"": 0}, ""latency_ms"": {""gesture"": 0, ""object"": 0}, ""svclat_ms"": {""gesture"": 0.0, ""object"": 0.0}}, ""e12"": {""services"": [""gesture"", ""object""], ""fps"": {""gesture"": 0, ""object"": 0}, ""eff_fps"": {""gesture"": 0, ""object"": 0}, ""latency_ms"": {""gesture"": 0, ""object"": 0}, ""svclat_ms"": {""gesture"": 0.0, ""object"": 0.0}}, ""e13"": {""services"": [""gesture"", ""object""], ""fps"": {""gesture"": 0, ""object"": 0}, ""eff_fps"": {""gesture"": 0, ""object"": 0}, ""latency_ms"": {""gesture"": 0, ""object"": 0}, ""svclat_ms"": {""gesture"": 0.0, ""object"": 0.0}}, ""e14"": {""services"": [""gesture"", ""object""], ""fps"": {""gesture"": 0, ""object"": 0}, ""eff_fps"": {""gesture"": 0, ""object"": 0}, ""latency_ms"": {""gesture"": 0, ""object"": 0}, ""svclat_ms"": {""gesture"": 0.0, ""object"": 0.0}}, ""e15"": {""services"": [""gesture"", ""object""], ""fps"": {""gesture"": 0, ""object"": 0}, ""eff_fps"": {""gesture"": 0, ""object"": 0}, ""latency_ms"": {""gesture"": 0, ""object"": 0}, ""svclat_ms"": {""gesture"": 0.0, ""object"": 0.0}}}"
398.3,5,5,1.0,0,0,29,9,9,1.0,785.0,300,0.382,0.0,1.8,0.0,0,30.0,30.0,0,30.0,30.0,0,0,0,0,15.01,20.85,60,"{""ip-172-31-0-204"": ""healthy"", ""ip-172-31-1-171"": ""healthy"", ""ip-172-31-10-12"": ""healthy"", ""ip-172-31-11-132"": ""healthy"", ""ip-172-31-13-134"": ""healthy"", ""ip-172-31-14-68"": ""healthy"", ""ip-172-31-40-239"": ""healthy""}",subscribe,9.5,1.0,0,0,"{""ip-172-31-0-204"": {""object"": 1, ""gesture"": 1}, ""ip-172-31-1-171"": {""object"": 1, ""gesture"": 1}, ""ip-172-31-10-12"": {""object"": 1, ""gesture"": 1}, ""ip-172-31-11-132"": {""object"": 1, ""gesture"": 1}, ""ip-172-31-13-134"": {""gesture"": 1}}","{""e4"": {""services"": [""gesture"", ""object""], ""fps"": {""gesture"": 30, ""object"": 30}, ""eff_fps"": {""gesture"": 30, ""object"": 30}, ""latency_ms"": {""gesture"": 0, ""object"": 0}, ""svclat_ms"": {""gesture"": 15.01, ""object"": 20.85}}, ""e5"": {""services"": [""gesture"", ""object""], ""fps"": {""gesture"": 0, ""object"": 0}, ""eff_fps"": {""gesture"": 0, ""object"": 0}, ""latency_ms"": {""gesture"": 0, ""object"": 0}, ""svclat_ms"": {""gesture"": 0.0, ""object"": 0.0}}, ""e6"": {""services"": [""gesture"", ""object""], ""fps"": {""gesture"": 0, ""object"": 0}, ""eff_fps"": {""gesture"": 0, ""object"": 0}, ""latency_ms"": {""gesture"": 0, ""object"": 0}, ""svclat_ms"": {""gesture"": 0.0, ""object"": 0.0}}, ""e7"": {""services"": [""gesture"", ""object""], ""fps"": {""gesture"": 0, ""object"": 0}, ""eff_fps"": {""gesture"": 0, ""object"": 0}, ""latency_ms"": {""gesture"": 0, ""object"": 0}, ""svclat_ms"": {""gesture"": 0.0, ""object"": 0.0}}, ""e8"": {""services"": [""gesture"", ""object""], ""fps"": {""gesture"": 0, ""object"": 0}, ""eff_fps"": {""gesture"": 0, ""object"": 0}, ""latency_ms"": {""gesture"": 0, ""object"": 0}, ""svclat_ms"": {""gesture"": 0.0, ""object"": 0.0}}, ""e9"": {""services"": [""gesture"", ""object""], ""fps"": {""gesture"": 0, ""object"": 0}, ""eff_fps"": {""gesture"": 0, ""object"": 0}, ""latency_ms"": {""gesture"": 0, ""object"": 0}, ""svclat_ms"": {""gesture"": 0.0, ""object"": 0.0}}, ""e10"": {""services"": [""gesture"", ""object""], ""fps"": {""gesture"": 0, ""object"": 0}, ""eff_fps"": {""gesture"": 0, ""object"": 0}, ""latency_ms"": {""gesture"": 0, ""object"": 0}, ""svclat_ms"": {""gesture"": 0.0, ""object"": 0.0}}, ""e11"": {""services"": [""gesture"", ""object""], ""fps"": {""gesture"": 0, ""object"": 0}, ""eff_fps"": {""gesture"": 0, ""object"": 0}, ""latency_ms"": {""gesture"": 0, ""object"": 0}, ""svclat_ms"": {""gesture"": 0.0, ""object"": 0.0}}, ""e12"": {""services"": [""gesture"", ""object""], ""fps"": {""gesture"": 0, ""object"": 0}, ""eff_fps"": {""gesture"": 0, ""object"": 0}, ""latency_ms"": {""gesture"": 0, ""object"": 0}, ""svclat_ms"": {""gesture"": 0.0, ""object"": 0.0}}, ""e13"": {""services"": [""gesture"", ""object""], ""fps"": {""gesture"": 0, ""object"": 0}, ""eff_fps"": {""gesture"": 0, ""object"": 0}, ""latency_ms"": {""gesture"": 0, ""object"": 0}, ""svclat_ms"": {""gesture"": 0.0, ""object"": 0.0}}, ""e14"": {""services"": [""gesture"", ""object""], ""fps"": {""gesture"": 0, ""object"": 0}, ""eff_fps"": {""gesture"": 0, ""object"": 0}, ""latency_ms"": {""gesture"": 0, ""object"": 0}, ""svclat_ms"": {""gesture"": 0.0, ""object"": 0.0}}, ""e15"": {""services"": [""gesture"", ""object""], ""fps"": {""gesture"": 0, ""object"": 0}, ""eff_fps"": {""gesture"": 0, ""object"": 0}, ""latency_ms"": {""gesture"": 0, ""object"": 0}, ""svclat_ms"": {""gesture"": 0.0, ""object"": 0.0}}}"
400.7,5,5,1.0,0,0,29,9,9,1.0,785.0,300,0.382,0.0,1.8,0.0,0,30.0,30.0,0,30.0,30.0,0,0,0,0,14.69,20.51,60,"{""ip-172-31-0-204"": ""healthy"", ""ip-172-31-1-171"": ""healthy"", ""ip-172-31-10-12"": ""healthy"", ""ip-172-31-11-132"": ""healthy"", ""ip-172-31-13-134"": ""healthy"", ""ip-172-31-14-68"": ""healthy"", ""ip-172-31-40-239"": ""healthy""}",subscribe,9.5,1.0,0,0,"{""ip-172-31-0-204"": {""object"": 1, ""gesture"": 1}, ""ip-172-31-1-171"": {""object"": 1, ""gesture"": 1}, ""ip-172-31-10-12"": {""object"": 1, ""gesture"": 1}, ""ip-172-31-11-132"": {""object"": 1, ""gesture"": 1}, ""ip-172-31-13-134"": {""gesture"": 1}}","{""e4"": {""services"": [""gesture"", ""object""], ""fps"": {""gesture"": 30, ""object"": 30}, ""eff_fps"": {""gesture"": 30, ""object"": 30}, ""latency_ms"": {""gesture"": 0, ""object"": 0}, ""svclat_ms"": {""gesture"": 14.69, ""object"": 20.51}}, ""e5"": {""services"": [""gesture"", ""object""], ""fps"": {""gesture"": 0, ""object"": 0}, ""eff_fps"": {""gesture"": 0, ""object"": 0}, ""latency_ms"": {""gesture"": 0, ""object"": 0}, ""svclat_ms"": {""gesture"": 0.0, ""object"": 0.0}}, ""e6"": {""services"": [""gesture"", ""object""], ""fps"": {""gesture"": 0, ""object"": 0}, ""eff_fps"": {""gesture"": 0, ""object"": 0}, ""latency_ms"": {""gesture"": 0, ""object"": 0}, ""svclat_ms"": {""gesture"": 0.0, ""object"": 0.0}}, ""e7"": {""services"": [""gesture"", ""object""], ""fps"": {""gesture"": 0, ""object"": 0}, ""eff_fps"": {""gesture"": 0, ""object"": 0}, ""latency_ms"": {""gesture"": 0, ""object"": 0}, ""svclat_ms"": {""gesture"": 0.0, ""object"": 0.0}}, ""e8"": {""services"": [""gesture"", ""object""], ""fps"": {""gesture"": 0, ""object"": 0}, ""eff_fps"": {""gesture"": 0, ""object"": 0}, ""latency_ms"": {""gesture"": 0, ""object"": 0}, ""svclat_ms"": {""gesture"": 0.0, ""object"": 0.0}}, ""e9"": {""services"": [""gesture"", ""object""], ""fps"": {""gesture"": 0, ""object"": 0}, ""eff_fps"": {""gesture"": 0, ""object"": 0}, ""latency_ms"": {""gesture"": 0, ""object"": 0}, ""svclat_ms"": {""gesture"": 0.0, ""object"": 0.0}}, ""e10"": {""services"": [""gesture"", ""object""], ""fps"": {""gesture"": 0, ""object"": 0}, ""eff_fps"": {""gesture"": 0, ""object"": 0}, ""latency_ms"": {""gesture"": 0, ""object"": 0}, ""svclat_ms"": {""gesture"": 0.0, ""object"": 0.0}}, ""e11"": {""services"": [""gesture"", ""object""], ""fps"": {""gesture"": 0, ""object"": 0}, ""eff_fps"": {""gesture"": 0, ""object"": 0}, ""latency_ms"": {""gesture"": 0, ""object"": 0}, ""svclat_ms"": {""gesture"": 0.0, ""object"": 0.0}}, ""e12"": {""services"": [""gesture"", ""object""], ""fps"": {""gesture"": 0, ""object"": 0}, ""eff_fps"": {""gesture"": 0, ""object"": 0}, ""latency_ms"": {""gesture"": 0, ""object"": 0}, ""svclat_ms"": {""gesture"": 0.0, ""object"": 0.0}}, ""e13"": {""services"": [""gesture"", ""object""], ""fps"": {""gesture"": 0, ""object"": 0}, ""eff_fps"": {""gesture"": 0, ""object"": 0}, ""latency_ms"": {""gesture"": 0, ""object"": 0}, ""svclat_ms"": {""gesture"": 0.0, ""object"": 0.0}}, ""e14"": {""services"": [""gesture"", ""object""], ""fps"": {""gesture"": 0, ""object"": 0}, ""eff_fps"": {""gesture"": 0, ""object"": 0}, ""latency_ms"": {""gesture"": 0, ""object"": 0}, ""svclat_ms"": {""gesture"": 0.0, ""object"": 0.0}}, ""e15"": {""services"": [""gesture"", ""object""], ""fps"": {""gesture"": 0, ""object"": 0}, ""eff_fps"": {""gesture"": 0, ""object"": 0}, ""latency_ms"": {""gesture"": 0, ""object"": 0}, ""svclat_ms"": {""gesture"": 0.0, ""object"": 0.0}}}"
403.2,5,5,1.0,0,0,29,9,9,1.0,785.0,300,0.382,0.0,1.8,0.0,0,30.0,30.0,0,30.0,30.0,0,0,0,0,14.83,20.81,60,"{""ip-172-31-0-204"": ""healthy"", ""ip-172-31-1-171"": ""healthy"", ""ip-172-31-10-12"": ""healthy"", ""ip-172-31-11-132"": ""healthy"", ""ip-172-31-13-134"": ""healthy"", ""ip-172-31-14-68"": ""healthy"", ""ip-172-31-40-239"": ""healthy""}",subscribe,9.5,1.0,0,0,"{""ip-172-31-0-204"": {""object"": 1, ""gesture"": 1}, ""ip-172-31-1-171"": {""object"": 1, ""gesture"": 1}, ""ip-172-31-10-12"": {""object"": 1, ""gesture"": 1}, ""ip-172-31-11-132"": {""object"": 1, ""gesture"": 1}, ""ip-172-31-13-134"": {""gesture"": 1}}","{""e4"": {""services"": [""gesture"", ""object""], ""fps"": {""gesture"": 30, ""object"": 30}, ""eff_fps"": {""gesture"": 30, ""object"": 30}, ""latency_ms"": {""gesture"": 0, ""object"": 0}, ""svclat_ms"": {""gesture"": 14.83, ""object"": 20.81}}, ""e5"": {""services"": [""gesture"", ""object""], ""fps"": {""gesture"": 0, ""object"": 0}, ""eff_fps"": {""gesture"": 0, ""object"": 0}, ""latency_ms"": {""gesture"": 0, ""object"": 0}, ""svclat_ms"": {""gesture"": 0.0, ""object"": 0.0}}, ""e6"": {""services"": [""gesture"", ""object""], ""fps"": {""gesture"": 0, ""object"": 0}, ""eff_fps"": {""gesture"": 0, ""object"": 0}, ""latency_ms"": {""gesture"": 0, ""object"": 0}, ""svclat_ms"": {""gesture"": 0.0, ""object"": 0.0}}, ""e7"": {""services"": [""gesture"", ""object""], ""fps"": {""gesture"": 0, ""object"": 0}, ""eff_fps"": {""gesture"": 0, ""object"": 0}, ""latency_ms"": {""gesture"": 0, ""object"": 0}, ""svclat_ms"": {""gesture"": 0.0, ""object"": 0.0}}, ""e8"": {""services"": [""gesture"", ""object""], ""fps"": {""gesture"": 0, ""object"": 0}, ""eff_fps"": {""gesture"": 0, ""object"": 0}, ""latency_ms"": {""gesture"": 0, ""object"": 0}, ""svclat_ms"": {""gesture"": 0.0, ""object"": 0.0}}, ""e9"": {""services"": [""gesture"", ""object""], ""fps"": {""gesture"": 0, ""object"": 0}, ""eff_fps"": {""gesture"": 0, ""object"": 0}, ""latency_ms"": {""gesture"": 0, ""object"": 0}, ""svclat_ms"": {""gesture"": 0.0, ""object"": 0.0}}, ""e10"": {""services"": [""gesture"", ""object""], ""fps"": {""gesture"": 0, ""object"": 0}, ""eff_fps"": {""gesture"": 0, ""object"": 0}, ""latency_ms"": {""gesture"": 0, ""object"": 0}, ""svclat_ms"": {""gesture"": 0.0, ""object"": 0.0}}, ""e11"": {""services"": [""gesture"", ""object""], ""fps"": {""gesture"": 0, ""object"": 0}, ""eff_fps"": {""gesture"": 0, ""object"": 0}, ""latency_ms"": {""gesture"": 0, ""object"": 0}, ""svclat_ms"": {""gesture"": 0.0, ""object"": 0.0}}, ""e12"": {""services"": [""gesture"", ""object""], ""fps"": {""gesture"": 0, ""object"": 0}, ""eff_fps"": {""gesture"": 0, ""object"": 0}, ""latency_ms"": {""gesture"": 0, ""object"": 0}, ""svclat_ms"": {""gesture"": 0.0, ""object"": 0.0}}, ""e13"": {""services"": [""gesture"", ""object""], ""fps"": {""gesture"": 0, ""object"": 0}, ""eff_fps"": {""gesture"": 0, ""object"": 0}, ""latency_ms"": {""gesture"": 0, ""object"": 0}, ""svclat_ms"": {""gesture"": 0.0, ""object"": 0.0}}, ""e14"": {""services"": [""gesture"", ""object""], ""fps"": {""gesture"": 0, ""object"": 0}, ""eff_fps"": {""gesture"": 0, ""object"": 0}, ""latency_ms"": {""gesture"": 0, ""object"": 0}, ""svclat_ms"": {""gesture"": 0.0, ""object"": 0.0}}, ""e15"": {""services"": [""gesture"", ""object""], ""fps"": {""gesture"": 0, ""object"": 0}, ""eff_fps"": {""gesture"": 0, ""object"": 0}, ""latency_ms"": {""gesture"": 0, ""object"": 0}, ""svclat_ms"": {""gesture"": 0.0, ""object"": 0.0}}}"
405.6,5,5,1.0,0,0,29,9,9,1.0,785.0,300,0.382,0.0,1.8,0.0,0,30.0,30.0,0,30.0,30.0,0,0,0,0,14.77,20.69,60,"{""ip-172-31-0-204"": ""healthy"", ""ip-172-31-1-171"": ""healthy"", ""ip-172-31-10-12"": ""healthy"", ""ip-172-31-11-132"": ""healthy"", ""ip-172-31-13-134"": ""healthy"", ""ip-172-31-14-68"": ""healthy"", ""ip-172-31-40-239"": ""healthy""}",subscribe,9.5,1.0,0,0,"{""ip-172-31-0-204"": {""object"": 1, ""gesture"": 1}, ""ip-172-31-1-171"": {""object"": 1, ""gesture"": 1}, ""ip-172-31-10-12"": {""object"": 1, ""gesture"": 1}, ""ip-172-31-11-132"": {""object"": 1, ""gesture"": 1}, ""ip-172-31-13-134"": {""gesture"": 1}}","{""e4"": {""services"": [""gesture"", ""object""], ""fps"": {""gesture"": 30, ""object"": 30}, ""eff_fps"": {""gesture"": 30, ""object"": 30}, ""latency_ms"": {""gesture"": 0, ""object"": 0}, ""svclat_ms"": {""gesture"": 14.77, ""object"": 20.69}}, ""e5"": {""services"": [""gesture"", ""object""], ""fps"": {""gesture"": 0, ""object"": 0}, ""eff_fps"": {""gesture"": 0, ""object"": 0}, ""latency_ms"": {""gesture"": 0, ""object"": 0}, ""svclat_ms"": {""gesture"": 0.0, ""object"": 0.0}}, ""e6"": {""services"": [""gesture"", ""object""], ""fps"": {""gesture"": 0, ""object"": 0}, ""eff_fps"": {""gesture"": 0, ""object"": 0}, ""latency_ms"": {""gesture"": 0, ""object"": 0}, ""svclat_ms"": {""gesture"": 0.0, ""object"": 0.0}}, ""e7"": {""services"": [""gesture"", ""object""], ""fps"": {""gesture"": 0, ""object"": 0}, ""eff_fps"": {""gesture"": 0, ""object"": 0}, ""latency_ms"": {""gesture"": 0, ""object"": 0}, ""svclat_ms"": {""gesture"": 0.0, ""object"": 0.0}}, ""e8"": {""services"": [""gesture"", ""object""], ""fps"": {""gesture"": 0, ""object"": 0}, ""eff_fps"": {""gesture"": 0, ""object"": 0}, ""latency_ms"": {""gesture"": 0, ""object"": 0}, ""svclat_ms"": {""gesture"": 0.0, ""object"": 0.0}}, ""e9"": {""services"": [""gesture"", ""object""], ""fps"": {""gesture"": 0, ""object"": 0}, ""eff_fps"": {""gesture"": 0, ""object"": 0}, ""latency_ms"": {""gesture"": 0, ""object"": 0}, ""svclat_ms"": {""gesture"": 0.0, ""object"": 0.0}}, ""e10"": {""services"": [""gesture"", ""object""], ""fps"": {""gesture"": 0, ""object"": 0}, ""eff_fps"": {""gesture"": 0, ""object"": 0}, ""latency_ms"": {""gesture"": 0, ""object"": 0}, ""svclat_ms"": {""gesture"": 0.0, ""object"": 0.0}}, ""e11"": {""services"": [""gesture"", ""object""], ""fps"": {""gesture"": 0, ""object"": 0}, ""eff_fps"": {""gesture"": 0, ""object"": 0}, ""latency_ms"": {""gesture"": 0, ""object"": 0}, ""svclat_ms"": {""gesture"": 0.0, ""object"": 0.0}}, ""e12"": {""services"": [""gesture"", ""object""], ""fps"": {""gesture"": 0, ""object"": 0}, ""eff_fps"": {""gesture"": 0, ""object"": 0}, ""latency_ms"": {""gesture"": 0, ""object"": 0}, ""svclat_ms"": {""gesture"": 0.0, ""object"": 0.0}}, ""e13"": {""services"": [""gesture"", ""object""], ""fps"": {""gesture"": 0, ""object"": 0}, ""eff_fps"": {""gesture"": 0, ""object"": 0}, ""latency_ms"": {""gesture"": 0, ""object"": 0}, ""svclat_ms"": {""gesture"": 0.0, ""object"": 0.0}}, ""e14"": {""services"": [""gesture"", ""object""], ""fps"": {""gesture"": 0, ""object"": 0}, ""eff_fps"": {""gesture"": 0, ""object"": 0}, ""latency_ms"": {""gesture"": 0, ""object"": 0}, ""svclat_ms"": {""gesture"": 0.0, ""object"": 0.0}}, ""e15"": {""services"": [""gesture"", ""object""], ""fps"": {""gesture"": 0, ""object"": 0}, ""eff_fps"": {""gesture"": 0, ""object"": 0}, ""latency_ms"": {""gesture"": 0, ""object"": 0}, ""svclat_ms"": {""gesture"": 0.0, ""object"": 0.0}}}"
409.9,5,5,1.0,0,0,29,9,9,1.0,785.0,300,0.382,0.0,1.8,0.0,0,30.0,30.0,0,30.0,30.0,0,0,0,0,14.6,20.57,60,"{""ip-172-31-0-204"": ""healthy"", ""ip-172-31-1-171"": ""healthy"", ""ip-172-31-10-12"": ""healthy"", ""ip-172-31-11-132"": ""healthy"", ""ip-172-31-13-134"": ""healthy"", ""ip-172-31-14-68"": ""healthy"", ""ip-172-31-40-239"": ""healthy""}",subscribe,9.5,1.0,0,0,"{""ip-172-31-0-204"": {""object"": 1, ""gesture"": 1}, ""ip-172-31-1-171"": {""object"": 1, ""gesture"": 1}, ""ip-172-31-10-12"": {""object"": 1, ""gesture"": 1}, ""ip-172-31-11-132"": {""object"": 1, ""gesture"": 1}, ""ip-172-31-13-134"": {""gesture"": 1}}","{""e4"": {""services"": [""gesture"", ""object""], ""fps"": {""gesture"": 30, ""object"": 30}, ""eff_fps"": {""gesture"": 30, ""object"": 30}, ""latency_ms"": {""gesture"": 0, ""object"": 0}, ""svclat_ms"": {""gesture"": 14.6, ""object"": 20.57}}, ""e5"": {""services"": [""gesture"", ""object""], ""fps"": {""gesture"": 0, ""object"": 0}, ""eff_fps"": {""gesture"": 0, ""object"": 0}, ""latency_ms"": {""gesture"": 0, ""object"": 0}, ""svclat_ms"": {""gesture"": 0.0, ""object"": 0.0}}, ""e6"": {""services"": [""gesture"", ""object""], ""fps"": {""gesture"": 0, ""object"": 0}, ""eff_fps"": {""gesture"": 0, ""object"": 0}, ""latency_ms"": {""gesture"": 0, ""object"": 0}, ""svclat_ms"": {""gesture"": 0.0, ""object"": 0.0}}, ""e7"": {""services"": [""gesture"", ""object""], ""fps"": {""gesture"": 0, ""object"": 0}, ""eff_fps"": {""gesture"": 0, ""object"": 0}, ""latency_ms"": {""gesture"": 0, ""object"": 0}, ""svclat_ms"": {""gesture"": 0.0, ""object"": 0.0}}, ""e8"": {""services"": [""gesture"", ""object""], ""fps"": {""gesture"": 0, ""object"": 0}, ""eff_fps"": {""gesture"": 0, ""object"": 0}, ""latency_ms"": {""gesture"": 0, ""object"": 0}, ""svclat_ms"": {""gesture"": 0.0, ""object"": 0.0}}, ""e9"": {""services"": [""gesture"", ""object""], ""fps"": {""gesture"": 0, ""object"": 0}, ""eff_fps"": {""gesture"": 0, ""object"": 0}, ""latency_ms"": {""gesture"": 0, ""object"": 0}, ""svclat_ms"": {""gesture"": 0.0, ""object"": 0.0}}, ""e10"": {""services"": [""gesture"", ""object""], ""fps"": {""gesture"": 0, ""object"": 0}, ""eff_fps"": {""gesture"": 0, ""object"": 0}, ""latency_ms"": {""gesture"": 0, ""object"": 0}, ""svclat_ms"": {""gesture"": 0.0, ""object"": 0.0}}, ""e11"": {""services"": [""gesture"", ""object""], ""fps"": {""gesture"": 0, ""object"": 0}, ""eff_fps"": {""gesture"": 0, ""object"": 0}, ""latency_ms"": {""gesture"": 0, ""object"": 0}, ""svclat_ms"": {""gesture"": 0.0, ""object"": 0.0}}, ""e12"": {""services"": [""gesture"", ""object""], ""fps"": {""gesture"": 0, ""object"": 0}, ""eff_fps"": {""gesture"": 0, ""object"": 0}, ""latency_ms"": {""gesture"": 0, ""object"": 0}, ""svclat_ms"": {""gesture"": 0.0, ""object"": 0.0}}, ""e13"": {""services"": [""gesture"", ""object""], ""fps"": {""gesture"": 0, ""object"": 0}, ""eff_fps"": {""gesture"": 0, ""object"": 0}, ""latency_ms"": {""gesture"": 0, ""object"": 0}, ""svclat_ms"": {""gesture"": 0.0, ""object"": 0.0}}, ""e14"": {""services"": [""gesture"", ""object""], ""fps"": {""gesture"": 0, ""object"": 0}, ""eff_fps"": {""gesture"": 0, ""object"": 0}, ""latency_ms"": {""gesture"": 0, ""object"": 0}, ""svclat_ms"": {""gesture"": 0.0, ""object"": 0.0}}, ""e15"": {""services"": [""gesture"", ""object""], ""fps"": {""gesture"": 0, ""object"": 0}, ""eff_fps"": {""gesture"": 0, ""object"": 0}, ""latency_ms"": {""gesture"": 0, ""object"": 0}, ""svclat_ms"": {""gesture"": 0.0, ""object"": 0.0}}}"
414.1,5,5,1.0,1,0,30,10,10,1.0,840.0,300,0.357,0.0,2.0,0.0,0,30.0,30.0,0,30.0,30.0,0,0,0,0,14.96,20.8,60,"{""ip-172-31-0-204"": ""healthy"", ""ip-172-31-1-171"": ""healthy"", ""ip-172-31-10-12"": ""healthy"", ""ip-172-31-11-132"": ""healthy"", ""ip-172-31-13-134"": ""healthy"", ""ip-172-31-14-68"": ""healthy"", ""ip-172-31-40-239"": ""healthy""}",unsubscribe,12.5,1.0,0,0,"{""ip-172-31-0-204"": {""object"": 1, ""gesture"": 1}, ""ip-172-31-1-171"": {""object"": 1, ""gesture"": 1}, ""ip-172-31-10-12"": {""object"": 1, ""gesture"": 1}, ""ip-172-31-11-132"": {""object"": 1, ""gesture"": 1}, ""ip-172-31-13-134"": {""gesture"": 1, ""object"": 1}}","{""e4"": {""services"": [""gesture"", ""object""], ""fps"": {""gesture"": 30, ""object"": 30}, ""eff_fps"": {""gesture"": 30, ""object"": 30}, ""latency_ms"": {""gesture"": 0, ""object"": 0}, ""svclat_ms"": {""gesture"": 14.96, ""object"": 20.8}}, ""e5"": {""services"": [""gesture"", ""object""], ""fps"": {""gesture"": 0, ""object"": 0}, ""eff_fps"": {""gesture"": 0, ""object"": 0}, ""latency_ms"": {""gesture"": 0, ""object"": 0}, ""svclat_ms"": {""gesture"": 0.0, ""object"": 0.0}}, ""e6"": {""services"": [""gesture"", ""object""], ""fps"": {""gesture"": 0, ""object"": 0}, ""eff_fps"": {""gesture"": 0, ""object"": 0}, ""latency_ms"": {""gesture"": 0, ""object"": 0}, ""svclat_ms"": {""gesture"": 0.0, ""object"": 0.0}}, ""e7"": {""services"": [""gesture"", ""object""], ""fps"": {""gesture"": 0, ""object"": 0}, ""eff_fps"": {""gesture"": 0, ""object"": 0}, ""latency_ms"": {""gesture"": 0, ""object"": 0}, ""svclat_ms"": {""gesture"": 0.0, ""object"": 0.0}}, ""e8"": {""services"": [""gesture"", ""object""], ""fps"": {""gesture"": 0, ""object"": 0}, ""eff_fps"": {""gesture"": 0, ""object"": 0}, ""latency_ms"": {""gesture"": 0, ""object"": 0}, ""svclat_ms"": {""gesture"": 0.0, ""object"": 0.0}}, ""e9"": {""services"": [""gesture"", ""object""], ""fps"": {""gesture"": 0, ""object"": 0}, ""eff_fps"": {""gesture"": 0, ""object"": 0}, ""latency_ms"": {""gesture"": 0, ""object"": 0}, ""svclat_ms"": {""gesture"": 0.0, ""object"": 0.0}}, ""e10"": {""services"": [""gesture"", ""object""], ""fps"": {""gesture"": 0, ""object"": 0}, ""eff_fps"": {""gesture"": 0, ""object"": 0}, ""latency_ms"": {""gesture"": 0, ""object"": 0}, ""svclat_ms"": {""gesture"": 0.0, ""object"": 0.0}}, ""e11"": {""services"": [""gesture"", ""object""], ""fps"": {""gesture"": 0, ""object"": 0}, ""eff_fps"": {""gesture"": 0, ""object"": 0}, ""latency_ms"": {""gesture"": 0, ""object"": 0}, ""svclat_ms"": {""gesture"": 0.0, ""object"": 0.0}}, ""e12"": {""services"": [""gesture"", ""object""], ""fps"": {""gesture"": 0, ""object"": 0}, ""eff_fps"": {""gesture"": 0, ""object"": 0}, ""latency_ms"": {""gesture"": 0, ""object"": 0}, ""svclat_ms"": {""gesture"": 0.0, ""object"": 0.0}}, ""e13"": {""services"": [""gesture"", ""object""], ""fps"": {""gesture"": 0, ""object"": 0}, ""eff_fps"": {""gesture"": 0, ""object"": 0}, ""latency_ms"": {""gesture"": 0, ""object"": 0}, ""svclat_ms"": {""gesture"": 0.0, ""object"": 0.0}}, ""e14"": {""services"": [""gesture"", ""object""], ""fps"": {""gesture"": 0, ""object"": 0}, ""eff_fps"": {""gesture"": 0, ""object"": 0}, ""latency_ms"": {""gesture"": 0, ""object"": 0}, ""svclat_ms"": {""gesture"": 0.0, ""object"": 0.0}}, ""e15"": {""services"": [""gesture"", ""object""], ""fps"": {""gesture"": 0, ""object"": 0}, ""eff_fps"": {""gesture"": 0, ""object"": 0}, ""latency_ms"": {""gesture"": 0, ""object"": 0}, ""svclat_ms"": {""gesture"": 0.0, ""object"": 0.0}}}"
418.6,5,5,1.0,0,0,30,10,10,1.0,840.0,300,0.357,0.0,2.0,0.0,0,0,0,0,0,0,0,0,0,0,0,0,0,"{""ip-172-31-0-204"": ""healthy"", ""ip-172-31-1-171"": ""healthy"", ""ip-172-31-10-12"": ""healthy"", ""ip-172-31-11-132"": ""healthy"", ""ip-172-31-13-134"": ""healthy"", ""ip-172-31-14-68"": ""healthy"", ""ip-172-31-40-239"": ""healthy""}",subscribe,9.5,1.0,0,0,"{""ip-172-31-0-204"": {""object"": 1, ""gesture"": 1}, ""ip-172-31-1-171"": {""object"": 1, ""gesture"": 1}, ""ip-172-31-10-12"": {""object"": 1, ""gesture"": 1}, ""ip-172-31-11-132"": {""object"": 1, ""gesture"": 1}, ""ip-172-31-13-134"": {""gesture"": 1, ""object"": 1}}","{""e5"": {""services"": [""gesture"", ""object""], ""fps"": {""gesture"": 0, ""object"": 0}, ""eff_fps"": {""gesture"": 0, ""object"": 0}, ""latency_ms"": {""gesture"": 0, ""object"": 0}, ""svclat_ms"": {""gesture"": 0.0, ""object"": 0.0}}, ""e6"": {""services"": [""gesture"", ""object""], ""fps"": {""gesture"": 0, ""object"": 0}, ""eff_fps"": {""gesture"": 0, ""object"": 0}, ""latency_ms"": {""gesture"": 0, ""object"": 0}, ""svclat_ms"": {""gesture"": 0.0, ""object"": 0.0}}, ""e7"": {""services"": [""gesture"", ""object""], ""fps"": {""gesture"": 0, ""object"": 0}, ""eff_fps"": {""gesture"": 0, ""object"": 0}, ""latency_ms"": {""gesture"": 0, ""object"": 0}, ""svclat_ms"": {""gesture"": 0.0, ""object"": 0.0}}, ""e8"": {""services"": [""gesture"", ""object""], ""fps"": {""gesture"": 0, ""object"": 0}, ""eff_fps"": {""gesture"": 0, ""object"": 0}, ""latency_ms"": {""gesture"": 0, ""object"": 0}, ""svclat_ms"": {""gesture"": 0.0, ""object"": 0.0}}, ""e9"": {""services"": [""gesture"", ""object""], ""fps"": {""gesture"": 0, ""object"": 0}, ""eff_fps"": {""gesture"": 0, ""object"": 0}, ""latency_ms"": {""gesture"": 0, ""object"": 0}, ""svclat_ms"": {""gesture"": 0.0, ""object"": 0.0}}, ""e10"": {""services"": [""gesture"", ""object""], ""fps"": {""gesture"": 0, ""object"": 0}, ""eff_fps"": {""gesture"": 0, ""object"": 0}, ""latency_ms"": {""gesture"": 0, ""object"": 0}, ""svclat_ms"": {""gesture"": 0.0, ""object"": 0.0}}, ""e11"": {""services"": [""gesture"", ""object""], ""fps"": {""gesture"": 0, ""object"": 0}, ""eff_fps"": {""gesture"": 0, ""object"": 0}, ""latency_ms"": {""gesture"": 0, ""object"": 0}, ""svclat_ms"": {""gesture"": 0.0, ""object"": 0.0}}, ""e12"": {""services"": [""gesture"", ""object""], ""fps"": {""gesture"": 0, ""object"": 0}, ""eff_fps"": {""gesture"": 0, ""object"": 0}, ""latency_ms"": {""gesture"": 0, ""object"": 0}, ""svclat_ms"": {""gesture"": 0.0, ""object"": 0.0}}, ""e13"": {""services"": [""gesture"", ""object""], ""fps"": {""gesture"": 0, ""object"": 0}, ""eff_fps"": {""gesture"": 0, ""object"": 0}, ""latency_ms"": {""gesture"": 0, ""object"": 0}, ""svclat_ms"": {""gesture"": 0.0, ""object"": 0.0}}, ""e14"": {""services"": [""gesture"", ""object""], ""fps"": {""gesture"": 0, ""object"": 0}, ""eff_fps"": {""gesture"": 0, ""object"": 0}, ""latency_ms"": {""gesture"": 0, ""object"": 0}, ""svclat_ms"": {""gesture"": 0.0, ""object"": 0.0}}, ""e15"": {""services"": [""gesture"", ""object""], ""fps"": {""gesture"": 0, ""object"": 0}, ""eff_fps"": {""gesture"": 0, ""object"": 0}, ""latency_ms"": {""gesture"": 0, ""object"": 0}, ""svclat_ms"": {""gesture"": 0.0, ""object"": 0.0}}}"
421.1,6,5,0.833,0,0,30,10,10,1.0,840.0,300,0.357,0.0,2.0,0.0,0,30.0,30.0,0,30.0,30.0,0,0,0,0,15.78,20.26,240,"{""ip-172-31-0-204"": ""healthy"", ""ip-172-31-1-171"": ""healthy"", ""ip-172-31-10-12"": ""healthy"", ""ip-172-31-11-132"": ""healthy"", ""ip-172-31-13-134"": ""healthy"", ""ip-172-31-14-68"": ""healthy"", ""ip-172-31-40-239"": ""healthy""}",unsubscribe,12.0,1.0,0,0,"{""ip-172-31-0-204"": {""object"": 1, ""gesture"": 1}, ""ip-172-31-1-171"": {""object"": 1, ""gesture"": 1}, ""ip-172-31-10-12"": {""object"": 1, ""gesture"": 1}, ""ip-172-31-11-132"": {""object"": 1, ""gesture"": 1}, ""ip-172-31-13-134"": {""gesture"": 1, ""object"": 1}}","{""e5"": {""services"": [""gesture"", ""object""], ""fps"": {""gesture"": 30, ""object"": 30}, ""eff_fps"": {""gesture"": 30, ""object"": 30}, ""latency_ms"": {""gesture"": 0, ""object"": 0}, ""svclat_ms"": {""gesture"": 15.89, ""object"": 21.62}}, ""e6"": {""services"": [""gesture"", ""object""], ""fps"": {""gesture"": 30, ""object"": 30}, ""eff_fps"": {""gesture"": 30, ""object"": 30}, ""latency_ms"": {""gesture"": 0, ""object"": 0}, ""svclat_ms"": {""gesture"": 14.7, ""object"": 20.57}}, ""e7"": {""services"": [""gesture"", ""object""], ""fps"": {""gesture"": 30, ""object"": 30}, ""eff_fps"": {""gesture"": 30, ""object"": 30}, ""latency_ms"": {""gesture"": 0, ""object"": 0}, ""svclat_ms"": {""gesture"": 17.29, ""object"": 21.66}}, ""e8"": {""services"": [""gesture"", ""object""], ""fps"": {""gesture"": 30, ""object"": 30}, ""eff_fps"": {""gesture"": 30, ""object"": 30}, ""latency_ms"": {""gesture"": 0, ""object"": 0}, ""svclat_ms"": {""gesture"": 15.24, ""object"": 17.18}}, ""e9"": {""services"": [""gesture"", ""object""], ""fps"": {""gesture"": 0, ""object"": 0}, ""eff_fps"": {""gesture"": 0, ""object"": 0}, ""latency_ms"": {""gesture"": 0, ""object"": 0}, ""svclat_ms"": {""gesture"": 0.0, ""object"": 0.0}}, ""e10"": {""services"": [""gesture"", ""object""], ""fps"": {""gesture"": 0, ""object"": 0}, ""eff_fps"": {""gesture"": 0, ""object"": 0}, ""latency_ms"": {""gesture"": 0, ""object"": 0}, ""svclat_ms"": {""gesture"": 0.0, ""object"": 0.0}}, ""e11"": {""services"": [""gesture"", ""object""], ""fps"": {""gesture"": 0, ""object"": 0}, ""eff_fps"": {""gesture"": 0, ""object"": 0}, ""latency_ms"": {""gesture"": 0, ""object"": 0}, ""svclat_ms"": {""gesture"": 0.0, ""object"": 0.0}}, ""e12"": {""services"": [""gesture"", ""object""], ""fps"": {""gesture"": 0, ""object"": 0}, ""eff_fps"": {""gesture"": 0, ""object"": 0}, ""latency_ms"": {""gesture"": 0, ""object"": 0}, ""svclat_ms"": {""gesture"": 0.0, ""object"": 0.0}}, ""e13"": {""services"": [""gesture"", ""object""], ""fps"": {""gesture"": 0, ""object"": 0}, ""eff_fps"": {""gesture"": 0, ""object"": 0}, ""latency_ms"": {""gesture"": 0, ""object"": 0}, ""svclat_ms"": {""gesture"": 0.0, ""object"": 0.0}}, ""e14"": {""services"": [""gesture"", ""object""], ""fps"": {""gesture"": 0, ""object"": 0}, ""eff_fps"": {""gesture"": 0, ""object"": 0}, ""latency_ms"": {""gesture"": 0, ""object"": 0}, ""svclat_ms"": {""gesture"": 0.0, ""object"": 0.0}}, ""e15"": {""services"": [""gesture"", ""object""], ""fps"": {""gesture"": 0, ""object"": 0}, ""eff_fps"": {""gesture"": 0, ""object"": 0}, ""latency_ms"": {""gesture"": 0, ""object"": 0}, ""svclat_ms"": {""gesture"": 0.0, ""object"": 0.0}}}"
423.5,6,5,0.833,0,0,30,10,10,1.0,840.0,300,0.357,0.0,2.0,0.0,0,30.0,30.0,0,30.0,30.0,0,0,0,0,15.45,19.91,240,"{""ip-172-31-0-204"": ""healthy"", ""ip-172-31-1-171"": ""healthy"", ""ip-172-31-10-12"": ""healthy"", ""ip-172-31-11-132"": ""healthy"", ""ip-172-31-13-134"": ""healthy"", ""ip-172-31-14-68"": ""healthy"", ""ip-172-31-40-239"": ""healthy""}",unsubscribe,12.0,1.0,0,0,"{""ip-172-31-0-204"": {""object"": 1, ""gesture"": 1}, ""ip-172-31-1-171"": {""object"": 1, ""gesture"": 1}, ""ip-172-31-10-12"": {""object"": 1, ""gesture"": 1}, ""ip-172-31-11-132"": {""object"": 1, ""gesture"": 1}, ""ip-172-31-13-134"": {""gesture"": 1, ""object"": 1}}","{""e5"": {""services"": [""gesture"", ""object""], ""fps"": {""gesture"": 30, ""object"": 30}, ""eff_fps"": {""gesture"": 30, ""object"": 30}, ""latency_ms"": {""gesture"": 0, ""object"": 0}, ""svclat_ms"": {""gesture"": 16.19, ""object"": 21.12}}, ""e6"": {""services"": [""gesture"", ""object""], ""fps"": {""gesture"": 30, ""object"": 30}, ""eff_fps"": {""gesture"": 30, ""object"": 30}, ""latency_ms"": {""gesture"": 0, ""object"": 0}, ""svclat_ms"": {""gesture"": 15.01, ""object"": 21.0}}, ""e7"": {""services"": [""gesture"", ""object""], ""fps"": {""gesture"": 30, ""object"": 30}, ""eff_fps"": {""gesture"": 30, ""object"": 30}, ""latency_ms"": {""gesture"": 0, ""object"": 0}, ""svclat_ms"": {""gesture"": 15.67, ""object"": 20.36}}, ""e8"": {""services"": [""gesture"", ""object""], ""fps"": {""gesture"": 30, ""object"": 30}, ""eff_fps"": {""gesture"": 30, ""object"": 30}, ""latency_ms"": {""gesture"": 0, ""object"": 0}, ""svclat_ms"": {""gesture"": 14.91, ""object"": 17.16}}, ""e9"": {""services"": [""gesture"", ""object""], ""fps"": {""gesture"": 0, ""object"": 0}, ""eff_fps"": {""gesture"": 0, ""object"": 0}, ""latency_ms"": {""gesture"": 0, ""object"": 0}, ""svclat_ms"": {""gesture"": 0.0, ""object"": 0.0}}, ""e10"": {""services"": [""gesture"", ""object""], ""fps"": {""gesture"": 0, ""object"": 0}, ""eff_fps"": {""gesture"": 0, ""object"": 0}, ""latency_ms"": {""gesture"": 0, ""object"": 0}, ""svclat_ms"": {""gesture"": 0.0, ""object"": 0.0}}, ""e11"": {""services"": [""gesture"", ""object""], ""fps"": {""gesture"": 0, ""object"": 0}, ""eff_fps"": {""gesture"": 0, ""object"": 0}, ""latency_ms"": {""gesture"": 0, ""object"": 0}, ""svclat_ms"": {""gesture"": 0.0, ""object"": 0.0}}, ""e12"": {""services"": [""gesture"", ""object""], ""fps"": {""gesture"": 0, ""object"": 0}, ""eff_fps"": {""gesture"": 0, ""object"": 0}, ""latency_ms"": {""gesture"": 0, ""object"": 0}, ""svclat_ms"": {""gesture"": 0.0, ""object"": 0.0}}, ""e13"": {""services"": [""gesture"", ""object""], ""fps"": {""gesture"": 0, ""object"": 0}, ""eff_fps"": {""gesture"": 0, ""object"": 0}, ""latency_ms"": {""gesture"": 0, ""object"": 0}, ""svclat_ms"": {""gesture"": 0.0, ""object"": 0.0}}, ""e14"": {""services"": [""gesture"", ""object""], ""fps"": {""gesture"": 0, ""object"": 0}, ""eff_fps"": {""gesture"": 0, ""object"": 0}, ""latency_ms"": {""gesture"": 0, ""object"": 0}, ""svclat_ms"": {""gesture"": 0.0, ""object"": 0.0}}, ""e15"": {""services"": [""gesture"", ""object""], ""fps"": {""gesture"": 0, ""object"": 0}, ""eff_fps"": {""gesture"": 0, ""object"": 0}, ""latency_ms"": {""gesture"": 0, ""object"": 0}, ""svclat_ms"": {""gesture"": 0.0, ""object"": 0.0}}}"
425.9,6,5,0.833,0,0,30,10,10,1.0,840.0,300,0.357,0.0,2.0,0.0,0,30.0,30.0,0,30.0,30.0,0,0,0,0,15.16,19.54,240,"{""ip-172-31-0-204"": ""healthy"", ""ip-172-31-1-171"": ""healthy"", ""ip-172-31-10-12"": ""healthy"", ""ip-172-31-11-132"": ""healthy"", ""ip-172-31-13-134"": ""healthy"", ""ip-172-31-14-68"": ""healthy"", ""ip-172-31-40-239"": ""healthy""}",unsubscribe,12.0,1.0,0,0,"{""ip-172-31-0-204"": {""object"": 1, ""gesture"": 1}, ""ip-172-31-1-171"": {""object"": 1, ""gesture"": 1}, ""ip-172-31-10-12"": {""object"": 1, ""gesture"": 1}, ""ip-172-31-11-132"": {""object"": 1, ""gesture"": 1}, ""ip-172-31-13-134"": {""gesture"": 1, ""object"": 1}}","{""e5"": {""services"": [""gesture"", ""object""], ""fps"": {""gesture"": 30, ""object"": 30}, ""eff_fps"": {""gesture"": 30, ""object"": 30}, ""latency_ms"": {""gesture"": 0, ""object"": 0}, ""svclat_ms"": {""gesture"": 15.54, ""object"": 20.86}}, ""e6"": {""services"": [""gesture"", ""object""], ""fps"": {""gesture"": 30, ""object"": 30}, ""eff_fps"": {""gesture"": 30, ""object"": 30}, ""latency_ms"": {""gesture"": 0, ""object"": 0}, ""svclat_ms"": {""gesture"": 14.86, ""object"": 20.54}}, ""e7"": {""services"": [""gesture"", ""object""], ""fps"": {""gesture"": 30, ""object"": 30}, ""eff_fps"": {""gesture"": 30, ""object"": 30}, ""latency_ms"": {""gesture"": 0, ""object"": 0}, ""svclat_ms"": {""gesture"": 15.05, ""object"": 19.47}}, ""e8"": {""services"": [""gesture"", ""object""], ""fps"": {""gesture"": 30, ""object"": 30}, ""eff_fps"": {""gesture"": 30, ""object"": 30}, ""latency_ms"": {""gesture"": 0, ""object"": 0}, ""svclat_ms"": {""gesture"": 15.2, ""object"": 17.27}}, ""e9"": {""services"": [""gesture"", ""object""], ""fps"": {""gesture"": 0, ""object"": 0}, ""eff_fps"": {""gesture"": 0, ""object"": 0}, ""latency_ms"": {""gesture"": 0, ""object"": 0}, ""svclat_ms"": {""gesture"": 0.0, ""object"": 0.0}}, ""e10"": {""services"": [""gesture"", ""object""], ""fps"": {""gesture"": 0, ""object"": 0}, ""eff_fps"": {""gesture"": 0, ""object"": 0}, ""latency_ms"": {""gesture"": 0, ""object"": 0}, ""svclat_ms"": {""gesture"": 0.0, ""object"": 0.0}}, ""e11"": {""services"": [""gesture"", ""object""], ""fps"": {""gesture"": 0, ""object"": 0}, ""eff_fps"": {""gesture"": 0, ""object"": 0}, ""latency_ms"": {""gesture"": 0, ""object"": 0}, ""svclat_ms"": {""gesture"": 0.0, ""object"": 0.0}}, ""e12"": {""services"": [""gesture"", ""object""], ""fps"": {""gesture"": 0, ""object"": 0}, ""eff_fps"": {""gesture"": 0, ""object"": 0}, ""latency_ms"": {""gesture"": 0, ""object"": 0}, ""svclat_ms"": {""gesture"": 0.0, ""object"": 0.0}}, ""e13"": {""services"": [""gesture"", ""object""], ""fps"": {""gesture"": 0, ""object"": 0}, ""eff_fps"": {""gesture"": 0, ""object"": 0}, ""latency_ms"": {""gesture"": 0, ""object"": 0}, ""svclat_ms"": {""gesture"": 0.0, ""object"": 0.0}}, ""e14"": {""services"": [""gesture"", ""object""], ""fps"": {""gesture"": 0, ""object"": 0}, ""eff_fps"": {""gesture"": 0, ""object"": 0}, ""latency_ms"": {""gesture"": 0, ""object"": 0}, ""svclat_ms"": {""gesture"": 0.0, ""object"": 0.0}}, ""e15"": {""services"": [""gesture"", ""object""], ""fps"": {""gesture"": 0, ""object"": 0}, ""eff_fps"": {""gesture"": 0, ""object"": 0}, ""latency_ms"": {""gesture"": 0, ""object"": 0}, ""svclat_ms"": {""gesture"": 0.0, ""object"": 0.0}}}"
429.4,6,5,0.833,0,0,30,10,10,1.0,840.0,300,0.357,0.0,2.0,0.0,0,30.0,30.0,0,30.0,30.0,0,0,0,0,15.15,19.84,300,"{""ip-172-31-0-204"": ""healthy"", ""ip-172-31-1-171"": ""healthy"", ""ip-172-31-10-12"": ""healthy"", ""ip-172-31-11-132"": ""healthy"", ""ip-172-31-13-134"": ""healthy"", ""ip-172-31-14-68"": ""healthy"", ""ip-172-31-40-239"": ""healthy""}",unsubscribe,12.0,1.0,0,0,"{""ip-172-31-0-204"": {""object"": 1, ""gesture"": 1}, ""ip-172-31-1-171"": {""object"": 1, ""gesture"": 1}, ""ip-172-31-10-12"": {""object"": 1, ""gesture"": 1}, ""ip-172-31-11-132"": {""object"": 1, ""gesture"": 1}, ""ip-172-31-13-134"": {""gesture"": 1, ""object"": 1}}","{""e5"": {""services"": [""gesture"", ""object""], ""fps"": {""gesture"": 30, ""object"": 30}, ""eff_fps"": {""gesture"": 30, ""object"": 30}, ""latency_ms"": {""gesture"": 0, ""object"": 0}, ""svclat_ms"": {""gesture"": 16.59, ""object"": 21.7}}, ""e6"": {""services"": [""gesture"", ""object""], ""fps"": {""gesture"": 30, ""object"": 30}, ""eff_fps"": {""gesture"": 30, ""object"": 30}, ""latency_ms"": {""gesture"": 0, ""object"": 0}, ""svclat_ms"": {""gesture"": 14.86, ""object"": 20.51}}, ""e7"": {""services"": [""gesture"", ""object""], ""fps"": {""gesture"": 30, ""object"": 30}, ""eff_fps"": {""gesture"": 30, ""object"": 30}, ""latency_ms"": {""gesture"": 0, ""object"": 0}, ""svclat_ms"": {""gesture"": 15.19, ""object"": 19.69}}, ""e8"": {""services"": [""gesture"", ""object""], ""fps"": {""gesture"": 30, ""object"": 30}, ""eff_fps"": {""gesture"": 30, ""object"": 30}, ""latency_ms"": {""gesture"": 0, ""object"": 0}, ""svclat_ms"": {""gesture"": 14.67, ""object"": 16.87}}, ""e9"": {""services"": [""gesture"", ""object""], ""fps"": {""gesture"": 30, ""object"": 30}, ""eff_fps"": {""gesture"": 30, ""object"": 30}, ""latency_ms"": {""gesture"": 0, ""object"": 0}, ""svclat_ms"": {""gesture"": 14.43, ""object"": 20.43}}, ""e10"": {""services"": [""gesture"", ""object""], ""fps"": {""gesture"": 0, ""object"": 0}, ""eff_fps"": {""gesture"": 0, ""object"": 0}, ""latency_ms"": {""gesture"": 0, ""object"": 0}, ""svclat_ms"": {""gesture"": 0.0, ""object"": 0.0}}, ""e11"": {""services"": [""gesture"", ""object""], ""fps"": {""gesture"": 0, ""object"": 0}, ""eff_fps"": {""gesture"": 0, ""object"": 0}, ""latency_ms"": {""gesture"": 0, ""object"": 0}, ""svclat_ms"": {""gesture"": 0.0, ""object"": 0.0}}, ""e12"": {""services"": [""gesture"", ""object""], ""fps"": {""gesture"": 0, ""object"": 0}, ""eff_fps"": {""gesture"": 0, ""object"": 0}, ""latency_ms"": {""gesture"": 0, ""object"": 0}, ""svclat_ms"": {""gesture"": 0.0, ""object"": 0.0}}, ""e13"": {""services"": [""gesture"", ""object""], ""fps"": {""gesture"": 0, ""object"": 0}, ""eff_fps"": {""gesture"": 0, ""object"": 0}, ""latency_ms"": {""gesture"": 0, ""object"": 0}, ""svclat_ms"": {""gesture"": 0.0, ""object"": 0.0}}, ""e14"": {""services"": [""gesture"", ""object""], ""fps"": {""gesture"": 0, ""object"": 0}, ""eff_fps"": {""gesture"": 0, ""object"": 0}, ""latency_ms"": {""gesture"": 0, ""object"": 0}, ""svclat_ms"": {""gesture"": 0.0, ""object"": 0.0}}, ""e15"": {""services"": [""gesture"", ""object""], ""fps"": {""gesture"": 0, ""object"": 0}, ""eff_fps"": {""gesture"": 0, ""object"": 0}, ""latency_ms"": {""gesture"": 0, ""object"": 0}, ""svclat_ms"": {""gesture"": 0.0, ""object"": 0.0}}}"
433.0,6,6,1.0,0,0,30,11,11,1.0,953.0,360,0.378,0.0,1.83,0.0,0,30.0,30.0,0,30.0,30.0,0,0,0,0,15.51,20.0,300,"{""ip-172-31-0-204"": ""healthy"", ""ip-172-31-1-171"": ""healthy"", ""ip-172-31-10-12"": ""healthy"", ""ip-172-31-11-132"": ""healthy"", ""ip-172-31-13-134"": ""healthy"", ""ip-172-31-14-68"": ""healthy"", ""ip-172-31-40-239"": ""healthy""}",subscribe,9.3,1.0,0,0,"{""ip-172-31-0-204"": {""object"": 1, ""gesture"": 1}, ""ip-172-31-1-171"": {""object"": 1, ""gesture"": 1}, ""ip-172-31-10-12"": {""object"": 1, ""gesture"": 1}, ""ip-172-31-11-132"": {""object"": 1, ""gesture"": 1}, ""ip-172-31-13-134"": {""gesture"": 1, ""object"": 1}, ""ip-172-31-14-68"": {""gesture"": 1}}","{""e5"": {""services"": [""gesture"", ""object""], ""fps"": {""gesture"": 30, ""object"": 30}, ""eff_fps"": {""gesture"": 30, ""object"": 30}, ""latency_ms"": {""gesture"": 0, ""object"": 0}, ""svclat_ms"": {""gesture"": 15.4, ""object"": 19.28}}, ""e6"": {""services"": [""gesture"", ""object""], ""fps"": {""gesture"": 30, ""object"": 30}, ""eff_fps"": {""gesture"": 30, ""object"": 30}, ""latency_ms"": {""gesture"": 0, ""object"": 0}, ""svclat_ms"": {""gesture"": 15.12, ""object"": 21.43}}, ""e7"": {""services"": [""gesture"", ""object""], ""fps"": {""gesture"": 30, ""object"": 30}, ""eff_fps"": {""gesture"": 30, ""object"": 30}, ""latency_ms"": {""gesture"": 0, ""object"": 0}, ""svclat_ms"": {""gesture"": 15.76, ""object"": 21.15}}, ""e8"": {""services"": [""gesture"", ""object""], ""fps"": {""gesture"": 30, ""object"": 30}, ""eff_fps"": {""gesture"": 30, ""object"": 30}, ""latency_ms"": {""gesture"": 0, ""object"": 0}, ""svclat_ms"": {""gesture"": 15.11, ""object"": 20.11}}, ""e9"": {""services"": [""gesture"", ""object""], ""fps"": {""gesture"": 30, ""object"": 30}, ""eff_fps"": {""gesture"": 30, ""object"": 30}, ""latency_ms"": {""gesture"": 0, ""object"": 0}, ""svclat_ms"": {""gesture"": 16.18, ""object"": 18.05}}, ""e10"": {""services"": [""gesture"", ""object""], ""fps"": {""gesture"": 0, ""object"": 0}, ""eff_fps"": {""gesture"": 0, ""object"": 0}, ""latency_ms"": {""gesture"": 0, ""object"": 0}, ""svclat_ms"": {""gesture"": 0.0, ""object"": 0.0}}, ""e11"": {""services"": [""gesture"", ""object""], ""fps"": {""gesture"": 0, ""object"": 0}, ""eff_fps"": {""gesture"": 0, ""object"": 0}, ""latency_ms"": {""gesture"": 0, ""object"": 0}, ""svclat_ms"": {""gesture"": 0.0, ""object"": 0.0}}, ""e12"": {""services"": [""gesture"", ""object""], ""fps"": {""gesture"": 0, ""object"": 0}, ""eff_fps"": {""gesture"": 0, ""object"": 0}, ""latency_ms"": {""gesture"": 0, ""object"": 0}, ""svclat_ms"": {""gesture"": 0.0, ""object"": 0.0}}, ""e13"": {""services"": [""gesture"", ""object""], ""fps"": {""gesture"": 0, ""object"": 0}, ""eff_fps"": {""gesture"": 0, ""object"": 0}, ""latency_ms"": {""gesture"": 0, ""object"": 0}, ""svclat_ms"": {""gesture"": 0.0, ""object"": 0.0}}, ""e14"": {""services"": [""gesture"", ""object""], ""fps"": {""gesture"": 0, ""object"": 0}, ""eff_fps"": {""gesture"": 0, ""object"": 0}, ""latency_ms"": {""gesture"": 0, ""object"": 0}, ""svclat_ms"": {""gesture"": 0.0, ""object"": 0.0}}, ""e15"": {""services"": [""gesture"", ""object""], ""fps"": {""gesture"": 0, ""object"": 0}, ""eff_fps"": {""gesture"": 0, ""object"": 0}, ""latency_ms"": {""gesture"": 0, ""object"": 0}, ""svclat_ms"": {""gesture"": 0.0, ""object"": 0.0}}}"
435.4,6,6,1.0,0,0,30,11,11,1.0,953.0,360,0.378,0.0,1.83,0.0,0,30.0,29.6,0,30.0,29.6,0,0,0,0,15.8,21.47,298,"{""ip-172-31-0-204"": ""healthy"", ""ip-172-31-1-171"": ""healthy"", ""ip-172-31-10-12"": ""healthy"", ""ip-172-31-11-132"": ""healthy"", ""ip-172-31-13-134"": ""healthy"", ""ip-172-31-14-68"": ""healthy"", ""ip-172-31-40-239"": ""healthy""}",subscribe,9.3,1.0,0,0,"{""ip-172-31-0-204"": {""object"": 1, ""gesture"": 1}, ""ip-172-31-1-171"": {""object"": 1, ""gesture"": 1}, ""ip-172-31-10-12"": {""object"": 1, ""gesture"": 1}, ""ip-172-31-11-132"": {""object"": 1, ""gesture"": 1}, ""ip-172-31-13-134"": {""gesture"": 1, ""object"": 1}, ""ip-172-31-14-68"": {""gesture"": 1}}","{""e5"": {""services"": [""gesture"", ""object""], ""fps"": {""gesture"": 30, ""object"": 30}, ""eff_fps"": {""gesture"": 30, ""object"": 30}, ""latency_ms"": {""gesture"": 0, ""object"": 0}, ""svclat_ms"": {""gesture"": 15.07, ""object"": 19.24}}, ""e6"": {""services"": [""gesture"", ""object""], ""fps"": {""gesture"": 30, ""object"": 30}, ""eff_fps"": {""gesture"": 30, ""object"": 30}, ""latency_ms"": {""gesture"": 0, ""object"": 0}, ""svclat_ms"": {""gesture"": 15.54, ""object"": 21.46}}, ""e7"": {""services"": [""gesture"", ""object""], ""fps"": {""gesture"": 30, ""object"": 30}, ""eff_fps"": {""gesture"": 30, ""object"": 30}, ""latency_ms"": {""gesture"": 0, ""object"": 0}, ""svclat_ms"": {""gesture"": 15.68, ""object"": 21.07}}, ""e8"": {""services"": [""gesture"", ""object""], ""fps"": {""gesture"": 30, ""object"": 30}, ""eff_fps"": {""gesture"": 30, ""object"": 30}, ""latency_ms"": {""gesture"": 0, ""object"": 0}, ""svclat_ms"": {""gesture"": 17.07, ""object"": 22.36}}, ""e9"": {""services"": [""gesture"", ""object""], ""fps"": {""gesture"": 30, ""object"": 28}, ""eff_fps"": {""gesture"": 30, ""object"": 28}, ""latency_ms"": {""gesture"": 0, ""object"": 0}, ""svclat_ms"": {""gesture"": 15.65, ""object"": 23.24}}, ""e10"": {""services"": [""gesture"", ""object""], ""fps"": {""gesture"": 0, ""object"": 0}, ""eff_fps"": {""gesture"": 0, ""object"": 0}, ""latency_ms"": {""gesture"": 0, ""object"": 0}, ""svclat_ms"": {""gesture"": 0.0, ""object"": 0.0}}, ""e11"": {""services"": [""gesture"", ""object""], ""fps"": {""gesture"": 0, ""object"": 0}, ""eff_fps"": {""gesture"": 0, ""object"": 0}, ""latency_ms"": {""gesture"": 0, ""object"": 0}, ""svclat_ms"": {""gesture"": 0.0, ""object"": 0.0}}, ""e12"": {""services"": [""gesture"", ""object""], ""fps"": {""gesture"": 0, ""object"": 0}, ""eff_fps"": {""gesture"": 0, ""object"": 0}, ""latency_ms"": {""gesture"": 0, ""object"": 0}, ""svclat_ms"": {""gesture"": 0.0, ""object"": 0.0}}, ""e13"": {""services"": [""gesture"", ""object""], ""fps"": {""gesture"": 0, ""object"": 0}, ""eff_fps"": {""gesture"": 0, ""object"": 0}, ""latency_ms"": {""gesture"": 0, ""object"": 0}, ""svclat_ms"": {""gesture"": 0.0, ""object"": 0.0}}, ""e14"": {""services"": [""gesture"", ""object""], ""fps"": {""gesture"": 0, ""object"": 0}, ""eff_fps"": {""gesture"": 0, ""object"": 0}, ""latency_ms"": {""gesture"": 0, ""object"": 0}, ""svclat_ms"": {""gesture"": 0.0, ""object"": 0.0}}, ""e15"": {""services"": [""gesture"", ""object""], ""fps"": {""gesture"": 0, ""object"": 0}, ""eff_fps"": {""gesture"": 0, ""object"": 0}, ""latency_ms"": {""gesture"": 0, ""object"": 0}, ""svclat_ms"": {""gesture"": 0.0, ""object"": 0.0}}}"
437.8,6,6,1.0,0,0,30,11,11,1.0,953.0,360,0.378,0.0,1.83,0.0,0,30.2,30.0,0,30.2,30.0,0,0,0,0,16.2,21.37,301,"{""ip-172-31-0-204"": ""healthy"", ""ip-172-31-1-171"": ""healthy"", ""ip-172-31-10-12"": ""healthy"", ""ip-172-31-11-132"": ""healthy"", ""ip-172-31-13-134"": ""healthy"", ""ip-172-31-14-68"": ""healthy"", ""ip-172-31-40-239"": ""healthy""}",subscribe,9.3,1.0,0,0,"{""ip-172-31-0-204"": {""object"": 1, ""gesture"": 1}, ""ip-172-31-1-171"": {""object"": 1, ""gesture"": 1}, ""ip-172-31-10-12"": {""object"": 1, ""gesture"": 1}, ""ip-172-31-11-132"": {""object"": 1, ""gesture"": 1}, ""ip-172-31-13-134"": {""gesture"": 1, ""object"": 1}, ""ip-172-31-14-68"": {""gesture"": 1}}","{""e5"": {""services"": [""gesture"", ""object""], ""fps"": {""gesture"": 30, ""object"": 30}, ""eff_fps"": {""gesture"": 30, ""object"": 30}, ""latency_ms"": {""gesture"": 0, ""object"": 0}, ""svclat_ms"": {""gesture"": 15.18, ""object"": 19.0}}, ""e6"": {""services"": [""gesture"", ""object""], ""fps"": {""gesture"": 31, ""object"": 30}, ""eff_fps"": {""gesture"": 31, ""object"": 30}, ""latency_ms"": {""gesture"": 0, ""object"": 0}, ""svclat_ms"": {""gesture"": 15.55, ""object"": 21.32}}, ""e7"": {""services"": [""gesture"", ""object""], ""fps"": {""gesture"": 30, ""object"": 30}, ""eff_fps"": {""gesture"": 30, ""object"": 30}, ""latency_ms"": {""gesture"": 0, ""object"": 0}, ""svclat_ms"": {""gesture"": 15.74, ""object"": 21.19}}, ""e8"": {""services"": [""gesture"", ""object""], ""fps"": {""gesture"": 30, ""object"": 30}, ""eff_fps"": {""gesture"": 30, ""object"": 30}, ""latency_ms"": {""gesture"": 0, ""object"": 0}, ""svclat_ms"": {""gesture"": 16.52, ""object"": 21.91}}, ""e9"": {""services"": [""gesture"", ""object""], ""fps"": {""gesture"": 30, ""object"": 30}, ""eff_fps"": {""gesture"": 30, ""object"": 30}, ""latency_ms"": {""gesture"": 0, ""object"": 0}, ""svclat_ms"": {""gesture"": 18.01, ""object"": 23.45}}, ""e10"": {""services"": [""gesture"", ""object""], ""fps"": {""gesture"": 0, ""object"": 0}, ""eff_fps"": {""gesture"": 0, ""object"": 0}, ""latency_ms"": {""gesture"": 0, ""object"": 0}, ""svclat_ms"": {""gesture"": 0.0, ""object"": 0.0}}, ""e11"": {""services"": [""gesture"", ""object""], ""fps"": {""gesture"": 0, ""object"": 0}, ""eff_fps"": {""gesture"": 0, ""object"": 0}, ""latency_ms"": {""gesture"": 0, ""object"": 0}, ""svclat_ms"": {""gesture"": 0.0, ""object"": 0.0}}, ""e12"": {""services"": [""gesture"", ""object""], ""fps"": {""gesture"": 0, ""object"": 0}, ""eff_fps"": {""gesture"": 0, ""object"": 0}, ""latency_ms"": {""gesture"": 0, ""object"": 0}, ""svclat_ms"": {""gesture"": 0.0, ""object"": 0.0}}, ""e13"": {""services"": [""gesture"", ""object""], ""fps"": {""gesture"": 0, ""object"": 0}, ""eff_fps"": {""gesture"": 0, ""object"": 0}, ""latency_ms"": {""gesture"": 0, ""object"": 0}, ""svclat_ms"": {""gesture"": 0.0, ""object"": 0.0}}, ""e14"": {""services"": [""gesture"", ""object""], ""fps"": {""gesture"": 0, ""object"": 0}, ""eff_fps"": {""gesture"": 0, ""object"": 0}, ""latency_ms"": {""gesture"": 0, ""object"": 0}, ""svclat_ms"": {""gesture"": 0.0, ""object"": 0.0}}, ""e15"": {""services"": [""gesture"", ""object""], ""fps"": {""gesture"": 0, ""object"": 0}, ""eff_fps"": {""gesture"": 0, ""object"": 0}, ""latency_ms"": {""gesture"": 0, ""object"": 0}, ""svclat_ms"": {""gesture"": 0.0, ""object"": 0.0}}}"
440.3,6,6,1.0,0,0,30,11,11,1.0,953.0,360,0.378,0.0,1.83,0.0,0,30.0,30.0,0,30.0,30.0,0,0,0,0,16.09,21.4,300,"{""ip-172-31-0-204"": ""healthy"", ""ip-172-31-1-171"": ""healthy"", ""ip-172-31-10-12"": ""healthy"", ""ip-172-31-11-132"": ""healthy"", ""ip-172-31-13-134"": ""healthy"", ""ip-172-31-14-68"": ""healthy"", ""ip-172-31-40-239"": ""healthy""}",subscribe,9.3,1.0,0,0,"{""ip-172-31-0-204"": {""object"": 1, ""gesture"": 1}, ""ip-172-31-1-171"": {""object"": 1, ""gesture"": 1}, ""ip-172-31-10-12"": {""object"": 1, ""gesture"": 1}, ""ip-172-31-11-132"": {""object"": 1, ""gesture"": 1}, ""ip-172-31-13-134"": {""gesture"": 1, ""object"": 1}, ""ip-172-31-14-68"": {""gesture"": 1}}","{""e5"": {""services"": [""gesture"", ""object""], ""fps"": {""gesture"": 30, ""object"": 30}, ""eff_fps"": {""gesture"": 30, ""object"": 30}, ""latency_ms"": {""gesture"": 0, ""object"": 0}, ""svclat_ms"": {""gesture"": 17.36, ""object"": 21.07}}, ""e6"": {""services"": [""gesture"", ""object""], ""fps"": {""gesture"": 30, ""object"": 30}, ""eff_fps"": {""gesture"": 30, ""object"": 30}, ""latency_ms"": {""gesture"": 0, ""object"": 0}, ""svclat_ms"": {""gesture"": 15.75, ""object"": 21.77}}, ""e7"": {""services"": [""gesture"", ""object""], ""fps"": {""gesture"": 30, ""object"": 30}, ""eff_fps"": {""gesture"": 30, ""object"": 30}, ""latency_ms"": {""gesture"": 0, ""object"": 0}, ""svclat_ms"": {""gesture"": 15.45, ""object"": 21.26}}, ""e8"": {""services"": [""gesture"", ""object""], ""fps"": {""gesture"": 30, ""object"": 30}, ""eff_fps"": {""gesture"": 30, ""object"": 30}, ""latency_ms"": {""gesture"": 0, ""object"": 0}, ""svclat_ms"": {""gesture"": 16.55, ""object"": 21.8}}, ""e9"": {""services"": [""gesture"", ""object""], ""fps"": {""gesture"": 30, ""object"": 30}, ""eff_fps"": {""gesture"": 30, ""object"": 30}, ""latency_ms"": {""gesture"": 0, ""object"": 0}, ""svclat_ms"": {""gesture"": 15.35, ""object"": 21.08}}, ""e10"": {""services"": [""gesture"", ""object""], ""fps"": {""gesture"": 0, ""object"": 0}, ""eff_fps"": {""gesture"": 0, ""object"": 0}, ""latency_ms"": {""gesture"": 0, ""object"": 0}, ""svclat_ms"": {""gesture"": 0.0, ""object"": 0.0}}, ""e11"": {""services"": [""gesture"", ""object""], ""fps"": {""gesture"": 0, ""object"": 0}, ""eff_fps"": {""gesture"": 0, ""object"": 0}, ""latency_ms"": {""gesture"": 0, ""object"": 0}, ""svclat_ms"": {""gesture"": 0.0, ""object"": 0.0}}, ""e12"": {""services"": [""gesture"", ""object""], ""fps"": {""gesture"": 0, ""object"": 0}, ""eff_fps"": {""gesture"": 0, ""object"": 0}, ""latency_ms"": {""gesture"": 0, ""object"": 0}, ""svclat_ms"": {""gesture"": 0.0, ""object"": 0.0}}, ""e13"": {""services"": [""gesture"", ""object""], ""fps"": {""gesture"": 0, ""object"": 0}, ""eff_fps"": {""gesture"": 0, ""object"": 0}, ""latency_ms"": {""gesture"": 0, ""object"": 0}, ""svclat_ms"": {""gesture"": 0.0, ""object"": 0.0}}, ""e14"": {""services"": [""gesture"", ""object""], ""fps"": {""gesture"": 0, ""object"": 0}, ""eff_fps"": {""gesture"": 0, ""object"": 0}, ""latency_ms"": {""gesture"": 0, ""object"": 0}, ""svclat_ms"": {""gesture"": 0.0, ""object"": 0.0}}, ""e15"": {""services"": [""gesture"", ""object""], ""fps"": {""gesture"": 0, ""object"": 0}, ""eff_fps"": {""gesture"": 0, ""object"": 0}, ""latency_ms"": {""gesture"": 0, ""object"": 0}, ""svclat_ms"": {""gesture"": 0.0, ""object"": 0.0}}}"
442.7,6,6,1.0,0,0,30,11,11,1.0,953.0,360,0.378,0.0,1.83,0.0,0,30.0,30.0,0,30.0,30.0,0,0,0,0,15.9,21.33,300,"{""ip-172-31-0-204"": ""healthy"", ""ip-172-31-1-171"": ""healthy"", ""ip-172-31-10-12"": ""healthy"", ""ip-172-31-11-132"": ""healthy"", ""ip-172-31-13-134"": ""healthy"", ""ip-172-31-14-68"": ""healthy"", ""ip-172-31-40-239"": ""healthy""}",subscribe,9.3,1.0,0,0,"{""ip-172-31-0-204"": {""object"": 1, ""gesture"": 1}, ""ip-172-31-1-171"": {""object"": 1, ""gesture"": 1}, ""ip-172-31-10-12"": {""object"": 1, ""gesture"": 1}, ""ip-172-31-11-132"": {""object"": 1, ""gesture"": 1}, ""ip-172-31-13-134"": {""gesture"": 1, ""object"": 1}, ""ip-172-31-14-68"": {""gesture"": 1}}","{""e5"": {""services"": [""gesture"", ""object""], ""fps"": {""gesture"": 30, ""object"": 30}, ""eff_fps"": {""gesture"": 30, ""object"": 30}, ""latency_ms"": {""gesture"": 0, ""object"": 0}, ""svclat_ms"": {""gesture"": 15.29, ""object"": 19.23}}, ""e6"": {""services"": [""gesture"", ""object""], ""fps"": {""gesture"": 30, ""object"": 30}, ""eff_fps"": {""gesture"": 30, ""object"": 30}, ""latency_ms"": {""gesture"": 0, ""object"": 0}, ""svclat_ms"": {""gesture"": 15.13, ""object"": 21.31}}, ""e7"": {""services"": [""gesture"", ""object""], ""fps"": {""gesture"": 30, ""object"": 30}, ""eff_fps"": {""gesture"": 30, ""object"": 30}, ""latency_ms"": {""gesture"": 0, ""object"": 0}, ""svclat_ms"": {""gesture"": 15.47, ""object"": 21.05}}, ""e8"": {""services"": [""gesture"", ""object""], ""fps"": {""gesture"": 30, ""object"": 30}, ""eff_fps"": {""gesture"": 30, ""object"": 30}, ""latency_ms"": {""gesture"": 0, ""object"": 0}, ""svclat_ms"": {""gesture"": 16.72, ""object"": 22.35}}, ""e9"": {""services"": [""gesture"", ""object""], ""fps"": {""gesture"": 30, ""object"": 30}, ""eff_fps"": {""gesture"": 30, ""object"": 30}, ""latency_ms"": {""gesture"": 0, ""object"": 0}, ""svclat_ms"": {""gesture"": 16.9, ""object"": 22.7}}, ""e10"": {""services"": [""gesture"", ""object""], ""fps"": {""gesture"": 0, ""object"": 0}, ""eff_fps"": {""gesture"": 0, ""object"": 0}, ""latency_ms"": {""gesture"": 0, ""object"": 0}, ""svclat_ms"": {""gesture"": 0.0, ""object"": 0.0}}, ""e11"": {""services"": [""gesture"", ""object""], ""fps"": {""gesture"": 0, ""object"": 0}, ""eff_fps"": {""gesture"": 0, ""object"": 0}, ""latency_ms"": {""gesture"": 0, ""object"": 0}, ""svclat_ms"": {""gesture"": 0.0, ""object"": 0.0}}, ""e12"": {""services"": [""gesture"", ""object""], ""fps"": {""gesture"": 0, ""object"": 0}, ""eff_fps"": {""gesture"": 0, ""object"": 0}, ""latency_ms"": {""gesture"": 0, ""object"": 0}, ""svclat_ms"": {""gesture"": 0.0, ""object"": 0.0}}, ""e13"": {""services"": [""gesture"", ""object""], ""fps"": {""gesture"": 0, ""object"": 0}, ""eff_fps"": {""gesture"": 0, ""object"": 0}, ""latency_ms"": {""gesture"": 0, ""object"": 0}, ""svclat_ms"": {""gesture"": 0.0, ""object"": 0.0}}, ""e14"": {""services"": [""gesture"", ""object""], ""fps"": {""gesture"": 0, ""object"": 0}, ""eff_fps"": {""gesture"": 0, ""object"": 0}, ""latency_ms"": {""gesture"": 0, ""object"": 0}, ""svclat_ms"": {""gesture"": 0.0, ""object"": 0.0}}, ""e15"": {""services"": [""gesture"", ""object""], ""fps"": {""gesture"": 0, ""object"": 0}, ""eff_fps"": {""gesture"": 0, ""object"": 0}, ""latency_ms"": {""gesture"": 0, ""object"": 0}, ""svclat_ms"": {""gesture"": 0.0, ""object"": 0.0}}}"
447.1,7,6,0.857,1,0,31,12,12,1.0,1008.0,360,0.357,0.0,2.0,0.0,0,30.0,30.0,0,30.0,30.0,0,0,0,0,15.75,21.03,300,"{""ip-172-31-0-204"": ""healthy"", ""ip-172-31-1-171"": ""healthy"", ""ip-172-31-10-12"": ""healthy"", ""ip-172-31-11-132"": ""healthy"", ""ip-172-31-13-134"": ""healthy"", ""ip-172-31-14-68"": ""healthy"", ""ip-172-31-40-239"": ""healthy""}",unsubscribe,11.9,1.0,0,0,"{""ip-172-31-0-204"": {""object"": 1, ""gesture"": 1}, ""ip-172-31-1-171"": {""object"": 1, ""gesture"": 1}, ""ip-172-31-10-12"": {""object"": 1, ""gesture"": 1}, ""ip-172-31-11-132"": {""object"": 1, ""gesture"": 1}, ""ip-172-31-13-134"": {""gesture"": 1, ""object"": 1}, ""ip-172-31-14-68"": {""gesture"": 1, ""object"": 1}}","{""e5"": {""services"": [""gesture"", ""object""], ""fps"": {""gesture"": 30, ""object"": 30}, ""eff_fps"": {""gesture"": 30, ""object"": 30}, ""latency_ms"": {""gesture"": 0, ""object"": 0}, ""svclat_ms"": {""gesture"": 17.2, ""object"": 21.1}}, ""e6"": {""services"": [""gesture"", ""object""], ""fps"": {""gesture"": 30, ""object"": 30}, ""eff_fps"": {""gesture"": 30, ""object"": 30}, ""latency_ms"": {""gesture"": 0, ""object"": 0}, ""svclat_ms"": {""gesture"": 14.95, ""object"": 20.59}}, ""e7"": {""services"": [""gesture"", ""object""], ""fps"": {""gesture"": 30, ""object"": 30}, ""eff_fps"": {""gesture"": 30, ""object"": 30}, ""latency_ms"": {""gesture"": 0, ""object"": 0}, ""svclat_ms"": {""gesture"": 16.5, ""object"": 22.3}}, ""e8"": {""services"": [""gesture"", ""object""], ""fps"": {""gesture"": 30, ""object"": 30}, ""eff_fps"": {""gesture"": 30, ""object"": 30}, ""latency_ms"": {""gesture"": 0, ""object"": 0}, ""svclat_ms"": {""gesture"": 14.75, ""object"": 20.13}}, ""e9"": {""services"": [""gesture"", ""object""], ""fps"": {""gesture"": 30, ""object"": 30}, ""eff_fps"": {""gesture"": 30, ""object"": 30}, ""latency_ms"": {""gesture"": 0, ""object"": 0}, ""svclat_ms"": {""gesture"": 15.35, ""object"": 21.02}}, ""e10"": {""services"": [""gesture"", ""object""], ""fps"": {""gesture"": 0, ""object"": 0}, ""eff_fps"": {""gesture"": 0, ""object"": 0}, ""latency_ms"": {""gesture"": 0, ""object"": 0}, ""svclat_ms"": {""gesture"": 0.0, ""object"": 0.0}}, ""e11"": {""services"": [""gesture"", ""object""], ""fps"": {""gesture"": 0, ""object"": 0}, ""eff_fps"": {""gesture"": 0, ""object"": 0}, ""latency_ms"": {""gesture"": 0, ""object"": 0}, ""svclat_ms"": {""gesture"": 0.0, ""object"": 0.0}}, ""e12"": {""services"": [""gesture"", ""object""], ""fps"": {""gesture"": 0, ""object"": 0}, ""eff_fps"": {""gesture"": 0, ""object"": 0}, ""latency_ms"": {""gesture"": 0, ""object"": 0}, ""svclat_ms"": {""gesture"": 0.0, ""object"": 0.0}}, ""e13"": {""services"": [""gesture"", ""object""], ""fps"": {""gesture"": 0, ""object"": 0}, ""eff_fps"": {""gesture"": 0, ""object"": 0}, ""latency_ms"": {""gesture"": 0, ""object"": 0}, ""svclat_ms"": {""gesture"": 0.0, ""object"": 0.0}}, ""e14"": {""services"": [""gesture"", ""object""], ""fps"": {""gesture"": 0, ""object"": 0}, ""eff_fps"": {""gesture"": 0, ""object"": 0}, ""latency_ms"": {""gesture"": 0, ""object"": 0}, ""svclat_ms"": {""gesture"": 0.0, ""object"": 0.0}}, ""e15"": {""services"": [""gesture"", ""object""], ""fps"": {""gesture"": 0, ""object"": 0}, ""eff_fps"": {""gesture"": 0, ""object"": 0}, ""latency_ms"": {""gesture"": 0, ""object"": 0}, ""svclat_ms"": {""gesture"": 0.0, ""object"": 0.0}}}"
449.5,7,6,0.857,0,0,31,12,12,1.0,1008.0,360,0.357,0.0,2.0,0.0,0,30.0,30.0,0,30.0,30.0,0,0,0,0,15.87,21.0,300,"{""ip-172-31-0-204"": ""healthy"", ""ip-172-31-1-171"": ""healthy"", ""ip-172-31-10-12"": ""healthy"", ""ip-172-31-11-132"": ""healthy"", ""ip-172-31-13-134"": ""healthy"", ""ip-172-31-14-68"": ""healthy"", ""ip-172-31-40-239"": ""healthy""}",unsubscribe,11.9,1.0,0,0,"{""ip-172-31-0-204"": {""object"": 1, ""gesture"": 1}, ""ip-172-31-1-171"": {""object"": 1, ""gesture"": 1}, ""ip-172-31-10-12"": {""object"": 1, ""gesture"": 1}, ""ip-172-31-11-132"": {""object"": 1, ""gesture"": 1}, ""ip-172-31-13-134"": {""gesture"": 1, ""object"": 1}, ""ip-172-31-14-68"": {""gesture"": 1, ""object"": 1}}","{""e5"": {""services"": [""gesture"", ""object""], ""fps"": {""gesture"": 30, ""object"": 30}, ""eff_fps"": {""gesture"": 30, ""object"": 30}, ""latency_ms"": {""gesture"": 0, ""object"": 0}, ""svclat_ms"": {""gesture"": 17.12, ""object"": 21.11}}, ""e6"": {""services"": [""gesture"", ""object""], ""fps"": {""gesture"": 30, ""object"": 30}, ""eff_fps"": {""gesture"": 30, ""object"": 30}, ""latency_ms"": {""gesture"": 0, ""object"": 0}, ""svclat_ms"": {""gesture"": 15.06, ""object"": 20.3}}, ""e7"": {""services"": [""gesture"", ""object""], ""fps"": {""gesture"": 30, ""object"": 30}, ""eff_fps"": {""gesture"": 30, ""object"": 30}, ""latency_ms"": {""gesture"": 0, ""object"": 0}, ""svclat_ms"": {""gesture"": 15.98, ""object"": 21.45}}, ""e8"": {""services"": [""gesture"", ""object""], ""fps"": {""gesture"": 30, ""object"": 30}, ""eff_fps"": {""gesture"": 30, ""object"": 30}, ""latency_ms"": {""gesture"": 0, ""object"": 0}, ""svclat_ms"": {""gesture"": 15.69, ""object"": 21.23}}, ""e9"": {""services"": [""gesture"", ""object""], ""fps"": {""gesture"": 30, ""object"": 30}, ""eff_fps"": {""gesture"": 30, ""object"": 30}, ""latency_ms"": {""gesture"": 0, ""object"": 0}, ""svclat_ms"": {""gesture"": 15.48, ""object"": 20.92}}, ""e10"": {""services"": [""gesture"", ""object""], ""fps"": {""gesture"": 0, ""object"": 0}, ""eff_fps"": {""gesture"": 0, ""object"": 0}, ""latency_ms"": {""gesture"": 0, ""object"": 0}, ""svclat_ms"": {""gesture"": 0.0, ""object"": 0.0}}, ""e11"": {""services"": [""gesture"", ""object""], ""fps"": {""gesture"": 0, ""object"": 0}, ""eff_fps"": {""gesture"": 0, ""object"": 0}, ""latency_ms"": {""gesture"": 0, ""object"": 0}, ""svclat_ms"": {""gesture"": 0.0, ""object"": 0.0}}, ""e12"": {""services"": [""gesture"", ""object""], ""fps"": {""gesture"": 0, ""object"": 0}, ""eff_fps"": {""gesture"": 0, ""object"": 0}, ""latency_ms"": {""gesture"": 0, ""object"": 0}, ""svclat_ms"": {""gesture"": 0.0, ""object"": 0.0}}, ""e13"": {""services"": [""gesture"", ""object""], ""fps"": {""gesture"": 0, ""object"": 0}, ""eff_fps"": {""gesture"": 0, ""object"": 0}, ""latency_ms"": {""gesture"": 0, ""object"": 0}, ""svclat_ms"": {""gesture"": 0.0, ""object"": 0.0}}, ""e14"": {""services"": [""gesture"", ""object""], ""fps"": {""gesture"": 0, ""object"": 0}, ""eff_fps"": {""gesture"": 0, ""object"": 0}, ""latency_ms"": {""gesture"": 0, ""object"": 0}, ""svclat_ms"": {""gesture"": 0.0, ""object"": 0.0}}, ""e15"": {""services"": [""gesture"", ""object""], ""fps"": {""gesture"": 0, ""object"": 0}, ""eff_fps"": {""gesture"": 0, ""object"": 0}, ""latency_ms"": {""gesture"": 0, ""object"": 0}, ""svclat_ms"": {""gesture"": 0.0, ""object"": 0.0}}}"
454.0,7,6,0.857,0,0,31,12,12,1.0,1008.0,360,0.357,0.0,2.0,0.0,0,30.0,29.8,0,30.0,29.8,0,0,0,0,15.82,21.29,299,"{""ip-172-31-0-204"": ""healthy"", ""ip-172-31-1-171"": ""healthy"", ""ip-172-31-10-12"": ""healthy"", ""ip-172-31-11-132"": ""healthy"", ""ip-172-31-13-134"": ""healthy"", ""ip-172-31-14-68"": ""healthy"", ""ip-172-31-40-239"": ""healthy""}",unsubscribe,11.9,1.0,0,0,"{""ip-172-31-0-204"": {""object"": 1, ""gesture"": 1}, ""ip-172-31-1-171"": {""object"": 1, ""gesture"": 1}, ""ip-172-31-10-12"": {""object"": 1, ""gesture"": 1}, ""ip-172-31-11-132"": {""object"": 1, ""gesture"": 1}, ""ip-172-31-13-134"": {""gesture"": 1, ""object"": 1}, ""ip-172-31-14-68"": {""gesture"": 1, ""object"": 1}}","{""e5"": {""services"": [""gesture"", ""object""], ""fps"": {""gesture"": 30, ""object"": 29}, ""eff_fps"": {""gesture"": 30, ""object"": 29}, ""latency_ms"": {""gesture"": 0, ""object"": 0}, ""svclat_ms"": {""gesture"": 15.42, ""object"": 19.19}}, ""e6"": {""services"": [""gesture"", ""object""], ""fps"": {""gesture"": 30, ""object"": 30}, ""eff_fps"": {""gesture"": 30, ""object"": 30}, ""latency_ms"": {""gesture"": 0, ""object"": 0}, ""svclat_ms"": {""gesture"": 15.68, ""object"": 22.53}}, ""e7"": {""services"": [""gesture"", ""object""], ""fps"": {""gesture"": 30, ""object"": 30}, ""eff_fps"": {""gesture"": 30, ""object"": 30}, ""latency_ms"": {""gesture"": 0, ""object"": 0}, ""svclat_ms"": {""gesture"": 15.7, ""object"": 21.46}}, ""e8"": {""services"": [""gesture"", ""object""], ""fps"": {""gesture"": 30, ""object"": 30}, ""eff_fps"": {""gesture"": 30, ""object"": 30}, ""latency_ms"": {""gesture"": 0, ""object"": 0}, ""svclat_ms"": {""gesture"": 15.01, ""object"": 20.24}}, ""e9"": {""services"": [""gesture"", ""object""], ""fps"": {""gesture"": 30, ""object"": 30}, ""eff_fps"": {""gesture"": 30, ""object"": 30}, ""latency_ms"": {""gesture"": 0, ""object"": 0}, ""svclat_ms"": {""gesture"": 17.3, ""object"": 23.05}}, ""e10"": {""services"": [""gesture"", ""object""], ""fps"": {""gesture"": 0, ""object"": 0}, ""eff_fps"": {""gesture"": 0, ""object"": 0}, ""latency_ms"": {""gesture"": 0, ""object"": 0}, ""svclat_ms"": {""gesture"": 0.0, ""object"": 0.0}}, ""e11"": {""services"": [""gesture"", ""object""], ""fps"": {""gesture"": 0, ""object"": 0}, ""eff_fps"": {""gesture"": 0, ""object"": 0}, ""latency_ms"": {""gesture"": 0, ""object"": 0}, ""svclat_ms"": {""gesture"": 0.0, ""object"": 0.0}}, ""e12"": {""services"": [""gesture"", ""object""], ""fps"": {""gesture"": 0, ""object"": 0}, ""eff_fps"": {""gesture"": 0, ""object"": 0}, ""latency_ms"": {""gesture"": 0, ""object"": 0}, ""svclat_ms"": {""gesture"": 0.0, ""object"": 0.0}}, ""e13"": {""services"": [""gesture"", ""object""], ""fps"": {""gesture"": 0, ""object"": 0}, ""eff_fps"": {""gesture"": 0, ""object"": 0}, ""latency_ms"": {""gesture"": 0, ""object"": 0}, ""svclat_ms"": {""gesture"": 0.0, ""object"": 0.0}}, ""e14"": {""services"": [""gesture"", ""object""], ""fps"": {""gesture"": 0, ""object"": 0}, ""eff_fps"": {""gesture"": 0, ""object"": 0}, ""latency_ms"": {""gesture"": 0, ""object"": 0}, ""svclat_ms"": {""gesture"": 0.0, ""object"": 0.0}}, ""e15"": {""services"": [""gesture"", ""object""], ""fps"": {""gesture"": 0, ""object"": 0}, ""eff_fps"": {""gesture"": 0, ""object"": 0}, ""latency_ms"": {""gesture"": 0, ""object"": 0}, ""svclat_ms"": {""gesture"": 0.0, ""object"": 0.0}}}"
458.8,9,8,0.889,0,0,31,13,13,1.0,1121.0,480,0.428,0.0,1.62,0.0,0,30.0,30.2,0,30.0,30.2,0,0,0,0,15.64,21.88,301,"{""ip-172-31-0-204"": ""healthy"", ""ip-172-31-1-171"": ""healthy"", ""ip-172-31-10-12"": ""healthy"", ""ip-172-31-11-132"": ""healthy"", ""ip-172-31-13-134"": ""healthy"", ""ip-172-31-14-68"": ""healthy"", ""ip-172-31-40-239"": ""healthy""}",subscribe,9.8,1.0,0,0,"{""ip-172-31-0-204"": {""object"": 1, ""gesture"": 1}, ""ip-172-31-1-171"": {""object"": 1, ""gesture"": 1}, ""ip-172-31-10-12"": {""object"": 1, ""gesture"": 1}, ""ip-172-31-11-132"": {""object"": 1, ""gesture"": 1}, ""ip-172-31-13-134"": {""gesture"": 1, ""object"": 1}, ""ip-172-31-14-68"": {""gesture"": 1, ""object"": 1}, ""ip-172-31-40-239"": {""gesture"": 1}}","{""e5"": {""services"": [""gesture"", ""object""], ""fps"": {""gesture"": 30, ""object"": 31}, ""eff_fps"": {""gesture"": 30, ""object"": 31}, ""latency_ms"": {""gesture"": 0, ""object"": 0}, ""svclat_ms"": {""gesture"": 16.64, ""object"": 20.09}}, ""e6"": {""services"": [""gesture"", ""object""], ""fps"": {""gesture"": 30, ""object"": 30}, ""eff_fps"": {""gesture"": 30, ""object"": 30}, ""latency_ms"": {""gesture"": 0, ""object"": 0}, ""svclat_ms"": {""gesture"": 15.05, ""object"": 24.19}}, ""e7"": {""services"": [""gesture"", ""object""], ""fps"": {""gesture"": 30, ""object"": 30}, ""eff_fps"": {""gesture"": 30, ""object"": 30}, ""latency_ms"": {""gesture"": 0, ""object"": 0}, ""svclat_ms"": {""gesture"": 16.33, ""object"": 23.47}}, ""e8"": {""services"": [""gesture"", ""object""], ""fps"": {""gesture"": 30, ""object"": 30}, ""eff_fps"": {""gesture"": 30, ""object"": 30}, ""latency_ms"": {""gesture"": 0, ""object"": 0}, ""svclat_ms"": {""gesture"": 14.94, ""object"": 20.35}}, ""e9"": {""services"": [""gesture"", ""object""], ""fps"": {""gesture"": 30, ""object"": 30}, ""eff_fps"": {""gesture"": 30, ""object"": 30}, ""latency_ms"": {""gesture"": 0, ""object"": 0}, ""svclat_ms"": {""gesture"": 15.26, ""object"": 21.29}}, ""e10"": {""services"": [""gesture"", ""object""], ""fps"": {""gesture"": 0, ""object"": 0}, ""eff_fps"": {""gesture"": 0, ""object"": 0}, ""latency_ms"": {""gesture"": 0, ""object"": 0}, ""svclat_ms"": {""gesture"": 0.0, ""object"": 0.0}}, ""e11"": {""services"": [""gesture"", ""object""], ""fps"": {""gesture"": 0, ""object"": 0}, ""eff_fps"": {""gesture"": 0, ""object"": 0}, ""latency_ms"": {""gesture"": 0, ""object"": 0}, ""svclat_ms"": {""gesture"": 0.0, ""object"": 0.0}}, ""e12"": {""services"": [""gesture"", ""object""], ""fps"": {""gesture"": 0, ""object"": 0}, ""eff_fps"": {""gesture"": 0, ""object"": 0}, ""latency_ms"": {""gesture"": 0, ""object"": 0}, ""svclat_ms"": {""gesture"": 0.0, ""object"": 0.0}}, ""e13"": {""services"": [""gesture"", ""object""], ""fps"": {""gesture"": 0, ""object"": 0}, ""eff_fps"": {""gesture"": 0, ""object"": 0}, ""latency_ms"": {""gesture"": 0, ""object"": 0}, ""svclat_ms"": {""gesture"": 0.0, ""object"": 0.0}}, ""e14"": {""services"": [""gesture"", ""object""], ""fps"": {""gesture"": 0, ""object"": 0}, ""eff_fps"": {""gesture"": 0, ""object"": 0}, ""latency_ms"": {""gesture"": 0, ""object"": 0}, ""svclat_ms"": {""gesture"": 0.0, ""object"": 0.0}}, ""e15"": {""services"": [""gesture"", ""object""], ""fps"": {""gesture"": 0, ""object"": 0}, ""eff_fps"": {""gesture"": 0, ""object"": 0}, ""latency_ms"": {""gesture"": 0, ""object"": 0}, ""svclat_ms"": {""gesture"": 0.0, ""object"": 0.0}}}"
463.6,11,10,0.909,0,0,31,13,13,1.0,1121.0,600,0.535,0.0,1.3,0.0,0,30.0,30.0,0,30.0,30.0,0,0,0,0,17.01,22.74,660,"{""ip-172-31-0-204"": ""healthy"", ""ip-172-31-1-171"": ""healthy"", ""ip-172-31-10-12"": ""healthy"", ""ip-172-31-11-132"": ""healthy"", ""ip-172-31-13-134"": ""healthy"", ""ip-172-31-14-68"": ""healthy"", ""ip-172-31-40-239"": ""healthy""}",subscribe,9.4,1.0,0,0,"{""ip-172-31-0-204"": {""object"": 1, ""gesture"": 1}, ""ip-172-31-1-171"": {""object"": 1, ""gesture"": 1}, ""ip-172-31-10-12"": {""object"": 1, ""gesture"": 1}, ""ip-172-31-11-132"": {""object"": 1, ""gesture"": 1}, ""ip-172-31-13-134"": {""gesture"": 1, ""object"": 1}, ""ip-172-31-14-68"": {""gesture"": 1, ""object"": 1}, ""ip-172-31-40-239"": {""gesture"": 1}}","{""e5"": {""services"": [""gesture"", ""object""], ""fps"": {""gesture"": 30, ""object"": 30}, ""eff_fps"": {""gesture"": 30, ""object"": 30}, ""latency_ms"": {""gesture"": 0, ""object"": 0}, ""svclat_ms"": {""gesture"": 18.57, ""object"": 22.92}}, ""e6"": {""services"": [""gesture"", ""object""], ""fps"": {""gesture"": 30, ""object"": 30}, ""eff_fps"": {""gesture"": 30, ""object"": 30}, ""latency_ms"": {""gesture"": 0, ""object"": 0}, ""svclat_ms"": {""gesture"": 15.76, ""object"": 24.9}}, ""e7"": {""services"": [""gesture"", ""object""], ""fps"": {""gesture"": 30, ""object"": 30}, ""eff_fps"": {""gesture"": 30, ""object"": 30}, ""latency_ms"": {""gesture"": 0, ""object"": 0}, ""svclat_ms"": {""gesture"": 17.49, ""object"": 24.16}}, ""e8"": {""services"": [""gesture"", ""object""], ""fps"": {""gesture"": 30, ""object"": 30}, ""eff_fps"": {""gesture"": 30, ""object"": 30}, ""latency_ms"": {""gesture"": 0, ""object"": 0}, ""svclat_ms"": {""gesture"": 16.2, ""object"": 20.88}}, ""e9"": {""services"": [""gesture"", ""object""], ""fps"": {""gesture"": 30, ""object"": 30}, ""eff_fps"": {""gesture"": 30, ""object"": 30}, ""latency_ms"": {""gesture"": 0, ""object"": 0}, ""svclat_ms"": {""gesture"": 16.39, ""object"": 21.0}}, ""e10"": {""services"": [""gesture"", ""object""], ""fps"": {""gesture"": 30, ""object"": 30}, ""eff_fps"": {""gesture"": 30, ""object"": 30}, ""latency_ms"": {""gesture"": 0, ""object"": 0}, ""svclat_ms"": {""gesture"": 16.99, ""object"": 22.88}}, ""e11"": {""services"": [""gesture"", ""object""], ""fps"": {""gesture"": 30, ""object"": 30}, ""eff_fps"": {""gesture"": 30, ""object"": 30}, ""latency_ms"": {""gesture"": 0, ""object"": 0}, ""svclat_ms"": {""gesture"": 13.81, ""object"": 26.82}}, ""e12"": {""services"": [""gesture"", ""object""], ""fps"": {""gesture"": 30, ""object"": 30}, ""eff_fps"": {""gesture"": 30, ""object"": 30}, ""latency_ms"": {""gesture"": 0, ""object"": 0}, ""svclat_ms"": {""gesture"": 16.37, ""object"": 18.28}}, ""e13"": {""services"": [""gesture"", ""object""], ""fps"": {""gesture"": 30, ""object"": 30}, ""eff_fps"": {""gesture"": 30, ""object"": 30}, ""latency_ms"": {""gesture"": 0, ""object"": 0}, ""svclat_ms"": {""gesture"": 15.97, ""object"": 21.28}}, ""e14"": {""services"": [""gesture"", ""object""], ""fps"": {""gesture"": 30, ""object"": 30}, ""eff_fps"": {""gesture"": 30, ""object"": 30}, ""latency_ms"": {""gesture"": 0, ""object"": 0}, ""svclat_ms"": {""gesture"": 16.86, ""object"": 20.95}}, ""e15"": {""services"": [""gesture"", ""object""], ""fps"": {""gesture"": 30, ""object"": 30}, ""eff_fps"": {""gesture"": 30, ""object"": 30}, ""latency_ms"": {""gesture"": 0, ""object"": 0}, ""svclat_ms"": {""gesture"": 22.74, ""object"": 26.08}}}"
466.0,11,11,1.0,0,0,31,13,13,1.0,1121.0,660,0.589,0.0,1.18,0.0,0,30.0,30.0,0,30.0,30.0,0,0,0,0,16.32,22.36,660,"{""ip-172-31-0-204"": ""healthy"", ""ip-172-31-1-171"": ""healthy"", ""ip-172-31-10-12"": ""healthy"", ""ip-172-31-11-132"": ""healthy"", ""ip-172-31-13-134"": ""healthy"", ""ip-172-31-14-68"": ""healthy"", ""ip-172-31-40-239"": ""healthy""}",subscribe,8.7,1.0,0,0,"{""ip-172-31-0-204"": {""object"": 1, ""gesture"": 1}, ""ip-172-31-1-171"": {""object"": 1, ""gesture"": 1}, ""ip-172-31-10-12"": {""object"": 1, ""gesture"": 1}, ""ip-172-31-11-132"": {""object"": 1, ""gesture"": 1}, ""ip-172-31-13-134"": {""gesture"": 1, ""object"": 1}, ""ip-172-31-14-68"": {""gesture"": 1, ""object"": 1}, ""ip-172-31-40-239"": {""gesture"": 1}}","{""e5"": {""services"": [""gesture"", ""object""], ""fps"": {""gesture"": 30, ""object"": 30}, ""eff_fps"": {""gesture"": 30, ""object"": 30}, ""latency_ms"": {""gesture"": 0, ""object"": 0}, ""svclat_ms"": {""gesture"": 17.16, ""object"": 23.47}}, ""e6"": {""services"": [""gesture"", ""object""], ""fps"": {""gesture"": 30, ""object"": 30}, ""eff_fps"": {""gesture"": 30, ""object"": 30}, ""latency_ms"": {""gesture"": 0, ""object"": 0}, ""svclat_ms"": {""gesture"": 15.42, ""object"": 23.98}}, ""e7"": {""services"": [""gesture"", ""object""], ""fps"": {""gesture"": 30, ""object"": 30}, ""eff_fps"": {""gesture"": 30, ""object"": 30}, ""latency_ms"": {""gesture"": 0, ""object"": 0}, ""svclat_ms"": {""gesture"": 16.45, ""object"": 22.89}}, ""e8"": {""services"": [""gesture"", ""object""], ""fps"": {""gesture"": 30, ""object"": 30}, ""eff_fps"": {""gesture"": 30, ""object"": 30}, ""latency_ms"": {""gesture"": 0, ""object"": 0}, ""svclat_ms"": {""gesture"": 15.5, ""object"": 21.18}}, ""e9"": {""services"": [""gesture"", ""object""], ""fps"": {""gesture"": 29, ""object"": 30}, ""eff_fps"": {""gesture"": 29, ""object"": 30}, ""latency_ms"": {""gesture"": 0, ""object"": 0}, ""svclat_ms"": {""gesture"": 15.89, ""object"": 20.66}}, ""e10"": {""services"": [""gesture"", ""object""], ""fps"": {""gesture"": 30, ""object"": 30}, ""eff_fps"": {""gesture"": 30, ""object"": 30}, ""latency_ms"": {""gesture"": 0, ""object"": 0}, ""svclat_ms"": {""gesture"": 15.59, ""object"": 22.74}}, ""e11"": {""services"": [""gesture"", ""object""], ""fps"": {""gesture"": 30, ""object"": 30}, ""eff_fps"": {""gesture"": 30, ""object"": 30}, ""latency_ms"": {""gesture"": 0, ""object"": 0}, ""svclat_ms"": {""gesture"": 13.73, ""object"": 25.29}}, ""e12"": {""services"": [""gesture"", ""object""], ""fps"": {""gesture"": 30, ""object"": 30}, ""eff_fps"": {""gesture"": 30, ""object"": 30}, ""latency_ms"": {""gesture"": 0, ""object"": 0}, ""svclat_ms"": {""gesture"": 15.06, ""object"": 17.15}}, ""e13"": {""services"": [""gesture"", ""object""], ""fps"": {""gesture"": 30, ""object"": 30}, ""eff_fps"": {""gesture"": 30, ""object"": 30}, ""latency_ms"": {""gesture"": 0, ""object"": 0}, ""svclat_ms"": {""gesture"": 15.79, ""object"": 21.41}}, ""e14"": {""services"": [""gesture"", ""object""], ""fps"": {""gesture"": 30, ""object"": 30}, ""eff_fps"": {""gesture"": 30, ""object"": 30}, ""latency_ms"": {""gesture"": 0, ""object"": 0}, ""svclat_ms"": {""gesture"": 16.81, ""object"": 21.09}}, ""e15"": {""services"": [""gesture"", ""object""], ""fps"": {""gesture"": 31, ""object"": 30}, ""eff_fps"": {""gesture"": 31, ""object"": 30}, ""latency_ms"": {""gesture"": 0, ""object"": 0}, ""svclat_ms"": {""gesture"": 22.08, ""object"": 26.15}}}"
468.5,11,11,1.0,0,0,31,13,13,1.0,1121.0,660,0.589,0.0,1.18,0.0,0,30.0,30.0,0,30.0,30.0,0,0,0,0,16.27,22.48,660,"{""ip-172-31-0-204"": ""healthy"", ""ip-172-31-1-171"": ""healthy"", ""ip-172-31-10-12"": ""healthy"", ""ip-172-31-11-132"": ""healthy"", ""ip-172-31-13-134"": ""healthy"", ""ip-172-31-14-68"": ""healthy"", ""ip-172-31-40-239"": ""healthy""}",subscribe,8.7,1.0,0,0,"{""ip-172-31-0-204"": {""object"": 1, ""gesture"": 1}, ""ip-172-31-1-171"": {""object"": 1, ""gesture"": 1}, ""ip-172-31-10-12"": {""object"": 1, ""gesture"": 1}, ""ip-172-31-11-132"": {""object"": 1, ""gesture"": 1}, ""ip-172-31-13-134"": {""gesture"": 1, ""object"": 1}, ""ip-172-31-14-68"": {""gesture"": 1, ""object"": 1}, ""ip-172-31-40-239"": {""gesture"": 1}}","{""e5"": {""services"": [""gesture"", ""object""], ""fps"": {""gesture"": 30, ""object"": 30}, ""eff_fps"": {""gesture"": 30, ""object"": 30}, ""latency_ms"": {""gesture"": 0, ""object"": 0}, ""svclat_ms"": {""gesture"": 16.29, ""object"": 22.87}}, ""e6"": {""services"": [""gesture"", ""object""], ""fps"": {""gesture"": 30, ""object"": 30}, ""eff_fps"": {""gesture"": 30, ""object"": 30}, ""latency_ms"": {""gesture"": 0, ""object"": 0}, ""svclat_ms"": {""gesture"": 15.27, ""object"": 23.9}}, ""e7"": {""services"": [""gesture"", ""object""], ""fps"": {""gesture"": 30, ""object"": 30}, ""eff_fps"": {""gesture"": 30, ""object"": 30}, ""latency_ms"": {""gesture"": 0, ""object"": 0}, ""svclat_ms"": {""gesture"": 16.33, ""object"": 23.53}}, ""e8"": {""services"": [""gesture"", ""object""], ""fps"": {""gesture"": 30, ""object"": 30}, ""eff_fps"": {""gesture"": 30, ""object"": 30}, ""latency_ms"": {""gesture"": 0, ""object"": 0}, ""svclat_ms"": {""gesture"": 15.67, ""object"": 20.8}}, ""e9"": {""services"": [""gesture"", ""object""], ""fps"": {""gesture"": 30, ""object"": 30}, ""eff_fps"": {""gesture"": 30, ""object"": 30}, ""latency_ms"": {""gesture"": 0, ""object"": 0}, ""svclat_ms"": {""gesture"": 15.43, ""object"": 20.48}}, ""e10"": {""services"": [""gesture"", ""object""], ""fps"": {""gesture"": 30, ""object"": 30}, ""eff_fps"": {""gesture"": 30, ""object"": 30}, ""latency_ms"": {""gesture"": 0, ""object"": 0}, ""svclat_ms"": {""gesture"": 14.88, ""object"": 23.95}}, ""e11"": {""services"": [""gesture"", ""object""], ""fps"": {""gesture"": 30, ""object"": 30}, ""eff_fps"": {""gesture"": 30, ""object"": 30}, ""latency_ms"": {""gesture"": 0, ""object"": 0}, ""svclat_ms"": {""gesture"": 13.79, ""object"": 25.0}}, ""e12"": {""services"": [""gesture"", ""object""], ""fps"": {""gesture"": 30, ""object"": 30}, ""eff_fps"": {""gesture"": 30, ""object"": 30}, ""latency_ms"": {""gesture"": 0, ""object"": 0}, ""svclat_ms"": {""gesture"": 15.83, ""object"": 17.8}}, ""e13"": {""services"": [""gesture"", ""object""], ""fps"": {""gesture"": 30, ""object"": 30}, ""eff_fps"": {""gesture"": 30, ""object"": 30}, ""latency_ms"": {""gesture"": 0, ""object"": 0}, ""svclat_ms"": {""gesture"": 15.98, ""object"": 21.14}}, ""e14"": {""services"": [""gesture"", ""object""], ""fps"": {""gesture"": 30, ""object"": 30}, ""eff_fps"": {""gesture"": 30, ""object"": 30}, ""latency_ms"": {""gesture"": 0, ""object"": 0}, ""svclat_ms"": {""gesture"": 17.38, ""object"": 20.68}}, ""e15"": {""services"": [""gesture"", ""object""], ""fps"": {""gesture"": 30, ""object"": 30}, ""eff_fps"": {""gesture"": 30, ""object"": 30}, ""latency_ms"": {""gesture"": 0, ""object"": 0}, ""svclat_ms"": {""gesture"": 22.08, ""object"": 27.14}}}"
470.9,11,11,1.0,0,0,31,13,13,1.0,1121.0,660,0.589,0.0,1.18,0.0,0,30.0,30.0,0,30.0,30.0,0,0,0,0,16.57,22.57,660,"{""ip-172-31-0-204"": ""healthy"", ""ip-172-31-1-171"": ""healthy"", ""ip-172-31-10-12"": ""healthy"", ""ip-172-31-11-132"": ""healthy"", ""ip-172-31-13-134"": ""healthy"", ""ip-172-31-14-68"": ""healthy"", ""ip-172-31-40-239"": ""healthy""}",subscribe,8.7,1.0,0,0,"{""ip-172-31-0-204"": {""object"": 1, ""gesture"": 1}, ""ip-172-31-1-171"": {""object"": 1, ""gesture"": 1}, ""ip-172-31-10-12"": {""object"": 1, ""gesture"": 1}, ""ip-172-31-11-132"": {""object"": 1, ""gesture"": 1}, ""ip-172-31-13-134"": {""gesture"": 1, ""object"": 1}, ""ip-172-31-14-68"": {""gesture"": 1, ""object"": 1}, ""ip-172-31-40-239"": {""gesture"": 1}}","{""e5"": {""services"": [""gesture"", ""object""], ""fps"": {""gesture"": 30, ""object"": 30}, ""eff_fps"": {""gesture"": 30, ""object"": 30}, ""latency_ms"": {""gesture"": 0, ""object"": 0}, ""svclat_ms"": {""gesture"": 16.89, ""object"": 23.19}}, ""e6"": {""services"": [""gesture"", ""object""], ""fps"": {""gesture"": 30, ""object"": 30}, ""eff_fps"": {""gesture"": 30, ""object"": 30}, ""latency_ms"": {""gesture"": 0, ""object"": 0}, ""svclat_ms"": {""gesture"": 15.37, ""object"": 24.85}}, ""e7"": {""services"": [""gesture"", ""object""], ""fps"": {""gesture"": 30, ""object"": 30}, ""eff_fps"": {""gesture"": 30, ""object"": 30}, ""latency_ms"": {""gesture"": 0, ""object"": 0}, ""svclat_ms"": {""gesture"": 16.58, ""object"": 23.72}}, ""e8"": {""services"": [""gesture"", ""object""], ""fps"": {""gesture"": 30, ""object"": 30}, ""eff_fps"": {""gesture"": 30, ""object"": 30}, ""latency_ms"": {""gesture"": 0, ""object"": 0}, ""svclat_ms"": {""gesture"": 15.71, ""object"": 22.28}}, ""e9"": {""services"": [""gesture"", ""object""], ""fps"": {""gesture"": 30, ""object"": 30}, ""eff_fps"": {""gesture"": 30, ""object"": 30}, ""latency_ms"": {""gesture"": 0, ""object"": 0}, ""svclat_ms"": {""gesture"": 17.36, ""object"": 21.72}}, ""e10"": {""services"": [""gesture"", ""object""], ""fps"": {""gesture"": 30, ""object"": 30}, ""eff_fps"": {""gesture"": 30, ""object"": 30}, ""latency_ms"": {""gesture"": 0, ""object"": 0}, ""svclat_ms"": {""gesture"": 16.82, ""object"": 22.94}}, ""e11"": {""services"": [""gesture"", ""object""], ""fps"": {""gesture"": 30, ""object"": 30}, ""eff_fps"": {""gesture"": 30, ""object"": 30}, ""latency_ms"": {""gesture"": 0, ""object"": 0}, ""svclat_ms"": {""gesture"": 13.82, ""object"": 25.96}}, ""e12"": {""services"": [""gesture"", ""object""], ""fps"": {""gesture"": 30, ""object"": 30}, ""eff_fps"": {""gesture"": 30, ""object"": 30}, ""latency_ms"": {""gesture"": 0, ""object"": 0}, ""svclat_ms"": {""gesture"": 14.8, ""object"": 16.55}}, ""e13"": {""services"": [""gesture"", ""object""], ""fps"": {""gesture"": 30, ""object"": 30}, ""eff_fps"": {""gesture"": 30, ""object"": 30}, ""latency_ms"": {""gesture"": 0, ""object"": 0}, ""svclat_ms"": {""gesture"": 16.24, ""object"": 20.47}}, ""e14"": {""services"": [""gesture"", ""object""], ""fps"": {""gesture"": 30, ""object"": 30}, ""eff_fps"": {""gesture"": 30, ""object"": 30}, ""latency_ms"": {""gesture"": 0, ""object"": 0}, ""svclat_ms"": {""gesture"": 16.3, ""object"": 21.23}}, ""e15"": {""services"": [""gesture"", ""object""], ""fps"": {""gesture"": 30, ""object"": 30}, ""eff_fps"": {""gesture"": 30, ""object"": 30}, ""latency_ms"": {""gesture"": 0, ""object"": 0}, ""svclat_ms"": {""gesture"": 22.34, ""object"": 25.39}}}"
473.3,11,11,1.0,0,0,31,13,13,1.0,1121.0,660,0.589,0.0,1.18,0.0,0,30.0,29.91,0,30.0,29.91,0,0,0,0,16.41,22.37,659,"{""ip-172-31-0-204"": ""healthy"", ""ip-172-31-1-171"": ""healthy"", ""ip-172-31-10-12"": ""healthy"", ""ip-172-31-11-132"": ""healthy"", ""ip-172-31-13-134"": ""healthy"", ""ip-172-31-14-68"": ""healthy"", ""ip-172-31-40-239"": ""healthy""}",subscribe,8.7,1.0,0,0,"{""ip-172-31-0-204"": {""object"": 1, ""gesture"": 1}, ""ip-172-31-1-171"": {""object"": 1, ""gesture"": 1}, ""ip-172-31-10-12"": {""object"": 1, ""gesture"": 1}, ""ip-172-31-11-132"": {""object"": 1, ""gesture"": 1}, ""ip-172-31-13-134"": {""gesture"": 1, ""object"": 1}, ""ip-172-31-14-68"": {""gesture"": 1, ""object"": 1}, ""ip-172-31-40-239"": {""gesture"": 1}}","{""e5"": {""services"": [""gesture"", ""object""], ""fps"": {""gesture"": 30, ""object"": 30}, ""eff_fps"": {""gesture"": 30, ""object"": 30}, ""latency_ms"": {""gesture"": 0, ""object"": 0}, ""svclat_ms"": {""gesture"": 17.1, ""object"": 23.18}}, ""e6"": {""services"": [""gesture"", ""object""], ""fps"": {""gesture"": 30, ""object"": 30}, ""eff_fps"": {""gesture"": 30, ""object"": 30}, ""latency_ms"": {""gesture"": 0, ""object"": 0}, ""svclat_ms"": {""gesture"": 15.69, ""object"": 24.45}}, ""e7"": {""services"": [""gesture"", ""object""], ""fps"": {""gesture"": 30, ""object"": 30}, ""eff_fps"": {""gesture"": 30, ""object"": 30}, ""latency_ms"": {""gesture"": 0, ""object"": 0}, ""svclat_ms"": {""gesture"": 16.15, ""object"": 23.43}}, ""e8"": {""services"": [""gesture"", ""object""], ""fps"": {""gesture"": 30, ""object"": 30}, ""eff_fps"": {""gesture"": 30, ""object"": 30}, ""latency_ms"": {""gesture"": 0, ""object"": 0}, ""svclat_ms"": {""gesture"": 15.47, ""object"": 21.88}}, ""e9"": {""services"": [""gesture"", ""object""], ""fps"": {""gesture"": 30, ""object"": 30}, ""eff_fps"": {""gesture"": 30, ""object"": 30}, ""latency_ms"": {""gesture"": 0, ""object"": 0}, ""svclat_ms"": {""gesture"": 16.28, ""object"": 20.84}}, ""e10"": {""services"": [""gesture"", ""object""], ""fps"": {""gesture"": 30, ""object"": 30}, ""eff_fps"": {""gesture"": 30, ""object"": 30}, ""latency_ms"": {""gesture"": 0, ""object"": 0}, ""svclat_ms"": {""gesture"": 16.56, ""object"": 22.85}}, ""e11"": {""services"": [""gesture"", ""object""], ""fps"": {""gesture"": 30, ""object"": 29}, ""eff_fps"": {""gesture"": 30, ""object"": 29}, ""latency_ms"": {""gesture"": 0, ""object"": 0}, ""svclat_ms"": {""gesture"": 13.65, ""object"": 26.43}}, ""e12"": {""services"": [""gesture"", ""object""], ""fps"": {""gesture"": 30, ""object"": 30}, ""eff_fps"": {""gesture"": 30, ""object"": 30}, ""latency_ms"": {""gesture"": 0, ""object"": 0}, ""svclat_ms"": {""gesture"": 14.9, ""object"": 16.74}}, ""e13"": {""services"": [""gesture"", ""object""], ""fps"": {""gesture"": 30, ""object"": 30}, ""eff_fps"": {""gesture"": 30, ""object"": 30}, ""latency_ms"": {""gesture"": 0, ""object"": 0}, ""svclat_ms"": {""gesture"": 16.17, ""object"": 20.91}}, ""e14"": {""services"": [""gesture"", ""object""], ""fps"": {""gesture"": 30, ""object"": 30}, ""eff_fps"": {""gesture"": 30, ""object"": 30}, ""latency_ms"": {""gesture"": 0, ""object"": 0}, ""svclat_ms"": {""gesture"": 16.55, ""object"": 20.72}}, ""e15"": {""services"": [""gesture"", ""object""], ""fps"": {""gesture"": 30, ""object"": 30}, ""eff_fps"": {""gesture"": 30, ""object"": 30}, ""latency_ms"": {""gesture"": 0, ""object"": 0}, ""svclat_ms"": {""gesture"": 21.98, ""object"": 24.68}}}"
475.8,11,11,1.0,0,0,31,13,13,1.0,1121.0,660,0.589,0.0,1.18,0.0,0,29.91,30.0,0,29.91,30.0,0,0,0,0,16.56,22.35,659,"{""ip-172-31-0-204"": ""healthy"", ""ip-172-31-1-171"": ""healthy"", ""ip-172-31-10-12"": ""healthy"", ""ip-172-31-11-132"": ""healthy"", ""ip-172-31-13-134"": ""healthy"", ""ip-172-31-14-68"": ""healthy"", ""ip-172-31-40-239"": ""healthy""}",subscribe,8.7,1.0,0,0,"{""ip-172-31-0-204"": {""object"": 1, ""gesture"": 1}, ""ip-172-31-1-171"": {""object"": 1, ""gesture"": 1}, ""ip-172-31-10-12"": {""object"": 1, ""gesture"": 1}, ""ip-172-31-11-132"": {""object"": 1, ""gesture"": 1}, ""ip-172-31-13-134"": {""gesture"": 1, ""object"": 1}, ""ip-172-31-14-68"": {""gesture"": 1, ""object"": 1}, ""ip-172-31-40-239"": {""gesture"": 1}}","{""e5"": {""services"": [""gesture"", ""object""], ""fps"": {""gesture"": 30, ""object"": 31}, ""eff_fps"": {""gesture"": 30, ""object"": 31}, ""latency_ms"": {""gesture"": 0, ""object"": 0}, ""svclat_ms"": {""gesture"": 16.16, ""object"": 23.24}}, ""e6"": {""services"": [""gesture"", ""object""], ""fps"": {""gesture"": 30, ""object"": 30}, ""eff_fps"": {""gesture"": 30, ""object"": 30}, ""latency_ms"": {""gesture"": 0, ""object"": 0}, ""svclat_ms"": {""gesture"": 15.51, ""object"": 23.96}}, ""e7"": {""services"": [""gesture"", ""object""], ""fps"": {""gesture"": 30, ""object"": 30}, ""eff_fps"": {""gesture"": 30, ""object"": 30}, ""latency_ms"": {""gesture"": 0, ""object"": 0}, ""svclat_ms"": {""gesture"": 16.76, ""object"": 23.05}}, ""e8"": {""services"": [""gesture"", ""object""], ""fps"": {""gesture"": 30, ""object"": 30}, ""eff_fps"": {""gesture"": 30, ""object"": 30}, ""latency_ms"": {""gesture"": 0, ""object"": 0}, ""svclat_ms"": {""gesture"": 15.68, ""object"": 22.43}}, ""e9"": {""services"": [""gesture"", ""object""], ""fps"": {""gesture"": 30, ""object"": 30}, ""eff_fps"": {""gesture"": 30, ""object"": 30}, ""latency_ms"": {""gesture"": 0, ""object"": 0}, ""svclat_ms"": {""gesture"": 16.8, ""object"": 20.98}}, ""e10"": {""services"": [""gesture"", ""object""], ""fps"": {""gesture"": 30, ""object"": 30}, ""eff_fps"": {""gesture"": 30, ""object"": 30}, ""latency_ms"": {""gesture"": 0, ""object"": 0}, ""svclat_ms"": {""gesture"": 15.58, ""object"": 22.23}}, ""e11"": {""services"": [""gesture"", ""object""], ""fps"": {""gesture"": 30, ""object"": 29}, ""eff_fps"": {""gesture"": 30, ""object"": 29}, ""latency_ms"": {""gesture"": 0, ""object"": 0}, ""svclat_ms"": {""gesture"": 13.84, ""object"": 25.21}}, ""e12"": {""services"": [""gesture"", ""object""], ""fps"": {""gesture"": 30, ""object"": 30}, ""eff_fps"": {""gesture"": 30, ""object"": 30}, ""latency_ms"": {""gesture"": 0, ""object"": 0}, ""svclat_ms"": {""gesture"": 15.72, ""object"": 17.49}}, ""e13"": {""services"": [""gesture"", ""object""], ""fps"": {""gesture"": 30, ""object"": 30}, ""eff_fps"": {""gesture"": 30, ""object"": 30}, ""latency_ms"": {""gesture"": 0, ""object"": 0}, ""svclat_ms"": {""gesture"": 17.02, ""object"": 20.78}}, ""e14"": {""services"": [""gesture"", ""object""], ""fps"": {""gesture"": 30, ""object"": 30}, ""eff_fps"": {""gesture"": 30, ""object"": 30}, ""latency_ms"": {""gesture"": 0, ""object"": 0}, ""svclat_ms"": {""gesture"": 16.41, ""object"": 20.96}}, ""e15"": {""services"": [""gesture"", ""object""], ""fps"": {""gesture"": 29, ""object"": 30}, ""eff_fps"": {""gesture"": 29, ""object"": 30}, ""latency_ms"": {""gesture"": 0, ""object"": 0}, ""svclat_ms"": {""gesture"": 22.65, ""object"": 25.47}}}"
478.2,11,11,1.0,0,0,31,13,13,1.0,1121.0,660,0.589,0.0,1.18,0.0,0,30.0,29.91,0,30.0,29.91,0,0,0,0,16.74,22.66,659,"{""ip-172-31-0-204"": ""healthy"", ""ip-172-31-1-171"": ""healthy"", ""ip-172-31-10-12"": ""healthy"", ""ip-172-31-11-132"": ""healthy"", ""ip-172-31-13-134"": ""healthy"", ""ip-172-31-14-68"": ""healthy"", ""ip-172-31-40-239"": ""healthy""}",subscribe,8.7,1.0,0,0,"{""ip-172-31-0-204"": {""object"": 1, ""gesture"": 1}, ""ip-172-31-1-171"": {""object"": 1, ""gesture"": 1}, ""ip-172-31-10-12"": {""object"": 1, ""gesture"": 1}, ""ip-172-31-11-132"": {""object"": 1, ""gesture"": 1}, ""ip-172-31-13-134"": {""gesture"": 1, ""object"": 1}, ""ip-172-31-14-68"": {""gesture"": 1, ""object"": 1}, ""ip-172-31-40-239"": {""gesture"": 1}}","{""e5"": {""services"": [""gesture"", ""object""], ""fps"": {""gesture"": 29, ""object"": 30}, ""eff_fps"": {""gesture"": 29, ""object"": 30}, ""latency_ms"": {""gesture"": 0, ""object"": 0}, ""svclat_ms"": {""gesture"": 20.03, ""object"": 24.63}}, ""e6"": {""services"": [""gesture"", ""object""], ""fps"": {""gesture"": 31, ""object"": 30}, ""eff_fps"": {""gesture"": 31, ""object"": 30}, ""latency_ms"": {""gesture"": 0, ""object"": 0}, ""svclat_ms"": {""gesture"": 15.58, ""object"": 24.03}}, ""e7"": {""services"": [""gesture"", ""object""], ""fps"": {""gesture"": 30, ""object"": 30}, ""eff_fps"": {""gesture"": 30, ""object"": 30}, ""latency_ms"": {""gesture"": 0, ""object"": 0}, ""svclat_ms"": {""gesture"": 17.34, ""object"": 23.61}}, ""e8"": {""services"": [""gesture"", ""object""], ""fps"": {""gesture"": 30, ""object"": 30}, ""eff_fps"": {""gesture"": 30, ""object"": 30}, ""latency_ms"": {""gesture"": 0, ""object"": 0}, ""svclat_ms"": {""gesture"": 15.81, ""object"": 22.08}}, ""e9"": {""services"": [""gesture"", ""object""], ""fps"": {""gesture"": 30, ""object"": 29}, ""eff_fps"": {""gesture"": 30, ""object"": 29}, ""latency_ms"": {""gesture"": 0, ""object"": 0}, ""svclat_ms"": {""gesture"": 16.03, ""object"": 20.78}}, ""e10"": {""services"": [""gesture"", ""object""], ""fps"": {""gesture"": 30, ""object"": 30}, ""eff_fps"": {""gesture"": 30, ""object"": 30}, ""latency_ms"": {""gesture"": 0, ""object"": 0}, ""svclat_ms"": {""gesture"": 15.77, ""object"": 23.48}}, ""e11"": {""services"": [""gesture"", ""object""], ""fps"": {""gesture"": 30, ""object"": 30}, ""eff_fps"": {""gesture"": 30, ""object"": 30}, ""latency_ms"": {""gesture"": 0, ""object"": 0}, ""svclat_ms"": {""gesture"": 13.68, ""object"": 24.87}}, ""e12"": {""services"": [""gesture"", ""object""], ""fps"": {""gesture"": 30, ""object"": 30}, ""eff_fps"": {""gesture"": 30, ""object"": 30}, ""latency_ms"": {""gesture"": 0, ""object"": 0}, ""svclat_ms"": {""gesture"": 16.24, ""object"": 18.4}}, ""e13"": {""services"": [""gesture"", ""object""], ""fps"": {""gesture"": 30, ""object"": 30}, ""eff_fps"": {""gesture"": 30, ""object"": 30}, ""latency_ms"": {""gesture"": 0, ""object"": 0}, ""svclat_ms"": {""gesture"": 16.07, ""object"": 21.36}}, ""e14"": {""services"": [""gesture"", ""object""], ""fps"": {""gesture"": 30, ""object"": 30}, ""eff_fps"": {""gesture"": 30, ""object"": 30}, ""latency_ms"": {""gesture"": 0, ""object"": 0}, ""svclat_ms"": {""gesture"": 16.89, ""object"": 21.25}}, ""e15"": {""services"": [""gesture"", ""object""], ""fps"": {""gesture"": 30, ""object"": 30}, ""eff_fps"": {""gesture"": 30, ""object"": 30}, ""latency_ms"": {""gesture"": 0, ""object"": 0}, ""svclat_ms"": {""gesture"": 20.71, ""object"": 24.78}}}"
480.6,11,11,1.0,0,0,31,13,13,1.0,1121.0,660,0.589,0.0,1.18,0.0,0,30.0,30.09,0,30.0,30.09,0,0,0,0,16.55,22.49,661,"{""ip-172-31-0-204"": ""healthy"", ""ip-172-31-1-171"": ""healthy"", ""ip-172-31-10-12"": ""healthy"", ""ip-172-31-11-132"": ""healthy"", ""ip-172-31-13-134"": ""healthy"", ""ip-172-31-14-68"": ""healthy"", ""ip-172-31-40-239"": ""healthy""}",subscribe,8.7,1.0,0,0,"{""ip-172-31-0-204"": {""object"": 1, ""gesture"": 1}, ""ip-172-31-1-171"": {""object"": 1, ""gesture"": 1}, ""ip-172-31-10-12"": {""object"": 1, ""gesture"": 1}, ""ip-172-31-11-132"": {""object"": 1, ""gesture"": 1}, ""ip-172-31-13-134"": {""gesture"": 1, ""object"": 1}, ""ip-172-31-14-68"": {""gesture"": 1, ""object"": 1}, ""ip-172-31-40-239"": {""gesture"": 1}}","{""e5"": {""services"": [""gesture"", ""object""], ""fps"": {""gesture"": 30, ""object"": 31}, ""eff_fps"": {""gesture"": 30, ""object"": 31}, ""latency_ms"": {""gesture"": 0, ""object"": 0}, ""svclat_ms"": {""gesture"": 17.27, ""object"": 22.98}}, ""e6"": {""services"": [""gesture"", ""object""], ""fps"": {""gesture"": 30, ""object"": 30}, ""eff_fps"": {""gesture"": 30, ""object"": 30}, ""latency_ms"": {""gesture"": 0, ""object"": 0}, ""svclat_ms"": {""gesture"": 16.17, ""object"": 24.02}}, ""e7"": {""services"": [""gesture"", ""object""], ""fps"": {""gesture"": 30, ""object"": 30}, ""eff_fps"": {""gesture"": 30, ""object"": 30}, ""latency_ms"": {""gesture"": 0, ""object"": 0}, ""svclat_ms"": {""gesture"": 16.6, ""object"": 23.81}}, ""e8"": {""services"": [""gesture"", ""object""], ""fps"": {""gesture"": 30, ""object"": 30}, ""eff_fps"": {""gesture"": 30, ""object"": 30}, ""latency_ms"": {""gesture"": 0, ""object"": 0}, ""svclat_ms"": {""gesture"": 16.04, ""object"": 22.65}}, ""e9"": {""services"": [""gesture"", ""object""], ""fps"": {""gesture"": 30, ""object"": 30}, ""eff_fps"": {""gesture"": 30, ""object"": 30}, ""latency_ms"": {""gesture"": 0, ""object"": 0}, ""svclat_ms"": {""gesture"": 16.0, ""object"": 20.8}}, ""e10"": {""services"": [""gesture"", ""object""], ""fps"": {""gesture"": 30, ""object"": 30}, ""eff_fps"": {""gesture"": 30, ""object"": 30}, ""latency_ms"": {""gesture"": 0, ""object"": 0}, ""svclat_ms"": {""gesture"": 17.02, ""object"": 23.29}}, ""e11"": {""services"": [""gesture"", ""object""], ""fps"": {""gesture"": 30, ""object"": 30}, ""eff_fps"": {""gesture"": 30, ""object"": 30}, ""latency_ms"": {""gesture"": 0, ""object"": 0}, ""svclat_ms"": {""gesture"": 13.74, ""object"": 24.54}}, ""e12"": {""services"": [""gesture"", ""object""], ""fps"": {""gesture"": 30, ""object"": 30}, ""eff_fps"": {""gesture"": 30, ""object"": 30}, ""latency_ms"": {""gesture"": 0, ""object"": 0}, ""svclat_ms"": {""gesture"": 14.77, ""object"": 16.74}}, ""e13"": {""services"": [""gesture"", ""object""], ""fps"": {""gesture"": 30, ""object"": 30}, ""eff_fps"": {""gesture"": 30, ""object"": 30}, ""latency_ms"": {""gesture"": 0, ""object"": 0}, ""svclat_ms"": {""gesture"": 16.33, ""object"": 21.32}}, ""e14"": {""services"": [""gesture"", ""object""], ""fps"": {""gesture"": 30, ""object"": 30}, ""eff_fps"": {""gesture"": 30, ""object"": 30}, ""latency_ms"": {""gesture"": 0, ""object"": 0}, ""svclat_ms"": {""gesture"": 16.36, ""object"": 21.5}}, ""e15"": {""services"": [""gesture"", ""object""], ""fps"": {""gesture"": 30, ""object"": 30}, ""eff_fps"": {""gesture"": 30, ""object"": 30}, ""latency_ms"": {""gesture"": 0, ""object"": 0}, ""svclat_ms"": {""gesture"": 21.79, ""object"": 25.79}}}"
483.0,11,11,1.0,0,0,31,13,13,1.0,1121.0,660,0.589,0.0,1.18,0.0,0,30.0,30.09,0,30.0,30.09,0,0,0,0,16.36,21.94,661,"{""ip-172-31-0-204"": ""healthy"", ""ip-172-31-1-171"": ""healthy"", ""ip-172-31-10-12"": ""healthy"", ""ip-172-31-11-132"": ""healthy"", ""ip-172-31-13-134"": ""healthy"", ""ip-172-31-14-68"": ""healthy"", ""ip-172-31-40-239"": ""healthy""}",subscribe,8.7,1.0,0,0,"{""ip-172-31-0-204"": {""object"": 1, ""gesture"": 1}, ""ip-172-31-1-171"": {""object"": 1, ""gesture"": 1}, ""ip-172-31-10-12"": {""object"": 1, ""gesture"": 1}, ""ip-172-31-11-132"": {""object"": 1, ""gesture"": 1}, ""ip-172-31-13-134"": {""gesture"": 1, ""object"": 1}, ""ip-172-31-14-68"": {""gesture"": 1, ""object"": 1}, ""ip-172-31-40-239"": {""gesture"": 1}}","{""e5"": {""services"": [""gesture"", ""object""], ""fps"": {""gesture"": 30, ""object"": 30}, ""eff_fps"": {""gesture"": 30, ""object"": 30}, ""latency_ms"": {""gesture"": 0, ""object"": 0}, ""svclat_ms"": {""gesture"": 16.84, ""object"": 23.42}}, ""e6"": {""services"": [""gesture"", ""object""], ""fps"": {""gesture"": 30, ""object"": 30}, ""eff_fps"": {""gesture"": 30, ""object"": 30}, ""latency_ms"": {""gesture"": 0, ""object"": 0}, ""svclat_ms"": {""gesture"": 15.43, ""object"": 23.82}}, ""e7"": {""services"": [""gesture"", ""object""], ""fps"": {""gesture"": 30, ""object"": 30}, ""eff_fps"": {""gesture"": 30, ""object"": 30}, ""latency_ms"": {""gesture"": 0, ""object"": 0}, ""svclat_ms"": {""gesture"": 16.49, ""object"": 23.45}}, ""e8"": {""services"": [""gesture"", ""object""], ""fps"": {""gesture"": 30, ""object"": 30}, ""eff_fps"": {""gesture"": 30, ""object"": 30}, ""latency_ms"": {""gesture"": 0, ""object"": 0}, ""svclat_ms"": {""gesture"": 15.55, ""object"": 21.73}}, ""e9"": {""services"": [""gesture"", ""object""], ""fps"": {""gesture"": 30, ""object"": 30}, ""eff_fps"": {""gesture"": 30, ""object"": 30}, ""latency_ms"": {""gesture"": 0, ""object"": 0}, ""svclat_ms"": {""gesture"": 15.62, ""object"": 20.2}}, ""e10"": {""services"": [""gesture"", ""object""], ""fps"": {""gesture"": 30, ""object"": 30}, ""eff_fps"": {""gesture"": 30, ""object"": 30}, ""latency_ms"": {""gesture"": 0, ""object"": 0}, ""svclat_ms"": {""gesture"": 15.41, ""object"": 23.11}}, ""e11"": {""services"": [""gesture"", ""object""], ""fps"": {""gesture"": 30, ""object"": 31}, ""eff_fps"": {""gesture"": 30, ""object"": 31}, ""latency_ms"": {""gesture"": 0, ""object"": 0}, ""svclat_ms"": {""gesture"": 13.74, ""object"": 24.39}}, ""e12"": {""services"": [""gesture"", ""object""], ""fps"": {""gesture"": 30, ""object"": 30}, ""eff_fps"": {""gesture"": 30, ""object"": 30}, ""latency_ms"": {""gesture"": 0, ""object"": 0}, ""svclat_ms"": {""gesture"": 14.78, ""object"": 16.91}}, ""e13"": {""services"": [""gesture"", ""object""], ""fps"": {""gesture"": 30, ""object"": 30}, ""eff_fps"": {""gesture"": 30, ""object"": 30}, ""latency_ms"": {""gesture"": 0, ""object"": 0}, ""svclat_ms"": {""gesture"": 17.47, ""object"": 20.79}}, ""e14"": {""services"": [""gesture"", ""object""], ""fps"": {""gesture"": 30, ""object"": 30}, ""eff_fps"": {""gesture"": 30, ""object"": 30}, ""latency_ms"": {""gesture"": 0, ""object"": 0}, ""svclat_ms"": {""gesture"": 17.18, ""object"": 21.3}}, ""e15"": {""services"": [""gesture"", ""object""], ""fps"": {""gesture"": 30, ""object"": 30}, ""eff_fps"": {""gesture"": 30, ""object"": 30}, ""latency_ms"": {""gesture"": 0, ""object"": 0}, ""svclat_ms"": {""gesture"": 21.49, ""object"": 22.2}}}"
485.5,11,11,1.0,0,0,31,13,13,1.0,1121.0,660,0.589,0.0,1.18,0.0,0,30.09,30.09,0,30.09,30.09,0,0,0,0,16.45,21.87,662,"{""ip-172-31-0-204"": ""healthy"", ""ip-172-31-1-171"": ""healthy"", ""ip-172-31-10-12"": ""healthy"", ""ip-172-31-11-132"": ""healthy"", ""ip-172-31-13-134"": ""healthy"", ""ip-172-31-14-68"": ""healthy"", ""ip-172-31-40-239"": ""healthy""}",subscribe,8.7,1.0,0,0,"{""ip-172-31-0-204"": {""object"": 1, ""gesture"": 1}, ""ip-172-31-1-171"": {""object"": 1, ""gesture"": 1}, ""ip-172-31-10-12"": {""object"": 1, ""gesture"": 1}, ""ip-172-31-11-132"": {""object"": 1, ""gesture"": 1}, ""ip-172-31-13-134"": {""gesture"": 1, ""object"": 1}, ""ip-172-31-14-68"": {""gesture"": 1, ""object"": 1}, ""ip-172-31-40-239"": {""gesture"": 1}}","{""e5"": {""services"": [""gesture"", ""object""], ""fps"": {""gesture"": 30, ""object"": 30}, ""eff_fps"": {""gesture"": 30, ""object"": 30}, ""latency_ms"": {""gesture"": 0, ""object"": 0}, ""svclat_ms"": {""gesture"": 17.22, ""object"": 23.95}}, ""e6"": {""services"": [""gesture"", ""object""], ""fps"": {""gesture"": 30, ""object"": 30}, ""eff_fps"": {""gesture"": 30, ""object"": 30}, ""latency_ms"": {""gesture"": 0, ""object"": 0}, ""svclat_ms"": {""gesture"": 15.65, ""object"": 24.33}}, ""e7"": {""services"": [""gesture"", ""object""], ""fps"": {""gesture"": 30, ""object"": 30}, ""eff_fps"": {""gesture"": 30, ""object"": 30}, ""latency_ms"": {""gesture"": 0, ""object"": 0}, ""svclat_ms"": {""gesture"": 16.67, ""object"": 23.33}}, ""e8"": {""services"": [""gesture"", ""object""], ""fps"": {""gesture"": 30, ""object"": 30}, ""eff_fps"": {""gesture"": 30, ""object"": 30}, ""latency_ms"": {""gesture"": 0, ""object"": 0}, ""svclat_ms"": {""gesture"": 14.98, ""object"": 21.24}}, ""e9"": {""services"": [""gesture"", ""object""], ""fps"": {""gesture"": 31, ""object"": 30}, ""eff_fps"": {""gesture"": 31, ""object"": 30}, ""latency_ms"": {""gesture"": 0, ""object"": 0}, ""svclat_ms"": {""gesture"": 15.8, ""object"": 20.61}}, ""e10"": {""services"": [""gesture"", ""object""], ""fps"": {""gesture"": 30, ""object"": 30}, ""eff_fps"": {""gesture"": 30, ""object"": 30}, ""latency_ms"": {""gesture"": 0, ""object"": 0}, ""svclat_ms"": {""gesture"": 16.34, ""object"": 22.52}}, ""e11"": {""services"": [""gesture"", ""object""], ""fps"": {""gesture"": 30, ""object"": 31}, ""eff_fps"": {""gesture"": 30, ""object"": 31}, ""latency_ms"": {""gesture"": 0, ""object"": 0}, ""svclat_ms"": {""gesture"": 13.85, ""object"": 24.79}}, ""e12"": {""services"": [""gesture"", ""object""], ""fps"": {""gesture"": 30, ""object"": 30}, ""eff_fps"": {""gesture"": 30, ""object"": 30}, ""latency_ms"": {""gesture"": 0, ""object"": 0}, ""svclat_ms"": {""gesture"": 14.95, ""object"": 16.64}}, ""e13"": {""services"": [""gesture"", ""object""], ""fps"": {""gesture"": 30, ""object"": 30}, ""eff_fps"": {""gesture"": 30, ""object"": 30}, ""latency_ms"": {""gesture"": 0, ""object"": 0}, ""svclat_ms"": {""gesture"": 16.49, ""object"": 21.25}}, ""e14"": {""services"": [""gesture"", ""object""], ""fps"": {""gesture"": 30, ""object"": 30}, ""eff_fps"": {""gesture"": 30, ""object"": 30}, ""latency_ms"": {""gesture"": 0, ""object"": 0}, ""svclat_ms"": {""gesture"": 16.79, ""object"": 21.19}}, ""e15"": {""services"": [""gesture"", ""object""], ""fps"": {""gesture"": 30, ""object"": 30}, ""eff_fps"": {""gesture"": 30, ""object"": 30}, ""latency_ms"": {""gesture"": 0, ""object"": 0}, ""svclat_ms"": {""gesture"": 22.26, ""object"": 20.67}}}"
487.9,11,11,1.0,0,0,31,13,13,1.0,1121.0,660,0.589,0.0,1.18,0.0,0,29.82,30.09,0,29.82,30.09,0,0,0,0,16.85,22.12,659,"{""ip-172-31-0-204"": ""healthy"", ""ip-172-31-1-171"": ""healthy"", ""ip-172-31-10-12"": ""healthy"", ""ip-172-31-11-132"": ""healthy"", ""ip-172-31-13-134"": ""healthy"", ""ip-172-31-14-68"": ""healthy"", ""ip-172-31-40-239"": ""healthy""}",subscribe,8.7,1.0,0,0,"{""ip-172-31-0-204"": {""object"": 1, ""gesture"": 1}, ""ip-172-31-1-171"": {""object"": 1, ""gesture"": 1}, ""ip-172-31-10-12"": {""object"": 1, ""gesture"": 1}, ""ip-172-31-11-132"": {""object"": 1, ""gesture"": 1}, ""ip-172-31-13-134"": {""gesture"": 1, ""object"": 1}, ""ip-172-31-14-68"": {""gesture"": 1, ""object"": 1}, ""ip-172-31-40-239"": {""gesture"": 1}}","{""e5"": {""services"": [""gesture"", ""object""], ""fps"": {""gesture"": 30, ""object"": 31}, ""eff_fps"": {""gesture"": 30, ""object"": 31}, ""latency_ms"": {""gesture"": 0, ""object"": 0}, ""svclat_ms"": {""gesture"": 18.49, ""object"": 24.15}}, ""e6"": {""services"": [""gesture"", ""object""], ""fps"": {""gesture"": 30, ""object"": 30}, ""eff_fps"": {""gesture"": 30, ""object"": 30}, ""latency_ms"": {""gesture"": 0, ""object"": 0}, ""svclat_ms"": {""gesture"": 15.54, ""object"": 24.61}}, ""e7"": {""services"": [""gesture"", ""object""], ""fps"": {""gesture"": 29, ""object"": 30}, ""eff_fps"": {""gesture"": 29, ""object"": 30}, ""latency_ms"": {""gesture"": 0, ""object"": 0}, ""svclat_ms"": {""gesture"": 18.35, ""object"": 23.78}}, ""e8"": {""services"": [""gesture"", ""object""], ""fps"": {""gesture"": 30, ""object"": 30}, ""eff_fps"": {""gesture"": 30, ""object"": 30}, ""latency_ms"": {""gesture"": 0, ""object"": 0}, ""svclat_ms"": {""gesture"": 15.58, ""object"": 21.99}}, ""e9"": {""services"": [""gesture"", ""object""], ""fps"": {""gesture"": 30, ""object"": 30}, ""eff_fps"": {""gesture"": 30, ""object"": 30}, ""latency_ms"": {""gesture"": 0, ""object"": 0}, ""svclat_ms"": {""gesture"": 16.0, ""object"": 20.72}}, ""e10"": {""services"": [""gesture"", ""object""], ""fps"": {""gesture"": 30, ""object"": 30}, ""eff_fps"": {""gesture"": 30, ""object"": 30}, ""latency_ms"": {""gesture"": 0, ""object"": 0}, ""svclat_ms"": {""gesture"": 16.98, ""object"": 23.13}}, ""e11"": {""services"": [""gesture"", ""object""], ""fps"": {""gesture"": 30, ""object"": 30}, ""eff_fps"": {""gesture"": 30, ""object"": 30}, ""latency_ms"": {""gesture"": 0, ""object"": 0}, ""svclat_ms"": {""gesture"": 13.63, ""object"": 25.06}}, ""e12"": {""services"": [""gesture"", ""object""], ""fps"": {""gesture"": 30, ""object"": 30}, ""eff_fps"": {""gesture"": 30, ""object"": 30}, ""latency_ms"": {""gesture"": 0, ""object"": 0}, ""svclat_ms"": {""gesture"": 15.26, ""object"": 17.47}}, ""e13"": {""services"": [""gesture"", ""object""], ""fps"": {""gesture"": 30, ""object"": 30}, ""eff_fps"": {""gesture"": 30, ""object"": 30}, ""latency_ms"": {""gesture"": 0, ""object"": 0}, ""svclat_ms"": {""gesture"": 16.45, ""object"": 20.92}}, ""e14"": {""services"": [""gesture"", ""object""], ""fps"": {""gesture"": 29, ""object"": 30}, ""eff_fps"": {""gesture"": 29, ""object"": 30}, ""latency_ms"": {""gesture"": 0, ""object"": 0}, ""svclat_ms"": {""gesture"": 18.66, ""object"": 20.91}}, ""e15"": {""services"": [""gesture"", ""object""], ""fps"": {""gesture"": 30, ""object"": 30}, ""eff_fps"": {""gesture"": 30, ""object"": 30}, ""latency_ms"": {""gesture"": 0, ""object"": 0}, ""svclat_ms"": {""gesture"": 20.44, ""object"": 20.56}}}"
490.3,11,11,1.0,0,0,31,13,13,1.0,1121.0,660,0.589,0.0,1.18,0.0,0,30.0,30.0,0,30.0,30.0,0,0,0,0,16.45,21.9,660,"{""ip-172-31-0-204"": ""healthy"", ""ip-172-31-1-171"": ""healthy"", ""ip-172-31-10-12"": ""healthy"", ""ip-172-31-11-132"": ""healthy"", ""ip-172-31-13-134"": ""healthy"", ""ip-172-31-14-68"": ""healthy"", ""ip-172-31-40-239"": ""healthy""}",subscribe,8.7,1.0,0,0,"{""ip-172-31-0-204"": {""object"": 1, ""gesture"": 1}, ""ip-172-31-1-171"": {""object"": 1, ""gesture"": 1}, ""ip-172-31-10-12"": {""object"": 1, ""gesture"": 1}, ""ip-172-31-11-132"": {""object"": 1, ""gesture"": 1}, ""ip-172-31-13-134"": {""gesture"": 1, ""object"": 1}, ""ip-172-31-14-68"": {""gesture"": 1, ""object"": 1}, ""ip-172-31-40-239"": {""gesture"": 1}}","{""e5"": {""services"": [""gesture"", ""object""], ""fps"": {""gesture"": 30, ""object"": 30}, ""eff_fps"": {""gesture"": 30, ""object"": 30}, ""latency_ms"": {""gesture"": 0, ""object"": 0}, ""svclat_ms"": {""gesture"": 17.8, ""object"": 22.61}}, ""e6"": {""services"": [""gesture"", ""object""], ""fps"": {""gesture"": 30, ""object"": 30}, ""eff_fps"": {""gesture"": 30, ""object"": 30}, ""latency_ms"": {""gesture"": 0, ""object"": 0}, ""svclat_ms"": {""gesture"": 15.59, ""object"": 23.94}}, ""e7"": {""services"": [""gesture"", ""object""], ""fps"": {""gesture"": 30, ""object"": 30}, ""eff_fps"": {""gesture"": 30, ""object"": 30}, ""latency_ms"": {""gesture"": 0, ""object"": 0}, ""svclat_ms"": {""gesture"": 16.11, ""object"": 23.21}}, ""e8"": {""services"": [""gesture"", ""object""], ""fps"": {""gesture"": 30, ""object"": 30}, ""eff_fps"": {""gesture"": 30, ""object"": 30}, ""latency_ms"": {""gesture"": 0, ""object"": 0}, ""svclat_ms"": {""gesture"": 15.4, ""object"": 21.92}}, ""e9"": {""services"": [""gesture"", ""object""], ""fps"": {""gesture"": 30, ""object"": 30}, ""eff_fps"": {""gesture"": 30, ""object"": 30}, ""latency_ms"": {""gesture"": 0, ""object"": 0}, ""svclat_ms"": {""gesture"": 15.62, ""object"": 20.35}}, ""e10"": {""services"": [""gesture"", ""object""], ""fps"": {""gesture"": 30, ""object"": 30}, ""eff_fps"": {""gesture"": 30, ""object"": 30}, ""latency_ms"": {""gesture"": 0, ""object"": 0}, ""svclat_ms"": {""gesture"": 15.15, ""object"": 22.49}}, ""e11"": {""services"": [""gesture"", ""object""], ""fps"": {""gesture"": 30, ""object"": 30}, ""eff_fps"": {""gesture"": 30, ""object"": 30}, ""latency_ms"": {""gesture"": 0, ""object"": 0}, ""svclat_ms"": {""gesture"": 13.85, ""object"": 24.56}}, ""e12"": {""services"": [""gesture"", ""object""], ""fps"": {""gesture"": 30, ""object"": 30}, ""eff_fps"": {""gesture"": 30, ""object"": 30}, ""latency_ms"": {""gesture"": 0, ""object"": 0}, ""svclat_ms"": {""gesture"": 17.06, ""object"": 18.93}}, ""e13"": {""services"": [""gesture"", ""object""], ""fps"": {""gesture"": 30, ""object"": 30}, ""eff_fps"": {""gesture"": 30, ""object"": 30}, ""latency_ms"": {""gesture"": 0, ""object"": 0}, ""svclat_ms"": {""gesture"": 16.2, ""object"": 21.26}}, ""e14"": {""services"": [""gesture"", ""object""], ""fps"": {""gesture"": 30, ""object"": 30}, ""eff_fps"": {""gesture"": 30, ""object"": 30}, ""latency_ms"": {""gesture"": 0, ""object"": 0}, ""svclat_ms"": {""gesture"": 16.49, ""object"": 20.82}}, ""e15"": {""services"": [""gesture"", ""object""], ""fps"": {""gesture"": 30, ""object"": 30}, ""eff_fps"": {""gesture"": 30, ""object"": 30}, ""latency_ms"": {""gesture"": 0, ""object"": 0}, ""svclat_ms"": {""gesture"": 21.65, ""object"": 20.82}}}"
492.8,11,11,1.0,0,0,31,13,13,1.0,1121.0,660,0.589,0.0,1.18,0.0,0,30.0,30.09,0,30.0,30.09,0,0,0,0,16.3,21.79,661,"{""ip-172-31-0-204"": ""healthy"", ""ip-172-31-1-171"": ""healthy"", ""ip-172-31-10-12"": ""healthy"", ""ip-172-31-11-132"": ""healthy"", ""ip-172-31-13-134"": ""healthy"", ""ip-172-31-14-68"": ""healthy"", ""ip-172-31-40-239"": ""healthy""}",subscribe,8.7,1.0,0,0,"{""ip-172-31-0-204"": {""object"": 1, ""gesture"": 1}, ""ip-172-31-1-171"": {""object"": 1, ""gesture"": 1}, ""ip-172-31-10-12"": {""object"": 1, ""gesture"": 1}, ""ip-172-31-11-132"": {""object"": 1, ""gesture"": 1}, ""ip-172-31-13-134"": {""gesture"": 1, ""object"": 1}, ""ip-172-31-14-68"": {""gesture"": 1, ""object"": 1}, ""ip-172-31-40-239"": {""gesture"": 1}}","{""e5"": {""services"": [""gesture"", ""object""], ""fps"": {""gesture"": 30, ""object"": 30}, ""eff_fps"": {""gesture"": 30, ""object"": 30}, ""latency_ms"": {""gesture"": 0, ""object"": 0}, ""svclat_ms"": {""gesture"": 16.68, ""object"": 22.76}}, ""e6"": {""services"": [""gesture"", ""object""], ""fps"": {""gesture"": 30, ""object"": 30}, ""eff_fps"": {""gesture"": 30, ""object"": 30}, ""latency_ms"": {""gesture"": 0, ""object"": 0}, ""svclat_ms"": {""gesture"": 15.01, ""object"": 23.61}}, ""e7"": {""services"": [""gesture"", ""object""], ""fps"": {""gesture"": 30, ""object"": 30}, ""eff_fps"": {""gesture"": 30, ""object"": 30}, ""latency_ms"": {""gesture"": 0, ""object"": 0}, ""svclat_ms"": {""gesture"": 17.37, ""object"": 23.97}}, ""e8"": {""services"": [""gesture"", ""object""], ""fps"": {""gesture"": 30, ""object"": 30}, ""eff_fps"": {""gesture"": 30, ""object"": 30}, ""latency_ms"": {""gesture"": 0, ""object"": 0}, ""svclat_ms"": {""gesture"": 15.29, ""object"": 21.35}}, ""e9"": {""services"": [""gesture"", ""object""], ""fps"": {""gesture"": 30, ""object"": 30}, ""eff_fps"": {""gesture"": 30, ""object"": 30}, ""latency_ms"": {""gesture"": 0, ""object"": 0}, ""svclat_ms"": {""gesture"": 15.93, ""object"": 20.68}}, ""e10"": {""services"": [""gesture"", ""object""], ""fps"": {""gesture"": 30, ""object"": 30}, ""eff_fps"": {""gesture"": 30, ""object"": 30}, ""latency_ms"": {""gesture"": 0, ""object"": 0}, ""svclat_ms"": {""gesture"": 15.24, ""object"": 23.26}}, ""e11"": {""services"": [""gesture"", ""object""], ""fps"": {""gesture"": 30, ""object"": 31}, ""eff_fps"": {""gesture"": 30, ""object"": 31}, ""latency_ms"": {""gesture"": 0, ""object"": 0}, ""svclat_ms"": {""gesture"": 13.86, ""object"": 24.18}}, ""e12"": {""services"": [""gesture"", ""object""], ""fps"": {""gesture"": 30, ""object"": 30}, ""eff_fps"": {""gesture"": 30, ""object"": 30}, ""latency_ms"": {""gesture"": 0, ""object"": 0}, ""svclat_ms"": {""gesture"": 14.58, ""object"": 16.65}}, ""e13"": {""services"": [""gesture"", ""object""], ""fps"": {""gesture"": 30, ""object"": 30}, ""eff_fps"": {""gesture"": 30, ""object"": 30}, ""latency_ms"": {""gesture"": 0, ""object"": 0}, ""svclat_ms"": {""gesture"": 16.55, ""object"": 21.04}}, ""e14"": {""services"": [""gesture"", ""object""], ""fps"": {""gesture"": 30, ""object"": 30}, ""eff_fps"": {""gesture"": 30, ""object"": 30}, ""latency_ms"": {""gesture"": 0, ""object"": 0}, ""svclat_ms"": {""gesture"": 16.9, ""object"": 21.02}}, ""e15"": {""services"": [""gesture"", ""object""], ""fps"": {""gesture"": 30, ""object"": 30}, ""eff_fps"": {""gesture"": 30, ""object"": 30}, ""latency_ms"": {""gesture"": 0, ""object"": 0}, ""svclat_ms"": {""gesture"": 21.91, ""object"": 21.15}}}"
496.4,11,11,1.0,0,0,31,13,13,1.0,1121.0,660,0.589,0.0,1.18,0.0,0,30.0,29.83,0,30.0,29.83,0,0,0,0,16.06,21.15,359,"{""ip-172-31-0-204"": ""healthy"", ""ip-172-31-1-171"": ""healthy"", ""ip-172-31-10-12"": ""healthy"", ""ip-172-31-11-132"": ""healthy"", ""ip-172-31-13-134"": ""healthy"", ""ip-172-31-14-68"": ""healthy"", ""ip-172-31-40-239"": ""healthy""}",subscribe,8.7,1.0,0,0,"{""ip-172-31-0-204"": {""object"": 1, ""gesture"": 1}, ""ip-172-31-1-171"": {""object"": 1, ""gesture"": 1}, ""ip-172-31-10-12"": {""object"": 1, ""gesture"": 1}, ""ip-172-31-11-132"": {""object"": 1, ""gesture"": 1}, ""ip-172-31-13-134"": {""gesture"": 1, ""object"": 1}, ""ip-172-31-14-68"": {""gesture"": 1, ""object"": 1}, ""ip-172-31-40-239"": {""gesture"": 1}}","{""e10"": {""services"": [""gesture"", ""object""], ""fps"": {""gesture"": 30, ""object"": 30}, ""eff_fps"": {""gesture"": 30, ""object"": 30}, ""latency_ms"": {""gesture"": 0, ""object"": 0}, ""svclat_ms"": {""gesture"": 17.23, ""object"": 21.89}}, ""e11"": {""services"": [""gesture"", ""object""], ""fps"": {""gesture"": 30, ""object"": 29}, ""eff_fps"": {""gesture"": 30, ""object"": 29}, ""latency_ms"": {""gesture"": 0, ""object"": 0}, ""svclat_ms"": {""gesture"": 16.98, ""object"": 22.67}}, ""e12"": {""services"": [""gesture"", ""object""], ""fps"": {""gesture"": 30, ""object"": 30}, ""eff_fps"": {""gesture"": 30, ""object"": 30}, ""latency_ms"": {""gesture"": 0, ""object"": 0}, ""svclat_ms"": {""gesture"": 15.26, ""object"": 20.67}}, ""e13"": {""services"": [""gesture"", ""object""], ""fps"": {""gesture"": 30, ""object"": 30}, ""eff_fps"": {""gesture"": 30, ""object"": 30}, ""latency_ms"": {""gesture"": 0, ""object"": 0}, ""svclat_ms"": {""gesture"": 14.9, ""object"": 17.68}}, ""e14"": {""services"": [""gesture"", ""object""], ""fps"": {""gesture"": 30, ""object"": 30}, ""eff_fps"": {""gesture"": 30, ""object"": 30}, ""latency_ms"": {""gesture"": 0, ""object"": 0}, ""svclat_ms"": {""gesture"": 16.47, ""object"": 23.12}}, ""e15"": {""services"": [""gesture"", ""object""], ""fps"": {""gesture"": 30, ""object"": 30}, ""eff_fps"": {""gesture"": 30, ""object"": 30}, ""latency_ms"": {""gesture"": 0, ""object"": 0}, ""svclat_ms"": {""gesture"": 15.52, ""object"": 20.87}}}"
501.1,6,6,1.0,0,0,31,12,12,1.0,1008.0,360,0.357,0.0,2.0,0.0,0,30.17,30.0,0,30.17,30.0,0,0,0,0,15.7,21.07,361,"{""ip-172-31-0-204"": ""healthy"", ""ip-172-31-1-171"": ""healthy"", ""ip-172-31-10-12"": ""healthy"", ""ip-172-31-11-132"": ""healthy"", ""ip-172-31-13-134"": ""healthy"", ""ip-172-31-14-68"": ""healthy"", ""ip-172-31-40-239"": ""healthy""}",unsubscribe,12.4,1.0,0,0,"{""ip-172-31-0-204"": {""object"": 1, ""gesture"": 1}, ""ip-172-31-1-171"": {""object"": 1, ""gesture"": 1}, ""ip-172-31-10-12"": {""object"": 1, ""gesture"": 1}, ""ip-172-31-11-132"": {""object"": 1, ""gesture"": 1}, ""ip-172-31-13-134"": {""gesture"": 1, ""object"": 1}, ""ip-172-31-14-68"": {""gesture"": 1, ""object"": 1}}","{""e10"": {""services"": [""gesture"", ""object""], ""fps"": {""gesture"": 31, ""object"": 30}, ""eff_fps"": {""gesture"": 31, ""object"": 30}, ""latency_ms"": {""gesture"": 0, ""object"": 0}, ""svclat_ms"": {""gesture"": 14.69, ""object"": 19.11}}, ""e11"": {""services"": [""gesture"", ""object""], ""fps"": {""gesture"": 30, ""object"": 30}, ""eff_fps"": {""gesture"": 30, ""object"": 30}, ""latency_ms"": {""gesture"": 0, ""object"": 0}, ""svclat_ms"": {""gesture"": 15.97, ""object"": 21.54}}, ""e12"": {""services"": [""gesture"", ""object""], ""fps"": {""gesture"": 30, ""object"": 30}, ""eff_fps"": {""gesture"": 30, ""object"": 30}, ""latency_ms"": {""gesture"": 0, ""object"": 0}, ""svclat_ms"": {""gesture"": 16.57, ""object"": 21.9}}, ""e13"": {""services"": [""gesture"", ""object""], ""fps"": {""gesture"": 30, ""object"": 30}, ""eff_fps"": {""gesture"": 30, ""object"": 30}, ""latency_ms"": {""gesture"": 0, ""object"": 0}, ""svclat_ms"": {""gesture"": 15.83, ""object"": 20.96}}, ""e14"": {""services"": [""gesture"", ""object""], ""fps"": {""gesture"": 30, ""object"": 30}, ""eff_fps"": {""gesture"": 30, ""object"": 30}, ""latency_ms"": {""gesture"": 0, ""object"": 0}, ""svclat_ms"": {""gesture"": 15.69, ""object"": 22.19}}, ""e15"": {""services"": [""gesture"", ""object""], ""fps"": {""gesture"": 30, ""object"": 30}, ""eff_fps"": {""gesture"": 30, ""object"": 30}, ""latency_ms"": {""gesture"": 0, ""object"": 0}, ""svclat_ms"": {""gesture"": 15.44, ""object"": 20.71}}}"
505.6,6,6,1.0,0,0,31,12,12,1.0,1008.0,360,0.357,0.0,2.0,0.0,0,30.0,30.0,0,30.0,30.0,0,0,0,0,15.57,21.18,360,"{""ip-172-31-0-204"": ""healthy"", ""ip-172-31-1-171"": ""healthy"", ""ip-172-31-10-12"": ""healthy"", ""ip-172-31-11-132"": ""healthy"", ""ip-172-31-13-134"": ""healthy"", ""ip-172-31-14-68"": ""healthy"", ""ip-172-31-40-239"": ""healthy""}",unsubscribe,12.3,1.0,0,0,"{""ip-172-31-0-204"": {""object"": 1, ""gesture"": 1}, ""ip-172-31-1-171"": {""object"": 1, ""gesture"": 1}, ""ip-172-31-10-12"": {""object"": 1, ""gesture"": 1}, ""ip-172-31-11-132"": {""object"": 1, ""gesture"": 1}, ""ip-172-31-13-134"": {""gesture"": 1, ""object"": 1}, ""ip-172-31-14-68"": {""gesture"": 1, ""object"": 1}}","{""e10"": {""services"": [""gesture"", ""object""], ""fps"": {""gesture"": 30, ""object"": 30}, ""eff_fps"": {""gesture"": 30, ""object"": 30}, ""latency_ms"": {""gesture"": 0, ""object"": 0}, ""svclat_ms"": {""gesture"": 15.25, ""object"": 19.79}}, ""e11"": {""services"": [""gesture"", ""object""], ""fps"": {""gesture"": 30, ""object"": 30}, ""eff_fps"": {""gesture"": 30, ""object"": 30}, ""latency_ms"": {""gesture"": 0, ""object"": 0}, ""svclat_ms"": {""gesture"": 16.89, ""object"": 22.33}}, ""e12"": {""services"": [""gesture"", ""object""], ""fps"": {""gesture"": 30, ""object"": 30}, ""eff_fps"": {""gesture"": 30, ""object"": 30}, ""latency_ms"": {""gesture"": 0, ""object"": 0}, ""svclat_ms"": {""gesture"": 16.15, ""object"": 21.6}}, ""e13"": {""services"": [""gesture"", ""object""], ""fps"": {""gesture"": 30, ""object"": 30}, ""eff_fps"": {""gesture"": 30, ""object"": 30}, ""latency_ms"": {""gesture"": 0, ""object"": 0}, ""svclat_ms"": {""gesture"": 14.94, ""object"": 20.56}}, ""e14"": {""services"": [""gesture"", ""object""], ""fps"": {""gesture"": 30, ""object"": 30}, ""eff_fps"": {""gesture"": 30, ""object"": 30}, ""latency_ms"": {""gesture"": 0, ""object"": 0}, ""svclat_ms"": {""gesture"": 14.82, ""object"": 21.84}}, ""e15"": {""services"": [""gesture"", ""object""], ""fps"": {""gesture"": 30, ""object"": 30}, ""eff_fps"": {""gesture"": 30, ""object"": 30}, ""latency_ms"": {""gesture"": 0, ""object"": 0}, ""svclat_ms"": {""gesture"": 15.37, ""object"": 20.99}}}"
508.0,6,6,1.0,0,0,31,12,12,1.0,1008.0,360,0.357,0.0,2.0,0.0,0,30.0,30.0,0,30.0,30.0,0,0,0,0,15.76,21.19,360,"{""ip-172-31-0-204"": ""healthy"", ""ip-172-31-1-171"": ""healthy"", ""ip-172-31-10-12"": ""healthy"", ""ip-172-31-11-132"": ""healthy"", ""ip-172-31-13-134"": ""healthy"", ""ip-172-31-14-68"": ""healthy"", ""ip-172-31-40-239"": ""healthy""}",unsubscribe,11.7,1.0,0,0,"{""ip-172-31-0-204"": {""object"": 1, ""gesture"": 1}, ""ip-172-31-1-171"": {""object"": 1, ""gesture"": 1}, ""ip-172-31-10-12"": {""object"": 1, ""gesture"": 1}, ""ip-172-31-11-132"": {""object"": 1, ""gesture"": 1}, ""ip-172-31-13-134"": {""gesture"": 1, ""object"": 1}, ""ip-172-31-14-68"": {""gesture"": 1, ""object"": 1}}","{""e10"": {""services"": [""gesture"", ""object""], ""fps"": {""gesture"": 30, ""object"": 30}, ""eff_fps"": {""gesture"": 30, ""object"": 30}, ""latency_ms"": {""gesture"": 0, ""object"": 0}, ""svclat_ms"": {""gesture"": 15.21, ""object"": 19.66}}, ""e11"": {""services"": [""gesture"", ""object""], ""fps"": {""gesture"": 30, ""object"": 30}, ""eff_fps"": {""gesture"": 30, ""object"": 30}, ""latency_ms"": {""gesture"": 0, ""object"": 0}, ""svclat_ms"": {""gesture"": 17.4, ""object"": 22.77}}, ""e12"": {""services"": [""gesture"", ""object""], ""fps"": {""gesture"": 30, ""object"": 30}, ""eff_fps"": {""gesture"": 30, ""object"": 30}, ""latency_ms"": {""gesture"": 0, ""object"": 0}, ""svclat_ms"": {""gesture"": 15.12, ""object"": 20.45}}, ""e13"": {""services"": [""gesture"", ""object""], ""fps"": {""gesture"": 30, ""object"": 30}, ""eff_fps"": {""gesture"": 30, ""object"": 30}, ""latency_ms"": {""gesture"": 0, ""object"": 0}, ""svclat_ms"": {""gesture"": 15.74, ""object"": 20.96}}, ""e14"": {""services"": [""gesture"", ""object""], ""fps"": {""gesture"": 30, ""object"": 30}, ""eff_fps"": {""gesture"": 30, ""object"": 30}, ""latency_ms"": {""gesture"": 0, ""object"": 0}, ""svclat_ms"": {""gesture"": 15.56, ""object"": 22.17}}, ""e15"": {""services"": [""gesture"", ""object""], ""fps"": {""gesture"": 30, ""object"": 30}, ""eff_fps"": {""gesture"": 30, ""object"": 30}, ""latency_ms"": {""gesture"": 0, ""object"": 0}, ""svclat_ms"": {""gesture"": 15.53, ""object"": 21.14}}}"
510.5,6,6,1.0,0,0,31,12,12,1.0,1008.0,360,0.357,0.0,2.0,0.0,0,30.17,30.0,0,30.17,30.0,0,0,0,0,15.83,21.36,361,"{""ip-172-31-0-204"": ""healthy"", ""ip-172-31-1-171"": ""healthy"", ""ip-172-31-10-12"": ""healthy"", ""ip-172-31-11-132"": ""healthy"", ""ip-172-31-13-134"": ""healthy"", ""ip-172-31-14-68"": ""healthy"", ""ip-172-31-40-239"": ""healthy""}",unsubscribe,11.7,1.0,0,0,"{""ip-172-31-0-204"": {""object"": 1, ""gesture"": 1}, ""ip-172-31-1-171"": {""object"": 1, ""gesture"": 1}, ""ip-172-31-10-12"": {""object"": 1, ""gesture"": 1}, ""ip-172-31-11-132"": {""object"": 1, ""gesture"": 1}, ""ip-172-31-13-134"": {""gesture"": 1, ""object"": 1}, ""ip-172-31-14-68"": {""gesture"": 1, ""object"": 1}}","{""e10"": {""services"": [""gesture"", ""object""], ""fps"": {""gesture"": 31, ""object"": 30}, ""eff_fps"": {""gesture"": 31, ""object"": 30}, ""latency_ms"": {""gesture"": 0, ""object"": 0}, ""svclat_ms"": {""gesture"": 16.66, ""object"": 21.05}}, ""e11"": {""services"": [""gesture"", ""object""], ""fps"": {""gesture"": 30, ""object"": 30}, ""eff_fps"": {""gesture"": 30, ""object"": 30}, ""latency_ms"": {""gesture"": 0, ""object"": 0}, ""svclat_ms"": {""gesture"": 15.62, ""object"": 21.01}}, ""e12"": {""services"": [""gesture"", ""object""], ""fps"": {""gesture"": 30, ""object"": 30}, ""eff_fps"": {""gesture"": 30, ""object"": 30}, ""latency_ms"": {""gesture"": 0, ""object"": 0}, ""svclat_ms"": {""gesture"": 15.53, ""object"": 20.9}}, ""e13"": {""services"": [""gesture"", ""object""], ""fps"": {""gesture"": 30, ""object"": 30}, ""eff_fps"": {""gesture"": 30, ""object"": 30}, ""latency_ms"": {""gesture"": 0, ""object"": 0}, ""svclat_ms"": {""gesture"": 15.46, ""object"": 20.95}}, ""e14"": {""services"": [""gesture"", ""object""], ""fps"": {""gesture"": 30, ""object"": 30}, ""eff_fps"": {""gesture"": 30, ""object"": 30}, ""latency_ms"": {""gesture"": 0, ""object"": 0}, ""svclat_ms"": {""gesture"": 16.36, ""object"": 23.17}}, ""e15"": {""services"": [""gesture"", ""object""], ""fps"": {""gesture"": 30, ""object"": 30}, ""eff_fps"": {""gesture"": 30, ""object"": 30}, ""latency_ms"": {""gesture"": 0, ""object"": 0}, ""svclat_ms"": {""gesture"": 15.35, ""object"": 21.11}}}"
512.9,6,6,1.0,0,0,31,12,12,1.0,1008.0,360,0.357,0.0,2.0,0.0,0,30.0,30.33,0,30.0,30.33,0,0,0,0,15.43,21.04,362,"{""ip-172-31-0-204"": ""healthy"", ""ip-172-31-1-171"": ""healthy"", ""ip-172-31-10-12"": ""healthy"", ""ip-172-31-11-132"": ""healthy"", ""ip-172-31-13-134"": ""healthy"", ""ip-172-31-14-68"": ""healthy"", ""ip-172-31-40-239"": ""healthy""}",unsubscribe,11.7,1.0,0,0,"{""ip-172-31-0-204"": {""object"": 1, ""gesture"": 1}, ""ip-172-31-1-171"": {""object"": 1, ""gesture"": 1}, ""ip-172-31-10-12"": {""object"": 1, ""gesture"": 1}, ""ip-172-31-11-132"": {""object"": 1, ""gesture"": 1}, ""ip-172-31-13-134"": {""gesture"": 1, ""object"": 1}, ""ip-172-31-14-68"": {""gesture"": 1, ""object"": 1}}","{""e10"": {""services"": [""gesture"", ""object""], ""fps"": {""gesture"": 30, ""object"": 31}, ""eff_fps"": {""gesture"": 30, ""object"": 31}, ""latency_ms"": {""gesture"": 0, ""object"": 0}, ""svclat_ms"": {""gesture"": 15.19, ""object"": 19.81}}, ""e11"": {""services"": [""gesture"", ""object""], ""fps"": {""gesture"": 30, ""object"": 30}, ""eff_fps"": {""gesture"": 30, ""object"": 30}, ""latency_ms"": {""gesture"": 0, ""object"": 0}, ""svclat_ms"": {""gesture"": 15.12, ""object"": 21.17}}, ""e12"": {""services"": [""gesture"", ""object""], ""fps"": {""gesture"": 30, ""object"": 30}, ""eff_fps"": {""gesture"": 30, ""object"": 30}, ""latency_ms"": {""gesture"": 0, ""object"": 0}, ""svclat_ms"": {""gesture"": 16.07, ""object"": 21.21}}, ""e13"": {""services"": [""gesture"", ""object""], ""fps"": {""gesture"": 30, ""object"": 31}, ""eff_fps"": {""gesture"": 30, ""object"": 31}, ""latency_ms"": {""gesture"": 0, ""object"": 0}, ""svclat_ms"": {""gesture"": 15.89, ""object"": 21.32}}, ""e14"": {""services"": [""gesture"", ""object""], ""fps"": {""gesture"": 30, ""object"": 30}, ""eff_fps"": {""gesture"": 30, ""object"": 30}, ""latency_ms"": {""gesture"": 0, ""object"": 0}, ""svclat_ms"": {""gesture"": 14.9, ""object"": 21.76}}, ""e15"": {""services"": [""gesture"", ""object""], ""fps"": {""gesture"": 30, ""object"": 30}, ""eff_fps"": {""gesture"": 30, ""object"": 30}, ""latency_ms"": {""gesture"": 0, ""object"": 0}, ""svclat_ms"": {""gesture"": 15.43, ""object"": 20.94}}}"
515.3,6,6,1.0,0,0,31,12,12,1.0,1008.0,360,0.357,0.0,2.0,0.0,0,30.0,30.33,0,30.0,30.33,0,0,0,0,15.49,21.04,362,"{""ip-172-31-0-204"": ""healthy"", ""ip-172-31-1-171"": ""healthy"", ""ip-172-31-10-12"": ""healthy"", ""ip-172-31-11-132"": ""healthy"", ""ip-172-31-13-134"": ""healthy"", ""ip-172-31-14-68"": ""healthy"", ""ip-172-31-40-239"": ""healthy""}",unsubscribe,11.7,1.0,0,0,"{""ip-172-31-0-204"": {""object"": 1, ""gesture"": 1}, ""ip-172-31-1-171"": {""object"": 1, ""gesture"": 1}, ""ip-172-31-10-12"": {""object"": 1, ""gesture"": 1}, ""ip-172-31-11-132"": {""object"": 1, ""gesture"": 1}, ""ip-172-31-13-134"": {""gesture"": 1, ""object"": 1}, ""ip-172-31-14-68"": {""gesture"": 1, ""object"": 1}}","{""e10"": {""services"": [""gesture"", ""object""], ""fps"": {""gesture"": 30, ""object"": 31}, ""eff_fps"": {""gesture"": 30, ""object"": 31}, ""latency_ms"": {""gesture"": 0, ""object"": 0}, ""svclat_ms"": {""gesture"": 14.97, ""object"": 19.37}}, ""e11"": {""services"": [""gesture"", ""object""], ""fps"": {""gesture"": 30, ""object"": 30}, ""eff_fps"": {""gesture"": 30, ""object"": 30}, ""latency_ms"": {""gesture"": 0, ""object"": 0}, ""svclat_ms"": {""gesture"": 16.74, ""object"": 22.3}}, ""e12"": {""services"": [""gesture"", ""object""], ""fps"": {""gesture"": 30, ""object"": 30}, ""eff_fps"": {""gesture"": 30, ""object"": 30}, ""latency_ms"": {""gesture"": 0, ""object"": 0}, ""svclat_ms"": {""gesture"": 15.74, ""object"": 20.91}}, ""e13"": {""services"": [""gesture"", ""object""], ""fps"": {""gesture"": 30, ""object"": 31}, ""eff_fps"": {""gesture"": 30, ""object"": 31}, ""latency_ms"": {""gesture"": 0, ""object"": 0}, ""svclat_ms"": {""gesture"": 15.18, ""object"": 20.72}}, ""e14"": {""services"": [""gesture"", ""object""], ""fps"": {""gesture"": 30, ""object"": 30}, ""eff_fps"": {""gesture"": 30, ""object"": 30}, ""latency_ms"": {""gesture"": 0, ""object"": 0}, ""svclat_ms"": {""gesture"": 14.74, ""object"": 21.74}}, ""e15"": {""services"": [""gesture"", ""object""], ""fps"": {""gesture"": 30, ""object"": 30}, ""eff_fps"": {""gesture"": 30, ""object"": 30}, ""latency_ms"": {""gesture"": 0, ""object"": 0}, ""svclat_ms"": {""gesture"": 15.56, ""object"": 21.19}}}"
517.7,6,6,1.0,0,0,31,12,12,1.0,1008.0,360,0.357,0.0,2.0,0.0,0,30.0,30.17,0,30.0,30.17,0,0,0,0,16.19,21.73,361,"{""ip-172-31-0-204"": ""healthy"", ""ip-172-31-1-171"": ""healthy"", ""ip-172-31-10-12"": ""healthy"", ""ip-172-31-11-132"": ""healthy"", ""ip-172-31-13-134"": ""healthy"", ""ip-172-31-14-68"": ""healthy"", ""ip-172-31-40-239"": ""healthy""}",unsubscribe,11.7,1.0,0,0,"{""ip-172-31-0-204"": {""object"": 1, ""gesture"": 1}, ""ip-172-31-1-171"": {""object"": 1, ""gesture"": 1}, ""ip-172-31-10-12"": {""object"": 1, ""gesture"": 1}, ""ip-172-31-11-132"": {""object"": 1, ""gesture"": 1}, ""ip-172-31-13-134"": {""gesture"": 1, ""object"": 1}, ""ip-172-31-14-68"": {""gesture"": 1, ""object"": 1}}","{""e10"": {""services"": [""gesture"", ""object""], ""fps"": {""gesture"": 30, ""object"": 30}, ""eff_fps"": {""gesture"": 30, ""object"": 30}, ""latency_ms"": {""gesture"": 0, ""object"": 0}, ""svclat_ms"": {""gesture"": 17.82, ""object"": 22.21}}, ""e11"": {""services"": [""gesture"", ""object""], ""fps"": {""gesture"": 30, ""object"": 30}, ""eff_fps"": {""gesture"": 30, ""object"": 30}, ""latency_ms"": {""gesture"": 0, ""object"": 0}, ""svclat_ms"": {""gesture"": 16.84, ""object"": 22.45}}, ""e12"": {""services"": [""gesture"", ""object""], ""fps"": {""gesture"": 30, ""object"": 30}, ""eff_fps"": {""gesture"": 30, ""object"": 30}, ""latency_ms"": {""gesture"": 0, ""object"": 0}, ""svclat_ms"": {""gesture"": 16.26, ""object"": 21.51}}, ""e13"": {""services"": [""gesture"", ""object""], ""fps"": {""gesture"": 30, ""object"": 31}, ""eff_fps"": {""gesture"": 30, ""object"": 31}, ""latency_ms"": {""gesture"": 0, ""object"": 0}, ""svclat_ms"": {""gesture"": 15.78, ""object"": 20.88}}, ""e14"": {""services"": [""gesture"", ""object""], ""fps"": {""gesture"": 30, ""object"": 30}, ""eff_fps"": {""gesture"": 30, ""object"": 30}, ""latency_ms"": {""gesture"": 0, ""object"": 0}, ""svclat_ms"": {""gesture"": 14.78, ""object"": 21.88}}, ""e15"": {""services"": [""gesture"", ""object""], ""fps"": {""gesture"": 30, ""object"": 30}, ""eff_fps"": {""gesture"": 30, ""object"": 30}, ""latency_ms"": {""gesture"": 0, ""object"": 0}, ""svclat_ms"": {""gesture"": 15.67, ""object"": 21.45}}}"
520.1,6,6,1.0,0,0,31,12,12,1.0,1008.0,360,0.357,0.0,2.0,0.0,0,29.83,29.83,0,29.83,29.83,0,0,0,0,15.23,20.88,358,"{""ip-172-31-0-204"": ""healthy"", ""ip-172-31-1-171"": ""healthy"", ""ip-172-31-10-12"": ""healthy"", ""ip-172-31-11-132"": ""healthy"", ""ip-172-31-13-134"": ""healthy"", ""ip-172-31-14-68"": ""healthy"", ""ip-172-31-40-239"": ""healthy""}",unsubscribe,11.7,1.0,0,0,"{""ip-172-31-0-204"": {""object"": 1, ""gesture"": 1}, ""ip-172-31-1-171"": {""object"": 1, ""gesture"": 1}, ""ip-172-31-10-12"": {""object"": 1, ""gesture"": 1}, ""ip-172-31-11-132"": {""object"": 1, ""gesture"": 1}, ""ip-172-31-13-134"": {""gesture"": 1, ""object"": 1}, ""ip-172-31-14-68"": {""gesture"": 1, ""object"": 1}}","{""e10"": {""services"": [""gesture"", ""object""], ""fps"": {""gesture"": 29, ""object"": 29}, ""eff_fps"": {""gesture"": 29, ""object"": 29}, ""latency_ms"": {""gesture"": 0, ""object"": 0}, ""svclat_ms"": {""gesture"": 14.79, ""object"": 19.47}}, ""e11"": {""services"": [""gesture"", ""object""], ""fps"": {""gesture"": 30, ""object"": 30}, ""eff_fps"": {""gesture"": 30, ""object"": 30}, ""latency_ms"": {""gesture"": 0, ""object"": 0}, ""svclat_ms"": {""gesture"": 15.56, ""object"": 21.18}}, ""e12"": {""services"": [""gesture"", ""object""], ""fps"": {""gesture"": 30, ""object"": 30}, ""eff_fps"": {""gesture"": 30, ""object"": 30}, ""latency_ms"": {""gesture"": 0, ""object"": 0}, ""svclat_ms"": {""gesture"": 15.04, ""object"": 20.43}}, ""e13"": {""services"": [""gesture"", ""object""], ""fps"": {""gesture"": 30, ""object"": 30}, ""eff_fps"": {""gesture"": 30, ""object"": 30}, ""latency_ms"": {""gesture"": 0, ""object"": 0}, ""svclat_ms"": {""gesture"": 15.38, ""object"": 20.79}}, ""e14"": {""services"": [""gesture"", ""object""], ""fps"": {""gesture"": 30, ""object"": 30}, ""eff_fps"": {""gesture"": 30, ""object"": 30}, ""latency_ms"": {""gesture"": 0, ""object"": 0}, ""svclat_ms"": {""gesture"": 14.92, ""object"": 21.88}}, ""e15"": {""services"": [""gesture"", ""object""], ""fps"": {""gesture"": 30, ""object"": 30}, ""eff_fps"": {""gesture"": 30, ""object"": 30}, ""latency_ms"": {""gesture"": 0, ""object"": 0}, ""svclat_ms"": {""gesture"": 15.68, ""object"": 21.52}}}"
522.5,6,6,1.0,0,0,31,12,12,1.0,1008.0,360,0.357,0.0,2.0,0.0,0,30.0,30.0,0,30.0,30.0,0,0,0,0,15.49,20.95,360,"{""ip-172-31-0-204"": ""healthy"", ""ip-172-31-1-171"": ""healthy"", ""ip-172-31-10-12"": ""healthy"", ""ip-172-31-11-132"": ""healthy"", ""ip-172-31-13-134"": ""healthy"", ""ip-172-31-14-68"": ""healthy"", ""ip-172-31-40-239"": ""healthy""}",unsubscribe,11.7,1.0,0,0,"{""ip-172-31-0-204"": {""object"": 1, ""gesture"": 1}, ""ip-172-31-1-171"": {""object"": 1, ""gesture"": 1}, ""ip-172-31-10-12"": {""object"": 1, ""gesture"": 1}, ""ip-172-31-11-132"": {""object"": 1, ""gesture"": 1}, ""ip-172-31-13-134"": {""gesture"": 1, ""object"": 1}, ""ip-172-31-14-68"": {""gesture"": 1, ""object"": 1}}","{""e10"": {""services"": [""gesture"", ""object""], ""fps"": {""gesture"": 30, ""object"": 30}, ""eff_fps"": {""gesture"": 30, ""object"": 30}, ""latency_ms"": {""gesture"": 0, ""object"": 0}, ""svclat_ms"": {""gesture"": 14.75, ""object"": 19.07}}, ""e11"": {""services"": [""gesture"", ""object""], ""fps"": {""gesture"": 30, ""object"": 30}, ""eff_fps"": {""gesture"": 30, ""object"": 30}, ""latency_ms"": {""gesture"": 0, ""object"": 0}, ""svclat_ms"": {""gesture"": 16.24, ""object"": 21.54}}, ""e12"": {""services"": [""gesture"", ""object""], ""fps"": {""gesture"": 30, ""object"": 30}, ""eff_fps"": {""gesture"": 30, ""object"": 30}, ""latency_ms"": {""gesture"": 0, ""object"": 0}, ""svclat_ms"": {""gesture"": 16.24, ""object"": 21.6}}, ""e13"": {""services"": [""gesture"", ""object""], ""fps"": {""gesture"": 30, ""object"": 30}, ""eff_fps"": {""gesture"": 30, ""object"": 30}, ""latency_ms"": {""gesture"": 0, ""object"": 0}, ""svclat_ms"": {""gesture"": 15.16, ""object"": 20.54}}, ""e14"": {""services"": [""gesture"", ""object""], ""fps"": {""gesture"": 30, ""object"": 30}, ""eff_fps"": {""gesture"": 30, ""object"": 30}, ""latency_ms"": {""gesture"": 0, ""object"": 0}, ""svclat_ms"": {""gesture"": 15.2, ""object"": 21.99}}, ""e15"": {""services"": [""gesture"", ""object""], ""fps"": {""gesture"": 30, ""object"": 30}, ""eff_fps"": {""gesture"": 30, ""object"": 30}, ""latency_ms"": {""gesture"": 0, ""object"": 0}, ""svclat_ms"": {""gesture"": 15.38, ""object"": 20.97}}}"
524.9,6,6,1.0,0,0,31,12,12,1.0,1008.0,360,0.357,0.0,2.0,0.0,0,30.0,30.0,0,30.0,30.0,0,0,0,0,15.42,21.03,360,"{""ip-172-31-0-204"": ""healthy"", ""ip-172-31-1-171"": ""healthy"", ""ip-172-31-10-12"": ""healthy"", ""ip-172-31-11-132"": ""healthy"", ""ip-172-31-13-134"": ""healthy"", ""ip-172-31-14-68"": ""healthy"", ""ip-172-31-40-239"": ""healthy""}",unsubscribe,11.7,1.0,0,0,"{""ip-172-31-0-204"": {""object"": 1, ""gesture"": 1}, ""ip-172-31-1-171"": {""object"": 1, ""gesture"": 1}, ""ip-172-31-10-12"": {""object"": 1, ""gesture"": 1}, ""ip-172-31-11-132"": {""object"": 1, ""gesture"": 1}, ""ip-172-31-13-134"": {""gesture"": 1, ""object"": 1}, ""ip-172-31-14-68"": {""gesture"": 1, ""object"": 1}}","{""e10"": {""services"": [""gesture"", ""object""], ""fps"": {""gesture"": 30, ""object"": 30}, ""eff_fps"": {""gesture"": 30, ""object"": 30}, ""latency_ms"": {""gesture"": 0, ""object"": 0}, ""svclat_ms"": {""gesture"": 14.78, ""object"": 19.48}}, ""e11"": {""services"": [""gesture"", ""object""], ""fps"": {""gesture"": 30, ""object"": 30}, ""eff_fps"": {""gesture"": 30, ""object"": 30}, ""latency_ms"": {""gesture"": 0, ""object"": 0}, ""svclat_ms"": {""gesture"": 15.49, ""object"": 20.81}}, ""e12"": {""services"": [""gesture"", ""object""], ""fps"": {""gesture"": 30, ""object"": 30}, ""eff_fps"": {""gesture"": 30, ""object"": 30}, ""latency_ms"": {""gesture"": 0, ""object"": 0}, ""svclat_ms"": {""gesture"": 16.74, ""object"": 22.16}}, ""e13"": {""services"": [""gesture"", ""object""], ""fps"": {""gesture"": 30, ""object"": 30}, ""eff_fps"": {""gesture"": 30, ""object"": 30}, ""latency_ms"": {""gesture"": 0, ""object"": 0}, ""svclat_ms"": {""gesture"": 15.49, ""object"": 20.97}}, ""e14"": {""services"": [""gesture"", ""object""], ""fps"": {""gesture"": 30, ""object"": 30}, ""eff_fps"": {""gesture"": 30, ""object"": 30}, ""latency_ms"": {""gesture"": 0, ""object"": 0}, ""svclat_ms"": {""gesture"": 14.71, ""object"": 21.81}}, ""e15"": {""services"": [""gesture"", ""object""], ""fps"": {""gesture"": 30, ""object"": 30}, ""eff_fps"": {""gesture"": 30, ""object"": 30}, ""latency_ms"": {""gesture"": 0, ""object"": 0}, ""svclat_ms"": {""gesture"": 15.28, ""object"": 20.96}}}"
527.4,6,6,1.0,0,0,31,12,12,1.0,1008.0,360,0.357,0.0,2.0,0.0,0,30.0,30.0,0,30.0,30.0,0,0,0,0,15.34,20.83,360,"{""ip-172-31-0-204"": ""healthy"", ""ip-172-31-1-171"": ""healthy"", ""ip-172-31-10-12"": ""healthy"", ""ip-172-31-11-132"": ""healthy"", ""ip-172-31-13-134"": ""healthy"", ""ip-172-31-14-68"": ""healthy"", ""ip-172-31-40-239"": ""healthy""}",unsubscribe,11.7,1.0,0,0,"{""ip-172-31-0-204"": {""object"": 1, ""gesture"": 1}, ""ip-172-31-1-171"": {""object"": 1, ""gesture"": 1}, ""ip-172-31-10-12"": {""object"": 1, ""gesture"": 1}, ""ip-172-31-11-132"": {""object"": 1, ""gesture"": 1}, ""ip-172-31-13-134"": {""gesture"": 1, ""object"": 1}, ""ip-172-31-14-68"": {""gesture"": 1, ""object"": 1}}","{""e10"": {""services"": [""gesture"", ""object""], ""fps"": {""gesture"": 30, ""object"": 30}, ""eff_fps"": {""gesture"": 30, ""object"": 30}, ""latency_ms"": {""gesture"": 0, ""object"": 0}, ""svclat_ms"": {""gesture"": 15.03, ""object"": 19.56}}, ""e11"": {""services"": [""gesture"", ""object""], ""fps"": {""gesture"": 30, ""object"": 30}, ""eff_fps"": {""gesture"": 30, ""object"": 30}, ""latency_ms"": {""gesture"": 0, ""object"": 0}, ""svclat_ms"": {""gesture"": 15.64, ""object"": 20.64}}, ""e12"": {""services"": [""gesture"", ""object""], ""fps"": {""gesture"": 30, ""object"": 30}, ""eff_fps"": {""gesture"": 30, ""object"": 30}, ""latency_ms"": {""gesture"": 0, ""object"": 0}, ""svclat_ms"": {""gesture"": 15.86, ""object"": 21.16}}, ""e13"": {""services"": [""gesture"", ""object""], ""fps"": {""gesture"": 30, ""object"": 30}, ""eff_fps"": {""gesture"": 30, ""object"": 30}, ""latency_ms"": {""gesture"": 0, ""object"": 0}, ""svclat_ms"": {""gesture"": 15.0, ""object"": 20.59}}, ""e14"": {""services"": [""gesture"", ""object""], ""fps"": {""gesture"": 30, ""object"": 30}, ""eff_fps"": {""gesture"": 30, ""object"": 30}, ""latency_ms"": {""gesture"": 0, ""object"": 0}, ""svclat_ms"": {""gesture"": 14.94, ""object"": 21.79}}, ""e15"": {""services"": [""gesture"", ""object""], ""fps"": {""gesture"": 30, ""object"": 30}, ""eff_fps"": {""gesture"": 30, ""object"": 30}, ""latency_ms"": {""gesture"": 0, ""object"": 0}, ""svclat_ms"": {""gesture"": 15.56, ""object"": 21.23}}}"
529.8,6,6,1.0,0,0,31,12,12,1.0,1008.0,360,0.357,0.0,2.0,0.0,0,30.0,30.0,0,30.0,30.0,0,0,0,0,15.56,21.12,360,"{""ip-172-31-0-204"": ""healthy"", ""ip-172-31-1-171"": ""healthy"", ""ip-172-31-10-12"": ""healthy"", ""ip-172-31-11-132"": ""healthy"", ""ip-172-31-13-134"": ""healthy"", ""ip-172-31-14-68"": ""healthy"", ""ip-172-31-40-239"": ""healthy""}",unsubscribe,11.7,1.0,0,0,"{""ip-172-31-0-204"": {""object"": 1, ""gesture"": 1}, ""ip-172-31-1-171"": {""object"": 1, ""gesture"": 1}, ""ip-172-31-10-12"": {""object"": 1, ""gesture"": 1}, ""ip-172-31-11-132"": {""object"": 1, ""gesture"": 1}, ""ip-172-31-13-134"": {""gesture"": 1, ""object"": 1}, ""ip-172-31-14-68"": {""gesture"": 1, ""object"": 1}}","{""e10"": {""services"": [""gesture"", ""object""], ""fps"": {""gesture"": 30, ""object"": 30}, ""eff_fps"": {""gesture"": 30, ""object"": 30}, ""latency_ms"": {""gesture"": 0, ""object"": 0}, ""svclat_ms"": {""gesture"": 14.8, ""object"": 19.31}}, ""e11"": {""services"": [""gesture"", ""object""], ""fps"": {""gesture"": 30, ""object"": 30}, ""eff_fps"": {""gesture"": 30, ""object"": 30}, ""latency_ms"": {""gesture"": 0, ""object"": 0}, ""svclat_ms"": {""gesture"": 17.18, ""object"": 22.52}}, ""e12"": {""services"": [""gesture"", ""object""], ""fps"": {""gesture"": 30, ""object"": 30}, ""eff_fps"": {""gesture"": 30, ""object"": 30}, ""latency_ms"": {""gesture"": 0, ""object"": 0}, ""svclat_ms"": {""gesture"": 15.48, ""object"": 21.04}}, ""e13"": {""services"": [""gesture"", ""object""], ""fps"": {""gesture"": 30, ""object"": 30}, ""eff_fps"": {""gesture"": 30, ""object"": 30}, ""latency_ms"": {""gesture"": 0, ""object"": 0}, ""svclat_ms"": {""gesture"": 15.21, ""object"": 20.77}}, ""e14"": {""services"": [""gesture"", ""object""], ""fps"": {""gesture"": 30, ""object"": 30}, ""eff_fps"": {""gesture"": 30, ""object"": 30}, ""latency_ms"": {""gesture"": 0, ""object"": 0}, ""svclat_ms"": {""gesture"": 15.29, ""object"": 22.13}}, ""e15"": {""services"": [""gesture"", ""object""], ""fps"": {""gesture"": 30, ""object"": 30}, ""eff_fps"": {""gesture"": 30, ""object"": 30}, ""latency_ms"": {""gesture"": 0, ""object"": 0}, ""svclat_ms"": {""gesture"": 15.4, ""object"": 20.96}}}"
532.2,6,6,1.0,0,0,31,12,12,1.0,1008.0,360,0.357,0.0,2.0,0.0,0,30.0,30.0,0,30.0,30.0,0,0,0,0,15.22,20.86,360,"{""ip-172-31-0-204"": ""healthy"", ""ip-172-31-1-171"": ""healthy"", ""ip-172-31-10-12"": ""healthy"", ""ip-172-31-11-132"": ""healthy"", ""ip-172-31-13-134"": ""healthy"", ""ip-172-31-14-68"": ""healthy"", ""ip-172-31-40-239"": ""healthy""}",unsubscribe,11.7,1.0,0,0,"{""ip-172-31-0-204"": {""object"": 1, ""gesture"": 1}, ""ip-172-31-1-171"": {""object"": 1, ""gesture"": 1}, ""ip-172-31-10-12"": {""object"": 1, ""gesture"": 1}, ""ip-172-31-11-132"": {""object"": 1, ""gesture"": 1}, ""ip-172-31-13-134"": {""gesture"": 1, ""object"": 1}, ""ip-172-31-14-68"": {""gesture"": 1, ""object"": 1}}","{""e10"": {""services"": [""gesture"", ""object""], ""fps"": {""gesture"": 30, ""object"": 30}, ""eff_fps"": {""gesture"": 30, ""object"": 30}, ""latency_ms"": {""gesture"": 0, ""object"": 0}, ""svclat_ms"": {""gesture"": 15.02, ""object"": 19.78}}, ""e11"": {""services"": [""gesture"", ""object""], ""fps"": {""gesture"": 30, ""object"": 30}, ""eff_fps"": {""gesture"": 30, ""object"": 30}, ""latency_ms"": {""gesture"": 0, ""object"": 0}, ""svclat_ms"": {""gesture"": 15.71, ""object"": 21.26}}, ""e12"": {""services"": [""gesture"", ""object""], ""fps"": {""gesture"": 30, ""object"": 30}, ""eff_fps"": {""gesture"": 30, ""object"": 30}, ""latency_ms"": {""gesture"": 0, ""object"": 0}, ""svclat_ms"": {""gesture"": 15.06, ""object"": 20.47}}, ""e13"": {""services"": [""gesture"", ""object""], ""fps"": {""gesture"": 30, ""object"": 30}, ""eff_fps"": {""gesture"": 30, ""object"": 30}, ""latency_ms"": {""gesture"": 0, ""object"": 0}, ""svclat_ms"": {""gesture"": 15.5, ""object"": 20.87}}, ""e14"": {""services"": [""gesture"", ""object""], ""fps"": {""gesture"": 30, ""object"": 30}, ""eff_fps"": {""gesture"": 30, ""object"": 30}, ""latency_ms"": {""gesture"": 0, ""object"": 0}, ""svclat_ms"": {""gesture"": 14.79, ""object"": 21.74}}, ""e15"": {""services"": [""gesture"", ""object""], ""fps"": {""gesture"": 30, ""object"": 30}, ""eff_fps"": {""gesture"": 30, ""object"": 30}, ""latency_ms"": {""gesture"": 0, ""object"": 0}, ""svclat_ms"": {""gesture"": 15.24, ""object"": 21.03}}}"
534.6,6,6,1.0,0,0,31,12,12,1.0,1008.0,360,0.357,0.0,2.0,0.0,0,30.0,30.0,0,30.0,30.0,0,0,0,0,15.5,20.93,360,"{""ip-172-31-0-204"": ""healthy"", ""ip-172-31-1-171"": ""healthy"", ""ip-172-31-10-12"": ""healthy"", ""ip-172-31-11-132"": ""healthy"", ""ip-172-31-13-134"": ""healthy"", ""ip-172-31-14-68"": ""healthy"", ""ip-172-31-40-239"": ""healthy""}",unsubscribe,11.7,1.0,0,0,"{""ip-172-31-0-204"": {""object"": 1, ""gesture"": 1}, ""ip-172-31-1-171"": {""object"": 1, ""gesture"": 1}, ""ip-172-31-10-12"": {""object"": 1, ""gesture"": 1}, ""ip-172-31-11-132"": {""object"": 1, ""gesture"": 1}, ""ip-172-31-13-134"": {""gesture"": 1, ""object"": 1}, ""ip-172-31-14-68"": {""gesture"": 1, ""object"": 1}}","{""e10"": {""services"": [""gesture"", ""object""], ""fps"": {""gesture"": 30, ""object"": 30}, ""eff_fps"": {""gesture"": 30, ""object"": 30}, ""latency_ms"": {""gesture"": 0, ""object"": 0}, ""svclat_ms"": {""gesture"": 14.85, ""object"": 18.9}}, ""e11"": {""services"": [""gesture"", ""object""], ""fps"": {""gesture"": 30, ""object"": 30}, ""eff_fps"": {""gesture"": 30, ""object"": 30}, ""latency_ms"": {""gesture"": 0, ""object"": 0}, ""svclat_ms"": {""gesture"": 16.8, ""object"": 22.15}}, ""e12"": {""services"": [""gesture"", ""object""], ""fps"": {""gesture"": 30, ""object"": 30}, ""eff_fps"": {""gesture"": 30, ""object"": 30}, ""latency_ms"": {""gesture"": 0, ""object"": 0}, ""svclat_ms"": {""gesture"": 15.1, ""object"": 20.47}}, ""e13"": {""services"": [""gesture"", ""object""], ""fps"": {""gesture"": 30, ""object"": 30}, ""eff_fps"": {""gesture"": 30, ""object"": 30}, ""latency_ms"": {""gesture"": 0, ""object"": 0}, ""svclat_ms"": {""gesture"": 15.31, ""object"": 20.68}}, ""e14"": {""services"": [""gesture"", ""object""], ""fps"": {""gesture"": 30, ""object"": 30}, ""eff_fps"": {""gesture"": 30, ""object"": 30}, ""latency_ms"": {""gesture"": 0, ""object"": 0}, ""svclat_ms"": {""gesture"": 15.08, ""object"": 21.98}}, ""e15"": {""services"": [""gesture"", ""object""], ""fps"": {""gesture"": 30, ""object"": 30}, ""eff_fps"": {""gesture"": 30, ""object"": 30}, ""latency_ms"": {""gesture"": 0, ""object"": 0}, ""svclat_ms"": {""gesture"": 15.87, ""object"": 21.41}}}"
537.0,6,6,1.0,0,0,31,12,12,1.0,1008.0,360,0.357,0.0,2.0,0.0,0,0,0,0,0,0,0,0,0,0,0,0,0,"{""ip-172-31-0-204"": ""healthy"", ""ip-172-31-1-171"": ""healthy"", ""ip-172-31-10-12"": ""healthy"", ""ip-172-31-11-132"": ""healthy"", ""ip-172-31-13-134"": ""healthy"", ""ip-172-31-14-68"": ""healthy"", ""ip-172-31-40-239"": ""healthy""}",unsubscribe,11.7,1.0,0,0,"{""ip-172-31-0-204"": {""object"": 1, ""gesture"": 1}, ""ip-172-31-1-171"": {""object"": 1, ""gesture"": 1}, ""ip-172-31-10-12"": {""object"": 1, ""gesture"": 1}, ""ip-172-31-11-132"": {""object"": 1, ""gesture"": 1}, ""ip-172-31-13-134"": {""gesture"": 1, ""object"": 1}, ""ip-172-31-14-68"": {""gesture"": 1, ""object"": 1}}",{}
543.1,5,6,1.2,0,0,31,12,12,1.0,1008.0,360,0.357,0.0,2.4,0.0,0,0,0,0,0,0,0,0,0,0,0,0,0,"{""ip-172-31-0-204"": ""healthy"", ""ip-172-31-1-171"": ""healthy"", ""ip-172-31-10-12"": ""healthy"", ""ip-172-31-11-132"": ""healthy"", ""ip-172-31-13-134"": ""healthy"", ""ip-172-31-14-68"": ""healthy"", ""ip-172-31-40-239"": ""healthy""}",unsubscribe,11.7,1.0,0,0,"{""ip-172-31-0-204"": {""object"": 1, ""gesture"": 1}, ""ip-172-31-1-171"": {""object"": 1, ""gesture"": 1}, ""ip-172-31-10-12"": {""object"": 1, ""gesture"": 1}, ""ip-172-31-11-132"": {""object"": 1, ""gesture"": 1}, ""ip-172-31-13-134"": {""gesture"": 1, ""object"": 1}, ""ip-172-31-14-68"": {""gesture"": 1, ""object"": 1}}",{}
