elapsed_s,n_users,nsats,sat_rate,pods_added,pods_deleted,cumulative_pod_changes,total_pods,effective_pods,effective_pod_ratio,deployed_capacity_fps,total_allocated_fps,capacity_utilization,wasted_fps,pods_per_sat_user,avg_response_ms,real_pose_fps,real_gesture_fps,real_object_fps,eff_pose_fps,eff_gesture_fps,eff_object_fps,avg_pose_latency_ms,avg_gesture_latency_ms,avg_object_latency_ms,avg_pose_svclat_ms,avg_gesture_svclat_ms,avg_object_svclat_ms,real_total_recv_fps,node_status,trigger_type,solver_time_ms,q_score,phase1_triggered,phase1_alloc_count,node_topology,per_user_detail
1.4,0,0,0,0,0,0,0,0,0.0,0,0,0.0,0.0,0,0.0,0,0,0,0,0,0,0,0,0,0,0,0,0,"{""ip-172-31-0-204"": ""healthy"", ""ip-172-31-1-171"": ""healthy"", ""ip-172-31-10-12"": ""healthy"", ""ip-172-31-11-132"": ""healthy"", ""ip-172-31-13-134"": ""healthy"", ""ip-172-31-14-68"": ""healthy"", ""ip-172-31-40-239"": ""healthy""}",unsubscribe,0.1,0.0,0,0,{},"{""a1"": {""services"": [""pose"", ""gesture""], ""fps"": {""pose"": 0, ""gesture"": 0}, ""eff_fps"": {""pose"": 0, ""gesture"": 0}, ""latency_ms"": {""pose"": 0, ""gesture"": 0}, ""svclat_ms"": {""pose"": 0.0, ""gesture"": 0.0}}}"
2.8,0,0,0,0,0,0,0,0,0.0,0,0,0.0,0.0,0,0.0,0,0,0,0,0,0,0,0,0,0,0,0,0,"{""ip-172-31-0-204"": ""healthy"", ""ip-172-31-1-171"": ""healthy"", ""ip-172-31-10-12"": ""healthy"", ""ip-172-31-11-132"": ""healthy"", ""ip-172-31-13-134"": ""healthy"", ""ip-172-31-14-68"": ""healthy"", ""ip-172-31-40-239"": ""healthy""}",unsubscribe,0.1,0.0,0,0,{},"{""a1"": {""services"": [""pose"", ""gesture""], ""fps"": {""pose"": 0, ""gesture"": 0}, ""eff_fps"": {""pose"": 0, ""gesture"": 0}, ""latency_ms"": {""pose"": 0, ""gesture"": 0}, ""svclat_ms"": {""pose"": 0.0, ""gesture"": 0.0}}}"
4.2,1,0,0.0,0,0,0,0,0,0.0,0,0,0.0,0.0,0,0.0,0,0,0,0,0,0,0,0,0,0,0,0,0,"{""ip-172-31-0-204"": ""healthy"", ""ip-172-31-1-171"": ""healthy"", ""ip-172-31-10-12"": ""healthy"", ""ip-172-31-11-132"": ""healthy"", ""ip-172-31-13-134"": ""healthy"", ""ip-172-31-14-68"": ""healthy"", ""ip-172-31-40-239"": ""healthy""}",unsubscribe,0.1,0.0,0,0,{},"{""a1"": {""services"": [""pose"", ""gesture""], ""fps"": {""pose"": 0, ""gesture"": 0}, ""eff_fps"": {""pose"": 0, ""gesture"": 0}, ""latency_ms"": {""pose"": 0, ""gesture"": 0}, ""svclat_ms"": {""pose"": 0.0, ""gesture"": 0.0}}}"
5.6,1,0,0.0,0,0,0,0,0,0.0,0,0,0.0,0.0,0,0.0,0,0,0,0,0,0,0,0,0,0,0,0,0,"{""ip-172-31-0-204"": ""healthy"", ""ip-172-31-1-171"": ""healthy"", ""ip-172-31-10-12"": ""healthy"", ""ip-172-31-11-132"": ""healthy"", ""ip-172-31-13-134"": ""healthy"", ""ip-172-31-14-68"": ""healthy"", ""ip-172-31-40-239"": ""healthy""}",unsubscribe,0.1,0.0,0,0,{},"{""a1"": {""services"": [""pose"", ""gesture""], ""fps"": {""pose"": 0, ""gesture"": 0}, ""eff_fps"": {""pose"": 0, ""gesture"": 0}, ""latency_ms"": {""pose"": 0, ""gesture"": 0}, ""svclat_ms"": {""pose"": 0.0, ""gesture"": 0.0}}, ""a2"": {""services"": [""pose"", ""gesture""], ""fps"": {""pose"": 0, ""gesture"": 0}, ""eff_fps"": {""pose"": 0, ""gesture"": 0}, ""latency_ms"": {""pose"": 0, ""gesture"": 0}, ""svclat_ms"": {""pose"": 0.0, ""gesture"": 0.0}}}"
7.0,1,0,0.0,0,0,0,0,0,0.0,0,0,0.0,0.0,0,0.0,0,0,0,0,0,0,0,0,0,0,0,0,0,"{""ip-172-31-0-204"": ""healthy"", ""ip-172-31-1-171"": ""healthy"", ""ip-172-31-10-12"": ""healthy"", ""ip-172-31-11-132"": ""healthy"", ""ip-172-31-13-134"": ""healthy"", ""ip-172-31-14-68"": ""healthy"", ""ip-172-31-40-239"": ""healthy""}",unsubscribe,0.1,0.0,0,0,{},"{""a1"": {""services"": [""pose"", ""gesture""], ""fps"": {""pose"": 0, ""gesture"": 0}, ""eff_fps"": {""pose"": 0, ""gesture"": 0}, ""latency_ms"": {""pose"": 0, ""gesture"": 0}, ""svclat_ms"": {""pose"": 0.0, ""gesture"": 0.0}}, ""a2"": {""services"": [""pose"", ""gesture""], ""fps"": {""pose"": 0, ""gesture"": 0}, ""eff_fps"": {""pose"": 0, ""gesture"": 0}, ""latency_ms"": {""pose"": 0, ""gesture"": 0}, ""svclat_ms"": {""pose"": 0.0, ""gesture"": 0.0}}}"
8.4,1,0,0.0,0,0,0,0,0,0.0,0,0,0.0,0.0,0,0.0,0,0,0,0,0,0,0,0,0,0,0,0,0,"{""ip-172-31-0-204"": ""healthy"", ""ip-172-31-1-171"": ""healthy"", ""ip-172-31-10-12"": ""healthy"", ""ip-172-31-11-132"": ""healthy"", ""ip-172-31-13-134"": ""healthy"", ""ip-172-31-14-68"": ""healthy"", ""ip-172-31-40-239"": ""healthy""}",unsubscribe,0.1,0.0,0,0,{},"{""a1"": {""services"": [""pose"", ""gesture""], ""fps"": {""pose"": 0, ""gesture"": 0}, ""eff_fps"": {""pose"": 0, ""gesture"": 0}, ""latency_ms"": {""pose"": 0, ""gesture"": 0}, ""svclat_ms"": {""pose"": 0.0, ""gesture"": 0.0}}, ""a2"": {""services"": [""pose"", ""gesture""], ""fps"": {""pose"": 0, ""gesture"": 0}, ""eff_fps"": {""pose"": 0, ""gesture"": 0}, ""latency_ms"": {""pose"": 0, ""gesture"": 0}, ""svclat_ms"": {""pose"": 0.0, ""gesture"": 0.0}}}"
9.8,1,0,0.0,0,0,0,0,0,0.0,0,0,0.0,0.0,0,0.0,0,0,0,0,0,0,0,0,0,0,0,0,0,"{""ip-172-31-0-204"": ""healthy"", ""ip-172-31-1-171"": ""healthy"", ""ip-172-31-10-12"": ""healthy"", ""ip-172-31-11-132"": ""healthy"", ""ip-172-31-13-134"": ""healthy"", ""ip-172-31-14-68"": ""healthy"", ""ip-172-31-40-239"": ""healthy""}",unsubscribe,0.1,0.0,0,0,{},"{""a1"": {""services"": [""pose"", ""gesture""], ""fps"": {""pose"": 0, ""gesture"": 0}, ""eff_fps"": {""pose"": 0, ""gesture"": 0}, ""latency_ms"": {""pose"": 0, ""gesture"": 0}, ""svclat_ms"": {""pose"": 0.0, ""gesture"": 0.0}}, ""a2"": {""services"": [""pose"", ""gesture""], ""fps"": {""pose"": 0, ""gesture"": 0}, ""eff_fps"": {""pose"": 0, ""gesture"": 0}, ""latency_ms"": {""pose"": 0, ""gesture"": 0}, ""svclat_ms"": {""pose"": 0.0, ""gesture"": 0.0}}}"
11.2,1,0,0.0,0,0,0,0,0,0.0,0,0,0.0,0.0,0,0.0,0,0,0,0,0,0,0,0,0,0,0,0,0,"{""ip-172-31-0-204"": ""healthy"", ""ip-172-31-1-171"": ""healthy"", ""ip-172-31-10-12"": ""healthy"", ""ip-172-31-11-132"": ""healthy"", ""ip-172-31-13-134"": ""healthy"", ""ip-172-31-14-68"": ""healthy"", ""ip-172-31-40-239"": ""healthy""}",unsubscribe,0.1,0.0,0,0,{},"{""a1"": {""services"": [""pose"", ""gesture""], ""fps"": {""pose"": 0, ""gesture"": 0}, ""eff_fps"": {""pose"": 0, ""gesture"": 0}, ""latency_ms"": {""pose"": 0, ""gesture"": 0}, ""svclat_ms"": {""pose"": 0.0, ""gesture"": 0.0}}, ""a2"": {""services"": [""pose"", ""gesture""], ""fps"": {""pose"": 0, ""gesture"": 0}, ""eff_fps"": {""pose"": 0, ""gesture"": 0}, ""latency_ms"": {""pose"": 0, ""gesture"": 0}, ""svclat_ms"": {""pose"": 0.0, ""gesture"": 0.0}}, ""a3"": {""services"": [""pose"", ""gesture""], ""fps"": {""pose"": 0, ""gesture"": 0}, ""eff_fps"": {""pose"": 0, ""gesture"": 0}, ""latency_ms"": {""pose"": 0, ""gesture"": 0}, ""svclat_ms"": {""pose"": 0.0, ""gesture"": 0.0}}}"
12.6,1,0,0.0,0,0,0,0,0,0.0,0,0,0.0,0.0,0,0.0,0,0,0,0,0,0,0,0,0,0,0,0,0,"{""ip-172-31-0-204"": ""healthy"", ""ip-172-31-1-171"": ""healthy"", ""ip-172-31-10-12"": ""healthy"", ""ip-172-31-11-132"": ""healthy"", ""ip-172-31-13-134"": ""healthy"", ""ip-172-31-14-68"": ""healthy"", ""ip-172-31-40-239"": ""healthy""}",unsubscribe,0.1,0.0,0,0,{},"{""a1"": {""services"": [""pose"", ""gesture""], ""fps"": {""pose"": 0, ""gesture"": 0}, ""eff_fps"": {""pose"": 0, ""gesture"": 0}, ""latency_ms"": {""pose"": 0, ""gesture"": 0}, ""svclat_ms"": {""pose"": 0.0, ""gesture"": 0.0}}, ""a2"": {""services"": [""pose"", ""gesture""], ""fps"": {""pose"": 0, ""gesture"": 0}, ""eff_fps"": {""pose"": 0, ""gesture"": 0}, ""latency_ms"": {""pose"": 0, ""gesture"": 0}, ""svclat_ms"": {""pose"": 0.0, ""gesture"": 0.0}}, ""a3"": {""services"": [""pose"", ""gesture""], ""fps"": {""pose"": 0, ""gesture"": 0}, ""eff_fps"": {""pose"": 0, ""gesture"": 0}, ""latency_ms"": {""pose"": 0, ""gesture"": 0}, ""svclat_ms"": {""pose"": 0.0, ""gesture"": 0.0}}}"
16.6,2,1,0.5,2,0,2,2,2,1.0,170.0,60,0.353,0.0,2.0,0.0,30.0,30.0,0,30.0,30.0,0,0,0,0,18.11,14.59,0,60,"{""ip-172-31-0-204"": ""healthy"", ""ip-172-31-1-171"": ""healthy"", ""ip-172-31-10-12"": ""healthy"", ""ip-172-31-11-132"": ""healthy"", ""ip-172-31-13-134"": ""healthy"", ""ip-172-31-14-68"": ""healthy"", ""ip-172-31-40-239"": ""healthy""}",subscribe,11.4,1.0,0,0,"{""ip-172-31-0-204"": {""pose"": 1, ""gesture"": 1}}","{""a1"": {""services"": [""pose"", ""gesture""], ""fps"": {""pose"": 30, ""gesture"": 30}, ""eff_fps"": {""pose"": 30, ""gesture"": 30}, ""latency_ms"": {""pose"": 0, ""gesture"": 0}, ""svclat_ms"": {""pose"": 18.11, ""gesture"": 14.59}}, ""a2"": {""services"": [""pose"", ""gesture""], ""fps"": {""pose"": 0, ""gesture"": 0}, ""eff_fps"": {""pose"": 0, ""gesture"": 0}, ""latency_ms"": {""pose"": 0, ""gesture"": 0}, ""svclat_ms"": {""pose"": 0.0, ""gesture"": 0.0}}, ""a3"": {""services"": [""pose"", ""gesture""], ""fps"": {""pose"": 0, ""gesture"": 0}, ""eff_fps"": {""pose"": 0, ""gesture"": 0}, ""latency_ms"": {""pose"": 0, ""gesture"": 0}, ""svclat_ms"": {""pose"": 0.0, ""gesture"": 0.0}}, ""a4"": {""services"": [""pose"", ""gesture""], ""fps"": {""pose"": 0, ""gesture"": 0}, ""eff_fps"": {""pose"": 0, ""gesture"": 0}, ""latency_ms"": {""pose"": 0, ""gesture"": 0}, ""svclat_ms"": {""pose"": 0.0, ""gesture"": 0.0}}}"
19.0,2,1,0.5,0,0,2,2,2,1.0,170.0,60,0.353,0.0,2.0,0.0,30.0,30.0,0,30.0,30.0,0,0,0,0,17.85,14.9,0,60,"{""ip-172-31-0-204"": ""healthy"", ""ip-172-31-1-171"": ""healthy"", ""ip-172-31-10-12"": ""healthy"", ""ip-172-31-11-132"": ""healthy"", ""ip-172-31-13-134"": ""healthy"", ""ip-172-31-14-68"": ""healthy"", ""ip-172-31-40-239"": ""healthy""}",subscribe,11.4,1.0,0,0,"{""ip-172-31-0-204"": {""pose"": 1, ""gesture"": 1}}","{""a1"": {""services"": [""pose"", ""gesture""], ""fps"": {""pose"": 30, ""gesture"": 30}, ""eff_fps"": {""pose"": 30, ""gesture"": 30}, ""latency_ms"": {""pose"": 0, ""gesture"": 0}, ""svclat_ms"": {""pose"": 17.85, ""gesture"": 14.9}}, ""a2"": {""services"": [""pose"", ""gesture""], ""fps"": {""pose"": 0, ""gesture"": 0}, ""eff_fps"": {""pose"": 0, ""gesture"": 0}, ""latency_ms"": {""pose"": 0, ""gesture"": 0}, ""svclat_ms"": {""pose"": 0.0, ""gesture"": 0.0}}, ""a3"": {""services"": [""pose"", ""gesture""], ""fps"": {""pose"": 0, ""gesture"": 0}, ""eff_fps"": {""pose"": 0, ""gesture"": 0}, ""latency_ms"": {""pose"": 0, ""gesture"": 0}, ""svclat_ms"": {""pose"": 0.0, ""gesture"": 0.0}}, ""a4"": {""services"": [""pose"", ""gesture""], ""fps"": {""pose"": 0, ""gesture"": 0}, ""eff_fps"": {""pose"": 0, ""gesture"": 0}, ""latency_ms"": {""pose"": 0, ""gesture"": 0}, ""svclat_ms"": {""pose"": 0.0, ""gesture"": 0.0}}}"
23.5,2,1,0.5,0,0,2,2,2,1.0,170.0,60,0.353,0.0,2.0,0.0,30.0,30.0,0,30.0,30.0,0,0,0,0,20.69,14.98,0,120,"{""ip-172-31-0-204"": ""healthy"", ""ip-172-31-1-171"": ""healthy"", ""ip-172-31-10-12"": ""healthy"", ""ip-172-31-11-132"": ""healthy"", ""ip-172-31-13-134"": ""healthy"", ""ip-172-31-14-68"": ""healthy"", ""ip-172-31-40-239"": ""healthy""}",subscribe,11.4,1.0,0,0,"{""ip-172-31-0-204"": {""pose"": 1, ""gesture"": 1}}","{""a1"": {""services"": [""pose"", ""gesture""], ""fps"": {""pose"": 30, ""gesture"": 30}, ""eff_fps"": {""pose"": 30, ""gesture"": 30}, ""latency_ms"": {""pose"": 0, ""gesture"": 0}, ""svclat_ms"": {""pose"": 20.88, ""gesture"": 15.3}}, ""a2"": {""services"": [""pose"", ""gesture""], ""fps"": {""pose"": 30, ""gesture"": 30}, ""eff_fps"": {""pose"": 30, ""gesture"": 30}, ""latency_ms"": {""pose"": 0, ""gesture"": 0}, ""svclat_ms"": {""pose"": 20.5, ""gesture"": 14.67}}, ""a3"": {""services"": [""pose"", ""gesture""], ""fps"": {""pose"": 0, ""gesture"": 0}, ""eff_fps"": {""pose"": 0, ""gesture"": 0}, ""latency_ms"": {""pose"": 0, ""gesture"": 0}, ""svclat_ms"": {""pose"": 0.0, ""gesture"": 0.0}}, ""a4"": {""services"": [""pose"", ""gesture""], ""fps"": {""pose"": 0, ""gesture"": 0}, ""eff_fps"": {""pose"": 0, ""gesture"": 0}, ""latency_ms"": {""pose"": 0, ""gesture"": 0}, ""svclat_ms"": {""pose"": 0.0, ""gesture"": 0.0}}, ""a5"": {""services"": [""pose"", ""gesture""], ""fps"": {""pose"": 0, ""gesture"": 0}, ""eff_fps"": {""pose"": 0, ""gesture"": 0}, ""latency_ms"": {""pose"": 0, ""gesture"": 0}, ""svclat_ms"": {""pose"": 0.0, ""gesture"": 0.0}}}"
25.9,3,2,0.667,1,0,3,3,3,1.0,283.0,120,0.424,0.0,1.5,0.0,30.0,30.0,0,30.0,30.0,0,0,0,0,20.44,14.91,0,120,"{""ip-172-31-0-204"": ""healthy"", ""ip-172-31-1-171"": ""healthy"", ""ip-172-31-10-12"": ""healthy"", ""ip-172-31-11-132"": ""healthy"", ""ip-172-31-13-134"": ""healthy"", ""ip-172-31-14-68"": ""healthy"", ""ip-172-31-40-239"": ""healthy""}",subscribe,8.8,1.0,0,0,"{""ip-172-31-0-204"": {""pose"": 1, ""gesture"": 1}, ""ip-172-31-1-171"": {""gesture"": 1}}","{""a1"": {""services"": [""pose"", ""gesture""], ""fps"": {""pose"": 30, ""gesture"": 30}, ""eff_fps"": {""pose"": 30, ""gesture"": 30}, ""latency_ms"": {""pose"": 0, ""gesture"": 0}, ""svclat_ms"": {""pose"": 20.73, ""gesture"": 15.09}}, ""a2"": {""services"": [""pose"", ""gesture""], ""fps"": {""pose"": 30, ""gesture"": 30}, ""eff_fps"": {""pose"": 30, ""gesture"": 30}, ""latency_ms"": {""pose"": 0, ""gesture"": 0}, ""svclat_ms"": {""pose"": 20.15, ""gesture"": 14.72}}, ""a3"": {""services"": [""pose"", ""gesture""], ""fps"": {""pose"": 0, ""gesture"": 0}, ""eff_fps"": {""pose"": 0, ""gesture"": 0}, ""latency_ms"": {""pose"": 0, ""gesture"": 0}, ""svclat_ms"": {""pose"": 0.0, ""gesture"": 0.0}}, ""a4"": {""services"": [""pose"", ""gesture""], ""fps"": {""pose"": 0, ""gesture"": 0}, ""eff_fps"": {""pose"": 0, ""gesture"": 0}, ""latency_ms"": {""pose"": 0, ""gesture"": 0}, ""svclat_ms"": {""pose"": 0.0, ""gesture"": 0.0}}, ""a5"": {""services"": [""pose"", ""gesture""], ""fps"": {""pose"": 0, ""gesture"": 0}, ""eff_fps"": {""pose"": 0, ""gesture"": 0}, ""latency_ms"": {""pose"": 0, ""gesture"": 0}, ""svclat_ms"": {""pose"": 0.0, ""gesture"": 0.0}}, ""a6"": {""services"": [""pose"", ""gesture""], ""fps"": {""pose"": 0, ""gesture"": 0}, ""eff_fps"": {""pose"": 0, ""gesture"": 0}, ""latency_ms"": {""pose"": 0, ""gesture"": 0}, ""svclat_ms"": {""pose"": 0.0, ""gesture"": 0.0}}}"
28.3,3,2,0.667,0,0,3,3,3,1.0,283.0,120,0.424,0.0,1.5,0.0,30.0,30.0,0,30.0,30.0,0,0,0,0,20.77,15.3,0,120,"{""ip-172-31-0-204"": ""healthy"", ""ip-172-31-1-171"": ""healthy"", ""ip-172-31-10-12"": ""healthy"", ""ip-172-31-11-132"": ""healthy"", ""ip-172-31-13-134"": ""healthy"", ""ip-172-31-14-68"": ""healthy"", ""ip-172-31-40-239"": ""healthy""}",subscribe,8.8,1.0,0,0,"{""ip-172-31-0-204"": {""pose"": 1, ""gesture"": 1}, ""ip-172-31-1-171"": {""gesture"": 1}}","{""a1"": {""services"": [""pose"", ""gesture""], ""fps"": {""pose"": 30, ""gesture"": 30}, ""eff_fps"": {""pose"": 30, ""gesture"": 30}, ""latency_ms"": {""pose"": 0, ""gesture"": 0}, ""svclat_ms"": {""pose"": 21.03, ""gesture"": 15.45}}, ""a2"": {""services"": [""pose"", ""gesture""], ""fps"": {""pose"": 30, ""gesture"": 30}, ""eff_fps"": {""pose"": 30, ""gesture"": 30}, ""latency_ms"": {""pose"": 0, ""gesture"": 0}, ""svclat_ms"": {""pose"": 20.51, ""gesture"": 15.16}}, ""a3"": {""services"": [""pose"", ""gesture""], ""fps"": {""pose"": 0, ""gesture"": 0}, ""eff_fps"": {""pose"": 0, ""gesture"": 0}, ""latency_ms"": {""pose"": 0, ""gesture"": 0}, ""svclat_ms"": {""pose"": 0.0, ""gesture"": 0.0}}, ""a4"": {""services"": [""pose"", ""gesture""], ""fps"": {""pose"": 0, ""gesture"": 0}, ""eff_fps"": {""pose"": 0, ""gesture"": 0}, ""latency_ms"": {""pose"": 0, ""gesture"": 0}, ""svclat_ms"": {""pose"": 0.0, ""gesture"": 0.0}}, ""a5"": {""services"": [""pose"", ""gesture""], ""fps"": {""pose"": 0, ""gesture"": 0}, ""eff_fps"": {""pose"": 0, ""gesture"": 0}, ""latency_ms"": {""pose"": 0, ""gesture"": 0}, ""svclat_ms"": {""pose"": 0.0, ""gesture"": 0.0}}, ""a6"": {""services"": [""pose"", ""gesture""], ""fps"": {""pose"": 0, ""gesture"": 0}, ""eff_fps"": {""pose"": 0, ""gesture"": 0}, ""latency_ms"": {""pose"": 0, ""gesture"": 0}, ""svclat_ms"": {""pose"": 0.0, ""gesture"": 0.0}}}"
32.0,3,2,0.667,0,0,3,3,3,1.0,283.0,120,0.424,0.0,1.5,0.0,23.0,30.0,0,23.0,30.0,0,0,0,0,23.66,15.09,0,106,"{""ip-172-31-0-204"": ""healthy"", ""ip-172-31-1-171"": ""healthy"", ""ip-172-31-10-12"": ""healthy"", ""ip-172-31-11-132"": ""healthy"", ""ip-172-31-13-134"": ""healthy"", ""ip-172-31-14-68"": ""healthy"", ""ip-172-31-40-239"": ""healthy""}",subscribe,8.8,1.0,0,0,"{""ip-172-31-0-204"": {""pose"": 1, ""gesture"": 1}, ""ip-172-31-1-171"": {""gesture"": 1}}","{""a1"": {""services"": [""pose"", ""gesture""], ""fps"": {""pose"": 23, ""gesture"": 30}, ""eff_fps"": {""pose"": 23, ""gesture"": 30}, ""latency_ms"": {""pose"": 0, ""gesture"": 0}, ""svclat_ms"": {""pose"": 18.98, ""gesture"": 15.23}}, ""a2"": {""services"": [""pose"", ""gesture""], ""fps"": {""pose"": 23, ""gesture"": 30}, ""eff_fps"": {""pose"": 23, ""gesture"": 30}, ""latency_ms"": {""pose"": 0, ""gesture"": 0}, ""svclat_ms"": {""pose"": 28.35, ""gesture"": 14.94}}, ""a3"": {""services"": [""pose"", ""gesture""], ""fps"": {""pose"": 0, ""gesture"": 0}, ""eff_fps"": {""pose"": 0, ""gesture"": 0}, ""latency_ms"": {""pose"": 0, ""gesture"": 0}, ""svclat_ms"": {""pose"": 0.0, ""gesture"": 0.0}}, ""a4"": {""services"": [""pose"", ""gesture""], ""fps"": {""pose"": 0, ""gesture"": 0}, ""eff_fps"": {""pose"": 0, ""gesture"": 0}, ""latency_ms"": {""pose"": 0, ""gesture"": 0}, ""svclat_ms"": {""pose"": 0.0, ""gesture"": 0.0}}, ""a5"": {""services"": [""pose"", ""gesture""], ""fps"": {""pose"": 0, ""gesture"": 0}, ""eff_fps"": {""pose"": 0, ""gesture"": 0}, ""latency_ms"": {""pose"": 0, ""gesture"": 0}, ""svclat_ms"": {""pose"": 0.0, ""gesture"": 0.0}}, ""a6"": {""services"": [""pose"", ""gesture""], ""fps"": {""pose"": 0, ""gesture"": 0}, ""eff_fps"": {""pose"": 0, ""gesture"": 0}, ""latency_ms"": {""pose"": 0, ""gesture"": 0}, ""svclat_ms"": {""pose"": 0.0, ""gesture"": 0.0}}, ""a7"": {""services"": [""pose"", ""gesture""], ""fps"": {""pose"": 0, ""gesture"": 0}, ""eff_fps"": {""pose"": 0, ""gesture"": 0}, ""latency_ms"": {""pose"": 0, ""gesture"": 0}, ""svclat_ms"": {""pose"": 0.0, ""gesture"": 0.0}}}"
34.4,4,3,0.75,1,0,4,4,4,1.0,396.0,159.0,0.402,0.0,1.33,0.0,22.0,30.0,0,22.0,30.0,0,0,0,0,26.57,15.06,0,156,"{""ip-172-31-0-204"": ""healthy"", ""ip-172-31-1-171"": ""healthy"", ""ip-172-31-10-12"": ""healthy"", ""ip-172-31-11-132"": ""healthy"", ""ip-172-31-13-134"": ""healthy"", ""ip-172-31-14-68"": ""healthy"", ""ip-172-31-40-239"": ""healthy""}",subscribe,9.5,0.8833,0,0,"{""ip-172-31-0-204"": {""pose"": 1, ""gesture"": 1}, ""ip-172-31-1-171"": {""gesture"": 1}, ""ip-172-31-10-12"": {""gesture"": 1}}","{""a1"": {""services"": [""pose"", ""gesture""], ""fps"": {""pose"": 22, ""gesture"": 30}, ""eff_fps"": {""pose"": 22, ""gesture"": 30}, ""latency_ms"": {""pose"": 0, ""gesture"": 0}, ""svclat_ms"": {""pose"": 25.65, ""gesture"": 15.87}}, ""a2"": {""services"": [""pose"", ""gesture""], ""fps"": {""pose"": 22, ""gesture"": 30}, ""eff_fps"": {""pose"": 22, ""gesture"": 30}, ""latency_ms"": {""pose"": 0, ""gesture"": 0}, ""svclat_ms"": {""pose"": 28.66, ""gesture"": 14.96}}, ""a3"": {""services"": [""pose"", ""gesture""], ""fps"": {""pose"": 22, ""gesture"": 30}, ""eff_fps"": {""pose"": 22, ""gesture"": 30}, ""latency_ms"": {""pose"": 0, ""gesture"": 0}, ""svclat_ms"": {""pose"": 25.41, ""gesture"": 14.36}}, ""a4"": {""services"": [""pose"", ""gesture""], ""fps"": {""pose"": 0, ""gesture"": 0}, ""eff_fps"": {""pose"": 0, ""gesture"": 0}, ""latency_ms"": {""pose"": 0, ""gesture"": 0}, ""svclat_ms"": {""pose"": 0.0, ""gesture"": 0.0}}, ""a5"": {""services"": [""pose"", ""gesture""], ""fps"": {""pose"": 0, ""gesture"": 0}, ""eff_fps"": {""pose"": 0, ""gesture"": 0}, ""latency_ms"": {""pose"": 0, ""gesture"": 0}, ""svclat_ms"": {""pose"": 0.0, ""gesture"": 0.0}}, ""a6"": {""services"": [""pose"", ""gesture""], ""fps"": {""pose"": 0, ""gesture"": 0}, ""eff_fps"": {""pose"": 0, ""gesture"": 0}, ""latency_ms"": {""pose"": 0, ""gesture"": 0}, ""svclat_ms"": {""pose"": 0.0, ""gesture"": 0.0}}, ""a7"": {""services"": [""pose"", ""gesture""], ""fps"": {""pose"": 0, ""gesture"": 0}, ""eff_fps"": {""pose"": 0, ""gesture"": 0}, ""latency_ms"": {""pose"": 0, ""gesture"": 0}, ""svclat_ms"": {""pose"": 0.0, ""gesture"": 0.0}}}"
36.8,4,3,0.75,0,0,4,4,4,1.0,396.0,159.0,0.402,0.0,1.33,0.0,23.0,30.0,0,23.0,30.0,0,0,0,0,23.47,14.97,0,159,"{""ip-172-31-0-204"": ""healthy"", ""ip-172-31-1-171"": ""healthy"", ""ip-172-31-10-12"": ""healthy"", ""ip-172-31-11-132"": ""healthy"", ""ip-172-31-13-134"": ""healthy"", ""ip-172-31-14-68"": ""healthy"", ""ip-172-31-40-239"": ""healthy""}",subscribe,9.5,0.8833,0,0,"{""ip-172-31-0-204"": {""pose"": 1, ""gesture"": 1}, ""ip-172-31-1-171"": {""gesture"": 1}, ""ip-172-31-10-12"": {""gesture"": 1}}","{""a1"": {""services"": [""pose"", ""gesture""], ""fps"": {""pose"": 23, ""gesture"": 30}, ""eff_fps"": {""pose"": 23, ""gesture"": 30}, ""latency_ms"": {""pose"": 0, ""gesture"": 0}, ""svclat_ms"": {""pose"": 23.82, ""gesture"": 15.76}}, ""a2"": {""services"": [""pose"", ""gesture""], ""fps"": {""pose"": 23, ""gesture"": 30}, ""eff_fps"": {""pose"": 23, ""gesture"": 30}, ""latency_ms"": {""pose"": 0, ""gesture"": 0}, ""svclat_ms"": {""pose"": 24.24, ""gesture"": 15.04}}, ""a3"": {""services"": [""pose"", ""gesture""], ""fps"": {""pose"": 23, ""gesture"": 30}, ""eff_fps"": {""pose"": 23, ""gesture"": 30}, ""latency_ms"": {""pose"": 0, ""gesture"": 0}, ""svclat_ms"": {""pose"": 22.34, ""gesture"": 14.1}}, ""a4"": {""services"": [""pose"", ""gesture""], ""fps"": {""pose"": 0, ""gesture"": 0}, ""eff_fps"": {""pose"": 0, ""gesture"": 0}, ""latency_ms"": {""pose"": 0, ""gesture"": 0}, ""svclat_ms"": {""pose"": 0.0, ""gesture"": 0.0}}, ""a5"": {""services"": [""pose"", ""gesture""], ""fps"": {""pose"": 0, ""gesture"": 0}, ""eff_fps"": {""pose"": 0, ""gesture"": 0}, ""latency_ms"": {""pose"": 0, ""gesture"": 0}, ""svclat_ms"": {""pose"": 0.0, ""gesture"": 0.0}}, ""a6"": {""services"": [""pose"", ""gesture""], ""fps"": {""pose"": 0, ""gesture"": 0}, ""eff_fps"": {""pose"": 0, ""gesture"": 0}, ""latency_ms"": {""pose"": 0, ""gesture"": 0}, ""svclat_ms"": {""pose"": 0.0, ""gesture"": 0.0}}, ""a7"": {""services"": [""pose"", ""gesture""], ""fps"": {""pose"": 0, ""gesture"": 0}, ""eff_fps"": {""pose"": 0, ""gesture"": 0}, ""latency_ms"": {""pose"": 0, ""gesture"": 0}, ""svclat_ms"": {""pose"": 0.0, ""gesture"": 0.0}}, ""a8"": {""services"": [""pose"", ""gesture""], ""fps"": {""pose"": 0, ""gesture"": 0}, ""eff_fps"": {""pose"": 0, ""gesture"": 0}, ""latency_ms"": {""pose"": 0, ""gesture"": 0}, ""svclat_ms"": {""pose"": 0.0, ""gesture"": 0.0}}}"
39.2,4,3,0.75,0,0,4,4,4,1.0,396.0,159.0,0.402,0.0,1.33,0.0,23.0,30.33,0,23.0,30.33,0,0,0,0,22.96,14.79,0,160,"{""ip-172-31-0-204"": ""healthy"", ""ip-172-31-1-171"": ""healthy"", ""ip-172-31-10-12"": ""healthy"", ""ip-172-31-11-132"": ""healthy"", ""ip-172-31-13-134"": ""healthy"", ""ip-172-31-14-68"": ""healthy"", ""ip-172-31-40-239"": ""healthy""}",subscribe,9.5,0.8833,0,0,"{""ip-172-31-0-204"": {""pose"": 1, ""gesture"": 1}, ""ip-172-31-1-171"": {""gesture"": 1}, ""ip-172-31-10-12"": {""gesture"": 1}}","{""a1"": {""services"": [""pose"", ""gesture""], ""fps"": {""pose"": 23, ""gesture"": 30}, ""eff_fps"": {""pose"": 23, ""gesture"": 30}, ""latency_ms"": {""pose"": 0, ""gesture"": 0}, ""svclat_ms"": {""pose"": 22.99, ""gesture"": 15.13}}, ""a2"": {""services"": [""pose"", ""gesture""], ""fps"": {""pose"": 23, ""gesture"": 31}, ""eff_fps"": {""pose"": 23, ""gesture"": 31}, ""latency_ms"": {""pose"": 0, ""gesture"": 0}, ""svclat_ms"": {""pose"": 23.57, ""gesture"": 15.0}}, ""a3"": {""services"": [""pose"", ""gesture""], ""fps"": {""pose"": 23, ""gesture"": 30}, ""eff_fps"": {""pose"": 23, ""gesture"": 30}, ""latency_ms"": {""pose"": 0, ""gesture"": 0}, ""svclat_ms"": {""pose"": 22.33, ""gesture"": 14.25}}, ""a4"": {""services"": [""pose"", ""gesture""], ""fps"": {""pose"": 0, ""gesture"": 0}, ""eff_fps"": {""pose"": 0, ""gesture"": 0}, ""latency_ms"": {""pose"": 0, ""gesture"": 0}, ""svclat_ms"": {""pose"": 0.0, ""gesture"": 0.0}}, ""a5"": {""services"": [""pose"", ""gesture""], ""fps"": {""pose"": 0, ""gesture"": 0}, ""eff_fps"": {""pose"": 0, ""gesture"": 0}, ""latency_ms"": {""pose"": 0, ""gesture"": 0}, ""svclat_ms"": {""pose"": 0.0, ""gesture"": 0.0}}, ""a6"": {""services"": [""pose"", ""gesture""], ""fps"": {""pose"": 0, ""gesture"": 0}, ""eff_fps"": {""pose"": 0, ""gesture"": 0}, ""latency_ms"": {""pose"": 0, ""gesture"": 0}, ""svclat_ms"": {""pose"": 0.0, ""gesture"": 0.0}}, ""a7"": {""services"": [""pose"", ""gesture""], ""fps"": {""pose"": 0, ""gesture"": 0}, ""eff_fps"": {""pose"": 0, ""gesture"": 0}, ""latency_ms"": {""pose"": 0, ""gesture"": 0}, ""svclat_ms"": {""pose"": 0.0, ""gesture"": 0.0}}, ""a8"": {""services"": [""pose"", ""gesture""], ""fps"": {""pose"": 0, ""gesture"": 0}, ""eff_fps"": {""pose"": 0, ""gesture"": 0}, ""latency_ms"": {""pose"": 0, ""gesture"": 0}, ""svclat_ms"": {""pose"": 0.0, ""gesture"": 0.0}}}"
41.6,4,3,0.75,0,0,4,4,4,1.0,396.0,159.0,0.402,0.0,1.33,0.0,23.0,30.0,0,23.0,30.0,0,0,0,0,23.3,14.86,0,159,"{""ip-172-31-0-204"": ""healthy"", ""ip-172-31-1-171"": ""healthy"", ""ip-172-31-10-12"": ""healthy"", ""ip-172-31-11-132"": ""healthy"", ""ip-172-31-13-134"": ""healthy"", ""ip-172-31-14-68"": ""healthy"", ""ip-172-31-40-239"": ""healthy""}",subscribe,9.5,0.8833,0,0,"{""ip-172-31-0-204"": {""pose"": 1, ""gesture"": 1}, ""ip-172-31-1-171"": {""gesture"": 1}, ""ip-172-31-10-12"": {""gesture"": 1}}","{""a1"": {""services"": [""pose"", ""gesture""], ""fps"": {""pose"": 23, ""gesture"": 30}, ""eff_fps"": {""pose"": 23, ""gesture"": 30}, ""latency_ms"": {""pose"": 0, ""gesture"": 0}, ""svclat_ms"": {""pose"": 23.22, ""gesture"": 15.42}}, ""a2"": {""services"": [""pose"", ""gesture""], ""fps"": {""pose"": 23, ""gesture"": 30}, ""eff_fps"": {""pose"": 23, ""gesture"": 30}, ""latency_ms"": {""pose"": 0, ""gesture"": 0}, ""svclat_ms"": {""pose"": 24.02, ""gesture"": 15.13}}, ""a3"": {""services"": [""pose"", ""gesture""], ""fps"": {""pose"": 23, ""gesture"": 30}, ""eff_fps"": {""pose"": 23, ""gesture"": 30}, ""latency_ms"": {""pose"": 0, ""gesture"": 0}, ""svclat_ms"": {""pose"": 22.67, ""gesture"": 14.02}}, ""a4"": {""services"": [""pose"", ""gesture""], ""fps"": {""pose"": 0, ""gesture"": 0}, ""eff_fps"": {""pose"": 0, ""gesture"": 0}, ""latency_ms"": {""pose"": 0, ""gesture"": 0}, ""svclat_ms"": {""pose"": 0.0, ""gesture"": 0.0}}, ""a5"": {""services"": [""pose"", ""gesture""], ""fps"": {""pose"": 0, ""gesture"": 0}, ""eff_fps"": {""pose"": 0, ""gesture"": 0}, ""latency_ms"": {""pose"": 0, ""gesture"": 0}, ""svclat_ms"": {""pose"": 0.0, ""gesture"": 0.0}}, ""a6"": {""services"": [""pose"", ""gesture""], ""fps"": {""pose"": 0, ""gesture"": 0}, ""eff_fps"": {""pose"": 0, ""gesture"": 0}, ""latency_ms"": {""pose"": 0, ""gesture"": 0}, ""svclat_ms"": {""pose"": 0.0, ""gesture"": 0.0}}, ""a7"": {""services"": [""pose"", ""gesture""], ""fps"": {""pose"": 0, ""gesture"": 0}, ""eff_fps"": {""pose"": 0, ""gesture"": 0}, ""latency_ms"": {""pose"": 0, ""gesture"": 0}, ""svclat_ms"": {""pose"": 0.0, ""gesture"": 0.0}}, ""a8"": {""services"": [""pose"", ""gesture""], ""fps"": {""pose"": 0, ""gesture"": 0}, ""eff_fps"": {""pose"": 0, ""gesture"": 0}, ""latency_ms"": {""pose"": 0, ""gesture"": 0}, ""svclat_ms"": {""pose"": 0.0, ""gesture"": 0.0}}, ""a9"": {""services"": [""pose"", ""gesture""], ""fps"": {""pose"": 0, ""gesture"": 0}, ""eff_fps"": {""pose"": 0, ""gesture"": 0}, ""latency_ms"": {""pose"": 0, ""gesture"": 0}, ""svclat_ms"": {""pose"": 0.0, ""gesture"": 0.0}}}"
44.0,4,3,0.75,0,0,4,4,4,1.0,396.0,159.0,0.402,0.0,1.33,0.0,23.0,30.0,0,23.0,30.0,0,0,0,0,23.31,15.34,0,159,"{""ip-172-31-0-204"": ""healthy"", ""ip-172-31-1-171"": ""healthy"", ""ip-172-31-10-12"": ""healthy"", ""ip-172-31-11-132"": ""healthy"", ""ip-172-31-13-134"": ""healthy"", ""ip-172-31-14-68"": ""healthy"", ""ip-172-31-40-239"": ""healthy""}",subscribe,9.5,0.8833,0,0,"{""ip-172-31-0-204"": {""pose"": 1, ""gesture"": 1}, ""ip-172-31-1-171"": {""gesture"": 1}, ""ip-172-31-10-12"": {""gesture"": 1}}","{""a1"": {""services"": [""pose"", ""gesture""], ""fps"": {""pose"": 23, ""gesture"": 30}, ""eff_fps"": {""pose"": 23, ""gesture"": 30}, ""latency_ms"": {""pose"": 0, ""gesture"": 0}, ""svclat_ms"": {""pose"": 23.95, ""gesture"": 16.85}}, ""a2"": {""services"": [""pose"", ""gesture""], ""fps"": {""pose"": 23, ""gesture"": 30}, ""eff_fps"": {""pose"": 23, ""gesture"": 30}, ""latency_ms"": {""pose"": 0, ""gesture"": 0}, ""svclat_ms"": {""pose"": 24.27, ""gesture"": 15.01}}, ""a3"": {""services"": [""pose"", ""gesture""], ""fps"": {""pose"": 23, ""gesture"": 30}, ""eff_fps"": {""pose"": 23, ""gesture"": 30}, ""latency_ms"": {""pose"": 0, ""gesture"": 0}, ""svclat_ms"": {""pose"": 21.7, ""gesture"": 14.15}}, ""a4"": {""services"": [""pose"", ""gesture""], ""fps"": {""pose"": 0, ""gesture"": 0}, ""eff_fps"": {""pose"": 0, ""gesture"": 0}, ""latency_ms"": {""pose"": 0, ""gesture"": 0}, ""svclat_ms"": {""pose"": 0.0, ""gesture"": 0.0}}, ""a5"": {""services"": [""pose"", ""gesture""], ""fps"": {""pose"": 0, ""gesture"": 0}, ""eff_fps"": {""pose"": 0, ""gesture"": 0}, ""latency_ms"": {""pose"": 0, ""gesture"": 0}, ""svclat_ms"": {""pose"": 0.0, ""gesture"": 0.0}}, ""a6"": {""services"": [""pose"", ""gesture""], ""fps"": {""pose"": 0, ""gesture"": 0}, ""eff_fps"": {""pose"": 0, ""gesture"": 0}, ""latency_ms"": {""pose"": 0, ""gesture"": 0}, ""svclat_ms"": {""pose"": 0.0, ""gesture"": 0.0}}, ""a7"": {""services"": [""pose"", ""gesture""], ""fps"": {""pose"": 0, ""gesture"": 0}, ""eff_fps"": {""pose"": 0, ""gesture"": 0}, ""latency_ms"": {""pose"": 0, ""gesture"": 0}, ""svclat_ms"": {""pose"": 0.0, ""gesture"": 0.0}}, ""a8"": {""services"": [""pose"", ""gesture""], ""fps"": {""pose"": 0, ""gesture"": 0}, ""eff_fps"": {""pose"": 0, ""gesture"": 0}, ""latency_ms"": {""pose"": 0, ""gesture"": 0}, ""svclat_ms"": {""pose"": 0.0, ""gesture"": 0.0}}, ""a9"": {""services"": [""pose"", ""gesture""], ""fps"": {""pose"": 0, ""gesture"": 0}, ""eff_fps"": {""pose"": 0, ""gesture"": 0}, ""latency_ms"": {""pose"": 0, ""gesture"": 0}, ""svclat_ms"": {""pose"": 0.0, ""gesture"": 0.0}}}"
47.7,5,4,0.8,1,0,5,5,5,1.0,509.0,189.0,0.371,0.0,1.25,0.0,17.0,30.0,0,17.0,30.0,0,0,0,0,26.12,15.1,0,188,"{""ip-172-31-0-204"": ""healthy"", ""ip-172-31-1-171"": ""healthy"", ""ip-172-31-10-12"": ""healthy"", ""ip-172-31-11-132"": ""healthy"", ""ip-172-31-13-134"": ""healthy"", ""ip-172-31-14-68"": ""healthy"", ""ip-172-31-40-239"": ""healthy""}",subscribe,8.9,0.7875,0,0,"{""ip-172-31-0-204"": {""pose"": 1, ""gesture"": 1}, ""ip-172-31-1-171"": {""gesture"": 1}, ""ip-172-31-10-12"": {""gesture"": 1}, ""ip-172-31-11-132"": {""gesture"": 1}}","{""a1"": {""services"": [""pose"", ""gesture""], ""fps"": {""pose"": 17, ""gesture"": 30}, ""eff_fps"": {""pose"": 17, ""gesture"": 30}, ""latency_ms"": {""pose"": 0, ""gesture"": 0}, ""svclat_ms"": {""pose"": 23.18, ""gesture"": 16.15}}, ""a2"": {""services"": [""pose"", ""gesture""], ""fps"": {""pose"": 17, ""gesture"": 30}, ""eff_fps"": {""pose"": 17, ""gesture"": 30}, ""latency_ms"": {""pose"": 0, ""gesture"": 0}, ""svclat_ms"": {""pose"": 22.64, ""gesture"": 15.22}}, ""a3"": {""services"": [""pose"", ""gesture""], ""fps"": {""pose"": 17, ""gesture"": 30}, ""eff_fps"": {""pose"": 17, ""gesture"": 30}, ""latency_ms"": {""pose"": 0, ""gesture"": 0}, ""svclat_ms"": {""pose"": 27.92, ""gesture"": 13.96}}, ""a4"": {""services"": [""pose"", ""gesture""], ""fps"": {""pose"": 17, ""gesture"": 30}, ""eff_fps"": {""pose"": 17, ""gesture"": 30}, ""latency_ms"": {""pose"": 0, ""gesture"": 0}, ""svclat_ms"": {""pose"": 30.72, ""gesture"": 15.07}}, ""a5"": {""services"": [""pose"", ""gesture""], ""fps"": {""pose"": 0, ""gesture"": 0}, ""eff_fps"": {""pose"": 0, ""gesture"": 0}, ""latency_ms"": {""pose"": 0, ""gesture"": 0}, ""svclat_ms"": {""pose"": 0.0, ""gesture"": 0.0}}, ""a6"": {""services"": [""pose"", ""gesture""], ""fps"": {""pose"": 0, ""gesture"": 0}, ""eff_fps"": {""pose"": 0, ""gesture"": 0}, ""latency_ms"": {""pose"": 0, ""gesture"": 0}, ""svclat_ms"": {""pose"": 0.0, ""gesture"": 0.0}}, ""a7"": {""services"": [""pose"", ""gesture""], ""fps"": {""pose"": 0, ""gesture"": 0}, ""eff_fps"": {""pose"": 0, ""gesture"": 0}, ""latency_ms"": {""pose"": 0, ""gesture"": 0}, ""svclat_ms"": {""pose"": 0.0, ""gesture"": 0.0}}, ""a8"": {""services"": [""pose"", ""gesture""], ""fps"": {""pose"": 0, ""gesture"": 0}, ""eff_fps"": {""pose"": 0, ""gesture"": 0}, ""latency_ms"": {""pose"": 0, ""gesture"": 0}, ""svclat_ms"": {""pose"": 0.0, ""gesture"": 0.0}}, ""a9"": {""services"": [""pose"", ""gesture""], ""fps"": {""pose"": 0, ""gesture"": 0}, ""eff_fps"": {""pose"": 0, ""gesture"": 0}, ""latency_ms"": {""pose"": 0, ""gesture"": 0}, ""svclat_ms"": {""pose"": 0.0, ""gesture"": 0.0}}, ""a10"": {""services"": [""pose"", ""gesture""], ""fps"": {""pose"": 0, ""gesture"": 0}, ""eff_fps"": {""pose"": 0, ""gesture"": 0}, ""latency_ms"": {""pose"": 0, ""gesture"": 0}, ""svclat_ms"": {""pose"": 0.0, ""gesture"": 0.0}}}"
50.1,5,4,0.8,0,0,5,5,5,1.0,509.0,189.0,0.371,0.0,1.25,0.0,17.25,30.0,0,17.25,30.0,0,0,0,0,26.25,15.21,0,189,"{""ip-172-31-0-204"": ""healthy"", ""ip-172-31-1-171"": ""healthy"", ""ip-172-31-10-12"": ""healthy"", ""ip-172-31-11-132"": ""healthy"", ""ip-172-31-13-134"": ""healthy"", ""ip-172-31-14-68"": ""healthy"", ""ip-172-31-40-239"": ""healthy""}",subscribe,8.9,0.7875,0,0,"{""ip-172-31-0-204"": {""pose"": 1, ""gesture"": 1}, ""ip-172-31-1-171"": {""gesture"": 1}, ""ip-172-31-10-12"": {""gesture"": 1}, ""ip-172-31-11-132"": {""gesture"": 1}}","{""a1"": {""services"": [""pose"", ""gesture""], ""fps"": {""pose"": 17, ""gesture"": 30}, ""eff_fps"": {""pose"": 17, ""gesture"": 30}, ""latency_ms"": {""pose"": 0, ""gesture"": 0}, ""svclat_ms"": {""pose"": 23.64, ""gesture"": 16.43}}, ""a2"": {""services"": [""pose"", ""gesture""], ""fps"": {""pose"": 18, ""gesture"": 30}, ""eff_fps"": {""pose"": 18, ""gesture"": 30}, ""latency_ms"": {""pose"": 0, ""gesture"": 0}, ""svclat_ms"": {""pose"": 23.07, ""gesture"": 15.14}}, ""a3"": {""services"": [""pose"", ""gesture""], ""fps"": {""pose"": 17, ""gesture"": 30}, ""eff_fps"": {""pose"": 17, ""gesture"": 30}, ""latency_ms"": {""pose"": 0, ""gesture"": 0}, ""svclat_ms"": {""pose"": 27.71, ""gesture"": 14.07}}, ""a4"": {""services"": [""pose"", ""gesture""], ""fps"": {""pose"": 17, ""gesture"": 30}, ""eff_fps"": {""pose"": 17, ""gesture"": 30}, ""latency_ms"": {""pose"": 0, ""gesture"": 0}, ""svclat_ms"": {""pose"": 30.58, ""gesture"": 15.19}}, ""a5"": {""services"": [""pose"", ""gesture""], ""fps"": {""pose"": 0, ""gesture"": 0}, ""eff_fps"": {""pose"": 0, ""gesture"": 0}, ""latency_ms"": {""pose"": 0, ""gesture"": 0}, ""svclat_ms"": {""pose"": 0.0, ""gesture"": 0.0}}, ""a6"": {""services"": [""pose"", ""gesture""], ""fps"": {""pose"": 0, ""gesture"": 0}, ""eff_fps"": {""pose"": 0, ""gesture"": 0}, ""latency_ms"": {""pose"": 0, ""gesture"": 0}, ""svclat_ms"": {""pose"": 0.0, ""gesture"": 0.0}}, ""a7"": {""services"": [""pose"", ""gesture""], ""fps"": {""pose"": 0, ""gesture"": 0}, ""eff_fps"": {""pose"": 0, ""gesture"": 0}, ""latency_ms"": {""pose"": 0, ""gesture"": 0}, ""svclat_ms"": {""pose"": 0.0, ""gesture"": 0.0}}, ""a8"": {""services"": [""pose"", ""gesture""], ""fps"": {""pose"": 0, ""gesture"": 0}, ""eff_fps"": {""pose"": 0, ""gesture"": 0}, ""latency_ms"": {""pose"": 0, ""gesture"": 0}, ""svclat_ms"": {""pose"": 0.0, ""gesture"": 0.0}}, ""a9"": {""services"": [""pose"", ""gesture""], ""fps"": {""pose"": 0, ""gesture"": 0}, ""eff_fps"": {""pose"": 0, ""gesture"": 0}, ""latency_ms"": {""pose"": 0, ""gesture"": 0}, ""svclat_ms"": {""pose"": 0.0, ""gesture"": 0.0}}, ""a10"": {""services"": [""pose"", ""gesture""], ""fps"": {""pose"": 0, ""gesture"": 0}, ""eff_fps"": {""pose"": 0, ""gesture"": 0}, ""latency_ms"": {""pose"": 0, ""gesture"": 0}, ""svclat_ms"": {""pose"": 0.0, ""gesture"": 0.0}}, ""a11"": {""services"": [""pose"", ""gesture""], ""fps"": {""pose"": 0, ""gesture"": 0}, ""eff_fps"": {""pose"": 0, ""gesture"": 0}, ""latency_ms"": {""pose"": 0, ""gesture"": 0}, ""svclat_ms"": {""pose"": 0.0, ""gesture"": 0.0}}}"
54.7,5,4,0.8,0,0,5,5,5,1.0,509.0,189.0,0.371,0.0,1.25,0.0,13.75,30.0,0,13.75,30.0,0,0,0,0,25.2,14.94,0,175,"{""ip-172-31-0-204"": ""healthy"", ""ip-172-31-1-171"": ""healthy"", ""ip-172-31-10-12"": ""healthy"", ""ip-172-31-11-132"": ""healthy"", ""ip-172-31-13-134"": ""healthy"", ""ip-172-31-14-68"": ""healthy"", ""ip-172-31-40-239"": ""healthy""}",subscribe,8.9,0.7875,0,0,"{""ip-172-31-0-204"": {""pose"": 1, ""gesture"": 1}, ""ip-172-31-1-171"": {""gesture"": 1}, ""ip-172-31-10-12"": {""gesture"": 1}, ""ip-172-31-11-132"": {""gesture"": 1}}","{""a1"": {""services"": [""pose"", ""gesture""], ""fps"": {""pose"": 14, ""gesture"": 30}, ""eff_fps"": {""pose"": 14, ""gesture"": 30}, ""latency_ms"": {""pose"": 0, ""gesture"": 0}, ""svclat_ms"": {""pose"": 22.05, ""gesture"": 15.74}}, ""a2"": {""services"": [""pose"", ""gesture""], ""fps"": {""pose"": 13, ""gesture"": 30}, ""eff_fps"": {""pose"": 13, ""gesture"": 30}, ""latency_ms"": {""pose"": 0, ""gesture"": 0}, ""svclat_ms"": {""pose"": 22.66, ""gesture"": 15.12}}, ""a3"": {""services"": [""pose"", ""gesture""], ""fps"": {""pose"": 14, ""gesture"": 30}, ""eff_fps"": {""pose"": 14, ""gesture"": 30}, ""latency_ms"": {""pose"": 0, ""gesture"": 0}, ""svclat_ms"": {""pose"": 27.73, ""gesture"": 14.19}}, ""a4"": {""services"": [""pose"", ""gesture""], ""fps"": {""pose"": 14, ""gesture"": 30}, ""eff_fps"": {""pose"": 14, ""gesture"": 30}, ""latency_ms"": {""pose"": 0, ""gesture"": 0}, ""svclat_ms"": {""pose"": 28.34, ""gesture"": 14.71}}, ""a5"": {""services"": [""pose"", ""gesture""], ""fps"": {""pose"": 0, ""gesture"": 0}, ""eff_fps"": {""pose"": 0, ""gesture"": 0}, ""latency_ms"": {""pose"": 0, ""gesture"": 0}, ""svclat_ms"": {""pose"": 0.0, ""gesture"": 0.0}}, ""a6"": {""services"": [""pose"", ""gesture""], ""fps"": {""pose"": 0, ""gesture"": 0}, ""eff_fps"": {""pose"": 0, ""gesture"": 0}, ""latency_ms"": {""pose"": 0, ""gesture"": 0}, ""svclat_ms"": {""pose"": 0.0, ""gesture"": 0.0}}, ""a7"": {""services"": [""pose"", ""gesture""], ""fps"": {""pose"": 0, ""gesture"": 0}, ""eff_fps"": {""pose"": 0, ""gesture"": 0}, ""latency_ms"": {""pose"": 0, ""gesture"": 0}, ""svclat_ms"": {""pose"": 0.0, ""gesture"": 0.0}}, ""a8"": {""services"": [""pose"", ""gesture""], ""fps"": {""pose"": 0, ""gesture"": 0}, ""eff_fps"": {""pose"": 0, ""gesture"": 0}, ""latency_ms"": {""pose"": 0, ""gesture"": 0}, ""svclat_ms"": {""pose"": 0.0, ""gesture"": 0.0}}, ""a9"": {""services"": [""pose"", ""gesture""], ""fps"": {""pose"": 0, ""gesture"": 0}, ""eff_fps"": {""pose"": 0, ""gesture"": 0}, ""latency_ms"": {""pose"": 0, ""gesture"": 0}, ""svclat_ms"": {""pose"": 0.0, ""gesture"": 0.0}}, ""a10"": {""services"": [""pose"", ""gesture""], ""fps"": {""pose"": 0, ""gesture"": 0}, ""eff_fps"": {""pose"": 0, ""gesture"": 0}, ""latency_ms"": {""pose"": 0, ""gesture"": 0}, ""svclat_ms"": {""pose"": 0.0, ""gesture"": 0.0}}, ""a11"": {""services"": [""pose"", ""gesture""], ""fps"": {""pose"": 0, ""gesture"": 0}, ""eff_fps"": {""pose"": 0, ""gesture"": 0}, ""latency_ms"": {""pose"": 0, ""gesture"": 0}, ""svclat_ms"": {""pose"": 0.0, ""gesture"": 0.0}}}"
57.1,6,5,0.833,1,0,6,6,6,1.0,622.0,219.0,0.352,0.0,1.2,0.0,14.0,30.0,0,14.0,30.0,0,0,0,0,25.41,15.0,0,176,"{""ip-172-31-0-204"": ""healthy"", ""ip-172-31-1-171"": ""healthy"", ""ip-172-31-10-12"": ""healthy"", ""ip-172-31-11-132"": ""healthy"", ""ip-172-31-13-134"": ""healthy"", ""ip-172-31-14-68"": ""healthy"", ""ip-172-31-40-239"": ""healthy""}",subscribe,9.2,0.73,0,0,"{""ip-172-31-0-204"": {""pose"": 1, ""gesture"": 1}, ""ip-172-31-1-171"": {""gesture"": 1}, ""ip-172-31-10-12"": {""gesture"": 1}, ""ip-172-31-11-132"": {""gesture"": 1}, ""ip-172-31-13-134"": {""gesture"": 1}}","{""a1"": {""services"": [""pose"", ""gesture""], ""fps"": {""pose"": 14, ""gesture"": 30}, ""eff_fps"": {""pose"": 14, ""gesture"": 30}, ""latency_ms"": {""pose"": 0, ""gesture"": 0}, ""svclat_ms"": {""pose"": 22.45, ""gesture"": 15.57}}, ""a2"": {""services"": [""pose"", ""gesture""], ""fps"": {""pose"": 14, ""gesture"": 30}, ""eff_fps"": {""pose"": 14, ""gesture"": 30}, ""latency_ms"": {""pose"": 0, ""gesture"": 0}, ""svclat_ms"": {""pose"": 22.11, ""gesture"": 15.1}}, ""a3"": {""services"": [""pose"", ""gesture""], ""fps"": {""pose"": 14, ""gesture"": 30}, ""eff_fps"": {""pose"": 14, ""gesture"": 30}, ""latency_ms"": {""pose"": 0, ""gesture"": 0}, ""svclat_ms"": {""pose"": 28.17, ""gesture"": 14.04}}, ""a4"": {""services"": [""pose"", ""gesture""], ""fps"": {""pose"": 14, ""gesture"": 30}, ""eff_fps"": {""pose"": 14, ""gesture"": 30}, ""latency_ms"": {""pose"": 0, ""gesture"": 0}, ""svclat_ms"": {""pose"": 28.92, ""gesture"": 15.29}}, ""a5"": {""services"": [""pose"", ""gesture""], ""fps"": {""pose"": 0, ""gesture"": 0}, ""eff_fps"": {""pose"": 0, ""gesture"": 0}, ""latency_ms"": {""pose"": 0, ""gesture"": 0}, ""svclat_ms"": {""pose"": 0.0, ""gesture"": 0.0}}, ""a6"": {""services"": [""pose"", ""gesture""], ""fps"": {""pose"": 0, ""gesture"": 0}, ""eff_fps"": {""pose"": 0, ""gesture"": 0}, ""latency_ms"": {""pose"": 0, ""gesture"": 0}, ""svclat_ms"": {""pose"": 0.0, ""gesture"": 0.0}}, ""a7"": {""services"": [""pose"", ""gesture""], ""fps"": {""pose"": 0, ""gesture"": 0}, ""eff_fps"": {""pose"": 0, ""gesture"": 0}, ""latency_ms"": {""pose"": 0, ""gesture"": 0}, ""svclat_ms"": {""pose"": 0.0, ""gesture"": 0.0}}, ""a8"": {""services"": [""pose"", ""gesture""], ""fps"": {""pose"": 0, ""gesture"": 0}, ""eff_fps"": {""pose"": 0, ""gesture"": 0}, ""latency_ms"": {""pose"": 0, ""gesture"": 0}, ""svclat_ms"": {""pose"": 0.0, ""gesture"": 0.0}}, ""a9"": {""services"": [""pose"", ""gesture""], ""fps"": {""pose"": 0, ""gesture"": 0}, ""eff_fps"": {""pose"": 0, ""gesture"": 0}, ""latency_ms"": {""pose"": 0, ""gesture"": 0}, ""svclat_ms"": {""pose"": 0.0, ""gesture"": 0.0}}, ""a10"": {""services"": [""pose"", ""gesture""], ""fps"": {""pose"": 0, ""gesture"": 0}, ""eff_fps"": {""pose"": 0, ""gesture"": 0}, ""latency_ms"": {""pose"": 0, ""gesture"": 0}, ""svclat_ms"": {""pose"": 0.0, ""gesture"": 0.0}}, ""a11"": {""services"": [""pose"", ""gesture""], ""fps"": {""pose"": 0, ""gesture"": 0}, ""eff_fps"": {""pose"": 0, ""gesture"": 0}, ""latency_ms"": {""pose"": 0, ""gesture"": 0}, ""svclat_ms"": {""pose"": 0.0, ""gesture"": 0.0}}, ""a12"": {""services"": [""pose"", ""gesture""], ""fps"": {""pose"": 0, ""gesture"": 0}, ""eff_fps"": {""pose"": 0, ""gesture"": 0}, ""latency_ms"": {""pose"": 0, ""gesture"": 0}, ""svclat_ms"": {""pose"": 0.0, ""gesture"": 0.0}}}"
59.5,6,5,0.833,0,0,6,6,6,1.0,622.0,219.0,0.352,0.0,1.2,0.0,13.75,30.0,0,13.75,30.0,0,0,0,0,24.96,14.88,0,175,"{""ip-172-31-0-204"": ""healthy"", ""ip-172-31-1-171"": ""healthy"", ""ip-172-31-10-12"": ""healthy"", ""ip-172-31-11-132"": ""healthy"", ""ip-172-31-13-134"": ""healthy"", ""ip-172-31-14-68"": ""healthy"", ""ip-172-31-40-239"": ""healthy""}",subscribe,9.2,0.73,0,0,"{""ip-172-31-0-204"": {""pose"": 1, ""gesture"": 1}, ""ip-172-31-1-171"": {""gesture"": 1}, ""ip-172-31-10-12"": {""gesture"": 1}, ""ip-172-31-11-132"": {""gesture"": 1}, ""ip-172-31-13-134"": {""gesture"": 1}}","{""a1"": {""services"": [""pose"", ""gesture""], ""fps"": {""pose"": 14, ""gesture"": 30}, ""eff_fps"": {""pose"": 14, ""gesture"": 30}, ""latency_ms"": {""pose"": 0, ""gesture"": 0}, ""svclat_ms"": {""pose"": 21.53, ""gesture"": 15.49}}, ""a2"": {""services"": [""pose"", ""gesture""], ""fps"": {""pose"": 13, ""gesture"": 30}, ""eff_fps"": {""pose"": 13, ""gesture"": 30}, ""latency_ms"": {""pose"": 0, ""gesture"": 0}, ""svclat_ms"": {""pose"": 22.02, ""gesture"": 14.9}}, ""a3"": {""services"": [""pose"", ""gesture""], ""fps"": {""pose"": 14, ""gesture"": 30}, ""eff_fps"": {""pose"": 14, ""gesture"": 30}, ""latency_ms"": {""pose"": 0, ""gesture"": 0}, ""svclat_ms"": {""pose"": 28.07, ""gesture"": 14.04}}, ""a4"": {""services"": [""pose"", ""gesture""], ""fps"": {""pose"": 14, ""gesture"": 30}, ""eff_fps"": {""pose"": 14, ""gesture"": 30}, ""latency_ms"": {""pose"": 0, ""gesture"": 0}, ""svclat_ms"": {""pose"": 28.22, ""gesture"": 15.08}}, ""a5"": {""services"": [""pose"", ""gesture""], ""fps"": {""pose"": 0, ""gesture"": 0}, ""eff_fps"": {""pose"": 0, ""gesture"": 0}, ""latency_ms"": {""pose"": 0, ""gesture"": 0}, ""svclat_ms"": {""pose"": 0.0, ""gesture"": 0.0}}, ""a6"": {""services"": [""pose"", ""gesture""], ""fps"": {""pose"": 0, ""gesture"": 0}, ""eff_fps"": {""pose"": 0, ""gesture"": 0}, ""latency_ms"": {""pose"": 0, ""gesture"": 0}, ""svclat_ms"": {""pose"": 0.0, ""gesture"": 0.0}}, ""a7"": {""services"": [""pose"", ""gesture""], ""fps"": {""pose"": 0, ""gesture"": 0}, ""eff_fps"": {""pose"": 0, ""gesture"": 0}, ""latency_ms"": {""pose"": 0, ""gesture"": 0}, ""svclat_ms"": {""pose"": 0.0, ""gesture"": 0.0}}, ""a8"": {""services"": [""pose"", ""gesture""], ""fps"": {""pose"": 0, ""gesture"": 0}, ""eff_fps"": {""pose"": 0, ""gesture"": 0}, ""latency_ms"": {""pose"": 0, ""gesture"": 0}, ""svclat_ms"": {""pose"": 0.0, ""gesture"": 0.0}}, ""a9"": {""services"": [""pose"", ""gesture""], ""fps"": {""pose"": 0, ""gesture"": 0}, ""eff_fps"": {""pose"": 0, ""gesture"": 0}, ""latency_ms"": {""pose"": 0, ""gesture"": 0}, ""svclat_ms"": {""pose"": 0.0, ""gesture"": 0.0}}, ""a10"": {""services"": [""pose"", ""gesture""], ""fps"": {""pose"": 0, ""gesture"": 0}, ""eff_fps"": {""pose"": 0, ""gesture"": 0}, ""latency_ms"": {""pose"": 0, ""gesture"": 0}, ""svclat_ms"": {""pose"": 0.0, ""gesture"": 0.0}}, ""a11"": {""services"": [""pose"", ""gesture""], ""fps"": {""pose"": 0, ""gesture"": 0}, ""eff_fps"": {""pose"": 0, ""gesture"": 0}, ""latency_ms"": {""pose"": 0, ""gesture"": 0}, ""svclat_ms"": {""pose"": 0.0, ""gesture"": 0.0}}, ""a12"": {""services"": [""pose"", ""gesture""], ""fps"": {""pose"": 0, ""gesture"": 0}, ""eff_fps"": {""pose"": 0, ""gesture"": 0}, ""latency_ms"": {""pose"": 0, ""gesture"": 0}, ""svclat_ms"": {""pose"": 0.0, ""gesture"": 0.0}}}"
63.2,6,5,0.833,0,0,6,6,6,1.0,622.0,219.0,0.352,0.0,1.2,0.0,11.5,30.0,0,11.5,30.0,0,0,0,0,23.3,15.04,0,166,"{""ip-172-31-0-204"": ""healthy"", ""ip-172-31-1-171"": ""healthy"", ""ip-172-31-10-12"": ""healthy"", ""ip-172-31-11-132"": ""healthy"", ""ip-172-31-13-134"": ""healthy"", ""ip-172-31-14-68"": ""healthy"", ""ip-172-31-40-239"": ""healthy""}",subscribe,9.2,0.73,0,0,"{""ip-172-31-0-204"": {""pose"": 1, ""gesture"": 1}, ""ip-172-31-1-171"": {""gesture"": 1}, ""ip-172-31-10-12"": {""gesture"": 1}, ""ip-172-31-11-132"": {""gesture"": 1}, ""ip-172-31-13-134"": {""gesture"": 1}}","{""a1"": {""services"": [""pose"", ""gesture""], ""fps"": {""pose"": 11, ""gesture"": 30}, ""eff_fps"": {""pose"": 11, ""gesture"": 30}, ""latency_ms"": {""pose"": 0, ""gesture"": 0}, ""svclat_ms"": {""pose"": 23.63, ""gesture"": 15.8}}, ""a2"": {""services"": [""pose"", ""gesture""], ""fps"": {""pose"": 12, ""gesture"": 30}, ""eff_fps"": {""pose"": 12, ""gesture"": 30}, ""latency_ms"": {""pose"": 0, ""gesture"": 0}, ""svclat_ms"": {""pose"": 24.47, ""gesture"": 15.08}}, ""a3"": {""services"": [""pose"", ""gesture""], ""fps"": {""pose"": 12, ""gesture"": 30}, ""eff_fps"": {""pose"": 12, ""gesture"": 30}, ""latency_ms"": {""pose"": 0, ""gesture"": 0}, ""svclat_ms"": {""pose"": 22.0, ""gesture"": 14.22}}, ""a4"": {""services"": [""pose"", ""gesture""], ""fps"": {""pose"": 11, ""gesture"": 30}, ""eff_fps"": {""pose"": 11, ""gesture"": 30}, ""latency_ms"": {""pose"": 0, ""gesture"": 0}, ""svclat_ms"": {""pose"": 23.1, ""gesture"": 15.05}}, ""a5"": {""services"": [""pose"", ""gesture""], ""fps"": {""pose"": 0, ""gesture"": 0}, ""eff_fps"": {""pose"": 0, ""gesture"": 0}, ""latency_ms"": {""pose"": 0, ""gesture"": 0}, ""svclat_ms"": {""pose"": 0.0, ""gesture"": 0.0}}, ""a6"": {""services"": [""pose"", ""gesture""], ""fps"": {""pose"": 0, ""gesture"": 0}, ""eff_fps"": {""pose"": 0, ""gesture"": 0}, ""latency_ms"": {""pose"": 0, ""gesture"": 0}, ""svclat_ms"": {""pose"": 0.0, ""gesture"": 0.0}}, ""a7"": {""services"": [""pose"", ""gesture""], ""fps"": {""pose"": 0, ""gesture"": 0}, ""eff_fps"": {""pose"": 0, ""gesture"": 0}, ""latency_ms"": {""pose"": 0, ""gesture"": 0}, ""svclat_ms"": {""pose"": 0.0, ""gesture"": 0.0}}, ""a8"": {""services"": [""pose"", ""gesture""], ""fps"": {""pose"": 0, ""gesture"": 0}, ""eff_fps"": {""pose"": 0, ""gesture"": 0}, ""latency_ms"": {""pose"": 0, ""gesture"": 0}, ""svclat_ms"": {""pose"": 0.0, ""gesture"": 0.0}}, ""a9"": {""services"": [""pose"", ""gesture""], ""fps"": {""pose"": 0, ""gesture"": 0}, ""eff_fps"": {""pose"": 0, ""gesture"": 0}, ""latency_ms"": {""pose"": 0, ""gesture"": 0}, ""svclat_ms"": {""pose"": 0.0, ""gesture"": 0.0}}, ""a10"": {""services"": [""pose"", ""gesture""], ""fps"": {""pose"": 0, ""gesture"": 0}, ""eff_fps"": {""pose"": 0, ""gesture"": 0}, ""latency_ms"": {""pose"": 0, ""gesture"": 0}, ""svclat_ms"": {""pose"": 0.0, ""gesture"": 0.0}}, ""a11"": {""services"": [""pose"", ""gesture""], ""fps"": {""pose"": 0, ""gesture"": 0}, ""eff_fps"": {""pose"": 0, ""gesture"": 0}, ""latency_ms"": {""pose"": 0, ""gesture"": 0}, ""svclat_ms"": {""pose"": 0.0, ""gesture"": 0.0}}, ""a12"": {""services"": [""pose"", ""gesture""], ""fps"": {""pose"": 0, ""gesture"": 0}, ""eff_fps"": {""pose"": 0, ""gesture"": 0}, ""latency_ms"": {""pose"": 0, ""gesture"": 0}, ""svclat_ms"": {""pose"": 0.0, ""gesture"": 0.0}}, ""a13"": {""services"": [""pose"", ""gesture""], ""fps"": {""pose"": 0, ""gesture"": 0}, ""eff_fps"": {""pose"": 0, ""gesture"": 0}, ""latency_ms"": {""pose"": 0, ""gesture"": 0}, ""svclat_ms"": {""pose"": 0.0, ""gesture"": 0.0}}}"
65.6,7,6,0.857,1,0,7,7,7,1.0,735.0,249.0,0.339,0.0,1.17,0.0,11.5,30.0,0,11.5,30.0,0,0,0,0,23.79,14.81,0,249,"{""ip-172-31-0-204"": ""healthy"", ""ip-172-31-1-171"": ""healthy"", ""ip-172-31-10-12"": ""healthy"", ""ip-172-31-11-132"": ""healthy"", ""ip-172-31-13-134"": ""healthy"", ""ip-172-31-14-68"": ""healthy"", ""ip-172-31-40-239"": ""healthy""}",subscribe,9.4,0.6917,0,0,"{""ip-172-31-0-204"": {""pose"": 1, ""gesture"": 1}, ""ip-172-31-1-171"": {""gesture"": 1}, ""ip-172-31-10-12"": {""gesture"": 1}, ""ip-172-31-11-132"": {""gesture"": 1}, ""ip-172-31-13-134"": {""gesture"": 1}, ""ip-172-31-14-68"": {""gesture"": 1}}","{""a1"": {""services"": [""pose"", ""gesture""], ""fps"": {""pose"": 11, ""gesture"": 30}, ""eff_fps"": {""pose"": 11, ""gesture"": 30}, ""latency_ms"": {""pose"": 0, ""gesture"": 0}, ""svclat_ms"": {""pose"": 23.93, ""gesture"": 15.81}}, ""a2"": {""services"": [""pose"", ""gesture""], ""fps"": {""pose"": 12, ""gesture"": 30}, ""eff_fps"": {""pose"": 12, ""gesture"": 30}, ""latency_ms"": {""pose"": 0, ""gesture"": 0}, ""svclat_ms"": {""pose"": 24.1, ""gesture"": 15.31}}, ""a3"": {""services"": [""pose"", ""gesture""], ""fps"": {""pose"": 12, ""gesture"": 30}, ""eff_fps"": {""pose"": 12, ""gesture"": 30}, ""latency_ms"": {""pose"": 0, ""gesture"": 0}, ""svclat_ms"": {""pose"": 23.1, ""gesture"": 14.07}}, ""a4"": {""services"": [""pose"", ""gesture""], ""fps"": {""pose"": 11, ""gesture"": 30}, ""eff_fps"": {""pose"": 11, ""gesture"": 30}, ""latency_ms"": {""pose"": 0, ""gesture"": 0}, ""svclat_ms"": {""pose"": 24.33, ""gesture"": 14.9}}, ""a5"": {""services"": [""pose"", ""gesture""], ""fps"": {""pose"": 11, ""gesture"": 30}, ""eff_fps"": {""pose"": 11, ""gesture"": 30}, ""latency_ms"": {""pose"": 0, ""gesture"": 0}, ""svclat_ms"": {""pose"": 23.82, ""gesture"": 14.0}}, ""a6"": {""services"": [""pose"", ""gesture""], ""fps"": {""pose"": 12, ""gesture"": 30}, ""eff_fps"": {""pose"": 12, ""gesture"": 30}, ""latency_ms"": {""pose"": 0, ""gesture"": 0}, ""svclat_ms"": {""pose"": 23.43, ""gesture"": 14.77}}, ""a7"": {""services"": [""pose"", ""gesture""], ""fps"": {""pose"": 0, ""gesture"": 0}, ""eff_fps"": {""pose"": 0, ""gesture"": 0}, ""latency_ms"": {""pose"": 0, ""gesture"": 0}, ""svclat_ms"": {""pose"": 0.0, ""gesture"": 0.0}}, ""a8"": {""services"": [""pose"", ""gesture""], ""fps"": {""pose"": 0, ""gesture"": 0}, ""eff_fps"": {""pose"": 0, ""gesture"": 0}, ""latency_ms"": {""pose"": 0, ""gesture"": 0}, ""svclat_ms"": {""pose"": 0.0, ""gesture"": 0.0}}, ""a9"": {""services"": [""pose"", ""gesture""], ""fps"": {""pose"": 0, ""gesture"": 0}, ""eff_fps"": {""pose"": 0, ""gesture"": 0}, ""latency_ms"": {""pose"": 0, ""gesture"": 0}, ""svclat_ms"": {""pose"": 0.0, ""gesture"": 0.0}}, ""a10"": {""services"": [""pose"", ""gesture""], ""fps"": {""pose"": 0, ""gesture"": 0}, ""eff_fps"": {""pose"": 0, ""gesture"": 0}, ""latency_ms"": {""pose"": 0, ""gesture"": 0}, ""svclat_ms"": {""pose"": 0.0, ""gesture"": 0.0}}, ""a11"": {""services"": [""pose"", ""gesture""], ""fps"": {""pose"": 0, ""gesture"": 0}, ""eff_fps"": {""pose"": 0, ""gesture"": 0}, ""latency_ms"": {""pose"": 0, ""gesture"": 0}, ""svclat_ms"": {""pose"": 0.0, ""gesture"": 0.0}}, ""a12"": {""services"": [""pose"", ""gesture""], ""fps"": {""pose"": 0, ""gesture"": 0}, ""eff_fps"": {""pose"": 0, ""gesture"": 0}, ""latency_ms"": {""pose"": 0, ""gesture"": 0}, ""svclat_ms"": {""pose"": 0.0, ""gesture"": 0.0}}, ""a13"": {""services"": [""pose"", ""gesture""], ""fps"": {""pose"": 0, ""gesture"": 0}, ""eff_fps"": {""pose"": 0, ""gesture"": 0}, ""latency_ms"": {""pose"": 0, ""gesture"": 0}, ""svclat_ms"": {""pose"": 0.0, ""gesture"": 0.0}}, ""a14"": {""services"": [""pose"", ""gesture""], ""fps"": {""pose"": 0, ""gesture"": 0}, ""eff_fps"": {""pose"": 0, ""gesture"": 0}, ""latency_ms"": {""pose"": 0, ""gesture"": 0}, ""svclat_ms"": {""pose"": 0.0, ""gesture"": 0.0}}}"
68.0,7,6,0.857,0,0,7,7,7,1.0,735.0,249.0,0.339,0.0,1.17,0.0,11.5,30.0,0,11.5,30.0,0,0,0,0,23.28,14.9,0,249,"{""ip-172-31-0-204"": ""healthy"", ""ip-172-31-1-171"": ""healthy"", ""ip-172-31-10-12"": ""healthy"", ""ip-172-31-11-132"": ""healthy"", ""ip-172-31-13-134"": ""healthy"", ""ip-172-31-14-68"": ""healthy"", ""ip-172-31-40-239"": ""healthy""}",subscribe,9.4,0.6917,0,0,"{""ip-172-31-0-204"": {""pose"": 1, ""gesture"": 1}, ""ip-172-31-1-171"": {""gesture"": 1}, ""ip-172-31-10-12"": {""gesture"": 1}, ""ip-172-31-11-132"": {""gesture"": 1}, ""ip-172-31-13-134"": {""gesture"": 1}, ""ip-172-31-14-68"": {""gesture"": 1}}","{""a1"": {""services"": [""pose"", ""gesture""], ""fps"": {""pose"": 12, ""gesture"": 30}, ""eff_fps"": {""pose"": 12, ""gesture"": 30}, ""latency_ms"": {""pose"": 0, ""gesture"": 0}, ""svclat_ms"": {""pose"": 23.34, ""gesture"": 16.01}}, ""a2"": {""services"": [""pose"", ""gesture""], ""fps"": {""pose"": 11, ""gesture"": 30}, ""eff_fps"": {""pose"": 11, ""gesture"": 30}, ""latency_ms"": {""pose"": 0, ""gesture"": 0}, ""svclat_ms"": {""pose"": 23.08, ""gesture"": 15.56}}, ""a3"": {""services"": [""pose"", ""gesture""], ""fps"": {""pose"": 11, ""gesture"": 30}, ""eff_fps"": {""pose"": 11, ""gesture"": 30}, ""latency_ms"": {""pose"": 0, ""gesture"": 0}, ""svclat_ms"": {""pose"": 22.13, ""gesture"": 14.05}}, ""a4"": {""services"": [""pose"", ""gesture""], ""fps"": {""pose"": 12, ""gesture"": 30}, ""eff_fps"": {""pose"": 12, ""gesture"": 30}, ""latency_ms"": {""pose"": 0, ""gesture"": 0}, ""svclat_ms"": {""pose"": 23.55, ""gesture"": 14.71}}, ""a5"": {""services"": [""pose"", ""gesture""], ""fps"": {""pose"": 12, ""gesture"": 30}, ""eff_fps"": {""pose"": 12, ""gesture"": 30}, ""latency_ms"": {""pose"": 0, ""gesture"": 0}, ""svclat_ms"": {""pose"": 24.27, ""gesture"": 13.99}}, ""a6"": {""services"": [""pose"", ""gesture""], ""fps"": {""pose"": 11, ""gesture"": 30}, ""eff_fps"": {""pose"": 11, ""gesture"": 30}, ""latency_ms"": {""pose"": 0, ""gesture"": 0}, ""svclat_ms"": {""pose"": 23.29, ""gesture"": 15.09}}, ""a7"": {""services"": [""pose"", ""gesture""], ""fps"": {""pose"": 0, ""gesture"": 0}, ""eff_fps"": {""pose"": 0, ""gesture"": 0}, ""latency_ms"": {""pose"": 0, ""gesture"": 0}, ""svclat_ms"": {""pose"": 0.0, ""gesture"": 0.0}}, ""a8"": {""services"": [""pose"", ""gesture""], ""fps"": {""pose"": 0, ""gesture"": 0}, ""eff_fps"": {""pose"": 0, ""gesture"": 0}, ""latency_ms"": {""pose"": 0, ""gesture"": 0}, ""svclat_ms"": {""pose"": 0.0, ""gesture"": 0.0}}, ""a9"": {""services"": [""pose"", ""gesture""], ""fps"": {""pose"": 0, ""gesture"": 0}, ""eff_fps"": {""pose"": 0, ""gesture"": 0}, ""latency_ms"": {""pose"": 0, ""gesture"": 0}, ""svclat_ms"": {""pose"": 0.0, ""gesture"": 0.0}}, ""a10"": {""services"": [""pose"", ""gesture""], ""fps"": {""pose"": 0, ""gesture"": 0}, ""eff_fps"": {""pose"": 0, ""gesture"": 0}, ""latency_ms"": {""pose"": 0, ""gesture"": 0}, ""svclat_ms"": {""pose"": 0.0, ""gesture"": 0.0}}, ""a11"": {""services"": [""pose"", ""gesture""], ""fps"": {""pose"": 0, ""gesture"": 0}, ""eff_fps"": {""pose"": 0, ""gesture"": 0}, ""latency_ms"": {""pose"": 0, ""gesture"": 0}, ""svclat_ms"": {""pose"": 0.0, ""gesture"": 0.0}}, ""a12"": {""services"": [""pose"", ""gesture""], ""fps"": {""pose"": 0, ""gesture"": 0}, ""eff_fps"": {""pose"": 0, ""gesture"": 0}, ""latency_ms"": {""pose"": 0, ""gesture"": 0}, ""svclat_ms"": {""pose"": 0.0, ""gesture"": 0.0}}, ""a13"": {""services"": [""pose"", ""gesture""], ""fps"": {""pose"": 0, ""gesture"": 0}, ""eff_fps"": {""pose"": 0, ""gesture"": 0}, ""latency_ms"": {""pose"": 0, ""gesture"": 0}, ""svclat_ms"": {""pose"": 0.0, ""gesture"": 0.0}}, ""a14"": {""services"": [""pose"", ""gesture""], ""fps"": {""pose"": 0, ""gesture"": 0}, ""eff_fps"": {""pose"": 0, ""gesture"": 0}, ""latency_ms"": {""pose"": 0, ""gesture"": 0}, ""svclat_ms"": {""pose"": 0.0, ""gesture"": 0.0}}}"
70.5,7,6,0.857,0,0,7,7,7,1.0,735.0,249.0,0.339,0.0,1.17,0.0,11.5,30.0,0,11.5,30.0,0,0,0,0,22.73,14.9,0,249,"{""ip-172-31-0-204"": ""healthy"", ""ip-172-31-1-171"": ""healthy"", ""ip-172-31-10-12"": ""healthy"", ""ip-172-31-11-132"": ""healthy"", ""ip-172-31-13-134"": ""healthy"", ""ip-172-31-14-68"": ""healthy"", ""ip-172-31-40-239"": ""healthy""}",subscribe,9.4,0.6917,0,0,"{""ip-172-31-0-204"": {""pose"": 1, ""gesture"": 1}, ""ip-172-31-1-171"": {""gesture"": 1}, ""ip-172-31-10-12"": {""gesture"": 1}, ""ip-172-31-11-132"": {""gesture"": 1}, ""ip-172-31-13-134"": {""gesture"": 1}, ""ip-172-31-14-68"": {""gesture"": 1}}","{""a1"": {""services"": [""pose"", ""gesture""], ""fps"": {""pose"": 12, ""gesture"": 30}, ""eff_fps"": {""pose"": 12, ""gesture"": 30}, ""latency_ms"": {""pose"": 0, ""gesture"": 0}, ""svclat_ms"": {""pose"": 22.73, ""gesture"": 15.47}}, ""a2"": {""services"": [""pose"", ""gesture""], ""fps"": {""pose"": 11, ""gesture"": 30}, ""eff_fps"": {""pose"": 11, ""gesture"": 30}, ""latency_ms"": {""pose"": 0, ""gesture"": 0}, ""svclat_ms"": {""pose"": 22.76, ""gesture"": 15.41}}, ""a3"": {""services"": [""pose"", ""gesture""], ""fps"": {""pose"": 11, ""gesture"": 30}, ""eff_fps"": {""pose"": 11, ""gesture"": 30}, ""latency_ms"": {""pose"": 0, ""gesture"": 0}, ""svclat_ms"": {""pose"": 21.84, ""gesture"": 14.24}}, ""a4"": {""services"": [""pose"", ""gesture""], ""fps"": {""pose"": 12, ""gesture"": 30}, ""eff_fps"": {""pose"": 12, ""gesture"": 30}, ""latency_ms"": {""pose"": 0, ""gesture"": 0}, ""svclat_ms"": {""pose"": 23.21, ""gesture"": 15.06}}, ""a5"": {""services"": [""pose"", ""gesture""], ""fps"": {""pose"": 12, ""gesture"": 30}, ""eff_fps"": {""pose"": 12, ""gesture"": 30}, ""latency_ms"": {""pose"": 0, ""gesture"": 0}, ""svclat_ms"": {""pose"": 23.48, ""gesture"": 14.12}}, ""a6"": {""services"": [""pose"", ""gesture""], ""fps"": {""pose"": 11, ""gesture"": 30}, ""eff_fps"": {""pose"": 11, ""gesture"": 30}, ""latency_ms"": {""pose"": 0, ""gesture"": 0}, ""svclat_ms"": {""pose"": 22.34, ""gesture"": 15.08}}, ""a7"": {""services"": [""pose"", ""gesture""], ""fps"": {""pose"": 0, ""gesture"": 0}, ""eff_fps"": {""pose"": 0, ""gesture"": 0}, ""latency_ms"": {""pose"": 0, ""gesture"": 0}, ""svclat_ms"": {""pose"": 0.0, ""gesture"": 0.0}}, ""a8"": {""services"": [""pose"", ""gesture""], ""fps"": {""pose"": 0, ""gesture"": 0}, ""eff_fps"": {""pose"": 0, ""gesture"": 0}, ""latency_ms"": {""pose"": 0, ""gesture"": 0}, ""svclat_ms"": {""pose"": 0.0, ""gesture"": 0.0}}, ""a9"": {""services"": [""pose"", ""gesture""], ""fps"": {""pose"": 0, ""gesture"": 0}, ""eff_fps"": {""pose"": 0, ""gesture"": 0}, ""latency_ms"": {""pose"": 0, ""gesture"": 0}, ""svclat_ms"": {""pose"": 0.0, ""gesture"": 0.0}}, ""a10"": {""services"": [""pose"", ""gesture""], ""fps"": {""pose"": 0, ""gesture"": 0}, ""eff_fps"": {""pose"": 0, ""gesture"": 0}, ""latency_ms"": {""pose"": 0, ""gesture"": 0}, ""svclat_ms"": {""pose"": 0.0, ""gesture"": 0.0}}, ""a11"": {""services"": [""pose"", ""gesture""], ""fps"": {""pose"": 0, ""gesture"": 0}, ""eff_fps"": {""pose"": 0, ""gesture"": 0}, ""latency_ms"": {""pose"": 0, ""gesture"": 0}, ""svclat_ms"": {""pose"": 0.0, ""gesture"": 0.0}}, ""a12"": {""services"": [""pose"", ""gesture""], ""fps"": {""pose"": 0, ""gesture"": 0}, ""eff_fps"": {""pose"": 0, ""gesture"": 0}, ""latency_ms"": {""pose"": 0, ""gesture"": 0}, ""svclat_ms"": {""pose"": 0.0, ""gesture"": 0.0}}, ""a13"": {""services"": [""pose"", ""gesture""], ""fps"": {""pose"": 0, ""gesture"": 0}, ""eff_fps"": {""pose"": 0, ""gesture"": 0}, ""latency_ms"": {""pose"": 0, ""gesture"": 0}, ""svclat_ms"": {""pose"": 0.0, ""gesture"": 0.0}}, ""a14"": {""services"": [""pose"", ""gesture""], ""fps"": {""pose"": 0, ""gesture"": 0}, ""eff_fps"": {""pose"": 0, ""gesture"": 0}, ""latency_ms"": {""pose"": 0, ""gesture"": 0}, ""svclat_ms"": {""pose"": 0.0, ""gesture"": 0.0}}, ""a15"": {""services"": [""pose"", ""gesture""], ""fps"": {""pose"": 0, ""gesture"": 0}, ""eff_fps"": {""pose"": 0, ""gesture"": 0}, ""latency_ms"": {""pose"": 0, ""gesture"": 0}, ""svclat_ms"": {""pose"": 0.0, ""gesture"": 0.0}}}"
72.9,7,6,0.857,0,0,7,7,7,1.0,735.0,249.0,0.339,0.0,1.17,0.0,11.5,30.0,0,11.5,30.0,0,0,0,0,23.45,14.74,0,249,"{""ip-172-31-0-204"": ""healthy"", ""ip-172-31-1-171"": ""healthy"", ""ip-172-31-10-12"": ""healthy"", ""ip-172-31-11-132"": ""healthy"", ""ip-172-31-13-134"": ""healthy"", ""ip-172-31-14-68"": ""healthy"", ""ip-172-31-40-239"": ""healthy""}",subscribe,9.4,0.6917,0,0,"{""ip-172-31-0-204"": {""pose"": 1, ""gesture"": 1}, ""ip-172-31-1-171"": {""gesture"": 1}, ""ip-172-31-10-12"": {""gesture"": 1}, ""ip-172-31-11-132"": {""gesture"": 1}, ""ip-172-31-13-134"": {""gesture"": 1}, ""ip-172-31-14-68"": {""gesture"": 1}}","{""a1"": {""services"": [""pose"", ""gesture""], ""fps"": {""pose"": 12, ""gesture"": 30}, ""eff_fps"": {""pose"": 12, ""gesture"": 30}, ""latency_ms"": {""pose"": 0, ""gesture"": 0}, ""svclat_ms"": {""pose"": 23.67, ""gesture"": 15.83}}, ""a2"": {""services"": [""pose"", ""gesture""], ""fps"": {""pose"": 11, ""gesture"": 30}, ""eff_fps"": {""pose"": 11, ""gesture"": 30}, ""latency_ms"": {""pose"": 0, ""gesture"": 0}, ""svclat_ms"": {""pose"": 24.11, ""gesture"": 14.94}}, ""a3"": {""services"": [""pose"", ""gesture""], ""fps"": {""pose"": 11, ""gesture"": 30}, ""eff_fps"": {""pose"": 11, ""gesture"": 30}, ""latency_ms"": {""pose"": 0, ""gesture"": 0}, ""svclat_ms"": {""pose"": 22.7, ""gesture"": 14.07}}, ""a4"": {""services"": [""pose"", ""gesture""], ""fps"": {""pose"": 12, ""gesture"": 30}, ""eff_fps"": {""pose"": 12, ""gesture"": 30}, ""latency_ms"": {""pose"": 0, ""gesture"": 0}, ""svclat_ms"": {""pose"": 23.87, ""gesture"": 14.65}}, ""a5"": {""services"": [""pose"", ""gesture""], ""fps"": {""pose"": 11, ""gesture"": 30}, ""eff_fps"": {""pose"": 11, ""gesture"": 30}, ""latency_ms"": {""pose"": 0, ""gesture"": 0}, ""svclat_ms"": {""pose"": 23.6, ""gesture"": 13.95}}, ""a6"": {""services"": [""pose"", ""gesture""], ""fps"": {""pose"": 12, ""gesture"": 30}, ""eff_fps"": {""pose"": 12, ""gesture"": 30}, ""latency_ms"": {""pose"": 0, ""gesture"": 0}, ""svclat_ms"": {""pose"": 22.73, ""gesture"": 15.01}}, ""a7"": {""services"": [""pose"", ""gesture""], ""fps"": {""pose"": 0, ""gesture"": 0}, ""eff_fps"": {""pose"": 0, ""gesture"": 0}, ""latency_ms"": {""pose"": 0, ""gesture"": 0}, ""svclat_ms"": {""pose"": 0.0, ""gesture"": 0.0}}, ""a8"": {""services"": [""pose"", ""gesture""], ""fps"": {""pose"": 0, ""gesture"": 0}, ""eff_fps"": {""pose"": 0, ""gesture"": 0}, ""latency_ms"": {""pose"": 0, ""gesture"": 0}, ""svclat_ms"": {""pose"": 0.0, ""gesture"": 0.0}}, ""a9"": {""services"": [""pose"", ""gesture""], ""fps"": {""pose"": 0, ""gesture"": 0}, ""eff_fps"": {""pose"": 0, ""gesture"": 0}, ""latency_ms"": {""pose"": 0, ""gesture"": 0}, ""svclat_ms"": {""pose"": 0.0, ""gesture"": 0.0}}, ""a10"": {""services"": [""pose"", ""gesture""], ""fps"": {""pose"": 0, ""gesture"": 0}, ""eff_fps"": {""pose"": 0, ""gesture"": 0}, ""latency_ms"": {""pose"": 0, ""gesture"": 0}, ""svclat_ms"": {""pose"": 0.0, ""gesture"": 0.0}}, ""a11"": {""services"": [""pose"", ""gesture""], ""fps"": {""pose"": 0, ""gesture"": 0}, ""eff_fps"": {""pose"": 0, ""gesture"": 0}, ""latency_ms"": {""pose"": 0, ""gesture"": 0}, ""svclat_ms"": {""pose"": 0.0, ""gesture"": 0.0}}, ""a12"": {""services"": [""pose"", ""gesture""], ""fps"": {""pose"": 0, ""gesture"": 0}, ""eff_fps"": {""pose"": 0, ""gesture"": 0}, ""latency_ms"": {""pose"": 0, ""gesture"": 0}, ""svclat_ms"": {""pose"": 0.0, ""gesture"": 0.0}}, ""a13"": {""services"": [""pose"", ""gesture""], ""fps"": {""pose"": 0, ""gesture"": 0}, ""eff_fps"": {""pose"": 0, ""gesture"": 0}, ""latency_ms"": {""pose"": 0, ""gesture"": 0}, ""svclat_ms"": {""pose"": 0.0, ""gesture"": 0.0}}, ""a14"": {""services"": [""pose"", ""gesture""], ""fps"": {""pose"": 0, ""gesture"": 0}, ""eff_fps"": {""pose"": 0, ""gesture"": 0}, ""latency_ms"": {""pose"": 0, ""gesture"": 0}, ""svclat_ms"": {""pose"": 0.0, ""gesture"": 0.0}}, ""a15"": {""services"": [""pose"", ""gesture""], ""fps"": {""pose"": 0, ""gesture"": 0}, ""eff_fps"": {""pose"": 0, ""gesture"": 0}, ""latency_ms"": {""pose"": 0, ""gesture"": 0}, ""svclat_ms"": {""pose"": 0.0, ""gesture"": 0.0}}}"
75.3,7,6,0.857,0,0,7,7,7,1.0,735.0,249.0,0.339,0.0,1.17,0.0,11.5,30.0,0,11.5,30.0,0,0,0,0,24.49,14.86,0,249,"{""ip-172-31-0-204"": ""healthy"", ""ip-172-31-1-171"": ""healthy"", ""ip-172-31-10-12"": ""healthy"", ""ip-172-31-11-132"": ""healthy"", ""ip-172-31-13-134"": ""healthy"", ""ip-172-31-14-68"": ""healthy"", ""ip-172-31-40-239"": ""healthy""}",subscribe,9.4,0.6917,0,0,"{""ip-172-31-0-204"": {""pose"": 1, ""gesture"": 1}, ""ip-172-31-1-171"": {""gesture"": 1}, ""ip-172-31-10-12"": {""gesture"": 1}, ""ip-172-31-11-132"": {""gesture"": 1}, ""ip-172-31-13-134"": {""gesture"": 1}, ""ip-172-31-14-68"": {""gesture"": 1}}","{""a1"": {""services"": [""pose"", ""gesture""], ""fps"": {""pose"": 11, ""gesture"": 30}, ""eff_fps"": {""pose"": 11, ""gesture"": 30}, ""latency_ms"": {""pose"": 0, ""gesture"": 0}, ""svclat_ms"": {""pose"": 25.76, ""gesture"": 16.39}}, ""a2"": {""services"": [""pose"", ""gesture""], ""fps"": {""pose"": 12, ""gesture"": 30}, ""eff_fps"": {""pose"": 12, ""gesture"": 30}, ""latency_ms"": {""pose"": 0, ""gesture"": 0}, ""svclat_ms"": {""pose"": 25.46, ""gesture"": 14.99}}, ""a3"": {""services"": [""pose"", ""gesture""], ""fps"": {""pose"": 12, ""gesture"": 30}, ""eff_fps"": {""pose"": 12, ""gesture"": 30}, ""latency_ms"": {""pose"": 0, ""gesture"": 0}, ""svclat_ms"": {""pose"": 22.79, ""gesture"": 14.12}}, ""a4"": {""services"": [""pose"", ""gesture""], ""fps"": {""pose"": 11, ""gesture"": 30}, ""eff_fps"": {""pose"": 11, ""gesture"": 30}, ""latency_ms"": {""pose"": 0, ""gesture"": 0}, ""svclat_ms"": {""pose"": 24.32, ""gesture"": 14.78}}, ""a5"": {""services"": [""pose"", ""gesture""], ""fps"": {""pose"": 11, ""gesture"": 30}, ""eff_fps"": {""pose"": 11, ""gesture"": 30}, ""latency_ms"": {""pose"": 0, ""gesture"": 0}, ""svclat_ms"": {""pose"": 25.91, ""gesture"": 13.93}}, ""a6"": {""services"": [""pose"", ""gesture""], ""fps"": {""pose"": 12, ""gesture"": 30}, ""eff_fps"": {""pose"": 12, ""gesture"": 30}, ""latency_ms"": {""pose"": 0, ""gesture"": 0}, ""svclat_ms"": {""pose"": 22.68, ""gesture"": 14.94}}, ""a7"": {""services"": [""pose"", ""gesture""], ""fps"": {""pose"": 0, ""gesture"": 0}, ""eff_fps"": {""pose"": 0, ""gesture"": 0}, ""latency_ms"": {""pose"": 0, ""gesture"": 0}, ""svclat_ms"": {""pose"": 0.0, ""gesture"": 0.0}}, ""a8"": {""services"": [""pose"", ""gesture""], ""fps"": {""pose"": 0, ""gesture"": 0}, ""eff_fps"": {""pose"": 0, ""gesture"": 0}, ""latency_ms"": {""pose"": 0, ""gesture"": 0}, ""svclat_ms"": {""pose"": 0.0, ""gesture"": 0.0}}, ""a9"": {""services"": [""pose"", ""gesture""], ""fps"": {""pose"": 0, ""gesture"": 0}, ""eff_fps"": {""pose"": 0, ""gesture"": 0}, ""latency_ms"": {""pose"": 0, ""gesture"": 0}, ""svclat_ms"": {""pose"": 0.0, ""gesture"": 0.0}}, ""a10"": {""services"": [""pose"", ""gesture""], ""fps"": {""pose"": 0, ""gesture"": 0}, ""eff_fps"": {""pose"": 0, ""gesture"": 0}, ""latency_ms"": {""pose"": 0, ""gesture"": 0}, ""svclat_ms"": {""pose"": 0.0, ""gesture"": 0.0}}, ""a11"": {""services"": [""pose"", ""gesture""], ""fps"": {""pose"": 0, ""gesture"": 0}, ""eff_fps"": {""pose"": 0, ""gesture"": 0}, ""latency_ms"": {""pose"": 0, ""gesture"": 0}, ""svclat_ms"": {""pose"": 0.0, ""gesture"": 0.0}}, ""a12"": {""services"": [""pose"", ""gesture""], ""fps"": {""pose"": 0, ""gesture"": 0}, ""eff_fps"": {""pose"": 0, ""gesture"": 0}, ""latency_ms"": {""pose"": 0, ""gesture"": 0}, ""svclat_ms"": {""pose"": 0.0, ""gesture"": 0.0}}, ""a13"": {""services"": [""pose"", ""gesture""], ""fps"": {""pose"": 0, ""gesture"": 0}, ""eff_fps"": {""pose"": 0, ""gesture"": 0}, ""latency_ms"": {""pose"": 0, ""gesture"": 0}, ""svclat_ms"": {""pose"": 0.0, ""gesture"": 0.0}}, ""a14"": {""services"": [""pose"", ""gesture""], ""fps"": {""pose"": 0, ""gesture"": 0}, ""eff_fps"": {""pose"": 0, ""gesture"": 0}, ""latency_ms"": {""pose"": 0, ""gesture"": 0}, ""svclat_ms"": {""pose"": 0.0, ""gesture"": 0.0}}, ""a15"": {""services"": [""pose"", ""gesture""], ""fps"": {""pose"": 0, ""gesture"": 0}, ""eff_fps"": {""pose"": 0, ""gesture"": 0}, ""latency_ms"": {""pose"": 0, ""gesture"": 0}, ""svclat_ms"": {""pose"": 0.0, ""gesture"": 0.0}}}"
80.4,8,7,0.875,2,0,9,9,9,1.0,905.0,348.0,0.385,0.0,1.29,0.0,17.17,30.0,0,17.17,30.0,0,0,0,0,25.63,14.67,0,283,"{""ip-172-31-0-204"": ""healthy"", ""ip-172-31-1-171"": ""healthy"", ""ip-172-31-10-12"": ""healthy"", ""ip-172-31-11-132"": ""healthy"", ""ip-172-31-13-134"": ""healthy"", ""ip-172-31-14-68"": ""healthy"", ""ip-172-31-40-239"": ""healthy""}",subscribe,9.4,0.8286,0,0,"{""ip-172-31-0-204"": {""pose"": 1, ""gesture"": 1}, ""ip-172-31-1-171"": {""gesture"": 1, ""pose"": 1}, ""ip-172-31-10-12"": {""gesture"": 1}, ""ip-172-31-11-132"": {""gesture"": 1}, ""ip-172-31-13-134"": {""gesture"": 1}, ""ip-172-31-14-68"": {""gesture"": 1}, ""ip-172-31-40-239"": {""gesture"": 1}}","{""a2"": {""services"": [""pose"", ""gesture""], ""fps"": {""pose"": 17, ""gesture"": 30}, ""eff_fps"": {""pose"": 17, ""gesture"": 30}, ""latency_ms"": {""pose"": 0, ""gesture"": 0}, ""svclat_ms"": {""pose"": 22.16, ""gesture"": 16.25}}, ""a3"": {""services"": [""pose"", ""gesture""], ""fps"": {""pose"": 17, ""gesture"": 30}, ""eff_fps"": {""pose"": 17, ""gesture"": 30}, ""latency_ms"": {""pose"": 0, ""gesture"": 0}, ""svclat_ms"": {""pose"": 21.64, ""gesture"": 14.12}}, ""a4"": {""services"": [""pose"", ""gesture""], ""fps"": {""pose"": 17, ""gesture"": 30}, ""eff_fps"": {""pose"": 17, ""gesture"": 30}, ""latency_ms"": {""pose"": 0, ""gesture"": 0}, ""svclat_ms"": {""pose"": 30.46, ""gesture"": 14.9}}, ""a5"": {""services"": [""pose"", ""gesture""], ""fps"": {""pose"": 18, ""gesture"": 30}, ""eff_fps"": {""pose"": 18, ""gesture"": 30}, ""latency_ms"": {""pose"": 0, ""gesture"": 0}, ""svclat_ms"": {""pose"": 29.23, ""gesture"": 14.16}}, ""a6"": {""services"": [""pose"", ""gesture""], ""fps"": {""pose"": 17, ""gesture"": 30}, ""eff_fps"": {""pose"": 17, ""gesture"": 30}, ""latency_ms"": {""pose"": 0, ""gesture"": 0}, ""svclat_ms"": {""pose"": 23.03, ""gesture"": 14.79}}, ""a7"": {""services"": [""pose"", ""gesture""], ""fps"": {""pose"": 17, ""gesture"": 30}, ""eff_fps"": {""pose"": 17, ""gesture"": 30}, ""latency_ms"": {""pose"": 0, ""gesture"": 0}, ""svclat_ms"": {""pose"": 27.27, ""gesture"": 13.8}}, ""a8"": {""services"": [""pose"", ""gesture""], ""fps"": {""pose"": 0, ""gesture"": 0}, ""eff_fps"": {""pose"": 0, ""gesture"": 0}, ""latency_ms"": {""pose"": 0, ""gesture"": 0}, ""svclat_ms"": {""pose"": 0.0, ""gesture"": 0.0}}, ""a9"": {""services"": [""pose"", ""gesture""], ""fps"": {""pose"": 0, ""gesture"": 0}, ""eff_fps"": {""pose"": 0, ""gesture"": 0}, ""latency_ms"": {""pose"": 0, ""gesture"": 0}, ""svclat_ms"": {""pose"": 0.0, ""gesture"": 0.0}}, ""a10"": {""services"": [""pose"", ""gesture""], ""fps"": {""pose"": 0, ""gesture"": 0}, ""eff_fps"": {""pose"": 0, ""gesture"": 0}, ""latency_ms"": {""pose"": 0, ""gesture"": 0}, ""svclat_ms"": {""pose"": 0.0, ""gesture"": 0.0}}, ""a11"": {""services"": [""pose"", ""gesture""], ""fps"": {""pose"": 0, ""gesture"": 0}, ""eff_fps"": {""pose"": 0, ""gesture"": 0}, ""latency_ms"": {""pose"": 0, ""gesture"": 0}, ""svclat_ms"": {""pose"": 0.0, ""gesture"": 0.0}}, ""a12"": {""services"": [""pose"", ""gesture""], ""fps"": {""pose"": 0, ""gesture"": 0}, ""eff_fps"": {""pose"": 0, ""gesture"": 0}, ""latency_ms"": {""pose"": 0, ""gesture"": 0}, ""svclat_ms"": {""pose"": 0.0, ""gesture"": 0.0}}, ""a13"": {""services"": [""pose"", ""gesture""], ""fps"": {""pose"": 0, ""gesture"": 0}, ""eff_fps"": {""pose"": 0, ""gesture"": 0}, ""latency_ms"": {""pose"": 0, ""gesture"": 0}, ""svclat_ms"": {""pose"": 0.0, ""gesture"": 0.0}}, ""a14"": {""services"": [""pose"", ""gesture""], ""fps"": {""pose"": 0, ""gesture"": 0}, ""eff_fps"": {""pose"": 0, ""gesture"": 0}, ""latency_ms"": {""pose"": 0, ""gesture"": 0}, ""svclat_ms"": {""pose"": 0.0, ""gesture"": 0.0}}, ""a15"": {""services"": [""pose"", ""gesture""], ""fps"": {""pose"": 0, ""gesture"": 0}, ""eff_fps"": {""pose"": 0, ""gesture"": 0}, ""latency_ms"": {""pose"": 0, ""gesture"": 0}, ""svclat_ms"": {""pose"": 0.0, ""gesture"": 0.0}}}"
84.1,8,8,1.0,0,0,9,9,9,1.0,905.0,378.0,0.418,0.0,1.12,0.0,17.33,30.0,0,17.33,30.0,0,0,0,0,30.95,16.14,0,284,"{""ip-172-31-0-204"": ""healthy"", ""ip-172-31-1-171"": ""healthy"", ""ip-172-31-10-12"": ""healthy"", ""ip-172-31-11-132"": ""healthy"", ""ip-172-31-13-134"": ""healthy"", ""ip-172-31-14-68"": ""healthy"", ""ip-172-31-40-239"": ""healthy""}",subscribe,9.2,0.7875,0,0,"{""ip-172-31-0-204"": {""pose"": 1, ""gesture"": 1}, ""ip-172-31-1-171"": {""gesture"": 1, ""pose"": 1}, ""ip-172-31-10-12"": {""gesture"": 1}, ""ip-172-31-11-132"": {""gesture"": 1}, ""ip-172-31-13-134"": {""gesture"": 1}, ""ip-172-31-14-68"": {""gesture"": 1}, ""ip-172-31-40-239"": {""gesture"": 1}}","{""a2"": {""services"": [""pose"", ""gesture""], ""fps"": {""pose"": 17, ""gesture"": 30}, ""eff_fps"": {""pose"": 17, ""gesture"": 30}, ""latency_ms"": {""pose"": 0, ""gesture"": 0}, ""svclat_ms"": {""pose"": 24.63, ""gesture"": 18.13}}, ""a3"": {""services"": [""pose"", ""gesture""], ""fps"": {""pose"": 17, ""gesture"": 30}, ""eff_fps"": {""pose"": 17, ""gesture"": 30}, ""latency_ms"": {""pose"": 0, ""gesture"": 0}, ""svclat_ms"": {""pose"": 29.24, ""gesture"": 16.11}}, ""a4"": {""services"": [""pose"", ""gesture""], ""fps"": {""pose"": 17, ""gesture"": 30}, ""eff_fps"": {""pose"": 17, ""gesture"": 30}, ""latency_ms"": {""pose"": 0, ""gesture"": 0}, ""svclat_ms"": {""pose"": 36.08, ""gesture"": 15.76}}, ""a5"": {""services"": [""pose"", ""gesture""], ""fps"": {""pose"": 18, ""gesture"": 30}, ""eff_fps"": {""pose"": 18, ""gesture"": 30}, ""latency_ms"": {""pose"": 0, ""gesture"": 0}, ""svclat_ms"": {""pose"": 37.38, ""gesture"": 15.31}}, ""a6"": {""services"": [""pose"", ""gesture""], ""fps"": {""pose"": 18, ""gesture"": 30}, ""eff_fps"": {""pose"": 18, ""gesture"": 30}, ""latency_ms"": {""pose"": 0, ""gesture"": 0}, ""svclat_ms"": {""pose"": 29.12, ""gesture"": 15.96}}, ""a7"": {""services"": [""pose"", ""gesture""], ""fps"": {""pose"": 17, ""gesture"": 30}, ""eff_fps"": {""pose"": 17, ""gesture"": 30}, ""latency_ms"": {""pose"": 0, ""gesture"": 0}, ""svclat_ms"": {""pose"": 29.28, ""gesture"": 15.55}}, ""a8"": {""services"": [""pose"", ""gesture""], ""fps"": {""pose"": 0, ""gesture"": 0}, ""eff_fps"": {""pose"": 0, ""gesture"": 0}, ""latency_ms"": {""pose"": 0, ""gesture"": 0}, ""svclat_ms"": {""pose"": 0.0, ""gesture"": 0.0}}, ""a9"": {""services"": [""pose"", ""gesture""], ""fps"": {""pose"": 0, ""gesture"": 0}, ""eff_fps"": {""pose"": 0, ""gesture"": 0}, ""latency_ms"": {""pose"": 0, ""gesture"": 0}, ""svclat_ms"": {""pose"": 0.0, ""gesture"": 0.0}}, ""a10"": {""services"": [""pose"", ""gesture""], ""fps"": {""pose"": 0, ""gesture"": 0}, ""eff_fps"": {""pose"": 0, ""gesture"": 0}, ""latency_ms"": {""pose"": 0, ""gesture"": 0}, ""svclat_ms"": {""pose"": 0.0, ""gesture"": 0.0}}, ""a11"": {""services"": [""pose"", ""gesture""], ""fps"": {""pose"": 0, ""gesture"": 0}, ""eff_fps"": {""pose"": 0, ""gesture"": 0}, ""latency_ms"": {""pose"": 0, ""gesture"": 0}, ""svclat_ms"": {""pose"": 0.0, ""gesture"": 0.0}}, ""a12"": {""services"": [""pose"", ""gesture""], ""fps"": {""pose"": 0, ""gesture"": 0}, ""eff_fps"": {""pose"": 0, ""gesture"": 0}, ""latency_ms"": {""pose"": 0, ""gesture"": 0}, ""svclat_ms"": {""pose"": 0.0, ""gesture"": 0.0}}, ""a13"": {""services"": [""pose"", ""gesture""], ""fps"": {""pose"": 0, ""gesture"": 0}, ""eff_fps"": {""pose"": 0, ""gesture"": 0}, ""latency_ms"": {""pose"": 0, ""gesture"": 0}, ""svclat_ms"": {""pose"": 0.0, ""gesture"": 0.0}}, ""a14"": {""services"": [""pose"", ""gesture""], ""fps"": {""pose"": 0, ""gesture"": 0}, ""eff_fps"": {""pose"": 0, ""gesture"": 0}, ""latency_ms"": {""pose"": 0, ""gesture"": 0}, ""svclat_ms"": {""pose"": 0.0, ""gesture"": 0.0}}, ""a15"": {""services"": [""pose"", ""gesture""], ""fps"": {""pose"": 0, ""gesture"": 0}, ""eff_fps"": {""pose"": 0, ""gesture"": 0}, ""latency_ms"": {""pose"": 0, ""gesture"": 0}, ""svclat_ms"": {""pose"": 0.0, ""gesture"": 0.0}}}"
86.5,8,8,1.0,0,0,9,9,9,1.0,905.0,378.0,0.418,0.0,1.12,0.0,17.5,30.0,0,17.5,30.0,0,0,0,0,30.6,15.93,0,285,"{""ip-172-31-0-204"": ""healthy"", ""ip-172-31-1-171"": ""healthy"", ""ip-172-31-10-12"": ""healthy"", ""ip-172-31-11-132"": ""healthy"", ""ip-172-31-13-134"": ""healthy"", ""ip-172-31-14-68"": ""healthy"", ""ip-172-31-40-239"": ""healthy""}",subscribe,9.2,0.7875,0,0,"{""ip-172-31-0-204"": {""pose"": 1, ""gesture"": 1}, ""ip-172-31-1-171"": {""gesture"": 1, ""pose"": 1}, ""ip-172-31-10-12"": {""gesture"": 1}, ""ip-172-31-11-132"": {""gesture"": 1}, ""ip-172-31-13-134"": {""gesture"": 1}, ""ip-172-31-14-68"": {""gesture"": 1}, ""ip-172-31-40-239"": {""gesture"": 1}}","{""a2"": {""services"": [""pose"", ""gesture""], ""fps"": {""pose"": 18, ""gesture"": 30}, ""eff_fps"": {""pose"": 18, ""gesture"": 30}, ""latency_ms"": {""pose"": 0, ""gesture"": 0}, ""svclat_ms"": {""pose"": 24.41, ""gesture"": 17.99}}, ""a3"": {""services"": [""pose"", ""gesture""], ""fps"": {""pose"": 18, ""gesture"": 30}, ""eff_fps"": {""pose"": 18, ""gesture"": 30}, ""latency_ms"": {""pose"": 0, ""gesture"": 0}, ""svclat_ms"": {""pose"": 28.75, ""gesture"": 15.6}}, ""a4"": {""services"": [""pose"", ""gesture""], ""fps"": {""pose"": 18, ""gesture"": 30}, ""eff_fps"": {""pose"": 18, ""gesture"": 30}, ""latency_ms"": {""pose"": 0, ""gesture"": 0}, ""svclat_ms"": {""pose"": 36.36, ""gesture"": 15.02}}, ""a5"": {""services"": [""pose"", ""gesture""], ""fps"": {""pose"": 17, ""gesture"": 30}, ""eff_fps"": {""pose"": 17, ""gesture"": 30}, ""latency_ms"": {""pose"": 0, ""gesture"": 0}, ""svclat_ms"": {""pose"": 36.47, ""gesture"": 14.74}}, ""a6"": {""services"": [""pose"", ""gesture""], ""fps"": {""pose"": 17, ""gesture"": 30}, ""eff_fps"": {""pose"": 17, ""gesture"": 30}, ""latency_ms"": {""pose"": 0, ""gesture"": 0}, ""svclat_ms"": {""pose"": 28.25, ""gesture"": 17.42}}, ""a7"": {""services"": [""pose"", ""gesture""], ""fps"": {""pose"": 17, ""gesture"": 30}, ""eff_fps"": {""pose"": 17, ""gesture"": 30}, ""latency_ms"": {""pose"": 0, ""gesture"": 0}, ""svclat_ms"": {""pose"": 29.34, ""gesture"": 14.78}}, ""a8"": {""services"": [""pose"", ""gesture""], ""fps"": {""pose"": 0, ""gesture"": 0}, ""eff_fps"": {""pose"": 0, ""gesture"": 0}, ""latency_ms"": {""pose"": 0, ""gesture"": 0}, ""svclat_ms"": {""pose"": 0.0, ""gesture"": 0.0}}, ""a9"": {""services"": [""pose"", ""gesture""], ""fps"": {""pose"": 0, ""gesture"": 0}, ""eff_fps"": {""pose"": 0, ""gesture"": 0}, ""latency_ms"": {""pose"": 0, ""gesture"": 0}, ""svclat_ms"": {""pose"": 0.0, ""gesture"": 0.0}}, ""a10"": {""services"": [""pose"", ""gesture""], ""fps"": {""pose"": 0, ""gesture"": 0}, ""eff_fps"": {""pose"": 0, ""gesture"": 0}, ""latency_ms"": {""pose"": 0, ""gesture"": 0}, ""svclat_ms"": {""pose"": 0.0, ""gesture"": 0.0}}, ""a11"": {""services"": [""pose"", ""gesture""], ""fps"": {""pose"": 0, ""gesture"": 0}, ""eff_fps"": {""pose"": 0, ""gesture"": 0}, ""latency_ms"": {""pose"": 0, ""gesture"": 0}, ""svclat_ms"": {""pose"": 0.0, ""gesture"": 0.0}}, ""a12"": {""services"": [""pose"", ""gesture""], ""fps"": {""pose"": 0, ""gesture"": 0}, ""eff_fps"": {""pose"": 0, ""gesture"": 0}, ""latency_ms"": {""pose"": 0, ""gesture"": 0}, ""svclat_ms"": {""pose"": 0.0, ""gesture"": 0.0}}, ""a13"": {""services"": [""pose"", ""gesture""], ""fps"": {""pose"": 0, ""gesture"": 0}, ""eff_fps"": {""pose"": 0, ""gesture"": 0}, ""latency_ms"": {""pose"": 0, ""gesture"": 0}, ""svclat_ms"": {""pose"": 0.0, ""gesture"": 0.0}}, ""a14"": {""services"": [""pose"", ""gesture""], ""fps"": {""pose"": 0, ""gesture"": 0}, ""eff_fps"": {""pose"": 0, ""gesture"": 0}, ""latency_ms"": {""pose"": 0, ""gesture"": 0}, ""svclat_ms"": {""pose"": 0.0, ""gesture"": 0.0}}, ""a15"": {""services"": [""pose"", ""gesture""], ""fps"": {""pose"": 0, ""gesture"": 0}, ""eff_fps"": {""pose"": 0, ""gesture"": 0}, ""latency_ms"": {""pose"": 0, ""gesture"": 0}, ""svclat_ms"": {""pose"": 0.0, ""gesture"": 0.0}}}"
88.9,8,8,1.0,0,0,9,9,9,1.0,905.0,378.0,0.418,0.0,1.12,0.0,17.0,30.0,0,17.0,30.0,0,0,0,0,30.91,15.71,0,282,"{""ip-172-31-0-204"": ""healthy"", ""ip-172-31-1-171"": ""healthy"", ""ip-172-31-10-12"": ""healthy"", ""ip-172-31-11-132"": ""healthy"", ""ip-172-31-13-134"": ""healthy"", ""ip-172-31-14-68"": ""healthy"", ""ip-172-31-40-239"": ""healthy""}",subscribe,9.2,0.7875,0,0,"{""ip-172-31-0-204"": {""pose"": 1, ""gesture"": 1}, ""ip-172-31-1-171"": {""gesture"": 1, ""pose"": 1}, ""ip-172-31-10-12"": {""gesture"": 1}, ""ip-172-31-11-132"": {""gesture"": 1}, ""ip-172-31-13-134"": {""gesture"": 1}, ""ip-172-31-14-68"": {""gesture"": 1}, ""ip-172-31-40-239"": {""gesture"": 1}}","{""a2"": {""services"": [""pose"", ""gesture""], ""fps"": {""pose"": 17, ""gesture"": 30}, ""eff_fps"": {""pose"": 17, ""gesture"": 30}, ""latency_ms"": {""pose"": 0, ""gesture"": 0}, ""svclat_ms"": {""pose"": 24.47, ""gesture"": 17.66}}, ""a3"": {""services"": [""pose"", ""gesture""], ""fps"": {""pose"": 17, ""gesture"": 30}, ""eff_fps"": {""pose"": 17, ""gesture"": 30}, ""latency_ms"": {""pose"": 0, ""gesture"": 0}, ""svclat_ms"": {""pose"": 29.9, ""gesture"": 15.67}}, ""a4"": {""services"": [""pose"", ""gesture""], ""fps"": {""pose"": 17, ""gesture"": 30}, ""eff_fps"": {""pose"": 17, ""gesture"": 30}, ""latency_ms"": {""pose"": 0, ""gesture"": 0}, ""svclat_ms"": {""pose"": 35.61, ""gesture"": 15.03}}, ""a5"": {""services"": [""pose"", ""gesture""], ""fps"": {""pose"": 17, ""gesture"": 30}, ""eff_fps"": {""pose"": 17, ""gesture"": 30}, ""latency_ms"": {""pose"": 0, ""gesture"": 0}, ""svclat_ms"": {""pose"": 36.4, ""gesture"": 15.14}}, ""a6"": {""services"": [""pose"", ""gesture""], ""fps"": {""pose"": 17, ""gesture"": 30}, ""eff_fps"": {""pose"": 17, ""gesture"": 30}, ""latency_ms"": {""pose"": 0, ""gesture"": 0}, ""svclat_ms"": {""pose"": 29.55, ""gesture"": 15.69}}, ""a7"": {""services"": [""pose"", ""gesture""], ""fps"": {""pose"": 17, ""gesture"": 30}, ""eff_fps"": {""pose"": 17, ""gesture"": 30}, ""latency_ms"": {""pose"": 0, ""gesture"": 0}, ""svclat_ms"": {""pose"": 29.54, ""gesture"": 15.08}}, ""a8"": {""services"": [""pose"", ""gesture""], ""fps"": {""pose"": 0, ""gesture"": 0}, ""eff_fps"": {""pose"": 0, ""gesture"": 0}, ""latency_ms"": {""pose"": 0, ""gesture"": 0}, ""svclat_ms"": {""pose"": 0.0, ""gesture"": 0.0}}, ""a9"": {""services"": [""pose"", ""gesture""], ""fps"": {""pose"": 0, ""gesture"": 0}, ""eff_fps"": {""pose"": 0, ""gesture"": 0}, ""latency_ms"": {""pose"": 0, ""gesture"": 0}, ""svclat_ms"": {""pose"": 0.0, ""gesture"": 0.0}}, ""a10"": {""services"": [""pose"", ""gesture""], ""fps"": {""pose"": 0, ""gesture"": 0}, ""eff_fps"": {""pose"": 0, ""gesture"": 0}, ""latency_ms"": {""pose"": 0, ""gesture"": 0}, ""svclat_ms"": {""pose"": 0.0, ""gesture"": 0.0}}, ""a11"": {""services"": [""pose"", ""gesture""], ""fps"": {""pose"": 0, ""gesture"": 0}, ""eff_fps"": {""pose"": 0, ""gesture"": 0}, ""latency_ms"": {""pose"": 0, ""gesture"": 0}, ""svclat_ms"": {""pose"": 0.0, ""gesture"": 0.0}}, ""a12"": {""services"": [""pose"", ""gesture""], ""fps"": {""pose"": 0, ""gesture"": 0}, ""eff_fps"": {""pose"": 0, ""gesture"": 0}, ""latency_ms"": {""pose"": 0, ""gesture"": 0}, ""svclat_ms"": {""pose"": 0.0, ""gesture"": 0.0}}, ""a13"": {""services"": [""pose"", ""gesture""], ""fps"": {""pose"": 0, ""gesture"": 0}, ""eff_fps"": {""pose"": 0, ""gesture"": 0}, ""latency_ms"": {""pose"": 0, ""gesture"": 0}, ""svclat_ms"": {""pose"": 0.0, ""gesture"": 0.0}}, ""a14"": {""services"": [""pose"", ""gesture""], ""fps"": {""pose"": 0, ""gesture"": 0}, ""eff_fps"": {""pose"": 0, ""gesture"": 0}, ""latency_ms"": {""pose"": 0, ""gesture"": 0}, ""svclat_ms"": {""pose"": 0.0, ""gesture"": 0.0}}, ""a15"": {""services"": [""pose"", ""gesture""], ""fps"": {""pose"": 0, ""gesture"": 0}, ""eff_fps"": {""pose"": 0, ""gesture"": 0}, ""latency_ms"": {""pose"": 0, ""gesture"": 0}, ""svclat_ms"": {""pose"": 0.0, ""gesture"": 0.0}}}"
91.3,8,8,1.0,0,0,9,9,9,1.0,905.0,378.0,0.418,0.0,1.12,0.0,17.4,30.0,0,17.4,30.0,0,0,0,0,30.06,14.97,0,237,"{""ip-172-31-0-204"": ""healthy"", ""ip-172-31-1-171"": ""healthy"", ""ip-172-31-10-12"": ""healthy"", ""ip-172-31-11-132"": ""healthy"", ""ip-172-31-13-134"": ""healthy"", ""ip-172-31-14-68"": ""healthy"", ""ip-172-31-40-239"": ""healthy""}",subscribe,9.2,0.7875,0,0,"{""ip-172-31-0-204"": {""pose"": 1, ""gesture"": 1}, ""ip-172-31-1-171"": {""gesture"": 1, ""pose"": 1}, ""ip-172-31-10-12"": {""gesture"": 1}, ""ip-172-31-11-132"": {""gesture"": 1}, ""ip-172-31-13-134"": {""gesture"": 1}, ""ip-172-31-14-68"": {""gesture"": 1}, ""ip-172-31-40-239"": {""gesture"": 1}}","{""a3"": {""services"": [""pose"", ""gesture""], ""fps"": {""pose"": 17, ""gesture"": 30}, ""eff_fps"": {""pose"": 17, ""gesture"": 30}, ""latency_ms"": {""pose"": 0, ""gesture"": 0}, ""svclat_ms"": {""pose"": 29.28, ""gesture"": 15.97}}, ""a4"": {""services"": [""pose"", ""gesture""], ""fps"": {""pose"": 17, ""gesture"": 30}, ""eff_fps"": {""pose"": 17, ""gesture"": 30}, ""latency_ms"": {""pose"": 0, ""gesture"": 0}, ""svclat_ms"": {""pose"": 29.09, ""gesture"": 14.82}}, ""a5"": {""services"": [""pose"", ""gesture""], ""fps"": {""pose"": 18, ""gesture"": 30}, ""eff_fps"": {""pose"": 18, ""gesture"": 30}, ""latency_ms"": {""pose"": 0, ""gesture"": 0}, ""svclat_ms"": {""pose"": 32.08, ""gesture"": 14.3}}, ""a6"": {""services"": [""pose"", ""gesture""], ""fps"": {""pose"": 17, ""gesture"": 30}, ""eff_fps"": {""pose"": 17, ""gesture"": 30}, ""latency_ms"": {""pose"": 0, ""gesture"": 0}, ""svclat_ms"": {""pose"": 30.27, ""gesture"": 15.21}}, ""a7"": {""services"": [""pose"", ""gesture""], ""fps"": {""pose"": 18, ""gesture"": 30}, ""eff_fps"": {""pose"": 18, ""gesture"": 30}, ""latency_ms"": {""pose"": 0, ""gesture"": 0}, ""svclat_ms"": {""pose"": 29.56, ""gesture"": 14.55}}, ""a8"": {""services"": [""pose"", ""gesture""], ""fps"": {""pose"": 0, ""gesture"": 0}, ""eff_fps"": {""pose"": 0, ""gesture"": 0}, ""latency_ms"": {""pose"": 0, ""gesture"": 0}, ""svclat_ms"": {""pose"": 0.0, ""gesture"": 0.0}}, ""a9"": {""services"": [""pose"", ""gesture""], ""fps"": {""pose"": 0, ""gesture"": 0}, ""eff_fps"": {""pose"": 0, ""gesture"": 0}, ""latency_ms"": {""pose"": 0, ""gesture"": 0}, ""svclat_ms"": {""pose"": 0.0, ""gesture"": 0.0}}, ""a10"": {""services"": [""pose"", ""gesture""], ""fps"": {""pose"": 0, ""gesture"": 0}, ""eff_fps"": {""pose"": 0, ""gesture"": 0}, ""latency_ms"": {""pose"": 0, ""gesture"": 0}, ""svclat_ms"": {""pose"": 0.0, ""gesture"": 0.0}}, ""a11"": {""services"": [""pose"", ""gesture""], ""fps"": {""pose"": 0, ""gesture"": 0}, ""eff_fps"": {""pose"": 0, ""gesture"": 0}, ""latency_ms"": {""pose"": 0, ""gesture"": 0}, ""svclat_ms"": {""pose"": 0.0, ""gesture"": 0.0}}, ""a12"": {""services"": [""pose"", ""gesture""], ""fps"": {""pose"": 0, ""gesture"": 0}, ""eff_fps"": {""pose"": 0, ""gesture"": 0}, ""latency_ms"": {""pose"": 0, ""gesture"": 0}, ""svclat_ms"": {""pose"": 0.0, ""gesture"": 0.0}}, ""a13"": {""services"": [""pose"", ""gesture""], ""fps"": {""pose"": 0, ""gesture"": 0}, ""eff_fps"": {""pose"": 0, ""gesture"": 0}, ""latency_ms"": {""pose"": 0, ""gesture"": 0}, ""svclat_ms"": {""pose"": 0.0, ""gesture"": 0.0}}, ""a14"": {""services"": [""pose"", ""gesture""], ""fps"": {""pose"": 0, ""gesture"": 0}, ""eff_fps"": {""pose"": 0, ""gesture"": 0}, ""latency_ms"": {""pose"": 0, ""gesture"": 0}, ""svclat_ms"": {""pose"": 0.0, ""gesture"": 0.0}}, ""a15"": {""services"": [""pose"", ""gesture""], ""fps"": {""pose"": 0, ""gesture"": 0}, ""eff_fps"": {""pose"": 0, ""gesture"": 0}, ""latency_ms"": {""pose"": 0, ""gesture"": 0}, ""svclat_ms"": {""pose"": 0.0, ""gesture"": 0.0}}}"
93.7,8,8,1.0,0,0,9,9,9,1.0,905.0,378.0,0.418,0.0,1.12,0.0,17.2,30.0,0,17.2,30.0,0,0,0,0,26.74,14.88,0,236,"{""ip-172-31-0-204"": ""healthy"", ""ip-172-31-1-171"": ""healthy"", ""ip-172-31-10-12"": ""healthy"", ""ip-172-31-11-132"": ""healthy"", ""ip-172-31-13-134"": ""healthy"", ""ip-172-31-14-68"": ""healthy"", ""ip-172-31-40-239"": ""healthy""}",subscribe,9.2,0.7875,0,0,"{""ip-172-31-0-204"": {""pose"": 1, ""gesture"": 1}, ""ip-172-31-1-171"": {""gesture"": 1, ""pose"": 1}, ""ip-172-31-10-12"": {""gesture"": 1}, ""ip-172-31-11-132"": {""gesture"": 1}, ""ip-172-31-13-134"": {""gesture"": 1}, ""ip-172-31-14-68"": {""gesture"": 1}, ""ip-172-31-40-239"": {""gesture"": 1}}","{""a3"": {""services"": [""pose"", ""gesture""], ""fps"": {""pose"": 17, ""gesture"": 30}, ""eff_fps"": {""pose"": 17, ""gesture"": 30}, ""latency_ms"": {""pose"": 0, ""gesture"": 0}, ""svclat_ms"": {""pose"": 28.92, ""gesture"": 15.88}}, ""a4"": {""services"": [""pose"", ""gesture""], ""fps"": {""pose"": 18, ""gesture"": 30}, ""eff_fps"": {""pose"": 18, ""gesture"": 30}, ""latency_ms"": {""pose"": 0, ""gesture"": 0}, ""svclat_ms"": {""pose"": 23.64, ""gesture"": 14.4}}, ""a5"": {""services"": [""pose"", ""gesture""], ""fps"": {""pose"": 17, ""gesture"": 30}, ""eff_fps"": {""pose"": 17, ""gesture"": 30}, ""latency_ms"": {""pose"": 0, ""gesture"": 0}, ""svclat_ms"": {""pose"": 22.63, ""gesture"": 14.44}}, ""a6"": {""services"": [""pose"", ""gesture""], ""fps"": {""pose"": 17, ""gesture"": 30}, ""eff_fps"": {""pose"": 17, ""gesture"": 30}, ""latency_ms"": {""pose"": 0, ""gesture"": 0}, ""svclat_ms"": {""pose"": 29.24, ""gesture"": 15.16}}, ""a7"": {""services"": [""pose"", ""gesture""], ""fps"": {""pose"": 17, ""gesture"": 30}, ""eff_fps"": {""pose"": 17, ""gesture"": 30}, ""latency_ms"": {""pose"": 0, ""gesture"": 0}, ""svclat_ms"": {""pose"": 29.26, ""gesture"": 14.5}}, ""a8"": {""services"": [""pose"", ""gesture""], ""fps"": {""pose"": 0, ""gesture"": 0}, ""eff_fps"": {""pose"": 0, ""gesture"": 0}, ""latency_ms"": {""pose"": 0, ""gesture"": 0}, ""svclat_ms"": {""pose"": 0.0, ""gesture"": 0.0}}, ""a9"": {""services"": [""pose"", ""gesture""], ""fps"": {""pose"": 0, ""gesture"": 0}, ""eff_fps"": {""pose"": 0, ""gesture"": 0}, ""latency_ms"": {""pose"": 0, ""gesture"": 0}, ""svclat_ms"": {""pose"": 0.0, ""gesture"": 0.0}}, ""a10"": {""services"": [""pose"", ""gesture""], ""fps"": {""pose"": 0, ""gesture"": 0}, ""eff_fps"": {""pose"": 0, ""gesture"": 0}, ""latency_ms"": {""pose"": 0, ""gesture"": 0}, ""svclat_ms"": {""pose"": 0.0, ""gesture"": 0.0}}, ""a11"": {""services"": [""pose"", ""gesture""], ""fps"": {""pose"": 0, ""gesture"": 0}, ""eff_fps"": {""pose"": 0, ""gesture"": 0}, ""latency_ms"": {""pose"": 0, ""gesture"": 0}, ""svclat_ms"": {""pose"": 0.0, ""gesture"": 0.0}}, ""a12"": {""services"": [""pose"", ""gesture""], ""fps"": {""pose"": 0, ""gesture"": 0}, ""eff_fps"": {""pose"": 0, ""gesture"": 0}, ""latency_ms"": {""pose"": 0, ""gesture"": 0}, ""svclat_ms"": {""pose"": 0.0, ""gesture"": 0.0}}, ""a13"": {""services"": [""pose"", ""gesture""], ""fps"": {""pose"": 0, ""gesture"": 0}, ""eff_fps"": {""pose"": 0, ""gesture"": 0}, ""latency_ms"": {""pose"": 0, ""gesture"": 0}, ""svclat_ms"": {""pose"": 0.0, ""gesture"": 0.0}}, ""a14"": {""services"": [""pose"", ""gesture""], ""fps"": {""pose"": 0, ""gesture"": 0}, ""eff_fps"": {""pose"": 0, ""gesture"": 0}, ""latency_ms"": {""pose"": 0, ""gesture"": 0}, ""svclat_ms"": {""pose"": 0.0, ""gesture"": 0.0}}, ""a15"": {""services"": [""pose"", ""gesture""], ""fps"": {""pose"": 0, ""gesture"": 0}, ""eff_fps"": {""pose"": 0, ""gesture"": 0}, ""latency_ms"": {""pose"": 0, ""gesture"": 0}, ""svclat_ms"": {""pose"": 0.0, ""gesture"": 0.0}}}"
96.2,8,8,1.0,0,0,9,9,9,1.0,905.0,378.0,0.418,0.0,1.12,0.0,17.4,30.0,0,17.4,30.0,0,0,0,0,26.8,14.97,0,237,"{""ip-172-31-0-204"": ""healthy"", ""ip-172-31-1-171"": ""healthy"", ""ip-172-31-10-12"": ""healthy"", ""ip-172-31-11-132"": ""healthy"", ""ip-172-31-13-134"": ""healthy"", ""ip-172-31-14-68"": ""healthy"", ""ip-172-31-40-239"": ""healthy""}",subscribe,9.2,0.7875,0,0,"{""ip-172-31-0-204"": {""pose"": 1, ""gesture"": 1}, ""ip-172-31-1-171"": {""gesture"": 1, ""pose"": 1}, ""ip-172-31-10-12"": {""gesture"": 1}, ""ip-172-31-11-132"": {""gesture"": 1}, ""ip-172-31-13-134"": {""gesture"": 1}, ""ip-172-31-14-68"": {""gesture"": 1}, ""ip-172-31-40-239"": {""gesture"": 1}}","{""a3"": {""services"": [""pose"", ""gesture""], ""fps"": {""pose"": 17, ""gesture"": 30}, ""eff_fps"": {""pose"": 17, ""gesture"": 30}, ""latency_ms"": {""pose"": 0, ""gesture"": 0}, ""svclat_ms"": {""pose"": 29.02, ""gesture"": 15.83}}, ""a4"": {""services"": [""pose"", ""gesture""], ""fps"": {""pose"": 17, ""gesture"": 30}, ""eff_fps"": {""pose"": 17, ""gesture"": 30}, ""latency_ms"": {""pose"": 0, ""gesture"": 0}, ""svclat_ms"": {""pose"": 24.1, ""gesture"": 14.95}}, ""a5"": {""services"": [""pose"", ""gesture""], ""fps"": {""pose"": 18, ""gesture"": 30}, ""eff_fps"": {""pose"": 18, ""gesture"": 30}, ""latency_ms"": {""pose"": 0, ""gesture"": 0}, ""svclat_ms"": {""pose"": 23.67, ""gesture"": 14.63}}, ""a6"": {""services"": [""pose"", ""gesture""], ""fps"": {""pose"": 18, ""gesture"": 30}, ""eff_fps"": {""pose"": 18, ""gesture"": 30}, ""latency_ms"": {""pose"": 0, ""gesture"": 0}, ""svclat_ms"": {""pose"": 28.6, ""gesture"": 14.91}}, ""a7"": {""services"": [""pose"", ""gesture""], ""fps"": {""pose"": 17, ""gesture"": 30}, ""eff_fps"": {""pose"": 17, ""gesture"": 30}, ""latency_ms"": {""pose"": 0, ""gesture"": 0}, ""svclat_ms"": {""pose"": 28.6, ""gesture"": 14.55}}, ""a8"": {""services"": [""pose"", ""gesture""], ""fps"": {""pose"": 0, ""gesture"": 0}, ""eff_fps"": {""pose"": 0, ""gesture"": 0}, ""latency_ms"": {""pose"": 0, ""gesture"": 0}, ""svclat_ms"": {""pose"": 0.0, ""gesture"": 0.0}}, ""a9"": {""services"": [""pose"", ""gesture""], ""fps"": {""pose"": 0, ""gesture"": 0}, ""eff_fps"": {""pose"": 0, ""gesture"": 0}, ""latency_ms"": {""pose"": 0, ""gesture"": 0}, ""svclat_ms"": {""pose"": 0.0, ""gesture"": 0.0}}, ""a10"": {""services"": [""pose"", ""gesture""], ""fps"": {""pose"": 0, ""gesture"": 0}, ""eff_fps"": {""pose"": 0, ""gesture"": 0}, ""latency_ms"": {""pose"": 0, ""gesture"": 0}, ""svclat_ms"": {""pose"": 0.0, ""gesture"": 0.0}}, ""a11"": {""services"": [""pose"", ""gesture""], ""fps"": {""pose"": 0, ""gesture"": 0}, ""eff_fps"": {""pose"": 0, ""gesture"": 0}, ""latency_ms"": {""pose"": 0, ""gesture"": 0}, ""svclat_ms"": {""pose"": 0.0, ""gesture"": 0.0}}, ""a12"": {""services"": [""pose"", ""gesture""], ""fps"": {""pose"": 0, ""gesture"": 0}, ""eff_fps"": {""pose"": 0, ""gesture"": 0}, ""latency_ms"": {""pose"": 0, ""gesture"": 0}, ""svclat_ms"": {""pose"": 0.0, ""gesture"": 0.0}}, ""a13"": {""services"": [""pose"", ""gesture""], ""fps"": {""pose"": 0, ""gesture"": 0}, ""eff_fps"": {""pose"": 0, ""gesture"": 0}, ""latency_ms"": {""pose"": 0, ""gesture"": 0}, ""svclat_ms"": {""pose"": 0.0, ""gesture"": 0.0}}, ""a14"": {""services"": [""pose"", ""gesture""], ""fps"": {""pose"": 0, ""gesture"": 0}, ""eff_fps"": {""pose"": 0, ""gesture"": 0}, ""latency_ms"": {""pose"": 0, ""gesture"": 0}, ""svclat_ms"": {""pose"": 0.0, ""gesture"": 0.0}}, ""a15"": {""services"": [""pose"", ""gesture""], ""fps"": {""pose"": 0, ""gesture"": 0}, ""eff_fps"": {""pose"": 0, ""gesture"": 0}, ""latency_ms"": {""pose"": 0, ""gesture"": 0}, ""svclat_ms"": {""pose"": 0.0, ""gesture"": 0.0}}}"
98.6,8,8,1.0,0,0,9,9,9,1.0,905.0,378.0,0.418,0.0,1.12,0.0,24.8,30.0,0,24.0,30.0,0,0,0,0,25.93,15.11,0,274,"{""ip-172-31-0-204"": ""healthy"", ""ip-172-31-1-171"": ""healthy"", ""ip-172-31-10-12"": ""healthy"", ""ip-172-31-11-132"": ""healthy"", ""ip-172-31-13-134"": ""healthy"", ""ip-172-31-14-68"": ""healthy"", ""ip-172-31-40-239"": ""healthy""}",subscribe,9.2,0.7875,0,0,"{""ip-172-31-0-204"": {""pose"": 1, ""gesture"": 1}, ""ip-172-31-1-171"": {""gesture"": 1, ""pose"": 1}, ""ip-172-31-10-12"": {""gesture"": 1}, ""ip-172-31-11-132"": {""gesture"": 1}, ""ip-172-31-13-134"": {""gesture"": 1}, ""ip-172-31-14-68"": {""gesture"": 1}, ""ip-172-31-40-239"": {""gesture"": 1}}","{""a3"": {""services"": [""pose"", ""gesture""], ""fps"": {""pose"": 31, ""gesture"": 30}, ""eff_fps"": {""pose"": 31, ""gesture"": 30}, ""latency_ms"": {""pose"": 0, ""gesture"": 0}, ""svclat_ms"": {""pose"": 19.57, ""gesture"": 15.17}}, ""a4"": {""services"": [""pose"", ""gesture""], ""fps"": {""pose"": 26, ""gesture"": 30}, ""eff_fps"": {""pose"": 25, ""gesture"": 30}, ""latency_ms"": {""pose"": 0, ""gesture"": 0}, ""svclat_ms"": {""pose"": 26.29, ""gesture"": 14.9}}, ""a5"": {""services"": [""pose"", ""gesture""], ""fps"": {""pose"": 22, ""gesture"": 30}, ""eff_fps"": {""pose"": 21, ""gesture"": 30}, ""latency_ms"": {""pose"": 0, ""gesture"": 0}, ""svclat_ms"": {""pose"": 28.54, ""gesture"": 15.43}}, ""a6"": {""services"": [""pose"", ""gesture""], ""fps"": {""pose"": 22, ""gesture"": 30}, ""eff_fps"": {""pose"": 21, ""gesture"": 30}, ""latency_ms"": {""pose"": 0, ""gesture"": 0}, ""svclat_ms"": {""pose"": 28.39, ""gesture"": 15.21}}, ""a7"": {""services"": [""pose"", ""gesture""], ""fps"": {""pose"": 23, ""gesture"": 30}, ""eff_fps"": {""pose"": 22, ""gesture"": 30}, ""latency_ms"": {""pose"": 0, ""gesture"": 0}, ""svclat_ms"": {""pose"": 26.87, ""gesture"": 14.85}}, ""a8"": {""services"": [""pose"", ""gesture""], ""fps"": {""pose"": 0, ""gesture"": 0}, ""eff_fps"": {""pose"": 0, ""gesture"": 0}, ""latency_ms"": {""pose"": 0, ""gesture"": 0}, ""svclat_ms"": {""pose"": 0.0, ""gesture"": 0.0}}, ""a9"": {""services"": [""pose"", ""gesture""], ""fps"": {""pose"": 0, ""gesture"": 0}, ""eff_fps"": {""pose"": 0, ""gesture"": 0}, ""latency_ms"": {""pose"": 0, ""gesture"": 0}, ""svclat_ms"": {""pose"": 0.0, ""gesture"": 0.0}}, ""a10"": {""services"": [""pose"", ""gesture""], ""fps"": {""pose"": 0, ""gesture"": 0}, ""eff_fps"": {""pose"": 0, ""gesture"": 0}, ""latency_ms"": {""pose"": 0, ""gesture"": 0}, ""svclat_ms"": {""pose"": 0.0, ""gesture"": 0.0}}, ""a11"": {""services"": [""pose"", ""gesture""], ""fps"": {""pose"": 0, ""gesture"": 0}, ""eff_fps"": {""pose"": 0, ""gesture"": 0}, ""latency_ms"": {""pose"": 0, ""gesture"": 0}, ""svclat_ms"": {""pose"": 0.0, ""gesture"": 0.0}}, ""a12"": {""services"": [""pose"", ""gesture""], ""fps"": {""pose"": 0, ""gesture"": 0}, ""eff_fps"": {""pose"": 0, ""gesture"": 0}, ""latency_ms"": {""pose"": 0, ""gesture"": 0}, ""svclat_ms"": {""pose"": 0.0, ""gesture"": 0.0}}, ""a13"": {""services"": [""pose"", ""gesture""], ""fps"": {""pose"": 0, ""gesture"": 0}, ""eff_fps"": {""pose"": 0, ""gesture"": 0}, ""latency_ms"": {""pose"": 0, ""gesture"": 0}, ""svclat_ms"": {""pose"": 0.0, ""gesture"": 0.0}}, ""a14"": {""services"": [""pose"", ""gesture""], ""fps"": {""pose"": 0, ""gesture"": 0}, ""eff_fps"": {""pose"": 0, ""gesture"": 0}, ""latency_ms"": {""pose"": 0, ""gesture"": 0}, ""svclat_ms"": {""pose"": 0.0, ""gesture"": 0.0}}, ""a15"": {""services"": [""pose"", ""gesture""], ""fps"": {""pose"": 0, ""gesture"": 0}, ""eff_fps"": {""pose"": 0, ""gesture"": 0}, ""latency_ms"": {""pose"": 0, ""gesture"": 0}, ""svclat_ms"": {""pose"": 0.0, ""gesture"": 0.0}}}"
103.6,8,8,1.0,5,0,14,14,14,1.0,1190.0,480,0.403,0.0,2.0,0.0,30.0,30.0,0,30.0,30.0,0,0,0,0,21.09,15.44,0,300,"{""ip-172-31-0-204"": ""healthy"", ""ip-172-31-1-171"": ""healthy"", ""ip-172-31-10-12"": ""healthy"", ""ip-172-31-11-132"": ""healthy"", ""ip-172-31-13-134"": ""healthy"", ""ip-172-31-14-68"": ""healthy"", ""ip-172-31-40-239"": ""healthy""}",unsubscribe,11.7,1.0,0,0,"{""ip-172-31-0-204"": {""pose"": 1, ""gesture"": 1}, ""ip-172-31-1-171"": {""gesture"": 1, ""pose"": 1}, ""ip-172-31-10-12"": {""gesture"": 1, ""pose"": 1}, ""ip-172-31-11-132"": {""gesture"": 1, ""pose"": 1}, ""ip-172-31-13-134"": {""gesture"": 1, ""pose"": 1}, ""ip-172-31-14-68"": {""gesture"": 1, ""pose"": 1}, ""ip-172-31-40-239"": {""gesture"": 1, ""pose"": 1}}","{""a3"": {""services"": [""pose"", ""gesture""], ""fps"": {""pose"": 30, ""gesture"": 30}, ""eff_fps"": {""pose"": 30, ""gesture"": 30}, ""latency_ms"": {""pose"": 0, ""gesture"": 0}, ""svclat_ms"": {""pose"": 28.96, ""gesture"": 15.99}}, ""a4"": {""services"": [""pose"", ""gesture""], ""fps"": {""pose"": 30, ""gesture"": 30}, ""eff_fps"": {""pose"": 30, ""gesture"": 30}, ""latency_ms"": {""pose"": 0, ""gesture"": 0}, ""svclat_ms"": {""pose"": 19.89, ""gesture"": 15.9}}, ""a5"": {""services"": [""pose"", ""gesture""], ""fps"": {""pose"": 30, ""gesture"": 30}, ""eff_fps"": {""pose"": 30, ""gesture"": 30}, ""latency_ms"": {""pose"": 0, ""gesture"": 0}, ""svclat_ms"": {""pose"": 17.44, ""gesture"": 15.36}}, ""a6"": {""services"": [""pose"", ""gesture""], ""fps"": {""pose"": 30, ""gesture"": 30}, ""eff_fps"": {""pose"": 30, ""gesture"": 30}, ""latency_ms"": {""pose"": 0, ""gesture"": 0}, ""svclat_ms"": {""pose"": 18.73, ""gesture"": 15.02}}, ""a7"": {""services"": [""pose"", ""gesture""], ""fps"": {""pose"": 30, ""gesture"": 30}, ""eff_fps"": {""pose"": 30, ""gesture"": 30}, ""latency_ms"": {""pose"": 0, ""gesture"": 0}, ""svclat_ms"": {""pose"": 20.43, ""gesture"": 14.95}}, ""a8"": {""services"": [""pose"", ""gesture""], ""fps"": {""pose"": 0, ""gesture"": 0}, ""eff_fps"": {""pose"": 0, ""gesture"": 0}, ""latency_ms"": {""pose"": 0, ""gesture"": 0}, ""svclat_ms"": {""pose"": 0.0, ""gesture"": 0.0}}, ""a9"": {""services"": [""pose"", ""gesture""], ""fps"": {""pose"": 0, ""gesture"": 0}, ""eff_fps"": {""pose"": 0, ""gesture"": 0}, ""latency_ms"": {""pose"": 0, ""gesture"": 0}, ""svclat_ms"": {""pose"": 0.0, ""gesture"": 0.0}}, ""a10"": {""services"": [""pose"", ""gesture""], ""fps"": {""pose"": 0, ""gesture"": 0}, ""eff_fps"": {""pose"": 0, ""gesture"": 0}, ""latency_ms"": {""pose"": 0, ""gesture"": 0}, ""svclat_ms"": {""pose"": 0.0, ""gesture"": 0.0}}, ""a11"": {""services"": [""pose"", ""gesture""], ""fps"": {""pose"": 0, ""gesture"": 0}, ""eff_fps"": {""pose"": 0, ""gesture"": 0}, ""latency_ms"": {""pose"": 0, ""gesture"": 0}, ""svclat_ms"": {""pose"": 0.0, ""gesture"": 0.0}}, ""a12"": {""services"": [""pose"", ""gesture""], ""fps"": {""pose"": 0, ""gesture"": 0}, ""eff_fps"": {""pose"": 0, ""gesture"": 0}, ""latency_ms"": {""pose"": 0, ""gesture"": 0}, ""svclat_ms"": {""pose"": 0.0, ""gesture"": 0.0}}, ""a13"": {""services"": [""pose"", ""gesture""], ""fps"": {""pose"": 0, ""gesture"": 0}, ""eff_fps"": {""pose"": 0, ""gesture"": 0}, ""latency_ms"": {""pose"": 0, ""gesture"": 0}, ""svclat_ms"": {""pose"": 0.0, ""gesture"": 0.0}}, ""a14"": {""services"": [""pose"", ""gesture""], ""fps"": {""pose"": 0, ""gesture"": 0}, ""eff_fps"": {""pose"": 0, ""gesture"": 0}, ""latency_ms"": {""pose"": 0, ""gesture"": 0}, ""svclat_ms"": {""pose"": 0.0, ""gesture"": 0.0}}, ""a15"": {""services"": [""pose"", ""gesture""], ""fps"": {""pose"": 0, ""gesture"": 0}, ""eff_fps"": {""pose"": 0, ""gesture"": 0}, ""latency_ms"": {""pose"": 0, ""gesture"": 0}, ""svclat_ms"": {""pose"": 0.0, ""gesture"": 0.0}}}"
108.4,9,8,0.889,0,0,14,14,14,1.0,1190.0,480,0.403,0.0,1.75,0.0,30.0,30.0,0,30.0,30.0,0,0,0,0,19.27,14.94,0,180,"{""ip-172-31-0-204"": ""healthy"", ""ip-172-31-1-171"": ""healthy"", ""ip-172-31-10-12"": ""healthy"", ""ip-172-31-11-132"": ""healthy"", ""ip-172-31-13-134"": ""healthy"", ""ip-172-31-14-68"": ""healthy"", ""ip-172-31-40-239"": ""healthy""}",unsubscribe,12.2,1.0,0,0,"{""ip-172-31-0-204"": {""pose"": 1, ""gesture"": 1}, ""ip-172-31-1-171"": {""gesture"": 1, ""pose"": 1}, ""ip-172-31-10-12"": {""gesture"": 1, ""pose"": 1}, ""ip-172-31-11-132"": {""gesture"": 1, ""pose"": 1}, ""ip-172-31-13-134"": {""gesture"": 1, ""pose"": 1}, ""ip-172-31-14-68"": {""gesture"": 1, ""pose"": 1}, ""ip-172-31-40-239"": {""gesture"": 1, ""pose"": 1}}","{""a5"": {""services"": [""pose"", ""gesture""], ""fps"": {""pose"": 30, ""gesture"": 30}, ""eff_fps"": {""pose"": 30, ""gesture"": 30}, ""latency_ms"": {""pose"": 0, ""gesture"": 0}, ""svclat_ms"": {""pose"": 18.54, ""gesture"": 14.62}}, ""a6"": {""services"": [""pose"", ""gesture""], ""fps"": {""pose"": 30, ""gesture"": 30}, ""eff_fps"": {""pose"": 30, ""gesture"": 30}, ""latency_ms"": {""pose"": 0, ""gesture"": 0}, ""svclat_ms"": {""pose"": 18.7, ""gesture"": 15.15}}, ""a7"": {""services"": [""pose"", ""gesture""], ""fps"": {""pose"": 30, ""gesture"": 30}, ""eff_fps"": {""pose"": 30, ""gesture"": 30}, ""latency_ms"": {""pose"": 0, ""gesture"": 0}, ""svclat_ms"": {""pose"": 20.57, ""gesture"": 15.04}}, ""a8"": {""services"": [""pose"", ""gesture""], ""fps"": {""pose"": 0, ""gesture"": 0}, ""eff_fps"": {""pose"": 0, ""gesture"": 0}, ""latency_ms"": {""pose"": 0, ""gesture"": 0}, ""svclat_ms"": {""pose"": 0.0, ""gesture"": 0.0}}, ""a9"": {""services"": [""pose"", ""gesture""], ""fps"": {""pose"": 0, ""gesture"": 0}, ""eff_fps"": {""pose"": 0, ""gesture"": 0}, ""latency_ms"": {""pose"": 0, ""gesture"": 0}, ""svclat_ms"": {""pose"": 0.0, ""gesture"": 0.0}}, ""a10"": {""services"": [""pose"", ""gesture""], ""fps"": {""pose"": 0, ""gesture"": 0}, ""eff_fps"": {""pose"": 0, ""gesture"": 0}, ""latency_ms"": {""pose"": 0, ""gesture"": 0}, ""svclat_ms"": {""pose"": 0.0, ""gesture"": 0.0}}, ""a11"": {""services"": [""pose"", ""gesture""], ""fps"": {""pose"": 0, ""gesture"": 0}, ""eff_fps"": {""pose"": 0, ""gesture"": 0}, ""latency_ms"": {""pose"": 0, ""gesture"": 0}, ""svclat_ms"": {""pose"": 0.0, ""gesture"": 0.0}}, ""a12"": {""services"": [""pose"", ""gesture""], ""fps"": {""pose"": 0, ""gesture"": 0}, ""eff_fps"": {""pose"": 0, ""gesture"": 0}, ""latency_ms"": {""pose"": 0, ""gesture"": 0}, ""svclat_ms"": {""pose"": 0.0, ""gesture"": 0.0}}, ""a13"": {""services"": [""pose"", ""gesture""], ""fps"": {""pose"": 0, ""gesture"": 0}, ""eff_fps"": {""pose"": 0, ""gesture"": 0}, ""latency_ms"": {""pose"": 0, ""gesture"": 0}, ""svclat_ms"": {""pose"": 0.0, ""gesture"": 0.0}}, ""a14"": {""services"": [""pose"", ""gesture""], ""fps"": {""pose"": 0, ""gesture"": 0}, ""eff_fps"": {""pose"": 0, ""gesture"": 0}, ""latency_ms"": {""pose"": 0, ""gesture"": 0}, ""svclat_ms"": {""pose"": 0.0, ""gesture"": 0.0}}, ""a15"": {""services"": [""pose"", ""gesture""], ""fps"": {""pose"": 0, ""gesture"": 0}, ""eff_fps"": {""pose"": 0, ""gesture"": 0}, ""latency_ms"": {""pose"": 0, ""gesture"": 0}, ""svclat_ms"": {""pose"": 0.0, ""gesture"": 0.0}}}"
112.6,10,9,0.9,0,0,14,14,14,1.0,1190.0,540,0.454,0.0,1.56,0.0,30.0,30.0,0,30.0,30.0,0,0,0,0,19.46,15.46,0,180,"{""ip-172-31-0-204"": ""healthy"", ""ip-172-31-1-171"": ""healthy"", ""ip-172-31-10-12"": ""healthy"", ""ip-172-31-11-132"": ""healthy"", ""ip-172-31-13-134"": ""healthy"", ""ip-172-31-14-68"": ""healthy"", ""ip-172-31-40-239"": ""healthy""}",subscribe,9.2,1.0,0,0,"{""ip-172-31-0-204"": {""pose"": 1, ""gesture"": 1}, ""ip-172-31-1-171"": {""gesture"": 1, ""pose"": 1}, ""ip-172-31-10-12"": {""gesture"": 1, ""pose"": 1}, ""ip-172-31-11-132"": {""gesture"": 1, ""pose"": 1}, ""ip-172-31-13-134"": {""gesture"": 1, ""pose"": 1}, ""ip-172-31-14-68"": {""gesture"": 1, ""pose"": 1}, ""ip-172-31-40-239"": {""gesture"": 1, ""pose"": 1}}","{""a5"": {""services"": [""pose"", ""gesture""], ""fps"": {""pose"": 30, ""gesture"": 30}, ""eff_fps"": {""pose"": 30, ""gesture"": 30}, ""latency_ms"": {""pose"": 0, ""gesture"": 0}, ""svclat_ms"": {""pose"": 18.5, ""gesture"": 14.61}}, ""a6"": {""services"": [""pose"", ""gesture""], ""fps"": {""pose"": 30, ""gesture"": 30}, ""eff_fps"": {""pose"": 30, ""gesture"": 30}, ""latency_ms"": {""pose"": 0, ""gesture"": 0}, ""svclat_ms"": {""pose"": 19.09, ""gesture"": 16.43}}, ""a7"": {""services"": [""pose"", ""gesture""], ""fps"": {""pose"": 30, ""gesture"": 30}, ""eff_fps"": {""pose"": 30, ""gesture"": 30}, ""latency_ms"": {""pose"": 0, ""gesture"": 0}, ""svclat_ms"": {""pose"": 20.79, ""gesture"": 15.33}}, ""a8"": {""services"": [""pose"", ""gesture""], ""fps"": {""pose"": 0, ""gesture"": 0}, ""eff_fps"": {""pose"": 0, ""gesture"": 0}, ""latency_ms"": {""pose"": 0, ""gesture"": 0}, ""svclat_ms"": {""pose"": 0.0, ""gesture"": 0.0}}, ""a9"": {""services"": [""pose"", ""gesture""], ""fps"": {""pose"": 0, ""gesture"": 0}, ""eff_fps"": {""pose"": 0, ""gesture"": 0}, ""latency_ms"": {""pose"": 0, ""gesture"": 0}, ""svclat_ms"": {""pose"": 0.0, ""gesture"": 0.0}}, ""a10"": {""services"": [""pose"", ""gesture""], ""fps"": {""pose"": 0, ""gesture"": 0}, ""eff_fps"": {""pose"": 0, ""gesture"": 0}, ""latency_ms"": {""pose"": 0, ""gesture"": 0}, ""svclat_ms"": {""pose"": 0.0, ""gesture"": 0.0}}, ""a11"": {""services"": [""pose"", ""gesture""], ""fps"": {""pose"": 0, ""gesture"": 0}, ""eff_fps"": {""pose"": 0, ""gesture"": 0}, ""latency_ms"": {""pose"": 0, ""gesture"": 0}, ""svclat_ms"": {""pose"": 0.0, ""gesture"": 0.0}}, ""a12"": {""services"": [""pose"", ""gesture""], ""fps"": {""pose"": 0, ""gesture"": 0}, ""eff_fps"": {""pose"": 0, ""gesture"": 0}, ""latency_ms"": {""pose"": 0, ""gesture"": 0}, ""svclat_ms"": {""pose"": 0.0, ""gesture"": 0.0}}, ""a13"": {""services"": [""pose"", ""gesture""], ""fps"": {""pose"": 0, ""gesture"": 0}, ""eff_fps"": {""pose"": 0, ""gesture"": 0}, ""latency_ms"": {""pose"": 0, ""gesture"": 0}, ""svclat_ms"": {""pose"": 0.0, ""gesture"": 0.0}}, ""a14"": {""services"": [""pose"", ""gesture""], ""fps"": {""pose"": 0, ""gesture"": 0}, ""eff_fps"": {""pose"": 0, ""gesture"": 0}, ""latency_ms"": {""pose"": 0, ""gesture"": 0}, ""svclat_ms"": {""pose"": 0.0, ""gesture"": 0.0}}, ""a15"": {""services"": [""pose"", ""gesture""], ""fps"": {""pose"": 0, ""gesture"": 0}, ""eff_fps"": {""pose"": 0, ""gesture"": 0}, ""latency_ms"": {""pose"": 0, ""gesture"": 0}, ""svclat_ms"": {""pose"": 0.0, ""gesture"": 0.0}}}"
117.5,9,9,1.0,0,0,14,14,14,1.0,1190.0,540,0.454,0.0,1.56,0.0,30.0,30.0,0,30.0,30.0,0,0,0,0,22.32,16.44,0,180,"{""ip-172-31-0-204"": ""healthy"", ""ip-172-31-1-171"": ""healthy"", ""ip-172-31-10-12"": ""healthy"", ""ip-172-31-11-132"": ""healthy"", ""ip-172-31-13-134"": ""healthy"", ""ip-172-31-14-68"": ""healthy"", ""ip-172-31-40-239"": ""healthy""}",subscribe,10.3,1.0,0,0,"{""ip-172-31-0-204"": {""pose"": 1, ""gesture"": 1}, ""ip-172-31-1-171"": {""gesture"": 1, ""pose"": 1}, ""ip-172-31-10-12"": {""gesture"": 1, ""pose"": 1}, ""ip-172-31-11-132"": {""gesture"": 1, ""pose"": 1}, ""ip-172-31-13-134"": {""gesture"": 1, ""pose"": 1}, ""ip-172-31-14-68"": {""gesture"": 1, ""pose"": 1}, ""ip-172-31-40-239"": {""gesture"": 1, ""pose"": 1}}","{""a5"": {""services"": [""pose"", ""gesture""], ""fps"": {""pose"": 30, ""gesture"": 30}, ""eff_fps"": {""pose"": 30, ""gesture"": 30}, ""latency_ms"": {""pose"": 0, ""gesture"": 0}, ""svclat_ms"": {""pose"": 25.65, ""gesture"": 17.01}}, ""a6"": {""services"": [""pose"", ""gesture""], ""fps"": {""pose"": 30, ""gesture"": 30}, ""eff_fps"": {""pose"": 30, ""gesture"": 30}, ""latency_ms"": {""pose"": 0, ""gesture"": 0}, ""svclat_ms"": {""pose"": 22.76, ""gesture"": 17.39}}, ""a7"": {""services"": [""pose"", ""gesture""], ""fps"": {""pose"": 30, ""gesture"": 30}, ""eff_fps"": {""pose"": 30, ""gesture"": 30}, ""latency_ms"": {""pose"": 0, ""gesture"": 0}, ""svclat_ms"": {""pose"": 18.55, ""gesture"": 14.92}}, ""a8"": {""services"": [""pose"", ""gesture""], ""fps"": {""pose"": 0, ""gesture"": 0}, ""eff_fps"": {""pose"": 0, ""gesture"": 0}, ""latency_ms"": {""pose"": 0, ""gesture"": 0}, ""svclat_ms"": {""pose"": 0.0, ""gesture"": 0.0}}, ""a9"": {""services"": [""pose"", ""gesture""], ""fps"": {""pose"": 0, ""gesture"": 0}, ""eff_fps"": {""pose"": 0, ""gesture"": 0}, ""latency_ms"": {""pose"": 0, ""gesture"": 0}, ""svclat_ms"": {""pose"": 0.0, ""gesture"": 0.0}}, ""a10"": {""services"": [""pose"", ""gesture""], ""fps"": {""pose"": 0, ""gesture"": 0}, ""eff_fps"": {""pose"": 0, ""gesture"": 0}, ""latency_ms"": {""pose"": 0, ""gesture"": 0}, ""svclat_ms"": {""pose"": 0.0, ""gesture"": 0.0}}, ""a11"": {""services"": [""pose"", ""gesture""], ""fps"": {""pose"": 0, ""gesture"": 0}, ""eff_fps"": {""pose"": 0, ""gesture"": 0}, ""latency_ms"": {""pose"": 0, ""gesture"": 0}, ""svclat_ms"": {""pose"": 0.0, ""gesture"": 0.0}}, ""a12"": {""services"": [""pose"", ""gesture""], ""fps"": {""pose"": 0, ""gesture"": 0}, ""eff_fps"": {""pose"": 0, ""gesture"": 0}, ""latency_ms"": {""pose"": 0, ""gesture"": 0}, ""svclat_ms"": {""pose"": 0.0, ""gesture"": 0.0}}, ""a13"": {""services"": [""pose"", ""gesture""], ""fps"": {""pose"": 0, ""gesture"": 0}, ""eff_fps"": {""pose"": 0, ""gesture"": 0}, ""latency_ms"": {""pose"": 0, ""gesture"": 0}, ""svclat_ms"": {""pose"": 0.0, ""gesture"": 0.0}}, ""a14"": {""services"": [""pose"", ""gesture""], ""fps"": {""pose"": 0, ""gesture"": 0}, ""eff_fps"": {""pose"": 0, ""gesture"": 0}, ""latency_ms"": {""pose"": 0, ""gesture"": 0}, ""svclat_ms"": {""pose"": 0.0, ""gesture"": 0.0}}, ""a15"": {""services"": [""pose"", ""gesture""], ""fps"": {""pose"": 0, ""gesture"": 0}, ""eff_fps"": {""pose"": 0, ""gesture"": 0}, ""latency_ms"": {""pose"": 0, ""gesture"": 0}, ""svclat_ms"": {""pose"": 0.0, ""gesture"": 0.0}}}"
122.2,10,9,0.9,0,0,14,14,14,1.0,1190.0,540,0.454,0.0,1.56,0.0,30.0,30.0,0,30.0,30.0,0,0,0,0,21.6,16.7,0,600,"{""ip-172-31-0-204"": ""healthy"", ""ip-172-31-1-171"": ""healthy"", ""ip-172-31-10-12"": ""healthy"", ""ip-172-31-11-132"": ""healthy"", ""ip-172-31-13-134"": ""healthy"", ""ip-172-31-14-68"": ""healthy"", ""ip-172-31-40-239"": ""healthy""}",unsubscribe,12.2,1.0,0,0,"{""ip-172-31-0-204"": {""pose"": 1, ""gesture"": 1}, ""ip-172-31-1-171"": {""gesture"": 1, ""pose"": 1}, ""ip-172-31-10-12"": {""gesture"": 1, ""pose"": 1}, ""ip-172-31-11-132"": {""gesture"": 1, ""pose"": 1}, ""ip-172-31-13-134"": {""gesture"": 1, ""pose"": 1}, ""ip-172-31-14-68"": {""gesture"": 1, ""pose"": 1}, ""ip-172-31-40-239"": {""gesture"": 1, ""pose"": 1}}","{""a5"": {""services"": [""pose"", ""gesture""], ""fps"": {""pose"": 30, ""gesture"": 30}, ""eff_fps"": {""pose"": 30, ""gesture"": 30}, ""latency_ms"": {""pose"": 0, ""gesture"": 0}, ""svclat_ms"": {""pose"": 23.75, ""gesture"": 17.04}}, ""a6"": {""services"": [""pose"", ""gesture""], ""fps"": {""pose"": 30, ""gesture"": 30}, ""eff_fps"": {""pose"": 30, ""gesture"": 30}, ""latency_ms"": {""pose"": 0, ""gesture"": 0}, ""svclat_ms"": {""pose"": 22.48, ""gesture"": 16.68}}, ""a7"": {""services"": [""pose"", ""gesture""], ""fps"": {""pose"": 30, ""gesture"": 30}, ""eff_fps"": {""pose"": 30, ""gesture"": 30}, ""latency_ms"": {""pose"": 0, ""gesture"": 0}, ""svclat_ms"": {""pose"": 20.71, ""gesture"": 17.48}}, ""a8"": {""services"": [""pose"", ""gesture""], ""fps"": {""pose"": 30, ""gesture"": 30}, ""eff_fps"": {""pose"": 30, ""gesture"": 30}, ""latency_ms"": {""pose"": 0, ""gesture"": 0}, ""svclat_ms"": {""pose"": 19.01, ""gesture"": 15.6}}, ""a9"": {""services"": [""pose"", ""gesture""], ""fps"": {""pose"": 30, ""gesture"": 30}, ""eff_fps"": {""pose"": 30, ""gesture"": 30}, ""latency_ms"": {""pose"": 0, ""gesture"": 0}, ""svclat_ms"": {""pose"": 18.5, ""gesture"": 14.8}}, ""a10"": {""services"": [""pose"", ""gesture""], ""fps"": {""pose"": 30, ""gesture"": 30}, ""eff_fps"": {""pose"": 30, ""gesture"": 30}, ""latency_ms"": {""pose"": 0, ""gesture"": 0}, ""svclat_ms"": {""pose"": 21.05, ""gesture"": 15.34}}, ""a11"": {""services"": [""pose"", ""gesture""], ""fps"": {""pose"": 30, ""gesture"": 30}, ""eff_fps"": {""pose"": 30, ""gesture"": 30}, ""latency_ms"": {""pose"": 0, ""gesture"": 0}, ""svclat_ms"": {""pose"": 19.75, ""gesture"": 14.29}}, ""a12"": {""services"": [""pose"", ""gesture""], ""fps"": {""pose"": 30, ""gesture"": 30}, ""eff_fps"": {""pose"": 30, ""gesture"": 30}, ""latency_ms"": {""pose"": 0, ""gesture"": 0}, ""svclat_ms"": {""pose"": 22.38, ""gesture"": 17.48}}, ""a13"": {""services"": [""pose"", ""gesture""], ""fps"": {""pose"": 30, ""gesture"": 30}, ""eff_fps"": {""pose"": 30, ""gesture"": 30}, ""latency_ms"": {""pose"": 0, ""gesture"": 0}, ""svclat_ms"": {""pose"": 23.7, ""gesture"": 21.26}}, ""a14"": {""services"": [""pose"", ""gesture""], ""fps"": {""pose"": 30, ""gesture"": 30}, ""eff_fps"": {""pose"": 30, ""gesture"": 30}, ""latency_ms"": {""pose"": 0, ""gesture"": 0}, ""svclat_ms"": {""pose"": 24.72, ""gesture"": 17.04}}, ""a15"": {""services"": [""pose"", ""gesture""], ""fps"": {""pose"": 0, ""gesture"": 0}, ""eff_fps"": {""pose"": 0, ""gesture"": 0}, ""latency_ms"": {""pose"": 0, ""gesture"": 0}, ""svclat_ms"": {""pose"": 0.0, ""gesture"": 0.0}}}"
125.8,11,11,1.0,0,0,14,14,14,1.0,1190.0,660,0.555,0.0,1.27,0.0,30.0,30.0,0,30.0,30.0,0,0,0,0,22.22,17.23,0,660,"{""ip-172-31-0-204"": ""healthy"", ""ip-172-31-1-171"": ""healthy"", ""ip-172-31-10-12"": ""healthy"", ""ip-172-31-11-132"": ""healthy"", ""ip-172-31-13-134"": ""healthy"", ""ip-172-31-14-68"": ""healthy"", ""ip-172-31-40-239"": ""healthy""}",subscribe,10.3,1.0,0,0,"{""ip-172-31-0-204"": {""pose"": 1, ""gesture"": 1}, ""ip-172-31-1-171"": {""gesture"": 1, ""pose"": 1}, ""ip-172-31-10-12"": {""gesture"": 1, ""pose"": 1}, ""ip-172-31-11-132"": {""gesture"": 1, ""pose"": 1}, ""ip-172-31-13-134"": {""gesture"": 1, ""pose"": 1}, ""ip-172-31-14-68"": {""gesture"": 1, ""pose"": 1}, ""ip-172-31-40-239"": {""gesture"": 1, ""pose"": 1}}","{""a5"": {""services"": [""pose"", ""gesture""], ""fps"": {""pose"": 30, ""gesture"": 30}, ""eff_fps"": {""pose"": 30, ""gesture"": 30}, ""latency_ms"": {""pose"": 0, ""gesture"": 0}, ""svclat_ms"": {""pose"": 23.05, ""gesture"": 16.62}}, ""a6"": {""services"": [""pose"", ""gesture""], ""fps"": {""pose"": 30, ""gesture"": 30}, ""eff_fps"": {""pose"": 30, ""gesture"": 30}, ""latency_ms"": {""pose"": 0, ""gesture"": 0}, ""svclat_ms"": {""pose"": 23.02, ""gesture"": 17.83}}, ""a7"": {""services"": [""pose"", ""gesture""], ""fps"": {""pose"": 30, ""gesture"": 30}, ""eff_fps"": {""pose"": 30, ""gesture"": 30}, ""latency_ms"": {""pose"": 0, ""gesture"": 0}, ""svclat_ms"": {""pose"": 21.11, ""gesture"": 17.67}}, ""a8"": {""services"": [""pose"", ""gesture""], ""fps"": {""pose"": 30, ""gesture"": 30}, ""eff_fps"": {""pose"": 30, ""gesture"": 30}, ""latency_ms"": {""pose"": 0, ""gesture"": 0}, ""svclat_ms"": {""pose"": 22.87, ""gesture"": 18.02}}, ""a9"": {""services"": [""pose"", ""gesture""], ""fps"": {""pose"": 30, ""gesture"": 30}, ""eff_fps"": {""pose"": 30, ""gesture"": 30}, ""latency_ms"": {""pose"": 0, ""gesture"": 0}, ""svclat_ms"": {""pose"": 18.3, ""gesture"": 14.72}}, ""a10"": {""services"": [""pose"", ""gesture""], ""fps"": {""pose"": 30, ""gesture"": 30}, ""eff_fps"": {""pose"": 30, ""gesture"": 30}, ""latency_ms"": {""pose"": 0, ""gesture"": 0}, ""svclat_ms"": {""pose"": 20.87, ""gesture"": 15.72}}, ""a11"": {""services"": [""pose"", ""gesture""], ""fps"": {""pose"": 30, ""gesture"": 30}, ""eff_fps"": {""pose"": 30, ""gesture"": 30}, ""latency_ms"": {""pose"": 0, ""gesture"": 0}, ""svclat_ms"": {""pose"": 19.71, ""gesture"": 14.19}}, ""a12"": {""services"": [""pose"", ""gesture""], ""fps"": {""pose"": 30, ""gesture"": 30}, ""eff_fps"": {""pose"": 30, ""gesture"": 30}, ""latency_ms"": {""pose"": 0, ""gesture"": 0}, ""svclat_ms"": {""pose"": 22.02, ""gesture"": 17.08}}, ""a13"": {""services"": [""pose"", ""gesture""], ""fps"": {""pose"": 30, ""gesture"": 30}, ""eff_fps"": {""pose"": 30, ""gesture"": 30}, ""latency_ms"": {""pose"": 0, ""gesture"": 0}, ""svclat_ms"": {""pose"": 24.24, ""gesture"": 21.99}}, ""a14"": {""services"": [""pose"", ""gesture""], ""fps"": {""pose"": 30, ""gesture"": 30}, ""eff_fps"": {""pose"": 30, ""gesture"": 30}, ""latency_ms"": {""pose"": 0, ""gesture"": 0}, ""svclat_ms"": {""pose"": 25.52, ""gesture"": 17.92}}, ""a15"": {""services"": [""pose"", ""gesture""], ""fps"": {""pose"": 30, ""gesture"": 30}, ""eff_fps"": {""pose"": 30, ""gesture"": 30}, ""latency_ms"": {""pose"": 0, ""gesture"": 0}, ""svclat_ms"": {""pose"": 23.75, ""gesture"": 17.75}}}"
128.2,11,11,1.0,0,0,14,14,14,1.0,1190.0,660,0.555,0.0,1.27,0.0,30.0,29.82,0,30.0,29.82,0,0,0,0,21.94,17.24,0,658,"{""ip-172-31-0-204"": ""healthy"", ""ip-172-31-1-171"": ""healthy"", ""ip-172-31-10-12"": ""healthy"", ""ip-172-31-11-132"": ""healthy"", ""ip-172-31-13-134"": ""healthy"", ""ip-172-31-14-68"": ""healthy"", ""ip-172-31-40-239"": ""healthy""}",subscribe,10.3,1.0,0,0,"{""ip-172-31-0-204"": {""pose"": 1, ""gesture"": 1}, ""ip-172-31-1-171"": {""gesture"": 1, ""pose"": 1}, ""ip-172-31-10-12"": {""gesture"": 1, ""pose"": 1}, ""ip-172-31-11-132"": {""gesture"": 1, ""pose"": 1}, ""ip-172-31-13-134"": {""gesture"": 1, ""pose"": 1}, ""ip-172-31-14-68"": {""gesture"": 1, ""pose"": 1}, ""ip-172-31-40-239"": {""gesture"": 1, ""pose"": 1}}","{""a5"": {""services"": [""pose"", ""gesture""], ""fps"": {""pose"": 30, ""gesture"": 30}, ""eff_fps"": {""pose"": 30, ""gesture"": 30}, ""latency_ms"": {""pose"": 0, ""gesture"": 0}, ""svclat_ms"": {""pose"": 23.85, ""gesture"": 17.03}}, ""a6"": {""services"": [""pose"", ""gesture""], ""fps"": {""pose"": 30, ""gesture"": 30}, ""eff_fps"": {""pose"": 30, ""gesture"": 30}, ""latency_ms"": {""pose"": 0, ""gesture"": 0}, ""svclat_ms"": {""pose"": 22.46, ""gesture"": 17.01}}, ""a7"": {""services"": [""pose"", ""gesture""], ""fps"": {""pose"": 30, ""gesture"": 30}, ""eff_fps"": {""pose"": 30, ""gesture"": 30}, ""latency_ms"": {""pose"": 0, ""gesture"": 0}, ""svclat_ms"": {""pose"": 20.99, ""gesture"": 17.84}}, ""a8"": {""services"": [""pose"", ""gesture""], ""fps"": {""pose"": 30, ""gesture"": 29}, ""eff_fps"": {""pose"": 30, ""gesture"": 29}, ""latency_ms"": {""pose"": 0, ""gesture"": 0}, ""svclat_ms"": {""pose"": 21.66, ""gesture"": 19.04}}, ""a9"": {""services"": [""pose"", ""gesture""], ""fps"": {""pose"": 30, ""gesture"": 30}, ""eff_fps"": {""pose"": 30, ""gesture"": 30}, ""latency_ms"": {""pose"": 0, ""gesture"": 0}, ""svclat_ms"": {""pose"": 18.79, ""gesture"": 14.95}}, ""a10"": {""services"": [""pose"", ""gesture""], ""fps"": {""pose"": 30, ""gesture"": 30}, ""eff_fps"": {""pose"": 30, ""gesture"": 30}, ""latency_ms"": {""pose"": 0, ""gesture"": 0}, ""svclat_ms"": {""pose"": 20.91, ""gesture"": 15.51}}, ""a11"": {""services"": [""pose"", ""gesture""], ""fps"": {""pose"": 30, ""gesture"": 30}, ""eff_fps"": {""pose"": 30, ""gesture"": 30}, ""latency_ms"": {""pose"": 0, ""gesture"": 0}, ""svclat_ms"": {""pose"": 19.61, ""gesture"": 14.17}}, ""a12"": {""services"": [""pose"", ""gesture""], ""fps"": {""pose"": 30, ""gesture"": 30}, ""eff_fps"": {""pose"": 30, ""gesture"": 30}, ""latency_ms"": {""pose"": 0, ""gesture"": 0}, ""svclat_ms"": {""pose"": 22.14, ""gesture"": 17.06}}, ""a13"": {""services"": [""pose"", ""gesture""], ""fps"": {""pose"": 30, ""gesture"": 30}, ""eff_fps"": {""pose"": 30, ""gesture"": 30}, ""latency_ms"": {""pose"": 0, ""gesture"": 0}, ""svclat_ms"": {""pose"": 23.9, ""gesture"": 22.41}}, ""a14"": {""services"": [""pose"", ""gesture""], ""fps"": {""pose"": 30, ""gesture"": 30}, ""eff_fps"": {""pose"": 30, ""gesture"": 30}, ""latency_ms"": {""pose"": 0, ""gesture"": 0}, ""svclat_ms"": {""pose"": 25.08, ""gesture"": 17.55}}, ""a15"": {""services"": [""pose"", ""gesture""], ""fps"": {""pose"": 30, ""gesture"": 29}, ""eff_fps"": {""pose"": 30, ""gesture"": 29}, ""latency_ms"": {""pose"": 0, ""gesture"": 0}, ""svclat_ms"": {""pose"": 21.91, ""gesture"": 17.02}}}"
130.6,11,11,1.0,0,0,14,14,14,1.0,1190.0,660,0.555,0.0,1.27,0.0,30.0,30.0,0,30.0,30.0,0,0,0,0,22.14,17.18,0,660,"{""ip-172-31-0-204"": ""healthy"", ""ip-172-31-1-171"": ""healthy"", ""ip-172-31-10-12"": ""healthy"", ""ip-172-31-11-132"": ""healthy"", ""ip-172-31-13-134"": ""healthy"", ""ip-172-31-14-68"": ""healthy"", ""ip-172-31-40-239"": ""healthy""}",subscribe,10.3,1.0,0,0,"{""ip-172-31-0-204"": {""pose"": 1, ""gesture"": 1}, ""ip-172-31-1-171"": {""gesture"": 1, ""pose"": 1}, ""ip-172-31-10-12"": {""gesture"": 1, ""pose"": 1}, ""ip-172-31-11-132"": {""gesture"": 1, ""pose"": 1}, ""ip-172-31-13-134"": {""gesture"": 1, ""pose"": 1}, ""ip-172-31-14-68"": {""gesture"": 1, ""pose"": 1}, ""ip-172-31-40-239"": {""gesture"": 1, ""pose"": 1}}","{""a5"": {""services"": [""pose"", ""gesture""], ""fps"": {""pose"": 30, ""gesture"": 30}, ""eff_fps"": {""pose"": 30, ""gesture"": 30}, ""latency_ms"": {""pose"": 0, ""gesture"": 0}, ""svclat_ms"": {""pose"": 23.59, ""gesture"": 16.79}}, ""a6"": {""services"": [""pose"", ""gesture""], ""fps"": {""pose"": 30, ""gesture"": 30}, ""eff_fps"": {""pose"": 30, ""gesture"": 30}, ""latency_ms"": {""pose"": 0, ""gesture"": 0}, ""svclat_ms"": {""pose"": 22.7, ""gesture"": 17.27}}, ""a7"": {""services"": [""pose"", ""gesture""], ""fps"": {""pose"": 30, ""gesture"": 30}, ""eff_fps"": {""pose"": 30, ""gesture"": 30}, ""latency_ms"": {""pose"": 0, ""gesture"": 0}, ""svclat_ms"": {""pose"": 21.06, ""gesture"": 19.25}}, ""a8"": {""services"": [""pose"", ""gesture""], ""fps"": {""pose"": 30, ""gesture"": 30}, ""eff_fps"": {""pose"": 30, ""gesture"": 30}, ""latency_ms"": {""pose"": 0, ""gesture"": 0}, ""svclat_ms"": {""pose"": 21.5, ""gesture"": 17.26}}, ""a9"": {""services"": [""pose"", ""gesture""], ""fps"": {""pose"": 30, ""gesture"": 30}, ""eff_fps"": {""pose"": 30, ""gesture"": 30}, ""latency_ms"": {""pose"": 0, ""gesture"": 0}, ""svclat_ms"": {""pose"": 18.56, ""gesture"": 14.77}}, ""a10"": {""services"": [""pose"", ""gesture""], ""fps"": {""pose"": 30, ""gesture"": 30}, ""eff_fps"": {""pose"": 30, ""gesture"": 30}, ""latency_ms"": {""pose"": 0, ""gesture"": 0}, ""svclat_ms"": {""pose"": 20.72, ""gesture"": 15.39}}, ""a11"": {""services"": [""pose"", ""gesture""], ""fps"": {""pose"": 30, ""gesture"": 30}, ""eff_fps"": {""pose"": 30, ""gesture"": 30}, ""latency_ms"": {""pose"": 0, ""gesture"": 0}, ""svclat_ms"": {""pose"": 19.85, ""gesture"": 14.4}}, ""a12"": {""services"": [""pose"", ""gesture""], ""fps"": {""pose"": 30, ""gesture"": 30}, ""eff_fps"": {""pose"": 30, ""gesture"": 30}, ""latency_ms"": {""pose"": 0, ""gesture"": 0}, ""svclat_ms"": {""pose"": 22.3, ""gesture"": 17.24}}, ""a13"": {""services"": [""pose"", ""gesture""], ""fps"": {""pose"": 30, ""gesture"": 30}, ""eff_fps"": {""pose"": 30, ""gesture"": 30}, ""latency_ms"": {""pose"": 0, ""gesture"": 0}, ""svclat_ms"": {""pose"": 24.87, ""gesture"": 22.15}}, ""a14"": {""services"": [""pose"", ""gesture""], ""fps"": {""pose"": 30, ""gesture"": 30}, ""eff_fps"": {""pose"": 30, ""gesture"": 30}, ""latency_ms"": {""pose"": 0, ""gesture"": 0}, ""svclat_ms"": {""pose"": 26.05, ""gesture"": 17.86}}, ""a15"": {""services"": [""pose"", ""gesture""], ""fps"": {""pose"": 30, ""gesture"": 30}, ""eff_fps"": {""pose"": 30, ""gesture"": 30}, ""latency_ms"": {""pose"": 0, ""gesture"": 0}, ""svclat_ms"": {""pose"": 22.35, ""gesture"": 16.61}}}"
133.1,11,11,1.0,0,0,14,14,14,1.0,1190.0,660,0.555,0.0,1.27,0.0,29.91,30.0,0,29.91,30.0,0,0,0,0,22.03,17.19,0,659,"{""ip-172-31-0-204"": ""healthy"", ""ip-172-31-1-171"": ""healthy"", ""ip-172-31-10-12"": ""healthy"", ""ip-172-31-11-132"": ""healthy"", ""ip-172-31-13-134"": ""healthy"", ""ip-172-31-14-68"": ""healthy"", ""ip-172-31-40-239"": ""healthy""}",subscribe,10.3,1.0,0,0,"{""ip-172-31-0-204"": {""pose"": 1, ""gesture"": 1}, ""ip-172-31-1-171"": {""gesture"": 1, ""pose"": 1}, ""ip-172-31-10-12"": {""gesture"": 1, ""pose"": 1}, ""ip-172-31-11-132"": {""gesture"": 1, ""pose"": 1}, ""ip-172-31-13-134"": {""gesture"": 1, ""pose"": 1}, ""ip-172-31-14-68"": {""gesture"": 1, ""pose"": 1}, ""ip-172-31-40-239"": {""gesture"": 1, ""pose"": 1}}","{""a5"": {""services"": [""pose"", ""gesture""], ""fps"": {""pose"": 30, ""gesture"": 30}, ""eff_fps"": {""pose"": 30, ""gesture"": 30}, ""latency_ms"": {""pose"": 0, ""gesture"": 0}, ""svclat_ms"": {""pose"": 23.34, ""gesture"": 16.78}}, ""a6"": {""services"": [""pose"", ""gesture""], ""fps"": {""pose"": 30, ""gesture"": 30}, ""eff_fps"": {""pose"": 30, ""gesture"": 30}, ""latency_ms"": {""pose"": 0, ""gesture"": 0}, ""svclat_ms"": {""pose"": 22.71, ""gesture"": 17.26}}, ""a7"": {""services"": [""pose"", ""gesture""], ""fps"": {""pose"": 30, ""gesture"": 30}, ""eff_fps"": {""pose"": 30, ""gesture"": 30}, ""latency_ms"": {""pose"": 0, ""gesture"": 0}, ""svclat_ms"": {""pose"": 20.66, ""gesture"": 18.54}}, ""a8"": {""services"": [""pose"", ""gesture""], ""fps"": {""pose"": 30, ""gesture"": 30}, ""eff_fps"": {""pose"": 30, ""gesture"": 30}, ""latency_ms"": {""pose"": 0, ""gesture"": 0}, ""svclat_ms"": {""pose"": 21.86, ""gesture"": 17.28}}, ""a9"": {""services"": [""pose"", ""gesture""], ""fps"": {""pose"": 30, ""gesture"": 30}, ""eff_fps"": {""pose"": 30, ""gesture"": 30}, ""latency_ms"": {""pose"": 0, ""gesture"": 0}, ""svclat_ms"": {""pose"": 20.0, ""gesture"": 16.23}}, ""a10"": {""services"": [""pose"", ""gesture""], ""fps"": {""pose"": 30, ""gesture"": 30}, ""eff_fps"": {""pose"": 30, ""gesture"": 30}, ""latency_ms"": {""pose"": 0, ""gesture"": 0}, ""svclat_ms"": {""pose"": 20.48, ""gesture"": 15.42}}, ""a11"": {""services"": [""pose"", ""gesture""], ""fps"": {""pose"": 30, ""gesture"": 30}, ""eff_fps"": {""pose"": 30, ""gesture"": 30}, ""latency_ms"": {""pose"": 0, ""gesture"": 0}, ""svclat_ms"": {""pose"": 19.8, ""gesture"": 14.31}}, ""a12"": {""services"": [""pose"", ""gesture""], ""fps"": {""pose"": 30, ""gesture"": 30}, ""eff_fps"": {""pose"": 30, ""gesture"": 30}, ""latency_ms"": {""pose"": 0, ""gesture"": 0}, ""svclat_ms"": {""pose"": 22.0, ""gesture"": 17.58}}, ""a13"": {""services"": [""pose"", ""gesture""], ""fps"": {""pose"": 30, ""gesture"": 30}, ""eff_fps"": {""pose"": 30, ""gesture"": 30}, ""latency_ms"": {""pose"": 0, ""gesture"": 0}, ""svclat_ms"": {""pose"": 24.86, ""gesture"": 22.17}}, ""a14"": {""services"": [""pose"", ""gesture""], ""fps"": {""pose"": 29, ""gesture"": 30}, ""eff_fps"": {""pose"": 29, ""gesture"": 30}, ""latency_ms"": {""pose"": 0, ""gesture"": 0}, ""svclat_ms"": {""pose"": 25.76, ""gesture"": 17.44}}, ""a15"": {""services"": [""pose"", ""gesture""], ""fps"": {""pose"": 30, ""gesture"": 30}, ""eff_fps"": {""pose"": 30, ""gesture"": 30}, ""latency_ms"": {""pose"": 0, ""gesture"": 0}, ""svclat_ms"": {""pose"": 20.88, ""gesture"": 16.08}}}"
135.5,11,11,1.0,0,0,14,14,14,1.0,1190.0,660,0.555,0.0,1.27,0.0,30.0,30.0,0,30.0,30.0,0,0,0,0,22.19,17.2,0,660,"{""ip-172-31-0-204"": ""healthy"", ""ip-172-31-1-171"": ""healthy"", ""ip-172-31-10-12"": ""healthy"", ""ip-172-31-11-132"": ""healthy"", ""ip-172-31-13-134"": ""healthy"", ""ip-172-31-14-68"": ""healthy"", ""ip-172-31-40-239"": ""healthy""}",subscribe,10.3,1.0,0,0,"{""ip-172-31-0-204"": {""pose"": 1, ""gesture"": 1}, ""ip-172-31-1-171"": {""gesture"": 1, ""pose"": 1}, ""ip-172-31-10-12"": {""gesture"": 1, ""pose"": 1}, ""ip-172-31-11-132"": {""gesture"": 1, ""pose"": 1}, ""ip-172-31-13-134"": {""gesture"": 1, ""pose"": 1}, ""ip-172-31-14-68"": {""gesture"": 1, ""pose"": 1}, ""ip-172-31-40-239"": {""gesture"": 1, ""pose"": 1}}","{""a5"": {""services"": [""pose"", ""gesture""], ""fps"": {""pose"": 30, ""gesture"": 30}, ""eff_fps"": {""pose"": 30, ""gesture"": 30}, ""latency_ms"": {""pose"": 0, ""gesture"": 0}, ""svclat_ms"": {""pose"": 24.1, ""gesture"": 16.75}}, ""a6"": {""services"": [""pose"", ""gesture""], ""fps"": {""pose"": 30, ""gesture"": 30}, ""eff_fps"": {""pose"": 30, ""gesture"": 30}, ""latency_ms"": {""pose"": 0, ""gesture"": 0}, ""svclat_ms"": {""pose"": 22.71, ""gesture"": 17.43}}, ""a7"": {""services"": [""pose"", ""gesture""], ""fps"": {""pose"": 30, ""gesture"": 30}, ""eff_fps"": {""pose"": 30, ""gesture"": 30}, ""latency_ms"": {""pose"": 0, ""gesture"": 0}, ""svclat_ms"": {""pose"": 21.1, ""gesture"": 18.02}}, ""a8"": {""services"": [""pose"", ""gesture""], ""fps"": {""pose"": 30, ""gesture"": 30}, ""eff_fps"": {""pose"": 30, ""gesture"": 30}, ""latency_ms"": {""pose"": 0, ""gesture"": 0}, ""svclat_ms"": {""pose"": 21.96, ""gesture"": 17.83}}, ""a9"": {""services"": [""pose"", ""gesture""], ""fps"": {""pose"": 30, ""gesture"": 30}, ""eff_fps"": {""pose"": 30, ""gesture"": 30}, ""latency_ms"": {""pose"": 0, ""gesture"": 0}, ""svclat_ms"": {""pose"": 18.78, ""gesture"": 14.94}}, ""a10"": {""services"": [""pose"", ""gesture""], ""fps"": {""pose"": 30, ""gesture"": 30}, ""eff_fps"": {""pose"": 30, ""gesture"": 30}, ""latency_ms"": {""pose"": 0, ""gesture"": 0}, ""svclat_ms"": {""pose"": 20.91, ""gesture"": 15.48}}, ""a11"": {""services"": [""pose"", ""gesture""], ""fps"": {""pose"": 30, ""gesture"": 30}, ""eff_fps"": {""pose"": 30, ""gesture"": 30}, ""latency_ms"": {""pose"": 0, ""gesture"": 0}, ""svclat_ms"": {""pose"": 20.42, ""gesture"": 15.09}}, ""a12"": {""services"": [""pose"", ""gesture""], ""fps"": {""pose"": 30, ""gesture"": 30}, ""eff_fps"": {""pose"": 30, ""gesture"": 30}, ""latency_ms"": {""pose"": 0, ""gesture"": 0}, ""svclat_ms"": {""pose"": 22.04, ""gesture"": 17.3}}, ""a13"": {""services"": [""pose"", ""gesture""], ""fps"": {""pose"": 30, ""gesture"": 30}, ""eff_fps"": {""pose"": 30, ""gesture"": 30}, ""latency_ms"": {""pose"": 0, ""gesture"": 0}, ""svclat_ms"": {""pose"": 24.38, ""gesture"": 21.94}}, ""a14"": {""services"": [""pose"", ""gesture""], ""fps"": {""pose"": 30, ""gesture"": 30}, ""eff_fps"": {""pose"": 30, ""gesture"": 30}, ""latency_ms"": {""pose"": 0, ""gesture"": 0}, ""svclat_ms"": {""pose"": 25.3, ""gesture"": 17.64}}, ""a15"": {""services"": [""pose"", ""gesture""], ""fps"": {""pose"": 30, ""gesture"": 30}, ""eff_fps"": {""pose"": 30, ""gesture"": 30}, ""latency_ms"": {""pose"": 0, ""gesture"": 0}, ""svclat_ms"": {""pose"": 22.35, ""gesture"": 16.8}}}"
137.9,11,11,1.0,0,0,14,14,14,1.0,1190.0,660,0.555,0.0,1.27,0.0,30.0,30.0,0,30.0,30.0,0,0,0,0,21.83,16.99,0,660,"{""ip-172-31-0-204"": ""healthy"", ""ip-172-31-1-171"": ""healthy"", ""ip-172-31-10-12"": ""healthy"", ""ip-172-31-11-132"": ""healthy"", ""ip-172-31-13-134"": ""healthy"", ""ip-172-31-14-68"": ""healthy"", ""ip-172-31-40-239"": ""healthy""}",subscribe,10.3,1.0,0,0,"{""ip-172-31-0-204"": {""pose"": 1, ""gesture"": 1}, ""ip-172-31-1-171"": {""gesture"": 1, ""pose"": 1}, ""ip-172-31-10-12"": {""gesture"": 1, ""pose"": 1}, ""ip-172-31-11-132"": {""gesture"": 1, ""pose"": 1}, ""ip-172-31-13-134"": {""gesture"": 1, ""pose"": 1}, ""ip-172-31-14-68"": {""gesture"": 1, ""pose"": 1}, ""ip-172-31-40-239"": {""gesture"": 1, ""pose"": 1}}","{""a5"": {""services"": [""pose"", ""gesture""], ""fps"": {""pose"": 30, ""gesture"": 30}, ""eff_fps"": {""pose"": 30, ""gesture"": 30}, ""latency_ms"": {""pose"": 0, ""gesture"": 0}, ""svclat_ms"": {""pose"": 22.96, ""gesture"": 16.83}}, ""a6"": {""services"": [""pose"", ""gesture""], ""fps"": {""pose"": 30, ""gesture"": 30}, ""eff_fps"": {""pose"": 30, ""gesture"": 30}, ""latency_ms"": {""pose"": 0, ""gesture"": 0}, ""svclat_ms"": {""pose"": 22.82, ""gesture"": 16.46}}, ""a7"": {""services"": [""pose"", ""gesture""], ""fps"": {""pose"": 30, ""gesture"": 30}, ""eff_fps"": {""pose"": 30, ""gesture"": 30}, ""latency_ms"": {""pose"": 0, ""gesture"": 0}, ""svclat_ms"": {""pose"": 20.34, ""gesture"": 18.0}}, ""a8"": {""services"": [""pose"", ""gesture""], ""fps"": {""pose"": 30, ""gesture"": 30}, ""eff_fps"": {""pose"": 30, ""gesture"": 30}, ""latency_ms"": {""pose"": 0, ""gesture"": 0}, ""svclat_ms"": {""pose"": 21.76, ""gesture"": 17.75}}, ""a9"": {""services"": [""pose"", ""gesture""], ""fps"": {""pose"": 30, ""gesture"": 30}, ""eff_fps"": {""pose"": 30, ""gesture"": 30}, ""latency_ms"": {""pose"": 0, ""gesture"": 0}, ""svclat_ms"": {""pose"": 18.68, ""gesture"": 14.86}}, ""a10"": {""services"": [""pose"", ""gesture""], ""fps"": {""pose"": 30, ""gesture"": 30}, ""eff_fps"": {""pose"": 30, ""gesture"": 30}, ""latency_ms"": {""pose"": 0, ""gesture"": 0}, ""svclat_ms"": {""pose"": 20.88, ""gesture"": 15.54}}, ""a11"": {""services"": [""pose"", ""gesture""], ""fps"": {""pose"": 30, ""gesture"": 30}, ""eff_fps"": {""pose"": 30, ""gesture"": 30}, ""latency_ms"": {""pose"": 0, ""gesture"": 0}, ""svclat_ms"": {""pose"": 19.98, ""gesture"": 14.42}}, ""a12"": {""services"": [""pose"", ""gesture""], ""fps"": {""pose"": 30, ""gesture"": 30}, ""eff_fps"": {""pose"": 30, ""gesture"": 30}, ""latency_ms"": {""pose"": 0, ""gesture"": 0}, ""svclat_ms"": {""pose"": 21.71, ""gesture"": 17.0}}, ""a13"": {""services"": [""pose"", ""gesture""], ""fps"": {""pose"": 30, ""gesture"": 30}, ""eff_fps"": {""pose"": 30, ""gesture"": 30}, ""latency_ms"": {""pose"": 0, ""gesture"": 0}, ""svclat_ms"": {""pose"": 24.0, ""gesture"": 22.01}}, ""a14"": {""services"": [""pose"", ""gesture""], ""fps"": {""pose"": 30, ""gesture"": 30}, ""eff_fps"": {""pose"": 30, ""gesture"": 30}, ""latency_ms"": {""pose"": 0, ""gesture"": 0}, ""svclat_ms"": {""pose"": 25.18, ""gesture"": 17.48}}, ""a15"": {""services"": [""pose"", ""gesture""], ""fps"": {""pose"": 30, ""gesture"": 30}, ""eff_fps"": {""pose"": 30, ""gesture"": 30}, ""latency_ms"": {""pose"": 0, ""gesture"": 0}, ""svclat_ms"": {""pose"": 21.81, ""gesture"": 16.59}}}"
140.3,10,11,1.1,0,0,14,14,14,1.0,1190.0,660,0.555,0.0,1.4,0.0,29.62,29.88,0,29.5,29.88,0,0,0,0,21.17,15.91,0,476,"{""ip-172-31-0-204"": ""healthy"", ""ip-172-31-1-171"": ""healthy"", ""ip-172-31-10-12"": ""healthy"", ""ip-172-31-11-132"": ""healthy"", ""ip-172-31-13-134"": ""healthy"", ""ip-172-31-14-68"": ""healthy"", ""ip-172-31-40-239"": ""healthy""}",subscribe,10.3,1.0,0,0,"{""ip-172-31-0-204"": {""pose"": 1, ""gesture"": 1}, ""ip-172-31-1-171"": {""gesture"": 1, ""pose"": 1}, ""ip-172-31-10-12"": {""gesture"": 1, ""pose"": 1}, ""ip-172-31-11-132"": {""gesture"": 1, ""pose"": 1}, ""ip-172-31-13-134"": {""gesture"": 1, ""pose"": 1}, ""ip-172-31-14-68"": {""gesture"": 1, ""pose"": 1}, ""ip-172-31-40-239"": {""gesture"": 1, ""pose"": 1}}","{""a8"": {""services"": [""pose"", ""gesture""], ""fps"": {""pose"": 30, ""gesture"": 30}, ""eff_fps"": {""pose"": 30, ""gesture"": 30}, ""latency_ms"": {""pose"": 0, ""gesture"": 0}, ""svclat_ms"": {""pose"": 20.81, ""gesture"": 16.94}}, ""a9"": {""services"": [""pose"", ""gesture""], ""fps"": {""pose"": 30, ""gesture"": 30}, ""eff_fps"": {""pose"": 30, ""gesture"": 30}, ""latency_ms"": {""pose"": 0, ""gesture"": 0}, ""svclat_ms"": {""pose"": 20.42, ""gesture"": 14.8}}, ""a10"": {""services"": [""pose"", ""gesture""], ""fps"": {""pose"": 30, ""gesture"": 30}, ""eff_fps"": {""pose"": 30, ""gesture"": 30}, ""latency_ms"": {""pose"": 0, ""gesture"": 0}, ""svclat_ms"": {""pose"": 21.08, ""gesture"": 15.42}}, ""a11"": {""services"": [""pose"", ""gesture""], ""fps"": {""pose"": 29, ""gesture"": 29}, ""eff_fps"": {""pose"": 29, ""gesture"": 29}, ""latency_ms"": {""pose"": 0, ""gesture"": 0}, ""svclat_ms"": {""pose"": 19.2, ""gesture"": 15.39}}, ""a12"": {""services"": [""pose"", ""gesture""], ""fps"": {""pose"": 30, ""gesture"": 30}, ""eff_fps"": {""pose"": 30, ""gesture"": 30}, ""latency_ms"": {""pose"": 0, ""gesture"": 0}, ""svclat_ms"": {""pose"": 21.53, ""gesture"": 16.14}}, ""a13"": {""services"": [""pose"", ""gesture""], ""fps"": {""pose"": 30, ""gesture"": 30}, ""eff_fps"": {""pose"": 30, ""gesture"": 30}, ""latency_ms"": {""pose"": 0, ""gesture"": 0}, ""svclat_ms"": {""pose"": 21.25, ""gesture"": 15.65}}, ""a14"": {""services"": [""pose"", ""gesture""], ""fps"": {""pose"": 30, ""gesture"": 30}, ""eff_fps"": {""pose"": 30, ""gesture"": 30}, ""latency_ms"": {""pose"": 0, ""gesture"": 0}, ""svclat_ms"": {""pose"": 20.33, ""gesture"": 15.88}}, ""a15"": {""services"": [""pose"", ""gesture""], ""fps"": {""pose"": 28, ""gesture"": 30}, ""eff_fps"": {""pose"": 27, ""gesture"": 30}, ""latency_ms"": {""pose"": 0, ""gesture"": 0}, ""svclat_ms"": {""pose"": 24.77, ""gesture"": 17.06}}}"
145.0,8,10,1.25,0,0,14,14,14,1.0,1190.0,600,0.504,0.0,1.75,0.0,30.0,30.0,0,30.0,30.0,0,0,0,0,21.11,15.92,0,480,"{""ip-172-31-0-204"": ""healthy"", ""ip-172-31-1-171"": ""healthy"", ""ip-172-31-10-12"": ""healthy"", ""ip-172-31-11-132"": ""healthy"", ""ip-172-31-13-134"": ""healthy"", ""ip-172-31-14-68"": ""healthy"", ""ip-172-31-40-239"": ""healthy""}",unsubscribe,13.0,1.0,0,0,"{""ip-172-31-0-204"": {""pose"": 1, ""gesture"": 1}, ""ip-172-31-1-171"": {""gesture"": 1, ""pose"": 1}, ""ip-172-31-10-12"": {""gesture"": 1, ""pose"": 1}, ""ip-172-31-11-132"": {""gesture"": 1, ""pose"": 1}, ""ip-172-31-13-134"": {""gesture"": 1, ""pose"": 1}, ""ip-172-31-14-68"": {""gesture"": 1, ""pose"": 1}, ""ip-172-31-40-239"": {""gesture"": 1, ""pose"": 1}}","{""a8"": {""services"": [""pose"", ""gesture""], ""fps"": {""pose"": 30, ""gesture"": 30}, ""eff_fps"": {""pose"": 30, ""gesture"": 30}, ""latency_ms"": {""pose"": 0, ""gesture"": 0}, ""svclat_ms"": {""pose"": 24.8, ""gesture"": 18.32}}, ""a9"": {""services"": [""pose"", ""gesture""], ""fps"": {""pose"": 30, ""gesture"": 30}, ""eff_fps"": {""pose"": 30, ""gesture"": 30}, ""latency_ms"": {""pose"": 0, ""gesture"": 0}, ""svclat_ms"": {""pose"": 18.78, ""gesture"": 14.86}}, ""a10"": {""services"": [""pose"", ""gesture""], ""fps"": {""pose"": 30, ""gesture"": 30}, ""eff_fps"": {""pose"": 30, ""gesture"": 30}, ""latency_ms"": {""pose"": 0, ""gesture"": 0}, ""svclat_ms"": {""pose"": 19.98, ""gesture"": 15.48}}, ""a11"": {""services"": [""pose"", ""gesture""], ""fps"": {""pose"": 30, ""gesture"": 30}, ""eff_fps"": {""pose"": 30, ""gesture"": 30}, ""latency_ms"": {""pose"": 0, ""gesture"": 0}, ""svclat_ms"": {""pose"": 20.45, ""gesture"": 14.96}}, ""a12"": {""services"": [""pose"", ""gesture""], ""fps"": {""pose"": 30, ""gesture"": 30}, ""eff_fps"": {""pose"": 30, ""gesture"": 30}, ""latency_ms"": {""pose"": 0, ""gesture"": 0}, ""svclat_ms"": {""pose"": 18.79, ""gesture"": 15.4}}, ""a13"": {""services"": [""pose"", ""gesture""], ""fps"": {""pose"": 30, ""gesture"": 30}, ""eff_fps"": {""pose"": 30, ""gesture"": 30}, ""latency_ms"": {""pose"": 0, ""gesture"": 0}, ""svclat_ms"": {""pose"": 21.27, ""gesture"": 15.36}}, ""a14"": {""services"": [""pose"", ""gesture""], ""fps"": {""pose"": 30, ""gesture"": 30}, ""eff_fps"": {""pose"": 30, ""gesture"": 30}, ""latency_ms"": {""pose"": 0, ""gesture"": 0}, ""svclat_ms"": {""pose"": 21.85, ""gesture"": 16.55}}, ""a15"": {""services"": [""pose"", ""gesture""], ""fps"": {""pose"": 30, ""gesture"": 30}, ""eff_fps"": {""pose"": 30, ""gesture"": 30}, ""latency_ms"": {""pose"": 0, ""gesture"": 0}, ""svclat_ms"": {""pose"": 22.96, ""gesture"": 16.44}}}"
148.5,8,8,1.0,0,0,14,14,14,1.0,1190.0,480,0.403,0.0,1.75,0.0,30.0,30.0,0,30.0,30.0,0,0,0,0,20.62,15.74,0,480,"{""ip-172-31-0-204"": ""healthy"", ""ip-172-31-1-171"": ""healthy"", ""ip-172-31-10-12"": ""healthy"", ""ip-172-31-11-132"": ""healthy"", ""ip-172-31-13-134"": ""healthy"", ""ip-172-31-14-68"": ""healthy"", ""ip-172-31-40-239"": ""healthy""}",unsubscribe,12.7,1.0,0,0,"{""ip-172-31-0-204"": {""pose"": 1, ""gesture"": 1}, ""ip-172-31-1-171"": {""gesture"": 1, ""pose"": 1}, ""ip-172-31-10-12"": {""gesture"": 1, ""pose"": 1}, ""ip-172-31-11-132"": {""gesture"": 1, ""pose"": 1}, ""ip-172-31-13-134"": {""gesture"": 1, ""pose"": 1}, ""ip-172-31-14-68"": {""gesture"": 1, ""pose"": 1}, ""ip-172-31-40-239"": {""gesture"": 1, ""pose"": 1}}","{""a8"": {""services"": [""pose"", ""gesture""], ""fps"": {""pose"": 30, ""gesture"": 30}, ""eff_fps"": {""pose"": 30, ""gesture"": 30}, ""latency_ms"": {""pose"": 0, ""gesture"": 0}, ""svclat_ms"": {""pose"": 23.77, ""gesture"": 17.03}}, ""a9"": {""services"": [""pose"", ""gesture""], ""fps"": {""pose"": 30, ""gesture"": 30}, ""eff_fps"": {""pose"": 30, ""gesture"": 30}, ""latency_ms"": {""pose"": 0, ""gesture"": 0}, ""svclat_ms"": {""pose"": 18.71, ""gesture"": 14.97}}, ""a10"": {""services"": [""pose"", ""gesture""], ""fps"": {""pose"": 30, ""gesture"": 30}, ""eff_fps"": {""pose"": 30, ""gesture"": 30}, ""latency_ms"": {""pose"": 0, ""gesture"": 0}, ""svclat_ms"": {""pose"": 20.39, ""gesture"": 15.77}}, ""a11"": {""services"": [""pose"", ""gesture""], ""fps"": {""pose"": 30, ""gesture"": 30}, ""eff_fps"": {""pose"": 30, ""gesture"": 30}, ""latency_ms"": {""pose"": 0, ""gesture"": 0}, ""svclat_ms"": {""pose"": 20.08, ""gesture"": 14.93}}, ""a12"": {""services"": [""pose"", ""gesture""], ""fps"": {""pose"": 30, ""gesture"": 30}, ""eff_fps"": {""pose"": 30, ""gesture"": 30}, ""latency_ms"": {""pose"": 0, ""gesture"": 0}, ""svclat_ms"": {""pose"": 18.62, ""gesture"": 15.44}}, ""a13"": {""services"": [""pose"", ""gesture""], ""fps"": {""pose"": 30, ""gesture"": 30}, ""eff_fps"": {""pose"": 30, ""gesture"": 30}, ""latency_ms"": {""pose"": 0, ""gesture"": 0}, ""svclat_ms"": {""pose"": 20.34, ""gesture"": 15.07}}, ""a14"": {""services"": [""pose"", ""gesture""], ""fps"": {""pose"": 30, ""gesture"": 30}, ""eff_fps"": {""pose"": 30, ""gesture"": 30}, ""latency_ms"": {""pose"": 0, ""gesture"": 0}, ""svclat_ms"": {""pose"": 21.11, ""gesture"": 15.89}}, ""a15"": {""services"": [""pose"", ""gesture""], ""fps"": {""pose"": 30, ""gesture"": 30}, ""eff_fps"": {""pose"": 30, ""gesture"": 30}, ""latency_ms"": {""pose"": 0, ""gesture"": 0}, ""svclat_ms"": {""pose"": 21.92, ""gesture"": 16.85}}}"
150.9,8,8,1.0,0,0,14,14,14,1.0,1190.0,480,0.403,0.0,1.75,0.0,29.88,30.0,0,29.88,30.0,0,0,0,0,20.8,15.93,0,479,"{""ip-172-31-0-204"": ""healthy"", ""ip-172-31-1-171"": ""healthy"", ""ip-172-31-10-12"": ""healthy"", ""ip-172-31-11-132"": ""healthy"", ""ip-172-31-13-134"": ""healthy"", ""ip-172-31-14-68"": ""healthy"", ""ip-172-31-40-239"": ""healthy""}",unsubscribe,12.7,1.0,0,0,"{""ip-172-31-0-204"": {""pose"": 1, ""gesture"": 1}, ""ip-172-31-1-171"": {""gesture"": 1, ""pose"": 1}, ""ip-172-31-10-12"": {""gesture"": 1, ""pose"": 1}, ""ip-172-31-11-132"": {""gesture"": 1, ""pose"": 1}, ""ip-172-31-13-134"": {""gesture"": 1, ""pose"": 1}, ""ip-172-31-14-68"": {""gesture"": 1, ""pose"": 1}, ""ip-172-31-40-239"": {""gesture"": 1, ""pose"": 1}}","{""a8"": {""services"": [""pose"", ""gesture""], ""fps"": {""pose"": 30, ""gesture"": 30}, ""eff_fps"": {""pose"": 30, ""gesture"": 30}, ""latency_ms"": {""pose"": 0, ""gesture"": 0}, ""svclat_ms"": {""pose"": 24.42, ""gesture"": 18.45}}, ""a9"": {""services"": [""pose"", ""gesture""], ""fps"": {""pose"": 30, ""gesture"": 30}, ""eff_fps"": {""pose"": 30, ""gesture"": 30}, ""latency_ms"": {""pose"": 0, ""gesture"": 0}, ""svclat_ms"": {""pose"": 18.92, ""gesture"": 15.02}}, ""a10"": {""services"": [""pose"", ""gesture""], ""fps"": {""pose"": 30, ""gesture"": 30}, ""eff_fps"": {""pose"": 30, ""gesture"": 30}, ""latency_ms"": {""pose"": 0, ""gesture"": 0}, ""svclat_ms"": {""pose"": 20.19, ""gesture"": 15.5}}, ""a11"": {""services"": [""pose"", ""gesture""], ""fps"": {""pose"": 30, ""gesture"": 30}, ""eff_fps"": {""pose"": 30, ""gesture"": 30}, ""latency_ms"": {""pose"": 0, ""gesture"": 0}, ""svclat_ms"": {""pose"": 20.12, ""gesture"": 14.75}}, ""a12"": {""services"": [""pose"", ""gesture""], ""fps"": {""pose"": 30, ""gesture"": 30}, ""eff_fps"": {""pose"": 30, ""gesture"": 30}, ""latency_ms"": {""pose"": 0, ""gesture"": 0}, ""svclat_ms"": {""pose"": 19.61, ""gesture"": 16.16}}, ""a13"": {""services"": [""pose"", ""gesture""], ""fps"": {""pose"": 30, ""gesture"": 30}, ""eff_fps"": {""pose"": 30, ""gesture"": 30}, ""latency_ms"": {""pose"": 0, ""gesture"": 0}, ""svclat_ms"": {""pose"": 20.8, ""gesture"": 15.49}}, ""a14"": {""services"": [""pose"", ""gesture""], ""fps"": {""pose"": 30, ""gesture"": 30}, ""eff_fps"": {""pose"": 30, ""gesture"": 30}, ""latency_ms"": {""pose"": 0, ""gesture"": 0}, ""svclat_ms"": {""pose"": 19.85, ""gesture"": 14.8}}, ""a15"": {""services"": [""pose"", ""gesture""], ""fps"": {""pose"": 29, ""gesture"": 30}, ""eff_fps"": {""pose"": 29, ""gesture"": 30}, ""latency_ms"": {""pose"": 0, ""gesture"": 0}, ""svclat_ms"": {""pose"": 22.49, ""gesture"": 17.3}}, ""b1"": {""services"": [""pose"", ""object""], ""fps"": {""pose"": 0, ""object"": 0}, ""eff_fps"": {""pose"": 0, ""object"": 0}, ""latency_ms"": {""pose"": 0, ""object"": 0}, ""svclat_ms"": {""pose"": 0.0, ""object"": 0.0}}}"
153.3,8,8,1.0,0,0,14,14,14,1.0,1190.0,480,0.403,0.0,1.75,0.0,30.0,30.0,0,30.0,30.0,0,0,0,0,20.74,15.93,0,480,"{""ip-172-31-0-204"": ""healthy"", ""ip-172-31-1-171"": ""healthy"", ""ip-172-31-10-12"": ""healthy"", ""ip-172-31-11-132"": ""healthy"", ""ip-172-31-13-134"": ""healthy"", ""ip-172-31-14-68"": ""healthy"", ""ip-172-31-40-239"": ""healthy""}",unsubscribe,12.7,1.0,0,0,"{""ip-172-31-0-204"": {""pose"": 1, ""gesture"": 1}, ""ip-172-31-1-171"": {""gesture"": 1, ""pose"": 1}, ""ip-172-31-10-12"": {""gesture"": 1, ""pose"": 1}, ""ip-172-31-11-132"": {""gesture"": 1, ""pose"": 1}, ""ip-172-31-13-134"": {""gesture"": 1, ""pose"": 1}, ""ip-172-31-14-68"": {""gesture"": 1, ""pose"": 1}, ""ip-172-31-40-239"": {""gesture"": 1, ""pose"": 1}}","{""a8"": {""services"": [""pose"", ""gesture""], ""fps"": {""pose"": 30, ""gesture"": 30}, ""eff_fps"": {""pose"": 30, ""gesture"": 30}, ""latency_ms"": {""pose"": 0, ""gesture"": 0}, ""svclat_ms"": {""pose"": 22.77, ""gesture"": 17.03}}, ""a9"": {""services"": [""pose"", ""gesture""], ""fps"": {""pose"": 30, ""gesture"": 30}, ""eff_fps"": {""pose"": 30, ""gesture"": 30}, ""latency_ms"": {""pose"": 0, ""gesture"": 0}, ""svclat_ms"": {""pose"": 19.35, ""gesture"": 15.55}}, ""a10"": {""services"": [""pose"", ""gesture""], ""fps"": {""pose"": 30, ""gesture"": 30}, ""eff_fps"": {""pose"": 30, ""gesture"": 30}, ""latency_ms"": {""pose"": 0, ""gesture"": 0}, ""svclat_ms"": {""pose"": 20.19, ""gesture"": 15.43}}, ""a11"": {""services"": [""pose"", ""gesture""], ""fps"": {""pose"": 30, ""gesture"": 30}, ""eff_fps"": {""pose"": 30, ""gesture"": 30}, ""latency_ms"": {""pose"": 0, ""gesture"": 0}, ""svclat_ms"": {""pose"": 20.06, ""gesture"": 14.57}}, ""a12"": {""services"": [""pose"", ""gesture""], ""fps"": {""pose"": 30, ""gesture"": 30}, ""eff_fps"": {""pose"": 30, ""gesture"": 30}, ""latency_ms"": {""pose"": 0, ""gesture"": 0}, ""svclat_ms"": {""pose"": 20.43, ""gesture"": 17.11}}, ""a13"": {""services"": [""pose"", ""gesture""], ""fps"": {""pose"": 30, ""gesture"": 30}, ""eff_fps"": {""pose"": 30, ""gesture"": 30}, ""latency_ms"": {""pose"": 0, ""gesture"": 0}, ""svclat_ms"": {""pose"": 21.13, ""gesture"": 15.57}}, ""a14"": {""services"": [""pose"", ""gesture""], ""fps"": {""pose"": 30, ""gesture"": 30}, ""eff_fps"": {""pose"": 30, ""gesture"": 30}, ""latency_ms"": {""pose"": 0, ""gesture"": 0}, ""svclat_ms"": {""pose"": 19.94, ""gesture"": 14.78}}, ""a15"": {""services"": [""pose"", ""gesture""], ""fps"": {""pose"": 30, ""gesture"": 30}, ""eff_fps"": {""pose"": 30, ""gesture"": 30}, ""latency_ms"": {""pose"": 0, ""gesture"": 0}, ""svclat_ms"": {""pose"": 22.03, ""gesture"": 17.38}}, ""b1"": {""services"": [""pose"", ""object""], ""fps"": {""pose"": 0, ""object"": 0}, ""eff_fps"": {""pose"": 0, ""object"": 0}, ""latency_ms"": {""pose"": 0, ""object"": 0}, ""svclat_ms"": {""pose"": 0.0, ""object"": 0.0}}}"
155.7,9,8,0.889,0,0,14,14,14,1.0,1190.0,480,0.403,0.0,1.75,0.0,30.0,30.12,0,30.0,30.12,0,0,0,0,21.01,15.92,0,481,"{""ip-172-31-0-204"": ""healthy"", ""ip-172-31-1-171"": ""healthy"", ""ip-172-31-10-12"": ""healthy"", ""ip-172-31-11-132"": ""healthy"", ""ip-172-31-13-134"": ""healthy"", ""ip-172-31-14-68"": ""healthy"", ""ip-172-31-40-239"": ""healthy""}",unsubscribe,12.7,1.0,0,0,"{""ip-172-31-0-204"": {""pose"": 1, ""gesture"": 1}, ""ip-172-31-1-171"": {""gesture"": 1, ""pose"": 1}, ""ip-172-31-10-12"": {""gesture"": 1, ""pose"": 1}, ""ip-172-31-11-132"": {""gesture"": 1, ""pose"": 1}, ""ip-172-31-13-134"": {""gesture"": 1, ""pose"": 1}, ""ip-172-31-14-68"": {""gesture"": 1, ""pose"": 1}, ""ip-172-31-40-239"": {""gesture"": 1, ""pose"": 1}}","{""a8"": {""services"": [""pose"", ""gesture""], ""fps"": {""pose"": 30, ""gesture"": 30}, ""eff_fps"": {""pose"": 30, ""gesture"": 30}, ""latency_ms"": {""pose"": 0, ""gesture"": 0}, ""svclat_ms"": {""pose"": 23.43, ""gesture"": 17.21}}, ""a9"": {""services"": [""pose"", ""gesture""], ""fps"": {""pose"": 30, ""gesture"": 31}, ""eff_fps"": {""pose"": 30, ""gesture"": 31}, ""latency_ms"": {""pose"": 0, ""gesture"": 0}, ""svclat_ms"": {""pose"": 19.34, ""gesture"": 16.64}}, ""a10"": {""services"": [""pose"", ""gesture""], ""fps"": {""pose"": 30, ""gesture"": 30}, ""eff_fps"": {""pose"": 30, ""gesture"": 30}, ""latency_ms"": {""pose"": 0, ""gesture"": 0}, ""svclat_ms"": {""pose"": 19.79, ""gesture"": 15.21}}, ""a11"": {""services"": [""pose"", ""gesture""], ""fps"": {""pose"": 30, ""gesture"": 30}, ""eff_fps"": {""pose"": 30, ""gesture"": 30}, ""latency_ms"": {""pose"": 0, ""gesture"": 0}, ""svclat_ms"": {""pose"": 20.03, ""gesture"": 14.57}}, ""a12"": {""services"": [""pose"", ""gesture""], ""fps"": {""pose"": 30, ""gesture"": 30}, ""eff_fps"": {""pose"": 30, ""gesture"": 30}, ""latency_ms"": {""pose"": 0, ""gesture"": 0}, ""svclat_ms"": {""pose"": 21.84, ""gesture"": 18.25}}, ""a13"": {""services"": [""pose"", ""gesture""], ""fps"": {""pose"": 30, ""gesture"": 30}, ""eff_fps"": {""pose"": 30, ""gesture"": 30}, ""latency_ms"": {""pose"": 0, ""gesture"": 0}, ""svclat_ms"": {""pose"": 20.68, ""gesture"": 14.74}}, ""a14"": {""services"": [""pose"", ""gesture""], ""fps"": {""pose"": 30, ""gesture"": 30}, ""eff_fps"": {""pose"": 30, ""gesture"": 30}, ""latency_ms"": {""pose"": 0, ""gesture"": 0}, ""svclat_ms"": {""pose"": 20.33, ""gesture"": 14.62}}, ""a15"": {""services"": [""pose"", ""gesture""], ""fps"": {""pose"": 30, ""gesture"": 30}, ""eff_fps"": {""pose"": 30, ""gesture"": 30}, ""latency_ms"": {""pose"": 0, ""gesture"": 0}, ""svclat_ms"": {""pose"": 22.66, ""gesture"": 16.15}}, ""b1"": {""services"": [""pose"", ""object""], ""fps"": {""pose"": 0, ""object"": 0}, ""eff_fps"": {""pose"": 0, ""object"": 0}, ""latency_ms"": {""pose"": 0, ""object"": 0}, ""svclat_ms"": {""pose"": 0.0, ""object"": 0.0}}, ""b2"": {""services"": [""pose"", ""object""], ""fps"": {""pose"": 0, ""object"": 0}, ""eff_fps"": {""pose"": 0, ""object"": 0}, ""latency_ms"": {""pose"": 0, ""object"": 0}, ""svclat_ms"": {""pose"": 0.0, ""object"": 0.0}}}"
158.2,9,8,0.889,0,0,14,14,14,1.0,1190.0,480,0.403,0.0,1.75,0.0,30.0,30.0,0,30.0,30.0,0,0,0,0,21.03,16.04,0,480,"{""ip-172-31-0-204"": ""healthy"", ""ip-172-31-1-171"": ""healthy"", ""ip-172-31-10-12"": ""healthy"", ""ip-172-31-11-132"": ""healthy"", ""ip-172-31-13-134"": ""healthy"", ""ip-172-31-14-68"": ""healthy"", ""ip-172-31-40-239"": ""healthy""}",unsubscribe,12.7,1.0,0,0,"{""ip-172-31-0-204"": {""pose"": 1, ""gesture"": 1}, ""ip-172-31-1-171"": {""gesture"": 1, ""pose"": 1}, ""ip-172-31-10-12"": {""gesture"": 1, ""pose"": 1}, ""ip-172-31-11-132"": {""gesture"": 1, ""pose"": 1}, ""ip-172-31-13-134"": {""gesture"": 1, ""pose"": 1}, ""ip-172-31-14-68"": {""gesture"": 1, ""pose"": 1}, ""ip-172-31-40-239"": {""gesture"": 1, ""pose"": 1}}","{""a8"": {""services"": [""pose"", ""gesture""], ""fps"": {""pose"": 30, ""gesture"": 30}, ""eff_fps"": {""pose"": 30, ""gesture"": 30}, ""latency_ms"": {""pose"": 0, ""gesture"": 0}, ""svclat_ms"": {""pose"": 24.38, ""gesture"": 18.08}}, ""a9"": {""services"": [""pose"", ""gesture""], ""fps"": {""pose"": 30, ""gesture"": 30}, ""eff_fps"": {""pose"": 30, ""gesture"": 30}, ""latency_ms"": {""pose"": 0, ""gesture"": 0}, ""svclat_ms"": {""pose"": 19.8, ""gesture"": 16.01}}, ""a10"": {""services"": [""pose"", ""gesture""], ""fps"": {""pose"": 30, ""gesture"": 30}, ""eff_fps"": {""pose"": 30, ""gesture"": 30}, ""latency_ms"": {""pose"": 0, ""gesture"": 0}, ""svclat_ms"": {""pose"": 20.3, ""gesture"": 15.42}}, ""a11"": {""services"": [""pose"", ""gesture""], ""fps"": {""pose"": 30, ""gesture"": 30}, ""eff_fps"": {""pose"": 30, ""gesture"": 30}, ""latency_ms"": {""pose"": 0, ""gesture"": 0}, ""svclat_ms"": {""pose"": 20.05, ""gesture"": 14.5}}, ""a12"": {""services"": [""pose"", ""gesture""], ""fps"": {""pose"": 30, ""gesture"": 30}, ""eff_fps"": {""pose"": 30, ""gesture"": 30}, ""latency_ms"": {""pose"": 0, ""gesture"": 0}, ""svclat_ms"": {""pose"": 18.62, ""gesture"": 15.36}}, ""a13"": {""services"": [""pose"", ""gesture""], ""fps"": {""pose"": 30, ""gesture"": 30}, ""eff_fps"": {""pose"": 30, ""gesture"": 30}, ""latency_ms"": {""pose"": 0, ""gesture"": 0}, ""svclat_ms"": {""pose"": 20.55, ""gesture"": 14.7}}, ""a14"": {""services"": [""pose"", ""gesture""], ""fps"": {""pose"": 30, ""gesture"": 30}, ""eff_fps"": {""pose"": 30, ""gesture"": 30}, ""latency_ms"": {""pose"": 0, ""gesture"": 0}, ""svclat_ms"": {""pose"": 22.44, ""gesture"": 17.19}}, ""a15"": {""services"": [""pose"", ""gesture""], ""fps"": {""pose"": 30, ""gesture"": 30}, ""eff_fps"": {""pose"": 30, ""gesture"": 30}, ""latency_ms"": {""pose"": 0, ""gesture"": 0}, ""svclat_ms"": {""pose"": 22.06, ""gesture"": 17.08}}, ""b1"": {""services"": [""pose"", ""object""], ""fps"": {""pose"": 0, ""object"": 0}, ""eff_fps"": {""pose"": 0, ""object"": 0}, ""latency_ms"": {""pose"": 0, ""object"": 0}, ""svclat_ms"": {""pose"": 0.0, ""object"": 0.0}}, ""b2"": {""services"": [""pose"", ""object""], ""fps"": {""pose"": 0, ""object"": 0}, ""eff_fps"": {""pose"": 0, ""object"": 0}, ""latency_ms"": {""pose"": 0, ""object"": 0}, ""svclat_ms"": {""pose"": 0.0, ""object"": 0.0}}}"
160.6,9,8,0.889,0,0,14,14,14,1.0,1190.0,480,0.403,0.0,1.75,0.0,30.0,30.0,0,30.0,30.0,0,0,0,0,20.72,15.71,0,480,"{""ip-172-31-0-204"": ""healthy"", ""ip-172-31-1-171"": ""healthy"", ""ip-172-31-10-12"": ""healthy"", ""ip-172-31-11-132"": ""healthy"", ""ip-172-31-13-134"": ""healthy"", ""ip-172-31-14-68"": ""healthy"", ""ip-172-31-40-239"": ""healthy""}",unsubscribe,12.7,1.0,0,0,"{""ip-172-31-0-204"": {""pose"": 1, ""gesture"": 1}, ""ip-172-31-1-171"": {""gesture"": 1, ""pose"": 1}, ""ip-172-31-10-12"": {""gesture"": 1, ""pose"": 1}, ""ip-172-31-11-132"": {""gesture"": 1, ""pose"": 1}, ""ip-172-31-13-134"": {""gesture"": 1, ""pose"": 1}, ""ip-172-31-14-68"": {""gesture"": 1, ""pose"": 1}, ""ip-172-31-40-239"": {""gesture"": 1, ""pose"": 1}}","{""a8"": {""services"": [""pose"", ""gesture""], ""fps"": {""pose"": 30, ""gesture"": 30}, ""eff_fps"": {""pose"": 30, ""gesture"": 30}, ""latency_ms"": {""pose"": 0, ""gesture"": 0}, ""svclat_ms"": {""pose"": 25.39, ""gesture"": 18.33}}, ""a9"": {""services"": [""pose"", ""gesture""], ""fps"": {""pose"": 30, ""gesture"": 30}, ""eff_fps"": {""pose"": 30, ""gesture"": 30}, ""latency_ms"": {""pose"": 0, ""gesture"": 0}, ""svclat_ms"": {""pose"": 19.03, ""gesture"": 15.14}}, ""a10"": {""services"": [""pose"", ""gesture""], ""fps"": {""pose"": 30, ""gesture"": 30}, ""eff_fps"": {""pose"": 30, ""gesture"": 30}, ""latency_ms"": {""pose"": 0, ""gesture"": 0}, ""svclat_ms"": {""pose"": 20.26, ""gesture"": 15.58}}, ""a11"": {""services"": [""pose"", ""gesture""], ""fps"": {""pose"": 30, ""gesture"": 30}, ""eff_fps"": {""pose"": 30, ""gesture"": 30}, ""latency_ms"": {""pose"": 0, ""gesture"": 0}, ""svclat_ms"": {""pose"": 19.95, ""gesture"": 14.67}}, ""a12"": {""services"": [""pose"", ""gesture""], ""fps"": {""pose"": 30, ""gesture"": 30}, ""eff_fps"": {""pose"": 30, ""gesture"": 30}, ""latency_ms"": {""pose"": 0, ""gesture"": 0}, ""svclat_ms"": {""pose"": 18.92, ""gesture"": 15.3}}, ""a13"": {""services"": [""pose"", ""gesture""], ""fps"": {""pose"": 30, ""gesture"": 30}, ""eff_fps"": {""pose"": 30, ""gesture"": 30}, ""latency_ms"": {""pose"": 0, ""gesture"": 0}, ""svclat_ms"": {""pose"": 20.11, ""gesture"": 14.76}}, ""a14"": {""services"": [""pose"", ""gesture""], ""fps"": {""pose"": 30, ""gesture"": 30}, ""eff_fps"": {""pose"": 30, ""gesture"": 30}, ""latency_ms"": {""pose"": 0, ""gesture"": 0}, ""svclat_ms"": {""pose"": 19.61, ""gesture"": 14.82}}, ""a15"": {""services"": [""pose"", ""gesture""], ""fps"": {""pose"": 30, ""gesture"": 30}, ""eff_fps"": {""pose"": 30, ""gesture"": 30}, ""latency_ms"": {""pose"": 0, ""gesture"": 0}, ""svclat_ms"": {""pose"": 22.52, ""gesture"": 17.12}}, ""b1"": {""services"": [""pose"", ""object""], ""fps"": {""pose"": 0, ""object"": 0}, ""eff_fps"": {""pose"": 0, ""object"": 0}, ""latency_ms"": {""pose"": 0, ""object"": 0}, ""svclat_ms"": {""pose"": 0.0, ""object"": 0.0}}, ""b2"": {""services"": [""pose"", ""object""], ""fps"": {""pose"": 0, ""object"": 0}, ""eff_fps"": {""pose"": 0, ""object"": 0}, ""latency_ms"": {""pose"": 0, ""object"": 0}, ""svclat_ms"": {""pose"": 0.0, ""object"": 0.0}}, ""b3"": {""services"": [""pose"", ""object""], ""fps"": {""pose"": 0, ""object"": 0}, ""eff_fps"": {""pose"": 0, ""object"": 0}, ""latency_ms"": {""pose"": 0, ""object"": 0}, ""svclat_ms"": {""pose"": 0.0, ""object"": 0.0}}}"
163.0,9,8,0.889,0,0,14,14,14,1.0,1190.0,480,0.403,0.0,1.75,0.0,30.0,30.0,0,30.0,30.0,0,0,0,0,20.74,15.93,0,480,"{""ip-172-31-0-204"": ""healthy"", ""ip-172-31-1-171"": ""healthy"", ""ip-172-31-10-12"": ""healthy"", ""ip-172-31-11-132"": ""healthy"", ""ip-172-31-13-134"": ""healthy"", ""ip-172-31-14-68"": ""healthy"", ""ip-172-31-40-239"": ""healthy""}",unsubscribe,12.7,1.0,0,0,"{""ip-172-31-0-204"": {""pose"": 1, ""gesture"": 1}, ""ip-172-31-1-171"": {""gesture"": 1, ""pose"": 1}, ""ip-172-31-10-12"": {""gesture"": 1, ""pose"": 1}, ""ip-172-31-11-132"": {""gesture"": 1, ""pose"": 1}, ""ip-172-31-13-134"": {""gesture"": 1, ""pose"": 1}, ""ip-172-31-14-68"": {""gesture"": 1, ""pose"": 1}, ""ip-172-31-40-239"": {""gesture"": 1, ""pose"": 1}}","{""a8"": {""services"": [""pose"", ""gesture""], ""fps"": {""pose"": 30, ""gesture"": 30}, ""eff_fps"": {""pose"": 30, ""gesture"": 30}, ""latency_ms"": {""pose"": 0, ""gesture"": 0}, ""svclat_ms"": {""pose"": 24.27, ""gesture"": 18.21}}, ""a9"": {""services"": [""pose"", ""gesture""], ""fps"": {""pose"": 30, ""gesture"": 30}, ""eff_fps"": {""pose"": 30, ""gesture"": 30}, ""latency_ms"": {""pose"": 0, ""gesture"": 0}, ""svclat_ms"": {""pose"": 19.18, ""gesture"": 15.4}}, ""a10"": {""services"": [""pose"", ""gesture""], ""fps"": {""pose"": 30, ""gesture"": 30}, ""eff_fps"": {""pose"": 30, ""gesture"": 30}, ""latency_ms"": {""pose"": 0, ""gesture"": 0}, ""svclat_ms"": {""pose"": 19.93, ""gesture"": 15.19}}, ""a11"": {""services"": [""pose"", ""gesture""], ""fps"": {""pose"": 30, ""gesture"": 30}, ""eff_fps"": {""pose"": 30, ""gesture"": 30}, ""latency_ms"": {""pose"": 0, ""gesture"": 0}, ""svclat_ms"": {""pose"": 20.81, ""gesture"": 15.38}}, ""a12"": {""services"": [""pose"", ""gesture""], ""fps"": {""pose"": 30, ""gesture"": 30}, ""eff_fps"": {""pose"": 30, ""gesture"": 30}, ""latency_ms"": {""pose"": 0, ""gesture"": 0}, ""svclat_ms"": {""pose"": 18.92, ""gesture"": 15.33}}, ""a13"": {""services"": [""pose"", ""gesture""], ""fps"": {""pose"": 30, ""gesture"": 30}, ""eff_fps"": {""pose"": 30, ""gesture"": 30}, ""latency_ms"": {""pose"": 0, ""gesture"": 0}, ""svclat_ms"": {""pose"": 21.17, ""gesture"": 16.02}}, ""a14"": {""services"": [""pose"", ""gesture""], ""fps"": {""pose"": 30, ""gesture"": 30}, ""eff_fps"": {""pose"": 30, ""gesture"": 30}, ""latency_ms"": {""pose"": 0, ""gesture"": 0}, ""svclat_ms"": {""pose"": 19.81, ""gesture"": 14.71}}, ""a15"": {""services"": [""pose"", ""gesture""], ""fps"": {""pose"": 30, ""gesture"": 30}, ""eff_fps"": {""pose"": 30, ""gesture"": 30}, ""latency_ms"": {""pose"": 0, ""gesture"": 0}, ""svclat_ms"": {""pose"": 21.82, ""gesture"": 17.24}}, ""b1"": {""services"": [""pose"", ""object""], ""fps"": {""pose"": 0, ""object"": 0}, ""eff_fps"": {""pose"": 0, ""object"": 0}, ""latency_ms"": {""pose"": 0, ""object"": 0}, ""svclat_ms"": {""pose"": 0.0, ""object"": 0.0}}, ""b2"": {""services"": [""pose"", ""object""], ""fps"": {""pose"": 0, ""object"": 0}, ""eff_fps"": {""pose"": 0, ""object"": 0}, ""latency_ms"": {""pose"": 0, ""object"": 0}, ""svclat_ms"": {""pose"": 0.0, ""object"": 0.0}}, ""b3"": {""services"": [""pose"", ""object""], ""fps"": {""pose"": 0, ""object"": 0}, ""eff_fps"": {""pose"": 0, ""object"": 0}, ""latency_ms"": {""pose"": 0, ""object"": 0}, ""svclat_ms"": {""pose"": 0.0, ""object"": 0.0}}}"
167.0,9,8,0.889,0,0,14,14,14,1.0,1190.0,480,0.403,0.0,1.75,0.0,30.0,30.0,30.0,30.0,30.0,30.0,0,0,0,21.02,15.47,17.41,540,"{""ip-172-31-0-204"": ""healthy"", ""ip-172-31-1-171"": ""healthy"", ""ip-172-31-10-12"": ""healthy"", ""ip-172-31-11-132"": ""healthy"", ""ip-172-31-13-134"": ""healthy"", ""ip-172-31-14-68"": ""healthy"", ""ip-172-31-40-239"": ""healthy""}",unsubscribe,12.7,1.0,0,0,"{""ip-172-31-0-204"": {""pose"": 1, ""gesture"": 1}, ""ip-172-31-1-171"": {""gesture"": 1, ""pose"": 1}, ""ip-172-31-10-12"": {""gesture"": 1, ""pose"": 1}, ""ip-172-31-11-132"": {""gesture"": 1, ""pose"": 1}, ""ip-172-31-13-134"": {""gesture"": 1, ""pose"": 1}, ""ip-172-31-14-68"": {""gesture"": 1, ""pose"": 1}, ""ip-172-31-40-239"": {""gesture"": 1, ""pose"": 1}}","{""a8"": {""services"": [""pose"", ""gesture""], ""fps"": {""pose"": 30, ""gesture"": 30}, ""eff_fps"": {""pose"": 30, ""gesture"": 30}, ""latency_ms"": {""pose"": 0, ""gesture"": 0}, ""svclat_ms"": {""pose"": 24.31, ""gesture"": 17.58}}, ""a9"": {""services"": [""pose"", ""gesture""], ""fps"": {""pose"": 30, ""gesture"": 30}, ""eff_fps"": {""pose"": 30, ""gesture"": 30}, ""latency_ms"": {""pose"": 0, ""gesture"": 0}, ""svclat_ms"": {""pose"": 19.06, ""gesture"": 14.91}}, ""a10"": {""services"": [""pose"", ""gesture""], ""fps"": {""pose"": 30, ""gesture"": 30}, ""eff_fps"": {""pose"": 30, ""gesture"": 30}, ""latency_ms"": {""pose"": 0, ""gesture"": 0}, ""svclat_ms"": {""pose"": 22.12, ""gesture"": 15.74}}, ""a11"": {""services"": [""pose"", ""gesture""], ""fps"": {""pose"": 30, ""gesture"": 30}, ""eff_fps"": {""pose"": 30, ""gesture"": 30}, ""latency_ms"": {""pose"": 0, ""gesture"": 0}, ""svclat_ms"": {""pose"": 20.28, ""gesture"": 14.29}}, ""a12"": {""services"": [""pose"", ""gesture""], ""fps"": {""pose"": 30, ""gesture"": 30}, ""eff_fps"": {""pose"": 30, ""gesture"": 30}, ""latency_ms"": {""pose"": 0, ""gesture"": 0}, ""svclat_ms"": {""pose"": 18.93, ""gesture"": 15.27}}, ""a13"": {""services"": [""pose"", ""gesture""], ""fps"": {""pose"": 30, ""gesture"": 30}, ""eff_fps"": {""pose"": 30, ""gesture"": 30}, ""latency_ms"": {""pose"": 0, ""gesture"": 0}, ""svclat_ms"": {""pose"": 20.67, ""gesture"": 14.53}}, ""a14"": {""services"": [""pose"", ""gesture""], ""fps"": {""pose"": 30, ""gesture"": 30}, ""eff_fps"": {""pose"": 30, ""gesture"": 30}, ""latency_ms"": {""pose"": 0, ""gesture"": 0}, ""svclat_ms"": {""pose"": 20.45, ""gesture"": 15.06}}, ""a15"": {""services"": [""pose"", ""gesture""], ""fps"": {""pose"": 30, ""gesture"": 30}, ""eff_fps"": {""pose"": 30, ""gesture"": 30}, ""latency_ms"": {""pose"": 0, ""gesture"": 0}, ""svclat_ms"": {""pose"": 22.37, ""gesture"": 16.4}}, ""b1"": {""services"": [""pose"", ""object""], ""fps"": {""pose"": 30, ""object"": 30}, ""eff_fps"": {""pose"": 30, ""object"": 30}, ""latency_ms"": {""pose"": 0, ""object"": 0}, ""svclat_ms"": {""pose"": 20.95, ""object"": 17.41}}, ""b2"": {""services"": [""pose"", ""object""], ""fps"": {""pose"": 0, ""object"": 0}, ""eff_fps"": {""pose"": 0, ""object"": 0}, ""latency_ms"": {""pose"": 0, ""object"": 0}, ""svclat_ms"": {""pose"": 0.0, ""object"": 0.0}}, ""b3"": {""services"": [""pose"", ""object""], ""fps"": {""pose"": 0, ""object"": 0}, ""eff_fps"": {""pose"": 0, ""object"": 0}, ""latency_ms"": {""pose"": 0, ""object"": 0}, ""svclat_ms"": {""pose"": 0.0, ""object"": 0.0}}, ""b4"": {""services"": [""pose"", ""object""], ""fps"": {""pose"": 0, ""object"": 0}, ""eff_fps"": {""pose"": 0, ""object"": 0}, ""latency_ms"": {""pose"": 0, ""object"": 0}, ""svclat_ms"": {""pose"": 0.0, ""object"": 0.0}}}"
171.9,10,10,1.0,0,0,14,15,15,1.0,1229.0,598.0,0.487,0.0,1.5,0.0,29.9,30.0,20.0,29.9,30.0,20.0,0,0,0,22.23,16.34,26.02,579,"{""ip-172-31-0-204"": ""healthy"", ""ip-172-31-1-171"": ""healthy"", ""ip-172-31-10-12"": ""healthy"", ""ip-172-31-11-132"": ""healthy"", ""ip-172-31-13-134"": ""healthy"", ""ip-172-31-14-68"": ""healthy"", ""ip-172-31-40-239"": ""healthy""}",subscribe,9.5,0.9967,0,0,"{""ip-172-31-0-204"": {""pose"": 1, ""gesture"": 1}, ""ip-172-31-1-171"": {""gesture"": 1, ""pose"": 1}, ""ip-172-31-10-12"": {""gesture"": 1, ""pose"": 1, ""object"": 1}, ""ip-172-31-11-132"": {""gesture"": 1, ""pose"": 1}, ""ip-172-31-13-134"": {""gesture"": 1, ""pose"": 1}, ""ip-172-31-14-68"": {""gesture"": 1, ""pose"": 1}, ""ip-172-31-40-239"": {""gesture"": 1, ""pose"": 1}}","{""a8"": {""services"": [""pose"", ""gesture""], ""fps"": {""pose"": 30, ""gesture"": 30}, ""eff_fps"": {""pose"": 30, ""gesture"": 30}, ""latency_ms"": {""pose"": 0, ""gesture"": 0}, ""svclat_ms"": {""pose"": 25.64, ""gesture"": 18.89}}, ""a9"": {""services"": [""pose"", ""gesture""], ""fps"": {""pose"": 30, ""gesture"": 30}, ""eff_fps"": {""pose"": 30, ""gesture"": 30}, ""latency_ms"": {""pose"": 0, ""gesture"": 0}, ""svclat_ms"": {""pose"": 26.81, ""gesture"": 17.51}}, ""a10"": {""services"": [""pose"", ""gesture""], ""fps"": {""pose"": 30, ""gesture"": 30}, ""eff_fps"": {""pose"": 30, ""gesture"": 30}, ""latency_ms"": {""pose"": 0, ""gesture"": 0}, ""svclat_ms"": {""pose"": 21.73, ""gesture"": 15.74}}, ""a11"": {""services"": [""pose"", ""gesture""], ""fps"": {""pose"": 30, ""gesture"": 30}, ""eff_fps"": {""pose"": 30, ""gesture"": 30}, ""latency_ms"": {""pose"": 0, ""gesture"": 0}, ""svclat_ms"": {""pose"": 19.22, ""gesture"": 14.74}}, ""a12"": {""services"": [""pose"", ""gesture""], ""fps"": {""pose"": 30, ""gesture"": 30}, ""eff_fps"": {""pose"": 30, ""gesture"": 30}, ""latency_ms"": {""pose"": 0, ""gesture"": 0}, ""svclat_ms"": {""pose"": 19.21, ""gesture"": 15.84}}, ""a13"": {""services"": [""pose"", ""gesture""], ""fps"": {""pose"": 30, ""gesture"": 30}, ""eff_fps"": {""pose"": 30, ""gesture"": 30}, ""latency_ms"": {""pose"": 0, ""gesture"": 0}, ""svclat_ms"": {""pose"": 20.33, ""gesture"": 14.69}}, ""a14"": {""services"": [""pose"", ""gesture""], ""fps"": {""pose"": 30, ""gesture"": 30}, ""eff_fps"": {""pose"": 30, ""gesture"": 30}, ""latency_ms"": {""pose"": 0, ""gesture"": 0}, ""svclat_ms"": {""pose"": 20.08, ""gesture"": 14.68}}, ""a15"": {""services"": [""pose"", ""gesture""], ""fps"": {""pose"": 30, ""gesture"": 30}, ""eff_fps"": {""pose"": 30, ""gesture"": 30}, ""latency_ms"": {""pose"": 0, ""gesture"": 0}, ""svclat_ms"": {""pose"": 22.97, ""gesture"": 18.64}}, ""b1"": {""services"": [""pose"", ""object""], ""fps"": {""pose"": 30, ""object"": 20}, ""eff_fps"": {""pose"": 30, ""object"": 20}, ""latency_ms"": {""pose"": 0, ""object"": 0}, ""svclat_ms"": {""pose"": 21.04, ""object"": 26.66}}, ""b2"": {""services"": [""pose"", ""object""], ""fps"": {""pose"": 29, ""object"": 20}, ""eff_fps"": {""pose"": 29, ""object"": 20}, ""latency_ms"": {""pose"": 0, ""object"": 0}, ""svclat_ms"": {""pose"": 25.25, ""object"": 25.39}}, ""b3"": {""services"": [""pose"", ""object""], ""fps"": {""pose"": 0, ""object"": 0}, ""eff_fps"": {""pose"": 0, ""object"": 0}, ""latency_ms"": {""pose"": 0, ""object"": 0}, ""svclat_ms"": {""pose"": 0.0, ""object"": 0.0}}, ""b4"": {""services"": [""pose"", ""object""], ""fps"": {""pose"": 0, ""object"": 0}, ""eff_fps"": {""pose"": 0, ""object"": 0}, ""latency_ms"": {""pose"": 0, ""object"": 0}, ""svclat_ms"": {""pose"": 0.0, ""object"": 0.0}}, ""b5"": {""services"": [""pose"", ""object""], ""fps"": {""pose"": 0, ""object"": 0}, ""eff_fps"": {""pose"": 0, ""object"": 0}, ""latency_ms"": {""pose"": 0, ""object"": 0}, ""svclat_ms"": {""pose"": 0.0, ""object"": 0.0}}}"
176.9,12,12,1.0,0,0,14,15,15,1.0,1229.0,658.0,0.535,0.0,1.25,0.0,29.92,29.88,12.0,29.92,29.88,12.0,0,0,0,22.16,16.09,31.81,688,"{""ip-172-31-0-204"": ""healthy"", ""ip-172-31-1-171"": ""healthy"", ""ip-172-31-10-12"": ""healthy"", ""ip-172-31-11-132"": ""healthy"", ""ip-172-31-13-134"": ""healthy"", ""ip-172-31-14-68"": ""healthy"", ""ip-172-31-40-239"": ""healthy""}",subscribe,10.0,0.9139,0,0,"{""ip-172-31-0-204"": {""pose"": 1, ""gesture"": 1}, ""ip-172-31-1-171"": {""gesture"": 1, ""pose"": 1}, ""ip-172-31-10-12"": {""gesture"": 1, ""pose"": 1, ""object"": 1}, ""ip-172-31-11-132"": {""gesture"": 1, ""pose"": 1}, ""ip-172-31-13-134"": {""gesture"": 1, ""pose"": 1}, ""ip-172-31-14-68"": {""gesture"": 1, ""pose"": 1}, ""ip-172-31-40-239"": {""gesture"": 1, ""pose"": 1}}","{""a8"": {""services"": [""pose"", ""gesture""], ""fps"": {""pose"": 30, ""gesture"": 30}, ""eff_fps"": {""pose"": 30, ""gesture"": 30}, ""latency_ms"": {""pose"": 0, ""gesture"": 0}, ""svclat_ms"": {""pose"": 23.48, ""gesture"": 17.42}}, ""a9"": {""services"": [""pose"", ""gesture""], ""fps"": {""pose"": 30, ""gesture"": 30}, ""eff_fps"": {""pose"": 30, ""gesture"": 30}, ""latency_ms"": {""pose"": 0, ""gesture"": 0}, ""svclat_ms"": {""pose"": 25.4, ""gesture"": 16.66}}, ""a10"": {""services"": [""pose"", ""gesture""], ""fps"": {""pose"": 30, ""gesture"": 30}, ""eff_fps"": {""pose"": 30, ""gesture"": 30}, ""latency_ms"": {""pose"": 0, ""gesture"": 0}, ""svclat_ms"": {""pose"": 21.36, ""gesture"": 15.61}}, ""a11"": {""services"": [""pose"", ""gesture""], ""fps"": {""pose"": 30, ""gesture"": 29}, ""eff_fps"": {""pose"": 30, ""gesture"": 29}, ""latency_ms"": {""pose"": 0, ""gesture"": 0}, ""svclat_ms"": {""pose"": 19.4, ""gesture"": 14.83}}, ""a12"": {""services"": [""pose"", ""gesture""], ""fps"": {""pose"": 30, ""gesture"": 30}, ""eff_fps"": {""pose"": 30, ""gesture"": 30}, ""latency_ms"": {""pose"": 0, ""gesture"": 0}, ""svclat_ms"": {""pose"": 20.4, ""gesture"": 17.56}}, ""a13"": {""services"": [""pose"", ""gesture""], ""fps"": {""pose"": 30, ""gesture"": 30}, ""eff_fps"": {""pose"": 30, ""gesture"": 30}, ""latency_ms"": {""pose"": 0, ""gesture"": 0}, ""svclat_ms"": {""pose"": 26.35, ""gesture"": 15.95}}, ""a14"": {""services"": [""pose"", ""gesture""], ""fps"": {""pose"": 30, ""gesture"": 30}, ""eff_fps"": {""pose"": 30, ""gesture"": 30}, ""latency_ms"": {""pose"": 0, ""gesture"": 0}, ""svclat_ms"": {""pose"": 19.79, ""gesture"": 14.62}}, ""a15"": {""services"": [""pose"", ""gesture""], ""fps"": {""pose"": 30, ""gesture"": 30}, ""eff_fps"": {""pose"": 30, ""gesture"": 30}, ""latency_ms"": {""pose"": 0, ""gesture"": 0}, ""svclat_ms"": {""pose"": 22.18, ""gesture"": 16.04}}, ""b1"": {""services"": [""pose"", ""object""], ""fps"": {""pose"": 30, ""object"": 12}, ""eff_fps"": {""pose"": 30, ""object"": 12}, ""latency_ms"": {""pose"": 0, ""object"": 0}, ""svclat_ms"": {""pose"": 20.72, ""object"": 34.12}}, ""b2"": {""services"": [""pose"", ""object""], ""fps"": {""pose"": 29, ""object"": 12}, ""eff_fps"": {""pose"": 29, ""object"": 12}, ""latency_ms"": {""pose"": 0, ""object"": 0}, ""svclat_ms"": {""pose"": 24.16, ""object"": 33.19}}, ""b3"": {""services"": [""pose"", ""object""], ""fps"": {""pose"": 30, ""object"": 12}, ""eff_fps"": {""pose"": 30, ""object"": 12}, ""latency_ms"": {""pose"": 0, ""object"": 0}, ""svclat_ms"": {""pose"": 24.36, ""object"": 23.34}}, ""b4"": {""services"": [""pose"", ""object""], ""fps"": {""pose"": 30, ""object"": 12}, ""eff_fps"": {""pose"": 30, ""object"": 12}, ""latency_ms"": {""pose"": 0, ""object"": 0}, ""svclat_ms"": {""pose"": 22.69, ""object"": 33.22}}, ""b5"": {""services"": [""pose"", ""object""], ""fps"": {""pose"": 30, ""object"": 12}, ""eff_fps"": {""pose"": 30, ""object"": 12}, ""latency_ms"": {""pose"": 0, ""object"": 0}, ""svclat_ms"": {""pose"": 17.77, ""object"": 35.18}}, ""b6"": {""services"": [""pose"", ""object""], ""fps"": {""pose"": 0, ""object"": 0}, ""eff_fps"": {""pose"": 0, ""object"": 0}, ""latency_ms"": {""pose"": 0, ""object"": 0}, ""svclat_ms"": {""pose"": 0.0, ""object"": 0.0}}}"
179.4,14,13,0.929,0,0,14,15,15,1.0,1229.0,688.0,0.56,0.0,1.15,0.0,29.85,30.12,11.8,29.85,30.12,11.8,0,0,0,22.27,16.24,32.45,688,"{""ip-172-31-0-204"": ""healthy"", ""ip-172-31-1-171"": ""healthy"", ""ip-172-31-10-12"": ""healthy"", ""ip-172-31-11-132"": ""healthy"", ""ip-172-31-13-134"": ""healthy"", ""ip-172-31-14-68"": ""healthy"", ""ip-172-31-40-239"": ""healthy""}",subscribe,9.2,0.8821,0,0,"{""ip-172-31-0-204"": {""pose"": 1, ""gesture"": 1}, ""ip-172-31-1-171"": {""gesture"": 1, ""pose"": 1}, ""ip-172-31-10-12"": {""gesture"": 1, ""pose"": 1, ""object"": 1}, ""ip-172-31-11-132"": {""gesture"": 1, ""pose"": 1}, ""ip-172-31-13-134"": {""gesture"": 1, ""pose"": 1}, ""ip-172-31-14-68"": {""gesture"": 1, ""pose"": 1}, ""ip-172-31-40-239"": {""gesture"": 1, ""pose"": 1}}","{""a8"": {""services"": [""pose"", ""gesture""], ""fps"": {""pose"": 30, ""gesture"": 30}, ""eff_fps"": {""pose"": 30, ""gesture"": 30}, ""latency_ms"": {""pose"": 0, ""gesture"": 0}, ""svclat_ms"": {""pose"": 24.7, ""gesture"": 17.97}}, ""a9"": {""services"": [""pose"", ""gesture""], ""fps"": {""pose"": 29, ""gesture"": 30}, ""eff_fps"": {""pose"": 29, ""gesture"": 30}, ""latency_ms"": {""pose"": 0, ""gesture"": 0}, ""svclat_ms"": {""pose"": 24.57, ""gesture"": 17.39}}, ""a10"": {""services"": [""pose"", ""gesture""], ""fps"": {""pose"": 30, ""gesture"": 30}, ""eff_fps"": {""pose"": 30, ""gesture"": 30}, ""latency_ms"": {""pose"": 0, ""gesture"": 0}, ""svclat_ms"": {""pose"": 21.72, ""gesture"": 15.6}}, ""a11"": {""services"": [""pose"", ""gesture""], ""fps"": {""pose"": 30, ""gesture"": 31}, ""eff_fps"": {""pose"": 30, ""gesture"": 31}, ""latency_ms"": {""pose"": 0, ""gesture"": 0}, ""svclat_ms"": {""pose"": 19.3, ""gesture"": 15.14}}, ""a12"": {""services"": [""pose"", ""gesture""], ""fps"": {""pose"": 30, ""gesture"": 30}, ""eff_fps"": {""pose"": 30, ""gesture"": 30}, ""latency_ms"": {""pose"": 0, ""gesture"": 0}, ""svclat_ms"": {""pose"": 20.74, ""gesture"": 16.93}}, ""a13"": {""services"": [""pose"", ""gesture""], ""fps"": {""pose"": 30, ""gesture"": 30}, ""eff_fps"": {""pose"": 30, ""gesture"": 30}, ""latency_ms"": {""pose"": 0, ""gesture"": 0}, ""svclat_ms"": {""pose"": 19.52, ""gesture"": 15.28}}, ""a14"": {""services"": [""pose"", ""gesture""], ""fps"": {""pose"": 30, ""gesture"": 30}, ""eff_fps"": {""pose"": 30, ""gesture"": 30}, ""latency_ms"": {""pose"": 0, ""gesture"": 0}, ""svclat_ms"": {""pose"": 19.91, ""gesture"": 14.6}}, ""a15"": {""services"": [""pose"", ""gesture""], ""fps"": {""pose"": 30, ""gesture"": 30}, ""eff_fps"": {""pose"": 30, ""gesture"": 30}, ""latency_ms"": {""pose"": 0, ""gesture"": 0}, ""svclat_ms"": {""pose"": 22.38, ""gesture"": 17.02}}, ""b1"": {""services"": [""pose"", ""object""], ""fps"": {""pose"": 30, ""object"": 12}, ""eff_fps"": {""pose"": 30, ""object"": 12}, ""latency_ms"": {""pose"": 0, ""object"": 0}, ""svclat_ms"": {""pose"": 20.84, ""object"": 35.29}}, ""b2"": {""services"": [""pose"", ""object""], ""fps"": {""pose"": 29, ""object"": 12}, ""eff_fps"": {""pose"": 29, ""object"": 12}, ""latency_ms"": {""pose"": 0, ""object"": 0}, ""svclat_ms"": {""pose"": 24.06, ""object"": 33.72}}, ""b3"": {""services"": [""pose"", ""object""], ""fps"": {""pose"": 30, ""object"": 11}, ""eff_fps"": {""pose"": 30, ""object"": 11}, ""latency_ms"": {""pose"": 0, ""object"": 0}, ""svclat_ms"": {""pose"": 29.14, ""object"": 24.13}}, ""b4"": {""services"": [""pose"", ""object""], ""fps"": {""pose"": 30, ""object"": 12}, ""eff_fps"": {""pose"": 30, ""object"": 12}, ""latency_ms"": {""pose"": 0, ""object"": 0}, ""svclat_ms"": {""pose"": 23.02, ""object"": 33.72}}, ""b5"": {""services"": [""pose"", ""object""], ""fps"": {""pose"": 30, ""object"": 12}, ""eff_fps"": {""pose"": 30, ""object"": 12}, ""latency_ms"": {""pose"": 0, ""object"": 0}, ""svclat_ms"": {""pose"": 19.62, ""object"": 35.41}}, ""b6"": {""services"": [""pose"", ""object""], ""fps"": {""pose"": 0, ""object"": 0}, ""eff_fps"": {""pose"": 0, ""object"": 0}, ""latency_ms"": {""pose"": 0, ""object"": 0}, ""svclat_ms"": {""pose"": 0.0, ""object"": 0.0}}}"
181.8,14,13,0.929,0,0,14,15,15,1.0,1229.0,688.0,0.56,0.0,1.15,0.0,29.85,30.0,11.6,29.85,30.0,11.6,0,0,0,21.94,16.13,31.55,686,"{""ip-172-31-0-204"": ""healthy"", ""ip-172-31-1-171"": ""healthy"", ""ip-172-31-10-12"": ""healthy"", ""ip-172-31-11-132"": ""healthy"", ""ip-172-31-13-134"": ""healthy"", ""ip-172-31-14-68"": ""healthy"", ""ip-172-31-40-239"": ""healthy""}",subscribe,9.2,0.8821,0,0,"{""ip-172-31-0-204"": {""pose"": 1, ""gesture"": 1}, ""ip-172-31-1-171"": {""gesture"": 1, ""pose"": 1}, ""ip-172-31-10-12"": {""gesture"": 1, ""pose"": 1, ""object"": 1}, ""ip-172-31-11-132"": {""gesture"": 1, ""pose"": 1}, ""ip-172-31-13-134"": {""gesture"": 1, ""pose"": 1}, ""ip-172-31-14-68"": {""gesture"": 1, ""pose"": 1}, ""ip-172-31-40-239"": {""gesture"": 1, ""pose"": 1}}","{""a8"": {""services"": [""pose"", ""gesture""], ""fps"": {""pose"": 30, ""gesture"": 30}, ""eff_fps"": {""pose"": 30, ""gesture"": 30}, ""latency_ms"": {""pose"": 0, ""gesture"": 0}, ""svclat_ms"": {""pose"": 24.74, ""gesture"": 17.83}}, ""a9"": {""services"": [""pose"", ""gesture""], ""fps"": {""pose"": 29, ""gesture"": 30}, ""eff_fps"": {""pose"": 29, ""gesture"": 30}, ""latency_ms"": {""pose"": 0, ""gesture"": 0}, ""svclat_ms"": {""pose"": 24.49, ""gesture"": 16.99}}, ""a10"": {""services"": [""pose"", ""gesture""], ""fps"": {""pose"": 30, ""gesture"": 30}, ""eff_fps"": {""pose"": 30, ""gesture"": 30}, ""latency_ms"": {""pose"": 0, ""gesture"": 0}, ""svclat_ms"": {""pose"": 21.16, ""gesture"": 15.47}}, ""a11"": {""services"": [""pose"", ""gesture""], ""fps"": {""pose"": 30, ""gesture"": 30}, ""eff_fps"": {""pose"": 30, ""gesture"": 30}, ""latency_ms"": {""pose"": 0, ""gesture"": 0}, ""svclat_ms"": {""pose"": 19.5, ""gesture"": 15.24}}, ""a12"": {""services"": [""pose"", ""gesture""], ""fps"": {""pose"": 30, ""gesture"": 30}, ""eff_fps"": {""pose"": 30, ""gesture"": 30}, ""latency_ms"": {""pose"": 0, ""gesture"": 0}, ""svclat_ms"": {""pose"": 19.77, ""gesture"": 17.17}}, ""a13"": {""services"": [""pose"", ""gesture""], ""fps"": {""pose"": 30, ""gesture"": 30}, ""eff_fps"": {""pose"": 30, ""gesture"": 30}, ""latency_ms"": {""pose"": 0, ""gesture"": 0}, ""svclat_ms"": {""pose"": 19.08, ""gesture"": 15.55}}, ""a14"": {""services"": [""pose"", ""gesture""], ""fps"": {""pose"": 30, ""gesture"": 30}, ""eff_fps"": {""pose"": 30, ""gesture"": 30}, ""latency_ms"": {""pose"": 0, ""gesture"": 0}, ""svclat_ms"": {""pose"": 19.88, ""gesture"": 14.33}}, ""a15"": {""services"": [""pose"", ""gesture""], ""fps"": {""pose"": 30, ""gesture"": 30}, ""eff_fps"": {""pose"": 30, ""gesture"": 30}, ""latency_ms"": {""pose"": 0, ""gesture"": 0}, ""svclat_ms"": {""pose"": 21.93, ""gesture"": 16.44}}, ""b1"": {""services"": [""pose"", ""object""], ""fps"": {""pose"": 30, ""object"": 11}, ""eff_fps"": {""pose"": 30, ""object"": 11}, ""latency_ms"": {""pose"": 0, ""object"": 0}, ""svclat_ms"": {""pose"": 20.5, ""object"": 35.43}}, ""b2"": {""services"": [""pose"", ""object""], ""fps"": {""pose"": 29, ""object"": 11}, ""eff_fps"": {""pose"": 29, ""object"": 11}, ""latency_ms"": {""pose"": 0, ""object"": 0}, ""svclat_ms"": {""pose"": 23.68, ""object"": 33.16}}, ""b3"": {""services"": [""pose"", ""object""], ""fps"": {""pose"": 30, ""object"": 12}, ""eff_fps"": {""pose"": 30, ""object"": 12}, ""latency_ms"": {""pose"": 0, ""object"": 0}, ""svclat_ms"": {""pose"": 29.01, ""object"": 23.39}}, ""b4"": {""services"": [""pose"", ""object""], ""fps"": {""pose"": 30, ""object"": 12}, ""eff_fps"": {""pose"": 30, ""object"": 12}, ""latency_ms"": {""pose"": 0, ""object"": 0}, ""svclat_ms"": {""pose"": 22.72, ""object"": 32.45}}, ""b5"": {""services"": [""pose"", ""object""], ""fps"": {""pose"": 30, ""object"": 12}, ""eff_fps"": {""pose"": 30, ""object"": 12}, ""latency_ms"": {""pose"": 0, ""object"": 0}, ""svclat_ms"": {""pose"": 18.81, ""object"": 33.33}}, ""b6"": {""services"": [""pose"", ""object""], ""fps"": {""pose"": 0, ""object"": 0}, ""eff_fps"": {""pose"": 0, ""object"": 0}, ""latency_ms"": {""pose"": 0, ""object"": 0}, ""svclat_ms"": {""pose"": 0.0, ""object"": 0.0}}, ""b7"": {""services"": [""pose"", ""object""], ""fps"": {""pose"": 0, ""object"": 0}, ""eff_fps"": {""pose"": 0, ""object"": 0}, ""latency_ms"": {""pose"": 0, ""object"": 0}, ""svclat_ms"": {""pose"": 0.0, ""object"": 0.0}}}"
184.2,14,13,0.929,0,0,14,15,15,1.0,1229.0,688.0,0.56,0.0,1.15,0.0,30.0,30.0,11.8,30.0,30.0,11.8,0,0,0,21.85,16.16,31.39,689,"{""ip-172-31-0-204"": ""healthy"", ""ip-172-31-1-171"": ""healthy"", ""ip-172-31-10-12"": ""healthy"", ""ip-172-31-11-132"": ""healthy"", ""ip-172-31-13-134"": ""healthy"", ""ip-172-31-14-68"": ""healthy"", ""ip-172-31-40-239"": ""healthy""}",subscribe,9.2,0.8821,0,0,"{""ip-172-31-0-204"": {""pose"": 1, ""gesture"": 1}, ""ip-172-31-1-171"": {""gesture"": 1, ""pose"": 1}, ""ip-172-31-10-12"": {""gesture"": 1, ""pose"": 1, ""object"": 1}, ""ip-172-31-11-132"": {""gesture"": 1, ""pose"": 1}, ""ip-172-31-13-134"": {""gesture"": 1, ""pose"": 1}, ""ip-172-31-14-68"": {""gesture"": 1, ""pose"": 1}, ""ip-172-31-40-239"": {""gesture"": 1, ""pose"": 1}}","{""a8"": {""services"": [""pose"", ""gesture""], ""fps"": {""pose"": 30, ""gesture"": 30}, ""eff_fps"": {""pose"": 30, ""gesture"": 30}, ""latency_ms"": {""pose"": 0, ""gesture"": 0}, ""svclat_ms"": {""pose"": 24.0, ""gesture"": 17.02}}, ""a9"": {""services"": [""pose"", ""gesture""], ""fps"": {""pose"": 30, ""gesture"": 30}, ""eff_fps"": {""pose"": 30, ""gesture"": 30}, ""latency_ms"": {""pose"": 0, ""gesture"": 0}, ""svclat_ms"": {""pose"": 24.21, ""gesture"": 17.07}}, ""a10"": {""services"": [""pose"", ""gesture""], ""fps"": {""pose"": 30, ""gesture"": 30}, ""eff_fps"": {""pose"": 30, ""gesture"": 30}, ""latency_ms"": {""pose"": 0, ""gesture"": 0}, ""svclat_ms"": {""pose"": 21.54, ""gesture"": 15.67}}, ""a11"": {""services"": [""pose"", ""gesture""], ""fps"": {""pose"": 30, ""gesture"": 30}, ""eff_fps"": {""pose"": 30, ""gesture"": 30}, ""latency_ms"": {""pose"": 0, ""gesture"": 0}, ""svclat_ms"": {""pose"": 19.61, ""gesture"": 15.19}}, ""a12"": {""services"": [""pose"", ""gesture""], ""fps"": {""pose"": 30, ""gesture"": 30}, ""eff_fps"": {""pose"": 30, ""gesture"": 30}, ""latency_ms"": {""pose"": 0, ""gesture"": 0}, ""svclat_ms"": {""pose"": 18.41, ""gesture"": 16.93}}, ""a13"": {""services"": [""pose"", ""gesture""], ""fps"": {""pose"": 30, ""gesture"": 30}, ""eff_fps"": {""pose"": 30, ""gesture"": 30}, ""latency_ms"": {""pose"": 0, ""gesture"": 0}, ""svclat_ms"": {""pose"": 19.94, ""gesture"": 15.74}}, ""a14"": {""services"": [""pose"", ""gesture""], ""fps"": {""pose"": 30, ""gesture"": 30}, ""eff_fps"": {""pose"": 30, ""gesture"": 30}, ""latency_ms"": {""pose"": 0, ""gesture"": 0}, ""svclat_ms"": {""pose"": 19.85, ""gesture"": 14.62}}, ""a15"": {""services"": [""pose"", ""gesture""], ""fps"": {""pose"": 30, ""gesture"": 30}, ""eff_fps"": {""pose"": 30, ""gesture"": 30}, ""latency_ms"": {""pose"": 0, ""gesture"": 0}, ""svclat_ms"": {""pose"": 22.25, ""gesture"": 17.06}}, ""b1"": {""services"": [""pose"", ""object""], ""fps"": {""pose"": 30, ""object"": 12}, ""eff_fps"": {""pose"": 30, ""object"": 12}, ""latency_ms"": {""pose"": 0, ""object"": 0}, ""svclat_ms"": {""pose"": 20.66, ""object"": 33.85}}, ""b2"": {""services"": [""pose"", ""object""], ""fps"": {""pose"": 30, ""object"": 12}, ""eff_fps"": {""pose"": 30, ""object"": 12}, ""latency_ms"": {""pose"": 0, ""object"": 0}, ""svclat_ms"": {""pose"": 23.11, ""object"": 31.29}}, ""b3"": {""services"": [""pose"", ""object""], ""fps"": {""pose"": 30, ""object"": 11}, ""eff_fps"": {""pose"": 30, ""object"": 11}, ""latency_ms"": {""pose"": 0, ""object"": 0}, ""svclat_ms"": {""pose"": 29.08, ""object"": 24.95}}, ""b4"": {""services"": [""pose"", ""object""], ""fps"": {""pose"": 30, ""object"": 12}, ""eff_fps"": {""pose"": 30, ""object"": 12}, ""latency_ms"": {""pose"": 0, ""object"": 0}, ""svclat_ms"": {""pose"": 22.89, ""object"": 33.16}}, ""b5"": {""services"": [""pose"", ""object""], ""fps"": {""pose"": 30, ""object"": 12}, ""eff_fps"": {""pose"": 30, ""object"": 12}, ""latency_ms"": {""pose"": 0, ""object"": 0}, ""svclat_ms"": {""pose"": 18.54, ""object"": 33.68}}, ""b6"": {""services"": [""pose"", ""object""], ""fps"": {""pose"": 0, ""object"": 0}, ""eff_fps"": {""pose"": 0, ""object"": 0}, ""latency_ms"": {""pose"": 0, ""object"": 0}, ""svclat_ms"": {""pose"": 0.0, ""object"": 0.0}}, ""b7"": {""services"": [""pose"", ""object""], ""fps"": {""pose"": 0, ""object"": 0}, ""eff_fps"": {""pose"": 0, ""object"": 0}, ""latency_ms"": {""pose"": 0, ""object"": 0}, ""svclat_ms"": {""pose"": 0.0, ""object"": 0.0}}}"
186.7,14,13,0.929,0,0,14,15,15,1.0,1229.0,688.0,0.56,0.0,1.15,0.0,30.0,30.12,11.4,30.0,30.12,11.4,0,0,0,21.88,16.05,31.44,688,"{""ip-172-31-0-204"": ""healthy"", ""ip-172-31-1-171"": ""healthy"", ""ip-172-31-10-12"": ""healthy"", ""ip-172-31-11-132"": ""healthy"", ""ip-172-31-13-134"": ""healthy"", ""ip-172-31-14-68"": ""healthy"", ""ip-172-31-40-239"": ""healthy""}",subscribe,9.2,0.8821,0,0,"{""ip-172-31-0-204"": {""pose"": 1, ""gesture"": 1}, ""ip-172-31-1-171"": {""gesture"": 1, ""pose"": 1}, ""ip-172-31-10-12"": {""gesture"": 1, ""pose"": 1, ""object"": 1}, ""ip-172-31-11-132"": {""gesture"": 1, ""pose"": 1}, ""ip-172-31-13-134"": {""gesture"": 1, ""pose"": 1}, ""ip-172-31-14-68"": {""gesture"": 1, ""pose"": 1}, ""ip-172-31-40-239"": {""gesture"": 1, ""pose"": 1}}","{""a8"": {""services"": [""pose"", ""gesture""], ""fps"": {""pose"": 30, ""gesture"": 30}, ""eff_fps"": {""pose"": 30, ""gesture"": 30}, ""latency_ms"": {""pose"": 0, ""gesture"": 0}, ""svclat_ms"": {""pose"": 24.75, ""gesture"": 17.11}}, ""a9"": {""services"": [""pose"", ""gesture""], ""fps"": {""pose"": 30, ""gesture"": 30}, ""eff_fps"": {""pose"": 30, ""gesture"": 30}, ""latency_ms"": {""pose"": 0, ""gesture"": 0}, ""svclat_ms"": {""pose"": 23.84, ""gesture"": 16.85}}, ""a10"": {""services"": [""pose"", ""gesture""], ""fps"": {""pose"": 30, ""gesture"": 30}, ""eff_fps"": {""pose"": 30, ""gesture"": 30}, ""latency_ms"": {""pose"": 0, ""gesture"": 0}, ""svclat_ms"": {""pose"": 22.61, ""gesture"": 16.44}}, ""a11"": {""services"": [""pose"", ""gesture""], ""fps"": {""pose"": 30, ""gesture"": 31}, ""eff_fps"": {""pose"": 30, ""gesture"": 31}, ""latency_ms"": {""pose"": 0, ""gesture"": 0}, ""svclat_ms"": {""pose"": 19.27, ""gesture"": 15.02}}, ""a12"": {""services"": [""pose"", ""gesture""], ""fps"": {""pose"": 30, ""gesture"": 30}, ""eff_fps"": {""pose"": 30, ""gesture"": 30}, ""latency_ms"": {""pose"": 0, ""gesture"": 0}, ""svclat_ms"": {""pose"": 18.74, ""gesture"": 16.63}}, ""a13"": {""services"": [""pose"", ""gesture""], ""fps"": {""pose"": 30, ""gesture"": 30}, ""eff_fps"": {""pose"": 30, ""gesture"": 30}, ""latency_ms"": {""pose"": 0, ""gesture"": 0}, ""svclat_ms"": {""pose"": 18.58, ""gesture"": 15.35}}, ""a14"": {""services"": [""pose"", ""gesture""], ""fps"": {""pose"": 30, ""gesture"": 30}, ""eff_fps"": {""pose"": 30, ""gesture"": 30}, ""latency_ms"": {""pose"": 0, ""gesture"": 0}, ""svclat_ms"": {""pose"": 20.21, ""gesture"": 14.88}}, ""a15"": {""services"": [""pose"", ""gesture""], ""fps"": {""pose"": 30, ""gesture"": 30}, ""eff_fps"": {""pose"": 30, ""gesture"": 30}, ""latency_ms"": {""pose"": 0, ""gesture"": 0}, ""svclat_ms"": {""pose"": 22.31, ""gesture"": 16.1}}, ""b1"": {""services"": [""pose"", ""object""], ""fps"": {""pose"": 30, ""object"": 11}, ""eff_fps"": {""pose"": 30, ""object"": 11}, ""latency_ms"": {""pose"": 0, ""object"": 0}, ""svclat_ms"": {""pose"": 21.43, ""object"": 34.27}}, ""b2"": {""services"": [""pose"", ""object""], ""fps"": {""pose"": 30, ""object"": 11}, ""eff_fps"": {""pose"": 30, ""object"": 11}, ""latency_ms"": {""pose"": 0, ""object"": 0}, ""svclat_ms"": {""pose"": 23.2, ""object"": 32.2}}, ""b3"": {""services"": [""pose"", ""object""], ""fps"": {""pose"": 30, ""object"": 12}, ""eff_fps"": {""pose"": 30, ""object"": 12}, ""latency_ms"": {""pose"": 0, ""object"": 0}, ""svclat_ms"": {""pose"": 28.72, ""object"": 23.56}}, ""b4"": {""services"": [""pose"", ""object""], ""fps"": {""pose"": 30, ""object"": 11}, ""eff_fps"": {""pose"": 30, ""object"": 11}, ""latency_ms"": {""pose"": 0, ""object"": 0}, ""svclat_ms"": {""pose"": 22.83, ""object"": 33.03}}, ""b5"": {""services"": [""pose"", ""object""], ""fps"": {""pose"": 30, ""object"": 12}, ""eff_fps"": {""pose"": 30, ""object"": 12}, ""latency_ms"": {""pose"": 0, ""object"": 0}, ""svclat_ms"": {""pose"": 17.9, ""object"": 34.14}}, ""b6"": {""services"": [""pose"", ""object""], ""fps"": {""pose"": 0, ""object"": 0}, ""eff_fps"": {""pose"": 0, ""object"": 0}, ""latency_ms"": {""pose"": 0, ""object"": 0}, ""svclat_ms"": {""pose"": 0.0, ""object"": 0.0}}, ""b7"": {""services"": [""pose"", ""object""], ""fps"": {""pose"": 0, ""object"": 0}, ""eff_fps"": {""pose"": 0, ""object"": 0}, ""latency_ms"": {""pose"": 0, ""object"": 0}, ""svclat_ms"": {""pose"": 0.0, ""object"": 0.0}}, ""b8"": {""services"": [""pose"", ""object""], ""fps"": {""pose"": 0, ""object"": 0}, ""eff_fps"": {""pose"": 0, ""object"": 0}, ""latency_ms"": {""pose"": 0, ""object"": 0}, ""svclat_ms"": {""pose"": 0.0, ""object"": 0.0}}}"
189.1,14,13,0.929,0,0,14,15,15,1.0,1229.0,688.0,0.56,0.0,1.15,0.0,29.85,30.12,11.8,29.85,30.12,11.8,0,0,0,22.25,16.24,31.95,688,"{""ip-172-31-0-204"": ""healthy"", ""ip-172-31-1-171"": ""healthy"", ""ip-172-31-10-12"": ""healthy"", ""ip-172-31-11-132"": ""healthy"", ""ip-172-31-13-134"": ""healthy"", ""ip-172-31-14-68"": ""healthy"", ""ip-172-31-40-239"": ""healthy""}",subscribe,9.2,0.8821,0,0,"{""ip-172-31-0-204"": {""pose"": 1, ""gesture"": 1}, ""ip-172-31-1-171"": {""gesture"": 1, ""pose"": 1}, ""ip-172-31-10-12"": {""gesture"": 1, ""pose"": 1, ""object"": 1}, ""ip-172-31-11-132"": {""gesture"": 1, ""pose"": 1}, ""ip-172-31-13-134"": {""gesture"": 1, ""pose"": 1}, ""ip-172-31-14-68"": {""gesture"": 1, ""pose"": 1}, ""ip-172-31-40-239"": {""gesture"": 1, ""pose"": 1}}","{""a8"": {""services"": [""pose"", ""gesture""], ""fps"": {""pose"": 30, ""gesture"": 30}, ""eff_fps"": {""pose"": 30, ""gesture"": 30}, ""latency_ms"": {""pose"": 0, ""gesture"": 0}, ""svclat_ms"": {""pose"": 23.47, ""gesture"": 16.88}}, ""a9"": {""services"": [""pose"", ""gesture""], ""fps"": {""pose"": 29, ""gesture"": 30}, ""eff_fps"": {""pose"": 29, ""gesture"": 30}, ""latency_ms"": {""pose"": 0, ""gesture"": 0}, ""svclat_ms"": {""pose"": 25.34, ""gesture"": 17.15}}, ""a10"": {""services"": [""pose"", ""gesture""], ""fps"": {""pose"": 30, ""gesture"": 30}, ""eff_fps"": {""pose"": 30, ""gesture"": 30}, ""latency_ms"": {""pose"": 0, ""gesture"": 0}, ""svclat_ms"": {""pose"": 21.88, ""gesture"": 15.92}}, ""a11"": {""services"": [""pose"", ""gesture""], ""fps"": {""pose"": 30, ""gesture"": 31}, ""eff_fps"": {""pose"": 30, ""gesture"": 31}, ""latency_ms"": {""pose"": 0, ""gesture"": 0}, ""svclat_ms"": {""pose"": 19.57, ""gesture"": 15.38}}, ""a12"": {""services"": [""pose"", ""gesture""], ""fps"": {""pose"": 30, ""gesture"": 30}, ""eff_fps"": {""pose"": 30, ""gesture"": 30}, ""latency_ms"": {""pose"": 0, ""gesture"": 0}, ""svclat_ms"": {""pose"": 20.36, ""gesture"": 17.77}}, ""a13"": {""services"": [""pose"", ""gesture""], ""fps"": {""pose"": 30, ""gesture"": 30}, ""eff_fps"": {""pose"": 30, ""gesture"": 30}, ""latency_ms"": {""pose"": 0, ""gesture"": 0}, ""svclat_ms"": {""pose"": 29.44, ""gesture"": 15.92}}, ""a14"": {""services"": [""pose"", ""gesture""], ""fps"": {""pose"": 30, ""gesture"": 30}, ""eff_fps"": {""pose"": 30, ""gesture"": 30}, ""latency_ms"": {""pose"": 0, ""gesture"": 0}, ""svclat_ms"": {""pose"": 19.94, ""gesture"": 14.67}}, ""a15"": {""services"": [""pose"", ""gesture""], ""fps"": {""pose"": 30, ""gesture"": 30}, ""eff_fps"": {""pose"": 30, ""gesture"": 30}, ""latency_ms"": {""pose"": 0, ""gesture"": 0}, ""svclat_ms"": {""pose"": 22.42, ""gesture"": 16.26}}, ""b1"": {""services"": [""pose"", ""object""], ""fps"": {""pose"": 30, ""object"": 12}, ""eff_fps"": {""pose"": 30, ""object"": 12}, ""latency_ms"": {""pose"": 0, ""object"": 0}, ""svclat_ms"": {""pose"": 21.01, ""object"": 35.34}}, ""b2"": {""services"": [""pose"", ""object""], ""fps"": {""pose"": 29, ""object"": 12}, ""eff_fps"": {""pose"": 29, ""object"": 12}, ""latency_ms"": {""pose"": 0, ""object"": 0}, ""svclat_ms"": {""pose"": 23.94, ""object"": 33.0}}, ""b3"": {""services"": [""pose"", ""object""], ""fps"": {""pose"": 30, ""object"": 11}, ""eff_fps"": {""pose"": 30, ""object"": 11}, ""latency_ms"": {""pose"": 0, ""object"": 0}, ""svclat_ms"": {""pose"": 19.44, ""object"": 24.02}}, ""b4"": {""services"": [""pose"", ""object""], ""fps"": {""pose"": 30, ""object"": 12}, ""eff_fps"": {""pose"": 30, ""object"": 12}, ""latency_ms"": {""pose"": 0, ""object"": 0}, ""svclat_ms"": {""pose"": 22.86, ""object"": 33.25}}, ""b5"": {""services"": [""pose"", ""object""], ""fps"": {""pose"": 30, ""object"": 12}, ""eff_fps"": {""pose"": 30, ""object"": 12}, ""latency_ms"": {""pose"": 0, ""object"": 0}, ""svclat_ms"": {""pose"": 19.54, ""object"": 34.16}}, ""b6"": {""services"": [""pose"", ""object""], ""fps"": {""pose"": 0, ""object"": 0}, ""eff_fps"": {""pose"": 0, ""object"": 0}, ""latency_ms"": {""pose"": 0, ""object"": 0}, ""svclat_ms"": {""pose"": 0.0, ""object"": 0.0}}, ""b7"": {""services"": [""pose"", ""object""], ""fps"": {""pose"": 0, ""object"": 0}, ""eff_fps"": {""pose"": 0, ""object"": 0}, ""latency_ms"": {""pose"": 0, ""object"": 0}, ""svclat_ms"": {""pose"": 0.0, ""object"": 0.0}}, ""b8"": {""services"": [""pose"", ""object""], ""fps"": {""pose"": 0, ""object"": 0}, ""eff_fps"": {""pose"": 0, ""object"": 0}, ""latency_ms"": {""pose"": 0, ""object"": 0}, ""svclat_ms"": {""pose"": 0.0, ""object"": 0.0}}}"
194.6,15,14,0.933,1,0,15,16,16,1.0,1268.0,776.0,0.612,0.0,1.14,0.0,28.13,30.0,16.71,28.13,30.0,16.71,0,0,0,24.42,16.31,28.36,779,"{""ip-172-31-0-204"": ""healthy"", ""ip-172-31-1-171"": ""healthy"", ""ip-172-31-10-12"": ""healthy"", ""ip-172-31-11-132"": ""healthy"", ""ip-172-31-13-134"": ""healthy"", ""ip-172-31-14-68"": ""healthy"", ""ip-172-31-40-239"": ""healthy""}",subscribe,9.8,0.9238,0,0,"{""ip-172-31-0-204"": {""pose"": 1, ""gesture"": 1}, ""ip-172-31-1-171"": {""gesture"": 1, ""pose"": 1}, ""ip-172-31-10-12"": {""gesture"": 1, ""pose"": 1, ""object"": 1}, ""ip-172-31-11-132"": {""gesture"": 1, ""pose"": 1}, ""ip-172-31-13-134"": {""gesture"": 1, ""pose"": 1}, ""ip-172-31-14-68"": {""gesture"": 1, ""pose"": 1, ""object"": 1}, ""ip-172-31-40-239"": {""gesture"": 1, ""pose"": 1}}","{""a8"": {""services"": [""pose"", ""gesture""], ""fps"": {""pose"": 23, ""gesture"": 30}, ""eff_fps"": {""pose"": 23, ""gesture"": 30}, ""latency_ms"": {""pose"": 0, ""gesture"": 0}, ""svclat_ms"": {""pose"": 25.21, ""gesture"": 18.29}}, ""a9"": {""services"": [""pose"", ""gesture""], ""fps"": {""pose"": 29, ""gesture"": 30}, ""eff_fps"": {""pose"": 29, ""gesture"": 30}, ""latency_ms"": {""pose"": 0, ""gesture"": 0}, ""svclat_ms"": {""pose"": 24.67, ""gesture"": 16.73}}, ""a10"": {""services"": [""pose"", ""gesture""], ""fps"": {""pose"": 30, ""gesture"": 30}, ""eff_fps"": {""pose"": 30, ""gesture"": 30}, ""latency_ms"": {""pose"": 0, ""gesture"": 0}, ""svclat_ms"": {""pose"": 21.61, ""gesture"": 15.75}}, ""a11"": {""services"": [""pose"", ""gesture""], ""fps"": {""pose"": 30, ""gesture"": 30}, ""eff_fps"": {""pose"": 30, ""gesture"": 30}, ""latency_ms"": {""pose"": 0, ""gesture"": 0}, ""svclat_ms"": {""pose"": 19.24, ""gesture"": 15.0}}, ""a12"": {""services"": [""pose"", ""gesture""], ""fps"": {""pose"": 27, ""gesture"": 30}, ""eff_fps"": {""pose"": 27, ""gesture"": 30}, ""latency_ms"": {""pose"": 0, ""gesture"": 0}, ""svclat_ms"": {""pose"": 26.89, ""gesture"": 16.67}}, ""a13"": {""services"": [""pose"", ""gesture""], ""fps"": {""pose"": 30, ""gesture"": 30}, ""eff_fps"": {""pose"": 30, ""gesture"": 30}, ""latency_ms"": {""pose"": 0, ""gesture"": 0}, ""svclat_ms"": {""pose"": 29.57, ""gesture"": 15.86}}, ""a14"": {""services"": [""pose"", ""gesture""], ""fps"": {""pose"": 30, ""gesture"": 30}, ""eff_fps"": {""pose"": 30, ""gesture"": 30}, ""latency_ms"": {""pose"": 0, ""gesture"": 0}, ""svclat_ms"": {""pose"": 20.98, ""gesture"": 14.78}}, ""a15"": {""services"": [""pose"", ""gesture""], ""fps"": {""pose"": 23, ""gesture"": 30}, ""eff_fps"": {""pose"": 23, ""gesture"": 30}, ""latency_ms"": {""pose"": 0, ""gesture"": 0}, ""svclat_ms"": {""pose"": 31.52, ""gesture"": 17.43}}, ""b1"": {""services"": [""pose"", ""object""], ""fps"": {""pose"": 30, ""object"": 15}, ""eff_fps"": {""pose"": 30, ""object"": 15}, ""latency_ms"": {""pose"": 0, ""object"": 0}, ""svclat_ms"": {""pose"": 20.97, ""object"": 24.29}}, ""b2"": {""services"": [""pose"", ""object""], ""fps"": {""pose"": 30, ""object"": 19}, ""eff_fps"": {""pose"": 30, ""object"": 19}, ""latency_ms"": {""pose"": 0, ""object"": 0}, ""svclat_ms"": {""pose"": 23.07, ""object"": 24.86}}, ""b3"": {""services"": [""pose"", ""object""], ""fps"": {""pose"": 30, ""object"": 20}, ""eff_fps"": {""pose"": 30, ""object"": 20}, ""latency_ms"": {""pose"": 0, ""object"": 0}, ""svclat_ms"": {""pose"": 19.69, ""object"": 25.52}}, ""b4"": {""services"": [""pose"", ""object""], ""fps"": {""pose"": 30, ""object"": 14}, ""eff_fps"": {""pose"": 30, ""object"": 14}, ""latency_ms"": {""pose"": 0, ""object"": 0}, ""svclat_ms"": {""pose"": 22.96, ""object"": 31.78}}, ""b5"": {""services"": [""pose"", ""object""], ""fps"": {""pose"": 27, ""object"": 15}, ""eff_fps"": {""pose"": 27, ""object"": 15}, ""latency_ms"": {""pose"": 0, ""object"": 0}, ""svclat_ms"": {""pose"": 26.38, ""object"": 38.8}}, ""b6"": {""services"": [""pose"", ""object""], ""fps"": {""pose"": 30, ""object"": 19}, ""eff_fps"": {""pose"": 30, ""object"": 19}, ""latency_ms"": {""pose"": 0, ""object"": 0}, ""svclat_ms"": {""pose"": 21.37, ""object"": 24.84}}, ""b7"": {""services"": [""pose"", ""object""], ""fps"": {""pose"": 23, ""object"": 15}, ""eff_fps"": {""pose"": 23, ""object"": 15}, ""latency_ms"": {""pose"": 0, ""object"": 0}, ""svclat_ms"": {""pose"": 32.15, ""object"": 28.41}}, ""b8"": {""services"": [""pose"", ""object""], ""fps"": {""pose"": 0, ""object"": 0}, ""eff_fps"": {""pose"": 0, ""object"": 0}, ""latency_ms"": {""pose"": 0, ""object"": 0}, ""svclat_ms"": {""pose"": 0.0, ""object"": 0.0}}, ""b9"": {""services"": [""pose"", ""object""], ""fps"": {""pose"": 0, ""object"": 0}, ""eff_fps"": {""pose"": 0, ""object"": 0}, ""latency_ms"": {""pose"": 0, ""object"": 0}, ""svclat_ms"": {""pose"": 0.0, ""object"": 0.0}}}"
198.1,12,16,1.333,0,0,15,16,16,1.0,1268.0,794.0,0.626,0.0,1.45,0.0,27.25,0,14.62,27.25,0,14.62,0,0,0,21.15,0,26.96,335,"{""ip-172-31-0-204"": ""healthy"", ""ip-172-31-1-171"": ""healthy"", ""ip-172-31-10-12"": ""healthy"", ""ip-172-31-11-132"": ""healthy"", ""ip-172-31-13-134"": ""healthy"", ""ip-172-31-14-68"": ""healthy"", ""ip-172-31-40-239"": ""healthy""}",subscribe,11.3,0.8271,0,0,"{""ip-172-31-0-204"": {""pose"": 1, ""gesture"": 1}, ""ip-172-31-1-171"": {""gesture"": 1, ""pose"": 1}, ""ip-172-31-10-12"": {""gesture"": 1, ""pose"": 1, ""object"": 1}, ""ip-172-31-11-132"": {""gesture"": 1, ""pose"": 1}, ""ip-172-31-13-134"": {""gesture"": 1, ""pose"": 1}, ""ip-172-31-14-68"": {""gesture"": 1, ""pose"": 1, ""object"": 1}, ""ip-172-31-40-239"": {""gesture"": 1, ""pose"": 1}}","{""b1"": {""services"": [""pose"", ""object""], ""fps"": {""pose"": 23, ""object"": 15}, ""eff_fps"": {""pose"": 23, ""object"": 15}, ""latency_ms"": {""pose"": 0, ""object"": 0}, ""svclat_ms"": {""pose"": 24.66, ""object"": 22.22}}, ""b2"": {""services"": [""pose"", ""object""], ""fps"": {""pose"": 30, ""object"": 14}, ""eff_fps"": {""pose"": 30, ""object"": 14}, ""latency_ms"": {""pose"": 0, ""object"": 0}, ""svclat_ms"": {""pose"": 21.73, ""object"": 26.62}}, ""b3"": {""services"": [""pose"", ""object""], ""fps"": {""pose"": 30, ""object"": 14}, ""eff_fps"": {""pose"": 30, ""object"": 14}, ""latency_ms"": {""pose"": 0, ""object"": 0}, ""svclat_ms"": {""pose"": 20.51, ""object"": 26.78}}, ""b4"": {""services"": [""pose"", ""object""], ""fps"": {""pose"": 30, ""object"": 15}, ""eff_fps"": {""pose"": 30, ""object"": 15}, ""latency_ms"": {""pose"": 0, ""object"": 0}, ""svclat_ms"": {""pose"": 18.27, ""object"": 22.77}}, ""b5"": {""services"": [""pose"", ""object""], ""fps"": {""pose"": 29, ""object"": 15}, ""eff_fps"": {""pose"": 29, ""object"": 15}, ""latency_ms"": {""pose"": 0, ""object"": 0}, ""svclat_ms"": {""pose"": 23.39, ""object"": 34.32}}, ""b6"": {""services"": [""pose"", ""object""], ""fps"": {""pose"": 30, ""object"": 14}, ""eff_fps"": {""pose"": 30, ""object"": 14}, ""latency_ms"": {""pose"": 0, ""object"": 0}, ""svclat_ms"": {""pose"": 19.34, ""object"": 30.14}}, ""b7"": {""services"": [""pose"", ""object""], ""fps"": {""pose"": 23, ""object"": 15}, ""eff_fps"": {""pose"": 23, ""object"": 15}, ""latency_ms"": {""pose"": 0, ""object"": 0}, ""svclat_ms"": {""pose"": 21.7, ""object"": 24.86}}, ""b8"": {""services"": [""pose"", ""object""], ""fps"": {""pose"": 23, ""object"": 15}, ""eff_fps"": {""pose"": 23, ""object"": 15}, ""latency_ms"": {""pose"": 0, ""object"": 0}, ""svclat_ms"": {""pose"": 19.63, ""object"": 27.99}}, ""b9"": {""services"": [""pose"", ""object""], ""fps"": {""pose"": 0, ""object"": 0}, ""eff_fps"": {""pose"": 0, ""object"": 0}, ""latency_ms"": {""pose"": 0, ""object"": 0}, ""svclat_ms"": {""pose"": 0.0, ""object"": 0.0}}, ""b10"": {""services"": [""pose"", ""object""], ""fps"": {""pose"": 0, ""object"": 0}, ""eff_fps"": {""pose"": 0, ""object"": 0}, ""latency_ms"": {""pose"": 0, ""object"": 0}, ""svclat_ms"": {""pose"": 0.0, ""object"": 0.0}}}"
200.6,12,16,1.333,0,0,15,16,16,1.0,1268.0,794.0,0.626,0.0,1.45,0.0,27.0,0,13.38,27.0,0,13.38,0,0,0,24.03,0,24.68,323,"{""ip-172-31-0-204"": ""healthy"", ""ip-172-31-1-171"": ""healthy"", ""ip-172-31-10-12"": ""healthy"", ""ip-172-31-11-132"": ""healthy"", ""ip-172-31-13-134"": ""healthy"", ""ip-172-31-14-68"": ""healthy"", ""ip-172-31-40-239"": ""healthy""}",subscribe,11.3,0.8271,0,0,"{""ip-172-31-0-204"": {""pose"": 1, ""gesture"": 1}, ""ip-172-31-1-171"": {""gesture"": 1, ""pose"": 1}, ""ip-172-31-10-12"": {""gesture"": 1, ""pose"": 1, ""object"": 1}, ""ip-172-31-11-132"": {""gesture"": 1, ""pose"": 1}, ""ip-172-31-13-134"": {""gesture"": 1, ""pose"": 1}, ""ip-172-31-14-68"": {""gesture"": 1, ""pose"": 1, ""object"": 1}, ""ip-172-31-40-239"": {""gesture"": 1, ""pose"": 1}}","{""b1"": {""services"": [""pose"", ""object""], ""fps"": {""pose"": 23, ""object"": 12}, ""eff_fps"": {""pose"": 23, ""object"": 12}, ""latency_ms"": {""pose"": 0, ""object"": 0}, ""svclat_ms"": {""pose"": 31.01, ""object"": 23.73}}, ""b2"": {""services"": [""pose"", ""object""], ""fps"": {""pose"": 30, ""object"": 15}, ""eff_fps"": {""pose"": 30, ""object"": 15}, ""latency_ms"": {""pose"": 0, ""object"": 0}, ""svclat_ms"": {""pose"": 22.76, ""object"": 25.93}}, ""b3"": {""services"": [""pose"", ""object""], ""fps"": {""pose"": 30, ""object"": 14}, ""eff_fps"": {""pose"": 30, ""object"": 14}, ""latency_ms"": {""pose"": 0, ""object"": 0}, ""svclat_ms"": {""pose"": 19.24, ""object"": 24.14}}, ""b4"": {""services"": [""pose"", ""object""], ""fps"": {""pose"": 29, ""object"": 12}, ""eff_fps"": {""pose"": 29, ""object"": 12}, ""latency_ms"": {""pose"": 0, ""object"": 0}, ""svclat_ms"": {""pose"": 27.34, ""object"": 20.5}}, ""b5"": {""services"": [""pose"", ""object""], ""fps"": {""pose"": 29, ""object"": 12}, ""eff_fps"": {""pose"": 29, ""object"": 12}, ""latency_ms"": {""pose"": 0, ""object"": 0}, ""svclat_ms"": {""pose"": 23.57, ""object"": 23.39}}, ""b6"": {""services"": [""pose"", ""object""], ""fps"": {""pose"": 30, ""object"": 15}, ""eff_fps"": {""pose"": 30, ""object"": 15}, ""latency_ms"": {""pose"": 0, ""object"": 0}, ""svclat_ms"": {""pose"": 25.52, ""object"": 28.4}}, ""b7"": {""services"": [""pose"", ""object""], ""fps"": {""pose"": 23, ""object"": 12}, ""eff_fps"": {""pose"": 23, ""object"": 12}, ""latency_ms"": {""pose"": 0, ""object"": 0}, ""svclat_ms"": {""pose"": 20.76, ""object"": 24.93}}, ""b8"": {""services"": [""pose"", ""object""], ""fps"": {""pose"": 22, ""object"": 15}, ""eff_fps"": {""pose"": 22, ""object"": 15}, ""latency_ms"": {""pose"": 0, ""object"": 0}, ""svclat_ms"": {""pose"": 22.02, ""object"": 26.42}}, ""b9"": {""services"": [""pose"", ""object""], ""fps"": {""pose"": 0, ""object"": 0}, ""eff_fps"": {""pose"": 0, ""object"": 0}, ""latency_ms"": {""pose"": 0, ""object"": 0}, ""svclat_ms"": {""pose"": 0.0, ""object"": 0.0}}, ""b10"": {""services"": [""pose"", ""object""], ""fps"": {""pose"": 0, ""object"": 0}, ""eff_fps"": {""pose"": 0, ""object"": 0}, ""latency_ms"": {""pose"": 0, ""object"": 0}, ""svclat_ms"": {""pose"": 0.0, ""object"": 0.0}}, ""b11"": {""services"": [""pose"", ""object""], ""fps"": {""pose"": 0, ""object"": 0}, ""eff_fps"": {""pose"": 0, ""object"": 0}, ""latency_ms"": {""pose"": 0, ""object"": 0}, ""svclat_ms"": {""pose"": 0.0, ""object"": 0.0}}}"
204.5,12,16,1.333,0,0,15,16,16,1.0,1268.0,794.0,0.626,0.0,1.45,0.0,29.56,0,13.11,29.56,0,13.11,0,0,0,21.76,0,24.62,384,"{""ip-172-31-0-204"": ""healthy"", ""ip-172-31-1-171"": ""healthy"", ""ip-172-31-10-12"": ""healthy"", ""ip-172-31-11-132"": ""healthy"", ""ip-172-31-13-134"": ""healthy"", ""ip-172-31-14-68"": ""healthy"", ""ip-172-31-40-239"": ""healthy""}",subscribe,11.3,0.8271,0,0,"{""ip-172-31-0-204"": {""pose"": 1, ""gesture"": 1}, ""ip-172-31-1-171"": {""gesture"": 1, ""pose"": 1}, ""ip-172-31-10-12"": {""gesture"": 1, ""pose"": 1, ""object"": 1}, ""ip-172-31-11-132"": {""gesture"": 1, ""pose"": 1}, ""ip-172-31-13-134"": {""gesture"": 1, ""pose"": 1}, ""ip-172-31-14-68"": {""gesture"": 1, ""pose"": 1, ""object"": 1}, ""ip-172-31-40-239"": {""gesture"": 1, ""pose"": 1}}","{""b1"": {""services"": [""pose"", ""object""], ""fps"": {""pose"": 30, ""object"": 12}, ""eff_fps"": {""pose"": 30, ""object"": 12}, ""latency_ms"": {""pose"": 0, ""object"": 0}, ""svclat_ms"": {""pose"": 23.1, ""object"": 23.53}}, ""b2"": {""services"": [""pose"", ""object""], ""fps"": {""pose"": 28, ""object"": 15}, ""eff_fps"": {""pose"": 28, ""object"": 15}, ""latency_ms"": {""pose"": 0, ""object"": 0}, ""svclat_ms"": {""pose"": 22.66, ""object"": 24.72}}, ""b3"": {""services"": [""pose"", ""object""], ""fps"": {""pose"": 30, ""object"": 14}, ""eff_fps"": {""pose"": 30, ""object"": 14}, ""latency_ms"": {""pose"": 0, ""object"": 0}, ""svclat_ms"": {""pose"": 19.19, ""object"": 22.1}}, ""b4"": {""services"": [""pose"", ""object""], ""fps"": {""pose"": 30, ""object"": 11}, ""eff_fps"": {""pose"": 30, ""object"": 11}, ""latency_ms"": {""pose"": 0, ""object"": 0}, ""svclat_ms"": {""pose"": 22.16, ""object"": 28.12}}, ""b5"": {""services"": [""pose"", ""object""], ""fps"": {""pose"": 30, ""object"": 12}, ""eff_fps"": {""pose"": 30, ""object"": 12}, ""latency_ms"": {""pose"": 0, ""object"": 0}, ""svclat_ms"": {""pose"": 20.47, ""object"": 22.42}}, ""b6"": {""services"": [""pose"", ""object""], ""fps"": {""pose"": 30, ""object"": 15}, ""eff_fps"": {""pose"": 30, ""object"": 15}, ""latency_ms"": {""pose"": 0, ""object"": 0}, ""svclat_ms"": {""pose"": 19.02, ""object"": 25.88}}, ""b7"": {""services"": [""pose"", ""object""], ""fps"": {""pose"": 30, ""object"": 12}, ""eff_fps"": {""pose"": 30, ""object"": 12}, ""latency_ms"": {""pose"": 0, ""object"": 0}, ""svclat_ms"": {""pose"": 21.17, ""object"": 24.13}}, ""b8"": {""services"": [""pose"", ""object""], ""fps"": {""pose"": 29, ""object"": 15}, ""eff_fps"": {""pose"": 29, ""object"": 15}, ""latency_ms"": {""pose"": 0, ""object"": 0}, ""svclat_ms"": {""pose"": 22.68, ""object"": 25.39}}, ""b9"": {""services"": [""pose"", ""object""], ""fps"": {""pose"": 29, ""object"": 12}, ""eff_fps"": {""pose"": 29, ""object"": 12}, ""latency_ms"": {""pose"": 0, ""object"": 0}, ""svclat_ms"": {""pose"": 25.42, ""object"": 25.25}}, ""b10"": {""services"": [""pose"", ""object""], ""fps"": {""pose"": 0, ""object"": 0}, ""eff_fps"": {""pose"": 0, ""object"": 0}, ""latency_ms"": {""pose"": 0, ""object"": 0}, ""svclat_ms"": {""pose"": 0.0, ""object"": 0.0}}, ""b11"": {""services"": [""pose"", ""object""], ""fps"": {""pose"": 0, ""object"": 0}, ""eff_fps"": {""pose"": 0, ""object"": 0}, ""latency_ms"": {""pose"": 0, ""object"": 0}, ""svclat_ms"": {""pose"": 0.0, ""object"": 0.0}}}"
206.9,12,12,1.0,0,4,19,12,12,1.0,939.0,567.0,0.604,0.0,1.0,0.0,30.11,0,13.11,30.11,0,13.11,0,0,0,22.11,0,25.27,389,"{""ip-172-31-0-204"": ""healthy"", ""ip-172-31-1-171"": ""healthy"", ""ip-172-31-10-12"": ""healthy"", ""ip-172-31-11-132"": ""healthy"", ""ip-172-31-13-134"": ""healthy"", ""ip-172-31-14-68"": ""healthy"", ""ip-172-31-40-239"": ""healthy""}",subscribe,13.1,0.7875,0,0,"{""ip-172-31-0-204"": {""pose"": 1, ""gesture"": 1}, ""ip-172-31-1-171"": {""gesture"": 1, ""pose"": 1}, ""ip-172-31-10-12"": {""gesture"": 1, ""pose"": 1, ""object"": 1}, ""ip-172-31-13-134"": {""pose"": 1}, ""ip-172-31-11-132"": {""pose"": 1}, ""ip-172-31-40-239"": {""pose"": 1}, ""ip-172-31-14-68"": {""pose"": 1, ""object"": 1}}","{""b1"": {""services"": [""pose"", ""object""], ""fps"": {""pose"": 30, ""object"": 12}, ""eff_fps"": {""pose"": 30, ""object"": 12}, ""latency_ms"": {""pose"": 0, ""object"": 0}, ""svclat_ms"": {""pose"": 27.65, ""object"": 23.46}}, ""b2"": {""services"": [""pose"", ""object""], ""fps"": {""pose"": 30, ""object"": 15}, ""eff_fps"": {""pose"": 30, ""object"": 15}, ""latency_ms"": {""pose"": 0, ""object"": 0}, ""svclat_ms"": {""pose"": 23.22, ""object"": 25.33}}, ""b3"": {""services"": [""pose"", ""object""], ""fps"": {""pose"": 30, ""object"": 15}, ""eff_fps"": {""pose"": 30, ""object"": 15}, ""latency_ms"": {""pose"": 0, ""object"": 0}, ""svclat_ms"": {""pose"": 20.41, ""object"": 24.93}}, ""b4"": {""services"": [""pose"", ""object""], ""fps"": {""pose"": 30, ""object"": 12}, ""eff_fps"": {""pose"": 30, ""object"": 12}, ""latency_ms"": {""pose"": 0, ""object"": 0}, ""svclat_ms"": {""pose"": 23.18, ""object"": 25.68}}, ""b5"": {""services"": [""pose"", ""object""], ""fps"": {""pose"": 30, ""object"": 11}, ""eff_fps"": {""pose"": 30, ""object"": 11}, ""latency_ms"": {""pose"": 0, ""object"": 0}, ""svclat_ms"": {""pose"": 20.98, ""object"": 21.89}}, ""b6"": {""services"": [""pose"", ""object""], ""fps"": {""pose"": 31, ""object"": 15}, ""eff_fps"": {""pose"": 31, ""object"": 15}, ""latency_ms"": {""pose"": 0, ""object"": 0}, ""svclat_ms"": {""pose"": 20.06, ""object"": 27.26}}, ""b7"": {""services"": [""pose"", ""object""], ""fps"": {""pose"": 29, ""object"": 11}, ""eff_fps"": {""pose"": 29, ""object"": 11}, ""latency_ms"": {""pose"": 0, ""object"": 0}, ""svclat_ms"": {""pose"": 21.15, ""object"": 24.27}}, ""b8"": {""services"": [""pose"", ""object""], ""fps"": {""pose"": 31, ""object"": 15}, ""eff_fps"": {""pose"": 31, ""object"": 15}, ""latency_ms"": {""pose"": 0, ""object"": 0}, ""svclat_ms"": {""pose"": 20.03, ""object"": 26.7}}, ""b9"": {""services"": [""pose"", ""object""], ""fps"": {""pose"": 30, ""object"": 12}, ""eff_fps"": {""pose"": 30, ""object"": 12}, ""latency_ms"": {""pose"": 0, ""object"": 0}, ""svclat_ms"": {""pose"": 22.31, ""object"": 27.9}}, ""b10"": {""services"": [""pose"", ""object""], ""fps"": {""pose"": 0, ""object"": 0}, ""eff_fps"": {""pose"": 0, ""object"": 0}, ""latency_ms"": {""pose"": 0, ""object"": 0}, ""svclat_ms"": {""pose"": 0.0, ""object"": 0.0}}, ""b11"": {""services"": [""pose"", ""object""], ""fps"": {""pose"": 0, ""object"": 0}, ""eff_fps"": {""pose"": 0, ""object"": 0}, ""latency_ms"": {""pose"": 0, ""object"": 0}, ""svclat_ms"": {""pose"": 0.0, ""object"": 0.0}}, ""b12"": {""services"": [""pose"", ""object""], ""fps"": {""pose"": 0, ""object"": 0}, ""eff_fps"": {""pose"": 0, ""object"": 0}, ""latency_ms"": {""pose"": 0, ""object"": 0}, ""svclat_ms"": {""pose"": 0.0, ""object"": 0.0}}}"
209.3,12,12,1.0,0,0,19,12,12,1.0,939.0,567.0,0.604,0.0,1.0,0.0,30.11,0,13.33,30.11,0,13.33,0,0,0,21.42,0,25.45,391,"{""ip-172-31-0-204"": ""healthy"", ""ip-172-31-1-171"": ""healthy"", ""ip-172-31-10-12"": ""healthy"", ""ip-172-31-11-132"": ""healthy"", ""ip-172-31-13-134"": ""healthy"", ""ip-172-31-14-68"": ""healthy"", ""ip-172-31-40-239"": ""healthy""}",subscribe,13.1,0.7875,0,0,"{""ip-172-31-0-204"": {""pose"": 1, ""gesture"": 1}, ""ip-172-31-1-171"": {""gesture"": 1, ""pose"": 1}, ""ip-172-31-10-12"": {""gesture"": 1, ""pose"": 1, ""object"": 1}, ""ip-172-31-13-134"": {""pose"": 1}, ""ip-172-31-11-132"": {""pose"": 1}, ""ip-172-31-40-239"": {""pose"": 1}, ""ip-172-31-14-68"": {""pose"": 1, ""object"": 1}}","{""b1"": {""services"": [""pose"", ""object""], ""fps"": {""pose"": 30, ""object"": 12}, ""eff_fps"": {""pose"": 30, ""object"": 12}, ""latency_ms"": {""pose"": 0, ""object"": 0}, ""svclat_ms"": {""pose"": 24.74, ""object"": 23.53}}, ""b2"": {""services"": [""pose"", ""object""], ""fps"": {""pose"": 30, ""object"": 15}, ""eff_fps"": {""pose"": 30, ""object"": 15}, ""latency_ms"": {""pose"": 0, ""object"": 0}, ""svclat_ms"": {""pose"": 21.32, ""object"": 24.84}}, ""b3"": {""services"": [""pose"", ""object""], ""fps"": {""pose"": 30, ""object"": 15}, ""eff_fps"": {""pose"": 30, ""object"": 15}, ""latency_ms"": {""pose"": 0, ""object"": 0}, ""svclat_ms"": {""pose"": 19.78, ""object"": 25.22}}, ""b4"": {""services"": [""pose"", ""object""], ""fps"": {""pose"": 30, ""object"": 12}, ""eff_fps"": {""pose"": 30, ""object"": 12}, ""latency_ms"": {""pose"": 0, ""object"": 0}, ""svclat_ms"": {""pose"": 23.35, ""object"": 27.51}}, ""b5"": {""services"": [""pose"", ""object""], ""fps"": {""pose"": 30, ""object"": 12}, ""eff_fps"": {""pose"": 30, ""object"": 12}, ""latency_ms"": {""pose"": 0, ""object"": 0}, ""svclat_ms"": {""pose"": 21.51, ""object"": 22.74}}, ""b6"": {""services"": [""pose"", ""object""], ""fps"": {""pose"": 30, ""object"": 15}, ""eff_fps"": {""pose"": 30, ""object"": 15}, ""latency_ms"": {""pose"": 0, ""object"": 0}, ""svclat_ms"": {""pose"": 19.87, ""object"": 27.66}}, ""b7"": {""services"": [""pose"", ""object""], ""fps"": {""pose"": 30, ""object"": 12}, ""eff_fps"": {""pose"": 30, ""object"": 12}, ""latency_ms"": {""pose"": 0, ""object"": 0}, ""svclat_ms"": {""pose"": 20.96, ""object"": 23.91}}, ""b8"": {""services"": [""pose"", ""object""], ""fps"": {""pose"": 31, ""object"": 15}, ""eff_fps"": {""pose"": 31, ""object"": 15}, ""latency_ms"": {""pose"": 0, ""object"": 0}, ""svclat_ms"": {""pose"": 19.58, ""object"": 28.07}}, ""b9"": {""services"": [""pose"", ""object""], ""fps"": {""pose"": 30, ""object"": 12}, ""eff_fps"": {""pose"": 30, ""object"": 12}, ""latency_ms"": {""pose"": 0, ""object"": 0}, ""svclat_ms"": {""pose"": 21.65, ""object"": 25.6}}, ""b10"": {""services"": [""pose"", ""object""], ""fps"": {""pose"": 0, ""object"": 0}, ""eff_fps"": {""pose"": 0, ""object"": 0}, ""latency_ms"": {""pose"": 0, ""object"": 0}, ""svclat_ms"": {""pose"": 0.0, ""object"": 0.0}}, ""b11"": {""services"": [""pose"", ""object""], ""fps"": {""pose"": 0, ""object"": 0}, ""eff_fps"": {""pose"": 0, ""object"": 0}, ""latency_ms"": {""pose"": 0, ""object"": 0}, ""svclat_ms"": {""pose"": 0.0, ""object"": 0.0}}, ""b12"": {""services"": [""pose"", ""object""], ""fps"": {""pose"": 0, ""object"": 0}, ""eff_fps"": {""pose"": 0, ""object"": 0}, ""latency_ms"": {""pose"": 0, ""object"": 0}, ""svclat_ms"": {""pose"": 0.0, ""object"": 0.0}}}"
211.7,12,12,1.0,0,0,19,12,12,1.0,939.0,567.0,0.604,0.0,1.0,0.0,29.89,0,13.11,29.89,0,13.11,0,0,0,21.4,0,25.64,387,"{""ip-172-31-0-204"": ""healthy"", ""ip-172-31-1-171"": ""healthy"", ""ip-172-31-10-12"": ""healthy"", ""ip-172-31-11-132"": ""healthy"", ""ip-172-31-13-134"": ""healthy"", ""ip-172-31-14-68"": ""healthy"", ""ip-172-31-40-239"": ""healthy""}",subscribe,13.1,0.7875,0,0,"{""ip-172-31-0-204"": {""pose"": 1, ""gesture"": 1}, ""ip-172-31-1-171"": {""gesture"": 1, ""pose"": 1}, ""ip-172-31-10-12"": {""gesture"": 1, ""pose"": 1, ""object"": 1}, ""ip-172-31-13-134"": {""pose"": 1}, ""ip-172-31-11-132"": {""pose"": 1}, ""ip-172-31-40-239"": {""pose"": 1}, ""ip-172-31-14-68"": {""pose"": 1, ""object"": 1}}","{""b1"": {""services"": [""pose"", ""object""], ""fps"": {""pose"": 30, ""object"": 12}, ""eff_fps"": {""pose"": 30, ""object"": 12}, ""latency_ms"": {""pose"": 0, ""object"": 0}, ""svclat_ms"": {""pose"": 25.43, ""object"": 24.1}}, ""b2"": {""services"": [""pose"", ""object""], ""fps"": {""pose"": 30, ""object"": 14}, ""eff_fps"": {""pose"": 30, ""object"": 14}, ""latency_ms"": {""pose"": 0, ""object"": 0}, ""svclat_ms"": {""pose"": 21.41, ""object"": 26.02}}, ""b3"": {""services"": [""pose"", ""object""], ""fps"": {""pose"": 30, ""object"": 15}, ""eff_fps"": {""pose"": 30, ""object"": 15}, ""latency_ms"": {""pose"": 0, ""object"": 0}, ""svclat_ms"": {""pose"": 20.8, ""object"": 24.52}}, ""b4"": {""services"": [""pose"", ""object""], ""fps"": {""pose"": 30, ""object"": 12}, ""eff_fps"": {""pose"": 30, ""object"": 12}, ""latency_ms"": {""pose"": 0, ""object"": 0}, ""svclat_ms"": {""pose"": 23.22, ""object"": 27.76}}, ""b5"": {""services"": [""pose"", ""object""], ""fps"": {""pose"": 30, ""object"": 11}, ""eff_fps"": {""pose"": 30, ""object"": 11}, ""latency_ms"": {""pose"": 0, ""object"": 0}, ""svclat_ms"": {""pose"": 20.6, ""object"": 22.46}}, ""b6"": {""services"": [""pose"", ""object""], ""fps"": {""pose"": 30, ""object"": 15}, ""eff_fps"": {""pose"": 30, ""object"": 15}, ""latency_ms"": {""pose"": 0, ""object"": 0}, ""svclat_ms"": {""pose"": 19.88, ""object"": 26.49}}, ""b7"": {""services"": [""pose"", ""object""], ""fps"": {""pose"": 29, ""object"": 12}, ""eff_fps"": {""pose"": 29, ""object"": 12}, ""latency_ms"": {""pose"": 0, ""object"": 0}, ""svclat_ms"": {""pose"": 20.62, ""object"": 24.63}}, ""b8"": {""services"": [""pose"", ""object""], ""fps"": {""pose"": 30, ""object"": 15}, ""eff_fps"": {""pose"": 30, ""object"": 15}, ""latency_ms"": {""pose"": 0, ""object"": 0}, ""svclat_ms"": {""pose"": 19.85, ""object"": 25.3}}, ""b9"": {""services"": [""pose"", ""object""], ""fps"": {""pose"": 30, ""object"": 12}, ""eff_fps"": {""pose"": 30, ""object"": 12}, ""latency_ms"": {""pose"": 0, ""object"": 0}, ""svclat_ms"": {""pose"": 20.82, ""object"": 29.49}}, ""b10"": {""services"": [""pose"", ""object""], ""fps"": {""pose"": 0, ""object"": 0}, ""eff_fps"": {""pose"": 0, ""object"": 0}, ""latency_ms"": {""pose"": 0, ""object"": 0}, ""svclat_ms"": {""pose"": 0.0, ""object"": 0.0}}, ""b11"": {""services"": [""pose"", ""object""], ""fps"": {""pose"": 0, ""object"": 0}, ""eff_fps"": {""pose"": 0, ""object"": 0}, ""latency_ms"": {""pose"": 0, ""object"": 0}, ""svclat_ms"": {""pose"": 0.0, ""object"": 0.0}}, ""b12"": {""services"": [""pose"", ""object""], ""fps"": {""pose"": 0, ""object"": 0}, ""eff_fps"": {""pose"": 0, ""object"": 0}, ""latency_ms"": {""pose"": 0, ""object"": 0}, ""svclat_ms"": {""pose"": 0.0, ""object"": 0.0}}, ""b13"": {""services"": [""pose"", ""object""], ""fps"": {""pose"": 0, ""object"": 0}, ""eff_fps"": {""pose"": 0, ""object"": 0}, ""latency_ms"": {""pose"": 0, ""object"": 0}, ""svclat_ms"": {""pose"": 0.0, ""object"": 0.0}}}"
214.1,12,12,1.0,0,0,19,12,12,1.0,939.0,567.0,0.604,0.0,1.0,0.0,30.0,0,13.0,30.0,0,13.0,0,0,0,20.84,0,24.32,387,"{""ip-172-31-0-204"": ""healthy"", ""ip-172-31-1-171"": ""healthy"", ""ip-172-31-10-12"": ""healthy"", ""ip-172-31-11-132"": ""healthy"", ""ip-172-31-13-134"": ""healthy"", ""ip-172-31-14-68"": ""healthy"", ""ip-172-31-40-239"": ""healthy""}",subscribe,13.1,0.7875,0,0,"{""ip-172-31-0-204"": {""pose"": 1, ""gesture"": 1}, ""ip-172-31-1-171"": {""gesture"": 1, ""pose"": 1}, ""ip-172-31-10-12"": {""gesture"": 1, ""pose"": 1, ""object"": 1}, ""ip-172-31-13-134"": {""pose"": 1}, ""ip-172-31-11-132"": {""pose"": 1}, ""ip-172-31-40-239"": {""pose"": 1}, ""ip-172-31-14-68"": {""pose"": 1, ""object"": 1}}","{""b1"": {""services"": [""pose"", ""object""], ""fps"": {""pose"": 30, ""object"": 12}, ""eff_fps"": {""pose"": 30, ""object"": 12}, ""latency_ms"": {""pose"": 0, ""object"": 0}, ""svclat_ms"": {""pose"": 23.95, ""object"": 23.29}}, ""b2"": {""services"": [""pose"", ""object""], ""fps"": {""pose"": 30, ""object"": 15}, ""eff_fps"": {""pose"": 30, ""object"": 15}, ""latency_ms"": {""pose"": 0, ""object"": 0}, ""svclat_ms"": {""pose"": 20.76, ""object"": 24.93}}, ""b3"": {""services"": [""pose"", ""object""], ""fps"": {""pose"": 30, ""object"": 15}, ""eff_fps"": {""pose"": 30, ""object"": 15}, ""latency_ms"": {""pose"": 0, ""object"": 0}, ""svclat_ms"": {""pose"": 19.45, ""object"": 22.5}}, ""b4"": {""services"": [""pose"", ""object""], ""fps"": {""pose"": 30, ""object"": 11}, ""eff_fps"": {""pose"": 30, ""object"": 11}, ""latency_ms"": {""pose"": 0, ""object"": 0}, ""svclat_ms"": {""pose"": 21.79, ""object"": 24.61}}, ""b5"": {""services"": [""pose"", ""object""], ""fps"": {""pose"": 30, ""object"": 12}, ""eff_fps"": {""pose"": 30, ""object"": 12}, ""latency_ms"": {""pose"": 0, ""object"": 0}, ""svclat_ms"": {""pose"": 20.54, ""object"": 21.83}}, ""b6"": {""services"": [""pose"", ""object""], ""fps"": {""pose"": 30, ""object"": 14}, ""eff_fps"": {""pose"": 30, ""object"": 14}, ""latency_ms"": {""pose"": 0, ""object"": 0}, ""svclat_ms"": {""pose"": 19.2, ""object"": 25.41}}, ""b7"": {""services"": [""pose"", ""object""], ""fps"": {""pose"": 30, ""object"": 12}, ""eff_fps"": {""pose"": 30, ""object"": 12}, ""latency_ms"": {""pose"": 0, ""object"": 0}, ""svclat_ms"": {""pose"": 21.78, ""object"": 23.45}}, ""b8"": {""services"": [""pose"", ""object""], ""fps"": {""pose"": 30, ""object"": 15}, ""eff_fps"": {""pose"": 30, ""object"": 15}, ""latency_ms"": {""pose"": 0, ""object"": 0}, ""svclat_ms"": {""pose"": 19.93, ""object"": 24.83}}, ""b9"": {""services"": [""pose"", ""object""], ""fps"": {""pose"": 30, ""object"": 11}, ""eff_fps"": {""pose"": 30, ""object"": 11}, ""latency_ms"": {""pose"": 0, ""object"": 0}, ""svclat_ms"": {""pose"": 20.18, ""object"": 28.03}}, ""b10"": {""services"": [""pose"", ""object""], ""fps"": {""pose"": 0, ""object"": 0}, ""eff_fps"": {""pose"": 0, ""object"": 0}, ""latency_ms"": {""pose"": 0, ""object"": 0}, ""svclat_ms"": {""pose"": 0.0, ""object"": 0.0}}, ""b11"": {""services"": [""pose"", ""object""], ""fps"": {""pose"": 0, ""object"": 0}, ""eff_fps"": {""pose"": 0, ""object"": 0}, ""latency_ms"": {""pose"": 0, ""object"": 0}, ""svclat_ms"": {""pose"": 0.0, ""object"": 0.0}}, ""b12"": {""services"": [""pose"", ""object""], ""fps"": {""pose"": 0, ""object"": 0}, ""eff_fps"": {""pose"": 0, ""object"": 0}, ""latency_ms"": {""pose"": 0, ""object"": 0}, ""svclat_ms"": {""pose"": 0.0, ""object"": 0.0}}, ""b13"": {""services"": [""pose"", ""object""], ""fps"": {""pose"": 0, ""object"": 0}, ""eff_fps"": {""pose"": 0, ""object"": 0}, ""latency_ms"": {""pose"": 0, ""object"": 0}, ""svclat_ms"": {""pose"": 0.0, ""object"": 0.0}}}"
216.6,12,12,1.0,0,0,19,12,12,1.0,939.0,567.0,0.604,0.0,1.0,0.0,29.89,0,13.22,29.89,0,13.22,0,0,0,20.95,0,24.93,388,"{""ip-172-31-0-204"": ""healthy"", ""ip-172-31-1-171"": ""healthy"", ""ip-172-31-10-12"": ""healthy"", ""ip-172-31-11-132"": ""healthy"", ""ip-172-31-13-134"": ""healthy"", ""ip-172-31-14-68"": ""healthy"", ""ip-172-31-40-239"": ""healthy""}",subscribe,13.1,0.7875,0,0,"{""ip-172-31-0-204"": {""pose"": 1, ""gesture"": 1}, ""ip-172-31-1-171"": {""gesture"": 1, ""pose"": 1}, ""ip-172-31-10-12"": {""gesture"": 1, ""pose"": 1, ""object"": 1}, ""ip-172-31-13-134"": {""pose"": 1}, ""ip-172-31-11-132"": {""pose"": 1}, ""ip-172-31-40-239"": {""pose"": 1}, ""ip-172-31-14-68"": {""pose"": 1, ""object"": 1}}","{""b1"": {""services"": [""pose"", ""object""], ""fps"": {""pose"": 30, ""object"": 12}, ""eff_fps"": {""pose"": 30, ""object"": 12}, ""latency_ms"": {""pose"": 0, ""object"": 0}, ""svclat_ms"": {""pose"": 23.94, ""object"": 24.02}}, ""b2"": {""services"": [""pose"", ""object""], ""fps"": {""pose"": 30, ""object"": 15}, ""eff_fps"": {""pose"": 30, ""object"": 15}, ""latency_ms"": {""pose"": 0, ""object"": 0}, ""svclat_ms"": {""pose"": 20.52, ""object"": 25.55}}, ""b3"": {""services"": [""pose"", ""object""], ""fps"": {""pose"": 30, ""object"": 14}, ""eff_fps"": {""pose"": 30, ""object"": 14}, ""latency_ms"": {""pose"": 0, ""object"": 0}, ""svclat_ms"": {""pose"": 19.43, ""object"": 22.41}}, ""b4"": {""services"": [""pose"", ""object""], ""fps"": {""pose"": 30, ""object"": 12}, ""eff_fps"": {""pose"": 30, ""object"": 12}, ""latency_ms"": {""pose"": 0, ""object"": 0}, ""svclat_ms"": {""pose"": 21.91, ""object"": 29.33}}, ""b5"": {""services"": [""pose"", ""object""], ""fps"": {""pose"": 30, ""object"": 12}, ""eff_fps"": {""pose"": 30, ""object"": 12}, ""latency_ms"": {""pose"": 0, ""object"": 0}, ""svclat_ms"": {""pose"": 20.76, ""object"": 22.5}}, ""b6"": {""services"": [""pose"", ""object""], ""fps"": {""pose"": 30, ""object"": 15}, ""eff_fps"": {""pose"": 30, ""object"": 15}, ""latency_ms"": {""pose"": 0, ""object"": 0}, ""svclat_ms"": {""pose"": 18.74, ""object"": 25.54}}, ""b7"": {""services"": [""pose"", ""object""], ""fps"": {""pose"": 29, ""object"": 12}, ""eff_fps"": {""pose"": 29, ""object"": 12}, ""latency_ms"": {""pose"": 0, ""object"": 0}, ""svclat_ms"": {""pose"": 23.37, ""object"": 24.59}}, ""b8"": {""services"": [""pose"", ""object""], ""fps"": {""pose"": 30, ""object"": 15}, ""eff_fps"": {""pose"": 30, ""object"": 15}, ""latency_ms"": {""pose"": 0, ""object"": 0}, ""svclat_ms"": {""pose"": 19.97, ""object"": 25.07}}, ""b9"": {""services"": [""pose"", ""object""], ""fps"": {""pose"": 30, ""object"": 12}, ""eff_fps"": {""pose"": 30, ""object"": 12}, ""latency_ms"": {""pose"": 0, ""object"": 0}, ""svclat_ms"": {""pose"": 19.92, ""object"": 25.35}}, ""b10"": {""services"": [""pose"", ""object""], ""fps"": {""pose"": 0, ""object"": 0}, ""eff_fps"": {""pose"": 0, ""object"": 0}, ""latency_ms"": {""pose"": 0, ""object"": 0}, ""svclat_ms"": {""pose"": 0.0, ""object"": 0.0}}, ""b11"": {""services"": [""pose"", ""object""], ""fps"": {""pose"": 0, ""object"": 0}, ""eff_fps"": {""pose"": 0, ""object"": 0}, ""latency_ms"": {""pose"": 0, ""object"": 0}, ""svclat_ms"": {""pose"": 0.0, ""object"": 0.0}}, ""b12"": {""services"": [""pose"", ""object""], ""fps"": {""pose"": 0, ""object"": 0}, ""eff_fps"": {""pose"": 0, ""object"": 0}, ""latency_ms"": {""pose"": 0, ""object"": 0}, ""svclat_ms"": {""pose"": 0.0, ""object"": 0.0}}, ""b13"": {""services"": [""pose"", ""object""], ""fps"": {""pose"": 0, ""object"": 0}, ""eff_fps"": {""pose"": 0, ""object"": 0}, ""latency_ms"": {""pose"": 0, ""object"": 0}, ""svclat_ms"": {""pose"": 0.0, ""object"": 0.0}}, ""b14"": {""services"": [""pose"", ""object""], ""fps"": {""pose"": 0, ""object"": 0}, ""eff_fps"": {""pose"": 0, ""object"": 0}, ""latency_ms"": {""pose"": 0, ""object"": 0}, ""svclat_ms"": {""pose"": 0.0, ""object"": 0.0}}}"
221.0,12,12,1.0,0,0,19,12,12,1.0,939.0,567.0,0.604,0.0,1.0,0.0,29.78,0,29.44,29.78,0,29.44,0,0,0,22.12,0,21.68,533,"{""ip-172-31-0-204"": ""healthy"", ""ip-172-31-1-171"": ""healthy"", ""ip-172-31-10-12"": ""healthy"", ""ip-172-31-11-132"": ""healthy"", ""ip-172-31-13-134"": ""healthy"", ""ip-172-31-14-68"": ""healthy"", ""ip-172-31-40-239"": ""healthy""}",subscribe,13.1,0.7875,0,0,"{""ip-172-31-0-204"": {""pose"": 1, ""gesture"": 1}, ""ip-172-31-1-171"": {""gesture"": 1, ""pose"": 1}, ""ip-172-31-10-12"": {""gesture"": 1, ""pose"": 1, ""object"": 1}, ""ip-172-31-13-134"": {""pose"": 1}, ""ip-172-31-11-132"": {""pose"": 1}, ""ip-172-31-40-239"": {""pose"": 1}, ""ip-172-31-14-68"": {""pose"": 1, ""object"": 1}}","{""b1"": {""services"": [""pose"", ""object""], ""fps"": {""pose"": 29, ""object"": 29}, ""eff_fps"": {""pose"": 29, ""object"": 29}, ""latency_ms"": {""pose"": 0, ""object"": 0}, ""svclat_ms"": {""pose"": 25.5, ""object"": 23.61}}, ""b2"": {""services"": [""pose"", ""object""], ""fps"": {""pose"": 29, ""object"": 29}, ""eff_fps"": {""pose"": 29, ""object"": 29}, ""latency_ms"": {""pose"": 0, ""object"": 0}, ""svclat_ms"": {""pose"": 22.28, ""object"": 19.92}}, ""b3"": {""services"": [""pose"", ""object""], ""fps"": {""pose"": 30, ""object"": 29}, ""eff_fps"": {""pose"": 30, ""object"": 29}, ""latency_ms"": {""pose"": 0, ""object"": 0}, ""svclat_ms"": {""pose"": 20.06, ""object"": 24.27}}, ""b4"": {""services"": [""pose"", ""object""], ""fps"": {""pose"": 30, ""object"": 30}, ""eff_fps"": {""pose"": 30, ""object"": 30}, ""latency_ms"": {""pose"": 0, ""object"": 0}, ""svclat_ms"": {""pose"": 20.41, ""object"": 22.21}}, ""b5"": {""services"": [""pose"", ""object""], ""fps"": {""pose"": 30, ""object"": 30}, ""eff_fps"": {""pose"": 30, ""object"": 30}, ""latency_ms"": {""pose"": 0, ""object"": 0}, ""svclat_ms"": {""pose"": 24.66, ""object"": 19.94}}, ""b6"": {""services"": [""pose"", ""object""], ""fps"": {""pose"": 30, ""object"": 30}, ""eff_fps"": {""pose"": 30, ""object"": 30}, ""latency_ms"": {""pose"": 0, ""object"": 0}, ""svclat_ms"": {""pose"": 21.46, ""object"": 20.23}}, ""b7"": {""services"": [""pose"", ""object""], ""fps"": {""pose"": 30, ""object"": 29}, ""eff_fps"": {""pose"": 30, ""object"": 29}, ""latency_ms"": {""pose"": 0, ""object"": 0}, ""svclat_ms"": {""pose"": 21.9, ""object"": 21.93}}, ""b8"": {""services"": [""pose"", ""object""], ""fps"": {""pose"": 30, ""object"": 30}, ""eff_fps"": {""pose"": 30, ""object"": 30}, ""latency_ms"": {""pose"": 0, ""object"": 0}, ""svclat_ms"": {""pose"": 19.89, ""object"": 22.02}}, ""b9"": {""services"": [""pose"", ""object""], ""fps"": {""pose"": 30, ""object"": 29}, ""eff_fps"": {""pose"": 30, ""object"": 29}, ""latency_ms"": {""pose"": 0, ""object"": 0}, ""svclat_ms"": {""pose"": 22.93, ""object"": 21.01}}, ""b10"": {""services"": [""pose"", ""object""], ""fps"": {""pose"": 0, ""object"": 0}, ""eff_fps"": {""pose"": 0, ""object"": 0}, ""latency_ms"": {""pose"": 0, ""object"": 0}, ""svclat_ms"": {""pose"": 0.0, ""object"": 0.0}}, ""b11"": {""services"": [""pose"", ""object""], ""fps"": {""pose"": 0, ""object"": 0}, ""eff_fps"": {""pose"": 0, ""object"": 0}, ""latency_ms"": {""pose"": 0, ""object"": 0}, ""svclat_ms"": {""pose"": 0.0, ""object"": 0.0}}, ""b12"": {""services"": [""pose"", ""object""], ""fps"": {""pose"": 0, ""object"": 0}, ""eff_fps"": {""pose"": 0, ""object"": 0}, ""latency_ms"": {""pose"": 0, ""object"": 0}, ""svclat_ms"": {""pose"": 0.0, ""object"": 0.0}}, ""b13"": {""services"": [""pose"", ""object""], ""fps"": {""pose"": 0, ""object"": 0}, ""eff_fps"": {""pose"": 0, ""object"": 0}, ""latency_ms"": {""pose"": 0, ""object"": 0}, ""svclat_ms"": {""pose"": 0.0, ""object"": 0.0}}, ""b14"": {""services"": [""pose"", ""object""], ""fps"": {""pose"": 0, ""object"": 0}, ""eff_fps"": {""pose"": 0, ""object"": 0}, ""latency_ms"": {""pose"": 0, ""object"": 0}, ""svclat_ms"": {""pose"": 0.0, ""object"": 0.0}}, ""b15"": {""services"": [""pose"", ""object""], ""fps"": {""pose"": 0, ""object"": 0}, ""eff_fps"": {""pose"": 0, ""object"": 0}, ""latency_ms"": {""pose"": 0, ""object"": 0}, ""svclat_ms"": {""pose"": 0.0, ""object"": 0.0}}}"
225.1,12,12,1.0,5,0,24,17,17,1.0,1179.0,713.0,0.605,0.0,1.42,0.0,29.78,0,29.67,29.78,0,29.67,0,0,0,22.01,0,20.98,535,"{""ip-172-31-0-204"": ""healthy"", ""ip-172-31-1-171"": ""healthy"", ""ip-172-31-10-12"": ""healthy"", ""ip-172-31-11-132"": ""healthy"", ""ip-172-31-13-134"": ""healthy"", ""ip-172-31-14-68"": ""healthy"", ""ip-172-31-40-239"": ""healthy""}",unsubscribe,14.4,0.9903,0,0,"{""ip-172-31-0-204"": {""pose"": 1, ""gesture"": 1, ""object"": 1}, ""ip-172-31-1-171"": {""gesture"": 1, ""pose"": 1, ""object"": 1}, ""ip-172-31-10-12"": {""gesture"": 1, ""pose"": 1, ""object"": 1}, ""ip-172-31-13-134"": {""pose"": 1, ""object"": 1}, ""ip-172-31-11-132"": {""pose"": 1, ""object"": 1}, ""ip-172-31-40-239"": {""pose"": 1, ""object"": 1}, ""ip-172-31-14-68"": {""pose"": 1, ""object"": 1}}","{""b1"": {""services"": [""pose"", ""object""], ""fps"": {""pose"": 29, ""object"": 29}, ""eff_fps"": {""pose"": 29, ""object"": 29}, ""latency_ms"": {""pose"": 0, ""object"": 0}, ""svclat_ms"": {""pose"": 27.23, ""object"": 22.87}}, ""b2"": {""services"": [""pose"", ""object""], ""fps"": {""pose"": 29, ""object"": 29}, ""eff_fps"": {""pose"": 29, ""object"": 29}, ""latency_ms"": {""pose"": 0, ""object"": 0}, ""svclat_ms"": {""pose"": 22.62, ""object"": 19.69}}, ""b3"": {""services"": [""pose"", ""object""], ""fps"": {""pose"": 30, ""object"": 30}, ""eff_fps"": {""pose"": 30, ""object"": 30}, ""latency_ms"": {""pose"": 0, ""object"": 0}, ""svclat_ms"": {""pose"": 20.18, ""object"": 22.43}}, ""b4"": {""services"": [""pose"", ""object""], ""fps"": {""pose"": 30, ""object"": 30}, ""eff_fps"": {""pose"": 30, ""object"": 30}, ""latency_ms"": {""pose"": 0, ""object"": 0}, ""svclat_ms"": {""pose"": 20.47, ""object"": 21.11}}, ""b5"": {""services"": [""pose"", ""object""], ""fps"": {""pose"": 30, ""object"": 30}, ""eff_fps"": {""pose"": 30, ""object"": 30}, ""latency_ms"": {""pose"": 0, ""object"": 0}, ""svclat_ms"": {""pose"": 23.9, ""object"": 19.36}}, ""b6"": {""services"": [""pose"", ""object""], ""fps"": {""pose"": 30, ""object"": 30}, ""eff_fps"": {""pose"": 30, ""object"": 30}, ""latency_ms"": {""pose"": 0, ""object"": 0}, ""svclat_ms"": {""pose"": 20.96, ""object"": 20.52}}, ""b7"": {""services"": [""pose"", ""object""], ""fps"": {""pose"": 30, ""object"": 30}, ""eff_fps"": {""pose"": 30, ""object"": 30}, ""latency_ms"": {""pose"": 0, ""object"": 0}, ""svclat_ms"": {""pose"": 19.44, ""object"": 20.27}}, ""b8"": {""services"": [""pose"", ""object""], ""fps"": {""pose"": 30, ""object"": 30}, ""eff_fps"": {""pose"": 30, ""object"": 30}, ""latency_ms"": {""pose"": 0, ""object"": 0}, ""svclat_ms"": {""pose"": 20.58, ""object"": 21.38}}, ""b9"": {""services"": [""pose"", ""object""], ""fps"": {""pose"": 30, ""object"": 29}, ""eff_fps"": {""pose"": 30, ""object"": 29}, ""latency_ms"": {""pose"": 0, ""object"": 0}, ""svclat_ms"": {""pose"": 22.71, ""object"": 21.16}}, ""b10"": {""services"": [""pose"", ""object""], ""fps"": {""pose"": 0, ""object"": 0}, ""eff_fps"": {""pose"": 0, ""object"": 0}, ""latency_ms"": {""pose"": 0, ""object"": 0}, ""svclat_ms"": {""pose"": 0.0, ""object"": 0.0}}, ""b11"": {""services"": [""pose"", ""object""], ""fps"": {""pose"": 0, ""object"": 0}, ""eff_fps"": {""pose"": 0, ""object"": 0}, ""latency_ms"": {""pose"": 0, ""object"": 0}, ""svclat_ms"": {""pose"": 0.0, ""object"": 0.0}}, ""b12"": {""services"": [""pose"", ""object""], ""fps"": {""pose"": 0, ""object"": 0}, ""eff_fps"": {""pose"": 0, ""object"": 0}, ""latency_ms"": {""pose"": 0, ""object"": 0}, ""svclat_ms"": {""pose"": 0.0, ""object"": 0.0}}, ""b13"": {""services"": [""pose"", ""object""], ""fps"": {""pose"": 0, ""object"": 0}, ""eff_fps"": {""pose"": 0, ""object"": 0}, ""latency_ms"": {""pose"": 0, ""object"": 0}, ""svclat_ms"": {""pose"": 0.0, ""object"": 0.0}}, ""b14"": {""services"": [""pose"", ""object""], ""fps"": {""pose"": 0, ""object"": 0}, ""eff_fps"": {""pose"": 0, ""object"": 0}, ""latency_ms"": {""pose"": 0, ""object"": 0}, ""svclat_ms"": {""pose"": 0.0, ""object"": 0.0}}, ""b15"": {""services"": [""pose"", ""object""], ""fps"": {""pose"": 0, ""object"": 0}, ""eff_fps"": {""pose"": 0, ""object"": 0}, ""latency_ms"": {""pose"": 0, ""object"": 0}, ""svclat_ms"": {""pose"": 0.0, ""object"": 0.0}}}"
229.2,12,12,1.0,0,0,24,17,17,1.0,1179.0,713.0,0.605,0.0,1.42,0.0,29.88,0,29.88,29.88,0,29.88,0,0,0,21.2,0,21.1,478,"{""ip-172-31-0-204"": ""healthy"", ""ip-172-31-1-171"": ""healthy"", ""ip-172-31-10-12"": ""healthy"", ""ip-172-31-11-132"": ""healthy"", ""ip-172-31-13-134"": ""healthy"", ""ip-172-31-14-68"": ""healthy"", ""ip-172-31-40-239"": ""healthy""}",unsubscribe,14.4,0.9903,0,0,"{""ip-172-31-0-204"": {""pose"": 1, ""gesture"": 1, ""object"": 1}, ""ip-172-31-1-171"": {""gesture"": 1, ""pose"": 1, ""object"": 1}, ""ip-172-31-10-12"": {""gesture"": 1, ""pose"": 1, ""object"": 1}, ""ip-172-31-13-134"": {""pose"": 1, ""object"": 1}, ""ip-172-31-11-132"": {""pose"": 1, ""object"": 1}, ""ip-172-31-40-239"": {""pose"": 1, ""object"": 1}, ""ip-172-31-14-68"": {""pose"": 1, ""object"": 1}}","{""b2"": {""services"": [""pose"", ""object""], ""fps"": {""pose"": 29, ""object"": 30}, ""eff_fps"": {""pose"": 29, ""object"": 30}, ""latency_ms"": {""pose"": 0, ""object"": 0}, ""svclat_ms"": {""pose"": 21.98, ""object"": 21.07}}, ""b3"": {""services"": [""pose"", ""object""], ""fps"": {""pose"": 30, ""object"": 30}, ""eff_fps"": {""pose"": 30, ""object"": 30}, ""latency_ms"": {""pose"": 0, ""object"": 0}, ""svclat_ms"": {""pose"": 19.92, ""object"": 20.72}}, ""b4"": {""services"": [""pose"", ""object""], ""fps"": {""pose"": 30, ""object"": 30}, ""eff_fps"": {""pose"": 30, ""object"": 30}, ""latency_ms"": {""pose"": 0, ""object"": 0}, ""svclat_ms"": {""pose"": 20.56, ""object"": 22.06}}, ""b5"": {""services"": [""pose"", ""object""], ""fps"": {""pose"": 30, ""object"": 30}, ""eff_fps"": {""pose"": 30, ""object"": 30}, ""latency_ms"": {""pose"": 0, ""object"": 0}, ""svclat_ms"": {""pose"": 21.51, ""object"": 22.03}}, ""b6"": {""services"": [""pose"", ""object""], ""fps"": {""pose"": 30, ""object"": 30}, ""eff_fps"": {""pose"": 30, ""object"": 30}, ""latency_ms"": {""pose"": 0, ""object"": 0}, ""svclat_ms"": {""pose"": 22.53, ""object"": 20.26}}, ""b7"": {""services"": [""pose"", ""object""], ""fps"": {""pose"": 30, ""object"": 30}, ""eff_fps"": {""pose"": 30, ""object"": 30}, ""latency_ms"": {""pose"": 0, ""object"": 0}, ""svclat_ms"": {""pose"": 20.43, ""object"": 20.09}}, ""b8"": {""services"": [""pose"", ""object""], ""fps"": {""pose"": 30, ""object"": 30}, ""eff_fps"": {""pose"": 30, ""object"": 30}, ""latency_ms"": {""pose"": 0, ""object"": 0}, ""svclat_ms"": {""pose"": 20.31, ""object"": 20.55}}, ""b9"": {""services"": [""pose"", ""object""], ""fps"": {""pose"": 30, ""object"": 29}, ""eff_fps"": {""pose"": 30, ""object"": 29}, ""latency_ms"": {""pose"": 0, ""object"": 0}, ""svclat_ms"": {""pose"": 22.36, ""object"": 22.0}}, ""b10"": {""services"": [""pose"", ""object""], ""fps"": {""pose"": 0, ""object"": 0}, ""eff_fps"": {""pose"": 0, ""object"": 0}, ""latency_ms"": {""pose"": 0, ""object"": 0}, ""svclat_ms"": {""pose"": 0.0, ""object"": 0.0}}, ""b11"": {""services"": [""pose"", ""object""], ""fps"": {""pose"": 0, ""object"": 0}, ""eff_fps"": {""pose"": 0, ""object"": 0}, ""latency_ms"": {""pose"": 0, ""object"": 0}, ""svclat_ms"": {""pose"": 0.0, ""object"": 0.0}}, ""b12"": {""services"": [""pose"", ""object""], ""fps"": {""pose"": 0, ""object"": 0}, ""eff_fps"": {""pose"": 0, ""object"": 0}, ""latency_ms"": {""pose"": 0, ""object"": 0}, ""svclat_ms"": {""pose"": 0.0, ""object"": 0.0}}, ""b13"": {""services"": [""pose"", ""object""], ""fps"": {""pose"": 0, ""object"": 0}, ""eff_fps"": {""pose"": 0, ""object"": 0}, ""latency_ms"": {""pose"": 0, ""object"": 0}, ""svclat_ms"": {""pose"": 0.0, ""object"": 0.0}}, ""b14"": {""services"": [""pose"", ""object""], ""fps"": {""pose"": 0, ""object"": 0}, ""eff_fps"": {""pose"": 0, ""object"": 0}, ""latency_ms"": {""pose"": 0, ""object"": 0}, ""svclat_ms"": {""pose"": 0.0, ""object"": 0.0}}, ""b15"": {""services"": [""pose"", ""object""], ""fps"": {""pose"": 0, ""object"": 0}, ""eff_fps"": {""pose"": 0, ""object"": 0}, ""latency_ms"": {""pose"": 0, ""object"": 0}, ""svclat_ms"": {""pose"": 0.0, ""object"": 0.0}}}"
233.3,12,12,1.0,0,0,24,17,17,1.0,1179.0,713.0,0.605,0.0,1.42,0.0,29.88,0,29.75,29.88,0,29.75,0,0,0,21.13,0,21.45,477,"{""ip-172-31-0-204"": ""healthy"", ""ip-172-31-1-171"": ""healthy"", ""ip-172-31-10-12"": ""healthy"", ""ip-172-31-11-132"": ""healthy"", ""ip-172-31-13-134"": ""healthy"", ""ip-172-31-14-68"": ""healthy"", ""ip-172-31-40-239"": ""healthy""}",unsubscribe,14.2,0.9903,0,0,"{""ip-172-31-0-204"": {""pose"": 1, ""gesture"": 1, ""object"": 1}, ""ip-172-31-1-171"": {""gesture"": 1, ""pose"": 1, ""object"": 1}, ""ip-172-31-10-12"": {""gesture"": 1, ""pose"": 1, ""object"": 1}, ""ip-172-31-13-134"": {""pose"": 1, ""object"": 1}, ""ip-172-31-11-132"": {""pose"": 1, ""object"": 1}, ""ip-172-31-40-239"": {""pose"": 1, ""object"": 1}, ""ip-172-31-14-68"": {""pose"": 1, ""object"": 1}}","{""b2"": {""services"": [""pose"", ""object""], ""fps"": {""pose"": 29, ""object"": 29}, ""eff_fps"": {""pose"": 29, ""object"": 29}, ""latency_ms"": {""pose"": 0, ""object"": 0}, ""svclat_ms"": {""pose"": 21.89, ""object"": 22.97}}, ""b3"": {""services"": [""pose"", ""object""], ""fps"": {""pose"": 30, ""object"": 30}, ""eff_fps"": {""pose"": 30, ""object"": 30}, ""latency_ms"": {""pose"": 0, ""object"": 0}, ""svclat_ms"": {""pose"": 20.41, ""object"": 20.6}}, ""b4"": {""services"": [""pose"", ""object""], ""fps"": {""pose"": 30, ""object"": 30}, ""eff_fps"": {""pose"": 30, ""object"": 30}, ""latency_ms"": {""pose"": 0, ""object"": 0}, ""svclat_ms"": {""pose"": 20.79, ""object"": 21.39}}, ""b5"": {""services"": [""pose"", ""object""], ""fps"": {""pose"": 30, ""object"": 30}, ""eff_fps"": {""pose"": 30, ""object"": 30}, ""latency_ms"": {""pose"": 0, ""object"": 0}, ""svclat_ms"": {""pose"": 21.23, ""object"": 21.62}}, ""b6"": {""services"": [""pose"", ""object""], ""fps"": {""pose"": 30, ""object"": 30}, ""eff_fps"": {""pose"": 30, ""object"": 30}, ""latency_ms"": {""pose"": 0, ""object"": 0}, ""svclat_ms"": {""pose"": 22.32, ""object"": 21.01}}, ""b7"": {""services"": [""pose"", ""object""], ""fps"": {""pose"": 30, ""object"": 30}, ""eff_fps"": {""pose"": 30, ""object"": 30}, ""latency_ms"": {""pose"": 0, ""object"": 0}, ""svclat_ms"": {""pose"": 19.3, ""object"": 20.2}}, ""b8"": {""services"": [""pose"", ""object""], ""fps"": {""pose"": 30, ""object"": 30}, ""eff_fps"": {""pose"": 30, ""object"": 30}, ""latency_ms"": {""pose"": 0, ""object"": 0}, ""svclat_ms"": {""pose"": 20.67, ""object"": 20.41}}, ""b9"": {""services"": [""pose"", ""object""], ""fps"": {""pose"": 30, ""object"": 29}, ""eff_fps"": {""pose"": 30, ""object"": 29}, ""latency_ms"": {""pose"": 0, ""object"": 0}, ""svclat_ms"": {""pose"": 22.43, ""object"": 23.39}}, ""b10"": {""services"": [""pose"", ""object""], ""fps"": {""pose"": 0, ""object"": 0}, ""eff_fps"": {""pose"": 0, ""object"": 0}, ""latency_ms"": {""pose"": 0, ""object"": 0}, ""svclat_ms"": {""pose"": 0.0, ""object"": 0.0}}, ""b11"": {""services"": [""pose"", ""object""], ""fps"": {""pose"": 0, ""object"": 0}, ""eff_fps"": {""pose"": 0, ""object"": 0}, ""latency_ms"": {""pose"": 0, ""object"": 0}, ""svclat_ms"": {""pose"": 0.0, ""object"": 0.0}}, ""b12"": {""services"": [""pose"", ""object""], ""fps"": {""pose"": 0, ""object"": 0}, ""eff_fps"": {""pose"": 0, ""object"": 0}, ""latency_ms"": {""pose"": 0, ""object"": 0}, ""svclat_ms"": {""pose"": 0.0, ""object"": 0.0}}, ""b13"": {""services"": [""pose"", ""object""], ""fps"": {""pose"": 0, ""object"": 0}, ""eff_fps"": {""pose"": 0, ""object"": 0}, ""latency_ms"": {""pose"": 0, ""object"": 0}, ""svclat_ms"": {""pose"": 0.0, ""object"": 0.0}}, ""b14"": {""services"": [""pose"", ""object""], ""fps"": {""pose"": 0, ""object"": 0}, ""eff_fps"": {""pose"": 0, ""object"": 0}, ""latency_ms"": {""pose"": 0, ""object"": 0}, ""svclat_ms"": {""pose"": 0.0, ""object"": 0.0}}, ""b15"": {""services"": [""pose"", ""object""], ""fps"": {""pose"": 0, ""object"": 0}, ""eff_fps"": {""pose"": 0, ""object"": 0}, ""latency_ms"": {""pose"": 0, ""object"": 0}, ""svclat_ms"": {""pose"": 0.0, ""object"": 0.0}}}"
237.5,12,12,1.0,0,0,24,17,17,1.0,1179.0,713.0,0.605,0.0,1.42,0.0,29.88,0,29.75,29.88,0,29.75,0,0,0,21.29,0,21.15,477,"{""ip-172-31-0-204"": ""healthy"", ""ip-172-31-1-171"": ""healthy"", ""ip-172-31-10-12"": ""healthy"", ""ip-172-31-11-132"": ""healthy"", ""ip-172-31-13-134"": ""healthy"", ""ip-172-31-14-68"": ""healthy"", ""ip-172-31-40-239"": ""healthy""}",unsubscribe,14.7,0.9903,0,0,"{""ip-172-31-0-204"": {""pose"": 1, ""gesture"": 1, ""object"": 1}, ""ip-172-31-1-171"": {""gesture"": 1, ""pose"": 1, ""object"": 1}, ""ip-172-31-10-12"": {""gesture"": 1, ""pose"": 1, ""object"": 1}, ""ip-172-31-13-134"": {""pose"": 1, ""object"": 1}, ""ip-172-31-11-132"": {""pose"": 1, ""object"": 1}, ""ip-172-31-40-239"": {""pose"": 1, ""object"": 1}, ""ip-172-31-14-68"": {""pose"": 1, ""object"": 1}}","{""b2"": {""services"": [""pose"", ""object""], ""fps"": {""pose"": 29, ""object"": 29}, ""eff_fps"": {""pose"": 29, ""object"": 29}, ""latency_ms"": {""pose"": 0, ""object"": 0}, ""svclat_ms"": {""pose"": 22.09, ""object"": 21.67}}, ""b3"": {""services"": [""pose"", ""object""], ""fps"": {""pose"": 30, ""object"": 30}, ""eff_fps"": {""pose"": 30, ""object"": 30}, ""latency_ms"": {""pose"": 0, ""object"": 0}, ""svclat_ms"": {""pose"": 20.23, ""object"": 20.62}}, ""b4"": {""services"": [""pose"", ""object""], ""fps"": {""pose"": 30, ""object"": 30}, ""eff_fps"": {""pose"": 30, ""object"": 30}, ""latency_ms"": {""pose"": 0, ""object"": 0}, ""svclat_ms"": {""pose"": 20.6, ""object"": 20.98}}, ""b5"": {""services"": [""pose"", ""object""], ""fps"": {""pose"": 30, ""object"": 31}, ""eff_fps"": {""pose"": 30, ""object"": 31}, ""latency_ms"": {""pose"": 0, ""object"": 0}, ""svclat_ms"": {""pose"": 21.25, ""object"": 22.11}}, ""b6"": {""services"": [""pose"", ""object""], ""fps"": {""pose"": 30, ""object"": 30}, ""eff_fps"": {""pose"": 30, ""object"": 30}, ""latency_ms"": {""pose"": 0, ""object"": 0}, ""svclat_ms"": {""pose"": 21.91, ""object"": 21.0}}, ""b7"": {""services"": [""pose"", ""object""], ""fps"": {""pose"": 30, ""object"": 30}, ""eff_fps"": {""pose"": 30, ""object"": 30}, ""latency_ms"": {""pose"": 0, ""object"": 0}, ""svclat_ms"": {""pose"": 21.14, ""object"": 20.34}}, ""b8"": {""services"": [""pose"", ""object""], ""fps"": {""pose"": 30, ""object"": 29}, ""eff_fps"": {""pose"": 30, ""object"": 29}, ""latency_ms"": {""pose"": 0, ""object"": 0}, ""svclat_ms"": {""pose"": 20.3, ""object"": 20.55}}, ""b9"": {""services"": [""pose"", ""object""], ""fps"": {""pose"": 30, ""object"": 29}, ""eff_fps"": {""pose"": 30, ""object"": 29}, ""latency_ms"": {""pose"": 0, ""object"": 0}, ""svclat_ms"": {""pose"": 22.79, ""object"": 21.92}}, ""b10"": {""services"": [""pose"", ""object""], ""fps"": {""pose"": 0, ""object"": 0}, ""eff_fps"": {""pose"": 0, ""object"": 0}, ""latency_ms"": {""pose"": 0, ""object"": 0}, ""svclat_ms"": {""pose"": 0.0, ""object"": 0.0}}, ""b11"": {""services"": [""pose"", ""object""], ""fps"": {""pose"": 0, ""object"": 0}, ""eff_fps"": {""pose"": 0, ""object"": 0}, ""latency_ms"": {""pose"": 0, ""object"": 0}, ""svclat_ms"": {""pose"": 0.0, ""object"": 0.0}}, ""b12"": {""services"": [""pose"", ""object""], ""fps"": {""pose"": 0, ""object"": 0}, ""eff_fps"": {""pose"": 0, ""object"": 0}, ""latency_ms"": {""pose"": 0, ""object"": 0}, ""svclat_ms"": {""pose"": 0.0, ""object"": 0.0}}, ""b13"": {""services"": [""pose"", ""object""], ""fps"": {""pose"": 0, ""object"": 0}, ""eff_fps"": {""pose"": 0, ""object"": 0}, ""latency_ms"": {""pose"": 0, ""object"": 0}, ""svclat_ms"": {""pose"": 0.0, ""object"": 0.0}}, ""b14"": {""services"": [""pose"", ""object""], ""fps"": {""pose"": 0, ""object"": 0}, ""eff_fps"": {""pose"": 0, ""object"": 0}, ""latency_ms"": {""pose"": 0, ""object"": 0}, ""svclat_ms"": {""pose"": 0.0, ""object"": 0.0}}, ""b15"": {""services"": [""pose"", ""object""], ""fps"": {""pose"": 0, ""object"": 0}, ""eff_fps"": {""pose"": 0, ""object"": 0}, ""latency_ms"": {""pose"": 0, ""object"": 0}, ""svclat_ms"": {""pose"": 0.0, ""object"": 0.0}}}"
242.4,9,9,1.0,0,3,27,14,14,1.0,966.0,536.0,0.555,0.0,1.56,0.0,30.0,0,30.0,30.0,0,30.0,0,0,0,22.58,0,21.72,480,"{""ip-172-31-0-204"": ""healthy"", ""ip-172-31-1-171"": ""healthy"", ""ip-172-31-10-12"": ""healthy"", ""ip-172-31-11-132"": ""healthy"", ""ip-172-31-13-134"": ""healthy"", ""ip-172-31-14-68"": ""healthy"", ""ip-172-31-40-239"": ""healthy""}",subscribe,9.5,0.9926,0,0,"{""ip-172-31-0-204"": {""pose"": 1, ""object"": 1}, ""ip-172-31-1-171"": {""pose"": 1, ""object"": 1}, ""ip-172-31-13-134"": {""pose"": 1, ""object"": 1}, ""ip-172-31-10-12"": {""pose"": 1, ""object"": 1}, ""ip-172-31-11-132"": {""pose"": 1, ""object"": 1}, ""ip-172-31-40-239"": {""pose"": 1, ""object"": 1}, ""ip-172-31-14-68"": {""pose"": 1, ""object"": 1}}","{""b3"": {""services"": [""pose"", ""object""], ""fps"": {""pose"": 30, ""object"": 30}, ""eff_fps"": {""pose"": 30, ""object"": 30}, ""latency_ms"": {""pose"": 0, ""object"": 0}, ""svclat_ms"": {""pose"": 21.09, ""object"": 20.98}}, ""b4"": {""services"": [""pose"", ""object""], ""fps"": {""pose"": 30, ""object"": 30}, ""eff_fps"": {""pose"": 30, ""object"": 30}, ""latency_ms"": {""pose"": 0, ""object"": 0}, ""svclat_ms"": {""pose"": 24.93, ""object"": 22.11}}, ""b5"": {""services"": [""pose"", ""object""], ""fps"": {""pose"": 30, ""object"": 30}, ""eff_fps"": {""pose"": 30, ""object"": 30}, ""latency_ms"": {""pose"": 0, ""object"": 0}, ""svclat_ms"": {""pose"": 20.88, ""object"": 21.08}}, ""b6"": {""services"": [""pose"", ""object""], ""fps"": {""pose"": 30, ""object"": 30}, ""eff_fps"": {""pose"": 30, ""object"": 30}, ""latency_ms"": {""pose"": 0, ""object"": 0}, ""svclat_ms"": {""pose"": 22.45, ""object"": 19.26}}, ""b7"": {""services"": [""pose"", ""object""], ""fps"": {""pose"": 30, ""object"": 30}, ""eff_fps"": {""pose"": 30, ""object"": 30}, ""latency_ms"": {""pose"": 0, ""object"": 0}, ""svclat_ms"": {""pose"": 19.37, ""object"": 21.1}}, ""b8"": {""services"": [""pose"", ""object""], ""fps"": {""pose"": 30, ""object"": 30}, ""eff_fps"": {""pose"": 30, ""object"": 30}, ""latency_ms"": {""pose"": 0, ""object"": 0}, ""svclat_ms"": {""pose"": 21.55, ""object"": 19.93}}, ""b9"": {""services"": [""pose"", ""object""], ""fps"": {""pose"": 30, ""object"": 30}, ""eff_fps"": {""pose"": 30, ""object"": 30}, ""latency_ms"": {""pose"": 0, ""object"": 0}, ""svclat_ms"": {""pose"": 25.46, ""object"": 24.4}}, ""b10"": {""services"": [""pose"", ""object""], ""fps"": {""pose"": 30, ""object"": 30}, ""eff_fps"": {""pose"": 30, ""object"": 30}, ""latency_ms"": {""pose"": 0, ""object"": 0}, ""svclat_ms"": {""pose"": 24.88, ""object"": 24.91}}, ""b11"": {""services"": [""pose"", ""object""], ""fps"": {""pose"": 0, ""object"": 0}, ""eff_fps"": {""pose"": 0, ""object"": 0}, ""latency_ms"": {""pose"": 0, ""object"": 0}, ""svclat_ms"": {""pose"": 0.0, ""object"": 0.0}}, ""b12"": {""services"": [""pose"", ""object""], ""fps"": {""pose"": 0, ""object"": 0}, ""eff_fps"": {""pose"": 0, ""object"": 0}, ""latency_ms"": {""pose"": 0, ""object"": 0}, ""svclat_ms"": {""pose"": 0.0, ""object"": 0.0}}, ""b13"": {""services"": [""pose"", ""object""], ""fps"": {""pose"": 0, ""object"": 0}, ""eff_fps"": {""pose"": 0, ""object"": 0}, ""latency_ms"": {""pose"": 0, ""object"": 0}, ""svclat_ms"": {""pose"": 0.0, ""object"": 0.0}}, ""b14"": {""services"": [""pose"", ""object""], ""fps"": {""pose"": 0, ""object"": 0}, ""eff_fps"": {""pose"": 0, ""object"": 0}, ""latency_ms"": {""pose"": 0, ""object"": 0}, ""svclat_ms"": {""pose"": 0.0, ""object"": 0.0}}, ""b15"": {""services"": [""pose"", ""object""], ""fps"": {""pose"": 0, ""object"": 0}, ""eff_fps"": {""pose"": 0, ""object"": 0}, ""latency_ms"": {""pose"": 0, ""object"": 0}, ""svclat_ms"": {""pose"": 0.0, ""object"": 0.0}}}"
246.5,9,9,1.0,0,0,27,14,14,1.0,966.0,540,0.559,0.0,1.56,0.0,30.0,0,30.0,30.0,0,30.0,0,0,0,21.99,0,21.49,480,"{""ip-172-31-0-204"": ""healthy"", ""ip-172-31-1-171"": ""healthy"", ""ip-172-31-10-12"": ""healthy"", ""ip-172-31-11-132"": ""healthy"", ""ip-172-31-13-134"": ""healthy"", ""ip-172-31-14-68"": ""healthy"", ""ip-172-31-40-239"": ""healthy""}",unsubscribe,9.9,1.0,0,0,"{""ip-172-31-0-204"": {""pose"": 1, ""object"": 1}, ""ip-172-31-1-171"": {""pose"": 1, ""object"": 1}, ""ip-172-31-13-134"": {""pose"": 1, ""object"": 1}, ""ip-172-31-10-12"": {""pose"": 1, ""object"": 1}, ""ip-172-31-11-132"": {""pose"": 1, ""object"": 1}, ""ip-172-31-40-239"": {""pose"": 1, ""object"": 1}, ""ip-172-31-14-68"": {""pose"": 1, ""object"": 1}}","{""b3"": {""services"": [""pose"", ""object""], ""fps"": {""pose"": 30, ""object"": 30}, ""eff_fps"": {""pose"": 30, ""object"": 30}, ""latency_ms"": {""pose"": 0, ""object"": 0}, ""svclat_ms"": {""pose"": 21.14, ""object"": 21.15}}, ""b4"": {""services"": [""pose"", ""object""], ""fps"": {""pose"": 30, ""object"": 30}, ""eff_fps"": {""pose"": 30, ""object"": 30}, ""latency_ms"": {""pose"": 0, ""object"": 0}, ""svclat_ms"": {""pose"": 25.01, ""object"": 22.5}}, ""b5"": {""services"": [""pose"", ""object""], ""fps"": {""pose"": 30, ""object"": 30}, ""eff_fps"": {""pose"": 30, ""object"": 30}, ""latency_ms"": {""pose"": 0, ""object"": 0}, ""svclat_ms"": {""pose"": 19.36, ""object"": 20.87}}, ""b6"": {""services"": [""pose"", ""object""], ""fps"": {""pose"": 30, ""object"": 30}, ""eff_fps"": {""pose"": 30, ""object"": 30}, ""latency_ms"": {""pose"": 0, ""object"": 0}, ""svclat_ms"": {""pose"": 21.86, ""object"": 18.56}}, ""b7"": {""services"": [""pose"", ""object""], ""fps"": {""pose"": 30, ""object"": 30}, ""eff_fps"": {""pose"": 30, ""object"": 30}, ""latency_ms"": {""pose"": 0, ""object"": 0}, ""svclat_ms"": {""pose"": 19.04, ""object"": 20.9}}, ""b8"": {""services"": [""pose"", ""object""], ""fps"": {""pose"": 30, ""object"": 30}, ""eff_fps"": {""pose"": 30, ""object"": 30}, ""latency_ms"": {""pose"": 0, ""object"": 0}, ""svclat_ms"": {""pose"": 22.77, ""object"": 21.09}}, ""b9"": {""services"": [""pose"", ""object""], ""fps"": {""pose"": 30, ""object"": 30}, ""eff_fps"": {""pose"": 30, ""object"": 30}, ""latency_ms"": {""pose"": 0, ""object"": 0}, ""svclat_ms"": {""pose"": 21.37, ""object"": 21.4}}, ""b10"": {""services"": [""pose"", ""object""], ""fps"": {""pose"": 30, ""object"": 30}, ""eff_fps"": {""pose"": 30, ""object"": 30}, ""latency_ms"": {""pose"": 0, ""object"": 0}, ""svclat_ms"": {""pose"": 25.35, ""object"": 25.42}}, ""b11"": {""services"": [""pose"", ""object""], ""fps"": {""pose"": 0, ""object"": 0}, ""eff_fps"": {""pose"": 0, ""object"": 0}, ""latency_ms"": {""pose"": 0, ""object"": 0}, ""svclat_ms"": {""pose"": 0.0, ""object"": 0.0}}, ""b12"": {""services"": [""pose"", ""object""], ""fps"": {""pose"": 0, ""object"": 0}, ""eff_fps"": {""pose"": 0, ""object"": 0}, ""latency_ms"": {""pose"": 0, ""object"": 0}, ""svclat_ms"": {""pose"": 0.0, ""object"": 0.0}}, ""b13"": {""services"": [""pose"", ""object""], ""fps"": {""pose"": 0, ""object"": 0}, ""eff_fps"": {""pose"": 0, ""object"": 0}, ""latency_ms"": {""pose"": 0, ""object"": 0}, ""svclat_ms"": {""pose"": 0.0, ""object"": 0.0}}, ""b14"": {""services"": [""pose"", ""object""], ""fps"": {""pose"": 0, ""object"": 0}, ""eff_fps"": {""pose"": 0, ""object"": 0}, ""latency_ms"": {""pose"": 0, ""object"": 0}, ""svclat_ms"": {""pose"": 0.0, ""object"": 0.0}}, ""b15"": {""services"": [""pose"", ""object""], ""fps"": {""pose"": 0, ""object"": 0}, ""eff_fps"": {""pose"": 0, ""object"": 0}, ""latency_ms"": {""pose"": 0, ""object"": 0}, ""svclat_ms"": {""pose"": 0.0, ""object"": 0.0}}}"
250.7,9,9,1.0,0,0,27,14,14,1.0,966.0,540,0.559,0.0,1.56,0.0,30.0,0,30.0,30.0,0,30.0,0,0,0,21.14,0,20.18,300,"{""ip-172-31-0-204"": ""healthy"", ""ip-172-31-1-171"": ""healthy"", ""ip-172-31-10-12"": ""healthy"", ""ip-172-31-11-132"": ""healthy"", ""ip-172-31-13-134"": ""healthy"", ""ip-172-31-14-68"": ""healthy"", ""ip-172-31-40-239"": ""healthy""}",unsubscribe,9.8,1.0,0,0,"{""ip-172-31-0-204"": {""pose"": 1, ""object"": 1}, ""ip-172-31-1-171"": {""pose"": 1, ""object"": 1}, ""ip-172-31-13-134"": {""pose"": 1, ""object"": 1}, ""ip-172-31-10-12"": {""pose"": 1, ""object"": 1}, ""ip-172-31-11-132"": {""pose"": 1, ""object"": 1}, ""ip-172-31-40-239"": {""pose"": 1, ""object"": 1}, ""ip-172-31-14-68"": {""pose"": 1, ""object"": 1}}","{""b6"": {""services"": [""pose"", ""object""], ""fps"": {""pose"": 30, ""object"": 30}, ""eff_fps"": {""pose"": 30, ""object"": 30}, ""latency_ms"": {""pose"": 0, ""object"": 0}, ""svclat_ms"": {""pose"": 21.55, ""object"": 18.78}}, ""b7"": {""services"": [""pose"", ""object""], ""fps"": {""pose"": 30, ""object"": 30}, ""eff_fps"": {""pose"": 30, ""object"": 30}, ""latency_ms"": {""pose"": 0, ""object"": 0}, ""svclat_ms"": {""pose"": 19.46, ""object"": 20.78}}, ""b8"": {""services"": [""pose"", ""object""], ""fps"": {""pose"": 30, ""object"": 30}, ""eff_fps"": {""pose"": 30, ""object"": 30}, ""latency_ms"": {""pose"": 0, ""object"": 0}, ""svclat_ms"": {""pose"": 22.33, ""object"": 20.54}}, ""b9"": {""services"": [""pose"", ""object""], ""fps"": {""pose"": 30, ""object"": 30}, ""eff_fps"": {""pose"": 30, ""object"": 30}, ""latency_ms"": {""pose"": 0, ""object"": 0}, ""svclat_ms"": {""pose"": 21.58, ""object"": 21.28}}, ""b10"": {""services"": [""pose"", ""object""], ""fps"": {""pose"": 30, ""object"": 30}, ""eff_fps"": {""pose"": 30, ""object"": 30}, ""latency_ms"": {""pose"": 0, ""object"": 0}, ""svclat_ms"": {""pose"": 20.78, ""object"": 19.52}}, ""b11"": {""services"": [""pose"", ""object""], ""fps"": {""pose"": 0, ""object"": 0}, ""eff_fps"": {""pose"": 0, ""object"": 0}, ""latency_ms"": {""pose"": 0, ""object"": 0}, ""svclat_ms"": {""pose"": 0.0, ""object"": 0.0}}, ""b12"": {""services"": [""pose"", ""object""], ""fps"": {""pose"": 0, ""object"": 0}, ""eff_fps"": {""pose"": 0, ""object"": 0}, ""latency_ms"": {""pose"": 0, ""object"": 0}, ""svclat_ms"": {""pose"": 0.0, ""object"": 0.0}}, ""b13"": {""services"": [""pose"", ""object""], ""fps"": {""pose"": 0, ""object"": 0}, ""eff_fps"": {""pose"": 0, ""object"": 0}, ""latency_ms"": {""pose"": 0, ""object"": 0}, ""svclat_ms"": {""pose"": 0.0, ""object"": 0.0}}, ""b14"": {""services"": [""pose"", ""object""], ""fps"": {""pose"": 0, ""object"": 0}, ""eff_fps"": {""pose"": 0, ""object"": 0}, ""latency_ms"": {""pose"": 0, ""object"": 0}, ""svclat_ms"": {""pose"": 0.0, ""object"": 0.0}}, ""b15"": {""services"": [""pose"", ""object""], ""fps"": {""pose"": 0, ""object"": 0}, ""eff_fps"": {""pose"": 0, ""object"": 0}, ""latency_ms"": {""pose"": 0, ""object"": 0}, ""svclat_ms"": {""pose"": 0.0, ""object"": 0.0}}}"
254.8,9,9,1.0,0,0,27,14,14,1.0,966.0,540,0.559,0.0,1.56,0.0,30.25,0,30.25,30.25,0,30.25,0,0,0,20.84,0,20.57,242,"{""ip-172-31-0-204"": ""healthy"", ""ip-172-31-1-171"": ""healthy"", ""ip-172-31-10-12"": ""healthy"", ""ip-172-31-11-132"": ""healthy"", ""ip-172-31-13-134"": ""healthy"", ""ip-172-31-14-68"": ""healthy"", ""ip-172-31-40-239"": ""healthy""}",unsubscribe,10.5,1.0,0,0,"{""ip-172-31-0-204"": {""pose"": 1, ""object"": 1}, ""ip-172-31-1-171"": {""pose"": 1, ""object"": 1}, ""ip-172-31-13-134"": {""pose"": 1, ""object"": 1}, ""ip-172-31-10-12"": {""pose"": 1, ""object"": 1}, ""ip-172-31-11-132"": {""pose"": 1, ""object"": 1}, ""ip-172-31-40-239"": {""pose"": 1, ""object"": 1}, ""ip-172-31-14-68"": {""pose"": 1, ""object"": 1}}","{""b7"": {""services"": [""pose"", ""object""], ""fps"": {""pose"": 30, ""object"": 30}, ""eff_fps"": {""pose"": 30, ""object"": 30}, ""latency_ms"": {""pose"": 0, ""object"": 0}, ""svclat_ms"": {""pose"": 19.42, ""object"": 21.15}}, ""b8"": {""services"": [""pose"", ""object""], ""fps"": {""pose"": 30, ""object"": 30}, ""eff_fps"": {""pose"": 30, ""object"": 30}, ""latency_ms"": {""pose"": 0, ""object"": 0}, ""svclat_ms"": {""pose"": 21.67, ""object"": 19.99}}, ""b9"": {""services"": [""pose"", ""object""], ""fps"": {""pose"": 30, ""object"": 30}, ""eff_fps"": {""pose"": 30, ""object"": 30}, ""latency_ms"": {""pose"": 0, ""object"": 0}, ""svclat_ms"": {""pose"": 21.07, ""object"": 21.1}}, ""b10"": {""services"": [""pose"", ""object""], ""fps"": {""pose"": 31, ""object"": 31}, ""eff_fps"": {""pose"": 31, ""object"": 31}, ""latency_ms"": {""pose"": 0, ""object"": 0}, ""svclat_ms"": {""pose"": 21.19, ""object"": 20.04}}, ""b11"": {""services"": [""pose"", ""object""], ""fps"": {""pose"": 0, ""object"": 0}, ""eff_fps"": {""pose"": 0, ""object"": 0}, ""latency_ms"": {""pose"": 0, ""object"": 0}, ""svclat_ms"": {""pose"": 0.0, ""object"": 0.0}}, ""b12"": {""services"": [""pose"", ""object""], ""fps"": {""pose"": 0, ""object"": 0}, ""eff_fps"": {""pose"": 0, ""object"": 0}, ""latency_ms"": {""pose"": 0, ""object"": 0}, ""svclat_ms"": {""pose"": 0.0, ""object"": 0.0}}, ""b13"": {""services"": [""pose"", ""object""], ""fps"": {""pose"": 0, ""object"": 0}, ""eff_fps"": {""pose"": 0, ""object"": 0}, ""latency_ms"": {""pose"": 0, ""object"": 0}, ""svclat_ms"": {""pose"": 0.0, ""object"": 0.0}}, ""b14"": {""services"": [""pose"", ""object""], ""fps"": {""pose"": 0, ""object"": 0}, ""eff_fps"": {""pose"": 0, ""object"": 0}, ""latency_ms"": {""pose"": 0, ""object"": 0}, ""svclat_ms"": {""pose"": 0.0, ""object"": 0.0}}, ""b15"": {""services"": [""pose"", ""object""], ""fps"": {""pose"": 0, ""object"": 0}, ""eff_fps"": {""pose"": 0, ""object"": 0}, ""latency_ms"": {""pose"": 0, ""object"": 0}, ""svclat_ms"": {""pose"": 0.0, ""object"": 0.0}}}"
259.6,5,5,1.0,0,4,31,10,10,1.0,690.0,300,0.435,0.0,2.0,0.0,30.0,0,30.0,30.0,0,30.0,0,0,0,21.46,0,20.8,240,"{""ip-172-31-0-204"": ""healthy"", ""ip-172-31-1-171"": ""healthy"", ""ip-172-31-10-12"": ""healthy"", ""ip-172-31-11-132"": ""healthy"", ""ip-172-31-13-134"": ""healthy"", ""ip-172-31-14-68"": ""healthy"", ""ip-172-31-40-239"": ""healthy""}",subscribe,10.1,1.0,0,0,"{""ip-172-31-0-204"": {""pose"": 1, ""object"": 1}, ""ip-172-31-1-171"": {""pose"": 1, ""object"": 1}, ""ip-172-31-13-134"": {""pose"": 1, ""object"": 1}, ""ip-172-31-10-12"": {""pose"": 1, ""object"": 1}, ""ip-172-31-11-132"": {""pose"": 1, ""object"": 1}}","{""b7"": {""services"": [""pose"", ""object""], ""fps"": {""pose"": 30, ""object"": 30}, ""eff_fps"": {""pose"": 30, ""object"": 30}, ""latency_ms"": {""pose"": 0, ""object"": 0}, ""svclat_ms"": {""pose"": 21.12, ""object"": 21.28}}, ""b8"": {""services"": [""pose"", ""object""], ""fps"": {""pose"": 30, ""object"": 30}, ""eff_fps"": {""pose"": 30, ""object"": 30}, ""latency_ms"": {""pose"": 0, ""object"": 0}, ""svclat_ms"": {""pose"": 21.66, ""object"": 19.62}}, ""b9"": {""services"": [""pose"", ""object""], ""fps"": {""pose"": 30, ""object"": 30}, ""eff_fps"": {""pose"": 30, ""object"": 30}, ""latency_ms"": {""pose"": 0, ""object"": 0}, ""svclat_ms"": {""pose"": 20.99, ""object"": 21.02}}, ""b10"": {""services"": [""pose"", ""object""], ""fps"": {""pose"": 30, ""object"": 30}, ""eff_fps"": {""pose"": 30, ""object"": 30}, ""latency_ms"": {""pose"": 0, ""object"": 0}, ""svclat_ms"": {""pose"": 22.07, ""object"": 21.27}}, ""b11"": {""services"": [""pose"", ""object""], ""fps"": {""pose"": 0, ""object"": 0}, ""eff_fps"": {""pose"": 0, ""object"": 0}, ""latency_ms"": {""pose"": 0, ""object"": 0}, ""svclat_ms"": {""pose"": 0.0, ""object"": 0.0}}, ""b12"": {""services"": [""pose"", ""object""], ""fps"": {""pose"": 0, ""object"": 0}, ""eff_fps"": {""pose"": 0, ""object"": 0}, ""latency_ms"": {""pose"": 0, ""object"": 0}, ""svclat_ms"": {""pose"": 0.0, ""object"": 0.0}}, ""b13"": {""services"": [""pose"", ""object""], ""fps"": {""pose"": 0, ""object"": 0}, ""eff_fps"": {""pose"": 0, ""object"": 0}, ""latency_ms"": {""pose"": 0, ""object"": 0}, ""svclat_ms"": {""pose"": 0.0, ""object"": 0.0}}, ""b14"": {""services"": [""pose"", ""object""], ""fps"": {""pose"": 0, ""object"": 0}, ""eff_fps"": {""pose"": 0, ""object"": 0}, ""latency_ms"": {""pose"": 0, ""object"": 0}, ""svclat_ms"": {""pose"": 0.0, ""object"": 0.0}}, ""b15"": {""services"": [""pose"", ""object""], ""fps"": {""pose"": 0, ""object"": 0}, ""eff_fps"": {""pose"": 0, ""object"": 0}, ""latency_ms"": {""pose"": 0, ""object"": 0}, ""svclat_ms"": {""pose"": 0.0, ""object"": 0.0}}}"
264.2,5,5,1.0,0,0,31,10,10,1.0,690.0,300,0.435,0.0,2.0,0.0,30.0,0,30.0,30.0,0,30.0,0,0,0,21.27,0,20.46,240,"{""ip-172-31-0-204"": ""healthy"", ""ip-172-31-1-171"": ""healthy"", ""ip-172-31-10-12"": ""healthy"", ""ip-172-31-11-132"": ""healthy"", ""ip-172-31-13-134"": ""healthy"", ""ip-172-31-14-68"": ""healthy"", ""ip-172-31-40-239"": ""healthy""}",unsubscribe,12.9,1.0,0,0,"{""ip-172-31-0-204"": {""pose"": 1, ""object"": 1}, ""ip-172-31-1-171"": {""pose"": 1, ""object"": 1}, ""ip-172-31-13-134"": {""pose"": 1, ""object"": 1}, ""ip-172-31-10-12"": {""pose"": 1, ""object"": 1}, ""ip-172-31-11-132"": {""pose"": 1, ""object"": 1}}","{""b7"": {""services"": [""pose"", ""object""], ""fps"": {""pose"": 30, ""object"": 30}, ""eff_fps"": {""pose"": 30, ""object"": 30}, ""latency_ms"": {""pose"": 0, ""object"": 0}, ""svclat_ms"": {""pose"": 21.24, ""object"": 20.99}}, ""b8"": {""services"": [""pose"", ""object""], ""fps"": {""pose"": 30, ""object"": 30}, ""eff_fps"": {""pose"": 30, ""object"": 30}, ""latency_ms"": {""pose"": 0, ""object"": 0}, ""svclat_ms"": {""pose"": 21.42, ""object"": 19.1}}, ""b9"": {""services"": [""pose"", ""object""], ""fps"": {""pose"": 30, ""object"": 30}, ""eff_fps"": {""pose"": 30, ""object"": 30}, ""latency_ms"": {""pose"": 0, ""object"": 0}, ""svclat_ms"": {""pose"": 20.87, ""object"": 21.18}}, ""b10"": {""services"": [""pose"", ""object""], ""fps"": {""pose"": 30, ""object"": 30}, ""eff_fps"": {""pose"": 30, ""object"": 30}, ""latency_ms"": {""pose"": 0, ""object"": 0}, ""svclat_ms"": {""pose"": 21.56, ""object"": 20.56}}, ""b11"": {""services"": [""pose"", ""object""], ""fps"": {""pose"": 0, ""object"": 0}, ""eff_fps"": {""pose"": 0, ""object"": 0}, ""latency_ms"": {""pose"": 0, ""object"": 0}, ""svclat_ms"": {""pose"": 0.0, ""object"": 0.0}}, ""b12"": {""services"": [""pose"", ""object""], ""fps"": {""pose"": 0, ""object"": 0}, ""eff_fps"": {""pose"": 0, ""object"": 0}, ""latency_ms"": {""pose"": 0, ""object"": 0}, ""svclat_ms"": {""pose"": 0.0, ""object"": 0.0}}, ""b13"": {""services"": [""pose"", ""object""], ""fps"": {""pose"": 0, ""object"": 0}, ""eff_fps"": {""pose"": 0, ""object"": 0}, ""latency_ms"": {""pose"": 0, ""object"": 0}, ""svclat_ms"": {""pose"": 0.0, ""object"": 0.0}}, ""b14"": {""services"": [""pose"", ""object""], ""fps"": {""pose"": 0, ""object"": 0}, ""eff_fps"": {""pose"": 0, ""object"": 0}, ""latency_ms"": {""pose"": 0, ""object"": 0}, ""svclat_ms"": {""pose"": 0.0, ""object"": 0.0}}, ""b15"": {""services"": [""pose"", ""object""], ""fps"": {""pose"": 0, ""object"": 0}, ""eff_fps"": {""pose"": 0, ""object"": 0}, ""latency_ms"": {""pose"": 0, ""object"": 0}, ""svclat_ms"": {""pose"": 0.0, ""object"": 0.0}}}"
268.8,5,5,1.0,0,0,31,10,10,1.0,690.0,300,0.435,0.0,2.0,0.0,30.0,0,30.0,30.0,0,30.0,0,0,0,21.16,0,20.14,180,"{""ip-172-31-0-204"": ""healthy"", ""ip-172-31-1-171"": ""healthy"", ""ip-172-31-10-12"": ""healthy"", ""ip-172-31-11-132"": ""healthy"", ""ip-172-31-13-134"": ""healthy"", ""ip-172-31-14-68"": ""healthy"", ""ip-172-31-40-239"": ""healthy""}",unsubscribe,12.1,1.0,0,0,"{""ip-172-31-0-204"": {""pose"": 1, ""object"": 1}, ""ip-172-31-1-171"": {""pose"": 1, ""object"": 1}, ""ip-172-31-13-134"": {""pose"": 1, ""object"": 1}, ""ip-172-31-10-12"": {""pose"": 1, ""object"": 1}, ""ip-172-31-11-132"": {""pose"": 1, ""object"": 1}}","{""b8"": {""services"": [""pose"", ""object""], ""fps"": {""pose"": 30, ""object"": 30}, ""eff_fps"": {""pose"": 30, ""object"": 30}, ""latency_ms"": {""pose"": 0, ""object"": 0}, ""svclat_ms"": {""pose"": 21.13, ""object"": 18.63}}, ""b9"": {""services"": [""pose"", ""object""], ""fps"": {""pose"": 30, ""object"": 30}, ""eff_fps"": {""pose"": 30, ""object"": 30}, ""latency_ms"": {""pose"": 0, ""object"": 0}, ""svclat_ms"": {""pose"": 21.03, ""object"": 21.21}}, ""b10"": {""services"": [""pose"", ""object""], ""fps"": {""pose"": 30, ""object"": 30}, ""eff_fps"": {""pose"": 30, ""object"": 30}, ""latency_ms"": {""pose"": 0, ""object"": 0}, ""svclat_ms"": {""pose"": 21.31, ""object"": 20.59}}, ""b11"": {""services"": [""pose"", ""object""], ""fps"": {""pose"": 0, ""object"": 0}, ""eff_fps"": {""pose"": 0, ""object"": 0}, ""latency_ms"": {""pose"": 0, ""object"": 0}, ""svclat_ms"": {""pose"": 0.0, ""object"": 0.0}}, ""b12"": {""services"": [""pose"", ""object""], ""fps"": {""pose"": 0, ""object"": 0}, ""eff_fps"": {""pose"": 0, ""object"": 0}, ""latency_ms"": {""pose"": 0, ""object"": 0}, ""svclat_ms"": {""pose"": 0.0, ""object"": 0.0}}, ""b13"": {""services"": [""pose"", ""object""], ""fps"": {""pose"": 0, ""object"": 0}, ""eff_fps"": {""pose"": 0, ""object"": 0}, ""latency_ms"": {""pose"": 0, ""object"": 0}, ""svclat_ms"": {""pose"": 0.0, ""object"": 0.0}}, ""b14"": {""services"": [""pose"", ""object""], ""fps"": {""pose"": 0, ""object"": 0}, ""eff_fps"": {""pose"": 0, ""object"": 0}, ""latency_ms"": {""pose"": 0, ""object"": 0}, ""svclat_ms"": {""pose"": 0.0, ""object"": 0.0}}, ""b15"": {""services"": [""pose"", ""object""], ""fps"": {""pose"": 0, ""object"": 0}, ""eff_fps"": {""pose"": 0, ""object"": 0}, ""latency_ms"": {""pose"": 0, ""object"": 0}, ""svclat_ms"": {""pose"": 0.0, ""object"": 0.0}}}"
273.1,6,5,0.833,0,0,31,10,10,1.0,690.0,300,0.435,0.0,2.0,0.0,30.0,0,30.0,30.0,0,30.0,0,0,0,21.69,0,20.79,60,"{""ip-172-31-0-204"": ""healthy"", ""ip-172-31-1-171"": ""healthy"", ""ip-172-31-10-12"": ""healthy"", ""ip-172-31-11-132"": ""healthy"", ""ip-172-31-13-134"": ""healthy"", ""ip-172-31-14-68"": ""healthy"", ""ip-172-31-40-239"": ""healthy""}",unsubscribe,11.7,1.0,0,0,"{""ip-172-31-0-204"": {""pose"": 1, ""object"": 1}, ""ip-172-31-1-171"": {""pose"": 1, ""object"": 1}, ""ip-172-31-13-134"": {""pose"": 1, ""object"": 1}, ""ip-172-31-10-12"": {""pose"": 1, ""object"": 1}, ""ip-172-31-11-132"": {""pose"": 1, ""object"": 1}}","{""b10"": {""services"": [""pose"", ""object""], ""fps"": {""pose"": 30, ""object"": 30}, ""eff_fps"": {""pose"": 30, ""object"": 30}, ""latency_ms"": {""pose"": 0, ""object"": 0}, ""svclat_ms"": {""pose"": 21.69, ""object"": 20.79}}, ""b11"": {""services"": [""pose"", ""object""], ""fps"": {""pose"": 0, ""object"": 0}, ""eff_fps"": {""pose"": 0, ""object"": 0}, ""latency_ms"": {""pose"": 0, ""object"": 0}, ""svclat_ms"": {""pose"": 0.0, ""object"": 0.0}}, ""b12"": {""services"": [""pose"", ""object""], ""fps"": {""pose"": 0, ""object"": 0}, ""eff_fps"": {""pose"": 0, ""object"": 0}, ""latency_ms"": {""pose"": 0, ""object"": 0}, ""svclat_ms"": {""pose"": 0.0, ""object"": 0.0}}, ""b13"": {""services"": [""pose"", ""object""], ""fps"": {""pose"": 0, ""object"": 0}, ""eff_fps"": {""pose"": 0, ""object"": 0}, ""latency_ms"": {""pose"": 0, ""object"": 0}, ""svclat_ms"": {""pose"": 0.0, ""object"": 0.0}}, ""b14"": {""services"": [""pose"", ""object""], ""fps"": {""pose"": 0, ""object"": 0}, ""eff_fps"": {""pose"": 0, ""object"": 0}, ""latency_ms"": {""pose"": 0, ""object"": 0}, ""svclat_ms"": {""pose"": 0.0, ""object"": 0.0}}, ""b15"": {""services"": [""pose"", ""object""], ""fps"": {""pose"": 0, ""object"": 0}, ""eff_fps"": {""pose"": 0, ""object"": 0}, ""latency_ms"": {""pose"": 0, ""object"": 0}, ""svclat_ms"": {""pose"": 0.0, ""object"": 0.0}}}"
277.4,6,6,1.0,0,0,31,10,10,1.0,690.0,360,0.522,0.0,2.0,0.0,31.0,0,31.0,31.0,0,31.0,0,0,0,22.34,0,21.43,62,"{""ip-172-31-0-204"": ""healthy"", ""ip-172-31-1-171"": ""healthy"", ""ip-172-31-10-12"": ""healthy"", ""ip-172-31-11-132"": ""healthy"", ""ip-172-31-13-134"": ""healthy"", ""ip-172-31-14-68"": ""healthy"", ""ip-172-31-40-239"": ""healthy""}",subscribe,8.9,1.0,0,0,"{""ip-172-31-0-204"": {""pose"": 1, ""object"": 1}, ""ip-172-31-1-171"": {""pose"": 1, ""object"": 1}, ""ip-172-31-13-134"": {""pose"": 1, ""object"": 1}, ""ip-172-31-10-12"": {""pose"": 1, ""object"": 1}, ""ip-172-31-11-132"": {""pose"": 1, ""object"": 1}}","{""b10"": {""services"": [""pose"", ""object""], ""fps"": {""pose"": 31, ""object"": 31}, ""eff_fps"": {""pose"": 31, ""object"": 31}, ""latency_ms"": {""pose"": 0, ""object"": 0}, ""svclat_ms"": {""pose"": 22.34, ""object"": 21.43}}, ""b11"": {""services"": [""pose"", ""object""], ""fps"": {""pose"": 0, ""object"": 0}, ""eff_fps"": {""pose"": 0, ""object"": 0}, ""latency_ms"": {""pose"": 0, ""object"": 0}, ""svclat_ms"": {""pose"": 0.0, ""object"": 0.0}}, ""b12"": {""services"": [""pose"", ""object""], ""fps"": {""pose"": 0, ""object"": 0}, ""eff_fps"": {""pose"": 0, ""object"": 0}, ""latency_ms"": {""pose"": 0, ""object"": 0}, ""svclat_ms"": {""pose"": 0.0, ""object"": 0.0}}, ""b13"": {""services"": [""pose"", ""object""], ""fps"": {""pose"": 0, ""object"": 0}, ""eff_fps"": {""pose"": 0, ""object"": 0}, ""latency_ms"": {""pose"": 0, ""object"": 0}, ""svclat_ms"": {""pose"": 0.0, ""object"": 0.0}}, ""b14"": {""services"": [""pose"", ""object""], ""fps"": {""pose"": 0, ""object"": 0}, ""eff_fps"": {""pose"": 0, ""object"": 0}, ""latency_ms"": {""pose"": 0, ""object"": 0}, ""svclat_ms"": {""pose"": 0.0, ""object"": 0.0}}, ""b15"": {""services"": [""pose"", ""object""], ""fps"": {""pose"": 0, ""object"": 0}, ""eff_fps"": {""pose"": 0, ""object"": 0}, ""latency_ms"": {""pose"": 0, ""object"": 0}, ""svclat_ms"": {""pose"": 0.0, ""object"": 0.0}}}"
279.8,6,6,1.0,0,0,31,10,10,1.0,690.0,360,0.522,0.0,1.67,0.0,30.0,0,30.0,30.0,0,30.0,0,0,0,21.05,0,20.97,60,"{""ip-172-31-0-204"": ""healthy"", ""ip-172-31-1-171"": ""healthy"", ""ip-172-31-10-12"": ""healthy"", ""ip-172-31-11-132"": ""healthy"", ""ip-172-31-13-134"": ""healthy"", ""ip-172-31-14-68"": ""healthy"", ""ip-172-31-40-239"": ""healthy""}",subscribe,10.0,1.0,0,0,"{""ip-172-31-0-204"": {""pose"": 1, ""object"": 1}, ""ip-172-31-1-171"": {""pose"": 1, ""object"": 1}, ""ip-172-31-13-134"": {""pose"": 1, ""object"": 1}, ""ip-172-31-10-12"": {""pose"": 1, ""object"": 1}, ""ip-172-31-11-132"": {""pose"": 1, ""object"": 1}}","{""b10"": {""services"": [""pose"", ""object""], ""fps"": {""pose"": 30, ""object"": 30}, ""eff_fps"": {""pose"": 30, ""object"": 30}, ""latency_ms"": {""pose"": 0, ""object"": 0}, ""svclat_ms"": {""pose"": 21.05, ""object"": 20.97}}, ""b11"": {""services"": [""pose"", ""object""], ""fps"": {""pose"": 0, ""object"": 0}, ""eff_fps"": {""pose"": 0, ""object"": 0}, ""latency_ms"": {""pose"": 0, ""object"": 0}, ""svclat_ms"": {""pose"": 0.0, ""object"": 0.0}}, ""b12"": {""services"": [""pose"", ""object""], ""fps"": {""pose"": 0, ""object"": 0}, ""eff_fps"": {""pose"": 0, ""object"": 0}, ""latency_ms"": {""pose"": 0, ""object"": 0}, ""svclat_ms"": {""pose"": 0.0, ""object"": 0.0}}, ""b13"": {""services"": [""pose"", ""object""], ""fps"": {""pose"": 0, ""object"": 0}, ""eff_fps"": {""pose"": 0, ""object"": 0}, ""latency_ms"": {""pose"": 0, ""object"": 0}, ""svclat_ms"": {""pose"": 0.0, ""object"": 0.0}}, ""b14"": {""services"": [""pose"", ""object""], ""fps"": {""pose"": 0, ""object"": 0}, ""eff_fps"": {""pose"": 0, ""object"": 0}, ""latency_ms"": {""pose"": 0, ""object"": 0}, ""svclat_ms"": {""pose"": 0.0, ""object"": 0.0}}, ""b15"": {""services"": [""pose"", ""object""], ""fps"": {""pose"": 0, ""object"": 0}, ""eff_fps"": {""pose"": 0, ""object"": 0}, ""latency_ms"": {""pose"": 0, ""object"": 0}, ""svclat_ms"": {""pose"": 0.0, ""object"": 0.0}}}"
282.3,6,6,1.0,0,0,31,10,10,1.0,690.0,360,0.522,0.0,1.67,0.0,30.0,0,30.0,30.0,0,30.0,0,0,0,20.88,0,20.48,60,"{""ip-172-31-0-204"": ""healthy"", ""ip-172-31-1-171"": ""healthy"", ""ip-172-31-10-12"": ""healthy"", ""ip-172-31-11-132"": ""healthy"", ""ip-172-31-13-134"": ""healthy"", ""ip-172-31-14-68"": ""healthy"", ""ip-172-31-40-239"": ""healthy""}",subscribe,10.0,1.0,0,0,"{""ip-172-31-0-204"": {""pose"": 1, ""object"": 1}, ""ip-172-31-1-171"": {""pose"": 1, ""object"": 1}, ""ip-172-31-13-134"": {""pose"": 1, ""object"": 1}, ""ip-172-31-10-12"": {""pose"": 1, ""object"": 1}, ""ip-172-31-11-132"": {""pose"": 1, ""object"": 1}}","{""b10"": {""services"": [""pose"", ""object""], ""fps"": {""pose"": 30, ""object"": 30}, ""eff_fps"": {""pose"": 30, ""object"": 30}, ""latency_ms"": {""pose"": 0, ""object"": 0}, ""svclat_ms"": {""pose"": 20.88, ""object"": 20.48}}, ""b11"": {""services"": [""pose"", ""object""], ""fps"": {""pose"": 0, ""object"": 0}, ""eff_fps"": {""pose"": 0, ""object"": 0}, ""latency_ms"": {""pose"": 0, ""object"": 0}, ""svclat_ms"": {""pose"": 0.0, ""object"": 0.0}}, ""b12"": {""services"": [""pose"", ""object""], ""fps"": {""pose"": 0, ""object"": 0}, ""eff_fps"": {""pose"": 0, ""object"": 0}, ""latency_ms"": {""pose"": 0, ""object"": 0}, ""svclat_ms"": {""pose"": 0.0, ""object"": 0.0}}, ""b13"": {""services"": [""pose"", ""object""], ""fps"": {""pose"": 0, ""object"": 0}, ""eff_fps"": {""pose"": 0, ""object"": 0}, ""latency_ms"": {""pose"": 0, ""object"": 0}, ""svclat_ms"": {""pose"": 0.0, ""object"": 0.0}}, ""b14"": {""services"": [""pose"", ""object""], ""fps"": {""pose"": 0, ""object"": 0}, ""eff_fps"": {""pose"": 0, ""object"": 0}, ""latency_ms"": {""pose"": 0, ""object"": 0}, ""svclat_ms"": {""pose"": 0.0, ""object"": 0.0}}, ""b15"": {""services"": [""pose"", ""object""], ""fps"": {""pose"": 0, ""object"": 0}, ""eff_fps"": {""pose"": 0, ""object"": 0}, ""latency_ms"": {""pose"": 0, ""object"": 0}, ""svclat_ms"": {""pose"": 0.0, ""object"": 0.0}}}"
284.7,6,6,1.0,0,0,31,10,10,1.0,690.0,360,0.522,0.0,1.67,0.0,30.0,0,30.0,30.0,0,30.0,0,0,0,22.08,0,21.24,60,"{""ip-172-31-0-204"": ""healthy"", ""ip-172-31-1-171"": ""healthy"", ""ip-172-31-10-12"": ""healthy"", ""ip-172-31-11-132"": ""healthy"", ""ip-172-31-13-134"": ""healthy"", ""ip-172-31-14-68"": ""healthy"", ""ip-172-31-40-239"": ""healthy""}",subscribe,10.0,1.0,0,0,"{""ip-172-31-0-204"": {""pose"": 1, ""object"": 1}, ""ip-172-31-1-171"": {""pose"": 1, ""object"": 1}, ""ip-172-31-13-134"": {""pose"": 1, ""object"": 1}, ""ip-172-31-10-12"": {""pose"": 1, ""object"": 1}, ""ip-172-31-11-132"": {""pose"": 1, ""object"": 1}}","{""b10"": {""services"": [""pose"", ""object""], ""fps"": {""pose"": 30, ""object"": 30}, ""eff_fps"": {""pose"": 30, ""object"": 30}, ""latency_ms"": {""pose"": 0, ""object"": 0}, ""svclat_ms"": {""pose"": 22.08, ""object"": 21.24}}, ""b11"": {""services"": [""pose"", ""object""], ""fps"": {""pose"": 0, ""object"": 0}, ""eff_fps"": {""pose"": 0, ""object"": 0}, ""latency_ms"": {""pose"": 0, ""object"": 0}, ""svclat_ms"": {""pose"": 0.0, ""object"": 0.0}}, ""b12"": {""services"": [""pose"", ""object""], ""fps"": {""pose"": 0, ""object"": 0}, ""eff_fps"": {""pose"": 0, ""object"": 0}, ""latency_ms"": {""pose"": 0, ""object"": 0}, ""svclat_ms"": {""pose"": 0.0, ""object"": 0.0}}, ""b13"": {""services"": [""pose"", ""object""], ""fps"": {""pose"": 0, ""object"": 0}, ""eff_fps"": {""pose"": 0, ""object"": 0}, ""latency_ms"": {""pose"": 0, ""object"": 0}, ""svclat_ms"": {""pose"": 0.0, ""object"": 0.0}}, ""b14"": {""services"": [""pose"", ""object""], ""fps"": {""pose"": 0, ""object"": 0}, ""eff_fps"": {""pose"": 0, ""object"": 0}, ""latency_ms"": {""pose"": 0, ""object"": 0}, ""svclat_ms"": {""pose"": 0.0, ""object"": 0.0}}, ""b15"": {""services"": [""pose"", ""object""], ""fps"": {""pose"": 0, ""object"": 0}, ""eff_fps"": {""pose"": 0, ""object"": 0}, ""latency_ms"": {""pose"": 0, ""object"": 0}, ""svclat_ms"": {""pose"": 0.0, ""object"": 0.0}}}"
287.1,6,6,1.0,0,0,31,10,10,1.0,690.0,360,0.522,0.0,1.67,0.0,30.0,0,30.0,30.0,0,30.0,0,0,0,21.55,0,20.79,60,"{""ip-172-31-0-204"": ""healthy"", ""ip-172-31-1-171"": ""healthy"", ""ip-172-31-10-12"": ""healthy"", ""ip-172-31-11-132"": ""healthy"", ""ip-172-31-13-134"": ""healthy"", ""ip-172-31-14-68"": ""healthy"", ""ip-172-31-40-239"": ""healthy""}",subscribe,10.0,1.0,0,0,"{""ip-172-31-0-204"": {""pose"": 1, ""object"": 1}, ""ip-172-31-1-171"": {""pose"": 1, ""object"": 1}, ""ip-172-31-13-134"": {""pose"": 1, ""object"": 1}, ""ip-172-31-10-12"": {""pose"": 1, ""object"": 1}, ""ip-172-31-11-132"": {""pose"": 1, ""object"": 1}}","{""b10"": {""services"": [""pose"", ""object""], ""fps"": {""pose"": 30, ""object"": 30}, ""eff_fps"": {""pose"": 30, ""object"": 30}, ""latency_ms"": {""pose"": 0, ""object"": 0}, ""svclat_ms"": {""pose"": 21.55, ""object"": 20.79}}, ""b11"": {""services"": [""pose"", ""object""], ""fps"": {""pose"": 0, ""object"": 0}, ""eff_fps"": {""pose"": 0, ""object"": 0}, ""latency_ms"": {""pose"": 0, ""object"": 0}, ""svclat_ms"": {""pose"": 0.0, ""object"": 0.0}}, ""b12"": {""services"": [""pose"", ""object""], ""fps"": {""pose"": 0, ""object"": 0}, ""eff_fps"": {""pose"": 0, ""object"": 0}, ""latency_ms"": {""pose"": 0, ""object"": 0}, ""svclat_ms"": {""pose"": 0.0, ""object"": 0.0}}, ""b13"": {""services"": [""pose"", ""object""], ""fps"": {""pose"": 0, ""object"": 0}, ""eff_fps"": {""pose"": 0, ""object"": 0}, ""latency_ms"": {""pose"": 0, ""object"": 0}, ""svclat_ms"": {""pose"": 0.0, ""object"": 0.0}}, ""b14"": {""services"": [""pose"", ""object""], ""fps"": {""pose"": 0, ""object"": 0}, ""eff_fps"": {""pose"": 0, ""object"": 0}, ""latency_ms"": {""pose"": 0, ""object"": 0}, ""svclat_ms"": {""pose"": 0.0, ""object"": 0.0}}, ""b15"": {""services"": [""pose"", ""object""], ""fps"": {""pose"": 0, ""object"": 0}, ""eff_fps"": {""pose"": 0, ""object"": 0}, ""latency_ms"": {""pose"": 0, ""object"": 0}, ""svclat_ms"": {""pose"": 0.0, ""object"": 0.0}}}"
289.5,6,6,1.0,0,0,31,10,10,1.0,690.0,360,0.522,0.0,1.67,0.0,30.0,0,30.0,30.0,0,30.0,0,0,0,20.72,0,20.59,60,"{""ip-172-31-0-204"": ""healthy"", ""ip-172-31-1-171"": ""healthy"", ""ip-172-31-10-12"": ""healthy"", ""ip-172-31-11-132"": ""healthy"", ""ip-172-31-13-134"": ""healthy"", ""ip-172-31-14-68"": ""healthy"", ""ip-172-31-40-239"": ""healthy""}",subscribe,10.0,1.0,0,0,"{""ip-172-31-0-204"": {""pose"": 1, ""object"": 1}, ""ip-172-31-1-171"": {""pose"": 1, ""object"": 1}, ""ip-172-31-13-134"": {""pose"": 1, ""object"": 1}, ""ip-172-31-10-12"": {""pose"": 1, ""object"": 1}, ""ip-172-31-11-132"": {""pose"": 1, ""object"": 1}}","{""b10"": {""services"": [""pose"", ""object""], ""fps"": {""pose"": 30, ""object"": 30}, ""eff_fps"": {""pose"": 30, ""object"": 30}, ""latency_ms"": {""pose"": 0, ""object"": 0}, ""svclat_ms"": {""pose"": 20.72, ""object"": 20.59}}, ""b11"": {""services"": [""pose"", ""object""], ""fps"": {""pose"": 0, ""object"": 0}, ""eff_fps"": {""pose"": 0, ""object"": 0}, ""latency_ms"": {""pose"": 0, ""object"": 0}, ""svclat_ms"": {""pose"": 0.0, ""object"": 0.0}}, ""b12"": {""services"": [""pose"", ""object""], ""fps"": {""pose"": 0, ""object"": 0}, ""eff_fps"": {""pose"": 0, ""object"": 0}, ""latency_ms"": {""pose"": 0, ""object"": 0}, ""svclat_ms"": {""pose"": 0.0, ""object"": 0.0}}, ""b13"": {""services"": [""pose"", ""object""], ""fps"": {""pose"": 0, ""object"": 0}, ""eff_fps"": {""pose"": 0, ""object"": 0}, ""latency_ms"": {""pose"": 0, ""object"": 0}, ""svclat_ms"": {""pose"": 0.0, ""object"": 0.0}}, ""b14"": {""services"": [""pose"", ""object""], ""fps"": {""pose"": 0, ""object"": 0}, ""eff_fps"": {""pose"": 0, ""object"": 0}, ""latency_ms"": {""pose"": 0, ""object"": 0}, ""svclat_ms"": {""pose"": 0.0, ""object"": 0.0}}, ""b15"": {""services"": [""pose"", ""object""], ""fps"": {""pose"": 0, ""object"": 0}, ""eff_fps"": {""pose"": 0, ""object"": 0}, ""latency_ms"": {""pose"": 0, ""object"": 0}, ""svclat_ms"": {""pose"": 0.0, ""object"": 0.0}}}"
294.0,6,6,1.0,0,0,31,10,10,1.0,690.0,360,0.522,0.0,1.67,0.0,30.0,0,30.0,30.0,0,30.0,0,0,0,22.56,0,21.86,60,"{""ip-172-31-0-204"": ""healthy"", ""ip-172-31-1-171"": ""healthy"", ""ip-172-31-10-12"": ""healthy"", ""ip-172-31-11-132"": ""healthy"", ""ip-172-31-13-134"": ""healthy"", ""ip-172-31-14-68"": ""healthy"", ""ip-172-31-40-239"": ""healthy""}",subscribe,10.0,1.0,0,0,"{""ip-172-31-0-204"": {""pose"": 1, ""object"": 1}, ""ip-172-31-1-171"": {""pose"": 1, ""object"": 1}, ""ip-172-31-13-134"": {""pose"": 1, ""object"": 1}, ""ip-172-31-10-12"": {""pose"": 1, ""object"": 1}, ""ip-172-31-11-132"": {""pose"": 1, ""object"": 1}}","{""b10"": {""services"": [""pose"", ""object""], ""fps"": {""pose"": 30, ""object"": 30}, ""eff_fps"": {""pose"": 30, ""object"": 30}, ""latency_ms"": {""pose"": 0, ""object"": 0}, ""svclat_ms"": {""pose"": 22.56, ""object"": 21.86}}, ""b11"": {""services"": [""pose"", ""object""], ""fps"": {""pose"": 0, ""object"": 0}, ""eff_fps"": {""pose"": 0, ""object"": 0}, ""latency_ms"": {""pose"": 0, ""object"": 0}, ""svclat_ms"": {""pose"": 0.0, ""object"": 0.0}}, ""b12"": {""services"": [""pose"", ""object""], ""fps"": {""pose"": 0, ""object"": 0}, ""eff_fps"": {""pose"": 0, ""object"": 0}, ""latency_ms"": {""pose"": 0, ""object"": 0}, ""svclat_ms"": {""pose"": 0.0, ""object"": 0.0}}, ""b13"": {""services"": [""pose"", ""object""], ""fps"": {""pose"": 0, ""object"": 0}, ""eff_fps"": {""pose"": 0, ""object"": 0}, ""latency_ms"": {""pose"": 0, ""object"": 0}, ""svclat_ms"": {""pose"": 0.0, ""object"": 0.0}}, ""b14"": {""services"": [""pose"", ""object""], ""fps"": {""pose"": 0, ""object"": 0}, ""eff_fps"": {""pose"": 0, ""object"": 0}, ""latency_ms"": {""pose"": 0, ""object"": 0}, ""svclat_ms"": {""pose"": 0.0, ""object"": 0.0}}, ""b15"": {""services"": [""pose"", ""object""], ""fps"": {""pose"": 0, ""object"": 0}, ""eff_fps"": {""pose"": 0, ""object"": 0}, ""latency_ms"": {""pose"": 0, ""object"": 0}, ""svclat_ms"": {""pose"": 0.0, ""object"": 0.0}}}"
298.7,5,5,1.0,0,2,33,10,10,1.0,690.0,300,0.435,0.0,2.0,0.0,30.0,0,30.0,30.0,0,30.0,0,0,0,22.03,0,21.15,60,"{""ip-172-31-0-204"": ""healthy"", ""ip-172-31-1-171"": ""healthy"", ""ip-172-31-10-12"": ""healthy"", ""ip-172-31-11-132"": ""healthy"", ""ip-172-31-13-134"": ""healthy"", ""ip-172-31-14-68"": ""healthy"", ""ip-172-31-40-239"": ""healthy""}",subscribe,42.0,1.0,0,0,"{""ip-172-31-0-204"": {""pose"": 1, ""object"": 1}, ""ip-172-31-1-171"": {""pose"": 1, ""object"": 1}, ""ip-172-31-13-134"": {""pose"": 1, ""object"": 1}, ""ip-172-31-10-12"": {""pose"": 1, ""object"": 1}, ""ip-172-31-11-132"": {""pose"": 1, ""object"": 1}}","{""b10"": {""services"": [""pose"", ""object""], ""fps"": {""pose"": 30, ""object"": 30}, ""eff_fps"": {""pose"": 30, ""object"": 30}, ""latency_ms"": {""pose"": 0, ""object"": 0}, ""svclat_ms"": {""pose"": 22.03, ""object"": 21.15}}, ""b11"": {""services"": [""pose"", ""object""], ""fps"": {""pose"": 0, ""object"": 0}, ""eff_fps"": {""pose"": 0, ""object"": 0}, ""latency_ms"": {""pose"": 0, ""object"": 0}, ""svclat_ms"": {""pose"": 0.0, ""object"": 0.0}}, ""b12"": {""services"": [""pose"", ""object""], ""fps"": {""pose"": 0, ""object"": 0}, ""eff_fps"": {""pose"": 0, ""object"": 0}, ""latency_ms"": {""pose"": 0, ""object"": 0}, ""svclat_ms"": {""pose"": 0.0, ""object"": 0.0}}, ""b13"": {""services"": [""pose"", ""object""], ""fps"": {""pose"": 0, ""object"": 0}, ""eff_fps"": {""pose"": 0, ""object"": 0}, ""latency_ms"": {""pose"": 0, ""object"": 0}, ""svclat_ms"": {""pose"": 0.0, ""object"": 0.0}}, ""b14"": {""services"": [""pose"", ""object""], ""fps"": {""pose"": 0, ""object"": 0}, ""eff_fps"": {""pose"": 0, ""object"": 0}, ""latency_ms"": {""pose"": 0, ""object"": 0}, ""svclat_ms"": {""pose"": 0.0, ""object"": 0.0}}, ""b15"": {""services"": [""pose"", ""object""], ""fps"": {""pose"": 0, ""object"": 0}, ""eff_fps"": {""pose"": 0, ""object"": 0}, ""latency_ms"": {""pose"": 0, ""object"": 0}, ""svclat_ms"": {""pose"": 0.0, ""object"": 0.0}}}"
303.3,6,5,0.833,0,0,33,10,10,1.0,690.0,300,0.435,0.0,2.0,0.0,30.0,0,30.0,30.0,0,30.0,0,0,0,22.24,0,22.02,360,"{""ip-172-31-0-204"": ""healthy"", ""ip-172-31-1-171"": ""healthy"", ""ip-172-31-10-12"": ""healthy"", ""ip-172-31-11-132"": ""healthy"", ""ip-172-31-13-134"": ""healthy"", ""ip-172-31-14-68"": ""healthy"", ""ip-172-31-40-239"": ""healthy""}",unsubscribe,12.6,1.0,0,0,"{""ip-172-31-0-204"": {""pose"": 1, ""object"": 1}, ""ip-172-31-1-171"": {""pose"": 1, ""object"": 1}, ""ip-172-31-13-134"": {""pose"": 1, ""object"": 1}, ""ip-172-31-10-12"": {""pose"": 1, ""object"": 1}, ""ip-172-31-11-132"": {""pose"": 1, ""object"": 1}}","{""b10"": {""services"": [""pose"", ""object""], ""fps"": {""pose"": 30, ""object"": 30}, ""eff_fps"": {""pose"": 30, ""object"": 30}, ""latency_ms"": {""pose"": 0, ""object"": 0}, ""svclat_ms"": {""pose"": 25.48, ""object"": 24.49}}, ""b11"": {""services"": [""pose"", ""object""], ""fps"": {""pose"": 30, ""object"": 30}, ""eff_fps"": {""pose"": 30, ""object"": 30}, ""latency_ms"": {""pose"": 0, ""object"": 0}, ""svclat_ms"": {""pose"": 19.36, ""object"": 22.34}}, ""b12"": {""services"": [""pose"", ""object""], ""fps"": {""pose"": 30, ""object"": 30}, ""eff_fps"": {""pose"": 30, ""object"": 30}, ""latency_ms"": {""pose"": 0, ""object"": 0}, ""svclat_ms"": {""pose"": 20.68, ""object"": 19.6}}, ""b13"": {""services"": [""pose"", ""object""], ""fps"": {""pose"": 30, ""object"": 30}, ""eff_fps"": {""pose"": 30, ""object"": 30}, ""latency_ms"": {""pose"": 0, ""object"": 0}, ""svclat_ms"": {""pose"": 20.85, ""object"": 20.76}}, ""b14"": {""services"": [""pose"", ""object""], ""fps"": {""pose"": 30, ""object"": 30}, ""eff_fps"": {""pose"": 30, ""object"": 30}, ""latency_ms"": {""pose"": 0, ""object"": 0}, ""svclat_ms"": {""pose"": 21.1, ""object"": 19.7}}, ""b15"": {""services"": [""pose"", ""object""], ""fps"": {""pose"": 30, ""object"": 30}, ""eff_fps"": {""pose"": 30, ""object"": 30}, ""latency_ms"": {""pose"": 0, ""object"": 0}, ""svclat_ms"": {""pose"": 25.95, ""object"": 25.23}}, ""e1"": {""services"": [""gesture"", ""object""], ""fps"": {""gesture"": 0, ""object"": 0}, ""eff_fps"": {""gesture"": 0, ""object"": 0}, ""latency_ms"": {""gesture"": 0, ""object"": 0}, ""svclat_ms"": {""gesture"": 0.0, ""object"": 0.0}}}"
305.7,7,6,0.857,0,0,33,10,10,1.0,690.0,360,0.522,0.0,1.67,0.0,30.0,0,30.0,30.0,0,30.0,0,0,0,23.14,0,22.62,360,"{""ip-172-31-0-204"": ""healthy"", ""ip-172-31-1-171"": ""healthy"", ""ip-172-31-10-12"": ""healthy"", ""ip-172-31-11-132"": ""healthy"", ""ip-172-31-13-134"": ""healthy"", ""ip-172-31-14-68"": ""healthy"", ""ip-172-31-40-239"": ""healthy""}",subscribe,9.0,1.0,0,0,"{""ip-172-31-0-204"": {""pose"": 1, ""object"": 1}, ""ip-172-31-1-171"": {""pose"": 1, ""object"": 1}, ""ip-172-31-13-134"": {""pose"": 1, ""object"": 1}, ""ip-172-31-10-12"": {""pose"": 1, ""object"": 1}, ""ip-172-31-11-132"": {""pose"": 1, ""object"": 1}}","{""b10"": {""services"": [""pose"", ""object""], ""fps"": {""pose"": 30, ""object"": 30}, ""eff_fps"": {""pose"": 30, ""object"": 30}, ""latency_ms"": {""pose"": 0, ""object"": 0}, ""svclat_ms"": {""pose"": 25.17, ""object"": 24.19}}, ""b11"": {""services"": [""pose"", ""object""], ""fps"": {""pose"": 30, ""object"": 30}, ""eff_fps"": {""pose"": 30, ""object"": 30}, ""latency_ms"": {""pose"": 0, ""object"": 0}, ""svclat_ms"": {""pose"": 24.1, ""object"": 25.53}}, ""b12"": {""services"": [""pose"", ""object""], ""fps"": {""pose"": 30, ""object"": 30}, ""eff_fps"": {""pose"": 30, ""object"": 30}, ""latency_ms"": {""pose"": 0, ""object"": 0}, ""svclat_ms"": {""pose"": 20.54, ""object"": 19.59}}, ""b13"": {""services"": [""pose"", ""object""], ""fps"": {""pose"": 30, ""object"": 30}, ""eff_fps"": {""pose"": 30, ""object"": 30}, ""latency_ms"": {""pose"": 0, ""object"": 0}, ""svclat_ms"": {""pose"": 22.3, ""object"": 21.71}}, ""b14"": {""services"": [""pose"", ""object""], ""fps"": {""pose"": 30, ""object"": 30}, ""eff_fps"": {""pose"": 30, ""object"": 30}, ""latency_ms"": {""pose"": 0, ""object"": 0}, ""svclat_ms"": {""pose"": 21.27, ""object"": 19.91}}, ""b15"": {""services"": [""pose"", ""object""], ""fps"": {""pose"": 30, ""object"": 30}, ""eff_fps"": {""pose"": 30, ""object"": 30}, ""latency_ms"": {""pose"": 0, ""object"": 0}, ""svclat_ms"": {""pose"": 25.45, ""object"": 24.78}}, ""e1"": {""services"": [""gesture"", ""object""], ""fps"": {""gesture"": 0, ""object"": 0}, ""eff_fps"": {""gesture"": 0, ""object"": 0}, ""latency_ms"": {""gesture"": 0, ""object"": 0}, ""svclat_ms"": {""gesture"": 0.0, ""object"": 0.0}}, ""e2"": {""services"": [""gesture"", ""object""], ""fps"": {""gesture"": 0, ""object"": 0}, ""eff_fps"": {""gesture"": 0, ""object"": 0}, ""latency_ms"": {""gesture"": 0, ""object"": 0}, ""svclat_ms"": {""gesture"": 0.0, ""object"": 0.0}}}"
308.2,7,6,0.857,0,0,33,10,10,1.0,690.0,360,0.522,0.0,1.67,0.0,30.0,0,30.0,30.0,0,30.0,0,0,0,22.52,0,22.16,360,"{""ip-172-31-0-204"": ""healthy"", ""ip-172-31-1-171"": ""healthy"", ""ip-172-31-10-12"": ""healthy"", ""ip-172-31-11-132"": ""healthy"", ""ip-172-31-13-134"": ""healthy"", ""ip-172-31-14-68"": ""healthy"", ""ip-172-31-40-239"": ""healthy""}",subscribe,9.0,1.0,0,0,"{""ip-172-31-0-204"": {""pose"": 1, ""object"": 1}, ""ip-172-31-1-171"": {""pose"": 1, ""object"": 1}, ""ip-172-31-13-134"": {""pose"": 1, ""object"": 1}, ""ip-172-31-10-12"": {""pose"": 1, ""object"": 1}, ""ip-172-31-11-132"": {""pose"": 1, ""object"": 1}}","{""b10"": {""services"": [""pose"", ""object""], ""fps"": {""pose"": 30, ""object"": 30}, ""eff_fps"": {""pose"": 30, ""object"": 30}, ""latency_ms"": {""pose"": 0, ""object"": 0}, ""svclat_ms"": {""pose"": 24.6, ""object"": 23.69}}, ""b11"": {""services"": [""pose"", ""object""], ""fps"": {""pose"": 30, ""object"": 30}, ""eff_fps"": {""pose"": 30, ""object"": 30}, ""latency_ms"": {""pose"": 0, ""object"": 0}, ""svclat_ms"": {""pose"": 21.16, ""object"": 23.22}}, ""b12"": {""services"": [""pose"", ""object""], ""fps"": {""pose"": 30, ""object"": 30}, ""eff_fps"": {""pose"": 30, ""object"": 30}, ""latency_ms"": {""pose"": 0, ""object"": 0}, ""svclat_ms"": {""pose"": 21.11, ""object"": 20.33}}, ""b13"": {""services"": [""pose"", ""object""], ""fps"": {""pose"": 30, ""object"": 30}, ""eff_fps"": {""pose"": 30, ""object"": 30}, ""latency_ms"": {""pose"": 0, ""object"": 0}, ""svclat_ms"": {""pose"": 22.0, ""object"": 21.29}}, ""b14"": {""services"": [""pose"", ""object""], ""fps"": {""pose"": 30, ""object"": 30}, ""eff_fps"": {""pose"": 30, ""object"": 30}, ""latency_ms"": {""pose"": 0, ""object"": 0}, ""svclat_ms"": {""pose"": 21.2, ""object"": 19.89}}, ""b15"": {""services"": [""pose"", ""object""], ""fps"": {""pose"": 30, ""object"": 30}, ""eff_fps"": {""pose"": 30, ""object"": 30}, ""latency_ms"": {""pose"": 0, ""object"": 0}, ""svclat_ms"": {""pose"": 25.06, ""object"": 24.52}}, ""e1"": {""services"": [""gesture"", ""object""], ""fps"": {""gesture"": 0, ""object"": 0}, ""eff_fps"": {""gesture"": 0, ""object"": 0}, ""latency_ms"": {""gesture"": 0, ""object"": 0}, ""svclat_ms"": {""gesture"": 0.0, ""object"": 0.0}}, ""e2"": {""services"": [""gesture"", ""object""], ""fps"": {""gesture"": 0, ""object"": 0}, ""eff_fps"": {""gesture"": 0, ""object"": 0}, ""latency_ms"": {""gesture"": 0, ""object"": 0}, ""svclat_ms"": {""gesture"": 0.0, ""object"": 0.0}}}"
311.9,7,6,0.857,0,0,33,10,10,1.0,690.0,360,0.522,0.0,1.67,0.0,30.0,30.0,29.86,30.0,30.0,29.86,0,0,0,22.48,14.63,22.14,419,"{""ip-172-31-0-204"": ""healthy"", ""ip-172-31-1-171"": ""healthy"", ""ip-172-31-10-12"": ""healthy"", ""ip-172-31-11-132"": ""healthy"", ""ip-172-31-13-134"": ""healthy"", ""ip-172-31-14-68"": ""healthy"", ""ip-172-31-40-239"": ""healthy""}",subscribe,9.0,1.0,0,0,"{""ip-172-31-0-204"": {""pose"": 1, ""object"": 1}, ""ip-172-31-1-171"": {""pose"": 1, ""object"": 1}, ""ip-172-31-13-134"": {""pose"": 1, ""object"": 1}, ""ip-172-31-10-12"": {""pose"": 1, ""object"": 1}, ""ip-172-31-11-132"": {""pose"": 1, ""object"": 1}}","{""b10"": {""services"": [""pose"", ""object""], ""fps"": {""pose"": 30, ""object"": 30}, ""eff_fps"": {""pose"": 30, ""object"": 30}, ""latency_ms"": {""pose"": 0, ""object"": 0}, ""svclat_ms"": {""pose"": 25.65, ""object"": 24.96}}, ""b11"": {""services"": [""pose"", ""object""], ""fps"": {""pose"": 30, ""object"": 30}, ""eff_fps"": {""pose"": 30, ""object"": 30}, ""latency_ms"": {""pose"": 0, ""object"": 0}, ""svclat_ms"": {""pose"": 19.63, ""object"": 22.75}}, ""b12"": {""services"": [""pose"", ""object""], ""fps"": {""pose"": 30, ""object"": 30}, ""eff_fps"": {""pose"": 30, ""object"": 30}, ""latency_ms"": {""pose"": 0, ""object"": 0}, ""svclat_ms"": {""pose"": 21.35, ""object"": 20.27}}, ""b13"": {""services"": [""pose"", ""object""], ""fps"": {""pose"": 30, ""object"": 30}, ""eff_fps"": {""pose"": 30, ""object"": 30}, ""latency_ms"": {""pose"": 0, ""object"": 0}, ""svclat_ms"": {""pose"": 21.0, ""object"": 20.83}}, ""b14"": {""services"": [""pose"", ""object""], ""fps"": {""pose"": 30, ""object"": 30}, ""eff_fps"": {""pose"": 30, ""object"": 30}, ""latency_ms"": {""pose"": 0, ""object"": 0}, ""svclat_ms"": {""pose"": 21.03, ""object"": 19.64}}, ""b15"": {""services"": [""pose"", ""object""], ""fps"": {""pose"": 30, ""object"": 30}, ""eff_fps"": {""pose"": 30, ""object"": 30}, ""latency_ms"": {""pose"": 0, ""object"": 0}, ""svclat_ms"": {""pose"": 26.23, ""object"": 25.58}}, ""e1"": {""services"": [""gesture"", ""object""], ""fps"": {""gesture"": 30, ""object"": 29}, ""eff_fps"": {""gesture"": 30, ""object"": 29}, ""latency_ms"": {""gesture"": 0, ""object"": 0}, ""svclat_ms"": {""gesture"": 14.63, ""object"": 20.92}}, ""e2"": {""services"": [""gesture"", ""object""], ""fps"": {""gesture"": 0, ""object"": 0}, ""eff_fps"": {""gesture"": 0, ""object"": 0}, ""latency_ms"": {""gesture"": 0, ""object"": 0}, ""svclat_ms"": {""gesture"": 0.0, ""object"": 0.0}}, ""e3"": {""services"": [""gesture"", ""object""], ""fps"": {""gesture"": 0, ""object"": 0}, ""eff_fps"": {""gesture"": 0, ""object"": 0}, ""latency_ms"": {""gesture"": 0, ""object"": 0}, ""svclat_ms"": {""gesture"": 0.0, ""object"": 0.0}}}"
314.3,8,7,0.875,1,0,34,11,11,1.0,761.0,420,0.552,0.0,1.57,0.0,30.4,30.0,30.33,30.4,30.0,30.33,0,0,0,22.15,14.83,21.7,364,"{""ip-172-31-0-204"": ""healthy"", ""ip-172-31-1-171"": ""healthy"", ""ip-172-31-10-12"": ""healthy"", ""ip-172-31-11-132"": ""healthy"", ""ip-172-31-13-134"": ""healthy"", ""ip-172-31-14-68"": ""healthy"", ""ip-172-31-40-239"": ""healthy""}",subscribe,9.5,1.0,0,0,"{""ip-172-31-0-204"": {""pose"": 1, ""object"": 1}, ""ip-172-31-1-171"": {""pose"": 1, ""object"": 1}, ""ip-172-31-13-134"": {""pose"": 1, ""object"": 1}, ""ip-172-31-10-12"": {""pose"": 1, ""object"": 1}, ""ip-172-31-11-132"": {""pose"": 1, ""object"": 1, ""gesture"": 1}}","{""b11"": {""services"": [""pose"", ""object""], ""fps"": {""pose"": 30, ""object"": 30}, ""eff_fps"": {""pose"": 30, ""object"": 30}, ""latency_ms"": {""pose"": 0, ""object"": 0}, ""svclat_ms"": {""pose"": 20.41, ""object"": 23.19}}, ""b12"": {""services"": [""pose"", ""object""], ""fps"": {""pose"": 31, ""object"": 31}, ""eff_fps"": {""pose"": 31, ""object"": 31}, ""latency_ms"": {""pose"": 0, ""object"": 0}, ""svclat_ms"": {""pose"": 23.04, ""object"": 22.09}}, ""b13"": {""services"": [""pose"", ""object""], ""fps"": {""pose"": 31, ""object"": 31}, ""eff_fps"": {""pose"": 31, ""object"": 31}, ""latency_ms"": {""pose"": 0, ""object"": 0}, ""svclat_ms"": {""pose"": 22.6, ""object"": 22.33}}, ""b14"": {""services"": [""pose"", ""object""], ""fps"": {""pose"": 30, ""object"": 30}, ""eff_fps"": {""pose"": 30, ""object"": 30}, ""latency_ms"": {""pose"": 0, ""object"": 0}, ""svclat_ms"": {""pose"": 22.33, ""object"": 20.78}}, ""b15"": {""services"": [""pose"", ""object""], ""fps"": {""pose"": 30, ""object"": 30}, ""eff_fps"": {""pose"": 30, ""object"": 30}, ""latency_ms"": {""pose"": 0, ""object"": 0}, ""svclat_ms"": {""pose"": 22.39, ""object"": 21.81}}, ""e1"": {""services"": [""gesture"", ""object""], ""fps"": {""gesture"": 30, ""object"": 30}, ""eff_fps"": {""gesture"": 30, ""object"": 30}, ""latency_ms"": {""gesture"": 0, ""object"": 0}, ""svclat_ms"": {""gesture"": 14.83, ""object"": 20.0}}, ""e2"": {""services"": [""gesture"", ""object""], ""fps"": {""gesture"": 0, ""object"": 0}, ""eff_fps"": {""gesture"": 0, ""object"": 0}, ""latency_ms"": {""gesture"": 0, ""object"": 0}, ""svclat_ms"": {""gesture"": 0.0, ""object"": 0.0}}, ""e3"": {""services"": [""gesture"", ""object""], ""fps"": {""gesture"": 0, ""object"": 0}, ""eff_fps"": {""gesture"": 0, ""object"": 0}, ""latency_ms"": {""gesture"": 0, ""object"": 0}, ""svclat_ms"": {""gesture"": 0.0, ""object"": 0.0}}}"
316.7,8,7,0.875,0,0,34,11,11,1.0,761.0,420,0.552,0.0,1.57,0.0,30.0,30.0,30.0,30.0,30.0,30.0,0,0,0,22.07,14.8,21.08,360,"{""ip-172-31-0-204"": ""healthy"", ""ip-172-31-1-171"": ""healthy"", ""ip-172-31-10-12"": ""healthy"", ""ip-172-31-11-132"": ""healthy"", ""ip-172-31-13-134"": ""healthy"", ""ip-172-31-14-68"": ""healthy"", ""ip-172-31-40-239"": ""healthy""}",subscribe,9.5,1.0,0,0,"{""ip-172-31-0-204"": {""pose"": 1, ""object"": 1}, ""ip-172-31-1-171"": {""pose"": 1, ""object"": 1}, ""ip-172-31-13-134"": {""pose"": 1, ""object"": 1}, ""ip-172-31-10-12"": {""pose"": 1, ""object"": 1}, ""ip-172-31-11-132"": {""pose"": 1, ""object"": 1, ""gesture"": 1}}","{""b11"": {""services"": [""pose"", ""object""], ""fps"": {""pose"": 30, ""object"": 30}, ""eff_fps"": {""pose"": 30, ""object"": 30}, ""latency_ms"": {""pose"": 0, ""object"": 0}, ""svclat_ms"": {""pose"": 22.05, ""object"": 23.75}}, ""b12"": {""services"": [""pose"", ""object""], ""fps"": {""pose"": 30, ""object"": 30}, ""eff_fps"": {""pose"": 30, ""object"": 30}, ""latency_ms"": {""pose"": 0, ""object"": 0}, ""svclat_ms"": {""pose"": 20.37, ""object"": 19.18}}, ""b13"": {""services"": [""pose"", ""object""], ""fps"": {""pose"": 30, ""object"": 30}, ""eff_fps"": {""pose"": 30, ""object"": 30}, ""latency_ms"": {""pose"": 0, ""object"": 0}, ""svclat_ms"": {""pose"": 21.83, ""object"": 21.06}}, ""b14"": {""services"": [""pose"", ""object""], ""fps"": {""pose"": 30, ""object"": 30}, ""eff_fps"": {""pose"": 30, ""object"": 30}, ""latency_ms"": {""pose"": 0, ""object"": 0}, ""svclat_ms"": {""pose"": 21.17, ""object"": 19.77}}, ""b15"": {""services"": [""pose"", ""object""], ""fps"": {""pose"": 30, ""object"": 30}, ""eff_fps"": {""pose"": 30, ""object"": 30}, ""latency_ms"": {""pose"": 0, ""object"": 0}, ""svclat_ms"": {""pose"": 24.95, ""object"": 23.02}}, ""e1"": {""services"": [""gesture"", ""object""], ""fps"": {""gesture"": 30, ""object"": 30}, ""eff_fps"": {""gesture"": 30, ""object"": 30}, ""latency_ms"": {""gesture"": 0, ""object"": 0}, ""svclat_ms"": {""gesture"": 14.8, ""object"": 19.73}}, ""e2"": {""services"": [""gesture"", ""object""], ""fps"": {""gesture"": 0, ""object"": 0}, ""eff_fps"": {""gesture"": 0, ""object"": 0}, ""latency_ms"": {""gesture"": 0, ""object"": 0}, ""svclat_ms"": {""gesture"": 0.0, ""object"": 0.0}}, ""e3"": {""services"": [""gesture"", ""object""], ""fps"": {""gesture"": 0, ""object"": 0}, ""eff_fps"": {""gesture"": 0, ""object"": 0}, ""latency_ms"": {""gesture"": 0, ""object"": 0}, ""svclat_ms"": {""gesture"": 0.0, ""object"": 0.0}}, ""e4"": {""services"": [""gesture"", ""object""], ""fps"": {""gesture"": 0, ""object"": 0}, ""eff_fps"": {""gesture"": 0, ""object"": 0}, ""latency_ms"": {""gesture"": 0, ""object"": 0}, ""svclat_ms"": {""gesture"": 0.0, ""object"": 0.0}}}"
319.1,8,7,0.875,0,0,34,11,11,1.0,761.0,420,0.552,0.0,1.57,0.0,30.0,30.0,29.83,30.0,30.0,29.83,0,0,0,22.15,14.85,21.16,359,"{""ip-172-31-0-204"": ""healthy"", ""ip-172-31-1-171"": ""healthy"", ""ip-172-31-10-12"": ""healthy"", ""ip-172-31-11-132"": ""healthy"", ""ip-172-31-13-134"": ""healthy"", ""ip-172-31-14-68"": ""healthy"", ""ip-172-31-40-239"": ""healthy""}",subscribe,9.5,1.0,0,0,"{""ip-172-31-0-204"": {""pose"": 1, ""object"": 1}, ""ip-172-31-1-171"": {""pose"": 1, ""object"": 1}, ""ip-172-31-13-134"": {""pose"": 1, ""object"": 1}, ""ip-172-31-10-12"": {""pose"": 1, ""object"": 1}, ""ip-172-31-11-132"": {""pose"": 1, ""object"": 1, ""gesture"": 1}}","{""b11"": {""services"": [""pose"", ""object""], ""fps"": {""pose"": 30, ""object"": 30}, ""eff_fps"": {""pose"": 30, ""object"": 30}, ""latency_ms"": {""pose"": 0, ""object"": 0}, ""svclat_ms"": {""pose"": 22.56, ""object"": 24.56}}, ""b12"": {""services"": [""pose"", ""object""], ""fps"": {""pose"": 30, ""object"": 30}, ""eff_fps"": {""pose"": 30, ""object"": 30}, ""latency_ms"": {""pose"": 0, ""object"": 0}, ""svclat_ms"": {""pose"": 20.84, ""object"": 19.54}}, ""b13"": {""services"": [""pose"", ""object""], ""fps"": {""pose"": 30, ""object"": 29}, ""eff_fps"": {""pose"": 30, ""object"": 29}, ""latency_ms"": {""pose"": 0, ""object"": 0}, ""svclat_ms"": {""pose"": 22.39, ""object"": 21.9}}, ""b14"": {""services"": [""pose"", ""object""], ""fps"": {""pose"": 30, ""object"": 30}, ""eff_fps"": {""pose"": 30, ""object"": 30}, ""latency_ms"": {""pose"": 0, ""object"": 0}, ""svclat_ms"": {""pose"": 21.11, ""object"": 19.59}}, ""b15"": {""services"": [""pose"", ""object""], ""fps"": {""pose"": 30, ""object"": 30}, ""eff_fps"": {""pose"": 30, ""object"": 30}, ""latency_ms"": {""pose"": 0, ""object"": 0}, ""svclat_ms"": {""pose"": 23.86, ""object"": 22.02}}, ""e1"": {""services"": [""gesture"", ""object""], ""fps"": {""gesture"": 30, ""object"": 30}, ""eff_fps"": {""gesture"": 30, ""object"": 30}, ""latency_ms"": {""gesture"": 0, ""object"": 0}, ""svclat_ms"": {""gesture"": 14.85, ""object"": 19.34}}, ""e2"": {""services"": [""gesture"", ""object""], ""fps"": {""gesture"": 0, ""object"": 0}, ""eff_fps"": {""gesture"": 0, ""object"": 0}, ""latency_ms"": {""gesture"": 0, ""object"": 0}, ""svclat_ms"": {""gesture"": 0.0, ""object"": 0.0}}, ""e3"": {""services"": [""gesture"", ""object""], ""fps"": {""gesture"": 0, ""object"": 0}, ""eff_fps"": {""gesture"": 0, ""object"": 0}, ""latency_ms"": {""gesture"": 0, ""object"": 0}, ""svclat_ms"": {""gesture"": 0.0, ""object"": 0.0}}, ""e4"": {""services"": [""gesture"", ""object""], ""fps"": {""gesture"": 0, ""object"": 0}, ""eff_fps"": {""gesture"": 0, ""object"": 0}, ""latency_ms"": {""gesture"": 0, ""object"": 0}, ""svclat_ms"": {""gesture"": 0.0, ""object"": 0.0}}}"
322.7,8,7,0.875,0,0,34,11,11,1.0,761.0,420,0.552,0.0,1.57,0.0,30.0,30.0,30.0,30.0,30.0,30.0,0,0,0,21.87,14.59,22.33,420,"{""ip-172-31-0-204"": ""healthy"", ""ip-172-31-1-171"": ""healthy"", ""ip-172-31-10-12"": ""healthy"", ""ip-172-31-11-132"": ""healthy"", ""ip-172-31-13-134"": ""healthy"", ""ip-172-31-14-68"": ""healthy"", ""ip-172-31-40-239"": ""healthy""}",subscribe,9.5,1.0,0,0,"{""ip-172-31-0-204"": {""pose"": 1, ""object"": 1}, ""ip-172-31-1-171"": {""pose"": 1, ""object"": 1}, ""ip-172-31-13-134"": {""pose"": 1, ""object"": 1}, ""ip-172-31-10-12"": {""pose"": 1, ""object"": 1}, ""ip-172-31-11-132"": {""pose"": 1, ""object"": 1, ""gesture"": 1}}","{""b11"": {""services"": [""pose"", ""object""], ""fps"": {""pose"": 30, ""object"": 30}, ""eff_fps"": {""pose"": 30, ""object"": 30}, ""latency_ms"": {""pose"": 0, ""object"": 0}, ""svclat_ms"": {""pose"": 20.29, ""object"": 23.33}}, ""b12"": {""services"": [""pose"", ""object""], ""fps"": {""pose"": 30, ""object"": 30}, ""eff_fps"": {""pose"": 30, ""object"": 30}, ""latency_ms"": {""pose"": 0, ""object"": 0}, ""svclat_ms"": {""pose"": 21.02, ""object"": 20.2}}, ""b13"": {""services"": [""pose"", ""object""], ""fps"": {""pose"": 30, ""object"": 30}, ""eff_fps"": {""pose"": 30, ""object"": 30}, ""latency_ms"": {""pose"": 0, ""object"": 0}, ""svclat_ms"": {""pose"": 22.35, ""object"": 21.93}}, ""b14"": {""services"": [""pose"", ""object""], ""fps"": {""pose"": 30, ""object"": 30}, ""eff_fps"": {""pose"": 30, ""object"": 30}, ""latency_ms"": {""pose"": 0, ""object"": 0}, ""svclat_ms"": {""pose"": 21.17, ""object"": 19.81}}, ""b15"": {""services"": [""pose"", ""object""], ""fps"": {""pose"": 30, ""object"": 30}, ""eff_fps"": {""pose"": 30, ""object"": 30}, ""latency_ms"": {""pose"": 0, ""object"": 0}, ""svclat_ms"": {""pose"": 24.53, ""object"": 22.54}}, ""e1"": {""services"": [""gesture"", ""object""], ""fps"": {""gesture"": 30, ""object"": 30}, ""eff_fps"": {""gesture"": 30, ""object"": 30}, ""latency_ms"": {""gesture"": 0, ""object"": 0}, ""svclat_ms"": {""gesture"": 14.74, ""object"": 20.83}}, ""e2"": {""services"": [""gesture"", ""object""], ""fps"": {""gesture"": 30, ""object"": 30}, ""eff_fps"": {""gesture"": 30, ""object"": 30}, ""latency_ms"": {""gesture"": 0, ""object"": 0}, ""svclat_ms"": {""gesture"": 14.44, ""object"": 27.66}}, ""e3"": {""services"": [""gesture"", ""object""], ""fps"": {""gesture"": 0, ""object"": 0}, ""eff_fps"": {""gesture"": 0, ""object"": 0}, ""latency_ms"": {""gesture"": 0, ""object"": 0}, ""svclat_ms"": {""gesture"": 0.0, ""object"": 0.0}}, ""e4"": {""services"": [""gesture"", ""object""], ""fps"": {""gesture"": 0, ""object"": 0}, ""eff_fps"": {""gesture"": 0, ""object"": 0}, ""latency_ms"": {""gesture"": 0, ""object"": 0}, ""svclat_ms"": {""gesture"": 0.0, ""object"": 0.0}}, ""e5"": {""services"": [""gesture"", ""object""], ""fps"": {""gesture"": 0, ""object"": 0}, ""eff_fps"": {""gesture"": 0, ""object"": 0}, ""latency_ms"": {""gesture"": 0, ""object"": 0}, ""svclat_ms"": {""gesture"": 0.0, ""object"": 0.0}}}"
325.1,8,8,1.0,1,0,35,12,12,1.0,874.0,480,0.549,0.0,1.71,0.0,30.0,30.0,30.0,30.0,30.0,30.0,0,0,0,22.04,14.77,21.38,420,"{""ip-172-31-0-204"": ""healthy"", ""ip-172-31-1-171"": ""healthy"", ""ip-172-31-10-12"": ""healthy"", ""ip-172-31-11-132"": ""healthy"", ""ip-172-31-13-134"": ""healthy"", ""ip-172-31-14-68"": ""healthy"", ""ip-172-31-40-239"": ""healthy""}",subscribe,9.2,1.0,0,0,"{""ip-172-31-0-204"": {""pose"": 1, ""object"": 1}, ""ip-172-31-1-171"": {""pose"": 1, ""object"": 1}, ""ip-172-31-13-134"": {""pose"": 1, ""object"": 1}, ""ip-172-31-10-12"": {""pose"": 1, ""object"": 1}, ""ip-172-31-11-132"": {""pose"": 1, ""object"": 1, ""gesture"": 1}, ""ip-172-31-14-68"": {""gesture"": 1}}","{""b11"": {""services"": [""pose"", ""object""], ""fps"": {""pose"": 30, ""object"": 30}, ""eff_fps"": {""pose"": 30, ""object"": 30}, ""latency_ms"": {""pose"": 0, ""object"": 0}, ""svclat_ms"": {""pose"": 21.36, ""object"": 23.03}}, ""b12"": {""services"": [""pose"", ""object""], ""fps"": {""pose"": 30, ""object"": 30}, ""eff_fps"": {""pose"": 30, ""object"": 30}, ""latency_ms"": {""pose"": 0, ""object"": 0}, ""svclat_ms"": {""pose"": 21.37, ""object"": 19.99}}, ""b13"": {""services"": [""pose"", ""object""], ""fps"": {""pose"": 30, ""object"": 30}, ""eff_fps"": {""pose"": 30, ""object"": 30}, ""latency_ms"": {""pose"": 0, ""object"": 0}, ""svclat_ms"": {""pose"": 23.42, ""object"": 21.01}}, ""b14"": {""services"": [""pose"", ""object""], ""fps"": {""pose"": 30, ""object"": 30}, ""eff_fps"": {""pose"": 30, ""object"": 30}, ""latency_ms"": {""pose"": 0, ""object"": 0}, ""svclat_ms"": {""pose"": 21.48, ""object"": 19.89}}, ""b15"": {""services"": [""pose"", ""object""], ""fps"": {""pose"": 30, ""object"": 30}, ""eff_fps"": {""pose"": 30, ""object"": 30}, ""latency_ms"": {""pose"": 0, ""object"": 0}, ""svclat_ms"": {""pose"": 22.57, ""object"": 20.8}}, ""e1"": {""services"": [""gesture"", ""object""], ""fps"": {""gesture"": 30, ""object"": 30}, ""eff_fps"": {""gesture"": 30, ""object"": 30}, ""latency_ms"": {""gesture"": 0, ""object"": 0}, ""svclat_ms"": {""gesture"": 14.96, ""object"": 19.4}}, ""e2"": {""services"": [""gesture"", ""object""], ""fps"": {""gesture"": 30, ""object"": 30}, ""eff_fps"": {""gesture"": 30, ""object"": 30}, ""latency_ms"": {""gesture"": 0, ""object"": 0}, ""svclat_ms"": {""gesture"": 14.58, ""object"": 25.51}}, ""e3"": {""services"": [""gesture"", ""object""], ""fps"": {""gesture"": 0, ""object"": 0}, ""eff_fps"": {""gesture"": 0, ""object"": 0}, ""latency_ms"": {""gesture"": 0, ""object"": 0}, ""svclat_ms"": {""gesture"": 0.0, ""object"": 0.0}}, ""e4"": {""services"": [""gesture"", ""object""], ""fps"": {""gesture"": 0, ""object"": 0}, ""eff_fps"": {""gesture"": 0, ""object"": 0}, ""latency_ms"": {""gesture"": 0, ""object"": 0}, ""svclat_ms"": {""gesture"": 0.0, ""object"": 0.0}}, ""e5"": {""services"": [""gesture"", ""object""], ""fps"": {""gesture"": 0, ""object"": 0}, ""eff_fps"": {""gesture"": 0, ""object"": 0}, ""latency_ms"": {""gesture"": 0, ""object"": 0}, ""svclat_ms"": {""gesture"": 0.0, ""object"": 0.0}}, ""e6"": {""services"": [""gesture"", ""object""], ""fps"": {""gesture"": 0, ""object"": 0}, ""eff_fps"": {""gesture"": 0, ""object"": 0}, ""latency_ms"": {""gesture"": 0, ""object"": 0}, ""svclat_ms"": {""gesture"": 0.0, ""object"": 0.0}}}"
327.6,8,8,1.0,0,0,35,12,12,1.0,874.0,480,0.549,0.0,1.71,0.0,30.0,30.0,30.0,30.0,30.0,30.0,0,0,0,22.11,14.5,21.78,420,"{""ip-172-31-0-204"": ""healthy"", ""ip-172-31-1-171"": ""healthy"", ""ip-172-31-10-12"": ""healthy"", ""ip-172-31-11-132"": ""healthy"", ""ip-172-31-13-134"": ""healthy"", ""ip-172-31-14-68"": ""healthy"", ""ip-172-31-40-239"": ""healthy""}",subscribe,9.2,1.0,0,0,"{""ip-172-31-0-204"": {""pose"": 1, ""object"": 1}, ""ip-172-31-1-171"": {""pose"": 1, ""object"": 1}, ""ip-172-31-13-134"": {""pose"": 1, ""object"": 1}, ""ip-172-31-10-12"": {""pose"": 1, ""object"": 1}, ""ip-172-31-11-132"": {""pose"": 1, ""object"": 1, ""gesture"": 1}, ""ip-172-31-14-68"": {""gesture"": 1}}","{""b11"": {""services"": [""pose"", ""object""], ""fps"": {""pose"": 30, ""object"": 30}, ""eff_fps"": {""pose"": 30, ""object"": 30}, ""latency_ms"": {""pose"": 0, ""object"": 0}, ""svclat_ms"": {""pose"": 21.09, ""object"": 22.9}}, ""b12"": {""services"": [""pose"", ""object""], ""fps"": {""pose"": 30, ""object"": 30}, ""eff_fps"": {""pose"": 30, ""object"": 30}, ""latency_ms"": {""pose"": 0, ""object"": 0}, ""svclat_ms"": {""pose"": 21.41, ""object"": 20.56}}, ""b13"": {""services"": [""pose"", ""object""], ""fps"": {""pose"": 30, ""object"": 30}, ""eff_fps"": {""pose"": 30, ""object"": 30}, ""latency_ms"": {""pose"": 0, ""object"": 0}, ""svclat_ms"": {""pose"": 23.49, ""object"": 21.64}}, ""b14"": {""services"": [""pose"", ""object""], ""fps"": {""pose"": 30, ""object"": 30}, ""eff_fps"": {""pose"": 30, ""object"": 30}, ""latency_ms"": {""pose"": 0, ""object"": 0}, ""svclat_ms"": {""pose"": 21.0, ""object"": 19.55}}, ""b15"": {""services"": [""pose"", ""object""], ""fps"": {""pose"": 30, ""object"": 30}, ""eff_fps"": {""pose"": 30, ""object"": 30}, ""latency_ms"": {""pose"": 0, ""object"": 0}, ""svclat_ms"": {""pose"": 23.57, ""object"": 21.83}}, ""e1"": {""services"": [""gesture"", ""object""], ""fps"": {""gesture"": 30, ""object"": 30}, ""eff_fps"": {""gesture"": 30, ""object"": 30}, ""latency_ms"": {""gesture"": 0, ""object"": 0}, ""svclat_ms"": {""gesture"": 14.68, ""object"": 20.2}}, ""e2"": {""services"": [""gesture"", ""object""], ""fps"": {""gesture"": 30, ""object"": 30}, ""eff_fps"": {""gesture"": 30, ""object"": 30}, ""latency_ms"": {""gesture"": 0, ""object"": 0}, ""svclat_ms"": {""gesture"": 14.31, ""object"": 25.76}}, ""e3"": {""services"": [""gesture"", ""object""], ""fps"": {""gesture"": 0, ""object"": 0}, ""eff_fps"": {""gesture"": 0, ""object"": 0}, ""latency_ms"": {""gesture"": 0, ""object"": 0}, ""svclat_ms"": {""gesture"": 0.0, ""object"": 0.0}}, ""e4"": {""services"": [""gesture"", ""object""], ""fps"": {""gesture"": 0, ""object"": 0}, ""eff_fps"": {""gesture"": 0, ""object"": 0}, ""latency_ms"": {""gesture"": 0, ""object"": 0}, ""svclat_ms"": {""gesture"": 0.0, ""object"": 0.0}}, ""e5"": {""services"": [""gesture"", ""object""], ""fps"": {""gesture"": 0, ""object"": 0}, ""eff_fps"": {""gesture"": 0, ""object"": 0}, ""latency_ms"": {""gesture"": 0, ""object"": 0}, ""svclat_ms"": {""gesture"": 0.0, ""object"": 0.0}}, ""e6"": {""services"": [""gesture"", ""object""], ""fps"": {""gesture"": 0, ""object"": 0}, ""eff_fps"": {""gesture"": 0, ""object"": 0}, ""latency_ms"": {""gesture"": 0, ""object"": 0}, ""svclat_ms"": {""gesture"": 0.0, ""object"": 0.0}}}"
331.3,8,8,1.0,0,0,35,12,12,1.0,874.0,480,0.549,0.0,1.71,0.0,30.0,30.0,30.0,30.0,30.0,30.0,0,0,0,22.22,14.63,22.84,480,"{""ip-172-31-0-204"": ""healthy"", ""ip-172-31-1-171"": ""healthy"", ""ip-172-31-10-12"": ""healthy"", ""ip-172-31-11-132"": ""healthy"", ""ip-172-31-13-134"": ""healthy"", ""ip-172-31-14-68"": ""healthy"", ""ip-172-31-40-239"": ""healthy""}",subscribe,9.2,1.0,0,0,"{""ip-172-31-0-204"": {""pose"": 1, ""object"": 1}, ""ip-172-31-1-171"": {""pose"": 1, ""object"": 1}, ""ip-172-31-13-134"": {""pose"": 1, ""object"": 1}, ""ip-172-31-10-12"": {""pose"": 1, ""object"": 1}, ""ip-172-31-11-132"": {""pose"": 1, ""object"": 1, ""gesture"": 1}, ""ip-172-31-14-68"": {""gesture"": 1}}","{""b11"": {""services"": [""pose"", ""object""], ""fps"": {""pose"": 30, ""object"": 30}, ""eff_fps"": {""pose"": 30, ""object"": 30}, ""latency_ms"": {""pose"": 0, ""object"": 0}, ""svclat_ms"": {""pose"": 21.82, ""object"": 24.25}}, ""b12"": {""services"": [""pose"", ""object""], ""fps"": {""pose"": 30, ""object"": 30}, ""eff_fps"": {""pose"": 30, ""object"": 30}, ""latency_ms"": {""pose"": 0, ""object"": 0}, ""svclat_ms"": {""pose"": 23.6, ""object"": 23.8}}, ""b13"": {""services"": [""pose"", ""object""], ""fps"": {""pose"": 30, ""object"": 30}, ""eff_fps"": {""pose"": 30, ""object"": 30}, ""latency_ms"": {""pose"": 0, ""object"": 0}, ""svclat_ms"": {""pose"": 23.1, ""object"": 22.02}}, ""b14"": {""services"": [""pose"", ""object""], ""fps"": {""pose"": 30, ""object"": 30}, ""eff_fps"": {""pose"": 30, ""object"": 30}, ""latency_ms"": {""pose"": 0, ""object"": 0}, ""svclat_ms"": {""pose"": 20.53, ""object"": 20.89}}, ""b15"": {""services"": [""pose"", ""object""], ""fps"": {""pose"": 30, ""object"": 30}, ""eff_fps"": {""pose"": 30, ""object"": 30}, ""latency_ms"": {""pose"": 0, ""object"": 0}, ""svclat_ms"": {""pose"": 22.05, ""object"": 19.44}}, ""e1"": {""services"": [""gesture"", ""object""], ""fps"": {""gesture"": 30, ""object"": 30}, ""eff_fps"": {""gesture"": 30, ""object"": 30}, ""latency_ms"": {""gesture"": 0, ""object"": 0}, ""svclat_ms"": {""gesture"": 15.74, ""object"": 22.42}}, ""e2"": {""services"": [""gesture"", ""object""], ""fps"": {""gesture"": 30, ""object"": 30}, ""eff_fps"": {""gesture"": 30, ""object"": 30}, ""latency_ms"": {""gesture"": 0, ""object"": 0}, ""svclat_ms"": {""gesture"": 14.45, ""object"": 25.2}}, ""e3"": {""services"": [""gesture"", ""object""], ""fps"": {""gesture"": 30, ""object"": 30}, ""eff_fps"": {""gesture"": 30, ""object"": 30}, ""latency_ms"": {""gesture"": 0, ""object"": 0}, ""svclat_ms"": {""gesture"": 13.71, ""object"": 24.74}}, ""e4"": {""services"": [""gesture"", ""object""], ""fps"": {""gesture"": 0, ""object"": 0}, ""eff_fps"": {""gesture"": 0, ""object"": 0}, ""latency_ms"": {""gesture"": 0, ""object"": 0}, ""svclat_ms"": {""gesture"": 0.0, ""object"": 0.0}}, ""e5"": {""services"": [""gesture"", ""object""], ""fps"": {""gesture"": 0, ""object"": 0}, ""eff_fps"": {""gesture"": 0, ""object"": 0}, ""latency_ms"": {""gesture"": 0, ""object"": 0}, ""svclat_ms"": {""gesture"": 0.0, ""object"": 0.0}}, ""e6"": {""services"": [""gesture"", ""object""], ""fps"": {""gesture"": 0, ""object"": 0}, ""eff_fps"": {""gesture"": 0, ""object"": 0}, ""latency_ms"": {""gesture"": 0, ""object"": 0}, ""svclat_ms"": {""gesture"": 0.0, ""object"": 0.0}}, ""e7"": {""services"": [""gesture"", ""object""], ""fps"": {""gesture"": 0, ""object"": 0}, ""eff_fps"": {""gesture"": 0, ""object"": 0}, ""latency_ms"": {""gesture"": 0, ""object"": 0}, ""svclat_ms"": {""gesture"": 0.0, ""object"": 0.0}}}"
333.7,8,8,1.0,1,0,36,13,13,1.0,987.0,480,0.486,0.0,1.62,0.0,30.2,29.67,30.12,30.2,29.67,30.12,0,0,0,22.96,15.52,24.26,481,"{""ip-172-31-0-204"": ""healthy"", ""ip-172-31-1-171"": ""healthy"", ""ip-172-31-10-12"": ""healthy"", ""ip-172-31-11-132"": ""healthy"", ""ip-172-31-13-134"": ""healthy"", ""ip-172-31-14-68"": ""healthy"", ""ip-172-31-40-239"": ""healthy""}",subscribe,9.4,1.0,0,0,"{""ip-172-31-0-204"": {""pose"": 1, ""object"": 1}, ""ip-172-31-1-171"": {""pose"": 1, ""object"": 1}, ""ip-172-31-13-134"": {""pose"": 1, ""object"": 1}, ""ip-172-31-10-12"": {""pose"": 1, ""object"": 1}, ""ip-172-31-11-132"": {""pose"": 1, ""object"": 1, ""gesture"": 1}, ""ip-172-31-14-68"": {""gesture"": 1}, ""ip-172-31-40-239"": {""gesture"": 1}}","{""b11"": {""services"": [""pose"", ""object""], ""fps"": {""pose"": 30, ""object"": 30}, ""eff_fps"": {""pose"": 30, ""object"": 30}, ""latency_ms"": {""pose"": 0, ""object"": 0}, ""svclat_ms"": {""pose"": 22.99, ""object"": 25.68}}, ""b12"": {""services"": [""pose"", ""object""], ""fps"": {""pose"": 30, ""object"": 30}, ""eff_fps"": {""pose"": 30, ""object"": 30}, ""latency_ms"": {""pose"": 0, ""object"": 0}, ""svclat_ms"": {""pose"": 24.06, ""object"": 26.01}}, ""b13"": {""services"": [""pose"", ""object""], ""fps"": {""pose"": 31, ""object"": 31}, ""eff_fps"": {""pose"": 31, ""object"": 31}, ""latency_ms"": {""pose"": 0, ""object"": 0}, ""svclat_ms"": {""pose"": 23.79, ""object"": 22.77}}, ""b14"": {""services"": [""pose"", ""object""], ""fps"": {""pose"": 30, ""object"": 30}, ""eff_fps"": {""pose"": 30, ""object"": 30}, ""latency_ms"": {""pose"": 0, ""object"": 0}, ""svclat_ms"": {""pose"": 21.61, ""object"": 21.84}}, ""b15"": {""services"": [""pose"", ""object""], ""fps"": {""pose"": 30, ""object"": 30}, ""eff_fps"": {""pose"": 30, ""object"": 30}, ""latency_ms"": {""pose"": 0, ""object"": 0}, ""svclat_ms"": {""pose"": 22.33, ""object"": 19.42}}, ""e1"": {""services"": [""gesture"", ""object""], ""fps"": {""gesture"": 30, ""object"": 31}, ""eff_fps"": {""gesture"": 30, ""object"": 31}, ""latency_ms"": {""gesture"": 0, ""object"": 0}, ""svclat_ms"": {""gesture"": 15.53, ""object"": 24.22}}, ""e2"": {""services"": [""gesture"", ""object""], ""fps"": {""gesture"": 30, ""object"": 29}, ""eff_fps"": {""gesture"": 30, ""object"": 29}, ""latency_ms"": {""gesture"": 0, ""object"": 0}, ""svclat_ms"": {""gesture"": 14.89, ""object"": 27.67}}, ""e3"": {""services"": [""gesture"", ""object""], ""fps"": {""gesture"": 29, ""object"": 30}, ""eff_fps"": {""gesture"": 29, ""object"": 30}, ""latency_ms"": {""gesture"": 0, ""object"": 0}, ""svclat_ms"": {""gesture"": 16.15, ""object"": 26.46}}, ""e4"": {""services"": [""gesture"", ""object""], ""fps"": {""gesture"": 0, ""object"": 0}, ""eff_fps"": {""gesture"": 0, ""object"": 0}, ""latency_ms"": {""gesture"": 0, ""object"": 0}, ""svclat_ms"": {""gesture"": 0.0, ""object"": 0.0}}, ""e5"": {""services"": [""gesture"", ""object""], ""fps"": {""gesture"": 0, ""object"": 0}, ""eff_fps"": {""gesture"": 0, ""object"": 0}, ""latency_ms"": {""gesture"": 0, ""object"": 0}, ""svclat_ms"": {""gesture"": 0.0, ""object"": 0.0}}, ""e6"": {""services"": [""gesture"", ""object""], ""fps"": {""gesture"": 0, ""object"": 0}, ""eff_fps"": {""gesture"": 0, ""object"": 0}, ""latency_ms"": {""gesture"": 0, ""object"": 0}, ""svclat_ms"": {""gesture"": 0.0, ""object"": 0.0}}, ""e7"": {""services"": [""gesture"", ""object""], ""fps"": {""gesture"": 0, ""object"": 0}, ""eff_fps"": {""gesture"": 0, ""object"": 0}, ""latency_ms"": {""gesture"": 0, ""object"": 0}, ""svclat_ms"": {""gesture"": 0.0, ""object"": 0.0}}}"
336.1,8,8,1.0,0,0,36,13,13,1.0,987.0,480,0.486,0.0,1.62,0.0,30.2,30.0,30.0,30.2,30.0,30.0,0,0,0,23.98,15.41,24.14,481,"{""ip-172-31-0-204"": ""healthy"", ""ip-172-31-1-171"": ""healthy"", ""ip-172-31-10-12"": ""healthy"", ""ip-172-31-11-132"": ""healthy"", ""ip-172-31-13-134"": ""healthy"", ""ip-172-31-14-68"": ""healthy"", ""ip-172-31-40-239"": ""healthy""}",subscribe,9.4,1.0,0,0,"{""ip-172-31-0-204"": {""pose"": 1, ""object"": 1}, ""ip-172-31-1-171"": {""pose"": 1, ""object"": 1}, ""ip-172-31-13-134"": {""pose"": 1, ""object"": 1}, ""ip-172-31-10-12"": {""pose"": 1, ""object"": 1}, ""ip-172-31-11-132"": {""pose"": 1, ""object"": 1, ""gesture"": 1}, ""ip-172-31-14-68"": {""gesture"": 1}, ""ip-172-31-40-239"": {""gesture"": 1}}","{""b11"": {""services"": [""pose"", ""object""], ""fps"": {""pose"": 30, ""object"": 30}, ""eff_fps"": {""pose"": 30, ""object"": 30}, ""latency_ms"": {""pose"": 0, ""object"": 0}, ""svclat_ms"": {""pose"": 24.26, ""object"": 26.91}}, ""b12"": {""services"": [""pose"", ""object""], ""fps"": {""pose"": 31, ""object"": 31}, ""eff_fps"": {""pose"": 31, ""object"": 31}, ""latency_ms"": {""pose"": 0, ""object"": 0}, ""svclat_ms"": {""pose"": 25.7, ""object"": 25.38}}, ""b13"": {""services"": [""pose"", ""object""], ""fps"": {""pose"": 30, ""object"": 30}, ""eff_fps"": {""pose"": 30, ""object"": 30}, ""latency_ms"": {""pose"": 0, ""object"": 0}, ""svclat_ms"": {""pose"": 24.63, ""object"": 22.62}}, ""b14"": {""services"": [""pose"", ""object""], ""fps"": {""pose"": 30, ""object"": 30}, ""eff_fps"": {""pose"": 30, ""object"": 30}, ""latency_ms"": {""pose"": 0, ""object"": 0}, ""svclat_ms"": {""pose"": 20.89, ""object"": 21.12}}, ""b15"": {""services"": [""pose"", ""object""], ""fps"": {""pose"": 30, ""object"": 30}, ""eff_fps"": {""pose"": 30, ""object"": 30}, ""latency_ms"": {""pose"": 0, ""object"": 0}, ""svclat_ms"": {""pose"": 24.4, ""object"": 21.82}}, ""e1"": {""services"": [""gesture"", ""object""], ""fps"": {""gesture"": 30, ""object"": 30}, ""eff_fps"": {""gesture"": 30, ""object"": 30}, ""latency_ms"": {""gesture"": 0, ""object"": 0}, ""svclat_ms"": {""gesture"": 16.07, ""object"": 23.19}}, ""e2"": {""services"": [""gesture"", ""object""], ""fps"": {""gesture"": 30, ""object"": 29}, ""eff_fps"": {""gesture"": 30, ""object"": 29}, ""latency_ms"": {""gesture"": 0, ""object"": 0}, ""svclat_ms"": {""gesture"": 15.04, ""object"": 25.15}}, ""e3"": {""services"": [""gesture"", ""object""], ""fps"": {""gesture"": 30, ""object"": 30}, ""eff_fps"": {""gesture"": 30, ""object"": 30}, ""latency_ms"": {""gesture"": 0, ""object"": 0}, ""svclat_ms"": {""gesture"": 15.12, ""object"": 26.9}}, ""e4"": {""services"": [""gesture"", ""object""], ""fps"": {""gesture"": 0, ""object"": 0}, ""eff_fps"": {""gesture"": 0, ""object"": 0}, ""latency_ms"": {""gesture"": 0, ""object"": 0}, ""svclat_ms"": {""gesture"": 0.0, ""object"": 0.0}}, ""e5"": {""services"": [""gesture"", ""object""], ""fps"": {""gesture"": 0, ""object"": 0}, ""eff_fps"": {""gesture"": 0, ""object"": 0}, ""latency_ms"": {""gesture"": 0, ""object"": 0}, ""svclat_ms"": {""gesture"": 0.0, ""object"": 0.0}}, ""e6"": {""services"": [""gesture"", ""object""], ""fps"": {""gesture"": 0, ""object"": 0}, ""eff_fps"": {""gesture"": 0, ""object"": 0}, ""latency_ms"": {""gesture"": 0, ""object"": 0}, ""svclat_ms"": {""gesture"": 0.0, ""object"": 0.0}}, ""e7"": {""services"": [""gesture"", ""object""], ""fps"": {""gesture"": 0, ""object"": 0}, ""eff_fps"": {""gesture"": 0, ""object"": 0}, ""latency_ms"": {""gesture"": 0, ""object"": 0}, ""svclat_ms"": {""gesture"": 0.0, ""object"": 0.0}}, ""e8"": {""services"": [""gesture"", ""object""], ""fps"": {""gesture"": 0, ""object"": 0}, ""eff_fps"": {""gesture"": 0, ""object"": 0}, ""latency_ms"": {""gesture"": 0, ""object"": 0}, ""svclat_ms"": {""gesture"": 0.0, ""object"": 0.0}}}"
338.6,8,8,1.0,0,0,36,13,13,1.0,987.0,480,0.486,0.0,1.62,0.0,30.0,30.0,30.12,30.0,30.0,30.12,0,0,0,22.19,15.06,21.82,481,"{""ip-172-31-0-204"": ""healthy"", ""ip-172-31-1-171"": ""healthy"", ""ip-172-31-10-12"": ""healthy"", ""ip-172-31-11-132"": ""healthy"", ""ip-172-31-13-134"": ""healthy"", ""ip-172-31-14-68"": ""healthy"", ""ip-172-31-40-239"": ""healthy""}",subscribe,9.4,1.0,0,0,"{""ip-172-31-0-204"": {""pose"": 1, ""object"": 1}, ""ip-172-31-1-171"": {""pose"": 1, ""object"": 1}, ""ip-172-31-13-134"": {""pose"": 1, ""object"": 1}, ""ip-172-31-10-12"": {""pose"": 1, ""object"": 1}, ""ip-172-31-11-132"": {""pose"": 1, ""object"": 1, ""gesture"": 1}, ""ip-172-31-14-68"": {""gesture"": 1}, ""ip-172-31-40-239"": {""gesture"": 1}}","{""b11"": {""services"": [""pose"", ""object""], ""fps"": {""pose"": 30, ""object"": 30}, ""eff_fps"": {""pose"": 30, ""object"": 30}, ""latency_ms"": {""pose"": 0, ""object"": 0}, ""svclat_ms"": {""pose"": 21.37, ""object"": 23.56}}, ""b12"": {""services"": [""pose"", ""object""], ""fps"": {""pose"": 30, ""object"": 30}, ""eff_fps"": {""pose"": 30, ""object"": 30}, ""latency_ms"": {""pose"": 0, ""object"": 0}, ""svclat_ms"": {""pose"": 23.98, ""object"": 24.1}}, ""b13"": {""services"": [""pose"", ""object""], ""fps"": {""pose"": 30, ""object"": 30}, ""eff_fps"": {""pose"": 30, ""object"": 30}, ""latency_ms"": {""pose"": 0, ""object"": 0}, ""svclat_ms"": {""pose"": 22.05, ""object"": 20.6}}, ""b14"": {""services"": [""pose"", ""object""], ""fps"": {""pose"": 30, ""object"": 30}, ""eff_fps"": {""pose"": 30, ""object"": 30}, ""latency_ms"": {""pose"": 0, ""object"": 0}, ""svclat_ms"": {""pose"": 20.66, ""object"": 21.26}}, ""b15"": {""services"": [""pose"", ""object""], ""fps"": {""pose"": 30, ""object"": 30}, ""eff_fps"": {""pose"": 30, ""object"": 30}, ""latency_ms"": {""pose"": 0, ""object"": 0}, ""svclat_ms"": {""pose"": 22.9, ""object"": 20.11}}, ""e1"": {""services"": [""gesture"", ""object""], ""fps"": {""gesture"": 30, ""object"": 30}, ""eff_fps"": {""gesture"": 30, ""object"": 30}, ""latency_ms"": {""gesture"": 0, ""object"": 0}, ""svclat_ms"": {""gesture"": 15.76, ""object"": 22.37}}, ""e2"": {""services"": [""gesture"", ""object""], ""fps"": {""gesture"": 30, ""object"": 31}, ""eff_fps"": {""gesture"": 30, ""object"": 31}, ""latency_ms"": {""gesture"": 0, ""object"": 0}, ""svclat_ms"": {""gesture"": 14.97, ""object"": 20.57}}, ""e3"": {""services"": [""gesture"", ""object""], ""fps"": {""gesture"": 30, ""object"": 30}, ""eff_fps"": {""gesture"": 30, ""object"": 30}, ""latency_ms"": {""gesture"": 0, ""object"": 0}, ""svclat_ms"": {""gesture"": 14.44, ""object"": 21.96}}, ""e4"": {""services"": [""gesture"", ""object""], ""fps"": {""gesture"": 0, ""object"": 0}, ""eff_fps"": {""gesture"": 0, ""object"": 0}, ""latency_ms"": {""gesture"": 0, ""object"": 0}, ""svclat_ms"": {""gesture"": 0.0, ""object"": 0.0}}, ""e5"": {""services"": [""gesture"", ""object""], ""fps"": {""gesture"": 0, ""object"": 0}, ""eff_fps"": {""gesture"": 0, ""object"": 0}, ""latency_ms"": {""gesture"": 0, ""object"": 0}, ""svclat_ms"": {""gesture"": 0.0, ""object"": 0.0}}, ""e6"": {""services"": [""gesture"", ""object""], ""fps"": {""gesture"": 0, ""object"": 0}, ""eff_fps"": {""gesture"": 0, ""object"": 0}, ""latency_ms"": {""gesture"": 0, ""object"": 0}, ""svclat_ms"": {""gesture"": 0.0, ""object"": 0.0}}, ""e7"": {""services"": [""gesture"", ""object""], ""fps"": {""gesture"": 0, ""object"": 0}, ""eff_fps"": {""gesture"": 0, ""object"": 0}, ""latency_ms"": {""gesture"": 0, ""object"": 0}, ""svclat_ms"": {""gesture"": 0.0, ""object"": 0.0}}, ""e8"": {""services"": [""gesture"", ""object""], ""fps"": {""gesture"": 0, ""object"": 0}, ""eff_fps"": {""gesture"": 0, ""object"": 0}, ""latency_ms"": {""gesture"": 0, ""object"": 0}, ""svclat_ms"": {""gesture"": 0.0, ""object"": 0.0}}}"
341.0,8,8,1.0,0,0,36,13,13,1.0,987.0,480,0.486,0.0,1.62,0.0,30.0,30.0,30.12,30.0,30.0,30.12,0,0,0,21.96,14.98,21.85,481,"{""ip-172-31-0-204"": ""healthy"", ""ip-172-31-1-171"": ""healthy"", ""ip-172-31-10-12"": ""healthy"", ""ip-172-31-11-132"": ""healthy"", ""ip-172-31-13-134"": ""healthy"", ""ip-172-31-14-68"": ""healthy"", ""ip-172-31-40-239"": ""healthy""}",subscribe,9.4,1.0,0,0,"{""ip-172-31-0-204"": {""pose"": 1, ""object"": 1}, ""ip-172-31-1-171"": {""pose"": 1, ""object"": 1}, ""ip-172-31-13-134"": {""pose"": 1, ""object"": 1}, ""ip-172-31-10-12"": {""pose"": 1, ""object"": 1}, ""ip-172-31-11-132"": {""pose"": 1, ""object"": 1, ""gesture"": 1}, ""ip-172-31-14-68"": {""gesture"": 1}, ""ip-172-31-40-239"": {""gesture"": 1}}","{""b11"": {""services"": [""pose"", ""object""], ""fps"": {""pose"": 30, ""object"": 30}, ""eff_fps"": {""pose"": 30, ""object"": 30}, ""latency_ms"": {""pose"": 0, ""object"": 0}, ""svclat_ms"": {""pose"": 20.92, ""object"": 23.65}}, ""b12"": {""services"": [""pose"", ""object""], ""fps"": {""pose"": 30, ""object"": 31}, ""eff_fps"": {""pose"": 30, ""object"": 31}, ""latency_ms"": {""pose"": 0, ""object"": 0}, ""svclat_ms"": {""pose"": 23.28, ""object"": 23.75}}, ""b13"": {""services"": [""pose"", ""object""], ""fps"": {""pose"": 30, ""object"": 30}, ""eff_fps"": {""pose"": 30, ""object"": 30}, ""latency_ms"": {""pose"": 0, ""object"": 0}, ""svclat_ms"": {""pose"": 22.51, ""object"": 21.72}}, ""b14"": {""services"": [""pose"", ""object""], ""fps"": {""pose"": 30, ""object"": 30}, ""eff_fps"": {""pose"": 30, ""object"": 30}, ""latency_ms"": {""pose"": 0, ""object"": 0}, ""svclat_ms"": {""pose"": 21.02, ""object"": 21.82}}, ""b15"": {""services"": [""pose"", ""object""], ""fps"": {""pose"": 30, ""object"": 30}, ""eff_fps"": {""pose"": 30, ""object"": 30}, ""latency_ms"": {""pose"": 0, ""object"": 0}, ""svclat_ms"": {""pose"": 22.09, ""object"": 19.13}}, ""e1"": {""services"": [""gesture"", ""object""], ""fps"": {""gesture"": 30, ""object"": 30}, ""eff_fps"": {""gesture"": 30, ""object"": 30}, ""latency_ms"": {""gesture"": 0, ""object"": 0}, ""svclat_ms"": {""gesture"": 16.06, ""object"": 21.93}}, ""e2"": {""services"": [""gesture"", ""object""], ""fps"": {""gesture"": 30, ""object"": 30}, ""eff_fps"": {""gesture"": 30, ""object"": 30}, ""latency_ms"": {""gesture"": 0, ""object"": 0}, ""svclat_ms"": {""gesture"": 14.66, ""object"": 20.58}}, ""e3"": {""services"": [""gesture"", ""object""], ""fps"": {""gesture"": 30, ""object"": 30}, ""eff_fps"": {""gesture"": 30, ""object"": 30}, ""latency_ms"": {""gesture"": 0, ""object"": 0}, ""svclat_ms"": {""gesture"": 14.21, ""object"": 22.22}}, ""e4"": {""services"": [""gesture"", ""object""], ""fps"": {""gesture"": 0, ""object"": 0}, ""eff_fps"": {""gesture"": 0, ""object"": 0}, ""latency_ms"": {""gesture"": 0, ""object"": 0}, ""svclat_ms"": {""gesture"": 0.0, ""object"": 0.0}}, ""e5"": {""services"": [""gesture"", ""object""], ""fps"": {""gesture"": 0, ""object"": 0}, ""eff_fps"": {""gesture"": 0, ""object"": 0}, ""latency_ms"": {""gesture"": 0, ""object"": 0}, ""svclat_ms"": {""gesture"": 0.0, ""object"": 0.0}}, ""e6"": {""services"": [""gesture"", ""object""], ""fps"": {""gesture"": 0, ""object"": 0}, ""eff_fps"": {""gesture"": 0, ""object"": 0}, ""latency_ms"": {""gesture"": 0, ""object"": 0}, ""svclat_ms"": {""gesture"": 0.0, ""object"": 0.0}}, ""e7"": {""services"": [""gesture"", ""object""], ""fps"": {""gesture"": 0, ""object"": 0}, ""eff_fps"": {""gesture"": 0, ""object"": 0}, ""latency_ms"": {""gesture"": 0, ""object"": 0}, ""svclat_ms"": {""gesture"": 0.0, ""object"": 0.0}}, ""e8"": {""services"": [""gesture"", ""object""], ""fps"": {""gesture"": 0, ""object"": 0}, ""eff_fps"": {""gesture"": 0, ""object"": 0}, ""latency_ms"": {""gesture"": 0, ""object"": 0}, ""svclat_ms"": {""gesture"": 0.0, ""object"": 0.0}}, ""e9"": {""services"": [""gesture"", ""object""], ""fps"": {""gesture"": 0, ""object"": 0}, ""eff_fps"": {""gesture"": 0, ""object"": 0}, ""latency_ms"": {""gesture"": 0, ""object"": 0}, ""svclat_ms"": {""gesture"": 0.0, ""object"": 0.0}}}"
346.3,9,8,0.889,5,3,44,15,15,1.0,1067.0,479.0,0.449,0.0,1.88,0.0,30.0,30.0,29.88,30.0,30.0,29.88,0,0,0,22.48,16.75,21.98,479,"{""ip-172-31-0-204"": ""healthy"", ""ip-172-31-1-171"": ""healthy"", ""ip-172-31-10-12"": ""healthy"", ""ip-172-31-11-132"": ""healthy"", ""ip-172-31-13-134"": ""healthy"", ""ip-172-31-14-68"": ""healthy"", ""ip-172-31-40-239"": ""healthy""}",unsubscribe,14.2,0.9979,0,0,"{""ip-172-31-0-204"": {""pose"": 1, ""object"": 1, ""gesture"": 1}, ""ip-172-31-1-171"": {""pose"": 1, ""object"": 1, ""gesture"": 1}, ""ip-172-31-13-134"": {""pose"": 1, ""object"": 1}, ""ip-172-31-10-12"": {""pose"": 1, ""object"": 1, ""gesture"": 1}, ""ip-172-31-11-132"": {""pose"": 1, ""object"": 1}, ""ip-172-31-14-68"": {""object"": 1}, ""ip-172-31-40-239"": {""object"": 1}}","{""b11"": {""services"": [""pose"", ""object""], ""fps"": {""pose"": 30, ""object"": 30}, ""eff_fps"": {""pose"": 30, ""object"": 30}, ""latency_ms"": {""pose"": 0, ""object"": 0}, ""svclat_ms"": {""pose"": 21.29, ""object"": 24.47}}, ""b12"": {""services"": [""pose"", ""object""], ""fps"": {""pose"": 30, ""object"": 30}, ""eff_fps"": {""pose"": 30, ""object"": 30}, ""latency_ms"": {""pose"": 0, ""object"": 0}, ""svclat_ms"": {""pose"": 24.33, ""object"": 26.2}}, ""b13"": {""services"": [""pose"", ""object""], ""fps"": {""pose"": 30, ""object"": 30}, ""eff_fps"": {""pose"": 30, ""object"": 30}, ""latency_ms"": {""pose"": 0, ""object"": 0}, ""svclat_ms"": {""pose"": 22.01, ""object"": 23.68}}, ""b14"": {""services"": [""pose"", ""object""], ""fps"": {""pose"": 30, ""object"": 30}, ""eff_fps"": {""pose"": 30, ""object"": 30}, ""latency_ms"": {""pose"": 0, ""object"": 0}, ""svclat_ms"": {""pose"": 22.5, ""object"": 22.77}}, ""b15"": {""services"": [""pose"", ""object""], ""fps"": {""pose"": 30, ""object"": 30}, ""eff_fps"": {""pose"": 30, ""object"": 30}, ""latency_ms"": {""pose"": 0, ""object"": 0}, ""svclat_ms"": {""pose"": 22.27, ""object"": 19.37}}, ""e1"": {""services"": [""gesture"", ""object""], ""fps"": {""gesture"": 30, ""object"": 30}, ""eff_fps"": {""gesture"": 30, ""object"": 30}, ""latency_ms"": {""gesture"": 0, ""object"": 0}, ""svclat_ms"": {""gesture"": 18.56, ""object"": 16.11}}, ""e2"": {""services"": [""gesture"", ""object""], ""fps"": {""gesture"": 30, ""object"": 30}, ""eff_fps"": {""gesture"": 30, ""object"": 30}, ""latency_ms"": {""gesture"": 0, ""object"": 0}, ""svclat_ms"": {""gesture"": 16.39, ""object"": 15.87}}, ""e3"": {""services"": [""gesture"", ""object""], ""fps"": {""gesture"": 30, ""object"": 29}, ""eff_fps"": {""gesture"": 30, ""object"": 29}, ""latency_ms"": {""gesture"": 0, ""object"": 0}, ""svclat_ms"": {""gesture"": 15.29, ""object"": 27.4}}, ""e4"": {""services"": [""gesture"", ""object""], ""fps"": {""gesture"": 0, ""object"": 0}, ""eff_fps"": {""gesture"": 0, ""object"": 0}, ""latency_ms"": {""gesture"": 0, ""object"": 0}, ""svclat_ms"": {""gesture"": 0.0, ""object"": 0.0}}, ""e5"": {""services"": [""gesture"", ""object""], ""fps"": {""gesture"": 0, ""object"": 0}, ""eff_fps"": {""gesture"": 0, ""object"": 0}, ""latency_ms"": {""gesture"": 0, ""object"": 0}, ""svclat_ms"": {""gesture"": 0.0, ""object"": 0.0}}, ""e6"": {""services"": [""gesture"", ""object""], ""fps"": {""gesture"": 0, ""object"": 0}, ""eff_fps"": {""gesture"": 0, ""object"": 0}, ""latency_ms"": {""gesture"": 0, ""object"": 0}, ""svclat_ms"": {""gesture"": 0.0, ""object"": 0.0}}, ""e7"": {""services"": [""gesture"", ""object""], ""fps"": {""gesture"": 0, ""object"": 0}, ""eff_fps"": {""gesture"": 0, ""object"": 0}, ""latency_ms"": {""gesture"": 0, ""object"": 0}, ""svclat_ms"": {""gesture"": 0.0, ""object"": 0.0}}, ""e8"": {""services"": [""gesture"", ""object""], ""fps"": {""gesture"": 0, ""object"": 0}, ""eff_fps"": {""gesture"": 0, ""object"": 0}, ""latency_ms"": {""gesture"": 0, ""object"": 0}, ""svclat_ms"": {""gesture"": 0.0, ""object"": 0.0}}, ""e9"": {""services"": [""gesture"", ""object""], ""fps"": {""gesture"": 0, ""object"": 0}, ""eff_fps"": {""gesture"": 0, ""object"": 0}, ""latency_ms"": {""gesture"": 0, ""object"": 0}, ""svclat_ms"": {""gesture"": 0.0, ""object"": 0.0}}, ""e10"": {""services"": [""gesture"", ""object""], ""fps"": {""gesture"": 0, ""object"": 0}, ""eff_fps"": {""gesture"": 0, ""object"": 0}, ""latency_ms"": {""gesture"": 0, ""object"": 0}, ""svclat_ms"": {""gesture"": 0.0, ""object"": 0.0}}}"
351.2,11,10,0.909,0,0,44,15,15,1.0,1067.0,597.0,0.56,0.0,1.5,0.0,30.0,30.0,29.55,30.0,30.0,29.45,0,0,0,23.14,18.02,23.28,655,"{""ip-172-31-0-204"": ""healthy"", ""ip-172-31-1-171"": ""healthy"", ""ip-172-31-10-12"": ""healthy"", ""ip-172-31-11-132"": ""healthy"", ""ip-172-31-13-134"": ""healthy"", ""ip-172-31-14-68"": ""healthy"", ""ip-172-31-40-239"": ""healthy""}",subscribe,10.0,0.995,0,0,"{""ip-172-31-0-204"": {""pose"": 1, ""object"": 1, ""gesture"": 1}, ""ip-172-31-1-171"": {""pose"": 1, ""object"": 1, ""gesture"": 1}, ""ip-172-31-13-134"": {""pose"": 1, ""object"": 1}, ""ip-172-31-10-12"": {""pose"": 1, ""object"": 1, ""gesture"": 1}, ""ip-172-31-11-132"": {""pose"": 1, ""object"": 1}, ""ip-172-31-14-68"": {""object"": 1}, ""ip-172-31-40-239"": {""object"": 1}}","{""b11"": {""services"": [""pose"", ""object""], ""fps"": {""pose"": 30, ""object"": 29}, ""eff_fps"": {""pose"": 30, ""object"": 29}, ""latency_ms"": {""pose"": 0, ""object"": 0}, ""svclat_ms"": {""pose"": 23.92, ""object"": 25.52}}, ""b12"": {""services"": [""pose"", ""object""], ""fps"": {""pose"": 30, ""object"": 29}, ""eff_fps"": {""pose"": 30, ""object"": 29}, ""latency_ms"": {""pose"": 0, ""object"": 0}, ""svclat_ms"": {""pose"": 25.5, ""object"": 25.31}}, ""b13"": {""services"": [""pose"", ""object""], ""fps"": {""pose"": 30, ""object"": 29}, ""eff_fps"": {""pose"": 30, ""object"": 29}, ""latency_ms"": {""pose"": 0, ""object"": 0}, ""svclat_ms"": {""pose"": 22.96, ""object"": 24.67}}, ""b14"": {""services"": [""pose"", ""object""], ""fps"": {""pose"": 30, ""object"": 30}, ""eff_fps"": {""pose"": 30, ""object"": 29}, ""latency_ms"": {""pose"": 0, ""object"": 0}, ""svclat_ms"": {""pose"": 20.25, ""object"": 23.94}}, ""b15"": {""services"": [""pose"", ""object""], ""fps"": {""pose"": 30, ""object"": 30}, ""eff_fps"": {""pose"": 30, ""object"": 30}, ""latency_ms"": {""pose"": 0, ""object"": 0}, ""svclat_ms"": {""pose"": 23.09, ""object"": 19.9}}, ""e1"": {""services"": [""gesture"", ""object""], ""fps"": {""gesture"": 30, ""object"": 30}, ""eff_fps"": {""gesture"": 30, ""object"": 30}, ""latency_ms"": {""gesture"": 0, ""object"": 0}, ""svclat_ms"": {""gesture"": 17.75, ""object"": 18.04}}, ""e2"": {""services"": [""gesture"", ""object""], ""fps"": {""gesture"": 30, ""object"": 30}, ""eff_fps"": {""gesture"": 30, ""object"": 30}, ""latency_ms"": {""gesture"": 0, ""object"": 0}, ""svclat_ms"": {""gesture"": 17.9, ""object"": 15.66}}, ""e3"": {""services"": [""gesture"", ""object""], ""fps"": {""gesture"": 30, ""object"": 30}, ""eff_fps"": {""gesture"": 30, ""object"": 30}, ""latency_ms"": {""gesture"": 0, ""object"": 0}, ""svclat_ms"": {""gesture"": 18.22, ""object"": 25.11}}, ""e4"": {""services"": [""gesture"", ""object""], ""fps"": {""gesture"": 30, ""object"": 30}, ""eff_fps"": {""gesture"": 30, ""object"": 30}, ""latency_ms"": {""gesture"": 0, ""object"": 0}, ""svclat_ms"": {""gesture"": 17.6, ""object"": 28.91}}, ""e5"": {""services"": [""gesture"", ""object""], ""fps"": {""gesture"": 30, ""object"": 29}, ""eff_fps"": {""gesture"": 30, ""object"": 29}, ""latency_ms"": {""gesture"": 0, ""object"": 0}, ""svclat_ms"": {""gesture"": 18.71, ""object"": 22.76}}, ""e6"": {""services"": [""gesture"", ""object""], ""fps"": {""gesture"": 30, ""object"": 29}, ""eff_fps"": {""gesture"": 30, ""object"": 29}, ""latency_ms"": {""gesture"": 0, ""object"": 0}, ""svclat_ms"": {""gesture"": 17.94, ""object"": 26.23}}, ""e7"": {""services"": [""gesture"", ""object""], ""fps"": {""gesture"": 0, ""object"": 0}, ""eff_fps"": {""gesture"": 0, ""object"": 0}, ""latency_ms"": {""gesture"": 0, ""object"": 0}, ""svclat_ms"": {""gesture"": 0.0, ""object"": 0.0}}, ""e8"": {""services"": [""gesture"", ""object""], ""fps"": {""gesture"": 0, ""object"": 0}, ""eff_fps"": {""gesture"": 0, ""object"": 0}, ""latency_ms"": {""gesture"": 0, ""object"": 0}, ""svclat_ms"": {""gesture"": 0.0, ""object"": 0.0}}, ""e9"": {""services"": [""gesture"", ""object""], ""fps"": {""gesture"": 0, ""object"": 0}, ""eff_fps"": {""gesture"": 0, ""object"": 0}, ""latency_ms"": {""gesture"": 0, ""object"": 0}, ""svclat_ms"": {""gesture"": 0.0, ""object"": 0.0}}, ""e10"": {""services"": [""gesture"", ""object""], ""fps"": {""gesture"": 0, ""object"": 0}, ""eff_fps"": {""gesture"": 0, ""object"": 0}, ""latency_ms"": {""gesture"": 0, ""object"": 0}, ""svclat_ms"": {""gesture"": 0.0, ""object"": 0.0}}, ""e11"": {""services"": [""gesture"", ""object""], ""fps"": {""gesture"": 0, ""object"": 0}, ""eff_fps"": {""gesture"": 0, ""object"": 0}, ""latency_ms"": {""gesture"": 0, ""object"": 0}, ""svclat_ms"": {""gesture"": 0.0, ""object"": 0.0}}}"
356.1,13,12,0.923,0,0,44,15,15,1.0,1067.0,717.0,0.672,0.0,1.25,0.0,30.0,29.83,29.91,30.0,29.83,29.91,0,0,0,24.17,19.22,23.7,658,"{""ip-172-31-0-204"": ""healthy"", ""ip-172-31-1-171"": ""healthy"", ""ip-172-31-10-12"": ""healthy"", ""ip-172-31-11-132"": ""healthy"", ""ip-172-31-13-134"": ""healthy"", ""ip-172-31-14-68"": ""healthy"", ""ip-172-31-40-239"": ""healthy""}",subscribe,10.4,0.9958,0,0,"{""ip-172-31-0-204"": {""pose"": 1, ""object"": 1, ""gesture"": 1}, ""ip-172-31-1-171"": {""pose"": 1, ""object"": 1, ""gesture"": 1}, ""ip-172-31-13-134"": {""pose"": 1, ""object"": 1}, ""ip-172-31-10-12"": {""pose"": 1, ""object"": 1, ""gesture"": 1}, ""ip-172-31-11-132"": {""pose"": 1, ""object"": 1}, ""ip-172-31-14-68"": {""object"": 1}, ""ip-172-31-40-239"": {""object"": 1}}","{""b11"": {""services"": [""pose"", ""object""], ""fps"": {""pose"": 30, ""object"": 30}, ""eff_fps"": {""pose"": 30, ""object"": 30}, ""latency_ms"": {""pose"": 0, ""object"": 0}, ""svclat_ms"": {""pose"": 24.98, ""object"": 27.01}}, ""b12"": {""services"": [""pose"", ""object""], ""fps"": {""pose"": 30, ""object"": 30}, ""eff_fps"": {""pose"": 30, ""object"": 30}, ""latency_ms"": {""pose"": 0, ""object"": 0}, ""svclat_ms"": {""pose"": 26.0, ""object"": 27.64}}, ""b13"": {""services"": [""pose"", ""object""], ""fps"": {""pose"": 30, ""object"": 30}, ""eff_fps"": {""pose"": 30, ""object"": 30}, ""latency_ms"": {""pose"": 0, ""object"": 0}, ""svclat_ms"": {""pose"": 25.16, ""object"": 27.96}}, ""b14"": {""services"": [""pose"", ""object""], ""fps"": {""pose"": 30, ""object"": 30}, ""eff_fps"": {""pose"": 30, ""object"": 30}, ""latency_ms"": {""pose"": 0, ""object"": 0}, ""svclat_ms"": {""pose"": 21.57, ""object"": 22.11}}, ""b15"": {""services"": [""pose"", ""object""], ""fps"": {""pose"": 30, ""object"": 30}, ""eff_fps"": {""pose"": 30, ""object"": 30}, ""latency_ms"": {""pose"": 0, ""object"": 0}, ""svclat_ms"": {""pose"": 23.12, ""object"": 19.75}}, ""e1"": {""services"": [""gesture"", ""object""], ""fps"": {""gesture"": 30, ""object"": 30}, ""eff_fps"": {""gesture"": 30, ""object"": 30}, ""latency_ms"": {""gesture"": 0, ""object"": 0}, ""svclat_ms"": {""gesture"": 19.92, ""object"": 19.47}}, ""e2"": {""services"": [""gesture"", ""object""], ""fps"": {""gesture"": 29, ""object"": 30}, ""eff_fps"": {""gesture"": 29, ""object"": 30}, ""latency_ms"": {""gesture"": 0, ""object"": 0}, ""svclat_ms"": {""gesture"": 18.73, ""object"": 15.68}}, ""e3"": {""services"": [""gesture"", ""object""], ""fps"": {""gesture"": 30, ""object"": 29}, ""eff_fps"": {""gesture"": 30, ""object"": 29}, ""latency_ms"": {""gesture"": 0, ""object"": 0}, ""svclat_ms"": {""gesture"": 18.99, ""object"": 25.85}}, ""e4"": {""services"": [""gesture"", ""object""], ""fps"": {""gesture"": 30, ""object"": 30}, ""eff_fps"": {""gesture"": 30, ""object"": 30}, ""latency_ms"": {""gesture"": 0, ""object"": 0}, ""svclat_ms"": {""gesture"": 19.99, ""object"": 27.05}}, ""e5"": {""services"": [""gesture"", ""object""], ""fps"": {""gesture"": 30, ""object"": 30}, ""eff_fps"": {""gesture"": 30, ""object"": 30}, ""latency_ms"": {""gesture"": 0, ""object"": 0}, ""svclat_ms"": {""gesture"": 18.81, ""object"": 24.17}}, ""e6"": {""services"": [""gesture"", ""object""], ""fps"": {""gesture"": 30, ""object"": 30}, ""eff_fps"": {""gesture"": 30, ""object"": 30}, ""latency_ms"": {""gesture"": 0, ""object"": 0}, ""svclat_ms"": {""gesture"": 18.88, ""object"": 24.0}}, ""e7"": {""services"": [""gesture"", ""object""], ""fps"": {""gesture"": 0, ""object"": 0}, ""eff_fps"": {""gesture"": 0, ""object"": 0}, ""latency_ms"": {""gesture"": 0, ""object"": 0}, ""svclat_ms"": {""gesture"": 0.0, ""object"": 0.0}}, ""e8"": {""services"": [""gesture"", ""object""], ""fps"": {""gesture"": 0, ""object"": 0}, ""eff_fps"": {""gesture"": 0, ""object"": 0}, ""latency_ms"": {""gesture"": 0, ""object"": 0}, ""svclat_ms"": {""gesture"": 0.0, ""object"": 0.0}}, ""e9"": {""services"": [""gesture"", ""object""], ""fps"": {""gesture"": 0, ""object"": 0}, ""eff_fps"": {""gesture"": 0, ""object"": 0}, ""latency_ms"": {""gesture"": 0, ""object"": 0}, ""svclat_ms"": {""gesture"": 0.0, ""object"": 0.0}}, ""e10"": {""services"": [""gesture"", ""object""], ""fps"": {""gesture"": 0, ""object"": 0}, ""eff_fps"": {""gesture"": 0, ""object"": 0}, ""latency_ms"": {""gesture"": 0, ""object"": 0}, ""svclat_ms"": {""gesture"": 0.0, ""object"": 0.0}}, ""e11"": {""services"": [""gesture"", ""object""], ""fps"": {""gesture"": 0, ""object"": 0}, ""eff_fps"": {""gesture"": 0, ""object"": 0}, ""latency_ms"": {""gesture"": 0, ""object"": 0}, ""svclat_ms"": {""gesture"": 0.0, ""object"": 0.0}}, ""e12"": {""services"": [""gesture"", ""object""], ""fps"": {""gesture"": 0, ""object"": 0}, ""eff_fps"": {""gesture"": 0, ""object"": 0}, ""latency_ms"": {""gesture"": 0, ""object"": 0}, ""svclat_ms"": {""gesture"": 0.0, ""object"": 0.0}}}"
361.0,15,14,0.933,0,0,44,15,15,1.0,1067.0,837.0,0.784,0.0,1.07,0.0,30.0,27.1,27.87,30.0,27.1,27.87,0,0,0,24.7,21.34,23.64,839,"{""ip-172-31-0-204"": ""healthy"", ""ip-172-31-1-171"": ""healthy"", ""ip-172-31-10-12"": ""healthy"", ""ip-172-31-11-132"": ""healthy"", ""ip-172-31-13-134"": ""healthy"", ""ip-172-31-14-68"": ""healthy"", ""ip-172-31-40-239"": ""healthy""}",subscribe,9.9,0.9964,0,0,"{""ip-172-31-0-204"": {""pose"": 1, ""object"": 1, ""gesture"": 1}, ""ip-172-31-1-171"": {""pose"": 1, ""object"": 1, ""gesture"": 1}, ""ip-172-31-13-134"": {""pose"": 1, ""object"": 1}, ""ip-172-31-10-12"": {""pose"": 1, ""object"": 1, ""gesture"": 1}, ""ip-172-31-11-132"": {""pose"": 1, ""object"": 1}, ""ip-172-31-14-68"": {""object"": 1}, ""ip-172-31-40-239"": {""object"": 1}}","{""b11"": {""services"": [""pose"", ""object""], ""fps"": {""pose"": 30, ""object"": 29}, ""eff_fps"": {""pose"": 30, ""object"": 29}, ""latency_ms"": {""pose"": 0, ""object"": 0}, ""svclat_ms"": {""pose"": 25.68, ""object"": 26.92}}, ""b12"": {""services"": [""pose"", ""object""], ""fps"": {""pose"": 30, ""object"": 20}, ""eff_fps"": {""pose"": 30, ""object"": 20}, ""latency_ms"": {""pose"": 0, ""object"": 0}, ""svclat_ms"": {""pose"": 26.5, ""object"": 27.52}}, ""b13"": {""services"": [""pose"", ""object""], ""fps"": {""pose"": 30, ""object"": 30}, ""eff_fps"": {""pose"": 30, ""object"": 30}, ""latency_ms"": {""pose"": 0, ""object"": 0}, ""svclat_ms"": {""pose"": 25.09, ""object"": 26.24}}, ""b14"": {""services"": [""pose"", ""object""], ""fps"": {""pose"": 30, ""object"": 30}, ""eff_fps"": {""pose"": 30, ""object"": 30}, ""latency_ms"": {""pose"": 0, ""object"": 0}, ""svclat_ms"": {""pose"": 21.93, ""object"": 22.16}}, ""b15"": {""services"": [""pose"", ""object""], ""fps"": {""pose"": 30, ""object"": 30}, ""eff_fps"": {""pose"": 30, ""object"": 30}, ""latency_ms"": {""pose"": 0, ""object"": 0}, ""svclat_ms"": {""pose"": 24.3, ""object"": 21.31}}, ""e1"": {""services"": [""gesture"", ""object""], ""fps"": {""gesture"": 23, ""object"": 30}, ""eff_fps"": {""gesture"": 23, ""object"": 30}, ""latency_ms"": {""gesture"": 0, ""object"": 0}, ""svclat_ms"": {""gesture"": 23.98, ""object"": 19.59}}, ""e2"": {""services"": [""gesture"", ""object""], ""fps"": {""gesture"": 30, ""object"": 30}, ""eff_fps"": {""gesture"": 30, ""object"": 30}, ""latency_ms"": {""gesture"": 0, ""object"": 0}, ""svclat_ms"": {""gesture"": 19.84, ""object"": 19.94}}, ""e3"": {""services"": [""gesture"", ""object""], ""fps"": {""gesture"": 30, ""object"": 20}, ""eff_fps"": {""gesture"": 30, ""object"": 20}, ""latency_ms"": {""gesture"": 0, ""object"": 0}, ""svclat_ms"": {""gesture"": 24.38, ""object"": 26.84}}, ""e4"": {""services"": [""gesture"", ""object""], ""fps"": {""gesture"": 30, ""object"": 30}, ""eff_fps"": {""gesture"": 30, ""object"": 30}, ""latency_ms"": {""gesture"": 0, ""object"": 0}, ""svclat_ms"": {""gesture"": 19.13, ""object"": 26.59}}, ""e5"": {""services"": [""gesture"", ""object""], ""fps"": {""gesture"": 23, ""object"": 29}, ""eff_fps"": {""gesture"": 23, ""object"": 29}, ""latency_ms"": {""gesture"": 0, ""object"": 0}, ""svclat_ms"": {""gesture"": 23.83, ""object"": 25.87}}, ""e6"": {""services"": [""gesture"", ""object""], ""fps"": {""gesture"": 30, ""object"": 30}, ""eff_fps"": {""gesture"": 30, ""object"": 30}, ""latency_ms"": {""gesture"": 0, ""object"": 0}, ""svclat_ms"": {""gesture"": 21.33, ""object"": 24.25}}, ""e7"": {""services"": [""gesture"", ""object""], ""fps"": {""gesture"": 30, ""object"": 30}, ""eff_fps"": {""gesture"": 30, ""object"": 30}, ""latency_ms"": {""gesture"": 0, ""object"": 0}, ""svclat_ms"": {""gesture"": 18.55, ""object"": 19.66}}, ""e8"": {""services"": [""gesture"", ""object""], ""fps"": {""gesture"": 22, ""object"": 30}, ""eff_fps"": {""gesture"": 22, ""object"": 30}, ""latency_ms"": {""gesture"": 0, ""object"": 0}, ""svclat_ms"": {""gesture"": 22.91, ""object"": 21.43}}, ""e9"": {""services"": [""gesture"", ""object""], ""fps"": {""gesture"": 0, ""object"": 0}, ""eff_fps"": {""gesture"": 0, ""object"": 0}, ""latency_ms"": {""gesture"": 0, ""object"": 0}, ""svclat_ms"": {""gesture"": 0.0, ""object"": 0.0}}, ""e10"": {""services"": [""gesture"", ""object""], ""fps"": {""gesture"": 31, ""object"": 30}, ""eff_fps"": {""gesture"": 31, ""object"": 30}, ""latency_ms"": {""gesture"": 0, ""object"": 0}, ""svclat_ms"": {""gesture"": 19.37, ""object"": 16.97}}, ""e11"": {""services"": [""gesture"", ""object""], ""fps"": {""gesture"": 22, ""object"": 20}, ""eff_fps"": {""gesture"": 22, ""object"": 20}, ""latency_ms"": {""gesture"": 0, ""object"": 0}, ""svclat_ms"": {""gesture"": 20.07, ""object"": 29.31}}, ""e12"": {""services"": [""gesture"", ""object""], ""fps"": {""gesture"": 0, ""object"": 0}, ""eff_fps"": {""gesture"": 0, ""object"": 0}, ""latency_ms"": {""gesture"": 0, ""object"": 0}, ""svclat_ms"": {""gesture"": 0.0, ""object"": 0.0}}, ""e13"": {""services"": [""gesture"", ""object""], ""fps"": {""gesture"": 0, ""object"": 0}, ""eff_fps"": {""gesture"": 0, ""object"": 0}, ""latency_ms"": {""gesture"": 0, ""object"": 0}, ""svclat_ms"": {""gesture"": 0.0, ""object"": 0.0}}}"
365.9,17,16,0.941,0,0,44,15,15,1.0,1067.0,839.0,0.786,0.0,0.94,0.0,30.0,22.75,24.53,30.0,22.67,24.53,0,0,0,24.52,22.56,24.6,840,"{""ip-172-31-0-204"": ""healthy"", ""ip-172-31-1-171"": ""healthy"", ""ip-172-31-10-12"": ""healthy"", ""ip-172-31-11-132"": ""healthy"", ""ip-172-31-13-134"": ""healthy"", ""ip-172-31-14-68"": ""healthy"", ""ip-172-31-40-239"": ""healthy""}",subscribe,9.5,0.874,0,0,"{""ip-172-31-0-204"": {""pose"": 1, ""object"": 1, ""gesture"": 1}, ""ip-172-31-1-171"": {""pose"": 1, ""object"": 1, ""gesture"": 1}, ""ip-172-31-13-134"": {""pose"": 1, ""object"": 1}, ""ip-172-31-10-12"": {""pose"": 1, ""object"": 1, ""gesture"": 1}, ""ip-172-31-11-132"": {""pose"": 1, ""object"": 1}, ""ip-172-31-14-68"": {""object"": 1}, ""ip-172-31-40-239"": {""object"": 1}}","{""b11"": {""services"": [""pose"", ""object""], ""fps"": {""pose"": 30, ""object"": 20}, ""eff_fps"": {""pose"": 30, ""object"": 20}, ""latency_ms"": {""pose"": 0, ""object"": 0}, ""svclat_ms"": {""pose"": 25.27, ""object"": 27.55}}, ""b12"": {""services"": [""pose"", ""object""], ""fps"": {""pose"": 30, ""object"": 19}, ""eff_fps"": {""pose"": 30, ""object"": 19}, ""latency_ms"": {""pose"": 0, ""object"": 0}, ""svclat_ms"": {""pose"": 26.17, ""object"": 27.39}}, ""b13"": {""services"": [""pose"", ""object""], ""fps"": {""pose"": 30, ""object"": 20}, ""eff_fps"": {""pose"": 30, ""object"": 20}, ""latency_ms"": {""pose"": 0, ""object"": 0}, ""svclat_ms"": {""pose"": 25.08, ""object"": 26.5}}, ""b14"": {""services"": [""pose"", ""object""], ""fps"": {""pose"": 30, ""object"": 30}, ""eff_fps"": {""pose"": 30, ""object"": 30}, ""latency_ms"": {""pose"": 0, ""object"": 0}, ""svclat_ms"": {""pose"": 22.95, ""object"": 21.08}}, ""b15"": {""services"": [""pose"", ""object""], ""fps"": {""pose"": 30, ""object"": 30}, ""eff_fps"": {""pose"": 30, ""object"": 30}, ""latency_ms"": {""pose"": 0, ""object"": 0}, ""svclat_ms"": {""pose"": 23.14, ""object"": 19.76}}, ""e1"": {""services"": [""gesture"", ""object""], ""fps"": {""gesture"": 23, ""object"": 30}, ""eff_fps"": {""gesture"": 23, ""object"": 30}, ""latency_ms"": {""gesture"": 0, ""object"": 0}, ""svclat_ms"": {""gesture"": 22.86, ""object"": 19.39}}, ""e2"": {""services"": [""gesture"", ""object""], ""fps"": {""gesture"": 23, ""object"": 30}, ""eff_fps"": {""gesture"": 23, ""object"": 30}, ""latency_ms"": {""gesture"": 0, ""object"": 0}, ""svclat_ms"": {""gesture"": 21.81, ""object"": 19.77}}, ""e3"": {""services"": [""gesture"", ""object""], ""fps"": {""gesture"": 23, ""object"": 20}, ""eff_fps"": {""gesture"": 23, ""object"": 20}, ""latency_ms"": {""gesture"": 0, ""object"": 0}, ""svclat_ms"": {""gesture"": 23.24, ""object"": 28.25}}, ""e4"": {""services"": [""gesture"", ""object""], ""fps"": {""gesture"": 23, ""object"": 19}, ""eff_fps"": {""gesture"": 23, ""object"": 19}, ""latency_ms"": {""gesture"": 0, ""object"": 0}, ""svclat_ms"": {""gesture"": 21.06, ""object"": 27.48}}, ""e5"": {""services"": [""gesture"", ""object""], ""fps"": {""gesture"": 23, ""object"": 20}, ""eff_fps"": {""gesture"": 23, ""object"": 20}, ""latency_ms"": {""gesture"": 0, ""object"": 0}, ""svclat_ms"": {""gesture"": 22.34, ""object"": 25.61}}, ""e6"": {""services"": [""gesture"", ""object""], ""fps"": {""gesture"": 23, ""object"": 30}, ""eff_fps"": {""gesture"": 23, ""object"": 30}, ""latency_ms"": {""gesture"": 0, ""object"": 0}, ""svclat_ms"": {""gesture"": 20.44, ""object"": 23.35}}, ""e7"": {""services"": [""gesture"", ""object""], ""fps"": {""gesture"": 21, ""object"": 30}, ""eff_fps"": {""gesture"": 21, ""object"": 30}, ""latency_ms"": {""gesture"": 0, ""object"": 0}, ""svclat_ms"": {""gesture"": 29.87, ""object"": 19.25}}, ""e8"": {""services"": [""gesture"", ""object""], ""fps"": {""gesture"": 23, ""object"": 30}, ""eff_fps"": {""gesture"": 23, ""object"": 30}, ""latency_ms"": {""gesture"": 0, ""object"": 0}, ""svclat_ms"": {""gesture"": 21.16, ""object"": 21.2}}, ""e9"": {""services"": [""gesture"", ""object""], ""fps"": {""gesture"": 23, ""object"": 20}, ""eff_fps"": {""gesture"": 23, ""object"": 20}, ""latency_ms"": {""gesture"": 0, ""object"": 0}, ""svclat_ms"": {""gesture"": 18.13, ""object"": 26.7}}, ""e10"": {""services"": [""gesture"", ""object""], ""fps"": {""gesture"": 23, ""object"": 30}, ""eff_fps"": {""gesture"": 23, ""object"": 30}, ""latency_ms"": {""gesture"": 0, ""object"": 0}, ""svclat_ms"": {""gesture"": 19.62, ""object"": 17.09}}, ""e11"": {""services"": [""gesture"", ""object""], ""fps"": {""gesture"": 23, ""object"": 20}, ""eff_fps"": {""gesture"": 23, ""object"": 20}, ""latency_ms"": {""gesture"": 0, ""object"": 0}, ""svclat_ms"": {""gesture"": 18.93, ""object"": 30.42}}, ""e12"": {""services"": [""gesture"", ""object""], ""fps"": {""gesture"": 22, ""object"": 19}, ""eff_fps"": {""gesture"": 21, ""object"": 19}, ""latency_ms"": {""gesture"": 0, ""object"": 0}, ""svclat_ms"": {""gesture"": 31.25, ""object"": 37.48}}, ""e13"": {""services"": [""gesture"", ""object""], ""fps"": {""gesture"": 0, ""object"": 0}, ""eff_fps"": {""gesture"": 0, ""object"": 0}, ""latency_ms"": {""gesture"": 0, ""object"": 0}, ""svclat_ms"": {""gesture"": 0.0, ""object"": 0.0}}, ""e14"": {""services"": [""gesture"", ""object""], ""fps"": {""gesture"": 0, ""object"": 0}, ""eff_fps"": {""gesture"": 0, ""object"": 0}, ""latency_ms"": {""gesture"": 0, ""object"": 0}, ""svclat_ms"": {""gesture"": 0.0, ""object"": 0.0}}}"
370.7,18,18,1.0,0,0,44,15,15,1.0,1067.0,849.0,0.796,0.0,0.83,0.0,30.0,19.57,23.0,30.0,19.57,23.0,0,0,0,24.83,22.18,25.22,861,"{""ip-172-31-0-204"": ""healthy"", ""ip-172-31-1-171"": ""healthy"", ""ip-172-31-10-12"": ""healthy"", ""ip-172-31-11-132"": ""healthy"", ""ip-172-31-13-134"": ""healthy"", ""ip-172-31-14-68"": ""healthy"", ""ip-172-31-40-239"": ""healthy""}",subscribe,10.0,0.7861,0,0,"{""ip-172-31-0-204"": {""pose"": 1, ""object"": 1, ""gesture"": 1}, ""ip-172-31-1-171"": {""pose"": 1, ""object"": 1, ""gesture"": 1}, ""ip-172-31-13-134"": {""pose"": 1, ""object"": 1}, ""ip-172-31-10-12"": {""pose"": 1, ""object"": 1, ""gesture"": 1}, ""ip-172-31-11-132"": {""pose"": 1, ""object"": 1}, ""ip-172-31-14-68"": {""object"": 1}, ""ip-172-31-40-239"": {""object"": 1}}","{""b11"": {""services"": [""pose"", ""object""], ""fps"": {""pose"": 30, ""object"": 20}, ""eff_fps"": {""pose"": 30, ""object"": 20}, ""latency_ms"": {""pose"": 0, ""object"": 0}, ""svclat_ms"": {""pose"": 26.64, ""object"": 28.37}}, ""b12"": {""services"": [""pose"", ""object""], ""fps"": {""pose"": 30, ""object"": 20}, ""eff_fps"": {""pose"": 30, ""object"": 20}, ""latency_ms"": {""pose"": 0, ""object"": 0}, ""svclat_ms"": {""pose"": 26.68, ""object"": 26.61}}, ""b13"": {""services"": [""pose"", ""object""], ""fps"": {""pose"": 30, ""object"": 19}, ""eff_fps"": {""pose"": 30, ""object"": 19}, ""latency_ms"": {""pose"": 0, ""object"": 0}, ""svclat_ms"": {""pose"": 25.49, ""object"": 25.99}}, ""b14"": {""services"": [""pose"", ""object""], ""fps"": {""pose"": 30, ""object"": 23}, ""eff_fps"": {""pose"": 30, ""object"": 23}, ""latency_ms"": {""pose"": 0, ""object"": 0}, ""svclat_ms"": {""pose"": 21.82, ""object"": 26.49}}, ""b15"": {""services"": [""pose"", ""object""], ""fps"": {""pose"": 30, ""object"": 23}, ""eff_fps"": {""pose"": 30, ""object"": 23}, ""latency_ms"": {""pose"": 0, ""object"": 0}, ""svclat_ms"": {""pose"": 23.52, ""object"": 21.46}}, ""e1"": {""services"": [""gesture"", ""object""], ""fps"": {""gesture"": 18, ""object"": 30}, ""eff_fps"": {""gesture"": 18, ""object"": 30}, ""latency_ms"": {""gesture"": 0, ""object"": 0}, ""svclat_ms"": {""gesture"": 24.78, ""object"": 19.22}}, ""e2"": {""services"": [""gesture"", ""object""], ""fps"": {""gesture"": 18, ""object"": 30}, ""eff_fps"": {""gesture"": 18, ""object"": 30}, ""latency_ms"": {""gesture"": 0, ""object"": 0}, ""svclat_ms"": {""gesture"": 19.28, ""object"": 19.31}}, ""e3"": {""services"": [""gesture"", ""object""], ""fps"": {""gesture"": 23, ""object"": 20}, ""eff_fps"": {""gesture"": 23, ""object"": 20}, ""latency_ms"": {""gesture"": 0, ""object"": 0}, ""svclat_ms"": {""gesture"": 20.88, ""object"": 27.07}}, ""e4"": {""services"": [""gesture"", ""object""], ""fps"": {""gesture"": 19, ""object"": 20}, ""eff_fps"": {""gesture"": 19, ""object"": 20}, ""latency_ms"": {""gesture"": 0, ""object"": 0}, ""svclat_ms"": {""gesture"": 19.72, ""object"": 28.3}}, ""e5"": {""services"": [""gesture"", ""object""], ""fps"": {""gesture"": 19, ""object"": 20}, ""eff_fps"": {""gesture"": 19, ""object"": 20}, ""latency_ms"": {""gesture"": 0, ""object"": 0}, ""svclat_ms"": {""gesture"": 34.0, ""object"": 25.74}}, ""e6"": {""services"": [""gesture"", ""object""], ""fps"": {""gesture"": 22, ""object"": 23}, ""eff_fps"": {""gesture"": 22, ""object"": 23}, ""latency_ms"": {""gesture"": 0, ""object"": 0}, ""svclat_ms"": {""gesture"": 19.46, ""object"": 24.21}}, ""e7"": {""services"": [""gesture"", ""object""], ""fps"": {""gesture"": 23, ""object"": 30}, ""eff_fps"": {""gesture"": 23, ""object"": 30}, ""latency_ms"": {""gesture"": 0, ""object"": 0}, ""svclat_ms"": {""gesture"": 19.99, ""object"": 19.05}}, ""e8"": {""services"": [""gesture"", ""object""], ""fps"": {""gesture"": 18, ""object"": 23}, ""eff_fps"": {""gesture"": 18, ""object"": 23}, ""latency_ms"": {""gesture"": 0, ""object"": 0}, ""svclat_ms"": {""gesture"": 21.97, ""object"": 30.07}}, ""e9"": {""services"": [""gesture"", ""object""], ""fps"": {""gesture"": 18, ""object"": 20}, ""eff_fps"": {""gesture"": 18, ""object"": 20}, ""latency_ms"": {""gesture"": 0, ""object"": 0}, ""svclat_ms"": {""gesture"": 24.54, ""object"": 25.74}}, ""e10"": {""services"": [""gesture"", ""object""], ""fps"": {""gesture"": 18, ""object"": 30}, ""eff_fps"": {""gesture"": 18, ""object"": 30}, ""latency_ms"": {""gesture"": 0, ""object"": 0}, ""svclat_ms"": {""gesture"": 20.33, ""object"": 17.44}}, ""e11"": {""services"": [""gesture"", ""object""], ""fps"": {""gesture"": 19, ""object"": 20}, ""eff_fps"": {""gesture"": 19, ""object"": 20}, ""latency_ms"": {""gesture"": 0, ""object"": 0}, ""svclat_ms"": {""gesture"": 21.07, ""object"": 29.83}}, ""e12"": {""services"": [""gesture"", ""object""], ""fps"": {""gesture"": 23, ""object"": 20}, ""eff_fps"": {""gesture"": 23, ""object"": 20}, ""latency_ms"": {""gesture"": 0, ""object"": 0}, ""svclat_ms"": {""gesture"": 18.72, ""object"": 35.37}}, ""e13"": {""services"": [""gesture"", ""object""], ""fps"": {""gesture"": 18, ""object"": 23}, ""eff_fps"": {""gesture"": 18, ""object"": 23}, ""latency_ms"": {""gesture"": 0, ""object"": 0}, ""svclat_ms"": {""gesture"": 26.7, ""object"": 27.05}}, ""e14"": {""services"": [""gesture"", ""object""], ""fps"": {""gesture"": 18, ""object"": 23}, ""eff_fps"": {""gesture"": 18, ""object"": 23}, ""latency_ms"": {""gesture"": 0, ""object"": 0}, ""svclat_ms"": {""gesture"": 19.02, ""object"": 21.87}}, ""e15"": {""services"": [""gesture"", ""object""], ""fps"": {""gesture"": 0, ""object"": 0}, ""eff_fps"": {""gesture"": 0, ""object"": 0}, ""latency_ms"": {""gesture"": 0, ""object"": 0}, ""svclat_ms"": {""gesture"": 0.0, ""object"": 0.0}}}"
374.7,19,19,1.0,0,0,44,15,15,1.0,1067.0,858.0,0.804,0.0,0.79,0.0,30.0,18.07,22.7,30.0,18.07,22.7,0,0,0,24.41,22.04,24.44,875,"{""ip-172-31-0-204"": ""healthy"", ""ip-172-31-1-171"": ""healthy"", ""ip-172-31-10-12"": ""healthy"", ""ip-172-31-11-132"": ""healthy"", ""ip-172-31-13-134"": ""healthy"", ""ip-172-31-14-68"": ""healthy"", ""ip-172-31-40-239"": ""healthy""}",subscribe,9.2,0.7527,0,0,"{""ip-172-31-0-204"": {""pose"": 1, ""object"": 1, ""gesture"": 1}, ""ip-172-31-1-171"": {""pose"": 1, ""object"": 1, ""gesture"": 1}, ""ip-172-31-13-134"": {""pose"": 1, ""object"": 1}, ""ip-172-31-10-12"": {""pose"": 1, ""object"": 1, ""gesture"": 1}, ""ip-172-31-11-132"": {""pose"": 1, ""object"": 1}, ""ip-172-31-14-68"": {""object"": 1}, ""ip-172-31-40-239"": {""object"": 1}}","{""b11"": {""services"": [""pose"", ""object""], ""fps"": {""pose"": 30, ""object"": 20}, ""eff_fps"": {""pose"": 30, ""object"": 20}, ""latency_ms"": {""pose"": 0, ""object"": 0}, ""svclat_ms"": {""pose"": 24.8, ""object"": 25.92}}, ""b12"": {""services"": [""pose"", ""object""], ""fps"": {""pose"": 30, ""object"": 19}, ""eff_fps"": {""pose"": 30, ""object"": 19}, ""latency_ms"": {""pose"": 0, ""object"": 0}, ""svclat_ms"": {""pose"": 26.33, ""object"": 26.24}}, ""b13"": {""services"": [""pose"", ""object""], ""fps"": {""pose"": 30, ""object"": 20}, ""eff_fps"": {""pose"": 30, ""object"": 20}, ""latency_ms"": {""pose"": 0, ""object"": 0}, ""svclat_ms"": {""pose"": 25.63, ""object"": 25.49}}, ""b14"": {""services"": [""pose"", ""object""], ""fps"": {""pose"": 30, ""object"": 23}, ""eff_fps"": {""pose"": 30, ""object"": 23}, ""latency_ms"": {""pose"": 0, ""object"": 0}, ""svclat_ms"": {""pose"": 21.9, ""object"": 24.85}}, ""b15"": {""services"": [""pose"", ""object""], ""fps"": {""pose"": 30, ""object"": 23}, ""eff_fps"": {""pose"": 30, ""object"": 23}, ""latency_ms"": {""pose"": 0, ""object"": 0}, ""svclat_ms"": {""pose"": 23.37, ""object"": 23.65}}, ""e1"": {""services"": [""gesture"", ""object""], ""fps"": {""gesture"": 18, ""object"": 27}, ""eff_fps"": {""gesture"": 18, ""object"": 27}, ""latency_ms"": {""gesture"": 0, ""object"": 0}, ""svclat_ms"": {""gesture"": 25.09, ""object"": 18.54}}, ""e2"": {""services"": [""gesture"", ""object""], ""fps"": {""gesture"": 18, ""object"": 30}, ""eff_fps"": {""gesture"": 18, ""object"": 30}, ""latency_ms"": {""gesture"": 0, ""object"": 0}, ""svclat_ms"": {""gesture"": 18.74, ""object"": 19.48}}, ""e3"": {""services"": [""gesture"", ""object""], ""fps"": {""gesture"": 18, ""object"": 20}, ""eff_fps"": {""gesture"": 18, ""object"": 20}, ""latency_ms"": {""gesture"": 0, ""object"": 0}, ""svclat_ms"": {""gesture"": 18.91, ""object"": 26.95}}, ""e4"": {""services"": [""gesture"", ""object""], ""fps"": {""gesture"": 18, ""object"": 19}, ""eff_fps"": {""gesture"": 18, ""object"": 19}, ""latency_ms"": {""gesture"": 0, ""object"": 0}, ""svclat_ms"": {""gesture"": 20.0, ""object"": 25.87}}, ""e5"": {""services"": [""gesture"", ""object""], ""fps"": {""gesture"": 18, ""object"": 20}, ""eff_fps"": {""gesture"": 18, ""object"": 20}, ""latency_ms"": {""gesture"": 0, ""object"": 0}, ""svclat_ms"": {""gesture"": 32.42, ""object"": 25.27}}, ""e6"": {""services"": [""gesture"", ""object""], ""fps"": {""gesture"": 18, ""object"": 23}, ""eff_fps"": {""gesture"": 18, ""object"": 23}, ""latency_ms"": {""gesture"": 0, ""object"": 0}, ""svclat_ms"": {""gesture"": 19.09, ""object"": 23.93}}, ""e7"": {""services"": [""gesture"", ""object""], ""fps"": {""gesture"": 18, ""object"": 30}, ""eff_fps"": {""gesture"": 18, ""object"": 30}, ""latency_ms"": {""gesture"": 0, ""object"": 0}, ""svclat_ms"": {""gesture"": 19.98, ""object"": 19.19}}, ""e8"": {""services"": [""gesture"", ""object""], ""fps"": {""gesture"": 18, ""object"": 23}, ""eff_fps"": {""gesture"": 18, ""object"": 23}, ""latency_ms"": {""gesture"": 0, ""object"": 0}, ""svclat_ms"": {""gesture"": 20.21, ""object"": 28.4}}, ""e9"": {""services"": [""gesture"", ""object""], ""fps"": {""gesture"": 18, ""object"": 19}, ""eff_fps"": {""gesture"": 18, ""object"": 19}, ""latency_ms"": {""gesture"": 0, ""object"": 0}, ""svclat_ms"": {""gesture"": 24.54, ""object"": 24.28}}, ""e10"": {""services"": [""gesture"", ""object""], ""fps"": {""gesture"": 18, ""object"": 27}, ""eff_fps"": {""gesture"": 18, ""object"": 27}, ""latency_ms"": {""gesture"": 0, ""object"": 0}, ""svclat_ms"": {""gesture"": 20.09, ""object"": 19.02}}, ""e11"": {""services"": [""gesture"", ""object""], ""fps"": {""gesture"": 18, ""object"": 19}, ""eff_fps"": {""gesture"": 18, ""object"": 19}, ""latency_ms"": {""gesture"": 0, ""object"": 0}, ""svclat_ms"": {""gesture"": 21.24, ""object"": 28.91}}, ""e12"": {""services"": [""gesture"", ""object""], ""fps"": {""gesture"": 18, ""object"": 19}, ""eff_fps"": {""gesture"": 18, ""object"": 19}, ""latency_ms"": {""gesture"": 0, ""object"": 0}, ""svclat_ms"": {""gesture"": 20.35, ""object"": 35.33}}, ""e13"": {""services"": [""gesture"", ""object""], ""fps"": {""gesture"": 19, ""object"": 23}, ""eff_fps"": {""gesture"": 19, ""object"": 23}, ""latency_ms"": {""gesture"": 0, ""object"": 0}, ""svclat_ms"": {""gesture"": 25.99, ""object"": 26.3}}, ""e14"": {""services"": [""gesture"", ""object""], ""fps"": {""gesture"": 18, ""object"": 23}, ""eff_fps"": {""gesture"": 18, ""object"": 23}, ""latency_ms"": {""gesture"": 0, ""object"": 0}, ""svclat_ms"": {""gesture"": 18.51, ""object"": 21.34}}, ""e15"": {""services"": [""gesture"", ""object""], ""fps"": {""gesture"": 18, ""object"": 27}, ""eff_fps"": {""gesture"": 18, ""object"": 27}, ""latency_ms"": {""gesture"": 0, ""object"": 0}, ""svclat_ms"": {""gesture"": 25.48, ""object"": 19.86}}}"
377.2,20,20,1.0,0,0,44,15,15,1.0,1067.0,880.0,0.825,0.0,0.75,0.0,0,18.27,23.13,0,18.27,23.0,0,0,0,0,19.93,23.43,621,"{""ip-172-31-0-204"": ""healthy"", ""ip-172-31-1-171"": ""healthy"", ""ip-172-31-10-12"": ""healthy"", ""ip-172-31-11-132"": ""healthy"", ""ip-172-31-13-134"": ""healthy"", ""ip-172-31-14-68"": ""healthy"", ""ip-172-31-40-239"": ""healthy""}",subscribe,8.9,0.7333,0,0,"{""ip-172-31-0-204"": {""pose"": 1, ""object"": 1, ""gesture"": 1}, ""ip-172-31-1-171"": {""pose"": 1, ""object"": 1, ""gesture"": 1}, ""ip-172-31-13-134"": {""pose"": 1, ""object"": 1}, ""ip-172-31-10-12"": {""pose"": 1, ""object"": 1, ""gesture"": 1}, ""ip-172-31-11-132"": {""pose"": 1, ""object"": 1}, ""ip-172-31-14-68"": {""object"": 1}, ""ip-172-31-40-239"": {""object"": 1}}","{""e1"": {""services"": [""gesture"", ""object""], ""fps"": {""gesture"": 18, ""object"": 25}, ""eff_fps"": {""gesture"": 18, ""object"": 24}, ""latency_ms"": {""gesture"": 0, ""object"": 0}, ""svclat_ms"": {""gesture"": 22.3, ""object"": 23.33}}, ""e2"": {""services"": [""gesture"", ""object""], ""fps"": {""gesture"": 18, ""object"": 30}, ""eff_fps"": {""gesture"": 18, ""object"": 30}, ""latency_ms"": {""gesture"": 0, ""object"": 0}, ""svclat_ms"": {""gesture"": 17.77, ""object"": 21.03}}, ""e3"": {""services"": [""gesture"", ""object""], ""fps"": {""gesture"": 19, ""object"": 20}, ""eff_fps"": {""gesture"": 19, ""object"": 20}, ""latency_ms"": {""gesture"": 0, ""object"": 0}, ""svclat_ms"": {""gesture"": 17.99, ""object"": 23.72}}, ""e4"": {""services"": [""gesture"", ""object""], ""fps"": {""gesture"": 18, ""object"": 20}, ""eff_fps"": {""gesture"": 18, ""object"": 20}, ""latency_ms"": {""gesture"": 0, ""object"": 0}, ""svclat_ms"": {""gesture"": 18.23, ""object"": 24.58}}, ""e5"": {""services"": [""gesture"", ""object""], ""fps"": {""gesture"": 18, ""object"": 20}, ""eff_fps"": {""gesture"": 18, ""object"": 20}, ""latency_ms"": {""gesture"": 0, ""object"": 0}, ""svclat_ms"": {""gesture"": 29.93, ""object"": 24.12}}, ""e6"": {""services"": [""gesture"", ""object""], ""fps"": {""gesture"": 18, ""object"": 23}, ""eff_fps"": {""gesture"": 18, ""object"": 23}, ""latency_ms"": {""gesture"": 0, ""object"": 0}, ""svclat_ms"": {""gesture"": 17.04, ""object"": 22.03}}, ""e7"": {""services"": [""gesture"", ""object""], ""fps"": {""gesture"": 18, ""object"": 30}, ""eff_fps"": {""gesture"": 18, ""object"": 30}, ""latency_ms"": {""gesture"": 0, ""object"": 0}, ""svclat_ms"": {""gesture"": 18.74, ""object"": 19.47}}, ""e8"": {""services"": [""gesture"", ""object""], ""fps"": {""gesture"": 18, ""object"": 23}, ""eff_fps"": {""gesture"": 18, ""object"": 23}, ""latency_ms"": {""gesture"": 0, ""object"": 0}, ""svclat_ms"": {""gesture"": 20.05, ""object"": 29.15}}, ""e9"": {""services"": [""gesture"", ""object""], ""fps"": {""gesture"": 18, ""object"": 19}, ""eff_fps"": {""gesture"": 18, ""object"": 19}, ""latency_ms"": {""gesture"": 0, ""object"": 0}, ""svclat_ms"": {""gesture"": 20.45, ""object"": 20.63}}, ""e10"": {""services"": [""gesture"", ""object""], ""fps"": {""gesture"": 19, ""object"": 27}, ""eff_fps"": {""gesture"": 19, ""object"": 27}, ""latency_ms"": {""gesture"": 0, ""object"": 0}, ""svclat_ms"": {""gesture"": 19.79, ""object"": 18.95}}, ""e11"": {""services"": [""gesture"", ""object""], ""fps"": {""gesture"": 18, ""object"": 20}, ""eff_fps"": {""gesture"": 18, ""object"": 20}, ""latency_ms"": {""gesture"": 0, ""object"": 0}, ""svclat_ms"": {""gesture"": 19.21, ""object"": 23.97}}, ""e12"": {""services"": [""gesture"", ""object""], ""fps"": {""gesture"": 18, ""object"": 19}, ""eff_fps"": {""gesture"": 18, ""object"": 19}, ""latency_ms"": {""gesture"": 0, ""object"": 0}, ""svclat_ms"": {""gesture"": 17.22, ""object"": 31.29}}, ""e13"": {""services"": [""gesture"", ""object""], ""fps"": {""gesture"": 18, ""object"": 23}, ""eff_fps"": {""gesture"": 18, ""object"": 23}, ""latency_ms"": {""gesture"": 0, ""object"": 0}, ""svclat_ms"": {""gesture"": 21.46, ""object"": 22.94}}, ""e14"": {""services"": [""gesture"", ""object""], ""fps"": {""gesture"": 19, ""object"": 23}, ""eff_fps"": {""gesture"": 19, ""object"": 23}, ""latency_ms"": {""gesture"": 0, ""object"": 0}, ""svclat_ms"": {""gesture"": 17.22, ""object"": 20.28}}, ""e15"": {""services"": [""gesture"", ""object""], ""fps"": {""gesture"": 19, ""object"": 25}, ""eff_fps"": {""gesture"": 19, ""object"": 24}, ""latency_ms"": {""gesture"": 0, ""object"": 0}, ""svclat_ms"": {""gesture"": 21.51, ""object"": 26.0}}}"
379.6,15,20,1.333,0,0,44,15,15,1.0,1067.0,880.0,0.825,0.0,1.0,0.0,0,18.14,23.29,0,18.14,23.29,0,0,0,0,18.1,23.0,580,"{""ip-172-31-0-204"": ""healthy"", ""ip-172-31-1-171"": ""healthy"", ""ip-172-31-10-12"": ""healthy"", ""ip-172-31-11-132"": ""healthy"", ""ip-172-31-13-134"": ""healthy"", ""ip-172-31-14-68"": ""healthy"", ""ip-172-31-40-239"": ""healthy""}",subscribe,8.9,0.7333,0,0,"{""ip-172-31-0-204"": {""pose"": 1, ""object"": 1, ""gesture"": 1}, ""ip-172-31-1-171"": {""pose"": 1, ""object"": 1, ""gesture"": 1}, ""ip-172-31-13-134"": {""pose"": 1, ""object"": 1}, ""ip-172-31-10-12"": {""pose"": 1, ""object"": 1, ""gesture"": 1}, ""ip-172-31-11-132"": {""pose"": 1, ""object"": 1}, ""ip-172-31-14-68"": {""object"": 1}, ""ip-172-31-40-239"": {""object"": 1}}","{""e2"": {""services"": [""gesture"", ""object""], ""fps"": {""gesture"": 18, ""object"": 30}, ""eff_fps"": {""gesture"": 18, ""object"": 30}, ""latency_ms"": {""gesture"": 0, ""object"": 0}, ""svclat_ms"": {""gesture"": 17.49, ""object"": 20.02}}, ""e3"": {""services"": [""gesture"", ""object""], ""fps"": {""gesture"": 18, ""object"": 20}, ""eff_fps"": {""gesture"": 18, ""object"": 20}, ""latency_ms"": {""gesture"": 0, ""object"": 0}, ""svclat_ms"": {""gesture"": 18.07, ""object"": 23.46}}, ""e4"": {""services"": [""gesture"", ""object""], ""fps"": {""gesture"": 18, ""object"": 20}, ""eff_fps"": {""gesture"": 18, ""object"": 20}, ""latency_ms"": {""gesture"": 0, ""object"": 0}, ""svclat_ms"": {""gesture"": 17.39, ""object"": 23.33}}, ""e5"": {""services"": [""gesture"", ""object""], ""fps"": {""gesture"": 19, ""object"": 19}, ""eff_fps"": {""gesture"": 19, ""object"": 19}, ""latency_ms"": {""gesture"": 0, ""object"": 0}, ""svclat_ms"": {""gesture"": 21.31, ""object"": 23.04}}, ""e6"": {""services"": [""gesture"", ""object""], ""fps"": {""gesture"": 18, ""object"": 23}, ""eff_fps"": {""gesture"": 18, ""object"": 23}, ""latency_ms"": {""gesture"": 0, ""object"": 0}, ""svclat_ms"": {""gesture"": 16.9, ""object"": 21.94}}, ""e7"": {""services"": [""gesture"", ""object""], ""fps"": {""gesture"": 18, ""object"": 30}, ""eff_fps"": {""gesture"": 18, ""object"": 30}, ""latency_ms"": {""gesture"": 0, ""object"": 0}, ""svclat_ms"": {""gesture"": 17.02, ""object"": 20.07}}, ""e8"": {""services"": [""gesture"", ""object""], ""fps"": {""gesture"": 18, ""object"": 23}, ""eff_fps"": {""gesture"": 18, ""object"": 23}, ""latency_ms"": {""gesture"": 0, ""object"": 0}, ""svclat_ms"": {""gesture"": 16.9, ""object"": 26.67}}, ""e9"": {""services"": [""gesture"", ""object""], ""fps"": {""gesture"": 18, ""object"": 20}, ""eff_fps"": {""gesture"": 18, ""object"": 20}, ""latency_ms"": {""gesture"": 0, ""object"": 0}, ""svclat_ms"": {""gesture"": 20.37, ""object"": 20.74}}, ""e10"": {""services"": [""gesture"", ""object""], ""fps"": {""gesture"": 18, ""object"": 27}, ""eff_fps"": {""gesture"": 18, ""object"": 27}, ""latency_ms"": {""gesture"": 0, ""object"": 0}, ""svclat_ms"": {""gesture"": 17.55, ""object"": 22.33}}, ""e11"": {""services"": [""gesture"", ""object""], ""fps"": {""gesture"": 19, ""object"": 20}, ""eff_fps"": {""gesture"": 19, ""object"": 20}, ""latency_ms"": {""gesture"": 0, ""object"": 0}, ""svclat_ms"": {""gesture"": 16.4, ""object"": 21.32}}, ""e12"": {""services"": [""gesture"", ""object""], ""fps"": {""gesture"": 18, ""object"": 20}, ""eff_fps"": {""gesture"": 18, ""object"": 20}, ""latency_ms"": {""gesture"": 0, ""object"": 0}, ""svclat_ms"": {""gesture"": 17.35, ""object"": 31.41}}, ""e13"": {""services"": [""gesture"", ""object""], ""fps"": {""gesture"": 18, ""object"": 23}, ""eff_fps"": {""gesture"": 18, ""object"": 23}, ""latency_ms"": {""gesture"": 0, ""object"": 0}, ""svclat_ms"": {""gesture"": 18.44, ""object"": 23.02}}, ""e14"": {""services"": [""gesture"", ""object""], ""fps"": {""gesture"": 18, ""object"": 23}, ""eff_fps"": {""gesture"": 18, ""object"": 23}, ""latency_ms"": {""gesture"": 0, ""object"": 0}, ""svclat_ms"": {""gesture"": 17.04, ""object"": 19.8}}, ""e15"": {""services"": [""gesture"", ""object""], ""fps"": {""gesture"": 18, ""object"": 28}, ""eff_fps"": {""gesture"": 18, ""object"": 28}, ""latency_ms"": {""gesture"": 0, ""object"": 0}, ""svclat_ms"": {""gesture"": 21.14, ""object"": 24.92}}}"
382.1,15,20,1.333,0,0,44,15,15,1.0,1067.0,880.0,0.825,0.0,1.0,0.0,0,18.14,23.29,0,18.14,23.29,0,0,0,0,17.9,22.89,580,"{""ip-172-31-0-204"": ""healthy"", ""ip-172-31-1-171"": ""healthy"", ""ip-172-31-10-12"": ""healthy"", ""ip-172-31-11-132"": ""healthy"", ""ip-172-31-13-134"": ""healthy"", ""ip-172-31-14-68"": ""healthy"", ""ip-172-31-40-239"": ""healthy""}",subscribe,8.9,0.7333,0,0,"{""ip-172-31-0-204"": {""pose"": 1, ""object"": 1, ""gesture"": 1}, ""ip-172-31-1-171"": {""pose"": 1, ""object"": 1, ""gesture"": 1}, ""ip-172-31-13-134"": {""pose"": 1, ""object"": 1}, ""ip-172-31-10-12"": {""pose"": 1, ""object"": 1, ""gesture"": 1}, ""ip-172-31-11-132"": {""pose"": 1, ""object"": 1}, ""ip-172-31-14-68"": {""object"": 1}, ""ip-172-31-40-239"": {""object"": 1}}","{""e2"": {""services"": [""gesture"", ""object""], ""fps"": {""gesture"": 18, ""object"": 30}, ""eff_fps"": {""gesture"": 18, ""object"": 30}, ""latency_ms"": {""gesture"": 0, ""object"": 0}, ""svclat_ms"": {""gesture"": 17.59, ""object"": 20.2}}, ""e3"": {""services"": [""gesture"", ""object""], ""fps"": {""gesture"": 19, ""object"": 20}, ""eff_fps"": {""gesture"": 19, ""object"": 20}, ""latency_ms"": {""gesture"": 0, ""object"": 0}, ""svclat_ms"": {""gesture"": 17.27, ""object"": 22.85}}, ""e4"": {""services"": [""gesture"", ""object""], ""fps"": {""gesture"": 18, ""object"": 20}, ""eff_fps"": {""gesture"": 18, ""object"": 20}, ""latency_ms"": {""gesture"": 0, ""object"": 0}, ""svclat_ms"": {""gesture"": 17.38, ""object"": 23.2}}, ""e5"": {""services"": [""gesture"", ""object""], ""fps"": {""gesture"": 18, ""object"": 19}, ""eff_fps"": {""gesture"": 18, ""object"": 19}, ""latency_ms"": {""gesture"": 0, ""object"": 0}, ""svclat_ms"": {""gesture"": 21.38, ""object"": 20.83}}, ""e6"": {""services"": [""gesture"", ""object""], ""fps"": {""gesture"": 18, ""object"": 23}, ""eff_fps"": {""gesture"": 18, ""object"": 23}, ""latency_ms"": {""gesture"": 0, ""object"": 0}, ""svclat_ms"": {""gesture"": 17.53, ""object"": 21.79}}, ""e7"": {""services"": [""gesture"", ""object""], ""fps"": {""gesture"": 18, ""object"": 30}, ""eff_fps"": {""gesture"": 18, ""object"": 30}, ""latency_ms"": {""gesture"": 0, ""object"": 0}, ""svclat_ms"": {""gesture"": 17.45, ""object"": 21.7}}, ""e8"": {""services"": [""gesture"", ""object""], ""fps"": {""gesture"": 18, ""object"": 23}, ""eff_fps"": {""gesture"": 18, ""object"": 23}, ""latency_ms"": {""gesture"": 0, ""object"": 0}, ""svclat_ms"": {""gesture"": 15.9, ""object"": 30.89}}, ""e9"": {""services"": [""gesture"", ""object""], ""fps"": {""gesture"": 18, ""object"": 20}, ""eff_fps"": {""gesture"": 18, ""object"": 20}, ""latency_ms"": {""gesture"": 0, ""object"": 0}, ""svclat_ms"": {""gesture"": 19.89, ""object"": 20.98}}, ""e10"": {""services"": [""gesture"", ""object""], ""fps"": {""gesture"": 18, ""object"": 28}, ""eff_fps"": {""gesture"": 18, ""object"": 28}, ""latency_ms"": {""gesture"": 0, ""object"": 0}, ""svclat_ms"": {""gesture"": 16.81, ""object"": 19.43}}, ""e11"": {""services"": [""gesture"", ""object""], ""fps"": {""gesture"": 18, ""object"": 20}, ""eff_fps"": {""gesture"": 18, ""object"": 20}, ""latency_ms"": {""gesture"": 0, ""object"": 0}, ""svclat_ms"": {""gesture"": 16.8, ""object"": 22.48}}, ""e12"": {""services"": [""gesture"", ""object""], ""fps"": {""gesture"": 19, ""object"": 19}, ""eff_fps"": {""gesture"": 19, ""object"": 19}, ""latency_ms"": {""gesture"": 0, ""object"": 0}, ""svclat_ms"": {""gesture"": 17.08, ""object"": 30.83}}, ""e13"": {""services"": [""gesture"", ""object""], ""fps"": {""gesture"": 18, ""object"": 23}, ""eff_fps"": {""gesture"": 18, ""object"": 23}, ""latency_ms"": {""gesture"": 0, ""object"": 0}, ""svclat_ms"": {""gesture"": 16.43, ""object"": 24.44}}, ""e14"": {""services"": [""gesture"", ""object""], ""fps"": {""gesture"": 18, ""object"": 23}, ""eff_fps"": {""gesture"": 18, ""object"": 23}, ""latency_ms"": {""gesture"": 0, ""object"": 0}, ""svclat_ms"": {""gesture"": 16.61, ""object"": 21.08}}, ""e15"": {""services"": [""gesture"", ""object""], ""fps"": {""gesture"": 18, ""object"": 28}, ""eff_fps"": {""gesture"": 18, ""object"": 28}, ""latency_ms"": {""gesture"": 0, ""object"": 0}, ""svclat_ms"": {""gesture"": 22.48, ""object"": 19.81}}}"
384.5,15,20,1.333,0,0,44,15,15,1.0,1067.0,880.0,0.825,0.0,1.0,0.0,0,18.0,19.93,0,18.0,19.64,0,0,0,0,18.14,40.85,531,"{""ip-172-31-0-204"": ""healthy"", ""ip-172-31-1-171"": ""healthy"", ""ip-172-31-10-12"": ""healthy"", ""ip-172-31-11-132"": ""healthy"", ""ip-172-31-13-134"": ""healthy"", ""ip-172-31-14-68"": ""healthy"", ""ip-172-31-40-239"": ""healthy""}",subscribe,8.9,0.7333,0,0,"{""ip-172-31-0-204"": {""pose"": 1, ""object"": 1, ""gesture"": 1}, ""ip-172-31-1-171"": {""pose"": 1, ""object"": 1, ""gesture"": 1}, ""ip-172-31-13-134"": {""pose"": 1, ""object"": 1}, ""ip-172-31-10-12"": {""pose"": 1, ""object"": 1, ""gesture"": 1}, ""ip-172-31-11-132"": {""pose"": 1, ""object"": 1}, ""ip-172-31-14-68"": {""object"": 1}, ""ip-172-31-40-239"": {""object"": 1}}","{""e2"": {""services"": [""gesture"", ""object""], ""fps"": {""gesture"": 18, ""object"": 19}, ""eff_fps"": {""gesture"": 18, ""object"": 19}, ""latency_ms"": {""gesture"": 0, ""object"": 0}, ""svclat_ms"": {""gesture"": 17.52, ""object"": 52.03}}, ""e3"": {""services"": [""gesture"", ""object""], ""fps"": {""gesture"": 18, ""object"": 17}, ""eff_fps"": {""gesture"": 18, ""object"": 16}, ""latency_ms"": {""gesture"": 0, ""object"": 0}, ""svclat_ms"": {""gesture"": 16.78, ""object"": 54.09}}, ""e4"": {""services"": [""gesture"", ""object""], ""fps"": {""gesture"": 18, ""object"": 20}, ""eff_fps"": {""gesture"": 18, ""object"": 20}, ""latency_ms"": {""gesture"": 0, ""object"": 0}, ""svclat_ms"": {""gesture"": 18.04, ""object"": 23.01}}, ""e5"": {""services"": [""gesture"", ""object""], ""fps"": {""gesture"": 18, ""object"": 20}, ""eff_fps"": {""gesture"": 18, ""object"": 20}, ""latency_ms"": {""gesture"": 0, ""object"": 0}, ""svclat_ms"": {""gesture"": 21.79, ""object"": 51.39}}, ""e6"": {""services"": [""gesture"", ""object""], ""fps"": {""gesture"": 18, ""object"": 23}, ""eff_fps"": {""gesture"": 18, ""object"": 23}, ""latency_ms"": {""gesture"": 0, ""object"": 0}, ""svclat_ms"": {""gesture"": 16.61, ""object"": 21.01}}, ""e7"": {""services"": [""gesture"", ""object""], ""fps"": {""gesture"": 18, ""object"": 19}, ""eff_fps"": {""gesture"": 18, ""object"": 19}, ""latency_ms"": {""gesture"": 0, ""object"": 0}, ""svclat_ms"": {""gesture"": 16.59, ""object"": 51.94}}, ""e8"": {""services"": [""gesture"", ""object""], ""fps"": {""gesture"": 18, ""object"": 23}, ""eff_fps"": {""gesture"": 18, ""object"": 23}, ""latency_ms"": {""gesture"": 0, ""object"": 0}, ""svclat_ms"": {""gesture"": 16.95, ""object"": 27.28}}, ""e9"": {""services"": [""gesture"", ""object""], ""fps"": {""gesture"": 18, ""object"": 19}, ""eff_fps"": {""gesture"": 18, ""object"": 18}, ""latency_ms"": {""gesture"": 0, ""object"": 0}, ""svclat_ms"": {""gesture"": 21.3, ""object"": 55.96}}, ""e10"": {""services"": [""gesture"", ""object""], ""fps"": {""gesture"": 18, ""object"": 19}, ""eff_fps"": {""gesture"": 18, ""object"": 19}, ""latency_ms"": {""gesture"": 0, ""object"": 0}, ""svclat_ms"": {""gesture"": 18.22, ""object"": 52.06}}, ""e11"": {""services"": [""gesture"", ""object""], ""fps"": {""gesture"": 18, ""object"": 17}, ""eff_fps"": {""gesture"": 18, ""object"": 16}, ""latency_ms"": {""gesture"": 0, ""object"": 0}, ""svclat_ms"": {""gesture"": 17.43, ""object"": 54.24}}, ""e12"": {""services"": [""gesture"", ""object""], ""fps"": {""gesture"": 18, ""object"": 20}, ""eff_fps"": {""gesture"": 18, ""object"": 20}, ""latency_ms"": {""gesture"": 0, ""object"": 0}, ""svclat_ms"": {""gesture"": 17.23, ""object"": 30.14}}, ""e13"": {""services"": [""gesture"", ""object""], ""fps"": {""gesture"": 18, ""object"": 23}, ""eff_fps"": {""gesture"": 18, ""object"": 23}, ""latency_ms"": {""gesture"": 0, ""object"": 0}, ""svclat_ms"": {""gesture"": 16.7, ""object"": 21.29}}, ""e14"": {""services"": [""gesture"", ""object""], ""fps"": {""gesture"": 18, ""object"": 23}, ""eff_fps"": {""gesture"": 18, ""object"": 23}, ""latency_ms"": {""gesture"": 0, ""object"": 0}, ""svclat_ms"": {""gesture"": 17.7, ""object"": 20.48}}, ""e15"": {""services"": [""gesture"", ""object""], ""fps"": {""gesture"": 18, ""object"": 17}, ""eff_fps"": {""gesture"": 18, ""object"": 16}, ""latency_ms"": {""gesture"": 0, ""object"": 0}, ""svclat_ms"": {""gesture"": 21.05, ""object"": 56.94}}}"
389.0,15,20,1.333,0,0,44,15,15,1.0,1067.0,880.0,0.825,0.0,1.0,0.0,0,30.08,28.92,0,30.08,28.92,0,0,0,0,16.01,21.55,767,"{""ip-172-31-0-204"": ""healthy"", ""ip-172-31-1-171"": ""healthy"", ""ip-172-31-10-12"": ""healthy"", ""ip-172-31-11-132"": ""healthy"", ""ip-172-31-13-134"": ""healthy"", ""ip-172-31-14-68"": ""healthy"", ""ip-172-31-40-239"": ""healthy""}",subscribe,8.9,0.7333,0,0,"{""ip-172-31-0-204"": {""pose"": 1, ""object"": 1, ""gesture"": 1}, ""ip-172-31-1-171"": {""pose"": 1, ""object"": 1, ""gesture"": 1}, ""ip-172-31-13-134"": {""pose"": 1, ""object"": 1}, ""ip-172-31-10-12"": {""pose"": 1, ""object"": 1, ""gesture"": 1}, ""ip-172-31-11-132"": {""pose"": 1, ""object"": 1}, ""ip-172-31-14-68"": {""object"": 1}, ""ip-172-31-40-239"": {""object"": 1}}","{""e3"": {""services"": [""gesture"", ""object""], ""fps"": {""gesture"": 30, ""object"": 30}, ""eff_fps"": {""gesture"": 30, ""object"": 30}, ""latency_ms"": {""gesture"": 0, ""object"": 0}, ""svclat_ms"": {""gesture"": 16.46, ""object"": 21.6}}, ""e4"": {""services"": [""gesture"", ""object""], ""fps"": {""gesture"": 30, ""object"": 30}, ""eff_fps"": {""gesture"": 30, ""object"": 30}, ""latency_ms"": {""gesture"": 0, ""object"": 0}, ""svclat_ms"": {""gesture"": 16.76, ""object"": 20.66}}, ""e5"": {""services"": [""gesture"", ""object""], ""fps"": {""gesture"": 30, ""object"": 30}, ""eff_fps"": {""gesture"": 30, ""object"": 30}, ""latency_ms"": {""gesture"": 0, ""object"": 0}, ""svclat_ms"": {""gesture"": 15.36, ""object"": 21.43}}, ""e6"": {""services"": [""gesture"", ""object""], ""fps"": {""gesture"": 30, ""object"": 30}, ""eff_fps"": {""gesture"": 30, ""object"": 30}, ""latency_ms"": {""gesture"": 0, ""object"": 0}, ""svclat_ms"": {""gesture"": 15.85, ""object"": 20.45}}, ""e7"": {""services"": [""gesture"", ""object""], ""fps"": {""gesture"": 31, ""object"": 30}, ""eff_fps"": {""gesture"": 31, ""object"": 30}, ""latency_ms"": {""gesture"": 0, ""object"": 0}, ""svclat_ms"": {""gesture"": 14.72, ""object"": 18.97}}, ""e8"": {""services"": [""gesture"", ""object""], ""fps"": {""gesture"": 30, ""object"": 30}, ""eff_fps"": {""gesture"": 30, ""object"": 30}, ""latency_ms"": {""gesture"": 0, ""object"": 0}, ""svclat_ms"": {""gesture"": 14.84, ""object"": 21.51}}, ""e9"": {""services"": [""gesture"", ""object""], ""fps"": {""gesture"": 30, ""object"": 30}, ""eff_fps"": {""gesture"": 30, ""object"": 30}, ""latency_ms"": {""gesture"": 0, ""object"": 0}, ""svclat_ms"": {""gesture"": 16.95, ""object"": 22.48}}, ""e10"": {""services"": [""gesture"", ""object""], ""fps"": {""gesture"": 30, ""object"": 23}, ""eff_fps"": {""gesture"": 30, ""object"": 23}, ""latency_ms"": {""gesture"": 0, ""object"": 0}, ""svclat_ms"": {""gesture"": 15.08, ""object"": 21.48}}, ""e11"": {""services"": [""gesture"", ""object""], ""fps"": {""gesture"": 30, ""object"": 30}, ""eff_fps"": {""gesture"": 30, ""object"": 30}, ""latency_ms"": {""gesture"": 0, ""object"": 0}, ""svclat_ms"": {""gesture"": 17.24, ""object"": 22.37}}, ""e12"": {""services"": [""gesture"", ""object""], ""fps"": {""gesture"": 30, ""object"": 30}, ""eff_fps"": {""gesture"": 30, ""object"": 30}, ""latency_ms"": {""gesture"": 0, ""object"": 0}, ""svclat_ms"": {""gesture"": 17.83, ""object"": 26.1}}, ""e13"": {""services"": [""gesture"", ""object""], ""fps"": {""gesture"": 30, ""object"": 30}, ""eff_fps"": {""gesture"": 30, ""object"": 30}, ""latency_ms"": {""gesture"": 0, ""object"": 0}, ""svclat_ms"": {""gesture"": 16.28, ""object"": 21.42}}, ""e14"": {""services"": [""gesture"", ""object""], ""fps"": {""gesture"": 30, ""object"": 30}, ""eff_fps"": {""gesture"": 30, ""object"": 30}, ""latency_ms"": {""gesture"": 0, ""object"": 0}, ""svclat_ms"": {""gesture"": 15.87, ""object"": 20.81}}, ""e15"": {""services"": [""gesture"", ""object""], ""fps"": {""gesture"": 30, ""object"": 23}, ""eff_fps"": {""gesture"": 30, ""object"": 23}, ""latency_ms"": {""gesture"": 0, ""object"": 0}, ""svclat_ms"": {""gesture"": 14.9, ""object"": 20.93}}}"
393.2,15,15,1.0,4,5,53,14,14,1.0,1176.0,878.0,0.747,0.0,0.93,0.0,0,30.0,28.92,0,30.0,28.92,0,0,0,0,16.18,21.78,766,"{""ip-172-31-0-204"": ""healthy"", ""ip-172-31-1-171"": ""healthy"", ""ip-172-31-10-12"": ""healthy"", ""ip-172-31-11-132"": ""healthy"", ""ip-172-31-13-134"": ""healthy"", ""ip-172-31-14-68"": ""healthy"", ""ip-172-31-40-239"": ""healthy""}",unsubscribe,10.3,0.9756,0,0,"{""ip-172-31-10-12"": {""object"": 1, ""gesture"": 1}, ""ip-172-31-1-171"": {""object"": 1, ""gesture"": 1}, ""ip-172-31-0-204"": {""object"": 1, ""gesture"": 1}, ""ip-172-31-13-134"": {""object"": 1, ""gesture"": 1}, ""ip-172-31-11-132"": {""object"": 1, ""gesture"": 1}, ""ip-172-31-14-68"": {""object"": 1, ""gesture"": 1}, ""ip-172-31-40-239"": {""object"": 1, ""gesture"": 1}}","{""e3"": {""services"": [""gesture"", ""object""], ""fps"": {""gesture"": 30, ""object"": 30}, ""eff_fps"": {""gesture"": 30, ""object"": 30}, ""latency_ms"": {""gesture"": 0, ""object"": 0}, ""svclat_ms"": {""gesture"": 17.06, ""object"": 22.98}}, ""e4"": {""services"": [""gesture"", ""object""], ""fps"": {""gesture"": 30, ""object"": 30}, ""eff_fps"": {""gesture"": 30, ""object"": 30}, ""latency_ms"": {""gesture"": 0, ""object"": 0}, ""svclat_ms"": {""gesture"": 15.88, ""object"": 20.56}}, ""e5"": {""services"": [""gesture"", ""object""], ""fps"": {""gesture"": 30, ""object"": 30}, ""eff_fps"": {""gesture"": 30, ""object"": 30}, ""latency_ms"": {""gesture"": 0, ""object"": 0}, ""svclat_ms"": {""gesture"": 15.72, ""object"": 21.87}}, ""e6"": {""services"": [""gesture"", ""object""], ""fps"": {""gesture"": 30, ""object"": 30}, ""eff_fps"": {""gesture"": 30, ""object"": 30}, ""latency_ms"": {""gesture"": 0, ""object"": 0}, ""svclat_ms"": {""gesture"": 16.68, ""object"": 21.49}}, ""e7"": {""services"": [""gesture"", ""object""], ""fps"": {""gesture"": 30, ""object"": 30}, ""eff_fps"": {""gesture"": 30, ""object"": 30}, ""latency_ms"": {""gesture"": 0, ""object"": 0}, ""svclat_ms"": {""gesture"": 14.64, ""object"": 19.96}}, ""e8"": {""services"": [""gesture"", ""object""], ""fps"": {""gesture"": 30, ""object"": 31}, ""eff_fps"": {""gesture"": 30, ""object"": 31}, ""latency_ms"": {""gesture"": 0, ""object"": 0}, ""svclat_ms"": {""gesture"": 15.1, ""object"": 21.46}}, ""e9"": {""services"": [""gesture"", ""object""], ""fps"": {""gesture"": 30, ""object"": 30}, ""eff_fps"": {""gesture"": 30, ""object"": 30}, ""latency_ms"": {""gesture"": 0, ""object"": 0}, ""svclat_ms"": {""gesture"": 17.75, ""object"": 22.56}}, ""e10"": {""services"": [""gesture"", ""object""], ""fps"": {""gesture"": 30, ""object"": 22}, ""eff_fps"": {""gesture"": 30, ""object"": 22}, ""latency_ms"": {""gesture"": 0, ""object"": 0}, ""svclat_ms"": {""gesture"": 14.81, ""object"": 21.09}}, ""e11"": {""services"": [""gesture"", ""object""], ""fps"": {""gesture"": 30, ""object"": 30}, ""eff_fps"": {""gesture"": 30, ""object"": 30}, ""latency_ms"": {""gesture"": 0, ""object"": 0}, ""svclat_ms"": {""gesture"": 17.64, ""object"": 22.96}}, ""e12"": {""services"": [""gesture"", ""object""], ""fps"": {""gesture"": 30, ""object"": 30}, ""eff_fps"": {""gesture"": 30, ""object"": 30}, ""latency_ms"": {""gesture"": 0, ""object"": 0}, ""svclat_ms"": {""gesture"": 16.99, ""object"": 24.38}}, ""e13"": {""services"": [""gesture"", ""object""], ""fps"": {""gesture"": 30, ""object"": 30}, ""eff_fps"": {""gesture"": 30, ""object"": 30}, ""latency_ms"": {""gesture"": 0, ""object"": 0}, ""svclat_ms"": {""gesture"": 16.24, ""object"": 21.3}}, ""e14"": {""services"": [""gesture"", ""object""], ""fps"": {""gesture"": 30, ""object"": 30}, ""eff_fps"": {""gesture"": 30, ""object"": 30}, ""latency_ms"": {""gesture"": 0, ""object"": 0}, ""svclat_ms"": {""gesture"": 16.17, ""object"": 20.99}}, ""e15"": {""services"": [""gesture"", ""object""], ""fps"": {""gesture"": 30, ""object"": 23}, ""eff_fps"": {""gesture"": 30, ""object"": 23}, ""latency_ms"": {""gesture"": 0, ""object"": 0}, ""svclat_ms"": {""gesture"": 15.63, ""object"": 21.55}}}"
397.4,15,15,1.0,0,0,53,14,14,1.0,1176.0,878.0,0.747,0.0,0.93,0.0,0,29.92,28.92,0,29.92,28.92,0,0,0,0,16.39,21.91,765,"{""ip-172-31-0-204"": ""healthy"", ""ip-172-31-1-171"": ""healthy"", ""ip-172-31-10-12"": ""healthy"", ""ip-172-31-11-132"": ""healthy"", ""ip-172-31-13-134"": ""healthy"", ""ip-172-31-14-68"": ""healthy"", ""ip-172-31-40-239"": ""healthy""}",unsubscribe,10.4,0.9756,0,0,"{""ip-172-31-10-12"": {""object"": 1, ""gesture"": 1}, ""ip-172-31-1-171"": {""object"": 1, ""gesture"": 1}, ""ip-172-31-0-204"": {""object"": 1, ""gesture"": 1}, ""ip-172-31-13-134"": {""object"": 1, ""gesture"": 1}, ""ip-172-31-11-132"": {""object"": 1, ""gesture"": 1}, ""ip-172-31-14-68"": {""object"": 1, ""gesture"": 1}, ""ip-172-31-40-239"": {""object"": 1, ""gesture"": 1}}","{""e3"": {""services"": [""gesture"", ""object""], ""fps"": {""gesture"": 30, ""object"": 30}, ""eff_fps"": {""gesture"": 30, ""object"": 30}, ""latency_ms"": {""gesture"": 0, ""object"": 0}, ""svclat_ms"": {""gesture"": 16.19, ""object"": 21.3}}, ""e4"": {""services"": [""gesture"", ""object""], ""fps"": {""gesture"": 30, ""object"": 30}, ""eff_fps"": {""gesture"": 30, ""object"": 30}, ""latency_ms"": {""gesture"": 0, ""object"": 0}, ""svclat_ms"": {""gesture"": 16.9, ""object"": 20.46}}, ""e5"": {""services"": [""gesture"", ""object""], ""fps"": {""gesture"": 30, ""object"": 30}, ""eff_fps"": {""gesture"": 30, ""object"": 30}, ""latency_ms"": {""gesture"": 0, ""object"": 0}, ""svclat_ms"": {""gesture"": 15.72, ""object"": 21.52}}, ""e6"": {""services"": [""gesture"", ""object""], ""fps"": {""gesture"": 30, ""object"": 30}, ""eff_fps"": {""gesture"": 30, ""object"": 30}, ""latency_ms"": {""gesture"": 0, ""object"": 0}, ""svclat_ms"": {""gesture"": 17.33, ""object"": 21.59}}, ""e7"": {""services"": [""gesture"", ""object""], ""fps"": {""gesture"": 30, ""object"": 30}, ""eff_fps"": {""gesture"": 30, ""object"": 30}, ""latency_ms"": {""gesture"": 0, ""object"": 0}, ""svclat_ms"": {""gesture"": 14.68, ""object"": 20.17}}, ""e8"": {""services"": [""gesture"", ""object""], ""fps"": {""gesture"": 30, ""object"": 31}, ""eff_fps"": {""gesture"": 30, ""object"": 31}, ""latency_ms"": {""gesture"": 0, ""object"": 0}, ""svclat_ms"": {""gesture"": 15.17, ""object"": 22.99}}, ""e9"": {""services"": [""gesture"", ""object""], ""fps"": {""gesture"": 30, ""object"": 30}, ""eff_fps"": {""gesture"": 30, ""object"": 30}, ""latency_ms"": {""gesture"": 0, ""object"": 0}, ""svclat_ms"": {""gesture"": 16.28, ""object"": 21.52}}, ""e10"": {""services"": [""gesture"", ""object""], ""fps"": {""gesture"": 30, ""object"": 23}, ""eff_fps"": {""gesture"": 30, ""object"": 23}, ""latency_ms"": {""gesture"": 0, ""object"": 0}, ""svclat_ms"": {""gesture"": 14.98, ""object"": 21.13}}, ""e11"": {""services"": [""gesture"", ""object""], ""fps"": {""gesture"": 30, ""object"": 30}, ""eff_fps"": {""gesture"": 30, ""object"": 30}, ""latency_ms"": {""gesture"": 0, ""object"": 0}, ""svclat_ms"": {""gesture"": 17.47, ""object"": 22.07}}, ""e12"": {""services"": [""gesture"", ""object""], ""fps"": {""gesture"": 29, ""object"": 30}, ""eff_fps"": {""gesture"": 29, ""object"": 30}, ""latency_ms"": {""gesture"": 0, ""object"": 0}, ""svclat_ms"": {""gesture"": 20.13, ""object"": 26.4}}, ""e13"": {""services"": [""gesture"", ""object""], ""fps"": {""gesture"": 30, ""object"": 30}, ""eff_fps"": {""gesture"": 30, ""object"": 30}, ""latency_ms"": {""gesture"": 0, ""object"": 0}, ""svclat_ms"": {""gesture"": 16.68, ""object"": 22.89}}, ""e14"": {""services"": [""gesture"", ""object""], ""fps"": {""gesture"": 30, ""object"": 30}, ""eff_fps"": {""gesture"": 30, ""object"": 30}, ""latency_ms"": {""gesture"": 0, ""object"": 0}, ""svclat_ms"": {""gesture"": 16.69, ""object"": 21.75}}, ""e15"": {""services"": [""gesture"", ""object""], ""fps"": {""gesture"": 30, ""object"": 22}, ""eff_fps"": {""gesture"": 30, ""object"": 22}, ""latency_ms"": {""gesture"": 0, ""object"": 0}, ""svclat_ms"": {""gesture"": 14.85, ""object"": 20.99}}}"
401.6,15,15,1.0,0,0,53,14,14,1.0,1176.0,878.0,0.747,0.0,0.93,0.0,0,30.0,28.58,0,30.0,28.58,0,0,0,0,15.96,21.56,703,"{""ip-172-31-0-204"": ""healthy"", ""ip-172-31-1-171"": ""healthy"", ""ip-172-31-10-12"": ""healthy"", ""ip-172-31-11-132"": ""healthy"", ""ip-172-31-13-134"": ""healthy"", ""ip-172-31-14-68"": ""healthy"", ""ip-172-31-40-239"": ""healthy""}",unsubscribe,11.1,0.9756,0,0,"{""ip-172-31-10-12"": {""object"": 1, ""gesture"": 1}, ""ip-172-31-1-171"": {""object"": 1, ""gesture"": 1}, ""ip-172-31-0-204"": {""object"": 1, ""gesture"": 1}, ""ip-172-31-13-134"": {""object"": 1, ""gesture"": 1}, ""ip-172-31-11-132"": {""object"": 1, ""gesture"": 1}, ""ip-172-31-14-68"": {""object"": 1, ""gesture"": 1}, ""ip-172-31-40-239"": {""object"": 1, ""gesture"": 1}}","{""e4"": {""services"": [""gesture"", ""object""], ""fps"": {""gesture"": 30, ""object"": 30}, ""eff_fps"": {""gesture"": 30, ""object"": 30}, ""latency_ms"": {""gesture"": 0, ""object"": 0}, ""svclat_ms"": {""gesture"": 16.63, ""object"": 20.73}}, ""e5"": {""services"": [""gesture"", ""object""], ""fps"": {""gesture"": 30, ""object"": 30}, ""eff_fps"": {""gesture"": 30, ""object"": 30}, ""latency_ms"": {""gesture"": 0, ""object"": 0}, ""svclat_ms"": {""gesture"": 15.78, ""object"": 21.55}}, ""e6"": {""services"": [""gesture"", ""object""], ""fps"": {""gesture"": 30, ""object"": 30}, ""eff_fps"": {""gesture"": 30, ""object"": 30}, ""latency_ms"": {""gesture"": 0, ""object"": 0}, ""svclat_ms"": {""gesture"": 16.6, ""object"": 20.81}}, ""e7"": {""services"": [""gesture"", ""object""], ""fps"": {""gesture"": 30, ""object"": 30}, ""eff_fps"": {""gesture"": 30, ""object"": 30}, ""latency_ms"": {""gesture"": 0, ""object"": 0}, ""svclat_ms"": {""gesture"": 14.8, ""object"": 19.1}}, ""e8"": {""services"": [""gesture"", ""object""], ""fps"": {""gesture"": 30, ""object"": 29}, ""eff_fps"": {""gesture"": 30, ""object"": 29}, ""latency_ms"": {""gesture"": 0, ""object"": 0}, ""svclat_ms"": {""gesture"": 15.22, ""object"": 23.86}}, ""e9"": {""services"": [""gesture"", ""object""], ""fps"": {""gesture"": 30, ""object"": 30}, ""eff_fps"": {""gesture"": 30, ""object"": 30}, ""latency_ms"": {""gesture"": 0, ""object"": 0}, ""svclat_ms"": {""gesture"": 16.04, ""object"": 20.22}}, ""e10"": {""services"": [""gesture"", ""object""], ""fps"": {""gesture"": 30, ""object"": 22}, ""eff_fps"": {""gesture"": 30, ""object"": 22}, ""latency_ms"": {""gesture"": 0, ""object"": 0}, ""svclat_ms"": {""gesture"": 15.12, ""object"": 21.47}}, ""e11"": {""services"": [""gesture"", ""object""], ""fps"": {""gesture"": 30, ""object"": 30}, ""eff_fps"": {""gesture"": 30, ""object"": 30}, ""latency_ms"": {""gesture"": 0, ""object"": 0}, ""svclat_ms"": {""gesture"": 15.25, ""object"": 20.64}}, ""e12"": {""services"": [""gesture"", ""object""], ""fps"": {""gesture"": 30, ""object"": 30}, ""eff_fps"": {""gesture"": 30, ""object"": 30}, ""latency_ms"": {""gesture"": 0, ""object"": 0}, ""svclat_ms"": {""gesture"": 17.55, ""object"": 25.25}}, ""e13"": {""services"": [""gesture"", ""object""], ""fps"": {""gesture"": 30, ""object"": 29}, ""eff_fps"": {""gesture"": 30, ""object"": 29}, ""latency_ms"": {""gesture"": 0, ""object"": 0}, ""svclat_ms"": {""gesture"": 16.48, ""object"": 21.5}}, ""e14"": {""services"": [""gesture"", ""object""], ""fps"": {""gesture"": 30, ""object"": 30}, ""eff_fps"": {""gesture"": 30, ""object"": 30}, ""latency_ms"": {""gesture"": 0, ""object"": 0}, ""svclat_ms"": {""gesture"": 16.64, ""object"": 21.98}}, ""e15"": {""services"": [""gesture"", ""object""], ""fps"": {""gesture"": 30, ""object"": 23}, ""eff_fps"": {""gesture"": 30, ""object"": 23}, ""latency_ms"": {""gesture"": 0, ""object"": 0}, ""svclat_ms"": {""gesture"": 15.45, ""object"": 21.67}}}"
405.8,15,15,1.0,0,0,53,14,14,1.0,1176.0,878.0,0.747,0.0,0.93,0.0,0,30.0,28.83,0,30.0,28.83,0,0,0,0,15.92,21.48,706,"{""ip-172-31-0-204"": ""healthy"", ""ip-172-31-1-171"": ""healthy"", ""ip-172-31-10-12"": ""healthy"", ""ip-172-31-11-132"": ""healthy"", ""ip-172-31-13-134"": ""healthy"", ""ip-172-31-14-68"": ""healthy"", ""ip-172-31-40-239"": ""healthy""}",unsubscribe,10.7,0.9756,0,0,"{""ip-172-31-10-12"": {""object"": 1, ""gesture"": 1}, ""ip-172-31-1-171"": {""object"": 1, ""gesture"": 1}, ""ip-172-31-0-204"": {""object"": 1, ""gesture"": 1}, ""ip-172-31-13-134"": {""object"": 1, ""gesture"": 1}, ""ip-172-31-11-132"": {""object"": 1, ""gesture"": 1}, ""ip-172-31-14-68"": {""object"": 1, ""gesture"": 1}, ""ip-172-31-40-239"": {""object"": 1, ""gesture"": 1}}","{""e4"": {""services"": [""gesture"", ""object""], ""fps"": {""gesture"": 30, ""object"": 30}, ""eff_fps"": {""gesture"": 30, ""object"": 30}, ""latency_ms"": {""gesture"": 0, ""object"": 0}, ""svclat_ms"": {""gesture"": 16.77, ""object"": 20.72}}, ""e5"": {""services"": [""gesture"", ""object""], ""fps"": {""gesture"": 30, ""object"": 30}, ""eff_fps"": {""gesture"": 30, ""object"": 30}, ""latency_ms"": {""gesture"": 0, ""object"": 0}, ""svclat_ms"": {""gesture"": 15.64, ""object"": 22.05}}, ""e6"": {""services"": [""gesture"", ""object""], ""fps"": {""gesture"": 30, ""object"": 30}, ""eff_fps"": {""gesture"": 30, ""object"": 30}, ""latency_ms"": {""gesture"": 0, ""object"": 0}, ""svclat_ms"": {""gesture"": 16.64, ""object"": 21.57}}, ""e7"": {""services"": [""gesture"", ""object""], ""fps"": {""gesture"": 30, ""object"": 30}, ""eff_fps"": {""gesture"": 30, ""object"": 30}, ""latency_ms"": {""gesture"": 0, ""object"": 0}, ""svclat_ms"": {""gesture"": 14.5, ""object"": 19.07}}, ""e8"": {""services"": [""gesture"", ""object""], ""fps"": {""gesture"": 30, ""object"": 31}, ""eff_fps"": {""gesture"": 30, ""object"": 31}, ""latency_ms"": {""gesture"": 0, ""object"": 0}, ""svclat_ms"": {""gesture"": 14.96, ""object"": 21.58}}, ""e9"": {""services"": [""gesture"", ""object""], ""fps"": {""gesture"": 30, ""object"": 30}, ""eff_fps"": {""gesture"": 30, ""object"": 30}, ""latency_ms"": {""gesture"": 0, ""object"": 0}, ""svclat_ms"": {""gesture"": 16.44, ""object"": 21.65}}, ""e10"": {""services"": [""gesture"", ""object""], ""fps"": {""gesture"": 30, ""object"": 23}, ""eff_fps"": {""gesture"": 30, ""object"": 23}, ""latency_ms"": {""gesture"": 0, ""object"": 0}, ""svclat_ms"": {""gesture"": 15.0, ""object"": 20.95}}, ""e11"": {""services"": [""gesture"", ""object""], ""fps"": {""gesture"": 30, ""object"": 30}, ""eff_fps"": {""gesture"": 30, ""object"": 30}, ""latency_ms"": {""gesture"": 0, ""object"": 0}, ""svclat_ms"": {""gesture"": 15.53, ""object"": 20.54}}, ""e12"": {""services"": [""gesture"", ""object""], ""fps"": {""gesture"": 30, ""object"": 30}, ""eff_fps"": {""gesture"": 30, ""object"": 30}, ""latency_ms"": {""gesture"": 0, ""object"": 0}, ""svclat_ms"": {""gesture"": 18.15, ""object"": 25.58}}, ""e13"": {""services"": [""gesture"", ""object""], ""fps"": {""gesture"": 30, ""object"": 30}, ""eff_fps"": {""gesture"": 30, ""object"": 30}, ""latency_ms"": {""gesture"": 0, ""object"": 0}, ""svclat_ms"": {""gesture"": 16.43, ""object"": 22.23}}, ""e14"": {""services"": [""gesture"", ""object""], ""fps"": {""gesture"": 30, ""object"": 30}, ""eff_fps"": {""gesture"": 30, ""object"": 30}, ""latency_ms"": {""gesture"": 0, ""object"": 0}, ""svclat_ms"": {""gesture"": 16.01, ""object"": 21.06}}, ""e15"": {""services"": [""gesture"", ""object""], ""fps"": {""gesture"": 30, ""object"": 22}, ""eff_fps"": {""gesture"": 30, ""object"": 22}, ""latency_ms"": {""gesture"": 0, ""object"": 0}, ""svclat_ms"": {""gesture"": 14.92, ""object"": 20.82}}}"
410.5,12,12,1.0,0,0,53,14,14,1.0,1176.0,720,0.612,0.0,1.17,0.0,0,30.0,30.08,0,30.0,30.08,0,0,0,0,16.47,22.67,721,"{""ip-172-31-0-204"": ""healthy"", ""ip-172-31-1-171"": ""healthy"", ""ip-172-31-10-12"": ""healthy"", ""ip-172-31-11-132"": ""healthy"", ""ip-172-31-13-134"": ""healthy"", ""ip-172-31-14-68"": ""healthy"", ""ip-172-31-40-239"": ""healthy""}",unsubscribe,10.8,1.0,0,0,"{""ip-172-31-10-12"": {""object"": 1, ""gesture"": 1}, ""ip-172-31-1-171"": {""object"": 1, ""gesture"": 1}, ""ip-172-31-0-204"": {""object"": 1, ""gesture"": 1}, ""ip-172-31-13-134"": {""object"": 1, ""gesture"": 1}, ""ip-172-31-11-132"": {""object"": 1, ""gesture"": 1}, ""ip-172-31-14-68"": {""object"": 1, ""gesture"": 1}, ""ip-172-31-40-239"": {""object"": 1, ""gesture"": 1}}","{""e4"": {""services"": [""gesture"", ""object""], ""fps"": {""gesture"": 30, ""object"": 30}, ""eff_fps"": {""gesture"": 30, ""object"": 30}, ""latency_ms"": {""gesture"": 0, ""object"": 0}, ""svclat_ms"": {""gesture"": 16.67, ""object"": 21.44}}, ""e5"": {""services"": [""gesture"", ""object""], ""fps"": {""gesture"": 30, ""object"": 30}, ""eff_fps"": {""gesture"": 30, ""object"": 30}, ""latency_ms"": {""gesture"": 0, ""object"": 0}, ""svclat_ms"": {""gesture"": 16.58, ""object"": 23.01}}, ""e6"": {""services"": [""gesture"", ""object""], ""fps"": {""gesture"": 30, ""object"": 30}, ""eff_fps"": {""gesture"": 30, ""object"": 30}, ""latency_ms"": {""gesture"": 0, ""object"": 0}, ""svclat_ms"": {""gesture"": 17.84, ""object"": 23.82}}, ""e7"": {""services"": [""gesture"", ""object""], ""fps"": {""gesture"": 30, ""object"": 30}, ""eff_fps"": {""gesture"": 30, ""object"": 30}, ""latency_ms"": {""gesture"": 0, ""object"": 0}, ""svclat_ms"": {""gesture"": 14.53, ""object"": 20.11}}, ""e8"": {""services"": [""gesture"", ""object""], ""fps"": {""gesture"": 30, ""object"": 30}, ""eff_fps"": {""gesture"": 30, ""object"": 30}, ""latency_ms"": {""gesture"": 0, ""object"": 0}, ""svclat_ms"": {""gesture"": 16.7, ""object"": 24.52}}, ""e9"": {""services"": [""gesture"", ""object""], ""fps"": {""gesture"": 30, ""object"": 31}, ""eff_fps"": {""gesture"": 30, ""object"": 31}, ""latency_ms"": {""gesture"": 0, ""object"": 0}, ""svclat_ms"": {""gesture"": 16.34, ""object"": 23.03}}, ""e10"": {""services"": [""gesture"", ""object""], ""fps"": {""gesture"": 30, ""object"": 30}, ""eff_fps"": {""gesture"": 30, ""object"": 30}, ""latency_ms"": {""gesture"": 0, ""object"": 0}, ""svclat_ms"": {""gesture"": 15.32, ""object"": 23.01}}, ""e11"": {""services"": [""gesture"", ""object""], ""fps"": {""gesture"": 30, ""object"": 30}, ""eff_fps"": {""gesture"": 30, ""object"": 30}, ""latency_ms"": {""gesture"": 0, ""object"": 0}, ""svclat_ms"": {""gesture"": 14.65, ""object"": 19.57}}, ""e12"": {""services"": [""gesture"", ""object""], ""fps"": {""gesture"": 30, ""object"": 30}, ""eff_fps"": {""gesture"": 30, ""object"": 30}, ""latency_ms"": {""gesture"": 0, ""object"": 0}, ""svclat_ms"": {""gesture"": 18.03, ""object"": 24.92}}, ""e13"": {""services"": [""gesture"", ""object""], ""fps"": {""gesture"": 30, ""object"": 30}, ""eff_fps"": {""gesture"": 30, ""object"": 30}, ""latency_ms"": {""gesture"": 0, ""object"": 0}, ""svclat_ms"": {""gesture"": 16.93, ""object"": 23.49}}, ""e14"": {""services"": [""gesture"", ""object""], ""fps"": {""gesture"": 30, ""object"": 30}, ""eff_fps"": {""gesture"": 30, ""object"": 30}, ""latency_ms"": {""gesture"": 0, ""object"": 0}, ""svclat_ms"": {""gesture"": 17.69, ""object"": 22.94}}, ""e15"": {""services"": [""gesture"", ""object""], ""fps"": {""gesture"": 30, ""object"": 30}, ""eff_fps"": {""gesture"": 30, ""object"": 30}, ""latency_ms"": {""gesture"": 0, ""object"": 0}, ""svclat_ms"": {""gesture"": 16.36, ""object"": 22.19}}}"
414.0,12,12,1.0,0,0,53,14,14,1.0,1176.0,720,0.612,0.0,1.17,0.0,0,30.0,29.92,0,30.0,29.92,0,0,0,0,16.36,22.41,719,"{""ip-172-31-0-204"": ""healthy"", ""ip-172-31-1-171"": ""healthy"", ""ip-172-31-10-12"": ""healthy"", ""ip-172-31-11-132"": ""healthy"", ""ip-172-31-13-134"": ""healthy"", ""ip-172-31-14-68"": ""healthy"", ""ip-172-31-40-239"": ""healthy""}",unsubscribe,10.2,1.0,0,0,"{""ip-172-31-10-12"": {""object"": 1, ""gesture"": 1}, ""ip-172-31-1-171"": {""object"": 1, ""gesture"": 1}, ""ip-172-31-0-204"": {""object"": 1, ""gesture"": 1}, ""ip-172-31-13-134"": {""object"": 1, ""gesture"": 1}, ""ip-172-31-11-132"": {""object"": 1, ""gesture"": 1}, ""ip-172-31-14-68"": {""object"": 1, ""gesture"": 1}, ""ip-172-31-40-239"": {""object"": 1, ""gesture"": 1}}","{""e4"": {""services"": [""gesture"", ""object""], ""fps"": {""gesture"": 30, ""object"": 30}, ""eff_fps"": {""gesture"": 30, ""object"": 30}, ""latency_ms"": {""gesture"": 0, ""object"": 0}, ""svclat_ms"": {""gesture"": 17.26, ""object"": 22.12}}, ""e5"": {""services"": [""gesture"", ""object""], ""fps"": {""gesture"": 30, ""object"": 30}, ""eff_fps"": {""gesture"": 30, ""object"": 30}, ""latency_ms"": {""gesture"": 0, ""object"": 0}, ""svclat_ms"": {""gesture"": 16.06, ""object"": 22.76}}, ""e6"": {""services"": [""gesture"", ""object""], ""fps"": {""gesture"": 30, ""object"": 30}, ""eff_fps"": {""gesture"": 30, ""object"": 30}, ""latency_ms"": {""gesture"": 0, ""object"": 0}, ""svclat_ms"": {""gesture"": 17.31, ""object"": 22.95}}, ""e7"": {""services"": [""gesture"", ""object""], ""fps"": {""gesture"": 30, ""object"": 30}, ""eff_fps"": {""gesture"": 30, ""object"": 30}, ""latency_ms"": {""gesture"": 0, ""object"": 0}, ""svclat_ms"": {""gesture"": 14.55, ""object"": 19.96}}, ""e8"": {""services"": [""gesture"", ""object""], ""fps"": {""gesture"": 30, ""object"": 30}, ""eff_fps"": {""gesture"": 30, ""object"": 30}, ""latency_ms"": {""gesture"": 0, ""object"": 0}, ""svclat_ms"": {""gesture"": 16.45, ""object"": 24.16}}, ""e9"": {""services"": [""gesture"", ""object""], ""fps"": {""gesture"": 30, ""object"": 29}, ""eff_fps"": {""gesture"": 30, ""object"": 29}, ""latency_ms"": {""gesture"": 0, ""object"": 0}, ""svclat_ms"": {""gesture"": 16.37, ""object"": 22.63}}, ""e10"": {""services"": [""gesture"", ""object""], ""fps"": {""gesture"": 30, ""object"": 30}, ""eff_fps"": {""gesture"": 30, ""object"": 30}, ""latency_ms"": {""gesture"": 0, ""object"": 0}, ""svclat_ms"": {""gesture"": 15.39, ""object"": 22.6}}, ""e11"": {""services"": [""gesture"", ""object""], ""fps"": {""gesture"": 30, ""object"": 30}, ""eff_fps"": {""gesture"": 30, ""object"": 30}, ""latency_ms"": {""gesture"": 0, ""object"": 0}, ""svclat_ms"": {""gesture"": 14.19, ""object"": 19.49}}, ""e12"": {""services"": [""gesture"", ""object""], ""fps"": {""gesture"": 30, ""object"": 30}, ""eff_fps"": {""gesture"": 30, ""object"": 30}, ""latency_ms"": {""gesture"": 0, ""object"": 0}, ""svclat_ms"": {""gesture"": 17.93, ""object"": 23.96}}, ""e13"": {""services"": [""gesture"", ""object""], ""fps"": {""gesture"": 30, ""object"": 30}, ""eff_fps"": {""gesture"": 30, ""object"": 30}, ""latency_ms"": {""gesture"": 0, ""object"": 0}, ""svclat_ms"": {""gesture"": 16.81, ""object"": 22.66}}, ""e14"": {""services"": [""gesture"", ""object""], ""fps"": {""gesture"": 30, ""object"": 30}, ""eff_fps"": {""gesture"": 30, ""object"": 30}, ""latency_ms"": {""gesture"": 0, ""object"": 0}, ""svclat_ms"": {""gesture"": 17.32, ""object"": 22.9}}, ""e15"": {""services"": [""gesture"", ""object""], ""fps"": {""gesture"": 30, ""object"": 30}, ""eff_fps"": {""gesture"": 30, ""object"": 30}, ""latency_ms"": {""gesture"": 0, ""object"": 0}, ""svclat_ms"": {""gesture"": 16.66, ""object"": 22.76}}}"
416.4,12,12,1.0,0,0,53,14,14,1.0,1176.0,720,0.612,0.0,1.17,0.0,0,30.0,29.92,0,30.0,29.92,0,0,0,0,16.27,22.2,719,"{""ip-172-31-0-204"": ""healthy"", ""ip-172-31-1-171"": ""healthy"", ""ip-172-31-10-12"": ""healthy"", ""ip-172-31-11-132"": ""healthy"", ""ip-172-31-13-134"": ""healthy"", ""ip-172-31-14-68"": ""healthy"", ""ip-172-31-40-239"": ""healthy""}",unsubscribe,10.2,1.0,0,0,"{""ip-172-31-10-12"": {""object"": 1, ""gesture"": 1}, ""ip-172-31-1-171"": {""object"": 1, ""gesture"": 1}, ""ip-172-31-0-204"": {""object"": 1, ""gesture"": 1}, ""ip-172-31-13-134"": {""object"": 1, ""gesture"": 1}, ""ip-172-31-11-132"": {""object"": 1, ""gesture"": 1}, ""ip-172-31-14-68"": {""object"": 1, ""gesture"": 1}, ""ip-172-31-40-239"": {""object"": 1, ""gesture"": 1}}","{""e4"": {""services"": [""gesture"", ""object""], ""fps"": {""gesture"": 30, ""object"": 30}, ""eff_fps"": {""gesture"": 30, ""object"": 30}, ""latency_ms"": {""gesture"": 0, ""object"": 0}, ""svclat_ms"": {""gesture"": 17.0, ""object"": 22.01}}, ""e5"": {""services"": [""gesture"", ""object""], ""fps"": {""gesture"": 30, ""object"": 30}, ""eff_fps"": {""gesture"": 30, ""object"": 30}, ""latency_ms"": {""gesture"": 0, ""object"": 0}, ""svclat_ms"": {""gesture"": 15.62, ""object"": 22.49}}, ""e6"": {""services"": [""gesture"", ""object""], ""fps"": {""gesture"": 30, ""object"": 30}, ""eff_fps"": {""gesture"": 30, ""object"": 30}, ""latency_ms"": {""gesture"": 0, ""object"": 0}, ""svclat_ms"": {""gesture"": 17.86, ""object"": 23.53}}, ""e7"": {""services"": [""gesture"", ""object""], ""fps"": {""gesture"": 30, ""object"": 30}, ""eff_fps"": {""gesture"": 30, ""object"": 30}, ""latency_ms"": {""gesture"": 0, ""object"": 0}, ""svclat_ms"": {""gesture"": 14.46, ""object"": 19.96}}, ""e8"": {""services"": [""gesture"", ""object""], ""fps"": {""gesture"": 30, ""object"": 30}, ""eff_fps"": {""gesture"": 30, ""object"": 30}, ""latency_ms"": {""gesture"": 0, ""object"": 0}, ""svclat_ms"": {""gesture"": 16.7, ""object"": 24.37}}, ""e9"": {""services"": [""gesture"", ""object""], ""fps"": {""gesture"": 30, ""object"": 29}, ""eff_fps"": {""gesture"": 30, ""object"": 29}, ""latency_ms"": {""gesture"": 0, ""object"": 0}, ""svclat_ms"": {""gesture"": 16.36, ""object"": 22.37}}, ""e10"": {""services"": [""gesture"", ""object""], ""fps"": {""gesture"": 30, ""object"": 30}, ""eff_fps"": {""gesture"": 30, ""object"": 30}, ""latency_ms"": {""gesture"": 0, ""object"": 0}, ""svclat_ms"": {""gesture"": 14.96, ""object"": 21.7}}, ""e11"": {""services"": [""gesture"", ""object""], ""fps"": {""gesture"": 30, ""object"": 30}, ""eff_fps"": {""gesture"": 30, ""object"": 30}, ""latency_ms"": {""gesture"": 0, ""object"": 0}, ""svclat_ms"": {""gesture"": 14.26, ""object"": 19.66}}, ""e12"": {""services"": [""gesture"", ""object""], ""fps"": {""gesture"": 30, ""object"": 30}, ""eff_fps"": {""gesture"": 30, ""object"": 30}, ""latency_ms"": {""gesture"": 0, ""object"": 0}, ""svclat_ms"": {""gesture"": 17.7, ""object"": 24.44}}, ""e13"": {""services"": [""gesture"", ""object""], ""fps"": {""gesture"": 30, ""object"": 30}, ""eff_fps"": {""gesture"": 30, ""object"": 30}, ""latency_ms"": {""gesture"": 0, ""object"": 0}, ""svclat_ms"": {""gesture"": 17.1, ""object"": 21.55}}, ""e14"": {""services"": [""gesture"", ""object""], ""fps"": {""gesture"": 30, ""object"": 30}, ""eff_fps"": {""gesture"": 30, ""object"": 30}, ""latency_ms"": {""gesture"": 0, ""object"": 0}, ""svclat_ms"": {""gesture"": 17.77, ""object"": 22.98}}, ""e15"": {""services"": [""gesture"", ""object""], ""fps"": {""gesture"": 30, ""object"": 30}, ""eff_fps"": {""gesture"": 30, ""object"": 30}, ""latency_ms"": {""gesture"": 0, ""object"": 0}, ""svclat_ms"": {""gesture"": 15.4, ""object"": 21.37}}}"
418.9,12,12,1.0,0,0,53,14,14,1.0,1176.0,720,0.612,0.0,1.17,0.0,0,30.0,30.08,0,30.0,30.08,0,0,0,0,16.39,22.46,721,"{""ip-172-31-0-204"": ""healthy"", ""ip-172-31-1-171"": ""healthy"", ""ip-172-31-10-12"": ""healthy"", ""ip-172-31-11-132"": ""healthy"", ""ip-172-31-13-134"": ""healthy"", ""ip-172-31-14-68"": ""healthy"", ""ip-172-31-40-239"": ""healthy""}",unsubscribe,10.2,1.0,0,0,"{""ip-172-31-10-12"": {""object"": 1, ""gesture"": 1}, ""ip-172-31-1-171"": {""object"": 1, ""gesture"": 1}, ""ip-172-31-0-204"": {""object"": 1, ""gesture"": 1}, ""ip-172-31-13-134"": {""object"": 1, ""gesture"": 1}, ""ip-172-31-11-132"": {""object"": 1, ""gesture"": 1}, ""ip-172-31-14-68"": {""object"": 1, ""gesture"": 1}, ""ip-172-31-40-239"": {""object"": 1, ""gesture"": 1}}","{""e4"": {""services"": [""gesture"", ""object""], ""fps"": {""gesture"": 30, ""object"": 30}, ""eff_fps"": {""gesture"": 30, ""object"": 30}, ""latency_ms"": {""gesture"": 0, ""object"": 0}, ""svclat_ms"": {""gesture"": 16.93, ""object"": 22.05}}, ""e5"": {""services"": [""gesture"", ""object""], ""fps"": {""gesture"": 30, ""object"": 30}, ""eff_fps"": {""gesture"": 30, ""object"": 30}, ""latency_ms"": {""gesture"": 0, ""object"": 0}, ""svclat_ms"": {""gesture"": 16.24, ""object"": 23.17}}, ""e6"": {""services"": [""gesture"", ""object""], ""fps"": {""gesture"": 30, ""object"": 30}, ""eff_fps"": {""gesture"": 30, ""object"": 30}, ""latency_ms"": {""gesture"": 0, ""object"": 0}, ""svclat_ms"": {""gesture"": 17.75, ""object"": 23.4}}, ""e7"": {""services"": [""gesture"", ""object""], ""fps"": {""gesture"": 30, ""object"": 30}, ""eff_fps"": {""gesture"": 30, ""object"": 30}, ""latency_ms"": {""gesture"": 0, ""object"": 0}, ""svclat_ms"": {""gesture"": 14.64, ""object"": 20.13}}, ""e8"": {""services"": [""gesture"", ""object""], ""fps"": {""gesture"": 30, ""object"": 30}, ""eff_fps"": {""gesture"": 30, ""object"": 30}, ""latency_ms"": {""gesture"": 0, ""object"": 0}, ""svclat_ms"": {""gesture"": 16.41, ""object"": 24.38}}, ""e9"": {""services"": [""gesture"", ""object""], ""fps"": {""gesture"": 30, ""object"": 31}, ""eff_fps"": {""gesture"": 30, ""object"": 31}, ""latency_ms"": {""gesture"": 0, ""object"": 0}, ""svclat_ms"": {""gesture"": 16.39, ""object"": 22.79}}, ""e10"": {""services"": [""gesture"", ""object""], ""fps"": {""gesture"": 30, ""object"": 30}, ""eff_fps"": {""gesture"": 30, ""object"": 30}, ""latency_ms"": {""gesture"": 0, ""object"": 0}, ""svclat_ms"": {""gesture"": 15.19, ""object"": 22.64}}, ""e11"": {""services"": [""gesture"", ""object""], ""fps"": {""gesture"": 30, ""object"": 30}, ""eff_fps"": {""gesture"": 30, ""object"": 30}, ""latency_ms"": {""gesture"": 0, ""object"": 0}, ""svclat_ms"": {""gesture"": 14.55, ""object"": 19.69}}, ""e12"": {""services"": [""gesture"", ""object""], ""fps"": {""gesture"": 30, ""object"": 30}, ""eff_fps"": {""gesture"": 30, ""object"": 30}, ""latency_ms"": {""gesture"": 0, ""object"": 0}, ""svclat_ms"": {""gesture"": 17.86, ""object"": 23.96}}, ""e13"": {""services"": [""gesture"", ""object""], ""fps"": {""gesture"": 30, ""object"": 30}, ""eff_fps"": {""gesture"": 30, ""object"": 30}, ""latency_ms"": {""gesture"": 0, ""object"": 0}, ""svclat_ms"": {""gesture"": 17.19, ""object"": 22.77}}, ""e14"": {""services"": [""gesture"", ""object""], ""fps"": {""gesture"": 30, ""object"": 30}, ""eff_fps"": {""gesture"": 30, ""object"": 30}, ""latency_ms"": {""gesture"": 0, ""object"": 0}, ""svclat_ms"": {""gesture"": 17.97, ""object"": 22.88}}, ""e15"": {""services"": [""gesture"", ""object""], ""fps"": {""gesture"": 30, ""object"": 30}, ""eff_fps"": {""gesture"": 30, ""object"": 30}, ""latency_ms"": {""gesture"": 0, ""object"": 0}, ""svclat_ms"": {""gesture"": 15.58, ""object"": 21.68}}}"
421.3,12,12,1.0,0,0,53,14,14,1.0,1176.0,720,0.612,0.0,1.17,0.0,0,30.0,30.0,0,30.0,30.0,0,0,0,0,16.31,22.2,720,"{""ip-172-31-0-204"": ""healthy"", ""ip-172-31-1-171"": ""healthy"", ""ip-172-31-10-12"": ""healthy"", ""ip-172-31-11-132"": ""healthy"", ""ip-172-31-13-134"": ""healthy"", ""ip-172-31-14-68"": ""healthy"", ""ip-172-31-40-239"": ""healthy""}",unsubscribe,10.2,1.0,0,0,"{""ip-172-31-10-12"": {""object"": 1, ""gesture"": 1}, ""ip-172-31-1-171"": {""object"": 1, ""gesture"": 1}, ""ip-172-31-0-204"": {""object"": 1, ""gesture"": 1}, ""ip-172-31-13-134"": {""object"": 1, ""gesture"": 1}, ""ip-172-31-11-132"": {""object"": 1, ""gesture"": 1}, ""ip-172-31-14-68"": {""object"": 1, ""gesture"": 1}, ""ip-172-31-40-239"": {""object"": 1, ""gesture"": 1}}","{""e4"": {""services"": [""gesture"", ""object""], ""fps"": {""gesture"": 30, ""object"": 30}, ""eff_fps"": {""gesture"": 30, ""object"": 30}, ""latency_ms"": {""gesture"": 0, ""object"": 0}, ""svclat_ms"": {""gesture"": 17.32, ""object"": 22.01}}, ""e5"": {""services"": [""gesture"", ""object""], ""fps"": {""gesture"": 30, ""object"": 30}, ""eff_fps"": {""gesture"": 30, ""object"": 30}, ""latency_ms"": {""gesture"": 0, ""object"": 0}, ""svclat_ms"": {""gesture"": 16.55, ""object"": 22.96}}, ""e6"": {""services"": [""gesture"", ""object""], ""fps"": {""gesture"": 30, ""object"": 30}, ""eff_fps"": {""gesture"": 30, ""object"": 30}, ""latency_ms"": {""gesture"": 0, ""object"": 0}, ""svclat_ms"": {""gesture"": 16.92, ""object"": 22.56}}, ""e7"": {""services"": [""gesture"", ""object""], ""fps"": {""gesture"": 30, ""object"": 30}, ""eff_fps"": {""gesture"": 30, ""object"": 30}, ""latency_ms"": {""gesture"": 0, ""object"": 0}, ""svclat_ms"": {""gesture"": 14.41, ""object"": 19.8}}, ""e8"": {""services"": [""gesture"", ""object""], ""fps"": {""gesture"": 30, ""object"": 30}, ""eff_fps"": {""gesture"": 30, ""object"": 30}, ""latency_ms"": {""gesture"": 0, ""object"": 0}, ""svclat_ms"": {""gesture"": 16.9, ""object"": 24.76}}, ""e9"": {""services"": [""gesture"", ""object""], ""fps"": {""gesture"": 30, ""object"": 30}, ""eff_fps"": {""gesture"": 30, ""object"": 30}, ""latency_ms"": {""gesture"": 0, ""object"": 0}, ""svclat_ms"": {""gesture"": 16.16, ""object"": 22.74}}, ""e10"": {""services"": [""gesture"", ""object""], ""fps"": {""gesture"": 30, ""object"": 30}, ""eff_fps"": {""gesture"": 30, ""object"": 30}, ""latency_ms"": {""gesture"": 0, ""object"": 0}, ""svclat_ms"": {""gesture"": 15.68, ""object"": 21.64}}, ""e11"": {""services"": [""gesture"", ""object""], ""fps"": {""gesture"": 30, ""object"": 30}, ""eff_fps"": {""gesture"": 30, ""object"": 30}, ""latency_ms"": {""gesture"": 0, ""object"": 0}, ""svclat_ms"": {""gesture"": 14.18, ""object"": 19.5}}, ""e12"": {""services"": [""gesture"", ""object""], ""fps"": {""gesture"": 30, ""object"": 30}, ""eff_fps"": {""gesture"": 30, ""object"": 30}, ""latency_ms"": {""gesture"": 0, ""object"": 0}, ""svclat_ms"": {""gesture"": 18.02, ""object"": 24.99}}, ""e13"": {""services"": [""gesture"", ""object""], ""fps"": {""gesture"": 30, ""object"": 30}, ""eff_fps"": {""gesture"": 30, ""object"": 30}, ""latency_ms"": {""gesture"": 0, ""object"": 0}, ""svclat_ms"": {""gesture"": 17.01, ""object"": 21.53}}, ""e14"": {""services"": [""gesture"", ""object""], ""fps"": {""gesture"": 30, ""object"": 30}, ""eff_fps"": {""gesture"": 30, ""object"": 30}, ""latency_ms"": {""gesture"": 0, ""object"": 0}, ""svclat_ms"": {""gesture"": 17.55, ""object"": 23.02}}, ""e15"": {""services"": [""gesture"", ""object""], ""fps"": {""gesture"": 30, ""object"": 30}, ""eff_fps"": {""gesture"": 30, ""object"": 30}, ""latency_ms"": {""gesture"": 0, ""object"": 0}, ""svclat_ms"": {""gesture"": 15.01, ""object"": 20.85}}}"
423.7,12,12,1.0,0,0,53,14,14,1.0,1176.0,720,0.612,0.0,1.17,0.0,0,29.89,30.11,0,29.89,30.11,0,0,0,0,16.15,22.18,540,"{""ip-172-31-0-204"": ""healthy"", ""ip-172-31-1-171"": ""healthy"", ""ip-172-31-10-12"": ""healthy"", ""ip-172-31-11-132"": ""healthy"", ""ip-172-31-13-134"": ""healthy"", ""ip-172-31-14-68"": ""healthy"", ""ip-172-31-40-239"": ""healthy""}",unsubscribe,10.2,1.0,0,0,"{""ip-172-31-10-12"": {""object"": 1, ""gesture"": 1}, ""ip-172-31-1-171"": {""object"": 1, ""gesture"": 1}, ""ip-172-31-0-204"": {""object"": 1, ""gesture"": 1}, ""ip-172-31-13-134"": {""object"": 1, ""gesture"": 1}, ""ip-172-31-11-132"": {""object"": 1, ""gesture"": 1}, ""ip-172-31-14-68"": {""object"": 1, ""gesture"": 1}, ""ip-172-31-40-239"": {""object"": 1, ""gesture"": 1}}","{""e7"": {""services"": [""gesture"", ""object""], ""fps"": {""gesture"": 30, ""object"": 30}, ""eff_fps"": {""gesture"": 30, ""object"": 30}, ""latency_ms"": {""gesture"": 0, ""object"": 0}, ""svclat_ms"": {""gesture"": 14.36, ""object"": 19.93}}, ""e8"": {""services"": [""gesture"", ""object""], ""fps"": {""gesture"": 30, ""object"": 30}, ""eff_fps"": {""gesture"": 30, ""object"": 30}, ""latency_ms"": {""gesture"": 0, ""object"": 0}, ""svclat_ms"": {""gesture"": 17.56, ""object"": 24.77}}, ""e9"": {""services"": [""gesture"", ""object""], ""fps"": {""gesture"": 30, ""object"": 31}, ""eff_fps"": {""gesture"": 30, ""object"": 31}, ""latency_ms"": {""gesture"": 0, ""object"": 0}, ""svclat_ms"": {""gesture"": 16.15, ""object"": 22.97}}, ""e10"": {""services"": [""gesture"", ""object""], ""fps"": {""gesture"": 30, ""object"": 30}, ""eff_fps"": {""gesture"": 30, ""object"": 30}, ""latency_ms"": {""gesture"": 0, ""object"": 0}, ""svclat_ms"": {""gesture"": 14.86, ""object"": 21.4}}, ""e11"": {""services"": [""gesture"", ""object""], ""fps"": {""gesture"": 30, ""object"": 30}, ""eff_fps"": {""gesture"": 30, ""object"": 30}, ""latency_ms"": {""gesture"": 0, ""object"": 0}, ""svclat_ms"": {""gesture"": 14.54, ""object"": 19.76}}, ""e12"": {""services"": [""gesture"", ""object""], ""fps"": {""gesture"": 29, ""object"": 30}, ""eff_fps"": {""gesture"": 29, ""object"": 30}, ""latency_ms"": {""gesture"": 0, ""object"": 0}, ""svclat_ms"": {""gesture"": 18.18, ""object"": 24.59}}, ""e13"": {""services"": [""gesture"", ""object""], ""fps"": {""gesture"": 30, ""object"": 30}, ""eff_fps"": {""gesture"": 30, ""object"": 30}, ""latency_ms"": {""gesture"": 0, ""object"": 0}, ""svclat_ms"": {""gesture"": 16.69, ""object"": 21.32}}, ""e14"": {""services"": [""gesture"", ""object""], ""fps"": {""gesture"": 30, ""object"": 30}, ""eff_fps"": {""gesture"": 30, ""object"": 30}, ""latency_ms"": {""gesture"": 0, ""object"": 0}, ""svclat_ms"": {""gesture"": 17.24, ""object"": 23.18}}, ""e15"": {""services"": [""gesture"", ""object""], ""fps"": {""gesture"": 30, ""object"": 30}, ""eff_fps"": {""gesture"": 30, ""object"": 30}, ""latency_ms"": {""gesture"": 0, ""object"": 0}, ""svclat_ms"": {""gesture"": 15.76, ""object"": 21.7}}}"
427.9,11,12,1.091,0,0,53,14,14,1.0,1176.0,720,0.612,0.0,1.27,0.0,0,30.0,30.0,0,30.0,30.0,0,0,0,0,15.47,21.33,540,"{""ip-172-31-0-204"": ""healthy"", ""ip-172-31-1-171"": ""healthy"", ""ip-172-31-10-12"": ""healthy"", ""ip-172-31-11-132"": ""healthy"", ""ip-172-31-13-134"": ""healthy"", ""ip-172-31-14-68"": ""healthy"", ""ip-172-31-40-239"": ""healthy""}",unsubscribe,10.2,1.0,0,0,"{""ip-172-31-10-12"": {""object"": 1, ""gesture"": 1}, ""ip-172-31-1-171"": {""object"": 1, ""gesture"": 1}, ""ip-172-31-0-204"": {""object"": 1, ""gesture"": 1}, ""ip-172-31-13-134"": {""object"": 1, ""gesture"": 1}, ""ip-172-31-11-132"": {""object"": 1, ""gesture"": 1}, ""ip-172-31-14-68"": {""object"": 1, ""gesture"": 1}, ""ip-172-31-40-239"": {""object"": 1, ""gesture"": 1}}","{""e7"": {""services"": [""gesture"", ""object""], ""fps"": {""gesture"": 30, ""object"": 30}, ""eff_fps"": {""gesture"": 30, ""object"": 30}, ""latency_ms"": {""gesture"": 0, ""object"": 0}, ""svclat_ms"": {""gesture"": 14.64, ""object"": 18.69}}, ""e8"": {""services"": [""gesture"", ""object""], ""fps"": {""gesture"": 30, ""object"": 30}, ""eff_fps"": {""gesture"": 30, ""object"": 30}, ""latency_ms"": {""gesture"": 0, ""object"": 0}, ""svclat_ms"": {""gesture"": 16.21, ""object"": 24.09}}, ""e9"": {""services"": [""gesture"", ""object""], ""fps"": {""gesture"": 30, ""object"": 30}, ""eff_fps"": {""gesture"": 30, ""object"": 30}, ""latency_ms"": {""gesture"": 0, ""object"": 0}, ""svclat_ms"": {""gesture"": 14.37, ""object"": 20.11}}, ""e10"": {""services"": [""gesture"", ""object""], ""fps"": {""gesture"": 30, ""object"": 30}, ""eff_fps"": {""gesture"": 30, ""object"": 30}, ""latency_ms"": {""gesture"": 0, ""object"": 0}, ""svclat_ms"": {""gesture"": 15.63, ""object"": 24.14}}, ""e11"": {""services"": [""gesture"", ""object""], ""fps"": {""gesture"": 30, ""object"": 30}, ""eff_fps"": {""gesture"": 30, ""object"": 30}, ""latency_ms"": {""gesture"": 0, ""object"": 0}, ""svclat_ms"": {""gesture"": 15.16, ""object"": 19.32}}, ""e12"": {""services"": [""gesture"", ""object""], ""fps"": {""gesture"": 30, ""object"": 30}, ""eff_fps"": {""gesture"": 30, ""object"": 30}, ""latency_ms"": {""gesture"": 0, ""object"": 0}, ""svclat_ms"": {""gesture"": 15.99, ""object"": 21.27}}, ""e13"": {""services"": [""gesture"", ""object""], ""fps"": {""gesture"": 30, ""object"": 30}, ""eff_fps"": {""gesture"": 30, ""object"": 30}, ""latency_ms"": {""gesture"": 0, ""object"": 0}, ""svclat_ms"": {""gesture"": 14.83, ""object"": 19.54}}, ""e14"": {""services"": [""gesture"", ""object""], ""fps"": {""gesture"": 30, ""object"": 30}, ""eff_fps"": {""gesture"": 30, ""object"": 30}, ""latency_ms"": {""gesture"": 0, ""object"": 0}, ""svclat_ms"": {""gesture"": 17.27, ""object"": 22.9}}, ""e15"": {""services"": [""gesture"", ""object""], ""fps"": {""gesture"": 30, ""object"": 30}, ""eff_fps"": {""gesture"": 30, ""object"": 30}, ""latency_ms"": {""gesture"": 0, ""object"": 0}, ""svclat_ms"": {""gesture"": 15.14, ""object"": 21.9}}}"
432.6,9,9,1.0,0,0,53,14,14,1.0,1176.0,540,0.459,0.0,1.56,0.0,0,30.0,30.0,0,30.0,30.0,0,0,0,0,15.39,21.26,480,"{""ip-172-31-0-204"": ""healthy"", ""ip-172-31-1-171"": ""healthy"", ""ip-172-31-10-12"": ""healthy"", ""ip-172-31-11-132"": ""healthy"", ""ip-172-31-13-134"": ""healthy"", ""ip-172-31-14-68"": ""healthy"", ""ip-172-31-40-239"": ""healthy""}",unsubscribe,12.5,1.0,0,0,"{""ip-172-31-10-12"": {""object"": 1, ""gesture"": 1}, ""ip-172-31-1-171"": {""object"": 1, ""gesture"": 1}, ""ip-172-31-0-204"": {""object"": 1, ""gesture"": 1}, ""ip-172-31-13-134"": {""object"": 1, ""gesture"": 1}, ""ip-172-31-11-132"": {""object"": 1, ""gesture"": 1}, ""ip-172-31-14-68"": {""object"": 1, ""gesture"": 1}, ""ip-172-31-40-239"": {""object"": 1, ""gesture"": 1}}","{""e7"": {""services"": [""gesture"", ""object""], ""fps"": {""gesture"": 30, ""object"": 30}, ""eff_fps"": {""gesture"": 30, ""object"": 30}, ""latency_ms"": {""gesture"": 0, ""object"": 0}, ""svclat_ms"": {""gesture"": 14.65, ""object"": 20.05}}, ""e9"": {""services"": [""gesture"", ""object""], ""fps"": {""gesture"": 30, ""object"": 30}, ""eff_fps"": {""gesture"": 30, ""object"": 30}, ""latency_ms"": {""gesture"": 0, ""object"": 0}, ""svclat_ms"": {""gesture"": 14.53, ""object"": 18.58}}, ""e10"": {""services"": [""gesture"", ""object""], ""fps"": {""gesture"": 30, ""object"": 30}, ""eff_fps"": {""gesture"": 30, ""object"": 30}, ""latency_ms"": {""gesture"": 0, ""object"": 0}, ""svclat_ms"": {""gesture"": 15.28, ""object"": 24.96}}, ""e11"": {""services"": [""gesture"", ""object""], ""fps"": {""gesture"": 30, ""object"": 30}, ""eff_fps"": {""gesture"": 30, ""object"": 30}, ""latency_ms"": {""gesture"": 0, ""object"": 0}, ""svclat_ms"": {""gesture"": 15.28, ""object"": 20.67}}, ""e12"": {""services"": [""gesture"", ""object""], ""fps"": {""gesture"": 30, ""object"": 30}, ""eff_fps"": {""gesture"": 30, ""object"": 30}, ""latency_ms"": {""gesture"": 0, ""object"": 0}, ""svclat_ms"": {""gesture"": 15.89, ""object"": 20.91}}, ""e13"": {""services"": [""gesture"", ""object""], ""fps"": {""gesture"": 30, ""object"": 30}, ""eff_fps"": {""gesture"": 30, ""object"": 30}, ""latency_ms"": {""gesture"": 0, ""object"": 0}, ""svclat_ms"": {""gesture"": 14.43, ""object"": 20.04}}, ""e14"": {""services"": [""gesture"", ""object""], ""fps"": {""gesture"": 30, ""object"": 30}, ""eff_fps"": {""gesture"": 30, ""object"": 30}, ""latency_ms"": {""gesture"": 0, ""object"": 0}, ""svclat_ms"": {""gesture"": 16.29, ""object"": 21.84}}, ""e15"": {""services"": [""gesture"", ""object""], ""fps"": {""gesture"": 30, ""object"": 30}, ""eff_fps"": {""gesture"": 30, ""object"": 30}, ""latency_ms"": {""gesture"": 0, ""object"": 0}, ""svclat_ms"": {""gesture"": 16.77, ""object"": 23.02}}}"
437.3,8,8,1.0,0,0,53,14,14,1.0,1176.0,480,0.408,0.0,1.75,0.0,0,29.8,30.2,0,29.8,30.2,0,0,0,0,15.87,20.97,300,"{""ip-172-31-0-204"": ""healthy"", ""ip-172-31-1-171"": ""healthy"", ""ip-172-31-10-12"": ""healthy"", ""ip-172-31-11-132"": ""healthy"", ""ip-172-31-13-134"": ""healthy"", ""ip-172-31-14-68"": ""healthy"", ""ip-172-31-40-239"": ""healthy""}",unsubscribe,14.0,1.0,0,0,"{""ip-172-31-10-12"": {""object"": 1, ""gesture"": 1}, ""ip-172-31-1-171"": {""object"": 1, ""gesture"": 1}, ""ip-172-31-0-204"": {""object"": 1, ""gesture"": 1}, ""ip-172-31-13-134"": {""object"": 1, ""gesture"": 1}, ""ip-172-31-11-132"": {""object"": 1, ""gesture"": 1}, ""ip-172-31-14-68"": {""object"": 1, ""gesture"": 1}, ""ip-172-31-40-239"": {""object"": 1, ""gesture"": 1}}","{""e9"": {""services"": [""gesture"", ""object""], ""fps"": {""gesture"": 30, ""object"": 30}, ""eff_fps"": {""gesture"": 30, ""object"": 30}, ""latency_ms"": {""gesture"": 0, ""object"": 0}, ""svclat_ms"": {""gesture"": 14.84, ""object"": 20.36}}, ""e12"": {""services"": [""gesture"", ""object""], ""fps"": {""gesture"": 29, ""object"": 30}, ""eff_fps"": {""gesture"": 29, ""object"": 30}, ""latency_ms"": {""gesture"": 0, ""object"": 0}, ""svclat_ms"": {""gesture"": 17.71, ""object"": 23.05}}, ""e13"": {""services"": [""gesture"", ""object""], ""fps"": {""gesture"": 30, ""object"": 31}, ""eff_fps"": {""gesture"": 30, ""object"": 31}, ""latency_ms"": {""gesture"": 0, ""object"": 0}, ""svclat_ms"": {""gesture"": 14.98, ""object"": 20.2}}, ""e14"": {""services"": [""gesture"", ""object""], ""fps"": {""gesture"": 30, ""object"": 30}, ""eff_fps"": {""gesture"": 30, ""object"": 30}, ""latency_ms"": {""gesture"": 0, ""object"": 0}, ""svclat_ms"": {""gesture"": 15.72, ""object"": 20.58}}, ""e15"": {""services"": [""gesture"", ""object""], ""fps"": {""gesture"": 30, ""object"": 30}, ""eff_fps"": {""gesture"": 30, ""object"": 30}, ""latency_ms"": {""gesture"": 0, ""object"": 0}, ""svclat_ms"": {""gesture"": 16.12, ""object"": 20.65}}}"
440.8,5,5,1.0,0,0,53,10,10,1.0,840.0,300,0.357,0.0,2.0,0.0,0,30.0,30.0,0,30.0,30.0,0,0,0,0,15.92,20.92,180,"{""ip-172-31-0-204"": ""healthy"", ""ip-172-31-1-171"": ""healthy"", ""ip-172-31-10-12"": ""healthy"", ""ip-172-31-11-132"": ""healthy"", ""ip-172-31-13-134"": ""healthy"", ""ip-172-31-14-68"": ""healthy"", ""ip-172-31-40-239"": ""healthy""}",unsubscribe,12.5,1.0,0,0,"{""ip-172-31-10-12"": {""object"": 1, ""gesture"": 1}, ""ip-172-31-1-171"": {""object"": 1, ""gesture"": 1}, ""ip-172-31-0-204"": {""object"": 1, ""gesture"": 1}, ""ip-172-31-13-134"": {""object"": 1, ""gesture"": 1}, ""ip-172-31-11-132"": {""object"": 1, ""gesture"": 1}}","{""e13"": {""services"": [""gesture"", ""object""], ""fps"": {""gesture"": 30, ""object"": 30}, ""eff_fps"": {""gesture"": 30, ""object"": 30}, ""latency_ms"": {""gesture"": 0, ""object"": 0}, ""svclat_ms"": {""gesture"": 15.19, ""object"": 20.51}}, ""e14"": {""services"": [""gesture"", ""object""], ""fps"": {""gesture"": 30, ""object"": 30}, ""eff_fps"": {""gesture"": 30, ""object"": 30}, ""latency_ms"": {""gesture"": 0, ""object"": 0}, ""svclat_ms"": {""gesture"": 16.5, ""object"": 21.21}}, ""e15"": {""services"": [""gesture"", ""object""], ""fps"": {""gesture"": 30, ""object"": 30}, ""eff_fps"": {""gesture"": 30, ""object"": 30}, ""latency_ms"": {""gesture"": 0, ""object"": 0}, ""svclat_ms"": {""gesture"": 16.06, ""object"": 21.05}}}"
446.1,2,5,2.5,0,0,53,10,10,1.0,840.0,300,0.357,0.0,5.0,0.0,0,30.0,30.0,0,30.0,30.0,0,0,0,0,15.45,21.02,60,"{""ip-172-31-0-204"": ""healthy"", ""ip-172-31-1-171"": ""healthy"", ""ip-172-31-10-12"": ""healthy"", ""ip-172-31-11-132"": ""healthy"", ""ip-172-31-13-134"": ""healthy"", ""ip-172-31-14-68"": ""healthy"", ""ip-172-31-40-239"": ""healthy""}",unsubscribe,12.2,1.0,0,0,"{""ip-172-31-10-12"": {""object"": 1, ""gesture"": 1}, ""ip-172-31-1-171"": {""object"": 1, ""gesture"": 1}, ""ip-172-31-0-204"": {""object"": 1, ""gesture"": 1}, ""ip-172-31-13-134"": {""object"": 1, ""gesture"": 1}, ""ip-172-31-11-132"": {""object"": 1, ""gesture"": 1}}","{""e15"": {""services"": [""gesture"", ""object""], ""fps"": {""gesture"": 30, ""object"": 30}, ""eff_fps"": {""gesture"": 30, ""object"": 30}, ""latency_ms"": {""gesture"": 0, ""object"": 0}, ""svclat_ms"": {""gesture"": 15.45, ""object"": 21.02}}}"
450.2,2,2,1.0,0,6,59,4,4,1.0,336.0,120,0.357,0.0,2.0,0.0,0,0,0,0,0,0,0,0,0,0,0,0,0,"{""ip-172-31-0-204"": ""healthy"", ""ip-172-31-1-171"": ""healthy"", ""ip-172-31-10-12"": ""healthy"", ""ip-172-31-11-132"": ""healthy"", ""ip-172-31-13-134"": ""healthy"", ""ip-172-31-14-68"": ""healthy"", ""ip-172-31-40-239"": ""healthy""}",unsubscribe,12.4,1.0,0,0,"{""ip-172-31-1-171"": {""object"": 1, ""gesture"": 1}, ""ip-172-31-0-204"": {""object"": 1, ""gesture"": 1}}",{}
456.3,2,2,1.0,0,0,59,4,4,1.0,336.0,120,0.357,0.0,2.0,0.0,0,0,0,0,0,0,0,0,0,0,0,0,0,"{""ip-172-31-0-204"": ""healthy"", ""ip-172-31-1-171"": ""healthy"", ""ip-172-31-10-12"": ""healthy"", ""ip-172-31-11-132"": ""healthy"", ""ip-172-31-13-134"": ""healthy"", ""ip-172-31-14-68"": ""healthy"", ""ip-172-31-40-239"": ""healthy""}",unsubscribe,12.1,1.0,0,0,"{""ip-172-31-1-171"": {""object"": 1, ""gesture"": 1}, ""ip-172-31-0-204"": {""object"": 1, ""gesture"": 1}}",{}
