elapsed_s,n_users,nsats,sat_rate,pods_added,pods_deleted,cumulative_pod_changes,total_pods,effective_pods,effective_pod_ratio,deployed_capacity_fps,total_allocated_fps,capacity_utilization,wasted_fps,pods_per_sat_user,avg_response_ms,real_pose_fps,real_gesture_fps,real_object_fps,eff_pose_fps,eff_gesture_fps,eff_object_fps,avg_pose_latency_ms,avg_gesture_latency_ms,avg_object_latency_ms,avg_pose_svclat_ms,avg_gesture_svclat_ms,avg_object_svclat_ms,real_total_recv_fps,node_status,trigger_type,solver_time_ms,q_score,phase1_triggered,phase1_alloc_count,node_topology,per_user_detail
1.3,0,0,0,0,0,0,0,0,0.0,0,0,0.0,0.0,0,0.0,0,0,0,0,0,0,0,0,0,0,0,0,0,"{""ip-172-31-0-204"": ""healthy"", ""ip-172-31-1-171"": ""healthy"", ""ip-172-31-10-12"": ""healthy"", ""ip-172-31-11-132"": ""healthy"", ""ip-172-31-13-134"": ""healthy"", ""ip-172-31-14-68"": ""healthy"", ""ip-172-31-40-239"": ""healthy""}",node_recovery,0.1,0.0,0,0,{},"{""a1"": {""services"": [""pose"", ""gesture""], ""fps"": {""pose"": 0, ""gesture"": 0}, ""eff_fps"": {""pose"": 0, ""gesture"": 0}, ""latency_ms"": {""pose"": 0, ""gesture"": 0}, ""svclat_ms"": {""pose"": 0.0, ""gesture"": 0.0}}}"
2.6,0,0,0,0,0,0,0,0,0.0,0,0,0.0,0.0,0,0.0,0,0,0,0,0,0,0,0,0,0,0,0,0,"{""ip-172-31-0-204"": ""healthy"", ""ip-172-31-1-171"": ""healthy"", ""ip-172-31-10-12"": ""healthy"", ""ip-172-31-11-132"": ""healthy"", ""ip-172-31-13-134"": ""healthy"", ""ip-172-31-14-68"": ""healthy"", ""ip-172-31-40-239"": ""healthy""}",node_recovery,0.1,0.0,0,0,{},"{""a1"": {""services"": [""pose"", ""gesture""], ""fps"": {""pose"": 0, ""gesture"": 0}, ""eff_fps"": {""pose"": 0, ""gesture"": 0}, ""latency_ms"": {""pose"": 0, ""gesture"": 0}, ""svclat_ms"": {""pose"": 0.0, ""gesture"": 0.0}}}"
3.9,1,0,0.0,0,0,0,0,0,0.0,0,0,0.0,0.0,0,0.0,0,0,0,0,0,0,0,0,0,0,0,0,0,"{""ip-172-31-0-204"": ""healthy"", ""ip-172-31-1-171"": ""healthy"", ""ip-172-31-10-12"": ""healthy"", ""ip-172-31-11-132"": ""healthy"", ""ip-172-31-13-134"": ""healthy"", ""ip-172-31-14-68"": ""healthy"", ""ip-172-31-40-239"": ""healthy""}",node_recovery,0.1,0.0,0,0,{},"{""a1"": {""services"": [""pose"", ""gesture""], ""fps"": {""pose"": 0, ""gesture"": 0}, ""eff_fps"": {""pose"": 0, ""gesture"": 0}, ""latency_ms"": {""pose"": 0, ""gesture"": 0}, ""svclat_ms"": {""pose"": 0.0, ""gesture"": 0.0}}}"
5.3,1,0,0.0,0,0,0,0,0,0.0,0,0,0.0,0.0,0,0.0,0,0,0,0,0,0,0,0,0,0,0,0,0,"{""ip-172-31-0-204"": ""healthy"", ""ip-172-31-1-171"": ""healthy"", ""ip-172-31-10-12"": ""healthy"", ""ip-172-31-11-132"": ""healthy"", ""ip-172-31-13-134"": ""healthy"", ""ip-172-31-14-68"": ""healthy"", ""ip-172-31-40-239"": ""healthy""}",node_recovery,0.1,0.0,0,0,{},"{""a1"": {""services"": [""pose"", ""gesture""], ""fps"": {""pose"": 0, ""gesture"": 0}, ""eff_fps"": {""pose"": 0, ""gesture"": 0}, ""latency_ms"": {""pose"": 0, ""gesture"": 0}, ""svclat_ms"": {""pose"": 0.0, ""gesture"": 0.0}}, ""a2"": {""services"": [""pose"", ""gesture""], ""fps"": {""pose"": 0, ""gesture"": 0}, ""eff_fps"": {""pose"": 0, ""gesture"": 0}, ""latency_ms"": {""pose"": 0, ""gesture"": 0}, ""svclat_ms"": {""pose"": 0.0, ""gesture"": 0.0}}}"
6.6,1,0,0.0,0,0,0,0,0,0.0,0,0,0.0,0.0,0,0.0,0,0,0,0,0,0,0,0,0,0,0,0,0,"{""ip-172-31-0-204"": ""healthy"", ""ip-172-31-1-171"": ""healthy"", ""ip-172-31-10-12"": ""healthy"", ""ip-172-31-11-132"": ""healthy"", ""ip-172-31-13-134"": ""healthy"", ""ip-172-31-14-68"": ""healthy"", ""ip-172-31-40-239"": ""healthy""}",node_recovery,0.1,0.0,0,0,{},"{""a1"": {""services"": [""pose"", ""gesture""], ""fps"": {""pose"": 0, ""gesture"": 0}, ""eff_fps"": {""pose"": 0, ""gesture"": 0}, ""latency_ms"": {""pose"": 0, ""gesture"": 0}, ""svclat_ms"": {""pose"": 0.0, ""gesture"": 0.0}}, ""a2"": {""services"": [""pose"", ""gesture""], ""fps"": {""pose"": 0, ""gesture"": 0}, ""eff_fps"": {""pose"": 0, ""gesture"": 0}, ""latency_ms"": {""pose"": 0, ""gesture"": 0}, ""svclat_ms"": {""pose"": 0.0, ""gesture"": 0.0}}}"
7.9,1,0,0.0,0,0,0,0,0,0.0,0,0,0.0,0.0,0,0.0,0,0,0,0,0,0,0,0,0,0,0,0,0,"{""ip-172-31-0-204"": ""healthy"", ""ip-172-31-1-171"": ""healthy"", ""ip-172-31-10-12"": ""healthy"", ""ip-172-31-11-132"": ""healthy"", ""ip-172-31-13-134"": ""healthy"", ""ip-172-31-14-68"": ""healthy"", ""ip-172-31-40-239"": ""healthy""}",node_recovery,0.1,0.0,0,0,{},"{""a1"": {""services"": [""pose"", ""gesture""], ""fps"": {""pose"": 0, ""gesture"": 0}, ""eff_fps"": {""pose"": 0, ""gesture"": 0}, ""latency_ms"": {""pose"": 0, ""gesture"": 0}, ""svclat_ms"": {""pose"": 0.0, ""gesture"": 0.0}}, ""a2"": {""services"": [""pose"", ""gesture""], ""fps"": {""pose"": 0, ""gesture"": 0}, ""eff_fps"": {""pose"": 0, ""gesture"": 0}, ""latency_ms"": {""pose"": 0, ""gesture"": 0}, ""svclat_ms"": {""pose"": 0.0, ""gesture"": 0.0}}}"
9.2,1,0,0.0,0,0,0,0,0,0.0,0,0,0.0,0.0,0,0.0,0,0,0,0,0,0,0,0,0,0,0,0,0,"{""ip-172-31-0-204"": ""healthy"", ""ip-172-31-1-171"": ""healthy"", ""ip-172-31-10-12"": ""healthy"", ""ip-172-31-11-132"": ""healthy"", ""ip-172-31-13-134"": ""healthy"", ""ip-172-31-14-68"": ""healthy"", ""ip-172-31-40-239"": ""healthy""}",node_recovery,0.1,0.0,0,0,{},"{""a1"": {""services"": [""pose"", ""gesture""], ""fps"": {""pose"": 0, ""gesture"": 0}, ""eff_fps"": {""pose"": 0, ""gesture"": 0}, ""latency_ms"": {""pose"": 0, ""gesture"": 0}, ""svclat_ms"": {""pose"": 0.0, ""gesture"": 0.0}}, ""a2"": {""services"": [""pose"", ""gesture""], ""fps"": {""pose"": 0, ""gesture"": 0}, ""eff_fps"": {""pose"": 0, ""gesture"": 0}, ""latency_ms"": {""pose"": 0, ""gesture"": 0}, ""svclat_ms"": {""pose"": 0.0, ""gesture"": 0.0}}}"
10.5,1,0,0.0,0,0,0,0,0,0.0,0,0,0.0,0.0,0,0.0,0,0,0,0,0,0,0,0,0,0,0,0,0,"{""ip-172-31-0-204"": ""healthy"", ""ip-172-31-1-171"": ""healthy"", ""ip-172-31-10-12"": ""healthy"", ""ip-172-31-11-132"": ""healthy"", ""ip-172-31-13-134"": ""healthy"", ""ip-172-31-14-68"": ""healthy"", ""ip-172-31-40-239"": ""healthy""}",node_recovery,0.1,0.0,0,0,{},"{""a1"": {""services"": [""pose"", ""gesture""], ""fps"": {""pose"": 0, ""gesture"": 0}, ""eff_fps"": {""pose"": 0, ""gesture"": 0}, ""latency_ms"": {""pose"": 0, ""gesture"": 0}, ""svclat_ms"": {""pose"": 0.0, ""gesture"": 0.0}}, ""a2"": {""services"": [""pose"", ""gesture""], ""fps"": {""pose"": 0, ""gesture"": 0}, ""eff_fps"": {""pose"": 0, ""gesture"": 0}, ""latency_ms"": {""pose"": 0, ""gesture"": 0}, ""svclat_ms"": {""pose"": 0.0, ""gesture"": 0.0}}, ""a3"": {""services"": [""pose"", ""gesture""], ""fps"": {""pose"": 0, ""gesture"": 0}, ""eff_fps"": {""pose"": 0, ""gesture"": 0}, ""latency_ms"": {""pose"": 0, ""gesture"": 0}, ""svclat_ms"": {""pose"": 0.0, ""gesture"": 0.0}}}"
11.8,1,0,0.0,0,0,0,0,0,0.0,0,0,0.0,0.0,0,0.0,0,0,0,0,0,0,0,0,0,0,0,0,0,"{""ip-172-31-0-204"": ""healthy"", ""ip-172-31-1-171"": ""healthy"", ""ip-172-31-10-12"": ""healthy"", ""ip-172-31-11-132"": ""healthy"", ""ip-172-31-13-134"": ""healthy"", ""ip-172-31-14-68"": ""healthy"", ""ip-172-31-40-239"": ""healthy""}",node_recovery,0.1,0.0,0,0,{},"{""a1"": {""services"": [""pose"", ""gesture""], ""fps"": {""pose"": 0, ""gesture"": 0}, ""eff_fps"": {""pose"": 0, ""gesture"": 0}, ""latency_ms"": {""pose"": 0, ""gesture"": 0}, ""svclat_ms"": {""pose"": 0.0, ""gesture"": 0.0}}, ""a2"": {""services"": [""pose"", ""gesture""], ""fps"": {""pose"": 0, ""gesture"": 0}, ""eff_fps"": {""pose"": 0, ""gesture"": 0}, ""latency_ms"": {""pose"": 0, ""gesture"": 0}, ""svclat_ms"": {""pose"": 0.0, ""gesture"": 0.0}}, ""a3"": {""services"": [""pose"", ""gesture""], ""fps"": {""pose"": 0, ""gesture"": 0}, ""eff_fps"": {""pose"": 0, ""gesture"": 0}, ""latency_ms"": {""pose"": 0, ""gesture"": 0}, ""svclat_ms"": {""pose"": 0.0, ""gesture"": 0.0}}}"
13.1,1,0,0.0,0,0,0,0,0,0.0,0,0,0.0,0.0,0,0.0,0,0,0,0,0,0,0,0,0,0,0,0,0,"{""ip-172-31-0-204"": ""healthy"", ""ip-172-31-1-171"": ""healthy"", ""ip-172-31-10-12"": ""healthy"", ""ip-172-31-11-132"": ""healthy"", ""ip-172-31-13-134"": ""healthy"", ""ip-172-31-14-68"": ""healthy"", ""ip-172-31-40-239"": ""healthy""}",node_recovery,0.1,0.0,0,0,{},"{""a1"": {""services"": [""pose"", ""gesture""], ""fps"": {""pose"": 0, ""gesture"": 0}, ""eff_fps"": {""pose"": 0, ""gesture"": 0}, ""latency_ms"": {""pose"": 0, ""gesture"": 0}, ""svclat_ms"": {""pose"": 0.0, ""gesture"": 0.0}}, ""a2"": {""services"": [""pose"", ""gesture""], ""fps"": {""pose"": 0, ""gesture"": 0}, ""eff_fps"": {""pose"": 0, ""gesture"": 0}, ""latency_ms"": {""pose"": 0, ""gesture"": 0}, ""svclat_ms"": {""pose"": 0.0, ""gesture"": 0.0}}, ""a3"": {""services"": [""pose"", ""gesture""], ""fps"": {""pose"": 0, ""gesture"": 0}, ""eff_fps"": {""pose"": 0, ""gesture"": 0}, ""latency_ms"": {""pose"": 0, ""gesture"": 0}, ""svclat_ms"": {""pose"": 0.0, ""gesture"": 0.0}}}"
14.5,1,0,0.0,0,0,0,0,0,0.0,0,0,0.0,0.0,0,0.0,0,0,0,0,0,0,0,0,0,0,0,0,0,"{""ip-172-31-0-204"": ""healthy"", ""ip-172-31-1-171"": ""healthy"", ""ip-172-31-10-12"": ""healthy"", ""ip-172-31-11-132"": ""healthy"", ""ip-172-31-13-134"": ""healthy"", ""ip-172-31-14-68"": ""healthy"", ""ip-172-31-40-239"": ""healthy""}",node_recovery,0.1,0.0,0,0,{},"{""a1"": {""services"": [""pose"", ""gesture""], ""fps"": {""pose"": 0, ""gesture"": 0}, ""eff_fps"": {""pose"": 0, ""gesture"": 0}, ""latency_ms"": {""pose"": 0, ""gesture"": 0}, ""svclat_ms"": {""pose"": 0.0, ""gesture"": 0.0}}, ""a2"": {""services"": [""pose"", ""gesture""], ""fps"": {""pose"": 0, ""gesture"": 0}, ""eff_fps"": {""pose"": 0, ""gesture"": 0}, ""latency_ms"": {""pose"": 0, ""gesture"": 0}, ""svclat_ms"": {""pose"": 0.0, ""gesture"": 0.0}}, ""a3"": {""services"": [""pose"", ""gesture""], ""fps"": {""pose"": 0, ""gesture"": 0}, ""eff_fps"": {""pose"": 0, ""gesture"": 0}, ""latency_ms"": {""pose"": 0, ""gesture"": 0}, ""svclat_ms"": {""pose"": 0.0, ""gesture"": 0.0}}}"
17.6,2,1,0.5,2,0,2,2,2,1.0,170.0,60,0.353,0.0,2.0,0.0,30.0,30.0,0,30.0,30.0,0,0,0,0,19.25,14.53,0,60,"{""ip-172-31-0-204"": ""healthy"", ""ip-172-31-1-171"": ""healthy"", ""ip-172-31-10-12"": ""healthy"", ""ip-172-31-11-132"": ""healthy"", ""ip-172-31-13-134"": ""healthy"", ""ip-172-31-14-68"": ""healthy"", ""ip-172-31-40-239"": ""healthy""}",subscribe,12.5,1.0,0,0,"{""ip-172-31-0-204"": {""pose"": 1, ""gesture"": 1}}","{""a1"": {""services"": [""pose"", ""gesture""], ""fps"": {""pose"": 30, ""gesture"": 30}, ""eff_fps"": {""pose"": 30, ""gesture"": 30}, ""latency_ms"": {""pose"": 0, ""gesture"": 0}, ""svclat_ms"": {""pose"": 19.25, ""gesture"": 14.53}}, ""a2"": {""services"": [""pose"", ""gesture""], ""fps"": {""pose"": 0, ""gesture"": 0}, ""eff_fps"": {""pose"": 0, ""gesture"": 0}, ""latency_ms"": {""pose"": 0, ""gesture"": 0}, ""svclat_ms"": {""pose"": 0.0, ""gesture"": 0.0}}, ""a3"": {""services"": [""pose"", ""gesture""], ""fps"": {""pose"": 0, ""gesture"": 0}, ""eff_fps"": {""pose"": 0, ""gesture"": 0}, ""latency_ms"": {""pose"": 0, ""gesture"": 0}, ""svclat_ms"": {""pose"": 0.0, ""gesture"": 0.0}}, ""a4"": {""services"": [""pose"", ""gesture""], ""fps"": {""pose"": 0, ""gesture"": 0}, ""eff_fps"": {""pose"": 0, ""gesture"": 0}, ""latency_ms"": {""pose"": 0, ""gesture"": 0}, ""svclat_ms"": {""pose"": 0.0, ""gesture"": 0.0}}}"
19.9,2,1,0.5,0,0,2,2,2,1.0,170.0,60,0.353,0.0,2.0,0.0,30.0,30.0,0,30.0,30.0,0,0,0,0,18.47,14.5,0,60,"{""ip-172-31-0-204"": ""healthy"", ""ip-172-31-1-171"": ""healthy"", ""ip-172-31-10-12"": ""healthy"", ""ip-172-31-11-132"": ""healthy"", ""ip-172-31-13-134"": ""healthy"", ""ip-172-31-14-68"": ""healthy"", ""ip-172-31-40-239"": ""healthy""}",subscribe,12.5,1.0,0,0,"{""ip-172-31-0-204"": {""pose"": 1, ""gesture"": 1}}","{""a1"": {""services"": [""pose"", ""gesture""], ""fps"": {""pose"": 30, ""gesture"": 30}, ""eff_fps"": {""pose"": 30, ""gesture"": 30}, ""latency_ms"": {""pose"": 0, ""gesture"": 0}, ""svclat_ms"": {""pose"": 18.47, ""gesture"": 14.5}}, ""a2"": {""services"": [""pose"", ""gesture""], ""fps"": {""pose"": 0, ""gesture"": 0}, ""eff_fps"": {""pose"": 0, ""gesture"": 0}, ""latency_ms"": {""pose"": 0, ""gesture"": 0}, ""svclat_ms"": {""pose"": 0.0, ""gesture"": 0.0}}, ""a3"": {""services"": [""pose"", ""gesture""], ""fps"": {""pose"": 0, ""gesture"": 0}, ""eff_fps"": {""pose"": 0, ""gesture"": 0}, ""latency_ms"": {""pose"": 0, ""gesture"": 0}, ""svclat_ms"": {""pose"": 0.0, ""gesture"": 0.0}}, ""a4"": {""services"": [""pose"", ""gesture""], ""fps"": {""pose"": 0, ""gesture"": 0}, ""eff_fps"": {""pose"": 0, ""gesture"": 0}, ""latency_ms"": {""pose"": 0, ""gesture"": 0}, ""svclat_ms"": {""pose"": 0.0, ""gesture"": 0.0}}}"
22.2,2,1,0.5,0,0,2,2,2,1.0,170.0,60,0.353,0.0,2.0,0.0,30.0,30.0,0,30.0,30.0,0,0,0,0,18.6,14.78,0,60,"{""ip-172-31-0-204"": ""healthy"", ""ip-172-31-1-171"": ""healthy"", ""ip-172-31-10-12"": ""healthy"", ""ip-172-31-11-132"": ""healthy"", ""ip-172-31-13-134"": ""healthy"", ""ip-172-31-14-68"": ""healthy"", ""ip-172-31-40-239"": ""healthy""}",subscribe,12.5,1.0,0,0,"{""ip-172-31-0-204"": {""pose"": 1, ""gesture"": 1}}","{""a1"": {""services"": [""pose"", ""gesture""], ""fps"": {""pose"": 30, ""gesture"": 30}, ""eff_fps"": {""pose"": 30, ""gesture"": 30}, ""latency_ms"": {""pose"": 0, ""gesture"": 0}, ""svclat_ms"": {""pose"": 18.6, ""gesture"": 14.78}}, ""a2"": {""services"": [""pose"", ""gesture""], ""fps"": {""pose"": 0, ""gesture"": 0}, ""eff_fps"": {""pose"": 0, ""gesture"": 0}, ""latency_ms"": {""pose"": 0, ""gesture"": 0}, ""svclat_ms"": {""pose"": 0.0, ""gesture"": 0.0}}, ""a3"": {""services"": [""pose"", ""gesture""], ""fps"": {""pose"": 0, ""gesture"": 0}, ""eff_fps"": {""pose"": 0, ""gesture"": 0}, ""latency_ms"": {""pose"": 0, ""gesture"": 0}, ""svclat_ms"": {""pose"": 0.0, ""gesture"": 0.0}}, ""a4"": {""services"": [""pose"", ""gesture""], ""fps"": {""pose"": 0, ""gesture"": 0}, ""eff_fps"": {""pose"": 0, ""gesture"": 0}, ""latency_ms"": {""pose"": 0, ""gesture"": 0}, ""svclat_ms"": {""pose"": 0.0, ""gesture"": 0.0}}, ""a5"": {""services"": [""pose"", ""gesture""], ""fps"": {""pose"": 0, ""gesture"": 0}, ""eff_fps"": {""pose"": 0, ""gesture"": 0}, ""latency_ms"": {""pose"": 0, ""gesture"": 0}, ""svclat_ms"": {""pose"": 0.0, ""gesture"": 0.0}}}"
24.6,2,1,0.5,0,0,2,2,2,1.0,170.0,60,0.353,0.0,2.0,0.0,30.0,30.0,0,30.0,30.0,0,0,0,0,18.58,14.92,0,60,"{""ip-172-31-0-204"": ""healthy"", ""ip-172-31-1-171"": ""healthy"", ""ip-172-31-10-12"": ""healthy"", ""ip-172-31-11-132"": ""healthy"", ""ip-172-31-13-134"": ""healthy"", ""ip-172-31-14-68"": ""healthy"", ""ip-172-31-40-239"": ""healthy""}",subscribe,12.5,1.0,0,0,"{""ip-172-31-0-204"": {""pose"": 1, ""gesture"": 1}}","{""a1"": {""services"": [""pose"", ""gesture""], ""fps"": {""pose"": 30, ""gesture"": 30}, ""eff_fps"": {""pose"": 30, ""gesture"": 30}, ""latency_ms"": {""pose"": 0, ""gesture"": 0}, ""svclat_ms"": {""pose"": 18.58, ""gesture"": 14.92}}, ""a2"": {""services"": [""pose"", ""gesture""], ""fps"": {""pose"": 0, ""gesture"": 0}, ""eff_fps"": {""pose"": 0, ""gesture"": 0}, ""latency_ms"": {""pose"": 0, ""gesture"": 0}, ""svclat_ms"": {""pose"": 0.0, ""gesture"": 0.0}}, ""a3"": {""services"": [""pose"", ""gesture""], ""fps"": {""pose"": 0, ""gesture"": 0}, ""eff_fps"": {""pose"": 0, ""gesture"": 0}, ""latency_ms"": {""pose"": 0, ""gesture"": 0}, ""svclat_ms"": {""pose"": 0.0, ""gesture"": 0.0}}, ""a4"": {""services"": [""pose"", ""gesture""], ""fps"": {""pose"": 0, ""gesture"": 0}, ""eff_fps"": {""pose"": 0, ""gesture"": 0}, ""latency_ms"": {""pose"": 0, ""gesture"": 0}, ""svclat_ms"": {""pose"": 0.0, ""gesture"": 0.0}}, ""a5"": {""services"": [""pose"", ""gesture""], ""fps"": {""pose"": 0, ""gesture"": 0}, ""eff_fps"": {""pose"": 0, ""gesture"": 0}, ""latency_ms"": {""pose"": 0, ""gesture"": 0}, ""svclat_ms"": {""pose"": 0.0, ""gesture"": 0.0}}}"
26.9,2,1,0.5,0,0,2,2,2,1.0,170.0,60,0.353,0.0,2.0,0.0,30.0,30.0,0,30.0,30.0,0,0,0,0,18.8,14.86,0,60,"{""ip-172-31-0-204"": ""healthy"", ""ip-172-31-1-171"": ""healthy"", ""ip-172-31-10-12"": ""healthy"", ""ip-172-31-11-132"": ""healthy"", ""ip-172-31-13-134"": ""healthy"", ""ip-172-31-14-68"": ""healthy"", ""ip-172-31-40-239"": ""healthy""}",subscribe,12.5,1.0,0,0,"{""ip-172-31-0-204"": {""pose"": 1, ""gesture"": 1}}","{""a1"": {""services"": [""pose"", ""gesture""], ""fps"": {""pose"": 30, ""gesture"": 30}, ""eff_fps"": {""pose"": 30, ""gesture"": 30}, ""latency_ms"": {""pose"": 0, ""gesture"": 0}, ""svclat_ms"": {""pose"": 18.8, ""gesture"": 14.86}}, ""a2"": {""services"": [""pose"", ""gesture""], ""fps"": {""pose"": 0, ""gesture"": 0}, ""eff_fps"": {""pose"": 0, ""gesture"": 0}, ""latency_ms"": {""pose"": 0, ""gesture"": 0}, ""svclat_ms"": {""pose"": 0.0, ""gesture"": 0.0}}, ""a3"": {""services"": [""pose"", ""gesture""], ""fps"": {""pose"": 0, ""gesture"": 0}, ""eff_fps"": {""pose"": 0, ""gesture"": 0}, ""latency_ms"": {""pose"": 0, ""gesture"": 0}, ""svclat_ms"": {""pose"": 0.0, ""gesture"": 0.0}}, ""a4"": {""services"": [""pose"", ""gesture""], ""fps"": {""pose"": 0, ""gesture"": 0}, ""eff_fps"": {""pose"": 0, ""gesture"": 0}, ""latency_ms"": {""pose"": 0, ""gesture"": 0}, ""svclat_ms"": {""pose"": 0.0, ""gesture"": 0.0}}, ""a5"": {""services"": [""pose"", ""gesture""], ""fps"": {""pose"": 0, ""gesture"": 0}, ""eff_fps"": {""pose"": 0, ""gesture"": 0}, ""latency_ms"": {""pose"": 0, ""gesture"": 0}, ""svclat_ms"": {""pose"": 0.0, ""gesture"": 0.0}}, ""a6"": {""services"": [""pose"", ""gesture""], ""fps"": {""pose"": 0, ""gesture"": 0}, ""eff_fps"": {""pose"": 0, ""gesture"": 0}, ""latency_ms"": {""pose"": 0, ""gesture"": 0}, ""svclat_ms"": {""pose"": 0.0, ""gesture"": 0.0}}}"
30.1,2,1,0.5,0,0,2,2,2,1.0,170.0,60,0.353,0.0,2.0,0.0,30.0,30.0,0,30.0,30.0,0,0,0,0,19.25,14.66,0,120,"{""ip-172-31-0-204"": ""healthy"", ""ip-172-31-1-171"": ""healthy"", ""ip-172-31-10-12"": ""healthy"", ""ip-172-31-11-132"": ""healthy"", ""ip-172-31-13-134"": ""healthy"", ""ip-172-31-14-68"": ""healthy"", ""ip-172-31-40-239"": ""healthy""}",subscribe,12.5,1.0,0,0,"{""ip-172-31-0-204"": {""pose"": 1, ""gesture"": 1}}","{""a1"": {""services"": [""pose"", ""gesture""], ""fps"": {""pose"": 30, ""gesture"": 30}, ""eff_fps"": {""pose"": 30, ""gesture"": 30}, ""latency_ms"": {""pose"": 0, ""gesture"": 0}, ""svclat_ms"": {""pose"": 19.83, ""gesture"": 14.78}}, ""a2"": {""services"": [""pose"", ""gesture""], ""fps"": {""pose"": 30, ""gesture"": 30}, ""eff_fps"": {""pose"": 30, ""gesture"": 30}, ""latency_ms"": {""pose"": 0, ""gesture"": 0}, ""svclat_ms"": {""pose"": 18.67, ""gesture"": 14.55}}, ""a3"": {""services"": [""pose"", ""gesture""], ""fps"": {""pose"": 0, ""gesture"": 0}, ""eff_fps"": {""pose"": 0, ""gesture"": 0}, ""latency_ms"": {""pose"": 0, ""gesture"": 0}, ""svclat_ms"": {""pose"": 0.0, ""gesture"": 0.0}}, ""a4"": {""services"": [""pose"", ""gesture""], ""fps"": {""pose"": 0, ""gesture"": 0}, ""eff_fps"": {""pose"": 0, ""gesture"": 0}, ""latency_ms"": {""pose"": 0, ""gesture"": 0}, ""svclat_ms"": {""pose"": 0.0, ""gesture"": 0.0}}, ""a5"": {""services"": [""pose"", ""gesture""], ""fps"": {""pose"": 0, ""gesture"": 0}, ""eff_fps"": {""pose"": 0, ""gesture"": 0}, ""latency_ms"": {""pose"": 0, ""gesture"": 0}, ""svclat_ms"": {""pose"": 0.0, ""gesture"": 0.0}}, ""a6"": {""services"": [""pose"", ""gesture""], ""fps"": {""pose"": 0, ""gesture"": 0}, ""eff_fps"": {""pose"": 0, ""gesture"": 0}, ""latency_ms"": {""pose"": 0, ""gesture"": 0}, ""svclat_ms"": {""pose"": 0.0, ""gesture"": 0.0}}, ""a7"": {""services"": [""pose"", ""gesture""], ""fps"": {""pose"": 0, ""gesture"": 0}, ""eff_fps"": {""pose"": 0, ""gesture"": 0}, ""latency_ms"": {""pose"": 0, ""gesture"": 0}, ""svclat_ms"": {""pose"": 0.0, ""gesture"": 0.0}}}"
32.4,3,2,0.667,1,0,3,3,3,1.0,283.0,120,0.424,0.0,1.5,0.0,30.0,29.5,0,30.0,29.5,0,0,0,0,19.16,15.51,0,119,"{""ip-172-31-0-204"": ""healthy"", ""ip-172-31-1-171"": ""healthy"", ""ip-172-31-10-12"": ""healthy"", ""ip-172-31-11-132"": ""healthy"", ""ip-172-31-13-134"": ""healthy"", ""ip-172-31-14-68"": ""healthy"", ""ip-172-31-40-239"": ""healthy""}",subscribe,8.9,1.0,0,0,"{""ip-172-31-0-204"": {""pose"": 1, ""gesture"": 1}, ""ip-172-31-1-171"": {""gesture"": 1}}","{""a1"": {""services"": [""pose"", ""gesture""], ""fps"": {""pose"": 30, ""gesture"": 30}, ""eff_fps"": {""pose"": 30, ""gesture"": 30}, ""latency_ms"": {""pose"": 0, ""gesture"": 0}, ""svclat_ms"": {""pose"": 19.84, ""gesture"": 14.82}}, ""a2"": {""services"": [""pose"", ""gesture""], ""fps"": {""pose"": 30, ""gesture"": 29}, ""eff_fps"": {""pose"": 30, ""gesture"": 29}, ""latency_ms"": {""pose"": 0, ""gesture"": 0}, ""svclat_ms"": {""pose"": 18.47, ""gesture"": 16.19}}, ""a3"": {""services"": [""pose"", ""gesture""], ""fps"": {""pose"": 0, ""gesture"": 0}, ""eff_fps"": {""pose"": 0, ""gesture"": 0}, ""latency_ms"": {""pose"": 0, ""gesture"": 0}, ""svclat_ms"": {""pose"": 0.0, ""gesture"": 0.0}}, ""a4"": {""services"": [""pose"", ""gesture""], ""fps"": {""pose"": 0, ""gesture"": 0}, ""eff_fps"": {""pose"": 0, ""gesture"": 0}, ""latency_ms"": {""pose"": 0, ""gesture"": 0}, ""svclat_ms"": {""pose"": 0.0, ""gesture"": 0.0}}, ""a5"": {""services"": [""pose"", ""gesture""], ""fps"": {""pose"": 0, ""gesture"": 0}, ""eff_fps"": {""pose"": 0, ""gesture"": 0}, ""latency_ms"": {""pose"": 0, ""gesture"": 0}, ""svclat_ms"": {""pose"": 0.0, ""gesture"": 0.0}}, ""a6"": {""services"": [""pose"", ""gesture""], ""fps"": {""pose"": 0, ""gesture"": 0}, ""eff_fps"": {""pose"": 0, ""gesture"": 0}, ""latency_ms"": {""pose"": 0, ""gesture"": 0}, ""svclat_ms"": {""pose"": 0.0, ""gesture"": 0.0}}, ""a7"": {""services"": [""pose"", ""gesture""], ""fps"": {""pose"": 0, ""gesture"": 0}, ""eff_fps"": {""pose"": 0, ""gesture"": 0}, ""latency_ms"": {""pose"": 0, ""gesture"": 0}, ""svclat_ms"": {""pose"": 0.0, ""gesture"": 0.0}}}"
34.7,3,2,0.667,0,0,3,3,3,1.0,283.0,120,0.424,0.0,1.5,0.0,30.0,30.0,0,30.0,30.0,0,0,0,0,19.43,14.96,0,120,"{""ip-172-31-0-204"": ""healthy"", ""ip-172-31-1-171"": ""healthy"", ""ip-172-31-10-12"": ""healthy"", ""ip-172-31-11-132"": ""healthy"", ""ip-172-31-13-134"": ""healthy"", ""ip-172-31-14-68"": ""healthy"", ""ip-172-31-40-239"": ""healthy""}",subscribe,8.9,1.0,0,0,"{""ip-172-31-0-204"": {""pose"": 1, ""gesture"": 1}, ""ip-172-31-1-171"": {""gesture"": 1}}","{""a1"": {""services"": [""pose"", ""gesture""], ""fps"": {""pose"": 30, ""gesture"": 30}, ""eff_fps"": {""pose"": 30, ""gesture"": 30}, ""latency_ms"": {""pose"": 0, ""gesture"": 0}, ""svclat_ms"": {""pose"": 20.1, ""gesture"": 15.09}}, ""a2"": {""services"": [""pose"", ""gesture""], ""fps"": {""pose"": 30, ""gesture"": 30}, ""eff_fps"": {""pose"": 30, ""gesture"": 30}, ""latency_ms"": {""pose"": 0, ""gesture"": 0}, ""svclat_ms"": {""pose"": 18.75, ""gesture"": 14.84}}, ""a3"": {""services"": [""pose"", ""gesture""], ""fps"": {""pose"": 0, ""gesture"": 0}, ""eff_fps"": {""pose"": 0, ""gesture"": 0}, ""latency_ms"": {""pose"": 0, ""gesture"": 0}, ""svclat_ms"": {""pose"": 0.0, ""gesture"": 0.0}}, ""a4"": {""services"": [""pose"", ""gesture""], ""fps"": {""pose"": 0, ""gesture"": 0}, ""eff_fps"": {""pose"": 0, ""gesture"": 0}, ""latency_ms"": {""pose"": 0, ""gesture"": 0}, ""svclat_ms"": {""pose"": 0.0, ""gesture"": 0.0}}, ""a5"": {""services"": [""pose"", ""gesture""], ""fps"": {""pose"": 0, ""gesture"": 0}, ""eff_fps"": {""pose"": 0, ""gesture"": 0}, ""latency_ms"": {""pose"": 0, ""gesture"": 0}, ""svclat_ms"": {""pose"": 0.0, ""gesture"": 0.0}}, ""a6"": {""services"": [""pose"", ""gesture""], ""fps"": {""pose"": 0, ""gesture"": 0}, ""eff_fps"": {""pose"": 0, ""gesture"": 0}, ""latency_ms"": {""pose"": 0, ""gesture"": 0}, ""svclat_ms"": {""pose"": 0.0, ""gesture"": 0.0}}, ""a7"": {""services"": [""pose"", ""gesture""], ""fps"": {""pose"": 0, ""gesture"": 0}, ""eff_fps"": {""pose"": 0, ""gesture"": 0}, ""latency_ms"": {""pose"": 0, ""gesture"": 0}, ""svclat_ms"": {""pose"": 0.0, ""gesture"": 0.0}}}"
37.9,3,2,0.667,0,0,3,3,3,1.0,283.0,120,0.424,0.0,1.5,0.0,22.5,30.0,0,21.5,30.0,0,0,0,0,25.94,15.27,0,105,"{""ip-172-31-0-204"": ""healthy"", ""ip-172-31-1-171"": ""healthy"", ""ip-172-31-10-12"": ""healthy"", ""ip-172-31-11-132"": ""healthy"", ""ip-172-31-13-134"": ""healthy"", ""ip-172-31-14-68"": ""healthy"", ""ip-172-31-40-239"": ""healthy""}",subscribe,8.9,1.0,0,0,"{""ip-172-31-0-204"": {""pose"": 1, ""gesture"": 1}, ""ip-172-31-1-171"": {""gesture"": 1}}","{""a1"": {""services"": [""pose"", ""gesture""], ""fps"": {""pose"": 23, ""gesture"": 30}, ""eff_fps"": {""pose"": 22, ""gesture"": 30}, ""latency_ms"": {""pose"": 0, ""gesture"": 0}, ""svclat_ms"": {""pose"": 25.62, ""gesture"": 15.66}}, ""a2"": {""services"": [""pose"", ""gesture""], ""fps"": {""pose"": 22, ""gesture"": 30}, ""eff_fps"": {""pose"": 21, ""gesture"": 30}, ""latency_ms"": {""pose"": 0, ""gesture"": 0}, ""svclat_ms"": {""pose"": 26.25, ""gesture"": 14.87}}, ""a3"": {""services"": [""pose"", ""gesture""], ""fps"": {""pose"": 0, ""gesture"": 0}, ""eff_fps"": {""pose"": 0, ""gesture"": 0}, ""latency_ms"": {""pose"": 0, ""gesture"": 0}, ""svclat_ms"": {""pose"": 0.0, ""gesture"": 0.0}}, ""a4"": {""services"": [""pose"", ""gesture""], ""fps"": {""pose"": 0, ""gesture"": 0}, ""eff_fps"": {""pose"": 0, ""gesture"": 0}, ""latency_ms"": {""pose"": 0, ""gesture"": 0}, ""svclat_ms"": {""pose"": 0.0, ""gesture"": 0.0}}, ""a5"": {""services"": [""pose"", ""gesture""], ""fps"": {""pose"": 0, ""gesture"": 0}, ""eff_fps"": {""pose"": 0, ""gesture"": 0}, ""latency_ms"": {""pose"": 0, ""gesture"": 0}, ""svclat_ms"": {""pose"": 0.0, ""gesture"": 0.0}}, ""a6"": {""services"": [""pose"", ""gesture""], ""fps"": {""pose"": 0, ""gesture"": 0}, ""eff_fps"": {""pose"": 0, ""gesture"": 0}, ""latency_ms"": {""pose"": 0, ""gesture"": 0}, ""svclat_ms"": {""pose"": 0.0, ""gesture"": 0.0}}, ""a7"": {""services"": [""pose"", ""gesture""], ""fps"": {""pose"": 0, ""gesture"": 0}, ""eff_fps"": {""pose"": 0, ""gesture"": 0}, ""latency_ms"": {""pose"": 0, ""gesture"": 0}, ""svclat_ms"": {""pose"": 0.0, ""gesture"": 0.0}}, ""a8"": {""services"": [""pose"", ""gesture""], ""fps"": {""pose"": 0, ""gesture"": 0}, ""eff_fps"": {""pose"": 0, ""gesture"": 0}, ""latency_ms"": {""pose"": 0, ""gesture"": 0}, ""svclat_ms"": {""pose"": 0.0, ""gesture"": 0.0}}}"
40.2,4,3,0.75,1,0,4,4,4,1.0,396.0,159.0,0.402,0.0,1.33,0.0,23.0,30.0,0,23.0,30.0,0,0,0,0,22.75,15.03,0,159,"{""ip-172-31-0-204"": ""healthy"", ""ip-172-31-1-171"": ""healthy"", ""ip-172-31-10-12"": ""healthy"", ""ip-172-31-11-132"": ""healthy"", ""ip-172-31-13-134"": ""healthy"", ""ip-172-31-14-68"": ""healthy"", ""ip-172-31-40-239"": ""healthy""}",subscribe,9.3,0.8833,0,0,"{""ip-172-31-0-204"": {""pose"": 1, ""gesture"": 1}, ""ip-172-31-1-171"": {""gesture"": 1}, ""ip-172-31-10-12"": {""gesture"": 1}}","{""a1"": {""services"": [""pose"", ""gesture""], ""fps"": {""pose"": 23, ""gesture"": 30}, ""eff_fps"": {""pose"": 23, ""gesture"": 30}, ""latency_ms"": {""pose"": 0, ""gesture"": 0}, ""svclat_ms"": {""pose"": 22.49, ""gesture"": 16.0}}, ""a2"": {""services"": [""pose"", ""gesture""], ""fps"": {""pose"": 23, ""gesture"": 30}, ""eff_fps"": {""pose"": 23, ""gesture"": 30}, ""latency_ms"": {""pose"": 0, ""gesture"": 0}, ""svclat_ms"": {""pose"": 22.38, ""gesture"": 14.93}}, ""a3"": {""services"": [""pose"", ""gesture""], ""fps"": {""pose"": 23, ""gesture"": 30}, ""eff_fps"": {""pose"": 23, ""gesture"": 30}, ""latency_ms"": {""pose"": 0, ""gesture"": 0}, ""svclat_ms"": {""pose"": 23.38, ""gesture"": 14.17}}, ""a4"": {""services"": [""pose"", ""gesture""], ""fps"": {""pose"": 0, ""gesture"": 0}, ""eff_fps"": {""pose"": 0, ""gesture"": 0}, ""latency_ms"": {""pose"": 0, ""gesture"": 0}, ""svclat_ms"": {""pose"": 0.0, ""gesture"": 0.0}}, ""a5"": {""services"": [""pose"", ""gesture""], ""fps"": {""pose"": 0, ""gesture"": 0}, ""eff_fps"": {""pose"": 0, ""gesture"": 0}, ""latency_ms"": {""pose"": 0, ""gesture"": 0}, ""svclat_ms"": {""pose"": 0.0, ""gesture"": 0.0}}, ""a6"": {""services"": [""pose"", ""gesture""], ""fps"": {""pose"": 0, ""gesture"": 0}, ""eff_fps"": {""pose"": 0, ""gesture"": 0}, ""latency_ms"": {""pose"": 0, ""gesture"": 0}, ""svclat_ms"": {""pose"": 0.0, ""gesture"": 0.0}}, ""a7"": {""services"": [""pose"", ""gesture""], ""fps"": {""pose"": 0, ""gesture"": 0}, ""eff_fps"": {""pose"": 0, ""gesture"": 0}, ""latency_ms"": {""pose"": 0, ""gesture"": 0}, ""svclat_ms"": {""pose"": 0.0, ""gesture"": 0.0}}, ""a8"": {""services"": [""pose"", ""gesture""], ""fps"": {""pose"": 0, ""gesture"": 0}, ""eff_fps"": {""pose"": 0, ""gesture"": 0}, ""latency_ms"": {""pose"": 0, ""gesture"": 0}, ""svclat_ms"": {""pose"": 0.0, ""gesture"": 0.0}}, ""a9"": {""services"": [""pose"", ""gesture""], ""fps"": {""pose"": 0, ""gesture"": 0}, ""eff_fps"": {""pose"": 0, ""gesture"": 0}, ""latency_ms"": {""pose"": 0, ""gesture"": 0}, ""svclat_ms"": {""pose"": 0.0, ""gesture"": 0.0}}}"
42.5,4,3,0.75,0,0,4,4,4,1.0,396.0,159.0,0.402,0.0,1.33,0.0,23.0,30.0,0,23.0,30.0,0,0,0,0,22.52,15.08,0,159,"{""ip-172-31-0-204"": ""healthy"", ""ip-172-31-1-171"": ""healthy"", ""ip-172-31-10-12"": ""healthy"", ""ip-172-31-11-132"": ""healthy"", ""ip-172-31-13-134"": ""healthy"", ""ip-172-31-14-68"": ""healthy"", ""ip-172-31-40-239"": ""healthy""}",subscribe,9.3,0.8833,0,0,"{""ip-172-31-0-204"": {""pose"": 1, ""gesture"": 1}, ""ip-172-31-1-171"": {""gesture"": 1}, ""ip-172-31-10-12"": {""gesture"": 1}}","{""a1"": {""services"": [""pose"", ""gesture""], ""fps"": {""pose"": 23, ""gesture"": 30}, ""eff_fps"": {""pose"": 23, ""gesture"": 30}, ""latency_ms"": {""pose"": 0, ""gesture"": 0}, ""svclat_ms"": {""pose"": 21.57, ""gesture"": 16.3}}, ""a2"": {""services"": [""pose"", ""gesture""], ""fps"": {""pose"": 23, ""gesture"": 30}, ""eff_fps"": {""pose"": 23, ""gesture"": 30}, ""latency_ms"": {""pose"": 0, ""gesture"": 0}, ""svclat_ms"": {""pose"": 22.79, ""gesture"": 14.86}}, ""a3"": {""services"": [""pose"", ""gesture""], ""fps"": {""pose"": 23, ""gesture"": 30}, ""eff_fps"": {""pose"": 23, ""gesture"": 30}, ""latency_ms"": {""pose"": 0, ""gesture"": 0}, ""svclat_ms"": {""pose"": 23.19, ""gesture"": 14.09}}, ""a4"": {""services"": [""pose"", ""gesture""], ""fps"": {""pose"": 0, ""gesture"": 0}, ""eff_fps"": {""pose"": 0, ""gesture"": 0}, ""latency_ms"": {""pose"": 0, ""gesture"": 0}, ""svclat_ms"": {""pose"": 0.0, ""gesture"": 0.0}}, ""a5"": {""services"": [""pose"", ""gesture""], ""fps"": {""pose"": 0, ""gesture"": 0}, ""eff_fps"": {""pose"": 0, ""gesture"": 0}, ""latency_ms"": {""pose"": 0, ""gesture"": 0}, ""svclat_ms"": {""pose"": 0.0, ""gesture"": 0.0}}, ""a6"": {""services"": [""pose"", ""gesture""], ""fps"": {""pose"": 0, ""gesture"": 0}, ""eff_fps"": {""pose"": 0, ""gesture"": 0}, ""latency_ms"": {""pose"": 0, ""gesture"": 0}, ""svclat_ms"": {""pose"": 0.0, ""gesture"": 0.0}}, ""a7"": {""services"": [""pose"", ""gesture""], ""fps"": {""pose"": 0, ""gesture"": 0}, ""eff_fps"": {""pose"": 0, ""gesture"": 0}, ""latency_ms"": {""pose"": 0, ""gesture"": 0}, ""svclat_ms"": {""pose"": 0.0, ""gesture"": 0.0}}, ""a8"": {""services"": [""pose"", ""gesture""], ""fps"": {""pose"": 0, ""gesture"": 0}, ""eff_fps"": {""pose"": 0, ""gesture"": 0}, ""latency_ms"": {""pose"": 0, ""gesture"": 0}, ""svclat_ms"": {""pose"": 0.0, ""gesture"": 0.0}}, ""a9"": {""services"": [""pose"", ""gesture""], ""fps"": {""pose"": 0, ""gesture"": 0}, ""eff_fps"": {""pose"": 0, ""gesture"": 0}, ""latency_ms"": {""pose"": 0, ""gesture"": 0}, ""svclat_ms"": {""pose"": 0.0, ""gesture"": 0.0}}}"
45.6,4,3,0.75,0,0,4,4,4,1.0,396.0,159.0,0.402,0.0,1.33,0.0,17.0,30.25,0,17.0,30.25,0,0,0,0,28.62,15.2,0,189,"{""ip-172-31-0-204"": ""healthy"", ""ip-172-31-1-171"": ""healthy"", ""ip-172-31-10-12"": ""healthy"", ""ip-172-31-11-132"": ""healthy"", ""ip-172-31-13-134"": ""healthy"", ""ip-172-31-14-68"": ""healthy"", ""ip-172-31-40-239"": ""healthy""}",subscribe,9.3,0.8833,0,0,"{""ip-172-31-0-204"": {""pose"": 1, ""gesture"": 1}, ""ip-172-31-1-171"": {""gesture"": 1}, ""ip-172-31-10-12"": {""gesture"": 1}}","{""a1"": {""services"": [""pose"", ""gesture""], ""fps"": {""pose"": 17, ""gesture"": 30}, ""eff_fps"": {""pose"": 17, ""gesture"": 30}, ""latency_ms"": {""pose"": 0, ""gesture"": 0}, ""svclat_ms"": {""pose"": 21.75, ""gesture"": 15.43}}, ""a2"": {""services"": [""pose"", ""gesture""], ""fps"": {""pose"": 17, ""gesture"": 30}, ""eff_fps"": {""pose"": 17, ""gesture"": 30}, ""latency_ms"": {""pose"": 0, ""gesture"": 0}, ""svclat_ms"": {""pose"": 31.65, ""gesture"": 14.69}}, ""a3"": {""services"": [""pose"", ""gesture""], ""fps"": {""pose"": 17, ""gesture"": 30}, ""eff_fps"": {""pose"": 17, ""gesture"": 30}, ""latency_ms"": {""pose"": 0, ""gesture"": 0}, ""svclat_ms"": {""pose"": 33.8, ""gesture"": 14.04}}, ""a4"": {""services"": [""pose"", ""gesture""], ""fps"": {""pose"": 17, ""gesture"": 31}, ""eff_fps"": {""pose"": 17, ""gesture"": 31}, ""latency_ms"": {""pose"": 0, ""gesture"": 0}, ""svclat_ms"": {""pose"": 27.29, ""gesture"": 16.64}}, ""a5"": {""services"": [""pose"", ""gesture""], ""fps"": {""pose"": 0, ""gesture"": 0}, ""eff_fps"": {""pose"": 0, ""gesture"": 0}, ""latency_ms"": {""pose"": 0, ""gesture"": 0}, ""svclat_ms"": {""pose"": 0.0, ""gesture"": 0.0}}, ""a6"": {""services"": [""pose"", ""gesture""], ""fps"": {""pose"": 0, ""gesture"": 0}, ""eff_fps"": {""pose"": 0, ""gesture"": 0}, ""latency_ms"": {""pose"": 0, ""gesture"": 0}, ""svclat_ms"": {""pose"": 0.0, ""gesture"": 0.0}}, ""a7"": {""services"": [""pose"", ""gesture""], ""fps"": {""pose"": 0, ""gesture"": 0}, ""eff_fps"": {""pose"": 0, ""gesture"": 0}, ""latency_ms"": {""pose"": 0, ""gesture"": 0}, ""svclat_ms"": {""pose"": 0.0, ""gesture"": 0.0}}, ""a8"": {""services"": [""pose"", ""gesture""], ""fps"": {""pose"": 0, ""gesture"": 0}, ""eff_fps"": {""pose"": 0, ""gesture"": 0}, ""latency_ms"": {""pose"": 0, ""gesture"": 0}, ""svclat_ms"": {""pose"": 0.0, ""gesture"": 0.0}}, ""a9"": {""services"": [""pose"", ""gesture""], ""fps"": {""pose"": 0, ""gesture"": 0}, ""eff_fps"": {""pose"": 0, ""gesture"": 0}, ""latency_ms"": {""pose"": 0, ""gesture"": 0}, ""svclat_ms"": {""pose"": 0.0, ""gesture"": 0.0}}, ""a10"": {""services"": [""pose"", ""gesture""], ""fps"": {""pose"": 0, ""gesture"": 0}, ""eff_fps"": {""pose"": 0, ""gesture"": 0}, ""latency_ms"": {""pose"": 0, ""gesture"": 0}, ""svclat_ms"": {""pose"": 0.0, ""gesture"": 0.0}}}"
47.9,5,4,0.8,1,0,5,5,5,1.0,509.0,189.0,0.371,0.0,1.25,0.0,17.0,30.0,0,16.25,30.0,0,0,0,0,32.27,14.98,0,188,"{""ip-172-31-0-204"": ""healthy"", ""ip-172-31-1-171"": ""healthy"", ""ip-172-31-10-12"": ""healthy"", ""ip-172-31-11-132"": ""healthy"", ""ip-172-31-13-134"": ""healthy"", ""ip-172-31-14-68"": ""healthy"", ""ip-172-31-40-239"": ""healthy""}",subscribe,8.7,0.7875,0,0,"{""ip-172-31-0-204"": {""pose"": 1, ""gesture"": 1}, ""ip-172-31-1-171"": {""gesture"": 1}, ""ip-172-31-10-12"": {""gesture"": 1}, ""ip-172-31-11-132"": {""gesture"": 1}}","{""a1"": {""services"": [""pose"", ""gesture""], ""fps"": {""pose"": 17, ""gesture"": 30}, ""eff_fps"": {""pose"": 17, ""gesture"": 30}, ""latency_ms"": {""pose"": 0, ""gesture"": 0}, ""svclat_ms"": {""pose"": 31.02, ""gesture"": 16.52}}, ""a2"": {""services"": [""pose"", ""gesture""], ""fps"": {""pose"": 17, ""gesture"": 30}, ""eff_fps"": {""pose"": 16, ""gesture"": 30}, ""latency_ms"": {""pose"": 0, ""gesture"": 0}, ""svclat_ms"": {""pose"": 32.26, ""gesture"": 14.61}}, ""a3"": {""services"": [""pose"", ""gesture""], ""fps"": {""pose"": 17, ""gesture"": 30}, ""eff_fps"": {""pose"": 16, ""gesture"": 30}, ""latency_ms"": {""pose"": 0, ""gesture"": 0}, ""svclat_ms"": {""pose"": 33.32, ""gesture"": 14.05}}, ""a4"": {""services"": [""pose"", ""gesture""], ""fps"": {""pose"": 17, ""gesture"": 30}, ""eff_fps"": {""pose"": 16, ""gesture"": 30}, ""latency_ms"": {""pose"": 0, ""gesture"": 0}, ""svclat_ms"": {""pose"": 32.48, ""gesture"": 14.73}}, ""a5"": {""services"": [""pose"", ""gesture""], ""fps"": {""pose"": 0, ""gesture"": 0}, ""eff_fps"": {""pose"": 0, ""gesture"": 0}, ""latency_ms"": {""pose"": 0, ""gesture"": 0}, ""svclat_ms"": {""pose"": 0.0, ""gesture"": 0.0}}, ""a6"": {""services"": [""pose"", ""gesture""], ""fps"": {""pose"": 0, ""gesture"": 0}, ""eff_fps"": {""pose"": 0, ""gesture"": 0}, ""latency_ms"": {""pose"": 0, ""gesture"": 0}, ""svclat_ms"": {""pose"": 0.0, ""gesture"": 0.0}}, ""a7"": {""services"": [""pose"", ""gesture""], ""fps"": {""pose"": 0, ""gesture"": 0}, ""eff_fps"": {""pose"": 0, ""gesture"": 0}, ""latency_ms"": {""pose"": 0, ""gesture"": 0}, ""svclat_ms"": {""pose"": 0.0, ""gesture"": 0.0}}, ""a8"": {""services"": [""pose"", ""gesture""], ""fps"": {""pose"": 0, ""gesture"": 0}, ""eff_fps"": {""pose"": 0, ""gesture"": 0}, ""latency_ms"": {""pose"": 0, ""gesture"": 0}, ""svclat_ms"": {""pose"": 0.0, ""gesture"": 0.0}}, ""a9"": {""services"": [""pose"", ""gesture""], ""fps"": {""pose"": 0, ""gesture"": 0}, ""eff_fps"": {""pose"": 0, ""gesture"": 0}, ""latency_ms"": {""pose"": 0, ""gesture"": 0}, ""svclat_ms"": {""pose"": 0.0, ""gesture"": 0.0}}, ""a10"": {""services"": [""pose"", ""gesture""], ""fps"": {""pose"": 0, ""gesture"": 0}, ""eff_fps"": {""pose"": 0, ""gesture"": 0}, ""latency_ms"": {""pose"": 0, ""gesture"": 0}, ""svclat_ms"": {""pose"": 0.0, ""gesture"": 0.0}}}"
50.2,5,4,0.8,0,0,5,5,5,1.0,509.0,189.0,0.371,0.0,1.25,0.0,17.5,30.0,0,17.5,30.0,0,0,0,0,23.71,15.02,0,190,"{""ip-172-31-0-204"": ""healthy"", ""ip-172-31-1-171"": ""healthy"", ""ip-172-31-10-12"": ""healthy"", ""ip-172-31-11-132"": ""healthy"", ""ip-172-31-13-134"": ""healthy"", ""ip-172-31-14-68"": ""healthy"", ""ip-172-31-40-239"": ""healthy""}",subscribe,8.7,0.7875,0,0,"{""ip-172-31-0-204"": {""pose"": 1, ""gesture"": 1}, ""ip-172-31-1-171"": {""gesture"": 1}, ""ip-172-31-10-12"": {""gesture"": 1}, ""ip-172-31-11-132"": {""gesture"": 1}}","{""a1"": {""services"": [""pose"", ""gesture""], ""fps"": {""pose"": 17, ""gesture"": 30}, ""eff_fps"": {""pose"": 17, ""gesture"": 30}, ""latency_ms"": {""pose"": 0, ""gesture"": 0}, ""svclat_ms"": {""pose"": 23.76, ""gesture"": 16.44}}, ""a2"": {""services"": [""pose"", ""gesture""], ""fps"": {""pose"": 18, ""gesture"": 30}, ""eff_fps"": {""pose"": 18, ""gesture"": 30}, ""latency_ms"": {""pose"": 0, ""gesture"": 0}, ""svclat_ms"": {""pose"": 22.2, ""gesture"": 14.84}}, ""a3"": {""services"": [""pose"", ""gesture""], ""fps"": {""pose"": 18, ""gesture"": 30}, ""eff_fps"": {""pose"": 18, ""gesture"": 30}, ""latency_ms"": {""pose"": 0, ""gesture"": 0}, ""svclat_ms"": {""pose"": 24.27, ""gesture"": 14.13}}, ""a4"": {""services"": [""pose"", ""gesture""], ""fps"": {""pose"": 17, ""gesture"": 30}, ""eff_fps"": {""pose"": 17, ""gesture"": 30}, ""latency_ms"": {""pose"": 0, ""gesture"": 0}, ""svclat_ms"": {""pose"": 24.59, ""gesture"": 14.65}}, ""a5"": {""services"": [""pose"", ""gesture""], ""fps"": {""pose"": 0, ""gesture"": 0}, ""eff_fps"": {""pose"": 0, ""gesture"": 0}, ""latency_ms"": {""pose"": 0, ""gesture"": 0}, ""svclat_ms"": {""pose"": 0.0, ""gesture"": 0.0}}, ""a6"": {""services"": [""pose"", ""gesture""], ""fps"": {""pose"": 0, ""gesture"": 0}, ""eff_fps"": {""pose"": 0, ""gesture"": 0}, ""latency_ms"": {""pose"": 0, ""gesture"": 0}, ""svclat_ms"": {""pose"": 0.0, ""gesture"": 0.0}}, ""a7"": {""services"": [""pose"", ""gesture""], ""fps"": {""pose"": 0, ""gesture"": 0}, ""eff_fps"": {""pose"": 0, ""gesture"": 0}, ""latency_ms"": {""pose"": 0, ""gesture"": 0}, ""svclat_ms"": {""pose"": 0.0, ""gesture"": 0.0}}, ""a8"": {""services"": [""pose"", ""gesture""], ""fps"": {""pose"": 0, ""gesture"": 0}, ""eff_fps"": {""pose"": 0, ""gesture"": 0}, ""latency_ms"": {""pose"": 0, ""gesture"": 0}, ""svclat_ms"": {""pose"": 0.0, ""gesture"": 0.0}}, ""a9"": {""services"": [""pose"", ""gesture""], ""fps"": {""pose"": 0, ""gesture"": 0}, ""eff_fps"": {""pose"": 0, ""gesture"": 0}, ""latency_ms"": {""pose"": 0, ""gesture"": 0}, ""svclat_ms"": {""pose"": 0.0, ""gesture"": 0.0}}, ""a10"": {""services"": [""pose"", ""gesture""], ""fps"": {""pose"": 0, ""gesture"": 0}, ""eff_fps"": {""pose"": 0, ""gesture"": 0}, ""latency_ms"": {""pose"": 0, ""gesture"": 0}, ""svclat_ms"": {""pose"": 0.0, ""gesture"": 0.0}}, ""a11"": {""services"": [""pose"", ""gesture""], ""fps"": {""pose"": 0, ""gesture"": 0}, ""eff_fps"": {""pose"": 0, ""gesture"": 0}, ""latency_ms"": {""pose"": 0, ""gesture"": 0}, ""svclat_ms"": {""pose"": 0.0, ""gesture"": 0.0}}}"
52.5,5,4,0.8,0,0,5,5,5,1.0,509.0,189.0,0.371,0.0,1.25,0.0,17.0,30.0,0,17.0,30.0,0,0,0,0,23.33,15.05,0,188,"{""ip-172-31-0-204"": ""healthy"", ""ip-172-31-1-171"": ""healthy"", ""ip-172-31-10-12"": ""healthy"", ""ip-172-31-11-132"": ""healthy"", ""ip-172-31-13-134"": ""healthy"", ""ip-172-31-14-68"": ""healthy"", ""ip-172-31-40-239"": ""healthy""}",subscribe,8.7,0.7875,0,0,"{""ip-172-31-0-204"": {""pose"": 1, ""gesture"": 1}, ""ip-172-31-1-171"": {""gesture"": 1}, ""ip-172-31-10-12"": {""gesture"": 1}, ""ip-172-31-11-132"": {""gesture"": 1}}","{""a1"": {""services"": [""pose"", ""gesture""], ""fps"": {""pose"": 17, ""gesture"": 30}, ""eff_fps"": {""pose"": 17, ""gesture"": 30}, ""latency_ms"": {""pose"": 0, ""gesture"": 0}, ""svclat_ms"": {""pose"": 22.87, ""gesture"": 16.21}}, ""a2"": {""services"": [""pose"", ""gesture""], ""fps"": {""pose"": 17, ""gesture"": 30}, ""eff_fps"": {""pose"": 17, ""gesture"": 30}, ""latency_ms"": {""pose"": 0, ""gesture"": 0}, ""svclat_ms"": {""pose"": 21.56, ""gesture"": 14.68}}, ""a3"": {""services"": [""pose"", ""gesture""], ""fps"": {""pose"": 17, ""gesture"": 30}, ""eff_fps"": {""pose"": 17, ""gesture"": 30}, ""latency_ms"": {""pose"": 0, ""gesture"": 0}, ""svclat_ms"": {""pose"": 24.34, ""gesture"": 14.26}}, ""a4"": {""services"": [""pose"", ""gesture""], ""fps"": {""pose"": 17, ""gesture"": 30}, ""eff_fps"": {""pose"": 17, ""gesture"": 30}, ""latency_ms"": {""pose"": 0, ""gesture"": 0}, ""svclat_ms"": {""pose"": 24.54, ""gesture"": 15.06}}, ""a5"": {""services"": [""pose"", ""gesture""], ""fps"": {""pose"": 0, ""gesture"": 0}, ""eff_fps"": {""pose"": 0, ""gesture"": 0}, ""latency_ms"": {""pose"": 0, ""gesture"": 0}, ""svclat_ms"": {""pose"": 0.0, ""gesture"": 0.0}}, ""a6"": {""services"": [""pose"", ""gesture""], ""fps"": {""pose"": 0, ""gesture"": 0}, ""eff_fps"": {""pose"": 0, ""gesture"": 0}, ""latency_ms"": {""pose"": 0, ""gesture"": 0}, ""svclat_ms"": {""pose"": 0.0, ""gesture"": 0.0}}, ""a7"": {""services"": [""pose"", ""gesture""], ""fps"": {""pose"": 0, ""gesture"": 0}, ""eff_fps"": {""pose"": 0, ""gesture"": 0}, ""latency_ms"": {""pose"": 0, ""gesture"": 0}, ""svclat_ms"": {""pose"": 0.0, ""gesture"": 0.0}}, ""a8"": {""services"": [""pose"", ""gesture""], ""fps"": {""pose"": 0, ""gesture"": 0}, ""eff_fps"": {""pose"": 0, ""gesture"": 0}, ""latency_ms"": {""pose"": 0, ""gesture"": 0}, ""svclat_ms"": {""pose"": 0.0, ""gesture"": 0.0}}, ""a9"": {""services"": [""pose"", ""gesture""], ""fps"": {""pose"": 0, ""gesture"": 0}, ""eff_fps"": {""pose"": 0, ""gesture"": 0}, ""latency_ms"": {""pose"": 0, ""gesture"": 0}, ""svclat_ms"": {""pose"": 0.0, ""gesture"": 0.0}}, ""a10"": {""services"": [""pose"", ""gesture""], ""fps"": {""pose"": 0, ""gesture"": 0}, ""eff_fps"": {""pose"": 0, ""gesture"": 0}, ""latency_ms"": {""pose"": 0, ""gesture"": 0}, ""svclat_ms"": {""pose"": 0.0, ""gesture"": 0.0}}, ""a11"": {""services"": [""pose"", ""gesture""], ""fps"": {""pose"": 0, ""gesture"": 0}, ""eff_fps"": {""pose"": 0, ""gesture"": 0}, ""latency_ms"": {""pose"": 0, ""gesture"": 0}, ""svclat_ms"": {""pose"": 0.0, ""gesture"": 0.0}}}"
54.9,5,4,0.8,0,0,5,5,5,1.0,509.0,189.0,0.371,0.0,1.25,0.0,17.25,30.0,0,17.25,30.0,0,0,0,0,23.11,15.06,0,189,"{""ip-172-31-0-204"": ""healthy"", ""ip-172-31-1-171"": ""healthy"", ""ip-172-31-10-12"": ""healthy"", ""ip-172-31-11-132"": ""healthy"", ""ip-172-31-13-134"": ""healthy"", ""ip-172-31-14-68"": ""healthy"", ""ip-172-31-40-239"": ""healthy""}",subscribe,8.7,0.7875,0,0,"{""ip-172-31-0-204"": {""pose"": 1, ""gesture"": 1}, ""ip-172-31-1-171"": {""gesture"": 1}, ""ip-172-31-10-12"": {""gesture"": 1}, ""ip-172-31-11-132"": {""gesture"": 1}}","{""a1"": {""services"": [""pose"", ""gesture""], ""fps"": {""pose"": 17, ""gesture"": 30}, ""eff_fps"": {""pose"": 17, ""gesture"": 30}, ""latency_ms"": {""pose"": 0, ""gesture"": 0}, ""svclat_ms"": {""pose"": 22.45, ""gesture"": 16.09}}, ""a2"": {""services"": [""pose"", ""gesture""], ""fps"": {""pose"": 18, ""gesture"": 30}, ""eff_fps"": {""pose"": 18, ""gesture"": 30}, ""latency_ms"": {""pose"": 0, ""gesture"": 0}, ""svclat_ms"": {""pose"": 21.44, ""gesture"": 15.0}}, ""a3"": {""services"": [""pose"", ""gesture""], ""fps"": {""pose"": 17, ""gesture"": 30}, ""eff_fps"": {""pose"": 17, ""gesture"": 30}, ""latency_ms"": {""pose"": 0, ""gesture"": 0}, ""svclat_ms"": {""pose"": 24.33, ""gesture"": 14.26}}, ""a4"": {""services"": [""pose"", ""gesture""], ""fps"": {""pose"": 17, ""gesture"": 30}, ""eff_fps"": {""pose"": 17, ""gesture"": 30}, ""latency_ms"": {""pose"": 0, ""gesture"": 0}, ""svclat_ms"": {""pose"": 24.23, ""gesture"": 14.9}}, ""a5"": {""services"": [""pose"", ""gesture""], ""fps"": {""pose"": 0, ""gesture"": 0}, ""eff_fps"": {""pose"": 0, ""gesture"": 0}, ""latency_ms"": {""pose"": 0, ""gesture"": 0}, ""svclat_ms"": {""pose"": 0.0, ""gesture"": 0.0}}, ""a6"": {""services"": [""pose"", ""gesture""], ""fps"": {""pose"": 0, ""gesture"": 0}, ""eff_fps"": {""pose"": 0, ""gesture"": 0}, ""latency_ms"": {""pose"": 0, ""gesture"": 0}, ""svclat_ms"": {""pose"": 0.0, ""gesture"": 0.0}}, ""a7"": {""services"": [""pose"", ""gesture""], ""fps"": {""pose"": 0, ""gesture"": 0}, ""eff_fps"": {""pose"": 0, ""gesture"": 0}, ""latency_ms"": {""pose"": 0, ""gesture"": 0}, ""svclat_ms"": {""pose"": 0.0, ""gesture"": 0.0}}, ""a8"": {""services"": [""pose"", ""gesture""], ""fps"": {""pose"": 0, ""gesture"": 0}, ""eff_fps"": {""pose"": 0, ""gesture"": 0}, ""latency_ms"": {""pose"": 0, ""gesture"": 0}, ""svclat_ms"": {""pose"": 0.0, ""gesture"": 0.0}}, ""a9"": {""services"": [""pose"", ""gesture""], ""fps"": {""pose"": 0, ""gesture"": 0}, ""eff_fps"": {""pose"": 0, ""gesture"": 0}, ""latency_ms"": {""pose"": 0, ""gesture"": 0}, ""svclat_ms"": {""pose"": 0.0, ""gesture"": 0.0}}, ""a10"": {""services"": [""pose"", ""gesture""], ""fps"": {""pose"": 0, ""gesture"": 0}, ""eff_fps"": {""pose"": 0, ""gesture"": 0}, ""latency_ms"": {""pose"": 0, ""gesture"": 0}, ""svclat_ms"": {""pose"": 0.0, ""gesture"": 0.0}}, ""a11"": {""services"": [""pose"", ""gesture""], ""fps"": {""pose"": 0, ""gesture"": 0}, ""eff_fps"": {""pose"": 0, ""gesture"": 0}, ""latency_ms"": {""pose"": 0, ""gesture"": 0}, ""svclat_ms"": {""pose"": 0.0, ""gesture"": 0.0}}}"
57.2,5,4,0.8,0,0,5,5,5,1.0,509.0,189.0,0.371,0.0,1.25,0.0,17.25,30.0,0,17.25,30.0,0,0,0,0,23.65,15.02,0,189,"{""ip-172-31-0-204"": ""healthy"", ""ip-172-31-1-171"": ""healthy"", ""ip-172-31-10-12"": ""healthy"", ""ip-172-31-11-132"": ""healthy"", ""ip-172-31-13-134"": ""healthy"", ""ip-172-31-14-68"": ""healthy"", ""ip-172-31-40-239"": ""healthy""}",subscribe,8.7,0.7875,0,0,"{""ip-172-31-0-204"": {""pose"": 1, ""gesture"": 1}, ""ip-172-31-1-171"": {""gesture"": 1}, ""ip-172-31-10-12"": {""gesture"": 1}, ""ip-172-31-11-132"": {""gesture"": 1}}","{""a1"": {""services"": [""pose"", ""gesture""], ""fps"": {""pose"": 17, ""gesture"": 30}, ""eff_fps"": {""pose"": 17, ""gesture"": 30}, ""latency_ms"": {""pose"": 0, ""gesture"": 0}, ""svclat_ms"": {""pose"": 22.92, ""gesture"": 16.29}}, ""a2"": {""services"": [""pose"", ""gesture""], ""fps"": {""pose"": 17, ""gesture"": 30}, ""eff_fps"": {""pose"": 17, ""gesture"": 30}, ""latency_ms"": {""pose"": 0, ""gesture"": 0}, ""svclat_ms"": {""pose"": 22.03, ""gesture"": 14.78}}, ""a3"": {""services"": [""pose"", ""gesture""], ""fps"": {""pose"": 17, ""gesture"": 30}, ""eff_fps"": {""pose"": 17, ""gesture"": 30}, ""latency_ms"": {""pose"": 0, ""gesture"": 0}, ""svclat_ms"": {""pose"": 24.98, ""gesture"": 14.25}}, ""a4"": {""services"": [""pose"", ""gesture""], ""fps"": {""pose"": 18, ""gesture"": 30}, ""eff_fps"": {""pose"": 18, ""gesture"": 30}, ""latency_ms"": {""pose"": 0, ""gesture"": 0}, ""svclat_ms"": {""pose"": 24.65, ""gesture"": 14.75}}, ""a5"": {""services"": [""pose"", ""gesture""], ""fps"": {""pose"": 0, ""gesture"": 0}, ""eff_fps"": {""pose"": 0, ""gesture"": 0}, ""latency_ms"": {""pose"": 0, ""gesture"": 0}, ""svclat_ms"": {""pose"": 0.0, ""gesture"": 0.0}}, ""a6"": {""services"": [""pose"", ""gesture""], ""fps"": {""pose"": 0, ""gesture"": 0}, ""eff_fps"": {""pose"": 0, ""gesture"": 0}, ""latency_ms"": {""pose"": 0, ""gesture"": 0}, ""svclat_ms"": {""pose"": 0.0, ""gesture"": 0.0}}, ""a7"": {""services"": [""pose"", ""gesture""], ""fps"": {""pose"": 0, ""gesture"": 0}, ""eff_fps"": {""pose"": 0, ""gesture"": 0}, ""latency_ms"": {""pose"": 0, ""gesture"": 0}, ""svclat_ms"": {""pose"": 0.0, ""gesture"": 0.0}}, ""a8"": {""services"": [""pose"", ""gesture""], ""fps"": {""pose"": 0, ""gesture"": 0}, ""eff_fps"": {""pose"": 0, ""gesture"": 0}, ""latency_ms"": {""pose"": 0, ""gesture"": 0}, ""svclat_ms"": {""pose"": 0.0, ""gesture"": 0.0}}, ""a9"": {""services"": [""pose"", ""gesture""], ""fps"": {""pose"": 0, ""gesture"": 0}, ""eff_fps"": {""pose"": 0, ""gesture"": 0}, ""latency_ms"": {""pose"": 0, ""gesture"": 0}, ""svclat_ms"": {""pose"": 0.0, ""gesture"": 0.0}}, ""a10"": {""services"": [""pose"", ""gesture""], ""fps"": {""pose"": 0, ""gesture"": 0}, ""eff_fps"": {""pose"": 0, ""gesture"": 0}, ""latency_ms"": {""pose"": 0, ""gesture"": 0}, ""svclat_ms"": {""pose"": 0.0, ""gesture"": 0.0}}, ""a11"": {""services"": [""pose"", ""gesture""], ""fps"": {""pose"": 0, ""gesture"": 0}, ""eff_fps"": {""pose"": 0, ""gesture"": 0}, ""latency_ms"": {""pose"": 0, ""gesture"": 0}, ""svclat_ms"": {""pose"": 0.0, ""gesture"": 0.0}}, ""a12"": {""services"": [""pose"", ""gesture""], ""fps"": {""pose"": 0, ""gesture"": 0}, ""eff_fps"": {""pose"": 0, ""gesture"": 0}, ""latency_ms"": {""pose"": 0, ""gesture"": 0}, ""svclat_ms"": {""pose"": 0.0, ""gesture"": 0.0}}}"
60.8,6,5,0.833,1,0,6,6,6,1.0,622.0,219.0,0.352,0.0,1.2,0.0,14.0,30.0,0,14.0,30.0,0,0,0,0,23.21,14.71,0,176,"{""ip-172-31-0-204"": ""healthy"", ""ip-172-31-1-171"": ""healthy"", ""ip-172-31-10-12"": ""healthy"", ""ip-172-31-11-132"": ""healthy"", ""ip-172-31-13-134"": ""healthy"", ""ip-172-31-14-68"": ""healthy"", ""ip-172-31-40-239"": ""healthy""}",subscribe,9.2,0.73,0,0,"{""ip-172-31-0-204"": {""pose"": 1, ""gesture"": 1}, ""ip-172-31-1-171"": {""gesture"": 1}, ""ip-172-31-10-12"": {""gesture"": 1}, ""ip-172-31-11-132"": {""gesture"": 1}, ""ip-172-31-13-134"": {""gesture"": 1}}","{""a1"": {""services"": [""pose"", ""gesture""], ""fps"": {""pose"": 14, ""gesture"": 30}, ""eff_fps"": {""pose"": 14, ""gesture"": 30}, ""latency_ms"": {""pose"": 0, ""gesture"": 0}, ""svclat_ms"": {""pose"": 22.85, ""gesture"": 15.31}}, ""a2"": {""services"": [""pose"", ""gesture""], ""fps"": {""pose"": 14, ""gesture"": 30}, ""eff_fps"": {""pose"": 14, ""gesture"": 30}, ""latency_ms"": {""pose"": 0, ""gesture"": 0}, ""svclat_ms"": {""pose"": 22.11, ""gesture"": 14.73}}, ""a3"": {""services"": [""pose"", ""gesture""], ""fps"": {""pose"": 14, ""gesture"": 30}, ""eff_fps"": {""pose"": 14, ""gesture"": 30}, ""latency_ms"": {""pose"": 0, ""gesture"": 0}, ""svclat_ms"": {""pose"": 23.89, ""gesture"": 14.03}}, ""a4"": {""services"": [""pose"", ""gesture""], ""fps"": {""pose"": 14, ""gesture"": 30}, ""eff_fps"": {""pose"": 14, ""gesture"": 30}, ""latency_ms"": {""pose"": 0, ""gesture"": 0}, ""svclat_ms"": {""pose"": 23.98, ""gesture"": 14.76}}, ""a5"": {""services"": [""pose"", ""gesture""], ""fps"": {""pose"": 0, ""gesture"": 0}, ""eff_fps"": {""pose"": 0, ""gesture"": 0}, ""latency_ms"": {""pose"": 0, ""gesture"": 0}, ""svclat_ms"": {""pose"": 0.0, ""gesture"": 0.0}}, ""a6"": {""services"": [""pose"", ""gesture""], ""fps"": {""pose"": 0, ""gesture"": 0}, ""eff_fps"": {""pose"": 0, ""gesture"": 0}, ""latency_ms"": {""pose"": 0, ""gesture"": 0}, ""svclat_ms"": {""pose"": 0.0, ""gesture"": 0.0}}, ""a7"": {""services"": [""pose"", ""gesture""], ""fps"": {""pose"": 0, ""gesture"": 0}, ""eff_fps"": {""pose"": 0, ""gesture"": 0}, ""latency_ms"": {""pose"": 0, ""gesture"": 0}, ""svclat_ms"": {""pose"": 0.0, ""gesture"": 0.0}}, ""a8"": {""services"": [""pose"", ""gesture""], ""fps"": {""pose"": 0, ""gesture"": 0}, ""eff_fps"": {""pose"": 0, ""gesture"": 0}, ""latency_ms"": {""pose"": 0, ""gesture"": 0}, ""svclat_ms"": {""pose"": 0.0, ""gesture"": 0.0}}, ""a9"": {""services"": [""pose"", ""gesture""], ""fps"": {""pose"": 0, ""gesture"": 0}, ""eff_fps"": {""pose"": 0, ""gesture"": 0}, ""latency_ms"": {""pose"": 0, ""gesture"": 0}, ""svclat_ms"": {""pose"": 0.0, ""gesture"": 0.0}}, ""a10"": {""services"": [""pose"", ""gesture""], ""fps"": {""pose"": 0, ""gesture"": 0}, ""eff_fps"": {""pose"": 0, ""gesture"": 0}, ""latency_ms"": {""pose"": 0, ""gesture"": 0}, ""svclat_ms"": {""pose"": 0.0, ""gesture"": 0.0}}, ""a11"": {""services"": [""pose"", ""gesture""], ""fps"": {""pose"": 0, ""gesture"": 0}, ""eff_fps"": {""pose"": 0, ""gesture"": 0}, ""latency_ms"": {""pose"": 0, ""gesture"": 0}, ""svclat_ms"": {""pose"": 0.0, ""gesture"": 0.0}}, ""a12"": {""services"": [""pose"", ""gesture""], ""fps"": {""pose"": 0, ""gesture"": 0}, ""eff_fps"": {""pose"": 0, ""gesture"": 0}, ""latency_ms"": {""pose"": 0, ""gesture"": 0}, ""svclat_ms"": {""pose"": 0.0, ""gesture"": 0.0}}, ""z1"": {""services"": [""gesture"", ""object""], ""fps"": {""gesture"": 0, ""object"": 0}, ""eff_fps"": {""gesture"": 0, ""object"": 0}, ""latency_ms"": {""gesture"": 0, ""object"": 0}, ""svclat_ms"": {""gesture"": 0.0, ""object"": 0.0}}}"
63.2,6,5,0.833,0,0,6,6,6,1.0,622.0,219.0,0.352,0.0,1.2,0.0,13.5,30.0,0,13.5,30.0,0,0,0,0,23.05,15.01,0,174,"{""ip-172-31-0-204"": ""healthy"", ""ip-172-31-1-171"": ""healthy"", ""ip-172-31-10-12"": ""healthy"", ""ip-172-31-11-132"": ""healthy"", ""ip-172-31-13-134"": ""healthy"", ""ip-172-31-14-68"": ""healthy"", ""ip-172-31-40-239"": ""healthy""}",subscribe,9.2,0.73,0,0,"{""ip-172-31-0-204"": {""pose"": 1, ""gesture"": 1}, ""ip-172-31-1-171"": {""gesture"": 1}, ""ip-172-31-10-12"": {""gesture"": 1}, ""ip-172-31-11-132"": {""gesture"": 1}, ""ip-172-31-13-134"": {""gesture"": 1}}","{""a1"": {""services"": [""pose"", ""gesture""], ""fps"": {""pose"": 14, ""gesture"": 30}, ""eff_fps"": {""pose"": 14, ""gesture"": 30}, ""latency_ms"": {""pose"": 0, ""gesture"": 0}, ""svclat_ms"": {""pose"": 22.74, ""gesture"": 15.84}}, ""a2"": {""services"": [""pose"", ""gesture""], ""fps"": {""pose"": 13, ""gesture"": 30}, ""eff_fps"": {""pose"": 13, ""gesture"": 30}, ""latency_ms"": {""pose"": 0, ""gesture"": 0}, ""svclat_ms"": {""pose"": 22.04, ""gesture"": 15.0}}, ""a3"": {""services"": [""pose"", ""gesture""], ""fps"": {""pose"": 14, ""gesture"": 30}, ""eff_fps"": {""pose"": 14, ""gesture"": 30}, ""latency_ms"": {""pose"": 0, ""gesture"": 0}, ""svclat_ms"": {""pose"": 23.37, ""gesture"": 14.16}}, ""a4"": {""services"": [""pose"", ""gesture""], ""fps"": {""pose"": 13, ""gesture"": 30}, ""eff_fps"": {""pose"": 13, ""gesture"": 30}, ""latency_ms"": {""pose"": 0, ""gesture"": 0}, ""svclat_ms"": {""pose"": 24.03, ""gesture"": 15.03}}, ""a5"": {""services"": [""pose"", ""gesture""], ""fps"": {""pose"": 0, ""gesture"": 0}, ""eff_fps"": {""pose"": 0, ""gesture"": 0}, ""latency_ms"": {""pose"": 0, ""gesture"": 0}, ""svclat_ms"": {""pose"": 0.0, ""gesture"": 0.0}}, ""a6"": {""services"": [""pose"", ""gesture""], ""fps"": {""pose"": 0, ""gesture"": 0}, ""eff_fps"": {""pose"": 0, ""gesture"": 0}, ""latency_ms"": {""pose"": 0, ""gesture"": 0}, ""svclat_ms"": {""pose"": 0.0, ""gesture"": 0.0}}, ""a7"": {""services"": [""pose"", ""gesture""], ""fps"": {""pose"": 0, ""gesture"": 0}, ""eff_fps"": {""pose"": 0, ""gesture"": 0}, ""latency_ms"": {""pose"": 0, ""gesture"": 0}, ""svclat_ms"": {""pose"": 0.0, ""gesture"": 0.0}}, ""a8"": {""services"": [""pose"", ""gesture""], ""fps"": {""pose"": 0, ""gesture"": 0}, ""eff_fps"": {""pose"": 0, ""gesture"": 0}, ""latency_ms"": {""pose"": 0, ""gesture"": 0}, ""svclat_ms"": {""pose"": 0.0, ""gesture"": 0.0}}, ""a9"": {""services"": [""pose"", ""gesture""], ""fps"": {""pose"": 0, ""gesture"": 0}, ""eff_fps"": {""pose"": 0, ""gesture"": 0}, ""latency_ms"": {""pose"": 0, ""gesture"": 0}, ""svclat_ms"": {""pose"": 0.0, ""gesture"": 0.0}}, ""a10"": {""services"": [""pose"", ""gesture""], ""fps"": {""pose"": 0, ""gesture"": 0}, ""eff_fps"": {""pose"": 0, ""gesture"": 0}, ""latency_ms"": {""pose"": 0, ""gesture"": 0}, ""svclat_ms"": {""pose"": 0.0, ""gesture"": 0.0}}, ""a11"": {""services"": [""pose"", ""gesture""], ""fps"": {""pose"": 0, ""gesture"": 0}, ""eff_fps"": {""pose"": 0, ""gesture"": 0}, ""latency_ms"": {""pose"": 0, ""gesture"": 0}, ""svclat_ms"": {""pose"": 0.0, ""gesture"": 0.0}}, ""a12"": {""services"": [""pose"", ""gesture""], ""fps"": {""pose"": 0, ""gesture"": 0}, ""eff_fps"": {""pose"": 0, ""gesture"": 0}, ""latency_ms"": {""pose"": 0, ""gesture"": 0}, ""svclat_ms"": {""pose"": 0.0, ""gesture"": 0.0}}, ""z1"": {""services"": [""gesture"", ""object""], ""fps"": {""gesture"": 0, ""object"": 0}, ""eff_fps"": {""gesture"": 0, ""object"": 0}, ""latency_ms"": {""gesture"": 0, ""object"": 0}, ""svclat_ms"": {""gesture"": 0.0, ""object"": 0.0}}}"
65.5,6,5,0.833,0,0,6,6,6,1.0,622.0,219.0,0.352,0.0,1.2,0.0,14.0,30.0,0,14.0,30.0,0,0,0,0,24.08,15.07,0,176,"{""ip-172-31-0-204"": ""healthy"", ""ip-172-31-1-171"": ""healthy"", ""ip-172-31-10-12"": ""healthy"", ""ip-172-31-11-132"": ""healthy"", ""ip-172-31-13-134"": ""healthy"", ""ip-172-31-14-68"": ""healthy"", ""ip-172-31-40-239"": ""healthy""}",subscribe,9.2,0.73,0,0,"{""ip-172-31-0-204"": {""pose"": 1, ""gesture"": 1}, ""ip-172-31-1-171"": {""gesture"": 1}, ""ip-172-31-10-12"": {""gesture"": 1}, ""ip-172-31-11-132"": {""gesture"": 1}, ""ip-172-31-13-134"": {""gesture"": 1}}","{""a1"": {""services"": [""pose"", ""gesture""], ""fps"": {""pose"": 14, ""gesture"": 30}, ""eff_fps"": {""pose"": 14, ""gesture"": 30}, ""latency_ms"": {""pose"": 0, ""gesture"": 0}, ""svclat_ms"": {""pose"": 23.52, ""gesture"": 16.49}}, ""a2"": {""services"": [""pose"", ""gesture""], ""fps"": {""pose"": 14, ""gesture"": 30}, ""eff_fps"": {""pose"": 14, ""gesture"": 30}, ""latency_ms"": {""pose"": 0, ""gesture"": 0}, ""svclat_ms"": {""pose"": 22.78, ""gesture"": 14.76}}, ""a3"": {""services"": [""pose"", ""gesture""], ""fps"": {""pose"": 14, ""gesture"": 30}, ""eff_fps"": {""pose"": 14, ""gesture"": 30}, ""latency_ms"": {""pose"": 0, ""gesture"": 0}, ""svclat_ms"": {""pose"": 25.21, ""gesture"": 14.28}}, ""a4"": {""services"": [""pose"", ""gesture""], ""fps"": {""pose"": 14, ""gesture"": 30}, ""eff_fps"": {""pose"": 14, ""gesture"": 30}, ""latency_ms"": {""pose"": 0, ""gesture"": 0}, ""svclat_ms"": {""pose"": 24.83, ""gesture"": 14.74}}, ""a5"": {""services"": [""pose"", ""gesture""], ""fps"": {""pose"": 0, ""gesture"": 0}, ""eff_fps"": {""pose"": 0, ""gesture"": 0}, ""latency_ms"": {""pose"": 0, ""gesture"": 0}, ""svclat_ms"": {""pose"": 0.0, ""gesture"": 0.0}}, ""a6"": {""services"": [""pose"", ""gesture""], ""fps"": {""pose"": 0, ""gesture"": 0}, ""eff_fps"": {""pose"": 0, ""gesture"": 0}, ""latency_ms"": {""pose"": 0, ""gesture"": 0}, ""svclat_ms"": {""pose"": 0.0, ""gesture"": 0.0}}, ""a7"": {""services"": [""pose"", ""gesture""], ""fps"": {""pose"": 0, ""gesture"": 0}, ""eff_fps"": {""pose"": 0, ""gesture"": 0}, ""latency_ms"": {""pose"": 0, ""gesture"": 0}, ""svclat_ms"": {""pose"": 0.0, ""gesture"": 0.0}}, ""a8"": {""services"": [""pose"", ""gesture""], ""fps"": {""pose"": 0, ""gesture"": 0}, ""eff_fps"": {""pose"": 0, ""gesture"": 0}, ""latency_ms"": {""pose"": 0, ""gesture"": 0}, ""svclat_ms"": {""pose"": 0.0, ""gesture"": 0.0}}, ""a9"": {""services"": [""pose"", ""gesture""], ""fps"": {""pose"": 0, ""gesture"": 0}, ""eff_fps"": {""pose"": 0, ""gesture"": 0}, ""latency_ms"": {""pose"": 0, ""gesture"": 0}, ""svclat_ms"": {""pose"": 0.0, ""gesture"": 0.0}}, ""a10"": {""services"": [""pose"", ""gesture""], ""fps"": {""pose"": 0, ""gesture"": 0}, ""eff_fps"": {""pose"": 0, ""gesture"": 0}, ""latency_ms"": {""pose"": 0, ""gesture"": 0}, ""svclat_ms"": {""pose"": 0.0, ""gesture"": 0.0}}, ""a11"": {""services"": [""pose"", ""gesture""], ""fps"": {""pose"": 0, ""gesture"": 0}, ""eff_fps"": {""pose"": 0, ""gesture"": 0}, ""latency_ms"": {""pose"": 0, ""gesture"": 0}, ""svclat_ms"": {""pose"": 0.0, ""gesture"": 0.0}}, ""a12"": {""services"": [""pose"", ""gesture""], ""fps"": {""pose"": 0, ""gesture"": 0}, ""eff_fps"": {""pose"": 0, ""gesture"": 0}, ""latency_ms"": {""pose"": 0, ""gesture"": 0}, ""svclat_ms"": {""pose"": 0.0, ""gesture"": 0.0}}, ""z1"": {""services"": [""gesture"", ""object""], ""fps"": {""gesture"": 0, ""object"": 0}, ""eff_fps"": {""gesture"": 0, ""object"": 0}, ""latency_ms"": {""gesture"": 0, ""object"": 0}, ""svclat_ms"": {""gesture"": 0.0, ""object"": 0.0}}, ""z2"": {""services"": [""gesture"", ""object""], ""fps"": {""gesture"": 0, ""object"": 0}, ""eff_fps"": {""gesture"": 0, ""object"": 0}, ""latency_ms"": {""gesture"": 0, ""object"": 0}, ""svclat_ms"": {""gesture"": 0.0, ""object"": 0.0}}}"
67.8,6,5,0.833,0,0,6,6,6,1.0,622.0,219.0,0.352,0.0,1.2,0.0,13.5,30.0,0,13.5,30.0,0,0,0,0,24.03,15.1,0,174,"{""ip-172-31-0-204"": ""healthy"", ""ip-172-31-1-171"": ""healthy"", ""ip-172-31-10-12"": ""healthy"", ""ip-172-31-11-132"": ""healthy"", ""ip-172-31-13-134"": ""healthy"", ""ip-172-31-14-68"": ""healthy"", ""ip-172-31-40-239"": ""healthy""}",subscribe,9.2,0.73,0,0,"{""ip-172-31-0-204"": {""pose"": 1, ""gesture"": 1}, ""ip-172-31-1-171"": {""gesture"": 1}, ""ip-172-31-10-12"": {""gesture"": 1}, ""ip-172-31-11-132"": {""gesture"": 1}, ""ip-172-31-13-134"": {""gesture"": 1}}","{""a1"": {""services"": [""pose"", ""gesture""], ""fps"": {""pose"": 13, ""gesture"": 30}, ""eff_fps"": {""pose"": 13, ""gesture"": 30}, ""latency_ms"": {""pose"": 0, ""gesture"": 0}, ""svclat_ms"": {""pose"": 23.61, ""gesture"": 16.45}}, ""a2"": {""services"": [""pose"", ""gesture""], ""fps"": {""pose"": 14, ""gesture"": 30}, ""eff_fps"": {""pose"": 14, ""gesture"": 30}, ""latency_ms"": {""pose"": 0, ""gesture"": 0}, ""svclat_ms"": {""pose"": 22.25, ""gesture"": 14.88}}, ""a3"": {""services"": [""pose"", ""gesture""], ""fps"": {""pose"": 13, ""gesture"": 30}, ""eff_fps"": {""pose"": 13, ""gesture"": 30}, ""latency_ms"": {""pose"": 0, ""gesture"": 0}, ""svclat_ms"": {""pose"": 24.88, ""gesture"": 14.22}}, ""a4"": {""services"": [""pose"", ""gesture""], ""fps"": {""pose"": 14, ""gesture"": 30}, ""eff_fps"": {""pose"": 14, ""gesture"": 30}, ""latency_ms"": {""pose"": 0, ""gesture"": 0}, ""svclat_ms"": {""pose"": 25.37, ""gesture"": 14.86}}, ""a5"": {""services"": [""pose"", ""gesture""], ""fps"": {""pose"": 0, ""gesture"": 0}, ""eff_fps"": {""pose"": 0, ""gesture"": 0}, ""latency_ms"": {""pose"": 0, ""gesture"": 0}, ""svclat_ms"": {""pose"": 0.0, ""gesture"": 0.0}}, ""a6"": {""services"": [""pose"", ""gesture""], ""fps"": {""pose"": 0, ""gesture"": 0}, ""eff_fps"": {""pose"": 0, ""gesture"": 0}, ""latency_ms"": {""pose"": 0, ""gesture"": 0}, ""svclat_ms"": {""pose"": 0.0, ""gesture"": 0.0}}, ""a7"": {""services"": [""pose"", ""gesture""], ""fps"": {""pose"": 0, ""gesture"": 0}, ""eff_fps"": {""pose"": 0, ""gesture"": 0}, ""latency_ms"": {""pose"": 0, ""gesture"": 0}, ""svclat_ms"": {""pose"": 0.0, ""gesture"": 0.0}}, ""a8"": {""services"": [""pose"", ""gesture""], ""fps"": {""pose"": 0, ""gesture"": 0}, ""eff_fps"": {""pose"": 0, ""gesture"": 0}, ""latency_ms"": {""pose"": 0, ""gesture"": 0}, ""svclat_ms"": {""pose"": 0.0, ""gesture"": 0.0}}, ""a9"": {""services"": [""pose"", ""gesture""], ""fps"": {""pose"": 0, ""gesture"": 0}, ""eff_fps"": {""pose"": 0, ""gesture"": 0}, ""latency_ms"": {""pose"": 0, ""gesture"": 0}, ""svclat_ms"": {""pose"": 0.0, ""gesture"": 0.0}}, ""a10"": {""services"": [""pose"", ""gesture""], ""fps"": {""pose"": 0, ""gesture"": 0}, ""eff_fps"": {""pose"": 0, ""gesture"": 0}, ""latency_ms"": {""pose"": 0, ""gesture"": 0}, ""svclat_ms"": {""pose"": 0.0, ""gesture"": 0.0}}, ""a11"": {""services"": [""pose"", ""gesture""], ""fps"": {""pose"": 0, ""gesture"": 0}, ""eff_fps"": {""pose"": 0, ""gesture"": 0}, ""latency_ms"": {""pose"": 0, ""gesture"": 0}, ""svclat_ms"": {""pose"": 0.0, ""gesture"": 0.0}}, ""a12"": {""services"": [""pose"", ""gesture""], ""fps"": {""pose"": 0, ""gesture"": 0}, ""eff_fps"": {""pose"": 0, ""gesture"": 0}, ""latency_ms"": {""pose"": 0, ""gesture"": 0}, ""svclat_ms"": {""pose"": 0.0, ""gesture"": 0.0}}, ""z1"": {""services"": [""gesture"", ""object""], ""fps"": {""gesture"": 0, ""object"": 0}, ""eff_fps"": {""gesture"": 0, ""object"": 0}, ""latency_ms"": {""gesture"": 0, ""object"": 0}, ""svclat_ms"": {""gesture"": 0.0, ""object"": 0.0}}, ""z2"": {""services"": [""gesture"", ""object""], ""fps"": {""gesture"": 0, ""object"": 0}, ""eff_fps"": {""gesture"": 0, ""object"": 0}, ""latency_ms"": {""gesture"": 0, ""object"": 0}, ""svclat_ms"": {""gesture"": 0.0, ""object"": 0.0}}}"
70.1,6,5,0.833,0,0,6,6,6,1.0,622.0,219.0,0.352,0.0,1.2,0.0,14.0,30.0,0,14.0,30.0,0,0,0,0,23.15,14.96,0,176,"{""ip-172-31-0-204"": ""healthy"", ""ip-172-31-1-171"": ""healthy"", ""ip-172-31-10-12"": ""healthy"", ""ip-172-31-11-132"": ""healthy"", ""ip-172-31-13-134"": ""healthy"", ""ip-172-31-14-68"": ""healthy"", ""ip-172-31-40-239"": ""healthy""}",subscribe,9.2,0.73,0,0,"{""ip-172-31-0-204"": {""pose"": 1, ""gesture"": 1}, ""ip-172-31-1-171"": {""gesture"": 1}, ""ip-172-31-10-12"": {""gesture"": 1}, ""ip-172-31-11-132"": {""gesture"": 1}, ""ip-172-31-13-134"": {""gesture"": 1}}","{""a1"": {""services"": [""pose"", ""gesture""], ""fps"": {""pose"": 14, ""gesture"": 30}, ""eff_fps"": {""pose"": 14, ""gesture"": 30}, ""latency_ms"": {""pose"": 0, ""gesture"": 0}, ""svclat_ms"": {""pose"": 22.89, ""gesture"": 16.08}}, ""a2"": {""services"": [""pose"", ""gesture""], ""fps"": {""pose"": 14, ""gesture"": 30}, ""eff_fps"": {""pose"": 14, ""gesture"": 30}, ""latency_ms"": {""pose"": 0, ""gesture"": 0}, ""svclat_ms"": {""pose"": 21.94, ""gesture"": 14.88}}, ""a3"": {""services"": [""pose"", ""gesture""], ""fps"": {""pose"": 14, ""gesture"": 30}, ""eff_fps"": {""pose"": 14, ""gesture"": 30}, ""latency_ms"": {""pose"": 0, ""gesture"": 0}, ""svclat_ms"": {""pose"": 23.85, ""gesture"": 14.05}}, ""a4"": {""services"": [""pose"", ""gesture""], ""fps"": {""pose"": 14, ""gesture"": 30}, ""eff_fps"": {""pose"": 14, ""gesture"": 30}, ""latency_ms"": {""pose"": 0, ""gesture"": 0}, ""svclat_ms"": {""pose"": 23.91, ""gesture"": 14.83}}, ""a5"": {""services"": [""pose"", ""gesture""], ""fps"": {""pose"": 0, ""gesture"": 0}, ""eff_fps"": {""pose"": 0, ""gesture"": 0}, ""latency_ms"": {""pose"": 0, ""gesture"": 0}, ""svclat_ms"": {""pose"": 0.0, ""gesture"": 0.0}}, ""a6"": {""services"": [""pose"", ""gesture""], ""fps"": {""pose"": 0, ""gesture"": 0}, ""eff_fps"": {""pose"": 0, ""gesture"": 0}, ""latency_ms"": {""pose"": 0, ""gesture"": 0}, ""svclat_ms"": {""pose"": 0.0, ""gesture"": 0.0}}, ""a7"": {""services"": [""pose"", ""gesture""], ""fps"": {""pose"": 0, ""gesture"": 0}, ""eff_fps"": {""pose"": 0, ""gesture"": 0}, ""latency_ms"": {""pose"": 0, ""gesture"": 0}, ""svclat_ms"": {""pose"": 0.0, ""gesture"": 0.0}}, ""a8"": {""services"": [""pose"", ""gesture""], ""fps"": {""pose"": 0, ""gesture"": 0}, ""eff_fps"": {""pose"": 0, ""gesture"": 0}, ""latency_ms"": {""pose"": 0, ""gesture"": 0}, ""svclat_ms"": {""pose"": 0.0, ""gesture"": 0.0}}, ""a9"": {""services"": [""pose"", ""gesture""], ""fps"": {""pose"": 0, ""gesture"": 0}, ""eff_fps"": {""pose"": 0, ""gesture"": 0}, ""latency_ms"": {""pose"": 0, ""gesture"": 0}, ""svclat_ms"": {""pose"": 0.0, ""gesture"": 0.0}}, ""a10"": {""services"": [""pose"", ""gesture""], ""fps"": {""pose"": 0, ""gesture"": 0}, ""eff_fps"": {""pose"": 0, ""gesture"": 0}, ""latency_ms"": {""pose"": 0, ""gesture"": 0}, ""svclat_ms"": {""pose"": 0.0, ""gesture"": 0.0}}, ""a11"": {""services"": [""pose"", ""gesture""], ""fps"": {""pose"": 0, ""gesture"": 0}, ""eff_fps"": {""pose"": 0, ""gesture"": 0}, ""latency_ms"": {""pose"": 0, ""gesture"": 0}, ""svclat_ms"": {""pose"": 0.0, ""gesture"": 0.0}}, ""a12"": {""services"": [""pose"", ""gesture""], ""fps"": {""pose"": 0, ""gesture"": 0}, ""eff_fps"": {""pose"": 0, ""gesture"": 0}, ""latency_ms"": {""pose"": 0, ""gesture"": 0}, ""svclat_ms"": {""pose"": 0.0, ""gesture"": 0.0}}, ""z1"": {""services"": [""gesture"", ""object""], ""fps"": {""gesture"": 0, ""object"": 0}, ""eff_fps"": {""gesture"": 0, ""object"": 0}, ""latency_ms"": {""gesture"": 0, ""object"": 0}, ""svclat_ms"": {""gesture"": 0.0, ""object"": 0.0}}, ""z2"": {""services"": [""gesture"", ""object""], ""fps"": {""gesture"": 0, ""object"": 0}, ""eff_fps"": {""gesture"": 0, ""object"": 0}, ""latency_ms"": {""gesture"": 0, ""object"": 0}, ""svclat_ms"": {""gesture"": 0.0, ""object"": 0.0}}, ""z3"": {""services"": [""gesture"", ""object""], ""fps"": {""gesture"": 0, ""object"": 0}, ""eff_fps"": {""gesture"": 0, ""object"": 0}, ""latency_ms"": {""gesture"": 0, ""object"": 0}, ""svclat_ms"": {""gesture"": 0.0, ""object"": 0.0}}}"
73.4,6,5,0.833,0,0,6,6,6,1.0,622.0,219.0,0.352,0.0,1.2,0.0,11.25,30.0,0,11.25,30.0,0,0,0,0,23.24,14.81,0,165,"{""ip-172-31-0-204"": ""healthy"", ""ip-172-31-1-171"": ""healthy"", ""ip-172-31-10-12"": ""healthy"", ""ip-172-31-11-132"": ""healthy"", ""ip-172-31-13-134"": ""healthy"", ""ip-172-31-14-68"": ""healthy"", ""ip-172-31-40-239"": ""healthy""}",subscribe,9.2,0.73,0,0,"{""ip-172-31-0-204"": {""pose"": 1, ""gesture"": 1}, ""ip-172-31-1-171"": {""gesture"": 1}, ""ip-172-31-10-12"": {""gesture"": 1}, ""ip-172-31-11-132"": {""gesture"": 1}, ""ip-172-31-13-134"": {""gesture"": 1}}","{""a1"": {""services"": [""pose"", ""gesture""], ""fps"": {""pose"": 11, ""gesture"": 30}, ""eff_fps"": {""pose"": 11, ""gesture"": 30}, ""latency_ms"": {""pose"": 0, ""gesture"": 0}, ""svclat_ms"": {""pose"": 22.66, ""gesture"": 15.45}}, ""a2"": {""services"": [""pose"", ""gesture""], ""fps"": {""pose"": 11, ""gesture"": 30}, ""eff_fps"": {""pose"": 11, ""gesture"": 30}, ""latency_ms"": {""pose"": 0, ""gesture"": 0}, ""svclat_ms"": {""pose"": 21.24, ""gesture"": 14.89}}, ""a3"": {""services"": [""pose"", ""gesture""], ""fps"": {""pose"": 12, ""gesture"": 30}, ""eff_fps"": {""pose"": 12, ""gesture"": 30}, ""latency_ms"": {""pose"": 0, ""gesture"": 0}, ""svclat_ms"": {""pose"": 25.05, ""gesture"": 14.06}}, ""a4"": {""services"": [""pose"", ""gesture""], ""fps"": {""pose"": 11, ""gesture"": 30}, ""eff_fps"": {""pose"": 11, ""gesture"": 30}, ""latency_ms"": {""pose"": 0, ""gesture"": 0}, ""svclat_ms"": {""pose"": 24.02, ""gesture"": 14.83}}, ""a5"": {""services"": [""pose"", ""gesture""], ""fps"": {""pose"": 0, ""gesture"": 0}, ""eff_fps"": {""pose"": 0, ""gesture"": 0}, ""latency_ms"": {""pose"": 0, ""gesture"": 0}, ""svclat_ms"": {""pose"": 0.0, ""gesture"": 0.0}}, ""a6"": {""services"": [""pose"", ""gesture""], ""fps"": {""pose"": 0, ""gesture"": 0}, ""eff_fps"": {""pose"": 0, ""gesture"": 0}, ""latency_ms"": {""pose"": 0, ""gesture"": 0}, ""svclat_ms"": {""pose"": 0.0, ""gesture"": 0.0}}, ""a7"": {""services"": [""pose"", ""gesture""], ""fps"": {""pose"": 0, ""gesture"": 0}, ""eff_fps"": {""pose"": 0, ""gesture"": 0}, ""latency_ms"": {""pose"": 0, ""gesture"": 0}, ""svclat_ms"": {""pose"": 0.0, ""gesture"": 0.0}}, ""a8"": {""services"": [""pose"", ""gesture""], ""fps"": {""pose"": 0, ""gesture"": 0}, ""eff_fps"": {""pose"": 0, ""gesture"": 0}, ""latency_ms"": {""pose"": 0, ""gesture"": 0}, ""svclat_ms"": {""pose"": 0.0, ""gesture"": 0.0}}, ""a9"": {""services"": [""pose"", ""gesture""], ""fps"": {""pose"": 0, ""gesture"": 0}, ""eff_fps"": {""pose"": 0, ""gesture"": 0}, ""latency_ms"": {""pose"": 0, ""gesture"": 0}, ""svclat_ms"": {""pose"": 0.0, ""gesture"": 0.0}}, ""a10"": {""services"": [""pose"", ""gesture""], ""fps"": {""pose"": 0, ""gesture"": 0}, ""eff_fps"": {""pose"": 0, ""gesture"": 0}, ""latency_ms"": {""pose"": 0, ""gesture"": 0}, ""svclat_ms"": {""pose"": 0.0, ""gesture"": 0.0}}, ""a11"": {""services"": [""pose"", ""gesture""], ""fps"": {""pose"": 0, ""gesture"": 0}, ""eff_fps"": {""pose"": 0, ""gesture"": 0}, ""latency_ms"": {""pose"": 0, ""gesture"": 0}, ""svclat_ms"": {""pose"": 0.0, ""gesture"": 0.0}}, ""a12"": {""services"": [""pose"", ""gesture""], ""fps"": {""pose"": 0, ""gesture"": 0}, ""eff_fps"": {""pose"": 0, ""gesture"": 0}, ""latency_ms"": {""pose"": 0, ""gesture"": 0}, ""svclat_ms"": {""pose"": 0.0, ""gesture"": 0.0}}, ""z1"": {""services"": [""gesture"", ""object""], ""fps"": {""gesture"": 0, ""object"": 0}, ""eff_fps"": {""gesture"": 0, ""object"": 0}, ""latency_ms"": {""gesture"": 0, ""object"": 0}, ""svclat_ms"": {""gesture"": 0.0, ""object"": 0.0}}, ""z2"": {""services"": [""gesture"", ""object""], ""fps"": {""gesture"": 0, ""object"": 0}, ""eff_fps"": {""gesture"": 0, ""object"": 0}, ""latency_ms"": {""gesture"": 0, ""object"": 0}, ""svclat_ms"": {""gesture"": 0.0, ""object"": 0.0}}, ""z3"": {""services"": [""gesture"", ""object""], ""fps"": {""gesture"": 0, ""object"": 0}, ""eff_fps"": {""gesture"": 0, ""object"": 0}, ""latency_ms"": {""gesture"": 0, ""object"": 0}, ""svclat_ms"": {""gesture"": 0.0, ""object"": 0.0}}}"
75.7,7,6,0.857,1,0,7,7,7,1.0,735.0,249.0,0.339,0.0,1.17,0.0,11.25,30.0,0,11.25,30.0,0,0,0,0,23.69,15.02,0,165,"{""ip-172-31-0-204"": ""healthy"", ""ip-172-31-1-171"": ""healthy"", ""ip-172-31-10-12"": ""healthy"", ""ip-172-31-11-132"": ""healthy"", ""ip-172-31-13-134"": ""healthy"", ""ip-172-31-14-68"": ""healthy"", ""ip-172-31-40-239"": ""healthy""}",subscribe,8.6,0.6917,0,0,"{""ip-172-31-0-204"": {""pose"": 1, ""gesture"": 1}, ""ip-172-31-1-171"": {""gesture"": 1}, ""ip-172-31-10-12"": {""gesture"": 1}, ""ip-172-31-11-132"": {""gesture"": 1}, ""ip-172-31-13-134"": {""gesture"": 1}, ""ip-172-31-14-68"": {""gesture"": 1}}","{""a1"": {""services"": [""pose"", ""gesture""], ""fps"": {""pose"": 11, ""gesture"": 30}, ""eff_fps"": {""pose"": 11, ""gesture"": 30}, ""latency_ms"": {""pose"": 0, ""gesture"": 0}, ""svclat_ms"": {""pose"": 22.63, ""gesture"": 15.92}}, ""a2"": {""services"": [""pose"", ""gesture""], ""fps"": {""pose"": 11, ""gesture"": 30}, ""eff_fps"": {""pose"": 11, ""gesture"": 30}, ""latency_ms"": {""pose"": 0, ""gesture"": 0}, ""svclat_ms"": {""pose"": 21.76, ""gesture"": 14.94}}, ""a3"": {""services"": [""pose"", ""gesture""], ""fps"": {""pose"": 12, ""gesture"": 30}, ""eff_fps"": {""pose"": 12, ""gesture"": 30}, ""latency_ms"": {""pose"": 0, ""gesture"": 0}, ""svclat_ms"": {""pose"": 25.95, ""gesture"": 14.12}}, ""a4"": {""services"": [""pose"", ""gesture""], ""fps"": {""pose"": 11, ""gesture"": 30}, ""eff_fps"": {""pose"": 11, ""gesture"": 30}, ""latency_ms"": {""pose"": 0, ""gesture"": 0}, ""svclat_ms"": {""pose"": 24.4, ""gesture"": 15.1}}, ""a5"": {""services"": [""pose"", ""gesture""], ""fps"": {""pose"": 0, ""gesture"": 0}, ""eff_fps"": {""pose"": 0, ""gesture"": 0}, ""latency_ms"": {""pose"": 0, ""gesture"": 0}, ""svclat_ms"": {""pose"": 0.0, ""gesture"": 0.0}}, ""a6"": {""services"": [""pose"", ""gesture""], ""fps"": {""pose"": 0, ""gesture"": 0}, ""eff_fps"": {""pose"": 0, ""gesture"": 0}, ""latency_ms"": {""pose"": 0, ""gesture"": 0}, ""svclat_ms"": {""pose"": 0.0, ""gesture"": 0.0}}, ""a7"": {""services"": [""pose"", ""gesture""], ""fps"": {""pose"": 0, ""gesture"": 0}, ""eff_fps"": {""pose"": 0, ""gesture"": 0}, ""latency_ms"": {""pose"": 0, ""gesture"": 0}, ""svclat_ms"": {""pose"": 0.0, ""gesture"": 0.0}}, ""a8"": {""services"": [""pose"", ""gesture""], ""fps"": {""pose"": 0, ""gesture"": 0}, ""eff_fps"": {""pose"": 0, ""gesture"": 0}, ""latency_ms"": {""pose"": 0, ""gesture"": 0}, ""svclat_ms"": {""pose"": 0.0, ""gesture"": 0.0}}, ""a9"": {""services"": [""pose"", ""gesture""], ""fps"": {""pose"": 0, ""gesture"": 0}, ""eff_fps"": {""pose"": 0, ""gesture"": 0}, ""latency_ms"": {""pose"": 0, ""gesture"": 0}, ""svclat_ms"": {""pose"": 0.0, ""gesture"": 0.0}}, ""a10"": {""services"": [""pose"", ""gesture""], ""fps"": {""pose"": 0, ""gesture"": 0}, ""eff_fps"": {""pose"": 0, ""gesture"": 0}, ""latency_ms"": {""pose"": 0, ""gesture"": 0}, ""svclat_ms"": {""pose"": 0.0, ""gesture"": 0.0}}, ""a11"": {""services"": [""pose"", ""gesture""], ""fps"": {""pose"": 0, ""gesture"": 0}, ""eff_fps"": {""pose"": 0, ""gesture"": 0}, ""latency_ms"": {""pose"": 0, ""gesture"": 0}, ""svclat_ms"": {""pose"": 0.0, ""gesture"": 0.0}}, ""a12"": {""services"": [""pose"", ""gesture""], ""fps"": {""pose"": 0, ""gesture"": 0}, ""eff_fps"": {""pose"": 0, ""gesture"": 0}, ""latency_ms"": {""pose"": 0, ""gesture"": 0}, ""svclat_ms"": {""pose"": 0.0, ""gesture"": 0.0}}, ""z1"": {""services"": [""gesture"", ""object""], ""fps"": {""gesture"": 0, ""object"": 0}, ""eff_fps"": {""gesture"": 0, ""object"": 0}, ""latency_ms"": {""gesture"": 0, ""object"": 0}, ""svclat_ms"": {""gesture"": 0.0, ""object"": 0.0}}, ""z2"": {""services"": [""gesture"", ""object""], ""fps"": {""gesture"": 0, ""object"": 0}, ""eff_fps"": {""gesture"": 0, ""object"": 0}, ""latency_ms"": {""gesture"": 0, ""object"": 0}, ""svclat_ms"": {""gesture"": 0.0, ""object"": 0.0}}, ""z3"": {""services"": [""gesture"", ""object""], ""fps"": {""gesture"": 0, ""object"": 0}, ""eff_fps"": {""gesture"": 0, ""object"": 0}, ""latency_ms"": {""gesture"": 0, ""object"": 0}, ""svclat_ms"": {""gesture"": 0.0, ""object"": 0.0}}, ""z4"": {""services"": [""gesture"", ""object""], ""fps"": {""gesture"": 0, ""object"": 0}, ""eff_fps"": {""gesture"": 0, ""object"": 0}, ""latency_ms"": {""gesture"": 0, ""object"": 0}, ""svclat_ms"": {""gesture"": 0.0, ""object"": 0.0}}}"
78.0,7,6,0.857,0,0,7,7,7,1.0,735.0,249.0,0.339,0.0,1.17,0.0,11.75,30.0,0,11.75,30.0,0,0,0,0,23.74,14.73,0,167,"{""ip-172-31-0-204"": ""healthy"", ""ip-172-31-1-171"": ""healthy"", ""ip-172-31-10-12"": ""healthy"", ""ip-172-31-11-132"": ""healthy"", ""ip-172-31-13-134"": ""healthy"", ""ip-172-31-14-68"": ""healthy"", ""ip-172-31-40-239"": ""healthy""}",subscribe,8.6,0.6917,0,0,"{""ip-172-31-0-204"": {""pose"": 1, ""gesture"": 1}, ""ip-172-31-1-171"": {""gesture"": 1}, ""ip-172-31-10-12"": {""gesture"": 1}, ""ip-172-31-11-132"": {""gesture"": 1}, ""ip-172-31-13-134"": {""gesture"": 1}, ""ip-172-31-14-68"": {""gesture"": 1}}","{""a1"": {""services"": [""pose"", ""gesture""], ""fps"": {""pose"": 12, ""gesture"": 30}, ""eff_fps"": {""pose"": 12, ""gesture"": 30}, ""latency_ms"": {""pose"": 0, ""gesture"": 0}, ""svclat_ms"": {""pose"": 23.31, ""gesture"": 15.38}}, ""a2"": {""services"": [""pose"", ""gesture""], ""fps"": {""pose"": 12, ""gesture"": 30}, ""eff_fps"": {""pose"": 12, ""gesture"": 30}, ""latency_ms"": {""pose"": 0, ""gesture"": 0}, ""svclat_ms"": {""pose"": 21.56, ""gesture"": 14.67}}, ""a3"": {""services"": [""pose"", ""gesture""], ""fps"": {""pose"": 11, ""gesture"": 30}, ""eff_fps"": {""pose"": 11, ""gesture"": 30}, ""latency_ms"": {""pose"": 0, ""gesture"": 0}, ""svclat_ms"": {""pose"": 25.59, ""gesture"": 14.05}}, ""a4"": {""services"": [""pose"", ""gesture""], ""fps"": {""pose"": 12, ""gesture"": 30}, ""eff_fps"": {""pose"": 12, ""gesture"": 30}, ""latency_ms"": {""pose"": 0, ""gesture"": 0}, ""svclat_ms"": {""pose"": 24.52, ""gesture"": 14.82}}, ""a5"": {""services"": [""pose"", ""gesture""], ""fps"": {""pose"": 0, ""gesture"": 0}, ""eff_fps"": {""pose"": 0, ""gesture"": 0}, ""latency_ms"": {""pose"": 0, ""gesture"": 0}, ""svclat_ms"": {""pose"": 0.0, ""gesture"": 0.0}}, ""a6"": {""services"": [""pose"", ""gesture""], ""fps"": {""pose"": 0, ""gesture"": 0}, ""eff_fps"": {""pose"": 0, ""gesture"": 0}, ""latency_ms"": {""pose"": 0, ""gesture"": 0}, ""svclat_ms"": {""pose"": 0.0, ""gesture"": 0.0}}, ""a7"": {""services"": [""pose"", ""gesture""], ""fps"": {""pose"": 0, ""gesture"": 0}, ""eff_fps"": {""pose"": 0, ""gesture"": 0}, ""latency_ms"": {""pose"": 0, ""gesture"": 0}, ""svclat_ms"": {""pose"": 0.0, ""gesture"": 0.0}}, ""a8"": {""services"": [""pose"", ""gesture""], ""fps"": {""pose"": 0, ""gesture"": 0}, ""eff_fps"": {""pose"": 0, ""gesture"": 0}, ""latency_ms"": {""pose"": 0, ""gesture"": 0}, ""svclat_ms"": {""pose"": 0.0, ""gesture"": 0.0}}, ""a9"": {""services"": [""pose"", ""gesture""], ""fps"": {""pose"": 0, ""gesture"": 0}, ""eff_fps"": {""pose"": 0, ""gesture"": 0}, ""latency_ms"": {""pose"": 0, ""gesture"": 0}, ""svclat_ms"": {""pose"": 0.0, ""gesture"": 0.0}}, ""a10"": {""services"": [""pose"", ""gesture""], ""fps"": {""pose"": 0, ""gesture"": 0}, ""eff_fps"": {""pose"": 0, ""gesture"": 0}, ""latency_ms"": {""pose"": 0, ""gesture"": 0}, ""svclat_ms"": {""pose"": 0.0, ""gesture"": 0.0}}, ""a11"": {""services"": [""pose"", ""gesture""], ""fps"": {""pose"": 0, ""gesture"": 0}, ""eff_fps"": {""pose"": 0, ""gesture"": 0}, ""latency_ms"": {""pose"": 0, ""gesture"": 0}, ""svclat_ms"": {""pose"": 0.0, ""gesture"": 0.0}}, ""a12"": {""services"": [""pose"", ""gesture""], ""fps"": {""pose"": 0, ""gesture"": 0}, ""eff_fps"": {""pose"": 0, ""gesture"": 0}, ""latency_ms"": {""pose"": 0, ""gesture"": 0}, ""svclat_ms"": {""pose"": 0.0, ""gesture"": 0.0}}, ""z1"": {""services"": [""gesture"", ""object""], ""fps"": {""gesture"": 0, ""object"": 0}, ""eff_fps"": {""gesture"": 0, ""object"": 0}, ""latency_ms"": {""gesture"": 0, ""object"": 0}, ""svclat_ms"": {""gesture"": 0.0, ""object"": 0.0}}, ""z2"": {""services"": [""gesture"", ""object""], ""fps"": {""gesture"": 0, ""object"": 0}, ""eff_fps"": {""gesture"": 0, ""object"": 0}, ""latency_ms"": {""gesture"": 0, ""object"": 0}, ""svclat_ms"": {""gesture"": 0.0, ""object"": 0.0}}, ""z3"": {""services"": [""gesture"", ""object""], ""fps"": {""gesture"": 0, ""object"": 0}, ""eff_fps"": {""gesture"": 0, ""object"": 0}, ""latency_ms"": {""gesture"": 0, ""object"": 0}, ""svclat_ms"": {""gesture"": 0.0, ""object"": 0.0}}, ""z4"": {""services"": [""gesture"", ""object""], ""fps"": {""gesture"": 0, ""object"": 0}, ""eff_fps"": {""gesture"": 0, ""object"": 0}, ""latency_ms"": {""gesture"": 0, ""object"": 0}, ""svclat_ms"": {""gesture"": 0.0, ""object"": 0.0}}}"
80.4,7,6,0.857,0,0,7,7,7,1.0,735.0,249.0,0.339,0.0,1.17,0.0,11.75,30.0,0,11.75,30.0,0,0,0,0,24.94,15.08,0,167,"{""ip-172-31-0-204"": ""healthy"", ""ip-172-31-1-171"": ""healthy"", ""ip-172-31-10-12"": ""healthy"", ""ip-172-31-11-132"": ""healthy"", ""ip-172-31-13-134"": ""healthy"", ""ip-172-31-14-68"": ""healthy"", ""ip-172-31-40-239"": ""healthy""}",subscribe,8.6,0.6917,0,0,"{""ip-172-31-0-204"": {""pose"": 1, ""gesture"": 1}, ""ip-172-31-1-171"": {""gesture"": 1}, ""ip-172-31-10-12"": {""gesture"": 1}, ""ip-172-31-11-132"": {""gesture"": 1}, ""ip-172-31-13-134"": {""gesture"": 1}, ""ip-172-31-14-68"": {""gesture"": 1}}","{""a1"": {""services"": [""pose"", ""gesture""], ""fps"": {""pose"": 12, ""gesture"": 30}, ""eff_fps"": {""pose"": 12, ""gesture"": 30}, ""latency_ms"": {""pose"": 0, ""gesture"": 0}, ""svclat_ms"": {""pose"": 24.16, ""gesture"": 16.48}}, ""a2"": {""services"": [""pose"", ""gesture""], ""fps"": {""pose"": 12, ""gesture"": 30}, ""eff_fps"": {""pose"": 12, ""gesture"": 30}, ""latency_ms"": {""pose"": 0, ""gesture"": 0}, ""svclat_ms"": {""pose"": 22.24, ""gesture"": 14.83}}, ""a3"": {""services"": [""pose"", ""gesture""], ""fps"": {""pose"": 11, ""gesture"": 30}, ""eff_fps"": {""pose"": 11, ""gesture"": 30}, ""latency_ms"": {""pose"": 0, ""gesture"": 0}, ""svclat_ms"": {""pose"": 27.37, ""gesture"": 14.23}}, ""a4"": {""services"": [""pose"", ""gesture""], ""fps"": {""pose"": 12, ""gesture"": 30}, ""eff_fps"": {""pose"": 12, ""gesture"": 30}, ""latency_ms"": {""pose"": 0, ""gesture"": 0}, ""svclat_ms"": {""pose"": 25.99, ""gesture"": 14.79}}, ""a5"": {""services"": [""pose"", ""gesture""], ""fps"": {""pose"": 0, ""gesture"": 0}, ""eff_fps"": {""pose"": 0, ""gesture"": 0}, ""latency_ms"": {""pose"": 0, ""gesture"": 0}, ""svclat_ms"": {""pose"": 0.0, ""gesture"": 0.0}}, ""a6"": {""services"": [""pose"", ""gesture""], ""fps"": {""pose"": 0, ""gesture"": 0}, ""eff_fps"": {""pose"": 0, ""gesture"": 0}, ""latency_ms"": {""pose"": 0, ""gesture"": 0}, ""svclat_ms"": {""pose"": 0.0, ""gesture"": 0.0}}, ""a7"": {""services"": [""pose"", ""gesture""], ""fps"": {""pose"": 0, ""gesture"": 0}, ""eff_fps"": {""pose"": 0, ""gesture"": 0}, ""latency_ms"": {""pose"": 0, ""gesture"": 0}, ""svclat_ms"": {""pose"": 0.0, ""gesture"": 0.0}}, ""a8"": {""services"": [""pose"", ""gesture""], ""fps"": {""pose"": 0, ""gesture"": 0}, ""eff_fps"": {""pose"": 0, ""gesture"": 0}, ""latency_ms"": {""pose"": 0, ""gesture"": 0}, ""svclat_ms"": {""pose"": 0.0, ""gesture"": 0.0}}, ""a9"": {""services"": [""pose"", ""gesture""], ""fps"": {""pose"": 0, ""gesture"": 0}, ""eff_fps"": {""pose"": 0, ""gesture"": 0}, ""latency_ms"": {""pose"": 0, ""gesture"": 0}, ""svclat_ms"": {""pose"": 0.0, ""gesture"": 0.0}}, ""a10"": {""services"": [""pose"", ""gesture""], ""fps"": {""pose"": 0, ""gesture"": 0}, ""eff_fps"": {""pose"": 0, ""gesture"": 0}, ""latency_ms"": {""pose"": 0, ""gesture"": 0}, ""svclat_ms"": {""pose"": 0.0, ""gesture"": 0.0}}, ""a11"": {""services"": [""pose"", ""gesture""], ""fps"": {""pose"": 0, ""gesture"": 0}, ""eff_fps"": {""pose"": 0, ""gesture"": 0}, ""latency_ms"": {""pose"": 0, ""gesture"": 0}, ""svclat_ms"": {""pose"": 0.0, ""gesture"": 0.0}}, ""a12"": {""services"": [""pose"", ""gesture""], ""fps"": {""pose"": 0, ""gesture"": 0}, ""eff_fps"": {""pose"": 0, ""gesture"": 0}, ""latency_ms"": {""pose"": 0, ""gesture"": 0}, ""svclat_ms"": {""pose"": 0.0, ""gesture"": 0.0}}, ""z1"": {""services"": [""gesture"", ""object""], ""fps"": {""gesture"": 0, ""object"": 0}, ""eff_fps"": {""gesture"": 0, ""object"": 0}, ""latency_ms"": {""gesture"": 0, ""object"": 0}, ""svclat_ms"": {""gesture"": 0.0, ""object"": 0.0}}, ""z2"": {""services"": [""gesture"", ""object""], ""fps"": {""gesture"": 0, ""object"": 0}, ""eff_fps"": {""gesture"": 0, ""object"": 0}, ""latency_ms"": {""gesture"": 0, ""object"": 0}, ""svclat_ms"": {""gesture"": 0.0, ""object"": 0.0}}, ""z3"": {""services"": [""gesture"", ""object""], ""fps"": {""gesture"": 0, ""object"": 0}, ""eff_fps"": {""gesture"": 0, ""object"": 0}, ""latency_ms"": {""gesture"": 0, ""object"": 0}, ""svclat_ms"": {""gesture"": 0.0, ""object"": 0.0}}, ""z4"": {""services"": [""gesture"", ""object""], ""fps"": {""gesture"": 0, ""object"": 0}, ""eff_fps"": {""gesture"": 0, ""object"": 0}, ""latency_ms"": {""gesture"": 0, ""object"": 0}, ""svclat_ms"": {""gesture"": 0.0, ""object"": 0.0}}, ""z5"": {""services"": [""gesture"", ""object""], ""fps"": {""gesture"": 0, ""object"": 0}, ""eff_fps"": {""gesture"": 0, ""object"": 0}, ""latency_ms"": {""gesture"": 0, ""object"": 0}, ""svclat_ms"": {""gesture"": 0.0, ""object"": 0.0}}}"
82.7,7,6,0.857,0,0,7,7,7,1.0,735.0,249.0,0.339,0.0,1.17,0.0,11.75,30.0,0,11.75,30.0,0,0,0,0,23.57,15.12,0,167,"{""ip-172-31-0-204"": ""healthy"", ""ip-172-31-1-171"": ""healthy"", ""ip-172-31-10-12"": ""healthy"", ""ip-172-31-11-132"": ""healthy"", ""ip-172-31-13-134"": ""healthy"", ""ip-172-31-14-68"": ""healthy"", ""ip-172-31-40-239"": ""healthy""}",subscribe,8.6,0.6917,0,0,"{""ip-172-31-0-204"": {""pose"": 1, ""gesture"": 1}, ""ip-172-31-1-171"": {""gesture"": 1}, ""ip-172-31-10-12"": {""gesture"": 1}, ""ip-172-31-11-132"": {""gesture"": 1}, ""ip-172-31-13-134"": {""gesture"": 1}, ""ip-172-31-14-68"": {""gesture"": 1}}","{""a1"": {""services"": [""pose"", ""gesture""], ""fps"": {""pose"": 12, ""gesture"": 30}, ""eff_fps"": {""pose"": 12, ""gesture"": 30}, ""latency_ms"": {""pose"": 0, ""gesture"": 0}, ""svclat_ms"": {""pose"": 22.86, ""gesture"": 16.7}}, ""a2"": {""services"": [""pose"", ""gesture""], ""fps"": {""pose"": 12, ""gesture"": 30}, ""eff_fps"": {""pose"": 12, ""gesture"": 30}, ""latency_ms"": {""pose"": 0, ""gesture"": 0}, ""svclat_ms"": {""pose"": 21.34, ""gesture"": 14.73}}, ""a3"": {""services"": [""pose"", ""gesture""], ""fps"": {""pose"": 11, ""gesture"": 30}, ""eff_fps"": {""pose"": 11, ""gesture"": 30}, ""latency_ms"": {""pose"": 0, ""gesture"": 0}, ""svclat_ms"": {""pose"": 25.44, ""gesture"": 14.27}}, ""a4"": {""services"": [""pose"", ""gesture""], ""fps"": {""pose"": 12, ""gesture"": 30}, ""eff_fps"": {""pose"": 12, ""gesture"": 30}, ""latency_ms"": {""pose"": 0, ""gesture"": 0}, ""svclat_ms"": {""pose"": 24.66, ""gesture"": 14.76}}, ""a5"": {""services"": [""pose"", ""gesture""], ""fps"": {""pose"": 0, ""gesture"": 0}, ""eff_fps"": {""pose"": 0, ""gesture"": 0}, ""latency_ms"": {""pose"": 0, ""gesture"": 0}, ""svclat_ms"": {""pose"": 0.0, ""gesture"": 0.0}}, ""a6"": {""services"": [""pose"", ""gesture""], ""fps"": {""pose"": 0, ""gesture"": 0}, ""eff_fps"": {""pose"": 0, ""gesture"": 0}, ""latency_ms"": {""pose"": 0, ""gesture"": 0}, ""svclat_ms"": {""pose"": 0.0, ""gesture"": 0.0}}, ""a7"": {""services"": [""pose"", ""gesture""], ""fps"": {""pose"": 0, ""gesture"": 0}, ""eff_fps"": {""pose"": 0, ""gesture"": 0}, ""latency_ms"": {""pose"": 0, ""gesture"": 0}, ""svclat_ms"": {""pose"": 0.0, ""gesture"": 0.0}}, ""a8"": {""services"": [""pose"", ""gesture""], ""fps"": {""pose"": 0, ""gesture"": 0}, ""eff_fps"": {""pose"": 0, ""gesture"": 0}, ""latency_ms"": {""pose"": 0, ""gesture"": 0}, ""svclat_ms"": {""pose"": 0.0, ""gesture"": 0.0}}, ""a9"": {""services"": [""pose"", ""gesture""], ""fps"": {""pose"": 0, ""gesture"": 0}, ""eff_fps"": {""pose"": 0, ""gesture"": 0}, ""latency_ms"": {""pose"": 0, ""gesture"": 0}, ""svclat_ms"": {""pose"": 0.0, ""gesture"": 0.0}}, ""a10"": {""services"": [""pose"", ""gesture""], ""fps"": {""pose"": 0, ""gesture"": 0}, ""eff_fps"": {""pose"": 0, ""gesture"": 0}, ""latency_ms"": {""pose"": 0, ""gesture"": 0}, ""svclat_ms"": {""pose"": 0.0, ""gesture"": 0.0}}, ""a11"": {""services"": [""pose"", ""gesture""], ""fps"": {""pose"": 0, ""gesture"": 0}, ""eff_fps"": {""pose"": 0, ""gesture"": 0}, ""latency_ms"": {""pose"": 0, ""gesture"": 0}, ""svclat_ms"": {""pose"": 0.0, ""gesture"": 0.0}}, ""a12"": {""services"": [""pose"", ""gesture""], ""fps"": {""pose"": 0, ""gesture"": 0}, ""eff_fps"": {""pose"": 0, ""gesture"": 0}, ""latency_ms"": {""pose"": 0, ""gesture"": 0}, ""svclat_ms"": {""pose"": 0.0, ""gesture"": 0.0}}, ""z1"": {""services"": [""gesture"", ""object""], ""fps"": {""gesture"": 0, ""object"": 0}, ""eff_fps"": {""gesture"": 0, ""object"": 0}, ""latency_ms"": {""gesture"": 0, ""object"": 0}, ""svclat_ms"": {""gesture"": 0.0, ""object"": 0.0}}, ""z2"": {""services"": [""gesture"", ""object""], ""fps"": {""gesture"": 0, ""object"": 0}, ""eff_fps"": {""gesture"": 0, ""object"": 0}, ""latency_ms"": {""gesture"": 0, ""object"": 0}, ""svclat_ms"": {""gesture"": 0.0, ""object"": 0.0}}, ""z3"": {""services"": [""gesture"", ""object""], ""fps"": {""gesture"": 0, ""object"": 0}, ""eff_fps"": {""gesture"": 0, ""object"": 0}, ""latency_ms"": {""gesture"": 0, ""object"": 0}, ""svclat_ms"": {""gesture"": 0.0, ""object"": 0.0}}, ""z4"": {""services"": [""gesture"", ""object""], ""fps"": {""gesture"": 0, ""object"": 0}, ""eff_fps"": {""gesture"": 0, ""object"": 0}, ""latency_ms"": {""gesture"": 0, ""object"": 0}, ""svclat_ms"": {""gesture"": 0.0, ""object"": 0.0}}, ""z5"": {""services"": [""gesture"", ""object""], ""fps"": {""gesture"": 0, ""object"": 0}, ""eff_fps"": {""gesture"": 0, ""object"": 0}, ""latency_ms"": {""gesture"": 0, ""object"": 0}, ""svclat_ms"": {""gesture"": 0.0, ""object"": 0.0}}}"
85.0,7,6,0.857,0,0,7,7,7,1.0,735.0,249.0,0.339,0.0,1.17,0.0,11.25,30.0,0,11.25,30.0,0,0,0,0,23.88,15.01,0,165,"{""ip-172-31-0-204"": ""healthy"", ""ip-172-31-1-171"": ""healthy"", ""ip-172-31-10-12"": ""healthy"", ""ip-172-31-11-132"": ""healthy"", ""ip-172-31-13-134"": ""healthy"", ""ip-172-31-14-68"": ""healthy"", ""ip-172-31-40-239"": ""healthy""}",subscribe,8.6,0.6917,0,0,"{""ip-172-31-0-204"": {""pose"": 1, ""gesture"": 1}, ""ip-172-31-1-171"": {""gesture"": 1}, ""ip-172-31-10-12"": {""gesture"": 1}, ""ip-172-31-11-132"": {""gesture"": 1}, ""ip-172-31-13-134"": {""gesture"": 1}, ""ip-172-31-14-68"": {""gesture"": 1}}","{""a1"": {""services"": [""pose"", ""gesture""], ""fps"": {""pose"": 11, ""gesture"": 30}, ""eff_fps"": {""pose"": 11, ""gesture"": 30}, ""latency_ms"": {""pose"": 0, ""gesture"": 0}, ""svclat_ms"": {""pose"": 22.82, ""gesture"": 16.37}}, ""a2"": {""services"": [""pose"", ""gesture""], ""fps"": {""pose"": 11, ""gesture"": 30}, ""eff_fps"": {""pose"": 11, ""gesture"": 30}, ""latency_ms"": {""pose"": 0, ""gesture"": 0}, ""svclat_ms"": {""pose"": 22.17, ""gesture"": 14.74}}, ""a3"": {""services"": [""pose"", ""gesture""], ""fps"": {""pose"": 11, ""gesture"": 30}, ""eff_fps"": {""pose"": 11, ""gesture"": 30}, ""latency_ms"": {""pose"": 0, ""gesture"": 0}, ""svclat_ms"": {""pose"": 26.4, ""gesture"": 14.02}}, ""a4"": {""services"": [""pose"", ""gesture""], ""fps"": {""pose"": 12, ""gesture"": 30}, ""eff_fps"": {""pose"": 12, ""gesture"": 30}, ""latency_ms"": {""pose"": 0, ""gesture"": 0}, ""svclat_ms"": {""pose"": 24.15, ""gesture"": 14.92}}, ""a5"": {""services"": [""pose"", ""gesture""], ""fps"": {""pose"": 0, ""gesture"": 0}, ""eff_fps"": {""pose"": 0, ""gesture"": 0}, ""latency_ms"": {""pose"": 0, ""gesture"": 0}, ""svclat_ms"": {""pose"": 0.0, ""gesture"": 0.0}}, ""a6"": {""services"": [""pose"", ""gesture""], ""fps"": {""pose"": 0, ""gesture"": 0}, ""eff_fps"": {""pose"": 0, ""gesture"": 0}, ""latency_ms"": {""pose"": 0, ""gesture"": 0}, ""svclat_ms"": {""pose"": 0.0, ""gesture"": 0.0}}, ""a7"": {""services"": [""pose"", ""gesture""], ""fps"": {""pose"": 0, ""gesture"": 0}, ""eff_fps"": {""pose"": 0, ""gesture"": 0}, ""latency_ms"": {""pose"": 0, ""gesture"": 0}, ""svclat_ms"": {""pose"": 0.0, ""gesture"": 0.0}}, ""a8"": {""services"": [""pose"", ""gesture""], ""fps"": {""pose"": 0, ""gesture"": 0}, ""eff_fps"": {""pose"": 0, ""gesture"": 0}, ""latency_ms"": {""pose"": 0, ""gesture"": 0}, ""svclat_ms"": {""pose"": 0.0, ""gesture"": 0.0}}, ""a9"": {""services"": [""pose"", ""gesture""], ""fps"": {""pose"": 0, ""gesture"": 0}, ""eff_fps"": {""pose"": 0, ""gesture"": 0}, ""latency_ms"": {""pose"": 0, ""gesture"": 0}, ""svclat_ms"": {""pose"": 0.0, ""gesture"": 0.0}}, ""a10"": {""services"": [""pose"", ""gesture""], ""fps"": {""pose"": 0, ""gesture"": 0}, ""eff_fps"": {""pose"": 0, ""gesture"": 0}, ""latency_ms"": {""pose"": 0, ""gesture"": 0}, ""svclat_ms"": {""pose"": 0.0, ""gesture"": 0.0}}, ""a11"": {""services"": [""pose"", ""gesture""], ""fps"": {""pose"": 0, ""gesture"": 0}, ""eff_fps"": {""pose"": 0, ""gesture"": 0}, ""latency_ms"": {""pose"": 0, ""gesture"": 0}, ""svclat_ms"": {""pose"": 0.0, ""gesture"": 0.0}}, ""a12"": {""services"": [""pose"", ""gesture""], ""fps"": {""pose"": 0, ""gesture"": 0}, ""eff_fps"": {""pose"": 0, ""gesture"": 0}, ""latency_ms"": {""pose"": 0, ""gesture"": 0}, ""svclat_ms"": {""pose"": 0.0, ""gesture"": 0.0}}, ""z1"": {""services"": [""gesture"", ""object""], ""fps"": {""gesture"": 0, ""object"": 0}, ""eff_fps"": {""gesture"": 0, ""object"": 0}, ""latency_ms"": {""gesture"": 0, ""object"": 0}, ""svclat_ms"": {""gesture"": 0.0, ""object"": 0.0}}, ""z2"": {""services"": [""gesture"", ""object""], ""fps"": {""gesture"": 0, ""object"": 0}, ""eff_fps"": {""gesture"": 0, ""object"": 0}, ""latency_ms"": {""gesture"": 0, ""object"": 0}, ""svclat_ms"": {""gesture"": 0.0, ""object"": 0.0}}, ""z3"": {""services"": [""gesture"", ""object""], ""fps"": {""gesture"": 0, ""object"": 0}, ""eff_fps"": {""gesture"": 0, ""object"": 0}, ""latency_ms"": {""gesture"": 0, ""object"": 0}, ""svclat_ms"": {""gesture"": 0.0, ""object"": 0.0}}, ""z4"": {""services"": [""gesture"", ""object""], ""fps"": {""gesture"": 0, ""object"": 0}, ""eff_fps"": {""gesture"": 0, ""object"": 0}, ""latency_ms"": {""gesture"": 0, ""object"": 0}, ""svclat_ms"": {""gesture"": 0.0, ""object"": 0.0}}, ""z5"": {""services"": [""gesture"", ""object""], ""fps"": {""gesture"": 0, ""object"": 0}, ""eff_fps"": {""gesture"": 0, ""object"": 0}, ""latency_ms"": {""gesture"": 0, ""object"": 0}, ""svclat_ms"": {""gesture"": 0.0, ""object"": 0.0}}, ""z6"": {""services"": [""gesture"", ""object""], ""fps"": {""gesture"": 0, ""object"": 0}, ""eff_fps"": {""gesture"": 0, ""object"": 0}, ""latency_ms"": {""gesture"": 0, ""object"": 0}, ""svclat_ms"": {""gesture"": 0.0, ""object"": 0.0}}}"
89.4,8,7,0.875,2,0,9,9,9,1.0,905.0,348.0,0.385,0.0,1.29,0.0,17.25,30.0,0,17.25,30.0,0,0,0,0,28.5,16.11,0,189,"{""ip-172-31-0-204"": ""healthy"", ""ip-172-31-1-171"": ""healthy"", ""ip-172-31-10-12"": ""healthy"", ""ip-172-31-11-132"": ""healthy"", ""ip-172-31-13-134"": ""healthy"", ""ip-172-31-14-68"": ""healthy"", ""ip-172-31-40-239"": ""healthy""}",subscribe,9.4,0.8286,0,0,"{""ip-172-31-0-204"": {""pose"": 1, ""gesture"": 1}, ""ip-172-31-1-171"": {""gesture"": 1}, ""ip-172-31-10-12"": {""gesture"": 1}, ""ip-172-31-11-132"": {""gesture"": 1}, ""ip-172-31-13-134"": {""gesture"": 1, ""pose"": 1}, ""ip-172-31-14-68"": {""gesture"": 1}, ""ip-172-31-40-239"": {""gesture"": 1}}","{""a1"": {""services"": [""pose"", ""gesture""], ""fps"": {""pose"": 17, ""gesture"": 30}, ""eff_fps"": {""pose"": 17, ""gesture"": 30}, ""latency_ms"": {""pose"": 0, ""gesture"": 0}, ""svclat_ms"": {""pose"": 27.24, ""gesture"": 20.47}}, ""a2"": {""services"": [""pose"", ""gesture""], ""fps"": {""pose"": 17, ""gesture"": 30}, ""eff_fps"": {""pose"": 17, ""gesture"": 30}, ""latency_ms"": {""pose"": 0, ""gesture"": 0}, ""svclat_ms"": {""pose"": 34.53, ""gesture"": 14.73}}, ""a3"": {""services"": [""pose"", ""gesture""], ""fps"": {""pose"": 17, ""gesture"": 30}, ""eff_fps"": {""pose"": 17, ""gesture"": 30}, ""latency_ms"": {""pose"": 0, ""gesture"": 0}, ""svclat_ms"": {""pose"": 29.6, ""gesture"": 14.04}}, ""a4"": {""services"": [""pose"", ""gesture""], ""fps"": {""pose"": 18, ""gesture"": 30}, ""eff_fps"": {""pose"": 18, ""gesture"": 30}, ""latency_ms"": {""pose"": 0, ""gesture"": 0}, ""svclat_ms"": {""pose"": 22.64, ""gesture"": 15.18}}, ""a5"": {""services"": [""pose"", ""gesture""], ""fps"": {""pose"": 0, ""gesture"": 0}, ""eff_fps"": {""pose"": 0, ""gesture"": 0}, ""latency_ms"": {""pose"": 0, ""gesture"": 0}, ""svclat_ms"": {""pose"": 0.0, ""gesture"": 0.0}}, ""a6"": {""services"": [""pose"", ""gesture""], ""fps"": {""pose"": 0, ""gesture"": 0}, ""eff_fps"": {""pose"": 0, ""gesture"": 0}, ""latency_ms"": {""pose"": 0, ""gesture"": 0}, ""svclat_ms"": {""pose"": 0.0, ""gesture"": 0.0}}, ""a7"": {""services"": [""pose"", ""gesture""], ""fps"": {""pose"": 0, ""gesture"": 0}, ""eff_fps"": {""pose"": 0, ""gesture"": 0}, ""latency_ms"": {""pose"": 0, ""gesture"": 0}, ""svclat_ms"": {""pose"": 0.0, ""gesture"": 0.0}}, ""a8"": {""services"": [""pose"", ""gesture""], ""fps"": {""pose"": 0, ""gesture"": 0}, ""eff_fps"": {""pose"": 0, ""gesture"": 0}, ""latency_ms"": {""pose"": 0, ""gesture"": 0}, ""svclat_ms"": {""pose"": 0.0, ""gesture"": 0.0}}, ""a9"": {""services"": [""pose"", ""gesture""], ""fps"": {""pose"": 0, ""gesture"": 0}, ""eff_fps"": {""pose"": 0, ""gesture"": 0}, ""latency_ms"": {""pose"": 0, ""gesture"": 0}, ""svclat_ms"": {""pose"": 0.0, ""gesture"": 0.0}}, ""a10"": {""services"": [""pose"", ""gesture""], ""fps"": {""pose"": 0, ""gesture"": 0}, ""eff_fps"": {""pose"": 0, ""gesture"": 0}, ""latency_ms"": {""pose"": 0, ""gesture"": 0}, ""svclat_ms"": {""pose"": 0.0, ""gesture"": 0.0}}, ""a11"": {""services"": [""pose"", ""gesture""], ""fps"": {""pose"": 0, ""gesture"": 0}, ""eff_fps"": {""pose"": 0, ""gesture"": 0}, ""latency_ms"": {""pose"": 0, ""gesture"": 0}, ""svclat_ms"": {""pose"": 0.0, ""gesture"": 0.0}}, ""a12"": {""services"": [""pose"", ""gesture""], ""fps"": {""pose"": 0, ""gesture"": 0}, ""eff_fps"": {""pose"": 0, ""gesture"": 0}, ""latency_ms"": {""pose"": 0, ""gesture"": 0}, ""svclat_ms"": {""pose"": 0.0, ""gesture"": 0.0}}, ""z1"": {""services"": [""gesture"", ""object""], ""fps"": {""gesture"": 0, ""object"": 0}, ""eff_fps"": {""gesture"": 0, ""object"": 0}, ""latency_ms"": {""gesture"": 0, ""object"": 0}, ""svclat_ms"": {""gesture"": 0.0, ""object"": 0.0}}, ""z2"": {""services"": [""gesture"", ""object""], ""fps"": {""gesture"": 0, ""object"": 0}, ""eff_fps"": {""gesture"": 0, ""object"": 0}, ""latency_ms"": {""gesture"": 0, ""object"": 0}, ""svclat_ms"": {""gesture"": 0.0, ""object"": 0.0}}, ""z3"": {""services"": [""gesture"", ""object""], ""fps"": {""gesture"": 0, ""object"": 0}, ""eff_fps"": {""gesture"": 0, ""object"": 0}, ""latency_ms"": {""gesture"": 0, ""object"": 0}, ""svclat_ms"": {""gesture"": 0.0, ""object"": 0.0}}, ""z4"": {""services"": [""gesture"", ""object""], ""fps"": {""gesture"": 0, ""object"": 0}, ""eff_fps"": {""gesture"": 0, ""object"": 0}, ""latency_ms"": {""gesture"": 0, ""object"": 0}, ""svclat_ms"": {""gesture"": 0.0, ""object"": 0.0}}, ""z5"": {""services"": [""gesture"", ""object""], ""fps"": {""gesture"": 0, ""object"": 0}, ""eff_fps"": {""gesture"": 0, ""object"": 0}, ""latency_ms"": {""gesture"": 0, ""object"": 0}, ""svclat_ms"": {""gesture"": 0.0, ""object"": 0.0}}, ""z6"": {""services"": [""gesture"", ""object""], ""fps"": {""gesture"": 0, ""object"": 0}, ""eff_fps"": {""gesture"": 0, ""object"": 0}, ""latency_ms"": {""gesture"": 0, ""object"": 0}, ""svclat_ms"": {""gesture"": 0.0, ""object"": 0.0}}}"
93.9,9,9,1.0,0,0,9,9,9,1.0,905.0,408.0,0.451,0.0,1.0,0.0,13.9,30.1,0,13.9,30.1,0,0,0,0,26.19,15.86,0,440,"{""ip-172-31-0-204"": ""healthy"", ""ip-172-31-1-171"": ""healthy"", ""ip-172-31-10-12"": ""healthy"", ""ip-172-31-11-132"": ""healthy"", ""ip-172-31-13-134"": ""healthy"", ""ip-172-31-14-68"": ""healthy"", ""ip-172-31-40-239"": ""healthy""}",subscribe,9.2,0.7556,0,0,"{""ip-172-31-0-204"": {""pose"": 1, ""gesture"": 1}, ""ip-172-31-1-171"": {""gesture"": 1}, ""ip-172-31-10-12"": {""gesture"": 1}, ""ip-172-31-11-132"": {""gesture"": 1}, ""ip-172-31-13-134"": {""gesture"": 1, ""pose"": 1}, ""ip-172-31-14-68"": {""gesture"": 1}, ""ip-172-31-40-239"": {""gesture"": 1}}","{""a1"": {""services"": [""pose"", ""gesture""], ""fps"": {""pose"": 14, ""gesture"": 30}, ""eff_fps"": {""pose"": 14, ""gesture"": 30}, ""latency_ms"": {""pose"": 0, ""gesture"": 0}, ""svclat_ms"": {""pose"": 27.05, ""gesture"": 19.78}}, ""a2"": {""services"": [""pose"", ""gesture""], ""fps"": {""pose"": 14, ""gesture"": 30}, ""eff_fps"": {""pose"": 14, ""gesture"": 30}, ""latency_ms"": {""pose"": 0, ""gesture"": 0}, ""svclat_ms"": {""pose"": 33.91, ""gesture"": 15.6}}, ""a3"": {""services"": [""pose"", ""gesture""], ""fps"": {""pose"": 14, ""gesture"": 30}, ""eff_fps"": {""pose"": 14, ""gesture"": 30}, ""latency_ms"": {""pose"": 0, ""gesture"": 0}, ""svclat_ms"": {""pose"": 29.52, ""gesture"": 14.56}}, ""a4"": {""services"": [""pose"", ""gesture""], ""fps"": {""pose"": 13, ""gesture"": 30}, ""eff_fps"": {""pose"": 13, ""gesture"": 30}, ""latency_ms"": {""pose"": 0, ""gesture"": 0}, ""svclat_ms"": {""pose"": 22.72, ""gesture"": 14.78}}, ""a5"": {""services"": [""pose"", ""gesture""], ""fps"": {""pose"": 14, ""gesture"": 30}, ""eff_fps"": {""pose"": 14, ""gesture"": 30}, ""latency_ms"": {""pose"": 0, ""gesture"": 0}, ""svclat_ms"": {""pose"": 23.12, ""gesture"": 13.61}}, ""a6"": {""services"": [""pose"", ""gesture""], ""fps"": {""pose"": 14, ""gesture"": 30}, ""eff_fps"": {""pose"": 14, ""gesture"": 30}, ""latency_ms"": {""pose"": 0, ""gesture"": 0}, ""svclat_ms"": {""pose"": 24.75, ""gesture"": 14.72}}, ""a7"": {""services"": [""pose"", ""gesture""], ""fps"": {""pose"": 14, ""gesture"": 31}, ""eff_fps"": {""pose"": 14, ""gesture"": 31}, ""latency_ms"": {""pose"": 0, ""gesture"": 0}, ""svclat_ms"": {""pose"": 23.81, ""gesture"": 15.69}}, ""a8"": {""services"": [""pose"", ""gesture""], ""fps"": {""pose"": 14, ""gesture"": 30}, ""eff_fps"": {""pose"": 14, ""gesture"": 30}, ""latency_ms"": {""pose"": 0, ""gesture"": 0}, ""svclat_ms"": {""pose"": 28.45, ""gesture"": 14.56}}, ""a9"": {""services"": [""pose"", ""gesture""], ""fps"": {""pose"": 14, ""gesture"": 30}, ""eff_fps"": {""pose"": 14, ""gesture"": 30}, ""latency_ms"": {""pose"": 0, ""gesture"": 0}, ""svclat_ms"": {""pose"": 26.98, ""gesture"": 16.8}}, ""a10"": {""services"": [""pose"", ""gesture""], ""fps"": {""pose"": 0, ""gesture"": 0}, ""eff_fps"": {""pose"": 0, ""gesture"": 0}, ""latency_ms"": {""pose"": 0, ""gesture"": 0}, ""svclat_ms"": {""pose"": 0.0, ""gesture"": 0.0}}, ""a11"": {""services"": [""pose"", ""gesture""], ""fps"": {""pose"": 14, ""gesture"": 30}, ""eff_fps"": {""pose"": 14, ""gesture"": 30}, ""latency_ms"": {""pose"": 0, ""gesture"": 0}, ""svclat_ms"": {""pose"": 21.55, ""gesture"": 18.5}}, ""a12"": {""services"": [""pose"", ""gesture""], ""fps"": {""pose"": 0, ""gesture"": 0}, ""eff_fps"": {""pose"": 0, ""gesture"": 0}, ""latency_ms"": {""pose"": 0, ""gesture"": 0}, ""svclat_ms"": {""pose"": 0.0, ""gesture"": 0.0}}, ""z1"": {""services"": [""gesture"", ""object""], ""fps"": {""gesture"": 0, ""object"": 0}, ""eff_fps"": {""gesture"": 0, ""object"": 0}, ""latency_ms"": {""gesture"": 0, ""object"": 0}, ""svclat_ms"": {""gesture"": 0.0, ""object"": 0.0}}, ""z2"": {""services"": [""gesture"", ""object""], ""fps"": {""gesture"": 0, ""object"": 0}, ""eff_fps"": {""gesture"": 0, ""object"": 0}, ""latency_ms"": {""gesture"": 0, ""object"": 0}, ""svclat_ms"": {""gesture"": 0.0, ""object"": 0.0}}, ""z3"": {""services"": [""gesture"", ""object""], ""fps"": {""gesture"": 0, ""object"": 0}, ""eff_fps"": {""gesture"": 0, ""object"": 0}, ""latency_ms"": {""gesture"": 0, ""object"": 0}, ""svclat_ms"": {""gesture"": 0.0, ""object"": 0.0}}, ""z4"": {""services"": [""gesture"", ""object""], ""fps"": {""gesture"": 0, ""object"": 0}, ""eff_fps"": {""gesture"": 0, ""object"": 0}, ""latency_ms"": {""gesture"": 0, ""object"": 0}, ""svclat_ms"": {""gesture"": 0.0, ""object"": 0.0}}, ""z5"": {""services"": [""gesture"", ""object""], ""fps"": {""gesture"": 0, ""object"": 0}, ""eff_fps"": {""gesture"": 0, ""object"": 0}, ""latency_ms"": {""gesture"": 0, ""object"": 0}, ""svclat_ms"": {""gesture"": 0.0, ""object"": 0.0}}, ""z6"": {""services"": [""gesture"", ""object""], ""fps"": {""gesture"": 0, ""object"": 0}, ""eff_fps"": {""gesture"": 0, ""object"": 0}, ""latency_ms"": {""gesture"": 0, ""object"": 0}, ""svclat_ms"": {""gesture"": 0.0, ""object"": 0.0}}, ""z7"": {""services"": [""gesture"", ""object""], ""fps"": {""gesture"": 0, ""object"": 0}, ""eff_fps"": {""gesture"": 0, ""object"": 0}, ""latency_ms"": {""gesture"": 0, ""object"": 0}, ""svclat_ms"": {""gesture"": 0.0, ""object"": 0.0}}}"
97.6,12,11,0.917,0,0,9,9,9,1.0,905.0,468.0,0.517,0.0,0.82,0.0,11.36,30.0,0,11.36,30.0,0,0,0,0,27.99,16.01,0,455,"{""ip-172-31-0-204"": ""healthy"", ""ip-172-31-1-171"": ""healthy"", ""ip-172-31-10-12"": ""healthy"", ""ip-172-31-11-132"": ""healthy"", ""ip-172-31-13-134"": ""healthy"", ""ip-172-31-14-68"": ""healthy"", ""ip-172-31-40-239"": ""healthy""}",subscribe,9.2,0.7091,0,0,"{""ip-172-31-0-204"": {""pose"": 1, ""gesture"": 1}, ""ip-172-31-1-171"": {""gesture"": 1}, ""ip-172-31-10-12"": {""gesture"": 1}, ""ip-172-31-11-132"": {""gesture"": 1}, ""ip-172-31-13-134"": {""gesture"": 1, ""pose"": 1}, ""ip-172-31-14-68"": {""gesture"": 1}, ""ip-172-31-40-239"": {""gesture"": 1}}","{""a1"": {""services"": [""pose"", ""gesture""], ""fps"": {""pose"": 12, ""gesture"": 30}, ""eff_fps"": {""pose"": 12, ""gesture"": 30}, ""latency_ms"": {""pose"": 0, ""gesture"": 0}, ""svclat_ms"": {""pose"": 24.95, ""gesture"": 20.24}}, ""a2"": {""services"": [""pose"", ""gesture""], ""fps"": {""pose"": 11, ""gesture"": 30}, ""eff_fps"": {""pose"": 11, ""gesture"": 30}, ""latency_ms"": {""pose"": 0, ""gesture"": 0}, ""svclat_ms"": {""pose"": 34.76, ""gesture"": 15.61}}, ""a3"": {""services"": [""pose"", ""gesture""], ""fps"": {""pose"": 12, ""gesture"": 30}, ""eff_fps"": {""pose"": 12, ""gesture"": 30}, ""latency_ms"": {""pose"": 0, ""gesture"": 0}, ""svclat_ms"": {""pose"": 28.34, ""gesture"": 14.55}}, ""a4"": {""services"": [""pose"", ""gesture""], ""fps"": {""pose"": 11, ""gesture"": 30}, ""eff_fps"": {""pose"": 11, ""gesture"": 30}, ""latency_ms"": {""pose"": 0, ""gesture"": 0}, ""svclat_ms"": {""pose"": 24.13, ""gesture"": 15.63}}, ""a5"": {""services"": [""pose"", ""gesture""], ""fps"": {""pose"": 12, ""gesture"": 30}, ""eff_fps"": {""pose"": 12, ""gesture"": 30}, ""latency_ms"": {""pose"": 0, ""gesture"": 0}, ""svclat_ms"": {""pose"": 23.49, ""gesture"": 13.7}}, ""a6"": {""services"": [""pose"", ""gesture""], ""fps"": {""pose"": 11, ""gesture"": 30}, ""eff_fps"": {""pose"": 11, ""gesture"": 30}, ""latency_ms"": {""pose"": 0, ""gesture"": 0}, ""svclat_ms"": {""pose"": 30.4, ""gesture"": 14.93}}, ""a7"": {""services"": [""pose"", ""gesture""], ""fps"": {""pose"": 11, ""gesture"": 30}, ""eff_fps"": {""pose"": 11, ""gesture"": 30}, ""latency_ms"": {""pose"": 0, ""gesture"": 0}, ""svclat_ms"": {""pose"": 24.81, ""gesture"": 16.61}}, ""a8"": {""services"": [""pose"", ""gesture""], ""fps"": {""pose"": 12, ""gesture"": 30}, ""eff_fps"": {""pose"": 12, ""gesture"": 30}, ""latency_ms"": {""pose"": 0, ""gesture"": 0}, ""svclat_ms"": {""pose"": 28.53, ""gesture"": 14.62}}, ""a9"": {""services"": [""pose"", ""gesture""], ""fps"": {""pose"": 11, ""gesture"": 30}, ""eff_fps"": {""pose"": 11, ""gesture"": 30}, ""latency_ms"": {""pose"": 0, ""gesture"": 0}, ""svclat_ms"": {""pose"": 27.93, ""gesture"": 16.94}}, ""a10"": {""services"": [""pose"", ""gesture""], ""fps"": {""pose"": 11, ""gesture"": 30}, ""eff_fps"": {""pose"": 11, ""gesture"": 30}, ""latency_ms"": {""pose"": 0, ""gesture"": 0}, ""svclat_ms"": {""pose"": 36.5, ""gesture"": 14.84}}, ""a11"": {""services"": [""pose"", ""gesture""], ""fps"": {""pose"": 11, ""gesture"": 30}, ""eff_fps"": {""pose"": 11, ""gesture"": 30}, ""latency_ms"": {""pose"": 0, ""gesture"": 0}, ""svclat_ms"": {""pose"": 24.01, ""gesture"": 18.4}}, ""a12"": {""services"": [""pose"", ""gesture""], ""fps"": {""pose"": 0, ""gesture"": 0}, ""eff_fps"": {""pose"": 0, ""gesture"": 0}, ""latency_ms"": {""pose"": 0, ""gesture"": 0}, ""svclat_ms"": {""pose"": 0.0, ""gesture"": 0.0}}, ""z1"": {""services"": [""gesture"", ""object""], ""fps"": {""gesture"": 0, ""object"": 0}, ""eff_fps"": {""gesture"": 0, ""object"": 0}, ""latency_ms"": {""gesture"": 0, ""object"": 0}, ""svclat_ms"": {""gesture"": 0.0, ""object"": 0.0}}, ""z2"": {""services"": [""gesture"", ""object""], ""fps"": {""gesture"": 0, ""object"": 0}, ""eff_fps"": {""gesture"": 0, ""object"": 0}, ""latency_ms"": {""gesture"": 0, ""object"": 0}, ""svclat_ms"": {""gesture"": 0.0, ""object"": 0.0}}, ""z3"": {""services"": [""gesture"", ""object""], ""fps"": {""gesture"": 0, ""object"": 0}, ""eff_fps"": {""gesture"": 0, ""object"": 0}, ""latency_ms"": {""gesture"": 0, ""object"": 0}, ""svclat_ms"": {""gesture"": 0.0, ""object"": 0.0}}, ""z4"": {""services"": [""gesture"", ""object""], ""fps"": {""gesture"": 0, ""object"": 0}, ""eff_fps"": {""gesture"": 0, ""object"": 0}, ""latency_ms"": {""gesture"": 0, ""object"": 0}, ""svclat_ms"": {""gesture"": 0.0, ""object"": 0.0}}, ""z5"": {""services"": [""gesture"", ""object""], ""fps"": {""gesture"": 0, ""object"": 0}, ""eff_fps"": {""gesture"": 0, ""object"": 0}, ""latency_ms"": {""gesture"": 0, ""object"": 0}, ""svclat_ms"": {""gesture"": 0.0, ""object"": 0.0}}, ""z6"": {""services"": [""gesture"", ""object""], ""fps"": {""gesture"": 0, ""object"": 0}, ""eff_fps"": {""gesture"": 0, ""object"": 0}, ""latency_ms"": {""gesture"": 0, ""object"": 0}, ""svclat_ms"": {""gesture"": 0.0, ""object"": 0.0}}, ""z7"": {""services"": [""gesture"", ""object""], ""fps"": {""gesture"": 0, ""object"": 0}, ""eff_fps"": {""gesture"": 0, ""object"": 0}, ""latency_ms"": {""gesture"": 0, ""object"": 0}, ""svclat_ms"": {""gesture"": 0.0, ""object"": 0.0}}, ""z8"": {""services"": [""gesture"", ""object""], ""fps"": {""gesture"": 0, ""object"": 0}, ""eff_fps"": {""gesture"": 0, ""object"": 0}, ""latency_ms"": {""gesture"": 0, ""object"": 0}, ""svclat_ms"": {""gesture"": 0.0, ""object"": 0.0}}}"
99.9,13,12,0.923,0,0,9,9,9,1.0,905.0,498.0,0.55,0.0,0.75,0.0,11.45,30.0,0,11.45,30.0,0,0,0,0,28.93,16.85,0,456,"{""ip-172-31-0-204"": ""healthy"", ""ip-172-31-1-171"": ""healthy"", ""ip-172-31-10-12"": ""healthy"", ""ip-172-31-11-132"": ""healthy"", ""ip-172-31-13-134"": ""healthy"", ""ip-172-31-14-68"": ""healthy"", ""ip-172-31-40-239"": ""healthy""}",subscribe,9.0,0.6917,0,0,"{""ip-172-31-0-204"": {""pose"": 1, ""gesture"": 1}, ""ip-172-31-1-171"": {""gesture"": 1}, ""ip-172-31-10-12"": {""gesture"": 1}, ""ip-172-31-11-132"": {""gesture"": 1}, ""ip-172-31-13-134"": {""gesture"": 1, ""pose"": 1}, ""ip-172-31-14-68"": {""gesture"": 1}, ""ip-172-31-40-239"": {""gesture"": 1}}","{""a1"": {""services"": [""pose"", ""gesture""], ""fps"": {""pose"": 12, ""gesture"": 30}, ""eff_fps"": {""pose"": 12, ""gesture"": 30}, ""latency_ms"": {""pose"": 0, ""gesture"": 0}, ""svclat_ms"": {""pose"": 27.79, ""gesture"": 21.6}}, ""a2"": {""services"": [""pose"", ""gesture""], ""fps"": {""pose"": 11, ""gesture"": 30}, ""eff_fps"": {""pose"": 11, ""gesture"": 30}, ""latency_ms"": {""pose"": 0, ""gesture"": 0}, ""svclat_ms"": {""pose"": 35.06, ""gesture"": 15.78}}, ""a3"": {""services"": [""pose"", ""gesture""], ""fps"": {""pose"": 12, ""gesture"": 30}, ""eff_fps"": {""pose"": 12, ""gesture"": 30}, ""latency_ms"": {""pose"": 0, ""gesture"": 0}, ""svclat_ms"": {""pose"": 31.36, ""gesture"": 16.34}}, ""a4"": {""services"": [""pose"", ""gesture""], ""fps"": {""pose"": 11, ""gesture"": 30}, ""eff_fps"": {""pose"": 11, ""gesture"": 30}, ""latency_ms"": {""pose"": 0, ""gesture"": 0}, ""svclat_ms"": {""pose"": 24.02, ""gesture"": 15.69}}, ""a5"": {""services"": [""pose"", ""gesture""], ""fps"": {""pose"": 11, ""gesture"": 30}, ""eff_fps"": {""pose"": 11, ""gesture"": 30}, ""latency_ms"": {""pose"": 0, ""gesture"": 0}, ""svclat_ms"": {""pose"": 23.84, ""gesture"": 13.7}}, ""a6"": {""services"": [""pose"", ""gesture""], ""fps"": {""pose"": 12, ""gesture"": 30}, ""eff_fps"": {""pose"": 12, ""gesture"": 30}, ""latency_ms"": {""pose"": 0, ""gesture"": 0}, ""svclat_ms"": {""pose"": 27.65, ""gesture"": 14.76}}, ""a7"": {""services"": [""pose"", ""gesture""], ""fps"": {""pose"": 12, ""gesture"": 30}, ""eff_fps"": {""pose"": 12, ""gesture"": 30}, ""latency_ms"": {""pose"": 0, ""gesture"": 0}, ""svclat_ms"": {""pose"": 22.96, ""gesture"": 18.16}}, ""a8"": {""services"": [""pose"", ""gesture""], ""fps"": {""pose"": 12, ""gesture"": 30}, ""eff_fps"": {""pose"": 12, ""gesture"": 30}, ""latency_ms"": {""pose"": 0, ""gesture"": 0}, ""svclat_ms"": {""pose"": 32.41, ""gesture"": 15.07}}, ""a9"": {""services"": [""pose"", ""gesture""], ""fps"": {""pose"": 11, ""gesture"": 30}, ""eff_fps"": {""pose"": 11, ""gesture"": 30}, ""latency_ms"": {""pose"": 0, ""gesture"": 0}, ""svclat_ms"": {""pose"": 33.49, ""gesture"": 17.96}}, ""a10"": {""services"": [""pose"", ""gesture""], ""fps"": {""pose"": 11, ""gesture"": 30}, ""eff_fps"": {""pose"": 11, ""gesture"": 30}, ""latency_ms"": {""pose"": 0, ""gesture"": 0}, ""svclat_ms"": {""pose"": 36.03, ""gesture"": 14.89}}, ""a11"": {""services"": [""pose"", ""gesture""], ""fps"": {""pose"": 11, ""gesture"": 30}, ""eff_fps"": {""pose"": 11, ""gesture"": 30}, ""latency_ms"": {""pose"": 0, ""gesture"": 0}, ""svclat_ms"": {""pose"": 23.59, ""gesture"": 21.36}}, ""a12"": {""services"": [""pose"", ""gesture""], ""fps"": {""pose"": 0, ""gesture"": 0}, ""eff_fps"": {""pose"": 0, ""gesture"": 0}, ""latency_ms"": {""pose"": 0, ""gesture"": 0}, ""svclat_ms"": {""pose"": 0.0, ""gesture"": 0.0}}, ""z1"": {""services"": [""gesture"", ""object""], ""fps"": {""gesture"": 0, ""object"": 0}, ""eff_fps"": {""gesture"": 0, ""object"": 0}, ""latency_ms"": {""gesture"": 0, ""object"": 0}, ""svclat_ms"": {""gesture"": 0.0, ""object"": 0.0}}, ""z2"": {""services"": [""gesture"", ""object""], ""fps"": {""gesture"": 0, ""object"": 0}, ""eff_fps"": {""gesture"": 0, ""object"": 0}, ""latency_ms"": {""gesture"": 0, ""object"": 0}, ""svclat_ms"": {""gesture"": 0.0, ""object"": 0.0}}, ""z3"": {""services"": [""gesture"", ""object""], ""fps"": {""gesture"": 0, ""object"": 0}, ""eff_fps"": {""gesture"": 0, ""object"": 0}, ""latency_ms"": {""gesture"": 0, ""object"": 0}, ""svclat_ms"": {""gesture"": 0.0, ""object"": 0.0}}, ""z4"": {""services"": [""gesture"", ""object""], ""fps"": {""gesture"": 0, ""object"": 0}, ""eff_fps"": {""gesture"": 0, ""object"": 0}, ""latency_ms"": {""gesture"": 0, ""object"": 0}, ""svclat_ms"": {""gesture"": 0.0, ""object"": 0.0}}, ""z5"": {""services"": [""gesture"", ""object""], ""fps"": {""gesture"": 0, ""object"": 0}, ""eff_fps"": {""gesture"": 0, ""object"": 0}, ""latency_ms"": {""gesture"": 0, ""object"": 0}, ""svclat_ms"": {""gesture"": 0.0, ""object"": 0.0}}, ""z6"": {""services"": [""gesture"", ""object""], ""fps"": {""gesture"": 0, ""object"": 0}, ""eff_fps"": {""gesture"": 0, ""object"": 0}, ""latency_ms"": {""gesture"": 0, ""object"": 0}, ""svclat_ms"": {""gesture"": 0.0, ""object"": 0.0}}, ""z7"": {""services"": [""gesture"", ""object""], ""fps"": {""gesture"": 0, ""object"": 0}, ""eff_fps"": {""gesture"": 0, ""object"": 0}, ""latency_ms"": {""gesture"": 0, ""object"": 0}, ""svclat_ms"": {""gesture"": 0.0, ""object"": 0.0}}, ""z8"": {""services"": [""gesture"", ""object""], ""fps"": {""gesture"": 0, ""object"": 0}, ""eff_fps"": {""gesture"": 0, ""object"": 0}, ""latency_ms"": {""gesture"": 0, ""object"": 0}, ""svclat_ms"": {""gesture"": 0.0, ""object"": 0.0}}}"
102.3,13,12,0.923,0,0,9,9,9,1.0,905.0,498.0,0.55,0.0,0.75,0.0,11.45,30.0,0,11.45,30.0,0,0,0,0,28.1,16.2,0,456,"{""ip-172-31-0-204"": ""healthy"", ""ip-172-31-1-171"": ""healthy"", ""ip-172-31-10-12"": ""healthy"", ""ip-172-31-11-132"": ""healthy"", ""ip-172-31-13-134"": ""healthy"", ""ip-172-31-14-68"": ""healthy"", ""ip-172-31-40-239"": ""healthy""}",subscribe,9.0,0.6917,0,0,"{""ip-172-31-0-204"": {""pose"": 1, ""gesture"": 1}, ""ip-172-31-1-171"": {""gesture"": 1}, ""ip-172-31-10-12"": {""gesture"": 1}, ""ip-172-31-11-132"": {""gesture"": 1}, ""ip-172-31-13-134"": {""gesture"": 1, ""pose"": 1}, ""ip-172-31-14-68"": {""gesture"": 1}, ""ip-172-31-40-239"": {""gesture"": 1}}","{""a1"": {""services"": [""pose"", ""gesture""], ""fps"": {""pose"": 11, ""gesture"": 30}, ""eff_fps"": {""pose"": 11, ""gesture"": 30}, ""latency_ms"": {""pose"": 0, ""gesture"": 0}, ""svclat_ms"": {""pose"": 26.32, ""gesture"": 20.07}}, ""a2"": {""services"": [""pose"", ""gesture""], ""fps"": {""pose"": 12, ""gesture"": 30}, ""eff_fps"": {""pose"": 12, ""gesture"": 30}, ""latency_ms"": {""pose"": 0, ""gesture"": 0}, ""svclat_ms"": {""pose"": 34.62, ""gesture"": 15.62}}, ""a3"": {""services"": [""pose"", ""gesture""], ""fps"": {""pose"": 11, ""gesture"": 30}, ""eff_fps"": {""pose"": 11, ""gesture"": 30}, ""latency_ms"": {""pose"": 0, ""gesture"": 0}, ""svclat_ms"": {""pose"": 28.78, ""gesture"": 15.12}}, ""a4"": {""services"": [""pose"", ""gesture""], ""fps"": {""pose"": 12, ""gesture"": 30}, ""eff_fps"": {""pose"": 12, ""gesture"": 30}, ""latency_ms"": {""pose"": 0, ""gesture"": 0}, ""svclat_ms"": {""pose"": 24.62, ""gesture"": 16.07}}, ""a5"": {""services"": [""pose"", ""gesture""], ""fps"": {""pose"": 11, ""gesture"": 30}, ""eff_fps"": {""pose"": 11, ""gesture"": 30}, ""latency_ms"": {""pose"": 0, ""gesture"": 0}, ""svclat_ms"": {""pose"": 23.4, ""gesture"": 13.46}}, ""a6"": {""services"": [""pose"", ""gesture""], ""fps"": {""pose"": 12, ""gesture"": 30}, ""eff_fps"": {""pose"": 12, ""gesture"": 30}, ""latency_ms"": {""pose"": 0, ""gesture"": 0}, ""svclat_ms"": {""pose"": 25.77, ""gesture"": 14.8}}, ""a7"": {""services"": [""pose"", ""gesture""], ""fps"": {""pose"": 12, ""gesture"": 30}, ""eff_fps"": {""pose"": 12, ""gesture"": 30}, ""latency_ms"": {""pose"": 0, ""gesture"": 0}, ""svclat_ms"": {""pose"": 24.51, ""gesture"": 17.48}}, ""a8"": {""services"": [""pose"", ""gesture""], ""fps"": {""pose"": 11, ""gesture"": 30}, ""eff_fps"": {""pose"": 11, ""gesture"": 30}, ""latency_ms"": {""pose"": 0, ""gesture"": 0}, ""svclat_ms"": {""pose"": 28.99, ""gesture"": 14.74}}, ""a9"": {""services"": [""pose"", ""gesture""], ""fps"": {""pose"": 12, ""gesture"": 30}, ""eff_fps"": {""pose"": 12, ""gesture"": 30}, ""latency_ms"": {""pose"": 0, ""gesture"": 0}, ""svclat_ms"": {""pose"": 31.74, ""gesture"": 16.88}}, ""a10"": {""services"": [""pose"", ""gesture""], ""fps"": {""pose"": 11, ""gesture"": 30}, ""eff_fps"": {""pose"": 11, ""gesture"": 30}, ""latency_ms"": {""pose"": 0, ""gesture"": 0}, ""svclat_ms"": {""pose"": 35.83, ""gesture"": 14.76}}, ""a11"": {""services"": [""pose"", ""gesture""], ""fps"": {""pose"": 11, ""gesture"": 30}, ""eff_fps"": {""pose"": 11, ""gesture"": 30}, ""latency_ms"": {""pose"": 0, ""gesture"": 0}, ""svclat_ms"": {""pose"": 24.5, ""gesture"": 19.23}}, ""a12"": {""services"": [""pose"", ""gesture""], ""fps"": {""pose"": 0, ""gesture"": 0}, ""eff_fps"": {""pose"": 0, ""gesture"": 0}, ""latency_ms"": {""pose"": 0, ""gesture"": 0}, ""svclat_ms"": {""pose"": 0.0, ""gesture"": 0.0}}, ""z1"": {""services"": [""gesture"", ""object""], ""fps"": {""gesture"": 0, ""object"": 0}, ""eff_fps"": {""gesture"": 0, ""object"": 0}, ""latency_ms"": {""gesture"": 0, ""object"": 0}, ""svclat_ms"": {""gesture"": 0.0, ""object"": 0.0}}, ""z2"": {""services"": [""gesture"", ""object""], ""fps"": {""gesture"": 0, ""object"": 0}, ""eff_fps"": {""gesture"": 0, ""object"": 0}, ""latency_ms"": {""gesture"": 0, ""object"": 0}, ""svclat_ms"": {""gesture"": 0.0, ""object"": 0.0}}, ""z3"": {""services"": [""gesture"", ""object""], ""fps"": {""gesture"": 0, ""object"": 0}, ""eff_fps"": {""gesture"": 0, ""object"": 0}, ""latency_ms"": {""gesture"": 0, ""object"": 0}, ""svclat_ms"": {""gesture"": 0.0, ""object"": 0.0}}, ""z4"": {""services"": [""gesture"", ""object""], ""fps"": {""gesture"": 0, ""object"": 0}, ""eff_fps"": {""gesture"": 0, ""object"": 0}, ""latency_ms"": {""gesture"": 0, ""object"": 0}, ""svclat_ms"": {""gesture"": 0.0, ""object"": 0.0}}, ""z5"": {""services"": [""gesture"", ""object""], ""fps"": {""gesture"": 0, ""object"": 0}, ""eff_fps"": {""gesture"": 0, ""object"": 0}, ""latency_ms"": {""gesture"": 0, ""object"": 0}, ""svclat_ms"": {""gesture"": 0.0, ""object"": 0.0}}, ""z6"": {""services"": [""gesture"", ""object""], ""fps"": {""gesture"": 0, ""object"": 0}, ""eff_fps"": {""gesture"": 0, ""object"": 0}, ""latency_ms"": {""gesture"": 0, ""object"": 0}, ""svclat_ms"": {""gesture"": 0.0, ""object"": 0.0}}, ""z7"": {""services"": [""gesture"", ""object""], ""fps"": {""gesture"": 0, ""object"": 0}, ""eff_fps"": {""gesture"": 0, ""object"": 0}, ""latency_ms"": {""gesture"": 0, ""object"": 0}, ""svclat_ms"": {""gesture"": 0.0, ""object"": 0.0}}, ""z8"": {""services"": [""gesture"", ""object""], ""fps"": {""gesture"": 0, ""object"": 0}, ""eff_fps"": {""gesture"": 0, ""object"": 0}, ""latency_ms"": {""gesture"": 0, ""object"": 0}, ""svclat_ms"": {""gesture"": 0.0, ""object"": 0.0}}, ""z9"": {""services"": [""gesture"", ""object""], ""fps"": {""gesture"": 0, ""object"": 0}, ""eff_fps"": {""gesture"": 0, ""object"": 0}, ""latency_ms"": {""gesture"": 0, ""object"": 0}, ""svclat_ms"": {""gesture"": 0.0, ""object"": 0.0}}}"
104.6,13,12,0.923,0,0,9,9,9,1.0,905.0,498.0,0.55,0.0,0.75,0.0,11.18,29.91,0,11.09,29.91,0,0,0,0,32.09,16.57,0,452,"{""ip-172-31-0-204"": ""healthy"", ""ip-172-31-1-171"": ""healthy"", ""ip-172-31-10-12"": ""healthy"", ""ip-172-31-11-132"": ""healthy"", ""ip-172-31-13-134"": ""healthy"", ""ip-172-31-14-68"": ""healthy"", ""ip-172-31-40-239"": ""healthy""}",subscribe,9.0,0.6917,0,0,"{""ip-172-31-0-204"": {""pose"": 1, ""gesture"": 1}, ""ip-172-31-1-171"": {""gesture"": 1}, ""ip-172-31-10-12"": {""gesture"": 1}, ""ip-172-31-11-132"": {""gesture"": 1}, ""ip-172-31-13-134"": {""gesture"": 1, ""pose"": 1}, ""ip-172-31-14-68"": {""gesture"": 1}, ""ip-172-31-40-239"": {""gesture"": 1}}","{""a1"": {""services"": [""pose"", ""gesture""], ""fps"": {""pose"": 11, ""gesture"": 30}, ""eff_fps"": {""pose"": 11, ""gesture"": 30}, ""latency_ms"": {""pose"": 0, ""gesture"": 0}, ""svclat_ms"": {""pose"": 26.82, ""gesture"": 20.8}}, ""a2"": {""services"": [""pose"", ""gesture""], ""fps"": {""pose"": 11, ""gesture"": 30}, ""eff_fps"": {""pose"": 11, ""gesture"": 30}, ""latency_ms"": {""pose"": 0, ""gesture"": 0}, ""svclat_ms"": {""pose"": 34.48, ""gesture"": 16.19}}, ""a3"": {""services"": [""pose"", ""gesture""], ""fps"": {""pose"": 11, ""gesture"": 30}, ""eff_fps"": {""pose"": 11, ""gesture"": 30}, ""latency_ms"": {""pose"": 0, ""gesture"": 0}, ""svclat_ms"": {""pose"": 28.47, ""gesture"": 15.49}}, ""a4"": {""services"": [""pose"", ""gesture""], ""fps"": {""pose"": 11, ""gesture"": 29}, ""eff_fps"": {""pose"": 11, ""gesture"": 29}, ""latency_ms"": {""pose"": 0, ""gesture"": 0}, ""svclat_ms"": {""pose"": 31.7, ""gesture"": 17.58}}, ""a5"": {""services"": [""pose"", ""gesture""], ""fps"": {""pose"": 11, ""gesture"": 30}, ""eff_fps"": {""pose"": 11, ""gesture"": 30}, ""latency_ms"": {""pose"": 0, ""gesture"": 0}, ""svclat_ms"": {""pose"": 24.3, ""gesture"": 13.78}}, ""a6"": {""services"": [""pose"", ""gesture""], ""fps"": {""pose"": 12, ""gesture"": 30}, ""eff_fps"": {""pose"": 12, ""gesture"": 30}, ""latency_ms"": {""pose"": 0, ""gesture"": 0}, ""svclat_ms"": {""pose"": 28.68, ""gesture"": 14.49}}, ""a7"": {""services"": [""pose"", ""gesture""], ""fps"": {""pose"": 12, ""gesture"": 30}, ""eff_fps"": {""pose"": 12, ""gesture"": 30}, ""latency_ms"": {""pose"": 0, ""gesture"": 0}, ""svclat_ms"": {""pose"": 24.34, ""gesture"": 17.27}}, ""a8"": {""services"": [""pose"", ""gesture""], ""fps"": {""pose"": 11, ""gesture"": 30}, ""eff_fps"": {""pose"": 11, ""gesture"": 30}, ""latency_ms"": {""pose"": 0, ""gesture"": 0}, ""svclat_ms"": {""pose"": 30.86, ""gesture"": 14.96}}, ""a9"": {""services"": [""pose"", ""gesture""], ""fps"": {""pose"": 11, ""gesture"": 30}, ""eff_fps"": {""pose"": 11, ""gesture"": 30}, ""latency_ms"": {""pose"": 0, ""gesture"": 0}, ""svclat_ms"": {""pose"": 26.71, ""gesture"": 17.19}}, ""a10"": {""services"": [""pose"", ""gesture""], ""fps"": {""pose"": 12, ""gesture"": 30}, ""eff_fps"": {""pose"": 12, ""gesture"": 30}, ""latency_ms"": {""pose"": 0, ""gesture"": 0}, ""svclat_ms"": {""pose"": 35.52, ""gesture"": 14.97}}, ""a11"": {""services"": [""pose"", ""gesture""], ""fps"": {""pose"": 10, ""gesture"": 30}, ""eff_fps"": {""pose"": 9, ""gesture"": 30}, ""latency_ms"": {""pose"": 0, ""gesture"": 0}, ""svclat_ms"": {""pose"": 61.1, ""gesture"": 19.51}}, ""a12"": {""services"": [""pose"", ""gesture""], ""fps"": {""pose"": 0, ""gesture"": 0}, ""eff_fps"": {""pose"": 0, ""gesture"": 0}, ""latency_ms"": {""pose"": 0, ""gesture"": 0}, ""svclat_ms"": {""pose"": 0.0, ""gesture"": 0.0}}, ""z1"": {""services"": [""gesture"", ""object""], ""fps"": {""gesture"": 0, ""object"": 0}, ""eff_fps"": {""gesture"": 0, ""object"": 0}, ""latency_ms"": {""gesture"": 0, ""object"": 0}, ""svclat_ms"": {""gesture"": 0.0, ""object"": 0.0}}, ""z2"": {""services"": [""gesture"", ""object""], ""fps"": {""gesture"": 0, ""object"": 0}, ""eff_fps"": {""gesture"": 0, ""object"": 0}, ""latency_ms"": {""gesture"": 0, ""object"": 0}, ""svclat_ms"": {""gesture"": 0.0, ""object"": 0.0}}, ""z3"": {""services"": [""gesture"", ""object""], ""fps"": {""gesture"": 0, ""object"": 0}, ""eff_fps"": {""gesture"": 0, ""object"": 0}, ""latency_ms"": {""gesture"": 0, ""object"": 0}, ""svclat_ms"": {""gesture"": 0.0, ""object"": 0.0}}, ""z4"": {""services"": [""gesture"", ""object""], ""fps"": {""gesture"": 0, ""object"": 0}, ""eff_fps"": {""gesture"": 0, ""object"": 0}, ""latency_ms"": {""gesture"": 0, ""object"": 0}, ""svclat_ms"": {""gesture"": 0.0, ""object"": 0.0}}, ""z5"": {""services"": [""gesture"", ""object""], ""fps"": {""gesture"": 0, ""object"": 0}, ""eff_fps"": {""gesture"": 0, ""object"": 0}, ""latency_ms"": {""gesture"": 0, ""object"": 0}, ""svclat_ms"": {""gesture"": 0.0, ""object"": 0.0}}, ""z6"": {""services"": [""gesture"", ""object""], ""fps"": {""gesture"": 0, ""object"": 0}, ""eff_fps"": {""gesture"": 0, ""object"": 0}, ""latency_ms"": {""gesture"": 0, ""object"": 0}, ""svclat_ms"": {""gesture"": 0.0, ""object"": 0.0}}, ""z7"": {""services"": [""gesture"", ""object""], ""fps"": {""gesture"": 0, ""object"": 0}, ""eff_fps"": {""gesture"": 0, ""object"": 0}, ""latency_ms"": {""gesture"": 0, ""object"": 0}, ""svclat_ms"": {""gesture"": 0.0, ""object"": 0.0}}, ""z8"": {""services"": [""gesture"", ""object""], ""fps"": {""gesture"": 0, ""object"": 0}, ""eff_fps"": {""gesture"": 0, ""object"": 0}, ""latency_ms"": {""gesture"": 0, ""object"": 0}, ""svclat_ms"": {""gesture"": 0.0, ""object"": 0.0}}, ""z9"": {""services"": [""gesture"", ""object""], ""fps"": {""gesture"": 0, ""object"": 0}, ""eff_fps"": {""gesture"": 0, ""object"": 0}, ""latency_ms"": {""gesture"": 0, ""object"": 0}, ""svclat_ms"": {""gesture"": 0.0, ""object"": 0.0}}}"
106.9,13,12,0.923,0,0,9,9,9,1.0,905.0,498.0,0.55,0.0,0.75,0.0,11.36,30.09,0,11.36,30.09,0,0,0,0,28.49,16.31,0,456,"{""ip-172-31-0-204"": ""healthy"", ""ip-172-31-1-171"": ""healthy"", ""ip-172-31-10-12"": ""healthy"", ""ip-172-31-11-132"": ""healthy"", ""ip-172-31-13-134"": ""healthy"", ""ip-172-31-14-68"": ""healthy"", ""ip-172-31-40-239"": ""healthy""}",subscribe,9.0,0.6917,0,0,"{""ip-172-31-0-204"": {""pose"": 1, ""gesture"": 1}, ""ip-172-31-1-171"": {""gesture"": 1}, ""ip-172-31-10-12"": {""gesture"": 1}, ""ip-172-31-11-132"": {""gesture"": 1}, ""ip-172-31-13-134"": {""gesture"": 1, ""pose"": 1}, ""ip-172-31-14-68"": {""gesture"": 1}, ""ip-172-31-40-239"": {""gesture"": 1}}","{""a1"": {""services"": [""pose"", ""gesture""], ""fps"": {""pose"": 11, ""gesture"": 30}, ""eff_fps"": {""pose"": 11, ""gesture"": 30}, ""latency_ms"": {""pose"": 0, ""gesture"": 0}, ""svclat_ms"": {""pose"": 25.88, ""gesture"": 20.9}}, ""a2"": {""services"": [""pose"", ""gesture""], ""fps"": {""pose"": 11, ""gesture"": 30}, ""eff_fps"": {""pose"": 11, ""gesture"": 30}, ""latency_ms"": {""pose"": 0, ""gesture"": 0}, ""svclat_ms"": {""pose"": 28.99, ""gesture"": 15.72}}, ""a3"": {""services"": [""pose"", ""gesture""], ""fps"": {""pose"": 11, ""gesture"": 30}, ""eff_fps"": {""pose"": 11, ""gesture"": 30}, ""latency_ms"": {""pose"": 0, ""gesture"": 0}, ""svclat_ms"": {""pose"": 29.28, ""gesture"": 14.91}}, ""a4"": {""services"": [""pose"", ""gesture""], ""fps"": {""pose"": 11, ""gesture"": 30}, ""eff_fps"": {""pose"": 11, ""gesture"": 30}, ""latency_ms"": {""pose"": 0, ""gesture"": 0}, ""svclat_ms"": {""pose"": 29.69, ""gesture"": 16.06}}, ""a5"": {""services"": [""pose"", ""gesture""], ""fps"": {""pose"": 12, ""gesture"": 30}, ""eff_fps"": {""pose"": 12, ""gesture"": 30}, ""latency_ms"": {""pose"": 0, ""gesture"": 0}, ""svclat_ms"": {""pose"": 23.52, ""gesture"": 13.43}}, ""a6"": {""services"": [""pose"", ""gesture""], ""fps"": {""pose"": 11, ""gesture"": 30}, ""eff_fps"": {""pose"": 11, ""gesture"": 30}, ""latency_ms"": {""pose"": 0, ""gesture"": 0}, ""svclat_ms"": {""pose"": 31.83, ""gesture"": 14.46}}, ""a7"": {""services"": [""pose"", ""gesture""], ""fps"": {""pose"": 11, ""gesture"": 31}, ""eff_fps"": {""pose"": 11, ""gesture"": 31}, ""latency_ms"": {""pose"": 0, ""gesture"": 0}, ""svclat_ms"": {""pose"": 23.06, ""gesture"": 17.57}}, ""a8"": {""services"": [""pose"", ""gesture""], ""fps"": {""pose"": 11, ""gesture"": 30}, ""eff_fps"": {""pose"": 11, ""gesture"": 30}, ""latency_ms"": {""pose"": 0, ""gesture"": 0}, ""svclat_ms"": {""pose"": 29.64, ""gesture"": 14.75}}, ""a9"": {""services"": [""pose"", ""gesture""], ""fps"": {""pose"": 12, ""gesture"": 30}, ""eff_fps"": {""pose"": 12, ""gesture"": 30}, ""latency_ms"": {""pose"": 0, ""gesture"": 0}, ""svclat_ms"": {""pose"": 24.61, ""gesture"": 17.45}}, ""a10"": {""services"": [""pose"", ""gesture""], ""fps"": {""pose"": 12, ""gesture"": 30}, ""eff_fps"": {""pose"": 12, ""gesture"": 30}, ""latency_ms"": {""pose"": 0, ""gesture"": 0}, ""svclat_ms"": {""pose"": 35.0, ""gesture"": 15.43}}, ""a11"": {""services"": [""pose"", ""gesture""], ""fps"": {""pose"": 12, ""gesture"": 30}, ""eff_fps"": {""pose"": 12, ""gesture"": 30}, ""latency_ms"": {""pose"": 0, ""gesture"": 0}, ""svclat_ms"": {""pose"": 31.93, ""gesture"": 18.72}}, ""a12"": {""services"": [""pose"", ""gesture""], ""fps"": {""pose"": 0, ""gesture"": 0}, ""eff_fps"": {""pose"": 0, ""gesture"": 0}, ""latency_ms"": {""pose"": 0, ""gesture"": 0}, ""svclat_ms"": {""pose"": 0.0, ""gesture"": 0.0}}, ""z1"": {""services"": [""gesture"", ""object""], ""fps"": {""gesture"": 0, ""object"": 0}, ""eff_fps"": {""gesture"": 0, ""object"": 0}, ""latency_ms"": {""gesture"": 0, ""object"": 0}, ""svclat_ms"": {""gesture"": 0.0, ""object"": 0.0}}, ""z2"": {""services"": [""gesture"", ""object""], ""fps"": {""gesture"": 0, ""object"": 0}, ""eff_fps"": {""gesture"": 0, ""object"": 0}, ""latency_ms"": {""gesture"": 0, ""object"": 0}, ""svclat_ms"": {""gesture"": 0.0, ""object"": 0.0}}, ""z3"": {""services"": [""gesture"", ""object""], ""fps"": {""gesture"": 0, ""object"": 0}, ""eff_fps"": {""gesture"": 0, ""object"": 0}, ""latency_ms"": {""gesture"": 0, ""object"": 0}, ""svclat_ms"": {""gesture"": 0.0, ""object"": 0.0}}, ""z4"": {""services"": [""gesture"", ""object""], ""fps"": {""gesture"": 0, ""object"": 0}, ""eff_fps"": {""gesture"": 0, ""object"": 0}, ""latency_ms"": {""gesture"": 0, ""object"": 0}, ""svclat_ms"": {""gesture"": 0.0, ""object"": 0.0}}, ""z5"": {""services"": [""gesture"", ""object""], ""fps"": {""gesture"": 0, ""object"": 0}, ""eff_fps"": {""gesture"": 0, ""object"": 0}, ""latency_ms"": {""gesture"": 0, ""object"": 0}, ""svclat_ms"": {""gesture"": 0.0, ""object"": 0.0}}, ""z6"": {""services"": [""gesture"", ""object""], ""fps"": {""gesture"": 0, ""object"": 0}, ""eff_fps"": {""gesture"": 0, ""object"": 0}, ""latency_ms"": {""gesture"": 0, ""object"": 0}, ""svclat_ms"": {""gesture"": 0.0, ""object"": 0.0}}, ""z7"": {""services"": [""gesture"", ""object""], ""fps"": {""gesture"": 0, ""object"": 0}, ""eff_fps"": {""gesture"": 0, ""object"": 0}, ""latency_ms"": {""gesture"": 0, ""object"": 0}, ""svclat_ms"": {""gesture"": 0.0, ""object"": 0.0}}, ""z8"": {""services"": [""gesture"", ""object""], ""fps"": {""gesture"": 0, ""object"": 0}, ""eff_fps"": {""gesture"": 0, ""object"": 0}, ""latency_ms"": {""gesture"": 0, ""object"": 0}, ""svclat_ms"": {""gesture"": 0.0, ""object"": 0.0}}, ""z9"": {""services"": [""gesture"", ""object""], ""fps"": {""gesture"": 0, ""object"": 0}, ""eff_fps"": {""gesture"": 0, ""object"": 0}, ""latency_ms"": {""gesture"": 0, ""object"": 0}, ""svclat_ms"": {""gesture"": 0.0, ""object"": 0.0}}, ""z10"": {""services"": [""gesture"", ""object""], ""fps"": {""gesture"": 0, ""object"": 0}, ""eff_fps"": {""gesture"": 0, ""object"": 0}, ""latency_ms"": {""gesture"": 0, ""object"": 0}, ""svclat_ms"": {""gesture"": 0.0, ""object"": 0.0}}}"
109.2,13,12,0.923,0,0,9,9,9,1.0,905.0,498.0,0.55,0.0,0.75,0.0,11.82,29.82,0,11.82,29.82,0,0,0,0,28.04,16.42,0,458,"{""ip-172-31-0-204"": ""healthy"", ""ip-172-31-1-171"": ""healthy"", ""ip-172-31-10-12"": ""healthy"", ""ip-172-31-11-132"": ""healthy"", ""ip-172-31-13-134"": ""healthy"", ""ip-172-31-14-68"": ""healthy"", ""ip-172-31-40-239"": ""healthy""}",subscribe,9.0,0.6917,0,0,"{""ip-172-31-0-204"": {""pose"": 1, ""gesture"": 1}, ""ip-172-31-1-171"": {""gesture"": 1}, ""ip-172-31-10-12"": {""gesture"": 1}, ""ip-172-31-11-132"": {""gesture"": 1}, ""ip-172-31-13-134"": {""gesture"": 1, ""pose"": 1}, ""ip-172-31-14-68"": {""gesture"": 1}, ""ip-172-31-40-239"": {""gesture"": 1}}","{""a1"": {""services"": [""pose"", ""gesture""], ""fps"": {""pose"": 12, ""gesture"": 29}, ""eff_fps"": {""pose"": 12, ""gesture"": 29}, ""latency_ms"": {""pose"": 0, ""gesture"": 0}, ""svclat_ms"": {""pose"": 25.45, ""gesture"": 20.06}}, ""a2"": {""services"": [""pose"", ""gesture""], ""fps"": {""pose"": 12, ""gesture"": 30}, ""eff_fps"": {""pose"": 12, ""gesture"": 30}, ""latency_ms"": {""pose"": 0, ""gesture"": 0}, ""svclat_ms"": {""pose"": 28.86, ""gesture"": 15.74}}, ""a3"": {""services"": [""pose"", ""gesture""], ""fps"": {""pose"": 12, ""gesture"": 30}, ""eff_fps"": {""pose"": 12, ""gesture"": 30}, ""latency_ms"": {""pose"": 0, ""gesture"": 0}, ""svclat_ms"": {""pose"": 29.76, ""gesture"": 14.8}}, ""a4"": {""services"": [""pose"", ""gesture""], ""fps"": {""pose"": 12, ""gesture"": 30}, ""eff_fps"": {""pose"": 12, ""gesture"": 30}, ""latency_ms"": {""pose"": 0, ""gesture"": 0}, ""svclat_ms"": {""pose"": 30.0, ""gesture"": 15.81}}, ""a5"": {""services"": [""pose"", ""gesture""], ""fps"": {""pose"": 12, ""gesture"": 30}, ""eff_fps"": {""pose"": 12, ""gesture"": 30}, ""latency_ms"": {""pose"": 0, ""gesture"": 0}, ""svclat_ms"": {""pose"": 22.78, ""gesture"": 13.84}}, ""a6"": {""services"": [""pose"", ""gesture""], ""fps"": {""pose"": 12, ""gesture"": 30}, ""eff_fps"": {""pose"": 12, ""gesture"": 30}, ""latency_ms"": {""pose"": 0, ""gesture"": 0}, ""svclat_ms"": {""pose"": 30.85, ""gesture"": 14.69}}, ""a7"": {""services"": [""pose"", ""gesture""], ""fps"": {""pose"": 11, ""gesture"": 30}, ""eff_fps"": {""pose"": 11, ""gesture"": 30}, ""latency_ms"": {""pose"": 0, ""gesture"": 0}, ""svclat_ms"": {""pose"": 23.57, ""gesture"": 17.47}}, ""a8"": {""services"": [""pose"", ""gesture""], ""fps"": {""pose"": 12, ""gesture"": 30}, ""eff_fps"": {""pose"": 12, ""gesture"": 30}, ""latency_ms"": {""pose"": 0, ""gesture"": 0}, ""svclat_ms"": {""pose"": 26.47, ""gesture"": 14.52}}, ""a9"": {""services"": [""pose"", ""gesture""], ""fps"": {""pose"": 11, ""gesture"": 29}, ""eff_fps"": {""pose"": 11, ""gesture"": 29}, ""latency_ms"": {""pose"": 0, ""gesture"": 0}, ""svclat_ms"": {""pose"": 22.71, ""gesture"": 19.76}}, ""a10"": {""services"": [""pose"", ""gesture""], ""fps"": {""pose"": 12, ""gesture"": 30}, ""eff_fps"": {""pose"": 12, ""gesture"": 30}, ""latency_ms"": {""pose"": 0, ""gesture"": 0}, ""svclat_ms"": {""pose"": 36.7, ""gesture"": 15.18}}, ""a11"": {""services"": [""pose"", ""gesture""], ""fps"": {""pose"": 12, ""gesture"": 30}, ""eff_fps"": {""pose"": 12, ""gesture"": 30}, ""latency_ms"": {""pose"": 0, ""gesture"": 0}, ""svclat_ms"": {""pose"": 31.27, ""gesture"": 18.72}}, ""a12"": {""services"": [""pose"", ""gesture""], ""fps"": {""pose"": 0, ""gesture"": 0}, ""eff_fps"": {""pose"": 0, ""gesture"": 0}, ""latency_ms"": {""pose"": 0, ""gesture"": 0}, ""svclat_ms"": {""pose"": 0.0, ""gesture"": 0.0}}, ""z1"": {""services"": [""gesture"", ""object""], ""fps"": {""gesture"": 0, ""object"": 0}, ""eff_fps"": {""gesture"": 0, ""object"": 0}, ""latency_ms"": {""gesture"": 0, ""object"": 0}, ""svclat_ms"": {""gesture"": 0.0, ""object"": 0.0}}, ""z2"": {""services"": [""gesture"", ""object""], ""fps"": {""gesture"": 0, ""object"": 0}, ""eff_fps"": {""gesture"": 0, ""object"": 0}, ""latency_ms"": {""gesture"": 0, ""object"": 0}, ""svclat_ms"": {""gesture"": 0.0, ""object"": 0.0}}, ""z3"": {""services"": [""gesture"", ""object""], ""fps"": {""gesture"": 0, ""object"": 0}, ""eff_fps"": {""gesture"": 0, ""object"": 0}, ""latency_ms"": {""gesture"": 0, ""object"": 0}, ""svclat_ms"": {""gesture"": 0.0, ""object"": 0.0}}, ""z4"": {""services"": [""gesture"", ""object""], ""fps"": {""gesture"": 0, ""object"": 0}, ""eff_fps"": {""gesture"": 0, ""object"": 0}, ""latency_ms"": {""gesture"": 0, ""object"": 0}, ""svclat_ms"": {""gesture"": 0.0, ""object"": 0.0}}, ""z5"": {""services"": [""gesture"", ""object""], ""fps"": {""gesture"": 0, ""object"": 0}, ""eff_fps"": {""gesture"": 0, ""object"": 0}, ""latency_ms"": {""gesture"": 0, ""object"": 0}, ""svclat_ms"": {""gesture"": 0.0, ""object"": 0.0}}, ""z6"": {""services"": [""gesture"", ""object""], ""fps"": {""gesture"": 0, ""object"": 0}, ""eff_fps"": {""gesture"": 0, ""object"": 0}, ""latency_ms"": {""gesture"": 0, ""object"": 0}, ""svclat_ms"": {""gesture"": 0.0, ""object"": 0.0}}, ""z7"": {""services"": [""gesture"", ""object""], ""fps"": {""gesture"": 0, ""object"": 0}, ""eff_fps"": {""gesture"": 0, ""object"": 0}, ""latency_ms"": {""gesture"": 0, ""object"": 0}, ""svclat_ms"": {""gesture"": 0.0, ""object"": 0.0}}, ""z8"": {""services"": [""gesture"", ""object""], ""fps"": {""gesture"": 0, ""object"": 0}, ""eff_fps"": {""gesture"": 0, ""object"": 0}, ""latency_ms"": {""gesture"": 0, ""object"": 0}, ""svclat_ms"": {""gesture"": 0.0, ""object"": 0.0}}, ""z9"": {""services"": [""gesture"", ""object""], ""fps"": {""gesture"": 0, ""object"": 0}, ""eff_fps"": {""gesture"": 0, ""object"": 0}, ""latency_ms"": {""gesture"": 0, ""object"": 0}, ""svclat_ms"": {""gesture"": 0.0, ""object"": 0.0}}, ""z10"": {""services"": [""gesture"", ""object""], ""fps"": {""gesture"": 0, ""object"": 0}, ""eff_fps"": {""gesture"": 0, ""object"": 0}, ""latency_ms"": {""gesture"": 0, ""object"": 0}, ""svclat_ms"": {""gesture"": 0.0, ""object"": 0.0}}}"
113.4,14,13,0.929,1,0,10,10,10,1.0,960.0,558.0,0.581,0.0,0.77,0.0,11.55,29.82,0,11.55,29.82,0,0,0,0,27.22,16.5,0,455,"{""ip-172-31-0-204"": ""healthy"", ""ip-172-31-1-171"": ""healthy"", ""ip-172-31-10-12"": ""healthy"", ""ip-172-31-11-132"": ""healthy"", ""ip-172-31-13-134"": ""healthy"", ""ip-172-31-14-68"": ""healthy"", ""ip-172-31-40-239"": ""healthy""}",subscribe,9.8,0.7154,0,0,"{""ip-172-31-0-204"": {""pose"": 1, ""gesture"": 1}, ""ip-172-31-1-171"": {""gesture"": 1}, ""ip-172-31-10-12"": {""gesture"": 1, ""object"": 1}, ""ip-172-31-11-132"": {""gesture"": 1}, ""ip-172-31-13-134"": {""gesture"": 1, ""pose"": 1}, ""ip-172-31-14-68"": {""gesture"": 1}, ""ip-172-31-40-239"": {""gesture"": 1}}","{""a1"": {""services"": [""pose"", ""gesture""], ""fps"": {""pose"": 12, ""gesture"": 30}, ""eff_fps"": {""pose"": 12, ""gesture"": 30}, ""latency_ms"": {""pose"": 0, ""gesture"": 0}, ""svclat_ms"": {""pose"": 23.77, ""gesture"": 16.77}}, ""a2"": {""services"": [""pose"", ""gesture""], ""fps"": {""pose"": 12, ""gesture"": 30}, ""eff_fps"": {""pose"": 12, ""gesture"": 30}, ""latency_ms"": {""pose"": 0, ""gesture"": 0}, ""svclat_ms"": {""pose"": 27.9, ""gesture"": 15.71}}, ""a3"": {""services"": [""pose"", ""gesture""], ""fps"": {""pose"": 12, ""gesture"": 30}, ""eff_fps"": {""pose"": 12, ""gesture"": 30}, ""latency_ms"": {""pose"": 0, ""gesture"": 0}, ""svclat_ms"": {""pose"": 27.71, ""gesture"": 15.26}}, ""a4"": {""services"": [""pose"", ""gesture""], ""fps"": {""pose"": 12, ""gesture"": 30}, ""eff_fps"": {""pose"": 12, ""gesture"": 30}, ""latency_ms"": {""pose"": 0, ""gesture"": 0}, ""svclat_ms"": {""pose"": 28.39, ""gesture"": 16.34}}, ""a5"": {""services"": [""pose"", ""gesture""], ""fps"": {""pose"": 12, ""gesture"": 29}, ""eff_fps"": {""pose"": 12, ""gesture"": 29}, ""latency_ms"": {""pose"": 0, ""gesture"": 0}, ""svclat_ms"": {""pose"": 22.23, ""gesture"": 16.76}}, ""a6"": {""services"": [""pose"", ""gesture""], ""fps"": {""pose"": 11, ""gesture"": 30}, ""eff_fps"": {""pose"": 11, ""gesture"": 30}, ""latency_ms"": {""pose"": 0, ""gesture"": 0}, ""svclat_ms"": {""pose"": 30.62, ""gesture"": 15.53}}, ""a7"": {""services"": [""pose"", ""gesture""], ""fps"": {""pose"": 11, ""gesture"": 29}, ""eff_fps"": {""pose"": 11, ""gesture"": 29}, ""latency_ms"": {""pose"": 0, ""gesture"": 0}, ""svclat_ms"": {""pose"": 22.59, ""gesture"": 17.54}}, ""a8"": {""services"": [""pose"", ""gesture""], ""fps"": {""pose"": 12, ""gesture"": 30}, ""eff_fps"": {""pose"": 12, ""gesture"": 30}, ""latency_ms"": {""pose"": 0, ""gesture"": 0}, ""svclat_ms"": {""pose"": 26.36, ""gesture"": 14.64}}, ""a9"": {""services"": [""pose"", ""gesture""], ""fps"": {""pose"": 11, ""gesture"": 30}, ""eff_fps"": {""pose"": 11, ""gesture"": 30}, ""latency_ms"": {""pose"": 0, ""gesture"": 0}, ""svclat_ms"": {""pose"": 23.48, ""gesture"": 17.58}}, ""a10"": {""services"": [""pose"", ""gesture""], ""fps"": {""pose"": 11, ""gesture"": 30}, ""eff_fps"": {""pose"": 11, ""gesture"": 30}, ""latency_ms"": {""pose"": 0, ""gesture"": 0}, ""svclat_ms"": {""pose"": 37.44, ""gesture"": 15.13}}, ""a11"": {""services"": [""pose"", ""gesture""], ""fps"": {""pose"": 11, ""gesture"": 30}, ""eff_fps"": {""pose"": 11, ""gesture"": 30}, ""latency_ms"": {""pose"": 0, ""gesture"": 0}, ""svclat_ms"": {""pose"": 28.96, ""gesture"": 20.24}}, ""a12"": {""services"": [""pose"", ""gesture""], ""fps"": {""pose"": 0, ""gesture"": 0}, ""eff_fps"": {""pose"": 0, ""gesture"": 0}, ""latency_ms"": {""pose"": 0, ""gesture"": 0}, ""svclat_ms"": {""pose"": 0.0, ""gesture"": 0.0}}, ""z1"": {""services"": [""gesture"", ""object""], ""fps"": {""gesture"": 0, ""object"": 0}, ""eff_fps"": {""gesture"": 0, ""object"": 0}, ""latency_ms"": {""gesture"": 0, ""object"": 0}, ""svclat_ms"": {""gesture"": 0.0, ""object"": 0.0}}, ""z2"": {""services"": [""gesture"", ""object""], ""fps"": {""gesture"": 0, ""object"": 0}, ""eff_fps"": {""gesture"": 0, ""object"": 0}, ""latency_ms"": {""gesture"": 0, ""object"": 0}, ""svclat_ms"": {""gesture"": 0.0, ""object"": 0.0}}, ""z3"": {""services"": [""gesture"", ""object""], ""fps"": {""gesture"": 0, ""object"": 0}, ""eff_fps"": {""gesture"": 0, ""object"": 0}, ""latency_ms"": {""gesture"": 0, ""object"": 0}, ""svclat_ms"": {""gesture"": 0.0, ""object"": 0.0}}, ""z4"": {""services"": [""gesture"", ""object""], ""fps"": {""gesture"": 0, ""object"": 0}, ""eff_fps"": {""gesture"": 0, ""object"": 0}, ""latency_ms"": {""gesture"": 0, ""object"": 0}, ""svclat_ms"": {""gesture"": 0.0, ""object"": 0.0}}, ""z5"": {""services"": [""gesture"", ""object""], ""fps"": {""gesture"": 0, ""object"": 0}, ""eff_fps"": {""gesture"": 0, ""object"": 0}, ""latency_ms"": {""gesture"": 0, ""object"": 0}, ""svclat_ms"": {""gesture"": 0.0, ""object"": 0.0}}, ""z6"": {""services"": [""gesture"", ""object""], ""fps"": {""gesture"": 0, ""object"": 0}, ""eff_fps"": {""gesture"": 0, ""object"": 0}, ""latency_ms"": {""gesture"": 0, ""object"": 0}, ""svclat_ms"": {""gesture"": 0.0, ""object"": 0.0}}, ""z7"": {""services"": [""gesture"", ""object""], ""fps"": {""gesture"": 0, ""object"": 0}, ""eff_fps"": {""gesture"": 0, ""object"": 0}, ""latency_ms"": {""gesture"": 0, ""object"": 0}, ""svclat_ms"": {""gesture"": 0.0, ""object"": 0.0}}, ""z8"": {""services"": [""gesture"", ""object""], ""fps"": {""gesture"": 0, ""object"": 0}, ""eff_fps"": {""gesture"": 0, ""object"": 0}, ""latency_ms"": {""gesture"": 0, ""object"": 0}, ""svclat_ms"": {""gesture"": 0.0, ""object"": 0.0}}, ""z9"": {""services"": [""gesture"", ""object""], ""fps"": {""gesture"": 0, ""object"": 0}, ""eff_fps"": {""gesture"": 0, ""object"": 0}, ""latency_ms"": {""gesture"": 0, ""object"": 0}, ""svclat_ms"": {""gesture"": 0.0, ""object"": 0.0}}, ""z10"": {""services"": [""gesture"", ""object""], ""fps"": {""gesture"": 0, ""object"": 0}, ""eff_fps"": {""gesture"": 0, ""object"": 0}, ""latency_ms"": {""gesture"": 0, ""object"": 0}, ""svclat_ms"": {""gesture"": 0.0, ""object"": 0.0}}, ""z11"": {""services"": [""gesture"", ""object""], ""fps"": {""gesture"": 0, ""object"": 0}, ""eff_fps"": {""gesture"": 0, ""object"": 0}, ""latency_ms"": {""gesture"": 0, ""object"": 0}, ""svclat_ms"": {""gesture"": 0.0, ""object"": 0.0}}}"
117.3,16,15,0.938,0,0,10,10,10,1.0,960.0,656.0,0.683,0.0,0.67,0.0,11.75,30.08,0,11.75,30.08,0,0,0,0,33.54,17.64,0,502,"{""ip-172-31-0-204"": ""healthy"", ""ip-172-31-1-171"": ""healthy"", ""ip-172-31-10-12"": ""healthy"", ""ip-172-31-11-132"": ""healthy"", ""ip-172-31-13-134"": ""healthy"", ""ip-172-31-14-68"": ""healthy"", ""ip-172-31-40-239"": ""healthy""}",subscribe,10.2,0.7289,0,0,"{""ip-172-31-0-204"": {""pose"": 1, ""gesture"": 1}, ""ip-172-31-1-171"": {""gesture"": 1}, ""ip-172-31-10-12"": {""gesture"": 1, ""object"": 1}, ""ip-172-31-11-132"": {""gesture"": 1}, ""ip-172-31-13-134"": {""gesture"": 1, ""pose"": 1}, ""ip-172-31-14-68"": {""gesture"": 1}, ""ip-172-31-40-239"": {""gesture"": 1}}","{""a1"": {""services"": [""pose"", ""gesture""], ""fps"": {""pose"": 12, ""gesture"": 30}, ""eff_fps"": {""pose"": 12, ""gesture"": 30}, ""latency_ms"": {""pose"": 0, ""gesture"": 0}, ""svclat_ms"": {""pose"": 37.61, ""gesture"": 21.2}}, ""a2"": {""services"": [""pose"", ""gesture""], ""fps"": {""pose"": 12, ""gesture"": 30}, ""eff_fps"": {""pose"": 12, ""gesture"": 30}, ""latency_ms"": {""pose"": 0, ""gesture"": 0}, ""svclat_ms"": {""pose"": 28.48, ""gesture"": 17.06}}, ""a3"": {""services"": [""pose"", ""gesture""], ""fps"": {""pose"": 12, ""gesture"": 30}, ""eff_fps"": {""pose"": 12, ""gesture"": 30}, ""latency_ms"": {""pose"": 0, ""gesture"": 0}, ""svclat_ms"": {""pose"": 41.25, ""gesture"": 16.46}}, ""a4"": {""services"": [""pose"", ""gesture""], ""fps"": {""pose"": 12, ""gesture"": 30}, ""eff_fps"": {""pose"": 12, ""gesture"": 30}, ""latency_ms"": {""pose"": 0, ""gesture"": 0}, ""svclat_ms"": {""pose"": 28.93, ""gesture"": 15.86}}, ""a5"": {""services"": [""pose"", ""gesture""], ""fps"": {""pose"": 12, ""gesture"": 30}, ""eff_fps"": {""pose"": 12, ""gesture"": 30}, ""latency_ms"": {""pose"": 0, ""gesture"": 0}, ""svclat_ms"": {""pose"": 33.55, ""gesture"": 14.8}}, ""a6"": {""services"": [""pose"", ""gesture""], ""fps"": {""pose"": 11, ""gesture"": 30}, ""eff_fps"": {""pose"": 11, ""gesture"": 30}, ""latency_ms"": {""pose"": 0, ""gesture"": 0}, ""svclat_ms"": {""pose"": 30.81, ""gesture"": 15.64}}, ""a7"": {""services"": [""pose"", ""gesture""], ""fps"": {""pose"": 12, ""gesture"": 31}, ""eff_fps"": {""pose"": 12, ""gesture"": 31}, ""latency_ms"": {""pose"": 0, ""gesture"": 0}, ""svclat_ms"": {""pose"": 37.02, ""gesture"": 17.37}}, ""a8"": {""services"": [""pose"", ""gesture""], ""fps"": {""pose"": 12, ""gesture"": 30}, ""eff_fps"": {""pose"": 12, ""gesture"": 30}, ""latency_ms"": {""pose"": 0, ""gesture"": 0}, ""svclat_ms"": {""pose"": 36.69, ""gesture"": 15.66}}, ""a9"": {""services"": [""pose"", ""gesture""], ""fps"": {""pose"": 11, ""gesture"": 30}, ""eff_fps"": {""pose"": 11, ""gesture"": 30}, ""latency_ms"": {""pose"": 0, ""gesture"": 0}, ""svclat_ms"": {""pose"": 23.37, ""gesture"": 21.25}}, ""a10"": {""services"": [""pose"", ""gesture""], ""fps"": {""pose"": 12, ""gesture"": 30}, ""eff_fps"": {""pose"": 12, ""gesture"": 30}, ""latency_ms"": {""pose"": 0, ""gesture"": 0}, ""svclat_ms"": {""pose"": 49.08, ""gesture"": 15.06}}, ""a11"": {""services"": [""pose"", ""gesture""], ""fps"": {""pose"": 11, ""gesture"": 30}, ""eff_fps"": {""pose"": 11, ""gesture"": 30}, ""latency_ms"": {""pose"": 0, ""gesture"": 0}, ""svclat_ms"": {""pose"": 29.94, ""gesture"": 21.55}}, ""a12"": {""services"": [""pose"", ""gesture""], ""fps"": {""pose"": 12, ""gesture"": 30}, ""eff_fps"": {""pose"": 12, ""gesture"": 30}, ""latency_ms"": {""pose"": 0, ""gesture"": 0}, ""svclat_ms"": {""pose"": 25.78, ""gesture"": 19.78}}, ""z1"": {""services"": [""gesture"", ""object""], ""fps"": {""gesture"": 0, ""object"": 0}, ""eff_fps"": {""gesture"": 0, ""object"": 0}, ""latency_ms"": {""gesture"": 0, ""object"": 0}, ""svclat_ms"": {""gesture"": 0.0, ""object"": 0.0}}, ""z2"": {""services"": [""gesture"", ""object""], ""fps"": {""gesture"": 0, ""object"": 0}, ""eff_fps"": {""gesture"": 0, ""object"": 0}, ""latency_ms"": {""gesture"": 0, ""object"": 0}, ""svclat_ms"": {""gesture"": 0.0, ""object"": 0.0}}, ""z3"": {""services"": [""gesture"", ""object""], ""fps"": {""gesture"": 0, ""object"": 0}, ""eff_fps"": {""gesture"": 0, ""object"": 0}, ""latency_ms"": {""gesture"": 0, ""object"": 0}, ""svclat_ms"": {""gesture"": 0.0, ""object"": 0.0}}, ""z4"": {""services"": [""gesture"", ""object""], ""fps"": {""gesture"": 0, ""object"": 0}, ""eff_fps"": {""gesture"": 0, ""object"": 0}, ""latency_ms"": {""gesture"": 0, ""object"": 0}, ""svclat_ms"": {""gesture"": 0.0, ""object"": 0.0}}, ""z5"": {""services"": [""gesture"", ""object""], ""fps"": {""gesture"": 0, ""object"": 0}, ""eff_fps"": {""gesture"": 0, ""object"": 0}, ""latency_ms"": {""gesture"": 0, ""object"": 0}, ""svclat_ms"": {""gesture"": 0.0, ""object"": 0.0}}, ""z6"": {""services"": [""gesture"", ""object""], ""fps"": {""gesture"": 0, ""object"": 0}, ""eff_fps"": {""gesture"": 0, ""object"": 0}, ""latency_ms"": {""gesture"": 0, ""object"": 0}, ""svclat_ms"": {""gesture"": 0.0, ""object"": 0.0}}, ""z7"": {""services"": [""gesture"", ""object""], ""fps"": {""gesture"": 0, ""object"": 0}, ""eff_fps"": {""gesture"": 0, ""object"": 0}, ""latency_ms"": {""gesture"": 0, ""object"": 0}, ""svclat_ms"": {""gesture"": 0.0, ""object"": 0.0}}, ""z8"": {""services"": [""gesture"", ""object""], ""fps"": {""gesture"": 0, ""object"": 0}, ""eff_fps"": {""gesture"": 0, ""object"": 0}, ""latency_ms"": {""gesture"": 0, ""object"": 0}, ""svclat_ms"": {""gesture"": 0.0, ""object"": 0.0}}, ""z9"": {""services"": [""gesture"", ""object""], ""fps"": {""gesture"": 0, ""object"": 0}, ""eff_fps"": {""gesture"": 0, ""object"": 0}, ""latency_ms"": {""gesture"": 0, ""object"": 0}, ""svclat_ms"": {""gesture"": 0.0, ""object"": 0.0}}, ""z10"": {""services"": [""gesture"", ""object""], ""fps"": {""gesture"": 0, ""object"": 0}, ""eff_fps"": {""gesture"": 0, ""object"": 0}, ""latency_ms"": {""gesture"": 0, ""object"": 0}, ""svclat_ms"": {""gesture"": 0.0, ""object"": 0.0}}, ""z11"": {""services"": [""gesture"", ""object""], ""fps"": {""gesture"": 0, ""object"": 0}, ""eff_fps"": {""gesture"": 0, ""object"": 0}, ""latency_ms"": {""gesture"": 0, ""object"": 0}, ""svclat_ms"": {""gesture"": 0.0, ""object"": 0.0}}, ""z12"": {""services"": [""gesture"", ""object""], ""fps"": {""gesture"": 0, ""object"": 0}, ""eff_fps"": {""gesture"": 0, ""object"": 0}, ""latency_ms"": {""gesture"": 0, ""object"": 0}, ""svclat_ms"": {""gesture"": 0.0, ""object"": 0.0}}}"
121.1,18,17,0.944,0,0,10,10,10,1.0,960.0,716.0,0.746,0.0,0.59,0.0,11.83,30.0,12.0,11.83,30.0,12.0,0,0,0,29.62,17.21,26.68,586,"{""ip-172-31-0-204"": ""healthy"", ""ip-172-31-1-171"": ""healthy"", ""ip-172-31-10-12"": ""healthy"", ""ip-172-31-11-132"": ""healthy"", ""ip-172-31-13-134"": ""healthy"", ""ip-172-31-14-68"": ""healthy"", ""ip-172-31-40-239"": ""healthy""}",subscribe,9.9,0.702,0,0,"{""ip-172-31-0-204"": {""pose"": 1, ""gesture"": 1}, ""ip-172-31-1-171"": {""gesture"": 1}, ""ip-172-31-10-12"": {""gesture"": 1, ""object"": 1}, ""ip-172-31-11-132"": {""gesture"": 1}, ""ip-172-31-13-134"": {""gesture"": 1, ""pose"": 1}, ""ip-172-31-14-68"": {""gesture"": 1}, ""ip-172-31-40-239"": {""gesture"": 1}}","{""a1"": {""services"": [""pose"", ""gesture""], ""fps"": {""pose"": 12, ""gesture"": 30}, ""eff_fps"": {""pose"": 12, ""gesture"": 30}, ""latency_ms"": {""pose"": 0, ""gesture"": 0}, ""svclat_ms"": {""pose"": 31.44, ""gesture"": 20.94}}, ""a2"": {""services"": [""pose"", ""gesture""], ""fps"": {""pose"": 12, ""gesture"": 30}, ""eff_fps"": {""pose"": 12, ""gesture"": 30}, ""latency_ms"": {""pose"": 0, ""gesture"": 0}, ""svclat_ms"": {""pose"": 26.66, ""gesture"": 16.9}}, ""a3"": {""services"": [""pose"", ""gesture""], ""fps"": {""pose"": 12, ""gesture"": 30}, ""eff_fps"": {""pose"": 12, ""gesture"": 30}, ""latency_ms"": {""pose"": 0, ""gesture"": 0}, ""svclat_ms"": {""pose"": 34.34, ""gesture"": 19.46}}, ""a4"": {""services"": [""pose"", ""gesture""], ""fps"": {""pose"": 12, ""gesture"": 30}, ""eff_fps"": {""pose"": 12, ""gesture"": 30}, ""latency_ms"": {""pose"": 0, ""gesture"": 0}, ""svclat_ms"": {""pose"": 27.65, ""gesture"": 16.11}}, ""a5"": {""services"": [""pose"", ""gesture""], ""fps"": {""pose"": 12, ""gesture"": 30}, ""eff_fps"": {""pose"": 12, ""gesture"": 30}, ""latency_ms"": {""pose"": 0, ""gesture"": 0}, ""svclat_ms"": {""pose"": 26.48, ""gesture"": 15.25}}, ""a6"": {""services"": [""pose"", ""gesture""], ""fps"": {""pose"": 12, ""gesture"": 30}, ""eff_fps"": {""pose"": 12, ""gesture"": 30}, ""latency_ms"": {""pose"": 0, ""gesture"": 0}, ""svclat_ms"": {""pose"": 28.54, ""gesture"": 15.37}}, ""a7"": {""services"": [""pose"", ""gesture""], ""fps"": {""pose"": 11, ""gesture"": 30}, ""eff_fps"": {""pose"": 11, ""gesture"": 30}, ""latency_ms"": {""pose"": 0, ""gesture"": 0}, ""svclat_ms"": {""pose"": 28.53, ""gesture"": 17.5}}, ""a8"": {""services"": [""pose"", ""gesture""], ""fps"": {""pose"": 12, ""gesture"": 30}, ""eff_fps"": {""pose"": 12, ""gesture"": 30}, ""latency_ms"": {""pose"": 0, ""gesture"": 0}, ""svclat_ms"": {""pose"": 34.74, ""gesture"": 15.82}}, ""a9"": {""services"": [""pose"", ""gesture""], ""fps"": {""pose"": 11, ""gesture"": 30}, ""eff_fps"": {""pose"": 11, ""gesture"": 30}, ""latency_ms"": {""pose"": 0, ""gesture"": 0}, ""svclat_ms"": {""pose"": 22.49, ""gesture"": 20.73}}, ""a10"": {""services"": [""pose"", ""gesture""], ""fps"": {""pose"": 12, ""gesture"": 30}, ""eff_fps"": {""pose"": 12, ""gesture"": 30}, ""latency_ms"": {""pose"": 0, ""gesture"": 0}, ""svclat_ms"": {""pose"": 39.51, ""gesture"": 15.35}}, ""a11"": {""services"": [""pose"", ""gesture""], ""fps"": {""pose"": 12, ""gesture"": 30}, ""eff_fps"": {""pose"": 12, ""gesture"": 30}, ""latency_ms"": {""pose"": 0, ""gesture"": 0}, ""svclat_ms"": {""pose"": 29.33, ""gesture"": 17.76}}, ""a12"": {""services"": [""pose"", ""gesture""], ""fps"": {""pose"": 12, ""gesture"": 30}, ""eff_fps"": {""pose"": 12, ""gesture"": 30}, ""latency_ms"": {""pose"": 0, ""gesture"": 0}, ""svclat_ms"": {""pose"": 25.72, ""gesture"": 19.56}}, ""z1"": {""services"": [""gesture"", ""object""], ""fps"": {""gesture"": 30, ""object"": 12}, ""eff_fps"": {""gesture"": 30, ""object"": 12}, ""latency_ms"": {""gesture"": 0, ""object"": 0}, ""svclat_ms"": {""gesture"": 14.16, ""object"": 23.59}}, ""z2"": {""services"": [""gesture"", ""object""], ""fps"": {""gesture"": 30, ""object"": 12}, ""eff_fps"": {""gesture"": 30, ""object"": 12}, ""latency_ms"": {""gesture"": 0, ""object"": 0}, ""svclat_ms"": {""gesture"": 16.09, ""object"": 29.77}}, ""z3"": {""services"": [""gesture"", ""object""], ""fps"": {""gesture"": 0, ""object"": 0}, ""eff_fps"": {""gesture"": 0, ""object"": 0}, ""latency_ms"": {""gesture"": 0, ""object"": 0}, ""svclat_ms"": {""gesture"": 0.0, ""object"": 0.0}}, ""z4"": {""services"": [""gesture"", ""object""], ""fps"": {""gesture"": 0, ""object"": 0}, ""eff_fps"": {""gesture"": 0, ""object"": 0}, ""latency_ms"": {""gesture"": 0, ""object"": 0}, ""svclat_ms"": {""gesture"": 0.0, ""object"": 0.0}}, ""z5"": {""services"": [""gesture"", ""object""], ""fps"": {""gesture"": 0, ""object"": 0}, ""eff_fps"": {""gesture"": 0, ""object"": 0}, ""latency_ms"": {""gesture"": 0, ""object"": 0}, ""svclat_ms"": {""gesture"": 0.0, ""object"": 0.0}}, ""z6"": {""services"": [""gesture"", ""object""], ""fps"": {""gesture"": 0, ""object"": 0}, ""eff_fps"": {""gesture"": 0, ""object"": 0}, ""latency_ms"": {""gesture"": 0, ""object"": 0}, ""svclat_ms"": {""gesture"": 0.0, ""object"": 0.0}}, ""z7"": {""services"": [""gesture"", ""object""], ""fps"": {""gesture"": 0, ""object"": 0}, ""eff_fps"": {""gesture"": 0, ""object"": 0}, ""latency_ms"": {""gesture"": 0, ""object"": 0}, ""svclat_ms"": {""gesture"": 0.0, ""object"": 0.0}}, ""z8"": {""services"": [""gesture"", ""object""], ""fps"": {""gesture"": 0, ""object"": 0}, ""eff_fps"": {""gesture"": 0, ""object"": 0}, ""latency_ms"": {""gesture"": 0, ""object"": 0}, ""svclat_ms"": {""gesture"": 0.0, ""object"": 0.0}}, ""z9"": {""services"": [""gesture"", ""object""], ""fps"": {""gesture"": 0, ""object"": 0}, ""eff_fps"": {""gesture"": 0, ""object"": 0}, ""latency_ms"": {""gesture"": 0, ""object"": 0}, ""svclat_ms"": {""gesture"": 0.0, ""object"": 0.0}}, ""z10"": {""services"": [""gesture"", ""object""], ""fps"": {""gesture"": 0, ""object"": 0}, ""eff_fps"": {""gesture"": 0, ""object"": 0}, ""latency_ms"": {""gesture"": 0, ""object"": 0}, ""svclat_ms"": {""gesture"": 0.0, ""object"": 0.0}}, ""z11"": {""services"": [""gesture"", ""object""], ""fps"": {""gesture"": 0, ""object"": 0}, ""eff_fps"": {""gesture"": 0, ""object"": 0}, ""latency_ms"": {""gesture"": 0, ""object"": 0}, ""svclat_ms"": {""gesture"": 0.0, ""object"": 0.0}}, ""z12"": {""services"": [""gesture"", ""object""], ""fps"": {""gesture"": 0, ""object"": 0}, ""eff_fps"": {""gesture"": 0, ""object"": 0}, ""latency_ms"": {""gesture"": 0, ""object"": 0}, ""svclat_ms"": {""gesture"": 0.0, ""object"": 0.0}}, ""b1"": {""services"": [""pose"", ""object""], ""fps"": {""pose"": 0, ""object"": 0}, ""eff_fps"": {""pose"": 0, ""object"": 0}, ""latency_ms"": {""pose"": 0, ""object"": 0}, ""svclat_ms"": {""pose"": 0.0, ""object"": 0.0}}}"
123.4,19,18,0.947,0,0,10,10,10,1.0,960.0,746.0,0.777,0.0,0.56,0.0,11.58,30.0,11.17,11.58,30.0,11.17,0,0,0,30.04,17.54,28.3,746,"{""ip-172-31-0-204"": ""healthy"", ""ip-172-31-1-171"": ""healthy"", ""ip-172-31-10-12"": ""healthy"", ""ip-172-31-11-132"": ""healthy"", ""ip-172-31-13-134"": ""healthy"", ""ip-172-31-14-68"": ""healthy"", ""ip-172-31-40-239"": ""healthy""}",subscribe,29.5,0.6907,0,0,"{""ip-172-31-0-204"": {""pose"": 1, ""gesture"": 1}, ""ip-172-31-1-171"": {""gesture"": 1}, ""ip-172-31-10-12"": {""gesture"": 1, ""object"": 1}, ""ip-172-31-11-132"": {""gesture"": 1}, ""ip-172-31-13-134"": {""gesture"": 1, ""pose"": 1}, ""ip-172-31-14-68"": {""gesture"": 1}, ""ip-172-31-40-239"": {""gesture"": 1}}","{""a1"": {""services"": [""pose"", ""gesture""], ""fps"": {""pose"": 12, ""gesture"": 30}, ""eff_fps"": {""pose"": 12, ""gesture"": 30}, ""latency_ms"": {""pose"": 0, ""gesture"": 0}, ""svclat_ms"": {""pose"": 31.64, ""gesture"": 21.87}}, ""a2"": {""services"": [""pose"", ""gesture""], ""fps"": {""pose"": 12, ""gesture"": 30}, ""eff_fps"": {""pose"": 12, ""gesture"": 30}, ""latency_ms"": {""pose"": 0, ""gesture"": 0}, ""svclat_ms"": {""pose"": 27.65, ""gesture"": 16.69}}, ""a3"": {""services"": [""pose"", ""gesture""], ""fps"": {""pose"": 12, ""gesture"": 30}, ""eff_fps"": {""pose"": 12, ""gesture"": 30}, ""latency_ms"": {""pose"": 0, ""gesture"": 0}, ""svclat_ms"": {""pose"": 37.15, ""gesture"": 18.95}}, ""a4"": {""services"": [""pose"", ""gesture""], ""fps"": {""pose"": 12, ""gesture"": 30}, ""eff_fps"": {""pose"": 12, ""gesture"": 30}, ""latency_ms"": {""pose"": 0, ""gesture"": 0}, ""svclat_ms"": {""pose"": 28.59, ""gesture"": 16.05}}, ""a5"": {""services"": [""pose"", ""gesture""], ""fps"": {""pose"": 12, ""gesture"": 30}, ""eff_fps"": {""pose"": 12, ""gesture"": 30}, ""latency_ms"": {""pose"": 0, ""gesture"": 0}, ""svclat_ms"": {""pose"": 25.27, ""gesture"": 16.13}}, ""a6"": {""services"": [""pose"", ""gesture""], ""fps"": {""pose"": 12, ""gesture"": 30}, ""eff_fps"": {""pose"": 12, ""gesture"": 30}, ""latency_ms"": {""pose"": 0, ""gesture"": 0}, ""svclat_ms"": {""pose"": 30.92, ""gesture"": 15.48}}, ""a7"": {""services"": [""pose"", ""gesture""], ""fps"": {""pose"": 11, ""gesture"": 30}, ""eff_fps"": {""pose"": 11, ""gesture"": 30}, ""latency_ms"": {""pose"": 0, ""gesture"": 0}, ""svclat_ms"": {""pose"": 28.61, ""gesture"": 17.59}}, ""a8"": {""services"": [""pose"", ""gesture""], ""fps"": {""pose"": 12, ""gesture"": 30}, ""eff_fps"": {""pose"": 12, ""gesture"": 30}, ""latency_ms"": {""pose"": 0, ""gesture"": 0}, ""svclat_ms"": {""pose"": 33.53, ""gesture"": 15.41}}, ""a9"": {""services"": [""pose"", ""gesture""], ""fps"": {""pose"": 11, ""gesture"": 30}, ""eff_fps"": {""pose"": 11, ""gesture"": 30}, ""latency_ms"": {""pose"": 0, ""gesture"": 0}, ""svclat_ms"": {""pose"": 23.13, ""gesture"": 21.39}}, ""a10"": {""services"": [""pose"", ""gesture""], ""fps"": {""pose"": 11, ""gesture"": 30}, ""eff_fps"": {""pose"": 11, ""gesture"": 30}, ""latency_ms"": {""pose"": 0, ""gesture"": 0}, ""svclat_ms"": {""pose"": 39.22, ""gesture"": 15.13}}, ""a11"": {""services"": [""pose"", ""gesture""], ""fps"": {""pose"": 11, ""gesture"": 30}, ""eff_fps"": {""pose"": 11, ""gesture"": 30}, ""latency_ms"": {""pose"": 0, ""gesture"": 0}, ""svclat_ms"": {""pose"": 29.45, ""gesture"": 17.2}}, ""a12"": {""services"": [""pose"", ""gesture""], ""fps"": {""pose"": 11, ""gesture"": 30}, ""eff_fps"": {""pose"": 11, ""gesture"": 30}, ""latency_ms"": {""pose"": 0, ""gesture"": 0}, ""svclat_ms"": {""pose"": 25.33, ""gesture"": 19.87}}, ""z1"": {""services"": [""gesture"", ""object""], ""fps"": {""gesture"": 30, ""object"": 11}, ""eff_fps"": {""gesture"": 30, ""object"": 11}, ""latency_ms"": {""gesture"": 0, ""object"": 0}, ""svclat_ms"": {""gesture"": 14.92, ""object"": 24.41}}, ""z2"": {""services"": [""gesture"", ""object""], ""fps"": {""gesture"": 30, ""object"": 11}, ""eff_fps"": {""gesture"": 30, ""object"": 11}, ""latency_ms"": {""gesture"": 0, ""object"": 0}, ""svclat_ms"": {""gesture"": 16.23, ""object"": 29.34}}, ""z3"": {""services"": [""gesture"", ""object""], ""fps"": {""gesture"": 30, ""object"": 11}, ""eff_fps"": {""gesture"": 30, ""object"": 11}, ""latency_ms"": {""gesture"": 0, ""object"": 0}, ""svclat_ms"": {""gesture"": 18.73, ""object"": 25.99}}, ""z4"": {""services"": [""gesture"", ""object""], ""fps"": {""gesture"": 30, ""object"": 11}, ""eff_fps"": {""gesture"": 30, ""object"": 11}, ""latency_ms"": {""gesture"": 0, ""object"": 0}, ""svclat_ms"": {""gesture"": 18.8, ""object"": 26.04}}, ""z5"": {""services"": [""gesture"", ""object""], ""fps"": {""gesture"": 30, ""object"": 12}, ""eff_fps"": {""gesture"": 30, ""object"": 12}, ""latency_ms"": {""gesture"": 0, ""object"": 0}, ""svclat_ms"": {""gesture"": 19.4, ""object"": 30.85}}, ""z6"": {""services"": [""gesture"", ""object""], ""fps"": {""gesture"": 30, ""object"": 11}, ""eff_fps"": {""gesture"": 30, ""object"": 11}, ""latency_ms"": {""gesture"": 0, ""object"": 0}, ""svclat_ms"": {""gesture"": 15.82, ""object"": 33.16}}, ""z7"": {""services"": [""gesture"", ""object""], ""fps"": {""gesture"": 0, ""object"": 0}, ""eff_fps"": {""gesture"": 0, ""object"": 0}, ""latency_ms"": {""gesture"": 0, ""object"": 0}, ""svclat_ms"": {""gesture"": 0.0, ""object"": 0.0}}, ""z8"": {""services"": [""gesture"", ""object""], ""fps"": {""gesture"": 0, ""object"": 0}, ""eff_fps"": {""gesture"": 0, ""object"": 0}, ""latency_ms"": {""gesture"": 0, ""object"": 0}, ""svclat_ms"": {""gesture"": 0.0, ""object"": 0.0}}, ""z9"": {""services"": [""gesture"", ""object""], ""fps"": {""gesture"": 0, ""object"": 0}, ""eff_fps"": {""gesture"": 0, ""object"": 0}, ""latency_ms"": {""gesture"": 0, ""object"": 0}, ""svclat_ms"": {""gesture"": 0.0, ""object"": 0.0}}, ""z10"": {""services"": [""gesture"", ""object""], ""fps"": {""gesture"": 0, ""object"": 0}, ""eff_fps"": {""gesture"": 0, ""object"": 0}, ""latency_ms"": {""gesture"": 0, ""object"": 0}, ""svclat_ms"": {""gesture"": 0.0, ""object"": 0.0}}, ""z11"": {""services"": [""gesture"", ""object""], ""fps"": {""gesture"": 0, ""object"": 0}, ""eff_fps"": {""gesture"": 0, ""object"": 0}, ""latency_ms"": {""gesture"": 0, ""object"": 0}, ""svclat_ms"": {""gesture"": 0.0, ""object"": 0.0}}, ""z12"": {""services"": [""gesture"", ""object""], ""fps"": {""gesture"": 0, ""object"": 0}, ""eff_fps"": {""gesture"": 0, ""object"": 0}, ""latency_ms"": {""gesture"": 0, ""object"": 0}, ""svclat_ms"": {""gesture"": 0.0, ""object"": 0.0}}, ""b1"": {""services"": [""pose"", ""object""], ""fps"": {""pose"": 0, ""object"": 0}, ""eff_fps"": {""pose"": 0, ""object"": 0}, ""latency_ms"": {""pose"": 0, ""object"": 0}, ""svclat_ms"": {""pose"": 0.0, ""object"": 0.0}}}"
125.8,19,18,0.947,0,0,10,10,10,1.0,960.0,746.0,0.777,0.0,0.56,0.0,11.5,30.0,11.17,11.5,30.0,11.17,0,0,0,29.55,17.49,27.99,745,"{""ip-172-31-0-204"": ""healthy"", ""ip-172-31-1-171"": ""healthy"", ""ip-172-31-10-12"": ""healthy"", ""ip-172-31-11-132"": ""healthy"", ""ip-172-31-13-134"": ""healthy"", ""ip-172-31-14-68"": ""healthy"", ""ip-172-31-40-239"": ""healthy""}",subscribe,29.5,0.6907,0,0,"{""ip-172-31-0-204"": {""pose"": 1, ""gesture"": 1}, ""ip-172-31-1-171"": {""gesture"": 1}, ""ip-172-31-10-12"": {""gesture"": 1, ""object"": 1}, ""ip-172-31-11-132"": {""gesture"": 1}, ""ip-172-31-13-134"": {""gesture"": 1, ""pose"": 1}, ""ip-172-31-14-68"": {""gesture"": 1}, ""ip-172-31-40-239"": {""gesture"": 1}}","{""a1"": {""services"": [""pose"", ""gesture""], ""fps"": {""pose"": 12, ""gesture"": 30}, ""eff_fps"": {""pose"": 12, ""gesture"": 30}, ""latency_ms"": {""pose"": 0, ""gesture"": 0}, ""svclat_ms"": {""pose"": 30.35, ""gesture"": 20.18}}, ""a2"": {""services"": [""pose"", ""gesture""], ""fps"": {""pose"": 12, ""gesture"": 30}, ""eff_fps"": {""pose"": 12, ""gesture"": 30}, ""latency_ms"": {""pose"": 0, ""gesture"": 0}, ""svclat_ms"": {""pose"": 27.71, ""gesture"": 17.09}}, ""a3"": {""services"": [""pose"", ""gesture""], ""fps"": {""pose"": 12, ""gesture"": 30}, ""eff_fps"": {""pose"": 12, ""gesture"": 30}, ""latency_ms"": {""pose"": 0, ""gesture"": 0}, ""svclat_ms"": {""pose"": 34.31, ""gesture"": 18.24}}, ""a4"": {""services"": [""pose"", ""gesture""], ""fps"": {""pose"": 12, ""gesture"": 30}, ""eff_fps"": {""pose"": 12, ""gesture"": 30}, ""latency_ms"": {""pose"": 0, ""gesture"": 0}, ""svclat_ms"": {""pose"": 28.44, ""gesture"": 16.12}}, ""a5"": {""services"": [""pose"", ""gesture""], ""fps"": {""pose"": 11, ""gesture"": 30}, ""eff_fps"": {""pose"": 11, ""gesture"": 30}, ""latency_ms"": {""pose"": 0, ""gesture"": 0}, ""svclat_ms"": {""pose"": 24.57, ""gesture"": 16.45}}, ""a6"": {""services"": [""pose"", ""gesture""], ""fps"": {""pose"": 11, ""gesture"": 30}, ""eff_fps"": {""pose"": 11, ""gesture"": 30}, ""latency_ms"": {""pose"": 0, ""gesture"": 0}, ""svclat_ms"": {""pose"": 31.01, ""gesture"": 15.42}}, ""a7"": {""services"": [""pose"", ""gesture""], ""fps"": {""pose"": 12, ""gesture"": 30}, ""eff_fps"": {""pose"": 12, ""gesture"": 30}, ""latency_ms"": {""pose"": 0, ""gesture"": 0}, ""svclat_ms"": {""pose"": 25.77, ""gesture"": 17.52}}, ""a8"": {""services"": [""pose"", ""gesture""], ""fps"": {""pose"": 12, ""gesture"": 30}, ""eff_fps"": {""pose"": 12, ""gesture"": 30}, ""latency_ms"": {""pose"": 0, ""gesture"": 0}, ""svclat_ms"": {""pose"": 33.48, ""gesture"": 16.2}}, ""a9"": {""services"": [""pose"", ""gesture""], ""fps"": {""pose"": 11, ""gesture"": 30}, ""eff_fps"": {""pose"": 11, ""gesture"": 30}, ""latency_ms"": {""pose"": 0, ""gesture"": 0}, ""svclat_ms"": {""pose"": 23.18, ""gesture"": 20.99}}, ""a10"": {""services"": [""pose"", ""gesture""], ""fps"": {""pose"": 11, ""gesture"": 30}, ""eff_fps"": {""pose"": 11, ""gesture"": 30}, ""latency_ms"": {""pose"": 0, ""gesture"": 0}, ""svclat_ms"": {""pose"": 39.92, ""gesture"": 15.33}}, ""a11"": {""services"": [""pose"", ""gesture""], ""fps"": {""pose"": 11, ""gesture"": 30}, ""eff_fps"": {""pose"": 11, ""gesture"": 30}, ""latency_ms"": {""pose"": 0, ""gesture"": 0}, ""svclat_ms"": {""pose"": 29.63, ""gesture"": 17.71}}, ""a12"": {""services"": [""pose"", ""gesture""], ""fps"": {""pose"": 11, ""gesture"": 30}, ""eff_fps"": {""pose"": 11, ""gesture"": 30}, ""latency_ms"": {""pose"": 0, ""gesture"": 0}, ""svclat_ms"": {""pose"": 26.23, ""gesture"": 19.77}}, ""z1"": {""services"": [""gesture"", ""object""], ""fps"": {""gesture"": 30, ""object"": 11}, ""eff_fps"": {""gesture"": 30, ""object"": 11}, ""latency_ms"": {""gesture"": 0, ""object"": 0}, ""svclat_ms"": {""gesture"": 14.77, ""object"": 23.06}}, ""z2"": {""services"": [""gesture"", ""object""], ""fps"": {""gesture"": 30, ""object"": 11}, ""eff_fps"": {""gesture"": 30, ""object"": 11}, ""latency_ms"": {""gesture"": 0, ""object"": 0}, ""svclat_ms"": {""gesture"": 16.24, ""object"": 28.47}}, ""z3"": {""services"": [""gesture"", ""object""], ""fps"": {""gesture"": 30, ""object"": 11}, ""eff_fps"": {""gesture"": 30, ""object"": 11}, ""latency_ms"": {""gesture"": 0, ""object"": 0}, ""svclat_ms"": {""gesture"": 17.8, ""object"": 26.63}}, ""z4"": {""services"": [""gesture"", ""object""], ""fps"": {""gesture"": 30, ""object"": 11}, ""eff_fps"": {""gesture"": 30, ""object"": 11}, ""latency_ms"": {""gesture"": 0, ""object"": 0}, ""svclat_ms"": {""gesture"": 18.67, ""object"": 25.96}}, ""z5"": {""services"": [""gesture"", ""object""], ""fps"": {""gesture"": 30, ""object"": 11}, ""eff_fps"": {""gesture"": 30, ""object"": 11}, ""latency_ms"": {""gesture"": 0, ""object"": 0}, ""svclat_ms"": {""gesture"": 20.45, ""object"": 30.97}}, ""z6"": {""services"": [""gesture"", ""object""], ""fps"": {""gesture"": 30, ""object"": 12}, ""eff_fps"": {""gesture"": 30, ""object"": 12}, ""latency_ms"": {""gesture"": 0, ""object"": 0}, ""svclat_ms"": {""gesture"": 15.87, ""object"": 32.83}}, ""z7"": {""services"": [""gesture"", ""object""], ""fps"": {""gesture"": 0, ""object"": 0}, ""eff_fps"": {""gesture"": 0, ""object"": 0}, ""latency_ms"": {""gesture"": 0, ""object"": 0}, ""svclat_ms"": {""gesture"": 0.0, ""object"": 0.0}}, ""z8"": {""services"": [""gesture"", ""object""], ""fps"": {""gesture"": 0, ""object"": 0}, ""eff_fps"": {""gesture"": 0, ""object"": 0}, ""latency_ms"": {""gesture"": 0, ""object"": 0}, ""svclat_ms"": {""gesture"": 0.0, ""object"": 0.0}}, ""z9"": {""services"": [""gesture"", ""object""], ""fps"": {""gesture"": 0, ""object"": 0}, ""eff_fps"": {""gesture"": 0, ""object"": 0}, ""latency_ms"": {""gesture"": 0, ""object"": 0}, ""svclat_ms"": {""gesture"": 0.0, ""object"": 0.0}}, ""z10"": {""services"": [""gesture"", ""object""], ""fps"": {""gesture"": 0, ""object"": 0}, ""eff_fps"": {""gesture"": 0, ""object"": 0}, ""latency_ms"": {""gesture"": 0, ""object"": 0}, ""svclat_ms"": {""gesture"": 0.0, ""object"": 0.0}}, ""z11"": {""services"": [""gesture"", ""object""], ""fps"": {""gesture"": 0, ""object"": 0}, ""eff_fps"": {""gesture"": 0, ""object"": 0}, ""latency_ms"": {""gesture"": 0, ""object"": 0}, ""svclat_ms"": {""gesture"": 0.0, ""object"": 0.0}}, ""z12"": {""services"": [""gesture"", ""object""], ""fps"": {""gesture"": 0, ""object"": 0}, ""eff_fps"": {""gesture"": 0, ""object"": 0}, ""latency_ms"": {""gesture"": 0, ""object"": 0}, ""svclat_ms"": {""gesture"": 0.0, ""object"": 0.0}}, ""b1"": {""services"": [""pose"", ""object""], ""fps"": {""pose"": 0, ""object"": 0}, ""eff_fps"": {""pose"": 0, ""object"": 0}, ""latency_ms"": {""pose"": 0, ""object"": 0}, ""svclat_ms"": {""pose"": 0.0, ""object"": 0.0}}, ""b2"": {""services"": [""pose"", ""object""], ""fps"": {""pose"": 0, ""object"": 0}, ""eff_fps"": {""pose"": 0, ""object"": 0}, ""latency_ms"": {""pose"": 0, ""object"": 0}, ""svclat_ms"": {""pose"": 0.0, ""object"": 0.0}}}"
128.1,19,18,0.947,0,0,10,10,10,1.0,960.0,746.0,0.777,0.0,0.56,0.0,11.25,30.0,11.33,11.25,30.0,11.33,0,0,0,29.3,17.43,28.12,743,"{""ip-172-31-0-204"": ""healthy"", ""ip-172-31-1-171"": ""healthy"", ""ip-172-31-10-12"": ""healthy"", ""ip-172-31-11-132"": ""healthy"", ""ip-172-31-13-134"": ""healthy"", ""ip-172-31-14-68"": ""healthy"", ""ip-172-31-40-239"": ""healthy""}",subscribe,29.5,0.6907,0,0,"{""ip-172-31-0-204"": {""pose"": 1, ""gesture"": 1}, ""ip-172-31-1-171"": {""gesture"": 1}, ""ip-172-31-10-12"": {""gesture"": 1, ""object"": 1}, ""ip-172-31-11-132"": {""gesture"": 1}, ""ip-172-31-13-134"": {""gesture"": 1, ""pose"": 1}, ""ip-172-31-14-68"": {""gesture"": 1}, ""ip-172-31-40-239"": {""gesture"": 1}}","{""a1"": {""services"": [""pose"", ""gesture""], ""fps"": {""pose"": 11, ""gesture"": 30}, ""eff_fps"": {""pose"": 11, ""gesture"": 30}, ""latency_ms"": {""pose"": 0, ""gesture"": 0}, ""svclat_ms"": {""pose"": 31.16, ""gesture"": 20.84}}, ""a2"": {""services"": [""pose"", ""gesture""], ""fps"": {""pose"": 11, ""gesture"": 30}, ""eff_fps"": {""pose"": 11, ""gesture"": 30}, ""latency_ms"": {""pose"": 0, ""gesture"": 0}, ""svclat_ms"": {""pose"": 28.41, ""gesture"": 17.01}}, ""a3"": {""services"": [""pose"", ""gesture""], ""fps"": {""pose"": 11, ""gesture"": 30}, ""eff_fps"": {""pose"": 11, ""gesture"": 30}, ""latency_ms"": {""pose"": 0, ""gesture"": 0}, ""svclat_ms"": {""pose"": 34.69, ""gesture"": 19.0}}, ""a4"": {""services"": [""pose"", ""gesture""], ""fps"": {""pose"": 11, ""gesture"": 30}, ""eff_fps"": {""pose"": 11, ""gesture"": 30}, ""latency_ms"": {""pose"": 0, ""gesture"": 0}, ""svclat_ms"": {""pose"": 29.42, ""gesture"": 16.35}}, ""a5"": {""services"": [""pose"", ""gesture""], ""fps"": {""pose"": 11, ""gesture"": 30}, ""eff_fps"": {""pose"": 11, ""gesture"": 30}, ""latency_ms"": {""pose"": 0, ""gesture"": 0}, ""svclat_ms"": {""pose"": 24.96, ""gesture"": 15.6}}, ""a6"": {""services"": [""pose"", ""gesture""], ""fps"": {""pose"": 11, ""gesture"": 30}, ""eff_fps"": {""pose"": 11, ""gesture"": 30}, ""latency_ms"": {""pose"": 0, ""gesture"": 0}, ""svclat_ms"": {""pose"": 29.24, ""gesture"": 15.5}}, ""a7"": {""services"": [""pose"", ""gesture""], ""fps"": {""pose"": 12, ""gesture"": 30}, ""eff_fps"": {""pose"": 12, ""gesture"": 30}, ""latency_ms"": {""pose"": 0, ""gesture"": 0}, ""svclat_ms"": {""pose"": 25.9, ""gesture"": 17.18}}, ""a8"": {""services"": [""pose"", ""gesture""], ""fps"": {""pose"": 11, ""gesture"": 30}, ""eff_fps"": {""pose"": 11, ""gesture"": 30}, ""latency_ms"": {""pose"": 0, ""gesture"": 0}, ""svclat_ms"": {""pose"": 32.85, ""gesture"": 15.63}}, ""a9"": {""services"": [""pose"", ""gesture""], ""fps"": {""pose"": 12, ""gesture"": 30}, ""eff_fps"": {""pose"": 12, ""gesture"": 30}, ""latency_ms"": {""pose"": 0, ""gesture"": 0}, ""svclat_ms"": {""pose"": 23.24, ""gesture"": 20.88}}, ""a10"": {""services"": [""pose"", ""gesture""], ""fps"": {""pose"": 11, ""gesture"": 30}, ""eff_fps"": {""pose"": 11, ""gesture"": 30}, ""latency_ms"": {""pose"": 0, ""gesture"": 0}, ""svclat_ms"": {""pose"": 36.69, ""gesture"": 15.05}}, ""a11"": {""services"": [""pose"", ""gesture""], ""fps"": {""pose"": 12, ""gesture"": 30}, ""eff_fps"": {""pose"": 12, ""gesture"": 30}, ""latency_ms"": {""pose"": 0, ""gesture"": 0}, ""svclat_ms"": {""pose"": 29.22, ""gesture"": 17.85}}, ""a12"": {""services"": [""pose"", ""gesture""], ""fps"": {""pose"": 11, ""gesture"": 30}, ""eff_fps"": {""pose"": 11, ""gesture"": 30}, ""latency_ms"": {""pose"": 0, ""gesture"": 0}, ""svclat_ms"": {""pose"": 25.8, ""gesture"": 19.68}}, ""z1"": {""services"": [""gesture"", ""object""], ""fps"": {""gesture"": 30, ""object"": 11}, ""eff_fps"": {""gesture"": 30, ""object"": 11}, ""latency_ms"": {""gesture"": 0, ""object"": 0}, ""svclat_ms"": {""gesture"": 14.93, ""object"": 23.56}}, ""z2"": {""services"": [""gesture"", ""object""], ""fps"": {""gesture"": 30, ""object"": 11}, ""eff_fps"": {""gesture"": 30, ""object"": 11}, ""latency_ms"": {""gesture"": 0, ""object"": 0}, ""svclat_ms"": {""gesture"": 16.24, ""object"": 29.73}}, ""z3"": {""services"": [""gesture"", ""object""], ""fps"": {""gesture"": 30, ""object"": 11}, ""eff_fps"": {""gesture"": 30, ""object"": 11}, ""latency_ms"": {""gesture"": 0, ""object"": 0}, ""svclat_ms"": {""gesture"": 17.87, ""object"": 26.63}}, ""z4"": {""services"": [""gesture"", ""object""], ""fps"": {""gesture"": 30, ""object"": 12}, ""eff_fps"": {""gesture"": 30, ""object"": 12}, ""latency_ms"": {""gesture"": 0, ""object"": 0}, ""svclat_ms"": {""gesture"": 18.4, ""object"": 25.21}}, ""z5"": {""services"": [""gesture"", ""object""], ""fps"": {""gesture"": 30, ""object"": 12}, ""eff_fps"": {""gesture"": 30, ""object"": 12}, ""latency_ms"": {""gesture"": 0, ""object"": 0}, ""svclat_ms"": {""gesture"": 19.94, ""object"": 30.62}}, ""z6"": {""services"": [""gesture"", ""object""], ""fps"": {""gesture"": 30, ""object"": 11}, ""eff_fps"": {""gesture"": 30, ""object"": 11}, ""latency_ms"": {""gesture"": 0, ""object"": 0}, ""svclat_ms"": {""gesture"": 15.85, ""object"": 32.96}}, ""z7"": {""services"": [""gesture"", ""object""], ""fps"": {""gesture"": 0, ""object"": 0}, ""eff_fps"": {""gesture"": 0, ""object"": 0}, ""latency_ms"": {""gesture"": 0, ""object"": 0}, ""svclat_ms"": {""gesture"": 0.0, ""object"": 0.0}}, ""z8"": {""services"": [""gesture"", ""object""], ""fps"": {""gesture"": 0, ""object"": 0}, ""eff_fps"": {""gesture"": 0, ""object"": 0}, ""latency_ms"": {""gesture"": 0, ""object"": 0}, ""svclat_ms"": {""gesture"": 0.0, ""object"": 0.0}}, ""z9"": {""services"": [""gesture"", ""object""], ""fps"": {""gesture"": 0, ""object"": 0}, ""eff_fps"": {""gesture"": 0, ""object"": 0}, ""latency_ms"": {""gesture"": 0, ""object"": 0}, ""svclat_ms"": {""gesture"": 0.0, ""object"": 0.0}}, ""z10"": {""services"": [""gesture"", ""object""], ""fps"": {""gesture"": 0, ""object"": 0}, ""eff_fps"": {""gesture"": 0, ""object"": 0}, ""latency_ms"": {""gesture"": 0, ""object"": 0}, ""svclat_ms"": {""gesture"": 0.0, ""object"": 0.0}}, ""z11"": {""services"": [""gesture"", ""object""], ""fps"": {""gesture"": 0, ""object"": 0}, ""eff_fps"": {""gesture"": 0, ""object"": 0}, ""latency_ms"": {""gesture"": 0, ""object"": 0}, ""svclat_ms"": {""gesture"": 0.0, ""object"": 0.0}}, ""z12"": {""services"": [""gesture"", ""object""], ""fps"": {""gesture"": 0, ""object"": 0}, ""eff_fps"": {""gesture"": 0, ""object"": 0}, ""latency_ms"": {""gesture"": 0, ""object"": 0}, ""svclat_ms"": {""gesture"": 0.0, ""object"": 0.0}}, ""b1"": {""services"": [""pose"", ""object""], ""fps"": {""pose"": 0, ""object"": 0}, ""eff_fps"": {""pose"": 0, ""object"": 0}, ""latency_ms"": {""pose"": 0, ""object"": 0}, ""svclat_ms"": {""pose"": 0.0, ""object"": 0.0}}, ""b2"": {""services"": [""pose"", ""object""], ""fps"": {""pose"": 0, ""object"": 0}, ""eff_fps"": {""pose"": 0, ""object"": 0}, ""latency_ms"": {""pose"": 0, ""object"": 0}, ""svclat_ms"": {""pose"": 0.0, ""object"": 0.0}}}"
130.5,19,18,0.947,0,0,10,10,10,1.0,960.0,746.0,0.777,0.0,0.56,0.0,11.42,30.0,11.83,11.42,30.0,11.83,0,0,0,28.79,17.39,31.42,748,"{""ip-172-31-0-204"": ""healthy"", ""ip-172-31-1-171"": ""healthy"", ""ip-172-31-10-12"": ""healthy"", ""ip-172-31-11-132"": ""healthy"", ""ip-172-31-13-134"": ""healthy"", ""ip-172-31-14-68"": ""healthy"", ""ip-172-31-40-239"": ""healthy""}",subscribe,29.5,0.6907,0,0,"{""ip-172-31-0-204"": {""pose"": 1, ""gesture"": 1}, ""ip-172-31-1-171"": {""gesture"": 1}, ""ip-172-31-10-12"": {""gesture"": 1, ""object"": 1}, ""ip-172-31-11-132"": {""gesture"": 1}, ""ip-172-31-13-134"": {""gesture"": 1, ""pose"": 1}, ""ip-172-31-14-68"": {""gesture"": 1}, ""ip-172-31-40-239"": {""gesture"": 1}}","{""a1"": {""services"": [""pose"", ""gesture""], ""fps"": {""pose"": 11, ""gesture"": 30}, ""eff_fps"": {""pose"": 11, ""gesture"": 30}, ""latency_ms"": {""pose"": 0, ""gesture"": 0}, ""svclat_ms"": {""pose"": 28.37, ""gesture"": 20.81}}, ""a2"": {""services"": [""pose"", ""gesture""], ""fps"": {""pose"": 11, ""gesture"": 30}, ""eff_fps"": {""pose"": 11, ""gesture"": 30}, ""latency_ms"": {""pose"": 0, ""gesture"": 0}, ""svclat_ms"": {""pose"": 27.32, ""gesture"": 16.76}}, ""a3"": {""services"": [""pose"", ""gesture""], ""fps"": {""pose"": 11, ""gesture"": 30}, ""eff_fps"": {""pose"": 11, ""gesture"": 30}, ""latency_ms"": {""pose"": 0, ""gesture"": 0}, ""svclat_ms"": {""pose"": 34.0, ""gesture"": 19.67}}, ""a4"": {""services"": [""pose"", ""gesture""], ""fps"": {""pose"": 11, ""gesture"": 30}, ""eff_fps"": {""pose"": 11, ""gesture"": 30}, ""latency_ms"": {""pose"": 0, ""gesture"": 0}, ""svclat_ms"": {""pose"": 28.7, ""gesture"": 16.38}}, ""a5"": {""services"": [""pose"", ""gesture""], ""fps"": {""pose"": 11, ""gesture"": 30}, ""eff_fps"": {""pose"": 11, ""gesture"": 30}, ""latency_ms"": {""pose"": 0, ""gesture"": 0}, ""svclat_ms"": {""pose"": 23.05, ""gesture"": 15.02}}, ""a6"": {""services"": [""pose"", ""gesture""], ""fps"": {""pose"": 11, ""gesture"": 30}, ""eff_fps"": {""pose"": 11, ""gesture"": 30}, ""latency_ms"": {""pose"": 0, ""gesture"": 0}, ""svclat_ms"": {""pose"": 30.19, ""gesture"": 15.29}}, ""a7"": {""services"": [""pose"", ""gesture""], ""fps"": {""pose"": 12, ""gesture"": 30}, ""eff_fps"": {""pose"": 12, ""gesture"": 30}, ""latency_ms"": {""pose"": 0, ""gesture"": 0}, ""svclat_ms"": {""pose"": 26.93, ""gesture"": 17.28}}, ""a8"": {""services"": [""pose"", ""gesture""], ""fps"": {""pose"": 11, ""gesture"": 30}, ""eff_fps"": {""pose"": 11, ""gesture"": 30}, ""latency_ms"": {""pose"": 0, ""gesture"": 0}, ""svclat_ms"": {""pose"": 29.8, ""gesture"": 15.69}}, ""a9"": {""services"": [""pose"", ""gesture""], ""fps"": {""pose"": 12, ""gesture"": 30}, ""eff_fps"": {""pose"": 12, ""gesture"": 30}, ""latency_ms"": {""pose"": 0, ""gesture"": 0}, ""svclat_ms"": {""pose"": 22.9, ""gesture"": 20.87}}, ""a10"": {""services"": [""pose"", ""gesture""], ""fps"": {""pose"": 12, ""gesture"": 30}, ""eff_fps"": {""pose"": 12, ""gesture"": 30}, ""latency_ms"": {""pose"": 0, ""gesture"": 0}, ""svclat_ms"": {""pose"": 36.51, ""gesture"": 14.96}}, ""a11"": {""services"": [""pose"", ""gesture""], ""fps"": {""pose"": 12, ""gesture"": 30}, ""eff_fps"": {""pose"": 12, ""gesture"": 30}, ""latency_ms"": {""pose"": 0, ""gesture"": 0}, ""svclat_ms"": {""pose"": 30.81, ""gesture"": 17.74}}, ""a12"": {""services"": [""pose"", ""gesture""], ""fps"": {""pose"": 12, ""gesture"": 30}, ""eff_fps"": {""pose"": 12, ""gesture"": 30}, ""latency_ms"": {""pose"": 0, ""gesture"": 0}, ""svclat_ms"": {""pose"": 26.9, ""gesture"": 19.99}}, ""z1"": {""services"": [""gesture"", ""object""], ""fps"": {""gesture"": 30, ""object"": 12}, ""eff_fps"": {""gesture"": 30, ""object"": 12}, ""latency_ms"": {""gesture"": 0, ""object"": 0}, ""svclat_ms"": {""gesture"": 14.07, ""object"": 26.8}}, ""z2"": {""services"": [""gesture"", ""object""], ""fps"": {""gesture"": 30, ""object"": 12}, ""eff_fps"": {""gesture"": 30, ""object"": 12}, ""latency_ms"": {""gesture"": 0, ""object"": 0}, ""svclat_ms"": {""gesture"": 15.93, ""object"": 32.88}}, ""z3"": {""services"": [""gesture"", ""object""], ""fps"": {""gesture"": 30, ""object"": 12}, ""eff_fps"": {""gesture"": 30, ""object"": 12}, ""latency_ms"": {""gesture"": 0, ""object"": 0}, ""svclat_ms"": {""gesture"": 17.94, ""object"": 30.37}}, ""z4"": {""services"": [""gesture"", ""object""], ""fps"": {""gesture"": 30, ""object"": 12}, ""eff_fps"": {""gesture"": 30, ""object"": 12}, ""latency_ms"": {""gesture"": 0, ""object"": 0}, ""svclat_ms"": {""gesture"": 18.99, ""object"": 28.34}}, ""z5"": {""services"": [""gesture"", ""object""], ""fps"": {""gesture"": 30, ""object"": 12}, ""eff_fps"": {""gesture"": 30, ""object"": 12}, ""latency_ms"": {""gesture"": 0, ""object"": 0}, ""svclat_ms"": {""gesture"": 19.79, ""object"": 33.81}}, ""z6"": {""services"": [""gesture"", ""object""], ""fps"": {""gesture"": 30, ""object"": 11}, ""eff_fps"": {""gesture"": 30, ""object"": 11}, ""latency_ms"": {""gesture"": 0, ""object"": 0}, ""svclat_ms"": {""gesture"": 15.89, ""object"": 36.32}}, ""z7"": {""services"": [""gesture"", ""object""], ""fps"": {""gesture"": 0, ""object"": 0}, ""eff_fps"": {""gesture"": 0, ""object"": 0}, ""latency_ms"": {""gesture"": 0, ""object"": 0}, ""svclat_ms"": {""gesture"": 0.0, ""object"": 0.0}}, ""z8"": {""services"": [""gesture"", ""object""], ""fps"": {""gesture"": 0, ""object"": 0}, ""eff_fps"": {""gesture"": 0, ""object"": 0}, ""latency_ms"": {""gesture"": 0, ""object"": 0}, ""svclat_ms"": {""gesture"": 0.0, ""object"": 0.0}}, ""z9"": {""services"": [""gesture"", ""object""], ""fps"": {""gesture"": 0, ""object"": 0}, ""eff_fps"": {""gesture"": 0, ""object"": 0}, ""latency_ms"": {""gesture"": 0, ""object"": 0}, ""svclat_ms"": {""gesture"": 0.0, ""object"": 0.0}}, ""z10"": {""services"": [""gesture"", ""object""], ""fps"": {""gesture"": 0, ""object"": 0}, ""eff_fps"": {""gesture"": 0, ""object"": 0}, ""latency_ms"": {""gesture"": 0, ""object"": 0}, ""svclat_ms"": {""gesture"": 0.0, ""object"": 0.0}}, ""z11"": {""services"": [""gesture"", ""object""], ""fps"": {""gesture"": 0, ""object"": 0}, ""eff_fps"": {""gesture"": 0, ""object"": 0}, ""latency_ms"": {""gesture"": 0, ""object"": 0}, ""svclat_ms"": {""gesture"": 0.0, ""object"": 0.0}}, ""z12"": {""services"": [""gesture"", ""object""], ""fps"": {""gesture"": 0, ""object"": 0}, ""eff_fps"": {""gesture"": 0, ""object"": 0}, ""latency_ms"": {""gesture"": 0, ""object"": 0}, ""svclat_ms"": {""gesture"": 0.0, ""object"": 0.0}}, ""b1"": {""services"": [""pose"", ""object""], ""fps"": {""pose"": 0, ""object"": 0}, ""eff_fps"": {""pose"": 0, ""object"": 0}, ""latency_ms"": {""pose"": 0, ""object"": 0}, ""svclat_ms"": {""pose"": 0.0, ""object"": 0.0}}, ""b2"": {""services"": [""pose"", ""object""], ""fps"": {""pose"": 0, ""object"": 0}, ""eff_fps"": {""pose"": 0, ""object"": 0}, ""latency_ms"": {""pose"": 0, ""object"": 0}, ""svclat_ms"": {""pose"": 0.0, ""object"": 0.0}}, ""b3"": {""services"": [""pose"", ""object""], ""fps"": {""pose"": 0, ""object"": 0}, ""eff_fps"": {""pose"": 0, ""object"": 0}, ""latency_ms"": {""pose"": 0, ""object"": 0}, ""svclat_ms"": {""pose"": 0.0, ""object"": 0.0}}}"
132.8,19,18,0.947,0,0,10,10,10,1.0,960.0,746.0,0.777,0.0,0.56,0.0,11.5,30.06,11.5,11.5,30.06,11.5,0,0,0,29.88,17.38,29.29,748,"{""ip-172-31-0-204"": ""healthy"", ""ip-172-31-1-171"": ""healthy"", ""ip-172-31-10-12"": ""healthy"", ""ip-172-31-11-132"": ""healthy"", ""ip-172-31-13-134"": ""healthy"", ""ip-172-31-14-68"": ""healthy"", ""ip-172-31-40-239"": ""healthy""}",subscribe,29.5,0.6907,0,0,"{""ip-172-31-0-204"": {""pose"": 1, ""gesture"": 1}, ""ip-172-31-1-171"": {""gesture"": 1}, ""ip-172-31-10-12"": {""gesture"": 1, ""object"": 1}, ""ip-172-31-11-132"": {""gesture"": 1}, ""ip-172-31-13-134"": {""gesture"": 1, ""pose"": 1}, ""ip-172-31-14-68"": {""gesture"": 1}, ""ip-172-31-40-239"": {""gesture"": 1}}","{""a1"": {""services"": [""pose"", ""gesture""], ""fps"": {""pose"": 11, ""gesture"": 30}, ""eff_fps"": {""pose"": 11, ""gesture"": 30}, ""latency_ms"": {""pose"": 0, ""gesture"": 0}, ""svclat_ms"": {""pose"": 30.6, ""gesture"": 20.85}}, ""a2"": {""services"": [""pose"", ""gesture""], ""fps"": {""pose"": 11, ""gesture"": 30}, ""eff_fps"": {""pose"": 11, ""gesture"": 30}, ""latency_ms"": {""pose"": 0, ""gesture"": 0}, ""svclat_ms"": {""pose"": 28.12, ""gesture"": 17.34}}, ""a3"": {""services"": [""pose"", ""gesture""], ""fps"": {""pose"": 11, ""gesture"": 30}, ""eff_fps"": {""pose"": 11, ""gesture"": 30}, ""latency_ms"": {""pose"": 0, ""gesture"": 0}, ""svclat_ms"": {""pose"": 35.26, ""gesture"": 19.17}}, ""a4"": {""services"": [""pose"", ""gesture""], ""fps"": {""pose"": 11, ""gesture"": 30}, ""eff_fps"": {""pose"": 11, ""gesture"": 30}, ""latency_ms"": {""pose"": 0, ""gesture"": 0}, ""svclat_ms"": {""pose"": 28.51, ""gesture"": 16.26}}, ""a5"": {""services"": [""pose"", ""gesture""], ""fps"": {""pose"": 12, ""gesture"": 30}, ""eff_fps"": {""pose"": 12, ""gesture"": 30}, ""latency_ms"": {""pose"": 0, ""gesture"": 0}, ""svclat_ms"": {""pose"": 25.89, ""gesture"": 15.32}}, ""a6"": {""services"": [""pose"", ""gesture""], ""fps"": {""pose"": 12, ""gesture"": 30}, ""eff_fps"": {""pose"": 12, ""gesture"": 30}, ""latency_ms"": {""pose"": 0, ""gesture"": 0}, ""svclat_ms"": {""pose"": 29.32, ""gesture"": 15.34}}, ""a7"": {""services"": [""pose"", ""gesture""], ""fps"": {""pose"": 11, ""gesture"": 30}, ""eff_fps"": {""pose"": 11, ""gesture"": 30}, ""latency_ms"": {""pose"": 0, ""gesture"": 0}, ""svclat_ms"": {""pose"": 28.71, ""gesture"": 17.32}}, ""a8"": {""services"": [""pose"", ""gesture""], ""fps"": {""pose"": 11, ""gesture"": 31}, ""eff_fps"": {""pose"": 11, ""gesture"": 31}, ""latency_ms"": {""pose"": 0, ""gesture"": 0}, ""svclat_ms"": {""pose"": 33.28, ""gesture"": 16.2}}, ""a9"": {""services"": [""pose"", ""gesture""], ""fps"": {""pose"": 12, ""gesture"": 30}, ""eff_fps"": {""pose"": 12, ""gesture"": 30}, ""latency_ms"": {""pose"": 0, ""gesture"": 0}, ""svclat_ms"": {""pose"": 23.0, ""gesture"": 20.72}}, ""a10"": {""services"": [""pose"", ""gesture""], ""fps"": {""pose"": 12, ""gesture"": 30}, ""eff_fps"": {""pose"": 12, ""gesture"": 30}, ""latency_ms"": {""pose"": 0, ""gesture"": 0}, ""svclat_ms"": {""pose"": 39.98, ""gesture"": 15.03}}, ""a11"": {""services"": [""pose"", ""gesture""], ""fps"": {""pose"": 12, ""gesture"": 30}, ""eff_fps"": {""pose"": 12, ""gesture"": 30}, ""latency_ms"": {""pose"": 0, ""gesture"": 0}, ""svclat_ms"": {""pose"": 29.69, ""gesture"": 17.2}}, ""a12"": {""services"": [""pose"", ""gesture""], ""fps"": {""pose"": 12, ""gesture"": 30}, ""eff_fps"": {""pose"": 12, ""gesture"": 30}, ""latency_ms"": {""pose"": 0, ""gesture"": 0}, ""svclat_ms"": {""pose"": 26.24, ""gesture"": 19.85}}, ""z1"": {""services"": [""gesture"", ""object""], ""fps"": {""gesture"": 30, ""object"": 11}, ""eff_fps"": {""gesture"": 30, ""object"": 11}, ""latency_ms"": {""gesture"": 0, ""object"": 0}, ""svclat_ms"": {""gesture"": 14.17, ""object"": 25.18}}, ""z2"": {""services"": [""gesture"", ""object""], ""fps"": {""gesture"": 30, ""object"": 12}, ""eff_fps"": {""gesture"": 30, ""object"": 12}, ""latency_ms"": {""gesture"": 0, ""object"": 0}, ""svclat_ms"": {""gesture"": 15.99, ""object"": 29.44}}, ""z3"": {""services"": [""gesture"", ""object""], ""fps"": {""gesture"": 30, ""object"": 11}, ""eff_fps"": {""gesture"": 30, ""object"": 11}, ""latency_ms"": {""gesture"": 0, ""object"": 0}, ""svclat_ms"": {""gesture"": 17.49, ""object"": 29.17}}, ""z4"": {""services"": [""gesture"", ""object""], ""fps"": {""gesture"": 30, ""object"": 11}, ""eff_fps"": {""gesture"": 30, ""object"": 11}, ""latency_ms"": {""gesture"": 0, ""object"": 0}, ""svclat_ms"": {""gesture"": 18.5, ""object"": 25.68}}, ""z5"": {""services"": [""gesture"", ""object""], ""fps"": {""gesture"": 30, ""object"": 12}, ""eff_fps"": {""gesture"": 30, ""object"": 12}, ""latency_ms"": {""gesture"": 0, ""object"": 0}, ""svclat_ms"": {""gesture"": 20.33, ""object"": 31.81}}, ""z6"": {""services"": [""gesture"", ""object""], ""fps"": {""gesture"": 30, ""object"": 12}, ""eff_fps"": {""gesture"": 30, ""object"": 12}, ""latency_ms"": {""gesture"": 0, ""object"": 0}, ""svclat_ms"": {""gesture"": 15.75, ""object"": 34.48}}, ""z7"": {""services"": [""gesture"", ""object""], ""fps"": {""gesture"": 0, ""object"": 0}, ""eff_fps"": {""gesture"": 0, ""object"": 0}, ""latency_ms"": {""gesture"": 0, ""object"": 0}, ""svclat_ms"": {""gesture"": 0.0, ""object"": 0.0}}, ""z8"": {""services"": [""gesture"", ""object""], ""fps"": {""gesture"": 0, ""object"": 0}, ""eff_fps"": {""gesture"": 0, ""object"": 0}, ""latency_ms"": {""gesture"": 0, ""object"": 0}, ""svclat_ms"": {""gesture"": 0.0, ""object"": 0.0}}, ""z9"": {""services"": [""gesture"", ""object""], ""fps"": {""gesture"": 0, ""object"": 0}, ""eff_fps"": {""gesture"": 0, ""object"": 0}, ""latency_ms"": {""gesture"": 0, ""object"": 0}, ""svclat_ms"": {""gesture"": 0.0, ""object"": 0.0}}, ""z10"": {""services"": [""gesture"", ""object""], ""fps"": {""gesture"": 0, ""object"": 0}, ""eff_fps"": {""gesture"": 0, ""object"": 0}, ""latency_ms"": {""gesture"": 0, ""object"": 0}, ""svclat_ms"": {""gesture"": 0.0, ""object"": 0.0}}, ""z11"": {""services"": [""gesture"", ""object""], ""fps"": {""gesture"": 0, ""object"": 0}, ""eff_fps"": {""gesture"": 0, ""object"": 0}, ""latency_ms"": {""gesture"": 0, ""object"": 0}, ""svclat_ms"": {""gesture"": 0.0, ""object"": 0.0}}, ""z12"": {""services"": [""gesture"", ""object""], ""fps"": {""gesture"": 0, ""object"": 0}, ""eff_fps"": {""gesture"": 0, ""object"": 0}, ""latency_ms"": {""gesture"": 0, ""object"": 0}, ""svclat_ms"": {""gesture"": 0.0, ""object"": 0.0}}, ""b1"": {""services"": [""pose"", ""object""], ""fps"": {""pose"": 0, ""object"": 0}, ""eff_fps"": {""pose"": 0, ""object"": 0}, ""latency_ms"": {""pose"": 0, ""object"": 0}, ""svclat_ms"": {""pose"": 0.0, ""object"": 0.0}}, ""b2"": {""services"": [""pose"", ""object""], ""fps"": {""pose"": 0, ""object"": 0}, ""eff_fps"": {""pose"": 0, ""object"": 0}, ""latency_ms"": {""pose"": 0, ""object"": 0}, ""svclat_ms"": {""pose"": 0.0, ""object"": 0.0}}, ""b3"": {""services"": [""pose"", ""object""], ""fps"": {""pose"": 0, ""object"": 0}, ""eff_fps"": {""pose"": 0, ""object"": 0}, ""latency_ms"": {""pose"": 0, ""object"": 0}, ""svclat_ms"": {""pose"": 0.0, ""object"": 0.0}}}"
137.0,20,19,0.95,1,0,11,11,11,1.0,1015.0,844.0,0.832,0.0,0.58,0.0,11.67,30.0,16.86,11.67,30.0,16.57,0,0,0,41.06,17.7,33.56,828,"{""ip-172-31-0-204"": ""healthy"", ""ip-172-31-1-171"": ""healthy"", ""ip-172-31-10-12"": ""healthy"", ""ip-172-31-11-132"": ""healthy"", ""ip-172-31-13-134"": ""healthy"", ""ip-172-31-14-68"": ""healthy"", ""ip-172-31-40-239"": ""healthy""}",subscribe,9.7,0.7404,0,0,"{""ip-172-31-0-204"": {""pose"": 1, ""gesture"": 1}, ""ip-172-31-1-171"": {""gesture"": 1}, ""ip-172-31-10-12"": {""gesture"": 1, ""object"": 1}, ""ip-172-31-11-132"": {""gesture"": 1}, ""ip-172-31-13-134"": {""gesture"": 1, ""pose"": 1}, ""ip-172-31-14-68"": {""gesture"": 1}, ""ip-172-31-40-239"": {""gesture"": 1, ""object"": 1}}","{""a1"": {""services"": [""pose"", ""gesture""], ""fps"": {""pose"": 12, ""gesture"": 30}, ""eff_fps"": {""pose"": 12, ""gesture"": 30}, ""latency_ms"": {""pose"": 0, ""gesture"": 0}, ""svclat_ms"": {""pose"": 29.5, ""gesture"": 21.19}}, ""a2"": {""services"": [""pose"", ""gesture""], ""fps"": {""pose"": 12, ""gesture"": 31}, ""eff_fps"": {""pose"": 12, ""gesture"": 31}, ""latency_ms"": {""pose"": 0, ""gesture"": 0}, ""svclat_ms"": {""pose"": 41.32, ""gesture"": 16.85}}, ""a3"": {""services"": [""pose"", ""gesture""], ""fps"": {""pose"": 11, ""gesture"": 30}, ""eff_fps"": {""pose"": 11, ""gesture"": 30}, ""latency_ms"": {""pose"": 0, ""gesture"": 0}, ""svclat_ms"": {""pose"": 33.29, ""gesture"": 19.17}}, ""a4"": {""services"": [""pose"", ""gesture""], ""fps"": {""pose"": 12, ""gesture"": 30}, ""eff_fps"": {""pose"": 12, ""gesture"": 30}, ""latency_ms"": {""pose"": 0, ""gesture"": 0}, ""svclat_ms"": {""pose"": 56.8, ""gesture"": 16.39}}, ""a5"": {""services"": [""pose"", ""gesture""], ""fps"": {""pose"": 12, ""gesture"": 30}, ""eff_fps"": {""pose"": 12, ""gesture"": 30}, ""latency_ms"": {""pose"": 0, ""gesture"": 0}, ""svclat_ms"": {""pose"": 24.66, ""gesture"": 16.64}}, ""a6"": {""services"": [""pose"", ""gesture""], ""fps"": {""pose"": 11, ""gesture"": 30}, ""eff_fps"": {""pose"": 11, ""gesture"": 30}, ""latency_ms"": {""pose"": 0, ""gesture"": 0}, ""svclat_ms"": {""pose"": 55.88, ""gesture"": 15.97}}, ""a7"": {""services"": [""pose"", ""gesture""], ""fps"": {""pose"": 11, ""gesture"": 30}, ""eff_fps"": {""pose"": 11, ""gesture"": 30}, ""latency_ms"": {""pose"": 0, ""gesture"": 0}, ""svclat_ms"": {""pose"": 26.11, ""gesture"": 19.14}}, ""a8"": {""services"": [""pose"", ""gesture""], ""fps"": {""pose"": 11, ""gesture"": 30}, ""eff_fps"": {""pose"": 11, ""gesture"": 30}, ""latency_ms"": {""pose"": 0, ""gesture"": 0}, ""svclat_ms"": {""pose"": 29.41, ""gesture"": 16.41}}, ""a9"": {""services"": [""pose"", ""gesture""], ""fps"": {""pose"": 12, ""gesture"": 30}, ""eff_fps"": {""pose"": 12, ""gesture"": 30}, ""latency_ms"": {""pose"": 0, ""gesture"": 0}, ""svclat_ms"": {""pose"": 51.08, ""gesture"": 20.34}}, ""a10"": {""services"": [""pose"", ""gesture""], ""fps"": {""pose"": 12, ""gesture"": 30}, ""eff_fps"": {""pose"": 12, ""gesture"": 30}, ""latency_ms"": {""pose"": 0, ""gesture"": 0}, ""svclat_ms"": {""pose"": 38.13, ""gesture"": 15.22}}, ""a11"": {""services"": [""pose"", ""gesture""], ""fps"": {""pose"": 12, ""gesture"": 30}, ""eff_fps"": {""pose"": 12, ""gesture"": 30}, ""latency_ms"": {""pose"": 0, ""gesture"": 0}, ""svclat_ms"": {""pose"": 56.06, ""gesture"": 17.52}}, ""a12"": {""services"": [""pose"", ""gesture""], ""fps"": {""pose"": 12, ""gesture"": 30}, ""eff_fps"": {""pose"": 12, ""gesture"": 30}, ""latency_ms"": {""pose"": 0, ""gesture"": 0}, ""svclat_ms"": {""pose"": 50.47, ""gesture"": 18.51}}, ""z1"": {""services"": [""gesture"", ""object""], ""fps"": {""gesture"": 30, ""object"": 17}, ""eff_fps"": {""gesture"": 30, ""object"": 17}, ""latency_ms"": {""gesture"": 0, ""object"": 0}, ""svclat_ms"": {""gesture"": 16.87, ""object"": 25.4}}, ""z2"": {""services"": [""gesture"", ""object""], ""fps"": {""gesture"": 30, ""object"": 17}, ""eff_fps"": {""gesture"": 30, ""object"": 17}, ""latency_ms"": {""gesture"": 0, ""object"": 0}, ""svclat_ms"": {""gesture"": 15.15, ""object"": 40.61}}, ""z3"": {""services"": [""gesture"", ""object""], ""fps"": {""gesture"": 30, ""object"": 17}, ""eff_fps"": {""gesture"": 30, ""object"": 17}, ""latency_ms"": {""gesture"": 0, ""object"": 0}, ""svclat_ms"": {""gesture"": 18.06, ""object"": 38.95}}, ""z4"": {""services"": [""gesture"", ""object""], ""fps"": {""gesture"": 29, ""object"": 17}, ""eff_fps"": {""gesture"": 29, ""object"": 17}, ""latency_ms"": {""gesture"": 0, ""object"": 0}, ""svclat_ms"": {""gesture"": 18.42, ""object"": 27.34}}, ""z5"": {""services"": [""gesture"", ""object""], ""fps"": {""gesture"": 30, ""object"": 17}, ""eff_fps"": {""gesture"": 30, ""object"": 16}, ""latency_ms"": {""gesture"": 0, ""object"": 0}, ""svclat_ms"": {""gesture"": 20.46, ""object"": 32.57}}, ""z6"": {""services"": [""gesture"", ""object""], ""fps"": {""gesture"": 30, ""object"": 16}, ""eff_fps"": {""gesture"": 30, ""object"": 15}, ""latency_ms"": {""gesture"": 0, ""object"": 0}, ""svclat_ms"": {""gesture"": 15.88, ""object"": 37.33}}, ""z7"": {""services"": [""gesture"", ""object""], ""fps"": {""gesture"": 30, ""object"": 17}, ""eff_fps"": {""gesture"": 30, ""object"": 17}, ""latency_ms"": {""gesture"": 0, ""object"": 0}, ""svclat_ms"": {""gesture"": 18.18, ""object"": 32.7}}, ""z8"": {""services"": [""gesture"", ""object""], ""fps"": {""gesture"": 0, ""object"": 0}, ""eff_fps"": {""gesture"": 0, ""object"": 0}, ""latency_ms"": {""gesture"": 0, ""object"": 0}, ""svclat_ms"": {""gesture"": 0.0, ""object"": 0.0}}, ""z9"": {""services"": [""gesture"", ""object""], ""fps"": {""gesture"": 0, ""object"": 0}, ""eff_fps"": {""gesture"": 0, ""object"": 0}, ""latency_ms"": {""gesture"": 0, ""object"": 0}, ""svclat_ms"": {""gesture"": 0.0, ""object"": 0.0}}, ""z10"": {""services"": [""gesture"", ""object""], ""fps"": {""gesture"": 0, ""object"": 0}, ""eff_fps"": {""gesture"": 0, ""object"": 0}, ""latency_ms"": {""gesture"": 0, ""object"": 0}, ""svclat_ms"": {""gesture"": 0.0, ""object"": 0.0}}, ""z11"": {""services"": [""gesture"", ""object""], ""fps"": {""gesture"": 0, ""object"": 0}, ""eff_fps"": {""gesture"": 0, ""object"": 0}, ""latency_ms"": {""gesture"": 0, ""object"": 0}, ""svclat_ms"": {""gesture"": 0.0, ""object"": 0.0}}, ""z12"": {""services"": [""gesture"", ""object""], ""fps"": {""gesture"": 0, ""object"": 0}, ""eff_fps"": {""gesture"": 0, ""object"": 0}, ""latency_ms"": {""gesture"": 0, ""object"": 0}, ""svclat_ms"": {""gesture"": 0.0, ""object"": 0.0}}, ""b1"": {""services"": [""pose"", ""object""], ""fps"": {""pose"": 0, ""object"": 0}, ""eff_fps"": {""pose"": 0, ""object"": 0}, ""latency_ms"": {""pose"": 0, ""object"": 0}, ""svclat_ms"": {""pose"": 0.0, ""object"": 0.0}}, ""b2"": {""services"": [""pose"", ""object""], ""fps"": {""pose"": 0, ""object"": 0}, ""eff_fps"": {""pose"": 0, ""object"": 0}, ""latency_ms"": {""pose"": 0, ""object"": 0}, ""svclat_ms"": {""pose"": 0.0, ""object"": 0.0}}, ""b3"": {""services"": [""pose"", ""object""], ""fps"": {""pose"": 0, ""object"": 0}, ""eff_fps"": {""pose"": 0, ""object"": 0}, ""latency_ms"": {""pose"": 0, ""object"": 0}, ""svclat_ms"": {""pose"": 0.0, ""object"": 0.0}}, ""b4"": {""services"": [""pose"", ""object""], ""fps"": {""pose"": 0, ""object"": 0}, ""eff_fps"": {""pose"": 0, ""object"": 0}, ""latency_ms"": {""pose"": 0, ""object"": 0}, ""svclat_ms"": {""pose"": 0.0, ""object"": 0.0}}}"
140.8,22,21,0.955,0,0,11,11,11,1.0,1015.0,904.0,0.891,0.0,0.52,0.0,11.58,29.11,13.43,11.58,29.11,13.43,0,0,0,34.91,19.24,29.77,786,"{""ip-172-31-0-204"": ""healthy"", ""ip-172-31-1-171"": ""healthy"", ""ip-172-31-10-12"": ""healthy"", ""ip-172-31-11-132"": ""healthy"", ""ip-172-31-13-134"": ""healthy"", ""ip-172-31-14-68"": ""healthy"", ""ip-172-31-40-239"": ""healthy""}",subscribe,9.6,0.7175,0,0,"{""ip-172-31-0-204"": {""pose"": 1, ""gesture"": 1}, ""ip-172-31-1-171"": {""gesture"": 1}, ""ip-172-31-10-12"": {""gesture"": 1, ""object"": 1}, ""ip-172-31-11-132"": {""gesture"": 1}, ""ip-172-31-13-134"": {""gesture"": 1, ""pose"": 1}, ""ip-172-31-14-68"": {""gesture"": 1}, ""ip-172-31-40-239"": {""gesture"": 1, ""object"": 1}}","{""a1"": {""services"": [""pose"", ""gesture""], ""fps"": {""pose"": 11, ""gesture"": 24}, ""eff_fps"": {""pose"": 11, ""gesture"": 24}, ""latency_ms"": {""pose"": 0, ""gesture"": 0}, ""svclat_ms"": {""pose"": 30.33, ""gesture"": 28.41}}, ""a2"": {""services"": [""pose"", ""gesture""], ""fps"": {""pose"": 11, ""gesture"": 30}, ""eff_fps"": {""pose"": 11, ""gesture"": 30}, ""latency_ms"": {""pose"": 0, ""gesture"": 0}, ""svclat_ms"": {""pose"": 38.67, ""gesture"": 16.79}}, ""a3"": {""services"": [""pose"", ""gesture""], ""fps"": {""pose"": 11, ""gesture"": 30}, ""eff_fps"": {""pose"": 11, ""gesture"": 30}, ""latency_ms"": {""pose"": 0, ""gesture"": 0}, ""svclat_ms"": {""pose"": 35.97, ""gesture"": 19.36}}, ""a4"": {""services"": [""pose"", ""gesture""], ""fps"": {""pose"": 12, ""gesture"": 30}, ""eff_fps"": {""pose"": 12, ""gesture"": 30}, ""latency_ms"": {""pose"": 0, ""gesture"": 0}, ""svclat_ms"": {""pose"": 39.57, ""gesture"": 16.31}}, ""a5"": {""services"": [""pose"", ""gesture""], ""fps"": {""pose"": 12, ""gesture"": 30}, ""eff_fps"": {""pose"": 12, ""gesture"": 30}, ""latency_ms"": {""pose"": 0, ""gesture"": 0}, ""svclat_ms"": {""pose"": 27.97, ""gesture"": 19.45}}, ""a6"": {""services"": [""pose"", ""gesture""], ""fps"": {""pose"": 12, ""gesture"": 30}, ""eff_fps"": {""pose"": 12, ""gesture"": 30}, ""latency_ms"": {""pose"": 0, ""gesture"": 0}, ""svclat_ms"": {""pose"": 40.11, ""gesture"": 16.02}}, ""a7"": {""services"": [""pose"", ""gesture""], ""fps"": {""pose"": 11, ""gesture"": 30}, ""eff_fps"": {""pose"": 11, ""gesture"": 30}, ""latency_ms"": {""pose"": 0, ""gesture"": 0}, ""svclat_ms"": {""pose"": 29.8, ""gesture"": 19.63}}, ""a8"": {""services"": [""pose"", ""gesture""], ""fps"": {""pose"": 11, ""gesture"": 31}, ""eff_fps"": {""pose"": 11, ""gesture"": 31}, ""latency_ms"": {""pose"": 0, ""gesture"": 0}, ""svclat_ms"": {""pose"": 33.32, ""gesture"": 16.24}}, ""a9"": {""services"": [""pose"", ""gesture""], ""fps"": {""pose"": 12, ""gesture"": 24}, ""eff_fps"": {""pose"": 12, ""gesture"": 24}, ""latency_ms"": {""pose"": 0, ""gesture"": 0}, ""svclat_ms"": {""pose"": 31.48, ""gesture"": 28.48}}, ""a10"": {""services"": [""pose"", ""gesture""], ""fps"": {""pose"": 12, ""gesture"": 30}, ""eff_fps"": {""pose"": 12, ""gesture"": 30}, ""latency_ms"": {""pose"": 0, ""gesture"": 0}, ""svclat_ms"": {""pose"": 38.08, ""gesture"": 14.91}}, ""a11"": {""services"": [""pose"", ""gesture""], ""fps"": {""pose"": 12, ""gesture"": 30}, ""eff_fps"": {""pose"": 12, ""gesture"": 30}, ""latency_ms"": {""pose"": 0, ""gesture"": 0}, ""svclat_ms"": {""pose"": 39.36, ""gesture"": 18.27}}, ""a12"": {""services"": [""pose"", ""gesture""], ""fps"": {""pose"": 12, ""gesture"": 30}, ""eff_fps"": {""pose"": 12, ""gesture"": 30}, ""latency_ms"": {""pose"": 0, ""gesture"": 0}, ""svclat_ms"": {""pose"": 34.32, ""gesture"": 18.35}}, ""z1"": {""services"": [""gesture"", ""object""], ""fps"": {""gesture"": 30, ""object"": 13}, ""eff_fps"": {""gesture"": 30, ""object"": 13}, ""latency_ms"": {""gesture"": 0, ""object"": 0}, ""svclat_ms"": {""gesture"": 17.53, ""object"": 30.0}}, ""z2"": {""services"": [""gesture"", ""object""], ""fps"": {""gesture"": 30, ""object"": 14}, ""eff_fps"": {""gesture"": 30, ""object"": 14}, ""latency_ms"": {""gesture"": 0, ""object"": 0}, ""svclat_ms"": {""gesture"": 14.97, ""object"": 41.3}}, ""z3"": {""services"": [""gesture"", ""object""], ""fps"": {""gesture"": 24, ""object"": 13}, ""eff_fps"": {""gesture"": 24, ""object"": 13}, ""latency_ms"": {""gesture"": 0, ""object"": 0}, ""svclat_ms"": {""gesture"": 27.23, ""object"": 28.72}}, ""z4"": {""services"": [""gesture"", ""object""], ""fps"": {""gesture"": 30, ""object"": 13}, ""eff_fps"": {""gesture"": 30, ""object"": 13}, ""latency_ms"": {""gesture"": 0, ""object"": 0}, ""svclat_ms"": {""gesture"": 19.1, ""object"": 26.2}}, ""z5"": {""services"": [""gesture"", ""object""], ""fps"": {""gesture"": 30, ""object"": 14}, ""eff_fps"": {""gesture"": 30, ""object"": 14}, ""latency_ms"": {""gesture"": 0, ""object"": 0}, ""svclat_ms"": {""gesture"": 20.24, ""object"": 25.46}}, ""z6"": {""services"": [""gesture"", ""object""], ""fps"": {""gesture"": 30, ""object"": 14}, ""eff_fps"": {""gesture"": 30, ""object"": 14}, ""latency_ms"": {""gesture"": 0, ""object"": 0}, ""svclat_ms"": {""gesture"": 15.97, ""object"": 24.87}}, ""z7"": {""services"": [""gesture"", ""object""], ""fps"": {""gesture"": 30, ""object"": 13}, ""eff_fps"": {""gesture"": 30, ""object"": 13}, ""latency_ms"": {""gesture"": 0, ""object"": 0}, ""svclat_ms"": {""gesture"": 18.25, ""object"": 31.84}}, ""z8"": {""services"": [""gesture"", ""object""], ""fps"": {""gesture"": 0, ""object"": 0}, ""eff_fps"": {""gesture"": 0, ""object"": 0}, ""latency_ms"": {""gesture"": 0, ""object"": 0}, ""svclat_ms"": {""gesture"": 0.0, ""object"": 0.0}}, ""z9"": {""services"": [""gesture"", ""object""], ""fps"": {""gesture"": 0, ""object"": 0}, ""eff_fps"": {""gesture"": 0, ""object"": 0}, ""latency_ms"": {""gesture"": 0, ""object"": 0}, ""svclat_ms"": {""gesture"": 0.0, ""object"": 0.0}}, ""z10"": {""services"": [""gesture"", ""object""], ""fps"": {""gesture"": 0, ""object"": 0}, ""eff_fps"": {""gesture"": 0, ""object"": 0}, ""latency_ms"": {""gesture"": 0, ""object"": 0}, ""svclat_ms"": {""gesture"": 0.0, ""object"": 0.0}}, ""z11"": {""services"": [""gesture"", ""object""], ""fps"": {""gesture"": 0, ""object"": 0}, ""eff_fps"": {""gesture"": 0, ""object"": 0}, ""latency_ms"": {""gesture"": 0, ""object"": 0}, ""svclat_ms"": {""gesture"": 0.0, ""object"": 0.0}}, ""z12"": {""services"": [""gesture"", ""object""], ""fps"": {""gesture"": 0, ""object"": 0}, ""eff_fps"": {""gesture"": 0, ""object"": 0}, ""latency_ms"": {""gesture"": 0, ""object"": 0}, ""svclat_ms"": {""gesture"": 0.0, ""object"": 0.0}}, ""b1"": {""services"": [""pose"", ""object""], ""fps"": {""pose"": 0, ""object"": 0}, ""eff_fps"": {""pose"": 0, ""object"": 0}, ""latency_ms"": {""pose"": 0, ""object"": 0}, ""svclat_ms"": {""pose"": 0.0, ""object"": 0.0}}, ""b2"": {""services"": [""pose"", ""object""], ""fps"": {""pose"": 0, ""object"": 0}, ""eff_fps"": {""pose"": 0, ""object"": 0}, ""latency_ms"": {""pose"": 0, ""object"": 0}, ""svclat_ms"": {""pose"": 0.0, ""object"": 0.0}}, ""b3"": {""services"": [""pose"", ""object""], ""fps"": {""pose"": 0, ""object"": 0}, ""eff_fps"": {""pose"": 0, ""object"": 0}, ""latency_ms"": {""pose"": 0, ""object"": 0}, ""svclat_ms"": {""pose"": 0.0, ""object"": 0.0}}, ""b4"": {""services"": [""pose"", ""object""], ""fps"": {""pose"": 0, ""object"": 0}, ""eff_fps"": {""pose"": 0, ""object"": 0}, ""latency_ms"": {""pose"": 0, ""object"": 0}, ""svclat_ms"": {""pose"": 0.0, ""object"": 0.0}}, ""b5"": {""services"": [""pose"", ""object""], ""fps"": {""pose"": 0, ""object"": 0}, ""eff_fps"": {""pose"": 0, ""object"": 0}, ""latency_ms"": {""pose"": 0, ""object"": 0}, ""svclat_ms"": {""pose"": 0.0, ""object"": 0.0}}}"
144.7,24,23,0.958,0,0,11,11,11,1.0,1015.0,938.0,0.924,0.0,0.48,0.0,10.75,28.83,11.18,10.75,28.83,11.18,0,0,0,36.43,18.51,31.23,915,"{""ip-172-31-0-204"": ""healthy"", ""ip-172-31-1-171"": ""healthy"", ""ip-172-31-10-12"": ""healthy"", ""ip-172-31-11-132"": ""healthy"", ""ip-172-31-13-134"": ""healthy"", ""ip-172-31-14-68"": ""healthy"", ""ip-172-31-40-239"": ""healthy""}",subscribe,9.5,0.6797,0,0,"{""ip-172-31-0-204"": {""pose"": 1, ""gesture"": 1}, ""ip-172-31-1-171"": {""gesture"": 1}, ""ip-172-31-10-12"": {""gesture"": 1, ""object"": 1}, ""ip-172-31-11-132"": {""gesture"": 1}, ""ip-172-31-13-134"": {""gesture"": 1, ""pose"": 1}, ""ip-172-31-14-68"": {""gesture"": 1}, ""ip-172-31-40-239"": {""gesture"": 1, ""object"": 1}}","{""a1"": {""services"": [""pose"", ""gesture""], ""fps"": {""pose"": 10, ""gesture"": 26}, ""eff_fps"": {""pose"": 10, ""gesture"": 26}, ""latency_ms"": {""pose"": 0, ""gesture"": 0}, ""svclat_ms"": {""pose"": 29.27, ""gesture"": 23.74}}, ""a2"": {""services"": [""pose"", ""gesture""], ""fps"": {""pose"": 11, ""gesture"": 28}, ""eff_fps"": {""pose"": 11, ""gesture"": 28}, ""latency_ms"": {""pose"": 0, ""gesture"": 0}, ""svclat_ms"": {""pose"": 38.98, ""gesture"": 16.56}}, ""a3"": {""services"": [""pose"", ""gesture""], ""fps"": {""pose"": 10, ""gesture"": 30}, ""eff_fps"": {""pose"": 10, ""gesture"": 30}, ""latency_ms"": {""pose"": 0, ""gesture"": 0}, ""svclat_ms"": {""pose"": 35.65, ""gesture"": 18.29}}, ""a4"": {""services"": [""pose"", ""gesture""], ""fps"": {""pose"": 11, ""gesture"": 30}, ""eff_fps"": {""pose"": 11, ""gesture"": 30}, ""latency_ms"": {""pose"": 0, ""gesture"": 0}, ""svclat_ms"": {""pose"": 41.13, ""gesture"": 16.36}}, ""a5"": {""services"": [""pose"", ""gesture""], ""fps"": {""pose"": 10, ""gesture"": 30}, ""eff_fps"": {""pose"": 10, ""gesture"": 30}, ""latency_ms"": {""pose"": 0, ""gesture"": 0}, ""svclat_ms"": {""pose"": 37.64, ""gesture"": 18.37}}, ""a6"": {""services"": [""pose"", ""gesture""], ""fps"": {""pose"": 11, ""gesture"": 30}, ""eff_fps"": {""pose"": 11, ""gesture"": 30}, ""latency_ms"": {""pose"": 0, ""gesture"": 0}, ""svclat_ms"": {""pose"": 38.81, ""gesture"": 15.91}}, ""a7"": {""services"": [""pose"", ""gesture""], ""fps"": {""pose"": 10, ""gesture"": 30}, ""eff_fps"": {""pose"": 10, ""gesture"": 30}, ""latency_ms"": {""pose"": 0, ""gesture"": 0}, ""svclat_ms"": {""pose"": 28.42, ""gesture"": 19.77}}, ""a8"": {""services"": [""pose"", ""gesture""], ""fps"": {""pose"": 10, ""gesture"": 28}, ""eff_fps"": {""pose"": 10, ""gesture"": 28}, ""latency_ms"": {""pose"": 0, ""gesture"": 0}, ""svclat_ms"": {""pose"": 42.28, ""gesture"": 16.94}}, ""a9"": {""services"": [""pose"", ""gesture""], ""fps"": {""pose"": 12, ""gesture"": 25}, ""eff_fps"": {""pose"": 12, ""gesture"": 25}, ""latency_ms"": {""pose"": 0, ""gesture"": 0}, ""svclat_ms"": {""pose"": 32.36, ""gesture"": 25.17}}, ""a10"": {""services"": [""pose"", ""gesture""], ""fps"": {""pose"": 10, ""gesture"": 30}, ""eff_fps"": {""pose"": 10, ""gesture"": 30}, ""latency_ms"": {""pose"": 0, ""gesture"": 0}, ""svclat_ms"": {""pose"": 40.73, ""gesture"": 15.39}}, ""a11"": {""services"": [""pose"", ""gesture""], ""fps"": {""pose"": 12, ""gesture"": 30}, ""eff_fps"": {""pose"": 12, ""gesture"": 30}, ""latency_ms"": {""pose"": 0, ""gesture"": 0}, ""svclat_ms"": {""pose"": 38.99, ""gesture"": 17.63}}, ""a12"": {""services"": [""pose"", ""gesture""], ""fps"": {""pose"": 12, ""gesture"": 30}, ""eff_fps"": {""pose"": 12, ""gesture"": 30}, ""latency_ms"": {""pose"": 0, ""gesture"": 0}, ""svclat_ms"": {""pose"": 32.87, ""gesture"": 18.54}}, ""z1"": {""services"": [""gesture"", ""object""], ""fps"": {""gesture"": 30, ""object"": 11}, ""eff_fps"": {""gesture"": 30, ""object"": 11}, ""latency_ms"": {""gesture"": 0, ""object"": 0}, ""svclat_ms"": {""gesture"": 17.38, ""object"": 28.48}}, ""z2"": {""services"": [""gesture"", ""object""], ""fps"": {""gesture"": 30, ""object"": 11}, ""eff_fps"": {""gesture"": 30, ""object"": 11}, ""latency_ms"": {""gesture"": 0, ""object"": 0}, ""svclat_ms"": {""gesture"": 15.25, ""object"": 40.86}}, ""z3"": {""services"": [""gesture"", ""object""], ""fps"": {""gesture"": 25, ""object"": 11}, ""eff_fps"": {""gesture"": 25, ""object"": 11}, ""latency_ms"": {""gesture"": 0, ""object"": 0}, ""svclat_ms"": {""gesture"": 25.14, ""object"": 25.68}}, ""z4"": {""services"": [""gesture"", ""object""], ""fps"": {""gesture"": 29, ""object"": 11}, ""eff_fps"": {""gesture"": 29, ""object"": 11}, ""latency_ms"": {""gesture"": 0, ""object"": 0}, ""svclat_ms"": {""gesture"": 18.28, ""object"": 36.58}}, ""z5"": {""services"": [""gesture"", ""object""], ""fps"": {""gesture"": 28, ""object"": 11}, ""eff_fps"": {""gesture"": 28, ""object"": 11}, ""latency_ms"": {""gesture"": 0, ""object"": 0}, ""svclat_ms"": {""gesture"": 16.95, ""object"": 32.59}}, ""z6"": {""services"": [""gesture"", ""object""], ""fps"": {""gesture"": 30, ""object"": 12}, ""eff_fps"": {""gesture"": 30, ""object"": 12}, ""latency_ms"": {""gesture"": 0, ""object"": 0}, ""svclat_ms"": {""gesture"": 15.8, ""object"": 30.69}}, ""z7"": {""services"": [""gesture"", ""object""], ""fps"": {""gesture"": 30, ""object"": 11}, ""eff_fps"": {""gesture"": 30, ""object"": 11}, ""latency_ms"": {""gesture"": 0, ""object"": 0}, ""svclat_ms"": {""gesture"": 18.73, ""object"": 28.96}}, ""z8"": {""services"": [""gesture"", ""object""], ""fps"": {""gesture"": 26, ""object"": 11}, ""eff_fps"": {""gesture"": 26, ""object"": 11}, ""latency_ms"": {""gesture"": 0, ""object"": 0}, ""svclat_ms"": {""gesture"": 25.87, ""object"": 36.88}}, ""z9"": {""services"": [""gesture"", ""object""], ""fps"": {""gesture"": 30, ""object"": 12}, ""eff_fps"": {""gesture"": 30, ""object"": 12}, ""latency_ms"": {""gesture"": 0, ""object"": 0}, ""svclat_ms"": {""gesture"": 16.5, ""object"": 24.33}}, ""z10"": {""services"": [""gesture"", ""object""], ""fps"": {""gesture"": 30, ""object"": 11}, ""eff_fps"": {""gesture"": 30, ""object"": 11}, ""latency_ms"": {""gesture"": 0, ""object"": 0}, ""svclat_ms"": {""gesture"": 17.18, ""object"": 30.66}}, ""z11"": {""services"": [""gesture"", ""object""], ""fps"": {""gesture"": 28, ""object"": 11}, ""eff_fps"": {""gesture"": 28, ""object"": 11}, ""latency_ms"": {""gesture"": 0, ""object"": 0}, ""svclat_ms"": {""gesture"": 15.92, ""object"": 27.87}}, ""z12"": {""services"": [""gesture"", ""object""], ""fps"": {""gesture"": 0, ""object"": 0}, ""eff_fps"": {""gesture"": 0, ""object"": 0}, ""latency_ms"": {""gesture"": 0, ""object"": 0}, ""svclat_ms"": {""gesture"": 0.0, ""object"": 0.0}}, ""b1"": {""services"": [""pose"", ""object""], ""fps"": {""pose"": 0, ""object"": 0}, ""eff_fps"": {""pose"": 0, ""object"": 0}, ""latency_ms"": {""pose"": 0, ""object"": 0}, ""svclat_ms"": {""pose"": 0.0, ""object"": 0.0}}, ""b2"": {""services"": [""pose"", ""object""], ""fps"": {""pose"": 0, ""object"": 0}, ""eff_fps"": {""pose"": 0, ""object"": 0}, ""latency_ms"": {""pose"": 0, ""object"": 0}, ""svclat_ms"": {""pose"": 0.0, ""object"": 0.0}}, ""b3"": {""services"": [""pose"", ""object""], ""fps"": {""pose"": 0, ""object"": 0}, ""eff_fps"": {""pose"": 0, ""object"": 0}, ""latency_ms"": {""pose"": 0, ""object"": 0}, ""svclat_ms"": {""pose"": 0.0, ""object"": 0.0}}, ""b4"": {""services"": [""pose"", ""object""], ""fps"": {""pose"": 0, ""object"": 0}, ""eff_fps"": {""pose"": 0, ""object"": 0}, ""latency_ms"": {""pose"": 0, ""object"": 0}, ""svclat_ms"": {""pose"": 0.0, ""object"": 0.0}}, ""b5"": {""services"": [""pose"", ""object""], ""fps"": {""pose"": 0, ""object"": 0}, ""eff_fps"": {""pose"": 0, ""object"": 0}, ""latency_ms"": {""pose"": 0, ""object"": 0}, ""svclat_ms"": {""pose"": 0.0, ""object"": 0.0}}}"
147.8,25,25,1.0,0,0,11,11,11,1.0,1015.0,951.0,0.937,0.0,0.44,0.0,10.38,28.08,10.0,10.38,28.08,9.0,0,0,0,37.74,18.52,63.49,939,"{""ip-172-31-0-204"": ""healthy"", ""ip-172-31-1-171"": ""healthy"", ""ip-172-31-10-12"": ""healthy"", ""ip-172-31-11-132"": ""healthy"", ""ip-172-31-13-134"": ""healthy"", ""ip-172-31-14-68"": ""healthy"", ""ip-172-31-40-239"": ""healthy""}",subscribe,9.7,0.634,0,0,"{""ip-172-31-0-204"": {""pose"": 1, ""gesture"": 1}, ""ip-172-31-1-171"": {""gesture"": 1}, ""ip-172-31-10-12"": {""gesture"": 1, ""object"": 1}, ""ip-172-31-11-132"": {""gesture"": 1}, ""ip-172-31-13-134"": {""gesture"": 1, ""pose"": 1}, ""ip-172-31-14-68"": {""gesture"": 1}, ""ip-172-31-40-239"": {""gesture"": 1, ""object"": 1}}","{""a1"": {""services"": [""pose"", ""gesture""], ""fps"": {""pose"": 10, ""gesture"": 26}, ""eff_fps"": {""pose"": 10, ""gesture"": 26}, ""latency_ms"": {""pose"": 0, ""gesture"": 0}, ""svclat_ms"": {""pose"": 36.88, ""gesture"": 21.25}}, ""a2"": {""services"": [""pose"", ""gesture""], ""fps"": {""pose"": 11, ""gesture"": 28}, ""eff_fps"": {""pose"": 11, ""gesture"": 28}, ""latency_ms"": {""pose"": 0, ""gesture"": 0}, ""svclat_ms"": {""pose"": 31.98, ""gesture"": 16.56}}, ""a3"": {""services"": [""pose"", ""gesture""], ""fps"": {""pose"": 10, ""gesture"": 25}, ""eff_fps"": {""pose"": 10, ""gesture"": 25}, ""latency_ms"": {""pose"": 0, ""gesture"": 0}, ""svclat_ms"": {""pose"": 41.39, ""gesture"": 20.85}}, ""a4"": {""services"": [""pose"", ""gesture""], ""fps"": {""pose"": 11, ""gesture"": 30}, ""eff_fps"": {""pose"": 11, ""gesture"": 30}, ""latency_ms"": {""pose"": 0, ""gesture"": 0}, ""svclat_ms"": {""pose"": 34.71, ""gesture"": 16.47}}, ""a5"": {""services"": [""pose"", ""gesture""], ""fps"": {""pose"": 9, ""gesture"": 30}, ""eff_fps"": {""pose"": 9, ""gesture"": 30}, ""latency_ms"": {""pose"": 0, ""gesture"": 0}, ""svclat_ms"": {""pose"": 40.1, ""gesture"": 18.88}}, ""a6"": {""services"": [""pose"", ""gesture""], ""fps"": {""pose"": 12, ""gesture"": 30}, ""eff_fps"": {""pose"": 12, ""gesture"": 30}, ""latency_ms"": {""pose"": 0, ""gesture"": 0}, ""svclat_ms"": {""pose"": 44.9, ""gesture"": 15.78}}, ""a7"": {""services"": [""pose"", ""gesture""], ""fps"": {""pose"": 9, ""gesture"": 30}, ""eff_fps"": {""pose"": 9, ""gesture"": 30}, ""latency_ms"": {""pose"": 0, ""gesture"": 0}, ""svclat_ms"": {""pose"": 31.04, ""gesture"": 20.17}}, ""a8"": {""services"": [""pose"", ""gesture""], ""fps"": {""pose"": 10, ""gesture"": 28}, ""eff_fps"": {""pose"": 10, ""gesture"": 28}, ""latency_ms"": {""pose"": 0, ""gesture"": 0}, ""svclat_ms"": {""pose"": 45.5, ""gesture"": 16.77}}, ""a9"": {""services"": [""pose"", ""gesture""], ""fps"": {""pose"": 11, ""gesture"": 25}, ""eff_fps"": {""pose"": 11, ""gesture"": 25}, ""latency_ms"": {""pose"": 0, ""gesture"": 0}, ""svclat_ms"": {""pose"": 27.01, ""gesture"": 22.79}}, ""a10"": {""services"": [""pose"", ""gesture""], ""fps"": {""pose"": 10, ""gesture"": 30}, ""eff_fps"": {""pose"": 10, ""gesture"": 30}, ""latency_ms"": {""pose"": 0, ""gesture"": 0}, ""svclat_ms"": {""pose"": 41.96, ""gesture"": 15.34}}, ""a11"": {""services"": [""pose"", ""gesture""], ""fps"": {""pose"": 11, ""gesture"": 25}, ""eff_fps"": {""pose"": 11, ""gesture"": 25}, ""latency_ms"": {""pose"": 0, ""gesture"": 0}, ""svclat_ms"": {""pose"": 39.22, ""gesture"": 20.37}}, ""a12"": {""services"": [""pose"", ""gesture""], ""fps"": {""pose"": 11, ""gesture"": 30}, ""eff_fps"": {""pose"": 11, ""gesture"": 30}, ""latency_ms"": {""pose"": 0, ""gesture"": 0}, ""svclat_ms"": {""pose"": 34.66, ""gesture"": 18.67}}, ""z1"": {""services"": [""gesture"", ""object""], ""fps"": {""gesture"": 30, ""object"": 11}, ""eff_fps"": {""gesture"": 30, ""object"": 11}, ""latency_ms"": {""gesture"": 0, ""object"": 0}, ""svclat_ms"": {""gesture"": 17.36, ""object"": 33.36}}, ""z2"": {""services"": [""gesture"", ""object""], ""fps"": {""gesture"": 30, ""object"": 9}, ""eff_fps"": {""gesture"": 30, ""object"": 7}, ""latency_ms"": {""gesture"": 0, ""object"": 0}, ""svclat_ms"": {""gesture"": 15.1, ""object"": 84.07}}, ""z3"": {""services"": [""gesture"", ""object""], ""fps"": {""gesture"": 25, ""object"": 9}, ""eff_fps"": {""gesture"": 25, ""object"": 8}, ""latency_ms"": {""gesture"": 0, ""object"": 0}, ""svclat_ms"": {""gesture"": 22.8, ""object"": 81.25}}, ""z4"": {""services"": [""gesture"", ""object""], ""fps"": {""gesture"": 25, ""object"": 8}, ""eff_fps"": {""gesture"": 25, ""object"": 6}, ""latency_ms"": {""gesture"": 0, ""object"": 0}, ""svclat_ms"": {""gesture"": 19.86, ""object"": 96.76}}, ""z5"": {""services"": [""gesture"", ""object""], ""fps"": {""gesture"": 28, ""object"": 11}, ""eff_fps"": {""gesture"": 28, ""object"": 11}, ""latency_ms"": {""gesture"": 0, ""object"": 0}, ""svclat_ms"": {""gesture"": 16.46, ""object"": 33.62}}, ""z6"": {""services"": [""gesture"", ""object""], ""fps"": {""gesture"": 30, ""object"": 12}, ""eff_fps"": {""gesture"": 30, ""object"": 12}, ""latency_ms"": {""gesture"": 0, ""object"": 0}, ""svclat_ms"": {""gesture"": 15.91, ""object"": 31.79}}, ""z7"": {""services"": [""gesture"", ""object""], ""fps"": {""gesture"": 30, ""object"": 9}, ""eff_fps"": {""gesture"": 30, ""object"": 7}, ""latency_ms"": {""gesture"": 0, ""object"": 0}, ""svclat_ms"": {""gesture"": 19.18, ""object"": 104.03}}, ""z8"": {""services"": [""gesture"", ""object""], ""fps"": {""gesture"": 26, ""object"": 11}, ""eff_fps"": {""gesture"": 26, ""object"": 11}, ""latency_ms"": {""gesture"": 0, ""object"": 0}, ""svclat_ms"": {""gesture"": 22.72, ""object"": 33.35}}, ""z9"": {""services"": [""gesture"", ""object""], ""fps"": {""gesture"": 30, ""object"": 11}, ""eff_fps"": {""gesture"": 30, ""object"": 11}, ""latency_ms"": {""gesture"": 0, ""object"": 0}, ""svclat_ms"": {""gesture"": 16.49, ""object"": 24.06}}, ""z10"": {""services"": [""gesture"", ""object""], ""fps"": {""gesture"": 30, ""object"": 9}, ""eff_fps"": {""gesture"": 30, ""object"": 7}, ""latency_ms"": {""gesture"": 0, ""object"": 0}, ""svclat_ms"": {""gesture"": 17.67, ""object"": 83.18}}, ""z11"": {""services"": [""gesture"", ""object""], ""fps"": {""gesture"": 28, ""object"": 9}, ""eff_fps"": {""gesture"": 28, ""object"": 7}, ""latency_ms"": {""gesture"": 0, ""object"": 0}, ""svclat_ms"": {""gesture"": 15.86, ""object"": 92.29}}, ""z12"": {""services"": [""gesture"", ""object""], ""fps"": {""gesture"": 25, ""object"": 9}, ""eff_fps"": {""gesture"": 25, ""object"": 7}, ""latency_ms"": {""gesture"": 0, ""object"": 0}, ""svclat_ms"": {""gesture"": 21.16, ""object"": 96.41}}, ""b1"": {""services"": [""pose"", ""object""], ""fps"": {""pose"": 10, ""object"": 12}, ""eff_fps"": {""pose"": 10, ""object"": 12}, ""latency_ms"": {""pose"": 0, ""object"": 0}, ""svclat_ms"": {""pose"": 41.22, ""object"": 31.19}}, ""b2"": {""services"": [""pose"", ""object""], ""fps"": {""pose"": 0, ""object"": 0}, ""eff_fps"": {""pose"": 0, ""object"": 0}, ""latency_ms"": {""pose"": 0, ""object"": 0}, ""svclat_ms"": {""pose"": 0.0, ""object"": 0.0}}, ""b3"": {""services"": [""pose"", ""object""], ""fps"": {""pose"": 0, ""object"": 0}, ""eff_fps"": {""pose"": 0, ""object"": 0}, ""latency_ms"": {""pose"": 0, ""object"": 0}, ""svclat_ms"": {""pose"": 0.0, ""object"": 0.0}}, ""b4"": {""services"": [""pose"", ""object""], ""fps"": {""pose"": 0, ""object"": 0}, ""eff_fps"": {""pose"": 0, ""object"": 0}, ""latency_ms"": {""pose"": 0, ""object"": 0}, ""svclat_ms"": {""pose"": 0.0, ""object"": 0.0}}, ""b5"": {""services"": [""pose"", ""object""], ""fps"": {""pose"": 0, ""object"": 0}, ""eff_fps"": {""pose"": 0, ""object"": 0}, ""latency_ms"": {""pose"": 0, ""object"": 0}, ""svclat_ms"": {""pose"": 0.0, ""object"": 0.0}}, ""b6"": {""services"": [""pose"", ""object""], ""fps"": {""pose"": 0, ""object"": 0}, ""eff_fps"": {""pose"": 0, ""object"": 0}, ""latency_ms"": {""pose"": 0, ""object"": 0}, ""svclat_ms"": {""pose"": 0.0, ""object"": 0.0}}}"
150.1,26,25,0.962,0,0,11,11,11,1.0,1015.0,951.0,0.937,0.0,0.44,0.0,10.31,27.75,10.54,11.83,27.75,10.54,0,0,0,78.48,24.37,59.43,937,"{""ip-172-31-0-204"": ""healthy"", ""ip-172-31-1-171"": ""healthy"", ""ip-172-31-10-12"": ""healthy"", ""ip-172-31-11-132"": ""healthy"", ""ip-172-31-13-134"": ""healthy"", ""ip-172-31-14-68"": ""healthy"", ""ip-172-31-40-239"": ""healthy""}",subscribe,9.7,0.634,0,0,"{""ip-172-31-0-204"": {""pose"": 1, ""gesture"": 1}, ""ip-172-31-1-171"": {""gesture"": 1}, ""ip-172-31-10-12"": {""gesture"": 1, ""object"": 1}, ""ip-172-31-11-132"": {""gesture"": 1}, ""ip-172-31-13-134"": {""gesture"": 1, ""pose"": 1}, ""ip-172-31-14-68"": {""gesture"": 1}, ""ip-172-31-40-239"": {""gesture"": 1, ""object"": 1}}","{""a1"": {""services"": [""pose"", ""gesture""], ""fps"": {""pose"": 9, ""gesture"": 24}, ""eff_fps"": {""pose"": 0, ""gesture"": 24}, ""latency_ms"": {""pose"": 0, ""gesture"": 0}, ""svclat_ms"": {""pose"": 108.36, ""gesture"": 41.42}}, ""a2"": {""services"": [""pose"", ""gesture""], ""fps"": {""pose"": 12, ""gesture"": 27}, ""eff_fps"": {""pose"": 12, ""gesture"": 27}, ""latency_ms"": {""pose"": 0, ""gesture"": 0}, ""svclat_ms"": {""pose"": 37.04, ""gesture"": 34.64}}, ""a3"": {""services"": [""pose"", ""gesture""], ""fps"": {""pose"": 9, ""gesture"": 25}, ""eff_fps"": {""pose"": 0, ""gesture"": 25}, ""latency_ms"": {""pose"": 0, ""gesture"": 0}, ""svclat_ms"": {""pose"": 108.27, ""gesture"": 22.8}}, ""a4"": {""services"": [""pose"", ""gesture""], ""fps"": {""pose"": 12, ""gesture"": 30}, ""eff_fps"": {""pose"": 12, ""gesture"": 30}, ""latency_ms"": {""pose"": 0, ""gesture"": 0}, ""svclat_ms"": {""pose"": 36.88, ""gesture"": 16.27}}, ""a5"": {""services"": [""pose"", ""gesture""], ""fps"": {""pose"": 9, ""gesture"": 30}, ""eff_fps"": {""pose"": 0, ""gesture"": 30}, ""latency_ms"": {""pose"": 0, ""gesture"": 0}, ""svclat_ms"": {""pose"": 108.9, ""gesture"": 18.24}}, ""a6"": {""services"": [""pose"", ""gesture""], ""fps"": {""pose"": 12, ""gesture"": 30}, ""eff_fps"": {""pose"": 12, ""gesture"": 30}, ""latency_ms"": {""pose"": 0, ""gesture"": 0}, ""svclat_ms"": {""pose"": 47.6, ""gesture"": 15.96}}, ""a7"": {""services"": [""pose"", ""gesture""], ""fps"": {""pose"": 9, ""gesture"": 30}, ""eff_fps"": {""pose"": 0, ""gesture"": 30}, ""latency_ms"": {""pose"": 0, ""gesture"": 0}, ""svclat_ms"": {""pose"": 108.37, ""gesture"": 19.56}}, ""a8"": {""services"": [""pose"", ""gesture""], ""fps"": {""pose"": 9, ""gesture"": 27}, ""eff_fps"": {""pose"": 0, ""gesture"": 27}, ""latency_ms"": {""pose"": 0, ""gesture"": 0}, ""svclat_ms"": {""pose"": 108.47, ""gesture"": 34.96}}, ""a9"": {""services"": [""pose"", ""gesture""], ""fps"": {""pose"": 12, ""gesture"": 24}, ""eff_fps"": {""pose"": 12, ""gesture"": 24}, ""latency_ms"": {""pose"": 0, ""gesture"": 0}, ""svclat_ms"": {""pose"": 30.03, ""gesture"": 41.72}}, ""a10"": {""services"": [""pose"", ""gesture""], ""fps"": {""pose"": 9, ""gesture"": 30}, ""eff_fps"": {""pose"": 0, ""gesture"": 30}, ""latency_ms"": {""pose"": 0, ""gesture"": 0}, ""svclat_ms"": {""pose"": 109.85, ""gesture"": 15.5}}, ""a11"": {""services"": [""pose"", ""gesture""], ""fps"": {""pose"": 11, ""gesture"": 25}, ""eff_fps"": {""pose"": 11, ""gesture"": 25}, ""latency_ms"": {""pose"": 0, ""gesture"": 0}, ""svclat_ms"": {""pose"": 51.49, ""gesture"": 18.63}}, ""a12"": {""services"": [""pose"", ""gesture""], ""fps"": {""pose"": 12, ""gesture"": 30}, ""eff_fps"": {""pose"": 12, ""gesture"": 30}, ""latency_ms"": {""pose"": 0, ""gesture"": 0}, ""svclat_ms"": {""pose"": 45.48, ""gesture"": 18.66}}, ""z1"": {""services"": [""gesture"", ""object""], ""fps"": {""gesture"": 30, ""object"": 11}, ""eff_fps"": {""gesture"": 30, ""object"": 11}, ""latency_ms"": {""gesture"": 0, ""object"": 0}, ""svclat_ms"": {""gesture"": 16.93, ""object"": 33.44}}, ""z2"": {""services"": [""gesture"", ""object""], ""fps"": {""gesture"": 30, ""object"": 10}, ""eff_fps"": {""gesture"": 30, ""object"": 10}, ""latency_ms"": {""gesture"": 0, ""object"": 0}, ""svclat_ms"": {""gesture"": 15.28, ""object"": 87.47}}, ""z3"": {""services"": [""gesture"", ""object""], ""fps"": {""gesture"": 24, ""object"": 10}, ""eff_fps"": {""gesture"": 24, ""object"": 10}, ""latency_ms"": {""gesture"": 0, ""object"": 0}, ""svclat_ms"": {""gesture"": 40.87, ""object"": 85.98}}, ""z4"": {""services"": [""gesture"", ""object""], ""fps"": {""gesture"": 25, ""object"": 10}, ""eff_fps"": {""gesture"": 25, ""object"": 10}, ""latency_ms"": {""gesture"": 0, ""object"": 0}, ""svclat_ms"": {""gesture"": 19.73, ""object"": 83.27}}, ""z5"": {""services"": [""gesture"", ""object""], ""fps"": {""gesture"": 28, ""object"": 12}, ""eff_fps"": {""gesture"": 28, ""object"": 12}, ""latency_ms"": {""gesture"": 0, ""object"": 0}, ""svclat_ms"": {""gesture"": 32.87, ""object"": 32.41}}, ""z6"": {""services"": [""gesture"", ""object""], ""fps"": {""gesture"": 30, ""object"": 11}, ""eff_fps"": {""gesture"": 30, ""object"": 11}, ""latency_ms"": {""gesture"": 0, ""object"": 0}, ""svclat_ms"": {""gesture"": 15.75, ""object"": 29.71}}, ""z7"": {""services"": [""gesture"", ""object""], ""fps"": {""gesture"": 30, ""object"": 10}, ""eff_fps"": {""gesture"": 30, ""object"": 10}, ""latency_ms"": {""gesture"": 0, ""object"": 0}, ""svclat_ms"": {""gesture"": 18.3, ""object"": 83.68}}, ""z8"": {""services"": [""gesture"", ""object""], ""fps"": {""gesture"": 24, ""object"": 11}, ""eff_fps"": {""gesture"": 24, ""object"": 11}, ""latency_ms"": {""gesture"": 0, ""object"": 0}, ""svclat_ms"": {""gesture"": 41.32, ""object"": 30.87}}, ""z9"": {""services"": [""gesture"", ""object""], ""fps"": {""gesture"": 30, ""object"": 11}, ""eff_fps"": {""gesture"": 30, ""object"": 11}, ""latency_ms"": {""gesture"": 0, ""object"": 0}, ""svclat_ms"": {""gesture"": 16.54, ""object"": 23.72}}, ""z10"": {""services"": [""gesture"", ""object""], ""fps"": {""gesture"": 30, ""object"": 10}, ""eff_fps"": {""gesture"": 30, ""object"": 10}, ""latency_ms"": {""gesture"": 0, ""object"": 0}, ""svclat_ms"": {""gesture"": 17.21, ""object"": 86.99}}, ""z11"": {""services"": [""gesture"", ""object""], ""fps"": {""gesture"": 28, ""object"": 10}, ""eff_fps"": {""gesture"": 28, ""object"": 10}, ""latency_ms"": {""gesture"": 0, ""object"": 0}, ""svclat_ms"": {""gesture"": 32.25, ""object"": 82.15}}, ""z12"": {""services"": [""gesture"", ""object""], ""fps"": {""gesture"": 25, ""object"": 10}, ""eff_fps"": {""gesture"": 25, ""object"": 10}, ""latency_ms"": {""gesture"": 0, ""object"": 0}, ""svclat_ms"": {""gesture"": 19.53, ""object"": 85.03}}, ""b1"": {""services"": [""pose"", ""object""], ""fps"": {""pose"": 9, ""object"": 11}, ""eff_fps"": {""pose"": 0, ""object"": 11}, ""latency_ms"": {""pose"": 0, ""object"": 0}, ""svclat_ms"": {""pose"": 119.53, ""object"": 27.9}}, ""b2"": {""services"": [""pose"", ""object""], ""fps"": {""pose"": 0, ""object"": 0}, ""eff_fps"": {""pose"": 0, ""object"": 0}, ""latency_ms"": {""pose"": 0, ""object"": 0}, ""svclat_ms"": {""pose"": 0.0, ""object"": 0.0}}, ""b3"": {""services"": [""pose"", ""object""], ""fps"": {""pose"": 0, ""object"": 0}, ""eff_fps"": {""pose"": 0, ""object"": 0}, ""latency_ms"": {""pose"": 0, ""object"": 0}, ""svclat_ms"": {""pose"": 0.0, ""object"": 0.0}}, ""b4"": {""services"": [""pose"", ""object""], ""fps"": {""pose"": 0, ""object"": 0}, ""eff_fps"": {""pose"": 0, ""object"": 0}, ""latency_ms"": {""pose"": 0, ""object"": 0}, ""svclat_ms"": {""pose"": 0.0, ""object"": 0.0}}, ""b5"": {""services"": [""pose"", ""object""], ""fps"": {""pose"": 0, ""object"": 0}, ""eff_fps"": {""pose"": 0, ""object"": 0}, ""latency_ms"": {""pose"": 0, ""object"": 0}, ""svclat_ms"": {""pose"": 0.0, ""object"": 0.0}}, ""b6"": {""services"": [""pose"", ""object""], ""fps"": {""pose"": 0, ""object"": 0}, ""eff_fps"": {""pose"": 0, ""object"": 0}, ""latency_ms"": {""pose"": 0, ""object"": 0}, ""svclat_ms"": {""pose"": 0.0, ""object"": 0.0}}, ""b7"": {""services"": [""pose"", ""object""], ""fps"": {""pose"": 0, ""object"": 0}, ""eff_fps"": {""pose"": 0, ""object"": 0}, ""latency_ms"": {""pose"": 0, ""object"": 0}, ""svclat_ms"": {""pose"": 0.0, ""object"": 0.0}}}"
152.5,26,25,0.962,0,0,11,11,11,1.0,1015.0,951.0,0.937,0.0,0.44,0.0,10.38,27.58,10.62,10.14,27.58,10.62,0,0,0,74.39,25.49,61.93,935,"{""ip-172-31-0-204"": ""healthy"", ""ip-172-31-1-171"": ""healthy"", ""ip-172-31-10-12"": ""healthy"", ""ip-172-31-11-132"": ""healthy"", ""ip-172-31-13-134"": ""healthy"", ""ip-172-31-14-68"": ""healthy"", ""ip-172-31-40-239"": ""healthy""}",subscribe,9.7,0.634,0,0,"{""ip-172-31-0-204"": {""pose"": 1, ""gesture"": 1}, ""ip-172-31-1-171"": {""gesture"": 1}, ""ip-172-31-10-12"": {""gesture"": 1, ""object"": 1}, ""ip-172-31-11-132"": {""gesture"": 1}, ""ip-172-31-13-134"": {""gesture"": 1, ""pose"": 1}, ""ip-172-31-14-68"": {""gesture"": 1}, ""ip-172-31-40-239"": {""gesture"": 1, ""object"": 1}}","{""a1"": {""services"": [""pose"", ""gesture""], ""fps"": {""pose"": 9, ""gesture"": 24}, ""eff_fps"": {""pose"": 0, ""gesture"": 24}, ""latency_ms"": {""pose"": 0, ""gesture"": 0}, ""svclat_ms"": {""pose"": 106.71, ""gesture"": 40.86}}, ""a2"": {""services"": [""pose"", ""gesture""], ""fps"": {""pose"": 11, ""gesture"": 27}, ""eff_fps"": {""pose"": 11, ""gesture"": 27}, ""latency_ms"": {""pose"": 0, ""gesture"": 0}, ""svclat_ms"": {""pose"": 36.6, ""gesture"": 36.84}}, ""a3"": {""services"": [""pose"", ""gesture""], ""fps"": {""pose"": 9, ""gesture"": 25}, ""eff_fps"": {""pose"": 0, ""gesture"": 25}, ""latency_ms"": {""pose"": 0, ""gesture"": 0}, ""svclat_ms"": {""pose"": 107.13, ""gesture"": 23.08}}, ""a4"": {""services"": [""pose"", ""gesture""], ""fps"": {""pose"": 11, ""gesture"": 30}, ""eff_fps"": {""pose"": 11, ""gesture"": 30}, ""latency_ms"": {""pose"": 0, ""gesture"": 0}, ""svclat_ms"": {""pose"": 38.91, ""gesture"": 16.12}}, ""a5"": {""services"": [""pose"", ""gesture""], ""fps"": {""pose"": 9, ""gesture"": 30}, ""eff_fps"": {""pose"": 1, ""gesture"": 30}, ""latency_ms"": {""pose"": 0, ""gesture"": 0}, ""svclat_ms"": {""pose"": 107.35, ""gesture"": 18.6}}, ""a6"": {""services"": [""pose"", ""gesture""], ""fps"": {""pose"": 12, ""gesture"": 30}, ""eff_fps"": {""pose"": 12, ""gesture"": 30}, ""latency_ms"": {""pose"": 0, ""gesture"": 0}, ""svclat_ms"": {""pose"": 39.09, ""gesture"": 16.04}}, ""a7"": {""services"": [""pose"", ""gesture""], ""fps"": {""pose"": 10, ""gesture"": 30}, ""eff_fps"": {""pose"": 0, ""gesture"": 30}, ""latency_ms"": {""pose"": 0, ""gesture"": 0}, ""svclat_ms"": {""pose"": 107.74, ""gesture"": 19.69}}, ""a8"": {""services"": [""pose"", ""gesture""], ""fps"": {""pose"": 10, ""gesture"": 26}, ""eff_fps"": {""pose"": 0, ""gesture"": 26}, ""latency_ms"": {""pose"": 0, ""gesture"": 0}, ""svclat_ms"": {""pose"": 107.23, ""gesture"": 37.1}}, ""a9"": {""services"": [""pose"", ""gesture""], ""fps"": {""pose"": 12, ""gesture"": 24}, ""eff_fps"": {""pose"": 12, ""gesture"": 24}, ""latency_ms"": {""pose"": 0, ""gesture"": 0}, ""svclat_ms"": {""pose"": 30.58, ""gesture"": 41.07}}, ""a10"": {""services"": [""pose"", ""gesture""], ""fps"": {""pose"": 9, ""gesture"": 30}, ""eff_fps"": {""pose"": 0, ""gesture"": 30}, ""latency_ms"": {""pose"": 0, ""gesture"": 0}, ""svclat_ms"": {""pose"": 106.94, ""gesture"": 14.91}}, ""a11"": {""services"": [""pose"", ""gesture""], ""fps"": {""pose"": 12, ""gesture"": 25}, ""eff_fps"": {""pose"": 12, ""gesture"": 25}, ""latency_ms"": {""pose"": 0, ""gesture"": 0}, ""svclat_ms"": {""pose"": 39.08, ""gesture"": 24.86}}, ""a12"": {""services"": [""pose"", ""gesture""], ""fps"": {""pose"": 12, ""gesture"": 30}, ""eff_fps"": {""pose"": 12, ""gesture"": 30}, ""latency_ms"": {""pose"": 0, ""gesture"": 0}, ""svclat_ms"": {""pose"": 33.44, ""gesture"": 18.72}}, ""z1"": {""services"": [""gesture"", ""object""], ""fps"": {""gesture"": 30, ""object"": 11}, ""eff_fps"": {""gesture"": 30, ""object"": 11}, ""latency_ms"": {""gesture"": 0, ""object"": 0}, ""svclat_ms"": {""gesture"": 17.15, ""object"": 32.85}}, ""z2"": {""services"": [""gesture"", ""object""], ""fps"": {""gesture"": 30, ""object"": 10}, ""eff_fps"": {""gesture"": 30, ""object"": 10}, ""latency_ms"": {""gesture"": 0, ""object"": 0}, ""svclat_ms"": {""gesture"": 14.97, ""object"": 88.05}}, ""z3"": {""services"": [""gesture"", ""object""], ""fps"": {""gesture"": 25, ""object"": 10}, ""eff_fps"": {""gesture"": 25, ""object"": 10}, ""latency_ms"": {""gesture"": 0, ""object"": 0}, ""svclat_ms"": {""gesture"": 40.93, ""object"": 87.0}}, ""z4"": {""services"": [""gesture"", ""object""], ""fps"": {""gesture"": 25, ""object"": 10}, ""eff_fps"": {""gesture"": 25, ""object"": 10}, ""latency_ms"": {""gesture"": 0, ""object"": 0}, ""svclat_ms"": {""gesture"": 23.08, ""object"": 88.17}}, ""z5"": {""services"": [""gesture"", ""object""], ""fps"": {""gesture"": 26, ""object"": 12}, ""eff_fps"": {""gesture"": 26, ""object"": 12}, ""latency_ms"": {""gesture"": 0, ""object"": 0}, ""svclat_ms"": {""gesture"": 37.18, ""object"": 32.45}}, ""z6"": {""services"": [""gesture"", ""object""], ""fps"": {""gesture"": 30, ""object"": 11}, ""eff_fps"": {""gesture"": 30, ""object"": 11}, ""latency_ms"": {""gesture"": 0, ""object"": 0}, ""svclat_ms"": {""gesture"": 15.78, ""object"": 30.76}}, ""z7"": {""services"": [""gesture"", ""object""], ""fps"": {""gesture"": 30, ""object"": 10}, ""eff_fps"": {""gesture"": 30, ""object"": 10}, ""latency_ms"": {""gesture"": 0, ""object"": 0}, ""svclat_ms"": {""gesture"": 18.3, ""object"": 86.8}}, ""z8"": {""services"": [""gesture"", ""object""], ""fps"": {""gesture"": 24, ""object"": 12}, ""eff_fps"": {""gesture"": 24, ""object"": 12}, ""latency_ms"": {""gesture"": 0, ""object"": 0}, ""svclat_ms"": {""gesture"": 40.73, ""object"": 34.95}}, ""z9"": {""services"": [""gesture"", ""object""], ""fps"": {""gesture"": 30, ""object"": 11}, ""eff_fps"": {""gesture"": 30, ""object"": 11}, ""latency_ms"": {""gesture"": 0, ""object"": 0}, ""svclat_ms"": {""gesture"": 16.36, ""object"": 25.17}}, ""z10"": {""services"": [""gesture"", ""object""], ""fps"": {""gesture"": 30, ""object"": 10}, ""eff_fps"": {""gesture"": 30, ""object"": 10}, ""latency_ms"": {""gesture"": 0, ""object"": 0}, ""svclat_ms"": {""gesture"": 17.44, ""object"": 87.93}}, ""z11"": {""services"": [""gesture"", ""object""], ""fps"": {""gesture"": 26, ""object"": 10}, ""eff_fps"": {""gesture"": 26, ""object"": 10}, ""latency_ms"": {""gesture"": 0, ""object"": 0}, ""svclat_ms"": {""gesture"": 37.31, ""object"": 88.39}}, ""z12"": {""services"": [""gesture"", ""object""], ""fps"": {""gesture"": 25, ""object"": 10}, ""eff_fps"": {""gesture"": 25, ""object"": 10}, ""latency_ms"": {""gesture"": 0, ""object"": 0}, ""svclat_ms"": {""gesture"": 24.61, ""object"": 91.42}}, ""b1"": {""services"": [""pose"", ""object""], ""fps"": {""pose"": 9, ""object"": 11}, ""eff_fps"": {""pose"": 0, ""object"": 11}, ""latency_ms"": {""pose"": 0, ""object"": 0}, ""svclat_ms"": {""pose"": 106.29, ""object"": 31.2}}, ""b2"": {""services"": [""pose"", ""object""], ""fps"": {""pose"": 0, ""object"": 0}, ""eff_fps"": {""pose"": 0, ""object"": 0}, ""latency_ms"": {""pose"": 0, ""object"": 0}, ""svclat_ms"": {""pose"": 0.0, ""object"": 0.0}}, ""b3"": {""services"": [""pose"", ""object""], ""fps"": {""pose"": 0, ""object"": 0}, ""eff_fps"": {""pose"": 0, ""object"": 0}, ""latency_ms"": {""pose"": 0, ""object"": 0}, ""svclat_ms"": {""pose"": 0.0, ""object"": 0.0}}, ""b4"": {""services"": [""pose"", ""object""], ""fps"": {""pose"": 0, ""object"": 0}, ""eff_fps"": {""pose"": 0, ""object"": 0}, ""latency_ms"": {""pose"": 0, ""object"": 0}, ""svclat_ms"": {""pose"": 0.0, ""object"": 0.0}}, ""b5"": {""services"": [""pose"", ""object""], ""fps"": {""pose"": 0, ""object"": 0}, ""eff_fps"": {""pose"": 0, ""object"": 0}, ""latency_ms"": {""pose"": 0, ""object"": 0}, ""svclat_ms"": {""pose"": 0.0, ""object"": 0.0}}, ""b6"": {""services"": [""pose"", ""object""], ""fps"": {""pose"": 0, ""object"": 0}, ""eff_fps"": {""pose"": 0, ""object"": 0}, ""latency_ms"": {""pose"": 0, ""object"": 0}, ""svclat_ms"": {""pose"": 0.0, ""object"": 0.0}}, ""b7"": {""services"": [""pose"", ""object""], ""fps"": {""pose"": 0, ""object"": 0}, ""eff_fps"": {""pose"": 0, ""object"": 0}, ""latency_ms"": {""pose"": 0, ""object"": 0}, ""svclat_ms"": {""pose"": 0.0, ""object"": 0.0}}}"
154.8,26,25,0.962,0,0,11,11,11,1.0,1015.0,951.0,0.937,0.0,0.44,0.0,10.46,27.79,10.69,11.83,27.79,10.62,0,0,0,74.75,25.76,58.7,942,"{""ip-172-31-0-204"": ""healthy"", ""ip-172-31-1-171"": ""healthy"", ""ip-172-31-10-12"": ""healthy"", ""ip-172-31-11-132"": ""healthy"", ""ip-172-31-13-134"": ""healthy"", ""ip-172-31-14-68"": ""healthy"", ""ip-172-31-40-239"": ""healthy""}",subscribe,9.7,0.634,0,0,"{""ip-172-31-0-204"": {""pose"": 1, ""gesture"": 1}, ""ip-172-31-1-171"": {""gesture"": 1}, ""ip-172-31-10-12"": {""gesture"": 1, ""object"": 1}, ""ip-172-31-11-132"": {""gesture"": 1}, ""ip-172-31-13-134"": {""gesture"": 1, ""pose"": 1}, ""ip-172-31-14-68"": {""gesture"": 1}, ""ip-172-31-40-239"": {""gesture"": 1, ""object"": 1}}","{""a1"": {""services"": [""pose"", ""gesture""], ""fps"": {""pose"": 9, ""gesture"": 24}, ""eff_fps"": {""pose"": 0, ""gesture"": 24}, ""latency_ms"": {""pose"": 0, ""gesture"": 0}, ""svclat_ms"": {""pose"": 109.53, ""gesture"": 42.03}}, ""a2"": {""services"": [""pose"", ""gesture""], ""fps"": {""pose"": 12, ""gesture"": 27}, ""eff_fps"": {""pose"": 12, ""gesture"": 27}, ""latency_ms"": {""pose"": 0, ""gesture"": 0}, ""svclat_ms"": {""pose"": 36.59, ""gesture"": 35.45}}, ""a3"": {""services"": [""pose"", ""gesture""], ""fps"": {""pose"": 9, ""gesture"": 25}, ""eff_fps"": {""pose"": 0, ""gesture"": 25}, ""latency_ms"": {""pose"": 0, ""gesture"": 0}, ""svclat_ms"": {""pose"": 110.45, ""gesture"": 27.14}}, ""a4"": {""services"": [""pose"", ""gesture""], ""fps"": {""pose"": 12, ""gesture"": 30}, ""eff_fps"": {""pose"": 12, ""gesture"": 30}, ""latency_ms"": {""pose"": 0, ""gesture"": 0}, ""svclat_ms"": {""pose"": 36.99, ""gesture"": 16.1}}, ""a5"": {""services"": [""pose"", ""gesture""], ""fps"": {""pose"": 9, ""gesture"": 30}, ""eff_fps"": {""pose"": 0, ""gesture"": 30}, ""latency_ms"": {""pose"": 0, ""gesture"": 0}, ""svclat_ms"": {""pose"": 108.96, ""gesture"": 18.53}}, ""a6"": {""services"": [""pose"", ""gesture""], ""fps"": {""pose"": 11, ""gesture"": 30}, ""eff_fps"": {""pose"": 11, ""gesture"": 30}, ""latency_ms"": {""pose"": 0, ""gesture"": 0}, ""svclat_ms"": {""pose"": 37.45, ""gesture"": 16.12}}, ""a7"": {""services"": [""pose"", ""gesture""], ""fps"": {""pose"": 10, ""gesture"": 30}, ""eff_fps"": {""pose"": 0, ""gesture"": 30}, ""latency_ms"": {""pose"": 0, ""gesture"": 0}, ""svclat_ms"": {""pose"": 108.33, ""gesture"": 20.2}}, ""a8"": {""services"": [""pose"", ""gesture""], ""fps"": {""pose"": 9, ""gesture"": 28}, ""eff_fps"": {""pose"": 0, ""gesture"": 28}, ""latency_ms"": {""pose"": 0, ""gesture"": 0}, ""svclat_ms"": {""pose"": 109.95, ""gesture"": 35.58}}, ""a9"": {""services"": [""pose"", ""gesture""], ""fps"": {""pose"": 12, ""gesture"": 24}, ""eff_fps"": {""pose"": 12, ""gesture"": 24}, ""latency_ms"": {""pose"": 0, ""gesture"": 0}, ""svclat_ms"": {""pose"": 30.27, ""gesture"": 42.33}}, ""a10"": {""services"": [""pose"", ""gesture""], ""fps"": {""pose"": 10, ""gesture"": 30}, ""eff_fps"": {""pose"": 0, ""gesture"": 30}, ""latency_ms"": {""pose"": 0, ""gesture"": 0}, ""svclat_ms"": {""pose"": 109.66, ""gesture"": 15.12}}, ""a11"": {""services"": [""pose"", ""gesture""], ""fps"": {""pose"": 12, ""gesture"": 26}, ""eff_fps"": {""pose"": 12, ""gesture"": 26}, ""latency_ms"": {""pose"": 0, ""gesture"": 0}, ""svclat_ms"": {""pose"": 34.46, ""gesture"": 24.36}}, ""a12"": {""services"": [""pose"", ""gesture""], ""fps"": {""pose"": 12, ""gesture"": 30}, ""eff_fps"": {""pose"": 12, ""gesture"": 30}, ""latency_ms"": {""pose"": 0, ""gesture"": 0}, ""svclat_ms"": {""pose"": 28.9, ""gesture"": 18.65}}, ""z1"": {""services"": [""gesture"", ""object""], ""fps"": {""gesture"": 30, ""object"": 12}, ""eff_fps"": {""gesture"": 30, ""object"": 12}, ""latency_ms"": {""gesture"": 0, ""object"": 0}, ""svclat_ms"": {""gesture"": 17.52, ""object"": 28.28}}, ""z2"": {""services"": [""gesture"", ""object""], ""fps"": {""gesture"": 30, ""object"": 10}, ""eff_fps"": {""gesture"": 30, ""object"": 10}, ""latency_ms"": {""gesture"": 0, ""object"": 0}, ""svclat_ms"": {""gesture"": 14.89, ""object"": 79.63}}, ""z3"": {""services"": [""gesture"", ""object""], ""fps"": {""gesture"": 24, ""object"": 10}, ""eff_fps"": {""gesture"": 24, ""object"": 10}, ""latency_ms"": {""gesture"": 0, ""object"": 0}, ""svclat_ms"": {""gesture"": 42.23, ""object"": 75.8}}, ""z4"": {""services"": [""gesture"", ""object""], ""fps"": {""gesture"": 25, ""object"": 10}, ""eff_fps"": {""gesture"": 25, ""object"": 9}, ""latency_ms"": {""gesture"": 0, ""object"": 0}, ""svclat_ms"": {""gesture"": 26.59, ""object"": 89.93}}, ""z5"": {""services"": [""gesture"", ""object""], ""fps"": {""gesture"": 28, ""object"": 11}, ""eff_fps"": {""gesture"": 28, ""object"": 11}, ""latency_ms"": {""gesture"": 0, ""object"": 0}, ""svclat_ms"": {""gesture"": 34.94, ""object"": 31.89}}, ""z6"": {""services"": [""gesture"", ""object""], ""fps"": {""gesture"": 30, ""object"": 12}, ""eff_fps"": {""gesture"": 30, ""object"": 12}, ""latency_ms"": {""gesture"": 0, ""object"": 0}, ""svclat_ms"": {""gesture"": 15.78, ""object"": 30.72}}, ""z7"": {""services"": [""gesture"", ""object""], ""fps"": {""gesture"": 30, ""object"": 10}, ""eff_fps"": {""gesture"": 30, ""object"": 10}, ""latency_ms"": {""gesture"": 0, ""object"": 0}, ""svclat_ms"": {""gesture"": 18.85, ""object"": 84.57}}, ""z8"": {""services"": [""gesture"", ""object""], ""fps"": {""gesture"": 23, ""object"": 12}, ""eff_fps"": {""gesture"": 23, ""object"": 12}, ""latency_ms"": {""gesture"": 0, ""object"": 0}, ""svclat_ms"": {""gesture"": 42.18, ""object"": 38.14}}, ""z9"": {""services"": [""gesture"", ""object""], ""fps"": {""gesture"": 30, ""object"": 11}, ""eff_fps"": {""gesture"": 30, ""object"": 11}, ""latency_ms"": {""gesture"": 0, ""object"": 0}, ""svclat_ms"": {""gesture"": 16.36, ""object"": 23.72}}, ""z10"": {""services"": [""gesture"", ""object""], ""fps"": {""gesture"": 30, ""object"": 10}, ""eff_fps"": {""gesture"": 30, ""object"": 10}, ""latency_ms"": {""gesture"": 0, ""object"": 0}, ""svclat_ms"": {""gesture"": 17.57, ""object"": 76.86}}, ""z11"": {""services"": [""gesture"", ""object""], ""fps"": {""gesture"": 28, ""object"": 10}, ""eff_fps"": {""gesture"": 28, ""object"": 10}, ""latency_ms"": {""gesture"": 0, ""object"": 0}, ""svclat_ms"": {""gesture"": 34.2, ""object"": 89.31}}, ""z12"": {""services"": [""gesture"", ""object""], ""fps"": {""gesture"": 25, ""object"": 10}, ""eff_fps"": {""gesture"": 25, ""object"": 10}, ""latency_ms"": {""gesture"": 0, ""object"": 0}, ""svclat_ms"": {""gesture"": 25.49, ""object"": 83.93}}, ""b1"": {""services"": [""pose"", ""object""], ""fps"": {""pose"": 9, ""object"": 11}, ""eff_fps"": {""pose"": 0, ""object"": 11}, ""latency_ms"": {""pose"": 0, ""object"": 0}, ""svclat_ms"": {""pose"": 110.17, ""object"": 30.33}}, ""b2"": {""services"": [""pose"", ""object""], ""fps"": {""pose"": 0, ""object"": 0}, ""eff_fps"": {""pose"": 0, ""object"": 0}, ""latency_ms"": {""pose"": 0, ""object"": 0}, ""svclat_ms"": {""pose"": 0.0, ""object"": 0.0}}, ""b3"": {""services"": [""pose"", ""object""], ""fps"": {""pose"": 0, ""object"": 0}, ""eff_fps"": {""pose"": 0, ""object"": 0}, ""latency_ms"": {""pose"": 0, ""object"": 0}, ""svclat_ms"": {""pose"": 0.0, ""object"": 0.0}}, ""b4"": {""services"": [""pose"", ""object""], ""fps"": {""pose"": 0, ""object"": 0}, ""eff_fps"": {""pose"": 0, ""object"": 0}, ""latency_ms"": {""pose"": 0, ""object"": 0}, ""svclat_ms"": {""pose"": 0.0, ""object"": 0.0}}, ""b5"": {""services"": [""pose"", ""object""], ""fps"": {""pose"": 0, ""object"": 0}, ""eff_fps"": {""pose"": 0, ""object"": 0}, ""latency_ms"": {""pose"": 0, ""object"": 0}, ""svclat_ms"": {""pose"": 0.0, ""object"": 0.0}}, ""b6"": {""services"": [""pose"", ""object""], ""fps"": {""pose"": 0, ""object"": 0}, ""eff_fps"": {""pose"": 0, ""object"": 0}, ""latency_ms"": {""pose"": 0, ""object"": 0}, ""svclat_ms"": {""pose"": 0.0, ""object"": 0.0}}, ""b7"": {""services"": [""pose"", ""object""], ""fps"": {""pose"": 0, ""object"": 0}, ""eff_fps"": {""pose"": 0, ""object"": 0}, ""latency_ms"": {""pose"": 0, ""object"": 0}, ""svclat_ms"": {""pose"": 0.0, ""object"": 0.0}}}"
157.2,26,25,0.962,0,0,11,11,11,1.0,1015.0,951.0,0.937,0.0,0.44,0.0,10.69,27.96,10.69,7.31,27.96,10.69,0,0,0,70.32,21.27,58.0,949,"{""ip-172-31-0-204"": ""healthy"", ""ip-172-31-1-171"": ""healthy"", ""ip-172-31-10-12"": ""healthy"", ""ip-172-31-11-132"": ""healthy"", ""ip-172-31-13-134"": ""healthy"", ""ip-172-31-14-68"": ""healthy"", ""ip-172-31-40-239"": ""healthy""}",subscribe,9.7,0.634,0,0,"{""ip-172-31-0-204"": {""pose"": 1, ""gesture"": 1}, ""ip-172-31-1-171"": {""gesture"": 1}, ""ip-172-31-10-12"": {""gesture"": 1, ""object"": 1}, ""ip-172-31-11-132"": {""gesture"": 1}, ""ip-172-31-13-134"": {""gesture"": 1, ""pose"": 1}, ""ip-172-31-14-68"": {""gesture"": 1}, ""ip-172-31-40-239"": {""gesture"": 1, ""object"": 1}}","{""a1"": {""services"": [""pose"", ""gesture""], ""fps"": {""pose"": 10, ""gesture"": 25}, ""eff_fps"": {""pose"": 4, ""gesture"": 25}, ""latency_ms"": {""pose"": 0, ""gesture"": 0}, ""svclat_ms"": {""pose"": 101.91, ""gesture"": 38.75}}, ""a2"": {""services"": [""pose"", ""gesture""], ""fps"": {""pose"": 12, ""gesture"": 29}, ""eff_fps"": {""pose"": 12, ""gesture"": 29}, ""latency_ms"": {""pose"": 0, ""gesture"": 0}, ""svclat_ms"": {""pose"": 32.89, ""gesture"": 16.83}}, ""a3"": {""services"": [""pose"", ""gesture""], ""fps"": {""pose"": 10, ""gesture"": 25}, ""eff_fps"": {""pose"": 4, ""gesture"": 25}, ""latency_ms"": {""pose"": 0, ""gesture"": 0}, ""svclat_ms"": {""pose"": 101.89, ""gesture"": 19.62}}, ""a4"": {""services"": [""pose"", ""gesture""], ""fps"": {""pose"": 11, ""gesture"": 30}, ""eff_fps"": {""pose"": 11, ""gesture"": 30}, ""latency_ms"": {""pose"": 0, ""gesture"": 0}, ""svclat_ms"": {""pose"": 34.83, ""gesture"": 16.01}}, ""a5"": {""services"": [""pose"", ""gesture""], ""fps"": {""pose"": 9, ""gesture"": 30}, ""eff_fps"": {""pose"": 3, ""gesture"": 30}, ""latency_ms"": {""pose"": 0, ""gesture"": 0}, ""svclat_ms"": {""pose"": 101.66, ""gesture"": 18.88}}, ""a6"": {""services"": [""pose"", ""gesture""], ""fps"": {""pose"": 12, ""gesture"": 30}, ""eff_fps"": {""pose"": 12, ""gesture"": 30}, ""latency_ms"": {""pose"": 0, ""gesture"": 0}, ""svclat_ms"": {""pose"": 35.79, ""gesture"": 15.96}}, ""a7"": {""services"": [""pose"", ""gesture""], ""fps"": {""pose"": 10, ""gesture"": 30}, ""eff_fps"": {""pose"": 4, ""gesture"": 30}, ""latency_ms"": {""pose"": 0, ""gesture"": 0}, ""svclat_ms"": {""pose"": 102.21, ""gesture"": 19.53}}, ""a8"": {""services"": [""pose"", ""gesture""], ""fps"": {""pose"": 10, ""gesture"": 28}, ""eff_fps"": {""pose"": 5, ""gesture"": 28}, ""latency_ms"": {""pose"": 0, ""gesture"": 0}, ""svclat_ms"": {""pose"": 101.7, ""gesture"": 16.77}}, ""a9"": {""services"": [""pose"", ""gesture""], ""fps"": {""pose"": 11, ""gesture"": 24}, ""eff_fps"": {""pose"": 11, ""gesture"": 24}, ""latency_ms"": {""pose"": 0, ""gesture"": 0}, ""svclat_ms"": {""pose"": 28.14, ""gesture"": 38.2}}, ""a10"": {""services"": [""pose"", ""gesture""], ""fps"": {""pose"": 10, ""gesture"": 30}, ""eff_fps"": {""pose"": 4, ""gesture"": 30}, ""latency_ms"": {""pose"": 0, ""gesture"": 0}, ""svclat_ms"": {""pose"": 101.34, ""gesture"": 14.8}}, ""a11"": {""services"": [""pose"", ""gesture""], ""fps"": {""pose"": 12, ""gesture"": 25}, ""eff_fps"": {""pose"": 12, ""gesture"": 25}, ""latency_ms"": {""pose"": 0, ""gesture"": 0}, ""svclat_ms"": {""pose"": 37.1, ""gesture"": 23.63}}, ""a12"": {""services"": [""pose"", ""gesture""], ""fps"": {""pose"": 12, ""gesture"": 30}, ""eff_fps"": {""pose"": 12, ""gesture"": 30}, ""latency_ms"": {""pose"": 0, ""gesture"": 0}, ""svclat_ms"": {""pose"": 31.41, ""gesture"": 18.69}}, ""z1"": {""services"": [""gesture"", ""object""], ""fps"": {""gesture"": 30, ""object"": 12}, ""eff_fps"": {""gesture"": 30, ""object"": 12}, ""latency_ms"": {""gesture"": 0, ""object"": 0}, ""svclat_ms"": {""gesture"": 17.44, ""object"": 31.24}}, ""z2"": {""services"": [""gesture"", ""object""], ""fps"": {""gesture"": 30, ""object"": 10}, ""eff_fps"": {""gesture"": 30, ""object"": 10}, ""latency_ms"": {""gesture"": 0, ""object"": 0}, ""svclat_ms"": {""gesture"": 14.97, ""object"": 84.23}}, ""z3"": {""services"": [""gesture"", ""object""], ""fps"": {""gesture"": 24, ""object"": 10}, ""eff_fps"": {""gesture"": 24, ""object"": 10}, ""latency_ms"": {""gesture"": 0, ""object"": 0}, ""svclat_ms"": {""gesture"": 38.34, ""object"": 72.16}}, ""z4"": {""services"": [""gesture"", ""object""], ""fps"": {""gesture"": 25, ""object"": 10}, ""eff_fps"": {""gesture"": 25, ""object"": 10}, ""latency_ms"": {""gesture"": 0, ""object"": 0}, ""svclat_ms"": {""gesture"": 20.25, ""object"": 85.61}}, ""z5"": {""services"": [""gesture"", ""object""], ""fps"": {""gesture"": 28, ""object"": 11}, ""eff_fps"": {""gesture"": 28, ""object"": 11}, ""latency_ms"": {""gesture"": 0, ""object"": 0}, ""svclat_ms"": {""gesture"": 16.18, ""object"": 32.42}}, ""z6"": {""services"": [""gesture"", ""object""], ""fps"": {""gesture"": 30, ""object"": 11}, ""eff_fps"": {""gesture"": 30, ""object"": 11}, ""latency_ms"": {""gesture"": 0, ""object"": 0}, ""svclat_ms"": {""gesture"": 15.79, ""object"": 32.63}}, ""z7"": {""services"": [""gesture"", ""object""], ""fps"": {""gesture"": 30, ""object"": 10}, ""eff_fps"": {""gesture"": 30, ""object"": 10}, ""latency_ms"": {""gesture"": 0, ""object"": 0}, ""svclat_ms"": {""gesture"": 18.4, ""object"": 88.52}}, ""z8"": {""services"": [""gesture"", ""object""], ""fps"": {""gesture"": 25, ""object"": 12}, ""eff_fps"": {""gesture"": 25, ""object"": 12}, ""latency_ms"": {""gesture"": 0, ""object"": 0}, ""svclat_ms"": {""gesture"": 38.24, ""object"": 37.6}}, ""z9"": {""services"": [""gesture"", ""object""], ""fps"": {""gesture"": 30, ""object"": 11}, ""eff_fps"": {""gesture"": 30, ""object"": 11}, ""latency_ms"": {""gesture"": 0, ""object"": 0}, ""svclat_ms"": {""gesture"": 16.26, ""object"": 25.15}}, ""z10"": {""services"": [""gesture"", ""object""], ""fps"": {""gesture"": 30, ""object"": 10}, ""eff_fps"": {""gesture"": 30, ""object"": 10}, ""latency_ms"": {""gesture"": 0, ""object"": 0}, ""svclat_ms"": {""gesture"": 17.94, ""object"": 72.37}}, ""z11"": {""services"": [""gesture"", ""object""], ""fps"": {""gesture"": 28, ""object"": 10}, ""eff_fps"": {""gesture"": 28, ""object"": 10}, ""latency_ms"": {""gesture"": 0, ""object"": 0}, ""svclat_ms"": {""gesture"": 16.68, ""object"": 83.16}}, ""z12"": {""services"": [""gesture"", ""object""], ""fps"": {""gesture"": 25, ""object"": 10}, ""eff_fps"": {""gesture"": 25, ""object"": 10}, ""latency_ms"": {""gesture"": 0, ""object"": 0}, ""svclat_ms"": {""gesture"": 22.41, ""object"": 75.98}}, ""b1"": {""services"": [""pose"", ""object""], ""fps"": {""pose"": 10, ""object"": 12}, ""eff_fps"": {""pose"": 1, ""object"": 12}, ""latency_ms"": {""pose"": 0, ""object"": 0}, ""svclat_ms"": {""pose"": 103.23, ""object"": 32.93}}, ""b2"": {""services"": [""pose"", ""object""], ""fps"": {""pose"": 0, ""object"": 0}, ""eff_fps"": {""pose"": 0, ""object"": 0}, ""latency_ms"": {""pose"": 0, ""object"": 0}, ""svclat_ms"": {""pose"": 0.0, ""object"": 0.0}}, ""b3"": {""services"": [""pose"", ""object""], ""fps"": {""pose"": 0, ""object"": 0}, ""eff_fps"": {""pose"": 0, ""object"": 0}, ""latency_ms"": {""pose"": 0, ""object"": 0}, ""svclat_ms"": {""pose"": 0.0, ""object"": 0.0}}, ""b4"": {""services"": [""pose"", ""object""], ""fps"": {""pose"": 0, ""object"": 0}, ""eff_fps"": {""pose"": 0, ""object"": 0}, ""latency_ms"": {""pose"": 0, ""object"": 0}, ""svclat_ms"": {""pose"": 0.0, ""object"": 0.0}}, ""b5"": {""services"": [""pose"", ""object""], ""fps"": {""pose"": 0, ""object"": 0}, ""eff_fps"": {""pose"": 0, ""object"": 0}, ""latency_ms"": {""pose"": 0, ""object"": 0}, ""svclat_ms"": {""pose"": 0.0, ""object"": 0.0}}, ""b6"": {""services"": [""pose"", ""object""], ""fps"": {""pose"": 0, ""object"": 0}, ""eff_fps"": {""pose"": 0, ""object"": 0}, ""latency_ms"": {""pose"": 0, ""object"": 0}, ""svclat_ms"": {""pose"": 0.0, ""object"": 0.0}}, ""b7"": {""services"": [""pose"", ""object""], ""fps"": {""pose"": 0, ""object"": 0}, ""eff_fps"": {""pose"": 0, ""object"": 0}, ""latency_ms"": {""pose"": 0, ""object"": 0}, ""svclat_ms"": {""pose"": 0.0, ""object"": 0.0}}, ""b8"": {""services"": [""pose"", ""object""], ""fps"": {""pose"": 0, ""object"": 0}, ""eff_fps"": {""pose"": 0, ""object"": 0}, ""latency_ms"": {""pose"": 0, ""object"": 0}, ""svclat_ms"": {""pose"": 0.0, ""object"": 0.0}}}"
161.0,26,25,0.962,0,0,11,11,11,1.0,1015.0,951.0,0.937,0.0,0.44,0.0,12.64,27.17,11.43,11.71,27.17,11.46,0,0,0,67.64,19.51,115.13,989,"{""ip-172-31-0-204"": ""healthy"", ""ip-172-31-1-171"": ""healthy"", ""ip-172-31-10-12"": ""healthy"", ""ip-172-31-11-132"": ""healthy"", ""ip-172-31-13-134"": ""healthy"", ""ip-172-31-14-68"": ""healthy"", ""ip-172-31-40-239"": ""healthy""}",subscribe,9.7,0.634,0,0,"{""ip-172-31-0-204"": {""pose"": 1, ""gesture"": 1}, ""ip-172-31-1-171"": {""gesture"": 1}, ""ip-172-31-10-12"": {""gesture"": 1, ""object"": 1}, ""ip-172-31-11-132"": {""gesture"": 1}, ""ip-172-31-13-134"": {""gesture"": 1, ""pose"": 1}, ""ip-172-31-14-68"": {""gesture"": 1}, ""ip-172-31-40-239"": {""gesture"": 1, ""object"": 1}}","{""a1"": {""services"": [""pose"", ""gesture""], ""fps"": {""pose"": 12, ""gesture"": 23}, ""eff_fps"": {""pose"": 12, ""gesture"": 23}, ""latency_ms"": {""pose"": 0, ""gesture"": 0}, ""svclat_ms"": {""pose"": 30.62, ""gesture"": 23.44}}, ""a2"": {""services"": [""pose"", ""gesture""], ""fps"": {""pose"": 13, ""gesture"": 25}, ""eff_fps"": {""pose"": 12, ""gesture"": 25}, ""latency_ms"": {""pose"": 0, ""gesture"": 0}, ""svclat_ms"": {""pose"": 65.25, ""gesture"": 20.98}}, ""a3"": {""services"": [""pose"", ""gesture""], ""fps"": {""pose"": 15, ""gesture"": 25}, ""eff_fps"": {""pose"": 13, ""gesture"": 25}, ""latency_ms"": {""pose"": 0, ""gesture"": 0}, ""svclat_ms"": {""pose"": 50.01, ""gesture"": 20.83}}, ""a4"": {""services"": [""pose"", ""gesture""], ""fps"": {""pose"": 11, ""gesture"": 30}, ""eff_fps"": {""pose"": 11, ""gesture"": 30}, ""latency_ms"": {""pose"": 0, ""gesture"": 0}, ""svclat_ms"": {""pose"": 57.11, ""gesture"": 16.28}}, ""a5"": {""services"": [""pose"", ""gesture""], ""fps"": {""pose"": 12, ""gesture"": 30}, ""eff_fps"": {""pose"": 12, ""gesture"": 30}, ""latency_ms"": {""pose"": 0, ""gesture"": 0}, ""svclat_ms"": {""pose"": 38.21, ""gesture"": 18.37}}, ""a6"": {""services"": [""pose"", ""gesture""], ""fps"": {""pose"": 17, ""gesture"": 30}, ""eff_fps"": {""pose"": 17, ""gesture"": 30}, ""latency_ms"": {""pose"": 0, ""gesture"": 0}, ""svclat_ms"": {""pose"": 38.91, ""gesture"": 16.24}}, ""a7"": {""services"": [""pose"", ""gesture""], ""fps"": {""pose"": 10, ""gesture"": 30}, ""eff_fps"": {""pose"": 8, ""gesture"": 30}, ""latency_ms"": {""pose"": 0, ""gesture"": 0}, ""svclat_ms"": {""pose"": 121.75, ""gesture"": 19.82}}, ""a8"": {""services"": [""pose"", ""gesture""], ""fps"": {""pose"": 17, ""gesture"": 26}, ""eff_fps"": {""pose"": 17, ""gesture"": 26}, ""latency_ms"": {""pose"": 0, ""gesture"": 0}, ""svclat_ms"": {""pose"": 47.55, ""gesture"": 18.61}}, ""a9"": {""services"": [""pose"", ""gesture""], ""fps"": {""pose"": 13, ""gesture"": 23}, ""eff_fps"": {""pose"": 12, ""gesture"": 23}, ""latency_ms"": {""pose"": 0, ""gesture"": 0}, ""svclat_ms"": {""pose"": 65.13, ""gesture"": 25.44}}, ""a10"": {""services"": [""pose"", ""gesture""], ""fps"": {""pose"": 7, ""gesture"": 30}, ""eff_fps"": {""pose"": 4, ""gesture"": 30}, ""latency_ms"": {""pose"": 0, ""gesture"": 0}, ""svclat_ms"": {""pose"": 148.3, ""gesture"": 15.11}}, ""a11"": {""services"": [""pose"", ""gesture""], ""fps"": {""pose"": 12, ""gesture"": 25}, ""eff_fps"": {""pose"": 12, ""gesture"": 25}, ""latency_ms"": {""pose"": 0, ""gesture"": 0}, ""svclat_ms"": {""pose"": 56.35, ""gesture"": 22.0}}, ""a12"": {""services"": [""pose"", ""gesture""], ""fps"": {""pose"": 18, ""gesture"": 30}, ""eff_fps"": {""pose"": 18, ""gesture"": 30}, ""latency_ms"": {""pose"": 0, ""gesture"": 0}, ""svclat_ms"": {""pose"": 33.8, ""gesture"": 19.04}}, ""z1"": {""services"": [""gesture"", ""object""], ""fps"": {""gesture"": 30, ""object"": 14}, ""eff_fps"": {""gesture"": 30, ""object"": 14}, ""latency_ms"": {""gesture"": 0, ""object"": 0}, ""svclat_ms"": {""gesture"": 17.39, ""object"": 60.56}}, ""z2"": {""services"": [""gesture"", ""object""], ""fps"": {""gesture"": 30, ""object"": 8}, ""eff_fps"": {""gesture"": 30, ""object"": 5}, ""latency_ms"": {""gesture"": 0, ""object"": 0}, ""svclat_ms"": {""gesture"": 15.02, ""object"": 175.01}}, ""z3"": {""services"": [""gesture"", ""object""], ""fps"": {""gesture"": 23, ""object"": 17}, ""eff_fps"": {""gesture"": 23, ""object"": 17}, ""latency_ms"": {""gesture"": 0, ""object"": 0}, ""svclat_ms"": {""gesture"": 26.23, ""object"": 39.42}}, ""z4"": {""services"": [""gesture"", ""object""], ""fps"": {""gesture"": 25, ""object"": 13}, ""eff_fps"": {""gesture"": 25, ""object"": 13}, ""latency_ms"": {""gesture"": 0, ""object"": 0}, ""svclat_ms"": {""gesture"": 20.82, ""object"": 70.43}}, ""z5"": {""services"": [""gesture"", ""object""], ""fps"": {""gesture"": 25, ""object"": 2}, ""eff_fps"": {""gesture"": 25, ""object"": 1}, ""latency_ms"": {""gesture"": 0, ""object"": 0}, ""svclat_ms"": {""gesture"": 18.43, ""object"": 264.9}}, ""z6"": {""services"": [""gesture"", ""object""], ""fps"": {""gesture"": 30, ""object"": 16}, ""eff_fps"": {""gesture"": 30, ""object"": 16}, ""latency_ms"": {""gesture"": 0, ""object"": 0}, ""svclat_ms"": {""gesture"": 16.1, ""object"": 31.4}}, ""z7"": {""services"": [""gesture"", ""object""], ""fps"": {""gesture"": 30, ""object"": 6}, ""eff_fps"": {""gesture"": 30, ""object"": 3}, ""latency_ms"": {""gesture"": 0, ""object"": 0}, ""svclat_ms"": {""gesture"": 18.1, ""object"": 205.57}}, ""z8"": {""services"": [""gesture"", ""object""], ""fps"": {""gesture"": 22, ""object"": 8}, ""eff_fps"": {""gesture"": 22, ""object"": 6}, ""latency_ms"": {""gesture"": 0, ""object"": 0}, ""svclat_ms"": {""gesture"": 25.1, ""object"": 139.51}}, ""z9"": {""services"": [""gesture"", ""object""], ""fps"": {""gesture"": 30, ""object"": 14}, ""eff_fps"": {""gesture"": 30, ""object"": 14}, ""latency_ms"": {""gesture"": 0, ""object"": 0}, ""svclat_ms"": {""gesture"": 16.55, ""object"": 60.53}}, ""z10"": {""services"": [""gesture"", ""object""], ""fps"": {""gesture"": 30, ""object"": 17}, ""eff_fps"": {""gesture"": 30, ""object"": 17}, ""latency_ms"": {""gesture"": 0, ""object"": 0}, ""svclat_ms"": {""gesture"": 17.27, ""object"": 38.92}}, ""z11"": {""services"": [""gesture"", ""object""], ""fps"": {""gesture"": 25, ""object"": 13}, ""eff_fps"": {""gesture"": 25, ""object"": 13}, ""latency_ms"": {""gesture"": 0, ""object"": 0}, ""svclat_ms"": {""gesture"": 21.57, ""object"": 70.93}}, ""z12"": {""services"": [""gesture"", ""object""], ""fps"": {""gesture"": 25, ""object"": 2}, ""eff_fps"": {""gesture"": 25, ""object"": 0}, ""latency_ms"": {""gesture"": 0, ""object"": 0}, ""svclat_ms"": {""gesture"": 19.54, ""object"": 358.32}}, ""b1"": {""services"": [""pose"", ""object""], ""fps"": {""pose"": 12, ""object"": 16}, ""eff_fps"": {""pose"": 11, ""object"": 16}, ""latency_ms"": {""pose"": 0, ""object"": 0}, ""svclat_ms"": {""pose"": 57.99, ""object"": 29.51}}, ""b2"": {""services"": [""pose"", ""object""], ""fps"": {""pose"": 0, ""object"": 0}, ""eff_fps"": {""pose"": 0, ""object"": 0}, ""latency_ms"": {""pose"": 0, ""object"": 0}, ""svclat_ms"": {""pose"": 0.0, ""object"": 0.0}}, ""b3"": {""services"": [""pose"", ""object""], ""fps"": {""pose"": 8, ""object"": 14}, ""eff_fps"": {""pose"": 5, ""object"": 14}, ""latency_ms"": {""pose"": 0, ""object"": 0}, ""svclat_ms"": {""pose"": 135.98, ""object"": 66.8}}, ""b4"": {""services"": [""pose"", ""object""], ""fps"": {""pose"": 0, ""object"": 0}, ""eff_fps"": {""pose"": 0, ""object"": 0}, ""latency_ms"": {""pose"": 0, ""object"": 0}, ""svclat_ms"": {""pose"": 0.0, ""object"": 0.0}}, ""b5"": {""services"": [""pose"", ""object""], ""fps"": {""pose"": 0, ""object"": 0}, ""eff_fps"": {""pose"": 0, ""object"": 0}, ""latency_ms"": {""pose"": 0, ""object"": 0}, ""svclat_ms"": {""pose"": 0.0, ""object"": 0.0}}, ""b6"": {""services"": [""pose"", ""object""], ""fps"": {""pose"": 0, ""object"": 0}, ""eff_fps"": {""pose"": 0, ""object"": 0}, ""latency_ms"": {""pose"": 0, ""object"": 0}, ""svclat_ms"": {""pose"": 0.0, ""object"": 0.0}}, ""b7"": {""services"": [""pose"", ""object""], ""fps"": {""pose"": 0, ""object"": 0}, ""eff_fps"": {""pose"": 0, ""object"": 0}, ""latency_ms"": {""pose"": 0, ""object"": 0}, ""svclat_ms"": {""pose"": 0.0, ""object"": 0.0}}, ""b8"": {""services"": [""pose"", ""object""], ""fps"": {""pose"": 0, ""object"": 0}, ""eff_fps"": {""pose"": 0, ""object"": 0}, ""latency_ms"": {""pose"": 0, ""object"": 0}, ""svclat_ms"": {""pose"": 0.0, ""object"": 0.0}}, ""b9"": {""services"": [""pose"", ""object""], ""fps"": {""pose"": 0, ""object"": 0}, ""eff_fps"": {""pose"": 0, ""object"": 0}, ""latency_ms"": {""pose"": 0, ""object"": 0}, ""svclat_ms"": {""pose"": 0.0, ""object"": 0.0}}}"
164.9,28,27,0.964,0,0,11,13,13,1.0,1111.0,1044.0,0.94,0.0,0.48,0.0,12.57,27.08,12.14,12.57,27.08,12.07,0,0,0,40.79,21.03,44.35,996,"{""ip-172-31-0-204"": ""healthy"", ""ip-172-31-1-171"": ""healthy"", ""ip-172-31-10-12"": ""healthy"", ""ip-172-31-11-132"": ""healthy"", ""ip-172-31-13-134"": ""healthy"", ""ip-172-31-14-68"": ""healthy"", ""ip-172-31-40-239"": ""healthy""}",subscribe,9.8,0.6444,0,0,"{""ip-172-31-0-204"": {""pose"": 1, ""gesture"": 1, ""object"": 1}, ""ip-172-31-1-171"": {""gesture"": 1, ""pose"": 1}, ""ip-172-31-10-12"": {""gesture"": 1, ""object"": 1}, ""ip-172-31-11-132"": {""gesture"": 1}, ""ip-172-31-13-134"": {""gesture"": 1, ""pose"": 1}, ""ip-172-31-14-68"": {""gesture"": 1}, ""ip-172-31-40-239"": {""gesture"": 1, ""object"": 1}}","{""a1"": {""services"": [""pose"", ""gesture""], ""fps"": {""pose"": 10, ""gesture"": 22}, ""eff_fps"": {""pose"": 10, ""gesture"": 22}, ""latency_ms"": {""pose"": 0, ""gesture"": 0}, ""svclat_ms"": {""pose"": 39.92, ""gesture"": 28.39}}, ""a2"": {""services"": [""pose"", ""gesture""], ""fps"": {""pose"": 14, ""gesture"": 25}, ""eff_fps"": {""pose"": 14, ""gesture"": 25}, ""latency_ms"": {""pose"": 0, ""gesture"": 0}, ""svclat_ms"": {""pose"": 29.5, ""gesture"": 21.28}}, ""a3"": {""services"": [""pose"", ""gesture""], ""fps"": {""pose"": 14, ""gesture"": 25}, ""eff_fps"": {""pose"": 14, ""gesture"": 25}, ""latency_ms"": {""pose"": 0, ""gesture"": 0}, ""svclat_ms"": {""pose"": 34.86, ""gesture"": 21.56}}, ""a4"": {""services"": [""pose"", ""gesture""], ""fps"": {""pose"": 10, ""gesture"": 30}, ""eff_fps"": {""pose"": 10, ""gesture"": 30}, ""latency_ms"": {""pose"": 0, ""gesture"": 0}, ""svclat_ms"": {""pose"": 55.77, ""gesture"": 16.11}}, ""a5"": {""services"": [""pose"", ""gesture""], ""fps"": {""pose"": 10, ""gesture"": 30}, ""eff_fps"": {""pose"": 10, ""gesture"": 30}, ""latency_ms"": {""pose"": 0, ""gesture"": 0}, ""svclat_ms"": {""pose"": 62.48, ""gesture"": 18.59}}, ""a6"": {""services"": [""pose"", ""gesture""], ""fps"": {""pose"": 14, ""gesture"": 30}, ""eff_fps"": {""pose"": 14, ""gesture"": 30}, ""latency_ms"": {""pose"": 0, ""gesture"": 0}, ""svclat_ms"": {""pose"": 34.22, ""gesture"": 16.15}}, ""a7"": {""services"": [""pose"", ""gesture""], ""fps"": {""pose"": 14, ""gesture"": 30}, ""eff_fps"": {""pose"": 14, ""gesture"": 30}, ""latency_ms"": {""pose"": 0, ""gesture"": 0}, ""svclat_ms"": {""pose"": 27.17, ""gesture"": 19.84}}, ""a8"": {""services"": [""pose"", ""gesture""], ""fps"": {""pose"": 14, ""gesture"": 25}, ""eff_fps"": {""pose"": 14, ""gesture"": 25}, ""latency_ms"": {""pose"": 0, ""gesture"": 0}, ""svclat_ms"": {""pose"": 45.12, ""gesture"": 19.72}}, ""a9"": {""services"": [""pose"", ""gesture""], ""fps"": {""pose"": 14, ""gesture"": 23}, ""eff_fps"": {""pose"": 14, ""gesture"": 23}, ""latency_ms"": {""pose"": 0, ""gesture"": 0}, ""svclat_ms"": {""pose"": 29.33, ""gesture"": 30.13}}, ""a10"": {""services"": [""pose"", ""gesture""], ""fps"": {""pose"": 14, ""gesture"": 30}, ""eff_fps"": {""pose"": 14, ""gesture"": 30}, ""latency_ms"": {""pose"": 0, ""gesture"": 0}, ""svclat_ms"": {""pose"": 26.73, ""gesture"": 14.78}}, ""a11"": {""services"": [""pose"", ""gesture""], ""fps"": {""pose"": 10, ""gesture"": 25}, ""eff_fps"": {""pose"": 10, ""gesture"": 25}, ""latency_ms"": {""pose"": 0, ""gesture"": 0}, ""svclat_ms"": {""pose"": 68.44, ""gesture"": 21.18}}, ""a12"": {""services"": [""pose"", ""gesture""], ""fps"": {""pose"": 14, ""gesture"": 30}, ""eff_fps"": {""pose"": 14, ""gesture"": 30}, ""latency_ms"": {""pose"": 0, ""gesture"": 0}, ""svclat_ms"": {""pose"": 42.16, ""gesture"": 18.77}}, ""z1"": {""services"": [""gesture"", ""object""], ""fps"": {""gesture"": 30, ""object"": 13}, ""eff_fps"": {""gesture"": 30, ""object"": 13}, ""latency_ms"": {""gesture"": 0, ""object"": 0}, ""svclat_ms"": {""gesture"": 17.14, ""object"": 35.99}}, ""z2"": {""services"": [""gesture"", ""object""], ""fps"": {""gesture"": 30, ""object"": 10}, ""eff_fps"": {""gesture"": 30, ""object"": 10}, ""latency_ms"": {""gesture"": 0, ""object"": 0}, ""svclat_ms"": {""gesture"": 15.26, ""object"": 68.94}}, ""z3"": {""services"": [""gesture"", ""object""], ""fps"": {""gesture"": 23, ""object"": 14}, ""eff_fps"": {""gesture"": 23, ""object"": 14}, ""latency_ms"": {""gesture"": 0, ""object"": 0}, ""svclat_ms"": {""gesture"": 32.52, ""object"": 25.57}}, ""z4"": {""services"": [""gesture"", ""object""], ""fps"": {""gesture"": 25, ""object"": 13}, ""eff_fps"": {""gesture"": 25, ""object"": 13}, ""latency_ms"": {""gesture"": 0, ""object"": 0}, ""svclat_ms"": {""gesture"": 22.93, ""object"": 32.68}}, ""z5"": {""services"": [""gesture"", ""object""], ""fps"": {""gesture"": 25, ""object"": 10}, ""eff_fps"": {""gesture"": 25, ""object"": 10}, ""latency_ms"": {""gesture"": 0, ""object"": 0}, ""svclat_ms"": {""gesture"": 23.03, ""object"": 63.85}}, ""z6"": {""services"": [""gesture"", ""object""], ""fps"": {""gesture"": 30, ""object"": 13}, ""eff_fps"": {""gesture"": 30, ""object"": 13}, ""latency_ms"": {""gesture"": 0, ""object"": 0}, ""svclat_ms"": {""gesture"": 15.92, ""object"": 23.15}}, ""z7"": {""services"": [""gesture"", ""object""], ""fps"": {""gesture"": 30, ""object"": 10}, ""eff_fps"": {""gesture"": 30, ""object"": 9}, ""latency_ms"": {""gesture"": 0, ""object"": 0}, ""svclat_ms"": {""gesture"": 18.62, ""object"": 88.71}}, ""z8"": {""services"": [""gesture"", ""object""], ""fps"": {""gesture"": 22, ""object"": 10}, ""eff_fps"": {""gesture"": 22, ""object"": 10}, ""latency_ms"": {""gesture"": 0, ""object"": 0}, ""svclat_ms"": {""gesture"": 31.96, ""object"": 50.74}}, ""z9"": {""services"": [""gesture"", ""object""], ""fps"": {""gesture"": 30, ""object"": 14}, ""eff_fps"": {""gesture"": 30, ""object"": 14}, ""latency_ms"": {""gesture"": 0, ""object"": 0}, ""svclat_ms"": {""gesture"": 16.7, ""object"": 34.62}}, ""z10"": {""services"": [""gesture"", ""object""], ""fps"": {""gesture"": 30, ""object"": 13}, ""eff_fps"": {""gesture"": 30, ""object"": 13}, ""latency_ms"": {""gesture"": 0, ""object"": 0}, ""svclat_ms"": {""gesture"": 17.82, ""object"": 27.3}}, ""z11"": {""services"": [""gesture"", ""object""], ""fps"": {""gesture"": 25, ""object"": 14}, ""eff_fps"": {""gesture"": 25, ""object"": 14}, ""latency_ms"": {""gesture"": 0, ""object"": 0}, ""svclat_ms"": {""gesture"": 25.35, ""object"": 32.23}}, ""z12"": {""services"": [""gesture"", ""object""], ""fps"": {""gesture"": 25, ""object"": 9}, ""eff_fps"": {""gesture"": 25, ""object"": 9}, ""latency_ms"": {""gesture"": 0, ""object"": 0}, ""svclat_ms"": {""gesture"": 20.86, ""object"": 80.08}}, ""b1"": {""services"": [""pose"", ""object""], ""fps"": {""pose"": 10, ""object"": 13}, ""eff_fps"": {""pose"": 10, ""object"": 13}, ""latency_ms"": {""pose"": 0, ""object"": 0}, ""svclat_ms"": {""pose"": 48.61, ""object"": 22.7}}, ""b2"": {""services"": [""pose"", ""object""], ""fps"": {""pose"": 0, ""object"": 0}, ""eff_fps"": {""pose"": 0, ""object"": 0}, ""latency_ms"": {""pose"": 0, ""object"": 0}, ""svclat_ms"": {""pose"": 0.0, ""object"": 0.0}}, ""b3"": {""services"": [""pose"", ""object""], ""fps"": {""pose"": 14, ""object"": 14}, ""eff_fps"": {""pose"": 14, ""object"": 14}, ""latency_ms"": {""pose"": 0, ""object"": 0}, ""svclat_ms"": {""pose"": 26.74, ""object"": 34.4}}, ""b4"": {""services"": [""pose"", ""object""], ""fps"": {""pose"": 0, ""object"": 0}, ""eff_fps"": {""pose"": 0, ""object"": 0}, ""latency_ms"": {""pose"": 0, ""object"": 0}, ""svclat_ms"": {""pose"": 0.0, ""object"": 0.0}}, ""b5"": {""services"": [""pose"", ""object""], ""fps"": {""pose"": 0, ""object"": 0}, ""eff_fps"": {""pose"": 0, ""object"": 0}, ""latency_ms"": {""pose"": 0, ""object"": 0}, ""svclat_ms"": {""pose"": 0.0, ""object"": 0.0}}, ""b6"": {""services"": [""pose"", ""object""], ""fps"": {""pose"": 0, ""object"": 0}, ""eff_fps"": {""pose"": 0, ""object"": 0}, ""latency_ms"": {""pose"": 0, ""object"": 0}, ""svclat_ms"": {""pose"": 0.0, ""object"": 0.0}}, ""b7"": {""services"": [""pose"", ""object""], ""fps"": {""pose"": 0, ""object"": 0}, ""eff_fps"": {""pose"": 0, ""object"": 0}, ""latency_ms"": {""pose"": 0, ""object"": 0}, ""svclat_ms"": {""pose"": 0.0, ""object"": 0.0}}, ""b8"": {""services"": [""pose"", ""object""], ""fps"": {""pose"": 0, ""object"": 0}, ""eff_fps"": {""pose"": 0, ""object"": 0}, ""latency_ms"": {""pose"": 0, ""object"": 0}, ""svclat_ms"": {""pose"": 0.0, ""object"": 0.0}}, ""b9"": {""services"": [""pose"", ""object""], ""fps"": {""pose"": 0, ""object"": 0}, ""eff_fps"": {""pose"": 0, ""object"": 0}, ""latency_ms"": {""pose"": 0, ""object"": 0}, ""svclat_ms"": {""pose"": 0.0, ""object"": 0.0}}}"
168.8,30,29,0.967,0,0,11,13,13,1.0,1111.0,1046.0,0.941,0.0,0.45,0.0,10.72,27.21,10.61,9.39,27.21,9.28,0,0,0,60.07,21.31,53.68,1037,"{""ip-172-31-0-204"": ""healthy"", ""ip-172-31-1-171"": ""healthy"", ""ip-172-31-10-12"": ""healthy"", ""ip-172-31-11-132"": ""healthy"", ""ip-172-31-13-134"": ""healthy"", ""ip-172-31-14-68"": ""healthy"", ""ip-172-31-40-239"": ""healthy""}",subscribe,9.6,0.6011,0,0,"{""ip-172-31-0-204"": {""pose"": 1, ""gesture"": 1, ""object"": 1}, ""ip-172-31-1-171"": {""gesture"": 1, ""pose"": 1}, ""ip-172-31-10-12"": {""gesture"": 1, ""object"": 1}, ""ip-172-31-11-132"": {""gesture"": 1}, ""ip-172-31-13-134"": {""gesture"": 1, ""pose"": 1}, ""ip-172-31-14-68"": {""gesture"": 1}, ""ip-172-31-40-239"": {""gesture"": 1, ""object"": 1}}","{""a1"": {""services"": [""pose"", ""gesture""], ""fps"": {""pose"": 9, ""gesture"": 23}, ""eff_fps"": {""pose"": 5, ""gesture"": 23}, ""latency_ms"": {""pose"": 0, ""gesture"": 0}, ""svclat_ms"": {""pose"": 100.04, ""gesture"": 32.27}}, ""a2"": {""services"": [""pose"", ""gesture""], ""fps"": {""pose"": 12, ""gesture"": 25}, ""eff_fps"": {""pose"": 12, ""gesture"": 25}, ""latency_ms"": {""pose"": 0, ""gesture"": 0}, ""svclat_ms"": {""pose"": 27.78, ""gesture"": 20.71}}, ""a3"": {""services"": [""pose"", ""gesture""], ""fps"": {""pose"": 12, ""gesture"": 25}, ""eff_fps"": {""pose"": 12, ""gesture"": 25}, ""latency_ms"": {""pose"": 0, ""gesture"": 0}, ""svclat_ms"": {""pose"": 26.38, ""gesture"": 24.75}}, ""a4"": {""services"": [""pose"", ""gesture""], ""fps"": {""pose"": 10, ""gesture"": 30}, ""eff_fps"": {""pose"": 7, ""gesture"": 30}, ""latency_ms"": {""pose"": 0, ""gesture"": 0}, ""svclat_ms"": {""pose"": 98.35, ""gesture"": 15.93}}, ""a5"": {""services"": [""pose"", ""gesture""], ""fps"": {""pose"": 10, ""gesture"": 31}, ""eff_fps"": {""pose"": 4, ""gesture"": 31}, ""latency_ms"": {""pose"": 0, ""gesture"": 0}, ""svclat_ms"": {""pose"": 100.5, ""gesture"": 17.67}}, ""a6"": {""services"": [""pose"", ""gesture""], ""fps"": {""pose"": 12, ""gesture"": 30}, ""eff_fps"": {""pose"": 12, ""gesture"": 30}, ""latency_ms"": {""pose"": 0, ""gesture"": 0}, ""svclat_ms"": {""pose"": 32.22, ""gesture"": 16.26}}, ""a7"": {""services"": [""pose"", ""gesture""], ""fps"": {""pose"": 12, ""gesture"": 30}, ""eff_fps"": {""pose"": 12, ""gesture"": 30}, ""latency_ms"": {""pose"": 0, ""gesture"": 0}, ""svclat_ms"": {""pose"": 47.83, ""gesture"": 19.58}}, ""a8"": {""services"": [""pose"", ""gesture""], ""fps"": {""pose"": 11, ""gesture"": 25}, ""eff_fps"": {""pose"": 11, ""gesture"": 25}, ""latency_ms"": {""pose"": 0, ""gesture"": 0}, ""svclat_ms"": {""pose"": 45.84, ""gesture"": 18.74}}, ""a9"": {""services"": [""pose"", ""gesture""], ""fps"": {""pose"": 11, ""gesture"": 22}, ""eff_fps"": {""pose"": 11, ""gesture"": 22}, ""latency_ms"": {""pose"": 0, ""gesture"": 0}, ""svclat_ms"": {""pose"": 38.32, ""gesture"": 32.89}}, ""a10"": {""services"": [""pose"", ""gesture""], ""fps"": {""pose"": 12, ""gesture"": 31}, ""eff_fps"": {""pose"": 12, ""gesture"": 31}, ""latency_ms"": {""pose"": 0, ""gesture"": 0}, ""svclat_ms"": {""pose"": 38.25, ""gesture"": 14.68}}, ""a11"": {""services"": [""pose"", ""gesture""], ""fps"": {""pose"": 9, ""gesture"": 25}, ""eff_fps"": {""pose"": 7, ""gesture"": 25}, ""latency_ms"": {""pose"": 0, ""gesture"": 0}, ""svclat_ms"": {""pose"": 98.23, ""gesture"": 21.02}}, ""a12"": {""services"": [""pose"", ""gesture""], ""fps"": {""pose"": 11, ""gesture"": 30}, ""eff_fps"": {""pose"": 11, ""gesture"": 30}, ""latency_ms"": {""pose"": 0, ""gesture"": 0}, ""svclat_ms"": {""pose"": 48.88, ""gesture"": 18.31}}, ""z1"": {""services"": [""gesture"", ""object""], ""fps"": {""gesture"": 30, ""object"": 11}, ""eff_fps"": {""gesture"": 30, ""object"": 11}, ""latency_ms"": {""gesture"": 0, ""object"": 0}, ""svclat_ms"": {""gesture"": 17.13, ""object"": 34.14}}, ""z2"": {""services"": [""gesture"", ""object""], ""fps"": {""gesture"": 30, ""object"": 10}, ""eff_fps"": {""gesture"": 30, ""object"": 5}, ""latency_ms"": {""gesture"": 0, ""object"": 0}, ""svclat_ms"": {""gesture"": 15.13, ""object"": 100.85}}, ""z3"": {""services"": [""gesture"", ""object""], ""fps"": {""gesture"": 23, ""object"": 11}, ""eff_fps"": {""gesture"": 23, ""object"": 11}, ""latency_ms"": {""gesture"": 0, ""object"": 0}, ""svclat_ms"": {""gesture"": 33.61, ""object"": 28.84}}, ""z4"": {""services"": [""gesture"", ""object""], ""fps"": {""gesture"": 25, ""object"": 11}, ""eff_fps"": {""gesture"": 25, ""object"": 11}, ""latency_ms"": {""gesture"": 0, ""object"": 0}, ""svclat_ms"": {""gesture"": 23.82, ""object"": 33.71}}, ""z5"": {""services"": [""gesture"", ""object""], ""fps"": {""gesture"": 25, ""object"": 10}, ""eff_fps"": {""gesture"": 25, ""object"": 6}, ""latency_ms"": {""gesture"": 0, ""object"": 0}, ""svclat_ms"": {""gesture"": 22.77, ""object"": 99.53}}, ""z6"": {""services"": [""gesture"", ""object""], ""fps"": {""gesture"": 30, ""object"": 11}, ""eff_fps"": {""gesture"": 30, ""object"": 11}, ""latency_ms"": {""gesture"": 0, ""object"": 0}, ""svclat_ms"": {""gesture"": 15.93, ""object"": 29.9}}, ""z7"": {""services"": [""gesture"", ""object""], ""fps"": {""gesture"": 30, ""object"": 10}, ""eff_fps"": {""gesture"": 30, ""object"": 7}, ""latency_ms"": {""gesture"": 0, ""object"": 0}, ""svclat_ms"": {""gesture"": 18.1, ""object"": 98.38}}, ""z8"": {""services"": [""gesture"", ""object""], ""fps"": {""gesture"": 23, ""object"": 10}, ""eff_fps"": {""gesture"": 23, ""object"": 5}, ""latency_ms"": {""gesture"": 0, ""object"": 0}, ""svclat_ms"": {""gesture"": 32.17, ""object"": 100.1}}, ""z9"": {""services"": [""gesture"", ""object""], ""fps"": {""gesture"": 30, ""object"": 11}, ""eff_fps"": {""gesture"": 30, ""object"": 11}, ""latency_ms"": {""gesture"": 0, ""object"": 0}, ""svclat_ms"": {""gesture"": 16.26, ""object"": 36.47}}, ""z10"": {""services"": [""gesture"", ""object""], ""fps"": {""gesture"": 30, ""object"": 11}, ""eff_fps"": {""gesture"": 30, ""object"": 11}, ""latency_ms"": {""gesture"": 0, ""object"": 0}, ""svclat_ms"": {""gesture"": 17.13, ""object"": 30.26}}, ""z11"": {""services"": [""gesture"", ""object""], ""fps"": {""gesture"": 25, ""object"": 11}, ""eff_fps"": {""gesture"": 25, ""object"": 11}, ""latency_ms"": {""gesture"": 0, ""object"": 0}, ""svclat_ms"": {""gesture"": 25.1, ""object"": 33.57}}, ""z12"": {""services"": [""gesture"", ""object""], ""fps"": {""gesture"": 25, ""object"": 10}, ""eff_fps"": {""gesture"": 25, ""object"": 5}, ""latency_ms"": {""gesture"": 0, ""object"": 0}, ""svclat_ms"": {""gesture"": 21.38, ""object"": 99.86}}, ""b1"": {""services"": [""pose"", ""object""], ""fps"": {""pose"": 9, ""object"": 11}, ""eff_fps"": {""pose"": 5, ""object"": 11}, ""latency_ms"": {""pose"": 0, ""object"": 0}, ""svclat_ms"": {""pose"": 100.82, ""object"": 25.28}}, ""b2"": {""services"": [""pose"", ""object""], ""fps"": {""pose"": 11, ""object"": 11}, ""eff_fps"": {""pose"": 11, ""object"": 11}, ""latency_ms"": {""pose"": 0, ""object"": 0}, ""svclat_ms"": {""pose"": 57.05, ""object"": 28.55}}, ""b3"": {""services"": [""pose"", ""object""], ""fps"": {""pose"": 12, ""object"": 11}, ""eff_fps"": {""pose"": 12, ""object"": 11}, ""latency_ms"": {""pose"": 0, ""object"": 0}, ""svclat_ms"": {""pose"": 46.78, ""object"": 31.07}}, ""b4"": {""services"": [""pose"", ""object""], ""fps"": {""pose"": 10, ""object"": 10}, ""eff_fps"": {""pose"": 5, ""object"": 8}, ""latency_ms"": {""pose"": 0, ""object"": 0}, ""svclat_ms"": {""pose"": 98.77, ""object"": 97.61}}, ""b5"": {""services"": [""pose"", ""object""], ""fps"": {""pose"": 11, ""object"": 12}, ""eff_fps"": {""pose"": 11, ""object"": 12}, ""latency_ms"": {""pose"": 0, ""object"": 0}, ""svclat_ms"": {""pose"": 30.0, ""object"": 34.99}}, ""b6"": {""services"": [""pose"", ""object""], ""fps"": {""pose"": 9, ""object"": 9}, ""eff_fps"": {""pose"": 9, ""object"": 9}, ""latency_ms"": {""pose"": 0, ""object"": 0}, ""svclat_ms"": {""pose"": 45.17, ""object"": 23.19}}, ""b7"": {""services"": [""pose"", ""object""], ""fps"": {""pose"": 0, ""object"": 0}, ""eff_fps"": {""pose"": 0, ""object"": 0}, ""latency_ms"": {""pose"": 0, ""object"": 0}, ""svclat_ms"": {""pose"": 0.0, ""object"": 0.0}}, ""b8"": {""services"": [""pose"", ""object""], ""fps"": {""pose"": 0, ""object"": 0}, ""eff_fps"": {""pose"": 0, ""object"": 0}, ""latency_ms"": {""pose"": 0, ""object"": 0}, ""svclat_ms"": {""pose"": 0.0, ""object"": 0.0}}, ""b9"": {""services"": [""pose"", ""object""], ""fps"": {""pose"": 0, ""object"": 0}, ""eff_fps"": {""pose"": 0, ""object"": 0}, ""latency_ms"": {""pose"": 0, ""object"": 0}, ""svclat_ms"": {""pose"": 0.0, ""object"": 0.0}}, ""b10"": {""services"": [""pose"", ""object""], ""fps"": {""pose"": 0, ""object"": 0}, ""eff_fps"": {""pose"": 0, ""object"": 0}, ""latency_ms"": {""pose"": 0, ""object"": 0}, ""svclat_ms"": {""pose"": 0.0, ""object"": 0.0}}}"
172.4,32,31,0.969,0,0,11,13,13,1.0,1111.0,1066.0,0.959,0.0,0.42,0.0,10.21,26.71,10.05,11.25,26.71,11.17,0,0,0,77.02,26.72,66.96,1026,"{""ip-172-31-0-204"": ""healthy"", ""ip-172-31-1-171"": ""healthy"", ""ip-172-31-10-12"": ""healthy"", ""ip-172-31-11-132"": ""healthy"", ""ip-172-31-13-134"": ""healthy"", ""ip-172-31-14-68"": ""healthy"", ""ip-172-31-40-239"": ""healthy""}",subscribe,10.6,0.5731,0,0,"{""ip-172-31-0-204"": {""pose"": 1, ""gesture"": 1, ""object"": 1}, ""ip-172-31-1-171"": {""gesture"": 1, ""pose"": 1}, ""ip-172-31-10-12"": {""gesture"": 1, ""object"": 1}, ""ip-172-31-11-132"": {""gesture"": 1}, ""ip-172-31-13-134"": {""gesture"": 1, ""pose"": 1}, ""ip-172-31-14-68"": {""gesture"": 1}, ""ip-172-31-40-239"": {""gesture"": 1, ""object"": 1}}","{""a1"": {""services"": [""pose"", ""gesture""], ""fps"": {""pose"": 8, ""gesture"": 23}, ""eff_fps"": {""pose"": 0, ""gesture"": 23}, ""latency_ms"": {""pose"": 0, ""gesture"": 0}, ""svclat_ms"": {""pose"": 120.31, ""gesture"": 37.17}}, ""a2"": {""services"": [""pose"", ""gesture""], ""fps"": {""pose"": 11, ""gesture"": 23}, ""eff_fps"": {""pose"": 11, ""gesture"": 23}, ""latency_ms"": {""pose"": 0, ""gesture"": 0}, ""svclat_ms"": {""pose"": 48.68, ""gesture"": 32.28}}, ""a3"": {""services"": [""pose"", ""gesture""], ""fps"": {""pose"": 12, ""gesture"": 24}, ""eff_fps"": {""pose"": 12, ""gesture"": 24}, ""latency_ms"": {""pose"": 0, ""gesture"": 0}, ""svclat_ms"": {""pose"": 36.06, ""gesture"": 33.43}}, ""a4"": {""services"": [""pose"", ""gesture""], ""fps"": {""pose"": 9, ""gesture"": 30}, ""eff_fps"": {""pose"": 0, ""gesture"": 30}, ""latency_ms"": {""pose"": 0, ""gesture"": 0}, ""svclat_ms"": {""pose"": 121.1, ""gesture"": 16.19}}, ""a5"": {""services"": [""pose"", ""gesture""], ""fps"": {""pose"": 8, ""gesture"": 30}, ""eff_fps"": {""pose"": 0, ""gesture"": 30}, ""latency_ms"": {""pose"": 0, ""gesture"": 0}, ""svclat_ms"": {""pose"": 122.07, ""gesture"": 18.88}}, ""a6"": {""services"": [""pose"", ""gesture""], ""fps"": {""pose"": 11, ""gesture"": 30}, ""eff_fps"": {""pose"": 11, ""gesture"": 30}, ""latency_ms"": {""pose"": 0, ""gesture"": 0}, ""svclat_ms"": {""pose"": 31.92, ""gesture"": 16.01}}, ""a7"": {""services"": [""pose"", ""gesture""], ""fps"": {""pose"": 11, ""gesture"": 30}, ""eff_fps"": {""pose"": 11, ""gesture"": 30}, ""latency_ms"": {""pose"": 0, ""gesture"": 0}, ""svclat_ms"": {""pose"": 53.94, ""gesture"": 19.5}}, ""a8"": {""services"": [""pose"", ""gesture""], ""fps"": {""pose"": 11, ""gesture"": 24}, ""eff_fps"": {""pose"": 11, ""gesture"": 24}, ""latency_ms"": {""pose"": 0, ""gesture"": 0}, ""svclat_ms"": {""pose"": 50.81, ""gesture"": 31.46}}, ""a9"": {""services"": [""pose"", ""gesture""], ""fps"": {""pose"": 11, ""gesture"": 23}, ""eff_fps"": {""pose"": 11, ""gesture"": 23}, ""latency_ms"": {""pose"": 0, ""gesture"": 0}, ""svclat_ms"": {""pose"": 63.28, ""gesture"": 35.19}}, ""a10"": {""services"": [""pose"", ""gesture""], ""fps"": {""pose"": 11, ""gesture"": 30}, ""eff_fps"": {""pose"": 11, ""gesture"": 30}, ""latency_ms"": {""pose"": 0, ""gesture"": 0}, ""svclat_ms"": {""pose"": 79.57, ""gesture"": 14.8}}, ""a11"": {""services"": [""pose"", ""gesture""], ""fps"": {""pose"": 8, ""gesture"": 23}, ""eff_fps"": {""pose"": 0, ""gesture"": 23}, ""latency_ms"": {""pose"": 0, ""gesture"": 0}, ""svclat_ms"": {""pose"": 120.26, ""gesture"": 41.88}}, ""a12"": {""services"": [""pose"", ""gesture""], ""fps"": {""pose"": 11, ""gesture"": 30}, ""eff_fps"": {""pose"": 11, ""gesture"": 30}, ""latency_ms"": {""pose"": 0, ""gesture"": 0}, ""svclat_ms"": {""pose"": 61.08, ""gesture"": 18.22}}, ""z1"": {""services"": [""gesture"", ""object""], ""fps"": {""gesture"": 30, ""object"": 11}, ""eff_fps"": {""gesture"": 30, ""object"": 11}, ""latency_ms"": {""gesture"": 0, ""object"": 0}, ""svclat_ms"": {""gesture"": 17.74, ""object"": 41.26}}, ""z2"": {""services"": [""gesture"", ""object""], ""fps"": {""gesture"": 30, ""object"": 8}, ""eff_fps"": {""gesture"": 30, ""object"": 0}, ""latency_ms"": {""gesture"": 0, ""object"": 0}, ""svclat_ms"": {""gesture"": 15.48, ""object"": 116.96}}, ""z3"": {""services"": [""gesture"", ""object""], ""fps"": {""gesture"": 23, ""object"": 11}, ""eff_fps"": {""gesture"": 23, ""object"": 11}, ""latency_ms"": {""gesture"": 0, ""object"": 0}, ""svclat_ms"": {""gesture"": 38.05, ""object"": 32.03}}, ""z4"": {""services"": [""gesture"", ""object""], ""fps"": {""gesture"": 24, ""object"": 11}, ""eff_fps"": {""gesture"": 24, ""object"": 11}, ""latency_ms"": {""gesture"": 0, ""object"": 0}, ""svclat_ms"": {""gesture"": 36.27, ""object"": 59.62}}, ""z5"": {""services"": [""gesture"", ""object""], ""fps"": {""gesture"": 23, ""object"": 8}, ""eff_fps"": {""gesture"": 23, ""object"": 0}, ""latency_ms"": {""gesture"": 0, ""object"": 0}, ""svclat_ms"": {""gesture"": 37.73, ""object"": 117.64}}, ""z6"": {""services"": [""gesture"", ""object""], ""fps"": {""gesture"": 30, ""object"": 12}, ""eff_fps"": {""gesture"": 30, ""object"": 12}, ""latency_ms"": {""gesture"": 0, ""object"": 0}, ""svclat_ms"": {""gesture"": 15.8, ""object"": 30.71}}, ""z7"": {""services"": [""gesture"", ""object""], ""fps"": {""gesture"": 30, ""object"": 8}, ""eff_fps"": {""gesture"": 30, ""object"": 0}, ""latency_ms"": {""gesture"": 0, ""object"": 0}, ""svclat_ms"": {""gesture"": 18.42, ""object"": 116.86}}, ""z8"": {""services"": [""gesture"", ""object""], ""fps"": {""gesture"": 23, ""object"": 9}, ""eff_fps"": {""gesture"": 23, ""object"": 0}, ""latency_ms"": {""gesture"": 0, ""object"": 0}, ""svclat_ms"": {""gesture"": 36.68, ""object"": 117.06}}, ""z9"": {""services"": [""gesture"", ""object""], ""fps"": {""gesture"": 30, ""object"": 11}, ""eff_fps"": {""gesture"": 30, ""object"": 11}, ""latency_ms"": {""gesture"": 0, ""object"": 0}, ""svclat_ms"": {""gesture"": 16.89, ""object"": 39.64}}, ""z10"": {""services"": [""gesture"", ""object""], ""fps"": {""gesture"": 30, ""object"": 12}, ""eff_fps"": {""gesture"": 30, ""object"": 12}, ""latency_ms"": {""gesture"": 0, ""object"": 0}, ""svclat_ms"": {""gesture"": 17.7, ""object"": 32.17}}, ""z11"": {""services"": [""gesture"", ""object""], ""fps"": {""gesture"": 24, ""object"": 11}, ""eff_fps"": {""gesture"": 24, ""object"": 11}, ""latency_ms"": {""gesture"": 0, ""object"": 0}, ""svclat_ms"": {""gesture"": 37.14, ""object"": 63.86}}, ""z12"": {""services"": [""gesture"", ""object""], ""fps"": {""gesture"": 24, ""object"": 8}, ""eff_fps"": {""gesture"": 24, ""object"": 0}, ""latency_ms"": {""gesture"": 0, ""object"": 0}, ""svclat_ms"": {""gesture"": 38.25, ""object"": 118.03}}, ""b1"": {""services"": [""pose"", ""object""], ""fps"": {""pose"": 9, ""object"": 11}, ""eff_fps"": {""pose"": 0, ""object"": 11}, ""latency_ms"": {""pose"": 0, ""object"": 0}, ""svclat_ms"": {""pose"": 119.96, ""object"": 30.27}}, ""b2"": {""services"": [""pose"", ""object""], ""fps"": {""pose"": 12, ""object"": 11}, ""eff_fps"": {""pose"": 12, ""object"": 11}, ""latency_ms"": {""pose"": 0, ""object"": 0}, ""svclat_ms"": {""pose"": 54.71, ""object"": 33.65}}, ""b3"": {""services"": [""pose"", ""object""], ""fps"": {""pose"": 11, ""object"": 11}, ""eff_fps"": {""pose"": 11, ""object"": 11}, ""latency_ms"": {""pose"": 0, ""object"": 0}, ""svclat_ms"": {""pose"": 50.49, ""object"": 25.86}}, ""b4"": {""services"": [""pose"", ""object""], ""fps"": {""pose"": 8, ""object"": 8}, ""eff_fps"": {""pose"": 0, ""object"": 0}, ""latency_ms"": {""pose"": 0, ""object"": 0}, ""svclat_ms"": {""pose"": 120.39, ""object"": 116.64}}, ""b5"": {""services"": [""pose"", ""object""], ""fps"": {""pose"": 11, ""object"": 11}, ""eff_fps"": {""pose"": 11, ""object"": 11}, ""latency_ms"": {""pose"": 0, ""object"": 0}, ""svclat_ms"": {""pose"": 43.76, ""object"": 38.49}}, ""b6"": {""services"": [""pose"", ""object""], ""fps"": {""pose"": 12, ""object"": 11}, ""eff_fps"": {""pose"": 12, ""object"": 11}, ""latency_ms"": {""pose"": 0, ""object"": 0}, ""svclat_ms"": {""pose"": 43.97, ""object"": 23.97}}, ""b7"": {""services"": [""pose"", ""object""], ""fps"": {""pose"": 9, ""object"": 8}, ""eff_fps"": {""pose"": 0, ""object"": 0}, ""latency_ms"": {""pose"": 0, ""object"": 0}, ""svclat_ms"": {""pose"": 121.07, ""object"": 117.54}}, ""b8"": {""services"": [""pose"", ""object""], ""fps"": {""pose"": 0, ""object"": 0}, ""eff_fps"": {""pose"": 0, ""object"": 0}, ""latency_ms"": {""pose"": 0, ""object"": 0}, ""svclat_ms"": {""pose"": 0.0, ""object"": 0.0}}, ""b9"": {""services"": [""pose"", ""object""], ""fps"": {""pose"": 0, ""object"": 0}, ""eff_fps"": {""pose"": 0, ""object"": 0}, ""latency_ms"": {""pose"": 0, ""object"": 0}, ""svclat_ms"": {""pose"": 0.0, ""object"": 0.0}}, ""b10"": {""services"": [""pose"", ""object""], ""fps"": {""pose"": 0, ""object"": 0}, ""eff_fps"": {""pose"": 0, ""object"": 0}, ""latency_ms"": {""pose"": 0, ""object"": 0}, ""svclat_ms"": {""pose"": 0.0, ""object"": 0.0}}, ""b11"": {""services"": [""pose"", ""object""], ""fps"": {""pose"": 0, ""object"": 0}, ""eff_fps"": {""pose"": 0, ""object"": 0}, ""latency_ms"": {""pose"": 0, ""object"": 0}, ""svclat_ms"": {""pose"": 0.0, ""object"": 0.0}}}"
174.8,32,31,0.969,0,0,11,13,13,1.0,1111.0,1066.0,0.959,0.0,0.42,0.0,10.21,26.83,9.95,11.25,26.83,10.92,0,0,0,88.77,26.44,82.57,1027,"{""ip-172-31-0-204"": ""healthy"", ""ip-172-31-1-171"": ""healthy"", ""ip-172-31-10-12"": ""healthy"", ""ip-172-31-11-132"": ""healthy"", ""ip-172-31-13-134"": ""healthy"", ""ip-172-31-14-68"": ""healthy"", ""ip-172-31-40-239"": ""healthy""}",subscribe,10.6,0.5731,0,0,"{""ip-172-31-0-204"": {""pose"": 1, ""gesture"": 1, ""object"": 1}, ""ip-172-31-1-171"": {""gesture"": 1, ""pose"": 1}, ""ip-172-31-10-12"": {""gesture"": 1, ""object"": 1}, ""ip-172-31-11-132"": {""gesture"": 1}, ""ip-172-31-13-134"": {""gesture"": 1, ""pose"": 1}, ""ip-172-31-14-68"": {""gesture"": 1}, ""ip-172-31-40-239"": {""gesture"": 1, ""object"": 1}}","{""a1"": {""services"": [""pose"", ""gesture""], ""fps"": {""pose"": 9, ""gesture"": 23}, ""eff_fps"": {""pose"": 0, ""gesture"": 23}, ""latency_ms"": {""pose"": 0, ""gesture"": 0}, ""svclat_ms"": {""pose"": 121.83, ""gesture"": 27.85}}, ""a2"": {""services"": [""pose"", ""gesture""], ""fps"": {""pose"": 11, ""gesture"": 24}, ""eff_fps"": {""pose"": 11, ""gesture"": 24}, ""latency_ms"": {""pose"": 0, ""gesture"": 0}, ""svclat_ms"": {""pose"": 90.3, ""gesture"": 41.35}}, ""a3"": {""services"": [""pose"", ""gesture""], ""fps"": {""pose"": 12, ""gesture"": 24}, ""eff_fps"": {""pose"": 12, ""gesture"": 24}, ""latency_ms"": {""pose"": 0, ""gesture"": 0}, ""svclat_ms"": {""pose"": 33.29, ""gesture"": 38.86}}, ""a4"": {""services"": [""pose"", ""gesture""], ""fps"": {""pose"": 8, ""gesture"": 30}, ""eff_fps"": {""pose"": 0, ""gesture"": 30}, ""latency_ms"": {""pose"": 0, ""gesture"": 0}, ""svclat_ms"": {""pose"": 122.29, ""gesture"": 16.16}}, ""a5"": {""services"": [""pose"", ""gesture""], ""fps"": {""pose"": 8, ""gesture"": 30}, ""eff_fps"": {""pose"": 0, ""gesture"": 30}, ""latency_ms"": {""pose"": 0, ""gesture"": 0}, ""svclat_ms"": {""pose"": 120.76, ""gesture"": 18.41}}, ""a6"": {""services"": [""pose"", ""gesture""], ""fps"": {""pose"": 12, ""gesture"": 30}, ""eff_fps"": {""pose"": 12, ""gesture"": 30}, ""latency_ms"": {""pose"": 0, ""gesture"": 0}, ""svclat_ms"": {""pose"": 39.22, ""gesture"": 16.1}}, ""a7"": {""services"": [""pose"", ""gesture""], ""fps"": {""pose"": 11, ""gesture"": 30}, ""eff_fps"": {""pose"": 11, ""gesture"": 30}, ""latency_ms"": {""pose"": 0, ""gesture"": 0}, ""svclat_ms"": {""pose"": 91.79, ""gesture"": 19.63}}, ""a8"": {""services"": [""pose"", ""gesture""], ""fps"": {""pose"": 12, ""gesture"": 24}, ""eff_fps"": {""pose"": 12, ""gesture"": 24}, ""latency_ms"": {""pose"": 0, ""gesture"": 0}, ""svclat_ms"": {""pose"": 47.21, ""gesture"": 41.38}}, ""a9"": {""services"": [""pose"", ""gesture""], ""fps"": {""pose"": 11, ""gesture"": 22}, ""eff_fps"": {""pose"": 11, ""gesture"": 22}, ""latency_ms"": {""pose"": 0, ""gesture"": 0}, ""svclat_ms"": {""pose"": 91.12, ""gesture"": 28.57}}, ""a10"": {""services"": [""pose"", ""gesture""], ""fps"": {""pose"": 11, ""gesture"": 30}, ""eff_fps"": {""pose"": 11, ""gesture"": 30}, ""latency_ms"": {""pose"": 0, ""gesture"": 0}, ""svclat_ms"": {""pose"": 91.81, ""gesture"": 14.83}}, ""a11"": {""services"": [""pose"", ""gesture""], ""fps"": {""pose"": 8, ""gesture"": 25}, ""eff_fps"": {""pose"": 0, ""gesture"": 25}, ""latency_ms"": {""pose"": 0, ""gesture"": 0}, ""svclat_ms"": {""pose"": 120.51, ""gesture"": 38.64}}, ""a12"": {""services"": [""pose"", ""gesture""], ""fps"": {""pose"": 11, ""gesture"": 30}, ""eff_fps"": {""pose"": 11, ""gesture"": 30}, ""latency_ms"": {""pose"": 0, ""gesture"": 0}, ""svclat_ms"": {""pose"": 60.03, ""gesture"": 18.49}}, ""z1"": {""services"": [""gesture"", ""object""], ""fps"": {""gesture"": 30, ""object"": 11}, ""eff_fps"": {""gesture"": 30, ""object"": 11}, ""latency_ms"": {""gesture"": 0, ""object"": 0}, ""svclat_ms"": {""gesture"": 16.94, ""object"": 91.74}}, ""z2"": {""services"": [""gesture"", ""object""], ""fps"": {""gesture"": 30, ""object"": 8}, ""eff_fps"": {""gesture"": 30, ""object"": 0}, ""latency_ms"": {""gesture"": 0, ""object"": 0}, ""svclat_ms"": {""gesture"": 14.86, ""object"": 120.23}}, ""z3"": {""services"": [""gesture"", ""object""], ""fps"": {""gesture"": 23, ""object"": 11}, ""eff_fps"": {""gesture"": 23, ""object"": 11}, ""latency_ms"": {""gesture"": 0, ""object"": 0}, ""svclat_ms"": {""gesture"": 27.83, ""object"": 29.85}}, ""z4"": {""services"": [""gesture"", ""object""], ""fps"": {""gesture"": 24, ""object"": 10}, ""eff_fps"": {""gesture"": 24, ""object"": 10}, ""latency_ms"": {""gesture"": 0, ""object"": 0}, ""svclat_ms"": {""gesture"": 38.88, ""object"": 93.02}}, ""z5"": {""services"": [""gesture"", ""object""], ""fps"": {""gesture"": 24, ""object"": 8}, ""eff_fps"": {""gesture"": 24, ""object"": 0}, ""latency_ms"": {""gesture"": 0, ""object"": 0}, ""svclat_ms"": {""gesture"": 40.85, ""object"": 121.14}}, ""z6"": {""services"": [""gesture"", ""object""], ""fps"": {""gesture"": 30, ""object"": 11}, ""eff_fps"": {""gesture"": 30, ""object"": 11}, ""latency_ms"": {""gesture"": 0, ""object"": 0}, ""svclat_ms"": {""gesture"": 15.91, ""object"": 29.49}}, ""z7"": {""services"": [""gesture"", ""object""], ""fps"": {""gesture"": 30, ""object"": 8}, ""eff_fps"": {""gesture"": 30, ""object"": 0}, ""latency_ms"": {""gesture"": 0, ""object"": 0}, ""svclat_ms"": {""gesture"": 18.23, ""object"": 120.68}}, ""z8"": {""services"": [""gesture"", ""object""], ""fps"": {""gesture"": 23, ""object"": 9}, ""eff_fps"": {""gesture"": 23, ""object"": 0}, ""latency_ms"": {""gesture"": 0, ""object"": 0}, ""svclat_ms"": {""gesture"": 28.04, ""object"": 120.88}}, ""z9"": {""services"": [""gesture"", ""object""], ""fps"": {""gesture"": 30, ""object"": 11}, ""eff_fps"": {""gesture"": 30, ""object"": 11}, ""latency_ms"": {""gesture"": 0, ""object"": 0}, ""svclat_ms"": {""gesture"": 16.21, ""object"": 91.74}}, ""z10"": {""services"": [""gesture"", ""object""], ""fps"": {""gesture"": 30, ""object"": 11}, ""eff_fps"": {""gesture"": 30, ""object"": 11}, ""latency_ms"": {""gesture"": 0, ""object"": 0}, ""svclat_ms"": {""gesture"": 16.96, ""object"": 30.56}}, ""z11"": {""services"": [""gesture"", ""object""], ""fps"": {""gesture"": 24, ""object"": 11}, ""eff_fps"": {""gesture"": 24, ""object"": 11}, ""latency_ms"": {""gesture"": 0, ""object"": 0}, ""svclat_ms"": {""gesture"": 40.78, ""object"": 93.21}}, ""z12"": {""services"": [""gesture"", ""object""], ""fps"": {""gesture"": 24, ""object"": 8}, ""eff_fps"": {""gesture"": 24, ""object"": 0}, ""latency_ms"": {""gesture"": 0, ""object"": 0}, ""svclat_ms"": {""gesture"": 38.7, ""object"": 120.65}}, ""b1"": {""services"": [""pose"", ""object""], ""fps"": {""pose"": 8, ""object"": 11}, ""eff_fps"": {""pose"": 0, ""object"": 11}, ""latency_ms"": {""pose"": 0, ""object"": 0}, ""svclat_ms"": {""pose"": 120.73, ""object"": 26.23}}, ""b2"": {""services"": [""pose"", ""object""], ""fps"": {""pose"": 11, ""object"": 11}, ""eff_fps"": {""pose"": 11, ""object"": 11}, ""latency_ms"": {""pose"": 0, ""object"": 0}, ""svclat_ms"": {""pose"": 66.31, ""object"": 29.9}}, ""b3"": {""services"": [""pose"", ""object""], ""fps"": {""pose"": 11, ""object"": 11}, ""eff_fps"": {""pose"": 11, ""object"": 10}, ""latency_ms"": {""pose"": 0, ""object"": 0}, ""svclat_ms"": {""pose"": 91.65, ""object"": 94.62}}, ""b4"": {""services"": [""pose"", ""object""], ""fps"": {""pose"": 9, ""object"": 8}, ""eff_fps"": {""pose"": 0, ""object"": 0}, ""latency_ms"": {""pose"": 0, ""object"": 0}, ""svclat_ms"": {""pose"": 120.35, ""object"": 120.3}}, ""b5"": {""services"": [""pose"", ""object""], ""fps"": {""pose"": 11, ""object"": 11}, ""eff_fps"": {""pose"": 11, ""object"": 11}, ""latency_ms"": {""pose"": 0, ""object"": 0}, ""svclat_ms"": {""pose"": 90.35, ""object"": 91.77}}, ""b6"": {""services"": [""pose"", ""object""], ""fps"": {""pose"": 11, ""object"": 12}, ""eff_fps"": {""pose"": 11, ""object"": 12}, ""latency_ms"": {""pose"": 0, ""object"": 0}, ""svclat_ms"": {""pose"": 47.06, ""object"": 22.37}}, ""b7"": {""services"": [""pose"", ""object""], ""fps"": {""pose"": 9, ""object"": 8}, ""eff_fps"": {""pose"": 0, ""object"": 0}, ""latency_ms"": {""pose"": 0, ""object"": 0}, ""svclat_ms"": {""pose"": 120.05, ""object"": 120.41}}, ""b8"": {""services"": [""pose"", ""object""], ""fps"": {""pose"": 0, ""object"": 0}, ""eff_fps"": {""pose"": 0, ""object"": 0}, ""latency_ms"": {""pose"": 0, ""object"": 0}, ""svclat_ms"": {""pose"": 0.0, ""object"": 0.0}}, ""b9"": {""services"": [""pose"", ""object""], ""fps"": {""pose"": 0, ""object"": 0}, ""eff_fps"": {""pose"": 0, ""object"": 0}, ""latency_ms"": {""pose"": 0, ""object"": 0}, ""svclat_ms"": {""pose"": 0.0, ""object"": 0.0}}, ""b10"": {""services"": [""pose"", ""object""], ""fps"": {""pose"": 0, ""object"": 0}, ""eff_fps"": {""pose"": 0, ""object"": 0}, ""latency_ms"": {""pose"": 0, ""object"": 0}, ""svclat_ms"": {""pose"": 0.0, ""object"": 0.0}}, ""b11"": {""services"": [""pose"", ""object""], ""fps"": {""pose"": 0, ""object"": 0}, ""eff_fps"": {""pose"": 0, ""object"": 0}, ""latency_ms"": {""pose"": 0, ""object"": 0}, ""svclat_ms"": {""pose"": 0.0, ""object"": 0.0}}}"
177.2,32,31,0.969,0,0,11,13,13,1.0,1111.0,1066.0,0.959,0.0,0.42,0.0,10.05,26.46,10.0,11.08,26.38,10.83,0,0,0,94.96,29.97,83.25,1016,"{""ip-172-31-0-204"": ""healthy"", ""ip-172-31-1-171"": ""healthy"", ""ip-172-31-10-12"": ""healthy"", ""ip-172-31-11-132"": ""healthy"", ""ip-172-31-13-134"": ""healthy"", ""ip-172-31-14-68"": ""healthy"", ""ip-172-31-40-239"": ""healthy""}",subscribe,10.6,0.5731,0,0,"{""ip-172-31-0-204"": {""pose"": 1, ""gesture"": 1, ""object"": 1}, ""ip-172-31-1-171"": {""gesture"": 1, ""pose"": 1}, ""ip-172-31-10-12"": {""gesture"": 1, ""object"": 1}, ""ip-172-31-11-132"": {""gesture"": 1}, ""ip-172-31-13-134"": {""gesture"": 1, ""pose"": 1}, ""ip-172-31-14-68"": {""gesture"": 1}, ""ip-172-31-40-239"": {""gesture"": 1, ""object"": 1}}","{""a1"": {""services"": [""pose"", ""gesture""], ""fps"": {""pose"": 8, ""gesture"": 23}, ""eff_fps"": {""pose"": 0, ""gesture"": 23}, ""latency_ms"": {""pose"": 0, ""gesture"": 0}, ""svclat_ms"": {""pose"": 122.76, ""gesture"": 43.57}}, ""a2"": {""services"": [""pose"", ""gesture""], ""fps"": {""pose"": 11, ""gesture"": 24}, ""eff_fps"": {""pose"": 11, ""gesture"": 24}, ""latency_ms"": {""pose"": 0, ""gesture"": 0}, ""svclat_ms"": {""pose"": 93.65, ""gesture"": 41.02}}, ""a3"": {""services"": [""pose"", ""gesture""], ""fps"": {""pose"": 11, ""gesture"": 23}, ""eff_fps"": {""pose"": 11, ""gesture"": 23}, ""latency_ms"": {""pose"": 0, ""gesture"": 0}, ""svclat_ms"": {""pose"": 44.54, ""gesture"": 41.44}}, ""a4"": {""services"": [""pose"", ""gesture""], ""fps"": {""pose"": 8, ""gesture"": 30}, ""eff_fps"": {""pose"": 0, ""gesture"": 30}, ""latency_ms"": {""pose"": 0, ""gesture"": 0}, ""svclat_ms"": {""pose"": 121.73, ""gesture"": 16.02}}, ""a5"": {""services"": [""pose"", ""gesture""], ""fps"": {""pose"": 9, ""gesture"": 30}, ""eff_fps"": {""pose"": 0, ""gesture"": 30}, ""latency_ms"": {""pose"": 0, ""gesture"": 0}, ""svclat_ms"": {""pose"": 121.46, ""gesture"": 18.38}}, ""a6"": {""services"": [""pose"", ""gesture""], ""fps"": {""pose"": 11, ""gesture"": 30}, ""eff_fps"": {""pose"": 11, ""gesture"": 30}, ""latency_ms"": {""pose"": 0, ""gesture"": 0}, ""svclat_ms"": {""pose"": 55.96, ""gesture"": 16.03}}, ""a7"": {""services"": [""pose"", ""gesture""], ""fps"": {""pose"": 11, ""gesture"": 30}, ""eff_fps"": {""pose"": 11, ""gesture"": 30}, ""latency_ms"": {""pose"": 0, ""gesture"": 0}, ""svclat_ms"": {""pose"": 94.29, ""gesture"": 19.79}}, ""a8"": {""services"": [""pose"", ""gesture""], ""fps"": {""pose"": 11, ""gesture"": 24}, ""eff_fps"": {""pose"": 11, ""gesture"": 24}, ""latency_ms"": {""pose"": 0, ""gesture"": 0}, ""svclat_ms"": {""pose"": 61.06, ""gesture"": 41.37}}, ""a9"": {""services"": [""pose"", ""gesture""], ""fps"": {""pose"": 11, ""gesture"": 22}, ""eff_fps"": {""pose"": 11, ""gesture"": 22}, ""latency_ms"": {""pose"": 0, ""gesture"": 0}, ""svclat_ms"": {""pose"": 93.99, ""gesture"": 43.79}}, ""a10"": {""services"": [""pose"", ""gesture""], ""fps"": {""pose"": 11, ""gesture"": 31}, ""eff_fps"": {""pose"": 11, ""gesture"": 31}, ""latency_ms"": {""pose"": 0, ""gesture"": 0}, ""svclat_ms"": {""pose"": 93.27, ""gesture"": 14.89}}, ""a11"": {""services"": [""pose"", ""gesture""], ""fps"": {""pose"": 9, ""gesture"": 22}, ""eff_fps"": {""pose"": 0, ""gesture"": 22}, ""latency_ms"": {""pose"": 0, ""gesture"": 0}, ""svclat_ms"": {""pose"": 121.48, ""gesture"": 45.45}}, ""a12"": {""services"": [""pose"", ""gesture""], ""fps"": {""pose"": 11, ""gesture"": 30}, ""eff_fps"": {""pose"": 11, ""gesture"": 30}, ""latency_ms"": {""pose"": 0, ""gesture"": 0}, ""svclat_ms"": {""pose"": 76.01, ""gesture"": 18.64}}, ""z1"": {""services"": [""gesture"", ""object""], ""fps"": {""gesture"": 30, ""object"": 11}, ""eff_fps"": {""gesture"": 30, ""object"": 11}, ""latency_ms"": {""gesture"": 0, ""object"": 0}, ""svclat_ms"": {""gesture"": 17.29, ""object"": 90.9}}, ""z2"": {""services"": [""gesture"", ""object""], ""fps"": {""gesture"": 30, ""object"": 8}, ""eff_fps"": {""gesture"": 30, ""object"": 0}, ""latency_ms"": {""gesture"": 0, ""object"": 0}, ""svclat_ms"": {""gesture"": 15.0, ""object"": 122.13}}, ""z3"": {""services"": [""gesture"", ""object""], ""fps"": {""gesture"": 23, ""object"": 11}, ""eff_fps"": {""gesture"": 23, ""object"": 11}, ""latency_ms"": {""gesture"": 0, ""object"": 0}, ""svclat_ms"": {""gesture"": 43.21, ""object"": 31.05}}, ""z4"": {""services"": [""gesture"", ""object""], ""fps"": {""gesture"": 22, ""object"": 11}, ""eff_fps"": {""gesture"": 21, ""object"": 10}, ""latency_ms"": {""gesture"": 0, ""object"": 0}, ""svclat_ms"": {""gesture"": 45.29, ""object"": 92.3}}, ""z5"": {""services"": [""gesture"", ""object""], ""fps"": {""gesture"": 24, ""object"": 8}, ""eff_fps"": {""gesture"": 24, ""object"": 0}, ""latency_ms"": {""gesture"": 0, ""object"": 0}, ""svclat_ms"": {""gesture"": 40.5, ""object"": 121.59}}, ""z6"": {""services"": [""gesture"", ""object""], ""fps"": {""gesture"": 30, ""object"": 11}, ""eff_fps"": {""gesture"": 30, ""object"": 11}, ""latency_ms"": {""gesture"": 0, ""object"": 0}, ""svclat_ms"": {""gesture"": 15.75, ""object"": 32.07}}, ""z7"": {""services"": [""gesture"", ""object""], ""fps"": {""gesture"": 30, ""object"": 8}, ""eff_fps"": {""gesture"": 30, ""object"": 0}, ""latency_ms"": {""gesture"": 0, ""object"": 0}, ""svclat_ms"": {""gesture"": 18.77, ""object"": 121.02}}, ""z8"": {""services"": [""gesture"", ""object""], ""fps"": {""gesture"": 22, ""object"": 8}, ""eff_fps"": {""gesture"": 22, ""object"": 0}, ""latency_ms"": {""gesture"": 0, ""object"": 0}, ""svclat_ms"": {""gesture"": 43.19, ""object"": 122.85}}, ""z9"": {""services"": [""gesture"", ""object""], ""fps"": {""gesture"": 30, ""object"": 11}, ""eff_fps"": {""gesture"": 30, ""object"": 11}, ""latency_ms"": {""gesture"": 0, ""object"": 0}, ""svclat_ms"": {""gesture"": 16.25, ""object"": 91.31}}, ""z10"": {""services"": [""gesture"", ""object""], ""fps"": {""gesture"": 30, ""object"": 11}, ""eff_fps"": {""gesture"": 30, ""object"": 11}, ""latency_ms"": {""gesture"": 0, ""object"": 0}, ""svclat_ms"": {""gesture"": 17.35, ""object"": 32.75}}, ""z11"": {""services"": [""gesture"", ""object""], ""fps"": {""gesture"": 24, ""object"": 10}, ""eff_fps"": {""gesture"": 24, ""object"": 9}, ""latency_ms"": {""gesture"": 0, ""object"": 0}, ""svclat_ms"": {""gesture"": 40.72, ""object"": 92.2}}, ""z12"": {""services"": [""gesture"", ""object""], ""fps"": {""gesture"": 21, ""object"": 9}, ""eff_fps"": {""gesture"": 20, ""object"": 0}, ""latency_ms"": {""gesture"": 0, ""object"": 0}, ""svclat_ms"": {""gesture"": 45.46, ""object"": 121.32}}, ""b1"": {""services"": [""pose"", ""object""], ""fps"": {""pose"": 8, ""object"": 12}, ""eff_fps"": {""pose"": 0, ""object"": 12}, ""latency_ms"": {""pose"": 0, ""object"": 0}, ""svclat_ms"": {""pose"": 122.05, ""object"": 29.35}}, ""b2"": {""services"": [""pose"", ""object""], ""fps"": {""pose"": 11, ""object"": 11}, ""eff_fps"": {""pose"": 11, ""object"": 11}, ""latency_ms"": {""pose"": 0, ""object"": 0}, ""svclat_ms"": {""pose"": 81.87, ""object"": 31.76}}, ""b3"": {""services"": [""pose"", ""object""], ""fps"": {""pose"": 11, ""object"": 11}, ""eff_fps"": {""pose"": 11, ""object"": 10}, ""latency_ms"": {""pose"": 0, ""object"": 0}, ""svclat_ms"": {""pose"": 93.65, ""object"": 91.91}}, ""b4"": {""services"": [""pose"", ""object""], ""fps"": {""pose"": 8, ""object"": 8}, ""eff_fps"": {""pose"": 0, ""object"": 0}, ""latency_ms"": {""pose"": 0, ""object"": 0}, ""svclat_ms"": {""pose"": 121.18, ""object"": 120.82}}, ""b5"": {""services"": [""pose"", ""object""], ""fps"": {""pose"": 11, ""object"": 11}, ""eff_fps"": {""pose"": 11, ""object"": 11}, ""latency_ms"": {""pose"": 0, ""object"": 0}, ""svclat_ms"": {""pose"": 94.14, ""object"": 91.06}}, ""b6"": {""services"": [""pose"", ""object""], ""fps"": {""pose"": 12, ""object"": 12}, ""eff_fps"": {""pose"": 12, ""object"": 12}, ""latency_ms"": {""pose"": 0, ""object"": 0}, ""svclat_ms"": {""pose"": 69.18, ""object"": 24.07}}, ""b7"": {""services"": [""pose"", ""object""], ""fps"": {""pose"": 8, ""object"": 8}, ""eff_fps"": {""pose"": 0, ""object"": 0}, ""latency_ms"": {""pose"": 0, ""object"": 0}, ""svclat_ms"": {""pose"": 122.02, ""object"": 121.35}}, ""b8"": {""services"": [""pose"", ""object""], ""fps"": {""pose"": 0, ""object"": 0}, ""eff_fps"": {""pose"": 0, ""object"": 0}, ""latency_ms"": {""pose"": 0, ""object"": 0}, ""svclat_ms"": {""pose"": 0.0, ""object"": 0.0}}, ""b9"": {""services"": [""pose"", ""object""], ""fps"": {""pose"": 0, ""object"": 0}, ""eff_fps"": {""pose"": 0, ""object"": 0}, ""latency_ms"": {""pose"": 0, ""object"": 0}, ""svclat_ms"": {""pose"": 0.0, ""object"": 0.0}}, ""b10"": {""services"": [""pose"", ""object""], ""fps"": {""pose"": 0, ""object"": 0}, ""eff_fps"": {""pose"": 0, ""object"": 0}, ""latency_ms"": {""pose"": 0, ""object"": 0}, ""svclat_ms"": {""pose"": 0.0, ""object"": 0.0}}, ""b11"": {""services"": [""pose"", ""object""], ""fps"": {""pose"": 0, ""object"": 0}, ""eff_fps"": {""pose"": 0, ""object"": 0}, ""latency_ms"": {""pose"": 0, ""object"": 0}, ""svclat_ms"": {""pose"": 0.0, ""object"": 0.0}}, ""b12"": {""services"": [""pose"", ""object""], ""fps"": {""pose"": 0, ""object"": 0}, ""eff_fps"": {""pose"": 0, ""object"": 0}, ""latency_ms"": {""pose"": 0, ""object"": 0}, ""svclat_ms"": {""pose"": 0.0, ""object"": 0.0}}}"
179.5,32,31,0.969,0,0,11,13,13,1.0,1111.0,1066.0,0.959,0.0,0.42,0.0,10.21,27.0,10.05,10.67,27.0,10.75,0,0,0,86.76,28.13,83.45,1033,"{""ip-172-31-0-204"": ""healthy"", ""ip-172-31-1-171"": ""healthy"", ""ip-172-31-10-12"": ""healthy"", ""ip-172-31-11-132"": ""healthy"", ""ip-172-31-13-134"": ""healthy"", ""ip-172-31-14-68"": ""healthy"", ""ip-172-31-40-239"": ""healthy""}",subscribe,10.6,0.5731,0,0,"{""ip-172-31-0-204"": {""pose"": 1, ""gesture"": 1, ""object"": 1}, ""ip-172-31-1-171"": {""gesture"": 1, ""pose"": 1}, ""ip-172-31-10-12"": {""gesture"": 1, ""object"": 1}, ""ip-172-31-11-132"": {""gesture"": 1}, ""ip-172-31-13-134"": {""gesture"": 1, ""pose"": 1}, ""ip-172-31-14-68"": {""gesture"": 1}, ""ip-172-31-40-239"": {""gesture"": 1, ""object"": 1}}","{""a1"": {""services"": [""pose"", ""gesture""], ""fps"": {""pose"": 8, ""gesture"": 22}, ""eff_fps"": {""pose"": 0, ""gesture"": 22}, ""latency_ms"": {""pose"": 0, ""gesture"": 0}, ""svclat_ms"": {""pose"": 122.77, ""gesture"": 43.38}}, ""a2"": {""services"": [""pose"", ""gesture""], ""fps"": {""pose"": 11, ""gesture"": 24}, ""eff_fps"": {""pose"": 10, ""gesture"": 24}, ""latency_ms"": {""pose"": 0, ""gesture"": 0}, ""svclat_ms"": {""pose"": 92.28, ""gesture"": 39.56}}, ""a3"": {""services"": [""pose"", ""gesture""], ""fps"": {""pose"": 11, ""gesture"": 25}, ""eff_fps"": {""pose"": 11, ""gesture"": 25}, ""latency_ms"": {""pose"": 0, ""gesture"": 0}, ""svclat_ms"": {""pose"": 26.61, ""gesture"": 38.78}}, ""a4"": {""services"": [""pose"", ""gesture""], ""fps"": {""pose"": 9, ""gesture"": 30}, ""eff_fps"": {""pose"": 0, ""gesture"": 30}, ""latency_ms"": {""pose"": 0, ""gesture"": 0}, ""svclat_ms"": {""pose"": 122.79, ""gesture"": 16.48}}, ""a5"": {""services"": [""pose"", ""gesture""], ""fps"": {""pose"": 8, ""gesture"": 30}, ""eff_fps"": {""pose"": 0, ""gesture"": 30}, ""latency_ms"": {""pose"": 0, ""gesture"": 0}, ""svclat_ms"": {""pose"": 123.52, ""gesture"": 18.05}}, ""a6"": {""services"": [""pose"", ""gesture""], ""fps"": {""pose"": 12, ""gesture"": 30}, ""eff_fps"": {""pose"": 12, ""gesture"": 30}, ""latency_ms"": {""pose"": 0, ""gesture"": 0}, ""svclat_ms"": {""pose"": 30.75, ""gesture"": 16.48}}, ""a7"": {""services"": [""pose"", ""gesture""], ""fps"": {""pose"": 10, ""gesture"": 30}, ""eff_fps"": {""pose"": 8, ""gesture"": 30}, ""latency_ms"": {""pose"": 0, ""gesture"": 0}, ""svclat_ms"": {""pose"": 94.8, ""gesture"": 19.05}}, ""a8"": {""services"": [""pose"", ""gesture""], ""fps"": {""pose"": 11, ""gesture"": 24}, ""eff_fps"": {""pose"": 11, ""gesture"": 24}, ""latency_ms"": {""pose"": 0, ""gesture"": 0}, ""svclat_ms"": {""pose"": 50.04, ""gesture"": 39.63}}, ""a9"": {""services"": [""pose"", ""gesture""], ""fps"": {""pose"": 11, ""gesture"": 22}, ""eff_fps"": {""pose"": 10, ""gesture"": 22}, ""latency_ms"": {""pose"": 0, ""gesture"": 0}, ""svclat_ms"": {""pose"": 91.38, ""gesture"": 43.31}}, ""a10"": {""services"": [""pose"", ""gesture""], ""fps"": {""pose"": 12, ""gesture"": 30}, ""eff_fps"": {""pose"": 12, ""gesture"": 30}, ""latency_ms"": {""pose"": 0, ""gesture"": 0}, ""svclat_ms"": {""pose"": 89.06, ""gesture"": 14.83}}, ""a11"": {""services"": [""pose"", ""gesture""], ""fps"": {""pose"": 8, ""gesture"": 25}, ""eff_fps"": {""pose"": 0, ""gesture"": 25}, ""latency_ms"": {""pose"": 0, ""gesture"": 0}, ""svclat_ms"": {""pose"": 121.45, ""gesture"": 31.73}}, ""a12"": {""services"": [""pose"", ""gesture""], ""fps"": {""pose"": 11, ""gesture"": 30}, ""eff_fps"": {""pose"": 11, ""gesture"": 30}, ""latency_ms"": {""pose"": 0, ""gesture"": 0}, ""svclat_ms"": {""pose"": 46.82, ""gesture"": 18.06}}, ""z1"": {""services"": [""gesture"", ""object""], ""fps"": {""gesture"": 30, ""object"": 10}, ""eff_fps"": {""gesture"": 30, ""object"": 9}, ""latency_ms"": {""gesture"": 0, ""object"": 0}, ""svclat_ms"": {""gesture"": 17.06, ""object"": 94.65}}, ""z2"": {""services"": [""gesture"", ""object""], ""fps"": {""gesture"": 30, ""object"": 8}, ""eff_fps"": {""gesture"": 30, ""object"": 0}, ""latency_ms"": {""gesture"": 0, ""object"": 0}, ""svclat_ms"": {""gesture"": 15.2, ""object"": 123.37}}, ""z3"": {""services"": [""gesture"", ""object""], ""fps"": {""gesture"": 22, ""object"": 12}, ""eff_fps"": {""gesture"": 22, ""object"": 12}, ""latency_ms"": {""gesture"": 0, ""object"": 0}, ""svclat_ms"": {""gesture"": 43.34, ""object"": 31.66}}, ""z4"": {""services"": [""gesture"", ""object""], ""fps"": {""gesture"": 25, ""object"": 11}, ""eff_fps"": {""gesture"": 25, ""object"": 10}, ""latency_ms"": {""gesture"": 0, ""object"": 0}, ""svclat_ms"": {""gesture"": 36.71, ""object"": 90.0}}, ""z5"": {""services"": [""gesture"", ""object""], ""fps"": {""gesture"": 25, ""object"": 8}, ""eff_fps"": {""gesture"": 25, ""object"": 0}, ""latency_ms"": {""gesture"": 0, ""object"": 0}, ""svclat_ms"": {""gesture"": 38.94, ""object"": 122.35}}, ""z6"": {""services"": [""gesture"", ""object""], ""fps"": {""gesture"": 30, ""object"": 11}, ""eff_fps"": {""gesture"": 30, ""object"": 11}, ""latency_ms"": {""gesture"": 0, ""object"": 0}, ""svclat_ms"": {""gesture"": 16.09, ""object"": 31.39}}, ""z7"": {""services"": [""gesture"", ""object""], ""fps"": {""gesture"": 30, ""object"": 8}, ""eff_fps"": {""gesture"": 30, ""object"": 0}, ""latency_ms"": {""gesture"": 0, ""object"": 0}, ""svclat_ms"": {""gesture"": 18.08, ""object"": 124.98}}, ""z8"": {""services"": [""gesture"", ""object""], ""fps"": {""gesture"": 23, ""object"": 9}, ""eff_fps"": {""gesture"": 23, ""object"": 0}, ""latency_ms"": {""gesture"": 0, ""object"": 0}, ""svclat_ms"": {""gesture"": 43.52, ""object"": 122.62}}, ""z9"": {""services"": [""gesture"", ""object""], ""fps"": {""gesture"": 30, ""object"": 11}, ""eff_fps"": {""gesture"": 30, ""object"": 10}, ""latency_ms"": {""gesture"": 0, ""object"": 0}, ""svclat_ms"": {""gesture"": 16.65, ""object"": 94.56}}, ""z10"": {""services"": [""gesture"", ""object""], ""fps"": {""gesture"": 30, ""object"": 11}, ""eff_fps"": {""gesture"": 30, ""object"": 11}, ""latency_ms"": {""gesture"": 0, ""object"": 0}, ""svclat_ms"": {""gesture"": 17.21, ""object"": 32.31}}, ""z11"": {""services"": [""gesture"", ""object""], ""fps"": {""gesture"": 25, ""object"": 11}, ""eff_fps"": {""gesture"": 25, ""object"": 11}, ""latency_ms"": {""gesture"": 0, ""object"": 0}, ""svclat_ms"": {""gesture"": 38.61, ""object"": 89.89}}, ""z12"": {""services"": [""gesture"", ""object""], ""fps"": {""gesture"": 26, ""object"": 8}, ""eff_fps"": {""gesture"": 26, ""object"": 0}, ""latency_ms"": {""gesture"": 0, ""object"": 0}, ""svclat_ms"": {""gesture"": 34.35, ""object"": 121.57}}, ""b1"": {""services"": [""pose"", ""object""], ""fps"": {""pose"": 9, ""object"": 12}, ""eff_fps"": {""pose"": 0, ""object"": 12}, ""latency_ms"": {""pose"": 0, ""object"": 0}, ""svclat_ms"": {""pose"": 121.92, ""object"": 26.9}}, ""b2"": {""services"": [""pose"", ""object""], ""fps"": {""pose"": 12, ""object"": 12}, ""eff_fps"": {""pose"": 12, ""object"": 12}, ""latency_ms"": {""pose"": 0, ""object"": 0}, ""svclat_ms"": {""pose"": 51.18, ""object"": 29.63}}, ""b3"": {""services"": [""pose"", ""object""], ""fps"": {""pose"": 11, ""object"": 11}, ""eff_fps"": {""pose"": 11, ""object"": 10}, ""latency_ms"": {""pose"": 0, ""object"": 0}, ""svclat_ms"": {""pose"": 89.2, ""object"": 85.3}}, ""b4"": {""services"": [""pose"", ""object""], ""fps"": {""pose"": 9, ""object"": 8}, ""eff_fps"": {""pose"": 0, ""object"": 0}, ""latency_ms"": {""pose"": 0, ""object"": 0}, ""svclat_ms"": {""pose"": 121.02, ""object"": 120.8}}, ""b5"": {""services"": [""pose"", ""object""], ""fps"": {""pose"": 11, ""object"": 11}, ""eff_fps"": {""pose"": 9, ""object"": 10}, ""latency_ms"": {""pose"": 0, ""object"": 0}, ""svclat_ms"": {""pose"": 92.82, ""object"": 94.57}}, ""b6"": {""services"": [""pose"", ""object""], ""fps"": {""pose"": 11, ""object"": 11}, ""eff_fps"": {""pose"": 11, ""object"": 11}, ""latency_ms"": {""pose"": 0, ""object"": 0}, ""svclat_ms"": {""pose"": 37.0, ""object"": 24.3}}, ""b7"": {""services"": [""pose"", ""object""], ""fps"": {""pose"": 9, ""object"": 8}, ""eff_fps"": {""pose"": 0, ""object"": 0}, ""latency_ms"": {""pose"": 0, ""object"": 0}, ""svclat_ms"": {""pose"": 122.97, ""object"": 124.74}}, ""b8"": {""services"": [""pose"", ""object""], ""fps"": {""pose"": 0, ""object"": 0}, ""eff_fps"": {""pose"": 0, ""object"": 0}, ""latency_ms"": {""pose"": 0, ""object"": 0}, ""svclat_ms"": {""pose"": 0.0, ""object"": 0.0}}, ""b9"": {""services"": [""pose"", ""object""], ""fps"": {""pose"": 0, ""object"": 0}, ""eff_fps"": {""pose"": 0, ""object"": 0}, ""latency_ms"": {""pose"": 0, ""object"": 0}, ""svclat_ms"": {""pose"": 0.0, ""object"": 0.0}}, ""b10"": {""services"": [""pose"", ""object""], ""fps"": {""pose"": 0, ""object"": 0}, ""eff_fps"": {""pose"": 0, ""object"": 0}, ""latency_ms"": {""pose"": 0, ""object"": 0}, ""svclat_ms"": {""pose"": 0.0, ""object"": 0.0}}, ""b11"": {""services"": [""pose"", ""object""], ""fps"": {""pose"": 0, ""object"": 0}, ""eff_fps"": {""pose"": 0, ""object"": 0}, ""latency_ms"": {""pose"": 0, ""object"": 0}, ""svclat_ms"": {""pose"": 0.0, ""object"": 0.0}}, ""b12"": {""services"": [""pose"", ""object""], ""fps"": {""pose"": 0, ""object"": 0}, ""eff_fps"": {""pose"": 0, ""object"": 0}, ""latency_ms"": {""pose"": 0, ""object"": 0}, ""svclat_ms"": {""pose"": 0.0, ""object"": 0.0}}}"
181.9,32,31,0.969,0,0,11,13,13,1.0,1111.0,1066.0,0.959,0.0,0.42,0.0,10.26,27.04,10.21,11.33,27.04,11.42,0,0,0,86.35,24.77,64.57,1038,"{""ip-172-31-0-204"": ""healthy"", ""ip-172-31-1-171"": ""healthy"", ""ip-172-31-10-12"": ""healthy"", ""ip-172-31-11-132"": ""healthy"", ""ip-172-31-13-134"": ""healthy"", ""ip-172-31-14-68"": ""healthy"", ""ip-172-31-40-239"": ""healthy""}",subscribe,10.6,0.5731,0,0,"{""ip-172-31-0-204"": {""pose"": 1, ""gesture"": 1, ""object"": 1}, ""ip-172-31-1-171"": {""gesture"": 1, ""pose"": 1}, ""ip-172-31-10-12"": {""gesture"": 1, ""object"": 1}, ""ip-172-31-11-132"": {""gesture"": 1}, ""ip-172-31-13-134"": {""gesture"": 1, ""pose"": 1}, ""ip-172-31-14-68"": {""gesture"": 1}, ""ip-172-31-40-239"": {""gesture"": 1, ""object"": 1}}","{""a1"": {""services"": [""pose"", ""gesture""], ""fps"": {""pose"": 9, ""gesture"": 23}, ""eff_fps"": {""pose"": 0, ""gesture"": 23}, ""latency_ms"": {""pose"": 0, ""gesture"": 0}, ""svclat_ms"": {""pose"": 119.52, ""gesture"": 40.66}}, ""a2"": {""services"": [""pose"", ""gesture""], ""fps"": {""pose"": 11, ""gesture"": 24}, ""eff_fps"": {""pose"": 11, ""gesture"": 24}, ""latency_ms"": {""pose"": 0, ""gesture"": 0}, ""svclat_ms"": {""pose"": 88.31, ""gesture"": 39.74}}, ""a3"": {""services"": [""pose"", ""gesture""], ""fps"": {""pose"": 11, ""gesture"": 25}, ""eff_fps"": {""pose"": 11, ""gesture"": 25}, ""latency_ms"": {""pose"": 0, ""gesture"": 0}, ""svclat_ms"": {""pose"": 31.06, ""gesture"": 17.83}}, ""a4"": {""services"": [""pose"", ""gesture""], ""fps"": {""pose"": 8, ""gesture"": 30}, ""eff_fps"": {""pose"": 0, ""gesture"": 30}, ""latency_ms"": {""pose"": 0, ""gesture"": 0}, ""svclat_ms"": {""pose"": 119.46, ""gesture"": 16.3}}, ""a5"": {""services"": [""pose"", ""gesture""], ""fps"": {""pose"": 8, ""gesture"": 31}, ""eff_fps"": {""pose"": 0, ""gesture"": 31}, ""latency_ms"": {""pose"": 0, ""gesture"": 0}, ""svclat_ms"": {""pose"": 119.84, ""gesture"": 18.43}}, ""a6"": {""services"": [""pose"", ""gesture""], ""fps"": {""pose"": 11, ""gesture"": 30}, ""eff_fps"": {""pose"": 11, ""gesture"": 30}, ""latency_ms"": {""pose"": 0, ""gesture"": 0}, ""svclat_ms"": {""pose"": 45.46, ""gesture"": 15.99}}, ""a7"": {""services"": [""pose"", ""gesture""], ""fps"": {""pose"": 11, ""gesture"": 30}, ""eff_fps"": {""pose"": 11, ""gesture"": 30}, ""latency_ms"": {""pose"": 0, ""gesture"": 0}, ""svclat_ms"": {""pose"": 81.0, ""gesture"": 20.1}}, ""a8"": {""services"": [""pose"", ""gesture""], ""fps"": {""pose"": 11, ""gesture"": 25}, ""eff_fps"": {""pose"": 11, ""gesture"": 25}, ""latency_ms"": {""pose"": 0, ""gesture"": 0}, ""svclat_ms"": {""pose"": 47.09, ""gesture"": 39.06}}, ""a9"": {""services"": [""pose"", ""gesture""], ""fps"": {""pose"": 11, ""gesture"": 22}, ""eff_fps"": {""pose"": 11, ""gesture"": 22}, ""latency_ms"": {""pose"": 0, ""gesture"": 0}, ""svclat_ms"": {""pose"": 88.39, ""gesture"": 38.85}}, ""a10"": {""services"": [""pose"", ""gesture""], ""fps"": {""pose"": 11, ""gesture"": 30}, ""eff_fps"": {""pose"": 11, ""gesture"": 30}, ""latency_ms"": {""pose"": 0, ""gesture"": 0}, ""svclat_ms"": {""pose"": 83.96, ""gesture"": 14.98}}, ""a11"": {""services"": [""pose"", ""gesture""], ""fps"": {""pose"": 8, ""gesture"": 25}, ""eff_fps"": {""pose"": 0, ""gesture"": 25}, ""latency_ms"": {""pose"": 0, ""gesture"": 0}, ""svclat_ms"": {""pose"": 120.07, ""gesture"": 19.55}}, ""a12"": {""services"": [""pose"", ""gesture""], ""fps"": {""pose"": 12, ""gesture"": 30}, ""eff_fps"": {""pose"": 12, ""gesture"": 30}, ""latency_ms"": {""pose"": 0, ""gesture"": 0}, ""svclat_ms"": {""pose"": 61.8, ""gesture"": 18.35}}, ""z1"": {""services"": [""gesture"", ""object""], ""fps"": {""gesture"": 30, ""object"": 11}, ""eff_fps"": {""gesture"": 30, ""object"": 11}, ""latency_ms"": {""gesture"": 0, ""object"": 0}, ""svclat_ms"": {""gesture"": 17.05, ""object"": 33.01}}, ""z2"": {""services"": [""gesture"", ""object""], ""fps"": {""gesture"": 30, ""object"": 8}, ""eff_fps"": {""gesture"": 30, ""object"": 0}, ""latency_ms"": {""gesture"": 0, ""object"": 0}, ""svclat_ms"": {""gesture"": 14.68, ""object"": 119.83}}, ""z3"": {""services"": [""gesture"", ""object""], ""fps"": {""gesture"": 22, ""object"": 12}, ""eff_fps"": {""gesture"": 22, ""object"": 12}, ""latency_ms"": {""gesture"": 0, ""object"": 0}, ""svclat_ms"": {""gesture"": 42.95, ""object"": 31.84}}, ""z4"": {""services"": [""gesture"", ""object""], ""fps"": {""gesture"": 24, ""object"": 11}, ""eff_fps"": {""gesture"": 24, ""object"": 11}, ""latency_ms"": {""gesture"": 0, ""object"": 0}, ""svclat_ms"": {""gesture"": 19.45, ""object"": 39.88}}, ""z5"": {""services"": [""gesture"", ""object""], ""fps"": {""gesture"": 25, ""object"": 9}, ""eff_fps"": {""gesture"": 25, ""object"": 0}, ""latency_ms"": {""gesture"": 0, ""object"": 0}, ""svclat_ms"": {""gesture"": 38.13, ""object"": 119.66}}, ""z6"": {""services"": [""gesture"", ""object""], ""fps"": {""gesture"": 31, ""object"": 12}, ""eff_fps"": {""gesture"": 31, ""object"": 12}, ""latency_ms"": {""gesture"": 0, ""object"": 0}, ""svclat_ms"": {""gesture"": 15.97, ""object"": 30.1}}, ""z7"": {""services"": [""gesture"", ""object""], ""fps"": {""gesture"": 30, ""object"": 8}, ""eff_fps"": {""gesture"": 30, ""object"": 0}, ""latency_ms"": {""gesture"": 0, ""object"": 0}, ""svclat_ms"": {""gesture"": 18.34, ""object"": 120.43}}, ""z8"": {""services"": [""gesture"", ""object""], ""fps"": {""gesture"": 22, ""object"": 8}, ""eff_fps"": {""gesture"": 22, ""object"": 0}, ""latency_ms"": {""gesture"": 0, ""object"": 0}, ""svclat_ms"": {""gesture"": 37.88, ""object"": 119.19}}, ""z9"": {""services"": [""gesture"", ""object""], ""fps"": {""gesture"": 30, ""object"": 11}, ""eff_fps"": {""gesture"": 30, ""object"": 11}, ""latency_ms"": {""gesture"": 0, ""object"": 0}, ""svclat_ms"": {""gesture"": 16.11, ""object"": 31.51}}, ""z10"": {""services"": [""gesture"", ""object""], ""fps"": {""gesture"": 30, ""object"": 12}, ""eff_fps"": {""gesture"": 30, ""object"": 12}, ""latency_ms"": {""gesture"": 0, ""object"": 0}, ""svclat_ms"": {""gesture"": 17.83, ""object"": 32.02}}, ""z11"": {""services"": [""gesture"", ""object""], ""fps"": {""gesture"": 25, ""object"": 12}, ""eff_fps"": {""gesture"": 25, ""object"": 12}, ""latency_ms"": {""gesture"": 0, ""object"": 0}, ""svclat_ms"": {""gesture"": 36.99, ""object"": 41.37}}, ""z12"": {""services"": [""gesture"", ""object""], ""fps"": {""gesture"": 25, ""object"": 8}, ""eff_fps"": {""gesture"": 25, ""object"": 0}, ""latency_ms"": {""gesture"": 0, ""object"": 0}, ""svclat_ms"": {""gesture"": 19.37, ""object"": 119.86}}, ""b1"": {""services"": [""pose"", ""object""], ""fps"": {""pose"": 8, ""object"": 11}, ""eff_fps"": {""pose"": 0, ""object"": 11}, ""latency_ms"": {""pose"": 0, ""object"": 0}, ""svclat_ms"": {""pose"": 119.91, ""object"": 27.77}}, ""b2"": {""services"": [""pose"", ""object""], ""fps"": {""pose"": 12, ""object"": 11}, ""eff_fps"": {""pose"": 12, ""object"": 11}, ""latency_ms"": {""pose"": 0, ""object"": 0}, ""svclat_ms"": {""pose"": 65.4, ""object"": 29.59}}, ""b3"": {""services"": [""pose"", ""object""], ""fps"": {""pose"": 11, ""object"": 11}, ""eff_fps"": {""pose"": 11, ""object"": 11}, ""latency_ms"": {""pose"": 0, ""object"": 0}, ""svclat_ms"": {""pose"": 84.31, ""object"": 33.78}}, ""b4"": {""services"": [""pose"", ""object""], ""fps"": {""pose"": 9, ""object"": 8}, ""eff_fps"": {""pose"": 0, ""object"": 0}, ""latency_ms"": {""pose"": 0, ""object"": 0}, ""svclat_ms"": {""pose"": 119.64, ""object"": 120.26}}, ""b5"": {""services"": [""pose"", ""object""], ""fps"": {""pose"": 12, ""object"": 12}, ""eff_fps"": {""pose"": 12, ""object"": 12}, ""latency_ms"": {""pose"": 0, ""object"": 0}, ""svclat_ms"": {""pose"": 76.73, ""object"": 32.76}}, ""b6"": {""services"": [""pose"", ""object""], ""fps"": {""pose"": 12, ""object"": 11}, ""eff_fps"": {""pose"": 12, ""object"": 11}, ""latency_ms"": {""pose"": 0, ""object"": 0}, ""svclat_ms"": {""pose"": 48.6, ""object"": 23.79}}, ""b7"": {""services"": [""pose"", ""object""], ""fps"": {""pose"": 9, ""object"": 8}, ""eff_fps"": {""pose"": 0, ""object"": 0}, ""latency_ms"": {""pose"": 0, ""object"": 0}, ""svclat_ms"": {""pose"": 120.03, ""object"": 120.09}}, ""b8"": {""services"": [""pose"", ""object""], ""fps"": {""pose"": 0, ""object"": 0}, ""eff_fps"": {""pose"": 0, ""object"": 0}, ""latency_ms"": {""pose"": 0, ""object"": 0}, ""svclat_ms"": {""pose"": 0.0, ""object"": 0.0}}, ""b9"": {""services"": [""pose"", ""object""], ""fps"": {""pose"": 0, ""object"": 0}, ""eff_fps"": {""pose"": 0, ""object"": 0}, ""latency_ms"": {""pose"": 0, ""object"": 0}, ""svclat_ms"": {""pose"": 0.0, ""object"": 0.0}}, ""b10"": {""services"": [""pose"", ""object""], ""fps"": {""pose"": 0, ""object"": 0}, ""eff_fps"": {""pose"": 0, ""object"": 0}, ""latency_ms"": {""pose"": 0, ""object"": 0}, ""svclat_ms"": {""pose"": 0.0, ""object"": 0.0}}, ""b11"": {""services"": [""pose"", ""object""], ""fps"": {""pose"": 0, ""object"": 0}, ""eff_fps"": {""pose"": 0, ""object"": 0}, ""latency_ms"": {""pose"": 0, ""object"": 0}, ""svclat_ms"": {""pose"": 0.0, ""object"": 0.0}}, ""b12"": {""services"": [""pose"", ""object""], ""fps"": {""pose"": 0, ""object"": 0}, ""eff_fps"": {""pose"": 0, ""object"": 0}, ""latency_ms"": {""pose"": 0, ""object"": 0}, ""svclat_ms"": {""pose"": 0.0, ""object"": 0.0}}}"
185.1,32,31,0.969,0,0,11,13,13,1.0,1111.0,1066.0,0.959,0.0,0.42,0.0,10.85,26.38,10.6,10.15,26.38,9.65,0,0,0,94.17,22.32,82.62,1062,"{""ip-172-31-0-204"": ""healthy"", ""ip-172-31-1-171"": ""healthy"", ""ip-172-31-10-12"": ""healthy"", ""ip-172-31-11-132"": ""healthy"", ""ip-172-31-13-134"": ""healthy"", ""ip-172-31-14-68"": ""healthy"", ""ip-172-31-40-239"": ""healthy""}",subscribe,10.6,0.5731,0,0,"{""ip-172-31-0-204"": {""pose"": 1, ""gesture"": 1, ""object"": 1}, ""ip-172-31-1-171"": {""gesture"": 1, ""pose"": 1}, ""ip-172-31-10-12"": {""gesture"": 1, ""object"": 1}, ""ip-172-31-11-132"": {""gesture"": 1}, ""ip-172-31-13-134"": {""gesture"": 1, ""pose"": 1}, ""ip-172-31-14-68"": {""gesture"": 1}, ""ip-172-31-40-239"": {""gesture"": 1, ""object"": 1}}","{""a1"": {""services"": [""pose"", ""gesture""], ""fps"": {""pose"": 12, ""gesture"": 23}, ""eff_fps"": {""pose"": 12, ""gesture"": 23}, ""latency_ms"": {""pose"": 0, ""gesture"": 0}, ""svclat_ms"": {""pose"": 76.65, ""gesture"": 38.18}}, ""a2"": {""services"": [""pose"", ""gesture""], ""fps"": {""pose"": 12, ""gesture"": 22}, ""eff_fps"": {""pose"": 12, ""gesture"": 22}, ""latency_ms"": {""pose"": 0, ""gesture"": 0}, ""svclat_ms"": {""pose"": 37.94, ""gesture"": 24.1}}, ""a3"": {""services"": [""pose"", ""gesture""], ""fps"": {""pose"": 10, ""gesture"": 22}, ""eff_fps"": {""pose"": 8, ""gesture"": 22}, ""latency_ms"": {""pose"": 0, ""gesture"": 0}, ""svclat_ms"": {""pose"": 121.42, ""gesture"": 22.68}}, ""a4"": {""services"": [""pose"", ""gesture""], ""fps"": {""pose"": 14, ""gesture"": 30}, ""eff_fps"": {""pose"": 14, ""gesture"": 30}, ""latency_ms"": {""pose"": 0, ""gesture"": 0}, ""svclat_ms"": {""pose"": 33.14, ""gesture"": 16.02}}, ""a5"": {""services"": [""pose"", ""gesture""], ""fps"": {""pose"": 6, ""gesture"": 31}, ""eff_fps"": {""pose"": 4, ""gesture"": 31}, ""latency_ms"": {""pose"": 0, ""gesture"": 0}, ""svclat_ms"": {""pose"": 162.21, ""gesture"": 18.35}}, ""a6"": {""services"": [""pose"", ""gesture""], ""fps"": {""pose"": 12, ""gesture"": 30}, ""eff_fps"": {""pose"": 12, ""gesture"": 30}, ""latency_ms"": {""pose"": 0, ""gesture"": 0}, ""svclat_ms"": {""pose"": 34.54, ""gesture"": 16.22}}, ""a7"": {""services"": [""pose"", ""gesture""], ""fps"": {""pose"": 12, ""gesture"": 30}, ""eff_fps"": {""pose"": 12, ""gesture"": 30}, ""latency_ms"": {""pose"": 0, ""gesture"": 0}, ""svclat_ms"": {""pose"": 78.92, ""gesture"": 19.57}}, ""a8"": {""services"": [""pose"", ""gesture""], ""fps"": {""pose"": 11, ""gesture"": 23}, ""eff_fps"": {""pose"": 11, ""gesture"": 23}, ""latency_ms"": {""pose"": 0, ""gesture"": 0}, ""svclat_ms"": {""pose"": 73.32, ""gesture"": 24.62}}, ""a9"": {""services"": [""pose"", ""gesture""], ""fps"": {""pose"": 14, ""gesture"": 23}, ""eff_fps"": {""pose"": 14, ""gesture"": 23}, ""latency_ms"": {""pose"": 0, ""gesture"": 0}, ""svclat_ms"": {""pose"": 49.68, ""gesture"": 38.99}}, ""a10"": {""services"": [""pose"", ""gesture""], ""fps"": {""pose"": 3, ""gesture"": 30}, ""eff_fps"": {""pose"": 1, ""gesture"": 30}, ""latency_ms"": {""pose"": 0, ""gesture"": 0}, ""svclat_ms"": {""pose"": 319.19, ""gesture"": 14.67}}, ""a11"": {""services"": [""pose"", ""gesture""], ""fps"": {""pose"": 12, ""gesture"": 23}, ""eff_fps"": {""pose"": 12, ""gesture"": 23}, ""latency_ms"": {""pose"": 0, ""gesture"": 0}, ""svclat_ms"": {""pose"": 29.22, ""gesture"": 20.91}}, ""a12"": {""services"": [""pose"", ""gesture""], ""fps"": {""pose"": 14, ""gesture"": 30}, ""eff_fps"": {""pose"": 14, ""gesture"": 30}, ""latency_ms"": {""pose"": 0, ""gesture"": 0}, ""svclat_ms"": {""pose"": 55.88, ""gesture"": 18.41}}, ""z1"": {""services"": [""gesture"", ""object""], ""fps"": {""gesture"": 30, ""object"": 8}, ""eff_fps"": {""gesture"": 30, ""object"": 5}, ""latency_ms"": {""gesture"": 0, ""object"": 0}, ""svclat_ms"": {""gesture"": 17.36, ""object"": 167.37}}, ""z2"": {""services"": [""gesture"", ""object""], ""fps"": {""gesture"": 30, ""object"": 12}, ""eff_fps"": {""gesture"": 30, ""object"": 12}, ""latency_ms"": {""gesture"": 0, ""object"": 0}, ""svclat_ms"": {""gesture"": 15.11, ""object"": 77.31}}, ""z3"": {""services"": [""gesture"", ""object""], ""fps"": {""gesture"": 23, ""object"": 12}, ""eff_fps"": {""gesture"": 23, ""object"": 12}, ""latency_ms"": {""gesture"": 0, ""object"": 0}, ""svclat_ms"": {""gesture"": 39.9, ""object"": 49.29}}, ""z4"": {""services"": [""gesture"", ""object""], ""fps"": {""gesture"": 23, ""object"": 10}, ""eff_fps"": {""gesture"": 23, ""object"": 8}, ""latency_ms"": {""gesture"": 0, ""object"": 0}, ""svclat_ms"": {""gesture"": 22.11, ""object"": 83.09}}, ""z5"": {""services"": [""gesture"", ""object""], ""fps"": {""gesture"": 23, ""object"": 13}, ""eff_fps"": {""gesture"": 23, ""object"": 11}, ""latency_ms"": {""gesture"": 0, ""object"": 0}, ""svclat_ms"": {""gesture"": 18.71, ""object"": 40.4}}, ""z6"": {""services"": [""gesture"", ""object""], ""fps"": {""gesture"": 29, ""object"": 4}, ""eff_fps"": {""gesture"": 29, ""object"": 2}, ""latency_ms"": {""gesture"": 0, ""object"": 0}, ""svclat_ms"": {""gesture"": 15.77, ""object"": 192.64}}, ""z7"": {""services"": [""gesture"", ""object""], ""fps"": {""gesture"": 30, ""object"": 12}, ""eff_fps"": {""gesture"": 30, ""object"": 12}, ""latency_ms"": {""gesture"": 0, ""object"": 0}, ""svclat_ms"": {""gesture"": 17.92, ""object"": 36.76}}, ""z8"": {""services"": [""gesture"", ""object""], ""fps"": {""gesture"": 22, ""object"": 8}, ""eff_fps"": {""gesture"": 22, ""object"": 6}, ""latency_ms"": {""gesture"": 0, ""object"": 0}, ""svclat_ms"": {""gesture"": 39.5, ""object"": 118.98}}, ""z9"": {""services"": [""gesture"", ""object""], ""fps"": {""gesture"": 30, ""object"": 14}, ""eff_fps"": {""gesture"": 30, ""object"": 14}, ""latency_ms"": {""gesture"": 0, ""object"": 0}, ""svclat_ms"": {""gesture"": 16.48, ""object"": 30.22}}, ""z10"": {""services"": [""gesture"", ""object""], ""fps"": {""gesture"": 30, ""object"": 11}, ""eff_fps"": {""gesture"": 30, ""object"": 11}, ""latency_ms"": {""gesture"": 0, ""object"": 0}, ""svclat_ms"": {""gesture"": 17.46, ""object"": 76.27}}, ""z11"": {""services"": [""gesture"", ""object""], ""fps"": {""gesture"": 23, ""object"": 12}, ""eff_fps"": {""gesture"": 23, ""object"": 12}, ""latency_ms"": {""gesture"": 0, ""object"": 0}, ""svclat_ms"": {""gesture"": 20.64, ""object"": 31.72}}, ""z12"": {""services"": [""gesture"", ""object""], ""fps"": {""gesture"": 23, ""object"": 9}, ""eff_fps"": {""gesture"": 23, ""object"": 6}, ""latency_ms"": {""gesture"": 0, ""object"": 0}, ""svclat_ms"": {""gesture"": 21.9, ""object"": 98.32}}, ""b1"": {""services"": [""pose"", ""object""], ""fps"": {""pose"": 11, ""object"": 13}, ""eff_fps"": {""pose"": 9, ""object"": 13}, ""latency_ms"": {""pose"": 0, ""object"": 0}, ""svclat_ms"": {""pose"": 87.24, ""object"": 33.69}}, ""b2"": {""services"": [""pose"", ""object""], ""fps"": {""pose"": 4, ""object"": 12}, ""eff_fps"": {""pose"": 1, ""object"": 12}, ""latency_ms"": {""pose"": 0, ""object"": 0}, ""svclat_ms"": {""pose"": 259.25, ""object"": 33.13}}, ""b3"": {""services"": [""pose"", ""object""], ""fps"": {""pose"": 12, ""object"": 4}, ""eff_fps"": {""pose"": 12, ""object"": 1}, ""latency_ms"": {""pose"": 0, ""object"": 0}, ""svclat_ms"": {""pose"": 52.93, ""object"": 260.47}}, ""b4"": {""services"": [""pose"", ""object""], ""fps"": {""pose"": 14, ""object"": 14}, ""eff_fps"": {""pose"": 14, ""object"": 14}, ""latency_ms"": {""pose"": 0, ""object"": 0}, ""svclat_ms"": {""pose"": 53.72, ""object"": 36.43}}, ""b5"": {""services"": [""pose"", ""object""], ""fps"": {""pose"": 12, ""object"": 11}, ""eff_fps"": {""pose"": 12, ""object"": 11}, ""latency_ms"": {""pose"": 0, ""object"": 0}, ""svclat_ms"": {""pose"": 66.26, ""object"": 72.7}}, ""b6"": {""services"": [""pose"", ""object""], ""fps"": {""pose"": 12, ""object"": 8}, ""eff_fps"": {""pose"": 12, ""object"": 6}, ""latency_ms"": {""pose"": 0, ""object"": 0}, ""svclat_ms"": {""pose"": 41.01, ""object"": 162.0}}, ""b7"": {""services"": [""pose"", ""object""], ""fps"": {""pose"": 6, ""object"": 12}, ""eff_fps"": {""pose"": 3, ""object"": 12}, ""latency_ms"": {""pose"": 0, ""object"": 0}, ""svclat_ms"": {""pose"": 199.97, ""object"": 26.0}}, ""b8"": {""services"": [""pose"", ""object""], ""fps"": {""pose"": 14, ""object"": 13}, ""eff_fps"": {""pose"": 14, ""object"": 13}, ""latency_ms"": {""pose"": 0, ""object"": 0}, ""svclat_ms"": {""pose"": 50.82, ""object"": 25.55}}, ""b9"": {""services"": [""pose"", ""object""], ""fps"": {""pose"": 0, ""object"": 0}, ""eff_fps"": {""pose"": 0, ""object"": 0}, ""latency_ms"": {""pose"": 0, ""object"": 0}, ""svclat_ms"": {""pose"": 0.0, ""object"": 0.0}}, ""b10"": {""services"": [""pose"", ""object""], ""fps"": {""pose"": 0, ""object"": 0}, ""eff_fps"": {""pose"": 0, ""object"": 0}, ""latency_ms"": {""pose"": 0, ""object"": 0}, ""svclat_ms"": {""pose"": 0.0, ""object"": 0.0}}, ""b11"": {""services"": [""pose"", ""object""], ""fps"": {""pose"": 0, ""object"": 0}, ""eff_fps"": {""pose"": 0, ""object"": 0}, ""latency_ms"": {""pose"": 0, ""object"": 0}, ""svclat_ms"": {""pose"": 0.0, ""object"": 0.0}}, ""b12"": {""services"": [""pose"", ""object""], ""fps"": {""pose"": 0, ""object"": 0}, ""eff_fps"": {""pose"": 0, ""object"": 0}, ""latency_ms"": {""pose"": 0, ""object"": 0}, ""svclat_ms"": {""pose"": 0.0, ""object"": 0.0}}}"
189.0,34,33,0.971,0,0,11,15,15,1.0,1191.0,1126.0,0.945,0.0,0.45,0.0,11.23,26.25,11.27,10.41,26.25,10.55,0,0,0,67.04,22.52,61.91,1125,"{""ip-172-31-0-204"": ""healthy"", ""ip-172-31-1-171"": ""healthy"", ""ip-172-31-10-12"": ""healthy"", ""ip-172-31-11-132"": ""healthy"", ""ip-172-31-13-134"": ""healthy"", ""ip-172-31-14-68"": ""healthy"", ""ip-172-31-40-239"": ""healthy""}",subscribe,10.2,0.5687,0,0,"{""ip-172-31-0-204"": {""pose"": 1, ""gesture"": 1, ""object"": 1}, ""ip-172-31-1-171"": {""gesture"": 1, ""pose"": 1, ""object"": 1}, ""ip-172-31-10-12"": {""gesture"": 1, ""object"": 1, ""pose"": 1}, ""ip-172-31-11-132"": {""gesture"": 1}, ""ip-172-31-13-134"": {""gesture"": 1, ""pose"": 1}, ""ip-172-31-14-68"": {""gesture"": 1}, ""ip-172-31-40-239"": {""gesture"": 1, ""object"": 1}}","{""a1"": {""services"": [""pose"", ""gesture""], ""fps"": {""pose"": 10, ""gesture"": 23}, ""eff_fps"": {""pose"": 8, ""gesture"": 23}, ""latency_ms"": {""pose"": 0, ""gesture"": 0}, ""svclat_ms"": {""pose"": 97.27, ""gesture"": 39.3}}, ""a2"": {""services"": [""pose"", ""gesture""], ""fps"": {""pose"": 10, ""gesture"": 23}, ""eff_fps"": {""pose"": 9, ""gesture"": 23}, ""latency_ms"": {""pose"": 0, ""gesture"": 0}, ""svclat_ms"": {""pose"": 80.78, ""gesture"": 28.66}}, ""a3"": {""services"": [""pose"", ""gesture""], ""fps"": {""pose"": 12, ""gesture"": 22}, ""eff_fps"": {""pose"": 12, ""gesture"": 22}, ""latency_ms"": {""pose"": 0, ""gesture"": 0}, ""svclat_ms"": {""pose"": 54.88, ""gesture"": 22.51}}, ""a4"": {""services"": [""pose"", ""gesture""], ""fps"": {""pose"": 13, ""gesture"": 30}, ""eff_fps"": {""pose"": 13, ""gesture"": 30}, ""latency_ms"": {""pose"": 0, ""gesture"": 0}, ""svclat_ms"": {""pose"": 35.44, ""gesture"": 16.16}}, ""a5"": {""services"": [""pose"", ""gesture""], ""fps"": {""pose"": 12, ""gesture"": 29}, ""eff_fps"": {""pose"": 12, ""gesture"": 29}, ""latency_ms"": {""pose"": 0, ""gesture"": 0}, ""svclat_ms"": {""pose"": 48.55, ""gesture"": 18.48}}, ""a6"": {""services"": [""pose"", ""gesture""], ""fps"": {""pose"": 10, ""gesture"": 30}, ""eff_fps"": {""pose"": 10, ""gesture"": 30}, ""latency_ms"": {""pose"": 0, ""gesture"": 0}, ""svclat_ms"": {""pose"": 82.42, ""gesture"": 16.15}}, ""a7"": {""services"": [""pose"", ""gesture""], ""fps"": {""pose"": 10, ""gesture"": 30}, ""eff_fps"": {""pose"": 7, ""gesture"": 30}, ""latency_ms"": {""pose"": 0, ""gesture"": 0}, ""svclat_ms"": {""pose"": 95.88, ""gesture"": 19.4}}, ""a8"": {""services"": [""pose"", ""gesture""], ""fps"": {""pose"": 10, ""gesture"": 23}, ""eff_fps"": {""pose"": 8, ""gesture"": 23}, ""latency_ms"": {""pose"": 0, ""gesture"": 0}, ""svclat_ms"": {""pose"": 97.13, ""gesture"": 29.26}}, ""a9"": {""services"": [""pose"", ""gesture""], ""fps"": {""pose"": 14, ""gesture"": 22}, ""eff_fps"": {""pose"": 14, ""gesture"": 22}, ""latency_ms"": {""pose"": 0, ""gesture"": 0}, ""svclat_ms"": {""pose"": 48.24, ""gesture"": 29.66}}, ""a10"": {""services"": [""pose"", ""gesture""], ""fps"": {""pose"": 12, ""gesture"": 30}, ""eff_fps"": {""pose"": 12, ""gesture"": 30}, ""latency_ms"": {""pose"": 0, ""gesture"": 0}, ""svclat_ms"": {""pose"": 37.13, ""gesture"": 14.72}}, ""a11"": {""services"": [""pose"", ""gesture""], ""fps"": {""pose"": 9, ""gesture"": 22}, ""eff_fps"": {""pose"": 9, ""gesture"": 22}, ""latency_ms"": {""pose"": 0, ""gesture"": 0}, ""svclat_ms"": {""pose"": 69.37, ""gesture"": 23.71}}, ""a12"": {""services"": [""pose"", ""gesture""], ""fps"": {""pose"": 14, ""gesture"": 30}, ""eff_fps"": {""pose"": 14, ""gesture"": 30}, ""latency_ms"": {""pose"": 0, ""gesture"": 0}, ""svclat_ms"": {""pose"": 47.03, ""gesture"": 18.52}}, ""z1"": {""services"": [""gesture"", ""object""], ""fps"": {""gesture"": 30, ""object"": 10}, ""eff_fps"": {""gesture"": 30, ""object"": 10}, ""latency_ms"": {""gesture"": 0, ""object"": 0}, ""svclat_ms"": {""gesture"": 17.29, ""object"": 58.99}}, ""z2"": {""services"": [""gesture"", ""object""], ""fps"": {""gesture"": 30, ""object"": 10}, ""eff_fps"": {""gesture"": 30, ""object"": 9}, ""latency_ms"": {""gesture"": 0, ""object"": 0}, ""svclat_ms"": {""gesture"": 15.09, ""object"": 96.15}}, ""z3"": {""services"": [""gesture"", ""object""], ""fps"": {""gesture"": 23, ""object"": 12}, ""eff_fps"": {""gesture"": 23, ""object"": 12}, ""latency_ms"": {""gesture"": 0, ""object"": 0}, ""svclat_ms"": {""gesture"": 37.19, ""object"": 55.18}}, ""z4"": {""services"": [""gesture"", ""object""], ""fps"": {""gesture"": 23, ""object"": 10}, ""eff_fps"": {""gesture"": 23, ""object"": 5}, ""latency_ms"": {""gesture"": 0, ""object"": 0}, ""svclat_ms"": {""gesture"": 22.68, ""object"": 99.27}}, ""z5"": {""services"": [""gesture"", ""object""], ""fps"": {""gesture"": 22, ""object"": 13}, ""eff_fps"": {""gesture"": 22, ""object"": 13}, ""latency_ms"": {""gesture"": 0, ""object"": 0}, ""svclat_ms"": {""gesture"": 22.13, ""object"": 23.37}}, ""z6"": {""services"": [""gesture"", ""object""], ""fps"": {""gesture"": 31, ""object"": 10}, ""eff_fps"": {""gesture"": 31, ""object"": 10}, ""latency_ms"": {""gesture"": 0, ""object"": 0}, ""svclat_ms"": {""gesture"": 15.76, ""object"": 72.98}}, ""z7"": {""services"": [""gesture"", ""object""], ""fps"": {""gesture"": 30, ""object"": 12}, ""eff_fps"": {""gesture"": 30, ""object"": 12}, ""latency_ms"": {""gesture"": 0, ""object"": 0}, ""svclat_ms"": {""gesture"": 18.44, ""object"": 44.37}}, ""z8"": {""services"": [""gesture"", ""object""], ""fps"": {""gesture"": 22, ""object"": 10}, ""eff_fps"": {""gesture"": 22, ""object"": 10}, ""latency_ms"": {""gesture"": 0, ""object"": 0}, ""svclat_ms"": {""gesture"": 33.4, ""object"": 87.82}}, ""z9"": {""services"": [""gesture"", ""object""], ""fps"": {""gesture"": 30, ""object"": 14}, ""eff_fps"": {""gesture"": 30, ""object"": 14}, ""latency_ms"": {""gesture"": 0, ""object"": 0}, ""svclat_ms"": {""gesture"": 16.62, ""object"": 29.15}}, ""z10"": {""services"": [""gesture"", ""object""], ""fps"": {""gesture"": 30, ""object"": 10}, ""eff_fps"": {""gesture"": 30, ""object"": 9}, ""latency_ms"": {""gesture"": 0, ""object"": 0}, ""svclat_ms"": {""gesture"": 17.49, ""object"": 91.59}}, ""z11"": {""services"": [""gesture"", ""object""], ""fps"": {""gesture"": 22, ""object"": 12}, ""eff_fps"": {""gesture"": 22, ""object"": 12}, ""latency_ms"": {""gesture"": 0, ""object"": 0}, ""svclat_ms"": {""gesture"": 26.07, ""object"": 38.65}}, ""z12"": {""services"": [""gesture"", ""object""], ""fps"": {""gesture"": 23, ""object"": 10}, ""eff_fps"": {""gesture"": 23, ""object"": 4}, ""latency_ms"": {""gesture"": 0, ""object"": 0}, ""svclat_ms"": {""gesture"": 21.75, ""object"": 99.77}}, ""b1"": {""services"": [""pose"", ""object""], ""fps"": {""pose"": 10, ""object"": 13}, ""eff_fps"": {""pose"": 6, ""object"": 13}, ""latency_ms"": {""pose"": 0, ""object"": 0}, ""svclat_ms"": {""pose"": 98.32, ""object"": 33.69}}, ""b2"": {""services"": [""pose"", ""object""], ""fps"": {""pose"": 12, ""object"": 12}, ""eff_fps"": {""pose"": 12, ""object"": 12}, ""latency_ms"": {""pose"": 0, ""object"": 0}, ""svclat_ms"": {""pose"": 41.99, ""object"": 41.74}}, ""b3"": {""services"": [""pose"", ""object""], ""fps"": {""pose"": 10, ""object"": 10}, ""eff_fps"": {""pose"": 10, ""object"": 10}, ""latency_ms"": {""pose"": 0, ""object"": 0}, ""svclat_ms"": {""pose"": 77.18, ""object"": 64.64}}, ""b4"": {""services"": [""pose"", ""object""], ""fps"": {""pose"": 13, ""object"": 14}, ""eff_fps"": {""pose"": 13, ""object"": 14}, ""latency_ms"": {""pose"": 0, ""object"": 0}, ""svclat_ms"": {""pose"": 47.16, ""object"": 35.01}}, ""b5"": {""services"": [""pose"", ""object""], ""fps"": {""pose"": 10, ""object"": 10}, ""eff_fps"": {""pose"": 7, ""object"": 9}, ""latency_ms"": {""pose"": 0, ""object"": 0}, ""svclat_ms"": {""pose"": 97.33, ""object"": 88.75}}, ""b6"": {""services"": [""pose"", ""object""], ""fps"": {""pose"": 10, ""object"": 10}, ""eff_fps"": {""pose"": 9, ""object"": 10}, ""latency_ms"": {""pose"": 0, ""object"": 0}, ""svclat_ms"": {""pose"": 77.42, ""object"": 72.59}}, ""b7"": {""services"": [""pose"", ""object""], ""fps"": {""pose"": 12, ""object"": 12}, ""eff_fps"": {""pose"": 12, ""object"": 12}, ""latency_ms"": {""pose"": 0, ""object"": 0}, ""svclat_ms"": {""pose"": 33.58, ""object"": 30.58}}, ""b8"": {""services"": [""pose"", ""object""], ""fps"": {""pose"": 14, ""object"": 14}, ""eff_fps"": {""pose"": 14, ""object"": 14}, ""latency_ms"": {""pose"": 0, ""object"": 0}, ""svclat_ms"": {""pose"": 51.99, ""object"": 24.76}}, ""b9"": {""services"": [""pose"", ""object""], ""fps"": {""pose"": 10, ""object"": 10}, ""eff_fps"": {""pose"": 8, ""object"": 8}, ""latency_ms"": {""pose"": 0, ""object"": 0}, ""svclat_ms"": {""pose"": 95.82, ""object"": 94.64}}, ""b10"": {""services"": [""pose"", ""object""], ""fps"": {""pose"": 10, ""object"": 10}, ""eff_fps"": {""pose"": 10, ""object"": 10}, ""latency_ms"": {""pose"": 0, ""object"": 0}, ""svclat_ms"": {""pose"": 59.89, ""object"": 78.42}}, ""b11"": {""services"": [""pose"", ""object""], ""fps"": {""pose"": 0, ""object"": 0}, ""eff_fps"": {""pose"": 0, ""object"": 0}, ""latency_ms"": {""pose"": 0, ""object"": 0}, ""svclat_ms"": {""pose"": 0.0, ""object"": 0.0}}, ""b12"": {""services"": [""pose"", ""object""], ""fps"": {""pose"": 0, ""object"": 0}, ""eff_fps"": {""pose"": 0, ""object"": 0}, ""latency_ms"": {""pose"": 0, ""object"": 0}, ""svclat_ms"": {""pose"": 0.0, ""object"": 0.0}}}"
193.2,36,35,0.972,0,0,11,15,15,1.0,1191.0,1130.0,0.949,0.0,0.43,0.0,10.21,26.46,10.21,6.79,26.46,7.92,0,0,0,80.49,21.61,76.22,1125,"{""ip-172-31-0-204"": ""healthy"", ""ip-172-31-1-171"": ""healthy"", ""ip-172-31-10-12"": ""healthy"", ""ip-172-31-11-132"": ""healthy"", ""ip-172-31-13-134"": ""healthy"", ""ip-172-31-14-68"": ""healthy"", ""ip-172-31-40-239"": ""healthy""}",subscribe,10.0,0.5381,0,0,"{""ip-172-31-0-204"": {""pose"": 1, ""gesture"": 1, ""object"": 1}, ""ip-172-31-1-171"": {""gesture"": 1, ""pose"": 1, ""object"": 1}, ""ip-172-31-10-12"": {""gesture"": 1, ""object"": 1, ""pose"": 1}, ""ip-172-31-11-132"": {""gesture"": 1}, ""ip-172-31-13-134"": {""gesture"": 1, ""pose"": 1}, ""ip-172-31-14-68"": {""gesture"": 1}, ""ip-172-31-40-239"": {""gesture"": 1, ""object"": 1}}","{""a1"": {""services"": [""pose"", ""gesture""], ""fps"": {""pose"": 10, ""gesture"": 23}, ""eff_fps"": {""pose"": 3, ""gesture"": 23}, ""latency_ms"": {""pose"": 0, ""gesture"": 0}, ""svclat_ms"": {""pose"": 101.99, ""gesture"": 24.64}}, ""a2"": {""services"": [""pose"", ""gesture""], ""fps"": {""pose"": 10, ""gesture"": 22}, ""eff_fps"": {""pose"": 5, ""gesture"": 22}, ""latency_ms"": {""pose"": 0, ""gesture"": 0}, ""svclat_ms"": {""pose"": 100.14, ""gesture"": 21.92}}, ""a3"": {""services"": [""pose"", ""gesture""], ""fps"": {""pose"": 9, ""gesture"": 23}, ""eff_fps"": {""pose"": 9, ""gesture"": 23}, ""latency_ms"": {""pose"": 0, ""gesture"": 0}, ""svclat_ms"": {""pose"": 81.86, ""gesture"": 28.21}}, ""a4"": {""services"": [""pose"", ""gesture""], ""fps"": {""pose"": 12, ""gesture"": 30}, ""eff_fps"": {""pose"": 12, ""gesture"": 30}, ""latency_ms"": {""pose"": 0, ""gesture"": 0}, ""svclat_ms"": {""pose"": 31.99, ""gesture"": 16.25}}, ""a5"": {""services"": [""pose"", ""gesture""], ""fps"": {""pose"": 10, ""gesture"": 31}, ""eff_fps"": {""pose"": 10, ""gesture"": 31}, ""latency_ms"": {""pose"": 0, ""gesture"": 0}, ""svclat_ms"": {""pose"": 82.38, ""gesture"": 18.88}}, ""a6"": {""services"": [""pose"", ""gesture""], ""fps"": {""pose"": 10, ""gesture"": 30}, ""eff_fps"": {""pose"": 2, ""gesture"": 30}, ""latency_ms"": {""pose"": 0, ""gesture"": 0}, ""svclat_ms"": {""pose"": 101.74, ""gesture"": 16.24}}, ""a7"": {""services"": [""pose"", ""gesture""], ""fps"": {""pose"": 9, ""gesture"": 30}, ""eff_fps"": {""pose"": 2, ""gesture"": 30}, ""latency_ms"": {""pose"": 0, ""gesture"": 0}, ""svclat_ms"": {""pose"": 102.85, ""gesture"": 19.91}}, ""a8"": {""services"": [""pose"", ""gesture""], ""fps"": {""pose"": 9, ""gesture"": 23}, ""eff_fps"": {""pose"": 3, ""gesture"": 23}, ""latency_ms"": {""pose"": 0, ""gesture"": 0}, ""svclat_ms"": {""pose"": 102.14, ""gesture"": 22.71}}, ""a9"": {""services"": [""pose"", ""gesture""], ""fps"": {""pose"": 11, ""gesture"": 23}, ""eff_fps"": {""pose"": 11, ""gesture"": 23}, ""latency_ms"": {""pose"": 0, ""gesture"": 0}, ""svclat_ms"": {""pose"": 49.35, ""gesture"": 24.82}}, ""a10"": {""services"": [""pose"", ""gesture""], ""fps"": {""pose"": 10, ""gesture"": 30}, ""eff_fps"": {""pose"": 10, ""gesture"": 30}, ""latency_ms"": {""pose"": 0, ""gesture"": 0}, ""svclat_ms"": {""pose"": 82.71, ""gesture"": 14.91}}, ""a11"": {""services"": [""pose"", ""gesture""], ""fps"": {""pose"": 10, ""gesture"": 23}, ""eff_fps"": {""pose"": 2, ""gesture"": 23}, ""latency_ms"": {""pose"": 0, ""gesture"": 0}, ""svclat_ms"": {""pose"": 103.0, ""gesture"": 33.51}}, ""a12"": {""services"": [""pose"", ""gesture""], ""fps"": {""pose"": 11, ""gesture"": 30}, ""eff_fps"": {""pose"": 11, ""gesture"": 30}, ""latency_ms"": {""pose"": 0, ""gesture"": 0}, ""svclat_ms"": {""pose"": 36.0, ""gesture"": 18.19}}, ""z1"": {""services"": [""gesture"", ""object""], ""fps"": {""gesture"": 30, ""object"": 11}, ""eff_fps"": {""gesture"": 30, ""object"": 9}, ""latency_ms"": {""gesture"": 0, ""object"": 0}, ""svclat_ms"": {""gesture"": 17.35, ""object"": 79.52}}, ""z2"": {""services"": [""gesture"", ""object""], ""fps"": {""gesture"": 30, ""object"": 10}, ""eff_fps"": {""gesture"": 30, ""object"": 4}, ""latency_ms"": {""gesture"": 0, ""object"": 0}, ""svclat_ms"": {""gesture"": 15.13, ""object"": 101.13}}, ""z3"": {""services"": [""gesture"", ""object""], ""fps"": {""gesture"": 22, ""object"": 10}, ""eff_fps"": {""gesture"": 22, ""object"": 7}, ""latency_ms"": {""gesture"": 0, ""object"": 0}, ""svclat_ms"": {""gesture"": 26.26, ""object"": 96.77}}, ""z4"": {""services"": [""gesture"", ""object""], ""fps"": {""gesture"": 23, ""object"": 9}, ""eff_fps"": {""gesture"": 23, ""object"": 3}, ""latency_ms"": {""gesture"": 0, ""object"": 0}, ""svclat_ms"": {""gesture"": 28.33, ""object"": 101.34}}, ""z5"": {""services"": [""gesture"", ""object""], ""fps"": {""gesture"": 23, ""object"": 11}, ""eff_fps"": {""gesture"": 23, ""object"": 11}, ""latency_ms"": {""gesture"": 0, ""object"": 0}, ""svclat_ms"": {""gesture"": 20.68, ""object"": 25.49}}, ""z6"": {""services"": [""gesture"", ""object""], ""fps"": {""gesture"": 30, ""object"": 10}, ""eff_fps"": {""gesture"": 30, ""object"": 6}, ""latency_ms"": {""gesture"": 0, ""object"": 0}, ""svclat_ms"": {""gesture"": 15.85, ""object"": 96.61}}, ""z7"": {""services"": [""gesture"", ""object""], ""fps"": {""gesture"": 30, ""object"": 10}, ""eff_fps"": {""gesture"": 30, ""object"": 10}, ""latency_ms"": {""gesture"": 0, ""object"": 0}, ""svclat_ms"": {""gesture"": 18.14, ""object"": 86.49}}, ""z8"": {""services"": [""gesture"", ""object""], ""fps"": {""gesture"": 23, ""object"": 9}, ""eff_fps"": {""gesture"": 23, ""object"": 5}, ""latency_ms"": {""gesture"": 0, ""object"": 0}, ""svclat_ms"": {""gesture"": 25.35, ""object"": 105.01}}, ""z9"": {""services"": [""gesture"", ""object""], ""fps"": {""gesture"": 30, ""object"": 11}, ""eff_fps"": {""gesture"": 30, ""object"": 11}, ""latency_ms"": {""gesture"": 0, ""object"": 0}, ""svclat_ms"": {""gesture"": 16.51, ""object"": 33.19}}, ""z10"": {""services"": [""gesture"", ""object""], ""fps"": {""gesture"": 30, ""object"": 10}, ""eff_fps"": {""gesture"": 30, ""object"": 3}, ""latency_ms"": {""gesture"": 0, ""object"": 0}, ""svclat_ms"": {""gesture"": 17.39, ""object"": 100.77}}, ""z11"": {""services"": [""gesture"", ""object""], ""fps"": {""gesture"": 23, ""object"": 10}, ""eff_fps"": {""gesture"": 23, ""object"": 10}, ""latency_ms"": {""gesture"": 0, ""object"": 0}, ""svclat_ms"": {""gesture"": 26.22, ""object"": 72.68}}, ""z12"": {""services"": [""gesture"", ""object""], ""fps"": {""gesture"": 23, ""object"": 10}, ""eff_fps"": {""gesture"": 23, ""object"": 6}, ""latency_ms"": {""gesture"": 0, ""object"": 0}, ""svclat_ms"": {""gesture"": 31.25, ""object"": 97.55}}, ""b1"": {""services"": [""pose"", ""object""], ""fps"": {""pose"": 10, ""object"": 12}, ""eff_fps"": {""pose"": 2, ""object"": 12}, ""latency_ms"": {""pose"": 0, ""object"": 0}, ""svclat_ms"": {""pose"": 102.06, ""object"": 36.5}}, ""b2"": {""services"": [""pose"", ""object""], ""fps"": {""pose"": 10, ""object"": 10}, ""eff_fps"": {""pose"": 9, ""object"": 9}, ""latency_ms"": {""pose"": 0, ""object"": 0}, ""svclat_ms"": {""pose"": 84.06, ""object"": 80.8}}, ""b3"": {""services"": [""pose"", ""object""], ""fps"": {""pose"": 9, ""object"": 10}, ""eff_fps"": {""pose"": 3, ""object"": 6}, ""latency_ms"": {""pose"": 0, ""object"": 0}, ""svclat_ms"": {""pose"": 101.86, ""object"": 95.3}}, ""b4"": {""services"": [""pose"", ""object""], ""fps"": {""pose"": 11, ""object"": 11}, ""eff_fps"": {""pose"": 11, ""object"": 11}, ""latency_ms"": {""pose"": 0, ""object"": 0}, ""svclat_ms"": {""pose"": 25.47, ""object"": 24.86}}, ""b5"": {""services"": [""pose"", ""object""], ""fps"": {""pose"": 10, ""object"": 10}, ""eff_fps"": {""pose"": 2, ""object"": 4}, ""latency_ms"": {""pose"": 0, ""object"": 0}, ""svclat_ms"": {""pose"": 102.31, ""object"": 100.78}}, ""b6"": {""services"": [""pose"", ""object""], ""fps"": {""pose"": 10, ""object"": 10}, ""eff_fps"": {""pose"": 4, ""object"": 10}, ""latency_ms"": {""pose"": 0, ""object"": 0}, ""svclat_ms"": {""pose"": 100.67, ""object"": 87.65}}, ""b7"": {""services"": [""pose"", ""object""], ""fps"": {""pose"": 10, ""object"": 10}, ""eff_fps"": {""pose"": 10, ""object"": 10}, ""latency_ms"": {""pose"": 0, ""object"": 0}, ""svclat_ms"": {""pose"": 72.85, ""object"": 83.86}}, ""b8"": {""services"": [""pose"", ""object""], ""fps"": {""pose"": 12, ""object"": 11}, ""eff_fps"": {""pose"": 12, ""object"": 11}, ""latency_ms"": {""pose"": 0, ""object"": 0}, ""svclat_ms"": {""pose"": 36.09, ""object"": 24.65}}, ""b9"": {""services"": [""pose"", ""object""], ""fps"": {""pose"": 10, ""object"": 10}, ""eff_fps"": {""pose"": 2, ""object"": 4}, ""latency_ms"": {""pose"": 0, ""object"": 0}, ""svclat_ms"": {""pose"": 103.05, ""object"": 99.09}}, ""b10"": {""services"": [""pose"", ""object""], ""fps"": {""pose"": 10, ""object"": 10}, ""eff_fps"": {""pose"": 6, ""object"": 8}, ""latency_ms"": {""pose"": 0, ""object"": 0}, ""svclat_ms"": {""pose"": 98.36, ""object"": 91.6}}, ""b11"": {""services"": [""pose"", ""object""], ""fps"": {""pose"": 10, ""object"": 9}, ""eff_fps"": {""pose"": 10, ""object"": 9}, ""latency_ms"": {""pose"": 0, ""object"": 0}, ""svclat_ms"": {""pose"": 73.79, ""object"": 79.32}}, ""b12"": {""services"": [""pose"", ""object""], ""fps"": {""pose"": 12, ""object"": 11}, ""eff_fps"": {""pose"": 12, ""object"": 11}, ""latency_ms"": {""pose"": 0, ""object"": 0}, ""svclat_ms"": {""pose"": 55.13, ""object"": 28.29}}}"
195.6,36,36,1.0,0,0,11,15,15,1.0,1191.0,1130.0,0.949,0.0,0.42,0.0,10.17,26.33,10.29,7.12,26.33,7.46,0,0,0,78.4,27.92,76.92,1123,"{""ip-172-31-0-204"": ""healthy"", ""ip-172-31-1-171"": ""healthy"", ""ip-172-31-10-12"": ""healthy"", ""ip-172-31-11-132"": ""healthy"", ""ip-172-31-13-134"": ""healthy"", ""ip-172-31-14-68"": ""healthy"", ""ip-172-31-40-239"": ""healthy""}",subscribe,9.2,0.5231,0,0,"{""ip-172-31-0-204"": {""pose"": 1, ""gesture"": 1, ""object"": 1}, ""ip-172-31-1-171"": {""gesture"": 1, ""pose"": 1, ""object"": 1}, ""ip-172-31-10-12"": {""gesture"": 1, ""object"": 1, ""pose"": 1}, ""ip-172-31-11-132"": {""gesture"": 1}, ""ip-172-31-13-134"": {""gesture"": 1, ""pose"": 1}, ""ip-172-31-14-68"": {""gesture"": 1}, ""ip-172-31-40-239"": {""gesture"": 1, ""object"": 1}}","{""a1"": {""services"": [""pose"", ""gesture""], ""fps"": {""pose"": 9, ""gesture"": 22}, ""eff_fps"": {""pose"": 2, ""gesture"": 22}, ""latency_ms"": {""pose"": 0, ""gesture"": 0}, ""svclat_ms"": {""pose"": 101.83, ""gesture"": 42.97}}, ""a2"": {""services"": [""pose"", ""gesture""], ""fps"": {""pose"": 10, ""gesture"": 22}, ""eff_fps"": {""pose"": 2, ""gesture"": 22}, ""latency_ms"": {""pose"": 0, ""gesture"": 0}, ""svclat_ms"": {""pose"": 102.84, ""gesture"": 36.17}}, ""a3"": {""services"": [""pose"", ""gesture""], ""fps"": {""pose"": 10, ""gesture"": 23}, ""eff_fps"": {""pose"": 10, ""gesture"": 23}, ""latency_ms"": {""pose"": 0, ""gesture"": 0}, ""svclat_ms"": {""pose"": 64.81, ""gesture"": 37.16}}, ""a4"": {""services"": [""pose"", ""gesture""], ""fps"": {""pose"": 12, ""gesture"": 30}, ""eff_fps"": {""pose"": 12, ""gesture"": 30}, ""latency_ms"": {""pose"": 0, ""gesture"": 0}, ""svclat_ms"": {""pose"": 32.38, ""gesture"": 15.98}}, ""a5"": {""services"": [""pose"", ""gesture""], ""fps"": {""pose"": 10, ""gesture"": 30}, ""eff_fps"": {""pose"": 10, ""gesture"": 30}, ""latency_ms"": {""pose"": 0, ""gesture"": 0}, ""svclat_ms"": {""pose"": 83.14, ""gesture"": 18.84}}, ""a6"": {""services"": [""pose"", ""gesture""], ""fps"": {""pose"": 10, ""gesture"": 30}, ""eff_fps"": {""pose"": 3, ""gesture"": 30}, ""latency_ms"": {""pose"": 0, ""gesture"": 0}, ""svclat_ms"": {""pose"": 103.41, ""gesture"": 16.23}}, ""a7"": {""services"": [""pose"", ""gesture""], ""fps"": {""pose"": 10, ""gesture"": 30}, ""eff_fps"": {""pose"": 3, ""gesture"": 30}, ""latency_ms"": {""pose"": 0, ""gesture"": 0}, ""svclat_ms"": {""pose"": 101.89, ""gesture"": 20.02}}, ""a8"": {""services"": [""pose"", ""gesture""], ""fps"": {""pose"": 10, ""gesture"": 22}, ""eff_fps"": {""pose"": 2, ""gesture"": 22}, ""latency_ms"": {""pose"": 0, ""gesture"": 0}, ""svclat_ms"": {""pose"": 102.24, ""gesture"": 36.15}}, ""a9"": {""services"": [""pose"", ""gesture""], ""fps"": {""pose"": 11, ""gesture"": 23}, ""eff_fps"": {""pose"": 11, ""gesture"": 23}, ""latency_ms"": {""pose"": 0, ""gesture"": 0}, ""svclat_ms"": {""pose"": 49.64, ""gesture"": 41.89}}, ""a10"": {""services"": [""pose"", ""gesture""], ""fps"": {""pose"": 10, ""gesture"": 30}, ""eff_fps"": {""pose"": 10, ""gesture"": 30}, ""latency_ms"": {""pose"": 0, ""gesture"": 0}, ""svclat_ms"": {""pose"": 87.6, ""gesture"": 14.82}}, ""a11"": {""services"": [""pose"", ""gesture""], ""fps"": {""pose"": 10, ""gesture"": 23}, ""eff_fps"": {""pose"": 8, ""gesture"": 23}, ""latency_ms"": {""pose"": 0, ""gesture"": 0}, ""svclat_ms"": {""pose"": 98.3, ""gesture"": 35.14}}, ""a12"": {""services"": [""pose"", ""gesture""], ""fps"": {""pose"": 12, ""gesture"": 30}, ""eff_fps"": {""pose"": 12, ""gesture"": 30}, ""latency_ms"": {""pose"": 0, ""gesture"": 0}, ""svclat_ms"": {""pose"": 37.7, ""gesture"": 18.47}}, ""z1"": {""services"": [""gesture"", ""object""], ""fps"": {""gesture"": 30, ""object"": 10}, ""eff_fps"": {""gesture"": 30, ""object"": 4}, ""latency_ms"": {""gesture"": 0, ""object"": 0}, ""svclat_ms"": {""gesture"": 17.3, ""object"": 100.68}}, ""z2"": {""services"": [""gesture"", ""object""], ""fps"": {""gesture"": 30, ""object"": 10}, ""eff_fps"": {""gesture"": 30, ""object"": 1}, ""latency_ms"": {""gesture"": 0, ""object"": 0}, ""svclat_ms"": {""gesture"": 15.1, ""object"": 102.23}}, ""z3"": {""services"": [""gesture"", ""object""], ""fps"": {""gesture"": 22, ""object"": 10}, ""eff_fps"": {""gesture"": 22, ""object"": 10}, ""latency_ms"": {""gesture"": 0, ""object"": 0}, ""svclat_ms"": {""gesture"": 43.65, ""object"": 90.46}}, ""z4"": {""services"": [""gesture"", ""object""], ""fps"": {""gesture"": 23, ""object"": 10}, ""eff_fps"": {""gesture"": 23, ""object"": 4}, ""latency_ms"": {""gesture"": 0, ""object"": 0}, ""svclat_ms"": {""gesture"": 35.38, ""object"": 101.12}}, ""z5"": {""services"": [""gesture"", ""object""], ""fps"": {""gesture"": 23, ""object"": 12}, ""eff_fps"": {""gesture"": 23, ""object"": 12}, ""latency_ms"": {""gesture"": 0, ""object"": 0}, ""svclat_ms"": {""gesture"": 38.19, ""object"": 25.44}}, ""z6"": {""services"": [""gesture"", ""object""], ""fps"": {""gesture"": 30, ""object"": 10}, ""eff_fps"": {""gesture"": 30, ""object"": 5}, ""latency_ms"": {""gesture"": 0, ""object"": 0}, ""svclat_ms"": {""gesture"": 16.15, ""object"": 100.68}}, ""z7"": {""services"": [""gesture"", ""object""], ""fps"": {""gesture"": 30, ""object"": 10}, ""eff_fps"": {""gesture"": 30, ""object"": 10}, ""latency_ms"": {""gesture"": 0, ""object"": 0}, ""svclat_ms"": {""gesture"": 18.47, ""object"": 86.69}}, ""z8"": {""services"": [""gesture"", ""object""], ""fps"": {""gesture"": 23, ""object"": 10}, ""eff_fps"": {""gesture"": 23, ""object"": 10}, ""latency_ms"": {""gesture"": 0, ""object"": 0}, ""svclat_ms"": {""gesture"": 43.49, ""object"": 86.12}}, ""z9"": {""services"": [""gesture"", ""object""], ""fps"": {""gesture"": 30, ""object"": 12}, ""eff_fps"": {""gesture"": 30, ""object"": 12}, ""latency_ms"": {""gesture"": 0, ""object"": 0}, ""svclat_ms"": {""gesture"": 16.41, ""object"": 30.76}}, ""z10"": {""services"": [""gesture"", ""object""], ""fps"": {""gesture"": 30, ""object"": 9}, ""eff_fps"": {""gesture"": 30, ""object"": 1}, ""latency_ms"": {""gesture"": 0, ""object"": 0}, ""svclat_ms"": {""gesture"": 17.64, ""object"": 102.33}}, ""z11"": {""services"": [""gesture"", ""object""], ""fps"": {""gesture"": 23, ""object"": 10}, ""eff_fps"": {""gesture"": 23, ""object"": 10}, ""latency_ms"": {""gesture"": 0, ""object"": 0}, ""svclat_ms"": {""gesture"": 38.84, ""object"": 81.11}}, ""z12"": {""services"": [""gesture"", ""object""], ""fps"": {""gesture"": 23, ""object"": 10}, ""eff_fps"": {""gesture"": 23, ""object"": 3}, ""latency_ms"": {""gesture"": 0, ""object"": 0}, ""svclat_ms"": {""gesture"": 35.69, ""object"": 100.62}}, ""b1"": {""services"": [""pose"", ""object""], ""fps"": {""pose"": 10, ""object"": 12}, ""eff_fps"": {""pose"": 4, ""object"": 12}, ""latency_ms"": {""pose"": 0, ""object"": 0}, ""svclat_ms"": {""pose"": 98.59, ""object"": 36.13}}, ""b2"": {""services"": [""pose"", ""object""], ""fps"": {""pose"": 10, ""object"": 10}, ""eff_fps"": {""pose"": 10, ""object"": 10}, ""latency_ms"": {""pose"": 0, ""object"": 0}, ""svclat_ms"": {""pose"": 53.29, ""object"": 77.99}}, ""b3"": {""services"": [""pose"", ""object""], ""fps"": {""pose"": 10, ""object"": 10}, ""eff_fps"": {""pose"": 7, ""object"": 8}, ""latency_ms"": {""pose"": 0, ""object"": 0}, ""svclat_ms"": {""pose"": 97.69, ""object"": 95.39}}, ""b4"": {""services"": [""pose"", ""object""], ""fps"": {""pose"": 12, ""object"": 11}, ""eff_fps"": {""pose"": 12, ""object"": 11}, ""latency_ms"": {""pose"": 0, ""object"": 0}, ""svclat_ms"": {""pose"": 27.4, ""object"": 23.48}}, ""b5"": {""services"": [""pose"", ""object""], ""fps"": {""pose"": 9, ""object"": 10}, ""eff_fps"": {""pose"": 4, ""object"": 2}, ""latency_ms"": {""pose"": 0, ""object"": 0}, ""svclat_ms"": {""pose"": 102.27, ""object"": 102.47}}, ""b6"": {""services"": [""pose"", ""object""], ""fps"": {""pose"": 9, ""object"": 9}, ""eff_fps"": {""pose"": 2, ""object"": 5}, ""latency_ms"": {""pose"": 0, ""object"": 0}, ""svclat_ms"": {""pose"": 102.41, ""object"": 95.61}}, ""b7"": {""services"": [""pose"", ""object""], ""fps"": {""pose"": 10, ""object"": 10}, ""eff_fps"": {""pose"": 10, ""object"": 10}, ""latency_ms"": {""pose"": 0, ""object"": 0}, ""svclat_ms"": {""pose"": 72.18, ""object"": 82.73}}, ""b8"": {""services"": [""pose"", ""object""], ""fps"": {""pose"": 12, ""object"": 12}, ""eff_fps"": {""pose"": 12, ""object"": 12}, ""latency_ms"": {""pose"": 0, ""object"": 0}, ""svclat_ms"": {""pose"": 41.54, ""object"": 23.91}}, ""b9"": {""services"": [""pose"", ""object""], ""fps"": {""pose"": 9, ""object"": 10}, ""eff_fps"": {""pose"": 2, ""object"": 2}, ""latency_ms"": {""pose"": 0, ""object"": 0}, ""svclat_ms"": {""pose"": 102.42, ""object"": 101.71}}, ""b10"": {""services"": [""pose"", ""object""], ""fps"": {""pose"": 9, ""object"": 9}, ""eff_fps"": {""pose"": 3, ""object"": 4}, ""latency_ms"": {""pose"": 0, ""object"": 0}, ""svclat_ms"": {""pose"": 102.38, ""object"": 97.41}}, ""b11"": {""services"": [""pose"", ""object""], ""fps"": {""pose"": 9, ""object"": 10}, ""eff_fps"": {""pose"": 9, ""object"": 10}, ""latency_ms"": {""pose"": 0, ""object"": 0}, ""svclat_ms"": {""pose"": 60.07, ""object"": 72.45}}, ""b12"": {""services"": [""pose"", ""object""], ""fps"": {""pose"": 11, ""object"": 11}, ""eff_fps"": {""pose"": 11, ""object"": 11}, ""latency_ms"": {""pose"": 0, ""object"": 0}, ""svclat_ms"": {""pose"": 55.64, ""object"": 28.49}}}"
198.0,36,36,1.0,0,0,11,15,15,1.0,1191.0,1130.0,0.949,0.0,0.42,0.0,10.17,26.42,10.17,6.21,26.42,6.42,0,0,0,84.49,26.54,82.25,1122,"{""ip-172-31-0-204"": ""healthy"", ""ip-172-31-1-171"": ""healthy"", ""ip-172-31-10-12"": ""healthy"", ""ip-172-31-11-132"": ""healthy"", ""ip-172-31-13-134"": ""healthy"", ""ip-172-31-14-68"": ""healthy"", ""ip-172-31-40-239"": ""healthy""}",subscribe,9.2,0.5231,0,0,"{""ip-172-31-0-204"": {""pose"": 1, ""gesture"": 1, ""object"": 1}, ""ip-172-31-1-171"": {""gesture"": 1, ""pose"": 1, ""object"": 1}, ""ip-172-31-10-12"": {""gesture"": 1, ""object"": 1, ""pose"": 1}, ""ip-172-31-11-132"": {""gesture"": 1}, ""ip-172-31-13-134"": {""gesture"": 1, ""pose"": 1}, ""ip-172-31-14-68"": {""gesture"": 1}, ""ip-172-31-40-239"": {""gesture"": 1, ""object"": 1}}","{""a1"": {""services"": [""pose"", ""gesture""], ""fps"": {""pose"": 9, ""gesture"": 22}, ""eff_fps"": {""pose"": 2, ""gesture"": 22}, ""latency_ms"": {""pose"": 0, ""gesture"": 0}, ""svclat_ms"": {""pose"": 101.58, ""gesture"": 42.84}}, ""a2"": {""services"": [""pose"", ""gesture""], ""fps"": {""pose"": 9, ""gesture"": 23}, ""eff_fps"": {""pose"": 2, ""gesture"": 23}, ""latency_ms"": {""pose"": 0, ""gesture"": 0}, ""svclat_ms"": {""pose"": 102.31, ""gesture"": 32.18}}, ""a3"": {""services"": [""pose"", ""gesture""], ""fps"": {""pose"": 10, ""gesture"": 24}, ""eff_fps"": {""pose"": 10, ""gesture"": 24}, ""latency_ms"": {""pose"": 0, ""gesture"": 0}, ""svclat_ms"": {""pose"": 85.13, ""gesture"": 35.61}}, ""a4"": {""services"": [""pose"", ""gesture""], ""fps"": {""pose"": 12, ""gesture"": 30}, ""eff_fps"": {""pose"": 12, ""gesture"": 30}, ""latency_ms"": {""pose"": 0, ""gesture"": 0}, ""svclat_ms"": {""pose"": 30.77, ""gesture"": 16.43}}, ""a5"": {""services"": [""pose"", ""gesture""], ""fps"": {""pose"": 10, ""gesture"": 30}, ""eff_fps"": {""pose"": 3, ""gesture"": 30}, ""latency_ms"": {""pose"": 0, ""gesture"": 0}, ""svclat_ms"": {""pose"": 102.3, ""gesture"": 19.57}}, ""a6"": {""services"": [""pose"", ""gesture""], ""fps"": {""pose"": 9, ""gesture"": 30}, ""eff_fps"": {""pose"": 3, ""gesture"": 30}, ""latency_ms"": {""pose"": 0, ""gesture"": 0}, ""svclat_ms"": {""pose"": 103.67, ""gesture"": 16.08}}, ""a7"": {""services"": [""pose"", ""gesture""], ""fps"": {""pose"": 10, ""gesture"": 30}, ""eff_fps"": {""pose"": 2, ""gesture"": 30}, ""latency_ms"": {""pose"": 0, ""gesture"": 0}, ""svclat_ms"": {""pose"": 102.78, ""gesture"": 19.57}}, ""a8"": {""services"": [""pose"", ""gesture""], ""fps"": {""pose"": 10, ""gesture"": 23}, ""eff_fps"": {""pose"": 3, ""gesture"": 23}, ""latency_ms"": {""pose"": 0, ""gesture"": 0}, ""svclat_ms"": {""pose"": 101.45, ""gesture"": 23.41}}, ""a9"": {""services"": [""pose"", ""gesture""], ""fps"": {""pose"": 11, ""gesture"": 22}, ""eff_fps"": {""pose"": 11, ""gesture"": 22}, ""latency_ms"": {""pose"": 0, ""gesture"": 0}, ""svclat_ms"": {""pose"": 47.57, ""gesture"": 44.02}}, ""a10"": {""services"": [""pose"", ""gesture""], ""fps"": {""pose"": 10, ""gesture"": 30}, ""eff_fps"": {""pose"": 9, ""gesture"": 30}, ""latency_ms"": {""pose"": 0, ""gesture"": 0}, ""svclat_ms"": {""pose"": 92.85, ""gesture"": 15.24}}, ""a11"": {""services"": [""pose"", ""gesture""], ""fps"": {""pose"": 10, ""gesture"": 23}, ""eff_fps"": {""pose"": 4, ""gesture"": 23}, ""latency_ms"": {""pose"": 0, ""gesture"": 0}, ""svclat_ms"": {""pose"": 102.51, ""gesture"": 33.25}}, ""a12"": {""services"": [""pose"", ""gesture""], ""fps"": {""pose"": 12, ""gesture"": 30}, ""eff_fps"": {""pose"": 12, ""gesture"": 30}, ""latency_ms"": {""pose"": 0, ""gesture"": 0}, ""svclat_ms"": {""pose"": 39.5, ""gesture"": 18.31}}, ""z1"": {""services"": [""gesture"", ""object""], ""fps"": {""gesture"": 30, ""object"": 10}, ""eff_fps"": {""gesture"": 30, ""object"": 3}, ""latency_ms"": {""gesture"": 0, ""object"": 0}, ""svclat_ms"": {""gesture"": 17.83, ""object"": 101.9}}, ""z2"": {""services"": [""gesture"", ""object""], ""fps"": {""gesture"": 30, ""object"": 10}, ""eff_fps"": {""gesture"": 30, ""object"": 5}, ""latency_ms"": {""gesture"": 0, ""object"": 0}, ""svclat_ms"": {""gesture"": 14.82, ""object"": 100.87}}, ""z3"": {""services"": [""gesture"", ""object""], ""fps"": {""gesture"": 22, ""object"": 9}, ""eff_fps"": {""gesture"": 22, ""object"": 5}, ""latency_ms"": {""gesture"": 0, ""object"": 0}, ""svclat_ms"": {""gesture"": 42.85, ""object"": 102.22}}, ""z4"": {""services"": [""gesture"", ""object""], ""fps"": {""gesture"": 23, ""object"": 9}, ""eff_fps"": {""gesture"": 23, ""object"": 2}, ""latency_ms"": {""gesture"": 0, ""object"": 0}, ""svclat_ms"": {""gesture"": 32.53, ""object"": 103.24}}, ""z5"": {""services"": [""gesture"", ""object""], ""fps"": {""gesture"": 23, ""object"": 11}, ""eff_fps"": {""gesture"": 23, ""object"": 11}, ""latency_ms"": {""gesture"": 0, ""object"": 0}, ""svclat_ms"": {""gesture"": 33.98, ""object"": 26.62}}, ""z6"": {""services"": [""gesture"", ""object""], ""fps"": {""gesture"": 30, ""object"": 10}, ""eff_fps"": {""gesture"": 30, ""object"": 5}, ""latency_ms"": {""gesture"": 0, ""object"": 0}, ""svclat_ms"": {""gesture"": 15.83, ""object"": 100.95}}, ""z7"": {""services"": [""gesture"", ""object""], ""fps"": {""gesture"": 30, ""object"": 9}, ""eff_fps"": {""gesture"": 30, ""object"": 7}, ""latency_ms"": {""gesture"": 0, ""object"": 0}, ""svclat_ms"": {""gesture"": 18.49, ""object"": 96.22}}, ""z8"": {""services"": [""gesture"", ""object""], ""fps"": {""gesture"": 23, ""object"": 10}, ""eff_fps"": {""gesture"": 23, ""object"": 6}, ""latency_ms"": {""gesture"": 0, ""object"": 0}, ""svclat_ms"": {""gesture"": 43.39, ""object"": 101.63}}, ""z9"": {""services"": [""gesture"", ""object""], ""fps"": {""gesture"": 30, ""object"": 12}, ""eff_fps"": {""gesture"": 30, ""object"": 12}, ""latency_ms"": {""gesture"": 0, ""object"": 0}, ""svclat_ms"": {""gesture"": 16.3, ""object"": 33.19}}, ""z10"": {""services"": [""gesture"", ""object""], ""fps"": {""gesture"": 30, ""object"": 10}, ""eff_fps"": {""gesture"": 30, ""object"": 4}, ""latency_ms"": {""gesture"": 0, ""object"": 0}, ""svclat_ms"": {""gesture"": 17.82, ""object"": 101.77}}, ""z11"": {""services"": [""gesture"", ""object""], ""fps"": {""gesture"": 23, ""object"": 10}, ""eff_fps"": {""gesture"": 23, ""object"": 8}, ""latency_ms"": {""gesture"": 0, ""object"": 0}, ""svclat_ms"": {""gesture"": 34.9, ""object"": 92.04}}, ""z12"": {""services"": [""gesture"", ""object""], ""fps"": {""gesture"": 23, ""object"": 9}, ""eff_fps"": {""gesture"": 23, ""object"": 2}, ""latency_ms"": {""gesture"": 0, ""object"": 0}, ""svclat_ms"": {""gesture"": 31.75, ""object"": 102.05}}, ""b1"": {""services"": [""pose"", ""object""], ""fps"": {""pose"": 10, ""object"": 11}, ""eff_fps"": {""pose"": 4, ""object"": 11}, ""latency_ms"": {""pose"": 0, ""object"": 0}, ""svclat_ms"": {""pose"": 99.77, ""object"": 37.93}}, ""b2"": {""services"": [""pose"", ""object""], ""fps"": {""pose"": 9, ""object"": 9}, ""eff_fps"": {""pose"": 9, ""object"": 5}, ""latency_ms"": {""pose"": 0, ""object"": 0}, ""svclat_ms"": {""pose"": 85.62, ""object"": 93.13}}, ""b3"": {""services"": [""pose"", ""object""], ""fps"": {""pose"": 9, ""object"": 10}, ""eff_fps"": {""pose"": 3, ""object"": 5}, ""latency_ms"": {""pose"": 0, ""object"": 0}, ""svclat_ms"": {""pose"": 102.74, ""object"": 97.98}}, ""b4"": {""services"": [""pose"", ""object""], ""fps"": {""pose"": 12, ""object"": 12}, ""eff_fps"": {""pose"": 12, ""object"": 12}, ""latency_ms"": {""pose"": 0, ""object"": 0}, ""svclat_ms"": {""pose"": 29.45, ""object"": 25.29}}, ""b5"": {""services"": [""pose"", ""object""], ""fps"": {""pose"": 10, ""object"": 10}, ""eff_fps"": {""pose"": 4, ""object"": 5}, ""latency_ms"": {""pose"": 0, ""object"": 0}, ""svclat_ms"": {""pose"": 102.02, ""object"": 101.22}}, ""b6"": {""services"": [""pose"", ""object""], ""fps"": {""pose"": 10, ""object"": 10}, ""eff_fps"": {""pose"": 3, ""object"": 2}, ""latency_ms"": {""pose"": 0, ""object"": 0}, ""svclat_ms"": {""pose"": 101.97, ""object"": 101.97}}, ""b7"": {""services"": [""pose"", ""object""], ""fps"": {""pose"": 10, ""object"": 10}, ""eff_fps"": {""pose"": 7, ""object"": 5}, ""latency_ms"": {""pose"": 0, ""object"": 0}, ""svclat_ms"": {""pose"": 95.54, ""object"": 102.72}}, ""b8"": {""services"": [""pose"", ""object""], ""fps"": {""pose"": 11, ""object"": 12}, ""eff_fps"": {""pose"": 11, ""object"": 12}, ""latency_ms"": {""pose"": 0, ""object"": 0}, ""svclat_ms"": {""pose"": 38.64, ""object"": 25.92}}, ""b9"": {""services"": [""pose"", ""object""], ""fps"": {""pose"": 10, ""object"": 9}, ""eff_fps"": {""pose"": 1, ""object"": 2}, ""latency_ms"": {""pose"": 0, ""object"": 0}, ""svclat_ms"": {""pose"": 102.25, ""object"": 102.28}}, ""b10"": {""services"": [""pose"", ""object""], ""fps"": {""pose"": 10, ""object"": 10}, ""eff_fps"": {""pose"": 6, ""object"": 8}, ""latency_ms"": {""pose"": 0, ""object"": 0}, ""svclat_ms"": {""pose"": 101.78, ""object"": 91.02}}, ""b11"": {""services"": [""pose"", ""object""], ""fps"": {""pose"": 10, ""object"": 10}, ""eff_fps"": {""pose"": 5, ""object"": 5}, ""latency_ms"": {""pose"": 0, ""object"": 0}, ""svclat_ms"": {""pose"": 97.5, ""object"": 102.04}}, ""b12"": {""services"": [""pose"", ""object""], ""fps"": {""pose"": 11, ""object"": 12}, ""eff_fps"": {""pose"": 11, ""object"": 12}, ""latency_ms"": {""pose"": 0, ""object"": 0}, ""svclat_ms"": {""pose"": 58.09, ""object"": 29.75}}}"
200.4,36,36,1.0,0,0,11,15,15,1.0,1191.0,1130.0,0.949,0.0,0.42,0.0,10.21,26.42,10.12,5.33,26.42,5.0,0,0,0,88.66,22.43,84.11,1122,"{""ip-172-31-0-204"": ""healthy"", ""ip-172-31-1-171"": ""healthy"", ""ip-172-31-10-12"": ""healthy"", ""ip-172-31-11-132"": ""healthy"", ""ip-172-31-13-134"": ""healthy"", ""ip-172-31-14-68"": ""healthy"", ""ip-172-31-40-239"": ""healthy""}",subscribe,9.2,0.5231,0,0,"{""ip-172-31-0-204"": {""pose"": 1, ""gesture"": 1, ""object"": 1}, ""ip-172-31-1-171"": {""gesture"": 1, ""pose"": 1, ""object"": 1}, ""ip-172-31-10-12"": {""gesture"": 1, ""object"": 1, ""pose"": 1}, ""ip-172-31-11-132"": {""gesture"": 1}, ""ip-172-31-13-134"": {""gesture"": 1, ""pose"": 1}, ""ip-172-31-14-68"": {""gesture"": 1}, ""ip-172-31-40-239"": {""gesture"": 1, ""object"": 1}}","{""a1"": {""services"": [""pose"", ""gesture""], ""fps"": {""pose"": 9, ""gesture"": 23}, ""eff_fps"": {""pose"": 2, ""gesture"": 23}, ""latency_ms"": {""pose"": 0, ""gesture"": 0}, ""svclat_ms"": {""pose"": 104.36, ""gesture"": 24.37}}, ""a2"": {""services"": [""pose"", ""gesture""], ""fps"": {""pose"": 10, ""gesture"": 23}, ""eff_fps"": {""pose"": 8, ""gesture"": 23}, ""latency_ms"": {""pose"": 0, ""gesture"": 0}, ""svclat_ms"": {""pose"": 98.1, ""gesture"": 30.5}}, ""a3"": {""services"": [""pose"", ""gesture""], ""fps"": {""pose"": 10, ""gesture"": 23}, ""eff_fps"": {""pose"": 5, ""gesture"": 23}, ""latency_ms"": {""pose"": 0, ""gesture"": 0}, ""svclat_ms"": {""pose"": 101.51, ""gesture"": 29.8}}, ""a4"": {""services"": [""pose"", ""gesture""], ""fps"": {""pose"": 11, ""gesture"": 30}, ""eff_fps"": {""pose"": 11, ""gesture"": 30}, ""latency_ms"": {""pose"": 0, ""gesture"": 0}, ""svclat_ms"": {""pose"": 45.11, ""gesture"": 16.33}}, ""a5"": {""services"": [""pose"", ""gesture""], ""fps"": {""pose"": 10, ""gesture"": 30}, ""eff_fps"": {""pose"": 2, ""gesture"": 30}, ""latency_ms"": {""pose"": 0, ""gesture"": 0}, ""svclat_ms"": {""pose"": 102.38, ""gesture"": 18.57}}, ""a6"": {""services"": [""pose"", ""gesture""], ""fps"": {""pose"": 10, ""gesture"": 30}, ""eff_fps"": {""pose"": 7, ""gesture"": 30}, ""latency_ms"": {""pose"": 0, ""gesture"": 0}, ""svclat_ms"": {""pose"": 98.98, ""gesture"": 15.9}}, ""a7"": {""services"": [""pose"", ""gesture""], ""fps"": {""pose"": 10, ""gesture"": 30}, ""eff_fps"": {""pose"": 1, ""gesture"": 30}, ""latency_ms"": {""pose"": 0, ""gesture"": 0}, ""svclat_ms"": {""pose"": 103.89, ""gesture"": 19.73}}, ""a8"": {""services"": [""pose"", ""gesture""], ""fps"": {""pose"": 9, ""gesture"": 23}, ""eff_fps"": {""pose"": 2, ""gesture"": 23}, ""latency_ms"": {""pose"": 0, ""gesture"": 0}, ""svclat_ms"": {""pose"": 104.33, ""gesture"": 23.98}}, ""a9"": {""services"": [""pose"", ""gesture""], ""fps"": {""pose"": 11, ""gesture"": 23}, ""eff_fps"": {""pose"": 11, ""gesture"": 23}, ""latency_ms"": {""pose"": 0, ""gesture"": 0}, ""svclat_ms"": {""pose"": 60.22, ""gesture"": 22.74}}, ""a10"": {""services"": [""pose"", ""gesture""], ""fps"": {""pose"": 10, ""gesture"": 30}, ""eff_fps"": {""pose"": 1, ""gesture"": 30}, ""latency_ms"": {""pose"": 0, ""gesture"": 0}, ""svclat_ms"": {""pose"": 102.72, ""gesture"": 14.92}}, ""a11"": {""services"": [""pose"", ""gesture""], ""fps"": {""pose"": 10, ""gesture"": 22}, ""eff_fps"": {""pose"": 5, ""gesture"": 22}, ""latency_ms"": {""pose"": 0, ""gesture"": 0}, ""svclat_ms"": {""pose"": 99.84, ""gesture"": 34.76}}, ""a12"": {""services"": [""pose"", ""gesture""], ""fps"": {""pose"": 12, ""gesture"": 30}, ""eff_fps"": {""pose"": 12, ""gesture"": 30}, ""latency_ms"": {""pose"": 0, ""gesture"": 0}, ""svclat_ms"": {""pose"": 45.86, ""gesture"": 18.93}}, ""z1"": {""services"": [""gesture"", ""object""], ""fps"": {""gesture"": 30, ""object"": 10}, ""eff_fps"": {""gesture"": 30, ""object"": 4}, ""latency_ms"": {""gesture"": 0, ""object"": 0}, ""svclat_ms"": {""gesture"": 17.79, ""object"": 101.98}}, ""z2"": {""services"": [""gesture"", ""object""], ""fps"": {""gesture"": 30, ""object"": 10}, ""eff_fps"": {""gesture"": 30, ""object"": 1}, ""latency_ms"": {""gesture"": 0, ""object"": 0}, ""svclat_ms"": {""gesture"": 14.91, ""object"": 104.24}}, ""z3"": {""services"": [""gesture"", ""object""], ""fps"": {""gesture"": 23, ""object"": 10}, ""eff_fps"": {""gesture"": 23, ""object"": 4}, ""latency_ms"": {""gesture"": 0, ""object"": 0}, ""svclat_ms"": {""gesture"": 23.94, ""object"": 101.14}}, ""z4"": {""services"": [""gesture"", ""object""], ""fps"": {""gesture"": 23, ""object"": 10}, ""eff_fps"": {""gesture"": 23, ""object"": 0}, ""latency_ms"": {""gesture"": 0, ""object"": 0}, ""svclat_ms"": {""gesture"": 27.08, ""object"": 105.33}}, ""z5"": {""services"": [""gesture"", ""object""], ""fps"": {""gesture"": 23, ""object"": 11}, ""eff_fps"": {""gesture"": 23, ""object"": 11}, ""latency_ms"": {""gesture"": 0, ""object"": 0}, ""svclat_ms"": {""gesture"": 33.98, ""object"": 24.75}}, ""z6"": {""services"": [""gesture"", ""object""], ""fps"": {""gesture"": 30, ""object"": 10}, ""eff_fps"": {""gesture"": 30, ""object"": 4}, ""latency_ms"": {""gesture"": 0, ""object"": 0}, ""svclat_ms"": {""gesture"": 15.99, ""object"": 101.5}}, ""z7"": {""services"": [""gesture"", ""object""], ""fps"": {""gesture"": 30, ""object"": 10}, ""eff_fps"": {""gesture"": 30, ""object"": 3}, ""latency_ms"": {""gesture"": 0, ""object"": 0}, ""svclat_ms"": {""gesture"": 18.64, ""object"": 101.99}}, ""z8"": {""services"": [""gesture"", ""object""], ""fps"": {""gesture"": 22, ""object"": 10}, ""eff_fps"": {""gesture"": 22, ""object"": 4}, ""latency_ms"": {""gesture"": 0, ""object"": 0}, ""svclat_ms"": {""gesture"": 22.78, ""object"": 101.54}}, ""z9"": {""services"": [""gesture"", ""object""], ""fps"": {""gesture"": 30, ""object"": 11}, ""eff_fps"": {""gesture"": 30, ""object"": 11}, ""latency_ms"": {""gesture"": 0, ""object"": 0}, ""svclat_ms"": {""gesture"": 16.3, ""object"": 32.07}}, ""z10"": {""services"": [""gesture"", ""object""], ""fps"": {""gesture"": 30, ""object"": 10}, ""eff_fps"": {""gesture"": 30, ""object"": 1}, ""latency_ms"": {""gesture"": 0, ""object"": 0}, ""svclat_ms"": {""gesture"": 17.6, ""object"": 104.25}}, ""z11"": {""services"": [""gesture"", ""object""], ""fps"": {""gesture"": 23, ""object"": 10}, ""eff_fps"": {""gesture"": 23, ""object"": 4}, ""latency_ms"": {""gesture"": 0, ""object"": 0}, ""svclat_ms"": {""gesture"": 32.97, ""object"": 101.76}}, ""z12"": {""services"": [""gesture"", ""object""], ""fps"": {""gesture"": 23, ""object"": 9}, ""eff_fps"": {""gesture"": 23, ""object"": 1}, ""latency_ms"": {""gesture"": 0, ""object"": 0}, ""svclat_ms"": {""gesture"": 25.93, ""object"": 105.6}}, ""b1"": {""services"": [""pose"", ""object""], ""fps"": {""pose"": 10, ""object"": 11}, ""eff_fps"": {""pose"": 1, ""object"": 11}, ""latency_ms"": {""pose"": 0, ""object"": 0}, ""svclat_ms"": {""pose"": 105.29, ""object"": 34.58}}, ""b2"": {""services"": [""pose"", ""object""], ""fps"": {""pose"": 10, ""object"": 10}, ""eff_fps"": {""pose"": 2, ""object"": 3}, ""latency_ms"": {""pose"": 0, ""object"": 0}, ""svclat_ms"": {""pose"": 102.69, ""object"": 102.5}}, ""b3"": {""services"": [""pose"", ""object""], ""fps"": {""pose"": 10, ""object"": 10}, ""eff_fps"": {""pose"": 6, ""object"": 4}, ""latency_ms"": {""pose"": 0, ""object"": 0}, ""svclat_ms"": {""pose"": 99.18, ""object"": 103.05}}, ""b4"": {""services"": [""pose"", ""object""], ""fps"": {""pose"": 12, ""object"": 11}, ""eff_fps"": {""pose"": 12, ""object"": 11}, ""latency_ms"": {""pose"": 0, ""object"": 0}, ""svclat_ms"": {""pose"": 34.57, ""object"": 24.13}}, ""b5"": {""services"": [""pose"", ""object""], ""fps"": {""pose"": 9, ""object"": 10}, ""eff_fps"": {""pose"": 1, ""object"": 1}, ""latency_ms"": {""pose"": 0, ""object"": 0}, ""svclat_ms"": {""pose"": 104.38, ""object"": 104.21}}, ""b6"": {""services"": [""pose"", ""object""], ""fps"": {""pose"": 10, ""object"": 10}, ""eff_fps"": {""pose"": 7, ""object"": 4}, ""latency_ms"": {""pose"": 0, ""object"": 0}, ""svclat_ms"": {""pose"": 98.63, ""object"": 101.26}}, ""b7"": {""services"": [""pose"", ""object""], ""fps"": {""pose"": 10, ""object"": 10}, ""eff_fps"": {""pose"": 2, ""object"": 4}, ""latency_ms"": {""pose"": 0, ""object"": 0}, ""svclat_ms"": {""pose"": 102.53, ""object"": 101.71}}, ""b8"": {""services"": [""pose"", ""object""], ""fps"": {""pose"": 11, ""object"": 11}, ""eff_fps"": {""pose"": 11, ""object"": 11}, ""latency_ms"": {""pose"": 0, ""object"": 0}, ""svclat_ms"": {""pose"": 44.27, ""object"": 25.56}}, ""b9"": {""services"": [""pose"", ""object""], ""fps"": {""pose"": 10, ""object"": 10}, ""eff_fps"": {""pose"": 1, ""object"": 1}, ""latency_ms"": {""pose"": 0, ""object"": 0}, ""svclat_ms"": {""pose"": 103.8, ""object"": 103.98}}, ""b10"": {""services"": [""pose"", ""object""], ""fps"": {""pose"": 10, ""object"": 9}, ""eff_fps"": {""pose"": 6, ""object"": 3}, ""latency_ms"": {""pose"": 0, ""object"": 0}, ""svclat_ms"": {""pose"": 97.98, ""object"": 100.42}}, ""b11"": {""services"": [""pose"", ""object""], ""fps"": {""pose"": 10, ""object"": 9}, ""eff_fps"": {""pose"": 1, ""object"": 3}, ""latency_ms"": {""pose"": 0, ""object"": 0}, ""svclat_ms"": {""pose"": 102.85, ""object"": 102.39}}, ""b12"": {""services"": [""pose"", ""object""], ""fps"": {""pose"": 11, ""object"": 11}, ""eff_fps"": {""pose"": 11, ""object"": 11}, ""latency_ms"": {""pose"": 0, ""object"": 0}, ""svclat_ms"": {""pose"": 64.39, ""object"": 28.74}}}"
202.7,36,36,1.0,0,0,11,15,15,1.0,1191.0,1130.0,0.949,0.0,0.42,0.0,10.17,26.46,10.04,5.81,26.46,7.3,0,0,0,86.01,21.8,78.28,1120,"{""ip-172-31-0-204"": ""healthy"", ""ip-172-31-1-171"": ""healthy"", ""ip-172-31-10-12"": ""healthy"", ""ip-172-31-11-132"": ""healthy"", ""ip-172-31-13-134"": ""healthy"", ""ip-172-31-14-68"": ""healthy"", ""ip-172-31-40-239"": ""healthy""}",subscribe,9.2,0.5231,0,0,"{""ip-172-31-0-204"": {""pose"": 1, ""gesture"": 1, ""object"": 1}, ""ip-172-31-1-171"": {""gesture"": 1, ""pose"": 1, ""object"": 1}, ""ip-172-31-10-12"": {""gesture"": 1, ""object"": 1, ""pose"": 1}, ""ip-172-31-11-132"": {""gesture"": 1}, ""ip-172-31-13-134"": {""gesture"": 1, ""pose"": 1}, ""ip-172-31-14-68"": {""gesture"": 1}, ""ip-172-31-40-239"": {""gesture"": 1, ""object"": 1}}","{""a1"": {""services"": [""pose"", ""gesture""], ""fps"": {""pose"": 10, ""gesture"": 23}, ""eff_fps"": {""pose"": 0, ""gesture"": 23}, ""latency_ms"": {""pose"": 0, ""gesture"": 0}, ""svclat_ms"": {""pose"": 103.01, ""gesture"": 25.47}}, ""a2"": {""services"": [""pose"", ""gesture""], ""fps"": {""pose"": 9, ""gesture"": 23}, ""eff_fps"": {""pose"": 5, ""gesture"": 23}, ""latency_ms"": {""pose"": 0, ""gesture"": 0}, ""svclat_ms"": {""pose"": 98.29, ""gesture"": 30.22}}, ""a3"": {""services"": [""pose"", ""gesture""], ""fps"": {""pose"": 10, ""gesture"": 23}, ""eff_fps"": {""pose"": 6, ""gesture"": 23}, ""latency_ms"": {""pose"": 0, ""gesture"": 0}, ""svclat_ms"": {""pose"": 98.48, ""gesture"": 25.78}}, ""a4"": {""services"": [""pose"", ""gesture""], ""fps"": {""pose"": 11, ""gesture"": 30}, ""eff_fps"": {""pose"": 11, ""gesture"": 30}, ""latency_ms"": {""pose"": 0, ""gesture"": 0}, ""svclat_ms"": {""pose"": 29.03, ""gesture"": 16.0}}, ""a5"": {""services"": [""pose"", ""gesture""], ""fps"": {""pose"": 10, ""gesture"": 30}, ""eff_fps"": {""pose"": 3, ""gesture"": 30}, ""latency_ms"": {""pose"": 0, ""gesture"": 0}, ""svclat_ms"": {""pose"": 102.55, ""gesture"": 19.34}}, ""a6"": {""services"": [""pose"", ""gesture""], ""fps"": {""pose"": 9, ""gesture"": 30}, ""eff_fps"": {""pose"": 5, ""gesture"": 30}, ""latency_ms"": {""pose"": 0, ""gesture"": 0}, ""svclat_ms"": {""pose"": 100.85, ""gesture"": 16.01}}, ""a7"": {""services"": [""pose"", ""gesture""], ""fps"": {""pose"": 9, ""gesture"": 30}, ""eff_fps"": {""pose"": 1, ""gesture"": 30}, ""latency_ms"": {""pose"": 0, ""gesture"": 0}, ""svclat_ms"": {""pose"": 104.61, ""gesture"": 19.64}}, ""a8"": {""services"": [""pose"", ""gesture""], ""fps"": {""pose"": 10, ""gesture"": 23}, ""eff_fps"": {""pose"": 2, ""gesture"": 23}, ""latency_ms"": {""pose"": 0, ""gesture"": 0}, ""svclat_ms"": {""pose"": 102.49, ""gesture"": 22.65}}, ""a9"": {""services"": [""pose"", ""gesture""], ""fps"": {""pose"": 12, ""gesture"": 23}, ""eff_fps"": {""pose"": 12, ""gesture"": 23}, ""latency_ms"": {""pose"": 0, ""gesture"": 0}, ""svclat_ms"": {""pose"": 44.69, ""gesture"": 24.93}}, ""a10"": {""services"": [""pose"", ""gesture""], ""fps"": {""pose"": 10, ""gesture"": 30}, ""eff_fps"": {""pose"": 2, ""gesture"": 30}, ""latency_ms"": {""pose"": 0, ""gesture"": 0}, ""svclat_ms"": {""pose"": 102.23, ""gesture"": 14.84}}, ""a11"": {""services"": [""pose"", ""gesture""], ""fps"": {""pose"": 9, ""gesture"": 23}, ""eff_fps"": {""pose"": 4, ""gesture"": 23}, ""latency_ms"": {""pose"": 0, ""gesture"": 0}, ""svclat_ms"": {""pose"": 100.89, ""gesture"": 24.37}}, ""a12"": {""services"": [""pose"", ""gesture""], ""fps"": {""pose"": 11, ""gesture"": 30}, ""eff_fps"": {""pose"": 11, ""gesture"": 30}, ""latency_ms"": {""pose"": 0, ""gesture"": 0}, ""svclat_ms"": {""pose"": 38.11, ""gesture"": 18.24}}, ""z1"": {""services"": [""gesture"", ""object""], ""fps"": {""gesture"": 30, ""object"": 10}, ""eff_fps"": {""gesture"": 30, ""object"": 10}, ""latency_ms"": {""gesture"": 0, ""object"": 0}, ""svclat_ms"": {""gesture"": 17.47, ""object"": 85.95}}, ""z2"": {""services"": [""gesture"", ""object""], ""fps"": {""gesture"": 30, ""object"": 10}, ""eff_fps"": {""gesture"": 30, ""object"": 3}, ""latency_ms"": {""gesture"": 0, ""object"": 0}, ""svclat_ms"": {""gesture"": 15.0, ""object"": 102.88}}, ""z3"": {""services"": [""gesture"", ""object""], ""fps"": {""gesture"": 23, ""object"": 10}, ""eff_fps"": {""gesture"": 23, ""object"": 9}, ""latency_ms"": {""gesture"": 0, ""object"": 0}, ""svclat_ms"": {""gesture"": 26.52, ""object"": 85.41}}, ""z4"": {""services"": [""gesture"", ""object""], ""fps"": {""gesture"": 23, ""object"": 9}, ""eff_fps"": {""gesture"": 23, ""object"": 3}, ""latency_ms"": {""gesture"": 0, ""object"": 0}, ""svclat_ms"": {""gesture"": 25.43, ""object"": 102.71}}, ""z5"": {""services"": [""gesture"", ""object""], ""fps"": {""gesture"": 23, ""object"": 11}, ""eff_fps"": {""gesture"": 23, ""object"": 11}, ""latency_ms"": {""gesture"": 0, ""object"": 0}, ""svclat_ms"": {""gesture"": 32.58, ""object"": 24.62}}, ""z6"": {""services"": [""gesture"", ""object""], ""fps"": {""gesture"": 30, ""object"": 10}, ""eff_fps"": {""gesture"": 30, ""object"": 9}, ""latency_ms"": {""gesture"": 0, ""object"": 0}, ""svclat_ms"": {""gesture"": 15.67, ""object"": 92.07}}, ""z7"": {""services"": [""gesture"", ""object""], ""fps"": {""gesture"": 30, ""object"": 10}, ""eff_fps"": {""gesture"": 30, ""object"": 7}, ""latency_ms"": {""gesture"": 0, ""object"": 0}, ""svclat_ms"": {""gesture"": 17.91, ""object"": 93.99}}, ""z8"": {""services"": [""gesture"", ""object""], ""fps"": {""gesture"": 23, ""object"": 10}, ""eff_fps"": {""gesture"": 23, ""object"": 10}, ""latency_ms"": {""gesture"": 0, ""object"": 0}, ""svclat_ms"": {""gesture"": 25.76, ""object"": 81.19}}, ""z9"": {""services"": [""gesture"", ""object""], ""fps"": {""gesture"": 30, ""object"": 12}, ""eff_fps"": {""gesture"": 30, ""object"": 12}, ""latency_ms"": {""gesture"": 0, ""object"": 0}, ""svclat_ms"": {""gesture"": 16.39, ""object"": 31.66}}, ""z10"": {""services"": [""gesture"", ""object""], ""fps"": {""gesture"": 30, ""object"": 10}, ""eff_fps"": {""gesture"": 30, ""object"": 1}, ""latency_ms"": {""gesture"": 0, ""object"": 0}, ""svclat_ms"": {""gesture"": 17.47, ""object"": 103.06}}, ""z11"": {""services"": [""gesture"", ""object""], ""fps"": {""gesture"": 22, ""object"": 9}, ""eff_fps"": {""gesture"": 22, ""object"": 3}, ""latency_ms"": {""gesture"": 0, ""object"": 0}, ""svclat_ms"": {""gesture"": 31.72, ""object"": 107.81}}, ""z12"": {""services"": [""gesture"", ""object""], ""fps"": {""gesture"": 23, ""object"": 9}, ""eff_fps"": {""gesture"": 23, ""object"": 1}, ""latency_ms"": {""gesture"": 0, ""object"": 0}, ""svclat_ms"": {""gesture"": 23.77, ""object"": 103.16}}, ""b1"": {""services"": [""pose"", ""object""], ""fps"": {""pose"": 10, ""object"": 11}, ""eff_fps"": {""pose"": 2, ""object"": 11}, ""latency_ms"": {""pose"": 0, ""object"": 0}, ""svclat_ms"": {""pose"": 102.93, ""object"": 35.24}}, ""b2"": {""services"": [""pose"", ""object""], ""fps"": {""pose"": 9, ""object"": 9}, ""eff_fps"": {""pose"": 3, ""object"": 3}, ""latency_ms"": {""pose"": 0, ""object"": 0}, ""svclat_ms"": {""pose"": 101.85, ""object"": 101.32}}, ""b3"": {""services"": [""pose"", ""object""], ""fps"": {""pose"": 10, ""object"": 10}, ""eff_fps"": {""pose"": 6, ""object"": 10}, ""latency_ms"": {""pose"": 0, ""object"": 0}, ""svclat_ms"": {""pose"": 100.1, ""object"": 78.61}}, ""b4"": {""services"": [""pose"", ""object""], ""fps"": {""pose"": 11, ""object"": 11}, ""eff_fps"": {""pose"": 11, ""object"": 11}, ""latency_ms"": {""pose"": 0, ""object"": 0}, ""svclat_ms"": {""pose"": 28.4, ""object"": 23.48}}, ""b5"": {""services"": [""pose"", ""object""], ""fps"": {""pose"": 10, ""object"": 9}, ""eff_fps"": {""pose"": 0, ""object"": 0}, ""latency_ms"": {""pose"": 0, ""object"": 0}, ""svclat_ms"": {""pose"": 103.19, ""object"": 103.57}}, ""b6"": {""services"": [""pose"", ""object""], ""fps"": {""pose"": 10, ""object"": 10}, ""eff_fps"": {""pose"": 5, ""object"": 10}, ""latency_ms"": {""pose"": 0, ""object"": 0}, ""svclat_ms"": {""pose"": 99.44, ""object"": 91.2}}, ""b7"": {""services"": [""pose"", ""object""], ""fps"": {""pose"": 10, ""object"": 10}, ""eff_fps"": {""pose"": 0, ""object"": 5}, ""latency_ms"": {""pose"": 0, ""object"": 0}, ""svclat_ms"": {""pose"": 103.14, ""object"": 96.72}}, ""b8"": {""services"": [""pose"", ""object""], ""fps"": {""pose"": 12, ""object"": 11}, ""eff_fps"": {""pose"": 12, ""object"": 11}, ""latency_ms"": {""pose"": 0, ""object"": 0}, ""svclat_ms"": {""pose"": 37.96, ""object"": 25.27}}, ""b9"": {""services"": [""pose"", ""object""], ""fps"": {""pose"": 10, ""object"": 9}, ""eff_fps"": {""pose"": 1, ""object"": 1}, ""latency_ms"": {""pose"": 0, ""object"": 0}, ""svclat_ms"": {""pose"": 104.21, ""object"": 104.36}}, ""b10"": {""services"": [""pose"", ""object""], ""fps"": {""pose"": 10, ""object"": 10}, ""eff_fps"": {""pose"": 5, ""object"": 10}, ""latency_ms"": {""pose"": 0, ""object"": 0}, ""svclat_ms"": {""pose"": 98.57, ""object"": 79.53}}, ""b11"": {""services"": [""pose"", ""object""], ""fps"": {""pose"": 10, ""object"": 10}, ""eff_fps"": {""pose"": 3, ""object"": 6}, ""latency_ms"": {""pose"": 0, ""object"": 0}, ""svclat_ms"": {""pose"": 102.18, ""object"": 97.32}}, ""b12"": {""services"": [""pose"", ""object""], ""fps"": {""pose"": 12, ""object"": 11}, ""eff_fps"": {""pose"": 12, ""object"": 11}, ""latency_ms"": {""pose"": 0, ""object"": 0}, ""svclat_ms"": {""pose"": 57.06, ""object"": 27.53}}}"
205.1,36,36,1.0,0,0,11,15,15,1.0,1191.0,1130.0,0.949,0.0,0.42,0.0,10.25,26.38,10.08,6.0,26.38,6.29,0,0,0,89.04,25.4,82.09,1121,"{""ip-172-31-0-204"": ""healthy"", ""ip-172-31-1-171"": ""healthy"", ""ip-172-31-10-12"": ""healthy"", ""ip-172-31-11-132"": ""healthy"", ""ip-172-31-13-134"": ""healthy"", ""ip-172-31-14-68"": ""healthy"", ""ip-172-31-40-239"": ""healthy""}",subscribe,9.2,0.5231,0,0,"{""ip-172-31-0-204"": {""pose"": 1, ""gesture"": 1, ""object"": 1}, ""ip-172-31-1-171"": {""gesture"": 1, ""pose"": 1, ""object"": 1}, ""ip-172-31-10-12"": {""gesture"": 1, ""object"": 1, ""pose"": 1}, ""ip-172-31-11-132"": {""gesture"": 1}, ""ip-172-31-13-134"": {""gesture"": 1, ""pose"": 1}, ""ip-172-31-14-68"": {""gesture"": 1}, ""ip-172-31-40-239"": {""gesture"": 1, ""object"": 1}}","{""a1"": {""services"": [""pose"", ""gesture""], ""fps"": {""pose"": 10, ""gesture"": 23}, ""eff_fps"": {""pose"": 3, ""gesture"": 23}, ""latency_ms"": {""pose"": 0, ""gesture"": 0}, ""svclat_ms"": {""pose"": 102.43, ""gesture"": 31.77}}, ""a2"": {""services"": [""pose"", ""gesture""], ""fps"": {""pose"": 10, ""gesture"": 22}, ""eff_fps"": {""pose"": 3, ""gesture"": 22}, ""latency_ms"": {""pose"": 0, ""gesture"": 0}, ""svclat_ms"": {""pose"": 100.69, ""gesture"": 35.82}}, ""a3"": {""services"": [""pose"", ""gesture""], ""fps"": {""pose"": 10, ""gesture"": 23}, ""eff_fps"": {""pose"": 8, ""gesture"": 23}, ""latency_ms"": {""pose"": 0, ""gesture"": 0}, ""svclat_ms"": {""pose"": 93.53, ""gesture"": 41.23}}, ""a4"": {""services"": [""pose"", ""gesture""], ""fps"": {""pose"": 12, ""gesture"": 30}, ""eff_fps"": {""pose"": 12, ""gesture"": 30}, ""latency_ms"": {""pose"": 0, ""gesture"": 0}, ""svclat_ms"": {""pose"": 41.75, ""gesture"": 16.03}}, ""a5"": {""services"": [""pose"", ""gesture""], ""fps"": {""pose"": 10, ""gesture"": 31}, ""eff_fps"": {""pose"": 6, ""gesture"": 31}, ""latency_ms"": {""pose"": 0, ""gesture"": 0}, ""svclat_ms"": {""pose"": 96.86, ""gesture"": 18.89}}, ""a6"": {""services"": [""pose"", ""gesture""], ""fps"": {""pose"": 10, ""gesture"": 30}, ""eff_fps"": {""pose"": 3, ""gesture"": 30}, ""latency_ms"": {""pose"": 0, ""gesture"": 0}, ""svclat_ms"": {""pose"": 102.45, ""gesture"": 16.23}}, ""a7"": {""services"": [""pose"", ""gesture""], ""fps"": {""pose"": 10, ""gesture"": 30}, ""eff_fps"": {""pose"": 5, ""gesture"": 30}, ""latency_ms"": {""pose"": 0, ""gesture"": 0}, ""svclat_ms"": {""pose"": 100.18, ""gesture"": 19.77}}, ""a8"": {""services"": [""pose"", ""gesture""], ""fps"": {""pose"": 10, ""gesture"": 23}, ""eff_fps"": {""pose"": 3, ""gesture"": 23}, ""latency_ms"": {""pose"": 0, ""gesture"": 0}, ""svclat_ms"": {""pose"": 102.76, ""gesture"": 31.31}}, ""a9"": {""services"": [""pose"", ""gesture""], ""fps"": {""pose"": 11, ""gesture"": 23}, ""eff_fps"": {""pose"": 11, ""gesture"": 23}, ""latency_ms"": {""pose"": 0, ""gesture"": 0}, ""svclat_ms"": {""pose"": 58.05, ""gesture"": 32.17}}, ""a10"": {""services"": [""pose"", ""gesture""], ""fps"": {""pose"": 10, ""gesture"": 30}, ""eff_fps"": {""pose"": 6, ""gesture"": 30}, ""latency_ms"": {""pose"": 0, ""gesture"": 0}, ""svclat_ms"": {""pose"": 100.1, ""gesture"": 14.62}}, ""a11"": {""services"": [""pose"", ""gesture""], ""fps"": {""pose"": 10, ""gesture"": 23}, ""eff_fps"": {""pose"": 2, ""gesture"": 23}, ""latency_ms"": {""pose"": 0, ""gesture"": 0}, ""svclat_ms"": {""pose"": 101.92, ""gesture"": 38.47}}, ""a12"": {""services"": [""pose"", ""gesture""], ""fps"": {""pose"": 11, ""gesture"": 30}, ""eff_fps"": {""pose"": 11, ""gesture"": 30}, ""latency_ms"": {""pose"": 0, ""gesture"": 0}, ""svclat_ms"": {""pose"": 54.55, ""gesture"": 18.69}}, ""z1"": {""services"": [""gesture"", ""object""], ""fps"": {""gesture"": 30, ""object"": 9}, ""eff_fps"": {""gesture"": 30, ""object"": 3}, ""latency_ms"": {""gesture"": 0, ""object"": 0}, ""svclat_ms"": {""gesture"": 17.53, ""object"": 101.93}}, ""z2"": {""services"": [""gesture"", ""object""], ""fps"": {""gesture"": 30, ""object"": 10}, ""eff_fps"": {""gesture"": 30, ""object"": 6}, ""latency_ms"": {""gesture"": 0, ""object"": 0}, ""svclat_ms"": {""gesture"": 15.21, ""object"": 99.49}}, ""z3"": {""services"": [""gesture"", ""object""], ""fps"": {""gesture"": 23, ""object"": 10}, ""eff_fps"": {""gesture"": 23, ""object"": 7}, ""latency_ms"": {""gesture"": 0, ""object"": 0}, ""svclat_ms"": {""gesture"": 31.84, ""object"": 93.86}}, ""z4"": {""services"": [""gesture"", ""object""], ""fps"": {""gesture"": 22, ""object"": 9}, ""eff_fps"": {""gesture"": 22, ""object"": 3}, ""latency_ms"": {""gesture"": 0, ""object"": 0}, ""svclat_ms"": {""gesture"": 38.04, ""object"": 102.89}}, ""z5"": {""services"": [""gesture"", ""object""], ""fps"": {""gesture"": 22, ""object"": 12}, ""eff_fps"": {""gesture"": 22, ""object"": 12}, ""latency_ms"": {""gesture"": 0, ""object"": 0}, ""svclat_ms"": {""gesture"": 27.97, ""object"": 26.21}}, ""z6"": {""services"": [""gesture"", ""object""], ""fps"": {""gesture"": 31, ""object"": 10}, ""eff_fps"": {""gesture"": 31, ""object"": 1}, ""latency_ms"": {""gesture"": 0, ""object"": 0}, ""svclat_ms"": {""gesture"": 15.84, ""object"": 102.22}}, ""z7"": {""services"": [""gesture"", ""object""], ""fps"": {""gesture"": 30, ""object"": 10}, ""eff_fps"": {""gesture"": 30, ""object"": 7}, ""latency_ms"": {""gesture"": 0, ""object"": 0}, ""svclat_ms"": {""gesture"": 18.6, ""object"": 97.6}}, ""z8"": {""services"": [""gesture"", ""object""], ""fps"": {""gesture"": 22, ""object"": 9}, ""eff_fps"": {""gesture"": 22, ""object"": 3}, ""latency_ms"": {""gesture"": 0, ""object"": 0}, ""svclat_ms"": {""gesture"": 30.72, ""object"": 101.77}}, ""z9"": {""services"": [""gesture"", ""object""], ""fps"": {""gesture"": 30, ""object"": 11}, ""eff_fps"": {""gesture"": 30, ""object"": 11}, ""latency_ms"": {""gesture"": 0, ""object"": 0}, ""svclat_ms"": {""gesture"": 16.65, ""object"": 29.69}}, ""z10"": {""services"": [""gesture"", ""object""], ""fps"": {""gesture"": 30, ""object"": 10}, ""eff_fps"": {""gesture"": 30, ""object"": 4}, ""latency_ms"": {""gesture"": 0, ""object"": 0}, ""svclat_ms"": {""gesture"": 17.33, ""object"": 101.54}}, ""z11"": {""services"": [""gesture"", ""object""], ""fps"": {""gesture"": 23, ""object"": 10}, ""eff_fps"": {""gesture"": 23, ""object"": 5}, ""latency_ms"": {""gesture"": 0, ""object"": 0}, ""svclat_ms"": {""gesture"": 26.32, ""object"": 98.46}}, ""z12"": {""services"": [""gesture"", ""object""], ""fps"": {""gesture"": 22, ""object"": 10}, ""eff_fps"": {""gesture"": 22, ""object"": 4}, ""latency_ms"": {""gesture"": 0, ""object"": 0}, ""svclat_ms"": {""gesture"": 38.59, ""object"": 102.5}}, ""b1"": {""services"": [""pose"", ""object""], ""fps"": {""pose"": 9, ""object"": 11}, ""eff_fps"": {""pose"": 2, ""object"": 11}, ""latency_ms"": {""pose"": 0, ""object"": 0}, ""svclat_ms"": {""pose"": 102.99, ""object"": 37.03}}, ""b2"": {""services"": [""pose"", ""object""], ""fps"": {""pose"": 10, ""object"": 10}, ""eff_fps"": {""pose"": 5, ""object"": 6}, ""latency_ms"": {""pose"": 0, ""object"": 0}, ""svclat_ms"": {""pose"": 99.18, ""object"": 98.79}}, ""b3"": {""services"": [""pose"", ""object""], ""fps"": {""pose"": 9, ""object"": 9}, ""eff_fps"": {""pose"": 3, ""object"": 2}, ""latency_ms"": {""pose"": 0, ""object"": 0}, ""svclat_ms"": {""pose"": 102.71, ""object"": 102.51}}, ""b4"": {""services"": [""pose"", ""object""], ""fps"": {""pose"": 11, ""object"": 11}, ""eff_fps"": {""pose"": 11, ""object"": 11}, ""latency_ms"": {""pose"": 0, ""object"": 0}, ""svclat_ms"": {""pose"": 51.66, ""object"": 24.31}}, ""b5"": {""services"": [""pose"", ""object""], ""fps"": {""pose"": 9, ""object"": 9}, ""eff_fps"": {""pose"": 5, ""object"": 6}, ""latency_ms"": {""pose"": 0, ""object"": 0}, ""svclat_ms"": {""pose"": 100.17, ""object"": 99.62}}, ""b6"": {""services"": [""pose"", ""object""], ""fps"": {""pose"": 10, ""object"": 10}, ""eff_fps"": {""pose"": 2, ""object"": 4}, ""latency_ms"": {""pose"": 0, ""object"": 0}, ""svclat_ms"": {""pose"": 102.11, ""object"": 101.05}}, ""b7"": {""services"": [""pose"", ""object""], ""fps"": {""pose"": 10, ""object"": 10}, ""eff_fps"": {""pose"": 6, ""object"": 7}, ""latency_ms"": {""pose"": 0, ""object"": 0}, ""svclat_ms"": {""pose"": 97.24, ""object"": 96.38}}, ""b8"": {""services"": [""pose"", ""object""], ""fps"": {""pose"": 12, ""object"": 11}, ""eff_fps"": {""pose"": 12, ""object"": 11}, ""latency_ms"": {""pose"": 0, ""object"": 0}, ""svclat_ms"": {""pose"": 50.67, ""object"": 24.92}}, ""b9"": {""services"": [""pose"", ""object""], ""fps"": {""pose"": 10, ""object"": 10}, ""eff_fps"": {""pose"": 5, ""object"": 5}, ""latency_ms"": {""pose"": 0, ""object"": 0}, ""svclat_ms"": {""pose"": 100.39, ""object"": 99.63}}, ""b10"": {""services"": [""pose"", ""object""], ""fps"": {""pose"": 10, ""object"": 10}, ""eff_fps"": {""pose"": 2, ""object"": 4}, ""latency_ms"": {""pose"": 0, ""object"": 0}, ""svclat_ms"": {""pose"": 101.15, ""object"": 101.1}}, ""b11"": {""services"": [""pose"", ""object""], ""fps"": {""pose"": 10, ""object"": 10}, ""eff_fps"": {""pose"": 6, ""object"": 7}, ""latency_ms"": {""pose"": 0, ""object"": 0}, ""svclat_ms"": {""pose"": 98.05, ""object"": 98.54}}, ""b12"": {""services"": [""pose"", ""object""], ""fps"": {""pose"": 12, ""object"": 11}, ""eff_fps"": {""pose"": 12, ""object"": 11}, ""latency_ms"": {""pose"": 0, ""object"": 0}, ""svclat_ms"": {""pose"": 75.46, ""object"": 28.01}}}"
207.5,36,36,1.0,0,0,11,15,15,1.0,1191.0,1130.0,0.949,0.0,0.42,0.0,10.29,26.29,10.33,7.21,26.29,6.83,0,0,0,85.15,23.67,80.26,1126,"{""ip-172-31-0-204"": ""healthy"", ""ip-172-31-1-171"": ""healthy"", ""ip-172-31-10-12"": ""healthy"", ""ip-172-31-11-132"": ""healthy"", ""ip-172-31-13-134"": ""healthy"", ""ip-172-31-14-68"": ""healthy"", ""ip-172-31-40-239"": ""healthy""}",subscribe,9.2,0.5231,0,0,"{""ip-172-31-0-204"": {""pose"": 1, ""gesture"": 1, ""object"": 1}, ""ip-172-31-1-171"": {""gesture"": 1, ""pose"": 1, ""object"": 1}, ""ip-172-31-10-12"": {""gesture"": 1, ""object"": 1, ""pose"": 1}, ""ip-172-31-11-132"": {""gesture"": 1}, ""ip-172-31-13-134"": {""gesture"": 1, ""pose"": 1}, ""ip-172-31-14-68"": {""gesture"": 1}, ""ip-172-31-40-239"": {""gesture"": 1, ""object"": 1}}","{""a1"": {""services"": [""pose"", ""gesture""], ""fps"": {""pose"": 10, ""gesture"": 23}, ""eff_fps"": {""pose"": 6, ""gesture"": 23}, ""latency_ms"": {""pose"": 0, ""gesture"": 0}, ""svclat_ms"": {""pose"": 100.49, ""gesture"": 44.01}}, ""a2"": {""services"": [""pose"", ""gesture""], ""fps"": {""pose"": 10, ""gesture"": 23}, ""eff_fps"": {""pose"": 10, ""gesture"": 23}, ""latency_ms"": {""pose"": 0, ""gesture"": 0}, ""svclat_ms"": {""pose"": 83.75, ""gesture"": 24.14}}, ""a3"": {""services"": [""pose"", ""gesture""], ""fps"": {""pose"": 10, ""gesture"": 23}, ""eff_fps"": {""pose"": 7, ""gesture"": 23}, ""latency_ms"": {""pose"": 0, ""gesture"": 0}, ""svclat_ms"": {""pose"": 98.49, ""gesture"": 25.01}}, ""a4"": {""services"": [""pose"", ""gesture""], ""fps"": {""pose"": 12, ""gesture"": 30}, ""eff_fps"": {""pose"": 12, ""gesture"": 30}, ""latency_ms"": {""pose"": 0, ""gesture"": 0}, ""svclat_ms"": {""pose"": 36.99, ""gesture"": 15.98}}, ""a5"": {""services"": [""pose"", ""gesture""], ""fps"": {""pose"": 9, ""gesture"": 30}, ""eff_fps"": {""pose"": 4, ""gesture"": 30}, ""latency_ms"": {""pose"": 0, ""gesture"": 0}, ""svclat_ms"": {""pose"": 102.02, ""gesture"": 18.25}}, ""a6"": {""services"": [""pose"", ""gesture""], ""fps"": {""pose"": 9, ""gesture"": 30}, ""eff_fps"": {""pose"": 8, ""gesture"": 30}, ""latency_ms"": {""pose"": 0, ""gesture"": 0}, ""svclat_ms"": {""pose"": 94.74, ""gesture"": 16.48}}, ""a7"": {""services"": [""pose"", ""gesture""], ""fps"": {""pose"": 10, ""gesture"": 30}, ""eff_fps"": {""pose"": 2, ""gesture"": 30}, ""latency_ms"": {""pose"": 0, ""gesture"": 0}, ""svclat_ms"": {""pose"": 102.32, ""gesture"": 19.52}}, ""a8"": {""services"": [""pose"", ""gesture""], ""fps"": {""pose"": 10, ""gesture"": 23}, ""eff_fps"": {""pose"": 2, ""gesture"": 23}, ""latency_ms"": {""pose"": 0, ""gesture"": 0}, ""svclat_ms"": {""pose"": 101.82, ""gesture"": 23.84}}, ""a9"": {""services"": [""pose"", ""gesture""], ""fps"": {""pose"": 11, ""gesture"": 22}, ""eff_fps"": {""pose"": 11, ""gesture"": 22}, ""latency_ms"": {""pose"": 0, ""gesture"": 0}, ""svclat_ms"": {""pose"": 51.99, ""gesture"": 44.36}}, ""a10"": {""services"": [""pose"", ""gesture""], ""fps"": {""pose"": 10, ""gesture"": 30}, ""eff_fps"": {""pose"": 6, ""gesture"": 30}, ""latency_ms"": {""pose"": 0, ""gesture"": 0}, ""svclat_ms"": {""pose"": 99.1, ""gesture"": 14.75}}, ""a11"": {""services"": [""pose"", ""gesture""], ""fps"": {""pose"": 10, ""gesture"": 22}, ""eff_fps"": {""pose"": 8, ""gesture"": 22}, ""latency_ms"": {""pose"": 0, ""gesture"": 0}, ""svclat_ms"": {""pose"": 98.5, ""gesture"": 22.41}}, ""a12"": {""services"": [""pose"", ""gesture""], ""fps"": {""pose"": 12, ""gesture"": 30}, ""eff_fps"": {""pose"": 12, ""gesture"": 30}, ""latency_ms"": {""pose"": 0, ""gesture"": 0}, ""svclat_ms"": {""pose"": 34.58, ""gesture"": 18.57}}, ""z1"": {""services"": [""gesture"", ""object""], ""fps"": {""gesture"": 30, ""object"": 10}, ""eff_fps"": {""gesture"": 30, ""object"": 10}, ""latency_ms"": {""gesture"": 0, ""object"": 0}, ""svclat_ms"": {""gesture"": 17.37, ""object"": 71.22}}, ""z2"": {""services"": [""gesture"", ""object""], ""fps"": {""gesture"": 30, ""object"": 10}, ""eff_fps"": {""gesture"": 30, ""object"": 3}, ""latency_ms"": {""gesture"": 0, ""object"": 0}, ""svclat_ms"": {""gesture"": 15.3, ""object"": 101.5}}, ""z3"": {""services"": [""gesture"", ""object""], ""fps"": {""gesture"": 22, ""object"": 10}, ""eff_fps"": {""gesture"": 22, ""object"": 6}, ""latency_ms"": {""gesture"": 0, ""object"": 0}, ""svclat_ms"": {""gesture"": 44.24, ""object"": 100.71}}, ""z4"": {""services"": [""gesture"", ""object""], ""fps"": {""gesture"": 23, ""object"": 10}, ""eff_fps"": {""gesture"": 23, ""object"": 3}, ""latency_ms"": {""gesture"": 0, ""object"": 0}, ""svclat_ms"": {""gesture"": 22.73, ""object"": 100.96}}, ""z5"": {""services"": [""gesture"", ""object""], ""fps"": {""gesture"": 22, ""object"": 12}, ""eff_fps"": {""gesture"": 22, ""object"": 12}, ""latency_ms"": {""gesture"": 0, ""object"": 0}, ""svclat_ms"": {""gesture"": 22.37, ""object"": 25.86}}, ""z6"": {""services"": [""gesture"", ""object""], ""fps"": {""gesture"": 30, ""object"": 9}, ""eff_fps"": {""gesture"": 30, ""object"": 5}, ""latency_ms"": {""gesture"": 0, ""object"": 0}, ""svclat_ms"": {""gesture"": 15.97, ""object"": 97.24}}, ""z7"": {""services"": [""gesture"", ""object""], ""fps"": {""gesture"": 30, ""object"": 10}, ""eff_fps"": {""gesture"": 30, ""object"": 5}, ""latency_ms"": {""gesture"": 0, ""object"": 0}, ""svclat_ms"": {""gesture"": 18.8, ""object"": 102.54}}, ""z8"": {""services"": [""gesture"", ""object""], ""fps"": {""gesture"": 22, ""object"": 10}, ""eff_fps"": {""gesture"": 22, ""object"": 9}, ""latency_ms"": {""gesture"": 0, ""object"": 0}, ""svclat_ms"": {""gesture"": 44.38, ""object"": 88.27}}, ""z9"": {""services"": [""gesture"", ""object""], ""fps"": {""gesture"": 30, ""object"": 11}, ""eff_fps"": {""gesture"": 30, ""object"": 11}, ""latency_ms"": {""gesture"": 0, ""object"": 0}, ""svclat_ms"": {""gesture"": 16.62, ""object"": 31.85}}, ""z10"": {""services"": [""gesture"", ""object""], ""fps"": {""gesture"": 30, ""object"": 10}, ""eff_fps"": {""gesture"": 30, ""object"": 4}, ""latency_ms"": {""gesture"": 0, ""object"": 0}, ""svclat_ms"": {""gesture"": 17.62, ""object"": 100.79}}, ""z11"": {""services"": [""gesture"", ""object""], ""fps"": {""gesture"": 23, ""object"": 10}, ""eff_fps"": {""gesture"": 23, ""object"": 5}, ""latency_ms"": {""gesture"": 0, ""object"": 0}, ""svclat_ms"": {""gesture"": 21.86, ""object"": 101.71}}, ""z12"": {""services"": [""gesture"", ""object""], ""fps"": {""gesture"": 23, ""object"": 10}, ""eff_fps"": {""gesture"": 23, ""object"": 5}, ""latency_ms"": {""gesture"": 0, ""object"": 0}, ""svclat_ms"": {""gesture"": 23.48, ""object"": 101.17}}, ""b1"": {""services"": [""pose"", ""object""], ""fps"": {""pose"": 9, ""object"": 12}, ""eff_fps"": {""pose"": 2, ""object"": 12}, ""latency_ms"": {""pose"": 0, ""object"": 0}, ""svclat_ms"": {""pose"": 101.53, ""object"": 38.02}}, ""b2"": {""services"": [""pose"", ""object""], ""fps"": {""pose"": 10, ""object"": 10}, ""eff_fps"": {""pose"": 4, ""object"": 3}, ""latency_ms"": {""pose"": 0, ""object"": 0}, ""svclat_ms"": {""pose"": 102.41, ""object"": 102.54}}, ""b3"": {""services"": [""pose"", ""object""], ""fps"": {""pose"": 10, ""object"": 10}, ""eff_fps"": {""pose"": 10, ""object"": 6}, ""latency_ms"": {""pose"": 0, ""object"": 0}, ""svclat_ms"": {""pose"": 83.19, ""object"": 97.21}}, ""b4"": {""services"": [""pose"", ""object""], ""fps"": {""pose"": 12, ""object"": 12}, ""eff_fps"": {""pose"": 12, ""object"": 12}, ""latency_ms"": {""pose"": 0, ""object"": 0}, ""svclat_ms"": {""pose"": 45.42, ""object"": 23.46}}, ""b5"": {""services"": [""pose"", ""object""], ""fps"": {""pose"": 10, ""object"": 10}, ""eff_fps"": {""pose"": 5, ""object"": 7}, ""latency_ms"": {""pose"": 0, ""object"": 0}, ""svclat_ms"": {""pose"": 101.04, ""object"": 100.74}}, ""b6"": {""services"": [""pose"", ""object""], ""fps"": {""pose"": 10, ""object"": 10}, ""eff_fps"": {""pose"": 7, ""object"": 10}, ""latency_ms"": {""pose"": 0, ""object"": 0}, ""svclat_ms"": {""pose"": 97.62, ""object"": 82.55}}, ""b7"": {""services"": [""pose"", ""object""], ""fps"": {""pose"": 10, ""object"": 10}, ""eff_fps"": {""pose"": 4, ""object"": 4}, ""latency_ms"": {""pose"": 0, ""object"": 0}, ""svclat_ms"": {""pose"": 102.14, ""object"": 101.95}}, ""b8"": {""services"": [""pose"", ""object""], ""fps"": {""pose"": 12, ""object"": 12}, ""eff_fps"": {""pose"": 12, ""object"": 12}, ""latency_ms"": {""pose"": 0, ""object"": 0}, ""svclat_ms"": {""pose"": 49.77, ""object"": 23.23}}, ""b9"": {""services"": [""pose"", ""object""], ""fps"": {""pose"": 9, ""object"": 10}, ""eff_fps"": {""pose"": 3, ""object"": 2}, ""latency_ms"": {""pose"": 0, ""object"": 0}, ""svclat_ms"": {""pose"": 102.32, ""object"": 102.04}}, ""b10"": {""services"": [""pose"", ""object""], ""fps"": {""pose"": 10, ""object"": 9}, ""eff_fps"": {""pose"": 10, ""object"": 5}, ""latency_ms"": {""pose"": 0, ""object"": 0}, ""svclat_ms"": {""pose"": 81.78, ""object"": 100.27}}, ""b11"": {""services"": [""pose"", ""object""], ""fps"": {""pose"": 10, ""object"": 9}, ""eff_fps"": {""pose"": 4, ""object"": 1}, ""latency_ms"": {""pose"": 0, ""object"": 0}, ""svclat_ms"": {""pose"": 102.63, ""object"": 102.58}}, ""b12"": {""services"": [""pose"", ""object""], ""fps"": {""pose"": 12, ""object"": 12}, ""eff_fps"": {""pose"": 12, ""object"": 12}, ""latency_ms"": {""pose"": 0, ""object"": 0}, ""svclat_ms"": {""pose"": 69.01, ""object"": 27.88}}}"
209.9,36,36,1.0,0,0,11,15,15,1.0,1191.0,1130.0,0.949,0.0,0.42,0.0,10.21,26.29,10.21,6.79,26.29,6.29,0,0,0,86.2,25.56,82.48,1121,"{""ip-172-31-0-204"": ""healthy"", ""ip-172-31-1-171"": ""healthy"", ""ip-172-31-10-12"": ""healthy"", ""ip-172-31-11-132"": ""healthy"", ""ip-172-31-13-134"": ""healthy"", ""ip-172-31-14-68"": ""healthy"", ""ip-172-31-40-239"": ""healthy""}",subscribe,9.2,0.5231,0,0,"{""ip-172-31-0-204"": {""pose"": 1, ""gesture"": 1, ""object"": 1}, ""ip-172-31-1-171"": {""gesture"": 1, ""pose"": 1, ""object"": 1}, ""ip-172-31-10-12"": {""gesture"": 1, ""object"": 1, ""pose"": 1}, ""ip-172-31-11-132"": {""gesture"": 1}, ""ip-172-31-13-134"": {""gesture"": 1, ""pose"": 1}, ""ip-172-31-14-68"": {""gesture"": 1}, ""ip-172-31-40-239"": {""gesture"": 1, ""object"": 1}}","{""a1"": {""services"": [""pose"", ""gesture""], ""fps"": {""pose"": 9, ""gesture"": 23}, ""eff_fps"": {""pose"": 1, ""gesture"": 23}, ""latency_ms"": {""pose"": 0, ""gesture"": 0}, ""svclat_ms"": {""pose"": 102.62, ""gesture"": 30.38}}, ""a2"": {""services"": [""pose"", ""gesture""], ""fps"": {""pose"": 9, ""gesture"": 23}, ""eff_fps"": {""pose"": 8, ""gesture"": 23}, ""latency_ms"": {""pose"": 0, ""gesture"": 0}, ""svclat_ms"": {""pose"": 100.58, ""gesture"": 35.7}}, ""a3"": {""services"": [""pose"", ""gesture""], ""fps"": {""pose"": 10, ""gesture"": 23}, ""eff_fps"": {""pose"": 4, ""gesture"": 23}, ""latency_ms"": {""pose"": 0, ""gesture"": 0}, ""svclat_ms"": {""pose"": 100.95, ""gesture"": 33.71}}, ""a4"": {""services"": [""pose"", ""gesture""], ""fps"": {""pose"": 12, ""gesture"": 29}, ""eff_fps"": {""pose"": 12, ""gesture"": 29}, ""latency_ms"": {""pose"": 0, ""gesture"": 0}, ""svclat_ms"": {""pose"": 48.07, ""gesture"": 16.08}}, ""a5"": {""services"": [""pose"", ""gesture""], ""fps"": {""pose"": 10, ""gesture"": 30}, ""eff_fps"": {""pose"": 3, ""gesture"": 30}, ""latency_ms"": {""pose"": 0, ""gesture"": 0}, ""svclat_ms"": {""pose"": 101.44, ""gesture"": 19.32}}, ""a6"": {""services"": [""pose"", ""gesture""], ""fps"": {""pose"": 10, ""gesture"": 30}, ""eff_fps"": {""pose"": 10, ""gesture"": 30}, ""latency_ms"": {""pose"": 0, ""gesture"": 0}, ""svclat_ms"": {""pose"": 86.47, ""gesture"": 15.99}}, ""a7"": {""services"": [""pose"", ""gesture""], ""fps"": {""pose"": 10, ""gesture"": 30}, ""eff_fps"": {""pose"": 3, ""gesture"": 30}, ""latency_ms"": {""pose"": 0, ""gesture"": 0}, ""svclat_ms"": {""pose"": 100.94, ""gesture"": 19.42}}, ""a8"": {""services"": [""pose"", ""gesture""], ""fps"": {""pose"": 10, ""gesture"": 23}, ""eff_fps"": {""pose"": 1, ""gesture"": 23}, ""latency_ms"": {""pose"": 0, ""gesture"": 0}, ""svclat_ms"": {""pose"": 102.69, ""gesture"": 35.31}}, ""a9"": {""services"": [""pose"", ""gesture""], ""fps"": {""pose"": 11, ""gesture"": 22}, ""eff_fps"": {""pose"": 11, ""gesture"": 22}, ""latency_ms"": {""pose"": 0, ""gesture"": 0}, ""svclat_ms"": {""pose"": 63.26, ""gesture"": 35.08}}, ""a10"": {""services"": [""pose"", ""gesture""], ""fps"": {""pose"": 10, ""gesture"": 30}, ""eff_fps"": {""pose"": 7, ""gesture"": 30}, ""latency_ms"": {""pose"": 0, ""gesture"": 0}, ""svclat_ms"": {""pose"": 96.99, ""gesture"": 14.98}}, ""a11"": {""services"": [""pose"", ""gesture""], ""fps"": {""pose"": 10, ""gesture"": 23}, ""eff_fps"": {""pose"": 7, ""gesture"": 23}, ""latency_ms"": {""pose"": 0, ""gesture"": 0}, ""svclat_ms"": {""pose"": 97.6, ""gesture"": 31.13}}, ""a12"": {""services"": [""pose"", ""gesture""], ""fps"": {""pose"": 12, ""gesture"": 30}, ""eff_fps"": {""pose"": 12, ""gesture"": 30}, ""latency_ms"": {""pose"": 0, ""gesture"": 0}, ""svclat_ms"": {""pose"": 38.92, ""gesture"": 18.6}}, ""z1"": {""services"": [""gesture"", ""object""], ""fps"": {""gesture"": 30, ""object"": 10}, ""eff_fps"": {""gesture"": 30, ""object"": 10}, ""latency_ms"": {""gesture"": 0, ""object"": 0}, ""svclat_ms"": {""gesture"": 17.85, ""object"": 84.85}}, ""z2"": {""services"": [""gesture"", ""object""], ""fps"": {""gesture"": 30, ""object"": 9}, ""eff_fps"": {""gesture"": 30, ""object"": 4}, ""latency_ms"": {""gesture"": 0, ""object"": 0}, ""svclat_ms"": {""gesture"": 14.67, ""object"": 101.54}}, ""z3"": {""services"": [""gesture"", ""object""], ""fps"": {""gesture"": 22, ""object"": 10}, ""eff_fps"": {""gesture"": 22, ""object"": 5}, ""latency_ms"": {""gesture"": 0, ""object"": 0}, ""svclat_ms"": {""gesture"": 37.78, ""object"": 99.32}}, ""z4"": {""services"": [""gesture"", ""object""], ""fps"": {""gesture"": 23, ""object"": 10}, ""eff_fps"": {""gesture"": 23, ""object"": 2}, ""latency_ms"": {""gesture"": 0, ""object"": 0}, ""svclat_ms"": {""gesture"": 31.67, ""object"": 102.95}}, ""z5"": {""services"": [""gesture"", ""object""], ""fps"": {""gesture"": 23, ""object"": 11}, ""eff_fps"": {""gesture"": 23, ""object"": 11}, ""latency_ms"": {""gesture"": 0, ""object"": 0}, ""svclat_ms"": {""gesture"": 33.6, ""object"": 27.6}}, ""z6"": {""services"": [""gesture"", ""object""], ""fps"": {""gesture"": 30, ""object"": 10}, ""eff_fps"": {""gesture"": 30, ""object"": 5}, ""latency_ms"": {""gesture"": 0, ""object"": 0}, ""svclat_ms"": {""gesture"": 15.79, ""object"": 101.01}}, ""z7"": {""services"": [""gesture"", ""object""], ""fps"": {""gesture"": 30, ""object"": 9}, ""eff_fps"": {""gesture"": 30, ""object"": 4}, ""latency_ms"": {""gesture"": 0, ""object"": 0}, ""svclat_ms"": {""gesture"": 17.96, ""object"": 100.37}}, ""z8"": {""services"": [""gesture"", ""object""], ""fps"": {""gesture"": 23, ""object"": 9}, ""eff_fps"": {""gesture"": 23, ""object"": 6}, ""latency_ms"": {""gesture"": 0, ""object"": 0}, ""svclat_ms"": {""gesture"": 37.98, ""object"": 101.15}}, ""z9"": {""services"": [""gesture"", ""object""], ""fps"": {""gesture"": 30, ""object"": 12}, ""eff_fps"": {""gesture"": 30, ""object"": 12}, ""latency_ms"": {""gesture"": 0, ""object"": 0}, ""svclat_ms"": {""gesture"": 16.17, ""object"": 32.53}}, ""z10"": {""services"": [""gesture"", ""object""], ""fps"": {""gesture"": 30, ""object"": 10}, ""eff_fps"": {""gesture"": 30, ""object"": 4}, ""latency_ms"": {""gesture"": 0, ""object"": 0}, ""svclat_ms"": {""gesture"": 17.41, ""object"": 102.13}}, ""z11"": {""services"": [""gesture"", ""object""], ""fps"": {""gesture"": 22, ""object"": 10}, ""eff_fps"": {""gesture"": 22, ""object"": 3}, ""latency_ms"": {""gesture"": 0, ""object"": 0}, ""svclat_ms"": {""gesture"": 33.19, ""object"": 100.34}}, ""z12"": {""services"": [""gesture"", ""object""], ""fps"": {""gesture"": 22, ""object"": 10}, ""eff_fps"": {""gesture"": 22, ""object"": 3}, ""latency_ms"": {""gesture"": 0, ""object"": 0}, ""svclat_ms"": {""gesture"": 33.68, ""object"": 102.64}}, ""b1"": {""services"": [""pose"", ""object""], ""fps"": {""pose"": 10, ""object"": 11}, ""eff_fps"": {""pose"": 1, ""object"": 11}, ""latency_ms"": {""pose"": 0, ""object"": 0}, ""svclat_ms"": {""pose"": 102.54, ""object"": 39.73}}, ""b2"": {""services"": [""pose"", ""object""], ""fps"": {""pose"": 9, ""object"": 10}, ""eff_fps"": {""pose"": 3, ""object"": 4}, ""latency_ms"": {""pose"": 0, ""object"": 0}, ""svclat_ms"": {""pose"": 106.77, ""object"": 99.54}}, ""b3"": {""services"": [""pose"", ""object""], ""fps"": {""pose"": 10, ""object"": 10}, ""eff_fps"": {""pose"": 10, ""object"": 8}, ""latency_ms"": {""pose"": 0, ""object"": 0}, ""svclat_ms"": {""pose"": 86.57, ""object"": 92.64}}, ""b4"": {""services"": [""pose"", ""object""], ""fps"": {""pose"": 12, ""object"": 12}, ""eff_fps"": {""pose"": 12, ""object"": 12}, ""latency_ms"": {""pose"": 0, ""object"": 0}, ""svclat_ms"": {""pose"": 43.16, ""object"": 25.76}}, ""b5"": {""services"": [""pose"", ""object""], ""fps"": {""pose"": 10, ""object"": 10}, ""eff_fps"": {""pose"": 4, ""object"": 3}, ""latency_ms"": {""pose"": 0, ""object"": 0}, ""svclat_ms"": {""pose"": 101.44, ""object"": 101.86}}, ""b6"": {""services"": [""pose"", ""object""], ""fps"": {""pose"": 10, ""object"": 10}, ""eff_fps"": {""pose"": 6, ""object"": 2}, ""latency_ms"": {""pose"": 0, ""object"": 0}, ""svclat_ms"": {""pose"": 100.15, ""object"": 102.28}}, ""b7"": {""services"": [""pose"", ""object""], ""fps"": {""pose"": 10, ""object"": 9}, ""eff_fps"": {""pose"": 8, ""object"": 5}, ""latency_ms"": {""pose"": 0, ""object"": 0}, ""svclat_ms"": {""pose"": 96.15, ""object"": 100.93}}, ""b8"": {""services"": [""pose"", ""object""], ""fps"": {""pose"": 11, ""object"": 12}, ""eff_fps"": {""pose"": 11, ""object"": 12}, ""latency_ms"": {""pose"": 0, ""object"": 0}, ""svclat_ms"": {""pose"": 44.66, ""object"": 26.88}}, ""b9"": {""services"": [""pose"", ""object""], ""fps"": {""pose"": 10, ""object"": 9}, ""eff_fps"": {""pose"": 2, ""object"": 4}, ""latency_ms"": {""pose"": 0, ""object"": 0}, ""svclat_ms"": {""pose"": 102.12, ""object"": 100.86}}, ""b10"": {""services"": [""pose"", ""object""], ""fps"": {""pose"": 10, ""object"": 10}, ""eff_fps"": {""pose"": 10, ""object"": 6}, ""latency_ms"": {""pose"": 0, ""object"": 0}, ""svclat_ms"": {""pose"": 89.49, ""object"": 100.87}}, ""b11"": {""services"": [""pose"", ""object""], ""fps"": {""pose"": 9, ""object"": 10}, ""eff_fps"": {""pose"": 6, ""object"": 3}, ""latency_ms"": {""pose"": 0, ""object"": 0}, ""svclat_ms"": {""pose"": 89.45, ""object"": 100.73}}, ""b12"": {""services"": [""pose"", ""object""], ""fps"": {""pose"": 11, ""object"": 12}, ""eff_fps"": {""pose"": 11, ""object"": 12}, ""latency_ms"": {""pose"": 0, ""object"": 0}, ""svclat_ms"": {""pose"": 65.75, ""object"": 30.96}}}"
212.2,36,36,1.0,0,0,11,15,15,1.0,1191.0,1130.0,0.949,0.0,0.42,0.0,10.38,26.5,10.21,8.46,26.5,7.38,0,0,0,82.62,23.32,78.23,1130,"{""ip-172-31-0-204"": ""healthy"", ""ip-172-31-1-171"": ""healthy"", ""ip-172-31-10-12"": ""healthy"", ""ip-172-31-11-132"": ""healthy"", ""ip-172-31-13-134"": ""healthy"", ""ip-172-31-14-68"": ""healthy"", ""ip-172-31-40-239"": ""healthy""}",subscribe,9.2,0.5231,0,0,"{""ip-172-31-0-204"": {""pose"": 1, ""gesture"": 1, ""object"": 1}, ""ip-172-31-1-171"": {""gesture"": 1, ""pose"": 1, ""object"": 1}, ""ip-172-31-10-12"": {""gesture"": 1, ""object"": 1, ""pose"": 1}, ""ip-172-31-11-132"": {""gesture"": 1}, ""ip-172-31-13-134"": {""gesture"": 1, ""pose"": 1}, ""ip-172-31-14-68"": {""gesture"": 1}, ""ip-172-31-40-239"": {""gesture"": 1, ""object"": 1}}","{""a1"": {""services"": [""pose"", ""gesture""], ""fps"": {""pose"": 10, ""gesture"": 23}, ""eff_fps"": {""pose"": 3, ""gesture"": 23}, ""latency_ms"": {""pose"": 0, ""gesture"": 0}, ""svclat_ms"": {""pose"": 102.55, ""gesture"": 35.19}}, ""a2"": {""services"": [""pose"", ""gesture""], ""fps"": {""pose"": 10, ""gesture"": 23}, ""eff_fps"": {""pose"": 10, ""gesture"": 23}, ""latency_ms"": {""pose"": 0, ""gesture"": 0}, ""svclat_ms"": {""pose"": 91.63, ""gesture"": 31.4}}, ""a3"": {""services"": [""pose"", ""gesture""], ""fps"": {""pose"": 9, ""gesture"": 23}, ""eff_fps"": {""pose"": 8, ""gesture"": 23}, ""latency_ms"": {""pose"": 0, ""gesture"": 0}, ""svclat_ms"": {""pose"": 85.21, ""gesture"": 22.81}}, ""a4"": {""services"": [""pose"", ""gesture""], ""fps"": {""pose"": 12, ""gesture"": 31}, ""eff_fps"": {""pose"": 12, ""gesture"": 31}, ""latency_ms"": {""pose"": 0, ""gesture"": 0}, ""svclat_ms"": {""pose"": 45.28, ""gesture"": 16.2}}, ""a5"": {""services"": [""pose"", ""gesture""], ""fps"": {""pose"": 9, ""gesture"": 30}, ""eff_fps"": {""pose"": 9, ""gesture"": 30}, ""latency_ms"": {""pose"": 0, ""gesture"": 0}, ""svclat_ms"": {""pose"": 92.4, ""gesture"": 18.46}}, ""a6"": {""services"": [""pose"", ""gesture""], ""fps"": {""pose"": 10, ""gesture"": 30}, ""eff_fps"": {""pose"": 10, ""gesture"": 30}, ""latency_ms"": {""pose"": 0, ""gesture"": 0}, ""svclat_ms"": {""pose"": 90.86, ""gesture"": 15.87}}, ""a7"": {""services"": [""pose"", ""gesture""], ""fps"": {""pose"": 10, ""gesture"": 30}, ""eff_fps"": {""pose"": 2, ""gesture"": 30}, ""latency_ms"": {""pose"": 0, ""gesture"": 0}, ""svclat_ms"": {""pose"": 102.92, ""gesture"": 19.65}}, ""a8"": {""services"": [""pose"", ""gesture""], ""fps"": {""pose"": 10, ""gesture"": 23}, ""eff_fps"": {""pose"": 2, ""gesture"": 23}, ""latency_ms"": {""pose"": 0, ""gesture"": 0}, ""svclat_ms"": {""pose"": 102.56, ""gesture"": 30.64}}, ""a9"": {""services"": [""pose"", ""gesture""], ""fps"": {""pose"": 12, ""gesture"": 23}, ""eff_fps"": {""pose"": 12, ""gesture"": 23}, ""latency_ms"": {""pose"": 0, ""gesture"": 0}, ""svclat_ms"": {""pose"": 58.46, ""gesture"": 33.67}}, ""a10"": {""services"": [""pose"", ""gesture""], ""fps"": {""pose"": 10, ""gesture"": 30}, ""eff_fps"": {""pose"": 10, ""gesture"": 30}, ""latency_ms"": {""pose"": 0, ""gesture"": 0}, ""svclat_ms"": {""pose"": 78.2, ""gesture"": 14.61}}, ""a11"": {""services"": [""pose"", ""gesture""], ""fps"": {""pose"": 11, ""gesture"": 23}, ""eff_fps"": {""pose"": 10, ""gesture"": 23}, ""latency_ms"": {""pose"": 0, ""gesture"": 0}, ""svclat_ms"": {""pose"": 93.11, ""gesture"": 24.72}}, ""a12"": {""services"": [""pose"", ""gesture""], ""fps"": {""pose"": 12, ""gesture"": 30}, ""eff_fps"": {""pose"": 12, ""gesture"": 30}, ""latency_ms"": {""pose"": 0, ""gesture"": 0}, ""svclat_ms"": {""pose"": 43.36, ""gesture"": 18.68}}, ""z1"": {""services"": [""gesture"", ""object""], ""fps"": {""gesture"": 30, ""object"": 10}, ""eff_fps"": {""gesture"": 30, ""object"": 10}, ""latency_ms"": {""gesture"": 0, ""object"": 0}, ""svclat_ms"": {""gesture"": 16.94, ""object"": 82.12}}, ""z2"": {""services"": [""gesture"", ""object""], ""fps"": {""gesture"": 30, ""object"": 10}, ""eff_fps"": {""gesture"": 30, ""object"": 2}, ""latency_ms"": {""gesture"": 0, ""object"": 0}, ""svclat_ms"": {""gesture"": 14.82, ""object"": 102.74}}, ""z3"": {""services"": [""gesture"", ""object""], ""fps"": {""gesture"": 23, ""object"": 10}, ""eff_fps"": {""gesture"": 23, ""object"": 4}, ""latency_ms"": {""gesture"": 0, ""object"": 0}, ""svclat_ms"": {""gesture"": 35.65, ""object"": 99.27}}, ""z4"": {""services"": [""gesture"", ""object""], ""fps"": {""gesture"": 22, ""object"": 10}, ""eff_fps"": {""gesture"": 22, ""object"": 4}, ""latency_ms"": {""gesture"": 0, ""object"": 0}, ""svclat_ms"": {""gesture"": 21.93, ""object"": 101.53}}, ""z5"": {""services"": [""gesture"", ""object""], ""fps"": {""gesture"": 23, ""object"": 11}, ""eff_fps"": {""gesture"": 23, ""object"": 11}, ""latency_ms"": {""gesture"": 0, ""object"": 0}, ""svclat_ms"": {""gesture"": 29.91, ""object"": 24.78}}, ""z6"": {""services"": [""gesture"", ""object""], ""fps"": {""gesture"": 30, ""object"": 10}, ""eff_fps"": {""gesture"": 30, ""object"": 10}, ""latency_ms"": {""gesture"": 0, ""object"": 0}, ""svclat_ms"": {""gesture"": 15.89, ""object"": 86.97}}, ""z7"": {""services"": [""gesture"", ""object""], ""fps"": {""gesture"": 30, ""object"": 10}, ""eff_fps"": {""gesture"": 30, ""object"": 6}, ""latency_ms"": {""gesture"": 0, ""object"": 0}, ""svclat_ms"": {""gesture"": 18.6, ""object"": 97.74}}, ""z8"": {""services"": [""gesture"", ""object""], ""fps"": {""gesture"": 23, ""object"": 10}, ""eff_fps"": {""gesture"": 23, ""object"": 10}, ""latency_ms"": {""gesture"": 0, ""object"": 0}, ""svclat_ms"": {""gesture"": 35.08, ""object"": 81.58}}, ""z9"": {""services"": [""gesture"", ""object""], ""fps"": {""gesture"": 30, ""object"": 11}, ""eff_fps"": {""gesture"": 30, ""object"": 11}, ""latency_ms"": {""gesture"": 0, ""object"": 0}, ""svclat_ms"": {""gesture"": 16.27, ""object"": 29.2}}, ""z10"": {""services"": [""gesture"", ""object""], ""fps"": {""gesture"": 30, ""object"": 10}, ""eff_fps"": {""gesture"": 30, ""object"": 3}, ""latency_ms"": {""gesture"": 0, ""object"": 0}, ""svclat_ms"": {""gesture"": 17.21, ""object"": 102.68}}, ""z11"": {""services"": [""gesture"", ""object""], ""fps"": {""gesture"": 23, ""object"": 10}, ""eff_fps"": {""gesture"": 23, ""object"": 7}, ""latency_ms"": {""gesture"": 0, ""object"": 0}, ""svclat_ms"": {""gesture"": 29.89, ""object"": 97.31}}, ""z12"": {""services"": [""gesture"", ""object""], ""fps"": {""gesture"": 23, ""object"": 10}, ""eff_fps"": {""gesture"": 23, ""object"": 2}, ""latency_ms"": {""gesture"": 0, ""object"": 0}, ""svclat_ms"": {""gesture"": 25.64, ""object"": 102.8}}, ""b1"": {""services"": [""pose"", ""object""], ""fps"": {""pose"": 10, ""object"": 11}, ""eff_fps"": {""pose"": 3, ""object"": 11}, ""latency_ms"": {""pose"": 0, ""object"": 0}, ""svclat_ms"": {""pose"": 102.52, ""object"": 36.34}}, ""b2"": {""services"": [""pose"", ""object""], ""fps"": {""pose"": 11, ""object"": 10}, ""eff_fps"": {""pose"": 11, ""object"": 6}, ""latency_ms"": {""pose"": 0, ""object"": 0}, ""svclat_ms"": {""pose"": 73.61, ""object"": 98.29}}, ""b3"": {""services"": [""pose"", ""object""], ""fps"": {""pose"": 10, ""object"": 10}, ""eff_fps"": {""pose"": 10, ""object"": 10}, ""latency_ms"": {""pose"": 0, ""object"": 0}, ""svclat_ms"": {""pose"": 91.65, ""object"": 83.34}}, ""b4"": {""services"": [""pose"", ""object""], ""fps"": {""pose"": 11, ""object"": 11}, ""eff_fps"": {""pose"": 11, ""object"": 11}, ""latency_ms"": {""pose"": 0, ""object"": 0}, ""svclat_ms"": {""pose"": 45.04, ""object"": 23.68}}, ""b5"": {""services"": [""pose"", ""object""], ""fps"": {""pose"": 9, ""object"": 9}, ""eff_fps"": {""pose"": 3, ""object"": 2}, ""latency_ms"": {""pose"": 0, ""object"": 0}, ""svclat_ms"": {""pose"": 103.18, ""object"": 102.78}}, ""b6"": {""services"": [""pose"", ""object""], ""fps"": {""pose"": 10, ""object"": 10}, ""eff_fps"": {""pose"": 10, ""object"": 10}, ""latency_ms"": {""pose"": 0, ""object"": 0}, ""svclat_ms"": {""pose"": 91.49, ""object"": 88.44}}, ""b7"": {""services"": [""pose"", ""object""], ""fps"": {""pose"": 10, ""object"": 10}, ""eff_fps"": {""pose"": 9, ""object"": 6}, ""latency_ms"": {""pose"": 0, ""object"": 0}, ""svclat_ms"": {""pose"": 91.18, ""object"": 99.39}}, ""b8"": {""services"": [""pose"", ""object""], ""fps"": {""pose"": 11, ""object"": 11}, ""eff_fps"": {""pose"": 11, ""object"": 11}, ""latency_ms"": {""pose"": 0, ""object"": 0}, ""svclat_ms"": {""pose"": 52.85, ""object"": 24.39}}, ""b9"": {""services"": [""pose"", ""object""], ""fps"": {""pose"": 10, ""object"": 10}, ""eff_fps"": {""pose"": 3, ""object"": 4}, ""latency_ms"": {""pose"": 0, ""object"": 0}, ""svclat_ms"": {""pose"": 102.7, ""object"": 102.16}}, ""b10"": {""services"": [""pose"", ""object""], ""fps"": {""pose"": 10, ""object"": 10}, ""eff_fps"": {""pose"": 10, ""object"": 10}, ""latency_ms"": {""pose"": 0, ""object"": 0}, ""svclat_ms"": {""pose"": 92.97, ""object"": 83.25}}, ""b11"": {""services"": [""pose"", ""object""], ""fps"": {""pose"": 11, ""object"": 10}, ""eff_fps"": {""pose"": 11, ""object"": 5}, ""latency_ms"": {""pose"": 0, ""object"": 0}, ""svclat_ms"": {""pose"": 76.33, ""object"": 99.75}}, ""b12"": {""services"": [""pose"", ""object""], ""fps"": {""pose"": 11, ""object"": 11}, ""eff_fps"": {""pose"": 11, ""object"": 11}, ""latency_ms"": {""pose"": 0, ""object"": 0}, ""svclat_ms"": {""pose"": 72.84, ""object"": 26.88}}}"
214.6,36,36,1.0,0,0,11,15,15,1.0,1191.0,1130.0,0.949,0.0,0.42,0.0,9.96,26.38,10.0,9.67,26.38,9.38,0,0,0,62.0,25.75,60.8,1112,"{""ip-172-31-0-204"": ""healthy"", ""ip-172-31-1-171"": ""healthy"", ""ip-172-31-10-12"": ""healthy"", ""ip-172-31-11-132"": ""healthy"", ""ip-172-31-13-134"": ""healthy"", ""ip-172-31-14-68"": ""healthy"", ""ip-172-31-40-239"": ""healthy""}",subscribe,9.2,0.5231,0,0,"{""ip-172-31-0-204"": {""pose"": 1, ""gesture"": 1, ""object"": 1}, ""ip-172-31-1-171"": {""gesture"": 1, ""pose"": 1, ""object"": 1}, ""ip-172-31-10-12"": {""gesture"": 1, ""object"": 1, ""pose"": 1}, ""ip-172-31-11-132"": {""gesture"": 1}, ""ip-172-31-13-134"": {""gesture"": 1, ""pose"": 1}, ""ip-172-31-14-68"": {""gesture"": 1}, ""ip-172-31-40-239"": {""gesture"": 1, ""object"": 1}}","{""a1"": {""services"": [""pose"", ""gesture""], ""fps"": {""pose"": 10, ""gesture"": 23}, ""eff_fps"": {""pose"": 10, ""gesture"": 23}, ""latency_ms"": {""pose"": 0, ""gesture"": 0}, ""svclat_ms"": {""pose"": 48.89, ""gesture"": 36.04}}, ""a2"": {""services"": [""pose"", ""gesture""], ""fps"": {""pose"": 9, ""gesture"": 22}, ""eff_fps"": {""pose"": 9, ""gesture"": 22}, ""latency_ms"": {""pose"": 0, ""gesture"": 0}, ""svclat_ms"": {""pose"": 79.98, ""gesture"": 32.0}}, ""a3"": {""services"": [""pose"", ""gesture""], ""fps"": {""pose"": 9, ""gesture"": 22}, ""eff_fps"": {""pose"": 9, ""gesture"": 22}, ""latency_ms"": {""pose"": 0, ""gesture"": 0}, ""svclat_ms"": {""pose"": 60.36, ""gesture"": 33.84}}, ""a4"": {""services"": [""pose"", ""gesture""], ""fps"": {""pose"": 11, ""gesture"": 30}, ""eff_fps"": {""pose"": 11, ""gesture"": 30}, ""latency_ms"": {""pose"": 0, ""gesture"": 0}, ""svclat_ms"": {""pose"": 41.88, ""gesture"": 15.8}}, ""a5"": {""services"": [""pose"", ""gesture""], ""fps"": {""pose"": 9, ""gesture"": 31}, ""eff_fps"": {""pose"": 9, ""gesture"": 31}, ""latency_ms"": {""pose"": 0, ""gesture"": 0}, ""svclat_ms"": {""pose"": 63.5, ""gesture"": 18.57}}, ""a6"": {""services"": [""pose"", ""gesture""], ""fps"": {""pose"": 9, ""gesture"": 30}, ""eff_fps"": {""pose"": 8, ""gesture"": 30}, ""latency_ms"": {""pose"": 0, ""gesture"": 0}, ""svclat_ms"": {""pose"": 117.14, ""gesture"": 16.05}}, ""a7"": {""services"": [""pose"", ""gesture""], ""fps"": {""pose"": 9, ""gesture"": 30}, ""eff_fps"": {""pose"": 9, ""gesture"": 30}, ""latency_ms"": {""pose"": 0, ""gesture"": 0}, ""svclat_ms"": {""pose"": 44.9, ""gesture"": 19.47}}, ""a8"": {""services"": [""pose"", ""gesture""], ""fps"": {""pose"": 10, ""gesture"": 23}, ""eff_fps"": {""pose"": 10, ""gesture"": 23}, ""latency_ms"": {""pose"": 0, ""gesture"": 0}, ""svclat_ms"": {""pose"": 43.16, ""gesture"": 33.42}}, ""a9"": {""services"": [""pose"", ""gesture""], ""fps"": {""pose"": 12, ""gesture"": 23}, ""eff_fps"": {""pose"": 12, ""gesture"": 23}, ""latency_ms"": {""pose"": 0, ""gesture"": 0}, ""svclat_ms"": {""pose"": 56.07, ""gesture"": 33.21}}, ""a10"": {""services"": [""pose"", ""gesture""], ""fps"": {""pose"": 10, ""gesture"": 30}, ""eff_fps"": {""pose"": 10, ""gesture"": 30}, ""latency_ms"": {""pose"": 0, ""gesture"": 0}, ""svclat_ms"": {""pose"": 62.28, ""gesture"": 14.68}}, ""a11"": {""services"": [""pose"", ""gesture""], ""fps"": {""pose"": 9, ""gesture"": 22}, ""eff_fps"": {""pose"": 6, ""gesture"": 22}, ""latency_ms"": {""pose"": 0, ""gesture"": 0}, ""svclat_ms"": {""pose"": 96.07, ""gesture"": 41.38}}, ""a12"": {""services"": [""pose"", ""gesture""], ""fps"": {""pose"": 11, ""gesture"": 30}, ""eff_fps"": {""pose"": 11, ""gesture"": 30}, ""latency_ms"": {""pose"": 0, ""gesture"": 0}, ""svclat_ms"": {""pose"": 37.58, ""gesture"": 18.49}}, ""z1"": {""services"": [""gesture"", ""object""], ""fps"": {""gesture"": 30, ""object"": 10}, ""eff_fps"": {""gesture"": 30, ""object"": 9}, ""latency_ms"": {""gesture"": 0, ""object"": 0}, ""svclat_ms"": {""gesture"": 17.36, ""object"": 84.14}}, ""z2"": {""services"": [""gesture"", ""object""], ""fps"": {""gesture"": 30, ""object"": 10}, ""eff_fps"": {""gesture"": 30, ""object"": 10}, ""latency_ms"": {""gesture"": 0, ""object"": 0}, ""svclat_ms"": {""gesture"": 14.83, ""object"": 36.24}}, ""z3"": {""services"": [""gesture"", ""object""], ""fps"": {""gesture"": 23, ""object"": 10}, ""eff_fps"": {""gesture"": 23, ""object"": 10}, ""latency_ms"": {""gesture"": 0, ""object"": 0}, ""svclat_ms"": {""gesture"": 34.27, ""object"": 48.74}}, ""z4"": {""services"": [""gesture"", ""object""], ""fps"": {""gesture"": 22, ""object"": 9}, ""eff_fps"": {""gesture"": 22, ""object"": 9}, ""latency_ms"": {""gesture"": 0, ""object"": 0}, ""svclat_ms"": {""gesture"": 40.98, ""object"": 78.32}}, ""z5"": {""services"": [""gesture"", ""object""], ""fps"": {""gesture"": 23, ""object"": 11}, ""eff_fps"": {""gesture"": 23, ""object"": 11}, ""latency_ms"": {""gesture"": 0, ""object"": 0}, ""svclat_ms"": {""gesture"": 22.36, ""object"": 26.54}}, ""z6"": {""services"": [""gesture"", ""object""], ""fps"": {""gesture"": 30, ""object"": 10}, ""eff_fps"": {""gesture"": 30, ""object"": 6}, ""latency_ms"": {""gesture"": 0, ""object"": 0}, ""svclat_ms"": {""gesture"": 15.86, ""object"": 97.84}}, ""z7"": {""services"": [""gesture"", ""object""], ""fps"": {""gesture"": 30, ""object"": 10}, ""eff_fps"": {""gesture"": 30, ""object"": 10}, ""latency_ms"": {""gesture"": 0, ""object"": 0}, ""svclat_ms"": {""gesture"": 18.02, ""object"": 75.49}}, ""z8"": {""services"": [""gesture"", ""object""], ""fps"": {""gesture"": 23, ""object"": 10}, ""eff_fps"": {""gesture"": 23, ""object"": 10}, ""latency_ms"": {""gesture"": 0, ""object"": 0}, ""svclat_ms"": {""gesture"": 37.44, ""object"": 81.64}}, ""z9"": {""services"": [""gesture"", ""object""], ""fps"": {""gesture"": 30, ""object"": 11}, ""eff_fps"": {""gesture"": 30, ""object"": 11}, ""latency_ms"": {""gesture"": 0, ""object"": 0}, ""svclat_ms"": {""gesture"": 16.28, ""object"": 31.06}}, ""z10"": {""services"": [""gesture"", ""object""], ""fps"": {""gesture"": 30, ""object"": 10}, ""eff_fps"": {""gesture"": 30, ""object"": 10}, ""latency_ms"": {""gesture"": 0, ""object"": 0}, ""svclat_ms"": {""gesture"": 17.52, ""object"": 66.97}}, ""z11"": {""services"": [""gesture"", ""object""], ""fps"": {""gesture"": 23, ""object"": 9}, ""eff_fps"": {""gesture"": 23, ""object"": 9}, ""latency_ms"": {""gesture"": 0, ""object"": 0}, ""svclat_ms"": {""gesture"": 33.79, ""object"": 61.91}}, ""z12"": {""services"": [""gesture"", ""object""], ""fps"": {""gesture"": 23, ""object"": 9}, ""eff_fps"": {""gesture"": 23, ""object"": 9}, ""latency_ms"": {""gesture"": 0, ""object"": 0}, ""svclat_ms"": {""gesture"": 36.37, ""object"": 71.94}}, ""b1"": {""services"": [""pose"", ""object""], ""fps"": {""pose"": 10, ""object"": 11}, ""eff_fps"": {""pose"": 10, ""object"": 11}, ""latency_ms"": {""pose"": 0, ""object"": 0}, ""svclat_ms"": {""pose"": 41.27, ""object"": 38.4}}, ""b2"": {""services"": [""pose"", ""object""], ""fps"": {""pose"": 9, ""object"": 10}, ""eff_fps"": {""pose"": 9, ""object"": 8}, ""latency_ms"": {""pose"": 0, ""object"": 0}, ""svclat_ms"": {""pose"": 83.13, ""object"": 89.98}}, ""b3"": {""services"": [""pose"", ""object""], ""fps"": {""pose"": 10, ""object"": 9}, ""eff_fps"": {""pose"": 8, ""object"": 4}, ""latency_ms"": {""pose"": 0, ""object"": 0}, ""svclat_ms"": {""pose"": 94.2, ""object"": 99.97}}, ""b4"": {""services"": [""pose"", ""object""], ""fps"": {""pose"": 12, ""object"": 11}, ""eff_fps"": {""pose"": 12, ""object"": 11}, ""latency_ms"": {""pose"": 0, ""object"": 0}, ""svclat_ms"": {""pose"": 46.17, ""object"": 25.07}}, ""b5"": {""services"": [""pose"", ""object""], ""fps"": {""pose"": 10, ""object"": 10}, ""eff_fps"": {""pose"": 10, ""object"": 10}, ""latency_ms"": {""pose"": 0, ""object"": 0}, ""svclat_ms"": {""pose"": 47.24, ""object"": 57.9}}, ""b6"": {""services"": [""pose"", ""object""], ""fps"": {""pose"": 10, ""object"": 10}, ""eff_fps"": {""pose"": 10, ""object"": 10}, ""latency_ms"": {""pose"": 0, ""object"": 0}, ""svclat_ms"": {""pose"": 75.24, ""object"": 75.79}}, ""b7"": {""services"": [""pose"", ""object""], ""fps"": {""pose"": 9, ""object"": 9}, ""eff_fps"": {""pose"": 9, ""object"": 9}, ""latency_ms"": {""pose"": 0, ""object"": 0}, ""svclat_ms"": {""pose"": 43.08, ""object"": 39.53}}, ""b8"": {""services"": [""pose"", ""object""], ""fps"": {""pose"": 11, ""object"": 11}, ""eff_fps"": {""pose"": 11, ""object"": 11}, ""latency_ms"": {""pose"": 0, ""object"": 0}, ""svclat_ms"": {""pose"": 44.89, ""object"": 23.26}}, ""b9"": {""services"": [""pose"", ""object""], ""fps"": {""pose"": 9, ""object"": 9}, ""eff_fps"": {""pose"": 9, ""object"": 9}, ""latency_ms"": {""pose"": 0, ""object"": 0}, ""svclat_ms"": {""pose"": 41.47, ""object"": 45.82}}, ""b10"": {""services"": [""pose"", ""object""], ""fps"": {""pose"": 9, ""object"": 10}, ""eff_fps"": {""pose"": 8, ""object"": 7}, ""latency_ms"": {""pose"": 0, ""object"": 0}, ""svclat_ms"": {""pose"": 86.06, ""object"": 92.42}}, ""b11"": {""services"": [""pose"", ""object""], ""fps"": {""pose"": 10, ""object"": 10}, ""eff_fps"": {""pose"": 10, ""object"": 10}, ""latency_ms"": {""pose"": 0, ""object"": 0}, ""svclat_ms"": {""pose"": 67.05, ""object"": 82.36}}, ""b12"": {""services"": [""pose"", ""object""], ""fps"": {""pose"": 12, ""object"": 11}, ""eff_fps"": {""pose"": 12, ""object"": 11}, ""latency_ms"": {""pose"": 0, ""object"": 0}, ""svclat_ms"": {""pose"": 66.32, ""object"": 27.85}}}"
217.0,36,36,1.0,0,0,11,15,15,1.0,1191.0,1130.0,0.949,0.0,0.42,0.0,10.29,26.46,10.29,6.42,26.46,5.62,0,0,0,86.75,25.21,81.83,1129,"{""ip-172-31-0-204"": ""healthy"", ""ip-172-31-1-171"": ""healthy"", ""ip-172-31-10-12"": ""healthy"", ""ip-172-31-11-132"": ""healthy"", ""ip-172-31-13-134"": ""healthy"", ""ip-172-31-14-68"": ""healthy"", ""ip-172-31-40-239"": ""healthy""}",subscribe,9.2,0.5231,0,0,"{""ip-172-31-0-204"": {""pose"": 1, ""gesture"": 1, ""object"": 1}, ""ip-172-31-1-171"": {""gesture"": 1, ""pose"": 1, ""object"": 1}, ""ip-172-31-10-12"": {""gesture"": 1, ""object"": 1, ""pose"": 1}, ""ip-172-31-11-132"": {""gesture"": 1}, ""ip-172-31-13-134"": {""gesture"": 1, ""pose"": 1}, ""ip-172-31-14-68"": {""gesture"": 1}, ""ip-172-31-40-239"": {""gesture"": 1, ""object"": 1}}","{""a1"": {""services"": [""pose"", ""gesture""], ""fps"": {""pose"": 10, ""gesture"": 23}, ""eff_fps"": {""pose"": 2, ""gesture"": 23}, ""latency_ms"": {""pose"": 0, ""gesture"": 0}, ""svclat_ms"": {""pose"": 103.54, ""gesture"": 42.05}}, ""a2"": {""services"": [""pose"", ""gesture""], ""fps"": {""pose"": 10, ""gesture"": 23}, ""eff_fps"": {""pose"": 6, ""gesture"": 23}, ""latency_ms"": {""pose"": 0, ""gesture"": 0}, ""svclat_ms"": {""pose"": 93.44, ""gesture"": 29.39}}, ""a3"": {""services"": [""pose"", ""gesture""], ""fps"": {""pose"": 10, ""gesture"": 23}, ""eff_fps"": {""pose"": 5, ""gesture"": 23}, ""latency_ms"": {""pose"": 0, ""gesture"": 0}, ""svclat_ms"": {""pose"": 101.35, ""gesture"": 31.21}}, ""a4"": {""services"": [""pose"", ""gesture""], ""fps"": {""pose"": 11, ""gesture"": 29}, ""eff_fps"": {""pose"": 11, ""gesture"": 29}, ""latency_ms"": {""pose"": 0, ""gesture"": 0}, ""svclat_ms"": {""pose"": 44.62, ""gesture"": 16.0}}, ""a5"": {""services"": [""pose"", ""gesture""], ""fps"": {""pose"": 10, ""gesture"": 30}, ""eff_fps"": {""pose"": 6, ""gesture"": 30}, ""latency_ms"": {""pose"": 0, ""gesture"": 0}, ""svclat_ms"": {""pose"": 100.43, ""gesture"": 18.68}}, ""a6"": {""services"": [""pose"", ""gesture""], ""fps"": {""pose"": 10, ""gesture"": 30}, ""eff_fps"": {""pose"": 8, ""gesture"": 30}, ""latency_ms"": {""pose"": 0, ""gesture"": 0}, ""svclat_ms"": {""pose"": 91.85, ""gesture"": 16.42}}, ""a7"": {""services"": [""pose"", ""gesture""], ""fps"": {""pose"": 10, ""gesture"": 30}, ""eff_fps"": {""pose"": 1, ""gesture"": 30}, ""latency_ms"": {""pose"": 0, ""gesture"": 0}, ""svclat_ms"": {""pose"": 103.98, ""gesture"": 19.61}}, ""a8"": {""services"": [""pose"", ""gesture""], ""fps"": {""pose"": 9, ""gesture"": 23}, ""eff_fps"": {""pose"": 2, ""gesture"": 23}, ""latency_ms"": {""pose"": 0, ""gesture"": 0}, ""svclat_ms"": {""pose"": 103.56, ""gesture"": 29.98}}, ""a9"": {""services"": [""pose"", ""gesture""], ""fps"": {""pose"": 12, ""gesture"": 23}, ""eff_fps"": {""pose"": 12, ""gesture"": 23}, ""latency_ms"": {""pose"": 0, ""gesture"": 0}, ""svclat_ms"": {""pose"": 56.65, ""gesture"": 40.49}}, ""a10"": {""services"": [""pose"", ""gesture""], ""fps"": {""pose"": 9, ""gesture"": 30}, ""eff_fps"": {""pose"": 4, ""gesture"": 30}, ""latency_ms"": {""pose"": 0, ""gesture"": 0}, ""svclat_ms"": {""pose"": 100.54, ""gesture"": 15.11}}, ""a11"": {""services"": [""pose"", ""gesture""], ""fps"": {""pose"": 10, ""gesture"": 23}, ""eff_fps"": {""pose"": 9, ""gesture"": 23}, ""latency_ms"": {""pose"": 0, ""gesture"": 0}, ""svclat_ms"": {""pose"": 88.37, ""gesture"": 27.28}}, ""a12"": {""services"": [""pose"", ""gesture""], ""fps"": {""pose"": 11, ""gesture"": 30}, ""eff_fps"": {""pose"": 11, ""gesture"": 30}, ""latency_ms"": {""pose"": 0, ""gesture"": 0}, ""svclat_ms"": {""pose"": 39.39, ""gesture"": 18.39}}, ""z1"": {""services"": [""gesture"", ""object""], ""fps"": {""gesture"": 30, ""object"": 10}, ""eff_fps"": {""gesture"": 30, ""object"": 5}, ""latency_ms"": {""gesture"": 0, ""object"": 0}, ""svclat_ms"": {""gesture"": 17.46, ""object"": 98.76}}, ""z2"": {""services"": [""gesture"", ""object""], ""fps"": {""gesture"": 30, ""object"": 10}, ""eff_fps"": {""gesture"": 30, ""object"": 2}, ""latency_ms"": {""gesture"": 0, ""object"": 0}, ""svclat_ms"": {""gesture"": 14.99, ""object"": 101.92}}, ""z3"": {""services"": [""gesture"", ""object""], ""fps"": {""gesture"": 23, ""object"": 9}, ""eff_fps"": {""gesture"": 23, ""object"": 3}, ""latency_ms"": {""gesture"": 0, ""object"": 0}, ""svclat_ms"": {""gesture"": 43.03, ""object"": 101.48}}, ""z4"": {""services"": [""gesture"", ""object""], ""fps"": {""gesture"": 23, ""object"": 10}, ""eff_fps"": {""gesture"": 23, ""object"": 2}, ""latency_ms"": {""gesture"": 0, ""object"": 0}, ""svclat_ms"": {""gesture"": 30.65, ""object"": 101.94}}, ""z5"": {""services"": [""gesture"", ""object""], ""fps"": {""gesture"": 23, ""object"": 12}, ""eff_fps"": {""gesture"": 23, ""object"": 12}, ""latency_ms"": {""gesture"": 0, ""object"": 0}, ""svclat_ms"": {""gesture"": 20.9, ""object"": 24.96}}, ""z6"": {""services"": [""gesture"", ""object""], ""fps"": {""gesture"": 30, ""object"": 10}, ""eff_fps"": {""gesture"": 30, ""object"": 3}, ""latency_ms"": {""gesture"": 0, ""object"": 0}, ""svclat_ms"": {""gesture"": 15.74, ""object"": 101.51}}, ""z7"": {""services"": [""gesture"", ""object""], ""fps"": {""gesture"": 30, ""object"": 10}, ""eff_fps"": {""gesture"": 30, ""object"": 4}, ""latency_ms"": {""gesture"": 0, ""object"": 0}, ""svclat_ms"": {""gesture"": 18.65, ""object"": 100.75}}, ""z8"": {""services"": [""gesture"", ""object""], ""fps"": {""gesture"": 22, ""object"": 10}, ""eff_fps"": {""gesture"": 22, ""object"": 4}, ""latency_ms"": {""gesture"": 0, ""object"": 0}, ""svclat_ms"": {""gesture"": 44.09, ""object"": 90.31}}, ""z9"": {""services"": [""gesture"", ""object""], ""fps"": {""gesture"": 30, ""object"": 11}, ""eff_fps"": {""gesture"": 30, ""object"": 11}, ""latency_ms"": {""gesture"": 0, ""object"": 0}, ""svclat_ms"": {""gesture"": 16.64, ""object"": 30.61}}, ""z10"": {""services"": [""gesture"", ""object""], ""fps"": {""gesture"": 30, ""object"": 10}, ""eff_fps"": {""gesture"": 30, ""object"": 2}, ""latency_ms"": {""gesture"": 0, ""object"": 0}, ""svclat_ms"": {""gesture"": 17.9, ""object"": 102.47}}, ""z11"": {""services"": [""gesture"", ""object""], ""fps"": {""gesture"": 23, ""object"": 10}, ""eff_fps"": {""gesture"": 23, ""object"": 7}, ""latency_ms"": {""gesture"": 0, ""object"": 0}, ""svclat_ms"": {""gesture"": 31.9, ""object"": 93.99}}, ""z12"": {""services"": [""gesture"", ""object""], ""fps"": {""gesture"": 24, ""object"": 10}, ""eff_fps"": {""gesture"": 24, ""object"": 3}, ""latency_ms"": {""gesture"": 0, ""object"": 0}, ""svclat_ms"": {""gesture"": 28.48, ""object"": 101.55}}, ""b1"": {""services"": [""pose"", ""object""], ""fps"": {""pose"": 10, ""object"": 12}, ""eff_fps"": {""pose"": 2, ""object"": 12}, ""latency_ms"": {""pose"": 0, ""object"": 0}, ""svclat_ms"": {""pose"": 103.28, ""object"": 36.04}}, ""b2"": {""services"": [""pose"", ""object""], ""fps"": {""pose"": 10, ""object"": 10}, ""eff_fps"": {""pose"": 7, ""object"": 4}, ""latency_ms"": {""pose"": 0, ""object"": 0}, ""svclat_ms"": {""pose"": 97.87, ""object"": 100.91}}, ""b3"": {""services"": [""pose"", ""object""], ""fps"": {""pose"": 9, ""object"": 10}, ""eff_fps"": {""pose"": 3, ""object"": 2}, ""latency_ms"": {""pose"": 0, ""object"": 0}, ""svclat_ms"": {""pose"": 106.83, ""object"": 101.21}}, ""b4"": {""services"": [""pose"", ""object""], ""fps"": {""pose"": 12, ""object"": 11}, ""eff_fps"": {""pose"": 12, ""object"": 11}, ""latency_ms"": {""pose"": 0, ""object"": 0}, ""svclat_ms"": {""pose"": 39.62, ""object"": 22.84}}, ""b5"": {""services"": [""pose"", ""object""], ""fps"": {""pose"": 10, ""object"": 10}, ""eff_fps"": {""pose"": 2, ""object"": 3}, ""latency_ms"": {""pose"": 0, ""object"": 0}, ""svclat_ms"": {""pose"": 102.44, ""object"": 102.13}}, ""b6"": {""services"": [""pose"", ""object""], ""fps"": {""pose"": 10, ""object"": 10}, ""eff_fps"": {""pose"": 9, ""object"": 4}, ""latency_ms"": {""pose"": 0, ""object"": 0}, ""svclat_ms"": {""pose"": 95.09, ""object"": 96.57}}, ""b7"": {""services"": [""pose"", ""object""], ""fps"": {""pose"": 10, ""object"": 10}, ""eff_fps"": {""pose"": 6, ""object"": 6}, ""latency_ms"": {""pose"": 0, ""object"": 0}, ""svclat_ms"": {""pose"": 99.2, ""object"": 99.22}}, ""b8"": {""services"": [""pose"", ""object""], ""fps"": {""pose"": 12, ""object"": 11}, ""eff_fps"": {""pose"": 12, ""object"": 11}, ""latency_ms"": {""pose"": 0, ""object"": 0}, ""svclat_ms"": {""pose"": 44.71, ""object"": 24.13}}, ""b9"": {""services"": [""pose"", ""object""], ""fps"": {""pose"": 10, ""object"": 10}, ""eff_fps"": {""pose"": 1, ""object"": 4}, ""latency_ms"": {""pose"": 0, ""object"": 0}, ""svclat_ms"": {""pose"": 104.25, ""object"": 101.98}}, ""b10"": {""services"": [""pose"", ""object""], ""fps"": {""pose"": 10, ""object"": 10}, ""eff_fps"": {""pose"": 4, ""object"": 5}, ""latency_ms"": {""pose"": 0, ""object"": 0}, ""svclat_ms"": {""pose"": 99.99, ""object"": 99.95}}, ""b11"": {""services"": [""pose"", ""object""], ""fps"": {""pose"": 10, ""object"": 10}, ""eff_fps"": {""pose"": 7, ""object"": 4}, ""latency_ms"": {""pose"": 0, ""object"": 0}, ""svclat_ms"": {""pose"": 97.13, ""object"": 101.83}}, ""b12"": {""services"": [""pose"", ""object""], ""fps"": {""pose"": 12, ""object"": 11}, ""eff_fps"": {""pose"": 12, ""object"": 11}, ""latency_ms"": {""pose"": 0, ""object"": 0}, ""svclat_ms"": {""pose"": 63.93, ""object"": 26.91}}}"
219.4,36,36,1.0,0,0,11,15,15,1.0,1191.0,1130.0,0.949,0.0,0.42,0.0,10.17,26.21,10.38,5.57,26.21,5.87,0,0,0,89.48,25.9,83.52,1122,"{""ip-172-31-0-204"": ""healthy"", ""ip-172-31-1-171"": ""healthy"", ""ip-172-31-10-12"": ""healthy"", ""ip-172-31-11-132"": ""healthy"", ""ip-172-31-13-134"": ""healthy"", ""ip-172-31-14-68"": ""healthy"", ""ip-172-31-40-239"": ""healthy""}",subscribe,9.2,0.5231,0,0,"{""ip-172-31-0-204"": {""pose"": 1, ""gesture"": 1, ""object"": 1}, ""ip-172-31-1-171"": {""gesture"": 1, ""pose"": 1, ""object"": 1}, ""ip-172-31-10-12"": {""gesture"": 1, ""object"": 1, ""pose"": 1}, ""ip-172-31-11-132"": {""gesture"": 1}, ""ip-172-31-13-134"": {""gesture"": 1, ""pose"": 1}, ""ip-172-31-14-68"": {""gesture"": 1}, ""ip-172-31-40-239"": {""gesture"": 1, ""object"": 1}}","{""a1"": {""services"": [""pose"", ""gesture""], ""fps"": {""pose"": 10, ""gesture"": 22}, ""eff_fps"": {""pose"": 0, ""gesture"": 22}, ""latency_ms"": {""pose"": 0, ""gesture"": 0}, ""svclat_ms"": {""pose"": 104.31, ""gesture"": 44.36}}, ""a2"": {""services"": [""pose"", ""gesture""], ""fps"": {""pose"": 10, ""gesture"": 23}, ""eff_fps"": {""pose"": 6, ""gesture"": 23}, ""latency_ms"": {""pose"": 0, ""gesture"": 0}, ""svclat_ms"": {""pose"": 99.14, ""gesture"": 35.59}}, ""a3"": {""services"": [""pose"", ""gesture""], ""fps"": {""pose"": 9, ""gesture"": 23}, ""eff_fps"": {""pose"": 3, ""gesture"": 23}, ""latency_ms"": {""pose"": 0, ""gesture"": 0}, ""svclat_ms"": {""pose"": 104.35, ""gesture"": 22.06}}, ""a4"": {""services"": [""pose"", ""gesture""], ""fps"": {""pose"": 12, ""gesture"": 30}, ""eff_fps"": {""pose"": 12, ""gesture"": 30}, ""latency_ms"": {""pose"": 0, ""gesture"": 0}, ""svclat_ms"": {""pose"": 37.66, ""gesture"": 15.87}}, ""a5"": {""services"": [""pose"", ""gesture""], ""fps"": {""pose"": 10, ""gesture"": 30}, ""eff_fps"": {""pose"": 2, ""gesture"": 30}, ""latency_ms"": {""pose"": 0, ""gesture"": 0}, ""svclat_ms"": {""pose"": 103.78, ""gesture"": 18.8}}, ""a6"": {""services"": [""pose"", ""gesture""], ""fps"": {""pose"": 10, ""gesture"": 30}, ""eff_fps"": {""pose"": 7, ""gesture"": 30}, ""latency_ms"": {""pose"": 0, ""gesture"": 0}, ""svclat_ms"": {""pose"": 98.51, ""gesture"": 16.45}}, ""a7"": {""services"": [""pose"", ""gesture""], ""fps"": {""pose"": 9, ""gesture"": 30}, ""eff_fps"": {""pose"": 1, ""gesture"": 30}, ""latency_ms"": {""pose"": 0, ""gesture"": 0}, ""svclat_ms"": {""pose"": 103.04, ""gesture"": 19.62}}, ""a8"": {""services"": [""pose"", ""gesture""], ""fps"": {""pose"": 9, ""gesture"": 22}, ""eff_fps"": {""pose"": 1, ""gesture"": 22}, ""latency_ms"": {""pose"": 0, ""gesture"": 0}, ""svclat_ms"": {""pose"": 104.29, ""gesture"": 36.35}}, ""a9"": {""services"": [""pose"", ""gesture""], ""fps"": {""pose"": 11, ""gesture"": 22}, ""eff_fps"": {""pose"": 11, ""gesture"": 22}, ""latency_ms"": {""pose"": 0, ""gesture"": 0}, ""svclat_ms"": {""pose"": 50.9, ""gesture"": 43.71}}, ""a10"": {""services"": [""pose"", ""gesture""], ""fps"": {""pose"": 10, ""gesture"": 30}, ""eff_fps"": {""pose"": 2, ""gesture"": 30}, ""latency_ms"": {""pose"": 0, ""gesture"": 0}, ""svclat_ms"": {""pose"": 102.84, ""gesture"": 14.74}}, ""a11"": {""services"": [""pose"", ""gesture""], ""fps"": {""pose"": 10, ""gesture"": 22}, ""eff_fps"": {""pose"": 4, ""gesture"": 22}, ""latency_ms"": {""pose"": 0, ""gesture"": 0}, ""svclat_ms"": {""pose"": 100.91, ""gesture"": 24.83}}, ""a12"": {""services"": [""pose"", ""gesture""], ""fps"": {""pose"": 11, ""gesture"": 30}, ""eff_fps"": {""pose"": 11, ""gesture"": 30}, ""latency_ms"": {""pose"": 0, ""gesture"": 0}, ""svclat_ms"": {""pose"": 44.1, ""gesture"": 18.48}}, ""z1"": {""services"": [""gesture"", ""object""], ""fps"": {""gesture"": 30, ""object"": 10}, ""eff_fps"": {""gesture"": 30, ""object"": 5}, ""latency_ms"": {""gesture"": 0, ""object"": 0}, ""svclat_ms"": {""gesture"": 17.47, ""object"": 100.08}}, ""z2"": {""services"": [""gesture"", ""object""], ""fps"": {""gesture"": 30, ""object"": 10}, ""eff_fps"": {""gesture"": 30, ""object"": 3}, ""latency_ms"": {""gesture"": 0, ""object"": 0}, ""svclat_ms"": {""gesture"": 15.04, ""object"": 101.99}}, ""z3"": {""services"": [""gesture"", ""object""], ""fps"": {""gesture"": 22, ""object"": 10}, ""eff_fps"": {""gesture"": 22, ""object"": 1}, ""latency_ms"": {""gesture"": 0, ""object"": 0}, ""svclat_ms"": {""gesture"": 44.49, ""object"": 104.17}}, ""z4"": {""services"": [""gesture"", ""object""], ""fps"": {""gesture"": 23, ""object"": 10}, ""eff_fps"": {""gesture"": 23, ""object"": 5}, ""latency_ms"": {""gesture"": 0, ""object"": 0}, ""svclat_ms"": {""gesture"": 22.84, ""object"": 100.01}}, ""z5"": {""services"": [""gesture"", ""object""], ""fps"": {""gesture"": 23, ""object"": 12}, ""eff_fps"": {""gesture"": 23, ""object"": 12}, ""latency_ms"": {""gesture"": 0, ""object"": 0}, ""svclat_ms"": {""gesture"": 36.99, ""object"": 27.33}}, ""z6"": {""services"": [""gesture"", ""object""], ""fps"": {""gesture"": 30, ""object"": 10}, ""eff_fps"": {""gesture"": 30, ""object"": 6}, ""latency_ms"": {""gesture"": 0, ""object"": 0}, ""svclat_ms"": {""gesture"": 15.87, ""object"": 100.19}}, ""z7"": {""services"": [""gesture"", ""object""], ""fps"": {""gesture"": 30, ""object"": 9}, ""eff_fps"": {""gesture"": 30, ""object"": 0}, ""latency_ms"": {""gesture"": 0, ""object"": 0}, ""svclat_ms"": {""gesture"": 18.2, ""object"": 104.25}}, ""z8"": {""services"": [""gesture"", ""object""], ""fps"": {""gesture"": 22, ""object"": 10}, ""eff_fps"": {""gesture"": 22, ""object"": 6}, ""latency_ms"": {""gesture"": 0, ""object"": 0}, ""svclat_ms"": {""gesture"": 44.79, ""object"": 99.49}}, ""z9"": {""services"": [""gesture"", ""object""], ""fps"": {""gesture"": 30, ""object"": 11}, ""eff_fps"": {""gesture"": 30, ""object"": 11}, ""latency_ms"": {""gesture"": 0, ""object"": 0}, ""svclat_ms"": {""gesture"": 16.59, ""object"": 32.37}}, ""z10"": {""services"": [""gesture"", ""object""], ""fps"": {""gesture"": 30, ""object"": 10}, ""eff_fps"": {""gesture"": 30, ""object"": 4}, ""latency_ms"": {""gesture"": 0, ""object"": 0}, ""svclat_ms"": {""gesture"": 17.61, ""object"": 101.37}}, ""z11"": {""services"": [""gesture"", ""object""], ""fps"": {""gesture"": 22, ""object"": 9}, ""eff_fps"": {""gesture"": 22, ""object"": 2}, ""latency_ms"": {""gesture"": 0, ""object"": 0}, ""svclat_ms"": {""gesture"": 39.18, ""object"": 103.02}}, ""z12"": {""services"": [""gesture"", ""object""], ""fps"": {""gesture"": 23, ""object"": 10}, ""eff_fps"": {""gesture"": 23, ""object"": 2}, ""latency_ms"": {""gesture"": 0, ""object"": 0}, ""svclat_ms"": {""gesture"": 21.74, ""object"": 101.33}}, ""b1"": {""services"": [""pose"", ""object""], ""fps"": {""pose"": 9, ""object"": 12}, ""eff_fps"": {""pose"": 1, ""object"": 12}, ""latency_ms"": {""pose"": 0, ""object"": 0}, ""svclat_ms"": {""pose"": 105.02, ""object"": 37.01}}, ""b2"": {""services"": [""pose"", ""object""], ""fps"": {""pose"": 9, ""object"": 10}, ""eff_fps"": {""pose"": 3, ""object"": 2}, ""latency_ms"": {""pose"": 0, ""object"": 0}, ""svclat_ms"": {""pose"": 104.01, ""object"": 102.9}}, ""b3"": {""services"": [""pose"", ""object""], ""fps"": {""pose"": 10, ""object"": 10}, ""eff_fps"": {""pose"": 6, ""object"": 5}, ""latency_ms"": {""pose"": 0, ""object"": 0}, ""svclat_ms"": {""pose"": 99.72, ""object"": 100.79}}, ""b4"": {""services"": [""pose"", ""object""], ""fps"": {""pose"": 12, ""object"": 12}, ""eff_fps"": {""pose"": 12, ""object"": 12}, ""latency_ms"": {""pose"": 0, ""object"": 0}, ""svclat_ms"": {""pose"": 49.28, ""object"": 23.96}}, ""b5"": {""services"": [""pose"", ""object""], ""fps"": {""pose"": 10, ""object"": 10}, ""eff_fps"": {""pose"": 1, ""object"": 4}, ""latency_ms"": {""pose"": 0, ""object"": 0}, ""svclat_ms"": {""pose"": 103.52, ""object"": 101.33}}, ""b6"": {""services"": [""pose"", ""object""], ""fps"": {""pose"": 10, ""object"": 10}, ""eff_fps"": {""pose"": 7, ""object"": 5}, ""latency_ms"": {""pose"": 0, ""object"": 0}, ""svclat_ms"": {""pose"": 99.38, ""object"": 99.83}}, ""b7"": {""services"": [""pose"", ""object""], ""fps"": {""pose"": 10, ""object"": 10}, ""eff_fps"": {""pose"": 2, ""object"": 1}, ""latency_ms"": {""pose"": 0, ""object"": 0}, ""svclat_ms"": {""pose"": 104.2, ""object"": 104.23}}, ""b8"": {""services"": [""pose"", ""object""], ""fps"": {""pose"": 12, ""object"": 12}, ""eff_fps"": {""pose"": 12, ""object"": 12}, ""latency_ms"": {""pose"": 0, ""object"": 0}, ""svclat_ms"": {""pose"": 51.99, ""object"": 25.27}}, ""b9"": {""services"": [""pose"", ""object""], ""fps"": {""pose"": 9, ""object"": 10}, ""eff_fps"": {""pose"": 3, ""object"": 4}, ""latency_ms"": {""pose"": 0, ""object"": 0}, ""svclat_ms"": {""pose"": 102.79, ""object"": 102.53}}, ""b10"": {""services"": [""pose"", ""object""], ""fps"": {""pose"": 10, ""object"": 10}, ""eff_fps"": {""pose"": 6, ""object"": 8}, ""latency_ms"": {""pose"": 0, ""object"": 0}, ""svclat_ms"": {""pose"": 99.37, ""object"": 98.21}}, ""b11"": {""services"": [""pose"", ""object""], ""fps"": {""pose"": 10, ""object"": 10}, ""eff_fps"": {""pose"": 3, ""object"": 1}, ""latency_ms"": {""pose"": 0, ""object"": 0}, ""svclat_ms"": {""pose"": 104.03, ""object"": 103.41}}, ""b12"": {""services"": [""pose"", ""object""], ""fps"": {""pose"": 12, ""object"": 12}, ""eff_fps"": {""pose"": 12, ""object"": 12}, ""latency_ms"": {""pose"": 0, ""object"": 0}, ""svclat_ms"": {""pose"": 70.26, ""object"": 29.4}}}"
221.7,36,36,1.0,0,0,11,15,15,1.0,1191.0,1130.0,0.949,0.0,0.42,0.0,9.96,26.38,10.12,5.42,26.38,6.42,0,0,0,90.0,25.07,81.26,1115,"{""ip-172-31-0-204"": ""healthy"", ""ip-172-31-1-171"": ""healthy"", ""ip-172-31-10-12"": ""healthy"", ""ip-172-31-11-132"": ""healthy"", ""ip-172-31-13-134"": ""healthy"", ""ip-172-31-14-68"": ""healthy"", ""ip-172-31-40-239"": ""healthy""}",subscribe,9.2,0.5231,0,0,"{""ip-172-31-0-204"": {""pose"": 1, ""gesture"": 1, ""object"": 1}, ""ip-172-31-1-171"": {""gesture"": 1, ""pose"": 1, ""object"": 1}, ""ip-172-31-10-12"": {""gesture"": 1, ""object"": 1, ""pose"": 1}, ""ip-172-31-11-132"": {""gesture"": 1}, ""ip-172-31-13-134"": {""gesture"": 1, ""pose"": 1}, ""ip-172-31-14-68"": {""gesture"": 1}, ""ip-172-31-40-239"": {""gesture"": 1, ""object"": 1}}","{""a1"": {""services"": [""pose"", ""gesture""], ""fps"": {""pose"": 9, ""gesture"": 22}, ""eff_fps"": {""pose"": 4, ""gesture"": 22}, ""latency_ms"": {""pose"": 0, ""gesture"": 0}, ""svclat_ms"": {""pose"": 102.26, ""gesture"": 39.83}}, ""a2"": {""services"": [""pose"", ""gesture""], ""fps"": {""pose"": 10, ""gesture"": 23}, ""eff_fps"": {""pose"": 1, ""gesture"": 23}, ""latency_ms"": {""pose"": 0, ""gesture"": 0}, ""svclat_ms"": {""pose"": 102.84, ""gesture"": 31.53}}, ""a3"": {""services"": [""pose"", ""gesture""], ""fps"": {""pose"": 10, ""gesture"": 23}, ""eff_fps"": {""pose"": 3, ""gesture"": 23}, ""latency_ms"": {""pose"": 0, ""gesture"": 0}, ""svclat_ms"": {""pose"": 102.54, ""gesture"": 30.89}}, ""a4"": {""services"": [""pose"", ""gesture""], ""fps"": {""pose"": 12, ""gesture"": 30}, ""eff_fps"": {""pose"": 12, ""gesture"": 30}, ""latency_ms"": {""pose"": 0, ""gesture"": 0}, ""svclat_ms"": {""pose"": 41.11, ""gesture"": 16.19}}, ""a5"": {""services"": [""pose"", ""gesture""], ""fps"": {""pose"": 9, ""gesture"": 30}, ""eff_fps"": {""pose"": 3, ""gesture"": 30}, ""latency_ms"": {""pose"": 0, ""gesture"": 0}, ""svclat_ms"": {""pose"": 102.37, ""gesture"": 17.82}}, ""a6"": {""services"": [""pose"", ""gesture""], ""fps"": {""pose"": 10, ""gesture"": 30}, ""eff_fps"": {""pose"": 6, ""gesture"": 30}, ""latency_ms"": {""pose"": 0, ""gesture"": 0}, ""svclat_ms"": {""pose"": 99.43, ""gesture"": 16.31}}, ""a7"": {""services"": [""pose"", ""gesture""], ""fps"": {""pose"": 9, ""gesture"": 30}, ""eff_fps"": {""pose"": 4, ""gesture"": 30}, ""latency_ms"": {""pose"": 0, ""gesture"": 0}, ""svclat_ms"": {""pose"": 101.88, ""gesture"": 20.15}}, ""a8"": {""services"": [""pose"", ""gesture""], ""fps"": {""pose"": 9, ""gesture"": 23}, ""eff_fps"": {""pose"": 3, ""gesture"": 23}, ""latency_ms"": {""pose"": 0, ""gesture"": 0}, ""svclat_ms"": {""pose"": 102.63, ""gesture"": 31.78}}, ""a9"": {""services"": [""pose"", ""gesture""], ""fps"": {""pose"": 11, ""gesture"": 22}, ""eff_fps"": {""pose"": 11, ""gesture"": 22}, ""latency_ms"": {""pose"": 0, ""gesture"": 0}, ""svclat_ms"": {""pose"": 55.45, ""gesture"": 39.43}}, ""a10"": {""services"": [""pose"", ""gesture""], ""fps"": {""pose"": 9, ""gesture"": 30}, ""eff_fps"": {""pose"": 3, ""gesture"": 30}, ""latency_ms"": {""pose"": 0, ""gesture"": 0}, ""svclat_ms"": {""pose"": 101.85, ""gesture"": 14.71}}, ""a11"": {""services"": [""pose"", ""gesture""], ""fps"": {""pose"": 10, ""gesture"": 23}, ""eff_fps"": {""pose"": 6, ""gesture"": 23}, ""latency_ms"": {""pose"": 0, ""gesture"": 0}, ""svclat_ms"": {""pose"": 101.37, ""gesture"": 28.76}}, ""a12"": {""services"": [""pose"", ""gesture""], ""fps"": {""pose"": 12, ""gesture"": 30}, ""eff_fps"": {""pose"": 12, ""gesture"": 30}, ""latency_ms"": {""pose"": 0, ""gesture"": 0}, ""svclat_ms"": {""pose"": 45.3, ""gesture"": 19.24}}, ""z1"": {""services"": [""gesture"", ""object""], ""fps"": {""gesture"": 30, ""object"": 10}, ""eff_fps"": {""gesture"": 30, ""object"": 1}, ""latency_ms"": {""gesture"": 0, ""object"": 0}, ""svclat_ms"": {""gesture"": 17.15, ""object"": 102.55}}, ""z2"": {""services"": [""gesture"", ""object""], ""fps"": {""gesture"": 30, ""object"": 9}, ""eff_fps"": {""gesture"": 30, ""object"": 3}, ""latency_ms"": {""gesture"": 0, ""object"": 0}, ""svclat_ms"": {""gesture"": 14.98, ""object"": 102.73}}, ""z3"": {""services"": [""gesture"", ""object""], ""fps"": {""gesture"": 23, ""object"": 10}, ""eff_fps"": {""gesture"": 23, ""object"": 6}, ""latency_ms"": {""gesture"": 0, ""object"": 0}, ""svclat_ms"": {""gesture"": 37.35, ""object"": 99.82}}, ""z4"": {""services"": [""gesture"", ""object""], ""fps"": {""gesture"": 23, ""object"": 10}, ""eff_fps"": {""gesture"": 23, ""object"": 3}, ""latency_ms"": {""gesture"": 0, ""object"": 0}, ""svclat_ms"": {""gesture"": 30.2, ""object"": 102.03}}, ""z5"": {""services"": [""gesture"", ""object""], ""fps"": {""gesture"": 23, ""object"": 11}, ""eff_fps"": {""gesture"": 23, ""object"": 11}, ""latency_ms"": {""gesture"": 0, ""object"": 0}, ""svclat_ms"": {""gesture"": 29.74, ""object"": 22.94}}, ""z6"": {""services"": [""gesture"", ""object""], ""fps"": {""gesture"": 30, ""object"": 10}, ""eff_fps"": {""gesture"": 30, ""object"": 2}, ""latency_ms"": {""gesture"": 0, ""object"": 0}, ""svclat_ms"": {""gesture"": 15.84, ""object"": 102.99}}, ""z7"": {""services"": [""gesture"", ""object""], ""fps"": {""gesture"": 30, ""object"": 8}, ""eff_fps"": {""gesture"": 30, ""object"": 3}, ""latency_ms"": {""gesture"": 0, ""object"": 0}, ""svclat_ms"": {""gesture"": 19.13, ""object"": 100.48}}, ""z8"": {""services"": [""gesture"", ""object""], ""fps"": {""gesture"": 22, ""object"": 10}, ""eff_fps"": {""gesture"": 22, ""object"": 3}, ""latency_ms"": {""gesture"": 0, ""object"": 0}, ""svclat_ms"": {""gesture"": 38.53, ""object"": 102.32}}, ""z9"": {""services"": [""gesture"", ""object""], ""fps"": {""gesture"": 30, ""object"": 11}, ""eff_fps"": {""gesture"": 30, ""object"": 11}, ""latency_ms"": {""gesture"": 0, ""object"": 0}, ""svclat_ms"": {""gesture"": 16.55, ""object"": 28.86}}, ""z10"": {""services"": [""gesture"", ""object""], ""fps"": {""gesture"": 30, ""object"": 10}, ""eff_fps"": {""gesture"": 30, ""object"": 3}, ""latency_ms"": {""gesture"": 0, ""object"": 0}, ""svclat_ms"": {""gesture"": 17.32, ""object"": 102.96}}, ""z11"": {""services"": [""gesture"", ""object""], ""fps"": {""gesture"": 23, ""object"": 10}, ""eff_fps"": {""gesture"": 23, ""object"": 9}, ""latency_ms"": {""gesture"": 0, ""object"": 0}, ""svclat_ms"": {""gesture"": 29.79, ""object"": 99.64}}, ""z12"": {""services"": [""gesture"", ""object""], ""fps"": {""gesture"": 23, ""object"": 9}, ""eff_fps"": {""gesture"": 23, ""object"": 5}, ""latency_ms"": {""gesture"": 0, ""object"": 0}, ""svclat_ms"": {""gesture"": 28.41, ""object"": 102.18}}, ""b1"": {""services"": [""pose"", ""object""], ""fps"": {""pose"": 10, ""object"": 11}, ""eff_fps"": {""pose"": 5, ""object"": 11}, ""latency_ms"": {""pose"": 0, ""object"": 0}, ""svclat_ms"": {""pose"": 101.17, ""object"": 32.72}}, ""b2"": {""services"": [""pose"", ""object""], ""fps"": {""pose"": 10, ""object"": 10}, ""eff_fps"": {""pose"": 3, ""object"": 10}, ""latency_ms"": {""pose"": 0, ""object"": 0}, ""svclat_ms"": {""pose"": 102.58, ""object"": 89.58}}, ""b3"": {""services"": [""pose"", ""object""], ""fps"": {""pose"": 10, ""object"": 10}, ""eff_fps"": {""pose"": 6, ""object"": 5}, ""latency_ms"": {""pose"": 0, ""object"": 0}, ""svclat_ms"": {""pose"": 101.3, ""object"": 101.39}}, ""b4"": {""services"": [""pose"", ""object""], ""fps"": {""pose"": 11, ""object"": 12}, ""eff_fps"": {""pose"": 11, ""object"": 12}, ""latency_ms"": {""pose"": 0, ""object"": 0}, ""svclat_ms"": {""pose"": 52.07, ""object"": 21.01}}, ""b5"": {""services"": [""pose"", ""object""], ""fps"": {""pose"": 9, ""object"": 10}, ""eff_fps"": {""pose"": 3, ""object"": 5}, ""latency_ms"": {""pose"": 0, ""object"": 0}, ""svclat_ms"": {""pose"": 102.42, ""object"": 102.04}}, ""b6"": {""services"": [""pose"", ""object""], ""fps"": {""pose"": 9, ""object"": 9}, ""eff_fps"": {""pose"": 1, ""object"": 1}, ""latency_ms"": {""pose"": 0, ""object"": 0}, ""svclat_ms"": {""pose"": 103.06, ""object"": 102.93}}, ""b7"": {""services"": [""pose"", ""object""], ""fps"": {""pose"": 10, ""object"": 10}, ""eff_fps"": {""pose"": 2, ""object"": 10}, ""latency_ms"": {""pose"": 0, ""object"": 0}, ""svclat_ms"": {""pose"": 102.32, ""object"": 88.26}}, ""b8"": {""services"": [""pose"", ""object""], ""fps"": {""pose"": 11, ""object"": 12}, ""eff_fps"": {""pose"": 11, ""object"": 12}, ""latency_ms"": {""pose"": 0, ""object"": 0}, ""svclat_ms"": {""pose"": 53.9, ""object"": 22.77}}, ""b9"": {""services"": [""pose"", ""object""], ""fps"": {""pose"": 9, ""object"": 10}, ""eff_fps"": {""pose"": 2, ""object"": 3}, ""latency_ms"": {""pose"": 0, ""object"": 0}, ""svclat_ms"": {""pose"": 102.19, ""object"": 103.86}}, ""b10"": {""services"": [""pose"", ""object""], ""fps"": {""pose"": 10, ""object"": 9}, ""eff_fps"": {""pose"": 5, ""object"": 3}, ""latency_ms"": {""pose"": 0, ""object"": 0}, ""svclat_ms"": {""pose"": 101.13, ""object"": 102.47}}, ""b11"": {""services"": [""pose"", ""object""], ""fps"": {""pose"": 9, ""object"": 10}, ""eff_fps"": {""pose"": 2, ""object"": 10}, ""latency_ms"": {""pose"": 0, ""object"": 0}, ""svclat_ms"": {""pose"": 102.94, ""object"": 88.55}}, ""b12"": {""services"": [""pose"", ""object""], ""fps"": {""pose"": 11, ""object"": 12}, ""eff_fps"": {""pose"": 11, ""object"": 12}, ""latency_ms"": {""pose"": 0, ""object"": 0}, ""svclat_ms"": {""pose"": 75.9, ""object"": 25.16}}}"
224.1,36,36,1.0,0,0,11,15,15,1.0,1191.0,1130.0,0.949,0.0,0.42,0.0,10.25,26.29,10.17,6.22,26.29,5.17,0,0,0,86.38,25.6,83.36,1121,"{""ip-172-31-0-204"": ""healthy"", ""ip-172-31-1-171"": ""healthy"", ""ip-172-31-10-12"": ""healthy"", ""ip-172-31-11-132"": ""healthy"", ""ip-172-31-13-134"": ""healthy"", ""ip-172-31-14-68"": ""healthy"", ""ip-172-31-40-239"": ""healthy""}",subscribe,9.2,0.5231,0,0,"{""ip-172-31-0-204"": {""pose"": 1, ""gesture"": 1, ""object"": 1}, ""ip-172-31-1-171"": {""gesture"": 1, ""pose"": 1, ""object"": 1}, ""ip-172-31-10-12"": {""gesture"": 1, ""object"": 1, ""pose"": 1}, ""ip-172-31-11-132"": {""gesture"": 1}, ""ip-172-31-13-134"": {""gesture"": 1, ""pose"": 1}, ""ip-172-31-14-68"": {""gesture"": 1}, ""ip-172-31-40-239"": {""gesture"": 1, ""object"": 1}}","{""a1"": {""services"": [""pose"", ""gesture""], ""fps"": {""pose"": 9, ""gesture"": 22}, ""eff_fps"": {""pose"": 3, ""gesture"": 22}, ""latency_ms"": {""pose"": 0, ""gesture"": 0}, ""svclat_ms"": {""pose"": 102.81, ""gesture"": 42.58}}, ""a2"": {""services"": [""pose"", ""gesture""], ""fps"": {""pose"": 10, ""gesture"": 22}, ""eff_fps"": {""pose"": 9, ""gesture"": 22}, ""latency_ms"": {""pose"": 0, ""gesture"": 0}, ""svclat_ms"": {""pose"": 90.49, ""gesture"": 27.21}}, ""a3"": {""services"": [""pose"", ""gesture""], ""fps"": {""pose"": 10, ""gesture"": 22}, ""eff_fps"": {""pose"": 2, ""gesture"": 22}, ""latency_ms"": {""pose"": 0, ""gesture"": 0}, ""svclat_ms"": {""pose"": 102.9, ""gesture"": 35.36}}, ""a4"": {""services"": [""pose"", ""gesture""], ""fps"": {""pose"": 12, ""gesture"": 30}, ""eff_fps"": {""pose"": 12, ""gesture"": 30}, ""latency_ms"": {""pose"": 0, ""gesture"": 0}, ""svclat_ms"": {""pose"": 43.58, ""gesture"": 16.11}}, ""a5"": {""services"": [""pose"", ""gesture""], ""fps"": {""pose"": 10, ""gesture"": 29}, ""eff_fps"": {""pose"": 4, ""gesture"": 29}, ""latency_ms"": {""pose"": 0, ""gesture"": 0}, ""svclat_ms"": {""pose"": 101.51, ""gesture"": 17.97}}, ""a6"": {""services"": [""pose"", ""gesture""], ""fps"": {""pose"": 10, ""gesture"": 30}, ""eff_fps"": {""pose"": 8, ""gesture"": 30}, ""latency_ms"": {""pose"": 0, ""gesture"": 0}, ""svclat_ms"": {""pose"": 94.66, ""gesture"": 16.06}}, ""a7"": {""services"": [""pose"", ""gesture""], ""fps"": {""pose"": 9, ""gesture"": 30}, ""eff_fps"": {""pose"": 0, ""gesture"": 30}, ""latency_ms"": {""pose"": 0, ""gesture"": 0}, ""svclat_ms"": {""pose"": 104.72, ""gesture"": 19.56}}, ""a8"": {""services"": [""pose"", ""gesture""], ""fps"": {""pose"": 9, ""gesture"": 22}, ""eff_fps"": {""pose"": 2, ""gesture"": 22}, ""latency_ms"": {""pose"": 0, ""gesture"": 0}, ""svclat_ms"": {""pose"": 103.12, ""gesture"": 28.32}}, ""a9"": {""services"": [""pose"", ""gesture""], ""fps"": {""pose"": 12, ""gesture"": 23}, ""eff_fps"": {""pose"": 12, ""gesture"": 23}, ""latency_ms"": {""pose"": 0, ""gesture"": 0}, ""svclat_ms"": {""pose"": 50.36, ""gesture"": 42.62}}, ""a10"": {""services"": [""pose"", ""gesture""], ""fps"": {""pose"": 10, ""gesture"": 30}, ""eff_fps"": {""pose"": 2, ""gesture"": 30}, ""latency_ms"": {""pose"": 0, ""gesture"": 0}, ""svclat_ms"": {""pose"": 102.75, ""gesture"": 15.01}}, ""a11"": {""services"": [""pose"", ""gesture""], ""fps"": {""pose"": 10, ""gesture"": 23}, ""eff_fps"": {""pose"": 7, ""gesture"": 23}, ""latency_ms"": {""pose"": 0, ""gesture"": 0}, ""svclat_ms"": {""pose"": 96.34, ""gesture"": 34.37}}, ""a12"": {""services"": [""pose"", ""gesture""], ""fps"": {""pose"": 12, ""gesture"": 30}, ""eff_fps"": {""pose"": 12, ""gesture"": 30}, ""latency_ms"": {""pose"": 0, ""gesture"": 0}, ""svclat_ms"": {""pose"": 37.26, ""gesture"": 18.36}}, ""z1"": {""services"": [""gesture"", ""object""], ""fps"": {""gesture"": 31, ""object"": 10}, ""eff_fps"": {""gesture"": 31, ""object"": 5}, ""latency_ms"": {""gesture"": 0, ""object"": 0}, ""svclat_ms"": {""gesture"": 17.16, ""object"": 100.72}}, ""z2"": {""services"": [""gesture"", ""object""], ""fps"": {""gesture"": 30, ""object"": 9}, ""eff_fps"": {""gesture"": 30, ""object"": 1}, ""latency_ms"": {""gesture"": 0, ""object"": 0}, ""svclat_ms"": {""gesture"": 15.52, ""object"": 104.09}}, ""z3"": {""services"": [""gesture"", ""object""], ""fps"": {""gesture"": 23, ""object"": 10}, ""eff_fps"": {""gesture"": 23, ""object"": 3}, ""latency_ms"": {""gesture"": 0, ""object"": 0}, ""svclat_ms"": {""gesture"": 43.49, ""object"": 102.5}}, ""z4"": {""services"": [""gesture"", ""object""], ""fps"": {""gesture"": 23, ""object"": 10}, ""eff_fps"": {""gesture"": 23, ""object"": 1}, ""latency_ms"": {""gesture"": 0, ""object"": 0}, ""svclat_ms"": {""gesture"": 35.7, ""object"": 104.05}}, ""z5"": {""services"": [""gesture"", ""object""], ""fps"": {""gesture"": 23, ""object"": 11}, ""eff_fps"": {""gesture"": 23, ""object"": 11}, ""latency_ms"": {""gesture"": 0, ""object"": 0}, ""svclat_ms"": {""gesture"": 21.67, ""object"": 25.32}}, ""z6"": {""services"": [""gesture"", ""object""], ""fps"": {""gesture"": 30, ""object"": 10}, ""eff_fps"": {""gesture"": 30, ""object"": 4}, ""latency_ms"": {""gesture"": 0, ""object"": 0}, ""svclat_ms"": {""gesture"": 15.98, ""object"": 100.02}}, ""z7"": {""services"": [""gesture"", ""object""], ""fps"": {""gesture"": 30, ""object"": 10}, ""eff_fps"": {""gesture"": 30, ""object"": 1}, ""latency_ms"": {""gesture"": 0, ""object"": 0}, ""svclat_ms"": {""gesture"": 18.2, ""object"": 102.7}}, ""z8"": {""services"": [""gesture"", ""object""], ""fps"": {""gesture"": 22, ""object"": 10}, ""eff_fps"": {""gesture"": 22, ""object"": 6}, ""latency_ms"": {""gesture"": 0, ""object"": 0}, ""svclat_ms"": {""gesture"": 42.97, ""object"": 99.77}}, ""z9"": {""services"": [""gesture"", ""object""], ""fps"": {""gesture"": 30, ""object"": 11}, ""eff_fps"": {""gesture"": 30, ""object"": 11}, ""latency_ms"": {""gesture"": 0, ""object"": 0}, ""svclat_ms"": {""gesture"": 16.76, ""object"": 30.78}}, ""z10"": {""services"": [""gesture"", ""object""], ""fps"": {""gesture"": 30, ""object"": 10}, ""eff_fps"": {""gesture"": 30, ""object"": 3}, ""latency_ms"": {""gesture"": 0, ""object"": 0}, ""svclat_ms"": {""gesture"": 17.7, ""object"": 102.69}}, ""z11"": {""services"": [""gesture"", ""object""], ""fps"": {""gesture"": 23, ""object"": 10}, ""eff_fps"": {""gesture"": 23, ""object"": 1}, ""latency_ms"": {""gesture"": 0, ""object"": 0}, ""svclat_ms"": {""gesture"": 21.92, ""object"": 102.64}}, ""z12"": {""services"": [""gesture"", ""object""], ""fps"": {""gesture"": 23, ""object"": 9}, ""eff_fps"": {""gesture"": 23, ""object"": 3}, ""latency_ms"": {""gesture"": 0, ""object"": 0}, ""svclat_ms"": {""gesture"": 33.88, ""object"": 103.04}}, ""b1"": {""services"": [""pose"", ""object""], ""fps"": {""pose"": 10, ""object"": 11}, ""eff_fps"": {""pose"": 1, ""object"": 11}, ""latency_ms"": {""pose"": 0, ""object"": 0}, ""svclat_ms"": {""pose"": 103.57, ""object"": 36.14}}, ""b2"": {""services"": [""pose"", ""object""], ""fps"": {""pose"": 10, ""object"": 10}, ""eff_fps"": {""pose"": 3, ""object"": 2}, ""latency_ms"": {""pose"": 0, ""object"": 0}, ""svclat_ms"": {""pose"": 102.32, ""object"": 102.7}}, ""b3"": {""services"": [""pose"", ""object""], ""fps"": {""pose"": 10, ""object"": 10}, ""eff_fps"": {""pose"": 7, ""object"": 7}, ""latency_ms"": {""pose"": 0, ""object"": 0}, ""svclat_ms"": {""pose"": 95.24, ""object"": 98.33}}, ""b4"": {""services"": [""pose"", ""object""], ""fps"": {""pose"": 12, ""object"": 11}, ""eff_fps"": {""pose"": 12, ""object"": 11}, ""latency_ms"": {""pose"": 0, ""object"": 0}, ""svclat_ms"": {""pose"": 41.36, ""object"": 23.66}}, ""b5"": {""services"": [""pose"", ""object""], ""fps"": {""pose"": 10, ""object"": 10}, ""eff_fps"": {""pose"": 2, ""object"": 2}, ""latency_ms"": {""pose"": 0, ""object"": 0}, ""svclat_ms"": {""pose"": 104.04, ""object"": 103.16}}, ""b6"": {""services"": [""pose"", ""object""], ""fps"": {""pose"": 10, ""object"": 10}, ""eff_fps"": {""pose"": 10, ""object"": 4}, ""latency_ms"": {""pose"": 0, ""object"": 0}, ""svclat_ms"": {""pose"": 88.99, ""object"": 100.63}}, ""b7"": {""services"": [""pose"", ""object""], ""fps"": {""pose"": 9, ""object"": 10}, ""eff_fps"": {""pose"": 2, ""object"": 3}, ""latency_ms"": {""pose"": 0, ""object"": 0}, ""svclat_ms"": {""pose"": 102.04, ""object"": 102.17}}, ""b8"": {""services"": [""pose"", ""object""], ""fps"": {""pose"": 11, ""object"": 11}, ""eff_fps"": {""pose"": 11, ""object"": 11}, ""latency_ms"": {""pose"": 0, ""object"": 0}, ""svclat_ms"": {""pose"": 43.49, ""object"": 23.54}}, ""b9"": {""services"": [""pose"", ""object""], ""fps"": {""pose"": 10, ""object"": 10}, ""eff_fps"": {""pose"": 1, ""object"": 3}, ""latency_ms"": {""pose"": 0, ""object"": 0}, ""svclat_ms"": {""pose"": 104.21, ""object"": 102.89}}, ""b10"": {""services"": [""pose"", ""object""], ""fps"": {""pose"": 10, ""object"": 10}, ""eff_fps"": {""pose"": 9, ""object"": 6}, ""latency_ms"": {""pose"": 0, ""object"": 0}, ""svclat_ms"": {""pose"": 91.76, ""object"": 99.75}}, ""b11"": {""services"": [""pose"", ""object""], ""fps"": {""pose"": 10, ""object"": 10}, ""eff_fps"": {""pose"": 1, ""object"": 3}, ""latency_ms"": {""pose"": 0, ""object"": 0}, ""svclat_ms"": {""pose"": 102.58, ""object"": 102.38}}, ""b12"": {""services"": [""pose"", ""object""], ""fps"": {""pose"": 11, ""object"": 11}, ""eff_fps"": {""pose"": 11, ""object"": 11}, ""latency_ms"": {""pose"": 0, ""object"": 0}, ""svclat_ms"": {""pose"": 62.91, ""object"": 27.07}}}"
226.5,35,36,1.029,0,0,11,15,15,1.0,1191.0,1130.0,0.949,0.0,0.43,0.0,0,0,0,0,0,0,0,0,0,0,0,0,0,"{""ip-172-31-0-204"": ""healthy"", ""ip-172-31-1-171"": ""healthy"", ""ip-172-31-10-12"": ""healthy"", ""ip-172-31-11-132"": ""healthy"", ""ip-172-31-13-134"": ""healthy"", ""ip-172-31-14-68"": ""healthy"", ""ip-172-31-40-239"": ""healthy""}",subscribe,9.2,0.5231,0,0,"{""ip-172-31-0-204"": {""pose"": 1, ""gesture"": 1, ""object"": 1}, ""ip-172-31-1-171"": {""gesture"": 1, ""pose"": 1, ""object"": 1}, ""ip-172-31-10-12"": {""gesture"": 1, ""object"": 1, ""pose"": 1}, ""ip-172-31-11-132"": {""gesture"": 1}, ""ip-172-31-13-134"": {""gesture"": 1, ""pose"": 1}, ""ip-172-31-14-68"": {""gesture"": 1}, ""ip-172-31-40-239"": {""gesture"": 1, ""object"": 1}}",{}
228.8,35,36,1.029,0,0,11,15,15,1.0,1191.0,1130.0,0.949,0.0,0.43,0.0,0,0,0,0,0,0,0,0,0,0,0,0,0,"{""ip-172-31-0-204"": ""healthy"", ""ip-172-31-1-171"": ""healthy"", ""ip-172-31-10-12"": ""healthy"", ""ip-172-31-11-132"": ""healthy"", ""ip-172-31-13-134"": ""healthy"", ""ip-172-31-14-68"": ""healthy"", ""ip-172-31-40-239"": ""healthy""}",subscribe,9.2,0.5231,0,0,"{""ip-172-31-0-204"": {""pose"": 1, ""gesture"": 1, ""object"": 1}, ""ip-172-31-1-171"": {""gesture"": 1, ""pose"": 1, ""object"": 1}, ""ip-172-31-10-12"": {""gesture"": 1, ""object"": 1, ""pose"": 1}, ""ip-172-31-11-132"": {""gesture"": 1}, ""ip-172-31-13-134"": {""gesture"": 1, ""pose"": 1}, ""ip-172-31-14-68"": {""gesture"": 1}, ""ip-172-31-40-239"": {""gesture"": 1, ""object"": 1}}",{}
