elapsed_s,n_users,nsats,sat_rate,pods_added,pods_deleted,cumulative_pod_changes,total_pods,effective_pods,effective_pod_ratio,deployed_capacity_fps,total_allocated_fps,capacity_utilization,wasted_fps,pods_per_sat_user,avg_response_ms,real_pose_fps,real_gesture_fps,real_object_fps,eff_pose_fps,eff_gesture_fps,eff_object_fps,avg_pose_latency_ms,avg_gesture_latency_ms,avg_object_latency_ms,avg_pose_svclat_ms,avg_gesture_svclat_ms,avg_object_svclat_ms,real_total_recv_fps,node_status,trigger_type,solver_time_ms,q_score,phase1_triggered,phase1_alloc_count,node_topology,per_user_detail
1.3,0,0,0,0,0,0,0,0,0.0,0,0,0.0,0.0,0,0.0,0,0,0,0,0,0,0,0,0,0,0,0,0,"{""ip-172-31-0-204"": ""healthy"", ""ip-172-31-1-171"": ""healthy"", ""ip-172-31-10-12"": ""healthy"", ""ip-172-31-11-132"": ""healthy"", ""ip-172-31-13-134"": ""healthy"", ""ip-172-31-14-68"": ""healthy"", ""ip-172-31-40-239"": ""healthy""}",node_recovery,0.1,0.0,0,0,{},"{""a1"": {""services"": [""pose"", ""gesture""], ""fps"": {""pose"": 0, ""gesture"": 0}, ""eff_fps"": {""pose"": 0, ""gesture"": 0}, ""latency_ms"": {""pose"": 0, ""gesture"": 0}, ""svclat_ms"": {""pose"": 0.0, ""gesture"": 0.0}}}"
2.7,0,0,0,0,0,0,0,0,0.0,0,0,0.0,0.0,0,0.0,0,0,0,0,0,0,0,0,0,0,0,0,0,"{""ip-172-31-0-204"": ""healthy"", ""ip-172-31-1-171"": ""healthy"", ""ip-172-31-10-12"": ""healthy"", ""ip-172-31-11-132"": ""healthy"", ""ip-172-31-13-134"": ""healthy"", ""ip-172-31-14-68"": ""healthy"", ""ip-172-31-40-239"": ""healthy""}",node_recovery,0.1,0.0,0,0,{},"{""a1"": {""services"": [""pose"", ""gesture""], ""fps"": {""pose"": 0, ""gesture"": 0}, ""eff_fps"": {""pose"": 0, ""gesture"": 0}, ""latency_ms"": {""pose"": 0, ""gesture"": 0}, ""svclat_ms"": {""pose"": 0.0, ""gesture"": 0.0}}}"
4.0,1,0,0.0,0,0,0,0,0,0.0,0,0,0.0,0.0,0,0.0,0,0,0,0,0,0,0,0,0,0,0,0,0,"{""ip-172-31-0-204"": ""healthy"", ""ip-172-31-1-171"": ""healthy"", ""ip-172-31-10-12"": ""healthy"", ""ip-172-31-11-132"": ""healthy"", ""ip-172-31-13-134"": ""healthy"", ""ip-172-31-14-68"": ""healthy"", ""ip-172-31-40-239"": ""healthy""}",node_recovery,0.1,0.0,0,0,{},"{""a1"": {""services"": [""pose"", ""gesture""], ""fps"": {""pose"": 0, ""gesture"": 0}, ""eff_fps"": {""pose"": 0, ""gesture"": 0}, ""latency_ms"": {""pose"": 0, ""gesture"": 0}, ""svclat_ms"": {""pose"": 0.0, ""gesture"": 0.0}}}"
5.4,1,0,0.0,0,0,0,0,0,0.0,0,0,0.0,0.0,0,0.0,0,0,0,0,0,0,0,0,0,0,0,0,0,"{""ip-172-31-0-204"": ""healthy"", ""ip-172-31-1-171"": ""healthy"", ""ip-172-31-10-12"": ""healthy"", ""ip-172-31-11-132"": ""healthy"", ""ip-172-31-13-134"": ""healthy"", ""ip-172-31-14-68"": ""healthy"", ""ip-172-31-40-239"": ""healthy""}",node_recovery,0.1,0.0,0,0,{},"{""a1"": {""services"": [""pose"", ""gesture""], ""fps"": {""pose"": 0, ""gesture"": 0}, ""eff_fps"": {""pose"": 0, ""gesture"": 0}, ""latency_ms"": {""pose"": 0, ""gesture"": 0}, ""svclat_ms"": {""pose"": 0.0, ""gesture"": 0.0}}, ""a2"": {""services"": [""pose"", ""gesture""], ""fps"": {""pose"": 0, ""gesture"": 0}, ""eff_fps"": {""pose"": 0, ""gesture"": 0}, ""latency_ms"": {""pose"": 0, ""gesture"": 0}, ""svclat_ms"": {""pose"": 0.0, ""gesture"": 0.0}}}"
6.7,1,0,0.0,0,0,0,0,0,0.0,0,0,0.0,0.0,0,0.0,0,0,0,0,0,0,0,0,0,0,0,0,0,"{""ip-172-31-0-204"": ""healthy"", ""ip-172-31-1-171"": ""healthy"", ""ip-172-31-10-12"": ""healthy"", ""ip-172-31-11-132"": ""healthy"", ""ip-172-31-13-134"": ""healthy"", ""ip-172-31-14-68"": ""healthy"", ""ip-172-31-40-239"": ""healthy""}",node_recovery,0.1,0.0,0,0,{},"{""a1"": {""services"": [""pose"", ""gesture""], ""fps"": {""pose"": 0, ""gesture"": 0}, ""eff_fps"": {""pose"": 0, ""gesture"": 0}, ""latency_ms"": {""pose"": 0, ""gesture"": 0}, ""svclat_ms"": {""pose"": 0.0, ""gesture"": 0.0}}, ""a2"": {""services"": [""pose"", ""gesture""], ""fps"": {""pose"": 0, ""gesture"": 0}, ""eff_fps"": {""pose"": 0, ""gesture"": 0}, ""latency_ms"": {""pose"": 0, ""gesture"": 0}, ""svclat_ms"": {""pose"": 0.0, ""gesture"": 0.0}}}"
8.0,1,0,0.0,0,0,0,0,0,0.0,0,0,0.0,0.0,0,0.0,0,0,0,0,0,0,0,0,0,0,0,0,0,"{""ip-172-31-0-204"": ""healthy"", ""ip-172-31-1-171"": ""healthy"", ""ip-172-31-10-12"": ""healthy"", ""ip-172-31-11-132"": ""healthy"", ""ip-172-31-13-134"": ""healthy"", ""ip-172-31-14-68"": ""healthy"", ""ip-172-31-40-239"": ""healthy""}",node_recovery,0.1,0.0,0,0,{},"{""a1"": {""services"": [""pose"", ""gesture""], ""fps"": {""pose"": 0, ""gesture"": 0}, ""eff_fps"": {""pose"": 0, ""gesture"": 0}, ""latency_ms"": {""pose"": 0, ""gesture"": 0}, ""svclat_ms"": {""pose"": 0.0, ""gesture"": 0.0}}, ""a2"": {""services"": [""pose"", ""gesture""], ""fps"": {""pose"": 0, ""gesture"": 0}, ""eff_fps"": {""pose"": 0, ""gesture"": 0}, ""latency_ms"": {""pose"": 0, ""gesture"": 0}, ""svclat_ms"": {""pose"": 0.0, ""gesture"": 0.0}}}"
9.4,1,0,0.0,0,0,0,0,0,0.0,0,0,0.0,0.0,0,0.0,0,0,0,0,0,0,0,0,0,0,0,0,0,"{""ip-172-31-0-204"": ""healthy"", ""ip-172-31-1-171"": ""healthy"", ""ip-172-31-10-12"": ""healthy"", ""ip-172-31-11-132"": ""healthy"", ""ip-172-31-13-134"": ""healthy"", ""ip-172-31-14-68"": ""healthy"", ""ip-172-31-40-239"": ""healthy""}",node_recovery,0.1,0.0,0,0,{},"{""a1"": {""services"": [""pose"", ""gesture""], ""fps"": {""pose"": 0, ""gesture"": 0}, ""eff_fps"": {""pose"": 0, ""gesture"": 0}, ""latency_ms"": {""pose"": 0, ""gesture"": 0}, ""svclat_ms"": {""pose"": 0.0, ""gesture"": 0.0}}, ""a2"": {""services"": [""pose"", ""gesture""], ""fps"": {""pose"": 0, ""gesture"": 0}, ""eff_fps"": {""pose"": 0, ""gesture"": 0}, ""latency_ms"": {""pose"": 0, ""gesture"": 0}, ""svclat_ms"": {""pose"": 0.0, ""gesture"": 0.0}}}"
10.8,1,0,0.0,0,0,0,0,0,0.0,0,0,0.0,0.0,0,0.0,0,0,0,0,0,0,0,0,0,0,0,0,0,"{""ip-172-31-0-204"": ""healthy"", ""ip-172-31-1-171"": ""healthy"", ""ip-172-31-10-12"": ""healthy"", ""ip-172-31-11-132"": ""healthy"", ""ip-172-31-13-134"": ""healthy"", ""ip-172-31-14-68"": ""healthy"", ""ip-172-31-40-239"": ""healthy""}",node_recovery,0.1,0.0,0,0,{},"{""a1"": {""services"": [""pose"", ""gesture""], ""fps"": {""pose"": 0, ""gesture"": 0}, ""eff_fps"": {""pose"": 0, ""gesture"": 0}, ""latency_ms"": {""pose"": 0, ""gesture"": 0}, ""svclat_ms"": {""pose"": 0.0, ""gesture"": 0.0}}, ""a2"": {""services"": [""pose"", ""gesture""], ""fps"": {""pose"": 0, ""gesture"": 0}, ""eff_fps"": {""pose"": 0, ""gesture"": 0}, ""latency_ms"": {""pose"": 0, ""gesture"": 0}, ""svclat_ms"": {""pose"": 0.0, ""gesture"": 0.0}}, ""a3"": {""services"": [""pose"", ""gesture""], ""fps"": {""pose"": 0, ""gesture"": 0}, ""eff_fps"": {""pose"": 0, ""gesture"": 0}, ""latency_ms"": {""pose"": 0, ""gesture"": 0}, ""svclat_ms"": {""pose"": 0.0, ""gesture"": 0.0}}}"
12.1,1,0,0.0,0,0,0,0,0,0.0,0,0,0.0,0.0,0,0.0,0,0,0,0,0,0,0,0,0,0,0,0,0,"{""ip-172-31-0-204"": ""healthy"", ""ip-172-31-1-171"": ""healthy"", ""ip-172-31-10-12"": ""healthy"", ""ip-172-31-11-132"": ""healthy"", ""ip-172-31-13-134"": ""healthy"", ""ip-172-31-14-68"": ""healthy"", ""ip-172-31-40-239"": ""healthy""}",node_recovery,0.1,0.0,0,0,{},"{""a1"": {""services"": [""pose"", ""gesture""], ""fps"": {""pose"": 0, ""gesture"": 0}, ""eff_fps"": {""pose"": 0, ""gesture"": 0}, ""latency_ms"": {""pose"": 0, ""gesture"": 0}, ""svclat_ms"": {""pose"": 0.0, ""gesture"": 0.0}}, ""a2"": {""services"": [""pose"", ""gesture""], ""fps"": {""pose"": 0, ""gesture"": 0}, ""eff_fps"": {""pose"": 0, ""gesture"": 0}, ""latency_ms"": {""pose"": 0, ""gesture"": 0}, ""svclat_ms"": {""pose"": 0.0, ""gesture"": 0.0}}, ""a3"": {""services"": [""pose"", ""gesture""], ""fps"": {""pose"": 0, ""gesture"": 0}, ""eff_fps"": {""pose"": 0, ""gesture"": 0}, ""latency_ms"": {""pose"": 0, ""gesture"": 0}, ""svclat_ms"": {""pose"": 0.0, ""gesture"": 0.0}}}"
13.4,1,0,0.0,0,0,0,0,0,0.0,0,0,0.0,0.0,0,0.0,0,0,0,0,0,0,0,0,0,0,0,0,0,"{""ip-172-31-0-204"": ""healthy"", ""ip-172-31-1-171"": ""healthy"", ""ip-172-31-10-12"": ""healthy"", ""ip-172-31-11-132"": ""healthy"", ""ip-172-31-13-134"": ""healthy"", ""ip-172-31-14-68"": ""healthy"", ""ip-172-31-40-239"": ""healthy""}",node_recovery,0.1,0.0,0,0,{},"{""a1"": {""services"": [""pose"", ""gesture""], ""fps"": {""pose"": 0, ""gesture"": 0}, ""eff_fps"": {""pose"": 0, ""gesture"": 0}, ""latency_ms"": {""pose"": 0, ""gesture"": 0}, ""svclat_ms"": {""pose"": 0.0, ""gesture"": 0.0}}, ""a2"": {""services"": [""pose"", ""gesture""], ""fps"": {""pose"": 0, ""gesture"": 0}, ""eff_fps"": {""pose"": 0, ""gesture"": 0}, ""latency_ms"": {""pose"": 0, ""gesture"": 0}, ""svclat_ms"": {""pose"": 0.0, ""gesture"": 0.0}}, ""a3"": {""services"": [""pose"", ""gesture""], ""fps"": {""pose"": 0, ""gesture"": 0}, ""eff_fps"": {""pose"": 0, ""gesture"": 0}, ""latency_ms"": {""pose"": 0, ""gesture"": 0}, ""svclat_ms"": {""pose"": 0.0, ""gesture"": 0.0}}}"
14.8,1,0,0.0,0,0,0,0,0,0.0,0,0,0.0,0.0,0,0.0,0,0,0,0,0,0,0,0,0,0,0,0,0,"{""ip-172-31-0-204"": ""healthy"", ""ip-172-31-1-171"": ""healthy"", ""ip-172-31-10-12"": ""healthy"", ""ip-172-31-11-132"": ""healthy"", ""ip-172-31-13-134"": ""healthy"", ""ip-172-31-14-68"": ""healthy"", ""ip-172-31-40-239"": ""healthy""}",node_recovery,0.1,0.0,0,0,{},"{""a1"": {""services"": [""pose"", ""gesture""], ""fps"": {""pose"": 0, ""gesture"": 0}, ""eff_fps"": {""pose"": 0, ""gesture"": 0}, ""latency_ms"": {""pose"": 0, ""gesture"": 0}, ""svclat_ms"": {""pose"": 0.0, ""gesture"": 0.0}}, ""a2"": {""services"": [""pose"", ""gesture""], ""fps"": {""pose"": 0, ""gesture"": 0}, ""eff_fps"": {""pose"": 0, ""gesture"": 0}, ""latency_ms"": {""pose"": 0, ""gesture"": 0}, ""svclat_ms"": {""pose"": 0.0, ""gesture"": 0.0}}, ""a3"": {""services"": [""pose"", ""gesture""], ""fps"": {""pose"": 0, ""gesture"": 0}, ""eff_fps"": {""pose"": 0, ""gesture"": 0}, ""latency_ms"": {""pose"": 0, ""gesture"": 0}, ""svclat_ms"": {""pose"": 0.0, ""gesture"": 0.0}}}"
18.7,2,1,0.5,13,0,13,13,2,0.154,1000.0,60.0,0.06,0.0,13.0,0.0,24.5,27.0,0,24.0,27.0,0,0,0,0,22.48,15.99,0,103,"{""ip-172-31-0-204"": ""healthy"", ""ip-172-31-1-171"": ""healthy"", ""ip-172-31-10-12"": ""healthy"", ""ip-172-31-11-132"": ""healthy"", ""ip-172-31-13-134"": ""healthy"", ""ip-172-31-14-68"": ""healthy"", ""ip-172-31-40-239"": ""healthy""}",subscribe,59.4,1.0,0,0,"{""ip-172-31-0-204"": {""object"": 1, ""gesture"": 1}, ""ip-172-31-10-12"": {""object"": 1, ""pose"": 1}, ""ip-172-31-11-132"": {""object"": 1, ""pose"": 1}, ""ip-172-31-13-134"": {""object"": 1}, ""ip-172-31-40-239"": {""object"": 1, ""gesture"": 1}, ""ip-172-31-1-171"": {""object"": 1, ""pose"": 1}, ""ip-172-31-14-68"": {""object"": 1, ""gesture"": 1}}","{""a1"": {""services"": [""pose"", ""gesture""], ""fps"": {""pose"": 30, ""gesture"": 30}, ""eff_fps"": {""pose"": 30, ""gesture"": 30}, ""latency_ms"": {""pose"": 0, ""gesture"": 0}, ""svclat_ms"": {""pose"": 16.57, ""gesture"": 14.72}}, ""a2"": {""services"": [""pose"", ""gesture""], ""fps"": {""pose"": 19, ""gesture"": 24}, ""eff_fps"": {""pose"": 18, ""gesture"": 24}, ""latency_ms"": {""pose"": 0, ""gesture"": 0}, ""svclat_ms"": {""pose"": 28.39, ""gesture"": 17.26}}, ""a3"": {""services"": [""pose"", ""gesture""], ""fps"": {""pose"": 0, ""gesture"": 0}, ""eff_fps"": {""pose"": 0, ""gesture"": 0}, ""latency_ms"": {""pose"": 0, ""gesture"": 0}, ""svclat_ms"": {""pose"": 0.0, ""gesture"": 0.0}}, ""a4"": {""services"": [""pose"", ""gesture""], ""fps"": {""pose"": 0, ""gesture"": 0}, ""eff_fps"": {""pose"": 0, ""gesture"": 0}, ""latency_ms"": {""pose"": 0, ""gesture"": 0}, ""svclat_ms"": {""pose"": 0.0, ""gesture"": 0.0}}}"
23.0,4,3,0.75,0,0,13,13,6,0.462,1000.0,180.0,0.18,0.0,4.33,0.0,30.0,30.0,0,30.0,30.0,0,0,0,0,19.3,14.98,0,240,"{""ip-172-31-0-204"": ""healthy"", ""ip-172-31-1-171"": ""healthy"", ""ip-172-31-10-12"": ""healthy"", ""ip-172-31-11-132"": ""healthy"", ""ip-172-31-13-134"": ""healthy"", ""ip-172-31-14-68"": ""healthy"", ""ip-172-31-40-239"": ""healthy""}",subscribe,70.5,1.0,0,0,"{""ip-172-31-0-204"": {""object"": 1, ""gesture"": 1}, ""ip-172-31-10-12"": {""object"": 1, ""pose"": 1}, ""ip-172-31-11-132"": {""object"": 1, ""pose"": 1}, ""ip-172-31-13-134"": {""object"": 1}, ""ip-172-31-40-239"": {""object"": 1, ""gesture"": 1}, ""ip-172-31-1-171"": {""object"": 1, ""pose"": 1}, ""ip-172-31-14-68"": {""object"": 1, ""gesture"": 1}}","{""a1"": {""services"": [""pose"", ""gesture""], ""fps"": {""pose"": 30, ""gesture"": 30}, ""eff_fps"": {""pose"": 30, ""gesture"": 30}, ""latency_ms"": {""pose"": 0, ""gesture"": 0}, ""svclat_ms"": {""pose"": 20.03, ""gesture"": 15.8}}, ""a2"": {""services"": [""pose"", ""gesture""], ""fps"": {""pose"": 30, ""gesture"": 30}, ""eff_fps"": {""pose"": 30, ""gesture"": 30}, ""latency_ms"": {""pose"": 0, ""gesture"": 0}, ""svclat_ms"": {""pose"": 20.12, ""gesture"": 14.65}}, ""a3"": {""services"": [""pose"", ""gesture""], ""fps"": {""pose"": 30, ""gesture"": 30}, ""eff_fps"": {""pose"": 30, ""gesture"": 30}, ""latency_ms"": {""pose"": 0, ""gesture"": 0}, ""svclat_ms"": {""pose"": 16.72, ""gesture"": 13.92}}, ""a4"": {""services"": [""pose"", ""gesture""], ""fps"": {""pose"": 30, ""gesture"": 30}, ""eff_fps"": {""pose"": 30, ""gesture"": 30}, ""latency_ms"": {""pose"": 0, ""gesture"": 0}, ""svclat_ms"": {""pose"": 20.34, ""gesture"": 15.56}}, ""a5"": {""services"": [""pose"", ""gesture""], ""fps"": {""pose"": 0, ""gesture"": 0}, ""eff_fps"": {""pose"": 0, ""gesture"": 0}, ""latency_ms"": {""pose"": 0, ""gesture"": 0}, ""svclat_ms"": {""pose"": 0.0, ""gesture"": 0.0}}}"
26.2,5,5,1.0,0,0,13,13,6,0.462,1000.0,300.0,0.3,0.0,2.6,0.0,30.0,30.0,0,30.0,30.0,0,0,0,0,18.82,15.6,0,300,"{""ip-172-31-0-204"": ""healthy"", ""ip-172-31-1-171"": ""healthy"", ""ip-172-31-10-12"": ""healthy"", ""ip-172-31-11-132"": ""healthy"", ""ip-172-31-13-134"": ""healthy"", ""ip-172-31-14-68"": ""healthy"", ""ip-172-31-40-239"": ""healthy""}",subscribe,81.1,1.0,0,0,"{""ip-172-31-0-204"": {""object"": 1, ""gesture"": 1}, ""ip-172-31-10-12"": {""object"": 1, ""pose"": 1}, ""ip-172-31-11-132"": {""object"": 1, ""pose"": 1}, ""ip-172-31-13-134"": {""object"": 1}, ""ip-172-31-40-239"": {""object"": 1, ""gesture"": 1}, ""ip-172-31-1-171"": {""object"": 1, ""pose"": 1}, ""ip-172-31-14-68"": {""object"": 1, ""gesture"": 1}}","{""a1"": {""services"": [""pose"", ""gesture""], ""fps"": {""pose"": 30, ""gesture"": 30}, ""eff_fps"": {""pose"": 30, ""gesture"": 30}, ""latency_ms"": {""pose"": 0, ""gesture"": 0}, ""svclat_ms"": {""pose"": 19.65, ""gesture"": 15.57}}, ""a2"": {""services"": [""pose"", ""gesture""], ""fps"": {""pose"": 30, ""gesture"": 30}, ""eff_fps"": {""pose"": 30, ""gesture"": 30}, ""latency_ms"": {""pose"": 0, ""gesture"": 0}, ""svclat_ms"": {""pose"": 17.92, ""gesture"": 16.17}}, ""a3"": {""services"": [""pose"", ""gesture""], ""fps"": {""pose"": 30, ""gesture"": 30}, ""eff_fps"": {""pose"": 30, ""gesture"": 30}, ""latency_ms"": {""pose"": 0, ""gesture"": 0}, ""svclat_ms"": {""pose"": 16.43, ""gesture"": 13.72}}, ""a4"": {""services"": [""pose"", ""gesture""], ""fps"": {""pose"": 30, ""gesture"": 30}, ""eff_fps"": {""pose"": 30, ""gesture"": 30}, ""latency_ms"": {""pose"": 0, ""gesture"": 0}, ""svclat_ms"": {""pose"": 20.18, ""gesture"": 17.84}}, ""a5"": {""services"": [""pose"", ""gesture""], ""fps"": {""pose"": 30, ""gesture"": 30}, ""eff_fps"": {""pose"": 30, ""gesture"": 30}, ""latency_ms"": {""pose"": 0, ""gesture"": 0}, ""svclat_ms"": {""pose"": 19.94, ""gesture"": 14.69}}, ""a6"": {""services"": [""pose"", ""gesture""], ""fps"": {""pose"": 0, ""gesture"": 0}, ""eff_fps"": {""pose"": 0, ""gesture"": 0}, ""latency_ms"": {""pose"": 0, ""gesture"": 0}, ""svclat_ms"": {""pose"": 0.0, ""gesture"": 0.0}}}"
29.4,5,5,1.0,0,0,13,13,6,0.462,1000.0,300.0,0.3,0.0,2.6,0.0,29.5,29.5,0,29.5,29.5,0,0,0,0,20.6,16.23,0,354,"{""ip-172-31-0-204"": ""healthy"", ""ip-172-31-1-171"": ""healthy"", ""ip-172-31-10-12"": ""healthy"", ""ip-172-31-11-132"": ""healthy"", ""ip-172-31-13-134"": ""healthy"", ""ip-172-31-14-68"": ""healthy"", ""ip-172-31-40-239"": ""healthy""}",subscribe,81.1,1.0,0,0,"{""ip-172-31-0-204"": {""object"": 1, ""gesture"": 1}, ""ip-172-31-10-12"": {""object"": 1, ""pose"": 1}, ""ip-172-31-11-132"": {""object"": 1, ""pose"": 1}, ""ip-172-31-13-134"": {""object"": 1}, ""ip-172-31-40-239"": {""object"": 1, ""gesture"": 1}, ""ip-172-31-1-171"": {""object"": 1, ""pose"": 1}, ""ip-172-31-14-68"": {""object"": 1, ""gesture"": 1}}","{""a1"": {""services"": [""pose"", ""gesture""], ""fps"": {""pose"": 30, ""gesture"": 30}, ""eff_fps"": {""pose"": 30, ""gesture"": 30}, ""latency_ms"": {""pose"": 0, ""gesture"": 0}, ""svclat_ms"": {""pose"": 19.95, ""gesture"": 15.71}}, ""a2"": {""services"": [""pose"", ""gesture""], ""fps"": {""pose"": 30, ""gesture"": 30}, ""eff_fps"": {""pose"": 30, ""gesture"": 30}, ""latency_ms"": {""pose"": 0, ""gesture"": 0}, ""svclat_ms"": {""pose"": 18.11, ""gesture"": 16.82}}, ""a3"": {""services"": [""pose"", ""gesture""], ""fps"": {""pose"": 30, ""gesture"": 30}, ""eff_fps"": {""pose"": 30, ""gesture"": 30}, ""latency_ms"": {""pose"": 0, ""gesture"": 0}, ""svclat_ms"": {""pose"": 21.55, ""gesture"": 13.96}}, ""a4"": {""services"": [""pose"", ""gesture""], ""fps"": {""pose"": 30, ""gesture"": 30}, ""eff_fps"": {""pose"": 30, ""gesture"": 30}, ""latency_ms"": {""pose"": 0, ""gesture"": 0}, ""svclat_ms"": {""pose"": 20.52, ""gesture"": 18.02}}, ""a5"": {""services"": [""pose"", ""gesture""], ""fps"": {""pose"": 30, ""gesture"": 29}, ""eff_fps"": {""pose"": 30, ""gesture"": 29}, ""latency_ms"": {""pose"": 0, ""gesture"": 0}, ""svclat_ms"": {""pose"": 20.1, ""gesture"": 15.68}}, ""a6"": {""services"": [""pose"", ""gesture""], ""fps"": {""pose"": 27, ""gesture"": 28}, ""eff_fps"": {""pose"": 27, ""gesture"": 28}, ""latency_ms"": {""pose"": 0, ""gesture"": 0}, ""svclat_ms"": {""pose"": 23.38, ""gesture"": 17.22}}}"
31.8,6,6,1.0,0,0,13,13,6,0.462,1000.0,360.0,0.36,0.0,2.17,0.0,30.0,29.83,0,30.0,29.83,0,0,0,0,20.42,15.6,0,359,"{""ip-172-31-0-204"": ""healthy"", ""ip-172-31-1-171"": ""healthy"", ""ip-172-31-10-12"": ""healthy"", ""ip-172-31-11-132"": ""healthy"", ""ip-172-31-13-134"": ""healthy"", ""ip-172-31-14-68"": ""healthy"", ""ip-172-31-40-239"": ""healthy""}",subscribe,86.5,1.0,0,0,"{""ip-172-31-0-204"": {""object"": 1, ""gesture"": 1}, ""ip-172-31-10-12"": {""object"": 1, ""pose"": 1}, ""ip-172-31-11-132"": {""object"": 1, ""pose"": 1}, ""ip-172-31-13-134"": {""object"": 1}, ""ip-172-31-40-239"": {""object"": 1, ""gesture"": 1}, ""ip-172-31-1-171"": {""object"": 1, ""pose"": 1}, ""ip-172-31-14-68"": {""object"": 1, ""gesture"": 1}}","{""a1"": {""services"": [""pose"", ""gesture""], ""fps"": {""pose"": 30, ""gesture"": 30}, ""eff_fps"": {""pose"": 30, ""gesture"": 30}, ""latency_ms"": {""pose"": 0, ""gesture"": 0}, ""svclat_ms"": {""pose"": 20.35, ""gesture"": 15.71}}, ""a2"": {""services"": [""pose"", ""gesture""], ""fps"": {""pose"": 30, ""gesture"": 30}, ""eff_fps"": {""pose"": 30, ""gesture"": 30}, ""latency_ms"": {""pose"": 0, ""gesture"": 0}, ""svclat_ms"": {""pose"": 18.07, ""gesture"": 16.14}}, ""a3"": {""services"": [""pose"", ""gesture""], ""fps"": {""pose"": 30, ""gesture"": 30}, ""eff_fps"": {""pose"": 30, ""gesture"": 30}, ""latency_ms"": {""pose"": 0, ""gesture"": 0}, ""svclat_ms"": {""pose"": 21.88, ""gesture"": 13.79}}, ""a4"": {""services"": [""pose"", ""gesture""], ""fps"": {""pose"": 30, ""gesture"": 30}, ""eff_fps"": {""pose"": 30, ""gesture"": 30}, ""latency_ms"": {""pose"": 0, ""gesture"": 0}, ""svclat_ms"": {""pose"": 21.12, ""gesture"": 17.99}}, ""a5"": {""services"": [""pose"", ""gesture""], ""fps"": {""pose"": 30, ""gesture"": 29}, ""eff_fps"": {""pose"": 30, ""gesture"": 29}, ""latency_ms"": {""pose"": 0, ""gesture"": 0}, ""svclat_ms"": {""pose"": 19.86, ""gesture"": 14.91}}, ""a6"": {""services"": [""pose"", ""gesture""], ""fps"": {""pose"": 30, ""gesture"": 30}, ""eff_fps"": {""pose"": 30, ""gesture"": 30}, ""latency_ms"": {""pose"": 0, ""gesture"": 0}, ""svclat_ms"": {""pose"": 21.23, ""gesture"": 15.05}}, ""a7"": {""services"": [""pose"", ""gesture""], ""fps"": {""pose"": 0, ""gesture"": 0}, ""eff_fps"": {""pose"": 0, ""gesture"": 0}, ""latency_ms"": {""pose"": 0, ""gesture"": 0}, ""svclat_ms"": {""pose"": 0.0, ""gesture"": 0.0}}}"
35.5,7,7,1.0,0,0,13,13,6,0.462,1000.0,399.0,0.399,0.0,1.86,0.0,27.0,30.0,0,27.0,30.0,0,0,0,0,20.55,15.65,0,399,"{""ip-172-31-0-204"": ""healthy"", ""ip-172-31-1-171"": ""healthy"", ""ip-172-31-10-12"": ""healthy"", ""ip-172-31-11-132"": ""healthy"", ""ip-172-31-13-134"": ""healthy"", ""ip-172-31-14-68"": ""healthy"", ""ip-172-31-40-239"": ""healthy""}",subscribe,90.5,0.95,0,0,"{""ip-172-31-0-204"": {""object"": 1, ""gesture"": 1}, ""ip-172-31-10-12"": {""object"": 1, ""pose"": 1}, ""ip-172-31-11-132"": {""object"": 1, ""pose"": 1}, ""ip-172-31-13-134"": {""object"": 1}, ""ip-172-31-40-239"": {""object"": 1, ""gesture"": 1}, ""ip-172-31-1-171"": {""object"": 1, ""pose"": 1}, ""ip-172-31-14-68"": {""object"": 1, ""gesture"": 1}}","{""a1"": {""services"": [""pose"", ""gesture""], ""fps"": {""pose"": 23, ""gesture"": 30}, ""eff_fps"": {""pose"": 23, ""gesture"": 30}, ""latency_ms"": {""pose"": 0, ""gesture"": 0}, ""svclat_ms"": {""pose"": 20.05, ""gesture"": 15.2}}, ""a2"": {""services"": [""pose"", ""gesture""], ""fps"": {""pose"": 30, ""gesture"": 30}, ""eff_fps"": {""pose"": 30, ""gesture"": 30}, ""latency_ms"": {""pose"": 0, ""gesture"": 0}, ""svclat_ms"": {""pose"": 18.31, ""gesture"": 16.29}}, ""a3"": {""services"": [""pose"", ""gesture""], ""fps"": {""pose"": 30, ""gesture"": 30}, ""eff_fps"": {""pose"": 30, ""gesture"": 30}, ""latency_ms"": {""pose"": 0, ""gesture"": 0}, ""svclat_ms"": {""pose"": 21.66, ""gesture"": 14.0}}, ""a4"": {""services"": [""pose"", ""gesture""], ""fps"": {""pose"": 23, ""gesture"": 30}, ""eff_fps"": {""pose"": 23, ""gesture"": 30}, ""latency_ms"": {""pose"": 0, ""gesture"": 0}, ""svclat_ms"": {""pose"": 20.92, ""gesture"": 16.62}}, ""a5"": {""services"": [""pose"", ""gesture""], ""fps"": {""pose"": 30, ""gesture"": 30}, ""eff_fps"": {""pose"": 30, ""gesture"": 30}, ""latency_ms"": {""pose"": 0, ""gesture"": 0}, ""svclat_ms"": {""pose"": 20.15, ""gesture"": 14.95}}, ""a6"": {""services"": [""pose"", ""gesture""], ""fps"": {""pose"": 30, ""gesture"": 30}, ""eff_fps"": {""pose"": 30, ""gesture"": 30}, ""latency_ms"": {""pose"": 0, ""gesture"": 0}, ""svclat_ms"": {""pose"": 21.06, ""gesture"": 15.2}}, ""a7"": {""services"": [""pose"", ""gesture""], ""fps"": {""pose"": 23, ""gesture"": 30}, ""eff_fps"": {""pose"": 23, ""gesture"": 30}, ""latency_ms"": {""pose"": 0, ""gesture"": 0}, ""svclat_ms"": {""pose"": 21.69, ""gesture"": 17.27}}, ""a8"": {""services"": [""pose"", ""gesture""], ""fps"": {""pose"": 0, ""gesture"": 0}, ""eff_fps"": {""pose"": 0, ""gesture"": 0}, ""latency_ms"": {""pose"": 0, ""gesture"": 0}, ""svclat_ms"": {""pose"": 0.0, ""gesture"": 0.0}}}"
39.3,7,7,1.0,0,0,13,13,6,0.462,1000.0,399.0,0.399,0.0,1.86,0.0,24.62,29.88,0,24.62,29.88,0,0,0,0,20.56,15.91,0,436,"{""ip-172-31-0-204"": ""healthy"", ""ip-172-31-1-171"": ""healthy"", ""ip-172-31-10-12"": ""healthy"", ""ip-172-31-11-132"": ""healthy"", ""ip-172-31-13-134"": ""healthy"", ""ip-172-31-14-68"": ""healthy"", ""ip-172-31-40-239"": ""healthy""}",subscribe,90.5,0.95,0,0,"{""ip-172-31-0-204"": {""object"": 1, ""gesture"": 1}, ""ip-172-31-10-12"": {""object"": 1, ""pose"": 1}, ""ip-172-31-11-132"": {""object"": 1, ""pose"": 1}, ""ip-172-31-13-134"": {""object"": 1}, ""ip-172-31-40-239"": {""object"": 1, ""gesture"": 1}, ""ip-172-31-1-171"": {""object"": 1, ""pose"": 1}, ""ip-172-31-14-68"": {""object"": 1, ""gesture"": 1}}","{""a1"": {""services"": [""pose"", ""gesture""], ""fps"": {""pose"": 23, ""gesture"": 30}, ""eff_fps"": {""pose"": 23, ""gesture"": 30}, ""latency_ms"": {""pose"": 0, ""gesture"": 0}, ""svclat_ms"": {""pose"": 20.97, ""gesture"": 14.96}}, ""a2"": {""services"": [""pose"", ""gesture""], ""fps"": {""pose"": 23, ""gesture"": 30}, ""eff_fps"": {""pose"": 23, ""gesture"": 30}, ""latency_ms"": {""pose"": 0, ""gesture"": 0}, ""svclat_ms"": {""pose"": 18.05, ""gesture"": 15.58}}, ""a3"": {""services"": [""pose"", ""gesture""], ""fps"": {""pose"": 30, ""gesture"": 30}, ""eff_fps"": {""pose"": 30, ""gesture"": 30}, ""latency_ms"": {""pose"": 0, ""gesture"": 0}, ""svclat_ms"": {""pose"": 21.64, ""gesture"": 14.15}}, ""a4"": {""services"": [""pose"", ""gesture""], ""fps"": {""pose"": 22, ""gesture"": 30}, ""eff_fps"": {""pose"": 22, ""gesture"": 30}, ""latency_ms"": {""pose"": 0, ""gesture"": 0}, ""svclat_ms"": {""pose"": 24.6, ""gesture"": 16.52}}, ""a5"": {""services"": [""pose"", ""gesture""], ""fps"": {""pose"": 23, ""gesture"": 29}, ""eff_fps"": {""pose"": 23, ""gesture"": 29}, ""latency_ms"": {""pose"": 0, ""gesture"": 0}, ""svclat_ms"": {""pose"": 19.83, ""gesture"": 17.38}}, ""a6"": {""services"": [""pose"", ""gesture""], ""fps"": {""pose"": 30, ""gesture"": 30}, ""eff_fps"": {""pose"": 30, ""gesture"": 30}, ""latency_ms"": {""pose"": 0, ""gesture"": 0}, ""svclat_ms"": {""pose"": 20.68, ""gesture"": 15.16}}, ""a7"": {""services"": [""pose"", ""gesture""], ""fps"": {""pose"": 23, ""gesture"": 30}, ""eff_fps"": {""pose"": 23, ""gesture"": 30}, ""latency_ms"": {""pose"": 0, ""gesture"": 0}, ""svclat_ms"": {""pose"": 20.68, ""gesture"": 16.94}}, ""a8"": {""services"": [""pose"", ""gesture""], ""fps"": {""pose"": 23, ""gesture"": 30}, ""eff_fps"": {""pose"": 23, ""gesture"": 30}, ""latency_ms"": {""pose"": 0, ""gesture"": 0}, ""svclat_ms"": {""pose"": 18.04, ""gesture"": 16.58}}}"
41.7,8,8,1.0,0,0,13,13,6,0.462,1000.0,438.0,0.438,0.0,1.62,0.0,24.75,30.0,0,24.75,30.0,0,0,0,0,20.2,15.55,0,438,"{""ip-172-31-0-204"": ""healthy"", ""ip-172-31-1-171"": ""healthy"", ""ip-172-31-10-12"": ""healthy"", ""ip-172-31-11-132"": ""healthy"", ""ip-172-31-13-134"": ""healthy"", ""ip-172-31-14-68"": ""healthy"", ""ip-172-31-40-239"": ""healthy""}",subscribe,93.8,0.9125,0,0,"{""ip-172-31-0-204"": {""object"": 1, ""gesture"": 1}, ""ip-172-31-10-12"": {""object"": 1, ""pose"": 1}, ""ip-172-31-11-132"": {""object"": 1, ""pose"": 1}, ""ip-172-31-13-134"": {""object"": 1}, ""ip-172-31-40-239"": {""object"": 1, ""gesture"": 1}, ""ip-172-31-1-171"": {""object"": 1, ""pose"": 1}, ""ip-172-31-14-68"": {""object"": 1, ""gesture"": 1}}","{""a1"": {""services"": [""pose"", ""gesture""], ""fps"": {""pose"": 23, ""gesture"": 30}, ""eff_fps"": {""pose"": 23, ""gesture"": 30}, ""latency_ms"": {""pose"": 0, ""gesture"": 0}, ""svclat_ms"": {""pose"": 20.85, ""gesture"": 15.0}}, ""a2"": {""services"": [""pose"", ""gesture""], ""fps"": {""pose"": 23, ""gesture"": 30}, ""eff_fps"": {""pose"": 23, ""gesture"": 30}, ""latency_ms"": {""pose"": 0, ""gesture"": 0}, ""svclat_ms"": {""pose"": 18.58, ""gesture"": 15.1}}, ""a3"": {""services"": [""pose"", ""gesture""], ""fps"": {""pose"": 30, ""gesture"": 30}, ""eff_fps"": {""pose"": 30, ""gesture"": 30}, ""latency_ms"": {""pose"": 0, ""gesture"": 0}, ""svclat_ms"": {""pose"": 21.87, ""gesture"": 13.87}}, ""a4"": {""services"": [""pose"", ""gesture""], ""fps"": {""pose"": 23, ""gesture"": 30}, ""eff_fps"": {""pose"": 23, ""gesture"": 30}, ""latency_ms"": {""pose"": 0, ""gesture"": 0}, ""svclat_ms"": {""pose"": 20.87, ""gesture"": 16.55}}, ""a5"": {""services"": [""pose"", ""gesture""], ""fps"": {""pose"": 23, ""gesture"": 30}, ""eff_fps"": {""pose"": 23, ""gesture"": 30}, ""latency_ms"": {""pose"": 0, ""gesture"": 0}, ""svclat_ms"": {""pose"": 19.57, ""gesture"": 15.29}}, ""a6"": {""services"": [""pose"", ""gesture""], ""fps"": {""pose"": 30, ""gesture"": 30}, ""eff_fps"": {""pose"": 30, ""gesture"": 30}, ""latency_ms"": {""pose"": 0, ""gesture"": 0}, ""svclat_ms"": {""pose"": 21.21, ""gesture"": 15.19}}, ""a7"": {""services"": [""pose"", ""gesture""], ""fps"": {""pose"": 23, ""gesture"": 30}, ""eff_fps"": {""pose"": 23, ""gesture"": 30}, ""latency_ms"": {""pose"": 0, ""gesture"": 0}, ""svclat_ms"": {""pose"": 20.4, ""gesture"": 17.32}}, ""a8"": {""services"": [""pose"", ""gesture""], ""fps"": {""pose"": 23, ""gesture"": 30}, ""eff_fps"": {""pose"": 23, ""gesture"": 30}, ""latency_ms"": {""pose"": 0, ""gesture"": 0}, ""svclat_ms"": {""pose"": 18.28, ""gesture"": 16.12}}, ""a9"": {""services"": [""pose"", ""gesture""], ""fps"": {""pose"": 0, ""gesture"": 0}, ""eff_fps"": {""pose"": 0, ""gesture"": 0}, ""latency_ms"": {""pose"": 0, ""gesture"": 0}, ""svclat_ms"": {""pose"": 0.0, ""gesture"": 0.0}}}"
44.1,9,8,0.889,0,0,13,13,6,0.462,1000.0,438.0,0.438,0.0,1.62,0.0,23.0,29.44,0,23.0,29.44,0,0,0,0,22.15,18.76,0,472,"{""ip-172-31-0-204"": ""healthy"", ""ip-172-31-1-171"": ""healthy"", ""ip-172-31-10-12"": ""healthy"", ""ip-172-31-11-132"": ""healthy"", ""ip-172-31-13-134"": ""healthy"", ""ip-172-31-14-68"": ""healthy"", ""ip-172-31-40-239"": ""healthy""}",subscribe,93.8,0.9125,0,0,"{""ip-172-31-0-204"": {""object"": 1, ""gesture"": 1}, ""ip-172-31-10-12"": {""object"": 1, ""pose"": 1}, ""ip-172-31-11-132"": {""object"": 1, ""pose"": 1}, ""ip-172-31-13-134"": {""object"": 1}, ""ip-172-31-40-239"": {""object"": 1, ""gesture"": 1}, ""ip-172-31-1-171"": {""object"": 1, ""pose"": 1}, ""ip-172-31-14-68"": {""object"": 1, ""gesture"": 1}}","{""a1"": {""services"": [""pose"", ""gesture""], ""fps"": {""pose"": 23, ""gesture"": 28}, ""eff_fps"": {""pose"": 23, ""gesture"": 28}, ""latency_ms"": {""pose"": 0, ""gesture"": 0}, ""svclat_ms"": {""pose"": 24.82, ""gesture"": 20.48}}, ""a2"": {""services"": [""pose"", ""gesture""], ""fps"": {""pose"": 23, ""gesture"": 30}, ""eff_fps"": {""pose"": 23, ""gesture"": 30}, ""latency_ms"": {""pose"": 0, ""gesture"": 0}, ""svclat_ms"": {""pose"": 18.26, ""gesture"": 18.48}}, ""a3"": {""services"": [""pose"", ""gesture""], ""fps"": {""pose"": 23, ""gesture"": 29}, ""eff_fps"": {""pose"": 23, ""gesture"": 29}, ""latency_ms"": {""pose"": 0, ""gesture"": 0}, ""svclat_ms"": {""pose"": 25.78, ""gesture"": 18.16}}, ""a4"": {""services"": [""pose"", ""gesture""], ""fps"": {""pose"": 23, ""gesture"": 29}, ""eff_fps"": {""pose"": 23, ""gesture"": 29}, ""latency_ms"": {""pose"": 0, ""gesture"": 0}, ""svclat_ms"": {""pose"": 24.25, ""gesture"": 19.99}}, ""a5"": {""services"": [""pose"", ""gesture""], ""fps"": {""pose"": 23, ""gesture"": 30}, ""eff_fps"": {""pose"": 23, ""gesture"": 30}, ""latency_ms"": {""pose"": 0, ""gesture"": 0}, ""svclat_ms"": {""pose"": 19.57, ""gesture"": 16.82}}, ""a6"": {""services"": [""pose"", ""gesture""], ""fps"": {""pose"": 23, ""gesture"": 30}, ""eff_fps"": {""pose"": 23, ""gesture"": 30}, ""latency_ms"": {""pose"": 0, ""gesture"": 0}, ""svclat_ms"": {""pose"": 22.67, ""gesture"": 18.87}}, ""a7"": {""services"": [""pose"", ""gesture""], ""fps"": {""pose"": 23, ""gesture"": 29}, ""eff_fps"": {""pose"": 23, ""gesture"": 29}, ""latency_ms"": {""pose"": 0, ""gesture"": 0}, ""svclat_ms"": {""pose"": 22.52, ""gesture"": 20.0}}, ""a8"": {""services"": [""pose"", ""gesture""], ""fps"": {""pose"": 23, ""gesture"": 30}, ""eff_fps"": {""pose"": 23, ""gesture"": 30}, ""latency_ms"": {""pose"": 0, ""gesture"": 0}, ""svclat_ms"": {""pose"": 18.21, ""gesture"": 18.23}}, ""a9"": {""services"": [""pose"", ""gesture""], ""fps"": {""pose"": 23, ""gesture"": 30}, ""eff_fps"": {""pose"": 23, ""gesture"": 30}, ""latency_ms"": {""pose"": 0, ""gesture"": 0}, ""svclat_ms"": {""pose"": 23.23, ""gesture"": 17.84}}}"
46.5,9,8,0.889,0,0,13,13,6,0.462,1000.0,438.0,0.438,0.0,1.62,0.0,23.0,30.0,0,23.0,30.0,0,0,0,0,21.37,17.29,0,477,"{""ip-172-31-0-204"": ""healthy"", ""ip-172-31-1-171"": ""healthy"", ""ip-172-31-10-12"": ""healthy"", ""ip-172-31-11-132"": ""healthy"", ""ip-172-31-13-134"": ""healthy"", ""ip-172-31-14-68"": ""healthy"", ""ip-172-31-40-239"": ""healthy""}",subscribe,93.8,0.9125,0,0,"{""ip-172-31-0-204"": {""object"": 1, ""gesture"": 1}, ""ip-172-31-10-12"": {""object"": 1, ""pose"": 1}, ""ip-172-31-11-132"": {""object"": 1, ""pose"": 1}, ""ip-172-31-13-134"": {""object"": 1}, ""ip-172-31-40-239"": {""object"": 1, ""gesture"": 1}, ""ip-172-31-1-171"": {""object"": 1, ""pose"": 1}, ""ip-172-31-14-68"": {""object"": 1, ""gesture"": 1}}","{""a1"": {""services"": [""pose"", ""gesture""], ""fps"": {""pose"": 23, ""gesture"": 30}, ""eff_fps"": {""pose"": 23, ""gesture"": 30}, ""latency_ms"": {""pose"": 0, ""gesture"": 0}, ""svclat_ms"": {""pose"": 23.72, ""gesture"": 17.07}}, ""a2"": {""services"": [""pose"", ""gesture""], ""fps"": {""pose"": 23, ""gesture"": 30}, ""eff_fps"": {""pose"": 23, ""gesture"": 30}, ""latency_ms"": {""pose"": 0, ""gesture"": 0}, ""svclat_ms"": {""pose"": 18.8, ""gesture"": 18.77}}, ""a3"": {""services"": [""pose"", ""gesture""], ""fps"": {""pose"": 23, ""gesture"": 30}, ""eff_fps"": {""pose"": 23, ""gesture"": 30}, ""latency_ms"": {""pose"": 0, ""gesture"": 0}, ""svclat_ms"": {""pose"": 20.39, ""gesture"": 16.32}}, ""a4"": {""services"": [""pose"", ""gesture""], ""fps"": {""pose"": 23, ""gesture"": 30}, ""eff_fps"": {""pose"": 23, ""gesture"": 30}, ""latency_ms"": {""pose"": 0, ""gesture"": 0}, ""svclat_ms"": {""pose"": 25.88, ""gesture"": 17.98}}, ""a5"": {""services"": [""pose"", ""gesture""], ""fps"": {""pose"": 23, ""gesture"": 30}, ""eff_fps"": {""pose"": 23, ""gesture"": 30}, ""latency_ms"": {""pose"": 0, ""gesture"": 0}, ""svclat_ms"": {""pose"": 19.77, ""gesture"": 17.82}}, ""a6"": {""services"": [""pose"", ""gesture""], ""fps"": {""pose"": 23, ""gesture"": 30}, ""eff_fps"": {""pose"": 23, ""gesture"": 30}, ""latency_ms"": {""pose"": 0, ""gesture"": 0}, ""svclat_ms"": {""pose"": 21.82, ""gesture"": 15.29}}, ""a7"": {""services"": [""pose"", ""gesture""], ""fps"": {""pose"": 23, ""gesture"": 30}, ""eff_fps"": {""pose"": 23, ""gesture"": 30}, ""latency_ms"": {""pose"": 0, ""gesture"": 0}, ""svclat_ms"": {""pose"": 21.68, ""gesture"": 17.31}}, ""a8"": {""services"": [""pose"", ""gesture""], ""fps"": {""pose"": 23, ""gesture"": 30}, ""eff_fps"": {""pose"": 23, ""gesture"": 30}, ""latency_ms"": {""pose"": 0, ""gesture"": 0}, ""svclat_ms"": {""pose"": 18.12, ""gesture"": 18.47}}, ""a9"": {""services"": [""pose"", ""gesture""], ""fps"": {""pose"": 23, ""gesture"": 30}, ""eff_fps"": {""pose"": 23, ""gesture"": 30}, ""latency_ms"": {""pose"": 0, ""gesture"": 0}, ""svclat_ms"": {""pose"": 22.12, ""gesture"": 16.56}}, ""a10"": {""services"": [""pose"", ""gesture""], ""fps"": {""pose"": 0, ""gesture"": 0}, ""eff_fps"": {""pose"": 0, ""gesture"": 0}, ""latency_ms"": {""pose"": 0, ""gesture"": 0}, ""svclat_ms"": {""pose"": 0.0, ""gesture"": 0.0}}}"
48.8,9,8,0.889,0,0,13,13,6,0.462,1000.0,438.0,0.438,0.0,1.62,0.0,23.0,30.11,0,23.0,30.11,0,0,0,0,21.21,16.85,0,478,"{""ip-172-31-0-204"": ""healthy"", ""ip-172-31-1-171"": ""healthy"", ""ip-172-31-10-12"": ""healthy"", ""ip-172-31-11-132"": ""healthy"", ""ip-172-31-13-134"": ""healthy"", ""ip-172-31-14-68"": ""healthy"", ""ip-172-31-40-239"": ""healthy""}",subscribe,93.8,0.9125,0,0,"{""ip-172-31-0-204"": {""object"": 1, ""gesture"": 1}, ""ip-172-31-10-12"": {""object"": 1, ""pose"": 1}, ""ip-172-31-11-132"": {""object"": 1, ""pose"": 1}, ""ip-172-31-13-134"": {""object"": 1}, ""ip-172-31-40-239"": {""object"": 1, ""gesture"": 1}, ""ip-172-31-1-171"": {""object"": 1, ""pose"": 1}, ""ip-172-31-14-68"": {""object"": 1, ""gesture"": 1}}","{""a1"": {""services"": [""pose"", ""gesture""], ""fps"": {""pose"": 23, ""gesture"": 31}, ""eff_fps"": {""pose"": 23, ""gesture"": 31}, ""latency_ms"": {""pose"": 0, ""gesture"": 0}, ""svclat_ms"": {""pose"": 24.96, ""gesture"": 17.07}}, ""a2"": {""services"": [""pose"", ""gesture""], ""fps"": {""pose"": 23, ""gesture"": 30}, ""eff_fps"": {""pose"": 23, ""gesture"": 30}, ""latency_ms"": {""pose"": 0, ""gesture"": 0}, ""svclat_ms"": {""pose"": 18.4, ""gesture"": 16.67}}, ""a3"": {""services"": [""pose"", ""gesture""], ""fps"": {""pose"": 23, ""gesture"": 30}, ""eff_fps"": {""pose"": 23, ""gesture"": 30}, ""latency_ms"": {""pose"": 0, ""gesture"": 0}, ""svclat_ms"": {""pose"": 20.25, ""gesture"": 16.2}}, ""a4"": {""services"": [""pose"", ""gesture""], ""fps"": {""pose"": 23, ""gesture"": 30}, ""eff_fps"": {""pose"": 23, ""gesture"": 30}, ""latency_ms"": {""pose"": 0, ""gesture"": 0}, ""svclat_ms"": {""pose"": 25.95, ""gesture"": 18.01}}, ""a5"": {""services"": [""pose"", ""gesture""], ""fps"": {""pose"": 23, ""gesture"": 30}, ""eff_fps"": {""pose"": 23, ""gesture"": 30}, ""latency_ms"": {""pose"": 0, ""gesture"": 0}, ""svclat_ms"": {""pose"": 20.25, ""gesture"": 15.97}}, ""a6"": {""services"": [""pose"", ""gesture""], ""fps"": {""pose"": 23, ""gesture"": 30}, ""eff_fps"": {""pose"": 23, ""gesture"": 30}, ""latency_ms"": {""pose"": 0, ""gesture"": 0}, ""svclat_ms"": {""pose"": 20.81, ""gesture"": 16.31}}, ""a7"": {""services"": [""pose"", ""gesture""], ""fps"": {""pose"": 23, ""gesture"": 30}, ""eff_fps"": {""pose"": 23, ""gesture"": 30}, ""latency_ms"": {""pose"": 0, ""gesture"": 0}, ""svclat_ms"": {""pose"": 21.28, ""gesture"": 16.9}}, ""a8"": {""services"": [""pose"", ""gesture""], ""fps"": {""pose"": 23, ""gesture"": 30}, ""eff_fps"": {""pose"": 23, ""gesture"": 30}, ""latency_ms"": {""pose"": 0, ""gesture"": 0}, ""svclat_ms"": {""pose"": 17.82, ""gesture"": 17.19}}, ""a9"": {""services"": [""pose"", ""gesture""], ""fps"": {""pose"": 23, ""gesture"": 30}, ""eff_fps"": {""pose"": 23, ""gesture"": 30}, ""latency_ms"": {""pose"": 0, ""gesture"": 0}, ""svclat_ms"": {""pose"": 21.15, ""gesture"": 17.29}}, ""a10"": {""services"": [""pose"", ""gesture""], ""fps"": {""pose"": 0, ""gesture"": 0}, ""eff_fps"": {""pose"": 0, ""gesture"": 0}, ""latency_ms"": {""pose"": 0, ""gesture"": 0}, ""svclat_ms"": {""pose"": 0.0, ""gesture"": 0.0}}}"
51.2,9,8,0.889,0,0,13,13,6,0.462,1000.0,438.0,0.438,0.0,1.62,0.0,23.0,30.0,0,23.0,30.0,0,0,0,0,20.42,15.76,0,477,"{""ip-172-31-0-204"": ""healthy"", ""ip-172-31-1-171"": ""healthy"", ""ip-172-31-10-12"": ""healthy"", ""ip-172-31-11-132"": ""healthy"", ""ip-172-31-13-134"": ""healthy"", ""ip-172-31-14-68"": ""healthy"", ""ip-172-31-40-239"": ""healthy""}",subscribe,93.8,0.9125,0,0,"{""ip-172-31-0-204"": {""object"": 1, ""gesture"": 1}, ""ip-172-31-10-12"": {""object"": 1, ""pose"": 1}, ""ip-172-31-11-132"": {""object"": 1, ""pose"": 1}, ""ip-172-31-13-134"": {""object"": 1}, ""ip-172-31-40-239"": {""object"": 1, ""gesture"": 1}, ""ip-172-31-1-171"": {""object"": 1, ""pose"": 1}, ""ip-172-31-14-68"": {""object"": 1, ""gesture"": 1}}","{""a1"": {""services"": [""pose"", ""gesture""], ""fps"": {""pose"": 23, ""gesture"": 30}, ""eff_fps"": {""pose"": 23, ""gesture"": 30}, ""latency_ms"": {""pose"": 0, ""gesture"": 0}, ""svclat_ms"": {""pose"": 21.33, ""gesture"": 15.97}}, ""a2"": {""services"": [""pose"", ""gesture""], ""fps"": {""pose"": 23, ""gesture"": 30}, ""eff_fps"": {""pose"": 23, ""gesture"": 30}, ""latency_ms"": {""pose"": 0, ""gesture"": 0}, ""svclat_ms"": {""pose"": 18.35, ""gesture"": 15.16}}, ""a3"": {""services"": [""pose"", ""gesture""], ""fps"": {""pose"": 23, ""gesture"": 30}, ""eff_fps"": {""pose"": 23, ""gesture"": 30}, ""latency_ms"": {""pose"": 0, ""gesture"": 0}, ""svclat_ms"": {""pose"": 20.59, ""gesture"": 15.59}}, ""a4"": {""services"": [""pose"", ""gesture""], ""fps"": {""pose"": 23, ""gesture"": 30}, ""eff_fps"": {""pose"": 23, ""gesture"": 30}, ""latency_ms"": {""pose"": 0, ""gesture"": 0}, ""svclat_ms"": {""pose"": 22.29, ""gesture"": 17.15}}, ""a5"": {""services"": [""pose"", ""gesture""], ""fps"": {""pose"": 23, ""gesture"": 30}, ""eff_fps"": {""pose"": 23, ""gesture"": 30}, ""latency_ms"": {""pose"": 0, ""gesture"": 0}, ""svclat_ms"": {""pose"": 18.99, ""gesture"": 15.58}}, ""a6"": {""services"": [""pose"", ""gesture""], ""fps"": {""pose"": 23, ""gesture"": 30}, ""eff_fps"": {""pose"": 23, ""gesture"": 30}, ""latency_ms"": {""pose"": 0, ""gesture"": 0}, ""svclat_ms"": {""pose"": 21.07, ""gesture"": 14.43}}, ""a7"": {""services"": [""pose"", ""gesture""], ""fps"": {""pose"": 23, ""gesture"": 30}, ""eff_fps"": {""pose"": 23, ""gesture"": 30}, ""latency_ms"": {""pose"": 0, ""gesture"": 0}, ""svclat_ms"": {""pose"": 20.84, ""gesture"": 15.73}}, ""a8"": {""services"": [""pose"", ""gesture""], ""fps"": {""pose"": 23, ""gesture"": 30}, ""eff_fps"": {""pose"": 23, ""gesture"": 30}, ""latency_ms"": {""pose"": 0, ""gesture"": 0}, ""svclat_ms"": {""pose"": 18.91, ""gesture"": 16.3}}, ""a9"": {""services"": [""pose"", ""gesture""], ""fps"": {""pose"": 23, ""gesture"": 30}, ""eff_fps"": {""pose"": 23, ""gesture"": 30}, ""latency_ms"": {""pose"": 0, ""gesture"": 0}, ""svclat_ms"": {""pose"": 21.41, ""gesture"": 15.94}}, ""a10"": {""services"": [""pose"", ""gesture""], ""fps"": {""pose"": 0, ""gesture"": 0}, ""eff_fps"": {""pose"": 0, ""gesture"": 0}, ""latency_ms"": {""pose"": 0, ""gesture"": 0}, ""svclat_ms"": {""pose"": 0.0, ""gesture"": 0.0}}, ""a11"": {""services"": [""pose"", ""gesture""], ""fps"": {""pose"": 0, ""gesture"": 0}, ""eff_fps"": {""pose"": 0, ""gesture"": 0}, ""latency_ms"": {""pose"": 0, ""gesture"": 0}, ""svclat_ms"": {""pose"": 0.0, ""gesture"": 0.0}}}"
53.6,9,8,0.889,0,0,13,13,6,0.462,1000.0,438.0,0.438,0.0,1.62,0.0,23.0,30.11,0,23.0,30.11,0,0,0,0,20.3,15.84,0,478,"{""ip-172-31-0-204"": ""healthy"", ""ip-172-31-1-171"": ""healthy"", ""ip-172-31-10-12"": ""healthy"", ""ip-172-31-11-132"": ""healthy"", ""ip-172-31-13-134"": ""healthy"", ""ip-172-31-14-68"": ""healthy"", ""ip-172-31-40-239"": ""healthy""}",subscribe,93.8,0.9125,0,0,"{""ip-172-31-0-204"": {""object"": 1, ""gesture"": 1}, ""ip-172-31-10-12"": {""object"": 1, ""pose"": 1}, ""ip-172-31-11-132"": {""object"": 1, ""pose"": 1}, ""ip-172-31-13-134"": {""object"": 1}, ""ip-172-31-40-239"": {""object"": 1, ""gesture"": 1}, ""ip-172-31-1-171"": {""object"": 1, ""pose"": 1}, ""ip-172-31-14-68"": {""object"": 1, ""gesture"": 1}}","{""a1"": {""services"": [""pose"", ""gesture""], ""fps"": {""pose"": 23, ""gesture"": 31}, ""eff_fps"": {""pose"": 23, ""gesture"": 31}, ""latency_ms"": {""pose"": 0, ""gesture"": 0}, ""svclat_ms"": {""pose"": 21.0, ""gesture"": 16.05}}, ""a2"": {""services"": [""pose"", ""gesture""], ""fps"": {""pose"": 23, ""gesture"": 30}, ""eff_fps"": {""pose"": 23, ""gesture"": 30}, ""latency_ms"": {""pose"": 0, ""gesture"": 0}, ""svclat_ms"": {""pose"": 18.5, ""gesture"": 15.33}}, ""a3"": {""services"": [""pose"", ""gesture""], ""fps"": {""pose"": 23, ""gesture"": 30}, ""eff_fps"": {""pose"": 23, ""gesture"": 30}, ""latency_ms"": {""pose"": 0, ""gesture"": 0}, ""svclat_ms"": {""pose"": 20.55, ""gesture"": 15.57}}, ""a4"": {""services"": [""pose"", ""gesture""], ""fps"": {""pose"": 23, ""gesture"": 30}, ""eff_fps"": {""pose"": 23, ""gesture"": 30}, ""latency_ms"": {""pose"": 0, ""gesture"": 0}, ""svclat_ms"": {""pose"": 21.56, ""gesture"": 16.68}}, ""a5"": {""services"": [""pose"", ""gesture""], ""fps"": {""pose"": 23, ""gesture"": 30}, ""eff_fps"": {""pose"": 23, ""gesture"": 30}, ""latency_ms"": {""pose"": 0, ""gesture"": 0}, ""svclat_ms"": {""pose"": 20.41, ""gesture"": 15.83}}, ""a6"": {""services"": [""pose"", ""gesture""], ""fps"": {""pose"": 23, ""gesture"": 30}, ""eff_fps"": {""pose"": 23, ""gesture"": 30}, ""latency_ms"": {""pose"": 0, ""gesture"": 0}, ""svclat_ms"": {""pose"": 20.71, ""gesture"": 14.66}}, ""a7"": {""services"": [""pose"", ""gesture""], ""fps"": {""pose"": 23, ""gesture"": 30}, ""eff_fps"": {""pose"": 23, ""gesture"": 30}, ""latency_ms"": {""pose"": 0, ""gesture"": 0}, ""svclat_ms"": {""pose"": 20.66, ""gesture"": 15.78}}, ""a8"": {""services"": [""pose"", ""gesture""], ""fps"": {""pose"": 23, ""gesture"": 30}, ""eff_fps"": {""pose"": 23, ""gesture"": 30}, ""latency_ms"": {""pose"": 0, ""gesture"": 0}, ""svclat_ms"": {""pose"": 18.2, ""gesture"": 16.56}}, ""a9"": {""services"": [""pose"", ""gesture""], ""fps"": {""pose"": 23, ""gesture"": 30}, ""eff_fps"": {""pose"": 23, ""gesture"": 30}, ""latency_ms"": {""pose"": 0, ""gesture"": 0}, ""svclat_ms"": {""pose"": 21.12, ""gesture"": 16.1}}, ""a10"": {""services"": [""pose"", ""gesture""], ""fps"": {""pose"": 0, ""gesture"": 0}, ""eff_fps"": {""pose"": 0, ""gesture"": 0}, ""latency_ms"": {""pose"": 0, ""gesture"": 0}, ""svclat_ms"": {""pose"": 0.0, ""gesture"": 0.0}}, ""a11"": {""services"": [""pose"", ""gesture""], ""fps"": {""pose"": 0, ""gesture"": 0}, ""eff_fps"": {""pose"": 0, ""gesture"": 0}, ""latency_ms"": {""pose"": 0, ""gesture"": 0}, ""svclat_ms"": {""pose"": 0.0, ""gesture"": 0.0}}}"
57.0,9,8,0.889,0,0,13,13,6,0.462,1000.0,438.0,0.438,0.0,1.62,0.0,30.0,30.11,0,30.0,30.11,0,0,0,0,20.3,17.07,0,541,"{""ip-172-31-0-204"": ""healthy"", ""ip-172-31-1-171"": ""healthy"", ""ip-172-31-10-12"": ""healthy"", ""ip-172-31-11-132"": ""healthy"", ""ip-172-31-13-134"": ""healthy"", ""ip-172-31-14-68"": ""healthy"", ""ip-172-31-40-239"": ""healthy""}",subscribe,93.8,0.9125,0,0,"{""ip-172-31-0-204"": {""object"": 1, ""gesture"": 1}, ""ip-172-31-10-12"": {""object"": 1, ""pose"": 1}, ""ip-172-31-11-132"": {""object"": 1, ""pose"": 1}, ""ip-172-31-13-134"": {""object"": 1}, ""ip-172-31-40-239"": {""object"": 1, ""gesture"": 1}, ""ip-172-31-1-171"": {""object"": 1, ""pose"": 1}, ""ip-172-31-14-68"": {""object"": 1, ""gesture"": 1}}","{""a1"": {""services"": [""pose"", ""gesture""], ""fps"": {""pose"": 30, ""gesture"": 30}, ""eff_fps"": {""pose"": 30, ""gesture"": 30}, ""latency_ms"": {""pose"": 0, ""gesture"": 0}, ""svclat_ms"": {""pose"": 20.73, ""gesture"": 16.71}}, ""a2"": {""services"": [""pose"", ""gesture""], ""fps"": {""pose"": 30, ""gesture"": 30}, ""eff_fps"": {""pose"": 30, ""gesture"": 30}, ""latency_ms"": {""pose"": 0, ""gesture"": 0}, ""svclat_ms"": {""pose"": 22.17, ""gesture"": 16.67}}, ""a3"": {""services"": [""pose"", ""gesture""], ""fps"": {""pose"": 30, ""gesture"": 30}, ""eff_fps"": {""pose"": 30, ""gesture"": 30}, ""latency_ms"": {""pose"": 0, ""gesture"": 0}, ""svclat_ms"": {""pose"": 20.42, ""gesture"": 16.15}}, ""a4"": {""services"": [""pose"", ""gesture""], ""fps"": {""pose"": 30, ""gesture"": 30}, ""eff_fps"": {""pose"": 30, ""gesture"": 30}, ""latency_ms"": {""pose"": 0, ""gesture"": 0}, ""svclat_ms"": {""pose"": 19.41, ""gesture"": 14.67}}, ""a5"": {""services"": [""pose"", ""gesture""], ""fps"": {""pose"": 30, ""gesture"": 31}, ""eff_fps"": {""pose"": 30, ""gesture"": 31}, ""latency_ms"": {""pose"": 0, ""gesture"": 0}, ""svclat_ms"": {""pose"": 16.82, ""gesture"": 22.85}}, ""a6"": {""services"": [""pose"", ""gesture""], ""fps"": {""pose"": 30, ""gesture"": 30}, ""eff_fps"": {""pose"": 30, ""gesture"": 30}, ""latency_ms"": {""pose"": 0, ""gesture"": 0}, ""svclat_ms"": {""pose"": 17.03, ""gesture"": 15.99}}, ""a7"": {""services"": [""pose"", ""gesture""], ""fps"": {""pose"": 30, ""gesture"": 30}, ""eff_fps"": {""pose"": 30, ""gesture"": 30}, ""latency_ms"": {""pose"": 0, ""gesture"": 0}, ""svclat_ms"": {""pose"": 22.43, ""gesture"": 16.32}}, ""a8"": {""services"": [""pose"", ""gesture""], ""fps"": {""pose"": 30, ""gesture"": 30}, ""eff_fps"": {""pose"": 30, ""gesture"": 30}, ""latency_ms"": {""pose"": 0, ""gesture"": 0}, ""svclat_ms"": {""pose"": 21.46, ""gesture"": 14.99}}, ""a9"": {""services"": [""pose"", ""gesture""], ""fps"": {""pose"": 30, ""gesture"": 30}, ""eff_fps"": {""pose"": 30, ""gesture"": 30}, ""latency_ms"": {""pose"": 0, ""gesture"": 0}, ""svclat_ms"": {""pose"": 22.22, ""gesture"": 19.28}}, ""a10"": {""services"": [""pose"", ""gesture""], ""fps"": {""pose"": 0, ""gesture"": 0}, ""eff_fps"": {""pose"": 0, ""gesture"": 0}, ""latency_ms"": {""pose"": 0, ""gesture"": 0}, ""svclat_ms"": {""pose"": 0.0, ""gesture"": 0.0}}, ""a11"": {""services"": [""pose"", ""gesture""], ""fps"": {""pose"": 0, ""gesture"": 0}, ""eff_fps"": {""pose"": 0, ""gesture"": 0}, ""latency_ms"": {""pose"": 0, ""gesture"": 0}, ""svclat_ms"": {""pose"": 0.0, ""gesture"": 0.0}}, ""a12"": {""services"": [""pose"", ""gesture""], ""fps"": {""pose"": 0, ""gesture"": 0}, ""eff_fps"": {""pose"": 0, ""gesture"": 0}, ""latency_ms"": {""pose"": 0, ""gesture"": 0}, ""svclat_ms"": {""pose"": 0.0, ""gesture"": 0.0}}}"
61.3,10,10,1.0,0,0,13,13,10,0.769,1038.0,600.0,0.578,0.0,1.3,0.0,30.1,30.0,0,30.1,30.0,0,0,0,0,22.19,18.76,0,601,"{""ip-172-31-0-204"": ""healthy"", ""ip-172-31-1-171"": ""healthy"", ""ip-172-31-10-12"": ""healthy"", ""ip-172-31-11-132"": ""healthy"", ""ip-172-31-13-134"": ""healthy"", ""ip-172-31-14-68"": ""healthy"", ""ip-172-31-40-239"": ""healthy""}",subscribe,107.1,1.0,0,0,"{""ip-172-31-0-204"": {""gesture"": 1, ""pose"": 1}, ""ip-172-31-10-12"": {""object"": 1}, ""ip-172-31-11-132"": {""object"": 1, ""pose"": 1}, ""ip-172-31-14-68"": {""object"": 1, ""pose"": 1}, ""ip-172-31-40-239"": {""gesture"": 1, ""pose"": 1}, ""ip-172-31-1-171"": {""pose"": 1, ""gesture"": 1}, ""ip-172-31-13-134"": {""pose"": 1, ""gesture"": 1}}","{""a1"": {""services"": [""pose"", ""gesture""], ""fps"": {""pose"": 30, ""gesture"": 30}, ""eff_fps"": {""pose"": 30, ""gesture"": 30}, ""latency_ms"": {""pose"": 0, ""gesture"": 0}, ""svclat_ms"": {""pose"": 24.52, ""gesture"": 17.18}}, ""a2"": {""services"": [""pose"", ""gesture""], ""fps"": {""pose"": 30, ""gesture"": 30}, ""eff_fps"": {""pose"": 30, ""gesture"": 30}, ""latency_ms"": {""pose"": 0, ""gesture"": 0}, ""svclat_ms"": {""pose"": 25.57, ""gesture"": 19.18}}, ""a3"": {""services"": [""pose"", ""gesture""], ""fps"": {""pose"": 30, ""gesture"": 30}, ""eff_fps"": {""pose"": 30, ""gesture"": 30}, ""latency_ms"": {""pose"": 0, ""gesture"": 0}, ""svclat_ms"": {""pose"": 20.47, ""gesture"": 17.35}}, ""a4"": {""services"": [""pose"", ""gesture""], ""fps"": {""pose"": 30, ""gesture"": 30}, ""eff_fps"": {""pose"": 30, ""gesture"": 30}, ""latency_ms"": {""pose"": 0, ""gesture"": 0}, ""svclat_ms"": {""pose"": 22.28, ""gesture"": 14.07}}, ""a5"": {""services"": [""pose"", ""gesture""], ""fps"": {""pose"": 30, ""gesture"": 30}, ""eff_fps"": {""pose"": 30, ""gesture"": 30}, ""latency_ms"": {""pose"": 0, ""gesture"": 0}, ""svclat_ms"": {""pose"": 19.95, ""gesture"": 22.56}}, ""a6"": {""services"": [""pose"", ""gesture""], ""fps"": {""pose"": 30, ""gesture"": 30}, ""eff_fps"": {""pose"": 30, ""gesture"": 30}, ""latency_ms"": {""pose"": 0, ""gesture"": 0}, ""svclat_ms"": {""pose"": 16.93, ""gesture"": 18.56}}, ""a7"": {""services"": [""pose"", ""gesture""], ""fps"": {""pose"": 30, ""gesture"": 30}, ""eff_fps"": {""pose"": 30, ""gesture"": 30}, ""latency_ms"": {""pose"": 0, ""gesture"": 0}, ""svclat_ms"": {""pose"": 23.18, ""gesture"": 25.21}}, ""a8"": {""services"": [""pose"", ""gesture""], ""fps"": {""pose"": 30, ""gesture"": 30}, ""eff_fps"": {""pose"": 30, ""gesture"": 30}, ""latency_ms"": {""pose"": 0, ""gesture"": 0}, ""svclat_ms"": {""pose"": 26.07, ""gesture"": 14.81}}, ""a9"": {""services"": [""pose"", ""gesture""], ""fps"": {""pose"": 31, ""gesture"": 30}, ""eff_fps"": {""pose"": 31, ""gesture"": 30}, ""latency_ms"": {""pose"": 0, ""gesture"": 0}, ""svclat_ms"": {""pose"": 21.94, ""gesture"": 19.71}}, ""a10"": {""services"": [""pose"", ""gesture""], ""fps"": {""pose"": 0, ""gesture"": 0}, ""eff_fps"": {""pose"": 0, ""gesture"": 0}, ""latency_ms"": {""pose"": 0, ""gesture"": 0}, ""svclat_ms"": {""pose"": 0.0, ""gesture"": 0.0}}, ""a11"": {""services"": [""pose"", ""gesture""], ""fps"": {""pose"": 30, ""gesture"": 30}, ""eff_fps"": {""pose"": 30, ""gesture"": 30}, ""latency_ms"": {""pose"": 0, ""gesture"": 0}, ""svclat_ms"": {""pose"": 20.99, ""gesture"": 19.0}}, ""a12"": {""services"": [""pose"", ""gesture""], ""fps"": {""pose"": 0, ""gesture"": 0}, ""eff_fps"": {""pose"": 0, ""gesture"": 0}, ""latency_ms"": {""pose"": 0, ""gesture"": 0}, ""svclat_ms"": {""pose"": 0.0, ""gesture"": 0.0}}, ""z1"": {""services"": [""gesture"", ""object""], ""fps"": {""gesture"": 0, ""object"": 0}, ""eff_fps"": {""gesture"": 0, ""object"": 0}, ""latency_ms"": {""gesture"": 0, ""object"": 0}, ""svclat_ms"": {""gesture"": 0.0, ""object"": 0.0}}}"
65.8,12,12,1.0,0,0,13,13,10,0.769,1038.0,720.0,0.694,0.0,1.08,0.0,30.0,28.54,27.0,30.0,28.54,26.0,0,0,0,22.92,22.92,24.42,758,"{""ip-172-31-0-204"": ""healthy"", ""ip-172-31-1-171"": ""healthy"", ""ip-172-31-10-12"": ""healthy"", ""ip-172-31-11-132"": ""healthy"", ""ip-172-31-13-134"": ""healthy"", ""ip-172-31-14-68"": ""healthy"", ""ip-172-31-40-239"": ""healthy""}",subscribe,115.7,1.0,0,0,"{""ip-172-31-0-204"": {""gesture"": 1, ""pose"": 1}, ""ip-172-31-10-12"": {""object"": 1}, ""ip-172-31-11-132"": {""object"": 1, ""pose"": 1}, ""ip-172-31-14-68"": {""object"": 1, ""pose"": 1}, ""ip-172-31-40-239"": {""gesture"": 1, ""pose"": 1}, ""ip-172-31-1-171"": {""pose"": 1, ""gesture"": 1}, ""ip-172-31-13-134"": {""pose"": 1, ""gesture"": 1}}","{""a1"": {""services"": [""pose"", ""gesture""], ""fps"": {""pose"": 30, ""gesture"": 26}, ""eff_fps"": {""pose"": 30, ""gesture"": 26}, ""latency_ms"": {""pose"": 0, ""gesture"": 0}, ""svclat_ms"": {""pose"": 25.9, ""gesture"": 19.21}}, ""a2"": {""services"": [""pose"", ""gesture""], ""fps"": {""pose"": 30, ""gesture"": 30}, ""eff_fps"": {""pose"": 30, ""gesture"": 30}, ""latency_ms"": {""pose"": 0, ""gesture"": 0}, ""svclat_ms"": {""pose"": 24.63, ""gesture"": 18.21}}, ""a3"": {""services"": [""pose"", ""gesture""], ""fps"": {""pose"": 30, ""gesture"": 30}, ""eff_fps"": {""pose"": 30, ""gesture"": 30}, ""latency_ms"": {""pose"": 0, ""gesture"": 0}, ""svclat_ms"": {""pose"": 20.48, ""gesture"": 18.48}}, ""a4"": {""services"": [""pose"", ""gesture""], ""fps"": {""pose"": 30, ""gesture"": 30}, ""eff_fps"": {""pose"": 30, ""gesture"": 30}, ""latency_ms"": {""pose"": 0, ""gesture"": 0}, ""svclat_ms"": {""pose"": 22.3, ""gesture"": 16.75}}, ""a5"": {""services"": [""pose"", ""gesture""], ""fps"": {""pose"": 30, ""gesture"": 25}, ""eff_fps"": {""pose"": 30, ""gesture"": 25}, ""latency_ms"": {""pose"": 0, ""gesture"": 0}, ""svclat_ms"": {""pose"": 19.69, ""gesture"": 32.88}}, ""a6"": {""services"": [""pose"", ""gesture""], ""fps"": {""pose"": 30, ""gesture"": 30}, ""eff_fps"": {""pose"": 30, ""gesture"": 30}, ""latency_ms"": {""pose"": 0, ""gesture"": 0}, ""svclat_ms"": {""pose"": 21.7, ""gesture"": 17.74}}, ""a7"": {""services"": [""pose"", ""gesture""], ""fps"": {""pose"": 30, ""gesture"": 30}, ""eff_fps"": {""pose"": 30, ""gesture"": 30}, ""latency_ms"": {""pose"": 0, ""gesture"": 0}, ""svclat_ms"": {""pose"": 25.49, ""gesture"": 23.92}}, ""a8"": {""services"": [""pose"", ""gesture""], ""fps"": {""pose"": 30, ""gesture"": 30}, ""eff_fps"": {""pose"": 30, ""gesture"": 30}, ""latency_ms"": {""pose"": 0, ""gesture"": 0}, ""svclat_ms"": {""pose"": 25.52, ""gesture"": 22.28}}, ""a9"": {""services"": [""pose"", ""gesture""], ""fps"": {""pose"": 30, ""gesture"": 25}, ""eff_fps"": {""pose"": 30, ""gesture"": 25}, ""latency_ms"": {""pose"": 0, ""gesture"": 0}, ""svclat_ms"": {""pose"": 21.81, ""gesture"": 36.58}}, ""a10"": {""services"": [""pose"", ""gesture""], ""fps"": {""pose"": 30, ""gesture"": 30}, ""eff_fps"": {""pose"": 30, ""gesture"": 30}, ""latency_ms"": {""pose"": 0, ""gesture"": 0}, ""svclat_ms"": {""pose"": 25.11, ""gesture"": 24.1}}, ""a11"": {""services"": [""pose"", ""gesture""], ""fps"": {""pose"": 30, ""gesture"": 30}, ""eff_fps"": {""pose"": 30, ""gesture"": 30}, ""latency_ms"": {""pose"": 0, ""gesture"": 0}, ""svclat_ms"": {""pose"": 20.22, ""gesture"": 18.6}}, ""a12"": {""services"": [""pose"", ""gesture""], ""fps"": {""pose"": 30, ""gesture"": 30}, ""eff_fps"": {""pose"": 30, ""gesture"": 30}, ""latency_ms"": {""pose"": 0, ""gesture"": 0}, ""svclat_ms"": {""pose"": 22.14, ""gesture"": 16.19}}, ""z1"": {""services"": [""gesture"", ""object""], ""fps"": {""gesture"": 25, ""object"": 27}, ""eff_fps"": {""gesture"": 25, ""object"": 26}, ""latency_ms"": {""gesture"": 0, ""object"": 0}, ""svclat_ms"": {""gesture"": 32.97, ""object"": 24.42}}, ""z2"": {""services"": [""gesture"", ""object""], ""fps"": {""gesture"": 0, ""object"": 0}, ""eff_fps"": {""gesture"": 0, ""object"": 0}, ""latency_ms"": {""gesture"": 0, ""object"": 0}, ""svclat_ms"": {""gesture"": 0.0, ""object"": 0.0}}}"
69.4,13,13,1.0,0,0,13,13,11,0.846,1038.0,760.0,0.732,0.0,1.0,0.0,30.08,26.79,28.0,30.08,26.79,27.5,0,0,0,23.36,22.53,22.8,792,"{""ip-172-31-0-204"": ""healthy"", ""ip-172-31-1-171"": ""healthy"", ""ip-172-31-10-12"": ""healthy"", ""ip-172-31-11-132"": ""healthy"", ""ip-172-31-13-134"": ""healthy"", ""ip-172-31-14-68"": ""healthy"", ""ip-172-31-40-239"": ""healthy""}",subscribe,120.1,0.9744,0,0,"{""ip-172-31-0-204"": {""gesture"": 1, ""pose"": 1}, ""ip-172-31-10-12"": {""object"": 1}, ""ip-172-31-11-132"": {""object"": 1, ""pose"": 1}, ""ip-172-31-14-68"": {""object"": 1, ""pose"": 1}, ""ip-172-31-40-239"": {""gesture"": 1, ""pose"": 1}, ""ip-172-31-1-171"": {""pose"": 1, ""gesture"": 1}, ""ip-172-31-13-134"": {""pose"": 1, ""gesture"": 1}}","{""a1"": {""services"": [""pose"", ""gesture""], ""fps"": {""pose"": 30, ""gesture"": 25}, ""eff_fps"": {""pose"": 30, ""gesture"": 25}, ""latency_ms"": {""pose"": 0, ""gesture"": 0}, ""svclat_ms"": {""pose"": 25.2, ""gesture"": 22.72}}, ""a2"": {""services"": [""pose"", ""gesture""], ""fps"": {""pose"": 30, ""gesture"": 25}, ""eff_fps"": {""pose"": 30, ""gesture"": 25}, ""latency_ms"": {""pose"": 0, ""gesture"": 0}, ""svclat_ms"": {""pose"": 25.53, ""gesture"": 26.79}}, ""a3"": {""services"": [""pose"", ""gesture""], ""fps"": {""pose"": 30, ""gesture"": 29}, ""eff_fps"": {""pose"": 30, ""gesture"": 29}, ""latency_ms"": {""pose"": 0, ""gesture"": 0}, ""svclat_ms"": {""pose"": 20.92, ""gesture"": 21.33}}, ""a4"": {""services"": [""pose"", ""gesture""], ""fps"": {""pose"": 30, ""gesture"": 30}, ""eff_fps"": {""pose"": 30, ""gesture"": 30}, ""latency_ms"": {""pose"": 0, ""gesture"": 0}, ""svclat_ms"": {""pose"": 23.02, ""gesture"": 16.76}}, ""a5"": {""services"": [""pose"", ""gesture""], ""fps"": {""pose"": 30, ""gesture"": 25}, ""eff_fps"": {""pose"": 30, ""gesture"": 25}, ""latency_ms"": {""pose"": 0, ""gesture"": 0}, ""svclat_ms"": {""pose"": 19.8, ""gesture"": 20.88}}, ""a6"": {""services"": [""pose"", ""gesture""], ""fps"": {""pose"": 30, ""gesture"": 24}, ""eff_fps"": {""pose"": 30, ""gesture"": 24}, ""latency_ms"": {""pose"": 0, ""gesture"": 0}, ""svclat_ms"": {""pose"": 22.35, ""gesture"": 25.96}}, ""a7"": {""services"": [""pose"", ""gesture""], ""fps"": {""pose"": 30, ""gesture"": 29}, ""eff_fps"": {""pose"": 30, ""gesture"": 29}, ""latency_ms"": {""pose"": 0, ""gesture"": 0}, ""svclat_ms"": {""pose"": 24.61, ""gesture"": 22.53}}, ""a8"": {""services"": [""pose"", ""gesture""], ""fps"": {""pose"": 30, ""gesture"": 30}, ""eff_fps"": {""pose"": 30, ""gesture"": 30}, ""latency_ms"": {""pose"": 0, ""gesture"": 0}, ""svclat_ms"": {""pose"": 27.02, ""gesture"": 22.44}}, ""a9"": {""services"": [""pose"", ""gesture""], ""fps"": {""pose"": 31, ""gesture"": 25}, ""eff_fps"": {""pose"": 31, ""gesture"": 25}, ""latency_ms"": {""pose"": 0, ""gesture"": 0}, ""svclat_ms"": {""pose"": 22.66, ""gesture"": 21.35}}, ""a10"": {""services"": [""pose"", ""gesture""], ""fps"": {""pose"": 30, ""gesture"": 30}, ""eff_fps"": {""pose"": 30, ""gesture"": 30}, ""latency_ms"": {""pose"": 0, ""gesture"": 0}, ""svclat_ms"": {""pose"": 25.23, ""gesture"": 22.5}}, ""a11"": {""services"": [""pose"", ""gesture""], ""fps"": {""pose"": 30, ""gesture"": 24}, ""eff_fps"": {""pose"": 30, ""gesture"": 24}, ""latency_ms"": {""pose"": 0, ""gesture"": 0}, ""svclat_ms"": {""pose"": 21.87, ""gesture"": 26.82}}, ""a12"": {""services"": [""pose"", ""gesture""], ""fps"": {""pose"": 30, ""gesture"": 30}, ""eff_fps"": {""pose"": 30, ""gesture"": 30}, ""latency_ms"": {""pose"": 0, ""gesture"": 0}, ""svclat_ms"": {""pose"": 22.05, ""gesture"": 16.12}}, ""z1"": {""services"": [""gesture"", ""object""], ""fps"": {""gesture"": 25, ""object"": 30}, ""eff_fps"": {""gesture"": 25, ""object"": 30}, ""latency_ms"": {""gesture"": 0, ""object"": 0}, ""svclat_ms"": {""gesture"": 21.51, ""object"": 16.48}}, ""z2"": {""services"": [""gesture"", ""object""], ""fps"": {""gesture"": 24, ""object"": 26}, ""eff_fps"": {""gesture"": 24, ""object"": 25}, ""latency_ms"": {""gesture"": 0, ""object"": 0}, ""svclat_ms"": {""gesture"": 27.73, ""object"": 29.11}}}"
71.7,14,14,1.0,0,0,13,13,12,0.923,1038.0,800.0,0.771,0.0,0.93,0.0,30.0,27.14,30.0,30.0,27.14,30.0,0,0,0,23.33,20.14,18.34,800,"{""ip-172-31-0-204"": ""healthy"", ""ip-172-31-1-171"": ""healthy"", ""ip-172-31-10-12"": ""healthy"", ""ip-172-31-11-132"": ""healthy"", ""ip-172-31-13-134"": ""healthy"", ""ip-172-31-14-68"": ""healthy"", ""ip-172-31-40-239"": ""healthy""}",subscribe,125.0,0.9524,0,0,"{""ip-172-31-0-204"": {""gesture"": 1, ""pose"": 1}, ""ip-172-31-10-12"": {""object"": 1}, ""ip-172-31-11-132"": {""object"": 1, ""pose"": 1}, ""ip-172-31-14-68"": {""object"": 1, ""pose"": 1}, ""ip-172-31-40-239"": {""gesture"": 1, ""pose"": 1}, ""ip-172-31-1-171"": {""pose"": 1, ""gesture"": 1}, ""ip-172-31-13-134"": {""pose"": 1, ""gesture"": 1}}","{""a1"": {""services"": [""pose"", ""gesture""], ""fps"": {""pose"": 30, ""gesture"": 25}, ""eff_fps"": {""pose"": 30, ""gesture"": 25}, ""latency_ms"": {""pose"": 0, ""gesture"": 0}, ""svclat_ms"": {""pose"": 26.12, ""gesture"": 23.97}}, ""a2"": {""services"": [""pose"", ""gesture""], ""fps"": {""pose"": 30, ""gesture"": 25}, ""eff_fps"": {""pose"": 30, ""gesture"": 25}, ""latency_ms"": {""pose"": 0, ""gesture"": 0}, ""svclat_ms"": {""pose"": 25.82, ""gesture"": 21.59}}, ""a3"": {""services"": [""pose"", ""gesture""], ""fps"": {""pose"": 30, ""gesture"": 30}, ""eff_fps"": {""pose"": 30, ""gesture"": 30}, ""latency_ms"": {""pose"": 0, ""gesture"": 0}, ""svclat_ms"": {""pose"": 20.98, ""gesture"": 16.98}}, ""a4"": {""services"": [""pose"", ""gesture""], ""fps"": {""pose"": 30, ""gesture"": 30}, ""eff_fps"": {""pose"": 30, ""gesture"": 30}, ""latency_ms"": {""pose"": 0, ""gesture"": 0}, ""svclat_ms"": {""pose"": 22.13, ""gesture"": 16.38}}, ""a5"": {""services"": [""pose"", ""gesture""], ""fps"": {""pose"": 30, ""gesture"": 25}, ""eff_fps"": {""pose"": 30, ""gesture"": 25}, ""latency_ms"": {""pose"": 0, ""gesture"": 0}, ""svclat_ms"": {""pose"": 19.83, ""gesture"": 22.13}}, ""a6"": {""services"": [""pose"", ""gesture""], ""fps"": {""pose"": 30, ""gesture"": 25}, ""eff_fps"": {""pose"": 30, ""gesture"": 25}, ""latency_ms"": {""pose"": 0, ""gesture"": 0}, ""svclat_ms"": {""pose"": 21.48, ""gesture"": 20.29}}, ""a7"": {""services"": [""pose"", ""gesture""], ""fps"": {""pose"": 30, ""gesture"": 30}, ""eff_fps"": {""pose"": 30, ""gesture"": 30}, ""latency_ms"": {""pose"": 0, ""gesture"": 0}, ""svclat_ms"": {""pose"": 25.41, ""gesture"": 18.1}}, ""a8"": {""services"": [""pose"", ""gesture""], ""fps"": {""pose"": 30, ""gesture"": 30}, ""eff_fps"": {""pose"": 30, ""gesture"": 30}, ""latency_ms"": {""pose"": 0, ""gesture"": 0}, ""svclat_ms"": {""pose"": 26.59, ""gesture"": 22.0}}, ""a9"": {""services"": [""pose"", ""gesture""], ""fps"": {""pose"": 30, ""gesture"": 25}, ""eff_fps"": {""pose"": 30, ""gesture"": 25}, ""latency_ms"": {""pose"": 0, ""gesture"": 0}, ""svclat_ms"": {""pose"": 22.68, ""gesture"": 22.0}}, ""a10"": {""services"": [""pose"", ""gesture""], ""fps"": {""pose"": 30, ""gesture"": 30}, ""eff_fps"": {""pose"": 30, ""gesture"": 30}, ""latency_ms"": {""pose"": 0, ""gesture"": 0}, ""svclat_ms"": {""pose"": 25.44, ""gesture"": 17.51}}, ""a11"": {""services"": [""pose"", ""gesture""], ""fps"": {""pose"": 30, ""gesture"": 25}, ""eff_fps"": {""pose"": 30, ""gesture"": 25}, ""latency_ms"": {""pose"": 0, ""gesture"": 0}, ""svclat_ms"": {""pose"": 22.03, ""gesture"": 20.88}}, ""a12"": {""services"": [""pose"", ""gesture""], ""fps"": {""pose"": 30, ""gesture"": 30}, ""eff_fps"": {""pose"": 30, ""gesture"": 30}, ""latency_ms"": {""pose"": 0, ""gesture"": 0}, ""svclat_ms"": {""pose"": 21.44, ""gesture"": 16.15}}, ""z1"": {""services"": [""gesture"", ""object""], ""fps"": {""gesture"": 25, ""object"": 30}, ""eff_fps"": {""gesture"": 25, ""object"": 30}, ""latency_ms"": {""gesture"": 0, ""object"": 0}, ""svclat_ms"": {""gesture"": 23.25, ""object"": 16.38}}, ""z2"": {""services"": [""gesture"", ""object""], ""fps"": {""gesture"": 25, ""object"": 30}, ""eff_fps"": {""gesture"": 25, ""object"": 30}, ""latency_ms"": {""gesture"": 0, ""object"": 0}, ""svclat_ms"": {""gesture"": 20.69, ""object"": 20.3}}, ""z3"": {""services"": [""gesture"", ""object""], ""fps"": {""gesture"": 0, ""object"": 0}, ""eff_fps"": {""gesture"": 0, ""object"": 0}, ""latency_ms"": {""gesture"": 0, ""object"": 0}, ""svclat_ms"": {""gesture"": 0.0, ""object"": 0.0}}}"
75.5,15,15,1.0,0,0,13,13,13,1.0,1038.0,840.0,0.809,0.0,0.87,0.0,30.0,26.07,30.0,30.0,26.07,30.0,0,0,0,23.42,21.88,20.27,841,"{""ip-172-31-0-204"": ""healthy"", ""ip-172-31-1-171"": ""healthy"", ""ip-172-31-10-12"": ""healthy"", ""ip-172-31-11-132"": ""healthy"", ""ip-172-31-13-134"": ""healthy"", ""ip-172-31-14-68"": ""healthy"", ""ip-172-31-40-239"": ""healthy""}",subscribe,130.6,0.9333,0,0,"{""ip-172-31-0-204"": {""gesture"": 1, ""pose"": 1}, ""ip-172-31-10-12"": {""object"": 1}, ""ip-172-31-11-132"": {""object"": 1, ""pose"": 1}, ""ip-172-31-14-68"": {""object"": 1, ""pose"": 1}, ""ip-172-31-40-239"": {""gesture"": 1, ""pose"": 1}, ""ip-172-31-1-171"": {""pose"": 1, ""gesture"": 1}, ""ip-172-31-13-134"": {""pose"": 1, ""gesture"": 1}}","{""a1"": {""services"": [""pose"", ""gesture""], ""fps"": {""pose"": 30, ""gesture"": 25}, ""eff_fps"": {""pose"": 30, ""gesture"": 25}, ""latency_ms"": {""pose"": 0, ""gesture"": 0}, ""svclat_ms"": {""pose"": 25.74, ""gesture"": 26.08}}, ""a2"": {""services"": [""pose"", ""gesture""], ""fps"": {""pose"": 30, ""gesture"": 25}, ""eff_fps"": {""pose"": 30, ""gesture"": 25}, ""latency_ms"": {""pose"": 0, ""gesture"": 0}, ""svclat_ms"": {""pose"": 25.7, ""gesture"": 22.0}}, ""a3"": {""services"": [""pose"", ""gesture""], ""fps"": {""pose"": 30, ""gesture"": 25}, ""eff_fps"": {""pose"": 30, ""gesture"": 25}, ""latency_ms"": {""pose"": 0, ""gesture"": 0}, ""svclat_ms"": {""pose"": 21.38, ""gesture"": 24.46}}, ""a4"": {""services"": [""pose"", ""gesture""], ""fps"": {""pose"": 30, ""gesture"": 30}, ""eff_fps"": {""pose"": 30, ""gesture"": 30}, ""latency_ms"": {""pose"": 0, ""gesture"": 0}, ""svclat_ms"": {""pose"": 22.9, ""gesture"": 16.43}}, ""a5"": {""services"": [""pose"", ""gesture""], ""fps"": {""pose"": 30, ""gesture"": 25}, ""eff_fps"": {""pose"": 30, ""gesture"": 25}, ""latency_ms"": {""pose"": 0, ""gesture"": 0}, ""svclat_ms"": {""pose"": 21.35, ""gesture"": 25.77}}, ""a6"": {""services"": [""pose"", ""gesture""], ""fps"": {""pose"": 30, ""gesture"": 25}, ""eff_fps"": {""pose"": 30, ""gesture"": 25}, ""latency_ms"": {""pose"": 0, ""gesture"": 0}, ""svclat_ms"": {""pose"": 21.94, ""gesture"": 21.34}}, ""a7"": {""services"": [""pose"", ""gesture""], ""fps"": {""pose"": 30, ""gesture"": 25}, ""eff_fps"": {""pose"": 30, ""gesture"": 25}, ""latency_ms"": {""pose"": 0, ""gesture"": 0}, ""svclat_ms"": {""pose"": 25.26, ""gesture"": 19.1}}, ""a8"": {""services"": [""pose"", ""gesture""], ""fps"": {""pose"": 30, ""gesture"": 30}, ""eff_fps"": {""pose"": 30, ""gesture"": 30}, ""latency_ms"": {""pose"": 0, ""gesture"": 0}, ""svclat_ms"": {""pose"": 26.98, ""gesture"": 22.35}}, ""a9"": {""services"": [""pose"", ""gesture""], ""fps"": {""pose"": 30, ""gesture"": 25}, ""eff_fps"": {""pose"": 30, ""gesture"": 25}, ""latency_ms"": {""pose"": 0, ""gesture"": 0}, ""svclat_ms"": {""pose"": 23.79, ""gesture"": 25.67}}, ""a10"": {""services"": [""pose"", ""gesture""], ""fps"": {""pose"": 30, ""gesture"": 25}, ""eff_fps"": {""pose"": 30, ""gesture"": 25}, ""latency_ms"": {""pose"": 0, ""gesture"": 0}, ""svclat_ms"": {""pose"": 21.86, ""gesture"": 19.52}}, ""a11"": {""services"": [""pose"", ""gesture""], ""fps"": {""pose"": 30, ""gesture"": 26}, ""eff_fps"": {""pose"": 30, ""gesture"": 26}, ""latency_ms"": {""pose"": 0, ""gesture"": 0}, ""svclat_ms"": {""pose"": 22.26, ""gesture"": 22.48}}, ""a12"": {""services"": [""pose"", ""gesture""], ""fps"": {""pose"": 30, ""gesture"": 30}, ""eff_fps"": {""pose"": 30, ""gesture"": 30}, ""latency_ms"": {""pose"": 0, ""gesture"": 0}, ""svclat_ms"": {""pose"": 21.89, ""gesture"": 16.35}}, ""z1"": {""services"": [""gesture"", ""object""], ""fps"": {""gesture"": 25, ""object"": 30}, ""eff_fps"": {""gesture"": 25, ""object"": 30}, ""latency_ms"": {""gesture"": 0, ""object"": 0}, ""svclat_ms"": {""gesture"": 28.02, ""object"": 16.23}}, ""z2"": {""services"": [""gesture"", ""object""], ""fps"": {""gesture"": 25, ""object"": 30}, ""eff_fps"": {""gesture"": 25, ""object"": 30}, ""latency_ms"": {""gesture"": 0, ""object"": 0}, ""svclat_ms"": {""gesture"": 21.06, ""object"": 23.33}}, ""z3"": {""services"": [""gesture"", ""object""], ""fps"": {""gesture"": 25, ""object"": 30}, ""eff_fps"": {""gesture"": 25, ""object"": 30}, ""latency_ms"": {""gesture"": 0, ""object"": 0}, ""svclat_ms"": {""gesture"": 17.61, ""object"": 21.24}}, ""z4"": {""services"": [""gesture"", ""object""], ""fps"": {""gesture"": 0, ""object"": 0}, ""eff_fps"": {""gesture"": 0, ""object"": 0}, ""latency_ms"": {""gesture"": 0, ""object"": 0}, ""svclat_ms"": {""gesture"": 0.0, ""object"": 0.0}}}"
79.5,15,15,1.0,0,0,13,13,13,1.0,1038.0,840.0,0.809,0.0,0.87,0.0,29.75,25.06,30.0,29.67,25.06,30.0,0,0,0,23.99,22.45,22.36,878,"{""ip-172-31-0-204"": ""healthy"", ""ip-172-31-1-171"": ""healthy"", ""ip-172-31-10-12"": ""healthy"", ""ip-172-31-11-132"": ""healthy"", ""ip-172-31-13-134"": ""healthy"", ""ip-172-31-14-68"": ""healthy"", ""ip-172-31-40-239"": ""healthy""}",subscribe,130.6,0.9333,0,0,"{""ip-172-31-0-204"": {""gesture"": 1, ""pose"": 1}, ""ip-172-31-10-12"": {""object"": 1}, ""ip-172-31-11-132"": {""object"": 1, ""pose"": 1}, ""ip-172-31-14-68"": {""object"": 1, ""pose"": 1}, ""ip-172-31-40-239"": {""gesture"": 1, ""pose"": 1}, ""ip-172-31-1-171"": {""pose"": 1, ""gesture"": 1}, ""ip-172-31-13-134"": {""pose"": 1, ""gesture"": 1}}","{""a1"": {""services"": [""pose"", ""gesture""], ""fps"": {""pose"": 30, ""gesture"": 25}, ""eff_fps"": {""pose"": 30, ""gesture"": 25}, ""latency_ms"": {""pose"": 0, ""gesture"": 0}, ""svclat_ms"": {""pose"": 24.94, ""gesture"": 22.14}}, ""a2"": {""services"": [""pose"", ""gesture""], ""fps"": {""pose"": 30, ""gesture"": 25}, ""eff_fps"": {""pose"": 30, ""gesture"": 25}, ""latency_ms"": {""pose"": 0, ""gesture"": 0}, ""svclat_ms"": {""pose"": 24.76, ""gesture"": 21.93}}, ""a3"": {""services"": [""pose"", ""gesture""], ""fps"": {""pose"": 30, ""gesture"": 25}, ""eff_fps"": {""pose"": 30, ""gesture"": 25}, ""latency_ms"": {""pose"": 0, ""gesture"": 0}, ""svclat_ms"": {""pose"": 21.45, ""gesture"": 24.89}}, ""a4"": {""services"": [""pose"", ""gesture""], ""fps"": {""pose"": 30, ""gesture"": 25}, ""eff_fps"": {""pose"": 30, ""gesture"": 25}, ""latency_ms"": {""pose"": 0, ""gesture"": 0}, ""svclat_ms"": {""pose"": 25.64, ""gesture"": 19.47}}, ""a5"": {""services"": [""pose"", ""gesture""], ""fps"": {""pose"": 30, ""gesture"": 26}, ""eff_fps"": {""pose"": 30, ""gesture"": 26}, ""latency_ms"": {""pose"": 0, ""gesture"": 0}, ""svclat_ms"": {""pose"": 21.03, ""gesture"": 28.02}}, ""a6"": {""services"": [""pose"", ""gesture""], ""fps"": {""pose"": 30, ""gesture"": 25}, ""eff_fps"": {""pose"": 30, ""gesture"": 25}, ""latency_ms"": {""pose"": 0, ""gesture"": 0}, ""svclat_ms"": {""pose"": 22.06, ""gesture"": 20.82}}, ""a7"": {""services"": [""pose"", ""gesture""], ""fps"": {""pose"": 30, ""gesture"": 25}, ""eff_fps"": {""pose"": 30, ""gesture"": 25}, ""latency_ms"": {""pose"": 0, ""gesture"": 0}, ""svclat_ms"": {""pose"": 24.87, ""gesture"": 20.05}}, ""a8"": {""services"": [""pose"", ""gesture""], ""fps"": {""pose"": 30, ""gesture"": 25}, ""eff_fps"": {""pose"": 30, ""gesture"": 25}, ""latency_ms"": {""pose"": 0, ""gesture"": 0}, ""svclat_ms"": {""pose"": 26.25, ""gesture"": 25.27}}, ""a9"": {""services"": [""pose"", ""gesture""], ""fps"": {""pose"": 29, ""gesture"": 26}, ""eff_fps"": {""pose"": 29, ""gesture"": 26}, ""latency_ms"": {""pose"": 0, ""gesture"": 0}, ""svclat_ms"": {""pose"": 23.68, ""gesture"": 25.28}}, ""a10"": {""services"": [""pose"", ""gesture""], ""fps"": {""pose"": 30, ""gesture"": 25}, ""eff_fps"": {""pose"": 30, ""gesture"": 25}, ""latency_ms"": {""pose"": 0, ""gesture"": 0}, ""svclat_ms"": {""pose"": 22.31, ""gesture"": 21.44}}, ""a11"": {""services"": [""pose"", ""gesture""], ""fps"": {""pose"": 28, ""gesture"": 24}, ""eff_fps"": {""pose"": 27, ""gesture"": 24}, ""latency_ms"": {""pose"": 0, ""gesture"": 0}, ""svclat_ms"": {""pose"": 28.4, ""gesture"": 21.46}}, ""a12"": {""services"": [""pose"", ""gesture""], ""fps"": {""pose"": 30, ""gesture"": 25}, ""eff_fps"": {""pose"": 30, ""gesture"": 25}, ""latency_ms"": {""pose"": 0, ""gesture"": 0}, ""svclat_ms"": {""pose"": 22.47, ""gesture"": 19.65}}, ""z1"": {""services"": [""gesture"", ""object""], ""fps"": {""gesture"": 25, ""object"": 30}, ""eff_fps"": {""gesture"": 25, ""object"": 30}, ""latency_ms"": {""gesture"": 0, ""object"": 0}, ""svclat_ms"": {""gesture"": 21.17, ""object"": 20.52}}, ""z2"": {""services"": [""gesture"", ""object""], ""fps"": {""gesture"": 25, ""object"": 30}, ""eff_fps"": {""gesture"": 25, ""object"": 30}, ""latency_ms"": {""gesture"": 0, ""object"": 0}, ""svclat_ms"": {""gesture"": 20.74, ""object"": 23.85}}, ""z3"": {""services"": [""gesture"", ""object""], ""fps"": {""gesture"": 25, ""object"": 30}, ""eff_fps"": {""gesture"": 25, ""object"": 30}, ""latency_ms"": {""gesture"": 0, ""object"": 0}, ""svclat_ms"": {""gesture"": 19.18, ""object"": 21.79}}, ""z4"": {""services"": [""gesture"", ""object""], ""fps"": {""gesture"": 25, ""object"": 30}, ""eff_fps"": {""gesture"": 25, ""object"": 30}, ""latency_ms"": {""gesture"": 0, ""object"": 0}, ""svclat_ms"": {""gesture"": 27.61, ""object"": 23.27}}}"
81.9,16,16,1.0,0,0,13,13,13,1.0,1038.0,880.0,0.848,0.0,0.81,0.0,30.0,25.0,30.25,30.0,25.0,30.25,0,0,0,23.78,20.57,21.57,881,"{""ip-172-31-0-204"": ""healthy"", ""ip-172-31-1-171"": ""healthy"", ""ip-172-31-10-12"": ""healthy"", ""ip-172-31-11-132"": ""healthy"", ""ip-172-31-13-134"": ""healthy"", ""ip-172-31-14-68"": ""healthy"", ""ip-172-31-40-239"": ""healthy""}",subscribe,136.5,0.9167,0,0,"{""ip-172-31-0-204"": {""gesture"": 1, ""pose"": 1}, ""ip-172-31-10-12"": {""object"": 1}, ""ip-172-31-11-132"": {""object"": 1, ""pose"": 1}, ""ip-172-31-14-68"": {""object"": 1, ""pose"": 1}, ""ip-172-31-40-239"": {""gesture"": 1, ""pose"": 1}, ""ip-172-31-1-171"": {""pose"": 1, ""gesture"": 1}, ""ip-172-31-13-134"": {""pose"": 1, ""gesture"": 1}}","{""a1"": {""services"": [""pose"", ""gesture""], ""fps"": {""pose"": 30, ""gesture"": 25}, ""eff_fps"": {""pose"": 30, ""gesture"": 25}, ""latency_ms"": {""pose"": 0, ""gesture"": 0}, ""svclat_ms"": {""pose"": 25.41, ""gesture"": 20.67}}, ""a2"": {""services"": [""pose"", ""gesture""], ""fps"": {""pose"": 30, ""gesture"": 25}, ""eff_fps"": {""pose"": 30, ""gesture"": 25}, ""latency_ms"": {""pose"": 0, ""gesture"": 0}, ""svclat_ms"": {""pose"": 24.88, ""gesture"": 20.28}}, ""a3"": {""services"": [""pose"", ""gesture""], ""fps"": {""pose"": 30, ""gesture"": 25}, ""eff_fps"": {""pose"": 30, ""gesture"": 25}, ""latency_ms"": {""pose"": 0, ""gesture"": 0}, ""svclat_ms"": {""pose"": 21.47, ""gesture"": 24.4}}, ""a4"": {""services"": [""pose"", ""gesture""], ""fps"": {""pose"": 30, ""gesture"": 25}, ""eff_fps"": {""pose"": 30, ""gesture"": 25}, ""latency_ms"": {""pose"": 0, ""gesture"": 0}, ""svclat_ms"": {""pose"": 25.32, ""gesture"": 19.91}}, ""a5"": {""services"": [""pose"", ""gesture""], ""fps"": {""pose"": 30, ""gesture"": 25}, ""eff_fps"": {""pose"": 30, ""gesture"": 25}, ""latency_ms"": {""pose"": 0, ""gesture"": 0}, ""svclat_ms"": {""pose"": 21.17, ""gesture"": 19.42}}, ""a6"": {""services"": [""pose"", ""gesture""], ""fps"": {""pose"": 30, ""gesture"": 25}, ""eff_fps"": {""pose"": 30, ""gesture"": 25}, ""latency_ms"": {""pose"": 0, ""gesture"": 0}, ""svclat_ms"": {""pose"": 22.48, ""gesture"": 19.22}}, ""a7"": {""services"": [""pose"", ""gesture""], ""fps"": {""pose"": 30, ""gesture"": 25}, ""eff_fps"": {""pose"": 30, ""gesture"": 25}, ""latency_ms"": {""pose"": 0, ""gesture"": 0}, ""svclat_ms"": {""pose"": 25.09, ""gesture"": 18.54}}, ""a8"": {""services"": [""pose"", ""gesture""], ""fps"": {""pose"": 30, ""gesture"": 25}, ""eff_fps"": {""pose"": 30, ""gesture"": 25}, ""latency_ms"": {""pose"": 0, ""gesture"": 0}, ""svclat_ms"": {""pose"": 25.71, ""gesture"": 24.19}}, ""a9"": {""services"": [""pose"", ""gesture""], ""fps"": {""pose"": 30, ""gesture"": 25}, ""eff_fps"": {""pose"": 30, ""gesture"": 25}, ""latency_ms"": {""pose"": 0, ""gesture"": 0}, ""svclat_ms"": {""pose"": 23.12, ""gesture"": 21.4}}, ""a10"": {""services"": [""pose"", ""gesture""], ""fps"": {""pose"": 30, ""gesture"": 25}, ""eff_fps"": {""pose"": 30, ""gesture"": 25}, ""latency_ms"": {""pose"": 0, ""gesture"": 0}, ""svclat_ms"": {""pose"": 22.06, ""gesture"": 19.75}}, ""a11"": {""services"": [""pose"", ""gesture""], ""fps"": {""pose"": 30, ""gesture"": 25}, ""eff_fps"": {""pose"": 30, ""gesture"": 25}, ""latency_ms"": {""pose"": 0, ""gesture"": 0}, ""svclat_ms"": {""pose"": 25.29, ""gesture"": 19.75}}, ""a12"": {""services"": [""pose"", ""gesture""], ""fps"": {""pose"": 30, ""gesture"": 25}, ""eff_fps"": {""pose"": 30, ""gesture"": 25}, ""latency_ms"": {""pose"": 0, ""gesture"": 0}, ""svclat_ms"": {""pose"": 23.39, ""gesture"": 19.03}}, ""z1"": {""services"": [""gesture"", ""object""], ""fps"": {""gesture"": 25, ""object"": 30}, ""eff_fps"": {""gesture"": 25, ""object"": 30}, ""latency_ms"": {""gesture"": 0, ""object"": 0}, ""svclat_ms"": {""gesture"": 20.71, ""object"": 20.28}}, ""z2"": {""services"": [""gesture"", ""object""], ""fps"": {""gesture"": 25, ""object"": 31}, ""eff_fps"": {""gesture"": 25, ""object"": 31}, ""latency_ms"": {""gesture"": 0, ""object"": 0}, ""svclat_ms"": {""gesture"": 19.04, ""object"": 23.12}}, ""z3"": {""services"": [""gesture"", ""object""], ""fps"": {""gesture"": 25, ""object"": 30}, ""eff_fps"": {""gesture"": 25, ""object"": 30}, ""latency_ms"": {""gesture"": 0, ""object"": 0}, ""svclat_ms"": {""gesture"": 17.04, ""object"": 21.66}}, ""z4"": {""services"": [""gesture"", ""object""], ""fps"": {""gesture"": 25, ""object"": 30}, ""eff_fps"": {""gesture"": 25, ""object"": 30}, ""latency_ms"": {""gesture"": 0, ""object"": 0}, ""svclat_ms"": {""gesture"": 25.74, ""object"": 21.24}}, ""z5"": {""services"": [""gesture"", ""object""], ""fps"": {""gesture"": 0, ""object"": 0}, ""eff_fps"": {""gesture"": 0, ""object"": 0}, ""latency_ms"": {""gesture"": 0, ""object"": 0}, ""svclat_ms"": {""gesture"": 0.0, ""object"": 0.0}}}"
84.2,17,16,0.941,0,0,13,13,13,1.0,1038.0,880.0,0.848,0.0,0.81,0.0,30.0,22.24,29.8,30.0,21.71,29.8,0,0,0,25.35,33.1,22.94,887,"{""ip-172-31-0-204"": ""healthy"", ""ip-172-31-1-171"": ""healthy"", ""ip-172-31-10-12"": ""healthy"", ""ip-172-31-11-132"": ""healthy"", ""ip-172-31-13-134"": ""healthy"", ""ip-172-31-14-68"": ""healthy"", ""ip-172-31-40-239"": ""healthy""}",subscribe,136.5,0.9167,0,0,"{""ip-172-31-0-204"": {""gesture"": 1, ""pose"": 1}, ""ip-172-31-10-12"": {""object"": 1}, ""ip-172-31-11-132"": {""object"": 1, ""pose"": 1}, ""ip-172-31-14-68"": {""object"": 1, ""pose"": 1}, ""ip-172-31-40-239"": {""gesture"": 1, ""pose"": 1}, ""ip-172-31-1-171"": {""pose"": 1, ""gesture"": 1}, ""ip-172-31-13-134"": {""pose"": 1, ""gesture"": 1}}","{""a1"": {""services"": [""pose"", ""gesture""], ""fps"": {""pose"": 30, ""gesture"": 15}, ""eff_fps"": {""pose"": 30, ""gesture"": 13}, ""latency_ms"": {""pose"": 0, ""gesture"": 0}, ""svclat_ms"": {""pose"": 27.71, ""gesture"": 60.24}}, ""a2"": {""services"": [""pose"", ""gesture""], ""fps"": {""pose"": 30, ""gesture"": 23}, ""eff_fps"": {""pose"": 30, ""gesture"": 23}, ""latency_ms"": {""pose"": 0, ""gesture"": 0}, ""svclat_ms"": {""pose"": 27.9, ""gesture"": 38.65}}, ""a3"": {""services"": [""pose"", ""gesture""], ""fps"": {""pose"": 30, ""gesture"": 25}, ""eff_fps"": {""pose"": 30, ""gesture"": 25}, ""latency_ms"": {""pose"": 0, ""gesture"": 0}, ""svclat_ms"": {""pose"": 23.32, ""gesture"": 25.72}}, ""a4"": {""services"": [""pose"", ""gesture""], ""fps"": {""pose"": 30, ""gesture"": 25}, ""eff_fps"": {""pose"": 30, ""gesture"": 25}, ""latency_ms"": {""pose"": 0, ""gesture"": 0}, ""svclat_ms"": {""pose"": 25.48, ""gesture"": 19.66}}, ""a5"": {""services"": [""pose"", ""gesture""], ""fps"": {""pose"": 30, ""gesture"": 17}, ""eff_fps"": {""pose"": 30, ""gesture"": 15}, ""latency_ms"": {""pose"": 0, ""gesture"": 0}, ""svclat_ms"": {""pose"": 22.31, ""gesture"": 42.96}}, ""a6"": {""services"": [""pose"", ""gesture""], ""fps"": {""pose"": 30, ""gesture"": 24}, ""eff_fps"": {""pose"": 30, ""gesture"": 24}, ""latency_ms"": {""pose"": 0, ""gesture"": 0}, ""svclat_ms"": {""pose"": 22.46, ""gesture"": 34.45}}, ""a7"": {""services"": [""pose"", ""gesture""], ""fps"": {""pose"": 30, ""gesture"": 25}, ""eff_fps"": {""pose"": 30, ""gesture"": 25}, ""latency_ms"": {""pose"": 0, ""gesture"": 0}, ""svclat_ms"": {""pose"": 27.33, ""gesture"": 19.68}}, ""a8"": {""services"": [""pose"", ""gesture""], ""fps"": {""pose"": 30, ""gesture"": 25}, ""eff_fps"": {""pose"": 30, ""gesture"": 25}, ""latency_ms"": {""pose"": 0, ""gesture"": 0}, ""svclat_ms"": {""pose"": 27.67, ""gesture"": 23.78}}, ""a9"": {""services"": [""pose"", ""gesture""], ""fps"": {""pose"": 30, ""gesture"": 16}, ""eff_fps"": {""pose"": 30, ""gesture"": 14}, ""latency_ms"": {""pose"": 0, ""gesture"": 0}, ""svclat_ms"": {""pose"": 27.44, ""gesture"": 56.62}}, ""a10"": {""services"": [""pose"", ""gesture""], ""fps"": {""pose"": 30, ""gesture"": 25}, ""eff_fps"": {""pose"": 30, ""gesture"": 25}, ""latency_ms"": {""pose"": 0, ""gesture"": 0}, ""svclat_ms"": {""pose"": 24.62, ""gesture"": 21.13}}, ""a11"": {""services"": [""pose"", ""gesture""], ""fps"": {""pose"": 30, ""gesture"": 24}, ""eff_fps"": {""pose"": 30, ""gesture"": 24}, ""latency_ms"": {""pose"": 0, ""gesture"": 0}, ""svclat_ms"": {""pose"": 25.35, ""gesture"": 33.99}}, ""a12"": {""services"": [""pose"", ""gesture""], ""fps"": {""pose"": 30, ""gesture"": 25}, ""eff_fps"": {""pose"": 30, ""gesture"": 25}, ""latency_ms"": {""pose"": 0, ""gesture"": 0}, ""svclat_ms"": {""pose"": 22.66, ""gesture"": 18.61}}, ""z1"": {""services"": [""gesture"", ""object""], ""fps"": {""gesture"": 18, ""object"": 30}, ""eff_fps"": {""gesture"": 17, ""object"": 30}, ""latency_ms"": {""gesture"": 0, ""object"": 0}, ""svclat_ms"": {""gesture"": 34.07, ""object"": 22.06}}, ""z2"": {""services"": [""gesture"", ""object""], ""fps"": {""gesture"": 24, ""object"": 30}, ""eff_fps"": {""gesture"": 24, ""object"": 30}, ""latency_ms"": {""gesture"": 0, ""object"": 0}, ""svclat_ms"": {""gesture"": 35.53, ""object"": 23.06}}, ""z3"": {""services"": [""gesture"", ""object""], ""fps"": {""gesture"": 25, ""object"": 29}, ""eff_fps"": {""gesture"": 25, ""object"": 29}, ""latency_ms"": {""gesture"": 0, ""object"": 0}, ""svclat_ms"": {""gesture"": 18.91, ""object"": 24.16}}, ""z4"": {""services"": [""gesture"", ""object""], ""fps"": {""gesture"": 25, ""object"": 30}, ""eff_fps"": {""gesture"": 25, ""object"": 30}, ""latency_ms"": {""gesture"": 0, ""object"": 0}, ""svclat_ms"": {""gesture"": 25.14, ""object"": 23.38}}, ""z5"": {""services"": [""gesture"", ""object""], ""fps"": {""gesture"": 17, ""object"": 30}, ""eff_fps"": {""gesture"": 15, ""object"": 30}, ""latency_ms"": {""gesture"": 0, ""object"": 0}, ""svclat_ms"": {""gesture"": 53.62, ""object"": 22.02}}}"
86.6,17,16,0.941,0,0,13,13,13,1.0,1038.0,880.0,0.848,0.0,0.81,0.0,30.08,23.12,30.4,30.08,23.12,30.4,0,0,0,25.12,34.28,22.7,906,"{""ip-172-31-0-204"": ""healthy"", ""ip-172-31-1-171"": ""healthy"", ""ip-172-31-10-12"": ""healthy"", ""ip-172-31-11-132"": ""healthy"", ""ip-172-31-13-134"": ""healthy"", ""ip-172-31-14-68"": ""healthy"", ""ip-172-31-40-239"": ""healthy""}",subscribe,136.5,0.9167,0,0,"{""ip-172-31-0-204"": {""gesture"": 1, ""pose"": 1}, ""ip-172-31-10-12"": {""object"": 1}, ""ip-172-31-11-132"": {""object"": 1, ""pose"": 1}, ""ip-172-31-14-68"": {""object"": 1, ""pose"": 1}, ""ip-172-31-40-239"": {""gesture"": 1, ""pose"": 1}, ""ip-172-31-1-171"": {""pose"": 1, ""gesture"": 1}, ""ip-172-31-13-134"": {""pose"": 1, ""gesture"": 1}}","{""a1"": {""services"": [""pose"", ""gesture""], ""fps"": {""pose"": 30, ""gesture"": 19}, ""eff_fps"": {""pose"": 30, ""gesture"": 19}, ""latency_ms"": {""pose"": 0, ""gesture"": 0}, ""svclat_ms"": {""pose"": 25.94, ""gesture"": 53.6}}, ""a2"": {""services"": [""pose"", ""gesture""], ""fps"": {""pose"": 30, ""gesture"": 25}, ""eff_fps"": {""pose"": 30, ""gesture"": 25}, ""latency_ms"": {""pose"": 0, ""gesture"": 0}, ""svclat_ms"": {""pose"": 27.61, ""gesture"": 34.49}}, ""a3"": {""services"": [""pose"", ""gesture""], ""fps"": {""pose"": 30, ""gesture"": 25}, ""eff_fps"": {""pose"": 30, ""gesture"": 25}, ""latency_ms"": {""pose"": 0, ""gesture"": 0}, ""svclat_ms"": {""pose"": 24.5, ""gesture"": 23.51}}, ""a4"": {""services"": [""pose"", ""gesture""], ""fps"": {""pose"": 30, ""gesture"": 25}, ""eff_fps"": {""pose"": 30, ""gesture"": 25}, ""latency_ms"": {""pose"": 0, ""gesture"": 0}, ""svclat_ms"": {""pose"": 25.81, ""gesture"": 18.5}}, ""a5"": {""services"": [""pose"", ""gesture""], ""fps"": {""pose"": 30, ""gesture"": 19}, ""eff_fps"": {""pose"": 30, ""gesture"": 19}, ""latency_ms"": {""pose"": 0, ""gesture"": 0}, ""svclat_ms"": {""pose"": 22.05, ""gesture"": 53.25}}, ""a6"": {""services"": [""pose"", ""gesture""], ""fps"": {""pose"": 30, ""gesture"": 25}, ""eff_fps"": {""pose"": 30, ""gesture"": 25}, ""latency_ms"": {""pose"": 0, ""gesture"": 0}, ""svclat_ms"": {""pose"": 22.93, ""gesture"": 37.42}}, ""a7"": {""services"": [""pose"", ""gesture""], ""fps"": {""pose"": 30, ""gesture"": 25}, ""eff_fps"": {""pose"": 30, ""gesture"": 25}, ""latency_ms"": {""pose"": 0, ""gesture"": 0}, ""svclat_ms"": {""pose"": 26.32, ""gesture"": 20.52}}, ""a8"": {""services"": [""pose"", ""gesture""], ""fps"": {""pose"": 30, ""gesture"": 25}, ""eff_fps"": {""pose"": 30, ""gesture"": 25}, ""latency_ms"": {""pose"": 0, ""gesture"": 0}, ""svclat_ms"": {""pose"": 27.15, ""gesture"": 23.89}}, ""a9"": {""services"": [""pose"", ""gesture""], ""fps"": {""pose"": 31, ""gesture"": 18}, ""eff_fps"": {""pose"": 31, ""gesture"": 18}, ""latency_ms"": {""pose"": 0, ""gesture"": 0}, ""svclat_ms"": {""pose"": 26.12, ""gesture"": 52.93}}, ""a10"": {""services"": [""pose"", ""gesture""], ""fps"": {""pose"": 30, ""gesture"": 25}, ""eff_fps"": {""pose"": 30, ""gesture"": 25}, ""latency_ms"": {""pose"": 0, ""gesture"": 0}, ""svclat_ms"": {""pose"": 23.65, ""gesture"": 20.96}}, ""a11"": {""services"": [""pose"", ""gesture""], ""fps"": {""pose"": 30, ""gesture"": 25}, ""eff_fps"": {""pose"": 30, ""gesture"": 25}, ""latency_ms"": {""pose"": 0, ""gesture"": 0}, ""svclat_ms"": {""pose"": 26.11, ""gesture"": 36.78}}, ""a12"": {""services"": [""pose"", ""gesture""], ""fps"": {""pose"": 30, ""gesture"": 25}, ""eff_fps"": {""pose"": 30, ""gesture"": 25}, ""latency_ms"": {""pose"": 0, ""gesture"": 0}, ""svclat_ms"": {""pose"": 23.2, ""gesture"": 18.69}}, ""z1"": {""services"": [""gesture"", ""object""], ""fps"": {""gesture"": 19, ""object"": 30}, ""eff_fps"": {""gesture"": 19, ""object"": 30}, ""latency_ms"": {""gesture"": 0, ""object"": 0}, ""svclat_ms"": {""gesture"": 54.25, ""object"": 23.46}}, ""z2"": {""services"": [""gesture"", ""object""], ""fps"": {""gesture"": 25, ""object"": 31}, ""eff_fps"": {""gesture"": 25, ""object"": 31}, ""latency_ms"": {""gesture"": 0, ""object"": 0}, ""svclat_ms"": {""gesture"": 36.79, ""object"": 22.6}}, ""z3"": {""services"": [""gesture"", ""object""], ""fps"": {""gesture"": 25, ""object"": 31}, ""eff_fps"": {""gesture"": 25, ""object"": 31}, ""latency_ms"": {""gesture"": 0, ""object"": 0}, ""svclat_ms"": {""gesture"": 19.26, ""object"": 22.41}}, ""z4"": {""services"": [""gesture"", ""object""], ""fps"": {""gesture"": 25, ""object"": 30}, ""eff_fps"": {""gesture"": 25, ""object"": 30}, ""latency_ms"": {""gesture"": 0, ""object"": 0}, ""svclat_ms"": {""gesture"": 24.96, ""object"": 22.53}}, ""z5"": {""services"": [""gesture"", ""object""], ""fps"": {""gesture"": 18, ""object"": 30}, ""eff_fps"": {""gesture"": 18, ""object"": 30}, ""latency_ms"": {""gesture"": 0, ""object"": 0}, ""svclat_ms"": {""gesture"": 52.91, ""object"": 22.5}}, ""z6"": {""services"": [""gesture"", ""object""], ""fps"": {""gesture"": 0, ""object"": 0}, ""eff_fps"": {""gesture"": 0, ""object"": 0}, ""latency_ms"": {""gesture"": 0, ""object"": 0}, ""svclat_ms"": {""gesture"": 0.0, ""object"": 0.0}}}"
88.9,17,16,0.941,0,0,13,13,13,1.0,1038.0,880.0,0.848,0.0,0.81,0.0,29.92,23.06,29.0,29.92,23.06,28.6,0,0,0,24.86,34.58,24.08,896,"{""ip-172-31-0-204"": ""healthy"", ""ip-172-31-1-171"": ""healthy"", ""ip-172-31-10-12"": ""healthy"", ""ip-172-31-11-132"": ""healthy"", ""ip-172-31-13-134"": ""healthy"", ""ip-172-31-14-68"": ""healthy"", ""ip-172-31-40-239"": ""healthy""}",subscribe,136.5,0.9167,0,0,"{""ip-172-31-0-204"": {""gesture"": 1, ""pose"": 1}, ""ip-172-31-10-12"": {""object"": 1}, ""ip-172-31-11-132"": {""object"": 1, ""pose"": 1}, ""ip-172-31-14-68"": {""object"": 1, ""pose"": 1}, ""ip-172-31-40-239"": {""gesture"": 1, ""pose"": 1}, ""ip-172-31-1-171"": {""pose"": 1, ""gesture"": 1}, ""ip-172-31-13-134"": {""pose"": 1, ""gesture"": 1}}","{""a1"": {""services"": [""pose"", ""gesture""], ""fps"": {""pose"": 30, ""gesture"": 19}, ""eff_fps"": {""pose"": 30, ""gesture"": 19}, ""latency_ms"": {""pose"": 0, ""gesture"": 0}, ""svclat_ms"": {""pose"": 27.16, ""gesture"": 52.7}}, ""a2"": {""services"": [""pose"", ""gesture""], ""fps"": {""pose"": 30, ""gesture"": 25}, ""eff_fps"": {""pose"": 30, ""gesture"": 25}, ""latency_ms"": {""pose"": 0, ""gesture"": 0}, ""svclat_ms"": {""pose"": 27.29, ""gesture"": 33.91}}, ""a3"": {""services"": [""pose"", ""gesture""], ""fps"": {""pose"": 30, ""gesture"": 25}, ""eff_fps"": {""pose"": 30, ""gesture"": 25}, ""latency_ms"": {""pose"": 0, ""gesture"": 0}, ""svclat_ms"": {""pose"": 23.31, ""gesture"": 25.88}}, ""a4"": {""services"": [""pose"", ""gesture""], ""fps"": {""pose"": 30, ""gesture"": 25}, ""eff_fps"": {""pose"": 30, ""gesture"": 25}, ""latency_ms"": {""pose"": 0, ""gesture"": 0}, ""svclat_ms"": {""pose"": 26.48, ""gesture"": 19.27}}, ""a5"": {""services"": [""pose"", ""gesture""], ""fps"": {""pose"": 30, ""gesture"": 19}, ""eff_fps"": {""pose"": 30, ""gesture"": 19}, ""latency_ms"": {""pose"": 0, ""gesture"": 0}, ""svclat_ms"": {""pose"": 22.04, ""gesture"": 52.86}}, ""a6"": {""services"": [""pose"", ""gesture""], ""fps"": {""pose"": 30, ""gesture"": 25}, ""eff_fps"": {""pose"": 30, ""gesture"": 25}, ""latency_ms"": {""pose"": 0, ""gesture"": 0}, ""svclat_ms"": {""pose"": 22.26, ""gesture"": 37.92}}, ""a7"": {""services"": [""pose"", ""gesture""], ""fps"": {""pose"": 30, ""gesture"": 25}, ""eff_fps"": {""pose"": 30, ""gesture"": 25}, ""latency_ms"": {""pose"": 0, ""gesture"": 0}, ""svclat_ms"": {""pose"": 26.42, ""gesture"": 20.35}}, ""a8"": {""services"": [""pose"", ""gesture""], ""fps"": {""pose"": 30, ""gesture"": 25}, ""eff_fps"": {""pose"": 30, ""gesture"": 25}, ""latency_ms"": {""pose"": 0, ""gesture"": 0}, ""svclat_ms"": {""pose"": 27.27, ""gesture"": 25.15}}, ""a9"": {""services"": [""pose"", ""gesture""], ""fps"": {""pose"": 29, ""gesture"": 19}, ""eff_fps"": {""pose"": 29, ""gesture"": 19}, ""latency_ms"": {""pose"": 0, ""gesture"": 0}, ""svclat_ms"": {""pose"": 23.36, ""gesture"": 52.54}}, ""a10"": {""services"": [""pose"", ""gesture""], ""fps"": {""pose"": 30, ""gesture"": 25}, ""eff_fps"": {""pose"": 30, ""gesture"": 25}, ""latency_ms"": {""pose"": 0, ""gesture"": 0}, ""svclat_ms"": {""pose"": 24.03, ""gesture"": 21.64}}, ""a11"": {""services"": [""pose"", ""gesture""], ""fps"": {""pose"": 30, ""gesture"": 24}, ""eff_fps"": {""pose"": 30, ""gesture"": 24}, ""latency_ms"": {""pose"": 0, ""gesture"": 0}, ""svclat_ms"": {""pose"": 25.73, ""gesture"": 39.0}}, ""a12"": {""services"": [""pose"", ""gesture""], ""fps"": {""pose"": 30, ""gesture"": 25}, ""eff_fps"": {""pose"": 30, ""gesture"": 25}, ""latency_ms"": {""pose"": 0, ""gesture"": 0}, ""svclat_ms"": {""pose"": 22.97, ""gesture"": 19.58}}, ""z1"": {""services"": [""gesture"", ""object""], ""fps"": {""gesture"": 18, ""object"": 30}, ""eff_fps"": {""gesture"": 18, ""object"": 30}, ""latency_ms"": {""gesture"": 0, ""object"": 0}, ""svclat_ms"": {""gesture"": 52.3, ""object"": 24.32}}, ""z2"": {""services"": [""gesture"", ""object""], ""fps"": {""gesture"": 25, ""object"": 27}, ""eff_fps"": {""gesture"": 25, ""object"": 26}, ""latency_ms"": {""gesture"": 0, ""object"": 0}, ""svclat_ms"": {""gesture"": 38.71, ""object"": 25.51}}, ""z3"": {""services"": [""gesture"", ""object""], ""fps"": {""gesture"": 25, ""object"": 30}, ""eff_fps"": {""gesture"": 25, ""object"": 30}, ""latency_ms"": {""gesture"": 0, ""object"": 0}, ""svclat_ms"": {""gesture"": 19.41, ""object"": 22.4}}, ""z4"": {""services"": [""gesture"", ""object""], ""fps"": {""gesture"": 24, ""object"": 30}, ""eff_fps"": {""gesture"": 24, ""object"": 30}, ""latency_ms"": {""gesture"": 0, ""object"": 0}, ""svclat_ms"": {""gesture"": 24.02, ""object"": 22.26}}, ""z5"": {""services"": [""gesture"", ""object""], ""fps"": {""gesture"": 19, ""object"": 28}, ""eff_fps"": {""gesture"": 19, ""object"": 27}, ""latency_ms"": {""gesture"": 0, ""object"": 0}, ""svclat_ms"": {""gesture"": 52.67, ""object"": 25.89}}, ""z6"": {""services"": [""gesture"", ""object""], ""fps"": {""gesture"": 0, ""object"": 0}, ""eff_fps"": {""gesture"": 0, ""object"": 0}, ""latency_ms"": {""gesture"": 0, ""object"": 0}, ""svclat_ms"": {""gesture"": 0.0, ""object"": 0.0}}}"
91.3,17,16,0.941,0,0,13,13,13,1.0,1038.0,880.0,0.848,0.0,0.81,0.0,30.0,23.41,30.0,30.0,23.41,30.0,0,0,0,24.48,32.46,22.4,908,"{""ip-172-31-0-204"": ""healthy"", ""ip-172-31-1-171"": ""healthy"", ""ip-172-31-10-12"": ""healthy"", ""ip-172-31-11-132"": ""healthy"", ""ip-172-31-13-134"": ""healthy"", ""ip-172-31-14-68"": ""healthy"", ""ip-172-31-40-239"": ""healthy""}",subscribe,136.5,0.9167,0,0,"{""ip-172-31-0-204"": {""gesture"": 1, ""pose"": 1}, ""ip-172-31-10-12"": {""object"": 1}, ""ip-172-31-11-132"": {""object"": 1, ""pose"": 1}, ""ip-172-31-14-68"": {""object"": 1, ""pose"": 1}, ""ip-172-31-40-239"": {""gesture"": 1, ""pose"": 1}, ""ip-172-31-1-171"": {""pose"": 1, ""gesture"": 1}, ""ip-172-31-13-134"": {""pose"": 1, ""gesture"": 1}}","{""a1"": {""services"": [""pose"", ""gesture""], ""fps"": {""pose"": 30, ""gesture"": 20}, ""eff_fps"": {""pose"": 30, ""gesture"": 20}, ""latency_ms"": {""pose"": 0, ""gesture"": 0}, ""svclat_ms"": {""pose"": 26.76, ""gesture"": 48.33}}, ""a2"": {""services"": [""pose"", ""gesture""], ""fps"": {""pose"": 30, ""gesture"": 25}, ""eff_fps"": {""pose"": 30, ""gesture"": 25}, ""latency_ms"": {""pose"": 0, ""gesture"": 0}, ""svclat_ms"": {""pose"": 25.44, ""gesture"": 32.11}}, ""a3"": {""services"": [""pose"", ""gesture""], ""fps"": {""pose"": 30, ""gesture"": 24}, ""eff_fps"": {""pose"": 30, ""gesture"": 24}, ""latency_ms"": {""pose"": 0, ""gesture"": 0}, ""svclat_ms"": {""pose"": 23.58, ""gesture"": 24.4}}, ""a4"": {""services"": [""pose"", ""gesture""], ""fps"": {""pose"": 30, ""gesture"": 25}, ""eff_fps"": {""pose"": 30, ""gesture"": 25}, ""latency_ms"": {""pose"": 0, ""gesture"": 0}, ""svclat_ms"": {""pose"": 26.41, ""gesture"": 19.1}}, ""a5"": {""services"": [""pose"", ""gesture""], ""fps"": {""pose"": 30, ""gesture"": 19}, ""eff_fps"": {""pose"": 30, ""gesture"": 19}, ""latency_ms"": {""pose"": 0, ""gesture"": 0}, ""svclat_ms"": {""pose"": 21.19, ""gesture"": 52.03}}, ""a6"": {""services"": [""pose"", ""gesture""], ""fps"": {""pose"": 30, ""gesture"": 25}, ""eff_fps"": {""pose"": 30, ""gesture"": 25}, ""latency_ms"": {""pose"": 0, ""gesture"": 0}, ""svclat_ms"": {""pose"": 22.67, ""gesture"": 35.73}}, ""a7"": {""services"": [""pose"", ""gesture""], ""fps"": {""pose"": 30, ""gesture"": 25}, ""eff_fps"": {""pose"": 30, ""gesture"": 25}, ""latency_ms"": {""pose"": 0, ""gesture"": 0}, ""svclat_ms"": {""pose"": 26.05, ""gesture"": 19.67}}, ""a8"": {""services"": [""pose"", ""gesture""], ""fps"": {""pose"": 30, ""gesture"": 25}, ""eff_fps"": {""pose"": 30, ""gesture"": 25}, ""latency_ms"": {""pose"": 0, ""gesture"": 0}, ""svclat_ms"": {""pose"": 25.58, ""gesture"": 24.44}}, ""a9"": {""services"": [""pose"", ""gesture""], ""fps"": {""pose"": 30, ""gesture"": 20}, ""eff_fps"": {""pose"": 30, ""gesture"": 20}, ""latency_ms"": {""pose"": 0, ""gesture"": 0}, ""svclat_ms"": {""pose"": 25.62, ""gesture"": 50.32}}, ""a10"": {""services"": [""pose"", ""gesture""], ""fps"": {""pose"": 30, ""gesture"": 25}, ""eff_fps"": {""pose"": 30, ""gesture"": 25}, ""latency_ms"": {""pose"": 0, ""gesture"": 0}, ""svclat_ms"": {""pose"": 21.96, ""gesture"": 20.91}}, ""a11"": {""services"": [""pose"", ""gesture""], ""fps"": {""pose"": 30, ""gesture"": 25}, ""eff_fps"": {""pose"": 30, ""gesture"": 25}, ""latency_ms"": {""pose"": 0, ""gesture"": 0}, ""svclat_ms"": {""pose"": 25.31, ""gesture"": 35.2}}, ""a12"": {""services"": [""pose"", ""gesture""], ""fps"": {""pose"": 30, ""gesture"": 25}, ""eff_fps"": {""pose"": 30, ""gesture"": 25}, ""latency_ms"": {""pose"": 0, ""gesture"": 0}, ""svclat_ms"": {""pose"": 23.25, ""gesture"": 18.76}}, ""z1"": {""services"": [""gesture"", ""object""], ""fps"": {""gesture"": 21, ""object"": 30}, ""eff_fps"": {""gesture"": 21, ""object"": 30}, ""latency_ms"": {""gesture"": 0, ""object"": 0}, ""svclat_ms"": {""gesture"": 41.13, ""object"": 20.47}}, ""z2"": {""services"": [""gesture"", ""object""], ""fps"": {""gesture"": 25, ""object"": 30}, ""eff_fps"": {""gesture"": 25, ""object"": 30}, ""latency_ms"": {""gesture"": 0, ""object"": 0}, ""svclat_ms"": {""gesture"": 35.72, ""object"": 25.26}}, ""z3"": {""services"": [""gesture"", ""object""], ""fps"": {""gesture"": 25, ""object"": 30}, ""eff_fps"": {""gesture"": 25, ""object"": 30}, ""latency_ms"": {""gesture"": 0, ""object"": 0}, ""svclat_ms"": {""gesture"": 18.61, ""object"": 21.53}}, ""z4"": {""services"": [""gesture"", ""object""], ""fps"": {""gesture"": 24, ""object"": 30}, ""eff_fps"": {""gesture"": 24, ""object"": 30}, ""latency_ms"": {""gesture"": 0, ""object"": 0}, ""svclat_ms"": {""gesture"": 24.79, ""object"": 20.95}}, ""z5"": {""services"": [""gesture"", ""object""], ""fps"": {""gesture"": 20, ""object"": 30}, ""eff_fps"": {""gesture"": 20, ""object"": 30}, ""latency_ms"": {""gesture"": 0, ""object"": 0}, ""svclat_ms"": {""gesture"": 50.49, ""object"": 23.81}}, ""z6"": {""services"": [""gesture"", ""object""], ""fps"": {""gesture"": 0, ""object"": 0}, ""eff_fps"": {""gesture"": 0, ""object"": 0}, ""latency_ms"": {""gesture"": 0, ""object"": 0}, ""svclat_ms"": {""gesture"": 0.0, ""object"": 0.0}}, ""z7"": {""services"": [""gesture"", ""object""], ""fps"": {""gesture"": 0, ""object"": 0}, ""eff_fps"": {""gesture"": 0, ""object"": 0}, ""latency_ms"": {""gesture"": 0, ""object"": 0}, ""svclat_ms"": {""gesture"": 0.0, ""object"": 0.0}}}"
93.7,17,16,0.941,0,0,13,13,13,1.0,1038.0,880.0,0.848,0.0,0.81,0.0,30.0,23.59,30.0,30.0,23.59,30.0,0,0,0,23.79,20.32,22.09,911,"{""ip-172-31-0-204"": ""healthy"", ""ip-172-31-1-171"": ""healthy"", ""ip-172-31-10-12"": ""healthy"", ""ip-172-31-11-132"": ""healthy"", ""ip-172-31-13-134"": ""healthy"", ""ip-172-31-14-68"": ""healthy"", ""ip-172-31-40-239"": ""healthy""}",subscribe,136.5,0.9167,0,0,"{""ip-172-31-0-204"": {""gesture"": 1, ""pose"": 1}, ""ip-172-31-10-12"": {""object"": 1}, ""ip-172-31-11-132"": {""object"": 1, ""pose"": 1}, ""ip-172-31-14-68"": {""object"": 1, ""pose"": 1}, ""ip-172-31-40-239"": {""gesture"": 1, ""pose"": 1}, ""ip-172-31-1-171"": {""pose"": 1, ""gesture"": 1}, ""ip-172-31-13-134"": {""pose"": 1, ""gesture"": 1}}","{""a1"": {""services"": [""pose"", ""gesture""], ""fps"": {""pose"": 30, ""gesture"": 20}, ""eff_fps"": {""pose"": 30, ""gesture"": 20}, ""latency_ms"": {""pose"": 0, ""gesture"": 0}, ""svclat_ms"": {""pose"": 25.21, ""gesture"": 20.87}}, ""a2"": {""services"": [""pose"", ""gesture""], ""fps"": {""pose"": 30, ""gesture"": 25}, ""eff_fps"": {""pose"": 30, ""gesture"": 25}, ""latency_ms"": {""pose"": 0, ""gesture"": 0}, ""svclat_ms"": {""pose"": 24.68, ""gesture"": 19.13}}, ""a3"": {""services"": [""pose"", ""gesture""], ""fps"": {""pose"": 30, ""gesture"": 25}, ""eff_fps"": {""pose"": 30, ""gesture"": 25}, ""latency_ms"": {""pose"": 0, ""gesture"": 0}, ""svclat_ms"": {""pose"": 23.07, ""gesture"": 24.66}}, ""a4"": {""services"": [""pose"", ""gesture""], ""fps"": {""pose"": 30, ""gesture"": 25}, ""eff_fps"": {""pose"": 30, ""gesture"": 25}, ""latency_ms"": {""pose"": 0, ""gesture"": 0}, ""svclat_ms"": {""pose"": 25.41, ""gesture"": 18.22}}, ""a5"": {""services"": [""pose"", ""gesture""], ""fps"": {""pose"": 30, ""gesture"": 20}, ""eff_fps"": {""pose"": 30, ""gesture"": 20}, ""latency_ms"": {""pose"": 0, ""gesture"": 0}, ""svclat_ms"": {""pose"": 21.16, ""gesture"": 17.79}}, ""a6"": {""services"": [""pose"", ""gesture""], ""fps"": {""pose"": 30, ""gesture"": 25}, ""eff_fps"": {""pose"": 30, ""gesture"": 25}, ""latency_ms"": {""pose"": 0, ""gesture"": 0}, ""svclat_ms"": {""pose"": 22.02, ""gesture"": 19.43}}, ""a7"": {""services"": [""pose"", ""gesture""], ""fps"": {""pose"": 30, ""gesture"": 25}, ""eff_fps"": {""pose"": 30, ""gesture"": 25}, ""latency_ms"": {""pose"": 0, ""gesture"": 0}, ""svclat_ms"": {""pose"": 24.86, ""gesture"": 20.26}}, ""a8"": {""services"": [""pose"", ""gesture""], ""fps"": {""pose"": 30, ""gesture"": 25}, ""eff_fps"": {""pose"": 30, ""gesture"": 25}, ""latency_ms"": {""pose"": 0, ""gesture"": 0}, ""svclat_ms"": {""pose"": 24.7, ""gesture"": 23.8}}, ""a9"": {""services"": [""pose"", ""gesture""], ""fps"": {""pose"": 30, ""gesture"": 20}, ""eff_fps"": {""pose"": 30, ""gesture"": 20}, ""latency_ms"": {""pose"": 0, ""gesture"": 0}, ""svclat_ms"": {""pose"": 23.62, ""gesture"": 21.02}}, ""a10"": {""services"": [""pose"", ""gesture""], ""fps"": {""pose"": 30, ""gesture"": 25}, ""eff_fps"": {""pose"": 30, ""gesture"": 25}, ""latency_ms"": {""pose"": 0, ""gesture"": 0}, ""svclat_ms"": {""pose"": 22.38, ""gesture"": 20.58}}, ""a11"": {""services"": [""pose"", ""gesture""], ""fps"": {""pose"": 30, ""gesture"": 25}, ""eff_fps"": {""pose"": 30, ""gesture"": 25}, ""latency_ms"": {""pose"": 0, ""gesture"": 0}, ""svclat_ms"": {""pose"": 25.65, ""gesture"": 18.69}}, ""a12"": {""services"": [""pose"", ""gesture""], ""fps"": {""pose"": 30, ""gesture"": 25}, ""eff_fps"": {""pose"": 30, ""gesture"": 25}, ""latency_ms"": {""pose"": 0, ""gesture"": 0}, ""svclat_ms"": {""pose"": 22.78, ""gesture"": 17.95}}, ""z1"": {""services"": [""gesture"", ""object""], ""fps"": {""gesture"": 20, ""object"": 30}, ""eff_fps"": {""gesture"": 20, ""object"": 30}, ""latency_ms"": {""gesture"": 0, ""object"": 0}, ""svclat_ms"": {""gesture"": 18.85, ""object"": 20.25}}, ""z2"": {""services"": [""gesture"", ""object""], ""fps"": {""gesture"": 25, ""object"": 30}, ""eff_fps"": {""gesture"": 25, ""object"": 30}, ""latency_ms"": {""gesture"": 0, ""object"": 0}, ""svclat_ms"": {""gesture"": 19.39, ""object"": 24.16}}, ""z3"": {""services"": [""gesture"", ""object""], ""fps"": {""gesture"": 25, ""object"": 30}, ""eff_fps"": {""gesture"": 25, ""object"": 30}, ""latency_ms"": {""gesture"": 0, ""object"": 0}, ""svclat_ms"": {""gesture"": 19.29, ""object"": 22.25}}, ""z4"": {""services"": [""gesture"", ""object""], ""fps"": {""gesture"": 26, ""object"": 30}, ""eff_fps"": {""gesture"": 26, ""object"": 30}, ""latency_ms"": {""gesture"": 0, ""object"": 0}, ""svclat_ms"": {""gesture"": 24.57, ""object"": 20.42}}, ""z5"": {""services"": [""gesture"", ""object""], ""fps"": {""gesture"": 20, ""object"": 30}, ""eff_fps"": {""gesture"": 20, ""object"": 30}, ""latency_ms"": {""gesture"": 0, ""object"": 0}, ""svclat_ms"": {""gesture"": 21.01, ""object"": 23.35}}, ""z6"": {""services"": [""gesture"", ""object""], ""fps"": {""gesture"": 0, ""object"": 0}, ""eff_fps"": {""gesture"": 0, ""object"": 0}, ""latency_ms"": {""gesture"": 0, ""object"": 0}, ""svclat_ms"": {""gesture"": 0.0, ""object"": 0.0}}, ""z7"": {""services"": [""gesture"", ""object""], ""fps"": {""gesture"": 0, ""object"": 0}, ""eff_fps"": {""gesture"": 0, ""object"": 0}, ""latency_ms"": {""gesture"": 0, ""object"": 0}, ""svclat_ms"": {""gesture"": 0.0, ""object"": 0.0}}}"
97.0,17,16,0.941,0,0,13,13,13,1.0,1038.0,880.0,0.848,0.0,0.81,0.0,29.83,30.06,30.0,29.83,30.06,30.0,0,0,0,24.72,18.99,23.7,1019,"{""ip-172-31-0-204"": ""healthy"", ""ip-172-31-1-171"": ""healthy"", ""ip-172-31-10-12"": ""healthy"", ""ip-172-31-11-132"": ""healthy"", ""ip-172-31-13-134"": ""healthy"", ""ip-172-31-14-68"": ""healthy"", ""ip-172-31-40-239"": ""healthy""}",subscribe,136.5,0.9167,0,0,"{""ip-172-31-0-204"": {""gesture"": 1, ""pose"": 1}, ""ip-172-31-10-12"": {""object"": 1}, ""ip-172-31-11-132"": {""object"": 1, ""pose"": 1}, ""ip-172-31-14-68"": {""object"": 1, ""pose"": 1}, ""ip-172-31-40-239"": {""gesture"": 1, ""pose"": 1}, ""ip-172-31-1-171"": {""pose"": 1, ""gesture"": 1}, ""ip-172-31-13-134"": {""pose"": 1, ""gesture"": 1}}","{""a1"": {""services"": [""pose"", ""gesture""], ""fps"": {""pose"": 30, ""gesture"": 30}, ""eff_fps"": {""pose"": 30, ""gesture"": 30}, ""latency_ms"": {""pose"": 0, ""gesture"": 0}, ""svclat_ms"": {""pose"": 24.41, ""gesture"": 18.83}}, ""a2"": {""services"": [""pose"", ""gesture""], ""fps"": {""pose"": 30, ""gesture"": 30}, ""eff_fps"": {""pose"": 30, ""gesture"": 30}, ""latency_ms"": {""pose"": 0, ""gesture"": 0}, ""svclat_ms"": {""pose"": 25.48, ""gesture"": 17.54}}, ""a3"": {""services"": [""pose"", ""gesture""], ""fps"": {""pose"": 30, ""gesture"": 30}, ""eff_fps"": {""pose"": 30, ""gesture"": 30}, ""latency_ms"": {""pose"": 0, ""gesture"": 0}, ""svclat_ms"": {""pose"": 22.98, ""gesture"": 16.33}}, ""a4"": {""services"": [""pose"", ""gesture""], ""fps"": {""pose"": 30, ""gesture"": 31}, ""eff_fps"": {""pose"": 30, ""gesture"": 31}, ""latency_ms"": {""pose"": 0, ""gesture"": 0}, ""svclat_ms"": {""pose"": 28.33, ""gesture"": 20.12}}, ""a5"": {""services"": [""pose"", ""gesture""], ""fps"": {""pose"": 29, ""gesture"": 30}, ""eff_fps"": {""pose"": 29, ""gesture"": 30}, ""latency_ms"": {""pose"": 0, ""gesture"": 0}, ""svclat_ms"": {""pose"": 26.61, ""gesture"": 17.59}}, ""a6"": {""services"": [""pose"", ""gesture""], ""fps"": {""pose"": 30, ""gesture"": 30}, ""eff_fps"": {""pose"": 30, ""gesture"": 30}, ""latency_ms"": {""pose"": 0, ""gesture"": 0}, ""svclat_ms"": {""pose"": 23.72, ""gesture"": 16.7}}, ""a7"": {""services"": [""pose"", ""gesture""], ""fps"": {""pose"": 30, ""gesture"": 30}, ""eff_fps"": {""pose"": 30, ""gesture"": 30}, ""latency_ms"": {""pose"": 0, ""gesture"": 0}, ""svclat_ms"": {""pose"": 19.62, ""gesture"": 19.55}}, ""a8"": {""services"": [""pose"", ""gesture""], ""fps"": {""pose"": 30, ""gesture"": 30}, ""eff_fps"": {""pose"": 30, ""gesture"": 30}, ""latency_ms"": {""pose"": 0, ""gesture"": 0}, ""svclat_ms"": {""pose"": 27.72, ""gesture"": 17.08}}, ""a9"": {""services"": [""pose"", ""gesture""], ""fps"": {""pose"": 30, ""gesture"": 30}, ""eff_fps"": {""pose"": 30, ""gesture"": 30}, ""latency_ms"": {""pose"": 0, ""gesture"": 0}, ""svclat_ms"": {""pose"": 25.6, ""gesture"": 15.67}}, ""a10"": {""services"": [""pose"", ""gesture""], ""fps"": {""pose"": 30, ""gesture"": 30}, ""eff_fps"": {""pose"": 30, ""gesture"": 30}, ""latency_ms"": {""pose"": 0, ""gesture"": 0}, ""svclat_ms"": {""pose"": 22.85, ""gesture"": 22.78}}, ""a11"": {""services"": [""pose"", ""gesture""], ""fps"": {""pose"": 30, ""gesture"": 30}, ""eff_fps"": {""pose"": 30, ""gesture"": 30}, ""latency_ms"": {""pose"": 0, ""gesture"": 0}, ""svclat_ms"": {""pose"": 21.38, ""gesture"": 21.42}}, ""a12"": {""services"": [""pose"", ""gesture""], ""fps"": {""pose"": 29, ""gesture"": 30}, ""eff_fps"": {""pose"": 29, ""gesture"": 30}, ""latency_ms"": {""pose"": 0, ""gesture"": 0}, ""svclat_ms"": {""pose"": 27.9, ""gesture"": 18.24}}, ""z1"": {""services"": [""gesture"", ""object""], ""fps"": {""gesture"": 30, ""object"": 30}, ""eff_fps"": {""gesture"": 30, ""object"": 30}, ""latency_ms"": {""gesture"": 0, ""object"": 0}, ""svclat_ms"": {""gesture"": 18.17, ""object"": 28.27}}, ""z2"": {""services"": [""gesture"", ""object""], ""fps"": {""gesture"": 30, ""object"": 30}, ""eff_fps"": {""gesture"": 30, ""object"": 30}, ""latency_ms"": {""gesture"": 0, ""object"": 0}, ""svclat_ms"": {""gesture"": 24.78, ""object"": 22.84}}, ""z3"": {""services"": [""gesture"", ""object""], ""fps"": {""gesture"": 30, ""object"": 30}, ""eff_fps"": {""gesture"": 30, ""object"": 30}, ""latency_ms"": {""gesture"": 0, ""object"": 0}, ""svclat_ms"": {""gesture"": 17.04, ""object"": 18.21}}, ""z4"": {""services"": [""gesture"", ""object""], ""fps"": {""gesture"": 30, ""object"": 30}, ""eff_fps"": {""gesture"": 30, ""object"": 30}, ""latency_ms"": {""gesture"": 0, ""object"": 0}, ""svclat_ms"": {""gesture"": 20.75, ""object"": 23.71}}, ""z5"": {""services"": [""gesture"", ""object""], ""fps"": {""gesture"": 30, ""object"": 30}, ""eff_fps"": {""gesture"": 30, ""object"": 30}, ""latency_ms"": {""gesture"": 0, ""object"": 0}, ""svclat_ms"": {""gesture"": 20.29, ""object"": 25.48}}, ""z6"": {""services"": [""gesture"", ""object""], ""fps"": {""gesture"": 0, ""object"": 0}, ""eff_fps"": {""gesture"": 0, ""object"": 0}, ""latency_ms"": {""gesture"": 0, ""object"": 0}, ""svclat_ms"": {""gesture"": 0.0, ""object"": 0.0}}, ""z7"": {""services"": [""gesture"", ""object""], ""fps"": {""gesture"": 0, ""object"": 0}, ""eff_fps"": {""gesture"": 0, ""object"": 0}, ""latency_ms"": {""gesture"": 0, ""object"": 0}, ""svclat_ms"": {""gesture"": 0.0, ""object"": 0.0}}, ""z8"": {""services"": [""gesture"", ""object""], ""fps"": {""gesture"": 0, ""object"": 0}, ""eff_fps"": {""gesture"": 0, ""object"": 0}, ""latency_ms"": {""gesture"": 0, ""object"": 0}, ""svclat_ms"": {""gesture"": 0.0, ""object"": 0.0}}}"
101.5,18,18,1.0,0,0,13,17,17,1.0,1275.0,1076.0,0.844,0.0,0.94,0.0,29.83,28.84,29.14,29.83,28.84,29.0,0,0,0,24.62,21.76,26.16,1110,"{""ip-172-31-0-204"": ""healthy"", ""ip-172-31-1-171"": ""healthy"", ""ip-172-31-10-12"": ""healthy"", ""ip-172-31-11-132"": ""healthy"", ""ip-172-31-13-134"": ""healthy"", ""ip-172-31-14-68"": ""healthy"", ""ip-172-31-40-239"": ""healthy""}",subscribe,146.1,0.9963,0,0,"{""ip-172-31-0-204"": {""gesture"": 1, ""pose"": 1, ""object"": 1}, ""ip-172-31-10-12"": {""object"": 1, ""pose"": 1, ""gesture"": 1}, ""ip-172-31-11-132"": {""object"": 1, ""pose"": 1}, ""ip-172-31-40-239"": {""gesture"": 1, ""pose"": 1}, ""ip-172-31-1-171"": {""pose"": 1, ""gesture"": 1, ""object"": 1}, ""ip-172-31-13-134"": {""pose"": 1, ""gesture"": 1}, ""ip-172-31-14-68"": {""pose"": 1, ""gesture"": 1}}","{""a1"": {""services"": [""pose"", ""gesture""], ""fps"": {""pose"": 30, ""gesture"": 25}, ""eff_fps"": {""pose"": 30, ""gesture"": 25}, ""latency_ms"": {""pose"": 0, ""gesture"": 0}, ""svclat_ms"": {""pose"": 22.77, ""gesture"": 22.7}}, ""a2"": {""services"": [""pose"", ""gesture""], ""fps"": {""pose"": 30, ""gesture"": 30}, ""eff_fps"": {""pose"": 30, ""gesture"": 30}, ""latency_ms"": {""pose"": 0, ""gesture"": 0}, ""svclat_ms"": {""pose"": 25.54, ""gesture"": 18.34}}, ""a3"": {""services"": [""pose"", ""gesture""], ""fps"": {""pose"": 30, ""gesture"": 30}, ""eff_fps"": {""pose"": 30, ""gesture"": 30}, ""latency_ms"": {""pose"": 0, ""gesture"": 0}, ""svclat_ms"": {""pose"": 23.1, ""gesture"": 16.32}}, ""a4"": {""services"": [""pose"", ""gesture""], ""fps"": {""pose"": 30, ""gesture"": 30}, ""eff_fps"": {""pose"": 30, ""gesture"": 30}, ""latency_ms"": {""pose"": 0, ""gesture"": 0}, ""svclat_ms"": {""pose"": 22.68, ""gesture"": 31.04}}, ""a5"": {""services"": [""pose"", ""gesture""], ""fps"": {""pose"": 29, ""gesture"": 30}, ""eff_fps"": {""pose"": 29, ""gesture"": 30}, ""latency_ms"": {""pose"": 0, ""gesture"": 0}, ""svclat_ms"": {""pose"": 30.1, ""gesture"": 18.36}}, ""a6"": {""services"": [""pose"", ""gesture""], ""fps"": {""pose"": 30, ""gesture"": 30}, ""eff_fps"": {""pose"": 30, ""gesture"": 30}, ""latency_ms"": {""pose"": 0, ""gesture"": 0}, ""svclat_ms"": {""pose"": 25.56, ""gesture"": 18.86}}, ""a7"": {""services"": [""pose"", ""gesture""], ""fps"": {""pose"": 30, ""gesture"": 24}, ""eff_fps"": {""pose"": 30, ""gesture"": 24}, ""latency_ms"": {""pose"": 0, ""gesture"": 0}, ""svclat_ms"": {""pose"": 23.37, ""gesture"": 22.75}}, ""a8"": {""services"": [""pose"", ""gesture""], ""fps"": {""pose"": 30, ""gesture"": 30}, ""eff_fps"": {""pose"": 30, ""gesture"": 30}, ""latency_ms"": {""pose"": 0, ""gesture"": 0}, ""svclat_ms"": {""pose"": 22.69, ""gesture"": 17.27}}, ""a9"": {""services"": [""pose"", ""gesture""], ""fps"": {""pose"": 30, ""gesture"": 30}, ""eff_fps"": {""pose"": 30, ""gesture"": 30}, ""latency_ms"": {""pose"": 0, ""gesture"": 0}, ""svclat_ms"": {""pose"": 26.45, ""gesture"": 15.89}}, ""a10"": {""services"": [""pose"", ""gesture""], ""fps"": {""pose"": 30, ""gesture"": 30}, ""eff_fps"": {""pose"": 30, ""gesture"": 30}, ""latency_ms"": {""pose"": 0, ""gesture"": 0}, ""svclat_ms"": {""pose"": 22.04, ""gesture"": 24.87}}, ""a11"": {""services"": [""pose"", ""gesture""], ""fps"": {""pose"": 30, ""gesture"": 30}, ""eff_fps"": {""pose"": 30, ""gesture"": 30}, ""latency_ms"": {""pose"": 0, ""gesture"": 0}, ""svclat_ms"": {""pose"": 22.13, ""gesture"": 29.17}}, ""a12"": {""services"": [""pose"", ""gesture""], ""fps"": {""pose"": 29, ""gesture"": 30}, ""eff_fps"": {""pose"": 29, ""gesture"": 30}, ""latency_ms"": {""pose"": 0, ""gesture"": 0}, ""svclat_ms"": {""pose"": 28.96, ""gesture"": 19.53}}, ""z1"": {""services"": [""gesture"", ""object""], ""fps"": {""gesture"": 30, ""object"": 30}, ""eff_fps"": {""gesture"": 30, ""object"": 30}, ""latency_ms"": {""gesture"": 0, ""object"": 0}, ""svclat_ms"": {""gesture"": 18.22, ""object"": 24.79}}, ""z2"": {""services"": [""gesture"", ""object""], ""fps"": {""gesture"": 24, ""object"": 29}, ""eff_fps"": {""gesture"": 24, ""object"": 29}, ""latency_ms"": {""gesture"": 0, ""object"": 0}, ""svclat_ms"": {""gesture"": 30.69, ""object"": 29.85}}, ""z3"": {""services"": [""gesture"", ""object""], ""fps"": {""gesture"": 30, ""object"": 28}, ""eff_fps"": {""gesture"": 30, ""object"": 28}, ""latency_ms"": {""gesture"": 0, ""object"": 0}, ""svclat_ms"": {""gesture"": 17.74, ""object"": 25.58}}, ""z4"": {""services"": [""gesture"", ""object""], ""fps"": {""gesture"": 30, ""object"": 30}, ""eff_fps"": {""gesture"": 30, ""object"": 30}, ""latency_ms"": {""gesture"": 0, ""object"": 0}, ""svclat_ms"": {""gesture"": 20.02, ""object"": 23.13}}, ""z5"": {""services"": [""gesture"", ""object""], ""fps"": {""gesture"": 30, ""object"": 30}, ""eff_fps"": {""gesture"": 30, ""object"": 30}, ""latency_ms"": {""gesture"": 0, ""object"": 0}, ""svclat_ms"": {""gesture"": 29.11, ""object"": 24.17}}, ""z6"": {""services"": [""gesture"", ""object""], ""fps"": {""gesture"": 30, ""object"": 29}, ""eff_fps"": {""gesture"": 30, ""object"": 29}, ""latency_ms"": {""gesture"": 0, ""object"": 0}, ""svclat_ms"": {""gesture"": 18.28, ""object"": 29.53}}, ""z7"": {""services"": [""gesture"", ""object""], ""fps"": {""gesture"": 25, ""object"": 28}, ""eff_fps"": {""gesture"": 25, ""object"": 27}, ""latency_ms"": {""gesture"": 0, ""object"": 0}, ""svclat_ms"": {""gesture"": 24.22, ""object"": 26.08}}, ""z8"": {""services"": [""gesture"", ""object""], ""fps"": {""gesture"": 0, ""object"": 0}, ""eff_fps"": {""gesture"": 0, ""object"": 0}, ""latency_ms"": {""gesture"": 0, ""object"": 0}, ""svclat_ms"": {""gesture"": 0.0, ""object"": 0.0}}, ""z9"": {""services"": [""gesture"", ""object""], ""fps"": {""gesture"": 0, ""object"": 0}, ""eff_fps"": {""gesture"": 0, ""object"": 0}, ""latency_ms"": {""gesture"": 0, ""object"": 0}, ""svclat_ms"": {""gesture"": 0.0, ""object"": 0.0}}}"
105.9,20,20,1.0,0,0,13,17,17,1.0,1275.0,1152.0,0.904,0.0,0.85,0.0,29.83,27.14,26.89,29.83,27.14,26.89,0,0,0,25.86,22.82,28.17,1170,"{""ip-172-31-0-204"": ""healthy"", ""ip-172-31-1-171"": ""healthy"", ""ip-172-31-10-12"": ""healthy"", ""ip-172-31-11-132"": ""healthy"", ""ip-172-31-13-134"": ""healthy"", ""ip-172-31-14-68"": ""healthy"", ""ip-172-31-40-239"": ""healthy""}",subscribe,160.7,0.96,0,0,"{""ip-172-31-0-204"": {""gesture"": 1, ""pose"": 1, ""object"": 1}, ""ip-172-31-10-12"": {""object"": 1, ""pose"": 1, ""gesture"": 1}, ""ip-172-31-11-132"": {""object"": 1, ""pose"": 1}, ""ip-172-31-40-239"": {""gesture"": 1, ""pose"": 1}, ""ip-172-31-1-171"": {""pose"": 1, ""gesture"": 1, ""object"": 1}, ""ip-172-31-13-134"": {""pose"": 1, ""gesture"": 1}, ""ip-172-31-14-68"": {""pose"": 1, ""gesture"": 1}}","{""a1"": {""services"": [""pose"", ""gesture""], ""fps"": {""pose"": 30, ""gesture"": 25}, ""eff_fps"": {""pose"": 30, ""gesture"": 25}, ""latency_ms"": {""pose"": 0, ""gesture"": 0}, ""svclat_ms"": {""pose"": 24.46, ""gesture"": 18.18}}, ""a2"": {""services"": [""pose"", ""gesture""], ""fps"": {""pose"": 30, ""gesture"": 25}, ""eff_fps"": {""pose"": 30, ""gesture"": 25}, ""latency_ms"": {""pose"": 0, ""gesture"": 0}, ""svclat_ms"": {""pose"": 25.18, ""gesture"": 19.22}}, ""a3"": {""services"": [""pose"", ""gesture""], ""fps"": {""pose"": 30, ""gesture"": 25}, ""eff_fps"": {""pose"": 30, ""gesture"": 25}, ""latency_ms"": {""pose"": 0, ""gesture"": 0}, ""svclat_ms"": {""pose"": 23.72, ""gesture"": 19.25}}, ""a4"": {""services"": [""pose"", ""gesture""], ""fps"": {""pose"": 30, ""gesture"": 30}, ""eff_fps"": {""pose"": 30, ""gesture"": 30}, ""latency_ms"": {""pose"": 0, ""gesture"": 0}, ""svclat_ms"": {""pose"": 25.93, ""gesture"": 27.97}}, ""a5"": {""services"": [""pose"", ""gesture""], ""fps"": {""pose"": 29, ""gesture"": 30}, ""eff_fps"": {""pose"": 29, ""gesture"": 30}, ""latency_ms"": {""pose"": 0, ""gesture"": 0}, ""svclat_ms"": {""pose"": 29.21, ""gesture"": 19.14}}, ""a6"": {""services"": [""pose"", ""gesture""], ""fps"": {""pose"": 30, ""gesture"": 30}, ""eff_fps"": {""pose"": 30, ""gesture"": 30}, ""latency_ms"": {""pose"": 0, ""gesture"": 0}, ""svclat_ms"": {""pose"": 25.83, ""gesture"": 20.03}}, ""a7"": {""services"": [""pose"", ""gesture""], ""fps"": {""pose"": 30, ""gesture"": 25}, ""eff_fps"": {""pose"": 30, ""gesture"": 25}, ""latency_ms"": {""pose"": 0, ""gesture"": 0}, ""svclat_ms"": {""pose"": 25.95, ""gesture"": 22.03}}, ""a8"": {""services"": [""pose"", ""gesture""], ""fps"": {""pose"": 30, ""gesture"": 25}, ""eff_fps"": {""pose"": 30, ""gesture"": 25}, ""latency_ms"": {""pose"": 0, ""gesture"": 0}, ""svclat_ms"": {""pose"": 25.33, ""gesture"": 22.08}}, ""a9"": {""services"": [""pose"", ""gesture""], ""fps"": {""pose"": 30, ""gesture"": 25}, ""eff_fps"": {""pose"": 30, ""gesture"": 25}, ""latency_ms"": {""pose"": 0, ""gesture"": 0}, ""svclat_ms"": {""pose"": 26.13, ""gesture"": 17.74}}, ""a10"": {""services"": [""pose"", ""gesture""], ""fps"": {""pose"": 30, ""gesture"": 30}, ""eff_fps"": {""pose"": 30, ""gesture"": 30}, ""latency_ms"": {""pose"": 0, ""gesture"": 0}, ""svclat_ms"": {""pose"": 24.99, ""gesture"": 25.5}}, ""a11"": {""services"": [""pose"", ""gesture""], ""fps"": {""pose"": 30, ""gesture"": 30}, ""eff_fps"": {""pose"": 30, ""gesture"": 30}, ""latency_ms"": {""pose"": 0, ""gesture"": 0}, ""svclat_ms"": {""pose"": 23.9, ""gesture"": 30.88}}, ""a12"": {""services"": [""pose"", ""gesture""], ""fps"": {""pose"": 29, ""gesture"": 30}, ""eff_fps"": {""pose"": 29, ""gesture"": 30}, ""latency_ms"": {""pose"": 0, ""gesture"": 0}, ""svclat_ms"": {""pose"": 29.75, ""gesture"": 20.57}}, ""z1"": {""services"": [""gesture"", ""object""], ""fps"": {""gesture"": 30, ""object"": 23}, ""eff_fps"": {""gesture"": 30, ""object"": 23}, ""latency_ms"": {""gesture"": 0, ""object"": 0}, ""svclat_ms"": {""gesture"": 22.07, ""object"": 30.67}}, ""z2"": {""services"": [""gesture"", ""object""], ""fps"": {""gesture"": 25, ""object"": 29}, ""eff_fps"": {""gesture"": 25, ""object"": 29}, ""latency_ms"": {""gesture"": 0, ""object"": 0}, ""svclat_ms"": {""gesture"": 25.61, ""object"": 30.29}}, ""z3"": {""services"": [""gesture"", ""object""], ""fps"": {""gesture"": 25, ""object"": 29}, ""eff_fps"": {""gesture"": 25, ""object"": 29}, ""latency_ms"": {""gesture"": 0, ""object"": 0}, ""svclat_ms"": {""gesture"": 23.38, ""object"": 27.03}}, ""z4"": {""services"": [""gesture"", ""object""], ""fps"": {""gesture"": 26, ""object"": 29}, ""eff_fps"": {""gesture"": 26, ""object"": 29}, ""latency_ms"": {""gesture"": 0, ""object"": 0}, ""svclat_ms"": {""gesture"": 23.47, ""object"": 27.18}}, ""z5"": {""services"": [""gesture"", ""object""], ""fps"": {""gesture"": 30, ""object"": 22}, ""eff_fps"": {""gesture"": 30, ""object"": 22}, ""latency_ms"": {""gesture"": 0, ""object"": 0}, ""svclat_ms"": {""gesture"": 31.16, ""object"": 27.06}}, ""z6"": {""services"": [""gesture"", ""object""], ""fps"": {""gesture"": 30, ""object"": 29}, ""eff_fps"": {""gesture"": 30, ""object"": 29}, ""latency_ms"": {""gesture"": 0, ""object"": 0}, ""svclat_ms"": {""gesture"": 19.75, ""object"": 30.75}}, ""z7"": {""services"": [""gesture"", ""object""], ""fps"": {""gesture"": 25, ""object"": 29}, ""eff_fps"": {""gesture"": 25, ""object"": 29}, ""latency_ms"": {""gesture"": 0, ""object"": 0}, ""svclat_ms"": {""gesture"": 23.18, ""object"": 26.04}}, ""z8"": {""services"": [""gesture"", ""object""], ""fps"": {""gesture"": 24, ""object"": 29}, ""eff_fps"": {""gesture"": 24, ""object"": 29}, ""latency_ms"": {""gesture"": 0, ""object"": 0}, ""svclat_ms"": {""gesture"": 21.44, ""object"": 26.27}}, ""z9"": {""services"": [""gesture"", ""object""], ""fps"": {""gesture"": 25, ""object"": 23}, ""eff_fps"": {""gesture"": 25, ""object"": 23}, ""latency_ms"": {""gesture"": 0, ""object"": 0}, ""svclat_ms"": {""gesture"": 26.62, ""object"": 28.2}}, ""z10"": {""services"": [""gesture"", ""object""], ""fps"": {""gesture"": 0, ""object"": 0}, ""eff_fps"": {""gesture"": 0, ""object"": 0}, ""latency_ms"": {""gesture"": 0, ""object"": 0}, ""svclat_ms"": {""gesture"": 0.0, ""object"": 0.0}}}"
109.5,21,21,1.0,0,0,13,17,17,1.0,1275.0,1171.0,0.918,0.0,0.81,0.0,29.83,25.68,24.0,29.83,25.68,24.0,0,0,0,26.2,23.27,28.3,1163,"{""ip-172-31-0-204"": ""healthy"", ""ip-172-31-1-171"": ""healthy"", ""ip-172-31-10-12"": ""healthy"", ""ip-172-31-11-132"": ""healthy"", ""ip-172-31-13-134"": ""healthy"", ""ip-172-31-14-68"": ""healthy"", ""ip-172-31-40-239"": ""healthy""}",subscribe,162.2,0.9294,0,0,"{""ip-172-31-0-204"": {""gesture"": 1, ""pose"": 1, ""object"": 1}, ""ip-172-31-10-12"": {""object"": 1, ""pose"": 1, ""gesture"": 1}, ""ip-172-31-11-132"": {""object"": 1, ""pose"": 1}, ""ip-172-31-40-239"": {""gesture"": 1, ""pose"": 1}, ""ip-172-31-1-171"": {""pose"": 1, ""gesture"": 1, ""object"": 1}, ""ip-172-31-13-134"": {""pose"": 1, ""gesture"": 1}, ""ip-172-31-14-68"": {""pose"": 1, ""gesture"": 1}}","{""a1"": {""services"": [""pose"", ""gesture""], ""fps"": {""pose"": 30, ""gesture"": 25}, ""eff_fps"": {""pose"": 30, ""gesture"": 25}, ""latency_ms"": {""pose"": 0, ""gesture"": 0}, ""svclat_ms"": {""pose"": 24.31, ""gesture"": 21.24}}, ""a2"": {""services"": [""pose"", ""gesture""], ""fps"": {""pose"": 30, ""gesture"": 25}, ""eff_fps"": {""pose"": 30, ""gesture"": 25}, ""latency_ms"": {""pose"": 0, ""gesture"": 0}, ""svclat_ms"": {""pose"": 25.69, ""gesture"": 20.74}}, ""a3"": {""services"": [""pose"", ""gesture""], ""fps"": {""pose"": 30, ""gesture"": 25}, ""eff_fps"": {""pose"": 30, ""gesture"": 25}, ""latency_ms"": {""pose"": 0, ""gesture"": 0}, ""svclat_ms"": {""pose"": 23.71, ""gesture"": 20.58}}, ""a4"": {""services"": [""pose"", ""gesture""], ""fps"": {""pose"": 30, ""gesture"": 22}, ""eff_fps"": {""pose"": 30, ""gesture"": 22}, ""latency_ms"": {""pose"": 0, ""gesture"": 0}, ""svclat_ms"": {""pose"": 25.97, ""gesture"": 21.35}}, ""a5"": {""services"": [""pose"", ""gesture""], ""fps"": {""pose"": 29, ""gesture"": 30}, ""eff_fps"": {""pose"": 29, ""gesture"": 30}, ""latency_ms"": {""pose"": 0, ""gesture"": 0}, ""svclat_ms"": {""pose"": 30.16, ""gesture"": 19.43}}, ""a6"": {""services"": [""pose"", ""gesture""], ""fps"": {""pose"": 30, ""gesture"": 30}, ""eff_fps"": {""pose"": 30, ""gesture"": 30}, ""latency_ms"": {""pose"": 0, ""gesture"": 0}, ""svclat_ms"": {""pose"": 26.71, ""gesture"": 20.09}}, ""a7"": {""services"": [""pose"", ""gesture""], ""fps"": {""pose"": 30, ""gesture"": 25}, ""eff_fps"": {""pose"": 30, ""gesture"": 25}, ""latency_ms"": {""pose"": 0, ""gesture"": 0}, ""svclat_ms"": {""pose"": 25.83, ""gesture"": 23.64}}, ""a8"": {""services"": [""pose"", ""gesture""], ""fps"": {""pose"": 30, ""gesture"": 25}, ""eff_fps"": {""pose"": 30, ""gesture"": 25}, ""latency_ms"": {""pose"": 0, ""gesture"": 0}, ""svclat_ms"": {""pose"": 24.86, ""gesture"": 20.7}}, ""a9"": {""services"": [""pose"", ""gesture""], ""fps"": {""pose"": 30, ""gesture"": 25}, ""eff_fps"": {""pose"": 30, ""gesture"": 25}, ""latency_ms"": {""pose"": 0, ""gesture"": 0}, ""svclat_ms"": {""pose"": 27.16, ""gesture"": 19.36}}, ""a10"": {""services"": [""pose"", ""gesture""], ""fps"": {""pose"": 30, ""gesture"": 30}, ""eff_fps"": {""pose"": 30, ""gesture"": 30}, ""latency_ms"": {""pose"": 0, ""gesture"": 0}, ""svclat_ms"": {""pose"": 25.41, ""gesture"": 25.94}}, ""a11"": {""services"": [""pose"", ""gesture""], ""fps"": {""pose"": 30, ""gesture"": 22}, ""eff_fps"": {""pose"": 30, ""gesture"": 22}, ""latency_ms"": {""pose"": 0, ""gesture"": 0}, ""svclat_ms"": {""pose"": 23.35, ""gesture"": 31.7}}, ""a12"": {""services"": [""pose"", ""gesture""], ""fps"": {""pose"": 29, ""gesture"": 30}, ""eff_fps"": {""pose"": 29, ""gesture"": 30}, ""latency_ms"": {""pose"": 0, ""gesture"": 0}, ""svclat_ms"": {""pose"": 31.27, ""gesture"": 21.31}}, ""z1"": {""services"": [""gesture"", ""object""], ""fps"": {""gesture"": 30, ""object"": 23}, ""eff_fps"": {""gesture"": 30, ""object"": 23}, ""latency_ms"": {""gesture"": 0, ""object"": 0}, ""svclat_ms"": {""gesture"": 21.36, ""object"": 29.02}}, ""z2"": {""services"": [""gesture"", ""object""], ""fps"": {""gesture"": 25, ""object"": 19}, ""eff_fps"": {""gesture"": 25, ""object"": 19}, ""latency_ms"": {""gesture"": 0, ""object"": 0}, ""svclat_ms"": {""gesture"": 27.33, ""object"": 29.15}}, ""z3"": {""services"": [""gesture"", ""object""], ""fps"": {""gesture"": 25, ""object"": 29}, ""eff_fps"": {""gesture"": 25, ""object"": 29}, ""latency_ms"": {""gesture"": 0, ""object"": 0}, ""svclat_ms"": {""gesture"": 21.16, ""object"": 27.3}}, ""z4"": {""services"": [""gesture"", ""object""], ""fps"": {""gesture"": 25, ""object"": 28}, ""eff_fps"": {""gesture"": 25, ""object"": 28}, ""latency_ms"": {""gesture"": 0, ""object"": 0}, ""svclat_ms"": {""gesture"": 25.39, ""object"": 28.53}}, ""z5"": {""services"": [""gesture"", ""object""], ""fps"": {""gesture"": 21, ""object"": 23}, ""eff_fps"": {""gesture"": 21, ""object"": 23}, ""latency_ms"": {""gesture"": 0, ""object"": 0}, ""svclat_ms"": {""gesture"": 30.91, ""object"": 25.75}}, ""z6"": {""services"": [""gesture"", ""object""], ""fps"": {""gesture"": 30, ""object"": 19}, ""eff_fps"": {""gesture"": 30, ""object"": 19}, ""latency_ms"": {""gesture"": 0, ""object"": 0}, ""svclat_ms"": {""gesture"": 19.59, ""object"": 28.48}}, ""z7"": {""services"": [""gesture"", ""object""], ""fps"": {""gesture"": 25, ""object"": 29}, ""eff_fps"": {""gesture"": 25, ""object"": 29}, ""latency_ms"": {""gesture"": 0, ""object"": 0}, ""svclat_ms"": {""gesture"": 24.93, ""object"": 26.74}}, ""z8"": {""services"": [""gesture"", ""object""], ""fps"": {""gesture"": 24, ""object"": 29}, ""eff_fps"": {""gesture"": 24, ""object"": 29}, ""latency_ms"": {""gesture"": 0, ""object"": 0}, ""svclat_ms"": {""gesture"": 20.02, ""object"": 27.85}}, ""z9"": {""services"": [""gesture"", ""object""], ""fps"": {""gesture"": 25, ""object"": 23}, ""eff_fps"": {""gesture"": 25, ""object"": 23}, ""latency_ms"": {""gesture"": 0, ""object"": 0}, ""svclat_ms"": {""gesture"": 27.47, ""object"": 25.98}}, ""z10"": {""services"": [""gesture"", ""object""], ""fps"": {""gesture"": 21, ""object"": 18}, ""eff_fps"": {""gesture"": 21, ""object"": 18}, ""latency_ms"": {""gesture"": 0, ""object"": 0}, ""svclat_ms"": {""gesture"": 27.6, ""object"": 34.25}}}"
111.8,22,22,1.0,0,0,13,17,17,1.0,1275.0,1168.0,0.916,0.0,0.77,0.0,29.92,25.91,24.3,29.92,25.91,24.3,0,0,0,26.16,22.41,28.64,1172,"{""ip-172-31-0-204"": ""healthy"", ""ip-172-31-1-171"": ""healthy"", ""ip-172-31-10-12"": ""healthy"", ""ip-172-31-11-132"": ""healthy"", ""ip-172-31-13-134"": ""healthy"", ""ip-172-31-14-68"": ""healthy"", ""ip-172-31-40-239"": ""healthy""}",subscribe,218.9,0.8848,0,0,"{""ip-172-31-0-204"": {""gesture"": 1, ""pose"": 1, ""object"": 1}, ""ip-172-31-10-12"": {""object"": 1, ""pose"": 1, ""gesture"": 1}, ""ip-172-31-11-132"": {""object"": 1, ""pose"": 1}, ""ip-172-31-40-239"": {""gesture"": 1, ""pose"": 1}, ""ip-172-31-1-171"": {""pose"": 1, ""gesture"": 1, ""object"": 1}, ""ip-172-31-13-134"": {""pose"": 1, ""gesture"": 1}, ""ip-172-31-14-68"": {""pose"": 1, ""gesture"": 1}}","{""a1"": {""services"": [""pose"", ""gesture""], ""fps"": {""pose"": 30, ""gesture"": 25}, ""eff_fps"": {""pose"": 30, ""gesture"": 25}, ""latency_ms"": {""pose"": 0, ""gesture"": 0}, ""svclat_ms"": {""pose"": 25.37, ""gesture"": 19.58}}, ""a2"": {""services"": [""pose"", ""gesture""], ""fps"": {""pose"": 30, ""gesture"": 25}, ""eff_fps"": {""pose"": 30, ""gesture"": 25}, ""latency_ms"": {""pose"": 0, ""gesture"": 0}, ""svclat_ms"": {""pose"": 25.5, ""gesture"": 18.67}}, ""a3"": {""services"": [""pose"", ""gesture""], ""fps"": {""pose"": 30, ""gesture"": 25}, ""eff_fps"": {""pose"": 30, ""gesture"": 25}, ""latency_ms"": {""pose"": 0, ""gesture"": 0}, ""svclat_ms"": {""pose"": 22.56, ""gesture"": 16.73}}, ""a4"": {""services"": [""pose"", ""gesture""], ""fps"": {""pose"": 30, ""gesture"": 22}, ""eff_fps"": {""pose"": 30, ""gesture"": 22}, ""latency_ms"": {""pose"": 0, ""gesture"": 0}, ""svclat_ms"": {""pose"": 24.32, ""gesture"": 24.63}}, ""a5"": {""services"": [""pose"", ""gesture""], ""fps"": {""pose"": 29, ""gesture"": 30}, ""eff_fps"": {""pose"": 29, ""gesture"": 30}, ""latency_ms"": {""pose"": 0, ""gesture"": 0}, ""svclat_ms"": {""pose"": 30.92, ""gesture"": 17.64}}, ""a6"": {""services"": [""pose"", ""gesture""], ""fps"": {""pose"": 30, ""gesture"": 30}, ""eff_fps"": {""pose"": 30, ""gesture"": 30}, ""latency_ms"": {""pose"": 0, ""gesture"": 0}, ""svclat_ms"": {""pose"": 26.74, ""gesture"": 19.64}}, ""a7"": {""services"": [""pose"", ""gesture""], ""fps"": {""pose"": 31, ""gesture"": 25}, ""eff_fps"": {""pose"": 31, ""gesture"": 25}, ""latency_ms"": {""pose"": 0, ""gesture"": 0}, ""svclat_ms"": {""pose"": 26.17, ""gesture"": 21.76}}, ""a8"": {""services"": [""pose"", ""gesture""], ""fps"": {""pose"": 30, ""gesture"": 25}, ""eff_fps"": {""pose"": 30, ""gesture"": 25}, ""latency_ms"": {""pose"": 0, ""gesture"": 0}, ""svclat_ms"": {""pose"": 25.51, ""gesture"": 20.89}}, ""a9"": {""services"": [""pose"", ""gesture""], ""fps"": {""pose"": 30, ""gesture"": 25}, ""eff_fps"": {""pose"": 30, ""gesture"": 25}, ""latency_ms"": {""pose"": 0, ""gesture"": 0}, ""svclat_ms"": {""pose"": 26.71, ""gesture"": 16.33}}, ""a10"": {""services"": [""pose"", ""gesture""], ""fps"": {""pose"": 30, ""gesture"": 30}, ""eff_fps"": {""pose"": 30, ""gesture"": 30}, ""latency_ms"": {""pose"": 0, ""gesture"": 0}, ""svclat_ms"": {""pose"": 24.16, ""gesture"": 25.12}}, ""a11"": {""services"": [""pose"", ""gesture""], ""fps"": {""pose"": 30, ""gesture"": 23}, ""eff_fps"": {""pose"": 30, ""gesture"": 23}, ""latency_ms"": {""pose"": 0, ""gesture"": 0}, ""svclat_ms"": {""pose"": 23.35, ""gesture"": 34.36}}, ""a12"": {""services"": [""pose"", ""gesture""], ""fps"": {""pose"": 29, ""gesture"": 30}, ""eff_fps"": {""pose"": 29, ""gesture"": 30}, ""latency_ms"": {""pose"": 0, ""gesture"": 0}, ""svclat_ms"": {""pose"": 32.61, ""gesture"": 20.36}}, ""z1"": {""services"": [""gesture"", ""object""], ""fps"": {""gesture"": 30, ""object"": 23}, ""eff_fps"": {""gesture"": 30, ""object"": 23}, ""latency_ms"": {""gesture"": 0, ""object"": 0}, ""svclat_ms"": {""gesture"": 20.45, ""object"": 30.25}}, ""z2"": {""services"": [""gesture"", ""object""], ""fps"": {""gesture"": 26, ""object"": 20}, ""eff_fps"": {""gesture"": 26, ""object"": 20}, ""latency_ms"": {""gesture"": 0, ""object"": 0}, ""svclat_ms"": {""gesture"": 25.62, ""object"": 30.65}}, ""z3"": {""services"": [""gesture"", ""object""], ""fps"": {""gesture"": 25, ""object"": 29}, ""eff_fps"": {""gesture"": 25, ""object"": 29}, ""latency_ms"": {""gesture"": 0, ""object"": 0}, ""svclat_ms"": {""gesture"": 21.52, ""object"": 26.04}}, ""z4"": {""services"": [""gesture"", ""object""], ""fps"": {""gesture"": 25, ""object"": 29}, ""eff_fps"": {""gesture"": 25, ""object"": 29}, ""latency_ms"": {""gesture"": 0, ""object"": 0}, ""svclat_ms"": {""gesture"": 22.39, ""object"": 26.81}}, ""z5"": {""services"": [""gesture"", ""object""], ""fps"": {""gesture"": 22, ""object"": 23}, ""eff_fps"": {""gesture"": 22, ""object"": 23}, ""latency_ms"": {""gesture"": 0, ""object"": 0}, ""svclat_ms"": {""gesture"": 33.56, ""object"": 28.39}}, ""z6"": {""services"": [""gesture"", ""object""], ""fps"": {""gesture"": 30, ""object"": 19}, ""eff_fps"": {""gesture"": 30, ""object"": 19}, ""latency_ms"": {""gesture"": 0, ""object"": 0}, ""svclat_ms"": {""gesture"": 19.37, ""object"": 29.19}}, ""z7"": {""services"": [""gesture"", ""object""], ""fps"": {""gesture"": 25, ""object"": 29}, ""eff_fps"": {""gesture"": 25, ""object"": 29}, ""latency_ms"": {""gesture"": 0, ""object"": 0}, ""svclat_ms"": {""gesture"": 22.83, ""object"": 26.36}}, ""z8"": {""services"": [""gesture"", ""object""], ""fps"": {""gesture"": 25, ""object"": 29}, ""eff_fps"": {""gesture"": 25, ""object"": 29}, ""latency_ms"": {""gesture"": 0, ""object"": 0}, ""svclat_ms"": {""gesture"": 19.68, ""object"": 26.46}}, ""z9"": {""services"": [""gesture"", ""object""], ""fps"": {""gesture"": 25, ""object"": 23}, ""eff_fps"": {""gesture"": 25, ""object"": 23}, ""latency_ms"": {""gesture"": 0, ""object"": 0}, ""svclat_ms"": {""gesture"": 23.77, ""object"": 27.24}}, ""z10"": {""services"": [""gesture"", ""object""], ""fps"": {""gesture"": 22, ""object"": 19}, ""eff_fps"": {""gesture"": 22, ""object"": 19}, ""latency_ms"": {""gesture"": 0, ""object"": 0}, ""svclat_ms"": {""gesture"": 28.23, ""object"": 34.99}}, ""z11"": {""services"": [""gesture"", ""object""], ""fps"": {""gesture"": 0, ""object"": 0}, ""eff_fps"": {""gesture"": 0, ""object"": 0}, ""latency_ms"": {""gesture"": 0, ""object"": 0}, ""svclat_ms"": {""gesture"": 0.0, ""object"": 0.0}}}"
114.2,23,22,0.957,0,0,13,17,17,1.0,1275.0,1168.0,0.916,0.0,0.77,0.0,29.83,24.17,22.09,29.83,24.17,22.09,0,0,0,26.98,27.0,29.56,1157,"{""ip-172-31-0-204"": ""healthy"", ""ip-172-31-1-171"": ""healthy"", ""ip-172-31-10-12"": ""healthy"", ""ip-172-31-11-132"": ""healthy"", ""ip-172-31-13-134"": ""healthy"", ""ip-172-31-14-68"": ""healthy"", ""ip-172-31-40-239"": ""healthy""}",subscribe,218.9,0.8848,0,0,"{""ip-172-31-0-204"": {""gesture"": 1, ""pose"": 1, ""object"": 1}, ""ip-172-31-10-12"": {""object"": 1, ""pose"": 1, ""gesture"": 1}, ""ip-172-31-11-132"": {""object"": 1, ""pose"": 1}, ""ip-172-31-40-239"": {""gesture"": 1, ""pose"": 1}, ""ip-172-31-1-171"": {""pose"": 1, ""gesture"": 1, ""object"": 1}, ""ip-172-31-13-134"": {""pose"": 1, ""gesture"": 1}, ""ip-172-31-14-68"": {""pose"": 1, ""gesture"": 1}}","{""a1"": {""services"": [""pose"", ""gesture""], ""fps"": {""pose"": 30, ""gesture"": 24}, ""eff_fps"": {""pose"": 30, ""gesture"": 24}, ""latency_ms"": {""pose"": 0, ""gesture"": 0}, ""svclat_ms"": {""pose"": 26.94, ""gesture"": 35.35}}, ""a2"": {""services"": [""pose"", ""gesture""], ""fps"": {""pose"": 30, ""gesture"": 24}, ""eff_fps"": {""pose"": 30, ""gesture"": 24}, ""latency_ms"": {""pose"": 0, ""gesture"": 0}, ""svclat_ms"": {""pose"": 28.2, ""gesture"": 38.51}}, ""a3"": {""services"": [""pose"", ""gesture""], ""fps"": {""pose"": 30, ""gesture"": 25}, ""eff_fps"": {""pose"": 30, ""gesture"": 25}, ""latency_ms"": {""pose"": 0, ""gesture"": 0}, ""svclat_ms"": {""pose"": 23.99, ""gesture"": 19.76}}, ""a4"": {""services"": [""pose"", ""gesture""], ""fps"": {""pose"": 30, ""gesture"": 23}, ""eff_fps"": {""pose"": 30, ""gesture"": 23}, ""latency_ms"": {""pose"": 0, ""gesture"": 0}, ""svclat_ms"": {""pose"": 26.2, ""gesture"": 24.55}}, ""a5"": {""services"": [""pose"", ""gesture""], ""fps"": {""pose"": 29, ""gesture"": 23}, ""eff_fps"": {""pose"": 29, ""gesture"": 23}, ""latency_ms"": {""pose"": 0, ""gesture"": 0}, ""svclat_ms"": {""pose"": 30.66, ""gesture"": 18.58}}, ""a6"": {""services"": [""pose"", ""gesture""], ""fps"": {""pose"": 30, ""gesture"": 30}, ""eff_fps"": {""pose"": 30, ""gesture"": 30}, ""latency_ms"": {""pose"": 0, ""gesture"": 0}, ""svclat_ms"": {""pose"": 25.35, ""gesture"": 19.96}}, ""a7"": {""services"": [""pose"", ""gesture""], ""fps"": {""pose"": 30, ""gesture"": 23}, ""eff_fps"": {""pose"": 30, ""gesture"": 23}, ""latency_ms"": {""pose"": 0, ""gesture"": 0}, ""svclat_ms"": {""pose"": 26.14, ""gesture"": 33.02}}, ""a8"": {""services"": [""pose"", ""gesture""], ""fps"": {""pose"": 30, ""gesture"": 23}, ""eff_fps"": {""pose"": 30, ""gesture"": 23}, ""latency_ms"": {""pose"": 0, ""gesture"": 0}, ""svclat_ms"": {""pose"": 26.88, ""gesture"": 37.57}}, ""a9"": {""services"": [""pose"", ""gesture""], ""fps"": {""pose"": 30, ""gesture"": 25}, ""eff_fps"": {""pose"": 30, ""gesture"": 25}, ""latency_ms"": {""pose"": 0, ""gesture"": 0}, ""svclat_ms"": {""pose"": 28.11, ""gesture"": 19.15}}, ""a10"": {""services"": [""pose"", ""gesture""], ""fps"": {""pose"": 30, ""gesture"": 22}, ""eff_fps"": {""pose"": 30, ""gesture"": 22}, ""latency_ms"": {""pose"": 0, ""gesture"": 0}, ""svclat_ms"": {""pose"": 24.57, ""gesture"": 26.06}}, ""a11"": {""services"": [""pose"", ""gesture""], ""fps"": {""pose"": 30, ""gesture"": 21}, ""eff_fps"": {""pose"": 30, ""gesture"": 21}, ""latency_ms"": {""pose"": 0, ""gesture"": 0}, ""svclat_ms"": {""pose"": 25.4, ""gesture"": 21.68}}, ""a12"": {""services"": [""pose"", ""gesture""], ""fps"": {""pose"": 29, ""gesture"": 22}, ""eff_fps"": {""pose"": 29, ""gesture"": 22}, ""latency_ms"": {""pose"": 0, ""gesture"": 0}, ""svclat_ms"": {""pose"": 31.36, ""gesture"": 20.27}}, ""z1"": {""services"": [""gesture"", ""object""], ""fps"": {""gesture"": 30, ""object"": 23}, ""eff_fps"": {""gesture"": 30, ""object"": 23}, ""latency_ms"": {""gesture"": 0, ""object"": 0}, ""svclat_ms"": {""gesture"": 20.84, ""object"": 32.27}}, ""z2"": {""services"": [""gesture"", ""object""], ""fps"": {""gesture"": 23, ""object"": 19}, ""eff_fps"": {""gesture"": 23, ""object"": 19}, ""latency_ms"": {""gesture"": 0, ""object"": 0}, ""svclat_ms"": {""gesture"": 35.19, ""object"": 30.32}}, ""z3"": {""services"": [""gesture"", ""object""], ""fps"": {""gesture"": 24, ""object"": 19}, ""eff_fps"": {""gesture"": 24, ""object"": 19}, ""latency_ms"": {""gesture"": 0, ""object"": 0}, ""svclat_ms"": {""gesture"": 37.92, ""object"": 34.22}}, ""z4"": {""services"": [""gesture"", ""object""], ""fps"": {""gesture"": 25, ""object"": 30}, ""eff_fps"": {""gesture"": 25, ""object"": 30}, ""latency_ms"": {""gesture"": 0, ""object"": 0}, ""svclat_ms"": {""gesture"": 25.15, ""object"": 26.05}}, ""z5"": {""services"": [""gesture"", ""object""], ""fps"": {""gesture"": 22, ""object"": 23}, ""eff_fps"": {""gesture"": 22, ""object"": 23}, ""latency_ms"": {""gesture"": 0, ""object"": 0}, ""svclat_ms"": {""gesture"": 27.81, ""object"": 33.01}}, ""z6"": {""services"": [""gesture"", ""object""], ""fps"": {""gesture"": 30, ""object"": 19}, ""eff_fps"": {""gesture"": 30, ""object"": 19}, ""latency_ms"": {""gesture"": 0, ""object"": 0}, ""svclat_ms"": {""gesture"": 19.33, ""object"": 29.11}}, ""z7"": {""services"": [""gesture"", ""object""], ""fps"": {""gesture"": 24, ""object"": 19}, ""eff_fps"": {""gesture"": 24, ""object"": 19}, ""latency_ms"": {""gesture"": 0, ""object"": 0}, ""svclat_ms"": {""gesture"": 33.25, ""object"": 24.94}}, ""z8"": {""services"": [""gesture"", ""object""], ""fps"": {""gesture"": 24, ""object"": 29}, ""eff_fps"": {""gesture"": 24, ""object"": 29}, ""latency_ms"": {""gesture"": 0, ""object"": 0}, ""svclat_ms"": {""gesture"": 36.89, ""object"": 25.2}}, ""z9"": {""services"": [""gesture"", ""object""], ""fps"": {""gesture"": 25, ""object"": 23}, ""eff_fps"": {""gesture"": 25, ""object"": 23}, ""latency_ms"": {""gesture"": 0, ""object"": 0}, ""svclat_ms"": {""gesture"": 26.85, ""object"": 29.34}}, ""z10"": {""services"": [""gesture"", ""object""], ""fps"": {""gesture"": 22, ""object"": 19}, ""eff_fps"": {""gesture"": 22, ""object"": 19}, ""latency_ms"": {""gesture"": 0, ""object"": 0}, ""svclat_ms"": {""gesture"": 24.76, ""object"": 34.72}}, ""z11"": {""services"": [""gesture"", ""object""], ""fps"": {""gesture"": 22, ""object"": 20}, ""eff_fps"": {""gesture"": 22, ""object"": 20}, ""latency_ms"": {""gesture"": 0, ""object"": 0}, ""svclat_ms"": {""gesture"": 18.66, ""object"": 26.02}}}"
116.7,23,22,0.957,0,0,13,17,17,1.0,1275.0,1168.0,0.916,0.0,0.77,0.0,29.83,24.48,21.91,29.83,24.48,21.91,0,0,0,26.25,27.85,31.3,1162,"{""ip-172-31-0-204"": ""healthy"", ""ip-172-31-1-171"": ""healthy"", ""ip-172-31-10-12"": ""healthy"", ""ip-172-31-11-132"": ""healthy"", ""ip-172-31-13-134"": ""healthy"", ""ip-172-31-14-68"": ""healthy"", ""ip-172-31-40-239"": ""healthy""}",subscribe,218.9,0.8848,0,0,"{""ip-172-31-0-204"": {""gesture"": 1, ""pose"": 1, ""object"": 1}, ""ip-172-31-10-12"": {""object"": 1, ""pose"": 1, ""gesture"": 1}, ""ip-172-31-11-132"": {""object"": 1, ""pose"": 1}, ""ip-172-31-40-239"": {""gesture"": 1, ""pose"": 1}, ""ip-172-31-1-171"": {""pose"": 1, ""gesture"": 1, ""object"": 1}, ""ip-172-31-13-134"": {""pose"": 1, ""gesture"": 1}, ""ip-172-31-14-68"": {""pose"": 1, ""gesture"": 1}}","{""a1"": {""services"": [""pose"", ""gesture""], ""fps"": {""pose"": 30, ""gesture"": 24}, ""eff_fps"": {""pose"": 30, ""gesture"": 24}, ""latency_ms"": {""pose"": 0, ""gesture"": 0}, ""svclat_ms"": {""pose"": 27.74, ""gesture"": 39.76}}, ""a2"": {""services"": [""pose"", ""gesture""], ""fps"": {""pose"": 30, ""gesture"": 25}, ""eff_fps"": {""pose"": 30, ""gesture"": 25}, ""latency_ms"": {""pose"": 0, ""gesture"": 0}, ""svclat_ms"": {""pose"": 27.68, ""gesture"": 37.17}}, ""a3"": {""services"": [""pose"", ""gesture""], ""fps"": {""pose"": 30, ""gesture"": 25}, ""eff_fps"": {""pose"": 30, ""gesture"": 25}, ""latency_ms"": {""pose"": 0, ""gesture"": 0}, ""svclat_ms"": {""pose"": 23.09, ""gesture"": 17.49}}, ""a4"": {""services"": [""pose"", ""gesture""], ""fps"": {""pose"": 30, ""gesture"": 22}, ""eff_fps"": {""pose"": 30, ""gesture"": 22}, ""latency_ms"": {""pose"": 0, ""gesture"": 0}, ""svclat_ms"": {""pose"": 25.26, ""gesture"": 22.56}}, ""a5"": {""services"": [""pose"", ""gesture""], ""fps"": {""pose"": 29, ""gesture"": 22}, ""eff_fps"": {""pose"": 29, ""gesture"": 22}, ""latency_ms"": {""pose"": 0, ""gesture"": 0}, ""svclat_ms"": {""pose"": 30.12, ""gesture"": 18.21}}, ""a6"": {""services"": [""pose"", ""gesture""], ""fps"": {""pose"": 30, ""gesture"": 30}, ""eff_fps"": {""pose"": 30, ""gesture"": 30}, ""latency_ms"": {""pose"": 0, ""gesture"": 0}, ""svclat_ms"": {""pose"": 26.27, ""gesture"": 20.47}}, ""a7"": {""services"": [""pose"", ""gesture""], ""fps"": {""pose"": 30, ""gesture"": 24}, ""eff_fps"": {""pose"": 30, ""gesture"": 24}, ""latency_ms"": {""pose"": 0, ""gesture"": 0}, ""svclat_ms"": {""pose"": 25.39, ""gesture"": 40.33}}, ""a8"": {""services"": [""pose"", ""gesture""], ""fps"": {""pose"": 30, ""gesture"": 25}, ""eff_fps"": {""pose"": 30, ""gesture"": 25}, ""latency_ms"": {""pose"": 0, ""gesture"": 0}, ""svclat_ms"": {""pose"": 27.22, ""gesture"": 38.73}}, ""a9"": {""services"": [""pose"", ""gesture""], ""fps"": {""pose"": 30, ""gesture"": 25}, ""eff_fps"": {""pose"": 30, ""gesture"": 25}, ""latency_ms"": {""pose"": 0, ""gesture"": 0}, ""svclat_ms"": {""pose"": 26.05, ""gesture"": 16.87}}, ""a10"": {""services"": [""pose"", ""gesture""], ""fps"": {""pose"": 30, ""gesture"": 22}, ""eff_fps"": {""pose"": 30, ""gesture"": 22}, ""latency_ms"": {""pose"": 0, ""gesture"": 0}, ""svclat_ms"": {""pose"": 23.99, ""gesture"": 26.07}}, ""a11"": {""services"": [""pose"", ""gesture""], ""fps"": {""pose"": 30, ""gesture"": 22}, ""eff_fps"": {""pose"": 30, ""gesture"": 22}, ""latency_ms"": {""pose"": 0, ""gesture"": 0}, ""svclat_ms"": {""pose"": 22.65, ""gesture"": 22.78}}, ""a12"": {""services"": [""pose"", ""gesture""], ""fps"": {""pose"": 29, ""gesture"": 22}, ""eff_fps"": {""pose"": 29, ""gesture"": 22}, ""latency_ms"": {""pose"": 0, ""gesture"": 0}, ""svclat_ms"": {""pose"": 29.57, ""gesture"": 20.55}}, ""z1"": {""services"": [""gesture"", ""object""], ""fps"": {""gesture"": 30, ""object"": 22}, ""eff_fps"": {""gesture"": 30, ""object"": 22}, ""latency_ms"": {""gesture"": 0, ""object"": 0}, ""svclat_ms"": {""gesture"": 21.57, ""object"": 37.79}}, ""z2"": {""services"": [""gesture"", ""object""], ""fps"": {""gesture"": 24, ""object"": 19}, ""eff_fps"": {""gesture"": 24, ""object"": 19}, ""latency_ms"": {""gesture"": 0, ""object"": 0}, ""svclat_ms"": {""gesture"": 39.67, ""object"": 30.55}}, ""z3"": {""services"": [""gesture"", ""object""], ""fps"": {""gesture"": 25, ""object"": 19}, ""eff_fps"": {""gesture"": 25, ""object"": 19}, ""latency_ms"": {""gesture"": 0, ""object"": 0}, ""svclat_ms"": {""gesture"": 38.11, ""object"": 34.83}}, ""z4"": {""services"": [""gesture"", ""object""], ""fps"": {""gesture"": 25, ""object"": 29}, ""eff_fps"": {""gesture"": 25, ""object"": 29}, ""latency_ms"": {""gesture"": 0, ""object"": 0}, ""svclat_ms"": {""gesture"": 23.54, ""object"": 26.44}}, ""z5"": {""services"": [""gesture"", ""object""], ""fps"": {""gesture"": 22, ""object"": 23}, ""eff_fps"": {""gesture"": 22, ""object"": 23}, ""latency_ms"": {""gesture"": 0, ""object"": 0}, ""svclat_ms"": {""gesture"": 28.98, ""object"": 33.6}}, ""z6"": {""services"": [""gesture"", ""object""], ""fps"": {""gesture"": 30, ""object"": 19}, ""eff_fps"": {""gesture"": 30, ""object"": 19}, ""latency_ms"": {""gesture"": 0, ""object"": 0}, ""svclat_ms"": {""gesture"": 20.3, ""object"": 29.75}}, ""z7"": {""services"": [""gesture"", ""object""], ""fps"": {""gesture"": 25, ""object"": 20}, ""eff_fps"": {""gesture"": 25, ""object"": 20}, ""latency_ms"": {""gesture"": 0, ""object"": 0}, ""svclat_ms"": {""gesture"": 40.2, ""object"": 24.66}}, ""z8"": {""services"": [""gesture"", ""object""], ""fps"": {""gesture"": 25, ""object"": 29}, ""eff_fps"": {""gesture"": 25, ""object"": 29}, ""latency_ms"": {""gesture"": 0, ""object"": 0}, ""svclat_ms"": {""gesture"": 38.39, ""object"": 25.87}}, ""z9"": {""services"": [""gesture"", ""object""], ""fps"": {""gesture"": 25, ""object"": 23}, ""eff_fps"": {""gesture"": 25, ""object"": 23}, ""latency_ms"": {""gesture"": 0, ""object"": 0}, ""svclat_ms"": {""gesture"": 24.75, ""object"": 37.69}}, ""z10"": {""services"": [""gesture"", ""object""], ""fps"": {""gesture"": 22, ""object"": 19}, ""eff_fps"": {""gesture"": 22, ""object"": 19}, ""latency_ms"": {""gesture"": 0, ""object"": 0}, ""svclat_ms"": {""gesture"": 25.56, ""object"": 35.66}}, ""z11"": {""services"": [""gesture"", ""object""], ""fps"": {""gesture"": 22, ""object"": 19}, ""eff_fps"": {""gesture"": 22, ""object"": 19}, ""latency_ms"": {""gesture"": 0, ""object"": 0}, ""svclat_ms"": {""gesture"": 18.4, ""object"": 27.51}}, ""z12"": {""services"": [""gesture"", ""object""], ""fps"": {""gesture"": 0, ""object"": 0}, ""eff_fps"": {""gesture"": 0, ""object"": 0}, ""latency_ms"": {""gesture"": 0, ""object"": 0}, ""svclat_ms"": {""gesture"": 0.0, ""object"": 0.0}}}"
119.1,23,22,0.957,0,0,13,17,17,1.0,1275.0,1168.0,0.916,0.0,0.77,0.0,29.67,23.91,21.27,29.67,23.74,21.18,0,0,0,26.53,30.41,32.72,1140,"{""ip-172-31-0-204"": ""healthy"", ""ip-172-31-1-171"": ""healthy"", ""ip-172-31-10-12"": ""healthy"", ""ip-172-31-11-132"": ""healthy"", ""ip-172-31-13-134"": ""healthy"", ""ip-172-31-14-68"": ""healthy"", ""ip-172-31-40-239"": ""healthy""}",subscribe,218.9,0.8848,0,0,"{""ip-172-31-0-204"": {""gesture"": 1, ""pose"": 1, ""object"": 1}, ""ip-172-31-10-12"": {""object"": 1, ""pose"": 1, ""gesture"": 1}, ""ip-172-31-11-132"": {""object"": 1, ""pose"": 1}, ""ip-172-31-40-239"": {""gesture"": 1, ""pose"": 1}, ""ip-172-31-1-171"": {""pose"": 1, ""gesture"": 1, ""object"": 1}, ""ip-172-31-13-134"": {""pose"": 1, ""gesture"": 1}, ""ip-172-31-14-68"": {""pose"": 1, ""gesture"": 1}}","{""a1"": {""services"": [""pose"", ""gesture""], ""fps"": {""pose"": 30, ""gesture"": 23}, ""eff_fps"": {""pose"": 30, ""gesture"": 22}, ""latency_ms"": {""pose"": 0, ""gesture"": 0}, ""svclat_ms"": {""pose"": 25.64, ""gesture"": 42.09}}, ""a2"": {""services"": [""pose"", ""gesture""], ""fps"": {""pose"": 29, ""gesture"": 23}, ""eff_fps"": {""pose"": 29, ""gesture"": 23}, ""latency_ms"": {""pose"": 0, ""gesture"": 0}, ""svclat_ms"": {""pose"": 27.71, ""gesture"": 42.4}}, ""a3"": {""services"": [""pose"", ""gesture""], ""fps"": {""pose"": 29, ""gesture"": 25}, ""eff_fps"": {""pose"": 29, ""gesture"": 25}, ""latency_ms"": {""pose"": 0, ""gesture"": 0}, ""svclat_ms"": {""pose"": 23.25, ""gesture"": 18.09}}, ""a4"": {""services"": [""pose"", ""gesture""], ""fps"": {""pose"": 30, ""gesture"": 22}, ""eff_fps"": {""pose"": 30, ""gesture"": 22}, ""latency_ms"": {""pose"": 0, ""gesture"": 0}, ""svclat_ms"": {""pose"": 26.2, ""gesture"": 28.12}}, ""a5"": {""services"": [""pose"", ""gesture""], ""fps"": {""pose"": 29, ""gesture"": 22}, ""eff_fps"": {""pose"": 29, ""gesture"": 22}, ""latency_ms"": {""pose"": 0, ""gesture"": 0}, ""svclat_ms"": {""pose"": 31.59, ""gesture"": 19.01}}, ""a6"": {""services"": [""pose"", ""gesture""], ""fps"": {""pose"": 30, ""gesture"": 30}, ""eff_fps"": {""pose"": 30, ""gesture"": 30}, ""latency_ms"": {""pose"": 0, ""gesture"": 0}, ""svclat_ms"": {""pose"": 25.29, ""gesture"": 20.45}}, ""a7"": {""services"": [""pose"", ""gesture""], ""fps"": {""pose"": 30, ""gesture"": 23}, ""eff_fps"": {""pose"": 30, ""gesture"": 22}, ""latency_ms"": {""pose"": 0, ""gesture"": 0}, ""svclat_ms"": {""pose"": 26.6, ""gesture"": 43.27}}, ""a8"": {""services"": [""pose"", ""gesture""], ""fps"": {""pose"": 30, ""gesture"": 23}, ""eff_fps"": {""pose"": 30, ""gesture"": 23}, ""latency_ms"": {""pose"": 0, ""gesture"": 0}, ""svclat_ms"": {""pose"": 26.08, ""gesture"": 43.24}}, ""a9"": {""services"": [""pose"", ""gesture""], ""fps"": {""pose"": 30, ""gesture"": 25}, ""eff_fps"": {""pose"": 30, ""gesture"": 25}, ""latency_ms"": {""pose"": 0, ""gesture"": 0}, ""svclat_ms"": {""pose"": 27.14, ""gesture"": 17.02}}, ""a10"": {""services"": [""pose"", ""gesture""], ""fps"": {""pose"": 30, ""gesture"": 22}, ""eff_fps"": {""pose"": 30, ""gesture"": 22}, ""latency_ms"": {""pose"": 0, ""gesture"": 0}, ""svclat_ms"": {""pose"": 24.2, ""gesture"": 25.86}}, ""a11"": {""services"": [""pose"", ""gesture""], ""fps"": {""pose"": 30, ""gesture"": 23}, ""eff_fps"": {""pose"": 30, ""gesture"": 23}, ""latency_ms"": {""pose"": 0, ""gesture"": 0}, ""svclat_ms"": {""pose"": 22.21, ""gesture"": 28.79}}, ""a12"": {""services"": [""pose"", ""gesture""], ""fps"": {""pose"": 29, ""gesture"": 22}, ""eff_fps"": {""pose"": 29, ""gesture"": 22}, ""latency_ms"": {""pose"": 0, ""gesture"": 0}, ""svclat_ms"": {""pose"": 32.45, ""gesture"": 20.45}}, ""z1"": {""services"": [""gesture"", ""object""], ""fps"": {""gesture"": 30, ""object"": 21}, ""eff_fps"": {""gesture"": 30, ""object"": 21}, ""latency_ms"": {""gesture"": 0, ""object"": 0}, ""svclat_ms"": {""gesture"": 21.81, ""object"": 39.48}}, ""z2"": {""services"": [""gesture"", ""object""], ""fps"": {""gesture"": 22, ""object"": 19}, ""eff_fps"": {""gesture"": 21, ""object"": 19}, ""latency_ms"": {""gesture"": 0, ""object"": 0}, ""svclat_ms"": {""gesture"": 45.44, ""object"": 30.08}}, ""z3"": {""services"": [""gesture"", ""object""], ""fps"": {""gesture"": 23, ""object"": 19}, ""eff_fps"": {""gesture"": 23, ""object"": 19}, ""latency_ms"": {""gesture"": 0, ""object"": 0}, ""svclat_ms"": {""gesture"": 43.39, ""object"": 33.91}}, ""z4"": {""services"": [""gesture"", ""object""], ""fps"": {""gesture"": 25, ""object"": 29}, ""eff_fps"": {""gesture"": 25, ""object"": 29}, ""latency_ms"": {""gesture"": 0, ""object"": 0}, ""svclat_ms"": {""gesture"": 22.49, ""object"": 26.77}}, ""z5"": {""services"": [""gesture"", ""object""], ""fps"": {""gesture"": 22, ""object"": 21}, ""eff_fps"": {""gesture"": 22, ""object"": 20}, ""latency_ms"": {""gesture"": 0, ""object"": 0}, ""svclat_ms"": {""gesture"": 34.17, ""object"": 47.06}}, ""z6"": {""services"": [""gesture"", ""object""], ""fps"": {""gesture"": 30, ""object"": 19}, ""eff_fps"": {""gesture"": 30, ""object"": 19}, ""latency_ms"": {""gesture"": 0, ""object"": 0}, ""svclat_ms"": {""gesture"": 20.19, ""object"": 29.32}}, ""z7"": {""services"": [""gesture"", ""object""], ""fps"": {""gesture"": 23, ""object"": 19}, ""eff_fps"": {""gesture"": 22, ""object"": 19}, ""latency_ms"": {""gesture"": 0, ""object"": 0}, ""svclat_ms"": {""gesture"": 44.31, ""object"": 26.18}}, ""z8"": {""services"": [""gesture"", ""object""], ""fps"": {""gesture"": 23, ""object"": 29}, ""eff_fps"": {""gesture"": 23, ""object"": 29}, ""latency_ms"": {""gesture"": 0, ""object"": 0}, ""svclat_ms"": {""gesture"": 42.99, ""object"": 26.85}}, ""z9"": {""services"": [""gesture"", ""object""], ""fps"": {""gesture"": 25, ""object"": 21}, ""eff_fps"": {""gesture"": 25, ""object"": 21}, ""latency_ms"": {""gesture"": 0, ""object"": 0}, ""svclat_ms"": {""gesture"": 26.05, ""object"": 37.37}}, ""z10"": {""services"": [""gesture"", ""object""], ""fps"": {""gesture"": 22, ""object"": 19}, ""eff_fps"": {""gesture"": 22, ""object"": 19}, ""latency_ms"": {""gesture"": 0, ""object"": 0}, ""svclat_ms"": {""gesture"": 31.06, ""object"": 34.95}}, ""z11"": {""services"": [""gesture"", ""object""], ""fps"": {""gesture"": 22, ""object"": 18}, ""eff_fps"": {""gesture"": 22, ""object"": 18}, ""latency_ms"": {""gesture"": 0, ""object"": 0}, ""svclat_ms"": {""gesture"": 18.71, ""object"": 27.92}}, ""z12"": {""services"": [""gesture"", ""object""], ""fps"": {""gesture"": 0, ""object"": 0}, ""eff_fps"": {""gesture"": 0, ""object"": 0}, ""latency_ms"": {""gesture"": 0, ""object"": 0}, ""svclat_ms"": {""gesture"": 0.0, ""object"": 0.0}}}"
121.5,23,22,0.957,0,0,13,17,17,1.0,1275.0,1168.0,0.916,0.0,0.77,0.0,29.92,24.43,21.91,29.92,24.43,21.91,0,0,0,25.88,27.14,29.22,1162,"{""ip-172-31-0-204"": ""healthy"", ""ip-172-31-1-171"": ""healthy"", ""ip-172-31-10-12"": ""healthy"", ""ip-172-31-11-132"": ""healthy"", ""ip-172-31-13-134"": ""healthy"", ""ip-172-31-14-68"": ""healthy"", ""ip-172-31-40-239"": ""healthy""}",subscribe,218.9,0.8848,0,0,"{""ip-172-31-0-204"": {""gesture"": 1, ""pose"": 1, ""object"": 1}, ""ip-172-31-10-12"": {""object"": 1, ""pose"": 1, ""gesture"": 1}, ""ip-172-31-11-132"": {""object"": 1, ""pose"": 1}, ""ip-172-31-40-239"": {""gesture"": 1, ""pose"": 1}, ""ip-172-31-1-171"": {""pose"": 1, ""gesture"": 1, ""object"": 1}, ""ip-172-31-13-134"": {""pose"": 1, ""gesture"": 1}, ""ip-172-31-14-68"": {""pose"": 1, ""gesture"": 1}}","{""a1"": {""services"": [""pose"", ""gesture""], ""fps"": {""pose"": 30, ""gesture"": 25}, ""eff_fps"": {""pose"": 30, ""gesture"": 25}, ""latency_ms"": {""pose"": 0, ""gesture"": 0}, ""svclat_ms"": {""pose"": 24.27, ""gesture"": 34.21}}, ""a2"": {""services"": [""pose"", ""gesture""], ""fps"": {""pose"": 30, ""gesture"": 25}, ""eff_fps"": {""pose"": 30, ""gesture"": 25}, ""latency_ms"": {""pose"": 0, ""gesture"": 0}, ""svclat_ms"": {""pose"": 25.48, ""gesture"": 36.14}}, ""a3"": {""services"": [""pose"", ""gesture""], ""fps"": {""pose"": 30, ""gesture"": 25}, ""eff_fps"": {""pose"": 30, ""gesture"": 25}, ""latency_ms"": {""pose"": 0, ""gesture"": 0}, ""svclat_ms"": {""pose"": 22.71, ""gesture"": 18.37}}, ""a4"": {""services"": [""pose"", ""gesture""], ""fps"": {""pose"": 30, ""gesture"": 22}, ""eff_fps"": {""pose"": 30, ""gesture"": 22}, ""latency_ms"": {""pose"": 0, ""gesture"": 0}, ""svclat_ms"": {""pose"": 25.36, ""gesture"": 22.25}}, ""a5"": {""services"": [""pose"", ""gesture""], ""fps"": {""pose"": 29, ""gesture"": 22}, ""eff_fps"": {""pose"": 29, ""gesture"": 22}, ""latency_ms"": {""pose"": 0, ""gesture"": 0}, ""svclat_ms"": {""pose"": 32.32, ""gesture"": 18.26}}, ""a6"": {""services"": [""pose"", ""gesture""], ""fps"": {""pose"": 30, ""gesture"": 30}, ""eff_fps"": {""pose"": 30, ""gesture"": 30}, ""latency_ms"": {""pose"": 0, ""gesture"": 0}, ""svclat_ms"": {""pose"": 25.48, ""gesture"": 19.62}}, ""a7"": {""services"": [""pose"", ""gesture""], ""fps"": {""pose"": 30, ""gesture"": 25}, ""eff_fps"": {""pose"": 30, ""gesture"": 25}, ""latency_ms"": {""pose"": 0, ""gesture"": 0}, ""svclat_ms"": {""pose"": 26.17, ""gesture"": 37.66}}, ""a8"": {""services"": [""pose"", ""gesture""], ""fps"": {""pose"": 30, ""gesture"": 24}, ""eff_fps"": {""pose"": 30, ""gesture"": 24}, ""latency_ms"": {""pose"": 0, ""gesture"": 0}, ""svclat_ms"": {""pose"": 24.42, ""gesture"": 37.5}}, ""a9"": {""services"": [""pose"", ""gesture""], ""fps"": {""pose"": 31, ""gesture"": 25}, ""eff_fps"": {""pose"": 31, ""gesture"": 25}, ""latency_ms"": {""pose"": 0, ""gesture"": 0}, ""svclat_ms"": {""pose"": 25.41, ""gesture"": 18.08}}, ""a10"": {""services"": [""pose"", ""gesture""], ""fps"": {""pose"": 30, ""gesture"": 22}, ""eff_fps"": {""pose"": 30, ""gesture"": 22}, ""latency_ms"": {""pose"": 0, ""gesture"": 0}, ""svclat_ms"": {""pose"": 24.02, ""gesture"": 25.12}}, ""a11"": {""services"": [""pose"", ""gesture""], ""fps"": {""pose"": 30, ""gesture"": 21}, ""eff_fps"": {""pose"": 30, ""gesture"": 21}, ""latency_ms"": {""pose"": 0, ""gesture"": 0}, ""svclat_ms"": {""pose"": 22.75, ""gesture"": 22.44}}, ""a12"": {""services"": [""pose"", ""gesture""], ""fps"": {""pose"": 29, ""gesture"": 22}, ""eff_fps"": {""pose"": 29, ""gesture"": 22}, ""latency_ms"": {""pose"": 0, ""gesture"": 0}, ""svclat_ms"": {""pose"": 32.14, ""gesture"": 19.97}}, ""z1"": {""services"": [""gesture"", ""object""], ""fps"": {""gesture"": 30, ""object"": 23}, ""eff_fps"": {""gesture"": 30, ""object"": 23}, ""latency_ms"": {""gesture"": 0, ""object"": 0}, ""svclat_ms"": {""gesture"": 22.5, ""object"": 27.97}}, ""z2"": {""services"": [""gesture"", ""object""], ""fps"": {""gesture"": 24, ""object"": 19}, ""eff_fps"": {""gesture"": 24, ""object"": 19}, ""latency_ms"": {""gesture"": 0, ""object"": 0}, ""svclat_ms"": {""gesture"": 37.27, ""object"": 31.43}}, ""z3"": {""services"": [""gesture"", ""object""], ""fps"": {""gesture"": 24, ""object"": 19}, ""eff_fps"": {""gesture"": 24, ""object"": 19}, ""latency_ms"": {""gesture"": 0, ""object"": 0}, ""svclat_ms"": {""gesture"": 37.92, ""object"": 30.2}}, ""z4"": {""services"": [""gesture"", ""object""], ""fps"": {""gesture"": 25, ""object"": 29}, ""eff_fps"": {""gesture"": 25, ""object"": 29}, ""latency_ms"": {""gesture"": 0, ""object"": 0}, ""svclat_ms"": {""gesture"": 24.25, ""object"": 27.42}}, ""z5"": {""services"": [""gesture"", ""object""], ""fps"": {""gesture"": 22, ""object"": 23}, ""eff_fps"": {""gesture"": 22, ""object"": 23}, ""latency_ms"": {""gesture"": 0, ""object"": 0}, ""svclat_ms"": {""gesture"": 28.01, ""object"": 27.37}}, ""z6"": {""services"": [""gesture"", ""object""], ""fps"": {""gesture"": 30, ""object"": 19}, ""eff_fps"": {""gesture"": 30, ""object"": 19}, ""latency_ms"": {""gesture"": 0, ""object"": 0}, ""svclat_ms"": {""gesture"": 19.53, ""object"": 30.83}}, ""z7"": {""services"": [""gesture"", ""object""], ""fps"": {""gesture"": 25, ""object"": 18}, ""eff_fps"": {""gesture"": 25, ""object"": 18}, ""latency_ms"": {""gesture"": 0, ""object"": 0}, ""svclat_ms"": {""gesture"": 38.34, ""object"": 24.45}}, ""z8"": {""services"": [""gesture"", ""object""], ""fps"": {""gesture"": 25, ""object"": 29}, ""eff_fps"": {""gesture"": 25, ""object"": 29}, ""latency_ms"": {""gesture"": 0, ""object"": 0}, ""svclat_ms"": {""gesture"": 37.28, ""object"": 27.81}}, ""z9"": {""services"": [""gesture"", ""object""], ""fps"": {""gesture"": 25, ""object"": 23}, ""eff_fps"": {""gesture"": 25, ""object"": 23}, ""latency_ms"": {""gesture"": 0, ""object"": 0}, ""svclat_ms"": {""gesture"": 25.8, ""object"": 27.92}}, ""z10"": {""services"": [""gesture"", ""object""], ""fps"": {""gesture"": 22, ""object"": 19}, ""eff_fps"": {""gesture"": 22, ""object"": 19}, ""latency_ms"": {""gesture"": 0, ""object"": 0}, ""svclat_ms"": {""gesture"": 25.41, ""object"": 36.15}}, ""z11"": {""services"": [""gesture"", ""object""], ""fps"": {""gesture"": 22, ""object"": 20}, ""eff_fps"": {""gesture"": 22, ""object"": 20}, ""latency_ms"": {""gesture"": 0, ""object"": 0}, ""svclat_ms"": {""gesture"": 18.33, ""object"": 29.83}}, ""z12"": {""services"": [""gesture"", ""object""], ""fps"": {""gesture"": 0, ""object"": 0}, ""eff_fps"": {""gesture"": 0, ""object"": 0}, ""latency_ms"": {""gesture"": 0, ""object"": 0}, ""svclat_ms"": {""gesture"": 0.0, ""object"": 0.0}}, ""b1"": {""services"": [""pose"", ""object""], ""fps"": {""pose"": 0, ""object"": 0}, ""eff_fps"": {""pose"": 0, ""object"": 0}, ""latency_ms"": {""pose"": 0, ""object"": 0}, ""svclat_ms"": {""pose"": 0.0, ""object"": 0.0}}}"
123.8,23,22,0.957,0,0,13,17,17,1.0,1275.0,1168.0,0.916,0.0,0.77,0.0,29.83,24.52,21.82,29.83,24.52,21.82,0,0,0,25.56,22.92,28.88,1162,"{""ip-172-31-0-204"": ""healthy"", ""ip-172-31-1-171"": ""healthy"", ""ip-172-31-10-12"": ""healthy"", ""ip-172-31-11-132"": ""healthy"", ""ip-172-31-13-134"": ""healthy"", ""ip-172-31-14-68"": ""healthy"", ""ip-172-31-40-239"": ""healthy""}",subscribe,218.9,0.8848,0,0,"{""ip-172-31-0-204"": {""gesture"": 1, ""pose"": 1, ""object"": 1}, ""ip-172-31-10-12"": {""object"": 1, ""pose"": 1, ""gesture"": 1}, ""ip-172-31-11-132"": {""object"": 1, ""pose"": 1}, ""ip-172-31-40-239"": {""gesture"": 1, ""pose"": 1}, ""ip-172-31-1-171"": {""pose"": 1, ""gesture"": 1, ""object"": 1}, ""ip-172-31-13-134"": {""pose"": 1, ""gesture"": 1}, ""ip-172-31-14-68"": {""pose"": 1, ""gesture"": 1}}","{""a1"": {""services"": [""pose"", ""gesture""], ""fps"": {""pose"": 30, ""gesture"": 25}, ""eff_fps"": {""pose"": 30, ""gesture"": 25}, ""latency_ms"": {""pose"": 0, ""gesture"": 0}, ""svclat_ms"": {""pose"": 24.93, ""gesture"": 19.39}}, ""a2"": {""services"": [""pose"", ""gesture""], ""fps"": {""pose"": 30, ""gesture"": 25}, ""eff_fps"": {""pose"": 30, ""gesture"": 25}, ""latency_ms"": {""pose"": 0, ""gesture"": 0}, ""svclat_ms"": {""pose"": 25.55, ""gesture"": 21.01}}, ""a3"": {""services"": [""pose"", ""gesture""], ""fps"": {""pose"": 29, ""gesture"": 25}, ""eff_fps"": {""pose"": 29, ""gesture"": 25}, ""latency_ms"": {""pose"": 0, ""gesture"": 0}, ""svclat_ms"": {""pose"": 23.37, ""gesture"": 23.52}}, ""a4"": {""services"": [""pose"", ""gesture""], ""fps"": {""pose"": 30, ""gesture"": 22}, ""eff_fps"": {""pose"": 30, ""gesture"": 22}, ""latency_ms"": {""pose"": 0, ""gesture"": 0}, ""svclat_ms"": {""pose"": 23.96, ""gesture"": 22.35}}, ""a5"": {""services"": [""pose"", ""gesture""], ""fps"": {""pose"": 29, ""gesture"": 22}, ""eff_fps"": {""pose"": 29, ""gesture"": 22}, ""latency_ms"": {""pose"": 0, ""gesture"": 0}, ""svclat_ms"": {""pose"": 30.98, ""gesture"": 18.61}}, ""a6"": {""services"": [""pose"", ""gesture""], ""fps"": {""pose"": 30, ""gesture"": 30}, ""eff_fps"": {""pose"": 30, ""gesture"": 30}, ""latency_ms"": {""pose"": 0, ""gesture"": 0}, ""svclat_ms"": {""pose"": 25.7, ""gesture"": 19.71}}, ""a7"": {""services"": [""pose"", ""gesture""], ""fps"": {""pose"": 31, ""gesture"": 25}, ""eff_fps"": {""pose"": 31, ""gesture"": 25}, ""latency_ms"": {""pose"": 0, ""gesture"": 0}, ""svclat_ms"": {""pose"": 25.68, ""gesture"": 23.49}}, ""a8"": {""services"": [""pose"", ""gesture""], ""fps"": {""pose"": 30, ""gesture"": 25}, ""eff_fps"": {""pose"": 30, ""gesture"": 25}, ""latency_ms"": {""pose"": 0, ""gesture"": 0}, ""svclat_ms"": {""pose"": 24.63, ""gesture"": 26.6}}, ""a9"": {""services"": [""pose"", ""gesture""], ""fps"": {""pose"": 30, ""gesture"": 25}, ""eff_fps"": {""pose"": 30, ""gesture"": 25}, ""latency_ms"": {""pose"": 0, ""gesture"": 0}, ""svclat_ms"": {""pose"": 25.54, ""gesture"": 17.79}}, ""a10"": {""services"": [""pose"", ""gesture""], ""fps"": {""pose"": 30, ""gesture"": 22}, ""eff_fps"": {""pose"": 30, ""gesture"": 22}, ""latency_ms"": {""pose"": 0, ""gesture"": 0}, ""svclat_ms"": {""pose"": 23.85, ""gesture"": 24.56}}, ""a11"": {""services"": [""pose"", ""gesture""], ""fps"": {""pose"": 31, ""gesture"": 21}, ""eff_fps"": {""pose"": 31, ""gesture"": 21}, ""latency_ms"": {""pose"": 0, ""gesture"": 0}, ""svclat_ms"": {""pose"": 22.51, ""gesture"": 22.59}}, ""a12"": {""services"": [""pose"", ""gesture""], ""fps"": {""pose"": 28, ""gesture"": 22}, ""eff_fps"": {""pose"": 28, ""gesture"": 22}, ""latency_ms"": {""pose"": 0, ""gesture"": 0}, ""svclat_ms"": {""pose"": 29.99, ""gesture"": 19.52}}, ""z1"": {""services"": [""gesture"", ""object""], ""fps"": {""gesture"": 30, ""object"": 23}, ""eff_fps"": {""gesture"": 30, ""object"": 23}, ""latency_ms"": {""gesture"": 0, ""object"": 0}, ""svclat_ms"": {""gesture"": 19.91, ""object"": 30.36}}, ""z2"": {""services"": [""gesture"", ""object""], ""fps"": {""gesture"": 25, ""object"": 19}, ""eff_fps"": {""gesture"": 25, ""object"": 19}, ""latency_ms"": {""gesture"": 0, ""object"": 0}, ""svclat_ms"": {""gesture"": 23.17, ""object"": 29.66}}, ""z3"": {""services"": [""gesture"", ""object""], ""fps"": {""gesture"": 24, ""object"": 19}, ""eff_fps"": {""gesture"": 24, ""object"": 19}, ""latency_ms"": {""gesture"": 0, ""object"": 0}, ""svclat_ms"": {""gesture"": 26.54, ""object"": 29.93}}, ""z4"": {""services"": [""gesture"", ""object""], ""fps"": {""gesture"": 25, ""object"": 28}, ""eff_fps"": {""gesture"": 25, ""object"": 28}, ""latency_ms"": {""gesture"": 0, ""object"": 0}, ""svclat_ms"": {""gesture"": 28.39, ""object"": 26.55}}, ""z5"": {""services"": [""gesture"", ""object""], ""fps"": {""gesture"": 22, ""object"": 23}, ""eff_fps"": {""gesture"": 22, ""object"": 23}, ""latency_ms"": {""gesture"": 0, ""object"": 0}, ""svclat_ms"": {""gesture"": 27.9, ""object"": 28.92}}, ""z6"": {""services"": [""gesture"", ""object""], ""fps"": {""gesture"": 30, ""object"": 19}, ""eff_fps"": {""gesture"": 30, ""object"": 19}, ""latency_ms"": {""gesture"": 0, ""object"": 0}, ""svclat_ms"": {""gesture"": 19.58, ""object"": 28.63}}, ""z7"": {""services"": [""gesture"", ""object""], ""fps"": {""gesture"": 25, ""object"": 18}, ""eff_fps"": {""gesture"": 25, ""object"": 18}, ""latency_ms"": {""gesture"": 0, ""object"": 0}, ""svclat_ms"": {""gesture"": 24.17, ""object"": 24.74}}, ""z8"": {""services"": [""gesture"", ""object""], ""fps"": {""gesture"": 25, ""object"": 29}, ""eff_fps"": {""gesture"": 25, ""object"": 29}, ""latency_ms"": {""gesture"": 0, ""object"": 0}, ""svclat_ms"": {""gesture"": 26.42, ""object"": 26.77}}, ""z9"": {""services"": [""gesture"", ""object""], ""fps"": {""gesture"": 25, ""object"": 23}, ""eff_fps"": {""gesture"": 25, ""object"": 23}, ""latency_ms"": {""gesture"": 0, ""object"": 0}, ""svclat_ms"": {""gesture"": 28.61, ""object"": 29.83}}, ""z10"": {""services"": [""gesture"", ""object""], ""fps"": {""gesture"": 22, ""object"": 19}, ""eff_fps"": {""gesture"": 22, ""object"": 19}, ""latency_ms"": {""gesture"": 0, ""object"": 0}, ""svclat_ms"": {""gesture"": 25.52, ""object"": 33.48}}, ""z11"": {""services"": [""gesture"", ""object""], ""fps"": {""gesture"": 22, ""object"": 20}, ""eff_fps"": {""gesture"": 22, ""object"": 20}, ""latency_ms"": {""gesture"": 0, ""object"": 0}, ""svclat_ms"": {""gesture"": 17.9, ""object"": 28.84}}, ""z12"": {""services"": [""gesture"", ""object""], ""fps"": {""gesture"": 0, ""object"": 0}, ""eff_fps"": {""gesture"": 0, ""object"": 0}, ""latency_ms"": {""gesture"": 0, ""object"": 0}, ""svclat_ms"": {""gesture"": 0.0, ""object"": 0.0}}, ""b1"": {""services"": [""pose"", ""object""], ""fps"": {""pose"": 0, ""object"": 0}, ""eff_fps"": {""pose"": 0, ""object"": 0}, ""latency_ms"": {""pose"": 0, ""object"": 0}, ""svclat_ms"": {""pose"": 0.0, ""object"": 0.0}}}"
127.3,23,22,0.957,0,0,13,17,17,1.0,1275.0,1168.0,0.916,0.0,0.77,0.0,28.92,28.13,29.0,28.92,28.09,28.91,0,0,0,29.32,25.02,29.28,1313,"{""ip-172-31-0-204"": ""healthy"", ""ip-172-31-1-171"": ""healthy"", ""ip-172-31-10-12"": ""healthy"", ""ip-172-31-11-132"": ""healthy"", ""ip-172-31-13-134"": ""healthy"", ""ip-172-31-14-68"": ""healthy"", ""ip-172-31-40-239"": ""healthy""}",subscribe,218.9,0.8848,0,0,"{""ip-172-31-0-204"": {""gesture"": 1, ""pose"": 1, ""object"": 1}, ""ip-172-31-10-12"": {""object"": 1, ""pose"": 1, ""gesture"": 1}, ""ip-172-31-11-132"": {""object"": 1, ""pose"": 1}, ""ip-172-31-40-239"": {""gesture"": 1, ""pose"": 1}, ""ip-172-31-1-171"": {""pose"": 1, ""gesture"": 1, ""object"": 1}, ""ip-172-31-13-134"": {""pose"": 1, ""gesture"": 1}, ""ip-172-31-14-68"": {""pose"": 1, ""gesture"": 1}}","{""a1"": {""services"": [""pose"", ""gesture""], ""fps"": {""pose"": 30, ""gesture"": 25}, ""eff_fps"": {""pose"": 30, ""gesture"": 25}, ""latency_ms"": {""pose"": 0, ""gesture"": 0}, ""svclat_ms"": {""pose"": 26.82, ""gesture"": 20.36}}, ""a2"": {""services"": [""pose"", ""gesture""], ""fps"": {""pose"": 29, ""gesture"": 26}, ""eff_fps"": {""pose"": 29, ""gesture"": 26}, ""latency_ms"": {""pose"": 0, ""gesture"": 0}, ""svclat_ms"": {""pose"": 31.54, ""gesture"": 29.09}}, ""a3"": {""services"": [""pose"", ""gesture""], ""fps"": {""pose"": 29, ""gesture"": 29}, ""eff_fps"": {""pose"": 29, ""gesture"": 29}, ""latency_ms"": {""pose"": 0, ""gesture"": 0}, ""svclat_ms"": {""pose"": 28.51, ""gesture"": 28.55}}, ""a4"": {""services"": [""pose"", ""gesture""], ""fps"": {""pose"": 29, ""gesture"": 29}, ""eff_fps"": {""pose"": 29, ""gesture"": 29}, ""latency_ms"": {""pose"": 0, ""gesture"": 0}, ""svclat_ms"": {""pose"": 30.94, ""gesture"": 28.73}}, ""a5"": {""services"": [""pose"", ""gesture""], ""fps"": {""pose"": 28, ""gesture"": 30}, ""eff_fps"": {""pose"": 28, ""gesture"": 30}, ""latency_ms"": {""pose"": 0, ""gesture"": 0}, ""svclat_ms"": {""pose"": 31.98, ""gesture"": 24.86}}, ""a6"": {""services"": [""pose"", ""gesture""], ""fps"": {""pose"": 29, ""gesture"": 30}, ""eff_fps"": {""pose"": 29, ""gesture"": 30}, ""latency_ms"": {""pose"": 0, ""gesture"": 0}, ""svclat_ms"": {""pose"": 25.06, ""gesture"": 24.59}}, ""a7"": {""services"": [""pose"", ""gesture""], ""fps"": {""pose"": 30, ""gesture"": 30}, ""eff_fps"": {""pose"": 30, ""gesture"": 30}, ""latency_ms"": {""pose"": 0, ""gesture"": 0}, ""svclat_ms"": {""pose"": 24.44, ""gesture"": 20.14}}, ""a8"": {""services"": [""pose"", ""gesture""], ""fps"": {""pose"": 28, ""gesture"": 25}, ""eff_fps"": {""pose"": 28, ""gesture"": 25}, ""latency_ms"": {""pose"": 0, ""gesture"": 0}, ""svclat_ms"": {""pose"": 32.89, ""gesture"": 20.65}}, ""a9"": {""services"": [""pose"", ""gesture""], ""fps"": {""pose"": 29, ""gesture"": 25}, ""eff_fps"": {""pose"": 29, ""gesture"": 25}, ""latency_ms"": {""pose"": 0, ""gesture"": 0}, ""svclat_ms"": {""pose"": 29.62, ""gesture"": 32.62}}, ""a10"": {""services"": [""pose"", ""gesture""], ""fps"": {""pose"": 28, ""gesture"": 30}, ""eff_fps"": {""pose"": 28, ""gesture"": 30}, ""latency_ms"": {""pose"": 0, ""gesture"": 0}, ""svclat_ms"": {""pose"": 30.75, ""gesture"": 21.4}}, ""a11"": {""services"": [""pose"", ""gesture""], ""fps"": {""pose"": 28, ""gesture"": 30}, ""eff_fps"": {""pose"": 28, ""gesture"": 30}, ""latency_ms"": {""pose"": 0, ""gesture"": 0}, ""svclat_ms"": {""pose"": 32.83, ""gesture"": 25.45}}, ""a12"": {""services"": [""pose"", ""gesture""], ""fps"": {""pose"": 30, ""gesture"": 30}, ""eff_fps"": {""pose"": 30, ""gesture"": 30}, ""latency_ms"": {""pose"": 0, ""gesture"": 0}, ""svclat_ms"": {""pose"": 26.46, ""gesture"": 23.31}}, ""z1"": {""services"": [""gesture"", ""object""], ""fps"": {""gesture"": 23, ""object"": 28}, ""eff_fps"": {""gesture"": 22, ""object"": 28}, ""latency_ms"": {""gesture"": 0, ""object"": 0}, ""svclat_ms"": {""gesture"": 28.11, ""object"": 28.2}}, ""z2"": {""services"": [""gesture"", ""object""], ""fps"": {""gesture"": 25, ""object"": 29}, ""eff_fps"": {""gesture"": 25, ""object"": 29}, ""latency_ms"": {""gesture"": 0, ""object"": 0}, ""svclat_ms"": {""gesture"": 32.34, ""object"": 30.68}}, ""z3"": {""services"": [""gesture"", ""object""], ""fps"": {""gesture"": 30, ""object"": 29}, ""eff_fps"": {""gesture"": 30, ""object"": 29}, ""latency_ms"": {""gesture"": 0, ""object"": 0}, ""svclat_ms"": {""gesture"": 25.35, ""object"": 28.99}}, ""z4"": {""services"": [""gesture"", ""object""], ""fps"": {""gesture"": 30, ""object"": 29}, ""eff_fps"": {""gesture"": 30, ""object"": 29}, ""latency_ms"": {""gesture"": 0, ""object"": 0}, ""svclat_ms"": {""gesture"": 25.88, ""object"": 33.13}}, ""z5"": {""services"": [""gesture"", ""object""], ""fps"": {""gesture"": 30, ""object"": 28}, ""eff_fps"": {""gesture"": 30, ""object"": 27}, ""latency_ms"": {""gesture"": 0, ""object"": 0}, ""svclat_ms"": {""gesture"": 22.61, ""object"": 31.72}}, ""z6"": {""services"": [""gesture"", ""object""], ""fps"": {""gesture"": 30, ""object"": 30}, ""eff_fps"": {""gesture"": 30, ""object"": 30}, ""latency_ms"": {""gesture"": 0, ""object"": 0}, ""svclat_ms"": {""gesture"": 22.09, ""object"": 21.98}}, ""z7"": {""services"": [""gesture"", ""object""], ""fps"": {""gesture"": 30, ""object"": 30}, ""eff_fps"": {""gesture"": 30, ""object"": 30}, ""latency_ms"": {""gesture"": 0, ""object"": 0}, ""svclat_ms"": {""gesture"": 19.97, ""object"": 25.9}}, ""z8"": {""services"": [""gesture"", ""object""], ""fps"": {""gesture"": 30, ""object"": 29}, ""eff_fps"": {""gesture"": 30, ""object"": 29}, ""latency_ms"": {""gesture"": 0, ""object"": 0}, ""svclat_ms"": {""gesture"": 21.98, ""object"": 30.72}}, ""z9"": {""services"": [""gesture"", ""object""], ""fps"": {""gesture"": 30, ""object"": 29}, ""eff_fps"": {""gesture"": 30, ""object"": 29}, ""latency_ms"": {""gesture"": 0, ""object"": 0}, ""svclat_ms"": {""gesture"": 25.74, ""object"": 28.76}}, ""z10"": {""services"": [""gesture"", ""object""], ""fps"": {""gesture"": 25, ""object"": 29}, ""eff_fps"": {""gesture"": 25, ""object"": 29}, ""latency_ms"": {""gesture"": 0, ""object"": 0}, ""svclat_ms"": {""gesture"": 20.0, ""object"": 33.69}}, ""z11"": {""services"": [""gesture"", ""object""], ""fps"": {""gesture"": 25, ""object"": 29}, ""eff_fps"": {""gesture"": 25, ""object"": 29}, ""latency_ms"": {""gesture"": 0, ""object"": 0}, ""svclat_ms"": {""gesture"": 31.72, ""object"": 28.28}}, ""z12"": {""services"": [""gesture"", ""object""], ""fps"": {""gesture"": 0, ""object"": 0}, ""eff_fps"": {""gesture"": 0, ""object"": 0}, ""latency_ms"": {""gesture"": 0, ""object"": 0}, ""svclat_ms"": {""gesture"": 0.0, ""object"": 0.0}}, ""b1"": {""services"": [""pose"", ""object""], ""fps"": {""pose"": 0, ""object"": 0}, ""eff_fps"": {""pose"": 0, ""object"": 0}, ""latency_ms"": {""pose"": 0, ""object"": 0}, ""svclat_ms"": {""pose"": 0.0, ""object"": 0.0}}, ""b2"": {""services"": [""pose"", ""object""], ""fps"": {""pose"": 0, ""object"": 0}, ""eff_fps"": {""pose"": 0, ""object"": 0}, ""latency_ms"": {""pose"": 0, ""object"": 0}, ""svclat_ms"": {""pose"": 0.0, ""object"": 0.0}}}"
131.9,24,24,1.0,0,0,13,19,19,1.0,1383.0,1348.0,0.975,0.0,0.79,0.0,27.31,26.88,27.23,27.31,26.88,27.23,0,0,0,28.76,23.63,29.64,1354,"{""ip-172-31-0-204"": ""healthy"", ""ip-172-31-1-171"": ""healthy"", ""ip-172-31-10-12"": ""healthy"", ""ip-172-31-11-132"": ""healthy"", ""ip-172-31-13-134"": ""healthy"", ""ip-172-31-14-68"": ""healthy"", ""ip-172-31-40-239"": ""healthy""}",subscribe,179.0,0.9361,0,0,"{""ip-172-31-0-204"": {""gesture"": 1, ""pose"": 1, ""object"": 1}, ""ip-172-31-10-12"": {""object"": 1, ""gesture"": 1}, ""ip-172-31-11-132"": {""object"": 1, ""pose"": 1, ""gesture"": 1}, ""ip-172-31-40-239"": {""gesture"": 1, ""pose"": 1}, ""ip-172-31-1-171"": {""pose"": 1, ""gesture"": 1, ""object"": 1}, ""ip-172-31-13-134"": {""pose"": 1, ""gesture"": 1, ""object"": 1}, ""ip-172-31-14-68"": {""pose"": 1, ""gesture"": 1, ""object"": 1}}","{""a1"": {""services"": [""pose"", ""gesture""], ""fps"": {""pose"": 23, ""gesture"": 25}, ""eff_fps"": {""pose"": 23, ""gesture"": 25}, ""latency_ms"": {""pose"": 0, ""gesture"": 0}, ""svclat_ms"": {""pose"": 29.87, ""gesture"": 18.49}}, ""a2"": {""services"": [""pose"", ""gesture""], ""fps"": {""pose"": 29, ""gesture"": 25}, ""eff_fps"": {""pose"": 29, ""gesture"": 25}, ""latency_ms"": {""pose"": 0, ""gesture"": 0}, ""svclat_ms"": {""pose"": 30.95, ""gesture"": 20.17}}, ""a3"": {""services"": [""pose"", ""gesture""], ""fps"": {""pose"": 29, ""gesture"": 22}, ""eff_fps"": {""pose"": 29, ""gesture"": 22}, ""latency_ms"": {""pose"": 0, ""gesture"": 0}, ""svclat_ms"": {""pose"": 27.69, ""gesture"": 22.46}}, ""a4"": {""services"": [""pose"", ""gesture""], ""fps"": {""pose"": 28, ""gesture"": 30}, ""eff_fps"": {""pose"": 28, ""gesture"": 30}, ""latency_ms"": {""pose"": 0, ""gesture"": 0}, ""svclat_ms"": {""pose"": 31.6, ""gesture"": 24.95}}, ""a5"": {""services"": [""pose"", ""gesture""], ""fps"": {""pose"": 29, ""gesture"": 29}, ""eff_fps"": {""pose"": 29, ""gesture"": 29}, ""latency_ms"": {""pose"": 0, ""gesture"": 0}, ""svclat_ms"": {""pose"": 29.25, ""gesture"": 30.14}}, ""a6"": {""services"": [""pose"", ""gesture""], ""fps"": {""pose"": 29, ""gesture"": 30}, ""eff_fps"": {""pose"": 29, ""gesture"": 30}, ""latency_ms"": {""pose"": 0, ""gesture"": 0}, ""svclat_ms"": {""pose"": 27.08, ""gesture"": 21.9}}, ""a7"": {""services"": [""pose"", ""gesture""], ""fps"": {""pose"": 23, ""gesture"": 30}, ""eff_fps"": {""pose"": 23, ""gesture"": 30}, ""latency_ms"": {""pose"": 0, ""gesture"": 0}, ""svclat_ms"": {""pose"": 26.8, ""gesture"": 21.3}}, ""a8"": {""services"": [""pose"", ""gesture""], ""fps"": {""pose"": 29, ""gesture"": 25}, ""eff_fps"": {""pose"": 29, ""gesture"": 25}, ""latency_ms"": {""pose"": 0, ""gesture"": 0}, ""svclat_ms"": {""pose"": 28.63, ""gesture"": 23.18}}, ""a9"": {""services"": [""pose"", ""gesture""], ""fps"": {""pose"": 29, ""gesture"": 25}, ""eff_fps"": {""pose"": 29, ""gesture"": 25}, ""latency_ms"": {""pose"": 0, ""gesture"": 0}, ""svclat_ms"": {""pose"": 28.2, ""gesture"": 23.61}}, ""a10"": {""services"": [""pose"", ""gesture""], ""fps"": {""pose"": 29, ""gesture"": 30}, ""eff_fps"": {""pose"": 29, ""gesture"": 30}, ""latency_ms"": {""pose"": 0, ""gesture"": 0}, ""svclat_ms"": {""pose"": 28.75, ""gesture"": 19.58}}, ""a11"": {""services"": [""pose"", ""gesture""], ""fps"": {""pose"": 28, ""gesture"": 22}, ""eff_fps"": {""pose"": 28, ""gesture"": 22}, ""latency_ms"": {""pose"": 0, ""gesture"": 0}, ""svclat_ms"": {""pose"": 33.15, ""gesture"": 23.72}}, ""a12"": {""services"": [""pose"", ""gesture""], ""fps"": {""pose"": 28, ""gesture"": 29}, ""eff_fps"": {""pose"": 28, ""gesture"": 29}, ""latency_ms"": {""pose"": 0, ""gesture"": 0}, ""svclat_ms"": {""pose"": 26.77, ""gesture"": 29.65}}, ""z1"": {""services"": [""gesture"", ""object""], ""fps"": {""gesture"": 25, ""object"": 22}, ""eff_fps"": {""gesture"": 25, ""object"": 22}, ""latency_ms"": {""gesture"": 0, ""object"": 0}, ""svclat_ms"": {""gesture"": 17.51, ""object"": 25.62}}, ""z2"": {""services"": [""gesture"", ""object""], ""fps"": {""gesture"": 25, ""object"": 29}, ""eff_fps"": {""gesture"": 25, ""object"": 29}, ""latency_ms"": {""gesture"": 0, ""object"": 0}, ""svclat_ms"": {""gesture"": 23.49, ""object"": 28.2}}, ""z3"": {""services"": [""gesture"", ""object""], ""fps"": {""gesture"": 22, ""object"": 29}, ""eff_fps"": {""gesture"": 22, ""object"": 29}, ""latency_ms"": {""gesture"": 0, ""object"": 0}, ""svclat_ms"": {""gesture"": 30.01, ""object"": 29.43}}, ""z4"": {""services"": [""gesture"", ""object""], ""fps"": {""gesture"": 30, ""object"": 29}, ""eff_fps"": {""gesture"": 30, ""object"": 29}, ""latency_ms"": {""gesture"": 0, ""object"": 0}, ""svclat_ms"": {""gesture"": 24.56, ""object"": 31.91}}, ""z5"": {""services"": [""gesture"", ""object""], ""fps"": {""gesture"": 29, ""object"": 29}, ""eff_fps"": {""gesture"": 29, ""object"": 29}, ""latency_ms"": {""gesture"": 0, ""object"": 0}, ""svclat_ms"": {""gesture"": 29.38, ""object"": 27.91}}, ""z6"": {""services"": [""gesture"", ""object""], ""fps"": {""gesture"": 30, ""object"": 29}, ""eff_fps"": {""gesture"": 30, ""object"": 29}, ""latency_ms"": {""gesture"": 0, ""object"": 0}, ""svclat_ms"": {""gesture"": 22.48, ""object"": 29.4}}, ""z7"": {""services"": [""gesture"", ""object""], ""fps"": {""gesture"": 30, ""object"": 22}, ""eff_fps"": {""gesture"": 30, ""object"": 22}, ""latency_ms"": {""gesture"": 0, ""object"": 0}, ""svclat_ms"": {""gesture"": 21.56, ""object"": 38.0}}, ""z8"": {""services"": [""gesture"", ""object""], ""fps"": {""gesture"": 31, ""object"": 29}, ""eff_fps"": {""gesture"": 31, ""object"": 29}, ""latency_ms"": {""gesture"": 0, ""object"": 0}, ""svclat_ms"": {""gesture"": 20.95, ""object"": 28.25}}, ""z9"": {""services"": [""gesture"", ""object""], ""fps"": {""gesture"": 30, ""object"": 29}, ""eff_fps"": {""gesture"": 30, ""object"": 29}, ""latency_ms"": {""gesture"": 0, ""object"": 0}, ""svclat_ms"": {""gesture"": 24.47, ""object"": 27.8}}, ""z10"": {""services"": [""gesture"", ""object""], ""fps"": {""gesture"": 25, ""object"": 28}, ""eff_fps"": {""gesture"": 25, ""object"": 28}, ""latency_ms"": {""gesture"": 0, ""object"": 0}, ""svclat_ms"": {""gesture"": 22.47, ""object"": 33.66}}, ""z11"": {""services"": [""gesture"", ""object""], ""fps"": {""gesture"": 25, ""object"": 29}, ""eff_fps"": {""gesture"": 25, ""object"": 29}, ""latency_ms"": {""gesture"": 0, ""object"": 0}, ""svclat_ms"": {""gesture"": 22.5, ""object"": 29.32}}, ""z12"": {""services"": [""gesture"", ""object""], ""fps"": {""gesture"": 21, ""object"": 29}, ""eff_fps"": {""gesture"": 21, ""object"": 29}, ""latency_ms"": {""gesture"": 0, ""object"": 0}, ""svclat_ms"": {""gesture"": 28.68, ""object"": 29.87}}, ""b1"": {""services"": [""pose"", ""object""], ""fps"": {""pose"": 0, ""object"": 0}, ""eff_fps"": {""pose"": 0, ""object"": 0}, ""latency_ms"": {""pose"": 0, ""object"": 0}, ""svclat_ms"": {""pose"": 0.0, ""object"": 0.0}}, ""b2"": {""services"": [""pose"", ""object""], ""fps"": {""pose"": 22, ""object"": 21}, ""eff_fps"": {""pose"": 22, ""object"": 21}, ""latency_ms"": {""pose"": 0, ""object"": 0}, ""svclat_ms"": {""pose"": 25.15, ""object"": 25.99}}, ""b3"": {""services"": [""pose"", ""object""], ""fps"": {""pose"": 0, ""object"": 0}, ""eff_fps"": {""pose"": 0, ""object"": 0}, ""latency_ms"": {""pose"": 0, ""object"": 0}, ""svclat_ms"": {""pose"": 0.0, ""object"": 0.0}}}"
136.4,26,26,1.0,0,0,13,19,19,1.0,1383.0,1361.0,0.984,0.0,0.73,0.0,23.93,27.0,23.33,23.93,27.0,23.33,0,0,0,30.45,23.54,31.77,1357,"{""ip-172-31-0-204"": ""healthy"", ""ip-172-31-1-171"": ""healthy"", ""ip-172-31-10-12"": ""healthy"", ""ip-172-31-11-132"": ""healthy"", ""ip-172-31-13-134"": ""healthy"", ""ip-172-31-14-68"": ""healthy"", ""ip-172-31-40-239"": ""healthy""}",subscribe,186.9,0.8724,0,0,"{""ip-172-31-0-204"": {""gesture"": 1, ""pose"": 1, ""object"": 1}, ""ip-172-31-10-12"": {""object"": 1, ""gesture"": 1}, ""ip-172-31-11-132"": {""object"": 1, ""pose"": 1, ""gesture"": 1}, ""ip-172-31-40-239"": {""gesture"": 1, ""pose"": 1}, ""ip-172-31-1-171"": {""pose"": 1, ""gesture"": 1, ""object"": 1}, ""ip-172-31-13-134"": {""pose"": 1, ""gesture"": 1, ""object"": 1}, ""ip-172-31-14-68"": {""pose"": 1, ""gesture"": 1, ""object"": 1}}","{""a1"": {""services"": [""pose"", ""gesture""], ""fps"": {""pose"": 23, ""gesture"": 25}, ""eff_fps"": {""pose"": 23, ""gesture"": 25}, ""latency_ms"": {""pose"": 0, ""gesture"": 0}, ""svclat_ms"": {""pose"": 33.03, ""gesture"": 18.74}}, ""a2"": {""services"": [""pose"", ""gesture""], ""fps"": {""pose"": 19, ""gesture"": 25}, ""eff_fps"": {""pose"": 19, ""gesture"": 25}, ""latency_ms"": {""pose"": 0, ""gesture"": 0}, ""svclat_ms"": {""pose"": 30.45, ""gesture"": 21.29}}, ""a3"": {""services"": [""pose"", ""gesture""], ""fps"": {""pose"": 22, ""gesture"": 22}, ""eff_fps"": {""pose"": 22, ""gesture"": 22}, ""latency_ms"": {""pose"": 0, ""gesture"": 0}, ""svclat_ms"": {""pose"": 27.89, ""gesture"": 21.2}}, ""a4"": {""services"": [""pose"", ""gesture""], ""fps"": {""pose"": 29, ""gesture"": 30}, ""eff_fps"": {""pose"": 29, ""gesture"": 30}, ""latency_ms"": {""pose"": 0, ""gesture"": 0}, ""svclat_ms"": {""pose"": 32.14, ""gesture"": 21.66}}, ""a5"": {""services"": [""pose"", ""gesture""], ""fps"": {""pose"": 29, ""gesture"": 30}, ""eff_fps"": {""pose"": 29, ""gesture"": 30}, ""latency_ms"": {""pose"": 0, ""gesture"": 0}, ""svclat_ms"": {""pose"": 31.65, ""gesture"": 31.81}}, ""a6"": {""services"": [""pose"", ""gesture""], ""fps"": {""pose"": 29, ""gesture"": 30}, ""eff_fps"": {""pose"": 29, ""gesture"": 30}, ""latency_ms"": {""pose"": 0, ""gesture"": 0}, ""svclat_ms"": {""pose"": 24.67, ""gesture"": 25.36}}, ""a7"": {""services"": [""pose"", ""gesture""], ""fps"": {""pose"": 23, ""gesture"": 30}, ""eff_fps"": {""pose"": 23, ""gesture"": 30}, ""latency_ms"": {""pose"": 0, ""gesture"": 0}, ""svclat_ms"": {""pose"": 27.51, ""gesture"": 21.46}}, ""a8"": {""services"": [""pose"", ""gesture""], ""fps"": {""pose"": 19, ""gesture"": 26}, ""eff_fps"": {""pose"": 19, ""gesture"": 26}, ""latency_ms"": {""pose"": 0, ""gesture"": 0}, ""svclat_ms"": {""pose"": 43.28, ""gesture"": 19.72}}, ""a9"": {""services"": [""pose"", ""gesture""], ""fps"": {""pose"": 19, ""gesture"": 25}, ""eff_fps"": {""pose"": 19, ""gesture"": 25}, ""latency_ms"": {""pose"": 0, ""gesture"": 0}, ""svclat_ms"": {""pose"": 26.89, ""gesture"": 22.03}}, ""a10"": {""services"": [""pose"", ""gesture""], ""fps"": {""pose"": 29, ""gesture"": 30}, ""eff_fps"": {""pose"": 29, ""gesture"": 30}, ""latency_ms"": {""pose"": 0, ""gesture"": 0}, ""svclat_ms"": {""pose"": 30.85, ""gesture"": 21.45}}, ""a11"": {""services"": [""pose"", ""gesture""], ""fps"": {""pose"": 29, ""gesture"": 22}, ""eff_fps"": {""pose"": 29, ""gesture"": 22}, ""latency_ms"": {""pose"": 0, ""gesture"": 0}, ""svclat_ms"": {""pose"": 31.81, ""gesture"": 22.95}}, ""a12"": {""services"": [""pose"", ""gesture""], ""fps"": {""pose"": 30, ""gesture"": 30}, ""eff_fps"": {""pose"": 30, ""gesture"": 30}, ""latency_ms"": {""pose"": 0, ""gesture"": 0}, ""svclat_ms"": {""pose"": 24.53, ""gesture"": 31.23}}, ""z1"": {""services"": [""gesture"", ""object""], ""fps"": {""gesture"": 25, ""object"": 21}, ""eff_fps"": {""gesture"": 25, ""object"": 21}, ""latency_ms"": {""gesture"": 0, ""object"": 0}, ""svclat_ms"": {""gesture"": 18.07, ""object"": 25.88}}, ""z2"": {""services"": [""gesture"", ""object""], ""fps"": {""gesture"": 25, ""object"": 19}, ""eff_fps"": {""gesture"": 25, ""object"": 19}, ""latency_ms"": {""gesture"": 0, ""object"": 0}, ""svclat_ms"": {""gesture"": 21.71, ""object"": 37.29}}, ""z3"": {""services"": [""gesture"", ""object""], ""fps"": {""gesture"": 22, ""object"": 19}, ""eff_fps"": {""gesture"": 22, ""object"": 19}, ""latency_ms"": {""gesture"": 0, ""object"": 0}, ""svclat_ms"": {""gesture"": 29.48, ""object"": 32.09}}, ""z4"": {""services"": [""gesture"", ""object""], ""fps"": {""gesture"": 30, ""object"": 29}, ""eff_fps"": {""gesture"": 30, ""object"": 29}, ""latency_ms"": {""gesture"": 0, ""object"": 0}, ""svclat_ms"": {""gesture"": 22.09, ""object"": 32.17}}, ""z5"": {""services"": [""gesture"", ""object""], ""fps"": {""gesture"": 30, ""object"": 29}, ""eff_fps"": {""gesture"": 30, ""object"": 29}, ""latency_ms"": {""gesture"": 0, ""object"": 0}, ""svclat_ms"": {""gesture"": 30.9, ""object"": 30.2}}, ""z6"": {""services"": [""gesture"", ""object""], ""fps"": {""gesture"": 30, ""object"": 29}, ""eff_fps"": {""gesture"": 30, ""object"": 29}, ""latency_ms"": {""gesture"": 0, ""object"": 0}, ""svclat_ms"": {""gesture"": 25.71, ""object"": 28.6}}, ""z7"": {""services"": [""gesture"", ""object""], ""fps"": {""gesture"": 30, ""object"": 22}, ""eff_fps"": {""gesture"": 30, ""object"": 22}, ""latency_ms"": {""gesture"": 0, ""object"": 0}, ""svclat_ms"": {""gesture"": 21.84, ""object"": 37.46}}, ""z8"": {""services"": [""gesture"", ""object""], ""fps"": {""gesture"": 30, ""object"": 19}, ""eff_fps"": {""gesture"": 30, ""object"": 19}, ""latency_ms"": {""gesture"": 0, ""object"": 0}, ""svclat_ms"": {""gesture"": 25.76, ""object"": 35.88}}, ""z9"": {""services"": [""gesture"", ""object""], ""fps"": {""gesture"": 30, ""object"": 19}, ""eff_fps"": {""gesture"": 30, ""object"": 19}, ""latency_ms"": {""gesture"": 0, ""object"": 0}, ""svclat_ms"": {""gesture"": 21.59, ""object"": 39.5}}, ""z10"": {""services"": [""gesture"", ""object""], ""fps"": {""gesture"": 25, ""object"": 28}, ""eff_fps"": {""gesture"": 25, ""object"": 28}, ""latency_ms"": {""gesture"": 0, ""object"": 0}, ""svclat_ms"": {""gesture"": 18.79, ""object"": 31.34}}, ""z11"": {""services"": [""gesture"", ""object""], ""fps"": {""gesture"": 25, ""object"": 29}, ""eff_fps"": {""gesture"": 25, ""object"": 29}, ""latency_ms"": {""gesture"": 0, ""object"": 0}, ""svclat_ms"": {""gesture"": 21.41, ""object"": 31.98}}, ""z12"": {""services"": [""gesture"", ""object""], ""fps"": {""gesture"": 21, ""object"": 29}, ""eff_fps"": {""gesture"": 21, ""object"": 29}, ""latency_ms"": {""gesture"": 0, ""object"": 0}, ""svclat_ms"": {""gesture"": 28.76, ""object"": 27.64}}, ""b1"": {""services"": [""pose"", ""object""], ""fps"": {""pose"": 19, ""object"": 19}, ""eff_fps"": {""pose"": 19, ""object"": 19}, ""latency_ms"": {""pose"": 0, ""object"": 0}, ""svclat_ms"": {""pose"": 37.61, ""object"": 29.11}}, ""b2"": {""services"": [""pose"", ""object""], ""fps"": {""pose"": 23, ""object"": 22}, ""eff_fps"": {""pose"": 23, ""object"": 22}, ""latency_ms"": {""pose"": 0, ""object"": 0}, ""svclat_ms"": {""pose"": 26.39, ""object"": 22.59}}, ""b3"": {""services"": [""pose"", ""object""], ""fps"": {""pose"": 17, ""object"": 17}, ""eff_fps"": {""pose"": 17, ""object"": 17}, ""latency_ms"": {""pose"": 0, ""object"": 0}, ""svclat_ms"": {""pose"": 28.05, ""object"": 34.76}}, ""b4"": {""services"": [""pose"", ""object""], ""fps"": {""pose"": 0, ""object"": 0}, ""eff_fps"": {""pose"": 0, ""object"": 0}, ""latency_ms"": {""pose"": 0, ""object"": 0}, ""svclat_ms"": {""pose"": 0.0, ""object"": 0.0}}}"
139.8,27,27,1.0,0,0,13,19,19,1.0,1383.0,1359.0,0.983,0.0,0.7,0.0,22.0,26.92,22.25,21.88,26.92,22.25,0,0,0,33.26,23.07,33.77,1354,"{""ip-172-31-0-204"": ""healthy"", ""ip-172-31-1-171"": ""healthy"", ""ip-172-31-10-12"": ""healthy"", ""ip-172-31-11-132"": ""healthy"", ""ip-172-31-13-134"": ""healthy"", ""ip-172-31-14-68"": ""healthy"", ""ip-172-31-40-239"": ""healthy""}",subscribe,242.8,0.8389,0,0,"{""ip-172-31-0-204"": {""gesture"": 1, ""pose"": 1, ""object"": 1}, ""ip-172-31-10-12"": {""object"": 1, ""gesture"": 1}, ""ip-172-31-11-132"": {""object"": 1, ""pose"": 1, ""gesture"": 1}, ""ip-172-31-40-239"": {""gesture"": 1, ""pose"": 1}, ""ip-172-31-1-171"": {""pose"": 1, ""gesture"": 1, ""object"": 1}, ""ip-172-31-13-134"": {""pose"": 1, ""gesture"": 1, ""object"": 1}, ""ip-172-31-14-68"": {""pose"": 1, ""gesture"": 1, ""object"": 1}}","{""a1"": {""services"": [""pose"", ""gesture""], ""fps"": {""pose"": 21, ""gesture"": 25}, ""eff_fps"": {""pose"": 20, ""gesture"": 25}, ""latency_ms"": {""pose"": 0, ""gesture"": 0}, ""svclat_ms"": {""pose"": 41.8, ""gesture"": 20.91}}, ""a2"": {""services"": [""pose"", ""gesture""], ""fps"": {""pose"": 19, ""gesture"": 25}, ""eff_fps"": {""pose"": 19, ""gesture"": 25}, ""latency_ms"": {""pose"": 0, ""gesture"": 0}, ""svclat_ms"": {""pose"": 31.15, ""gesture"": 20.6}}, ""a3"": {""services"": [""pose"", ""gesture""], ""fps"": {""pose"": 19, ""gesture"": 22}, ""eff_fps"": {""pose"": 19, ""gesture"": 22}, ""latency_ms"": {""pose"": 0, ""gesture"": 0}, ""svclat_ms"": {""pose"": 28.73, ""gesture"": 23.57}}, ""a4"": {""services"": [""pose"", ""gesture""], ""fps"": {""pose"": 19, ""gesture"": 30}, ""eff_fps"": {""pose"": 19, ""gesture"": 30}, ""latency_ms"": {""pose"": 0, ""gesture"": 0}, ""svclat_ms"": {""pose"": 31.44, ""gesture"": 20.84}}, ""a5"": {""services"": [""pose"", ""gesture""], ""fps"": {""pose"": 28, ""gesture"": 30}, ""eff_fps"": {""pose"": 28, ""gesture"": 30}, ""latency_ms"": {""pose"": 0, ""gesture"": 0}, ""svclat_ms"": {""pose"": 30.74, ""gesture"": 21.75}}, ""a6"": {""services"": [""pose"", ""gesture""], ""fps"": {""pose"": 29, ""gesture"": 30}, ""eff_fps"": {""pose"": 29, ""gesture"": 30}, ""latency_ms"": {""pose"": 0, ""gesture"": 0}, ""svclat_ms"": {""pose"": 31.26, ""gesture"": 23.91}}, ""a7"": {""services"": [""pose"", ""gesture""], ""fps"": {""pose"": 23, ""gesture"": 30}, ""eff_fps"": {""pose"": 23, ""gesture"": 30}, ""latency_ms"": {""pose"": 0, ""gesture"": 0}, ""svclat_ms"": {""pose"": 28.86, ""gesture"": 26.17}}, ""a8"": {""services"": [""pose"", ""gesture""], ""fps"": {""pose"": 19, ""gesture"": 25}, ""eff_fps"": {""pose"": 19, ""gesture"": 25}, ""latency_ms"": {""pose"": 0, ""gesture"": 0}, ""svclat_ms"": {""pose"": 42.07, ""gesture"": 20.36}}, ""a9"": {""services"": [""pose"", ""gesture""], ""fps"": {""pose"": 19, ""gesture"": 25}, ""eff_fps"": {""pose"": 19, ""gesture"": 25}, ""latency_ms"": {""pose"": 0, ""gesture"": 0}, ""svclat_ms"": {""pose"": 28.64, ""gesture"": 22.41}}, ""a10"": {""services"": [""pose"", ""gesture""], ""fps"": {""pose"": 29, ""gesture"": 30}, ""eff_fps"": {""pose"": 29, ""gesture"": 30}, ""latency_ms"": {""pose"": 0, ""gesture"": 0}, ""svclat_ms"": {""pose"": 30.38, ""gesture"": 20.16}}, ""a11"": {""services"": [""pose"", ""gesture""], ""fps"": {""pose"": 19, ""gesture"": 22}, ""eff_fps"": {""pose"": 19, ""gesture"": 22}, ""latency_ms"": {""pose"": 0, ""gesture"": 0}, ""svclat_ms"": {""pose"": 31.16, ""gesture"": 25.1}}, ""a12"": {""services"": [""pose"", ""gesture""], ""fps"": {""pose"": 29, ""gesture"": 30}, ""eff_fps"": {""pose"": 29, ""gesture"": 30}, ""latency_ms"": {""pose"": 0, ""gesture"": 0}, ""svclat_ms"": {""pose"": 31.27, ""gesture"": 21.1}}, ""z1"": {""services"": [""gesture"", ""object""], ""fps"": {""gesture"": 25, ""object"": 22}, ""eff_fps"": {""gesture"": 25, ""object"": 22}, ""latency_ms"": {""gesture"": 0, ""object"": 0}, ""svclat_ms"": {""gesture"": 18.9, ""object"": 26.3}}, ""z2"": {""services"": [""gesture"", ""object""], ""fps"": {""gesture"": 25, ""object"": 19}, ""eff_fps"": {""gesture"": 25, ""object"": 19}, ""latency_ms"": {""gesture"": 0, ""object"": 0}, ""svclat_ms"": {""gesture"": 21.94, ""object"": 39.58}}, ""z3"": {""services"": [""gesture"", ""object""], ""fps"": {""gesture"": 22, ""object"": 19}, ""eff_fps"": {""gesture"": 22, ""object"": 19}, ""latency_ms"": {""gesture"": 0, ""object"": 0}, ""svclat_ms"": {""gesture"": 32.72, ""object"": 30.68}}, ""z4"": {""services"": [""gesture"", ""object""], ""fps"": {""gesture"": 30, ""object"": 19}, ""eff_fps"": {""gesture"": 30, ""object"": 19}, ""latency_ms"": {""gesture"": 0, ""object"": 0}, ""svclat_ms"": {""gesture"": 21.1, ""object"": 36.31}}, ""z5"": {""services"": [""gesture"", ""object""], ""fps"": {""gesture"": 30, ""object"": 30}, ""eff_fps"": {""gesture"": 30, ""object"": 30}, ""latency_ms"": {""gesture"": 0, ""object"": 0}, ""svclat_ms"": {""gesture"": 22.82, ""object"": 30.54}}, ""z6"": {""services"": [""gesture"", ""object""], ""fps"": {""gesture"": 29, ""object"": 29}, ""eff_fps"": {""gesture"": 29, ""object"": 29}, ""latency_ms"": {""gesture"": 0, ""object"": 0}, ""svclat_ms"": {""gesture"": 24.74, ""object"": 30.15}}, ""z7"": {""services"": [""gesture"", ""object""], ""fps"": {""gesture"": 30, ""object"": 23}, ""eff_fps"": {""gesture"": 30, ""object"": 23}, ""latency_ms"": {""gesture"": 0, ""object"": 0}, ""svclat_ms"": {""gesture"": 22.4, ""object"": 30.51}}, ""z8"": {""services"": [""gesture"", ""object""], ""fps"": {""gesture"": 29, ""object"": 19}, ""eff_fps"": {""gesture"": 29, ""object"": 19}, ""latency_ms"": {""gesture"": 0, ""object"": 0}, ""svclat_ms"": {""gesture"": 23.78, ""object"": 39.97}}, ""z9"": {""services"": [""gesture"", ""object""], ""fps"": {""gesture"": 29, ""object"": 19}, ""eff_fps"": {""gesture"": 29, ""object"": 19}, ""latency_ms"": {""gesture"": 0, ""object"": 0}, ""svclat_ms"": {""gesture"": 26.4, ""object"": 40.95}}, ""z10"": {""services"": [""gesture"", ""object""], ""fps"": {""gesture"": 25, ""object"": 19}, ""eff_fps"": {""gesture"": 25, ""object"": 19}, ""latency_ms"": {""gesture"": 0, ""object"": 0}, ""svclat_ms"": {""gesture"": 19.83, ""object"": 40.58}}, ""z11"": {""services"": [""gesture"", ""object""], ""fps"": {""gesture"": 25, ""object"": 29}, ""eff_fps"": {""gesture"": 25, ""object"": 29}, ""latency_ms"": {""gesture"": 0, ""object"": 0}, ""svclat_ms"": {""gesture"": 20.67, ""object"": 30.67}}, ""z12"": {""services"": [""gesture"", ""object""], ""fps"": {""gesture"": 23, ""object"": 29}, ""eff_fps"": {""gesture"": 23, ""object"": 29}, ""latency_ms"": {""gesture"": 0, ""object"": 0}, ""svclat_ms"": {""gesture"": 31.41, ""object"": 29.98}}, ""b1"": {""services"": [""pose"", ""object""], ""fps"": {""pose"": 19, ""object"": 19}, ""eff_fps"": {""pose"": 19, ""object"": 19}, ""latency_ms"": {""pose"": 0, ""object"": 0}, ""svclat_ms"": {""pose"": 37.34, ""object"": 32.34}}, ""b2"": {""services"": [""pose"", ""object""], ""fps"": {""pose"": 22, ""object"": 22}, ""eff_fps"": {""pose"": 21, ""object"": 22}, ""latency_ms"": {""pose"": 0, ""object"": 0}, ""svclat_ms"": {""pose"": 38.59, ""object"": 27.57}}, ""b3"": {""services"": [""pose"", ""object""], ""fps"": {""pose"": 19, ""object"": 20}, ""eff_fps"": {""pose"": 19, ""object"": 20}, ""latency_ms"": {""pose"": 0, ""object"": 0}, ""svclat_ms"": {""pose"": 29.5, ""object"": 37.45}}, ""b4"": {""services"": [""pose"", ""object""], ""fps"": {""pose"": 19, ""object"": 19}, ""eff_fps"": {""pose"": 19, ""object"": 19}, ""latency_ms"": {""pose"": 0, ""object"": 0}, ""svclat_ms"": {""pose"": 39.27, ""object"": 36.71}}}"
142.1,28,28,1.0,0,0,13,19,19,1.0,1383.0,1357.0,0.981,0.0,0.68,0.0,22.31,26.75,22.19,22.31,26.75,22.19,0,0,0,31.86,23.79,32.65,1354,"{""ip-172-31-0-204"": ""healthy"", ""ip-172-31-1-171"": ""healthy"", ""ip-172-31-10-12"": ""healthy"", ""ip-172-31-11-132"": ""healthy"", ""ip-172-31-13-134"": ""healthy"", ""ip-172-31-14-68"": ""healthy"", ""ip-172-31-40-239"": ""healthy""}",subscribe,192.5,0.8077,0,0,"{""ip-172-31-0-204"": {""gesture"": 1, ""pose"": 1, ""object"": 1}, ""ip-172-31-10-12"": {""object"": 1, ""gesture"": 1}, ""ip-172-31-11-132"": {""object"": 1, ""pose"": 1, ""gesture"": 1}, ""ip-172-31-40-239"": {""gesture"": 1, ""pose"": 1}, ""ip-172-31-1-171"": {""pose"": 1, ""gesture"": 1, ""object"": 1}, ""ip-172-31-13-134"": {""pose"": 1, ""gesture"": 1, ""object"": 1}, ""ip-172-31-14-68"": {""pose"": 1, ""gesture"": 1, ""object"": 1}}","{""a1"": {""services"": [""pose"", ""gesture""], ""fps"": {""pose"": 23, ""gesture"": 25}, ""eff_fps"": {""pose"": 23, ""gesture"": 25}, ""latency_ms"": {""pose"": 0, ""gesture"": 0}, ""svclat_ms"": {""pose"": 31.65, ""gesture"": 20.84}}, ""a2"": {""services"": [""pose"", ""gesture""], ""fps"": {""pose"": 19, ""gesture"": 25}, ""eff_fps"": {""pose"": 19, ""gesture"": 25}, ""latency_ms"": {""pose"": 0, ""gesture"": 0}, ""svclat_ms"": {""pose"": 28.74, ""gesture"": 24.15}}, ""a3"": {""services"": [""pose"", ""gesture""], ""fps"": {""pose"": 19, ""gesture"": 22}, ""eff_fps"": {""pose"": 19, ""gesture"": 22}, ""latency_ms"": {""pose"": 0, ""gesture"": 0}, ""svclat_ms"": {""pose"": 27.03, ""gesture"": 23.18}}, ""a4"": {""services"": [""pose"", ""gesture""], ""fps"": {""pose"": 19, ""gesture"": 30}, ""eff_fps"": {""pose"": 19, ""gesture"": 30}, ""latency_ms"": {""pose"": 0, ""gesture"": 0}, ""svclat_ms"": {""pose"": 34.05, ""gesture"": 22.28}}, ""a5"": {""services"": [""pose"", ""gesture""], ""fps"": {""pose"": 29, ""gesture"": 30}, ""eff_fps"": {""pose"": 29, ""gesture"": 30}, ""latency_ms"": {""pose"": 0, ""gesture"": 0}, ""svclat_ms"": {""pose"": 28.69, ""gesture"": 24.58}}, ""a6"": {""services"": [""pose"", ""gesture""], ""fps"": {""pose"": 29, ""gesture"": 30}, ""eff_fps"": {""pose"": 29, ""gesture"": 30}, ""latency_ms"": {""pose"": 0, ""gesture"": 0}, ""svclat_ms"": {""pose"": 29.31, ""gesture"": 22.23}}, ""a7"": {""services"": [""pose"", ""gesture""], ""fps"": {""pose"": 23, ""gesture"": 30}, ""eff_fps"": {""pose"": 23, ""gesture"": 30}, ""latency_ms"": {""pose"": 0, ""gesture"": 0}, ""svclat_ms"": {""pose"": 31.79, ""gesture"": 27.28}}, ""a8"": {""services"": [""pose"", ""gesture""], ""fps"": {""pose"": 19, ""gesture"": 25}, ""eff_fps"": {""pose"": 19, ""gesture"": 25}, ""latency_ms"": {""pose"": 0, ""gesture"": 0}, ""svclat_ms"": {""pose"": 40.54, ""gesture"": 22.07}}, ""a9"": {""services"": [""pose"", ""gesture""], ""fps"": {""pose"": 20, ""gesture"": 25}, ""eff_fps"": {""pose"": 20, ""gesture"": 25}, ""latency_ms"": {""pose"": 0, ""gesture"": 0}, ""svclat_ms"": {""pose"": 27.36, ""gesture"": 22.83}}, ""a10"": {""services"": [""pose"", ""gesture""], ""fps"": {""pose"": 29, ""gesture"": 30}, ""eff_fps"": {""pose"": 29, ""gesture"": 30}, ""latency_ms"": {""pose"": 0, ""gesture"": 0}, ""svclat_ms"": {""pose"": 28.7, ""gesture"": 23.86}}, ""a11"": {""services"": [""pose"", ""gesture""], ""fps"": {""pose"": 19, ""gesture"": 22}, ""eff_fps"": {""pose"": 19, ""gesture"": 22}, ""latency_ms"": {""pose"": 0, ""gesture"": 0}, ""svclat_ms"": {""pose"": 33.2, ""gesture"": 22.97}}, ""a12"": {""services"": [""pose"", ""gesture""], ""fps"": {""pose"": 29, ""gesture"": 29}, ""eff_fps"": {""pose"": 29, ""gesture"": 29}, ""latency_ms"": {""pose"": 0, ""gesture"": 0}, ""svclat_ms"": {""pose"": 28.4, ""gesture"": 25.99}}, ""z1"": {""services"": [""gesture"", ""object""], ""fps"": {""gesture"": 25, ""object"": 22}, ""eff_fps"": {""gesture"": 25, ""object"": 22}, ""latency_ms"": {""gesture"": 0, ""object"": 0}, ""svclat_ms"": {""gesture"": 21.03, ""object"": 26.14}}, ""z2"": {""services"": [""gesture"", ""object""], ""fps"": {""gesture"": 24, ""object"": 19}, ""eff_fps"": {""gesture"": 24, ""object"": 19}, ""latency_ms"": {""gesture"": 0, ""object"": 0}, ""svclat_ms"": {""gesture"": 22.19, ""object"": 40.1}}, ""z3"": {""services"": [""gesture"", ""object""], ""fps"": {""gesture"": 22, ""object"": 19}, ""eff_fps"": {""gesture"": 22, ""object"": 19}, ""latency_ms"": {""gesture"": 0, ""object"": 0}, ""svclat_ms"": {""gesture"": 29.63, ""object"": 26.81}}, ""z4"": {""services"": [""gesture"", ""object""], ""fps"": {""gesture"": 30, ""object"": 19}, ""eff_fps"": {""gesture"": 30, ""object"": 19}, ""latency_ms"": {""gesture"": 0, ""object"": 0}, ""svclat_ms"": {""gesture"": 24.7, ""object"": 31.74}}, ""z5"": {""services"": [""gesture"", ""object""], ""fps"": {""gesture"": 29, ""object"": 29}, ""eff_fps"": {""gesture"": 29, ""object"": 29}, ""latency_ms"": {""gesture"": 0, ""object"": 0}, ""svclat_ms"": {""gesture"": 26.2, ""object"": 29.41}}, ""z6"": {""services"": [""gesture"", ""object""], ""fps"": {""gesture"": 29, ""object"": 29}, ""eff_fps"": {""gesture"": 29, ""object"": 29}, ""latency_ms"": {""gesture"": 0, ""object"": 0}, ""svclat_ms"": {""gesture"": 22.29, ""object"": 29.77}}, ""z7"": {""services"": [""gesture"", ""object""], ""fps"": {""gesture"": 29, ""object"": 21}, ""eff_fps"": {""gesture"": 29, ""object"": 21}, ""latency_ms"": {""gesture"": 0, ""object"": 0}, ""svclat_ms"": {""gesture"": 23.46, ""object"": 33.2}}, ""z8"": {""services"": [""gesture"", ""object""], ""fps"": {""gesture"": 29, ""object"": 19}, ""eff_fps"": {""gesture"": 29, ""object"": 19}, ""latency_ms"": {""gesture"": 0, ""object"": 0}, ""svclat_ms"": {""gesture"": 21.99, ""object"": 42.72}}, ""z9"": {""services"": [""gesture"", ""object""], ""fps"": {""gesture"": 30, ""object"": 19}, ""eff_fps"": {""gesture"": 30, ""object"": 19}, ""latency_ms"": {""gesture"": 0, ""object"": 0}, ""svclat_ms"": {""gesture"": 24.79, ""object"": 38.84}}, ""z10"": {""services"": [""gesture"", ""object""], ""fps"": {""gesture"": 25, ""object"": 20}, ""eff_fps"": {""gesture"": 25, ""object"": 20}, ""latency_ms"": {""gesture"": 0, ""object"": 0}, ""svclat_ms"": {""gesture"": 20.97, ""object"": 38.18}}, ""z11"": {""services"": [""gesture"", ""object""], ""fps"": {""gesture"": 25, ""object"": 29}, ""eff_fps"": {""gesture"": 25, ""object"": 29}, ""latency_ms"": {""gesture"": 0, ""object"": 0}, ""svclat_ms"": {""gesture"": 22.85, ""object"": 29.04}}, ""z12"": {""services"": [""gesture"", ""object""], ""fps"": {""gesture"": 22, ""object"": 30}, ""eff_fps"": {""gesture"": 22, ""object"": 30}, ""latency_ms"": {""gesture"": 0, ""object"": 0}, ""svclat_ms"": {""gesture"": 28.64, ""object"": 29.99}}, ""b1"": {""services"": [""pose"", ""object""], ""fps"": {""pose"": 19, ""object"": 19}, ""eff_fps"": {""pose"": 19, ""object"": 19}, ""latency_ms"": {""pose"": 0, ""object"": 0}, ""svclat_ms"": {""pose"": 34.46, ""object"": 32.23}}, ""b2"": {""services"": [""pose"", ""object""], ""fps"": {""pose"": 23, ""object"": 23}, ""eff_fps"": {""pose"": 23, ""object"": 23}, ""latency_ms"": {""pose"": 0, ""object"": 0}, ""svclat_ms"": {""pose"": 32.36, ""object"": 30.47}}, ""b3"": {""services"": [""pose"", ""object""], ""fps"": {""pose"": 19, ""object"": 19}, ""eff_fps"": {""pose"": 19, ""object"": 19}, ""latency_ms"": {""pose"": 0, ""object"": 0}, ""svclat_ms"": {""pose"": 28.69, ""object"": 30.09}}, ""b4"": {""services"": [""pose"", ""object""], ""fps"": {""pose"": 19, ""object"": 19}, ""eff_fps"": {""pose"": 19, ""object"": 19}, ""latency_ms"": {""pose"": 0, ""object"": 0}, ""svclat_ms"": {""pose"": 44.79, ""object"": 33.68}}, ""b5"": {""services"": [""pose"", ""object""], ""fps"": {""pose"": 0, ""object"": 0}, ""eff_fps"": {""pose"": 0, ""object"": 0}, ""latency_ms"": {""pose"": 0, ""object"": 0}, ""svclat_ms"": {""pose"": 0.0, ""object"": 0.0}}}"
145.7,29,29,1.0,0,0,13,19,19,1.0,1383.0,1355.0,0.98,0.0,0.66,0.0,20.71,27.0,20.76,20.71,27.0,20.76,0,0,0,34.37,21.99,32.03,1353,"{""ip-172-31-0-204"": ""healthy"", ""ip-172-31-1-171"": ""healthy"", ""ip-172-31-10-12"": ""healthy"", ""ip-172-31-11-132"": ""healthy"", ""ip-172-31-13-134"": ""healthy"", ""ip-172-31-14-68"": ""healthy"", ""ip-172-31-40-239"": ""healthy""}",subscribe,200.3,0.7787,0,0,"{""ip-172-31-0-204"": {""gesture"": 1, ""pose"": 1, ""object"": 1}, ""ip-172-31-10-12"": {""object"": 1, ""gesture"": 1}, ""ip-172-31-11-132"": {""object"": 1, ""pose"": 1, ""gesture"": 1}, ""ip-172-31-40-239"": {""gesture"": 1, ""pose"": 1}, ""ip-172-31-1-171"": {""pose"": 1, ""gesture"": 1, ""object"": 1}, ""ip-172-31-13-134"": {""pose"": 1, ""gesture"": 1, ""object"": 1}, ""ip-172-31-14-68"": {""pose"": 1, ""gesture"": 1, ""object"": 1}}","{""a1"": {""services"": [""pose"", ""gesture""], ""fps"": {""pose"": 22, ""gesture"": 25}, ""eff_fps"": {""pose"": 22, ""gesture"": 25}, ""latency_ms"": {""pose"": 0, ""gesture"": 0}, ""svclat_ms"": {""pose"": 43.07, ""gesture"": 20.61}}, ""a2"": {""services"": [""pose"", ""gesture""], ""fps"": {""pose"": 19, ""gesture"": 25}, ""eff_fps"": {""pose"": 19, ""gesture"": 25}, ""latency_ms"": {""pose"": 0, ""gesture"": 0}, ""svclat_ms"": {""pose"": 28.48, ""gesture"": 21.36}}, ""a3"": {""services"": [""pose"", ""gesture""], ""fps"": {""pose"": 19, ""gesture"": 22}, ""eff_fps"": {""pose"": 19, ""gesture"": 22}, ""latency_ms"": {""pose"": 0, ""gesture"": 0}, ""svclat_ms"": {""pose"": 28.16, ""gesture"": 22.23}}, ""a4"": {""services"": [""pose"", ""gesture""], ""fps"": {""pose"": 19, ""gesture"": 30}, ""eff_fps"": {""pose"": 19, ""gesture"": 30}, ""latency_ms"": {""pose"": 0, ""gesture"": 0}, ""svclat_ms"": {""pose"": 30.4, ""gesture"": 21.37}}, ""a5"": {""services"": [""pose"", ""gesture""], ""fps"": {""pose"": 19, ""gesture"": 29}, ""eff_fps"": {""pose"": 19, ""gesture"": 29}, ""latency_ms"": {""pose"": 0, ""gesture"": 0}, ""svclat_ms"": {""pose"": 28.3, ""gesture"": 20.67}}, ""a6"": {""services"": [""pose"", ""gesture""], ""fps"": {""pose"": 29, ""gesture"": 30}, ""eff_fps"": {""pose"": 29, ""gesture"": 30}, ""latency_ms"": {""pose"": 0, ""gesture"": 0}, ""svclat_ms"": {""pose"": 31.22, ""gesture"": 22.97}}, ""a7"": {""services"": [""pose"", ""gesture""], ""fps"": {""pose"": 22, ""gesture"": 30}, ""eff_fps"": {""pose"": 22, ""gesture"": 30}, ""latency_ms"": {""pose"": 0, ""gesture"": 0}, ""svclat_ms"": {""pose"": 42.79, ""gesture"": 23.82}}, ""a8"": {""services"": [""pose"", ""gesture""], ""fps"": {""pose"": 19, ""gesture"": 25}, ""eff_fps"": {""pose"": 19, ""gesture"": 25}, ""latency_ms"": {""pose"": 0, ""gesture"": 0}, ""svclat_ms"": {""pose"": 40.67, ""gesture"": 21.1}}, ""a9"": {""services"": [""pose"", ""gesture""], ""fps"": {""pose"": 18, ""gesture"": 25}, ""eff_fps"": {""pose"": 18, ""gesture"": 25}, ""latency_ms"": {""pose"": 0, ""gesture"": 0}, ""svclat_ms"": {""pose"": 29.15, ""gesture"": 21.79}}, ""a10"": {""services"": [""pose"", ""gesture""], ""fps"": {""pose"": 19, ""gesture"": 30}, ""eff_fps"": {""pose"": 19, ""gesture"": 30}, ""latency_ms"": {""pose"": 0, ""gesture"": 0}, ""svclat_ms"": {""pose"": 41.4, ""gesture"": 21.81}}, ""a11"": {""services"": [""pose"", ""gesture""], ""fps"": {""pose"": 19, ""gesture"": 23}, ""eff_fps"": {""pose"": 19, ""gesture"": 23}, ""latency_ms"": {""pose"": 0, ""gesture"": 0}, ""svclat_ms"": {""pose"": 29.12, ""gesture"": 23.99}}, ""a12"": {""services"": [""pose"", ""gesture""], ""fps"": {""pose"": 29, ""gesture"": 31}, ""eff_fps"": {""pose"": 29, ""gesture"": 31}, ""latency_ms"": {""pose"": 0, ""gesture"": 0}, ""svclat_ms"": {""pose"": 31.18, ""gesture"": 22.11}}, ""z1"": {""services"": [""gesture"", ""object""], ""fps"": {""gesture"": 25, ""object"": 22}, ""eff_fps"": {""gesture"": 25, ""object"": 22}, ""latency_ms"": {""gesture"": 0, ""object"": 0}, ""svclat_ms"": {""gesture"": 19.9, ""object"": 27.74}}, ""z2"": {""services"": [""gesture"", ""object""], ""fps"": {""gesture"": 25, ""object"": 19}, ""eff_fps"": {""gesture"": 25, ""object"": 19}, ""latency_ms"": {""gesture"": 0, ""object"": 0}, ""svclat_ms"": {""gesture"": 21.85, ""object"": 38.98}}, ""z3"": {""services"": [""gesture"", ""object""], ""fps"": {""gesture"": 22, ""object"": 19}, ""eff_fps"": {""gesture"": 22, ""object"": 19}, ""latency_ms"": {""gesture"": 0, ""object"": 0}, ""svclat_ms"": {""gesture"": 21.93, ""object"": 28.21}}, ""z4"": {""services"": [""gesture"", ""object""], ""fps"": {""gesture"": 30, ""object"": 19}, ""eff_fps"": {""gesture"": 30, ""object"": 19}, ""latency_ms"": {""gesture"": 0, ""object"": 0}, ""svclat_ms"": {""gesture"": 21.64, ""object"": 29.76}}, ""z5"": {""services"": [""gesture"", ""object""], ""fps"": {""gesture"": 30, ""object"": 19}, ""eff_fps"": {""gesture"": 30, ""object"": 19}, ""latency_ms"": {""gesture"": 0, ""object"": 0}, ""svclat_ms"": {""gesture"": 21.52, ""object"": 27.99}}, ""z6"": {""services"": [""gesture"", ""object""], ""fps"": {""gesture"": 29, ""object"": 29}, ""eff_fps"": {""gesture"": 29, ""object"": 29}, ""latency_ms"": {""gesture"": 0, ""object"": 0}, ""svclat_ms"": {""gesture"": 23.45, ""object"": 29.97}}, ""z7"": {""services"": [""gesture"", ""object""], ""fps"": {""gesture"": 31, ""object"": 22}, ""eff_fps"": {""gesture"": 31, ""object"": 22}, ""latency_ms"": {""gesture"": 0, ""object"": 0}, ""svclat_ms"": {""gesture"": 24.11, ""object"": 34.25}}, ""z8"": {""services"": [""gesture"", ""object""], ""fps"": {""gesture"": 29, ""object"": 19}, ""eff_fps"": {""gesture"": 29, ""object"": 19}, ""latency_ms"": {""gesture"": 0, ""object"": 0}, ""svclat_ms"": {""gesture"": 22.96, ""object"": 41.18}}, ""z9"": {""services"": [""gesture"", ""object""], ""fps"": {""gesture"": 30, ""object"": 19}, ""eff_fps"": {""gesture"": 30, ""object"": 19}, ""latency_ms"": {""gesture"": 0, ""object"": 0}, ""svclat_ms"": {""gesture"": 22.03, ""object"": 38.97}}, ""z10"": {""services"": [""gesture"", ""object""], ""fps"": {""gesture"": 25, ""object"": 19}, ""eff_fps"": {""gesture"": 25, ""object"": 19}, ""latency_ms"": {""gesture"": 0, ""object"": 0}, ""svclat_ms"": {""gesture"": 20.87, ""object"": 35.52}}, ""z11"": {""services"": [""gesture"", ""object""], ""fps"": {""gesture"": 25, ""object"": 19}, ""eff_fps"": {""gesture"": 25, ""object"": 19}, ""latency_ms"": {""gesture"": 0, ""object"": 0}, ""svclat_ms"": {""gesture"": 21.17, ""object"": 30.79}}, ""z12"": {""services"": [""gesture"", ""object""], ""fps"": {""gesture"": 22, ""object"": 29}, ""eff_fps"": {""gesture"": 22, ""object"": 29}, ""latency_ms"": {""gesture"": 0, ""object"": 0}, ""svclat_ms"": {""gesture"": 22.55, ""object"": 29.77}}, ""b1"": {""services"": [""pose"", ""object""], ""fps"": {""pose"": 19, ""object"": 19}, ""eff_fps"": {""pose"": 19, ""object"": 19}, ""latency_ms"": {""pose"": 0, ""object"": 0}, ""svclat_ms"": {""pose"": 34.37, ""object"": 29.81}}, ""b2"": {""services"": [""pose"", ""object""], ""fps"": {""pose"": 23, ""object"": 22}, ""eff_fps"": {""pose"": 23, ""object"": 22}, ""latency_ms"": {""pose"": 0, ""object"": 0}, ""svclat_ms"": {""pose"": 42.95, ""object"": 27.19}}, ""b3"": {""services"": [""pose"", ""object""], ""fps"": {""pose"": 19, ""object"": 20}, ""eff_fps"": {""pose"": 19, ""object"": 20}, ""latency_ms"": {""pose"": 0, ""object"": 0}, ""svclat_ms"": {""pose"": 28.61, ""object"": 30.36}}, ""b4"": {""services"": [""pose"", ""object""], ""fps"": {""pose"": 19, ""object"": 19}, ""eff_fps"": {""pose"": 19, ""object"": 19}, ""latency_ms"": {""pose"": 0, ""object"": 0}, ""svclat_ms"": {""pose"": 38.52, ""object"": 31.04}}, ""b5"": {""services"": [""pose"", ""object""], ""fps"": {""pose"": 19, ""object"": 19}, ""eff_fps"": {""pose"": 19, ""object"": 19}, ""latency_ms"": {""pose"": 0, ""object"": 0}, ""svclat_ms"": {""pose"": 35.88, ""object"": 32.93}}, ""b6"": {""services"": [""pose"", ""object""], ""fps"": {""pose"": 0, ""object"": 0}, ""eff_fps"": {""pose"": 0, ""object"": 0}, ""latency_ms"": {""pose"": 0, ""object"": 0}, ""svclat_ms"": {""pose"": 0.0, ""object"": 0.0}}}"
148.1,29,29,1.0,0,0,13,19,19,1.0,1383.0,1355.0,0.98,0.0,0.66,0.0,20.88,26.96,20.59,20.88,26.96,20.59,0,0,0,32.92,23.5,33.58,1352,"{""ip-172-31-0-204"": ""healthy"", ""ip-172-31-1-171"": ""healthy"", ""ip-172-31-10-12"": ""healthy"", ""ip-172-31-11-132"": ""healthy"", ""ip-172-31-13-134"": ""healthy"", ""ip-172-31-14-68"": ""healthy"", ""ip-172-31-40-239"": ""healthy""}",subscribe,200.3,0.7787,0,0,"{""ip-172-31-0-204"": {""gesture"": 1, ""pose"": 1, ""object"": 1}, ""ip-172-31-10-12"": {""object"": 1, ""gesture"": 1}, ""ip-172-31-11-132"": {""object"": 1, ""pose"": 1, ""gesture"": 1}, ""ip-172-31-40-239"": {""gesture"": 1, ""pose"": 1}, ""ip-172-31-1-171"": {""pose"": 1, ""gesture"": 1, ""object"": 1}, ""ip-172-31-13-134"": {""pose"": 1, ""gesture"": 1, ""object"": 1}, ""ip-172-31-14-68"": {""pose"": 1, ""gesture"": 1, ""object"": 1}}","{""a1"": {""services"": [""pose"", ""gesture""], ""fps"": {""pose"": 23, ""gesture"": 25}, ""eff_fps"": {""pose"": 23, ""gesture"": 25}, ""latency_ms"": {""pose"": 0, ""gesture"": 0}, ""svclat_ms"": {""pose"": 35.1, ""gesture"": 21.04}}, ""a2"": {""services"": [""pose"", ""gesture""], ""fps"": {""pose"": 19, ""gesture"": 25}, ""eff_fps"": {""pose"": 19, ""gesture"": 25}, ""latency_ms"": {""pose"": 0, ""gesture"": 0}, ""svclat_ms"": {""pose"": 30.33, ""gesture"": 22.39}}, ""a3"": {""services"": [""pose"", ""gesture""], ""fps"": {""pose"": 19, ""gesture"": 22}, ""eff_fps"": {""pose"": 19, ""gesture"": 22}, ""latency_ms"": {""pose"": 0, ""gesture"": 0}, ""svclat_ms"": {""pose"": 26.78, ""gesture"": 24.46}}, ""a4"": {""services"": [""pose"", ""gesture""], ""fps"": {""pose"": 19, ""gesture"": 30}, ""eff_fps"": {""pose"": 19, ""gesture"": 30}, ""latency_ms"": {""pose"": 0, ""gesture"": 0}, ""svclat_ms"": {""pose"": 30.11, ""gesture"": 21.31}}, ""a5"": {""services"": [""pose"", ""gesture""], ""fps"": {""pose"": 19, ""gesture"": 30}, ""eff_fps"": {""pose"": 19, ""gesture"": 30}, ""latency_ms"": {""pose"": 0, ""gesture"": 0}, ""svclat_ms"": {""pose"": 28.08, ""gesture"": 29.31}}, ""a6"": {""services"": [""pose"", ""gesture""], ""fps"": {""pose"": 29, ""gesture"": 29}, ""eff_fps"": {""pose"": 29, ""gesture"": 29}, ""latency_ms"": {""pose"": 0, ""gesture"": 0}, ""svclat_ms"": {""pose"": 29.93, ""gesture"": 22.11}}, ""a7"": {""services"": [""pose"", ""gesture""], ""fps"": {""pose"": 23, ""gesture"": 30}, ""eff_fps"": {""pose"": 23, ""gesture"": 30}, ""latency_ms"": {""pose"": 0, ""gesture"": 0}, ""svclat_ms"": {""pose"": 34.42, ""gesture"": 23.92}}, ""a8"": {""services"": [""pose"", ""gesture""], ""fps"": {""pose"": 19, ""gesture"": 25}, ""eff_fps"": {""pose"": 19, ""gesture"": 25}, ""latency_ms"": {""pose"": 0, ""gesture"": 0}, ""svclat_ms"": {""pose"": 41.29, ""gesture"": 21.71}}, ""a9"": {""services"": [""pose"", ""gesture""], ""fps"": {""pose"": 19, ""gesture"": 25}, ""eff_fps"": {""pose"": 19, ""gesture"": 25}, ""latency_ms"": {""pose"": 0, ""gesture"": 0}, ""svclat_ms"": {""pose"": 27.37, ""gesture"": 23.09}}, ""a10"": {""services"": [""pose"", ""gesture""], ""fps"": {""pose"": 19, ""gesture"": 30}, ""eff_fps"": {""pose"": 19, ""gesture"": 30}, ""latency_ms"": {""pose"": 0, ""gesture"": 0}, ""svclat_ms"": {""pose"": 41.75, ""gesture"": 20.89}}, ""a11"": {""services"": [""pose"", ""gesture""], ""fps"": {""pose"": 19, ""gesture"": 22}, ""eff_fps"": {""pose"": 19, ""gesture"": 22}, ""latency_ms"": {""pose"": 0, ""gesture"": 0}, ""svclat_ms"": {""pose"": 27.92, ""gesture"": 25.01}}, ""a12"": {""services"": [""pose"", ""gesture""], ""fps"": {""pose"": 29, ""gesture"": 30}, ""eff_fps"": {""pose"": 29, ""gesture"": 30}, ""latency_ms"": {""pose"": 0, ""gesture"": 0}, ""svclat_ms"": {""pose"": 29.9, ""gesture"": 29.97}}, ""z1"": {""services"": [""gesture"", ""object""], ""fps"": {""gesture"": 25, ""object"": 21}, ""eff_fps"": {""gesture"": 25, ""object"": 21}, ""latency_ms"": {""gesture"": 0, ""object"": 0}, ""svclat_ms"": {""gesture"": 19.19, ""object"": 26.08}}, ""z2"": {""services"": [""gesture"", ""object""], ""fps"": {""gesture"": 25, ""object"": 19}, ""eff_fps"": {""gesture"": 25, ""object"": 19}, ""latency_ms"": {""gesture"": 0, ""object"": 0}, ""svclat_ms"": {""gesture"": 22.62, ""object"": 40.79}}, ""z3"": {""services"": [""gesture"", ""object""], ""fps"": {""gesture"": 22, ""object"": 19}, ""eff_fps"": {""gesture"": 22, ""object"": 19}, ""latency_ms"": {""gesture"": 0, ""object"": 0}, ""svclat_ms"": {""gesture"": 23.5, ""object"": 27.19}}, ""z4"": {""services"": [""gesture"", ""object""], ""fps"": {""gesture"": 30, ""object"": 19}, ""eff_fps"": {""gesture"": 30, ""object"": 19}, ""latency_ms"": {""gesture"": 0, ""object"": 0}, ""svclat_ms"": {""gesture"": 22.12, ""object"": 38.81}}, ""z5"": {""services"": [""gesture"", ""object""], ""fps"": {""gesture"": 30, ""object"": 19}, ""eff_fps"": {""gesture"": 30, ""object"": 19}, ""latency_ms"": {""gesture"": 0, ""object"": 0}, ""svclat_ms"": {""gesture"": 29.21, ""object"": 28.18}}, ""z6"": {""services"": [""gesture"", ""object""], ""fps"": {""gesture"": 30, ""object"": 29}, ""eff_fps"": {""gesture"": 30, ""object"": 29}, ""latency_ms"": {""gesture"": 0, ""object"": 0}, ""svclat_ms"": {""gesture"": 22.81, ""object"": 30.59}}, ""z7"": {""services"": [""gesture"", ""object""], ""fps"": {""gesture"": 30, ""object"": 23}, ""eff_fps"": {""gesture"": 30, ""object"": 23}, ""latency_ms"": {""gesture"": 0, ""object"": 0}, ""svclat_ms"": {""gesture"": 23.1, ""object"": 31.11}}, ""z8"": {""services"": [""gesture"", ""object""], ""fps"": {""gesture"": 30, ""object"": 19}, ""eff_fps"": {""gesture"": 30, ""object"": 19}, ""latency_ms"": {""gesture"": 0, ""object"": 0}, ""svclat_ms"": {""gesture"": 23.52, ""object"": 41.0}}, ""z9"": {""services"": [""gesture"", ""object""], ""fps"": {""gesture"": 30, ""object"": 19}, ""eff_fps"": {""gesture"": 30, ""object"": 19}, ""latency_ms"": {""gesture"": 0, ""object"": 0}, ""svclat_ms"": {""gesture"": 25.63, ""object"": 39.28}}, ""z10"": {""services"": [""gesture"", ""object""], ""fps"": {""gesture"": 25, ""object"": 19}, ""eff_fps"": {""gesture"": 25, ""object"": 19}, ""latency_ms"": {""gesture"": 0, ""object"": 0}, ""svclat_ms"": {""gesture"": 20.67, ""object"": 45.05}}, ""z11"": {""services"": [""gesture"", ""object""], ""fps"": {""gesture"": 25, ""object"": 19}, ""eff_fps"": {""gesture"": 25, ""object"": 19}, ""latency_ms"": {""gesture"": 0, ""object"": 0}, ""svclat_ms"": {""gesture"": 23.05, ""object"": 30.38}}, ""z12"": {""services"": [""gesture"", ""object""], ""fps"": {""gesture"": 22, ""object"": 28}, ""eff_fps"": {""gesture"": 22, ""object"": 28}, ""latency_ms"": {""gesture"": 0, ""object"": 0}, ""svclat_ms"": {""gesture"": 23.38, ""object"": 30.59}}, ""b1"": {""services"": [""pose"", ""object""], ""fps"": {""pose"": 19, ""object"": 19}, ""eff_fps"": {""pose"": 19, ""object"": 19}, ""latency_ms"": {""pose"": 0, ""object"": 0}, ""svclat_ms"": {""pose"": 39.27, ""object"": 29.21}}, ""b2"": {""services"": [""pose"", ""object""], ""fps"": {""pose"": 23, ""object"": 22}, ""eff_fps"": {""pose"": 23, ""object"": 22}, ""latency_ms"": {""pose"": 0, ""object"": 0}, ""svclat_ms"": {""pose"": 37.07, ""object"": 28.4}}, ""b3"": {""services"": [""pose"", ""object""], ""fps"": {""pose"": 19, ""object"": 18}, ""eff_fps"": {""pose"": 19, ""object"": 18}, ""latency_ms"": {""pose"": 0, ""object"": 0}, ""svclat_ms"": {""pose"": 27.95, ""object"": 28.63}}, ""b4"": {""services"": [""pose"", ""object""], ""fps"": {""pose"": 19, ""object"": 19}, ""eff_fps"": {""pose"": 19, ""object"": 19}, ""latency_ms"": {""pose"": 0, ""object"": 0}, ""svclat_ms"": {""pose"": 37.0, ""object"": 42.12}}, ""b5"": {""services"": [""pose"", ""object""], ""fps"": {""pose"": 19, ""object"": 19}, ""eff_fps"": {""pose"": 19, ""object"": 19}, ""latency_ms"": {""pose"": 0, ""object"": 0}, ""svclat_ms"": {""pose"": 35.32, ""object"": 33.4}}, ""b6"": {""services"": [""pose"", ""object""], ""fps"": {""pose"": 0, ""object"": 0}, ""eff_fps"": {""pose"": 0, ""object"": 0}, ""latency_ms"": {""pose"": 0, ""object"": 0}, ""svclat_ms"": {""pose"": 0.0, ""object"": 0.0}}}"
151.0,30,30,1.0,0,0,13,19,19,1.0,1383.0,1353.0,0.978,0.0,0.63,0.0,19.61,26.88,19.5,19.61,26.88,19.5,0,0,0,31.84,23.39,32.52,1349,"{""ip-172-31-0-204"": ""healthy"", ""ip-172-31-1-171"": ""healthy"", ""ip-172-31-10-12"": ""healthy"", ""ip-172-31-11-132"": ""healthy"", ""ip-172-31-13-134"": ""healthy"", ""ip-172-31-14-68"": ""healthy"", ""ip-172-31-40-239"": ""healthy""}",subscribe,203.6,0.7517,0,0,"{""ip-172-31-0-204"": {""gesture"": 1, ""pose"": 1, ""object"": 1}, ""ip-172-31-10-12"": {""object"": 1, ""gesture"": 1}, ""ip-172-31-11-132"": {""object"": 1, ""pose"": 1, ""gesture"": 1}, ""ip-172-31-40-239"": {""gesture"": 1, ""pose"": 1}, ""ip-172-31-1-171"": {""pose"": 1, ""gesture"": 1, ""object"": 1}, ""ip-172-31-13-134"": {""pose"": 1, ""gesture"": 1, ""object"": 1}, ""ip-172-31-14-68"": {""pose"": 1, ""gesture"": 1, ""object"": 1}}","{""a1"": {""services"": [""pose"", ""gesture""], ""fps"": {""pose"": 23, ""gesture"": 25}, ""eff_fps"": {""pose"": 23, ""gesture"": 25}, ""latency_ms"": {""pose"": 0, ""gesture"": 0}, ""svclat_ms"": {""pose"": 39.41, ""gesture"": 25.73}}, ""a2"": {""services"": [""pose"", ""gesture""], ""fps"": {""pose"": 19, ""gesture"": 25}, ""eff_fps"": {""pose"": 19, ""gesture"": 25}, ""latency_ms"": {""pose"": 0, ""gesture"": 0}, ""svclat_ms"": {""pose"": 28.17, ""gesture"": 19.21}}, ""a3"": {""services"": [""pose"", ""gesture""], ""fps"": {""pose"": 19, ""gesture"": 22}, ""eff_fps"": {""pose"": 19, ""gesture"": 22}, ""latency_ms"": {""pose"": 0, ""gesture"": 0}, ""svclat_ms"": {""pose"": 26.73, ""gesture"": 21.84}}, ""a4"": {""services"": [""pose"", ""gesture""], ""fps"": {""pose"": 19, ""gesture"": 30}, ""eff_fps"": {""pose"": 19, ""gesture"": 30}, ""latency_ms"": {""pose"": 0, ""gesture"": 0}, ""svclat_ms"": {""pose"": 35.11, ""gesture"": 20.64}}, ""a5"": {""services"": [""pose"", ""gesture""], ""fps"": {""pose"": 19, ""gesture"": 30}, ""eff_fps"": {""pose"": 19, ""gesture"": 30}, ""latency_ms"": {""pose"": 0, ""gesture"": 0}, ""svclat_ms"": {""pose"": 26.98, ""gesture"": 28.44}}, ""a6"": {""services"": [""pose"", ""gesture""], ""fps"": {""pose"": 19, ""gesture"": 29}, ""eff_fps"": {""pose"": 19, ""gesture"": 29}, ""latency_ms"": {""pose"": 0, ""gesture"": 0}, ""svclat_ms"": {""pose"": 29.09, ""gesture"": 24.03}}, ""a7"": {""services"": [""pose"", ""gesture""], ""fps"": {""pose"": 23, ""gesture"": 30}, ""eff_fps"": {""pose"": 23, ""gesture"": 30}, ""latency_ms"": {""pose"": 0, ""gesture"": 0}, ""svclat_ms"": {""pose"": 36.82, ""gesture"": 25.34}}, ""a8"": {""services"": [""pose"", ""gesture""], ""fps"": {""pose"": 19, ""gesture"": 24}, ""eff_fps"": {""pose"": 19, ""gesture"": 24}, ""latency_ms"": {""pose"": 0, ""gesture"": 0}, ""svclat_ms"": {""pose"": 37.18, ""gesture"": 26.19}}, ""a9"": {""services"": [""pose"", ""gesture""], ""fps"": {""pose"": 19, ""gesture"": 25}, ""eff_fps"": {""pose"": 19, ""gesture"": 25}, ""latency_ms"": {""pose"": 0, ""gesture"": 0}, ""svclat_ms"": {""pose"": 27.32, ""gesture"": 20.33}}, ""a10"": {""services"": [""pose"", ""gesture""], ""fps"": {""pose"": 19, ""gesture"": 30}, ""eff_fps"": {""pose"": 19, ""gesture"": 30}, ""latency_ms"": {""pose"": 0, ""gesture"": 0}, ""svclat_ms"": {""pose"": 29.57, ""gesture"": 20.42}}, ""a11"": {""services"": [""pose"", ""gesture""], ""fps"": {""pose"": 19, ""gesture"": 22}, ""eff_fps"": {""pose"": 19, ""gesture"": 22}, ""latency_ms"": {""pose"": 0, ""gesture"": 0}, ""svclat_ms"": {""pose"": 29.23, ""gesture"": 22.49}}, ""a12"": {""services"": [""pose"", ""gesture""], ""fps"": {""pose"": 19, ""gesture"": 29}, ""eff_fps"": {""pose"": 19, ""gesture"": 29}, ""latency_ms"": {""pose"": 0, ""gesture"": 0}, ""svclat_ms"": {""pose"": 29.72, ""gesture"": 29.69}}, ""z1"": {""services"": [""gesture"", ""object""], ""fps"": {""gesture"": 25, ""object"": 23}, ""eff_fps"": {""gesture"": 25, ""object"": 23}, ""latency_ms"": {""gesture"": 0, ""object"": 0}, ""svclat_ms"": {""gesture"": 19.84, ""object"": 27.59}}, ""z2"": {""services"": [""gesture"", ""object""], ""fps"": {""gesture"": 26, ""object"": 19}, ""eff_fps"": {""gesture"": 26, ""object"": 19}, ""latency_ms"": {""gesture"": 0, ""object"": 0}, ""svclat_ms"": {""gesture"": 20.13, ""object"": 28.8}}, ""z3"": {""services"": [""gesture"", ""object""], ""fps"": {""gesture"": 22, ""object"": 19}, ""eff_fps"": {""gesture"": 22, ""object"": 19}, ""latency_ms"": {""gesture"": 0, ""object"": 0}, ""svclat_ms"": {""gesture"": 21.2, ""object"": 27.85}}, ""z4"": {""services"": [""gesture"", ""object""], ""fps"": {""gesture"": 30, ""object"": 19}, ""eff_fps"": {""gesture"": 30, ""object"": 19}, ""latency_ms"": {""gesture"": 0, ""object"": 0}, ""svclat_ms"": {""gesture"": 21.5, ""object"": 31.69}}, ""z5"": {""services"": [""gesture"", ""object""], ""fps"": {""gesture"": 29, ""object"": 19}, ""eff_fps"": {""gesture"": 29, ""object"": 19}, ""latency_ms"": {""gesture"": 0, ""object"": 0}, ""svclat_ms"": {""gesture"": 30.21, ""object"": 27.65}}, ""z6"": {""services"": [""gesture"", ""object""], ""fps"": {""gesture"": 30, ""object"": 19}, ""eff_fps"": {""gesture"": 30, ""object"": 19}, ""latency_ms"": {""gesture"": 0, ""object"": 0}, ""svclat_ms"": {""gesture"": 23.29, ""object"": 29.43}}, ""z7"": {""services"": [""gesture"", ""object""], ""fps"": {""gesture"": 30, ""object"": 22}, ""eff_fps"": {""gesture"": 30, ""object"": 22}, ""latency_ms"": {""gesture"": 0, ""object"": 0}, ""svclat_ms"": {""gesture"": 25.55, ""object"": 32.2}}, ""z8"": {""services"": [""gesture"", ""object""], ""fps"": {""gesture"": 30, ""object"": 19}, ""eff_fps"": {""gesture"": 30, ""object"": 19}, ""latency_ms"": {""gesture"": 0, ""object"": 0}, ""svclat_ms"": {""gesture"": 24.0, ""object"": 40.76}}, ""z9"": {""services"": [""gesture"", ""object""], ""fps"": {""gesture"": 30, ""object"": 19}, ""eff_fps"": {""gesture"": 30, ""object"": 19}, ""latency_ms"": {""gesture"": 0, ""object"": 0}, ""svclat_ms"": {""gesture"": 25.49, ""object"": 41.38}}, ""z10"": {""services"": [""gesture"", ""object""], ""fps"": {""gesture"": 25, ""object"": 18}, ""eff_fps"": {""gesture"": 25, ""object"": 18}, ""latency_ms"": {""gesture"": 0, ""object"": 0}, ""svclat_ms"": {""gesture"": 25.29, ""object"": 43.19}}, ""z11"": {""services"": [""gesture"", ""object""], ""fps"": {""gesture"": 25, ""object"": 19}, ""eff_fps"": {""gesture"": 25, ""object"": 19}, ""latency_ms"": {""gesture"": 0, ""object"": 0}, ""svclat_ms"": {""gesture"": 19.57, ""object"": 28.75}}, ""z12"": {""services"": [""gesture"", ""object""], ""fps"": {""gesture"": 22, ""object"": 19}, ""eff_fps"": {""gesture"": 22, ""object"": 19}, ""latency_ms"": {""gesture"": 0, ""object"": 0}, ""svclat_ms"": {""gesture"": 20.87, ""object"": 28.94}}, ""b1"": {""services"": [""pose"", ""object""], ""fps"": {""pose"": 19, ""object"": 19}, ""eff_fps"": {""pose"": 19, ""object"": 19}, ""latency_ms"": {""pose"": 0, ""object"": 0}, ""svclat_ms"": {""pose"": 35.29, ""object"": 29.42}}, ""b2"": {""services"": [""pose"", ""object""], ""fps"": {""pose"": 23, ""object"": 22}, ""eff_fps"": {""pose"": 23, ""object"": 22}, ""latency_ms"": {""pose"": 0, ""object"": 0}, ""svclat_ms"": {""pose"": 29.73, ""object"": 31.07}}, ""b3"": {""services"": [""pose"", ""object""], ""fps"": {""pose"": 19, ""object"": 19}, ""eff_fps"": {""pose"": 19, ""object"": 19}, ""latency_ms"": {""pose"": 0, ""object"": 0}, ""svclat_ms"": {""pose"": 27.96, ""object"": 29.81}}, ""b4"": {""services"": [""pose"", ""object""], ""fps"": {""pose"": 19, ""object"": 19}, ""eff_fps"": {""pose"": 19, ""object"": 19}, ""latency_ms"": {""pose"": 0, ""object"": 0}, ""svclat_ms"": {""pose"": 39.13, ""object"": 38.96}}, ""b5"": {""services"": [""pose"", ""object""], ""fps"": {""pose"": 18, ""object"": 19}, ""eff_fps"": {""pose"": 18, ""object"": 19}, ""latency_ms"": {""pose"": 0, ""object"": 0}, ""svclat_ms"": {""pose"": 27.7, ""object"": 31.17}}, ""b6"": {""services"": [""pose"", ""object""], ""fps"": {""pose"": 19, ""object"": 19}, ""eff_fps"": {""pose"": 19, ""object"": 19}, ""latency_ms"": {""pose"": 0, ""object"": 0}, ""svclat_ms"": {""pose"": 37.97, ""object"": 36.73}}, ""b7"": {""services"": [""pose"", ""object""], ""fps"": {""pose"": 0, ""object"": 0}, ""eff_fps"": {""pose"": 0, ""object"": 0}, ""latency_ms"": {""pose"": 0, ""object"": 0}, ""svclat_ms"": {""pose"": 0.0, ""object"": 0.0}}}"
154.5,30,30,1.0,0,0,13,19,19,1.0,1383.0,1353.0,0.978,0.0,0.63,0.0,18.21,27.0,18.53,18.11,27.0,18.53,0,0,0,34.19,24.15,32.69,1346,"{""ip-172-31-0-204"": ""healthy"", ""ip-172-31-1-171"": ""healthy"", ""ip-172-31-10-12"": ""healthy"", ""ip-172-31-11-132"": ""healthy"", ""ip-172-31-13-134"": ""healthy"", ""ip-172-31-14-68"": ""healthy"", ""ip-172-31-40-239"": ""healthy""}",subscribe,203.6,0.7517,0,0,"{""ip-172-31-0-204"": {""gesture"": 1, ""pose"": 1, ""object"": 1}, ""ip-172-31-10-12"": {""object"": 1, ""gesture"": 1}, ""ip-172-31-11-132"": {""object"": 1, ""pose"": 1, ""gesture"": 1}, ""ip-172-31-40-239"": {""gesture"": 1, ""pose"": 1}, ""ip-172-31-1-171"": {""pose"": 1, ""gesture"": 1, ""object"": 1}, ""ip-172-31-13-134"": {""pose"": 1, ""gesture"": 1, ""object"": 1}, ""ip-172-31-14-68"": {""pose"": 1, ""gesture"": 1, ""object"": 1}}","{""a1"": {""services"": [""pose"", ""gesture""], ""fps"": {""pose"": 17, ""gesture"": 25}, ""eff_fps"": {""pose"": 17, ""gesture"": 25}, ""latency_ms"": {""pose"": 0, ""gesture"": 0}, ""svclat_ms"": {""pose"": 27.59, ""gesture"": 18.82}}, ""a2"": {""services"": [""pose"", ""gesture""], ""fps"": {""pose"": 17, ""gesture"": 25}, ""eff_fps"": {""pose"": 16, ""gesture"": 25}, ""latency_ms"": {""pose"": 0, ""gesture"": 0}, ""svclat_ms"": {""pose"": 52.86, ""gesture"": 21.64}}, ""a3"": {""services"": [""pose"", ""gesture""], ""fps"": {""pose"": 19, ""gesture"": 22}, ""eff_fps"": {""pose"": 19, ""gesture"": 22}, ""latency_ms"": {""pose"": 0, ""gesture"": 0}, ""svclat_ms"": {""pose"": 27.33, ""gesture"": 24.15}}, ""a4"": {""services"": [""pose"", ""gesture""], ""fps"": {""pose"": 19, ""gesture"": 30}, ""eff_fps"": {""pose"": 19, ""gesture"": 30}, ""latency_ms"": {""pose"": 0, ""gesture"": 0}, ""svclat_ms"": {""pose"": 30.53, ""gesture"": 21.14}}, ""a5"": {""services"": [""pose"", ""gesture""], ""fps"": {""pose"": 19, ""gesture"": 30}, ""eff_fps"": {""pose"": 19, ""gesture"": 30}, ""latency_ms"": {""pose"": 0, ""gesture"": 0}, ""svclat_ms"": {""pose"": 28.78, ""gesture"": 27.26}}, ""a6"": {""services"": [""pose"", ""gesture""], ""fps"": {""pose"": 19, ""gesture"": 30}, ""eff_fps"": {""pose"": 19, ""gesture"": 30}, ""latency_ms"": {""pose"": 0, ""gesture"": 0}, ""svclat_ms"": {""pose"": 30.36, ""gesture"": 23.24}}, ""a7"": {""services"": [""pose"", ""gesture""], ""fps"": {""pose"": 17, ""gesture"": 29}, ""eff_fps"": {""pose"": 17, ""gesture"": 29}, ""latency_ms"": {""pose"": 0, ""gesture"": 0}, ""svclat_ms"": {""pose"": 36.09, ""gesture"": 28.38}}, ""a8"": {""services"": [""pose"", ""gesture""], ""fps"": {""pose"": 17, ""gesture"": 25}, ""eff_fps"": {""pose"": 16, ""gesture"": 25}, ""latency_ms"": {""pose"": 0, ""gesture"": 0}, ""svclat_ms"": {""pose"": 55.92, ""gesture"": 19.29}}, ""a9"": {""services"": [""pose"", ""gesture""], ""fps"": {""pose"": 19, ""gesture"": 25}, ""eff_fps"": {""pose"": 19, ""gesture"": 25}, ""latency_ms"": {""pose"": 0, ""gesture"": 0}, ""svclat_ms"": {""pose"": 28.32, ""gesture"": 22.0}}, ""a10"": {""services"": [""pose"", ""gesture""], ""fps"": {""pose"": 19, ""gesture"": 30}, ""eff_fps"": {""pose"": 19, ""gesture"": 30}, ""latency_ms"": {""pose"": 0, ""gesture"": 0}, ""svclat_ms"": {""pose"": 31.11, ""gesture"": 21.5}}, ""a11"": {""services"": [""pose"", ""gesture""], ""fps"": {""pose"": 19, ""gesture"": 23}, ""eff_fps"": {""pose"": 19, ""gesture"": 23}, ""latency_ms"": {""pose"": 0, ""gesture"": 0}, ""svclat_ms"": {""pose"": 30.28, ""gesture"": 29.82}}, ""a12"": {""services"": [""pose"", ""gesture""], ""fps"": {""pose"": 19, ""gesture"": 30}, ""eff_fps"": {""pose"": 19, ""gesture"": 30}, ""latency_ms"": {""pose"": 0, ""gesture"": 0}, ""svclat_ms"": {""pose"": 29.14, ""gesture"": 28.21}}, ""z1"": {""services"": [""gesture"", ""object""], ""fps"": {""gesture"": 25, ""object"": 17}, ""eff_fps"": {""gesture"": 25, ""object"": 17}, ""latency_ms"": {""gesture"": 0, ""object"": 0}, ""svclat_ms"": {""gesture"": 19.97, ""object"": 28.78}}, ""z2"": {""services"": [""gesture"", ""object""], ""fps"": {""gesture"": 26, ""object"": 19}, ""eff_fps"": {""gesture"": 26, ""object"": 19}, ""latency_ms"": {""gesture"": 0, ""object"": 0}, ""svclat_ms"": {""gesture"": 22.07, ""object"": 27.9}}, ""z3"": {""services"": [""gesture"", ""object""], ""fps"": {""gesture"": 22, ""object"": 19}, ""eff_fps"": {""gesture"": 22, ""object"": 19}, ""latency_ms"": {""gesture"": 0, ""object"": 0}, ""svclat_ms"": {""gesture"": 28.17, ""object"": 30.91}}, ""z4"": {""services"": [""gesture"", ""object""], ""fps"": {""gesture"": 30, ""object"": 19}, ""eff_fps"": {""gesture"": 30, ""object"": 19}, ""latency_ms"": {""gesture"": 0, ""object"": 0}, ""svclat_ms"": {""gesture"": 22.56, ""object"": 31.42}}, ""z5"": {""services"": [""gesture"", ""object""], ""fps"": {""gesture"": 30, ""object"": 19}, ""eff_fps"": {""gesture"": 30, ""object"": 19}, ""latency_ms"": {""gesture"": 0, ""object"": 0}, ""svclat_ms"": {""gesture"": 27.1, ""object"": 28.18}}, ""z6"": {""services"": [""gesture"", ""object""], ""fps"": {""gesture"": 30, ""object"": 19}, ""eff_fps"": {""gesture"": 30, ""object"": 19}, ""latency_ms"": {""gesture"": 0, ""object"": 0}, ""svclat_ms"": {""gesture"": 22.26, ""object"": 29.1}}, ""z7"": {""services"": [""gesture"", ""object""], ""fps"": {""gesture"": 30, ""object"": 18}, ""eff_fps"": {""gesture"": 30, ""object"": 18}, ""latency_ms"": {""gesture"": 0, ""object"": 0}, ""svclat_ms"": {""gesture"": 28.11, ""object"": 31.28}}, ""z8"": {""services"": [""gesture"", ""object""], ""fps"": {""gesture"": 30, ""object"": 19}, ""eff_fps"": {""gesture"": 30, ""object"": 19}, ""latency_ms"": {""gesture"": 0, ""object"": 0}, ""svclat_ms"": {""gesture"": 23.32, ""object"": 39.62}}, ""z9"": {""services"": [""gesture"", ""object""], ""fps"": {""gesture"": 29, ""object"": 19}, ""eff_fps"": {""gesture"": 29, ""object"": 19}, ""latency_ms"": {""gesture"": 0, ""object"": 0}, ""svclat_ms"": {""gesture"": 30.35, ""object"": 41.73}}, ""z10"": {""services"": [""gesture"", ""object""], ""fps"": {""gesture"": 25, ""object"": 19}, ""eff_fps"": {""gesture"": 25, ""object"": 19}, ""latency_ms"": {""gesture"": 0, ""object"": 0}, ""svclat_ms"": {""gesture"": 18.69, ""object"": 41.98}}, ""z11"": {""services"": [""gesture"", ""object""], ""fps"": {""gesture"": 25, ""object"": 19}, ""eff_fps"": {""gesture"": 25, ""object"": 19}, ""latency_ms"": {""gesture"": 0, ""object"": 0}, ""svclat_ms"": {""gesture"": 22.97, ""object"": 29.69}}, ""z12"": {""services"": [""gesture"", ""object""], ""fps"": {""gesture"": 22, ""object"": 19}, ""eff_fps"": {""gesture"": 22, ""object"": 19}, ""latency_ms"": {""gesture"": 0, ""object"": 0}, ""svclat_ms"": {""gesture"": 28.58, ""object"": 28.11}}, ""b1"": {""services"": [""pose"", ""object""], ""fps"": {""pose"": 19, ""object"": 19}, ""eff_fps"": {""pose"": 19, ""object"": 19}, ""latency_ms"": {""pose"": 0, ""object"": 0}, ""svclat_ms"": {""pose"": 42.32, ""object"": 28.44}}, ""b2"": {""services"": [""pose"", ""object""], ""fps"": {""pose"": 17, ""object"": 17}, ""eff_fps"": {""pose"": 17, ""object"": 17}, ""latency_ms"": {""pose"": 0, ""object"": 0}, ""svclat_ms"": {""pose"": 25.99, ""object"": 29.94}}, ""b3"": {""services"": [""pose"", ""object""], ""fps"": {""pose"": 19, ""object"": 19}, ""eff_fps"": {""pose"": 19, ""object"": 19}, ""latency_ms"": {""pose"": 0, ""object"": 0}, ""svclat_ms"": {""pose"": 29.29, ""object"": 35.84}}, ""b4"": {""services"": [""pose"", ""object""], ""fps"": {""pose"": 19, ""object"": 19}, ""eff_fps"": {""pose"": 19, ""object"": 19}, ""latency_ms"": {""pose"": 0, ""object"": 0}, ""svclat_ms"": {""pose"": 40.01, ""object"": 39.65}}, ""b5"": {""services"": [""pose"", ""object""], ""fps"": {""pose"": 18, ""object"": 19}, ""eff_fps"": {""pose"": 18, ""object"": 19}, ""latency_ms"": {""pose"": 0, ""object"": 0}, ""svclat_ms"": {""pose"": 28.87, ""object"": 32.35}}, ""b6"": {""services"": [""pose"", ""object""], ""fps"": {""pose"": 19, ""object"": 19}, ""eff_fps"": {""pose"": 19, ""object"": 19}, ""latency_ms"": {""pose"": 0, ""object"": 0}, ""svclat_ms"": {""pose"": 40.01, ""object"": 36.29}}, ""b7"": {""services"": [""pose"", ""object""], ""fps"": {""pose"": 15, ""object"": 15}, ""eff_fps"": {""pose"": 15, ""object"": 15}, ""latency_ms"": {""pose"": 0, ""object"": 0}, ""svclat_ms"": {""pose"": 34.83, ""object"": 29.87}}}"
156.9,31,31,1.0,0,0,13,19,19,1.0,1383.0,1354.0,0.979,0.0,0.61,0.0,18.53,26.88,18.63,18.53,26.88,18.63,0,0,0,32.71,25.59,33.01,1351,"{""ip-172-31-0-204"": ""healthy"", ""ip-172-31-1-171"": ""healthy"", ""ip-172-31-10-12"": ""healthy"", ""ip-172-31-11-132"": ""healthy"", ""ip-172-31-13-134"": ""healthy"", ""ip-172-31-14-68"": ""healthy"", ""ip-172-31-40-239"": ""healthy""}",subscribe,206.3,0.728,0,0,"{""ip-172-31-0-204"": {""gesture"": 1, ""pose"": 1, ""object"": 1}, ""ip-172-31-10-12"": {""object"": 1, ""gesture"": 1}, ""ip-172-31-11-132"": {""object"": 1, ""pose"": 1, ""gesture"": 1}, ""ip-172-31-40-239"": {""gesture"": 1, ""pose"": 1}, ""ip-172-31-1-171"": {""pose"": 1, ""gesture"": 1, ""object"": 1}, ""ip-172-31-13-134"": {""pose"": 1, ""gesture"": 1, ""object"": 1}, ""ip-172-31-14-68"": {""pose"": 1, ""gesture"": 1, ""object"": 1}}","{""a1"": {""services"": [""pose"", ""gesture""], ""fps"": {""pose"": 17, ""gesture"": 25}, ""eff_fps"": {""pose"": 17, ""gesture"": 25}, ""latency_ms"": {""pose"": 0, ""gesture"": 0}, ""svclat_ms"": {""pose"": 30.84, ""gesture"": 20.96}}, ""a2"": {""services"": [""pose"", ""gesture""], ""fps"": {""pose"": 19, ""gesture"": 25}, ""eff_fps"": {""pose"": 19, ""gesture"": 25}, ""latency_ms"": {""pose"": 0, ""gesture"": 0}, ""svclat_ms"": {""pose"": 32.2, ""gesture"": 32.29}}, ""a3"": {""services"": [""pose"", ""gesture""], ""fps"": {""pose"": 19, ""gesture"": 22}, ""eff_fps"": {""pose"": 19, ""gesture"": 22}, ""latency_ms"": {""pose"": 0, ""gesture"": 0}, ""svclat_ms"": {""pose"": 28.01, ""gesture"": 23.17}}, ""a4"": {""services"": [""pose"", ""gesture""], ""fps"": {""pose"": 19, ""gesture"": 30}, ""eff_fps"": {""pose"": 19, ""gesture"": 30}, ""latency_ms"": {""pose"": 0, ""gesture"": 0}, ""svclat_ms"": {""pose"": 35.65, ""gesture"": 23.8}}, ""a5"": {""services"": [""pose"", ""gesture""], ""fps"": {""pose"": 19, ""gesture"": 29}, ""eff_fps"": {""pose"": 19, ""gesture"": 29}, ""latency_ms"": {""pose"": 0, ""gesture"": 0}, ""svclat_ms"": {""pose"": 27.8, ""gesture"": 27.88}}, ""a6"": {""services"": [""pose"", ""gesture""], ""fps"": {""pose"": 19, ""gesture"": 30}, ""eff_fps"": {""pose"": 19, ""gesture"": 30}, ""latency_ms"": {""pose"": 0, ""gesture"": 0}, ""svclat_ms"": {""pose"": 31.12, ""gesture"": 26.18}}, ""a7"": {""services"": [""pose"", ""gesture""], ""fps"": {""pose"": 17, ""gesture"": 30}, ""eff_fps"": {""pose"": 17, ""gesture"": 30}, ""latency_ms"": {""pose"": 0, ""gesture"": 0}, ""svclat_ms"": {""pose"": 44.58, ""gesture"": 29.46}}, ""a8"": {""services"": [""pose"", ""gesture""], ""fps"": {""pose"": 19, ""gesture"": 24}, ""eff_fps"": {""pose"": 19, ""gesture"": 24}, ""latency_ms"": {""pose"": 0, ""gesture"": 0}, ""svclat_ms"": {""pose"": 31.99, ""gesture"": 24.17}}, ""a9"": {""services"": [""pose"", ""gesture""], ""fps"": {""pose"": 19, ""gesture"": 25}, ""eff_fps"": {""pose"": 19, ""gesture"": 25}, ""latency_ms"": {""pose"": 0, ""gesture"": 0}, ""svclat_ms"": {""pose"": 28.14, ""gesture"": 23.89}}, ""a10"": {""services"": [""pose"", ""gesture""], ""fps"": {""pose"": 19, ""gesture"": 30}, ""eff_fps"": {""pose"": 19, ""gesture"": 30}, ""latency_ms"": {""pose"": 0, ""gesture"": 0}, ""svclat_ms"": {""pose"": 30.69, ""gesture"": 20.86}}, ""a11"": {""services"": [""pose"", ""gesture""], ""fps"": {""pose"": 19, ""gesture"": 22}, ""eff_fps"": {""pose"": 19, ""gesture"": 22}, ""latency_ms"": {""pose"": 0, ""gesture"": 0}, ""svclat_ms"": {""pose"": 32.25, ""gesture"": 26.29}}, ""a12"": {""services"": [""pose"", ""gesture""], ""fps"": {""pose"": 19, ""gesture"": 29}, ""eff_fps"": {""pose"": 19, ""gesture"": 29}, ""latency_ms"": {""pose"": 0, ""gesture"": 0}, ""svclat_ms"": {""pose"": 30.82, ""gesture"": 28.95}}, ""z1"": {""services"": [""gesture"", ""object""], ""fps"": {""gesture"": 25, ""object"": 17}, ""eff_fps"": {""gesture"": 25, ""object"": 17}, ""latency_ms"": {""gesture"": 0, ""object"": 0}, ""svclat_ms"": {""gesture"": 18.49, ""object"": 28.3}}, ""z2"": {""services"": [""gesture"", ""object""], ""fps"": {""gesture"": 26, ""object"": 19}, ""eff_fps"": {""gesture"": 26, ""object"": 19}, ""latency_ms"": {""gesture"": 0, ""object"": 0}, ""svclat_ms"": {""gesture"": 25.48, ""object"": 34.3}}, ""z3"": {""services"": [""gesture"", ""object""], ""fps"": {""gesture"": 22, ""object"": 19}, ""eff_fps"": {""gesture"": 22, ""object"": 19}, ""latency_ms"": {""gesture"": 0, ""object"": 0}, ""svclat_ms"": {""gesture"": 23.76, ""object"": 27.51}}, ""z4"": {""services"": [""gesture"", ""object""], ""fps"": {""gesture"": 30, ""object"": 19}, ""eff_fps"": {""gesture"": 30, ""object"": 19}, ""latency_ms"": {""gesture"": 0, ""object"": 0}, ""svclat_ms"": {""gesture"": 24.29, ""object"": 31.88}}, ""z5"": {""services"": [""gesture"", ""object""], ""fps"": {""gesture"": 29, ""object"": 19}, ""eff_fps"": {""gesture"": 29, ""object"": 19}, ""latency_ms"": {""gesture"": 0, ""object"": 0}, ""svclat_ms"": {""gesture"": 29.27, ""object"": 29.3}}, ""z6"": {""services"": [""gesture"", ""object""], ""fps"": {""gesture"": 30, ""object"": 19}, ""eff_fps"": {""gesture"": 30, ""object"": 19}, ""latency_ms"": {""gesture"": 0, ""object"": 0}, ""svclat_ms"": {""gesture"": 25.84, ""object"": 32.41}}, ""z7"": {""services"": [""gesture"", ""object""], ""fps"": {""gesture"": 30, ""object"": 18}, ""eff_fps"": {""gesture"": 30, ""object"": 18}, ""latency_ms"": {""gesture"": 0, ""object"": 0}, ""svclat_ms"": {""gesture"": 30.0, ""object"": 33.31}}, ""z8"": {""services"": [""gesture"", ""object""], ""fps"": {""gesture"": 30, ""object"": 19}, ""eff_fps"": {""gesture"": 30, ""object"": 19}, ""latency_ms"": {""gesture"": 0, ""object"": 0}, ""svclat_ms"": {""gesture"": 26.29, ""object"": 42.51}}, ""z9"": {""services"": [""gesture"", ""object""], ""fps"": {""gesture"": 30, ""object"": 19}, ""eff_fps"": {""gesture"": 30, ""object"": 19}, ""latency_ms"": {""gesture"": 0, ""object"": 0}, ""svclat_ms"": {""gesture"": 30.62, ""object"": 37.78}}, ""z10"": {""services"": [""gesture"", ""object""], ""fps"": {""gesture"": 25, ""object"": 19}, ""eff_fps"": {""gesture"": 25, ""object"": 19}, ""latency_ms"": {""gesture"": 0, ""object"": 0}, ""svclat_ms"": {""gesture"": 22.89, ""object"": 31.44}}, ""z11"": {""services"": [""gesture"", ""object""], ""fps"": {""gesture"": 25, ""object"": 19}, ""eff_fps"": {""gesture"": 25, ""object"": 19}, ""latency_ms"": {""gesture"": 0, ""object"": 0}, ""svclat_ms"": {""gesture"": 24.94, ""object"": 30.72}}, ""z12"": {""services"": [""gesture"", ""object""], ""fps"": {""gesture"": 22, ""object"": 19}, ""eff_fps"": {""gesture"": 22, ""object"": 19}, ""latency_ms"": {""gesture"": 0, ""object"": 0}, ""svclat_ms"": {""gesture"": 24.27, ""object"": 30.54}}, ""b1"": {""services"": [""pose"", ""object""], ""fps"": {""pose"": 19, ""object"": 19}, ""eff_fps"": {""pose"": 19, ""object"": 19}, ""latency_ms"": {""pose"": 0, ""object"": 0}, ""svclat_ms"": {""pose"": 29.71, ""object"": 31.57}}, ""b2"": {""services"": [""pose"", ""object""], ""fps"": {""pose"": 17, ""object"": 17}, ""eff_fps"": {""pose"": 17, ""object"": 17}, ""latency_ms"": {""pose"": 0, ""object"": 0}, ""svclat_ms"": {""pose"": 25.82, ""object"": 31.89}}, ""b3"": {""services"": [""pose"", ""object""], ""fps"": {""pose"": 19, ""object"": 19}, ""eff_fps"": {""pose"": 19, ""object"": 19}, ""latency_ms"": {""pose"": 0, ""object"": 0}, ""svclat_ms"": {""pose"": 29.3, ""object"": 30.88}}, ""b4"": {""services"": [""pose"", ""object""], ""fps"": {""pose"": 19, ""object"": 19}, ""eff_fps"": {""pose"": 19, ""object"": 19}, ""latency_ms"": {""pose"": 0, ""object"": 0}, ""svclat_ms"": {""pose"": 41.99, ""object"": 40.08}}, ""b5"": {""services"": [""pose"", ""object""], ""fps"": {""pose"": 18, ""object"": 19}, ""eff_fps"": {""pose"": 18, ""object"": 19}, ""latency_ms"": {""pose"": 0, ""object"": 0}, ""svclat_ms"": {""pose"": 28.72, ""object"": 32.74}}, ""b6"": {""services"": [""pose"", ""object""], ""fps"": {""pose"": 19, ""object"": 19}, ""eff_fps"": {""pose"": 19, ""object"": 19}, ""latency_ms"": {""pose"": 0, ""object"": 0}, ""svclat_ms"": {""pose"": 39.59, ""object"": 40.11}}, ""b7"": {""services"": [""pose"", ""object""], ""fps"": {""pose"": 17, ""object"": 17}, ""eff_fps"": {""pose"": 17, ""object"": 17}, ""latency_ms"": {""pose"": 0, ""object"": 0}, ""svclat_ms"": {""pose"": 42.19, ""object"": 29.98}}, ""b8"": {""services"": [""pose"", ""object""], ""fps"": {""pose"": 0, ""object"": 0}, ""eff_fps"": {""pose"": 0, ""object"": 0}, ""latency_ms"": {""pose"": 0, ""object"": 0}, ""svclat_ms"": {""pose"": 0.0, ""object"": 0.0}}}"
160.8,32,32,1.0,0,0,13,19,19,1.0,1383.0,1352.0,0.978,0.0,0.59,0.0,17.6,26.96,17.65,17.6,26.96,17.65,0,0,0,32.42,23.05,33.7,1352,"{""ip-172-31-0-204"": ""healthy"", ""ip-172-31-1-171"": ""healthy"", ""ip-172-31-10-12"": ""healthy"", ""ip-172-31-11-132"": ""healthy"", ""ip-172-31-13-134"": ""healthy"", ""ip-172-31-14-68"": ""healthy"", ""ip-172-31-40-239"": ""healthy""}",subscribe,217.1,0.7042,0,0,"{""ip-172-31-0-204"": {""gesture"": 1, ""pose"": 1, ""object"": 1}, ""ip-172-31-10-12"": {""object"": 1, ""gesture"": 1}, ""ip-172-31-11-132"": {""object"": 1, ""pose"": 1, ""gesture"": 1}, ""ip-172-31-40-239"": {""gesture"": 1, ""pose"": 1}, ""ip-172-31-1-171"": {""pose"": 1, ""gesture"": 1, ""object"": 1}, ""ip-172-31-13-134"": {""pose"": 1, ""gesture"": 1, ""object"": 1}, ""ip-172-31-14-68"": {""pose"": 1, ""gesture"": 1, ""object"": 1}}","{""a1"": {""services"": [""pose"", ""gesture""], ""fps"": {""pose"": 17, ""gesture"": 25}, ""eff_fps"": {""pose"": 17, ""gesture"": 25}, ""latency_ms"": {""pose"": 0, ""gesture"": 0}, ""svclat_ms"": {""pose"": 31.58, ""gesture"": 23.84}}, ""a2"": {""services"": [""pose"", ""gesture""], ""fps"": {""pose"": 14, ""gesture"": 25}, ""eff_fps"": {""pose"": 14, ""gesture"": 25}, ""latency_ms"": {""pose"": 0, ""gesture"": 0}, ""svclat_ms"": {""pose"": 29.08, ""gesture"": 21.59}}, ""a3"": {""services"": [""pose"", ""gesture""], ""fps"": {""pose"": 19, ""gesture"": 22}, ""eff_fps"": {""pose"": 19, ""gesture"": 22}, ""latency_ms"": {""pose"": 0, ""gesture"": 0}, ""svclat_ms"": {""pose"": 27.76, ""gesture"": 21.6}}, ""a4"": {""services"": [""pose"", ""gesture""], ""fps"": {""pose"": 19, ""gesture"": 30}, ""eff_fps"": {""pose"": 19, ""gesture"": 30}, ""latency_ms"": {""pose"": 0, ""gesture"": 0}, ""svclat_ms"": {""pose"": 32.51, ""gesture"": 20.43}}, ""a5"": {""services"": [""pose"", ""gesture""], ""fps"": {""pose"": 19, ""gesture"": 30}, ""eff_fps"": {""pose"": 19, ""gesture"": 30}, ""latency_ms"": {""pose"": 0, ""gesture"": 0}, ""svclat_ms"": {""pose"": 29.69, ""gesture"": 28.71}}, ""a6"": {""services"": [""pose"", ""gesture""], ""fps"": {""pose"": 19, ""gesture"": 30}, ""eff_fps"": {""pose"": 19, ""gesture"": 30}, ""latency_ms"": {""pose"": 0, ""gesture"": 0}, ""svclat_ms"": {""pose"": 30.89, ""gesture"": 22.07}}, ""a7"": {""services"": [""pose"", ""gesture""], ""fps"": {""pose"": 17, ""gesture"": 30}, ""eff_fps"": {""pose"": 17, ""gesture"": 30}, ""latency_ms"": {""pose"": 0, ""gesture"": 0}, ""svclat_ms"": {""pose"": 41.3, ""gesture"": 24.55}}, ""a8"": {""services"": [""pose"", ""gesture""], ""fps"": {""pose"": 14, ""gesture"": 25}, ""eff_fps"": {""pose"": 14, ""gesture"": 25}, ""latency_ms"": {""pose"": 0, ""gesture"": 0}, ""svclat_ms"": {""pose"": 32.02, ""gesture"": 23.66}}, ""a9"": {""services"": [""pose"", ""gesture""], ""fps"": {""pose"": 19, ""gesture"": 25}, ""eff_fps"": {""pose"": 19, ""gesture"": 25}, ""latency_ms"": {""pose"": 0, ""gesture"": 0}, ""svclat_ms"": {""pose"": 28.18, ""gesture"": 19.82}}, ""a10"": {""services"": [""pose"", ""gesture""], ""fps"": {""pose"": 19, ""gesture"": 30}, ""eff_fps"": {""pose"": 19, ""gesture"": 30}, ""latency_ms"": {""pose"": 0, ""gesture"": 0}, ""svclat_ms"": {""pose"": 32.2, ""gesture"": 21.01}}, ""a11"": {""services"": [""pose"", ""gesture""], ""fps"": {""pose"": 19, ""gesture"": 22}, ""eff_fps"": {""pose"": 19, ""gesture"": 22}, ""latency_ms"": {""pose"": 0, ""gesture"": 0}, ""svclat_ms"": {""pose"": 27.6, ""gesture"": 23.17}}, ""a12"": {""services"": [""pose"", ""gesture""], ""fps"": {""pose"": 19, ""gesture"": 30}, ""eff_fps"": {""pose"": 19, ""gesture"": 30}, ""latency_ms"": {""pose"": 0, ""gesture"": 0}, ""svclat_ms"": {""pose"": 29.93, ""gesture"": 30.23}}, ""z1"": {""services"": [""gesture"", ""object""], ""fps"": {""gesture"": 25, ""object"": 17}, ""eff_fps"": {""gesture"": 25, ""object"": 17}, ""latency_ms"": {""gesture"": 0, ""object"": 0}, ""svclat_ms"": {""gesture"": 23.22, ""object"": 28.02}}, ""z2"": {""services"": [""gesture"", ""object""], ""fps"": {""gesture"": 24, ""object"": 14}, ""eff_fps"": {""gesture"": 24, ""object"": 14}, ""latency_ms"": {""gesture"": 0, ""object"": 0}, ""svclat_ms"": {""gesture"": 21.33, ""object"": 40.09}}, ""z3"": {""services"": [""gesture"", ""object""], ""fps"": {""gesture"": 22, ""object"": 19}, ""eff_fps"": {""gesture"": 22, ""object"": 19}, ""latency_ms"": {""gesture"": 0, ""object"": 0}, ""svclat_ms"": {""gesture"": 19.89, ""object"": 27.48}}, ""z4"": {""services"": [""gesture"", ""object""], ""fps"": {""gesture"": 30, ""object"": 19}, ""eff_fps"": {""gesture"": 30, ""object"": 19}, ""latency_ms"": {""gesture"": 0, ""object"": 0}, ""svclat_ms"": {""gesture"": 21.26, ""object"": 32.37}}, ""z5"": {""services"": [""gesture"", ""object""], ""fps"": {""gesture"": 30, ""object"": 19}, ""eff_fps"": {""gesture"": 30, ""object"": 19}, ""latency_ms"": {""gesture"": 0, ""object"": 0}, ""svclat_ms"": {""gesture"": 30.14, ""object"": 31.19}}, ""z6"": {""services"": [""gesture"", ""object""], ""fps"": {""gesture"": 30, ""object"": 19}, ""eff_fps"": {""gesture"": 30, ""object"": 19}, ""latency_ms"": {""gesture"": 0, ""object"": 0}, ""svclat_ms"": {""gesture"": 22.48, ""object"": 31.35}}, ""z7"": {""services"": [""gesture"", ""object""], ""fps"": {""gesture"": 30, ""object"": 18}, ""eff_fps"": {""gesture"": 30, ""object"": 18}, ""latency_ms"": {""gesture"": 0, ""object"": 0}, ""svclat_ms"": {""gesture"": 23.31, ""object"": 32.95}}, ""z8"": {""services"": [""gesture"", ""object""], ""fps"": {""gesture"": 30, ""object"": 14}, ""eff_fps"": {""gesture"": 30, ""object"": 14}, ""latency_ms"": {""gesture"": 0, ""object"": 0}, ""svclat_ms"": {""gesture"": 22.08, ""object"": 49.02}}, ""z9"": {""services"": [""gesture"", ""object""], ""fps"": {""gesture"": 30, ""object"": 19}, ""eff_fps"": {""gesture"": 30, ""object"": 19}, ""latency_ms"": {""gesture"": 0, ""object"": 0}, ""svclat_ms"": {""gesture"": 22.1, ""object"": 38.8}}, ""z10"": {""services"": [""gesture"", ""object""], ""fps"": {""gesture"": 25, ""object"": 19}, ""eff_fps"": {""gesture"": 25, ""object"": 19}, ""latency_ms"": {""gesture"": 0, ""object"": 0}, ""svclat_ms"": {""gesture"": 23.15, ""object"": 31.33}}, ""z11"": {""services"": [""gesture"", ""object""], ""fps"": {""gesture"": 25, ""object"": 19}, ""eff_fps"": {""gesture"": 25, ""object"": 19}, ""latency_ms"": {""gesture"": 0, ""object"": 0}, ""svclat_ms"": {""gesture"": 22.39, ""object"": 30.89}}, ""z12"": {""services"": [""gesture"", ""object""], ""fps"": {""gesture"": 22, ""object"": 19}, ""eff_fps"": {""gesture"": 22, ""object"": 19}, ""latency_ms"": {""gesture"": 0, ""object"": 0}, ""svclat_ms"": {""gesture"": 21.15, ""object"": 31.59}}, ""b1"": {""services"": [""pose"", ""object""], ""fps"": {""pose"": 14, ""object"": 14}, ""eff_fps"": {""pose"": 14, ""object"": 14}, ""latency_ms"": {""pose"": 0, ""object"": 0}, ""svclat_ms"": {""pose"": 28.66, ""object"": 29.25}}, ""b2"": {""services"": [""pose"", ""object""], ""fps"": {""pose"": 17, ""object"": 17}, ""eff_fps"": {""pose"": 17, ""object"": 17}, ""latency_ms"": {""pose"": 0, ""object"": 0}, ""svclat_ms"": {""pose"": 28.72, ""object"": 30.17}}, ""b3"": {""services"": [""pose"", ""object""], ""fps"": {""pose"": 19, ""object"": 19}, ""eff_fps"": {""pose"": 19, ""object"": 19}, ""latency_ms"": {""pose"": 0, ""object"": 0}, ""svclat_ms"": {""pose"": 28.97, ""object"": 30.34}}, ""b4"": {""services"": [""pose"", ""object""], ""fps"": {""pose"": 19, ""object"": 19}, ""eff_fps"": {""pose"": 19, ""object"": 19}, ""latency_ms"": {""pose"": 0, ""object"": 0}, ""svclat_ms"": {""pose"": 41.59, ""object"": 42.68}}, ""b5"": {""services"": [""pose"", ""object""], ""fps"": {""pose"": 19, ""object"": 19}, ""eff_fps"": {""pose"": 19, ""object"": 19}, ""latency_ms"": {""pose"": 0, ""object"": 0}, ""svclat_ms"": {""pose"": 29.81, ""object"": 35.11}}, ""b6"": {""services"": [""pose"", ""object""], ""fps"": {""pose"": 19, ""object"": 19}, ""eff_fps"": {""pose"": 19, ""object"": 19}, ""latency_ms"": {""pose"": 0, ""object"": 0}, ""svclat_ms"": {""pose"": 41.43, ""object"": 38.97}}, ""b7"": {""services"": [""pose"", ""object""], ""fps"": {""pose"": 17, ""object"": 17}, ""eff_fps"": {""pose"": 17, ""object"": 17}, ""latency_ms"": {""pose"": 0, ""object"": 0}, ""svclat_ms"": {""pose"": 36.13, ""object"": 29.39}}, ""b8"": {""services"": [""pose"", ""object""], ""fps"": {""pose"": 14, ""object"": 14}, ""eff_fps"": {""pose"": 14, ""object"": 14}, ""latency_ms"": {""pose"": 0, ""object"": 0}, ""svclat_ms"": {""pose"": 40.44, ""object"": 33.02}}, ""b9"": {""services"": [""pose"", ""object""], ""fps"": {""pose"": 0, ""object"": 0}, ""eff_fps"": {""pose"": 0, ""object"": 0}, ""latency_ms"": {""pose"": 0, ""object"": 0}, ""svclat_ms"": {""pose"": 0.0, ""object"": 0.0}}}"
164.6,32,32,1.0,0,0,13,19,19,1.0,1383.0,1352.0,0.978,0.0,0.59,0.0,16.62,26.75,16.52,16.62,26.75,16.52,0,0,0,34.22,24.05,33.61,1338,"{""ip-172-31-0-204"": ""healthy"", ""ip-172-31-1-171"": ""healthy"", ""ip-172-31-10-12"": ""healthy"", ""ip-172-31-11-132"": ""healthy"", ""ip-172-31-13-134"": ""healthy"", ""ip-172-31-14-68"": ""healthy"", ""ip-172-31-40-239"": ""healthy""}",subscribe,217.1,0.7042,0,0,"{""ip-172-31-0-204"": {""gesture"": 1, ""pose"": 1, ""object"": 1}, ""ip-172-31-10-12"": {""object"": 1, ""gesture"": 1}, ""ip-172-31-11-132"": {""object"": 1, ""pose"": 1, ""gesture"": 1}, ""ip-172-31-40-239"": {""gesture"": 1, ""pose"": 1}, ""ip-172-31-1-171"": {""pose"": 1, ""gesture"": 1, ""object"": 1}, ""ip-172-31-13-134"": {""pose"": 1, ""gesture"": 1, ""object"": 1}, ""ip-172-31-14-68"": {""pose"": 1, ""gesture"": 1, ""object"": 1}}","{""a1"": {""services"": [""pose"", ""gesture""], ""fps"": {""pose"": 17, ""gesture"": 25}, ""eff_fps"": {""pose"": 17, ""gesture"": 25}, ""latency_ms"": {""pose"": 0, ""gesture"": 0}, ""svclat_ms"": {""pose"": 33.78, ""gesture"": 21.14}}, ""a2"": {""services"": [""pose"", ""gesture""], ""fps"": {""pose"": 14, ""gesture"": 25}, ""eff_fps"": {""pose"": 14, ""gesture"": 25}, ""latency_ms"": {""pose"": 0, ""gesture"": 0}, ""svclat_ms"": {""pose"": 29.73, ""gesture"": 23.49}}, ""a3"": {""services"": [""pose"", ""gesture""], ""fps"": {""pose"": 14, ""gesture"": 22}, ""eff_fps"": {""pose"": 14, ""gesture"": 22}, ""latency_ms"": {""pose"": 0, ""gesture"": 0}, ""svclat_ms"": {""pose"": 38.96, ""gesture"": 21.1}}, ""a4"": {""services"": [""pose"", ""gesture""], ""fps"": {""pose"": 19, ""gesture"": 30}, ""eff_fps"": {""pose"": 19, ""gesture"": 30}, ""latency_ms"": {""pose"": 0, ""gesture"": 0}, ""svclat_ms"": {""pose"": 31.03, ""gesture"": 21.55}}, ""a5"": {""services"": [""pose"", ""gesture""], ""fps"": {""pose"": 19, ""gesture"": 29}, ""eff_fps"": {""pose"": 19, ""gesture"": 29}, ""latency_ms"": {""pose"": 0, ""gesture"": 0}, ""svclat_ms"": {""pose"": 27.91, ""gesture"": 32.05}}, ""a6"": {""services"": [""pose"", ""gesture""], ""fps"": {""pose"": 19, ""gesture"": 30}, ""eff_fps"": {""pose"": 19, ""gesture"": 30}, ""latency_ms"": {""pose"": 0, ""gesture"": 0}, ""svclat_ms"": {""pose"": 31.38, ""gesture"": 21.97}}, ""a7"": {""services"": [""pose"", ""gesture""], ""fps"": {""pose"": 17, ""gesture"": 29}, ""eff_fps"": {""pose"": 17, ""gesture"": 29}, ""latency_ms"": {""pose"": 0, ""gesture"": 0}, ""svclat_ms"": {""pose"": 45.47, ""gesture"": 30.11}}, ""a8"": {""services"": [""pose"", ""gesture""], ""fps"": {""pose"": 14, ""gesture"": 24}, ""eff_fps"": {""pose"": 14, ""gesture"": 24}, ""latency_ms"": {""pose"": 0, ""gesture"": 0}, ""svclat_ms"": {""pose"": 32.46, ""gesture"": 22.19}}, ""a9"": {""services"": [""pose"", ""gesture""], ""fps"": {""pose"": 14, ""gesture"": 25}, ""eff_fps"": {""pose"": 14, ""gesture"": 25}, ""latency_ms"": {""pose"": 0, ""gesture"": 0}, ""svclat_ms"": {""pose"": 28.03, ""gesture"": 20.21}}, ""a10"": {""services"": [""pose"", ""gesture""], ""fps"": {""pose"": 19, ""gesture"": 30}, ""eff_fps"": {""pose"": 19, ""gesture"": 30}, ""latency_ms"": {""pose"": 0, ""gesture"": 0}, ""svclat_ms"": {""pose"": 31.96, ""gesture"": 21.42}}, ""a11"": {""services"": [""pose"", ""gesture""], ""fps"": {""pose"": 19, ""gesture"": 22}, ""eff_fps"": {""pose"": 19, ""gesture"": 22}, ""latency_ms"": {""pose"": 0, ""gesture"": 0}, ""svclat_ms"": {""pose"": 29.39, ""gesture"": 23.16}}, ""a12"": {""services"": [""pose"", ""gesture""], ""fps"": {""pose"": 19, ""gesture"": 29}, ""eff_fps"": {""pose"": 19, ""gesture"": 29}, ""latency_ms"": {""pose"": 0, ""gesture"": 0}, ""svclat_ms"": {""pose"": 29.69, ""gesture"": 33.38}}, ""z1"": {""services"": [""gesture"", ""object""], ""fps"": {""gesture"": 25, ""object"": 17}, ""eff_fps"": {""gesture"": 25, ""object"": 17}, ""latency_ms"": {""gesture"": 0, ""object"": 0}, ""svclat_ms"": {""gesture"": 20.31, ""object"": 29.91}}, ""z2"": {""services"": [""gesture"", ""object""], ""fps"": {""gesture"": 24, ""object"": 14}, ""eff_fps"": {""gesture"": 24, ""object"": 14}, ""latency_ms"": {""gesture"": 0, ""object"": 0}, ""svclat_ms"": {""gesture"": 21.86, ""object"": 41.18}}, ""z3"": {""services"": [""gesture"", ""object""], ""fps"": {""gesture"": 22, ""object"": 14}, ""eff_fps"": {""gesture"": 22, ""object"": 14}, ""latency_ms"": {""gesture"": 0, ""object"": 0}, ""svclat_ms"": {""gesture"": 20.68, ""object"": 27.11}}, ""z4"": {""services"": [""gesture"", ""object""], ""fps"": {""gesture"": 30, ""object"": 19}, ""eff_fps"": {""gesture"": 30, ""object"": 19}, ""latency_ms"": {""gesture"": 0, ""object"": 0}, ""svclat_ms"": {""gesture"": 21.13, ""object"": 36.69}}, ""z5"": {""services"": [""gesture"", ""object""], ""fps"": {""gesture"": 29, ""object"": 19}, ""eff_fps"": {""gesture"": 29, ""object"": 19}, ""latency_ms"": {""gesture"": 0, ""object"": 0}, ""svclat_ms"": {""gesture"": 32.91, ""object"": 29.47}}, ""z6"": {""services"": [""gesture"", ""object""], ""fps"": {""gesture"": 30, ""object"": 19}, ""eff_fps"": {""gesture"": 30, ""object"": 19}, ""latency_ms"": {""gesture"": 0, ""object"": 0}, ""svclat_ms"": {""gesture"": 21.62, ""object"": 31.29}}, ""z7"": {""services"": [""gesture"", ""object""], ""fps"": {""gesture"": 30, ""object"": 17}, ""eff_fps"": {""gesture"": 30, ""object"": 17}, ""latency_ms"": {""gesture"": 0, ""object"": 0}, ""svclat_ms"": {""gesture"": 29.96, ""object"": 30.63}}, ""z8"": {""services"": [""gesture"", ""object""], ""fps"": {""gesture"": 30, ""object"": 14}, ""eff_fps"": {""gesture"": 30, ""object"": 14}, ""latency_ms"": {""gesture"": 0, ""object"": 0}, ""svclat_ms"": {""gesture"": 22.37, ""object"": 48.74}}, ""z9"": {""services"": [""gesture"", ""object""], ""fps"": {""gesture"": 30, ""object"": 13}, ""eff_fps"": {""gesture"": 30, ""object"": 13}, ""latency_ms"": {""gesture"": 0, ""object"": 0}, ""svclat_ms"": {""gesture"": 27.88, ""object"": 33.83}}, ""z10"": {""services"": [""gesture"", ""object""], ""fps"": {""gesture"": 25, ""object"": 19}, ""eff_fps"": {""gesture"": 25, ""object"": 19}, ""latency_ms"": {""gesture"": 0, ""object"": 0}, ""svclat_ms"": {""gesture"": 21.75, ""object"": 39.3}}, ""z11"": {""services"": [""gesture"", ""object""], ""fps"": {""gesture"": 25, ""object"": 18}, ""eff_fps"": {""gesture"": 25, ""object"": 18}, ""latency_ms"": {""gesture"": 0, ""object"": 0}, ""svclat_ms"": {""gesture"": 23.22, ""object"": 30.47}}, ""z12"": {""services"": [""gesture"", ""object""], ""fps"": {""gesture"": 22, ""object"": 19}, ""eff_fps"": {""gesture"": 22, ""object"": 19}, ""latency_ms"": {""gesture"": 0, ""object"": 0}, ""svclat_ms"": {""gesture"": 21.74, ""object"": 31.34}}, ""b1"": {""services"": [""pose"", ""object""], ""fps"": {""pose"": 14, ""object"": 14}, ""eff_fps"": {""pose"": 14, ""object"": 14}, ""latency_ms"": {""pose"": 0, ""object"": 0}, ""svclat_ms"": {""pose"": 28.11, ""object"": 28.47}}, ""b2"": {""services"": [""pose"", ""object""], ""fps"": {""pose"": 17, ""object"": 17}, ""eff_fps"": {""pose"": 17, ""object"": 17}, ""latency_ms"": {""pose"": 0, ""object"": 0}, ""svclat_ms"": {""pose"": 29.9, ""object"": 29.13}}, ""b3"": {""services"": [""pose"", ""object""], ""fps"": {""pose"": 14, ""object"": 14}, ""eff_fps"": {""pose"": 14, ""object"": 14}, ""latency_ms"": {""pose"": 0, ""object"": 0}, ""svclat_ms"": {""pose"": 39.42, ""object"": 41.79}}, ""b4"": {""services"": [""pose"", ""object""], ""fps"": {""pose"": 19, ""object"": 19}, ""eff_fps"": {""pose"": 19, ""object"": 19}, ""latency_ms"": {""pose"": 0, ""object"": 0}, ""svclat_ms"": {""pose"": 36.66, ""object"": 29.06}}, ""b5"": {""services"": [""pose"", ""object""], ""fps"": {""pose"": 19, ""object"": 19}, ""eff_fps"": {""pose"": 19, ""object"": 19}, ""latency_ms"": {""pose"": 0, ""object"": 0}, ""svclat_ms"": {""pose"": 29.31, ""object"": 33.78}}, ""b6"": {""services"": [""pose"", ""object""], ""fps"": {""pose"": 19, ""object"": 19}, ""eff_fps"": {""pose"": 19, ""object"": 19}, ""latency_ms"": {""pose"": 0, ""object"": 0}, ""svclat_ms"": {""pose"": 39.98, ""object"": 37.82}}, ""b7"": {""services"": [""pose"", ""object""], ""fps"": {""pose"": 17, ""object"": 17}, ""eff_fps"": {""pose"": 17, ""object"": 17}, ""latency_ms"": {""pose"": 0, ""object"": 0}, ""svclat_ms"": {""pose"": 42.84, ""object"": 29.7}}, ""b8"": {""services"": [""pose"", ""object""], ""fps"": {""pose"": 14, ""object"": 14}, ""eff_fps"": {""pose"": 14, ""object"": 14}, ""latency_ms"": {""pose"": 0, ""object"": 0}, ""svclat_ms"": {""pose"": 41.94, ""object"": 29.24}}, ""b9"": {""services"": [""pose"", ""object""], ""fps"": {""pose"": 12, ""object"": 12}, ""eff_fps"": {""pose"": 12, ""object"": 12}, ""latency_ms"": {""pose"": 0, ""object"": 0}, ""svclat_ms"": {""pose"": 40.59, ""object"": 36.86}}}"
167.0,33,33,1.0,0,0,13,19,19,1.0,1383.0,1350.0,0.976,0.0,0.58,0.0,16.62,26.96,16.71,16.62,26.96,16.71,0,0,0,33.11,23.53,33.75,1347,"{""ip-172-31-0-204"": ""healthy"", ""ip-172-31-1-171"": ""healthy"", ""ip-172-31-10-12"": ""healthy"", ""ip-172-31-11-132"": ""healthy"", ""ip-172-31-13-134"": ""healthy"", ""ip-172-31-14-68"": ""healthy"", ""ip-172-31-40-239"": ""healthy""}",subscribe,217.6,0.6818,0,0,"{""ip-172-31-0-204"": {""gesture"": 1, ""pose"": 1, ""object"": 1}, ""ip-172-31-10-12"": {""object"": 1, ""gesture"": 1}, ""ip-172-31-11-132"": {""object"": 1, ""pose"": 1, ""gesture"": 1}, ""ip-172-31-40-239"": {""gesture"": 1, ""pose"": 1}, ""ip-172-31-1-171"": {""pose"": 1, ""gesture"": 1, ""object"": 1}, ""ip-172-31-13-134"": {""pose"": 1, ""gesture"": 1, ""object"": 1}, ""ip-172-31-14-68"": {""pose"": 1, ""gesture"": 1, ""object"": 1}}","{""a1"": {""services"": [""pose"", ""gesture""], ""fps"": {""pose"": 17, ""gesture"": 25}, ""eff_fps"": {""pose"": 17, ""gesture"": 25}, ""latency_ms"": {""pose"": 0, ""gesture"": 0}, ""svclat_ms"": {""pose"": 26.26, ""gesture"": 19.71}}, ""a2"": {""services"": [""pose"", ""gesture""], ""fps"": {""pose"": 14, ""gesture"": 25}, ""eff_fps"": {""pose"": 14, ""gesture"": 25}, ""latency_ms"": {""pose"": 0, ""gesture"": 0}, ""svclat_ms"": {""pose"": 29.4, ""gesture"": 23.23}}, ""a3"": {""services"": [""pose"", ""gesture""], ""fps"": {""pose"": 14, ""gesture"": 22}, ""eff_fps"": {""pose"": 14, ""gesture"": 22}, ""latency_ms"": {""pose"": 0, ""gesture"": 0}, ""svclat_ms"": {""pose"": 39.25, ""gesture"": 21.47}}, ""a4"": {""services"": [""pose"", ""gesture""], ""fps"": {""pose"": 19, ""gesture"": 30}, ""eff_fps"": {""pose"": 19, ""gesture"": 30}, ""latency_ms"": {""pose"": 0, ""gesture"": 0}, ""svclat_ms"": {""pose"": 31.28, ""gesture"": 20.84}}, ""a5"": {""services"": [""pose"", ""gesture""], ""fps"": {""pose"": 19, ""gesture"": 30}, ""eff_fps"": {""pose"": 19, ""gesture"": 30}, ""latency_ms"": {""pose"": 0, ""gesture"": 0}, ""svclat_ms"": {""pose"": 28.1, ""gesture"": 29.37}}, ""a6"": {""services"": [""pose"", ""gesture""], ""fps"": {""pose"": 19, ""gesture"": 30}, ""eff_fps"": {""pose"": 19, ""gesture"": 30}, ""latency_ms"": {""pose"": 0, ""gesture"": 0}, ""svclat_ms"": {""pose"": 29.73, ""gesture"": 27.5}}, ""a7"": {""services"": [""pose"", ""gesture""], ""fps"": {""pose"": 17, ""gesture"": 30}, ""eff_fps"": {""pose"": 17, ""gesture"": 30}, ""latency_ms"": {""pose"": 0, ""gesture"": 0}, ""svclat_ms"": {""pose"": 36.45, ""gesture"": 24.27}}, ""a8"": {""services"": [""pose"", ""gesture""], ""fps"": {""pose"": 14, ""gesture"": 25}, ""eff_fps"": {""pose"": 14, ""gesture"": 25}, ""latency_ms"": {""pose"": 0, ""gesture"": 0}, ""svclat_ms"": {""pose"": 31.22, ""gesture"": 19.85}}, ""a9"": {""services"": [""pose"", ""gesture""], ""fps"": {""pose"": 14, ""gesture"": 26}, ""eff_fps"": {""pose"": 14, ""gesture"": 26}, ""latency_ms"": {""pose"": 0, ""gesture"": 0}, ""svclat_ms"": {""pose"": 28.22, ""gesture"": 23.92}}, ""a10"": {""services"": [""pose"", ""gesture""], ""fps"": {""pose"": 19, ""gesture"": 30}, ""eff_fps"": {""pose"": 19, ""gesture"": 30}, ""latency_ms"": {""pose"": 0, ""gesture"": 0}, ""svclat_ms"": {""pose"": 31.56, ""gesture"": 20.25}}, ""a11"": {""services"": [""pose"", ""gesture""], ""fps"": {""pose"": 19, ""gesture"": 22}, ""eff_fps"": {""pose"": 19, ""gesture"": 22}, ""latency_ms"": {""pose"": 0, ""gesture"": 0}, ""svclat_ms"": {""pose"": 30.82, ""gesture"": 22.71}}, ""a12"": {""services"": [""pose"", ""gesture""], ""fps"": {""pose"": 19, ""gesture"": 30}, ""eff_fps"": {""pose"": 19, ""gesture"": 30}, ""latency_ms"": {""pose"": 0, ""gesture"": 0}, ""svclat_ms"": {""pose"": 29.32, ""gesture"": 29.6}}, ""z1"": {""services"": [""gesture"", ""object""], ""fps"": {""gesture"": 25, ""object"": 17}, ""eff_fps"": {""gesture"": 25, ""object"": 17}, ""latency_ms"": {""gesture"": 0, ""object"": 0}, ""svclat_ms"": {""gesture"": 18.9, ""object"": 27.48}}, ""z2"": {""services"": [""gesture"", ""object""], ""fps"": {""gesture"": 25, ""object"": 14}, ""eff_fps"": {""gesture"": 25, ""object"": 14}, ""latency_ms"": {""gesture"": 0, ""object"": 0}, ""svclat_ms"": {""gesture"": 23.85, ""object"": 41.19}}, ""z3"": {""services"": [""gesture"", ""object""], ""fps"": {""gesture"": 22, ""object"": 14}, ""eff_fps"": {""gesture"": 22, ""object"": 14}, ""latency_ms"": {""gesture"": 0, ""object"": 0}, ""svclat_ms"": {""gesture"": 21.35, ""object"": 27.26}}, ""z4"": {""services"": [""gesture"", ""object""], ""fps"": {""gesture"": 30, ""object"": 19}, ""eff_fps"": {""gesture"": 30, ""object"": 19}, ""latency_ms"": {""gesture"": 0, ""object"": 0}, ""svclat_ms"": {""gesture"": 20.28, ""object"": 39.39}}, ""z5"": {""services"": [""gesture"", ""object""], ""fps"": {""gesture"": 29, ""object"": 19}, ""eff_fps"": {""gesture"": 29, ""object"": 19}, ""latency_ms"": {""gesture"": 0, ""object"": 0}, ""svclat_ms"": {""gesture"": 29.62, ""object"": 28.88}}, ""z6"": {""services"": [""gesture"", ""object""], ""fps"": {""gesture"": 30, ""object"": 19}, ""eff_fps"": {""gesture"": 30, ""object"": 19}, ""latency_ms"": {""gesture"": 0, ""object"": 0}, ""svclat_ms"": {""gesture"": 26.6, ""object"": 28.95}}, ""z7"": {""services"": [""gesture"", ""object""], ""fps"": {""gesture"": 30, ""object"": 17}, ""eff_fps"": {""gesture"": 30, ""object"": 17}, ""latency_ms"": {""gesture"": 0, ""object"": 0}, ""svclat_ms"": {""gesture"": 24.98, ""object"": 31.21}}, ""z8"": {""services"": [""gesture"", ""object""], ""fps"": {""gesture"": 30, ""object"": 14}, ""eff_fps"": {""gesture"": 30, ""object"": 14}, ""latency_ms"": {""gesture"": 0, ""object"": 0}, ""svclat_ms"": {""gesture"": 27.26, ""object"": 48.47}}, ""z9"": {""services"": [""gesture"", ""object""], ""fps"": {""gesture"": 29, ""object"": 14}, ""eff_fps"": {""gesture"": 29, ""object"": 14}, ""latency_ms"": {""gesture"": 0, ""object"": 0}, ""svclat_ms"": {""gesture"": 23.93, ""object"": 35.64}}, ""z10"": {""services"": [""gesture"", ""object""], ""fps"": {""gesture"": 25, ""object"": 19}, ""eff_fps"": {""gesture"": 25, ""object"": 19}, ""latency_ms"": {""gesture"": 0, ""object"": 0}, ""svclat_ms"": {""gesture"": 19.17, ""object"": 40.82}}, ""z11"": {""services"": [""gesture"", ""object""], ""fps"": {""gesture"": 25, ""object"": 19}, ""eff_fps"": {""gesture"": 25, ""object"": 19}, ""latency_ms"": {""gesture"": 0, ""object"": 0}, ""svclat_ms"": {""gesture"": 24.6, ""object"": 30.19}}, ""z12"": {""services"": [""gesture"", ""object""], ""fps"": {""gesture"": 22, ""object"": 19}, ""eff_fps"": {""gesture"": 22, ""object"": 19}, ""latency_ms"": {""gesture"": 0, ""object"": 0}, ""svclat_ms"": {""gesture"": 21.43, ""object"": 28.73}}, ""b1"": {""services"": [""pose"", ""object""], ""fps"": {""pose"": 13, ""object"": 14}, ""eff_fps"": {""pose"": 13, ""object"": 14}, ""latency_ms"": {""pose"": 0, ""object"": 0}, ""svclat_ms"": {""pose"": 28.99, ""object"": 27.73}}, ""b2"": {""services"": [""pose"", ""object""], ""fps"": {""pose"": 17, ""object"": 17}, ""eff_fps"": {""pose"": 17, ""object"": 17}, ""latency_ms"": {""pose"": 0, ""object"": 0}, ""svclat_ms"": {""pose"": 25.86, ""object"": 28.37}}, ""b3"": {""services"": [""pose"", ""object""], ""fps"": {""pose"": 14, ""object"": 14}, ""eff_fps"": {""pose"": 14, ""object"": 14}, ""latency_ms"": {""pose"": 0, ""object"": 0}, ""svclat_ms"": {""pose"": 43.82, ""object"": 45.23}}, ""b4"": {""services"": [""pose"", ""object""], ""fps"": {""pose"": 19, ""object"": 19}, ""eff_fps"": {""pose"": 19, ""object"": 19}, ""latency_ms"": {""pose"": 0, ""object"": 0}, ""svclat_ms"": {""pose"": 38.69, ""object"": 30.07}}, ""b5"": {""services"": [""pose"", ""object""], ""fps"": {""pose"": 18, ""object"": 19}, ""eff_fps"": {""pose"": 18, ""object"": 19}, ""latency_ms"": {""pose"": 0, ""object"": 0}, ""svclat_ms"": {""pose"": 29.19, ""object"": 32.32}}, ""b6"": {""services"": [""pose"", ""object""], ""fps"": {""pose"": 19, ""object"": 19}, ""eff_fps"": {""pose"": 19, ""object"": 19}, ""latency_ms"": {""pose"": 0, ""object"": 0}, ""svclat_ms"": {""pose"": 40.4, ""object"": 38.21}}, ""b7"": {""services"": [""pose"", ""object""], ""fps"": {""pose"": 17, ""object"": 17}, ""eff_fps"": {""pose"": 17, ""object"": 17}, ""latency_ms"": {""pose"": 0, ""object"": 0}, ""svclat_ms"": {""pose"": 35.71, ""object"": 29.74}}, ""b8"": {""services"": [""pose"", ""object""], ""fps"": {""pose"": 14, ""object"": 14}, ""eff_fps"": {""pose"": 14, ""object"": 14}, ""latency_ms"": {""pose"": 0, ""object"": 0}, ""svclat_ms"": {""pose"": 42.39, ""object"": 29.97}}, ""b9"": {""services"": [""pose"", ""object""], ""fps"": {""pose"": 14, ""object"": 14}, ""eff_fps"": {""pose"": 14, ""object"": 14}, ""latency_ms"": {""pose"": 0, ""object"": 0}, ""svclat_ms"": {""pose"": 38.71, ""object"": 38.86}}, ""b10"": {""services"": [""pose"", ""object""], ""fps"": {""pose"": 0, ""object"": 0}, ""eff_fps"": {""pose"": 0, ""object"": 0}, ""latency_ms"": {""pose"": 0, ""object"": 0}, ""svclat_ms"": {""pose"": 0.0, ""object"": 0.0}}}"
170.8,34,34,1.0,0,0,13,19,19,1.0,1383.0,1348.0,0.975,0.0,0.56,0.0,15.86,26.96,15.77,15.86,26.96,15.64,0,0,0,35.18,24.22,38.66,1343,"{""ip-172-31-0-204"": ""healthy"", ""ip-172-31-1-171"": ""healthy"", ""ip-172-31-10-12"": ""healthy"", ""ip-172-31-11-132"": ""healthy"", ""ip-172-31-13-134"": ""healthy"", ""ip-172-31-14-68"": ""healthy"", ""ip-172-31-40-239"": ""healthy""}",subscribe,226.4,0.6608,0,0,"{""ip-172-31-0-204"": {""gesture"": 1, ""pose"": 1, ""object"": 1}, ""ip-172-31-10-12"": {""object"": 1, ""gesture"": 1}, ""ip-172-31-11-132"": {""object"": 1, ""pose"": 1, ""gesture"": 1}, ""ip-172-31-40-239"": {""gesture"": 1, ""pose"": 1}, ""ip-172-31-1-171"": {""pose"": 1, ""gesture"": 1, ""object"": 1}, ""ip-172-31-13-134"": {""pose"": 1, ""gesture"": 1, ""object"": 1}, ""ip-172-31-14-68"": {""pose"": 1, ""gesture"": 1, ""object"": 1}}","{""a1"": {""services"": [""pose"", ""gesture""], ""fps"": {""pose"": 17, ""gesture"": 25}, ""eff_fps"": {""pose"": 17, ""gesture"": 25}, ""latency_ms"": {""pose"": 0, ""gesture"": 0}, ""svclat_ms"": {""pose"": 32.08, ""gesture"": 21.27}}, ""a2"": {""services"": [""pose"", ""gesture""], ""fps"": {""pose"": 14, ""gesture"": 25}, ""eff_fps"": {""pose"": 14, ""gesture"": 25}, ""latency_ms"": {""pose"": 0, ""gesture"": 0}, ""svclat_ms"": {""pose"": 29.44, ""gesture"": 27.35}}, ""a3"": {""services"": [""pose"", ""gesture""], ""fps"": {""pose"": 14, ""gesture"": 22}, ""eff_fps"": {""pose"": 14, ""gesture"": 22}, ""latency_ms"": {""pose"": 0, ""gesture"": 0}, ""svclat_ms"": {""pose"": 39.72, ""gesture"": 21.15}}, ""a4"": {""services"": [""pose"", ""gesture""], ""fps"": {""pose"": 14, ""gesture"": 30}, ""eff_fps"": {""pose"": 14, ""gesture"": 30}, ""latency_ms"": {""pose"": 0, ""gesture"": 0}, ""svclat_ms"": {""pose"": 28.95, ""gesture"": 21.86}}, ""a5"": {""services"": [""pose"", ""gesture""], ""fps"": {""pose"": 18, ""gesture"": 30}, ""eff_fps"": {""pose"": 18, ""gesture"": 30}, ""latency_ms"": {""pose"": 0, ""gesture"": 0}, ""svclat_ms"": {""pose"": 39.41, ""gesture"": 30.46}}, ""a6"": {""services"": [""pose"", ""gesture""], ""fps"": {""pose"": 19, ""gesture"": 29}, ""eff_fps"": {""pose"": 19, ""gesture"": 29}, ""latency_ms"": {""pose"": 0, ""gesture"": 0}, ""svclat_ms"": {""pose"": 28.77, ""gesture"": 25.2}}, ""a7"": {""services"": [""pose"", ""gesture""], ""fps"": {""pose"": 17, ""gesture"": 30}, ""eff_fps"": {""pose"": 17, ""gesture"": 30}, ""latency_ms"": {""pose"": 0, ""gesture"": 0}, ""svclat_ms"": {""pose"": 39.41, ""gesture"": 22.55}}, ""a8"": {""services"": [""pose"", ""gesture""], ""fps"": {""pose"": 14, ""gesture"": 26}, ""eff_fps"": {""pose"": 14, ""gesture"": 26}, ""latency_ms"": {""pose"": 0, ""gesture"": 0}, ""svclat_ms"": {""pose"": 32.12, ""gesture"": 20.32}}, ""a9"": {""services"": [""pose"", ""gesture""], ""fps"": {""pose"": 14, ""gesture"": 25}, ""eff_fps"": {""pose"": 14, ""gesture"": 25}, ""latency_ms"": {""pose"": 0, ""gesture"": 0}, ""svclat_ms"": {""pose"": 30.02, ""gesture"": 30.27}}, ""a10"": {""services"": [""pose"", ""gesture""], ""fps"": {""pose"": 19, ""gesture"": 30}, ""eff_fps"": {""pose"": 19, ""gesture"": 30}, ""latency_ms"": {""pose"": 0, ""gesture"": 0}, ""svclat_ms"": {""pose"": 42.5, ""gesture"": 21.21}}, ""a11"": {""services"": [""pose"", ""gesture""], ""fps"": {""pose"": 14, ""gesture"": 22}, ""eff_fps"": {""pose"": 14, ""gesture"": 22}, ""latency_ms"": {""pose"": 0, ""gesture"": 0}, ""svclat_ms"": {""pose"": 42.77, ""gesture"": 21.79}}, ""a12"": {""services"": [""pose"", ""gesture""], ""fps"": {""pose"": 19, ""gesture"": 30}, ""eff_fps"": {""pose"": 19, ""gesture"": 30}, ""latency_ms"": {""pose"": 0, ""gesture"": 0}, ""svclat_ms"": {""pose"": 28.7, ""gesture"": 29.86}}, ""z1"": {""services"": [""gesture"", ""object""], ""fps"": {""gesture"": 25, ""object"": 16}, ""eff_fps"": {""gesture"": 25, ""object"": 15}, ""latency_ms"": {""gesture"": 0, ""object"": 0}, ""svclat_ms"": {""gesture"": 20.05, ""object"": 36.65}}, ""z2"": {""services"": [""gesture"", ""object""], ""fps"": {""gesture"": 25, ""object"": 14}, ""eff_fps"": {""gesture"": 25, ""object"": 14}, ""latency_ms"": {""gesture"": 0, ""object"": 0}, ""svclat_ms"": {""gesture"": 29.54, ""object"": 43.55}}, ""z3"": {""services"": [""gesture"", ""object""], ""fps"": {""gesture"": 22, ""object"": 14}, ""eff_fps"": {""gesture"": 22, ""object"": 14}, ""latency_ms"": {""gesture"": 0, ""object"": 0}, ""svclat_ms"": {""gesture"": 19.99, ""object"": 27.4}}, ""z4"": {""services"": [""gesture"", ""object""], ""fps"": {""gesture"": 30, ""object"": 14}, ""eff_fps"": {""gesture"": 30, ""object"": 14}, ""latency_ms"": {""gesture"": 0, ""object"": 0}, ""svclat_ms"": {""gesture"": 21.17, ""object"": 46.63}}, ""z5"": {""services"": [""gesture"", ""object""], ""fps"": {""gesture"": 30, ""object"": 19}, ""eff_fps"": {""gesture"": 30, ""object"": 19}, ""latency_ms"": {""gesture"": 0, ""object"": 0}, ""svclat_ms"": {""gesture"": 30.76, ""object"": 35.84}}, ""z6"": {""services"": [""gesture"", ""object""], ""fps"": {""gesture"": 30, ""object"": 19}, ""eff_fps"": {""gesture"": 30, ""object"": 19}, ""latency_ms"": {""gesture"": 0, ""object"": 0}, ""svclat_ms"": {""gesture"": 25.34, ""object"": 28.95}}, ""z7"": {""services"": [""gesture"", ""object""], ""fps"": {""gesture"": 30, ""object"": 15}, ""eff_fps"": {""gesture"": 30, ""object"": 14}, ""latency_ms"": {""gesture"": 0, ""object"": 0}, ""svclat_ms"": {""gesture"": 23.1, ""object"": 45.27}}, ""z8"": {""services"": [""gesture"", ""object""], ""fps"": {""gesture"": 30, ""object"": 14}, ""eff_fps"": {""gesture"": 30, ""object"": 14}, ""latency_ms"": {""gesture"": 0, ""object"": 0}, ""svclat_ms"": {""gesture"": 25.24, ""object"": 52.03}}, ""z9"": {""services"": [""gesture"", ""object""], ""fps"": {""gesture"": 29, ""object"": 14}, ""eff_fps"": {""gesture"": 29, ""object"": 14}, ""latency_ms"": {""gesture"": 0, ""object"": 0}, ""svclat_ms"": {""gesture"": 23.82, ""object"": 34.89}}, ""z10"": {""services"": [""gesture"", ""object""], ""fps"": {""gesture"": 25, ""object"": 14}, ""eff_fps"": {""gesture"": 25, ""object"": 14}, ""latency_ms"": {""gesture"": 0, ""object"": 0}, ""svclat_ms"": {""gesture"": 19.37, ""object"": 54.1}}, ""z11"": {""services"": [""gesture"", ""object""], ""fps"": {""gesture"": 25, ""object"": 20}, ""eff_fps"": {""gesture"": 25, ""object"": 20}, ""latency_ms"": {""gesture"": 0, ""object"": 0}, ""svclat_ms"": {""gesture"": 29.26, ""object"": 37.77}}, ""z12"": {""services"": [""gesture"", ""object""], ""fps"": {""gesture"": 22, ""object"": 19}, ""eff_fps"": {""gesture"": 22, ""object"": 19}, ""latency_ms"": {""gesture"": 0, ""object"": 0}, ""svclat_ms"": {""gesture"": 20.29, ""object"": 27.6}}, ""b1"": {""services"": [""pose"", ""object""], ""fps"": {""pose"": 14, ""object"": 14}, ""eff_fps"": {""pose"": 14, ""object"": 14}, ""latency_ms"": {""pose"": 0, ""object"": 0}, ""svclat_ms"": {""pose"": 29.26, ""object"": 29.03}}, ""b2"": {""services"": [""pose"", ""object""], ""fps"": {""pose"": 17, ""object"": 17}, ""eff_fps"": {""pose"": 17, ""object"": 17}, ""latency_ms"": {""pose"": 0, ""object"": 0}, ""svclat_ms"": {""pose"": 28.93, ""object"": 29.07}}, ""b3"": {""services"": [""pose"", ""object""], ""fps"": {""pose"": 14, ""object"": 14}, ""eff_fps"": {""pose"": 14, ""object"": 14}, ""latency_ms"": {""pose"": 0, ""object"": 0}, ""svclat_ms"": {""pose"": 43.54, ""object"": 46.45}}, ""b4"": {""services"": [""pose"", ""object""], ""fps"": {""pose"": 14, ""object"": 14}, ""eff_fps"": {""pose"": 14, ""object"": 14}, ""latency_ms"": {""pose"": 0, ""object"": 0}, ""svclat_ms"": {""pose"": 32.16, ""object"": 44.66}}, ""b5"": {""services"": [""pose"", ""object""], ""fps"": {""pose"": 19, ""object"": 19}, ""eff_fps"": {""pose"": 19, ""object"": 19}, ""latency_ms"": {""pose"": 0, ""object"": 0}, ""svclat_ms"": {""pose"": 29.36, ""object"": 40.61}}, ""b6"": {""services"": [""pose"", ""object""], ""fps"": {""pose"": 19, ""object"": 19}, ""eff_fps"": {""pose"": 19, ""object"": 19}, ""latency_ms"": {""pose"": 0, ""object"": 0}, ""svclat_ms"": {""pose"": 39.74, ""object"": 40.2}}, ""b7"": {""services"": [""pose"", ""object""], ""fps"": {""pose"": 17, ""object"": 16}, ""eff_fps"": {""pose"": 17, ""object"": 15}, ""latency_ms"": {""pose"": 0, ""object"": 0}, ""svclat_ms"": {""pose"": 37.8, ""object"": 43.65}}, ""b8"": {""services"": [""pose"", ""object""], ""fps"": {""pose"": 14, ""object"": 14}, ""eff_fps"": {""pose"": 14, ""object"": 14}, ""latency_ms"": {""pose"": 0, ""object"": 0}, ""svclat_ms"": {""pose"": 44.1, ""object"": 33.3}}, ""b9"": {""services"": [""pose"", ""object""], ""fps"": {""pose"": 14, ""object"": 14}, ""eff_fps"": {""pose"": 14, ""object"": 14}, ""latency_ms"": {""pose"": 0, ""object"": 0}, ""svclat_ms"": {""pose"": 39.02, ""object"": 37.32}}, ""b10"": {""services"": [""pose"", ""object""], ""fps"": {""pose"": 14, ""object"": 14}, ""eff_fps"": {""pose"": 14, ""object"": 14}, ""latency_ms"": {""pose"": 0, ""object"": 0}, ""svclat_ms"": {""pose"": 36.08, ""object"": 35.49}}, ""b11"": {""services"": [""pose"", ""object""], ""fps"": {""pose"": 0, ""object"": 0}, ""eff_fps"": {""pose"": 0, ""object"": 0}, ""latency_ms"": {""pose"": 0, ""object"": 0}, ""svclat_ms"": {""pose"": 0.0, ""object"": 0.0}}}"
174.6,34,34,1.0,0,0,13,19,19,1.0,1383.0,1348.0,0.975,0.0,0.56,0.0,15.09,27.0,15.0,15.09,27.0,14.83,0,0,0,34.4,22.05,39.37,1340,"{""ip-172-31-0-204"": ""healthy"", ""ip-172-31-1-171"": ""healthy"", ""ip-172-31-10-12"": ""healthy"", ""ip-172-31-11-132"": ""healthy"", ""ip-172-31-13-134"": ""healthy"", ""ip-172-31-14-68"": ""healthy"", ""ip-172-31-40-239"": ""healthy""}",subscribe,226.4,0.6608,0,0,"{""ip-172-31-0-204"": {""gesture"": 1, ""pose"": 1, ""object"": 1}, ""ip-172-31-10-12"": {""object"": 1, ""gesture"": 1}, ""ip-172-31-11-132"": {""object"": 1, ""pose"": 1, ""gesture"": 1}, ""ip-172-31-40-239"": {""gesture"": 1, ""pose"": 1}, ""ip-172-31-1-171"": {""pose"": 1, ""gesture"": 1, ""object"": 1}, ""ip-172-31-13-134"": {""pose"": 1, ""gesture"": 1, ""object"": 1}, ""ip-172-31-14-68"": {""pose"": 1, ""gesture"": 1, ""object"": 1}}","{""a1"": {""services"": [""pose"", ""gesture""], ""fps"": {""pose"": 17, ""gesture"": 25}, ""eff_fps"": {""pose"": 17, ""gesture"": 25}, ""latency_ms"": {""pose"": 0, ""gesture"": 0}, ""svclat_ms"": {""pose"": 29.09, ""gesture"": 19.17}}, ""a2"": {""services"": [""pose"", ""gesture""], ""fps"": {""pose"": 14, ""gesture"": 25}, ""eff_fps"": {""pose"": 14, ""gesture"": 25}, ""latency_ms"": {""pose"": 0, ""gesture"": 0}, ""svclat_ms"": {""pose"": 27.93, ""gesture"": 21.2}}, ""a3"": {""services"": [""pose"", ""gesture""], ""fps"": {""pose"": 14, ""gesture"": 22}, ""eff_fps"": {""pose"": 14, ""gesture"": 22}, ""latency_ms"": {""pose"": 0, ""gesture"": 0}, ""svclat_ms"": {""pose"": 39.15, ""gesture"": 22.32}}, ""a4"": {""services"": [""pose"", ""gesture""], ""fps"": {""pose"": 14, ""gesture"": 30}, ""eff_fps"": {""pose"": 14, ""gesture"": 30}, ""latency_ms"": {""pose"": 0, ""gesture"": 0}, ""svclat_ms"": {""pose"": 28.04, ""gesture"": 24.03}}, ""a5"": {""services"": [""pose"", ""gesture""], ""fps"": {""pose"": 14, ""gesture"": 30}, ""eff_fps"": {""pose"": 14, ""gesture"": 30}, ""latency_ms"": {""pose"": 0, ""gesture"": 0}, ""svclat_ms"": {""pose"": 37.94, ""gesture"": 25.84}}, ""a6"": {""services"": [""pose"", ""gesture""], ""fps"": {""pose"": 19, ""gesture"": 30}, ""eff_fps"": {""pose"": 19, ""gesture"": 30}, ""latency_ms"": {""pose"": 0, ""gesture"": 0}, ""svclat_ms"": {""pose"": 31.14, ""gesture"": 20.91}}, ""a7"": {""services"": [""pose"", ""gesture""], ""fps"": {""pose"": 17, ""gesture"": 30}, ""eff_fps"": {""pose"": 17, ""gesture"": 30}, ""latency_ms"": {""pose"": 0, ""gesture"": 0}, ""svclat_ms"": {""pose"": 38.71, ""gesture"": 23.65}}, ""a8"": {""services"": [""pose"", ""gesture""], ""fps"": {""pose"": 14, ""gesture"": 25}, ""eff_fps"": {""pose"": 14, ""gesture"": 25}, ""latency_ms"": {""pose"": 0, ""gesture"": 0}, ""svclat_ms"": {""pose"": 30.59, ""gesture"": 19.78}}, ""a9"": {""services"": [""pose"", ""gesture""], ""fps"": {""pose"": 14, ""gesture"": 25}, ""eff_fps"": {""pose"": 14, ""gesture"": 25}, ""latency_ms"": {""pose"": 0, ""gesture"": 0}, ""svclat_ms"": {""pose"": 28.35, ""gesture"": 23.73}}, ""a10"": {""services"": [""pose"", ""gesture""], ""fps"": {""pose"": 14, ""gesture"": 30}, ""eff_fps"": {""pose"": 14, ""gesture"": 30}, ""latency_ms"": {""pose"": 0, ""gesture"": 0}, ""svclat_ms"": {""pose"": 41.59, ""gesture"": 20.83}}, ""a11"": {""services"": [""pose"", ""gesture""], ""fps"": {""pose"": 14, ""gesture"": 22}, ""eff_fps"": {""pose"": 14, ""gesture"": 22}, ""latency_ms"": {""pose"": 0, ""gesture"": 0}, ""svclat_ms"": {""pose"": 42.17, ""gesture"": 22.49}}, ""a12"": {""services"": [""pose"", ""gesture""], ""fps"": {""pose"": 19, ""gesture"": 30}, ""eff_fps"": {""pose"": 19, ""gesture"": 30}, ""latency_ms"": {""pose"": 0, ""gesture"": 0}, ""svclat_ms"": {""pose"": 29.72, ""gesture"": 26.95}}, ""z1"": {""services"": [""gesture"", ""object""], ""fps"": {""gesture"": 25, ""object"": 17}, ""eff_fps"": {""gesture"": 25, ""object"": 17}, ""latency_ms"": {""gesture"": 0, ""object"": 0}, ""svclat_ms"": {""gesture"": 18.21, ""object"": 31.97}}, ""z2"": {""services"": [""gesture"", ""object""], ""fps"": {""gesture"": 25, ""object"": 14}, ""eff_fps"": {""gesture"": 25, ""object"": 14}, ""latency_ms"": {""gesture"": 0, ""object"": 0}, ""svclat_ms"": {""gesture"": 22.61, ""object"": 41.2}}, ""z3"": {""services"": [""gesture"", ""object""], ""fps"": {""gesture"": 22, ""object"": 14}, ""eff_fps"": {""gesture"": 22, ""object"": 14}, ""latency_ms"": {""gesture"": 0, ""object"": 0}, ""svclat_ms"": {""gesture"": 20.46, ""object"": 27.31}}, ""z4"": {""services"": [""gesture"", ""object""], ""fps"": {""gesture"": 30, ""object"": 14}, ""eff_fps"": {""gesture"": 30, ""object"": 14}, ""latency_ms"": {""gesture"": 0, ""object"": 0}, ""svclat_ms"": {""gesture"": 20.43, ""object"": 50.11}}, ""z5"": {""services"": [""gesture"", ""object""], ""fps"": {""gesture"": 30, ""object"": 14}, ""eff_fps"": {""gesture"": 30, ""object"": 13}, ""latency_ms"": {""gesture"": 0, ""object"": 0}, ""svclat_ms"": {""gesture"": 26.88, ""object"": 43.58}}, ""z6"": {""services"": [""gesture"", ""object""], ""fps"": {""gesture"": 30, ""object"": 20}, ""eff_fps"": {""gesture"": 30, ""object"": 20}, ""latency_ms"": {""gesture"": 0, ""object"": 0}, ""svclat_ms"": {""gesture"": 21.15, ""object"": 31.55}}, ""z7"": {""services"": [""gesture"", ""object""], ""fps"": {""gesture"": 30, ""object"": 17}, ""eff_fps"": {""gesture"": 30, ""object"": 17}, ""latency_ms"": {""gesture"": 0, ""object"": 0}, ""svclat_ms"": {""gesture"": 22.02, ""object"": 30.29}}, ""z8"": {""services"": [""gesture"", ""object""], ""fps"": {""gesture"": 30, ""object"": 14}, ""eff_fps"": {""gesture"": 30, ""object"": 14}, ""latency_ms"": {""gesture"": 0, ""object"": 0}, ""svclat_ms"": {""gesture"": 21.68, ""object"": 50.52}}, ""z9"": {""services"": [""gesture"", ""object""], ""fps"": {""gesture"": 30, ""object"": 14}, ""eff_fps"": {""gesture"": 30, ""object"": 14}, ""latency_ms"": {""gesture"": 0, ""object"": 0}, ""svclat_ms"": {""gesture"": 23.61, ""object"": 34.01}}, ""z10"": {""services"": [""gesture"", ""object""], ""fps"": {""gesture"": 25, ""object"": 14}, ""eff_fps"": {""gesture"": 25, ""object"": 14}, ""latency_ms"": {""gesture"": 0, ""object"": 0}, ""svclat_ms"": {""gesture"": 19.01, ""object"": 52.91}}, ""z11"": {""services"": [""gesture"", ""object""], ""fps"": {""gesture"": 25, ""object"": 13}, ""eff_fps"": {""gesture"": 25, ""object"": 12}, ""latency_ms"": {""gesture"": 0, ""object"": 0}, ""svclat_ms"": {""gesture"": 21.55, ""object"": 53.44}}, ""z12"": {""services"": [""gesture"", ""object""], ""fps"": {""gesture"": 22, ""object"": 19}, ""eff_fps"": {""gesture"": 22, ""object"": 19}, ""latency_ms"": {""gesture"": 0, ""object"": 0}, ""svclat_ms"": {""gesture"": 20.61, ""object"": 30.57}}, ""b1"": {""services"": [""pose"", ""object""], ""fps"": {""pose"": 14, ""object"": 14}, ""eff_fps"": {""pose"": 14, ""object"": 14}, ""latency_ms"": {""pose"": 0, ""object"": 0}, ""svclat_ms"": {""pose"": 27.84, ""object"": 28.29}}, ""b2"": {""services"": [""pose"", ""object""], ""fps"": {""pose"": 17, ""object"": 17}, ""eff_fps"": {""pose"": 17, ""object"": 17}, ""latency_ms"": {""pose"": 0, ""object"": 0}, ""svclat_ms"": {""pose"": 25.16, ""object"": 34.88}}, ""b3"": {""services"": [""pose"", ""object""], ""fps"": {""pose"": 14, ""object"": 14}, ""eff_fps"": {""pose"": 14, ""object"": 14}, ""latency_ms"": {""pose"": 0, ""object"": 0}, ""svclat_ms"": {""pose"": 43.62, ""object"": 46.16}}, ""b4"": {""services"": [""pose"", ""object""], ""fps"": {""pose"": 14, ""object"": 14}, ""eff_fps"": {""pose"": 14, ""object"": 14}, ""latency_ms"": {""pose"": 0, ""object"": 0}, ""svclat_ms"": {""pose"": 32.19, ""object"": 41.84}}, ""b5"": {""services"": [""pose"", ""object""], ""fps"": {""pose"": 14, ""object"": 13}, ""eff_fps"": {""pose"": 14, ""object"": 12}, ""latency_ms"": {""pose"": 0, ""object"": 0}, ""svclat_ms"": {""pose"": 30.12, ""object"": 51.55}}, ""b6"": {""services"": [""pose"", ""object""], ""fps"": {""pose"": 19, ""object"": 19}, ""eff_fps"": {""pose"": 19, ""object"": 19}, ""latency_ms"": {""pose"": 0, ""object"": 0}, ""svclat_ms"": {""pose"": 40.99, ""object"": 36.56}}, ""b7"": {""services"": [""pose"", ""object""], ""fps"": {""pose"": 17, ""object"": 17}, ""eff_fps"": {""pose"": 17, ""object"": 17}, ""latency_ms"": {""pose"": 0, ""object"": 0}, ""svclat_ms"": {""pose"": 35.78, ""object"": 31.46}}, ""b8"": {""services"": [""pose"", ""object""], ""fps"": {""pose"": 14, ""object"": 14}, ""eff_fps"": {""pose"": 14, ""object"": 14}, ""latency_ms"": {""pose"": 0, ""object"": 0}, ""svclat_ms"": {""pose"": 40.82, ""object"": 33.05}}, ""b9"": {""services"": [""pose"", ""object""], ""fps"": {""pose"": 14, ""object"": 14}, ""eff_fps"": {""pose"": 14, ""object"": 14}, ""latency_ms"": {""pose"": 0, ""object"": 0}, ""svclat_ms"": {""pose"": 39.26, ""object"": 37.51}}, ""b10"": {""services"": [""pose"", ""object""], ""fps"": {""pose"": 14, ""object"": 14}, ""eff_fps"": {""pose"": 14, ""object"": 14}, ""latency_ms"": {""pose"": 0, ""object"": 0}, ""svclat_ms"": {""pose"": 35.99, ""object"": 32.99}}, ""b11"": {""services"": [""pose"", ""object""], ""fps"": {""pose"": 12, ""object"": 11}, ""eff_fps"": {""pose"": 12, ""object"": 10}, ""latency_ms"": {""pose"": 0, ""object"": 0}, ""svclat_ms"": {""pose"": 34.96, ""object"": 53.84}}}"
177.1,35,35,1.0,0,0,13,19,19,1.0,1383.0,1346.0,0.973,0.0,0.54,0.0,15.13,26.96,15.13,15.09,26.96,15.13,0,0,0,36.31,22.87,36.35,1343,"{""ip-172-31-0-204"": ""healthy"", ""ip-172-31-1-171"": ""healthy"", ""ip-172-31-10-12"": ""healthy"", ""ip-172-31-11-132"": ""healthy"", ""ip-172-31-13-134"": ""healthy"", ""ip-172-31-14-68"": ""healthy"", ""ip-172-31-40-239"": ""healthy""}",subscribe,227.4,0.641,0,0,"{""ip-172-31-0-204"": {""gesture"": 1, ""pose"": 1, ""object"": 1}, ""ip-172-31-10-12"": {""object"": 1, ""gesture"": 1}, ""ip-172-31-11-132"": {""object"": 1, ""pose"": 1, ""gesture"": 1}, ""ip-172-31-40-239"": {""gesture"": 1, ""pose"": 1}, ""ip-172-31-1-171"": {""pose"": 1, ""gesture"": 1, ""object"": 1}, ""ip-172-31-13-134"": {""pose"": 1, ""gesture"": 1, ""object"": 1}, ""ip-172-31-14-68"": {""pose"": 1, ""gesture"": 1, ""object"": 1}}","{""a1"": {""services"": [""pose"", ""gesture""], ""fps"": {""pose"": 17, ""gesture"": 25}, ""eff_fps"": {""pose"": 17, ""gesture"": 25}, ""latency_ms"": {""pose"": 0, ""gesture"": 0}, ""svclat_ms"": {""pose"": 28.45, ""gesture"": 19.05}}, ""a2"": {""services"": [""pose"", ""gesture""], ""fps"": {""pose"": 14, ""gesture"": 25}, ""eff_fps"": {""pose"": 14, ""gesture"": 25}, ""latency_ms"": {""pose"": 0, ""gesture"": 0}, ""svclat_ms"": {""pose"": 30.65, ""gesture"": 23.52}}, ""a3"": {""services"": [""pose"", ""gesture""], ""fps"": {""pose"": 14, ""gesture"": 22}, ""eff_fps"": {""pose"": 14, ""gesture"": 22}, ""latency_ms"": {""pose"": 0, ""gesture"": 0}, ""svclat_ms"": {""pose"": 39.33, ""gesture"": 22.2}}, ""a4"": {""services"": [""pose"", ""gesture""], ""fps"": {""pose"": 13, ""gesture"": 30}, ""eff_fps"": {""pose"": 12, ""gesture"": 30}, ""latency_ms"": {""pose"": 0, ""gesture"": 0}, ""svclat_ms"": {""pose"": 54.93, ""gesture"": 21.26}}, ""a5"": {""services"": [""pose"", ""gesture""], ""fps"": {""pose"": 14, ""gesture"": 30}, ""eff_fps"": {""pose"": 14, ""gesture"": 30}, ""latency_ms"": {""pose"": 0, ""gesture"": 0}, ""svclat_ms"": {""pose"": 31.72, ""gesture"": 23.44}}, ""a6"": {""services"": [""pose"", ""gesture""], ""fps"": {""pose"": 19, ""gesture"": 30}, ""eff_fps"": {""pose"": 19, ""gesture"": 30}, ""latency_ms"": {""pose"": 0, ""gesture"": 0}, ""svclat_ms"": {""pose"": 30.73, ""gesture"": 25.68}}, ""a7"": {""services"": [""pose"", ""gesture""], ""fps"": {""pose"": 17, ""gesture"": 30}, ""eff_fps"": {""pose"": 17, ""gesture"": 30}, ""latency_ms"": {""pose"": 0, ""gesture"": 0}, ""svclat_ms"": {""pose"": 38.21, ""gesture"": 24.91}}, ""a8"": {""services"": [""pose"", ""gesture""], ""fps"": {""pose"": 14, ""gesture"": 26}, ""eff_fps"": {""pose"": 14, ""gesture"": 26}, ""latency_ms"": {""pose"": 0, ""gesture"": 0}, ""svclat_ms"": {""pose"": 30.45, ""gesture"": 20.32}}, ""a9"": {""services"": [""pose"", ""gesture""], ""fps"": {""pose"": 14, ""gesture"": 25}, ""eff_fps"": {""pose"": 14, ""gesture"": 25}, ""latency_ms"": {""pose"": 0, ""gesture"": 0}, ""svclat_ms"": {""pose"": 28.79, ""gesture"": 24.91}}, ""a10"": {""services"": [""pose"", ""gesture""], ""fps"": {""pose"": 14, ""gesture"": 30}, ""eff_fps"": {""pose"": 14, ""gesture"": 30}, ""latency_ms"": {""pose"": 0, ""gesture"": 0}, ""svclat_ms"": {""pose"": 40.62, ""gesture"": 21.83}}, ""a11"": {""services"": [""pose"", ""gesture""], ""fps"": {""pose"": 14, ""gesture"": 22}, ""eff_fps"": {""pose"": 14, ""gesture"": 22}, ""latency_ms"": {""pose"": 0, ""gesture"": 0}, ""svclat_ms"": {""pose"": 39.75, ""gesture"": 24.0}}, ""a12"": {""services"": [""pose"", ""gesture""], ""fps"": {""pose"": 19, ""gesture"": 29}, ""eff_fps"": {""pose"": 19, ""gesture"": 29}, ""latency_ms"": {""pose"": 0, ""gesture"": 0}, ""svclat_ms"": {""pose"": 30.99, ""gesture"": 23.49}}, ""z1"": {""services"": [""gesture"", ""object""], ""fps"": {""gesture"": 25, ""object"": 17}, ""eff_fps"": {""gesture"": 25, ""object"": 17}, ""latency_ms"": {""gesture"": 0, ""object"": 0}, ""svclat_ms"": {""gesture"": 18.82, ""object"": 29.44}}, ""z2"": {""services"": [""gesture"", ""object""], ""fps"": {""gesture"": 25, ""object"": 14}, ""eff_fps"": {""gesture"": 25, ""object"": 14}, ""latency_ms"": {""gesture"": 0, ""object"": 0}, ""svclat_ms"": {""gesture"": 24.2, ""object"": 41.47}}, ""z3"": {""services"": [""gesture"", ""object""], ""fps"": {""gesture"": 22, ""object"": 14}, ""eff_fps"": {""gesture"": 22, ""object"": 14}, ""latency_ms"": {""gesture"": 0, ""object"": 0}, ""svclat_ms"": {""gesture"": 21.78, ""object"": 27.82}}, ""z4"": {""services"": [""gesture"", ""object""], ""fps"": {""gesture"": 30, ""object"": 14}, ""eff_fps"": {""gesture"": 30, ""object"": 14}, ""latency_ms"": {""gesture"": 0, ""object"": 0}, ""svclat_ms"": {""gesture"": 21.1, ""object"": 48.7}}, ""z5"": {""services"": [""gesture"", ""object""], ""fps"": {""gesture"": 30, ""object"": 14}, ""eff_fps"": {""gesture"": 30, ""object"": 14}, ""latency_ms"": {""gesture"": 0, ""object"": 0}, ""svclat_ms"": {""gesture"": 24.58, ""object"": 30.17}}, ""z6"": {""services"": [""gesture"", ""object""], ""fps"": {""gesture"": 30, ""object"": 19}, ""eff_fps"": {""gesture"": 30, ""object"": 19}, ""latency_ms"": {""gesture"": 0, ""object"": 0}, ""svclat_ms"": {""gesture"": 25.65, ""object"": 34.28}}, ""z7"": {""services"": [""gesture"", ""object""], ""fps"": {""gesture"": 29, ""object"": 17}, ""eff_fps"": {""gesture"": 29, ""object"": 17}, ""latency_ms"": {""gesture"": 0, ""object"": 0}, ""svclat_ms"": {""gesture"": 23.89, ""object"": 28.56}}, ""z8"": {""services"": [""gesture"", ""object""], ""fps"": {""gesture"": 30, ""object"": 14}, ""eff_fps"": {""gesture"": 30, ""object"": 14}, ""latency_ms"": {""gesture"": 0, ""object"": 0}, ""svclat_ms"": {""gesture"": 25.86, ""object"": 51.86}}, ""z9"": {""services"": [""gesture"", ""object""], ""fps"": {""gesture"": 30, ""object"": 14}, ""eff_fps"": {""gesture"": 30, ""object"": 14}, ""latency_ms"": {""gesture"": 0, ""object"": 0}, ""svclat_ms"": {""gesture"": 23.08, ""object"": 35.68}}, ""z10"": {""services"": [""gesture"", ""object""], ""fps"": {""gesture"": 25, ""object"": 14}, ""eff_fps"": {""gesture"": 25, ""object"": 14}, ""latency_ms"": {""gesture"": 0, ""object"": 0}, ""svclat_ms"": {""gesture"": 19.95, ""object"": 49.21}}, ""z11"": {""services"": [""gesture"", ""object""], ""fps"": {""gesture"": 25, ""object"": 14}, ""eff_fps"": {""gesture"": 25, ""object"": 14}, ""latency_ms"": {""gesture"": 0, ""object"": 0}, ""svclat_ms"": {""gesture"": 23.75, ""object"": 33.15}}, ""z12"": {""services"": [""gesture"", ""object""], ""fps"": {""gesture"": 22, ""object"": 19}, ""eff_fps"": {""gesture"": 22, ""object"": 19}, ""latency_ms"": {""gesture"": 0, ""object"": 0}, ""svclat_ms"": {""gesture"": 21.69, ""object"": 30.79}}, ""b1"": {""services"": [""pose"", ""object""], ""fps"": {""pose"": 14, ""object"": 14}, ""eff_fps"": {""pose"": 14, ""object"": 14}, ""latency_ms"": {""pose"": 0, ""object"": 0}, ""svclat_ms"": {""pose"": 28.45, ""object"": 33.72}}, ""b2"": {""services"": [""pose"", ""object""], ""fps"": {""pose"": 17, ""object"": 16}, ""eff_fps"": {""pose"": 17, ""object"": 16}, ""latency_ms"": {""pose"": 0, ""object"": 0}, ""svclat_ms"": {""pose"": 25.57, ""object"": 37.76}}, ""b3"": {""services"": [""pose"", ""object""], ""fps"": {""pose"": 14, ""object"": 14}, ""eff_fps"": {""pose"": 14, ""object"": 14}, ""latency_ms"": {""pose"": 0, ""object"": 0}, ""svclat_ms"": {""pose"": 44.58, ""object"": 47.6}}, ""b4"": {""services"": [""pose"", ""object""], ""fps"": {""pose"": 14, ""object"": 14}, ""eff_fps"": {""pose"": 14, ""object"": 14}, ""latency_ms"": {""pose"": 0, ""object"": 0}, ""svclat_ms"": {""pose"": 38.88, ""object"": 41.29}}, ""b5"": {""services"": [""pose"", ""object""], ""fps"": {""pose"": 14, ""object"": 14}, ""eff_fps"": {""pose"": 14, ""object"": 14}, ""latency_ms"": {""pose"": 0, ""object"": 0}, ""svclat_ms"": {""pose"": 34.9, ""object"": 30.28}}, ""b6"": {""services"": [""pose"", ""object""], ""fps"": {""pose"": 19, ""object"": 19}, ""eff_fps"": {""pose"": 19, ""object"": 19}, ""latency_ms"": {""pose"": 0, ""object"": 0}, ""svclat_ms"": {""pose"": 39.93, ""object"": 39.45}}, ""b7"": {""services"": [""pose"", ""object""], ""fps"": {""pose"": 17, ""object"": 17}, ""eff_fps"": {""pose"": 17, ""object"": 17}, ""latency_ms"": {""pose"": 0, ""object"": 0}, ""svclat_ms"": {""pose"": 37.29, ""object"": 30.21}}, ""b8"": {""services"": [""pose"", ""object""], ""fps"": {""pose"": 14, ""object"": 14}, ""eff_fps"": {""pose"": 14, ""object"": 14}, ""latency_ms"": {""pose"": 0, ""object"": 0}, ""svclat_ms"": {""pose"": 42.0, ""object"": 33.61}}, ""b9"": {""services"": [""pose"", ""object""], ""fps"": {""pose"": 14, ""object"": 14}, ""eff_fps"": {""pose"": 14, ""object"": 14}, ""latency_ms"": {""pose"": 0, ""object"": 0}, ""svclat_ms"": {""pose"": 39.27, ""object"": 37.77}}, ""b10"": {""services"": [""pose"", ""object""], ""fps"": {""pose"": 14, ""object"": 14}, ""eff_fps"": {""pose"": 14, ""object"": 14}, ""latency_ms"": {""pose"": 0, ""object"": 0}, ""svclat_ms"": {""pose"": 40.35, ""object"": 33.05}}, ""b11"": {""services"": [""pose"", ""object""], ""fps"": {""pose"": 14, ""object"": 14}, ""eff_fps"": {""pose"": 14, ""object"": 14}, ""latency_ms"": {""pose"": 0, ""object"": 0}, ""svclat_ms"": {""pose"": 39.37, ""object"": 30.27}}, ""b12"": {""services"": [""pose"", ""object""], ""fps"": {""pose"": 0, ""object"": 0}, ""eff_fps"": {""pose"": 0, ""object"": 0}, ""latency_ms"": {""pose"": 0, ""object"": 0}, ""svclat_ms"": {""pose"": 0.0, ""object"": 0.0}}}"
180.8,36,36,1.0,0,0,13,19,19,1.0,1383.0,1344.0,0.972,0.0,0.53,0.0,14.46,27.0,14.54,14.46,27.0,14.54,0,0,0,35.27,21.35,32.95,1344,"{""ip-172-31-0-204"": ""healthy"", ""ip-172-31-1-171"": ""healthy"", ""ip-172-31-10-12"": ""healthy"", ""ip-172-31-11-132"": ""healthy"", ""ip-172-31-13-134"": ""healthy"", ""ip-172-31-14-68"": ""healthy"", ""ip-172-31-40-239"": ""healthy""}",subscribe,233.9,0.6222,0,0,"{""ip-172-31-0-204"": {""gesture"": 1, ""pose"": 1, ""object"": 1}, ""ip-172-31-10-12"": {""object"": 1, ""gesture"": 1}, ""ip-172-31-11-132"": {""object"": 1, ""pose"": 1, ""gesture"": 1}, ""ip-172-31-40-239"": {""gesture"": 1, ""pose"": 1}, ""ip-172-31-1-171"": {""pose"": 1, ""gesture"": 1, ""object"": 1}, ""ip-172-31-13-134"": {""pose"": 1, ""gesture"": 1, ""object"": 1}, ""ip-172-31-14-68"": {""pose"": 1, ""gesture"": 1, ""object"": 1}}","{""a1"": {""services"": [""pose"", ""gesture""], ""fps"": {""pose"": 17, ""gesture"": 25}, ""eff_fps"": {""pose"": 17, ""gesture"": 25}, ""latency_ms"": {""pose"": 0, ""gesture"": 0}, ""svclat_ms"": {""pose"": 37.87, ""gesture"": 19.63}}, ""a2"": {""services"": [""pose"", ""gesture""], ""fps"": {""pose"": 14, ""gesture"": 25}, ""eff_fps"": {""pose"": 14, ""gesture"": 25}, ""latency_ms"": {""pose"": 0, ""gesture"": 0}, ""svclat_ms"": {""pose"": 29.9, ""gesture"": 20.18}}, ""a3"": {""services"": [""pose"", ""gesture""], ""fps"": {""pose"": 14, ""gesture"": 22}, ""eff_fps"": {""pose"": 14, ""gesture"": 22}, ""latency_ms"": {""pose"": 0, ""gesture"": 0}, ""svclat_ms"": {""pose"": 39.09, ""gesture"": 22.01}}, ""a4"": {""services"": [""pose"", ""gesture""], ""fps"": {""pose"": 14, ""gesture"": 30}, ""eff_fps"": {""pose"": 14, ""gesture"": 30}, ""latency_ms"": {""pose"": 0, ""gesture"": 0}, ""svclat_ms"": {""pose"": 26.91, ""gesture"": 20.89}}, ""a5"": {""services"": [""pose"", ""gesture""], ""fps"": {""pose"": 14, ""gesture"": 30}, ""eff_fps"": {""pose"": 14, ""gesture"": 30}, ""latency_ms"": {""pose"": 0, ""gesture"": 0}, ""svclat_ms"": {""pose"": 38.73, ""gesture"": 20.54}}, ""a6"": {""services"": [""pose"", ""gesture""], ""fps"": {""pose"": 14, ""gesture"": 30}, ""eff_fps"": {""pose"": 14, ""gesture"": 30}, ""latency_ms"": {""pose"": 0, ""gesture"": 0}, ""svclat_ms"": {""pose"": 29.08, ""gesture"": 21.03}}, ""a7"": {""services"": [""pose"", ""gesture""], ""fps"": {""pose"": 17, ""gesture"": 30}, ""eff_fps"": {""pose"": 17, ""gesture"": 30}, ""latency_ms"": {""pose"": 0, ""gesture"": 0}, ""svclat_ms"": {""pose"": 44.95, ""gesture"": 20.87}}, ""a8"": {""services"": [""pose"", ""gesture""], ""fps"": {""pose"": 14, ""gesture"": 25}, ""eff_fps"": {""pose"": 14, ""gesture"": 25}, ""latency_ms"": {""pose"": 0, ""gesture"": 0}, ""svclat_ms"": {""pose"": 28.89, ""gesture"": 21.61}}, ""a9"": {""services"": [""pose"", ""gesture""], ""fps"": {""pose"": 14, ""gesture"": 24}, ""eff_fps"": {""pose"": 14, ""gesture"": 24}, ""latency_ms"": {""pose"": 0, ""gesture"": 0}, ""svclat_ms"": {""pose"": 29.03, ""gesture"": 22.39}}, ""a10"": {""services"": [""pose"", ""gesture""], ""fps"": {""pose"": 13, ""gesture"": 31}, ""eff_fps"": {""pose"": 13, ""gesture"": 31}, ""latency_ms"": {""pose"": 0, ""gesture"": 0}, ""svclat_ms"": {""pose"": 45.12, ""gesture"": 22.65}}, ""a11"": {""services"": [""pose"", ""gesture""], ""fps"": {""pose"": 14, ""gesture"": 22}, ""eff_fps"": {""pose"": 14, ""gesture"": 22}, ""latency_ms"": {""pose"": 0, ""gesture"": 0}, ""svclat_ms"": {""pose"": 28.04, ""gesture"": 23.07}}, ""a12"": {""services"": [""pose"", ""gesture""], ""fps"": {""pose"": 14, ""gesture"": 29}, ""eff_fps"": {""pose"": 14, ""gesture"": 29}, ""latency_ms"": {""pose"": 0, ""gesture"": 0}, ""svclat_ms"": {""pose"": 42.27, ""gesture"": 22.49}}, ""z1"": {""services"": [""gesture"", ""object""], ""fps"": {""gesture"": 25, ""object"": 17}, ""eff_fps"": {""gesture"": 25, ""object"": 17}, ""latency_ms"": {""gesture"": 0, ""object"": 0}, ""svclat_ms"": {""gesture"": 20.22, ""object"": 27.59}}, ""z2"": {""services"": [""gesture"", ""object""], ""fps"": {""gesture"": 25, ""object"": 14}, ""eff_fps"": {""gesture"": 25, ""object"": 14}, ""latency_ms"": {""gesture"": 0, ""object"": 0}, ""svclat_ms"": {""gesture"": 21.73, ""object"": 31.9}}, ""z3"": {""services"": [""gesture"", ""object""], ""fps"": {""gesture"": 22, ""object"": 14}, ""eff_fps"": {""gesture"": 22, ""object"": 14}, ""latency_ms"": {""gesture"": 0, ""object"": 0}, ""svclat_ms"": {""gesture"": 21.17, ""object"": 27.12}}, ""z4"": {""services"": [""gesture"", ""object""], ""fps"": {""gesture"": 30, ""object"": 14}, ""eff_fps"": {""gesture"": 30, ""object"": 14}, ""latency_ms"": {""gesture"": 0, ""object"": 0}, ""svclat_ms"": {""gesture"": 21.98, ""object"": 44.05}}, ""z5"": {""services"": [""gesture"", ""object""], ""fps"": {""gesture"": 30, ""object"": 14}, ""eff_fps"": {""gesture"": 30, ""object"": 14}, ""latency_ms"": {""gesture"": 0, ""object"": 0}, ""svclat_ms"": {""gesture"": 21.73, ""object"": 29.48}}, ""z6"": {""services"": [""gesture"", ""object""], ""fps"": {""gesture"": 30, ""object"": 14}, ""eff_fps"": {""gesture"": 30, ""object"": 14}, ""latency_ms"": {""gesture"": 0, ""object"": 0}, ""svclat_ms"": {""gesture"": 20.95, ""object"": 34.95}}, ""z7"": {""services"": [""gesture"", ""object""], ""fps"": {""gesture"": 30, ""object"": 16}, ""eff_fps"": {""gesture"": 30, ""object"": 16}, ""latency_ms"": {""gesture"": 0, ""object"": 0}, ""svclat_ms"": {""gesture"": 20.08, ""object"": 27.57}}, ""z8"": {""services"": [""gesture"", ""object""], ""fps"": {""gesture"": 30, ""object"": 14}, ""eff_fps"": {""gesture"": 30, ""object"": 14}, ""latency_ms"": {""gesture"": 0, ""object"": 0}, ""svclat_ms"": {""gesture"": 20.65, ""object"": 29.87}}, ""z9"": {""services"": [""gesture"", ""object""], ""fps"": {""gesture"": 31, ""object"": 14}, ""eff_fps"": {""gesture"": 31, ""object"": 14}, ""latency_ms"": {""gesture"": 0, ""object"": 0}, ""svclat_ms"": {""gesture"": 22.78, ""object"": 34.35}}, ""z10"": {""services"": [""gesture"", ""object""], ""fps"": {""gesture"": 25, ""object"": 14}, ""eff_fps"": {""gesture"": 25, ""object"": 14}, ""latency_ms"": {""gesture"": 0, ""object"": 0}, ""svclat_ms"": {""gesture"": 21.49, ""object"": 46.56}}, ""z11"": {""services"": [""gesture"", ""object""], ""fps"": {""gesture"": 25, ""object"": 14}, ""eff_fps"": {""gesture"": 25, ""object"": 14}, ""latency_ms"": {""gesture"": 0, ""object"": 0}, ""svclat_ms"": {""gesture"": 20.96, ""object"": 34.07}}, ""z12"": {""services"": [""gesture"", ""object""], ""fps"": {""gesture"": 22, ""object"": 14}, ""eff_fps"": {""gesture"": 22, ""object"": 14}, ""latency_ms"": {""gesture"": 0, ""object"": 0}, ""svclat_ms"": {""gesture"": 21.34, ""object"": 29.63}}, ""b1"": {""services"": [""pose"", ""object""], ""fps"": {""pose"": 14, ""object"": 15}, ""eff_fps"": {""pose"": 14, ""object"": 15}, ""latency_ms"": {""pose"": 0, ""object"": 0}, ""svclat_ms"": {""pose"": 29.61, ""object"": 29.37}}, ""b2"": {""services"": [""pose"", ""object""], ""fps"": {""pose"": 17, ""object"": 18}, ""eff_fps"": {""pose"": 17, ""object"": 18}, ""latency_ms"": {""pose"": 0, ""object"": 0}, ""svclat_ms"": {""pose"": 26.03, ""object"": 30.88}}, ""b3"": {""services"": [""pose"", ""object""], ""fps"": {""pose"": 14, ""object"": 14}, ""eff_fps"": {""pose"": 14, ""object"": 14}, ""latency_ms"": {""pose"": 0, ""object"": 0}, ""svclat_ms"": {""pose"": 41.22, ""object"": 46.2}}, ""b4"": {""services"": [""pose"", ""object""], ""fps"": {""pose"": 14, ""object"": 14}, ""eff_fps"": {""pose"": 14, ""object"": 14}, ""latency_ms"": {""pose"": 0, ""object"": 0}, ""svclat_ms"": {""pose"": 27.64, ""object"": 37.05}}, ""b5"": {""services"": [""pose"", ""object""], ""fps"": {""pose"": 14, ""object"": 14}, ""eff_fps"": {""pose"": 14, ""object"": 14}, ""latency_ms"": {""pose"": 0, ""object"": 0}, ""svclat_ms"": {""pose"": 34.04, ""object"": 30.32}}, ""b6"": {""services"": [""pose"", ""object""], ""fps"": {""pose"": 14, ""object"": 14}, ""eff_fps"": {""pose"": 14, ""object"": 14}, ""latency_ms"": {""pose"": 0, ""object"": 0}, ""svclat_ms"": {""pose"": 42.46, ""object"": 29.53}}, ""b7"": {""services"": [""pose"", ""object""], ""fps"": {""pose"": 17, ""object"": 17}, ""eff_fps"": {""pose"": 17, ""object"": 17}, ""latency_ms"": {""pose"": 0, ""object"": 0}, ""svclat_ms"": {""pose"": 36.79, ""object"": 28.85}}, ""b8"": {""services"": [""pose"", ""object""], ""fps"": {""pose"": 14, ""object"": 14}, ""eff_fps"": {""pose"": 14, ""object"": 14}, ""latency_ms"": {""pose"": 0, ""object"": 0}, ""svclat_ms"": {""pose"": 39.83, ""object"": 30.08}}, ""b9"": {""services"": [""pose"", ""object""], ""fps"": {""pose"": 14, ""object"": 14}, ""eff_fps"": {""pose"": 14, ""object"": 14}, ""latency_ms"": {""pose"": 0, ""object"": 0}, ""svclat_ms"": {""pose"": 41.21, ""object"": 37.79}}, ""b10"": {""services"": [""pose"", ""object""], ""fps"": {""pose"": 14, ""object"": 14}, ""eff_fps"": {""pose"": 14, ""object"": 14}, ""latency_ms"": {""pose"": 0, ""object"": 0}, ""svclat_ms"": {""pose"": 28.83, ""object"": 28.75}}, ""b11"": {""services"": [""pose"", ""object""], ""fps"": {""pose"": 14, ""object"": 14}, ""eff_fps"": {""pose"": 14, ""object"": 14}, ""latency_ms"": {""pose"": 0, ""object"": 0}, ""svclat_ms"": {""pose"": 35.95, ""object"": 30.59}}, ""b12"": {""services"": [""pose"", ""object""], ""fps"": {""pose"": 14, ""object"": 14}, ""eff_fps"": {""pose"": 14, ""object"": 14}, ""latency_ms"": {""pose"": 0, ""object"": 0}, ""svclat_ms"": {""pose"": 43.07, ""object"": 34.27}}}"
183.2,36,36,1.0,0,0,13,19,19,1.0,1383.0,1344.0,0.972,0.0,0.53,0.0,14.54,26.96,14.5,14.54,26.96,14.5,0,0,0,35.27,22.61,32.98,1344,"{""ip-172-31-0-204"": ""healthy"", ""ip-172-31-1-171"": ""healthy"", ""ip-172-31-10-12"": ""healthy"", ""ip-172-31-11-132"": ""healthy"", ""ip-172-31-13-134"": ""healthy"", ""ip-172-31-14-68"": ""healthy"", ""ip-172-31-40-239"": ""healthy""}",subscribe,233.9,0.6222,0,0,"{""ip-172-31-0-204"": {""gesture"": 1, ""pose"": 1, ""object"": 1}, ""ip-172-31-10-12"": {""object"": 1, ""gesture"": 1}, ""ip-172-31-11-132"": {""object"": 1, ""pose"": 1, ""gesture"": 1}, ""ip-172-31-40-239"": {""gesture"": 1, ""pose"": 1}, ""ip-172-31-1-171"": {""pose"": 1, ""gesture"": 1, ""object"": 1}, ""ip-172-31-13-134"": {""pose"": 1, ""gesture"": 1, ""object"": 1}, ""ip-172-31-14-68"": {""pose"": 1, ""gesture"": 1, ""object"": 1}}","{""a1"": {""services"": [""pose"", ""gesture""], ""fps"": {""pose"": 17, ""gesture"": 25}, ""eff_fps"": {""pose"": 17, ""gesture"": 25}, ""latency_ms"": {""pose"": 0, ""gesture"": 0}, ""svclat_ms"": {""pose"": 36.55, ""gesture"": 21.72}}, ""a2"": {""services"": [""pose"", ""gesture""], ""fps"": {""pose"": 14, ""gesture"": 25}, ""eff_fps"": {""pose"": 14, ""gesture"": 25}, ""latency_ms"": {""pose"": 0, ""gesture"": 0}, ""svclat_ms"": {""pose"": 28.22, ""gesture"": 21.73}}, ""a3"": {""services"": [""pose"", ""gesture""], ""fps"": {""pose"": 14, ""gesture"": 22}, ""eff_fps"": {""pose"": 14, ""gesture"": 22}, ""latency_ms"": {""pose"": 0, ""gesture"": 0}, ""svclat_ms"": {""pose"": 37.97, ""gesture"": 20.96}}, ""a4"": {""services"": [""pose"", ""gesture""], ""fps"": {""pose"": 14, ""gesture"": 30}, ""eff_fps"": {""pose"": 14, ""gesture"": 30}, ""latency_ms"": {""pose"": 0, ""gesture"": 0}, ""svclat_ms"": {""pose"": 30.31, ""gesture"": 19.63}}, ""a5"": {""services"": [""pose"", ""gesture""], ""fps"": {""pose"": 15, ""gesture"": 30}, ""eff_fps"": {""pose"": 15, ""gesture"": 30}, ""latency_ms"": {""pose"": 0, ""gesture"": 0}, ""svclat_ms"": {""pose"": 36.83, ""gesture"": 26.42}}, ""a6"": {""services"": [""pose"", ""gesture""], ""fps"": {""pose"": 14, ""gesture"": 30}, ""eff_fps"": {""pose"": 14, ""gesture"": 30}, ""latency_ms"": {""pose"": 0, ""gesture"": 0}, ""svclat_ms"": {""pose"": 28.92, ""gesture"": 21.93}}, ""a7"": {""services"": [""pose"", ""gesture""], ""fps"": {""pose"": 17, ""gesture"": 30}, ""eff_fps"": {""pose"": 17, ""gesture"": 30}, ""latency_ms"": {""pose"": 0, ""gesture"": 0}, ""svclat_ms"": {""pose"": 43.1, ""gesture"": 22.51}}, ""a8"": {""services"": [""pose"", ""gesture""], ""fps"": {""pose"": 14, ""gesture"": 25}, ""eff_fps"": {""pose"": 14, ""gesture"": 25}, ""latency_ms"": {""pose"": 0, ""gesture"": 0}, ""svclat_ms"": {""pose"": 29.24, ""gesture"": 21.91}}, ""a9"": {""services"": [""pose"", ""gesture""], ""fps"": {""pose"": 14, ""gesture"": 26}, ""eff_fps"": {""pose"": 14, ""gesture"": 26}, ""latency_ms"": {""pose"": 0, ""gesture"": 0}, ""svclat_ms"": {""pose"": 29.42, ""gesture"": 24.38}}, ""a10"": {""services"": [""pose"", ""gesture""], ""fps"": {""pose"": 14, ""gesture"": 30}, ""eff_fps"": {""pose"": 14, ""gesture"": 30}, ""latency_ms"": {""pose"": 0, ""gesture"": 0}, ""svclat_ms"": {""pose"": 44.42, ""gesture"": 20.79}}, ""a11"": {""services"": [""pose"", ""gesture""], ""fps"": {""pose"": 14, ""gesture"": 22}, ""eff_fps"": {""pose"": 14, ""gesture"": 22}, ""latency_ms"": {""pose"": 0, ""gesture"": 0}, ""svclat_ms"": {""pose"": 31.36, ""gesture"": 23.19}}, ""a12"": {""services"": [""pose"", ""gesture""], ""fps"": {""pose"": 14, ""gesture"": 29}, ""eff_fps"": {""pose"": 14, ""gesture"": 29}, ""latency_ms"": {""pose"": 0, ""gesture"": 0}, ""svclat_ms"": {""pose"": 45.17, ""gesture"": 28.92}}, ""z1"": {""services"": [""gesture"", ""object""], ""fps"": {""gesture"": 25, ""object"": 17}, ""eff_fps"": {""gesture"": 25, ""object"": 17}, ""latency_ms"": {""gesture"": 0, ""object"": 0}, ""svclat_ms"": {""gesture"": 20.96, ""object"": 29.9}}, ""z2"": {""services"": [""gesture"", ""object""], ""fps"": {""gesture"": 25, ""object"": 14}, ""eff_fps"": {""gesture"": 25, ""object"": 14}, ""latency_ms"": {""gesture"": 0, ""object"": 0}, ""svclat_ms"": {""gesture"": 23.6, ""object"": 31.66}}, ""z3"": {""services"": [""gesture"", ""object""], ""fps"": {""gesture"": 22, ""object"": 14}, ""eff_fps"": {""gesture"": 22, ""object"": 14}, ""latency_ms"": {""gesture"": 0, ""object"": 0}, ""svclat_ms"": {""gesture"": 21.57, ""object"": 27.07}}, ""z4"": {""services"": [""gesture"", ""object""], ""fps"": {""gesture"": 30, ""object"": 14}, ""eff_fps"": {""gesture"": 30, ""object"": 14}, ""latency_ms"": {""gesture"": 0, ""object"": 0}, ""svclat_ms"": {""gesture"": 21.61, ""object"": 44.79}}, ""z5"": {""services"": [""gesture"", ""object""], ""fps"": {""gesture"": 29, ""object"": 14}, ""eff_fps"": {""gesture"": 29, ""object"": 14}, ""latency_ms"": {""gesture"": 0, ""object"": 0}, ""svclat_ms"": {""gesture"": 28.62, ""object"": 30.32}}, ""z6"": {""services"": [""gesture"", ""object""], ""fps"": {""gesture"": 30, ""object"": 14}, ""eff_fps"": {""gesture"": 30, ""object"": 14}, ""latency_ms"": {""gesture"": 0, ""object"": 0}, ""svclat_ms"": {""gesture"": 21.77, ""object"": 33.64}}, ""z7"": {""services"": [""gesture"", ""object""], ""fps"": {""gesture"": 30, ""object"": 17}, ""eff_fps"": {""gesture"": 30, ""object"": 17}, ""latency_ms"": {""gesture"": 0, ""object"": 0}, ""svclat_ms"": {""gesture"": 20.82, ""object"": 25.71}}, ""z8"": {""services"": [""gesture"", ""object""], ""fps"": {""gesture"": 30, ""object"": 14}, ""eff_fps"": {""gesture"": 30, ""object"": 14}, ""latency_ms"": {""gesture"": 0, ""object"": 0}, ""svclat_ms"": {""gesture"": 22.03, ""object"": 30.26}}, ""z9"": {""services"": [""gesture"", ""object""], ""fps"": {""gesture"": 30, ""object"": 14}, ""eff_fps"": {""gesture"": 30, ""object"": 14}, ""latency_ms"": {""gesture"": 0, ""object"": 0}, ""svclat_ms"": {""gesture"": 22.54, ""object"": 32.58}}, ""z10"": {""services"": [""gesture"", ""object""], ""fps"": {""gesture"": 25, ""object"": 14}, ""eff_fps"": {""gesture"": 25, ""object"": 14}, ""latency_ms"": {""gesture"": 0, ""object"": 0}, ""svclat_ms"": {""gesture"": 21.43, ""object"": 49.65}}, ""z11"": {""services"": [""gesture"", ""object""], ""fps"": {""gesture"": 25, ""object"": 14}, ""eff_fps"": {""gesture"": 25, ""object"": 14}, ""latency_ms"": {""gesture"": 0, ""object"": 0}, ""svclat_ms"": {""gesture"": 22.43, ""object"": 34.68}}, ""z12"": {""services"": [""gesture"", ""object""], ""fps"": {""gesture"": 22, ""object"": 14}, ""eff_fps"": {""gesture"": 22, ""object"": 14}, ""latency_ms"": {""gesture"": 0, ""object"": 0}, ""svclat_ms"": {""gesture"": 21.08, ""object"": 28.37}}, ""b1"": {""services"": [""pose"", ""object""], ""fps"": {""pose"": 14, ""object"": 14}, ""eff_fps"": {""pose"": 14, ""object"": 14}, ""latency_ms"": {""pose"": 0, ""object"": 0}, ""svclat_ms"": {""pose"": 28.66, ""object"": 29.34}}, ""b2"": {""services"": [""pose"", ""object""], ""fps"": {""pose"": 17, ""object"": 17}, ""eff_fps"": {""pose"": 17, ""object"": 17}, ""latency_ms"": {""pose"": 0, ""object"": 0}, ""svclat_ms"": {""pose"": 26.05, ""object"": 30.82}}, ""b3"": {""services"": [""pose"", ""object""], ""fps"": {""pose"": 14, ""object"": 14}, ""eff_fps"": {""pose"": 14, ""object"": 14}, ""latency_ms"": {""pose"": 0, ""object"": 0}, ""svclat_ms"": {""pose"": 42.54, ""object"": 46.08}}, ""b4"": {""services"": [""pose"", ""object""], ""fps"": {""pose"": 14, ""object"": 14}, ""eff_fps"": {""pose"": 14, ""object"": 14}, ""latency_ms"": {""pose"": 0, ""object"": 0}, ""svclat_ms"": {""pose"": 31.62, ""object"": 37.84}}, ""b5"": {""services"": [""pose"", ""object""], ""fps"": {""pose"": 14, ""object"": 14}, ""eff_fps"": {""pose"": 14, ""object"": 14}, ""latency_ms"": {""pose"": 0, ""object"": 0}, ""svclat_ms"": {""pose"": 31.33, ""object"": 30.19}}, ""b6"": {""services"": [""pose"", ""object""], ""fps"": {""pose"": 14, ""object"": 14}, ""eff_fps"": {""pose"": 14, ""object"": 14}, ""latency_ms"": {""pose"": 0, ""object"": 0}, ""svclat_ms"": {""pose"": 41.48, ""object"": 28.3}}, ""b7"": {""services"": [""pose"", ""object""], ""fps"": {""pose"": 17, ""object"": 17}, ""eff_fps"": {""pose"": 17, ""object"": 17}, ""latency_ms"": {""pose"": 0, ""object"": 0}, ""svclat_ms"": {""pose"": 39.37, ""object"": 27.82}}, ""b8"": {""services"": [""pose"", ""object""], ""fps"": {""pose"": 14, ""object"": 14}, ""eff_fps"": {""pose"": 14, ""object"": 14}, ""latency_ms"": {""pose"": 0, ""object"": 0}, ""svclat_ms"": {""pose"": 40.2, ""object"": 30.07}}, ""b9"": {""services"": [""pose"", ""object""], ""fps"": {""pose"": 14, ""object"": 14}, ""eff_fps"": {""pose"": 14, ""object"": 14}, ""latency_ms"": {""pose"": 0, ""object"": 0}, ""svclat_ms"": {""pose"": 37.82, ""object"": 37.63}}, ""b10"": {""services"": [""pose"", ""object""], ""fps"": {""pose"": 14, ""object"": 14}, ""eff_fps"": {""pose"": 14, ""object"": 14}, ""latency_ms"": {""pose"": 0, ""object"": 0}, ""svclat_ms"": {""pose"": 32.18, ""object"": 29.99}}, ""b11"": {""services"": [""pose"", ""object""], ""fps"": {""pose"": 14, ""object"": 14}, ""eff_fps"": {""pose"": 14, ""object"": 14}, ""latency_ms"": {""pose"": 0, ""object"": 0}, ""svclat_ms"": {""pose"": 33.06, ""object"": 30.96}}, ""b12"": {""services"": [""pose"", ""object""], ""fps"": {""pose"": 14, ""object"": 14}, ""eff_fps"": {""pose"": 14, ""object"": 14}, ""latency_ms"": {""pose"": 0, ""object"": 0}, ""svclat_ms"": {""pose"": 40.77, ""object"": 33.94}}}"
185.6,36,36,1.0,0,0,13,19,19,1.0,1383.0,1344.0,0.972,0.0,0.53,0.0,14.62,27.0,14.54,14.62,27.0,14.54,0,0,0,34.24,22.03,33.49,1348,"{""ip-172-31-0-204"": ""healthy"", ""ip-172-31-1-171"": ""healthy"", ""ip-172-31-10-12"": ""healthy"", ""ip-172-31-11-132"": ""healthy"", ""ip-172-31-13-134"": ""healthy"", ""ip-172-31-14-68"": ""healthy"", ""ip-172-31-40-239"": ""healthy""}",subscribe,233.9,0.6222,0,0,"{""ip-172-31-0-204"": {""gesture"": 1, ""pose"": 1, ""object"": 1}, ""ip-172-31-10-12"": {""object"": 1, ""gesture"": 1}, ""ip-172-31-11-132"": {""object"": 1, ""pose"": 1, ""gesture"": 1}, ""ip-172-31-40-239"": {""gesture"": 1, ""pose"": 1}, ""ip-172-31-1-171"": {""pose"": 1, ""gesture"": 1, ""object"": 1}, ""ip-172-31-13-134"": {""pose"": 1, ""gesture"": 1, ""object"": 1}, ""ip-172-31-14-68"": {""pose"": 1, ""gesture"": 1, ""object"": 1}}","{""a1"": {""services"": [""pose"", ""gesture""], ""fps"": {""pose"": 17, ""gesture"": 25}, ""eff_fps"": {""pose"": 17, ""gesture"": 25}, ""latency_ms"": {""pose"": 0, ""gesture"": 0}, ""svclat_ms"": {""pose"": 40.44, ""gesture"": 20.53}}, ""a2"": {""services"": [""pose"", ""gesture""], ""fps"": {""pose"": 14, ""gesture"": 25}, ""eff_fps"": {""pose"": 14, ""gesture"": 25}, ""latency_ms"": {""pose"": 0, ""gesture"": 0}, ""svclat_ms"": {""pose"": 27.97, ""gesture"": 20.61}}, ""a3"": {""services"": [""pose"", ""gesture""], ""fps"": {""pose"": 14, ""gesture"": 22}, ""eff_fps"": {""pose"": 14, ""gesture"": 22}, ""latency_ms"": {""pose"": 0, ""gesture"": 0}, ""svclat_ms"": {""pose"": 29.98, ""gesture"": 21.37}}, ""a4"": {""services"": [""pose"", ""gesture""], ""fps"": {""pose"": 14, ""gesture"": 30}, ""eff_fps"": {""pose"": 14, ""gesture"": 30}, ""latency_ms"": {""pose"": 0, ""gesture"": 0}, ""svclat_ms"": {""pose"": 28.93, ""gesture"": 21.02}}, ""a5"": {""services"": [""pose"", ""gesture""], ""fps"": {""pose"": 14, ""gesture"": 30}, ""eff_fps"": {""pose"": 14, ""gesture"": 30}, ""latency_ms"": {""pose"": 0, ""gesture"": 0}, ""svclat_ms"": {""pose"": 36.07, ""gesture"": 20.71}}, ""a6"": {""services"": [""pose"", ""gesture""], ""fps"": {""pose"": 14, ""gesture"": 30}, ""eff_fps"": {""pose"": 14, ""gesture"": 30}, ""latency_ms"": {""pose"": 0, ""gesture"": 0}, ""svclat_ms"": {""pose"": 27.58, ""gesture"": 22.03}}, ""a7"": {""services"": [""pose"", ""gesture""], ""fps"": {""pose"": 17, ""gesture"": 30}, ""eff_fps"": {""pose"": 17, ""gesture"": 30}, ""latency_ms"": {""pose"": 0, ""gesture"": 0}, ""svclat_ms"": {""pose"": 45.52, ""gesture"": 22.61}}, ""a8"": {""services"": [""pose"", ""gesture""], ""fps"": {""pose"": 14, ""gesture"": 25}, ""eff_fps"": {""pose"": 14, ""gesture"": 25}, ""latency_ms"": {""pose"": 0, ""gesture"": 0}, ""svclat_ms"": {""pose"": 29.26, ""gesture"": 21.53}}, ""a9"": {""services"": [""pose"", ""gesture""], ""fps"": {""pose"": 15, ""gesture"": 26}, ""eff_fps"": {""pose"": 15, ""gesture"": 26}, ""latency_ms"": {""pose"": 0, ""gesture"": 0}, ""svclat_ms"": {""pose"": 35.19, ""gesture"": 24.31}}, ""a10"": {""services"": [""pose"", ""gesture""], ""fps"": {""pose"": 14, ""gesture"": 29}, ""eff_fps"": {""pose"": 14, ""gesture"": 29}, ""latency_ms"": {""pose"": 0, ""gesture"": 0}, ""svclat_ms"": {""pose"": 43.34, ""gesture"": 22.44}}, ""a11"": {""services"": [""pose"", ""gesture""], ""fps"": {""pose"": 14, ""gesture"": 22}, ""eff_fps"": {""pose"": 14, ""gesture"": 22}, ""latency_ms"": {""pose"": 0, ""gesture"": 0}, ""svclat_ms"": {""pose"": 29.84, ""gesture"": 22.81}}, ""a12"": {""services"": [""pose"", ""gesture""], ""fps"": {""pose"": 14, ""gesture"": 30}, ""eff_fps"": {""pose"": 14, ""gesture"": 30}, ""latency_ms"": {""pose"": 0, ""gesture"": 0}, ""svclat_ms"": {""pose"": 38.88, ""gesture"": 27.02}}, ""z1"": {""services"": [""gesture"", ""object""], ""fps"": {""gesture"": 25, ""object"": 17}, ""eff_fps"": {""gesture"": 25, ""object"": 17}, ""latency_ms"": {""gesture"": 0, ""object"": 0}, ""svclat_ms"": {""gesture"": 19.17, ""object"": 32.53}}, ""z2"": {""services"": [""gesture"", ""object""], ""fps"": {""gesture"": 25, ""object"": 14}, ""eff_fps"": {""gesture"": 25, ""object"": 14}, ""latency_ms"": {""gesture"": 0, ""object"": 0}, ""svclat_ms"": {""gesture"": 23.12, ""object"": 30.97}}, ""z3"": {""services"": [""gesture"", ""object""], ""fps"": {""gesture"": 22, ""object"": 14}, ""eff_fps"": {""gesture"": 22, ""object"": 14}, ""latency_ms"": {""gesture"": 0, ""object"": 0}, ""svclat_ms"": {""gesture"": 20.91, ""object"": 33.64}}, ""z4"": {""services"": [""gesture"", ""object""], ""fps"": {""gesture"": 30, ""object"": 14}, ""eff_fps"": {""gesture"": 30, ""object"": 14}, ""latency_ms"": {""gesture"": 0, ""object"": 0}, ""svclat_ms"": {""gesture"": 21.72, ""object"": 44.08}}, ""z5"": {""services"": [""gesture"", ""object""], ""fps"": {""gesture"": 30, ""object"": 14}, ""eff_fps"": {""gesture"": 30, ""object"": 14}, ""latency_ms"": {""gesture"": 0, ""object"": 0}, ""svclat_ms"": {""gesture"": 26.27, ""object"": 31.02}}, ""z6"": {""services"": [""gesture"", ""object""], ""fps"": {""gesture"": 30, ""object"": 15}, ""eff_fps"": {""gesture"": 30, ""object"": 15}, ""latency_ms"": {""gesture"": 0, ""object"": 0}, ""svclat_ms"": {""gesture"": 22.09, ""object"": 38.66}}, ""z7"": {""services"": [""gesture"", ""object""], ""fps"": {""gesture"": 30, ""object"": 16}, ""eff_fps"": {""gesture"": 30, ""object"": 16}, ""latency_ms"": {""gesture"": 0, ""object"": 0}, ""svclat_ms"": {""gesture"": 22.29, ""object"": 30.93}}, ""z8"": {""services"": [""gesture"", ""object""], ""fps"": {""gesture"": 30, ""object"": 14}, ""eff_fps"": {""gesture"": 30, ""object"": 14}, ""latency_ms"": {""gesture"": 0, ""object"": 0}, ""svclat_ms"": {""gesture"": 21.73, ""object"": 29.51}}, ""z9"": {""services"": [""gesture"", ""object""], ""fps"": {""gesture"": 30, ""object"": 14}, ""eff_fps"": {""gesture"": 30, ""object"": 14}, ""latency_ms"": {""gesture"": 0, ""object"": 0}, ""svclat_ms"": {""gesture"": 21.43, ""object"": 29.32}}, ""z10"": {""services"": [""gesture"", ""object""], ""fps"": {""gesture"": 25, ""object"": 14}, ""eff_fps"": {""gesture"": 25, ""object"": 14}, ""latency_ms"": {""gesture"": 0, ""object"": 0}, ""svclat_ms"": {""gesture"": 20.2, ""object"": 48.35}}, ""z11"": {""services"": [""gesture"", ""object""], ""fps"": {""gesture"": 25, ""object"": 14}, ""eff_fps"": {""gesture"": 25, ""object"": 14}, ""latency_ms"": {""gesture"": 0, ""object"": 0}, ""svclat_ms"": {""gesture"": 21.75, ""object"": 34.13}}, ""z12"": {""services"": [""gesture"", ""object""], ""fps"": {""gesture"": 22, ""object"": 14}, ""eff_fps"": {""gesture"": 22, ""object"": 14}, ""latency_ms"": {""gesture"": 0, ""object"": 0}, ""svclat_ms"": {""gesture"": 20.97, ""object"": 30.74}}, ""b1"": {""services"": [""pose"", ""object""], ""fps"": {""pose"": 15, ""object"": 14}, ""eff_fps"": {""pose"": 15, ""object"": 14}, ""latency_ms"": {""pose"": 0, ""object"": 0}, ""svclat_ms"": {""pose"": 27.9, ""object"": 28.6}}, ""b2"": {""services"": [""pose"", ""object""], ""fps"": {""pose"": 17, ""object"": 17}, ""eff_fps"": {""pose"": 17, ""object"": 17}, ""latency_ms"": {""pose"": 0, ""object"": 0}, ""svclat_ms"": {""pose"": 26.32, ""object"": 35.47}}, ""b3"": {""services"": [""pose"", ""object""], ""fps"": {""pose"": 14, ""object"": 15}, ""eff_fps"": {""pose"": 14, ""object"": 15}, ""latency_ms"": {""pose"": 0, ""object"": 0}, ""svclat_ms"": {""pose"": 32.92, ""object"": 30.68}}, ""b4"": {""services"": [""pose"", ""object""], ""fps"": {""pose"": 14, ""object"": 14}, ""eff_fps"": {""pose"": 14, ""object"": 14}, ""latency_ms"": {""pose"": 0, ""object"": 0}, ""svclat_ms"": {""pose"": 28.47, ""object"": 38.09}}, ""b5"": {""services"": [""pose"", ""object""], ""fps"": {""pose"": 14, ""object"": 14}, ""eff_fps"": {""pose"": 14, ""object"": 14}, ""latency_ms"": {""pose"": 0, ""object"": 0}, ""svclat_ms"": {""pose"": 31.75, ""object"": 29.97}}, ""b6"": {""services"": [""pose"", ""object""], ""fps"": {""pose"": 14, ""object"": 14}, ""eff_fps"": {""pose"": 14, ""object"": 14}, ""latency_ms"": {""pose"": 0, ""object"": 0}, ""svclat_ms"": {""pose"": 38.5, ""object"": 30.88}}, ""b7"": {""services"": [""pose"", ""object""], ""fps"": {""pose"": 17, ""object"": 17}, ""eff_fps"": {""pose"": 17, ""object"": 17}, ""latency_ms"": {""pose"": 0, ""object"": 0}, ""svclat_ms"": {""pose"": 38.46, ""object"": 32.44}}, ""b8"": {""services"": [""pose"", ""object""], ""fps"": {""pose"": 14, ""object"": 14}, ""eff_fps"": {""pose"": 14, ""object"": 14}, ""latency_ms"": {""pose"": 0, ""object"": 0}, ""svclat_ms"": {""pose"": 40.21, ""object"": 30.04}}, ""b9"": {""services"": [""pose"", ""object""], ""fps"": {""pose"": 15, ""object"": 14}, ""eff_fps"": {""pose"": 15, ""object"": 14}, ""latency_ms"": {""pose"": 0, ""object"": 0}, ""svclat_ms"": {""pose"": 37.06, ""object"": 35.71}}, ""b10"": {""services"": [""pose"", ""object""], ""fps"": {""pose"": 14, ""object"": 14}, ""eff_fps"": {""pose"": 14, ""object"": 14}, ""latency_ms"": {""pose"": 0, ""object"": 0}, ""svclat_ms"": {""pose"": 29.88, ""object"": 29.31}}, ""b11"": {""services"": [""pose"", ""object""], ""fps"": {""pose"": 14, ""object"": 14}, ""eff_fps"": {""pose"": 14, ""object"": 14}, ""latency_ms"": {""pose"": 0, ""object"": 0}, ""svclat_ms"": {""pose"": 35.89, ""object"": 31.37}}, ""b12"": {""services"": [""pose"", ""object""], ""fps"": {""pose"": 14, ""object"": 14}, ""eff_fps"": {""pose"": 14, ""object"": 14}, ""latency_ms"": {""pose"": 0, ""object"": 0}, ""svclat_ms"": {""pose"": 41.37, ""object"": 37.3}}}"
188.0,36,36,1.0,0,0,13,19,19,1.0,1383.0,1344.0,0.972,0.0,0.53,0.0,14.46,27.0,14.54,14.46,27.0,14.54,0,0,0,34.72,23.47,32.2,1344,"{""ip-172-31-0-204"": ""healthy"", ""ip-172-31-1-171"": ""healthy"", ""ip-172-31-10-12"": ""healthy"", ""ip-172-31-11-132"": ""healthy"", ""ip-172-31-13-134"": ""healthy"", ""ip-172-31-14-68"": ""healthy"", ""ip-172-31-40-239"": ""healthy""}",subscribe,233.9,0.6222,0,0,"{""ip-172-31-0-204"": {""gesture"": 1, ""pose"": 1, ""object"": 1}, ""ip-172-31-10-12"": {""object"": 1, ""gesture"": 1}, ""ip-172-31-11-132"": {""object"": 1, ""pose"": 1, ""gesture"": 1}, ""ip-172-31-40-239"": {""gesture"": 1, ""pose"": 1}, ""ip-172-31-1-171"": {""pose"": 1, ""gesture"": 1, ""object"": 1}, ""ip-172-31-13-134"": {""pose"": 1, ""gesture"": 1, ""object"": 1}, ""ip-172-31-14-68"": {""pose"": 1, ""gesture"": 1, ""object"": 1}}","{""a1"": {""services"": [""pose"", ""gesture""], ""fps"": {""pose"": 17, ""gesture"": 25}, ""eff_fps"": {""pose"": 17, ""gesture"": 25}, ""latency_ms"": {""pose"": 0, ""gesture"": 0}, ""svclat_ms"": {""pose"": 43.16, ""gesture"": 25.29}}, ""a2"": {""services"": [""pose"", ""gesture""], ""fps"": {""pose"": 14, ""gesture"": 25}, ""eff_fps"": {""pose"": 14, ""gesture"": 25}, ""latency_ms"": {""pose"": 0, ""gesture"": 0}, ""svclat_ms"": {""pose"": 36.01, ""gesture"": 19.07}}, ""a3"": {""services"": [""pose"", ""gesture""], ""fps"": {""pose"": 14, ""gesture"": 22}, ""eff_fps"": {""pose"": 14, ""gesture"": 22}, ""latency_ms"": {""pose"": 0, ""gesture"": 0}, ""svclat_ms"": {""pose"": 30.78, ""gesture"": 23.24}}, ""a4"": {""services"": [""pose"", ""gesture""], ""fps"": {""pose"": 14, ""gesture"": 30}, ""eff_fps"": {""pose"": 14, ""gesture"": 30}, ""latency_ms"": {""pose"": 0, ""gesture"": 0}, ""svclat_ms"": {""pose"": 28.97, ""gesture"": 20.69}}, ""a5"": {""services"": [""pose"", ""gesture""], ""fps"": {""pose"": 14, ""gesture"": 30}, ""eff_fps"": {""pose"": 14, ""gesture"": 30}, ""latency_ms"": {""pose"": 0, ""gesture"": 0}, ""svclat_ms"": {""pose"": 39.35, ""gesture"": 32.7}}, ""a6"": {""services"": [""pose"", ""gesture""], ""fps"": {""pose"": 14, ""gesture"": 30}, ""eff_fps"": {""pose"": 14, ""gesture"": 30}, ""latency_ms"": {""pose"": 0, ""gesture"": 0}, ""svclat_ms"": {""pose"": 29.66, ""gesture"": 25.51}}, ""a7"": {""services"": [""pose"", ""gesture""], ""fps"": {""pose"": 17, ""gesture"": 30}, ""eff_fps"": {""pose"": 17, ""gesture"": 30}, ""latency_ms"": {""pose"": 0, ""gesture"": 0}, ""svclat_ms"": {""pose"": 48.47, ""gesture"": 21.05}}, ""a8"": {""services"": [""pose"", ""gesture""], ""fps"": {""pose"": 14, ""gesture"": 24}, ""eff_fps"": {""pose"": 14, ""gesture"": 24}, ""latency_ms"": {""pose"": 0, ""gesture"": 0}, ""svclat_ms"": {""pose"": 35.15, ""gesture"": 24.61}}, ""a9"": {""services"": [""pose"", ""gesture""], ""fps"": {""pose"": 14, ""gesture"": 26}, ""eff_fps"": {""pose"": 14, ""gesture"": 26}, ""latency_ms"": {""pose"": 0, ""gesture"": 0}, ""svclat_ms"": {""pose"": 31.24, ""gesture"": 20.82}}, ""a10"": {""services"": [""pose"", ""gesture""], ""fps"": {""pose"": 14, ""gesture"": 30}, ""eff_fps"": {""pose"": 14, ""gesture"": 30}, ""latency_ms"": {""pose"": 0, ""gesture"": 0}, ""svclat_ms"": {""pose"": 39.98, ""gesture"": 21.5}}, ""a11"": {""services"": [""pose"", ""gesture""], ""fps"": {""pose"": 14, ""gesture"": 22}, ""eff_fps"": {""pose"": 14, ""gesture"": 22}, ""latency_ms"": {""pose"": 0, ""gesture"": 0}, ""svclat_ms"": {""pose"": 29.57, ""gesture"": 24.93}}, ""a12"": {""services"": [""pose"", ""gesture""], ""fps"": {""pose"": 14, ""gesture"": 30}, ""eff_fps"": {""pose"": 14, ""gesture"": 30}, ""latency_ms"": {""pose"": 0, ""gesture"": 0}, ""svclat_ms"": {""pose"": 40.83, ""gesture"": 30.17}}, ""z1"": {""services"": [""gesture"", ""object""], ""fps"": {""gesture"": 25, ""object"": 17}, ""eff_fps"": {""gesture"": 25, ""object"": 17}, ""latency_ms"": {""gesture"": 0, ""object"": 0}, ""svclat_ms"": {""gesture"": 18.5, ""object"": 28.37}}, ""z2"": {""services"": [""gesture"", ""object""], ""fps"": {""gesture"": 25, ""object"": 14}, ""eff_fps"": {""gesture"": 25, ""object"": 14}, ""latency_ms"": {""gesture"": 0, ""object"": 0}, ""svclat_ms"": {""gesture"": 19.94, ""object"": 31.07}}, ""z3"": {""services"": [""gesture"", ""object""], ""fps"": {""gesture"": 22, ""object"": 14}, ""eff_fps"": {""gesture"": 22, ""object"": 14}, ""latency_ms"": {""gesture"": 0, ""object"": 0}, ""svclat_ms"": {""gesture"": 23.45, ""object"": 30.78}}, ""z4"": {""services"": [""gesture"", ""object""], ""fps"": {""gesture"": 30, ""object"": 14}, ""eff_fps"": {""gesture"": 30, ""object"": 14}, ""latency_ms"": {""gesture"": 0, ""object"": 0}, ""svclat_ms"": {""gesture"": 21.28, ""object"": 44.66}}, ""z5"": {""services"": [""gesture"", ""object""], ""fps"": {""gesture"": 30, ""object"": 14}, ""eff_fps"": {""gesture"": 30, ""object"": 14}, ""latency_ms"": {""gesture"": 0, ""object"": 0}, ""svclat_ms"": {""gesture"": 29.91, ""object"": 30.8}}, ""z6"": {""services"": [""gesture"", ""object""], ""fps"": {""gesture"": 30, ""object"": 14}, ""eff_fps"": {""gesture"": 30, ""object"": 14}, ""latency_ms"": {""gesture"": 0, ""object"": 0}, ""svclat_ms"": {""gesture"": 25.15, ""object"": 36.14}}, ""z7"": {""services"": [""gesture"", ""object""], ""fps"": {""gesture"": 30, ""object"": 18}, ""eff_fps"": {""gesture"": 30, ""object"": 18}, ""latency_ms"": {""gesture"": 0, ""object"": 0}, ""svclat_ms"": {""gesture"": 21.03, ""object"": 27.15}}, ""z8"": {""services"": [""gesture"", ""object""], ""fps"": {""gesture"": 30, ""object"": 14}, ""eff_fps"": {""gesture"": 30, ""object"": 14}, ""latency_ms"": {""gesture"": 0, ""object"": 0}, ""svclat_ms"": {""gesture"": 25.37, ""object"": 31.02}}, ""z9"": {""services"": [""gesture"", ""object""], ""fps"": {""gesture"": 30, ""object"": 14}, ""eff_fps"": {""gesture"": 30, ""object"": 14}, ""latency_ms"": {""gesture"": 0, ""object"": 0}, ""svclat_ms"": {""gesture"": 22.67, ""object"": 29.69}}, ""z10"": {""services"": [""gesture"", ""object""], ""fps"": {""gesture"": 25, ""object"": 14}, ""eff_fps"": {""gesture"": 25, ""object"": 14}, ""latency_ms"": {""gesture"": 0, ""object"": 0}, ""svclat_ms"": {""gesture"": 23.65, ""object"": 45.65}}, ""z11"": {""services"": [""gesture"", ""object""], ""fps"": {""gesture"": 25, ""object"": 14}, ""eff_fps"": {""gesture"": 25, ""object"": 14}, ""latency_ms"": {""gesture"": 0, ""object"": 0}, ""svclat_ms"": {""gesture"": 18.88, ""object"": 36.31}}, ""z12"": {""services"": [""gesture"", ""object""], ""fps"": {""gesture"": 22, ""object"": 14}, ""eff_fps"": {""gesture"": 22, ""object"": 14}, ""latency_ms"": {""gesture"": 0, ""object"": 0}, ""svclat_ms"": {""gesture"": 23.8, ""object"": 29.93}}, ""b1"": {""services"": [""pose"", ""object""], ""fps"": {""pose"": 13, ""object"": 14}, ""eff_fps"": {""pose"": 13, ""object"": 14}, ""latency_ms"": {""pose"": 0, ""object"": 0}, ""svclat_ms"": {""pose"": 31.55, ""object"": 28.75}}, ""b2"": {""services"": [""pose"", ""object""], ""fps"": {""pose"": 17, ""object"": 17}, ""eff_fps"": {""pose"": 17, ""object"": 17}, ""latency_ms"": {""pose"": 0, ""object"": 0}, ""svclat_ms"": {""pose"": 24.25, ""object"": 29.99}}, ""b3"": {""services"": [""pose"", ""object""], ""fps"": {""pose"": 14, ""object"": 14}, ""eff_fps"": {""pose"": 14, ""object"": 14}, ""latency_ms"": {""pose"": 0, ""object"": 0}, ""svclat_ms"": {""pose"": 28.37, ""object"": 27.38}}, ""b4"": {""services"": [""pose"", ""object""], ""fps"": {""pose"": 14, ""object"": 14}, ""eff_fps"": {""pose"": 14, ""object"": 14}, ""latency_ms"": {""pose"": 0, ""object"": 0}, ""svclat_ms"": {""pose"": 28.5, ""object"": 38.21}}, ""b5"": {""services"": [""pose"", ""object""], ""fps"": {""pose"": 14, ""object"": 14}, ""eff_fps"": {""pose"": 14, ""object"": 14}, ""latency_ms"": {""pose"": 0, ""object"": 0}, ""svclat_ms"": {""pose"": 30.71, ""object"": 30.93}}, ""b6"": {""services"": [""pose"", ""object""], ""fps"": {""pose"": 14, ""object"": 14}, ""eff_fps"": {""pose"": 14, ""object"": 14}, ""latency_ms"": {""pose"": 0, ""object"": 0}, ""svclat_ms"": {""pose"": 38.09, ""object"": 29.56}}, ""b7"": {""services"": [""pose"", ""object""], ""fps"": {""pose"": 17, ""object"": 17}, ""eff_fps"": {""pose"": 17, ""object"": 17}, ""latency_ms"": {""pose"": 0, ""object"": 0}, ""svclat_ms"": {""pose"": 39.28, ""object"": 28.08}}, ""b8"": {""services"": [""pose"", ""object""], ""fps"": {""pose"": 14, ""object"": 14}, ""eff_fps"": {""pose"": 14, ""object"": 14}, ""latency_ms"": {""pose"": 0, ""object"": 0}, ""svclat_ms"": {""pose"": 46.43, ""object"": 30.81}}, ""b9"": {""services"": [""pose"", ""object""], ""fps"": {""pose"": 14, ""object"": 14}, ""eff_fps"": {""pose"": 14, ""object"": 14}, ""latency_ms"": {""pose"": 0, ""object"": 0}, ""svclat_ms"": {""pose"": 33.16, ""object"": 31.59}}, ""b10"": {""services"": [""pose"", ""object""], ""fps"": {""pose"": 14, ""object"": 14}, ""eff_fps"": {""pose"": 14, ""object"": 14}, ""latency_ms"": {""pose"": 0, ""object"": 0}, ""svclat_ms"": {""pose"": 29.15, ""object"": 28.72}}, ""b11"": {""services"": [""pose"", ""object""], ""fps"": {""pose"": 14, ""object"": 14}, ""eff_fps"": {""pose"": 14, ""object"": 14}, ""latency_ms"": {""pose"": 0, ""object"": 0}, ""svclat_ms"": {""pose"": 29.81, ""object"": 32.04}}, ""b12"": {""services"": [""pose"", ""object""], ""fps"": {""pose"": 14, ""object"": 14}, ""eff_fps"": {""pose"": 14, ""object"": 14}, ""latency_ms"": {""pose"": 0, ""object"": 0}, ""svclat_ms"": {""pose"": 40.9, ""object"": 35.17}}}"
190.3,36,36,1.0,0,0,13,19,19,1.0,1383.0,1344.0,0.972,0.0,0.53,0.0,14.5,27.0,14.46,14.5,27.0,14.46,0,0,0,34.09,22.25,31.88,1343,"{""ip-172-31-0-204"": ""healthy"", ""ip-172-31-1-171"": ""healthy"", ""ip-172-31-10-12"": ""healthy"", ""ip-172-31-11-132"": ""healthy"", ""ip-172-31-13-134"": ""healthy"", ""ip-172-31-14-68"": ""healthy"", ""ip-172-31-40-239"": ""healthy""}",subscribe,233.9,0.6222,0,0,"{""ip-172-31-0-204"": {""gesture"": 1, ""pose"": 1, ""object"": 1}, ""ip-172-31-10-12"": {""object"": 1, ""gesture"": 1}, ""ip-172-31-11-132"": {""object"": 1, ""pose"": 1, ""gesture"": 1}, ""ip-172-31-40-239"": {""gesture"": 1, ""pose"": 1}, ""ip-172-31-1-171"": {""pose"": 1, ""gesture"": 1, ""object"": 1}, ""ip-172-31-13-134"": {""pose"": 1, ""gesture"": 1, ""object"": 1}, ""ip-172-31-14-68"": {""pose"": 1, ""gesture"": 1, ""object"": 1}}","{""a1"": {""services"": [""pose"", ""gesture""], ""fps"": {""pose"": 17, ""gesture"": 25}, ""eff_fps"": {""pose"": 17, ""gesture"": 25}, ""latency_ms"": {""pose"": 0, ""gesture"": 0}, ""svclat_ms"": {""pose"": 37.03, ""gesture"": 19.7}}, ""a2"": {""services"": [""pose"", ""gesture""], ""fps"": {""pose"": 14, ""gesture"": 25}, ""eff_fps"": {""pose"": 14, ""gesture"": 25}, ""latency_ms"": {""pose"": 0, ""gesture"": 0}, ""svclat_ms"": {""pose"": 30.9, ""gesture"": 22.71}}, ""a3"": {""services"": [""pose"", ""gesture""], ""fps"": {""pose"": 14, ""gesture"": 22}, ""eff_fps"": {""pose"": 14, ""gesture"": 22}, ""latency_ms"": {""pose"": 0, ""gesture"": 0}, ""svclat_ms"": {""pose"": 29.06, ""gesture"": 21.05}}, ""a4"": {""services"": [""pose"", ""gesture""], ""fps"": {""pose"": 14, ""gesture"": 30}, ""eff_fps"": {""pose"": 14, ""gesture"": 30}, ""latency_ms"": {""pose"": 0, ""gesture"": 0}, ""svclat_ms"": {""pose"": 28.63, ""gesture"": 20.92}}, ""a5"": {""services"": [""pose"", ""gesture""], ""fps"": {""pose"": 14, ""gesture"": 30}, ""eff_fps"": {""pose"": 14, ""gesture"": 30}, ""latency_ms"": {""pose"": 0, ""gesture"": 0}, ""svclat_ms"": {""pose"": 37.72, ""gesture"": 24.69}}, ""a6"": {""services"": [""pose"", ""gesture""], ""fps"": {""pose"": 14, ""gesture"": 30}, ""eff_fps"": {""pose"": 14, ""gesture"": 30}, ""latency_ms"": {""pose"": 0, ""gesture"": 0}, ""svclat_ms"": {""pose"": 29.1, ""gesture"": 22.79}}, ""a7"": {""services"": [""pose"", ""gesture""], ""fps"": {""pose"": 17, ""gesture"": 30}, ""eff_fps"": {""pose"": 17, ""gesture"": 30}, ""latency_ms"": {""pose"": 0, ""gesture"": 0}, ""svclat_ms"": {""pose"": 44.43, ""gesture"": 22.56}}, ""a8"": {""services"": [""pose"", ""gesture""], ""fps"": {""pose"": 14, ""gesture"": 25}, ""eff_fps"": {""pose"": 14, ""gesture"": 25}, ""latency_ms"": {""pose"": 0, ""gesture"": 0}, ""svclat_ms"": {""pose"": 30.61, ""gesture"": 20.26}}, ""a9"": {""services"": [""pose"", ""gesture""], ""fps"": {""pose"": 14, ""gesture"": 25}, ""eff_fps"": {""pose"": 14, ""gesture"": 25}, ""latency_ms"": {""pose"": 0, ""gesture"": 0}, ""svclat_ms"": {""pose"": 31.8, ""gesture"": 24.66}}, ""a10"": {""services"": [""pose"", ""gesture""], ""fps"": {""pose"": 14, ""gesture"": 30}, ""eff_fps"": {""pose"": 14, ""gesture"": 30}, ""latency_ms"": {""pose"": 0, ""gesture"": 0}, ""svclat_ms"": {""pose"": 41.68, ""gesture"": 22.4}}, ""a11"": {""services"": [""pose"", ""gesture""], ""fps"": {""pose"": 14, ""gesture"": 22}, ""eff_fps"": {""pose"": 14, ""gesture"": 22}, ""latency_ms"": {""pose"": 0, ""gesture"": 0}, ""svclat_ms"": {""pose"": 28.86, ""gesture"": 21.72}}, ""a12"": {""services"": [""pose"", ""gesture""], ""fps"": {""pose"": 14, ""gesture"": 30}, ""eff_fps"": {""pose"": 14, ""gesture"": 30}, ""latency_ms"": {""pose"": 0, ""gesture"": 0}, ""svclat_ms"": {""pose"": 45.31, ""gesture"": 23.22}}, ""z1"": {""services"": [""gesture"", ""object""], ""fps"": {""gesture"": 25, ""object"": 17}, ""eff_fps"": {""gesture"": 25, ""object"": 17}, ""latency_ms"": {""gesture"": 0, ""object"": 0}, ""svclat_ms"": {""gesture"": 19.29, ""object"": 30.26}}, ""z2"": {""services"": [""gesture"", ""object""], ""fps"": {""gesture"": 25, ""object"": 14}, ""eff_fps"": {""gesture"": 25, ""object"": 14}, ""latency_ms"": {""gesture"": 0, ""object"": 0}, ""svclat_ms"": {""gesture"": 23.98, ""object"": 30.52}}, ""z3"": {""services"": [""gesture"", ""object""], ""fps"": {""gesture"": 22, ""object"": 14}, ""eff_fps"": {""gesture"": 22, ""object"": 14}, ""latency_ms"": {""gesture"": 0, ""object"": 0}, ""svclat_ms"": {""gesture"": 20.73, ""object"": 30.59}}, ""z4"": {""services"": [""gesture"", ""object""], ""fps"": {""gesture"": 30, ""object"": 14}, ""eff_fps"": {""gesture"": 30, ""object"": 14}, ""latency_ms"": {""gesture"": 0, ""object"": 0}, ""svclat_ms"": {""gesture"": 22.37, ""object"": 44.7}}, ""z5"": {""services"": [""gesture"", ""object""], ""fps"": {""gesture"": 30, ""object"": 14}, ""eff_fps"": {""gesture"": 30, ""object"": 14}, ""latency_ms"": {""gesture"": 0, ""object"": 0}, ""svclat_ms"": {""gesture"": 23.35, ""object"": 29.38}}, ""z6"": {""services"": [""gesture"", ""object""], ""fps"": {""gesture"": 30, ""object"": 14}, ""eff_fps"": {""gesture"": 30, ""object"": 14}, ""latency_ms"": {""gesture"": 0, ""object"": 0}, ""svclat_ms"": {""gesture"": 22.72, ""object"": 35.5}}, ""z7"": {""services"": [""gesture"", ""object""], ""fps"": {""gesture"": 30, ""object"": 16}, ""eff_fps"": {""gesture"": 30, ""object"": 16}, ""latency_ms"": {""gesture"": 0, ""object"": 0}, ""svclat_ms"": {""gesture"": 22.36, ""object"": 28.14}}, ""z8"": {""services"": [""gesture"", ""object""], ""fps"": {""gesture"": 30, ""object"": 14}, ""eff_fps"": {""gesture"": 30, ""object"": 14}, ""latency_ms"": {""gesture"": 0, ""object"": 0}, ""svclat_ms"": {""gesture"": 22.73, ""object"": 30.2}}, ""z9"": {""services"": [""gesture"", ""object""], ""fps"": {""gesture"": 30, ""object"": 14}, ""eff_fps"": {""gesture"": 30, ""object"": 14}, ""latency_ms"": {""gesture"": 0, ""object"": 0}, ""svclat_ms"": {""gesture"": 26.83, ""object"": 27.78}}, ""z10"": {""services"": [""gesture"", ""object""], ""fps"": {""gesture"": 25, ""object"": 14}, ""eff_fps"": {""gesture"": 25, ""object"": 14}, ""latency_ms"": {""gesture"": 0, ""object"": 0}, ""svclat_ms"": {""gesture"": 19.7, ""object"": 46.52}}, ""z11"": {""services"": [""gesture"", ""object""], ""fps"": {""gesture"": 25, ""object"": 14}, ""eff_fps"": {""gesture"": 25, ""object"": 14}, ""latency_ms"": {""gesture"": 0, ""object"": 0}, ""svclat_ms"": {""gesture"": 22.75, ""object"": 34.55}}, ""z12"": {""services"": [""gesture"", ""object""], ""fps"": {""gesture"": 22, ""object"": 14}, ""eff_fps"": {""gesture"": 22, ""object"": 14}, ""latency_ms"": {""gesture"": 0, ""object"": 0}, ""svclat_ms"": {""gesture"": 20.5, ""object"": 30.33}}, ""b1"": {""services"": [""pose"", ""object""], ""fps"": {""pose"": 14, ""object"": 14}, ""eff_fps"": {""pose"": 14, ""object"": 14}, ""latency_ms"": {""pose"": 0, ""object"": 0}, ""svclat_ms"": {""pose"": 29.87, ""object"": 28.11}}, ""b2"": {""services"": [""pose"", ""object""], ""fps"": {""pose"": 17, ""object"": 17}, ""eff_fps"": {""pose"": 17, ""object"": 17}, ""latency_ms"": {""pose"": 0, ""object"": 0}, ""svclat_ms"": {""pose"": 26.41, ""object"": 32.52}}, ""b3"": {""services"": [""pose"", ""object""], ""fps"": {""pose"": 14, ""object"": 14}, ""eff_fps"": {""pose"": 14, ""object"": 14}, ""latency_ms"": {""pose"": 0, ""object"": 0}, ""svclat_ms"": {""pose"": 27.66, ""object"": 25.52}}, ""b4"": {""services"": [""pose"", ""object""], ""fps"": {""pose"": 14, ""object"": 14}, ""eff_fps"": {""pose"": 14, ""object"": 14}, ""latency_ms"": {""pose"": 0, ""object"": 0}, ""svclat_ms"": {""pose"": 28.56, ""object"": 37.49}}, ""b5"": {""services"": [""pose"", ""object""], ""fps"": {""pose"": 14, ""object"": 14}, ""eff_fps"": {""pose"": 14, ""object"": 14}, ""latency_ms"": {""pose"": 0, ""object"": 0}, ""svclat_ms"": {""pose"": 29.17, ""object"": 29.83}}, ""b6"": {""services"": [""pose"", ""object""], ""fps"": {""pose"": 14, ""object"": 14}, ""eff_fps"": {""pose"": 14, ""object"": 14}, ""latency_ms"": {""pose"": 0, ""object"": 0}, ""svclat_ms"": {""pose"": 40.17, ""object"": 27.67}}, ""b7"": {""services"": [""pose"", ""object""], ""fps"": {""pose"": 17, ""object"": 17}, ""eff_fps"": {""pose"": 17, ""object"": 17}, ""latency_ms"": {""pose"": 0, ""object"": 0}, ""svclat_ms"": {""pose"": 41.38, ""object"": 29.41}}, ""b8"": {""services"": [""pose"", ""object""], ""fps"": {""pose"": 14, ""object"": 14}, ""eff_fps"": {""pose"": 14, ""object"": 14}, ""latency_ms"": {""pose"": 0, ""object"": 0}, ""svclat_ms"": {""pose"": 41.49, ""object"": 29.21}}, ""b9"": {""services"": [""pose"", ""object""], ""fps"": {""pose"": 14, ""object"": 14}, ""eff_fps"": {""pose"": 14, ""object"": 14}, ""latency_ms"": {""pose"": 0, ""object"": 0}, ""svclat_ms"": {""pose"": 33.67, ""object"": 31.66}}, ""b10"": {""services"": [""pose"", ""object""], ""fps"": {""pose"": 14, ""object"": 14}, ""eff_fps"": {""pose"": 14, ""object"": 14}, ""latency_ms"": {""pose"": 0, ""object"": 0}, ""svclat_ms"": {""pose"": 30.22, ""object"": 29.45}}, ""b11"": {""services"": [""pose"", ""object""], ""fps"": {""pose"": 14, ""object"": 14}, ""eff_fps"": {""pose"": 14, ""object"": 14}, ""latency_ms"": {""pose"": 0, ""object"": 0}, ""svclat_ms"": {""pose"": 32.25, ""object"": 30.85}}, ""b12"": {""services"": [""pose"", ""object""], ""fps"": {""pose"": 14, ""object"": 14}, ""eff_fps"": {""pose"": 14, ""object"": 14}, ""latency_ms"": {""pose"": 0, ""object"": 0}, ""svclat_ms"": {""pose"": 42.18, ""object"": 34.93}}}"
192.7,36,36,1.0,0,0,13,19,19,1.0,1383.0,1344.0,0.972,0.0,0.53,0.0,14.62,26.96,14.5,14.62,26.96,14.5,0,0,0,34.46,22.8,33.36,1346,"{""ip-172-31-0-204"": ""healthy"", ""ip-172-31-1-171"": ""healthy"", ""ip-172-31-10-12"": ""healthy"", ""ip-172-31-11-132"": ""healthy"", ""ip-172-31-13-134"": ""healthy"", ""ip-172-31-14-68"": ""healthy"", ""ip-172-31-40-239"": ""healthy""}",subscribe,233.9,0.6222,0,0,"{""ip-172-31-0-204"": {""gesture"": 1, ""pose"": 1, ""object"": 1}, ""ip-172-31-10-12"": {""object"": 1, ""gesture"": 1}, ""ip-172-31-11-132"": {""object"": 1, ""pose"": 1, ""gesture"": 1}, ""ip-172-31-40-239"": {""gesture"": 1, ""pose"": 1}, ""ip-172-31-1-171"": {""pose"": 1, ""gesture"": 1, ""object"": 1}, ""ip-172-31-13-134"": {""pose"": 1, ""gesture"": 1, ""object"": 1}, ""ip-172-31-14-68"": {""pose"": 1, ""gesture"": 1, ""object"": 1}}","{""a1"": {""services"": [""pose"", ""gesture""], ""fps"": {""pose"": 17, ""gesture"": 25}, ""eff_fps"": {""pose"": 17, ""gesture"": 25}, ""latency_ms"": {""pose"": 0, ""gesture"": 0}, ""svclat_ms"": {""pose"": 38.02, ""gesture"": 18.96}}, ""a2"": {""services"": [""pose"", ""gesture""], ""fps"": {""pose"": 14, ""gesture"": 25}, ""eff_fps"": {""pose"": 14, ""gesture"": 25}, ""latency_ms"": {""pose"": 0, ""gesture"": 0}, ""svclat_ms"": {""pose"": 29.89, ""gesture"": 18.78}}, ""a3"": {""services"": [""pose"", ""gesture""], ""fps"": {""pose"": 15, ""gesture"": 22}, ""eff_fps"": {""pose"": 15, ""gesture"": 22}, ""latency_ms"": {""pose"": 0, ""gesture"": 0}, ""svclat_ms"": {""pose"": 29.19, ""gesture"": 21.89}}, ""a4"": {""services"": [""pose"", ""gesture""], ""fps"": {""pose"": 14, ""gesture"": 30}, ""eff_fps"": {""pose"": 14, ""gesture"": 30}, ""latency_ms"": {""pose"": 0, ""gesture"": 0}, ""svclat_ms"": {""pose"": 29.53, ""gesture"": 21.07}}, ""a5"": {""services"": [""pose"", ""gesture""], ""fps"": {""pose"": 15, ""gesture"": 30}, ""eff_fps"": {""pose"": 15, ""gesture"": 30}, ""latency_ms"": {""pose"": 0, ""gesture"": 0}, ""svclat_ms"": {""pose"": 38.97, ""gesture"": 30.84}}, ""a6"": {""services"": [""pose"", ""gesture""], ""fps"": {""pose"": 14, ""gesture"": 30}, ""eff_fps"": {""pose"": 14, ""gesture"": 30}, ""latency_ms"": {""pose"": 0, ""gesture"": 0}, ""svclat_ms"": {""pose"": 28.36, ""gesture"": 28.72}}, ""a7"": {""services"": [""pose"", ""gesture""], ""fps"": {""pose"": 17, ""gesture"": 30}, ""eff_fps"": {""pose"": 17, ""gesture"": 30}, ""latency_ms"": {""pose"": 0, ""gesture"": 0}, ""svclat_ms"": {""pose"": 45.07, ""gesture"": 21.06}}, ""a8"": {""services"": [""pose"", ""gesture""], ""fps"": {""pose"": 14, ""gesture"": 25}, ""eff_fps"": {""pose"": 14, ""gesture"": 25}, ""latency_ms"": {""pose"": 0, ""gesture"": 0}, ""svclat_ms"": {""pose"": 30.66, ""gesture"": 20.07}}, ""a9"": {""services"": [""pose"", ""gesture""], ""fps"": {""pose"": 14, ""gesture"": 25}, ""eff_fps"": {""pose"": 14, ""gesture"": 25}, ""latency_ms"": {""pose"": 0, ""gesture"": 0}, ""svclat_ms"": {""pose"": 31.13, ""gesture"": 20.6}}, ""a10"": {""services"": [""pose"", ""gesture""], ""fps"": {""pose"": 14, ""gesture"": 30}, ""eff_fps"": {""pose"": 14, ""gesture"": 30}, ""latency_ms"": {""pose"": 0, ""gesture"": 0}, ""svclat_ms"": {""pose"": 46.85, ""gesture"": 22.93}}, ""a11"": {""services"": [""pose"", ""gesture""], ""fps"": {""pose"": 14, ""gesture"": 22}, ""eff_fps"": {""pose"": 14, ""gesture"": 22}, ""latency_ms"": {""pose"": 0, ""gesture"": 0}, ""svclat_ms"": {""pose"": 30.47, ""gesture"": 23.58}}, ""a12"": {""services"": [""pose"", ""gesture""], ""fps"": {""pose"": 14, ""gesture"": 30}, ""eff_fps"": {""pose"": 14, ""gesture"": 30}, ""latency_ms"": {""pose"": 0, ""gesture"": 0}, ""svclat_ms"": {""pose"": 42.52, ""gesture"": 28.75}}, ""z1"": {""services"": [""gesture"", ""object""], ""fps"": {""gesture"": 25, ""object"": 17}, ""eff_fps"": {""gesture"": 25, ""object"": 17}, ""latency_ms"": {""gesture"": 0, ""object"": 0}, ""svclat_ms"": {""gesture"": 19.41, ""object"": 29.29}}, ""z2"": {""services"": [""gesture"", ""object""], ""fps"": {""gesture"": 25, ""object"": 14}, ""eff_fps"": {""gesture"": 25, ""object"": 14}, ""latency_ms"": {""gesture"": 0, ""object"": 0}, ""svclat_ms"": {""gesture"": 19.61, ""object"": 33.1}}, ""z3"": {""services"": [""gesture"", ""object""], ""fps"": {""gesture"": 22, ""object"": 14}, ""eff_fps"": {""gesture"": 22, ""object"": 14}, ""latency_ms"": {""gesture"": 0, ""object"": 0}, ""svclat_ms"": {""gesture"": 21.85, ""object"": 33.94}}, ""z4"": {""services"": [""gesture"", ""object""], ""fps"": {""gesture"": 30, ""object"": 14}, ""eff_fps"": {""gesture"": 30, ""object"": 14}, ""latency_ms"": {""gesture"": 0, ""object"": 0}, ""svclat_ms"": {""gesture"": 21.52, ""object"": 46.25}}, ""z5"": {""services"": [""gesture"", ""object""], ""fps"": {""gesture"": 29, ""object"": 14}, ""eff_fps"": {""gesture"": 29, ""object"": 14}, ""latency_ms"": {""gesture"": 0, ""object"": 0}, ""svclat_ms"": {""gesture"": 29.19, ""object"": 32.09}}, ""z6"": {""services"": [""gesture"", ""object""], ""fps"": {""gesture"": 30, ""object"": 14}, ""eff_fps"": {""gesture"": 30, ""object"": 14}, ""latency_ms"": {""gesture"": 0, ""object"": 0}, ""svclat_ms"": {""gesture"": 28.18, ""object"": 34.51}}, ""z7"": {""services"": [""gesture"", ""object""], ""fps"": {""gesture"": 30, ""object"": 16}, ""eff_fps"": {""gesture"": 30, ""object"": 16}, ""latency_ms"": {""gesture"": 0, ""object"": 0}, ""svclat_ms"": {""gesture"": 20.88, ""object"": 26.04}}, ""z8"": {""services"": [""gesture"", ""object""], ""fps"": {""gesture"": 30, ""object"": 14}, ""eff_fps"": {""gesture"": 30, ""object"": 14}, ""latency_ms"": {""gesture"": 0, ""object"": 0}, ""svclat_ms"": {""gesture"": 28.47, ""object"": 31.43}}, ""z9"": {""services"": [""gesture"", ""object""], ""fps"": {""gesture"": 30, ""object"": 14}, ""eff_fps"": {""gesture"": 30, ""object"": 14}, ""latency_ms"": {""gesture"": 0, ""object"": 0}, ""svclat_ms"": {""gesture"": 21.18, ""object"": 33.45}}, ""z10"": {""services"": [""gesture"", ""object""], ""fps"": {""gesture"": 25, ""object"": 14}, ""eff_fps"": {""gesture"": 25, ""object"": 14}, ""latency_ms"": {""gesture"": 0, ""object"": 0}, ""svclat_ms"": {""gesture"": 19.07, ""object"": 49.86}}, ""z11"": {""services"": [""gesture"", ""object""], ""fps"": {""gesture"": 25, ""object"": 14}, ""eff_fps"": {""gesture"": 25, ""object"": 14}, ""latency_ms"": {""gesture"": 0, ""object"": 0}, ""svclat_ms"": {""gesture"": 18.71, ""object"": 36.21}}, ""z12"": {""services"": [""gesture"", ""object""], ""fps"": {""gesture"": 22, ""object"": 14}, ""eff_fps"": {""gesture"": 22, ""object"": 14}, ""latency_ms"": {""gesture"": 0, ""object"": 0}, ""svclat_ms"": {""gesture"": 21.81, ""object"": 29.38}}, ""b1"": {""services"": [""pose"", ""object""], ""fps"": {""pose"": 14, ""object"": 14}, ""eff_fps"": {""pose"": 14, ""object"": 14}, ""latency_ms"": {""pose"": 0, ""object"": 0}, ""svclat_ms"": {""pose"": 28.81, ""object"": 30.02}}, ""b2"": {""services"": [""pose"", ""object""], ""fps"": {""pose"": 17, ""object"": 17}, ""eff_fps"": {""pose"": 17, ""object"": 17}, ""latency_ms"": {""pose"": 0, ""object"": 0}, ""svclat_ms"": {""pose"": 26.88, ""object"": 30.92}}, ""b3"": {""services"": [""pose"", ""object""], ""fps"": {""pose"": 14, ""object"": 15}, ""eff_fps"": {""pose"": 14, ""object"": 15}, ""latency_ms"": {""pose"": 0, ""object"": 0}, ""svclat_ms"": {""pose"": 28.67, ""object"": 31.19}}, ""b4"": {""services"": [""pose"", ""object""], ""fps"": {""pose"": 14, ""object"": 14}, ""eff_fps"": {""pose"": 14, ""object"": 14}, ""latency_ms"": {""pose"": 0, ""object"": 0}, ""svclat_ms"": {""pose"": 29.3, ""object"": 39.43}}, ""b5"": {""services"": [""pose"", ""object""], ""fps"": {""pose"": 14, ""object"": 14}, ""eff_fps"": {""pose"": 14, ""object"": 14}, ""latency_ms"": {""pose"": 0, ""object"": 0}, ""svclat_ms"": {""pose"": 32.85, ""object"": 31.82}}, ""b6"": {""services"": [""pose"", ""object""], ""fps"": {""pose"": 14, ""object"": 14}, ""eff_fps"": {""pose"": 14, ""object"": 14}, ""latency_ms"": {""pose"": 0, ""object"": 0}, ""svclat_ms"": {""pose"": 38.88, ""object"": 28.39}}, ""b7"": {""services"": [""pose"", ""object""], ""fps"": {""pose"": 17, ""object"": 17}, ""eff_fps"": {""pose"": 17, ""object"": 17}, ""latency_ms"": {""pose"": 0, ""object"": 0}, ""svclat_ms"": {""pose"": 39.55, ""object"": 27.21}}, ""b8"": {""services"": [""pose"", ""object""], ""fps"": {""pose"": 14, ""object"": 14}, ""eff_fps"": {""pose"": 14, ""object"": 14}, ""latency_ms"": {""pose"": 0, ""object"": 0}, ""svclat_ms"": {""pose"": 41.21, ""object"": 32.07}}, ""b9"": {""services"": [""pose"", ""object""], ""fps"": {""pose"": 15, ""object"": 14}, ""eff_fps"": {""pose"": 15, ""object"": 14}, ""latency_ms"": {""pose"": 0, ""object"": 0}, ""svclat_ms"": {""pose"": 33.34, ""object"": 36.15}}, ""b10"": {""services"": [""pose"", ""object""], ""fps"": {""pose"": 14, ""object"": 14}, ""eff_fps"": {""pose"": 14, ""object"": 14}, ""latency_ms"": {""pose"": 0, ""object"": 0}, ""svclat_ms"": {""pose"": 30.85, ""object"": 31.46}}, ""b11"": {""services"": [""pose"", ""object""], ""fps"": {""pose"": 14, ""object"": 14}, ""eff_fps"": {""pose"": 14, ""object"": 14}, ""latency_ms"": {""pose"": 0, ""object"": 0}, ""svclat_ms"": {""pose"": 35.94, ""object"": 31.86}}, ""b12"": {""services"": [""pose"", ""object""], ""fps"": {""pose"": 14, ""object"": 14}, ""eff_fps"": {""pose"": 14, ""object"": 14}, ""latency_ms"": {""pose"": 0, ""object"": 0}, ""svclat_ms"": {""pose"": 40.09, ""object"": 34.46}}}"
195.1,36,36,1.0,0,0,13,19,19,1.0,1383.0,1344.0,0.972,0.0,0.53,0.0,14.54,26.92,14.5,14.54,26.92,14.5,0,0,0,34.92,23.59,33.2,1343,"{""ip-172-31-0-204"": ""healthy"", ""ip-172-31-1-171"": ""healthy"", ""ip-172-31-10-12"": ""healthy"", ""ip-172-31-11-132"": ""healthy"", ""ip-172-31-13-134"": ""healthy"", ""ip-172-31-14-68"": ""healthy"", ""ip-172-31-40-239"": ""healthy""}",subscribe,233.9,0.6222,0,0,"{""ip-172-31-0-204"": {""gesture"": 1, ""pose"": 1, ""object"": 1}, ""ip-172-31-10-12"": {""object"": 1, ""gesture"": 1}, ""ip-172-31-11-132"": {""object"": 1, ""pose"": 1, ""gesture"": 1}, ""ip-172-31-40-239"": {""gesture"": 1, ""pose"": 1}, ""ip-172-31-1-171"": {""pose"": 1, ""gesture"": 1, ""object"": 1}, ""ip-172-31-13-134"": {""pose"": 1, ""gesture"": 1, ""object"": 1}, ""ip-172-31-14-68"": {""pose"": 1, ""gesture"": 1, ""object"": 1}}","{""a1"": {""services"": [""pose"", ""gesture""], ""fps"": {""pose"": 17, ""gesture"": 25}, ""eff_fps"": {""pose"": 17, ""gesture"": 25}, ""latency_ms"": {""pose"": 0, ""gesture"": 0}, ""svclat_ms"": {""pose"": 38.86, ""gesture"": 20.8}}, ""a2"": {""services"": [""pose"", ""gesture""], ""fps"": {""pose"": 14, ""gesture"": 25}, ""eff_fps"": {""pose"": 14, ""gesture"": 25}, ""latency_ms"": {""pose"": 0, ""gesture"": 0}, ""svclat_ms"": {""pose"": 34.56, ""gesture"": 27.57}}, ""a3"": {""services"": [""pose"", ""gesture""], ""fps"": {""pose"": 15, ""gesture"": 22}, ""eff_fps"": {""pose"": 15, ""gesture"": 22}, ""latency_ms"": {""pose"": 0, ""gesture"": 0}, ""svclat_ms"": {""pose"": 29.92, ""gesture"": 24.54}}, ""a4"": {""services"": [""pose"", ""gesture""], ""fps"": {""pose"": 14, ""gesture"": 30}, ""eff_fps"": {""pose"": 14, ""gesture"": 30}, ""latency_ms"": {""pose"": 0, ""gesture"": 0}, ""svclat_ms"": {""pose"": 29.3, ""gesture"": 20.88}}, ""a5"": {""services"": [""pose"", ""gesture""], ""fps"": {""pose"": 14, ""gesture"": 30}, ""eff_fps"": {""pose"": 14, ""gesture"": 30}, ""latency_ms"": {""pose"": 0, ""gesture"": 0}, ""svclat_ms"": {""pose"": 37.31, ""gesture"": 22.2}}, ""a6"": {""services"": [""pose"", ""gesture""], ""fps"": {""pose"": 14, ""gesture"": 30}, ""eff_fps"": {""pose"": 14, ""gesture"": 30}, ""latency_ms"": {""pose"": 0, ""gesture"": 0}, ""svclat_ms"": {""pose"": 29.0, ""gesture"": 25.83}}, ""a7"": {""services"": [""pose"", ""gesture""], ""fps"": {""pose"": 17, ""gesture"": 30}, ""eff_fps"": {""pose"": 17, ""gesture"": 30}, ""latency_ms"": {""pose"": 0, ""gesture"": 0}, ""svclat_ms"": {""pose"": 43.46, ""gesture"": 23.49}}, ""a8"": {""services"": [""pose"", ""gesture""], ""fps"": {""pose"": 14, ""gesture"": 24}, ""eff_fps"": {""pose"": 14, ""gesture"": 24}, ""latency_ms"": {""pose"": 0, ""gesture"": 0}, ""svclat_ms"": {""pose"": 36.74, ""gesture"": 20.15}}, ""a9"": {""services"": [""pose"", ""gesture""], ""fps"": {""pose"": 14, ""gesture"": 24}, ""eff_fps"": {""pose"": 14, ""gesture"": 24}, ""latency_ms"": {""pose"": 0, ""gesture"": 0}, ""svclat_ms"": {""pose"": 32.37, ""gesture"": 30.3}}, ""a10"": {""services"": [""pose"", ""gesture""], ""fps"": {""pose"": 14, ""gesture"": 31}, ""eff_fps"": {""pose"": 14, ""gesture"": 31}, ""latency_ms"": {""pose"": 0, ""gesture"": 0}, ""svclat_ms"": {""pose"": 42.92, ""gesture"": 21.49}}, ""a11"": {""services"": [""pose"", ""gesture""], ""fps"": {""pose"": 14, ""gesture"": 22}, ""eff_fps"": {""pose"": 14, ""gesture"": 22}, ""latency_ms"": {""pose"": 0, ""gesture"": 0}, ""svclat_ms"": {""pose"": 30.6, ""gesture"": 22.45}}, ""a12"": {""services"": [""pose"", ""gesture""], ""fps"": {""pose"": 14, ""gesture"": 30}, ""eff_fps"": {""pose"": 14, ""gesture"": 30}, ""latency_ms"": {""pose"": 0, ""gesture"": 0}, ""svclat_ms"": {""pose"": 43.96, ""gesture"": 24.95}}, ""z1"": {""services"": [""gesture"", ""object""], ""fps"": {""gesture"": 25, ""object"": 17}, ""eff_fps"": {""gesture"": 25, ""object"": 17}, ""latency_ms"": {""gesture"": 0, ""object"": 0}, ""svclat_ms"": {""gesture"": 18.3, ""object"": 33.15}}, ""z2"": {""services"": [""gesture"", ""object""], ""fps"": {""gesture"": 25, ""object"": 14}, ""eff_fps"": {""gesture"": 25, ""object"": 14}, ""latency_ms"": {""gesture"": 0, ""object"": 0}, ""svclat_ms"": {""gesture"": 29.48, ""object"": 31.2}}, ""z3"": {""services"": [""gesture"", ""object""], ""fps"": {""gesture"": 22, ""object"": 14}, ""eff_fps"": {""gesture"": 22, ""object"": 14}, ""latency_ms"": {""gesture"": 0, ""object"": 0}, ""svclat_ms"": {""gesture"": 20.63, ""object"": 31.72}}, ""z4"": {""services"": [""gesture"", ""object""], ""fps"": {""gesture"": 30, ""object"": 14}, ""eff_fps"": {""gesture"": 30, ""object"": 14}, ""latency_ms"": {""gesture"": 0, ""object"": 0}, ""svclat_ms"": {""gesture"": 21.33, ""object"": 46.07}}, ""z5"": {""services"": [""gesture"", ""object""], ""fps"": {""gesture"": 29, ""object"": 14}, ""eff_fps"": {""gesture"": 29, ""object"": 14}, ""latency_ms"": {""gesture"": 0, ""object"": 0}, ""svclat_ms"": {""gesture"": 23.99, ""object"": 28.92}}, ""z6"": {""services"": [""gesture"", ""object""], ""fps"": {""gesture"": 30, ""object"": 14}, ""eff_fps"": {""gesture"": 30, ""object"": 14}, ""latency_ms"": {""gesture"": 0, ""object"": 0}, ""svclat_ms"": {""gesture"": 25.67, ""object"": 35.34}}, ""z7"": {""services"": [""gesture"", ""object""], ""fps"": {""gesture"": 30, ""object"": 17}, ""eff_fps"": {""gesture"": 30, ""object"": 17}, ""latency_ms"": {""gesture"": 0, ""object"": 0}, ""svclat_ms"": {""gesture"": 23.17, ""object"": 34.92}}, ""z8"": {""services"": [""gesture"", ""object""], ""fps"": {""gesture"": 30, ""object"": 14}, ""eff_fps"": {""gesture"": 30, ""object"": 14}, ""latency_ms"": {""gesture"": 0, ""object"": 0}, ""svclat_ms"": {""gesture"": 23.87, ""object"": 29.98}}, ""z9"": {""services"": [""gesture"", ""object""], ""fps"": {""gesture"": 30, ""object"": 14}, ""eff_fps"": {""gesture"": 30, ""object"": 14}, ""latency_ms"": {""gesture"": 0, ""object"": 0}, ""svclat_ms"": {""gesture"": 24.83, ""object"": 30.9}}, ""z10"": {""services"": [""gesture"", ""object""], ""fps"": {""gesture"": 25, ""object"": 14}, ""eff_fps"": {""gesture"": 25, ""object"": 14}, ""latency_ms"": {""gesture"": 0, ""object"": 0}, ""svclat_ms"": {""gesture"": 20.14, ""object"": 47.19}}, ""z11"": {""services"": [""gesture"", ""object""], ""fps"": {""gesture"": 25, ""object"": 14}, ""eff_fps"": {""gesture"": 25, ""object"": 14}, ""latency_ms"": {""gesture"": 0, ""object"": 0}, ""svclat_ms"": {""gesture"": 28.97, ""object"": 33.31}}, ""z12"": {""services"": [""gesture"", ""object""], ""fps"": {""gesture"": 22, ""object"": 14}, ""eff_fps"": {""gesture"": 22, ""object"": 14}, ""latency_ms"": {""gesture"": 0, ""object"": 0}, ""svclat_ms"": {""gesture"": 21.19, ""object"": 29.32}}, ""b1"": {""services"": [""pose"", ""object""], ""fps"": {""pose"": 14, ""object"": 14}, ""eff_fps"": {""pose"": 14, ""object"": 14}, ""latency_ms"": {""pose"": 0, ""object"": 0}, ""svclat_ms"": {""pose"": 35.46, ""object"": 28.98}}, ""b2"": {""services"": [""pose"", ""object""], ""fps"": {""pose"": 17, ""object"": 17}, ""eff_fps"": {""pose"": 17, ""object"": 17}, ""latency_ms"": {""pose"": 0, ""object"": 0}, ""svclat_ms"": {""pose"": 25.73, ""object"": 41.5}}, ""b3"": {""services"": [""pose"", ""object""], ""fps"": {""pose"": 14, ""object"": 14}, ""eff_fps"": {""pose"": 14, ""object"": 14}, ""latency_ms"": {""pose"": 0, ""object"": 0}, ""svclat_ms"": {""pose"": 27.98, ""object"": 27.43}}, ""b4"": {""services"": [""pose"", ""object""], ""fps"": {""pose"": 14, ""object"": 14}, ""eff_fps"": {""pose"": 14, ""object"": 14}, ""latency_ms"": {""pose"": 0, ""object"": 0}, ""svclat_ms"": {""pose"": 29.6, ""object"": 37.93}}, ""b5"": {""services"": [""pose"", ""object""], ""fps"": {""pose"": 14, ""object"": 14}, ""eff_fps"": {""pose"": 14, ""object"": 14}, ""latency_ms"": {""pose"": 0, ""object"": 0}, ""svclat_ms"": {""pose"": 30.73, ""object"": 28.57}}, ""b6"": {""services"": [""pose"", ""object""], ""fps"": {""pose"": 14, ""object"": 14}, ""eff_fps"": {""pose"": 14, ""object"": 14}, ""latency_ms"": {""pose"": 0, ""object"": 0}, ""svclat_ms"": {""pose"": 40.1, ""object"": 28.26}}, ""b7"": {""services"": [""pose"", ""object""], ""fps"": {""pose"": 17, ""object"": 17}, ""eff_fps"": {""pose"": 17, ""object"": 17}, ""latency_ms"": {""pose"": 0, ""object"": 0}, ""svclat_ms"": {""pose"": 36.03, ""object"": 34.27}}, ""b8"": {""services"": [""pose"", ""object""], ""fps"": {""pose"": 14, ""object"": 14}, ""eff_fps"": {""pose"": 14, ""object"": 14}, ""latency_ms"": {""pose"": 0, ""object"": 0}, ""svclat_ms"": {""pose"": 47.44, ""object"": 30.53}}, ""b9"": {""services"": [""pose"", ""object""], ""fps"": {""pose"": 14, ""object"": 14}, ""eff_fps"": {""pose"": 14, ""object"": 14}, ""latency_ms"": {""pose"": 0, ""object"": 0}, ""svclat_ms"": {""pose"": 34.51, ""object"": 34.19}}, ""b10"": {""services"": [""pose"", ""object""], ""fps"": {""pose"": 14, ""object"": 14}, ""eff_fps"": {""pose"": 14, ""object"": 14}, ""latency_ms"": {""pose"": 0, ""object"": 0}, ""svclat_ms"": {""pose"": 30.3, ""object"": 28.93}}, ""b11"": {""services"": [""pose"", ""object""], ""fps"": {""pose"": 14, ""object"": 14}, ""eff_fps"": {""pose"": 14, ""object"": 14}, ""latency_ms"": {""pose"": 0, ""object"": 0}, ""svclat_ms"": {""pose"": 30.61, ""object"": 29.69}}, ""b12"": {""services"": [""pose"", ""object""], ""fps"": {""pose"": 14, ""object"": 14}, ""eff_fps"": {""pose"": 14, ""object"": 14}, ""latency_ms"": {""pose"": 0, ""object"": 0}, ""svclat_ms"": {""pose"": 40.7, ""object"": 34.55}}}"
197.5,36,36,1.0,0,0,13,19,19,1.0,1383.0,1344.0,0.972,0.0,0.53,0.0,14.42,27.0,14.42,14.42,27.0,14.42,0,0,0,33.87,22.03,32.0,1340,"{""ip-172-31-0-204"": ""healthy"", ""ip-172-31-1-171"": ""healthy"", ""ip-172-31-10-12"": ""healthy"", ""ip-172-31-11-132"": ""healthy"", ""ip-172-31-13-134"": ""healthy"", ""ip-172-31-14-68"": ""healthy"", ""ip-172-31-40-239"": ""healthy""}",subscribe,233.9,0.6222,0,0,"{""ip-172-31-0-204"": {""gesture"": 1, ""pose"": 1, ""object"": 1}, ""ip-172-31-10-12"": {""object"": 1, ""gesture"": 1}, ""ip-172-31-11-132"": {""object"": 1, ""pose"": 1, ""gesture"": 1}, ""ip-172-31-40-239"": {""gesture"": 1, ""pose"": 1}, ""ip-172-31-1-171"": {""pose"": 1, ""gesture"": 1, ""object"": 1}, ""ip-172-31-13-134"": {""pose"": 1, ""gesture"": 1, ""object"": 1}, ""ip-172-31-14-68"": {""pose"": 1, ""gesture"": 1, ""object"": 1}}","{""a1"": {""services"": [""pose"", ""gesture""], ""fps"": {""pose"": 17, ""gesture"": 25}, ""eff_fps"": {""pose"": 17, ""gesture"": 25}, ""latency_ms"": {""pose"": 0, ""gesture"": 0}, ""svclat_ms"": {""pose"": 37.12, ""gesture"": 22.48}}, ""a2"": {""services"": [""pose"", ""gesture""], ""fps"": {""pose"": 14, ""gesture"": 25}, ""eff_fps"": {""pose"": 14, ""gesture"": 25}, ""latency_ms"": {""pose"": 0, ""gesture"": 0}, ""svclat_ms"": {""pose"": 30.97, ""gesture"": 19.37}}, ""a3"": {""services"": [""pose"", ""gesture""], ""fps"": {""pose"": 14, ""gesture"": 22}, ""eff_fps"": {""pose"": 14, ""gesture"": 22}, ""latency_ms"": {""pose"": 0, ""gesture"": 0}, ""svclat_ms"": {""pose"": 27.61, ""gesture"": 21.91}}, ""a4"": {""services"": [""pose"", ""gesture""], ""fps"": {""pose"": 14, ""gesture"": 30}, ""eff_fps"": {""pose"": 14, ""gesture"": 30}, ""latency_ms"": {""pose"": 0, ""gesture"": 0}, ""svclat_ms"": {""pose"": 28.81, ""gesture"": 19.12}}, ""a5"": {""services"": [""pose"", ""gesture""], ""fps"": {""pose"": 14, ""gesture"": 30}, ""eff_fps"": {""pose"": 14, ""gesture"": 30}, ""latency_ms"": {""pose"": 0, ""gesture"": 0}, ""svclat_ms"": {""pose"": 35.04, ""gesture"": 24.76}}, ""a6"": {""services"": [""pose"", ""gesture""], ""fps"": {""pose"": 14, ""gesture"": 30}, ""eff_fps"": {""pose"": 14, ""gesture"": 30}, ""latency_ms"": {""pose"": 0, ""gesture"": 0}, ""svclat_ms"": {""pose"": 28.7, ""gesture"": 22.82}}, ""a7"": {""services"": [""pose"", ""gesture""], ""fps"": {""pose"": 17, ""gesture"": 30}, ""eff_fps"": {""pose"": 17, ""gesture"": 30}, ""latency_ms"": {""pose"": 0, ""gesture"": 0}, ""svclat_ms"": {""pose"": 44.78, ""gesture"": 21.16}}, ""a8"": {""services"": [""pose"", ""gesture""], ""fps"": {""pose"": 14, ""gesture"": 25}, ""eff_fps"": {""pose"": 14, ""gesture"": 25}, ""latency_ms"": {""pose"": 0, ""gesture"": 0}, ""svclat_ms"": {""pose"": 31.52, ""gesture"": 23.37}}, ""a9"": {""services"": [""pose"", ""gesture""], ""fps"": {""pose"": 14, ""gesture"": 25}, ""eff_fps"": {""pose"": 14, ""gesture"": 25}, ""latency_ms"": {""pose"": 0, ""gesture"": 0}, ""svclat_ms"": {""pose"": 31.52, ""gesture"": 20.91}}, ""a10"": {""services"": [""pose"", ""gesture""], ""fps"": {""pose"": 14, ""gesture"": 30}, ""eff_fps"": {""pose"": 14, ""gesture"": 30}, ""latency_ms"": {""pose"": 0, ""gesture"": 0}, ""svclat_ms"": {""pose"": 40.95, ""gesture"": 21.93}}, ""a11"": {""services"": [""pose"", ""gesture""], ""fps"": {""pose"": 14, ""gesture"": 22}, ""eff_fps"": {""pose"": 14, ""gesture"": 22}, ""latency_ms"": {""pose"": 0, ""gesture"": 0}, ""svclat_ms"": {""pose"": 31.72, ""gesture"": 22.92}}, ""a12"": {""services"": [""pose"", ""gesture""], ""fps"": {""pose"": 14, ""gesture"": 30}, ""eff_fps"": {""pose"": 14, ""gesture"": 30}, ""latency_ms"": {""pose"": 0, ""gesture"": 0}, ""svclat_ms"": {""pose"": 42.48, ""gesture"": 25.19}}, ""z1"": {""services"": [""gesture"", ""object""], ""fps"": {""gesture"": 25, ""object"": 17}, ""eff_fps"": {""gesture"": 25, ""object"": 17}, ""latency_ms"": {""gesture"": 0, ""object"": 0}, ""svclat_ms"": {""gesture"": 22.07, ""object"": 27.82}}, ""z2"": {""services"": [""gesture"", ""object""], ""fps"": {""gesture"": 25, ""object"": 14}, ""eff_fps"": {""gesture"": 25, ""object"": 14}, ""latency_ms"": {""gesture"": 0, ""object"": 0}, ""svclat_ms"": {""gesture"": 20.1, ""object"": 31.59}}, ""z3"": {""services"": [""gesture"", ""object""], ""fps"": {""gesture"": 22, ""object"": 14}, ""eff_fps"": {""gesture"": 22, ""object"": 14}, ""latency_ms"": {""gesture"": 0, ""object"": 0}, ""svclat_ms"": {""gesture"": 21.98, ""object"": 30.71}}, ""z4"": {""services"": [""gesture"", ""object""], ""fps"": {""gesture"": 30, ""object"": 14}, ""eff_fps"": {""gesture"": 30, ""object"": 14}, ""latency_ms"": {""gesture"": 0, ""object"": 0}, ""svclat_ms"": {""gesture"": 21.52, ""object"": 45.64}}, ""z5"": {""services"": [""gesture"", ""object""], ""fps"": {""gesture"": 29, ""object"": 14}, ""eff_fps"": {""gesture"": 29, ""object"": 14}, ""latency_ms"": {""gesture"": 0, ""object"": 0}, ""svclat_ms"": {""gesture"": 25.56, ""object"": 29.4}}, ""z6"": {""services"": [""gesture"", ""object""], ""fps"": {""gesture"": 30, ""object"": 14}, ""eff_fps"": {""gesture"": 30, ""object"": 14}, ""latency_ms"": {""gesture"": 0, ""object"": 0}, ""svclat_ms"": {""gesture"": 22.66, ""object"": 35.71}}, ""z7"": {""services"": [""gesture"", ""object""], ""fps"": {""gesture"": 30, ""object"": 18}, ""eff_fps"": {""gesture"": 30, ""object"": 18}, ""latency_ms"": {""gesture"": 0, ""object"": 0}, ""svclat_ms"": {""gesture"": 20.65, ""object"": 26.91}}, ""z8"": {""services"": [""gesture"", ""object""], ""fps"": {""gesture"": 31, ""object"": 14}, ""eff_fps"": {""gesture"": 31, ""object"": 14}, ""latency_ms"": {""gesture"": 0, ""object"": 0}, ""svclat_ms"": {""gesture"": 23.05, ""object"": 30.65}}, ""z9"": {""services"": [""gesture"", ""object""], ""fps"": {""gesture"": 30, ""object"": 14}, ""eff_fps"": {""gesture"": 30, ""object"": 14}, ""latency_ms"": {""gesture"": 0, ""object"": 0}, ""svclat_ms"": {""gesture"": 21.37, ""object"": 30.48}}, ""z10"": {""services"": [""gesture"", ""object""], ""fps"": {""gesture"": 25, ""object"": 14}, ""eff_fps"": {""gesture"": 25, ""object"": 14}, ""latency_ms"": {""gesture"": 0, ""object"": 0}, ""svclat_ms"": {""gesture"": 22.54, ""object"": 47.55}}, ""z11"": {""services"": [""gesture"", ""object""], ""fps"": {""gesture"": 25, ""object"": 14}, ""eff_fps"": {""gesture"": 25, ""object"": 14}, ""latency_ms"": {""gesture"": 0, ""object"": 0}, ""svclat_ms"": {""gesture"": 19.46, ""object"": 33.75}}, ""z12"": {""services"": [""gesture"", ""object""], ""fps"": {""gesture"": 22, ""object"": 14}, ""eff_fps"": {""gesture"": 22, ""object"": 14}, ""latency_ms"": {""gesture"": 0, ""object"": 0}, ""svclat_ms"": {""gesture"": 21.92, ""object"": 29.41}}, ""b1"": {""services"": [""pose"", ""object""], ""fps"": {""pose"": 12, ""object"": 11}, ""eff_fps"": {""pose"": 12, ""object"": 11}, ""latency_ms"": {""pose"": 0, ""object"": 0}, ""svclat_ms"": {""pose"": 28.81, ""object"": 29.5}}, ""b2"": {""services"": [""pose"", ""object""], ""fps"": {""pose"": 17, ""object"": 17}, ""eff_fps"": {""pose"": 17, ""object"": 17}, ""latency_ms"": {""pose"": 0, ""object"": 0}, ""svclat_ms"": {""pose"": 25.31, ""object"": 31.11}}, ""b3"": {""services"": [""pose"", ""object""], ""fps"": {""pose"": 14, ""object"": 14}, ""eff_fps"": {""pose"": 14, ""object"": 14}, ""latency_ms"": {""pose"": 0, ""object"": 0}, ""svclat_ms"": {""pose"": 27.22, ""object"": 26.44}}, ""b4"": {""services"": [""pose"", ""object""], ""fps"": {""pose"": 14, ""object"": 14}, ""eff_fps"": {""pose"": 14, ""object"": 14}, ""latency_ms"": {""pose"": 0, ""object"": 0}, ""svclat_ms"": {""pose"": 30.3, ""object"": 37.74}}, ""b5"": {""services"": [""pose"", ""object""], ""fps"": {""pose"": 14, ""object"": 14}, ""eff_fps"": {""pose"": 14, ""object"": 14}, ""latency_ms"": {""pose"": 0, ""object"": 0}, ""svclat_ms"": {""pose"": 30.98, ""object"": 29.26}}, ""b6"": {""services"": [""pose"", ""object""], ""fps"": {""pose"": 14, ""object"": 14}, ""eff_fps"": {""pose"": 14, ""object"": 14}, ""latency_ms"": {""pose"": 0, ""object"": 0}, ""svclat_ms"": {""pose"": 39.34, ""object"": 28.94}}, ""b7"": {""services"": [""pose"", ""object""], ""fps"": {""pose"": 17, ""object"": 17}, ""eff_fps"": {""pose"": 17, ""object"": 17}, ""latency_ms"": {""pose"": 0, ""object"": 0}, ""svclat_ms"": {""pose"": 37.14, ""object"": 28.79}}, ""b8"": {""services"": [""pose"", ""object""], ""fps"": {""pose"": 14, ""object"": 14}, ""eff_fps"": {""pose"": 14, ""object"": 14}, ""latency_ms"": {""pose"": 0, ""object"": 0}, ""svclat_ms"": {""pose"": 42.69, ""object"": 30.31}}, ""b9"": {""services"": [""pose"", ""object""], ""fps"": {""pose"": 14, ""object"": 14}, ""eff_fps"": {""pose"": 14, ""object"": 14}, ""latency_ms"": {""pose"": 0, ""object"": 0}, ""svclat_ms"": {""pose"": 34.2, ""object"": 32.41}}, ""b10"": {""services"": [""pose"", ""object""], ""fps"": {""pose"": 14, ""object"": 14}, ""eff_fps"": {""pose"": 14, ""object"": 14}, ""latency_ms"": {""pose"": 0, ""object"": 0}, ""svclat_ms"": {""pose"": 31.13, ""object"": 29.49}}, ""b11"": {""services"": [""pose"", ""object""], ""fps"": {""pose"": 14, ""object"": 14}, ""eff_fps"": {""pose"": 14, ""object"": 14}, ""latency_ms"": {""pose"": 0, ""object"": 0}, ""svclat_ms"": {""pose"": 34.34, ""object"": 29.85}}, ""b12"": {""services"": [""pose"", ""object""], ""fps"": {""pose"": 14, ""object"": 14}, ""eff_fps"": {""pose"": 14, ""object"": 14}, ""latency_ms"": {""pose"": 0, ""object"": 0}, ""svclat_ms"": {""pose"": 40.28, ""object"": 34.57}}}"
199.8,36,36,1.0,0,0,13,19,19,1.0,1383.0,1344.0,0.972,0.0,0.53,0.0,14.62,27.0,14.5,14.62,27.0,14.5,0,0,0,34.8,23.51,34.11,1347,"{""ip-172-31-0-204"": ""healthy"", ""ip-172-31-1-171"": ""healthy"", ""ip-172-31-10-12"": ""healthy"", ""ip-172-31-11-132"": ""healthy"", ""ip-172-31-13-134"": ""healthy"", ""ip-172-31-14-68"": ""healthy"", ""ip-172-31-40-239"": ""healthy""}",subscribe,233.9,0.6222,0,0,"{""ip-172-31-0-204"": {""gesture"": 1, ""pose"": 1, ""object"": 1}, ""ip-172-31-10-12"": {""object"": 1, ""gesture"": 1}, ""ip-172-31-11-132"": {""object"": 1, ""pose"": 1, ""gesture"": 1}, ""ip-172-31-40-239"": {""gesture"": 1, ""pose"": 1}, ""ip-172-31-1-171"": {""pose"": 1, ""gesture"": 1, ""object"": 1}, ""ip-172-31-13-134"": {""pose"": 1, ""gesture"": 1, ""object"": 1}, ""ip-172-31-14-68"": {""pose"": 1, ""gesture"": 1, ""object"": 1}}","{""a1"": {""services"": [""pose"", ""gesture""], ""fps"": {""pose"": 17, ""gesture"": 25}, ""eff_fps"": {""pose"": 17, ""gesture"": 25}, ""latency_ms"": {""pose"": 0, ""gesture"": 0}, ""svclat_ms"": {""pose"": 38.7, ""gesture"": 20.22}}, ""a2"": {""services"": [""pose"", ""gesture""], ""fps"": {""pose"": 14, ""gesture"": 25}, ""eff_fps"": {""pose"": 14, ""gesture"": 25}, ""latency_ms"": {""pose"": 0, ""gesture"": 0}, ""svclat_ms"": {""pose"": 31.19, ""gesture"": 34.03}}, ""a3"": {""services"": [""pose"", ""gesture""], ""fps"": {""pose"": 14, ""gesture"": 22}, ""eff_fps"": {""pose"": 14, ""gesture"": 22}, ""latency_ms"": {""pose"": 0, ""gesture"": 0}, ""svclat_ms"": {""pose"": 31.01, ""gesture"": 22.73}}, ""a4"": {""services"": [""pose"", ""gesture""], ""fps"": {""pose"": 14, ""gesture"": 30}, ""eff_fps"": {""pose"": 14, ""gesture"": 30}, ""latency_ms"": {""pose"": 0, ""gesture"": 0}, ""svclat_ms"": {""pose"": 28.1, ""gesture"": 27.8}}, ""a5"": {""services"": [""pose"", ""gesture""], ""fps"": {""pose"": 14, ""gesture"": 30}, ""eff_fps"": {""pose"": 14, ""gesture"": 30}, ""latency_ms"": {""pose"": 0, ""gesture"": 0}, ""svclat_ms"": {""pose"": 33.05, ""gesture"": 22.23}}, ""a6"": {""services"": [""pose"", ""gesture""], ""fps"": {""pose"": 14, ""gesture"": 30}, ""eff_fps"": {""pose"": 14, ""gesture"": 30}, ""latency_ms"": {""pose"": 0, ""gesture"": 0}, ""svclat_ms"": {""pose"": 28.13, ""gesture"": 21.37}}, ""a7"": {""services"": [""pose"", ""gesture""], ""fps"": {""pose"": 17, ""gesture"": 30}, ""eff_fps"": {""pose"": 17, ""gesture"": 30}, ""latency_ms"": {""pose"": 0, ""gesture"": 0}, ""svclat_ms"": {""pose"": 47.32, ""gesture"": 27.44}}, ""a8"": {""services"": [""pose"", ""gesture""], ""fps"": {""pose"": 14, ""gesture"": 25}, ""eff_fps"": {""pose"": 14, ""gesture"": 25}, ""latency_ms"": {""pose"": 0, ""gesture"": 0}, ""svclat_ms"": {""pose"": 33.42, ""gesture"": 22.07}}, ""a9"": {""services"": [""pose"", ""gesture""], ""fps"": {""pose"": 14, ""gesture"": 25}, ""eff_fps"": {""pose"": 14, ""gesture"": 25}, ""latency_ms"": {""pose"": 0, ""gesture"": 0}, ""svclat_ms"": {""pose"": 33.27, ""gesture"": 24.9}}, ""a10"": {""services"": [""pose"", ""gesture""], ""fps"": {""pose"": 14, ""gesture"": 30}, ""eff_fps"": {""pose"": 14, ""gesture"": 30}, ""latency_ms"": {""pose"": 0, ""gesture"": 0}, ""svclat_ms"": {""pose"": 43.83, ""gesture"": 25.71}}, ""a11"": {""services"": [""pose"", ""gesture""], ""fps"": {""pose"": 14, ""gesture"": 22}, ""eff_fps"": {""pose"": 14, ""gesture"": 22}, ""latency_ms"": {""pose"": 0, ""gesture"": 0}, ""svclat_ms"": {""pose"": 28.56, ""gesture"": 23.59}}, ""a12"": {""services"": [""pose"", ""gesture""], ""fps"": {""pose"": 14, ""gesture"": 30}, ""eff_fps"": {""pose"": 14, ""gesture"": 30}, ""latency_ms"": {""pose"": 0, ""gesture"": 0}, ""svclat_ms"": {""pose"": 42.5, ""gesture"": 22.66}}, ""z1"": {""services"": [""gesture"", ""object""], ""fps"": {""gesture"": 25, ""object"": 17}, ""eff_fps"": {""gesture"": 25, ""object"": 17}, ""latency_ms"": {""gesture"": 0, ""object"": 0}, ""svclat_ms"": {""gesture"": 18.99, ""object"": 28.82}}, ""z2"": {""services"": [""gesture"", ""object""], ""fps"": {""gesture"": 25, ""object"": 14}, ""eff_fps"": {""gesture"": 25, ""object"": 14}, ""latency_ms"": {""gesture"": 0, ""object"": 0}, ""svclat_ms"": {""gesture"": 21.74, ""object"": 33.84}}, ""z3"": {""services"": [""gesture"", ""object""], ""fps"": {""gesture"": 22, ""object"": 14}, ""eff_fps"": {""gesture"": 22, ""object"": 14}, ""latency_ms"": {""gesture"": 0, ""object"": 0}, ""svclat_ms"": {""gesture"": 22.38, ""object"": 32.75}}, ""z4"": {""services"": [""gesture"", ""object""], ""fps"": {""gesture"": 30, ""object"": 14}, ""eff_fps"": {""gesture"": 30, ""object"": 14}, ""latency_ms"": {""gesture"": 0, ""object"": 0}, ""svclat_ms"": {""gesture"": 24.33, ""object"": 45.58}}, ""z5"": {""services"": [""gesture"", ""object""], ""fps"": {""gesture"": 31, ""object"": 14}, ""eff_fps"": {""gesture"": 31, ""object"": 14}, ""latency_ms"": {""gesture"": 0, ""object"": 0}, ""svclat_ms"": {""gesture"": 22.47, ""object"": 32.17}}, ""z6"": {""services"": [""gesture"", ""object""], ""fps"": {""gesture"": 29, ""object"": 14}, ""eff_fps"": {""gesture"": 29, ""object"": 14}, ""latency_ms"": {""gesture"": 0, ""object"": 0}, ""svclat_ms"": {""gesture"": 20.61, ""object"": 36.65}}, ""z7"": {""services"": [""gesture"", ""object""], ""fps"": {""gesture"": 30, ""object"": 17}, ""eff_fps"": {""gesture"": 30, ""object"": 17}, ""latency_ms"": {""gesture"": 0, ""object"": 0}, ""svclat_ms"": {""gesture"": 27.1, ""object"": 34.95}}, ""z8"": {""services"": [""gesture"", ""object""], ""fps"": {""gesture"": 30, ""object"": 14}, ""eff_fps"": {""gesture"": 30, ""object"": 14}, ""latency_ms"": {""gesture"": 0, ""object"": 0}, ""svclat_ms"": {""gesture"": 22.26, ""object"": 29.28}}, ""z9"": {""services"": [""gesture"", ""object""], ""fps"": {""gesture"": 30, ""object"": 14}, ""eff_fps"": {""gesture"": 30, ""object"": 14}, ""latency_ms"": {""gesture"": 0, ""object"": 0}, ""svclat_ms"": {""gesture"": 27.29, ""object"": 32.07}}, ""z10"": {""services"": [""gesture"", ""object""], ""fps"": {""gesture"": 25, ""object"": 14}, ""eff_fps"": {""gesture"": 25, ""object"": 14}, ""latency_ms"": {""gesture"": 0, ""object"": 0}, ""svclat_ms"": {""gesture"": 20.96, ""object"": 47.89}}, ""z11"": {""services"": [""gesture"", ""object""], ""fps"": {""gesture"": 25, ""object"": 14}, ""eff_fps"": {""gesture"": 25, ""object"": 14}, ""latency_ms"": {""gesture"": 0, ""object"": 0}, ""svclat_ms"": {""gesture"": 20.1, ""object"": 33.81}}, ""z12"": {""services"": [""gesture"", ""object""], ""fps"": {""gesture"": 22, ""object"": 14}, ""eff_fps"": {""gesture"": 22, ""object"": 14}, ""latency_ms"": {""gesture"": 0, ""object"": 0}, ""svclat_ms"": {""gesture"": 21.33, ""object"": 30.82}}, ""b1"": {""services"": [""pose"", ""object""], ""fps"": {""pose"": 15, ""object"": 14}, ""eff_fps"": {""pose"": 15, ""object"": 14}, ""latency_ms"": {""pose"": 0, ""object"": 0}, ""svclat_ms"": {""pose"": 31.18, ""object"": 28.6}}, ""b2"": {""services"": [""pose"", ""object""], ""fps"": {""pose"": 17, ""object"": 17}, ""eff_fps"": {""pose"": 17, ""object"": 17}, ""latency_ms"": {""pose"": 0, ""object"": 0}, ""svclat_ms"": {""pose"": 25.49, ""object"": 46.65}}, ""b3"": {""services"": [""pose"", ""object""], ""fps"": {""pose"": 14, ""object"": 14}, ""eff_fps"": {""pose"": 14, ""object"": 14}, ""latency_ms"": {""pose"": 0, ""object"": 0}, ""svclat_ms"": {""pose"": 29.56, ""object"": 27.99}}, ""b4"": {""services"": [""pose"", ""object""], ""fps"": {""pose"": 14, ""object"": 14}, ""eff_fps"": {""pose"": 14, ""object"": 14}, ""latency_ms"": {""pose"": 0, ""object"": 0}, ""svclat_ms"": {""pose"": 28.57, ""object"": 37.66}}, ""b5"": {""services"": [""pose"", ""object""], ""fps"": {""pose"": 14, ""object"": 14}, ""eff_fps"": {""pose"": 14, ""object"": 14}, ""latency_ms"": {""pose"": 0, ""object"": 0}, ""svclat_ms"": {""pose"": 33.12, ""object"": 30.86}}, ""b6"": {""services"": [""pose"", ""object""], ""fps"": {""pose"": 15, ""object"": 14}, ""eff_fps"": {""pose"": 15, ""object"": 14}, ""latency_ms"": {""pose"": 0, ""object"": 0}, ""svclat_ms"": {""pose"": 40.85, ""object"": 29.62}}, ""b7"": {""services"": [""pose"", ""object""], ""fps"": {""pose"": 17, ""object"": 17}, ""eff_fps"": {""pose"": 17, ""object"": 17}, ""latency_ms"": {""pose"": 0, ""object"": 0}, ""svclat_ms"": {""pose"": 41.16, ""object"": 36.43}}, ""b8"": {""services"": [""pose"", ""object""], ""fps"": {""pose"": 14, ""object"": 14}, ""eff_fps"": {""pose"": 14, ""object"": 14}, ""latency_ms"": {""pose"": 0, ""object"": 0}, ""svclat_ms"": {""pose"": 42.97, ""object"": 32.26}}, ""b9"": {""services"": [""pose"", ""object""], ""fps"": {""pose"": 15, ""object"": 14}, ""eff_fps"": {""pose"": 15, ""object"": 14}, ""latency_ms"": {""pose"": 0, ""object"": 0}, ""svclat_ms"": {""pose"": 33.09, ""object"": 33.04}}, ""b10"": {""services"": [""pose"", ""object""], ""fps"": {""pose"": 14, ""object"": 14}, ""eff_fps"": {""pose"": 14, ""object"": 14}, ""latency_ms"": {""pose"": 0, ""object"": 0}, ""svclat_ms"": {""pose"": 29.59, ""object"": 29.25}}, ""b11"": {""services"": [""pose"", ""object""], ""fps"": {""pose"": 14, ""object"": 14}, ""eff_fps"": {""pose"": 14, ""object"": 14}, ""latency_ms"": {""pose"": 0, ""object"": 0}, ""svclat_ms"": {""pose"": 38.36, ""object"": 31.8}}, ""b12"": {""services"": [""pose"", ""object""], ""fps"": {""pose"": 14, ""object"": 14}, ""eff_fps"": {""pose"": 14, ""object"": 14}, ""latency_ms"": {""pose"": 0, ""object"": 0}, ""svclat_ms"": {""pose"": 42.17, ""object"": 35.77}}}"
202.2,36,36,1.0,0,0,13,19,19,1.0,1383.0,1344.0,0.972,0.0,0.53,0.0,14.58,26.92,14.5,14.58,26.92,14.5,0,0,0,33.55,22.99,34.23,1344,"{""ip-172-31-0-204"": ""healthy"", ""ip-172-31-1-171"": ""healthy"", ""ip-172-31-10-12"": ""healthy"", ""ip-172-31-11-132"": ""healthy"", ""ip-172-31-13-134"": ""healthy"", ""ip-172-31-14-68"": ""healthy"", ""ip-172-31-40-239"": ""healthy""}",subscribe,233.9,0.6222,0,0,"{""ip-172-31-0-204"": {""gesture"": 1, ""pose"": 1, ""object"": 1}, ""ip-172-31-10-12"": {""object"": 1, ""gesture"": 1}, ""ip-172-31-11-132"": {""object"": 1, ""pose"": 1, ""gesture"": 1}, ""ip-172-31-40-239"": {""gesture"": 1, ""pose"": 1}, ""ip-172-31-1-171"": {""pose"": 1, ""gesture"": 1, ""object"": 1}, ""ip-172-31-13-134"": {""pose"": 1, ""gesture"": 1, ""object"": 1}, ""ip-172-31-14-68"": {""pose"": 1, ""gesture"": 1, ""object"": 1}}","{""a1"": {""services"": [""pose"", ""gesture""], ""fps"": {""pose"": 17, ""gesture"": 25}, ""eff_fps"": {""pose"": 17, ""gesture"": 25}, ""latency_ms"": {""pose"": 0, ""gesture"": 0}, ""svclat_ms"": {""pose"": 31.37, ""gesture"": 19.37}}, ""a2"": {""services"": [""pose"", ""gesture""], ""fps"": {""pose"": 14, ""gesture"": 25}, ""eff_fps"": {""pose"": 14, ""gesture"": 25}, ""latency_ms"": {""pose"": 0, ""gesture"": 0}, ""svclat_ms"": {""pose"": 29.8, ""gesture"": 24.92}}, ""a3"": {""services"": [""pose"", ""gesture""], ""fps"": {""pose"": 15, ""gesture"": 22}, ""eff_fps"": {""pose"": 15, ""gesture"": 22}, ""latency_ms"": {""pose"": 0, ""gesture"": 0}, ""svclat_ms"": {""pose"": 30.45, ""gesture"": 21.17}}, ""a4"": {""services"": [""pose"", ""gesture""], ""fps"": {""pose"": 14, ""gesture"": 30}, ""eff_fps"": {""pose"": 14, ""gesture"": 30}, ""latency_ms"": {""pose"": 0, ""gesture"": 0}, ""svclat_ms"": {""pose"": 27.73, ""gesture"": 25.41}}, ""a5"": {""services"": [""pose"", ""gesture""], ""fps"": {""pose"": 14, ""gesture"": 29}, ""eff_fps"": {""pose"": 14, ""gesture"": 29}, ""latency_ms"": {""pose"": 0, ""gesture"": 0}, ""svclat_ms"": {""pose"": 34.63, ""gesture"": 24.72}}, ""a6"": {""services"": [""pose"", ""gesture""], ""fps"": {""pose"": 14, ""gesture"": 30}, ""eff_fps"": {""pose"": 14, ""gesture"": 30}, ""latency_ms"": {""pose"": 0, ""gesture"": 0}, ""svclat_ms"": {""pose"": 28.78, ""gesture"": 21.77}}, ""a7"": {""services"": [""pose"", ""gesture""], ""fps"": {""pose"": 17, ""gesture"": 30}, ""eff_fps"": {""pose"": 17, ""gesture"": 30}, ""latency_ms"": {""pose"": 0, ""gesture"": 0}, ""svclat_ms"": {""pose"": 41.9, ""gesture"": 27.03}}, ""a8"": {""services"": [""pose"", ""gesture""], ""fps"": {""pose"": 14, ""gesture"": 25}, ""eff_fps"": {""pose"": 14, ""gesture"": 25}, ""latency_ms"": {""pose"": 0, ""gesture"": 0}, ""svclat_ms"": {""pose"": 31.79, ""gesture"": 19.63}}, ""a9"": {""services"": [""pose"", ""gesture""], ""fps"": {""pose"": 14, ""gesture"": 25}, ""eff_fps"": {""pose"": 14, ""gesture"": 25}, ""latency_ms"": {""pose"": 0, ""gesture"": 0}, ""svclat_ms"": {""pose"": 32.51, ""gesture"": 24.35}}, ""a10"": {""services"": [""pose"", ""gesture""], ""fps"": {""pose"": 14, ""gesture"": 30}, ""eff_fps"": {""pose"": 14, ""gesture"": 30}, ""latency_ms"": {""pose"": 0, ""gesture"": 0}, ""svclat_ms"": {""pose"": 42.71, ""gesture"": 24.62}}, ""a11"": {""services"": [""pose"", ""gesture""], ""fps"": {""pose"": 14, ""gesture"": 22}, ""eff_fps"": {""pose"": 14, ""gesture"": 22}, ""latency_ms"": {""pose"": 0, ""gesture"": 0}, ""svclat_ms"": {""pose"": 29.45, ""gesture"": 23.35}}, ""a12"": {""services"": [""pose"", ""gesture""], ""fps"": {""pose"": 14, ""gesture"": 30}, ""eff_fps"": {""pose"": 14, ""gesture"": 30}, ""latency_ms"": {""pose"": 0, ""gesture"": 0}, ""svclat_ms"": {""pose"": 42.26, ""gesture"": 26.99}}, ""z1"": {""services"": [""gesture"", ""object""], ""fps"": {""gesture"": 25, ""object"": 17}, ""eff_fps"": {""gesture"": 25, ""object"": 17}, ""latency_ms"": {""gesture"": 0, ""object"": 0}, ""svclat_ms"": {""gesture"": 18.43, ""object"": 27.22}}, ""z2"": {""services"": [""gesture"", ""object""], ""fps"": {""gesture"": 25, ""object"": 14}, ""eff_fps"": {""gesture"": 25, ""object"": 14}, ""latency_ms"": {""gesture"": 0, ""object"": 0}, ""svclat_ms"": {""gesture"": 20.31, ""object"": 34.76}}, ""z3"": {""services"": [""gesture"", ""object""], ""fps"": {""gesture"": 22, ""object"": 14}, ""eff_fps"": {""gesture"": 22, ""object"": 14}, ""latency_ms"": {""gesture"": 0, ""object"": 0}, ""svclat_ms"": {""gesture"": 22.76, ""object"": 34.29}}, ""z4"": {""services"": [""gesture"", ""object""], ""fps"": {""gesture"": 30, ""object"": 14}, ""eff_fps"": {""gesture"": 30, ""object"": 14}, ""latency_ms"": {""gesture"": 0, ""object"": 0}, ""svclat_ms"": {""gesture"": 21.64, ""object"": 45.88}}, ""z5"": {""services"": [""gesture"", ""object""], ""fps"": {""gesture"": 30, ""object"": 14}, ""eff_fps"": {""gesture"": 30, ""object"": 14}, ""latency_ms"": {""gesture"": 0, ""object"": 0}, ""svclat_ms"": {""gesture"": 26.87, ""object"": 29.78}}, ""z6"": {""services"": [""gesture"", ""object""], ""fps"": {""gesture"": 30, ""object"": 14}, ""eff_fps"": {""gesture"": 30, ""object"": 14}, ""latency_ms"": {""gesture"": 0, ""object"": 0}, ""svclat_ms"": {""gesture"": 21.37, ""object"": 38.06}}, ""z7"": {""services"": [""gesture"", ""object""], ""fps"": {""gesture"": 30, ""object"": 17}, ""eff_fps"": {""gesture"": 30, ""object"": 17}, ""latency_ms"": {""gesture"": 0, ""object"": 0}, ""svclat_ms"": {""gesture"": 27.06, ""object"": 35.22}}, ""z8"": {""services"": [""gesture"", ""object""], ""fps"": {""gesture"": 29, ""object"": 14}, ""eff_fps"": {""gesture"": 29, ""object"": 14}, ""latency_ms"": {""gesture"": 0, ""object"": 0}, ""svclat_ms"": {""gesture"": 22.45, ""object"": 31.36}}, ""z9"": {""services"": [""gesture"", ""object""], ""fps"": {""gesture"": 30, ""object"": 14}, ""eff_fps"": {""gesture"": 30, ""object"": 14}, ""latency_ms"": {""gesture"": 0, ""object"": 0}, ""svclat_ms"": {""gesture"": 27.0, ""object"": 35.59}}, ""z10"": {""services"": [""gesture"", ""object""], ""fps"": {""gesture"": 25, ""object"": 14}, ""eff_fps"": {""gesture"": 25, ""object"": 14}, ""latency_ms"": {""gesture"": 0, ""object"": 0}, ""svclat_ms"": {""gesture"": 19.26, ""object"": 45.31}}, ""z11"": {""services"": [""gesture"", ""object""], ""fps"": {""gesture"": 25, ""object"": 14}, ""eff_fps"": {""gesture"": 25, ""object"": 14}, ""latency_ms"": {""gesture"": 0, ""object"": 0}, ""svclat_ms"": {""gesture"": 20.31, ""object"": 33.52}}, ""z12"": {""services"": [""gesture"", ""object""], ""fps"": {""gesture"": 22, ""object"": 14}, ""eff_fps"": {""gesture"": 22, ""object"": 14}, ""latency_ms"": {""gesture"": 0, ""object"": 0}, ""svclat_ms"": {""gesture"": 21.05, ""object"": 30.96}}, ""b1"": {""services"": [""pose"", ""object""], ""fps"": {""pose"": 15, ""object"": 14}, ""eff_fps"": {""pose"": 15, ""object"": 14}, ""latency_ms"": {""pose"": 0, ""object"": 0}, ""svclat_ms"": {""pose"": 29.08, ""object"": 29.39}}, ""b2"": {""services"": [""pose"", ""object""], ""fps"": {""pose"": 17, ""object"": 17}, ""eff_fps"": {""pose"": 17, ""object"": 17}, ""latency_ms"": {""pose"": 0, ""object"": 0}, ""svclat_ms"": {""pose"": 24.6, ""object"": 42.01}}, ""b3"": {""services"": [""pose"", ""object""], ""fps"": {""pose"": 14, ""object"": 14}, ""eff_fps"": {""pose"": 14, ""object"": 14}, ""latency_ms"": {""pose"": 0, ""object"": 0}, ""svclat_ms"": {""pose"": 28.94, ""object"": 28.45}}, ""b4"": {""services"": [""pose"", ""object""], ""fps"": {""pose"": 14, ""object"": 14}, ""eff_fps"": {""pose"": 14, ""object"": 14}, ""latency_ms"": {""pose"": 0, ""object"": 0}, ""svclat_ms"": {""pose"": 28.46, ""object"": 39.92}}, ""b5"": {""services"": [""pose"", ""object""], ""fps"": {""pose"": 14, ""object"": 14}, ""eff_fps"": {""pose"": 14, ""object"": 14}, ""latency_ms"": {""pose"": 0, ""object"": 0}, ""svclat_ms"": {""pose"": 31.97, ""object"": 29.38}}, ""b6"": {""services"": [""pose"", ""object""], ""fps"": {""pose"": 14, ""object"": 14}, ""eff_fps"": {""pose"": 14, ""object"": 14}, ""latency_ms"": {""pose"": 0, ""object"": 0}, ""svclat_ms"": {""pose"": 37.88, ""object"": 30.52}}, ""b7"": {""services"": [""pose"", ""object""], ""fps"": {""pose"": 17, ""object"": 17}, ""eff_fps"": {""pose"": 17, ""object"": 17}, ""latency_ms"": {""pose"": 0, ""object"": 0}, ""svclat_ms"": {""pose"": 41.08, ""object"": 36.43}}, ""b8"": {""services"": [""pose"", ""object""], ""fps"": {""pose"": 14, ""object"": 14}, ""eff_fps"": {""pose"": 14, ""object"": 14}, ""latency_ms"": {""pose"": 0, ""object"": 0}, ""svclat_ms"": {""pose"": 40.44, ""object"": 33.08}}, ""b9"": {""services"": [""pose"", ""object""], ""fps"": {""pose"": 14, ""object"": 14}, ""eff_fps"": {""pose"": 14, ""object"": 14}, ""latency_ms"": {""pose"": 0, ""object"": 0}, ""svclat_ms"": {""pose"": 32.26, ""object"": 34.66}}, ""b10"": {""services"": [""pose"", ""object""], ""fps"": {""pose"": 14, ""object"": 14}, ""eff_fps"": {""pose"": 14, ""object"": 14}, ""latency_ms"": {""pose"": 0, ""object"": 0}, ""svclat_ms"": {""pose"": 29.51, ""object"": 28.86}}, ""b11"": {""services"": [""pose"", ""object""], ""fps"": {""pose"": 14, ""object"": 14}, ""eff_fps"": {""pose"": 14, ""object"": 14}, ""latency_ms"": {""pose"": 0, ""object"": 0}, ""svclat_ms"": {""pose"": 36.83, ""object"": 30.41}}, ""b12"": {""services"": [""pose"", ""object""], ""fps"": {""pose"": 14, ""object"": 14}, ""eff_fps"": {""pose"": 14, ""object"": 14}, ""latency_ms"": {""pose"": 0, ""object"": 0}, ""svclat_ms"": {""pose"": 40.74, ""object"": 36.46}}}"
204.6,36,36,1.0,0,0,13,19,19,1.0,1383.0,1344.0,0.972,0.0,0.53,0.0,14.46,26.92,14.54,14.46,26.92,14.54,0,0,0,33.7,25.18,33.7,1342,"{""ip-172-31-0-204"": ""healthy"", ""ip-172-31-1-171"": ""healthy"", ""ip-172-31-10-12"": ""healthy"", ""ip-172-31-11-132"": ""healthy"", ""ip-172-31-13-134"": ""healthy"", ""ip-172-31-14-68"": ""healthy"", ""ip-172-31-40-239"": ""healthy""}",subscribe,233.9,0.6222,0,0,"{""ip-172-31-0-204"": {""gesture"": 1, ""pose"": 1, ""object"": 1}, ""ip-172-31-10-12"": {""object"": 1, ""gesture"": 1}, ""ip-172-31-11-132"": {""object"": 1, ""pose"": 1, ""gesture"": 1}, ""ip-172-31-40-239"": {""gesture"": 1, ""pose"": 1}, ""ip-172-31-1-171"": {""pose"": 1, ""gesture"": 1, ""object"": 1}, ""ip-172-31-13-134"": {""pose"": 1, ""gesture"": 1, ""object"": 1}, ""ip-172-31-14-68"": {""pose"": 1, ""gesture"": 1, ""object"": 1}}","{""a1"": {""services"": [""pose"", ""gesture""], ""fps"": {""pose"": 17, ""gesture"": 25}, ""eff_fps"": {""pose"": 17, ""gesture"": 25}, ""latency_ms"": {""pose"": 0, ""gesture"": 0}, ""svclat_ms"": {""pose"": 32.47, ""gesture"": 18.64}}, ""a2"": {""services"": [""pose"", ""gesture""], ""fps"": {""pose"": 14, ""gesture"": 25}, ""eff_fps"": {""pose"": 14, ""gesture"": 25}, ""latency_ms"": {""pose"": 0, ""gesture"": 0}, ""svclat_ms"": {""pose"": 29.61, ""gesture"": 27.18}}, ""a3"": {""services"": [""pose"", ""gesture""], ""fps"": {""pose"": 14, ""gesture"": 22}, ""eff_fps"": {""pose"": 14, ""gesture"": 22}, ""latency_ms"": {""pose"": 0, ""gesture"": 0}, ""svclat_ms"": {""pose"": 30.19, ""gesture"": 35.15}}, ""a4"": {""services"": [""pose"", ""gesture""], ""fps"": {""pose"": 14, ""gesture"": 30}, ""eff_fps"": {""pose"": 14, ""gesture"": 30}, ""latency_ms"": {""pose"": 0, ""gesture"": 0}, ""svclat_ms"": {""pose"": 28.44, ""gesture"": 26.41}}, ""a5"": {""services"": [""pose"", ""gesture""], ""fps"": {""pose"": 14, ""gesture"": 30}, ""eff_fps"": {""pose"": 14, ""gesture"": 30}, ""latency_ms"": {""pose"": 0, ""gesture"": 0}, ""svclat_ms"": {""pose"": 36.79, ""gesture"": 30.88}}, ""a6"": {""services"": [""pose"", ""gesture""], ""fps"": {""pose"": 14, ""gesture"": 30}, ""eff_fps"": {""pose"": 14, ""gesture"": 30}, ""latency_ms"": {""pose"": 0, ""gesture"": 0}, ""svclat_ms"": {""pose"": 32.1, ""gesture"": 21.96}}, ""a7"": {""services"": [""pose"", ""gesture""], ""fps"": {""pose"": 17, ""gesture"": 29}, ""eff_fps"": {""pose"": 17, ""gesture"": 29}, ""latency_ms"": {""pose"": 0, ""gesture"": 0}, ""svclat_ms"": {""pose"": 41.0, ""gesture"": 25.84}}, ""a8"": {""services"": [""pose"", ""gesture""], ""fps"": {""pose"": 14, ""gesture"": 25}, ""eff_fps"": {""pose"": 14, ""gesture"": 25}, ""latency_ms"": {""pose"": 0, ""gesture"": 0}, ""svclat_ms"": {""pose"": 33.33, ""gesture"": 19.33}}, ""a9"": {""services"": [""pose"", ""gesture""], ""fps"": {""pose"": 14, ""gesture"": 25}, ""eff_fps"": {""pose"": 14, ""gesture"": 25}, ""latency_ms"": {""pose"": 0, ""gesture"": 0}, ""svclat_ms"": {""pose"": 31.75, ""gesture"": 26.92}}, ""a10"": {""services"": [""pose"", ""gesture""], ""fps"": {""pose"": 14, ""gesture"": 30}, ""eff_fps"": {""pose"": 14, ""gesture"": 30}, ""latency_ms"": {""pose"": 0, ""gesture"": 0}, ""svclat_ms"": {""pose"": 38.96, ""gesture"": 25.06}}, ""a11"": {""services"": [""pose"", ""gesture""], ""fps"": {""pose"": 14, ""gesture"": 21}, ""eff_fps"": {""pose"": 14, ""gesture"": 21}, ""latency_ms"": {""pose"": 0, ""gesture"": 0}, ""svclat_ms"": {""pose"": 28.88, ""gesture"": 33.17}}, ""a12"": {""services"": [""pose"", ""gesture""], ""fps"": {""pose"": 14, ""gesture"": 30}, ""eff_fps"": {""pose"": 14, ""gesture"": 30}, ""latency_ms"": {""pose"": 0, ""gesture"": 0}, ""svclat_ms"": {""pose"": 46.75, ""gesture"": 27.03}}, ""z1"": {""services"": [""gesture"", ""object""], ""fps"": {""gesture"": 25, ""object"": 17}, ""eff_fps"": {""gesture"": 25, ""object"": 17}, ""latency_ms"": {""gesture"": 0, ""object"": 0}, ""svclat_ms"": {""gesture"": 17.95, ""object"": 27.45}}, ""z2"": {""services"": [""gesture"", ""object""], ""fps"": {""gesture"": 25, ""object"": 14}, ""eff_fps"": {""gesture"": 25, ""object"": 14}, ""latency_ms"": {""gesture"": 0, ""object"": 0}, ""svclat_ms"": {""gesture"": 22.32, ""object"": 32.87}}, ""z3"": {""services"": [""gesture"", ""object""], ""fps"": {""gesture"": 21, ""object"": 14}, ""eff_fps"": {""gesture"": 21, ""object"": 14}, ""latency_ms"": {""gesture"": 0, ""object"": 0}, ""svclat_ms"": {""gesture"": 31.78, ""object"": 31.69}}, ""z4"": {""services"": [""gesture"", ""object""], ""fps"": {""gesture"": 30, ""object"": 14}, ""eff_fps"": {""gesture"": 30, ""object"": 14}, ""latency_ms"": {""gesture"": 0, ""object"": 0}, ""svclat_ms"": {""gesture"": 21.37, ""object"": 43.4}}, ""z5"": {""services"": [""gesture"", ""object""], ""fps"": {""gesture"": 29, ""object"": 14}, ""eff_fps"": {""gesture"": 29, ""object"": 14}, ""latency_ms"": {""gesture"": 0, ""object"": 0}, ""svclat_ms"": {""gesture"": 30.03, ""object"": 29.71}}, ""z6"": {""services"": [""gesture"", ""object""], ""fps"": {""gesture"": 30, ""object"": 14}, ""eff_fps"": {""gesture"": 30, ""object"": 14}, ""latency_ms"": {""gesture"": 0, ""object"": 0}, ""svclat_ms"": {""gesture"": 21.3, ""object"": 36.69}}, ""z7"": {""services"": [""gesture"", ""object""], ""fps"": {""gesture"": 30, ""object"": 17}, ""eff_fps"": {""gesture"": 30, ""object"": 17}, ""latency_ms"": {""gesture"": 0, ""object"": 0}, ""svclat_ms"": {""gesture"": 25.54, ""object"": 38.1}}, ""z8"": {""services"": [""gesture"", ""object""], ""fps"": {""gesture"": 31, ""object"": 14}, ""eff_fps"": {""gesture"": 31, ""object"": 14}, ""latency_ms"": {""gesture"": 0, ""object"": 0}, ""svclat_ms"": {""gesture"": 22.77, ""object"": 29.57}}, ""z9"": {""services"": [""gesture"", ""object""], ""fps"": {""gesture"": 31, ""object"": 14}, ""eff_fps"": {""gesture"": 31, ""object"": 14}, ""latency_ms"": {""gesture"": 0, ""object"": 0}, ""svclat_ms"": {""gesture"": 23.31, ""object"": 31.78}}, ""z10"": {""services"": [""gesture"", ""object""], ""fps"": {""gesture"": 25, ""object"": 14}, ""eff_fps"": {""gesture"": 25, ""object"": 14}, ""latency_ms"": {""gesture"": 0, ""object"": 0}, ""svclat_ms"": {""gesture"": 18.19, ""object"": 45.94}}, ""z11"": {""services"": [""gesture"", ""object""], ""fps"": {""gesture"": 25, ""object"": 14}, ""eff_fps"": {""gesture"": 25, ""object"": 14}, ""latency_ms"": {""gesture"": 0, ""object"": 0}, ""svclat_ms"": {""gesture"": 21.27, ""object"": 34.18}}, ""z12"": {""services"": [""gesture"", ""object""], ""fps"": {""gesture"": 22, ""object"": 14}, ""eff_fps"": {""gesture"": 22, ""object"": 14}, ""latency_ms"": {""gesture"": 0, ""object"": 0}, ""svclat_ms"": {""gesture"": 30.88, ""object"": 31.32}}, ""b1"": {""services"": [""pose"", ""object""], ""fps"": {""pose"": 13, ""object"": 14}, ""eff_fps"": {""pose"": 13, ""object"": 14}, ""latency_ms"": {""pose"": 0, ""object"": 0}, ""svclat_ms"": {""pose"": 29.56, ""object"": 27.5}}, ""b2"": {""services"": [""pose"", ""object""], ""fps"": {""pose"": 17, ""object"": 17}, ""eff_fps"": {""pose"": 17, ""object"": 17}, ""latency_ms"": {""pose"": 0, ""object"": 0}, ""svclat_ms"": {""pose"": 24.78, ""object"": 45.1}}, ""b3"": {""services"": [""pose"", ""object""], ""fps"": {""pose"": 14, ""object"": 14}, ""eff_fps"": {""pose"": 14, ""object"": 14}, ""latency_ms"": {""pose"": 0, ""object"": 0}, ""svclat_ms"": {""pose"": 29.71, ""object"": 26.83}}, ""b4"": {""services"": [""pose"", ""object""], ""fps"": {""pose"": 14, ""object"": 14}, ""eff_fps"": {""pose"": 14, ""object"": 14}, ""latency_ms"": {""pose"": 0, ""object"": 0}, ""svclat_ms"": {""pose"": 27.78, ""object"": 36.6}}, ""b5"": {""services"": [""pose"", ""object""], ""fps"": {""pose"": 14, ""object"": 14}, ""eff_fps"": {""pose"": 14, ""object"": 14}, ""latency_ms"": {""pose"": 0, ""object"": 0}, ""svclat_ms"": {""pose"": 31.1, ""object"": 30.39}}, ""b6"": {""services"": [""pose"", ""object""], ""fps"": {""pose"": 14, ""object"": 14}, ""eff_fps"": {""pose"": 14, ""object"": 14}, ""latency_ms"": {""pose"": 0, ""object"": 0}, ""svclat_ms"": {""pose"": 39.21, ""object"": 29.47}}, ""b7"": {""services"": [""pose"", ""object""], ""fps"": {""pose"": 17, ""object"": 18}, ""eff_fps"": {""pose"": 17, ""object"": 18}, ""latency_ms"": {""pose"": 0, ""object"": 0}, ""svclat_ms"": {""pose"": 39.47, ""object"": 40.37}}, ""b8"": {""services"": [""pose"", ""object""], ""fps"": {""pose"": 14, ""object"": 14}, ""eff_fps"": {""pose"": 14, ""object"": 14}, ""latency_ms"": {""pose"": 0, ""object"": 0}, ""svclat_ms"": {""pose"": 41.47, ""object"": 31.9}}, ""b9"": {""services"": [""pose"", ""object""], ""fps"": {""pose"": 14, ""object"": 14}, ""eff_fps"": {""pose"": 14, ""object"": 14}, ""latency_ms"": {""pose"": 0, ""object"": 0}, ""svclat_ms"": {""pose"": 31.3, ""object"": 30.63}}, ""b10"": {""services"": [""pose"", ""object""], ""fps"": {""pose"": 14, ""object"": 14}, ""eff_fps"": {""pose"": 14, ""object"": 14}, ""latency_ms"": {""pose"": 0, ""object"": 0}, ""svclat_ms"": {""pose"": 29.65, ""object"": 28.71}}, ""b11"": {""services"": [""pose"", ""object""], ""fps"": {""pose"": 14, ""object"": 14}, ""eff_fps"": {""pose"": 14, ""object"": 14}, ""latency_ms"": {""pose"": 0, ""object"": 0}, ""svclat_ms"": {""pose"": 30.45, ""object"": 30.52}}, ""b12"": {""services"": [""pose"", ""object""], ""fps"": {""pose"": 14, ""object"": 14}, ""eff_fps"": {""pose"": 14, ""object"": 14}, ""latency_ms"": {""pose"": 0, ""object"": 0}, ""svclat_ms"": {""pose"": 44.14, ""object"": 38.15}}}"
206.9,36,36,1.0,0,0,13,19,19,1.0,1383.0,1344.0,0.972,0.0,0.53,0.0,14.46,26.92,14.46,14.46,26.92,14.46,0,0,0,34.13,22.78,34.85,1340,"{""ip-172-31-0-204"": ""healthy"", ""ip-172-31-1-171"": ""healthy"", ""ip-172-31-10-12"": ""healthy"", ""ip-172-31-11-132"": ""healthy"", ""ip-172-31-13-134"": ""healthy"", ""ip-172-31-14-68"": ""healthy"", ""ip-172-31-40-239"": ""healthy""}",subscribe,233.9,0.6222,0,0,"{""ip-172-31-0-204"": {""gesture"": 1, ""pose"": 1, ""object"": 1}, ""ip-172-31-10-12"": {""object"": 1, ""gesture"": 1}, ""ip-172-31-11-132"": {""object"": 1, ""pose"": 1, ""gesture"": 1}, ""ip-172-31-40-239"": {""gesture"": 1, ""pose"": 1}, ""ip-172-31-1-171"": {""pose"": 1, ""gesture"": 1, ""object"": 1}, ""ip-172-31-13-134"": {""pose"": 1, ""gesture"": 1, ""object"": 1}, ""ip-172-31-14-68"": {""pose"": 1, ""gesture"": 1, ""object"": 1}}","{""a1"": {""services"": [""pose"", ""gesture""], ""fps"": {""pose"": 17, ""gesture"": 25}, ""eff_fps"": {""pose"": 17, ""gesture"": 25}, ""latency_ms"": {""pose"": 0, ""gesture"": 0}, ""svclat_ms"": {""pose"": 37.43, ""gesture"": 23.8}}, ""a2"": {""services"": [""pose"", ""gesture""], ""fps"": {""pose"": 14, ""gesture"": 25}, ""eff_fps"": {""pose"": 14, ""gesture"": 25}, ""latency_ms"": {""pose"": 0, ""gesture"": 0}, ""svclat_ms"": {""pose"": 29.72, ""gesture"": 26.12}}, ""a3"": {""services"": [""pose"", ""gesture""], ""fps"": {""pose"": 14, ""gesture"": 22}, ""eff_fps"": {""pose"": 14, ""gesture"": 22}, ""latency_ms"": {""pose"": 0, ""gesture"": 0}, ""svclat_ms"": {""pose"": 29.01, ""gesture"": 21.85}}, ""a4"": {""services"": [""pose"", ""gesture""], ""fps"": {""pose"": 14, ""gesture"": 30}, ""eff_fps"": {""pose"": 14, ""gesture"": 30}, ""latency_ms"": {""pose"": 0, ""gesture"": 0}, ""svclat_ms"": {""pose"": 28.7, ""gesture"": 26.23}}, ""a5"": {""services"": [""pose"", ""gesture""], ""fps"": {""pose"": 13, ""gesture"": 30}, ""eff_fps"": {""pose"": 13, ""gesture"": 30}, ""latency_ms"": {""pose"": 0, ""gesture"": 0}, ""svclat_ms"": {""pose"": 34.45, ""gesture"": 23.04}}, ""a6"": {""services"": [""pose"", ""gesture""], ""fps"": {""pose"": 14, ""gesture"": 30}, ""eff_fps"": {""pose"": 14, ""gesture"": 30}, ""latency_ms"": {""pose"": 0, ""gesture"": 0}, ""svclat_ms"": {""pose"": 29.08, ""gesture"": 23.56}}, ""a7"": {""services"": [""pose"", ""gesture""], ""fps"": {""pose"": 17, ""gesture"": 30}, ""eff_fps"": {""pose"": 17, ""gesture"": 30}, ""latency_ms"": {""pose"": 0, ""gesture"": 0}, ""svclat_ms"": {""pose"": 42.63, ""gesture"": 22.7}}, ""a8"": {""services"": [""pose"", ""gesture""], ""fps"": {""pose"": 14, ""gesture"": 25}, ""eff_fps"": {""pose"": 14, ""gesture"": 25}, ""latency_ms"": {""pose"": 0, ""gesture"": 0}, ""svclat_ms"": {""pose"": 31.27, ""gesture"": 19.52}}, ""a9"": {""services"": [""pose"", ""gesture""], ""fps"": {""pose"": 14, ""gesture"": 25}, ""eff_fps"": {""pose"": 14, ""gesture"": 25}, ""latency_ms"": {""pose"": 0, ""gesture"": 0}, ""svclat_ms"": {""pose"": 30.87, ""gesture"": 27.83}}, ""a10"": {""services"": [""pose"", ""gesture""], ""fps"": {""pose"": 14, ""gesture"": 29}, ""eff_fps"": {""pose"": 14, ""gesture"": 29}, ""latency_ms"": {""pose"": 0, ""gesture"": 0}, ""svclat_ms"": {""pose"": 45.82, ""gesture"": 24.53}}, ""a11"": {""services"": [""pose"", ""gesture""], ""fps"": {""pose"": 14, ""gesture"": 22}, ""eff_fps"": {""pose"": 14, ""gesture"": 22}, ""latency_ms"": {""pose"": 0, ""gesture"": 0}, ""svclat_ms"": {""pose"": 29.1, ""gesture"": 22.82}}, ""a12"": {""services"": [""pose"", ""gesture""], ""fps"": {""pose"": 14, ""gesture"": 30}, ""eff_fps"": {""pose"": 14, ""gesture"": 30}, ""latency_ms"": {""pose"": 0, ""gesture"": 0}, ""svclat_ms"": {""pose"": 44.97, ""gesture"": 22.93}}, ""z1"": {""services"": [""gesture"", ""object""], ""fps"": {""gesture"": 25, ""object"": 17}, ""eff_fps"": {""gesture"": 25, ""object"": 17}, ""latency_ms"": {""gesture"": 0, ""object"": 0}, ""svclat_ms"": {""gesture"": 20.62, ""object"": 26.4}}, ""z2"": {""services"": [""gesture"", ""object""], ""fps"": {""gesture"": 25, ""object"": 14}, ""eff_fps"": {""gesture"": 25, ""object"": 14}, ""latency_ms"": {""gesture"": 0, ""object"": 0}, ""svclat_ms"": {""gesture"": 22.77, ""object"": 35.36}}, ""z3"": {""services"": [""gesture"", ""object""], ""fps"": {""gesture"": 22, ""object"": 14}, ""eff_fps"": {""gesture"": 22, ""object"": 14}, ""latency_ms"": {""gesture"": 0, ""object"": 0}, ""svclat_ms"": {""gesture"": 21.5, ""object"": 35.77}}, ""z4"": {""services"": [""gesture"", ""object""], ""fps"": {""gesture"": 30, ""object"": 14}, ""eff_fps"": {""gesture"": 30, ""object"": 14}, ""latency_ms"": {""gesture"": 0, ""object"": 0}, ""svclat_ms"": {""gesture"": 20.54, ""object"": 42.74}}, ""z5"": {""services"": [""gesture"", ""object""], ""fps"": {""gesture"": 30, ""object"": 14}, ""eff_fps"": {""gesture"": 30, ""object"": 14}, ""latency_ms"": {""gesture"": 0, ""object"": 0}, ""svclat_ms"": {""gesture"": 22.57, ""object"": 31.68}}, ""z6"": {""services"": [""gesture"", ""object""], ""fps"": {""gesture"": 30, ""object"": 14}, ""eff_fps"": {""gesture"": 30, ""object"": 14}, ""latency_ms"": {""gesture"": 0, ""object"": 0}, ""svclat_ms"": {""gesture"": 22.94, ""object"": 36.2}}, ""z7"": {""services"": [""gesture"", ""object""], ""fps"": {""gesture"": 30, ""object"": 17}, ""eff_fps"": {""gesture"": 30, ""object"": 17}, ""latency_ms"": {""gesture"": 0, ""object"": 0}, ""svclat_ms"": {""gesture"": 21.7, ""object"": 39.49}}, ""z8"": {""services"": [""gesture"", ""object""], ""fps"": {""gesture"": 29, ""object"": 14}, ""eff_fps"": {""gesture"": 29, ""object"": 14}, ""latency_ms"": {""gesture"": 0, ""object"": 0}, ""svclat_ms"": {""gesture"": 23.83, ""object"": 31.64}}, ""z9"": {""services"": [""gesture"", ""object""], ""fps"": {""gesture"": 30, ""object"": 14}, ""eff_fps"": {""gesture"": 30, ""object"": 14}, ""latency_ms"": {""gesture"": 0, ""object"": 0}, ""svclat_ms"": {""gesture"": 22.38, ""object"": 35.78}}, ""z10"": {""services"": [""gesture"", ""object""], ""fps"": {""gesture"": 25, ""object"": 14}, ""eff_fps"": {""gesture"": 25, ""object"": 14}, ""latency_ms"": {""gesture"": 0, ""object"": 0}, ""svclat_ms"": {""gesture"": 19.12, ""object"": 47.36}}, ""z11"": {""services"": [""gesture"", ""object""], ""fps"": {""gesture"": 25, ""object"": 14}, ""eff_fps"": {""gesture"": 25, ""object"": 14}, ""latency_ms"": {""gesture"": 0, ""object"": 0}, ""svclat_ms"": {""gesture"": 21.74, ""object"": 37.08}}, ""z12"": {""services"": [""gesture"", ""object""], ""fps"": {""gesture"": 22, ""object"": 14}, ""eff_fps"": {""gesture"": 22, ""object"": 14}, ""latency_ms"": {""gesture"": 0, ""object"": 0}, ""svclat_ms"": {""gesture"": 22.11, ""object"": 29.8}}, ""b1"": {""services"": [""pose"", ""object""], ""fps"": {""pose"": 14, ""object"": 14}, ""eff_fps"": {""pose"": 14, ""object"": 14}, ""latency_ms"": {""pose"": 0, ""object"": 0}, ""svclat_ms"": {""pose"": 28.94, ""object"": 29.89}}, ""b2"": {""services"": [""pose"", ""object""], ""fps"": {""pose"": 17, ""object"": 17}, ""eff_fps"": {""pose"": 17, ""object"": 17}, ""latency_ms"": {""pose"": 0, ""object"": 0}, ""svclat_ms"": {""pose"": 25.64, ""object"": 42.28}}, ""b3"": {""services"": [""pose"", ""object""], ""fps"": {""pose"": 14, ""object"": 14}, ""eff_fps"": {""pose"": 14, ""object"": 14}, ""latency_ms"": {""pose"": 0, ""object"": 0}, ""svclat_ms"": {""pose"": 27.77, ""object"": 29.54}}, ""b4"": {""services"": [""pose"", ""object""], ""fps"": {""pose"": 14, ""object"": 14}, ""eff_fps"": {""pose"": 14, ""object"": 14}, ""latency_ms"": {""pose"": 0, ""object"": 0}, ""svclat_ms"": {""pose"": 29.93, ""object"": 37.21}}, ""b5"": {""services"": [""pose"", ""object""], ""fps"": {""pose"": 14, ""object"": 14}, ""eff_fps"": {""pose"": 14, ""object"": 14}, ""latency_ms"": {""pose"": 0, ""object"": 0}, ""svclat_ms"": {""pose"": 32.89, ""object"": 31.46}}, ""b6"": {""services"": [""pose"", ""object""], ""fps"": {""pose"": 14, ""object"": 14}, ""eff_fps"": {""pose"": 14, ""object"": 14}, ""latency_ms"": {""pose"": 0, ""object"": 0}, ""svclat_ms"": {""pose"": 38.89, ""object"": 28.32}}, ""b7"": {""services"": [""pose"", ""object""], ""fps"": {""pose"": 17, ""object"": 16}, ""eff_fps"": {""pose"": 17, ""object"": 16}, ""latency_ms"": {""pose"": 0, ""object"": 0}, ""svclat_ms"": {""pose"": 39.1, ""object"": 42.74}}, ""b8"": {""services"": [""pose"", ""object""], ""fps"": {""pose"": 14, ""object"": 14}, ""eff_fps"": {""pose"": 14, ""object"": 14}, ""latency_ms"": {""pose"": 0, ""object"": 0}, ""svclat_ms"": {""pose"": 41.72, ""object"": 33.32}}, ""b9"": {""services"": [""pose"", ""object""], ""fps"": {""pose"": 14, ""object"": 14}, ""eff_fps"": {""pose"": 14, ""object"": 14}, ""latency_ms"": {""pose"": 0, ""object"": 0}, ""svclat_ms"": {""pose"": 29.82, ""object"": 36.09}}, ""b10"": {""services"": [""pose"", ""object""], ""fps"": {""pose"": 14, ""object"": 14}, ""eff_fps"": {""pose"": 14, ""object"": 14}, ""latency_ms"": {""pose"": 0, ""object"": 0}, ""svclat_ms"": {""pose"": 29.88, ""object"": 28.77}}, ""b11"": {""services"": [""pose"", ""object""], ""fps"": {""pose"": 14, ""object"": 14}, ""eff_fps"": {""pose"": 14, ""object"": 14}, ""latency_ms"": {""pose"": 0, ""object"": 0}, ""svclat_ms"": {""pose"": 39.26, ""object"": 32.29}}, ""b12"": {""services"": [""pose"", ""object""], ""fps"": {""pose"": 14, ""object"": 14}, ""eff_fps"": {""pose"": 14, ""object"": 14}, ""latency_ms"": {""pose"": 0, ""object"": 0}, ""svclat_ms"": {""pose"": 42.31, ""object"": 35.21}}}"
209.3,36,36,1.0,0,0,13,19,19,1.0,1383.0,1344.0,0.972,0.0,0.53,0.0,14.46,27.0,14.5,14.46,27.0,14.5,0,0,0,33.52,23.35,34.17,1343,"{""ip-172-31-0-204"": ""healthy"", ""ip-172-31-1-171"": ""healthy"", ""ip-172-31-10-12"": ""healthy"", ""ip-172-31-11-132"": ""healthy"", ""ip-172-31-13-134"": ""healthy"", ""ip-172-31-14-68"": ""healthy"", ""ip-172-31-40-239"": ""healthy""}",subscribe,233.9,0.6222,0,0,"{""ip-172-31-0-204"": {""gesture"": 1, ""pose"": 1, ""object"": 1}, ""ip-172-31-10-12"": {""object"": 1, ""gesture"": 1}, ""ip-172-31-11-132"": {""object"": 1, ""pose"": 1, ""gesture"": 1}, ""ip-172-31-40-239"": {""gesture"": 1, ""pose"": 1}, ""ip-172-31-1-171"": {""pose"": 1, ""gesture"": 1, ""object"": 1}, ""ip-172-31-13-134"": {""pose"": 1, ""gesture"": 1, ""object"": 1}, ""ip-172-31-14-68"": {""pose"": 1, ""gesture"": 1, ""object"": 1}}","{""a1"": {""services"": [""pose"", ""gesture""], ""fps"": {""pose"": 17, ""gesture"": 25}, ""eff_fps"": {""pose"": 17, ""gesture"": 25}, ""latency_ms"": {""pose"": 0, ""gesture"": 0}, ""svclat_ms"": {""pose"": 35.44, ""gesture"": 19.9}}, ""a2"": {""services"": [""pose"", ""gesture""], ""fps"": {""pose"": 14, ""gesture"": 25}, ""eff_fps"": {""pose"": 14, ""gesture"": 25}, ""latency_ms"": {""pose"": 0, ""gesture"": 0}, ""svclat_ms"": {""pose"": 27.2, ""gesture"": 27.77}}, ""a3"": {""services"": [""pose"", ""gesture""], ""fps"": {""pose"": 14, ""gesture"": 22}, ""eff_fps"": {""pose"": 14, ""gesture"": 22}, ""latency_ms"": {""pose"": 0, ""gesture"": 0}, ""svclat_ms"": {""pose"": 29.22, ""gesture"": 21.19}}, ""a4"": {""services"": [""pose"", ""gesture""], ""fps"": {""pose"": 14, ""gesture"": 30}, ""eff_fps"": {""pose"": 14, ""gesture"": 30}, ""latency_ms"": {""pose"": 0, ""gesture"": 0}, ""svclat_ms"": {""pose"": 27.72, ""gesture"": 26.87}}, ""a5"": {""services"": [""pose"", ""gesture""], ""fps"": {""pose"": 14, ""gesture"": 29}, ""eff_fps"": {""pose"": 14, ""gesture"": 29}, ""latency_ms"": {""pose"": 0, ""gesture"": 0}, ""svclat_ms"": {""pose"": 38.25, ""gesture"": 26.93}}, ""a6"": {""services"": [""pose"", ""gesture""], ""fps"": {""pose"": 14, ""gesture"": 30}, ""eff_fps"": {""pose"": 14, ""gesture"": 30}, ""latency_ms"": {""pose"": 0, ""gesture"": 0}, ""svclat_ms"": {""pose"": 29.37, ""gesture"": 21.95}}, ""a7"": {""services"": [""pose"", ""gesture""], ""fps"": {""pose"": 17, ""gesture"": 30}, ""eff_fps"": {""pose"": 17, ""gesture"": 30}, ""latency_ms"": {""pose"": 0, ""gesture"": 0}, ""svclat_ms"": {""pose"": 44.31, ""gesture"": 22.81}}, ""a8"": {""services"": [""pose"", ""gesture""], ""fps"": {""pose"": 14, ""gesture"": 26}, ""eff_fps"": {""pose"": 14, ""gesture"": 26}, ""latency_ms"": {""pose"": 0, ""gesture"": 0}, ""svclat_ms"": {""pose"": 29.92, ""gesture"": 21.75}}, ""a9"": {""services"": [""pose"", ""gesture""], ""fps"": {""pose"": 14, ""gesture"": 25}, ""eff_fps"": {""pose"": 14, ""gesture"": 25}, ""latency_ms"": {""pose"": 0, ""gesture"": 0}, ""svclat_ms"": {""pose"": 32.07, ""gesture"": 27.37}}, ""a10"": {""services"": [""pose"", ""gesture""], ""fps"": {""pose"": 14, ""gesture"": 30}, ""eff_fps"": {""pose"": 14, ""gesture"": 30}, ""latency_ms"": {""pose"": 0, ""gesture"": 0}, ""svclat_ms"": {""pose"": 42.48, ""gesture"": 25.79}}, ""a11"": {""services"": [""pose"", ""gesture""], ""fps"": {""pose"": 14, ""gesture"": 22}, ""eff_fps"": {""pose"": 14, ""gesture"": 22}, ""latency_ms"": {""pose"": 0, ""gesture"": 0}, ""svclat_ms"": {""pose"": 29.04, ""gesture"": 23.13}}, ""a12"": {""services"": [""pose"", ""gesture""], ""fps"": {""pose"": 14, ""gesture"": 29}, ""eff_fps"": {""pose"": 14, ""gesture"": 29}, ""latency_ms"": {""pose"": 0, ""gesture"": 0}, ""svclat_ms"": {""pose"": 44.05, ""gesture"": 28.46}}, ""z1"": {""services"": [""gesture"", ""object""], ""fps"": {""gesture"": 25, ""object"": 17}, ""eff_fps"": {""gesture"": 25, ""object"": 17}, ""latency_ms"": {""gesture"": 0, ""object"": 0}, ""svclat_ms"": {""gesture"": 18.39, ""object"": 25.94}}, ""z2"": {""services"": [""gesture"", ""object""], ""fps"": {""gesture"": 25, ""object"": 14}, ""eff_fps"": {""gesture"": 25, ""object"": 14}, ""latency_ms"": {""gesture"": 0, ""object"": 0}, ""svclat_ms"": {""gesture"": 22.6, ""object"": 33.7}}, ""z3"": {""services"": [""gesture"", ""object""], ""fps"": {""gesture"": 22, ""object"": 14}, ""eff_fps"": {""gesture"": 22, ""object"": 14}, ""latency_ms"": {""gesture"": 0, ""object"": 0}, ""svclat_ms"": {""gesture"": 21.2, ""object"": 35.86}}, ""z4"": {""services"": [""gesture"", ""object""], ""fps"": {""gesture"": 30, ""object"": 14}, ""eff_fps"": {""gesture"": 30, ""object"": 14}, ""latency_ms"": {""gesture"": 0, ""object"": 0}, ""svclat_ms"": {""gesture"": 22.03, ""object"": 44.98}}, ""z5"": {""services"": [""gesture"", ""object""], ""fps"": {""gesture"": 30, ""object"": 14}, ""eff_fps"": {""gesture"": 30, ""object"": 14}, ""latency_ms"": {""gesture"": 0, ""object"": 0}, ""svclat_ms"": {""gesture"": 28.55, ""object"": 31.15}}, ""z6"": {""services"": [""gesture"", ""object""], ""fps"": {""gesture"": 30, ""object"": 14}, ""eff_fps"": {""gesture"": 30, ""object"": 14}, ""latency_ms"": {""gesture"": 0, ""object"": 0}, ""svclat_ms"": {""gesture"": 21.23, ""object"": 34.82}}, ""z7"": {""services"": [""gesture"", ""object""], ""fps"": {""gesture"": 31, ""object"": 17}, ""eff_fps"": {""gesture"": 31, ""object"": 17}, ""latency_ms"": {""gesture"": 0, ""object"": 0}, ""svclat_ms"": {""gesture"": 23.66, ""object"": 35.18}}, ""z8"": {""services"": [""gesture"", ""object""], ""fps"": {""gesture"": 30, ""object"": 14}, ""eff_fps"": {""gesture"": 30, ""object"": 14}, ""latency_ms"": {""gesture"": 0, ""object"": 0}, ""svclat_ms"": {""gesture"": 22.55, ""object"": 30.01}}, ""z9"": {""services"": [""gesture"", ""object""], ""fps"": {""gesture"": 30, ""object"": 14}, ""eff_fps"": {""gesture"": 30, ""object"": 14}, ""latency_ms"": {""gesture"": 0, ""object"": 0}, ""svclat_ms"": {""gesture"": 22.63, ""object"": 32.12}}, ""z10"": {""services"": [""gesture"", ""object""], ""fps"": {""gesture"": 25, ""object"": 14}, ""eff_fps"": {""gesture"": 25, ""object"": 14}, ""latency_ms"": {""gesture"": 0, ""object"": 0}, ""svclat_ms"": {""gesture"": 20.84, ""object"": 48.59}}, ""z11"": {""services"": [""gesture"", ""object""], ""fps"": {""gesture"": 25, ""object"": 14}, ""eff_fps"": {""gesture"": 25, ""object"": 14}, ""latency_ms"": {""gesture"": 0, ""object"": 0}, ""svclat_ms"": {""gesture"": 21.27, ""object"": 36.52}}, ""z12"": {""services"": [""gesture"", ""object""], ""fps"": {""gesture"": 22, ""object"": 14}, ""eff_fps"": {""gesture"": 22, ""object"": 14}, ""latency_ms"": {""gesture"": 0, ""object"": 0}, ""svclat_ms"": {""gesture"": 21.62, ""object"": 29.2}}, ""b1"": {""services"": [""pose"", ""object""], ""fps"": {""pose"": 13, ""object"": 14}, ""eff_fps"": {""pose"": 13, ""object"": 14}, ""latency_ms"": {""pose"": 0, ""object"": 0}, ""svclat_ms"": {""pose"": 28.39, ""object"": 29.68}}, ""b2"": {""services"": [""pose"", ""object""], ""fps"": {""pose"": 17, ""object"": 17}, ""eff_fps"": {""pose"": 17, ""object"": 17}, ""latency_ms"": {""pose"": 0, ""object"": 0}, ""svclat_ms"": {""pose"": 26.17, ""object"": 43.23}}, ""b3"": {""services"": [""pose"", ""object""], ""fps"": {""pose"": 14, ""object"": 14}, ""eff_fps"": {""pose"": 14, ""object"": 14}, ""latency_ms"": {""pose"": 0, ""object"": 0}, ""svclat_ms"": {""pose"": 28.3, ""object"": 30.98}}, ""b4"": {""services"": [""pose"", ""object""], ""fps"": {""pose"": 14, ""object"": 14}, ""eff_fps"": {""pose"": 14, ""object"": 14}, ""latency_ms"": {""pose"": 0, ""object"": 0}, ""svclat_ms"": {""pose"": 28.11, ""object"": 37.78}}, ""b5"": {""services"": [""pose"", ""object""], ""fps"": {""pose"": 14, ""object"": 14}, ""eff_fps"": {""pose"": 14, ""object"": 14}, ""latency_ms"": {""pose"": 0, ""object"": 0}, ""svclat_ms"": {""pose"": 30.44, ""object"": 30.86}}, ""b6"": {""services"": [""pose"", ""object""], ""fps"": {""pose"": 14, ""object"": 14}, ""eff_fps"": {""pose"": 14, ""object"": 14}, ""latency_ms"": {""pose"": 0, ""object"": 0}, ""svclat_ms"": {""pose"": 39.17, ""object"": 28.3}}, ""b7"": {""services"": [""pose"", ""object""], ""fps"": {""pose"": 17, ""object"": 17}, ""eff_fps"": {""pose"": 17, ""object"": 17}, ""latency_ms"": {""pose"": 0, ""object"": 0}, ""svclat_ms"": {""pose"": 39.0, ""object"": 37.47}}, ""b8"": {""services"": [""pose"", ""object""], ""fps"": {""pose"": 14, ""object"": 14}, ""eff_fps"": {""pose"": 14, ""object"": 14}, ""latency_ms"": {""pose"": 0, ""object"": 0}, ""svclat_ms"": {""pose"": 39.97, ""object"": 31.73}}, ""b9"": {""services"": [""pose"", ""object""], ""fps"": {""pose"": 14, ""object"": 14}, ""eff_fps"": {""pose"": 14, ""object"": 14}, ""latency_ms"": {""pose"": 0, ""object"": 0}, ""svclat_ms"": {""pose"": 31.62, ""object"": 36.26}}, ""b10"": {""services"": [""pose"", ""object""], ""fps"": {""pose"": 14, ""object"": 14}, ""eff_fps"": {""pose"": 14, ""object"": 14}, ""latency_ms"": {""pose"": 0, ""object"": 0}, ""svclat_ms"": {""pose"": 29.82, ""object"": 29.33}}, ""b11"": {""services"": [""pose"", ""object""], ""fps"": {""pose"": 14, ""object"": 14}, ""eff_fps"": {""pose"": 14, ""object"": 14}, ""latency_ms"": {""pose"": 0, ""object"": 0}, ""svclat_ms"": {""pose"": 32.1, ""object"": 32.18}}, ""b12"": {""services"": [""pose"", ""object""], ""fps"": {""pose"": 14, ""object"": 14}, ""eff_fps"": {""pose"": 14, ""object"": 14}, ""latency_ms"": {""pose"": 0, ""object"": 0}, ""svclat_ms"": {""pose"": 42.29, ""object"": 34.16}}}"
211.7,36,36,1.0,0,0,13,19,19,1.0,1383.0,1344.0,0.972,0.0,0.53,0.0,14.29,27.04,14.5,14.12,27.04,14.5,0,0,0,35.91,22.4,33.5,1340,"{""ip-172-31-0-204"": ""healthy"", ""ip-172-31-1-171"": ""healthy"", ""ip-172-31-10-12"": ""healthy"", ""ip-172-31-11-132"": ""healthy"", ""ip-172-31-13-134"": ""healthy"", ""ip-172-31-14-68"": ""healthy"", ""ip-172-31-40-239"": ""healthy""}",subscribe,233.9,0.6222,0,0,"{""ip-172-31-0-204"": {""gesture"": 1, ""pose"": 1, ""object"": 1}, ""ip-172-31-10-12"": {""object"": 1, ""gesture"": 1}, ""ip-172-31-11-132"": {""object"": 1, ""pose"": 1, ""gesture"": 1}, ""ip-172-31-40-239"": {""gesture"": 1, ""pose"": 1}, ""ip-172-31-1-171"": {""pose"": 1, ""gesture"": 1, ""object"": 1}, ""ip-172-31-13-134"": {""pose"": 1, ""gesture"": 1, ""object"": 1}, ""ip-172-31-14-68"": {""pose"": 1, ""gesture"": 1, ""object"": 1}}","{""a1"": {""services"": [""pose"", ""gesture""], ""fps"": {""pose"": 17, ""gesture"": 25}, ""eff_fps"": {""pose"": 17, ""gesture"": 25}, ""latency_ms"": {""pose"": 0, ""gesture"": 0}, ""svclat_ms"": {""pose"": 36.14, ""gesture"": 19.22}}, ""a2"": {""services"": [""pose"", ""gesture""], ""fps"": {""pose"": 14, ""gesture"": 25}, ""eff_fps"": {""pose"": 14, ""gesture"": 25}, ""latency_ms"": {""pose"": 0, ""gesture"": 0}, ""svclat_ms"": {""pose"": 30.6, ""gesture"": 24.01}}, ""a3"": {""services"": [""pose"", ""gesture""], ""fps"": {""pose"": 14, ""gesture"": 22}, ""eff_fps"": {""pose"": 14, ""gesture"": 22}, ""latency_ms"": {""pose"": 0, ""gesture"": 0}, ""svclat_ms"": {""pose"": 29.76, ""gesture"": 20.77}}, ""a4"": {""services"": [""pose"", ""gesture""], ""fps"": {""pose"": 14, ""gesture"": 30}, ""eff_fps"": {""pose"": 14, ""gesture"": 30}, ""latency_ms"": {""pose"": 0, ""gesture"": 0}, ""svclat_ms"": {""pose"": 28.79, ""gesture"": 26.73}}, ""a5"": {""services"": [""pose"", ""gesture""], ""fps"": {""pose"": 14, ""gesture"": 30}, ""eff_fps"": {""pose"": 14, ""gesture"": 30}, ""latency_ms"": {""pose"": 0, ""gesture"": 0}, ""svclat_ms"": {""pose"": 35.9, ""gesture"": 25.33}}, ""a6"": {""services"": [""pose"", ""gesture""], ""fps"": {""pose"": 13, ""gesture"": 30}, ""eff_fps"": {""pose"": 12, ""gesture"": 30}, ""latency_ms"": {""pose"": 0, ""gesture"": 0}, ""svclat_ms"": {""pose"": 41.93, ""gesture"": 23.09}}, ""a7"": {""services"": [""pose"", ""gesture""], ""fps"": {""pose"": 17, ""gesture"": 30}, ""eff_fps"": {""pose"": 17, ""gesture"": 30}, ""latency_ms"": {""pose"": 0, ""gesture"": 0}, ""svclat_ms"": {""pose"": 43.24, ""gesture"": 21.28}}, ""a8"": {""services"": [""pose"", ""gesture""], ""fps"": {""pose"": 14, ""gesture"": 25}, ""eff_fps"": {""pose"": 14, ""gesture"": 25}, ""latency_ms"": {""pose"": 0, ""gesture"": 0}, ""svclat_ms"": {""pose"": 30.83, ""gesture"": 20.72}}, ""a9"": {""services"": [""pose"", ""gesture""], ""fps"": {""pose"": 14, ""gesture"": 24}, ""eff_fps"": {""pose"": 14, ""gesture"": 24}, ""latency_ms"": {""pose"": 0, ""gesture"": 0}, ""svclat_ms"": {""pose"": 33.04, ""gesture"": 24.31}}, ""a10"": {""services"": [""pose"", ""gesture""], ""fps"": {""pose"": 14, ""gesture"": 30}, ""eff_fps"": {""pose"": 14, ""gesture"": 30}, ""latency_ms"": {""pose"": 0, ""gesture"": 0}, ""svclat_ms"": {""pose"": 41.35, ""gesture"": 24.69}}, ""a11"": {""services"": [""pose"", ""gesture""], ""fps"": {""pose"": 14, ""gesture"": 22}, ""eff_fps"": {""pose"": 14, ""gesture"": 22}, ""latency_ms"": {""pose"": 0, ""gesture"": 0}, ""svclat_ms"": {""pose"": 29.57, ""gesture"": 22.13}}, ""a12"": {""services"": [""pose"", ""gesture""], ""fps"": {""pose"": 13, ""gesture"": 30}, ""eff_fps"": {""pose"": 12, ""gesture"": 30}, ""latency_ms"": {""pose"": 0, ""gesture"": 0}, ""svclat_ms"": {""pose"": 54.11, ""gesture"": 27.01}}, ""z1"": {""services"": [""gesture"", ""object""], ""fps"": {""gesture"": 25, ""object"": 17}, ""eff_fps"": {""gesture"": 25, ""object"": 17}, ""latency_ms"": {""gesture"": 0, ""object"": 0}, ""svclat_ms"": {""gesture"": 19.16, ""object"": 26.13}}, ""z2"": {""services"": [""gesture"", ""object""], ""fps"": {""gesture"": 25, ""object"": 14}, ""eff_fps"": {""gesture"": 25, ""object"": 14}, ""latency_ms"": {""gesture"": 0, ""object"": 0}, ""svclat_ms"": {""gesture"": 19.76, ""object"": 33.57}}, ""z3"": {""services"": [""gesture"", ""object""], ""fps"": {""gesture"": 22, ""object"": 14}, ""eff_fps"": {""gesture"": 22, ""object"": 14}, ""latency_ms"": {""gesture"": 0, ""object"": 0}, ""svclat_ms"": {""gesture"": 20.77, ""object"": 33.73}}, ""z4"": {""services"": [""gesture"", ""object""], ""fps"": {""gesture"": 30, ""object"": 14}, ""eff_fps"": {""gesture"": 30, ""object"": 14}, ""latency_ms"": {""gesture"": 0, ""object"": 0}, ""svclat_ms"": {""gesture"": 21.05, ""object"": 44.69}}, ""z5"": {""services"": [""gesture"", ""object""], ""fps"": {""gesture"": 30, ""object"": 14}, ""eff_fps"": {""gesture"": 30, ""object"": 14}, ""latency_ms"": {""gesture"": 0, ""object"": 0}, ""svclat_ms"": {""gesture"": 26.02, ""object"": 28.64}}, ""z6"": {""services"": [""gesture"", ""object""], ""fps"": {""gesture"": 31, ""object"": 14}, ""eff_fps"": {""gesture"": 31, ""object"": 14}, ""latency_ms"": {""gesture"": 0, ""object"": 0}, ""svclat_ms"": {""gesture"": 22.41, ""object"": 38.18}}, ""z7"": {""services"": [""gesture"", ""object""], ""fps"": {""gesture"": 31, ""object"": 17}, ""eff_fps"": {""gesture"": 31, ""object"": 17}, ""latency_ms"": {""gesture"": 0, ""object"": 0}, ""svclat_ms"": {""gesture"": 21.92, ""object"": 33.6}}, ""z8"": {""services"": [""gesture"", ""object""], ""fps"": {""gesture"": 30, ""object"": 14}, ""eff_fps"": {""gesture"": 30, ""object"": 14}, ""latency_ms"": {""gesture"": 0, ""object"": 0}, ""svclat_ms"": {""gesture"": 23.48, ""object"": 28.34}}, ""z9"": {""services"": [""gesture"", ""object""], ""fps"": {""gesture"": 30, ""object"": 14}, ""eff_fps"": {""gesture"": 30, ""object"": 14}, ""latency_ms"": {""gesture"": 0, ""object"": 0}, ""svclat_ms"": {""gesture"": 23.67, ""object"": 31.48}}, ""z10"": {""services"": [""gesture"", ""object""], ""fps"": {""gesture"": 25, ""object"": 14}, ""eff_fps"": {""gesture"": 25, ""object"": 14}, ""latency_ms"": {""gesture"": 0, ""object"": 0}, ""svclat_ms"": {""gesture"": 19.8, ""object"": 47.74}}, ""z11"": {""services"": [""gesture"", ""object""], ""fps"": {""gesture"": 25, ""object"": 14}, ""eff_fps"": {""gesture"": 25, ""object"": 14}, ""latency_ms"": {""gesture"": 0, ""object"": 0}, ""svclat_ms"": {""gesture"": 18.91, ""object"": 33.85}}, ""z12"": {""services"": [""gesture"", ""object""], ""fps"": {""gesture"": 22, ""object"": 14}, ""eff_fps"": {""gesture"": 22, ""object"": 14}, ""latency_ms"": {""gesture"": 0, ""object"": 0}, ""svclat_ms"": {""gesture"": 21.37, ""object"": 31.78}}, ""b1"": {""services"": [""pose"", ""object""], ""fps"": {""pose"": 13, ""object"": 14}, ""eff_fps"": {""pose"": 13, ""object"": 14}, ""latency_ms"": {""pose"": 0, ""object"": 0}, ""svclat_ms"": {""pose"": 31.21, ""object"": 29.55}}, ""b2"": {""services"": [""pose"", ""object""], ""fps"": {""pose"": 17, ""object"": 17}, ""eff_fps"": {""pose"": 17, ""object"": 17}, ""latency_ms"": {""pose"": 0, ""object"": 0}, ""svclat_ms"": {""pose"": 25.73, ""object"": 40.51}}, ""b3"": {""services"": [""pose"", ""object""], ""fps"": {""pose"": 14, ""object"": 14}, ""eff_fps"": {""pose"": 14, ""object"": 14}, ""latency_ms"": {""pose"": 0, ""object"": 0}, ""svclat_ms"": {""pose"": 28.69, ""object"": 28.68}}, ""b4"": {""services"": [""pose"", ""object""], ""fps"": {""pose"": 14, ""object"": 14}, ""eff_fps"": {""pose"": 14, ""object"": 14}, ""latency_ms"": {""pose"": 0, ""object"": 0}, ""svclat_ms"": {""pose"": 28.97, ""object"": 39.47}}, ""b5"": {""services"": [""pose"", ""object""], ""fps"": {""pose"": 14, ""object"": 14}, ""eff_fps"": {""pose"": 14, ""object"": 14}, ""latency_ms"": {""pose"": 0, ""object"": 0}, ""svclat_ms"": {""pose"": 31.49, ""object"": 29.08}}, ""b6"": {""services"": [""pose"", ""object""], ""fps"": {""pose"": 13, ""object"": 14}, ""eff_fps"": {""pose"": 12, ""object"": 14}, ""latency_ms"": {""pose"": 0, ""object"": 0}, ""svclat_ms"": {""pose"": 50.37, ""object"": 28.81}}, ""b7"": {""services"": [""pose"", ""object""], ""fps"": {""pose"": 17, ""object"": 17}, ""eff_fps"": {""pose"": 17, ""object"": 17}, ""latency_ms"": {""pose"": 0, ""object"": 0}, ""svclat_ms"": {""pose"": 38.12, ""object"": 34.51}}, ""b8"": {""services"": [""pose"", ""object""], ""fps"": {""pose"": 14, ""object"": 14}, ""eff_fps"": {""pose"": 14, ""object"": 14}, ""latency_ms"": {""pose"": 0, ""object"": 0}, ""svclat_ms"": {""pose"": 42.35, ""object"": 31.2}}, ""b9"": {""services"": [""pose"", ""object""], ""fps"": {""pose"": 14, ""object"": 14}, ""eff_fps"": {""pose"": 14, ""object"": 14}, ""latency_ms"": {""pose"": 0, ""object"": 0}, ""svclat_ms"": {""pose"": 31.95, ""object"": 33.44}}, ""b10"": {""services"": [""pose"", ""object""], ""fps"": {""pose"": 14, ""object"": 14}, ""eff_fps"": {""pose"": 14, ""object"": 14}, ""latency_ms"": {""pose"": 0, ""object"": 0}, ""svclat_ms"": {""pose"": 30.88, ""object"": 29.8}}, ""b11"": {""services"": [""pose"", ""object""], ""fps"": {""pose"": 14, ""object"": 14}, ""eff_fps"": {""pose"": 14, ""object"": 14}, ""latency_ms"": {""pose"": 0, ""object"": 0}, ""svclat_ms"": {""pose"": 33.99, ""object"": 30.34}}, ""b12"": {""services"": [""pose"", ""object""], ""fps"": {""pose"": 13, ""object"": 14}, ""eff_fps"": {""pose"": 12, ""object"": 14}, ""latency_ms"": {""pose"": 0, ""object"": 0}, ""svclat_ms"": {""pose"": 52.9, ""object"": 36.85}}}"
214.1,36,36,1.0,0,0,13,19,19,1.0,1383.0,1344.0,0.972,0.0,0.53,0.0,14.5,27.04,14.5,14.5,27.04,14.5,0,0,0,32.33,23.09,34.37,1345,"{""ip-172-31-0-204"": ""healthy"", ""ip-172-31-1-171"": ""healthy"", ""ip-172-31-10-12"": ""healthy"", ""ip-172-31-11-132"": ""healthy"", ""ip-172-31-13-134"": ""healthy"", ""ip-172-31-14-68"": ""healthy"", ""ip-172-31-40-239"": ""healthy""}",subscribe,233.9,0.6222,0,0,"{""ip-172-31-0-204"": {""gesture"": 1, ""pose"": 1, ""object"": 1}, ""ip-172-31-10-12"": {""object"": 1, ""gesture"": 1}, ""ip-172-31-11-132"": {""object"": 1, ""pose"": 1, ""gesture"": 1}, ""ip-172-31-40-239"": {""gesture"": 1, ""pose"": 1}, ""ip-172-31-1-171"": {""pose"": 1, ""gesture"": 1, ""object"": 1}, ""ip-172-31-13-134"": {""pose"": 1, ""gesture"": 1, ""object"": 1}, ""ip-172-31-14-68"": {""pose"": 1, ""gesture"": 1, ""object"": 1}}","{""a1"": {""services"": [""pose"", ""gesture""], ""fps"": {""pose"": 17, ""gesture"": 25}, ""eff_fps"": {""pose"": 17, ""gesture"": 25}, ""latency_ms"": {""pose"": 0, ""gesture"": 0}, ""svclat_ms"": {""pose"": 34.19, ""gesture"": 18.37}}, ""a2"": {""services"": [""pose"", ""gesture""], ""fps"": {""pose"": 14, ""gesture"": 25}, ""eff_fps"": {""pose"": 14, ""gesture"": 25}, ""latency_ms"": {""pose"": 0, ""gesture"": 0}, ""svclat_ms"": {""pose"": 29.75, ""gesture"": 27.06}}, ""a3"": {""services"": [""pose"", ""gesture""], ""fps"": {""pose"": 14, ""gesture"": 22}, ""eff_fps"": {""pose"": 14, ""gesture"": 22}, ""latency_ms"": {""pose"": 0, ""gesture"": 0}, ""svclat_ms"": {""pose"": 29.56, ""gesture"": 21.26}}, ""a4"": {""services"": [""pose"", ""gesture""], ""fps"": {""pose"": 14, ""gesture"": 30}, ""eff_fps"": {""pose"": 14, ""gesture"": 30}, ""latency_ms"": {""pose"": 0, ""gesture"": 0}, ""svclat_ms"": {""pose"": 27.73, ""gesture"": 27.11}}, ""a5"": {""services"": [""pose"", ""gesture""], ""fps"": {""pose"": 14, ""gesture"": 31}, ""eff_fps"": {""pose"": 14, ""gesture"": 31}, ""latency_ms"": {""pose"": 0, ""gesture"": 0}, ""svclat_ms"": {""pose"": 40.57, ""gesture"": 23.56}}, ""a6"": {""services"": [""pose"", ""gesture""], ""fps"": {""pose"": 14, ""gesture"": 30}, ""eff_fps"": {""pose"": 14, ""gesture"": 30}, ""latency_ms"": {""pose"": 0, ""gesture"": 0}, ""svclat_ms"": {""pose"": 28.03, ""gesture"": 21.72}}, ""a7"": {""services"": [""pose"", ""gesture""], ""fps"": {""pose"": 17, ""gesture"": 30}, ""eff_fps"": {""pose"": 17, ""gesture"": 30}, ""latency_ms"": {""pose"": 0, ""gesture"": 0}, ""svclat_ms"": {""pose"": 42.97, ""gesture"": 31.58}}, ""a8"": {""services"": [""pose"", ""gesture""], ""fps"": {""pose"": 14, ""gesture"": 25}, ""eff_fps"": {""pose"": 14, ""gesture"": 25}, ""latency_ms"": {""pose"": 0, ""gesture"": 0}, ""svclat_ms"": {""pose"": 30.71, ""gesture"": 19.07}}, ""a9"": {""services"": [""pose"", ""gesture""], ""fps"": {""pose"": 14, ""gesture"": 24}, ""eff_fps"": {""pose"": 14, ""gesture"": 24}, ""latency_ms"": {""pose"": 0, ""gesture"": 0}, ""svclat_ms"": {""pose"": 31.89, ""gesture"": 27.23}}, ""a10"": {""services"": [""pose"", ""gesture""], ""fps"": {""pose"": 14, ""gesture"": 30}, ""eff_fps"": {""pose"": 14, ""gesture"": 30}, ""latency_ms"": {""pose"": 0, ""gesture"": 0}, ""svclat_ms"": {""pose"": 44.39, ""gesture"": 19.67}}, ""a11"": {""services"": [""pose"", ""gesture""], ""fps"": {""pose"": 14, ""gesture"": 22}, ""eff_fps"": {""pose"": 14, ""gesture"": 22}, ""latency_ms"": {""pose"": 0, ""gesture"": 0}, ""svclat_ms"": {""pose"": 29.37, ""gesture"": 22.48}}, ""a12"": {""services"": [""pose"", ""gesture""], ""fps"": {""pose"": 14, ""gesture"": 30}, ""eff_fps"": {""pose"": 14, ""gesture"": 30}, ""latency_ms"": {""pose"": 0, ""gesture"": 0}, ""svclat_ms"": {""pose"": 28.17, ""gesture"": 23.3}}, ""z1"": {""services"": [""gesture"", ""object""], ""fps"": {""gesture"": 25, ""object"": 17}, ""eff_fps"": {""gesture"": 25, ""object"": 17}, ""latency_ms"": {""gesture"": 0, ""object"": 0}, ""svclat_ms"": {""gesture"": 19.43, ""object"": 28.68}}, ""z2"": {""services"": [""gesture"", ""object""], ""fps"": {""gesture"": 25, ""object"": 14}, ""eff_fps"": {""gesture"": 25, ""object"": 14}, ""latency_ms"": {""gesture"": 0, ""object"": 0}, ""svclat_ms"": {""gesture"": 22.47, ""object"": 34.81}}, ""z3"": {""services"": [""gesture"", ""object""], ""fps"": {""gesture"": 22, ""object"": 14}, ""eff_fps"": {""gesture"": 22, ""object"": 14}, ""latency_ms"": {""gesture"": 0, ""object"": 0}, ""svclat_ms"": {""gesture"": 21.72, ""object"": 37.34}}, ""z4"": {""services"": [""gesture"", ""object""], ""fps"": {""gesture"": 30, ""object"": 14}, ""eff_fps"": {""gesture"": 30, ""object"": 14}, ""latency_ms"": {""gesture"": 0, ""object"": 0}, ""svclat_ms"": {""gesture"": 22.38, ""object"": 43.22}}, ""z5"": {""services"": [""gesture"", ""object""], ""fps"": {""gesture"": 30, ""object"": 14}, ""eff_fps"": {""gesture"": 30, ""object"": 14}, ""latency_ms"": {""gesture"": 0, ""object"": 0}, ""svclat_ms"": {""gesture"": 22.05, ""object"": 29.32}}, ""z6"": {""services"": [""gesture"", ""object""], ""fps"": {""gesture"": 31, ""object"": 14}, ""eff_fps"": {""gesture"": 31, ""object"": 14}, ""latency_ms"": {""gesture"": 0, ""object"": 0}, ""svclat_ms"": {""gesture"": 21.21, ""object"": 34.0}}, ""z7"": {""services"": [""gesture"", ""object""], ""fps"": {""gesture"": 30, ""object"": 17}, ""eff_fps"": {""gesture"": 30, ""object"": 17}, ""latency_ms"": {""gesture"": 0, ""object"": 0}, ""svclat_ms"": {""gesture"": 31.93, ""object"": 37.63}}, ""z8"": {""services"": [""gesture"", ""object""], ""fps"": {""gesture"": 31, ""object"": 14}, ""eff_fps"": {""gesture"": 31, ""object"": 14}, ""latency_ms"": {""gesture"": 0, ""object"": 0}, ""svclat_ms"": {""gesture"": 21.79, ""object"": 30.56}}, ""z9"": {""services"": [""gesture"", ""object""], ""fps"": {""gesture"": 29, ""object"": 14}, ""eff_fps"": {""gesture"": 29, ""object"": 14}, ""latency_ms"": {""gesture"": 0, ""object"": 0}, ""svclat_ms"": {""gesture"": 27.41, ""object"": 35.25}}, ""z10"": {""services"": [""gesture"", ""object""], ""fps"": {""gesture"": 25, ""object"": 14}, ""eff_fps"": {""gesture"": 25, ""object"": 14}, ""latency_ms"": {""gesture"": 0, ""object"": 0}, ""svclat_ms"": {""gesture"": 18.47, ""object"": 49.04}}, ""z11"": {""services"": [""gesture"", ""object""], ""fps"": {""gesture"": 25, ""object"": 14}, ""eff_fps"": {""gesture"": 25, ""object"": 14}, ""latency_ms"": {""gesture"": 0, ""object"": 0}, ""svclat_ms"": {""gesture"": 21.01, ""object"": 32.93}}, ""z12"": {""services"": [""gesture"", ""object""], ""fps"": {""gesture"": 22, ""object"": 14}, ""eff_fps"": {""gesture"": 22, ""object"": 14}, ""latency_ms"": {""gesture"": 0, ""object"": 0}, ""svclat_ms"": {""gesture"": 21.94, ""object"": 28.2}}, ""b1"": {""services"": [""pose"", ""object""], ""fps"": {""pose"": 14, ""object"": 14}, ""eff_fps"": {""pose"": 14, ""object"": 14}, ""latency_ms"": {""pose"": 0, ""object"": 0}, ""svclat_ms"": {""pose"": 29.47, ""object"": 30.11}}, ""b2"": {""services"": [""pose"", ""object""], ""fps"": {""pose"": 17, ""object"": 17}, ""eff_fps"": {""pose"": 17, ""object"": 17}, ""latency_ms"": {""pose"": 0, ""object"": 0}, ""svclat_ms"": {""pose"": 24.68, ""object"": 45.35}}, ""b3"": {""services"": [""pose"", ""object""], ""fps"": {""pose"": 14, ""object"": 14}, ""eff_fps"": {""pose"": 14, ""object"": 14}, ""latency_ms"": {""pose"": 0, ""object"": 0}, ""svclat_ms"": {""pose"": 28.76, ""object"": 30.63}}, ""b4"": {""services"": [""pose"", ""object""], ""fps"": {""pose"": 14, ""object"": 14}, ""eff_fps"": {""pose"": 14, ""object"": 14}, ""latency_ms"": {""pose"": 0, ""object"": 0}, ""svclat_ms"": {""pose"": 28.39, ""object"": 37.24}}, ""b5"": {""services"": [""pose"", ""object""], ""fps"": {""pose"": 14, ""object"": 14}, ""eff_fps"": {""pose"": 14, ""object"": 14}, ""latency_ms"": {""pose"": 0, ""object"": 0}, ""svclat_ms"": {""pose"": 32.15, ""object"": 29.52}}, ""b6"": {""services"": [""pose"", ""object""], ""fps"": {""pose"": 14, ""object"": 14}, ""eff_fps"": {""pose"": 14, ""object"": 14}, ""latency_ms"": {""pose"": 0, ""object"": 0}, ""svclat_ms"": {""pose"": 29.06, ""object"": 27.64}}, ""b7"": {""services"": [""pose"", ""object""], ""fps"": {""pose"": 17, ""object"": 17}, ""eff_fps"": {""pose"": 17, ""object"": 17}, ""latency_ms"": {""pose"": 0, ""object"": 0}, ""svclat_ms"": {""pose"": 40.21, ""object"": 39.91}}, ""b8"": {""services"": [""pose"", ""object""], ""fps"": {""pose"": 14, ""object"": 14}, ""eff_fps"": {""pose"": 14, ""object"": 14}, ""latency_ms"": {""pose"": 0, ""object"": 0}, ""svclat_ms"": {""pose"": 41.83, ""object"": 33.39}}, ""b9"": {""services"": [""pose"", ""object""], ""fps"": {""pose"": 14, ""object"": 14}, ""eff_fps"": {""pose"": 14, ""object"": 14}, ""latency_ms"": {""pose"": 0, ""object"": 0}, ""svclat_ms"": {""pose"": 31.18, ""object"": 37.48}}, ""b10"": {""services"": [""pose"", ""object""], ""fps"": {""pose"": 14, ""object"": 14}, ""eff_fps"": {""pose"": 14, ""object"": 14}, ""latency_ms"": {""pose"": 0, ""object"": 0}, ""svclat_ms"": {""pose"": 29.95, ""object"": 29.45}}, ""b11"": {""services"": [""pose"", ""object""], ""fps"": {""pose"": 14, ""object"": 14}, ""eff_fps"": {""pose"": 14, ""object"": 14}, ""latency_ms"": {""pose"": 0, ""object"": 0}, ""svclat_ms"": {""pose"": 31.79, ""object"": 29.86}}, ""b12"": {""services"": [""pose"", ""object""], ""fps"": {""pose"": 14, ""object"": 14}, ""eff_fps"": {""pose"": 14, ""object"": 14}, ""latency_ms"": {""pose"": 0, ""object"": 0}, ""svclat_ms"": {""pose"": 31.18, ""object"": 33.37}}}"
216.5,36,36,1.0,0,0,13,19,19,1.0,1383.0,1344.0,0.972,0.0,0.53,0.0,14.58,27.04,14.54,14.58,27.04,14.54,0,0,0,35.27,26.16,33.42,1348,"{""ip-172-31-0-204"": ""unhealthy"", ""ip-172-31-1-171"": ""unhealthy"", ""ip-172-31-10-12"": ""unhealthy"", ""ip-172-31-11-132"": ""healthy"", ""ip-172-31-13-134"": ""healthy"", ""ip-172-31-14-68"": ""healthy"", ""ip-172-31-40-239"": ""healthy""}",subscribe,233.9,0.6222,0,0,"{""ip-172-31-0-204"": {""gesture"": 1, ""pose"": 1, ""object"": 1}, ""ip-172-31-10-12"": {""object"": 1, ""gesture"": 1}, ""ip-172-31-11-132"": {""object"": 1, ""pose"": 1, ""gesture"": 1}, ""ip-172-31-40-239"": {""gesture"": 1, ""pose"": 1}, ""ip-172-31-1-171"": {""pose"": 1, ""gesture"": 1, ""object"": 1}, ""ip-172-31-13-134"": {""pose"": 1, ""gesture"": 1, ""object"": 1}, ""ip-172-31-14-68"": {""pose"": 1, ""gesture"": 1, ""object"": 1}}","{""a1"": {""services"": [""pose"", ""gesture""], ""fps"": {""pose"": 17, ""gesture"": 24}, ""eff_fps"": {""pose"": 17, ""gesture"": 24}, ""latency_ms"": {""pose"": 0, ""gesture"": 0}, ""svclat_ms"": {""pose"": 52.79, ""gesture"": 40.77}}, ""a2"": {""services"": [""pose"", ""gesture""], ""fps"": {""pose"": 14, ""gesture"": 25}, ""eff_fps"": {""pose"": 14, ""gesture"": 25}, ""latency_ms"": {""pose"": 0, ""gesture"": 0}, ""svclat_ms"": {""pose"": 33.4, ""gesture"": 27.47}}, ""a3"": {""services"": [""pose"", ""gesture""], ""fps"": {""pose"": 14, ""gesture"": 22}, ""eff_fps"": {""pose"": 14, ""gesture"": 22}, ""latency_ms"": {""pose"": 0, ""gesture"": 0}, ""svclat_ms"": {""pose"": 28.59, ""gesture"": 21.12}}, ""a4"": {""services"": [""pose"", ""gesture""], ""fps"": {""pose"": 14, ""gesture"": 30}, ""eff_fps"": {""pose"": 14, ""gesture"": 30}, ""latency_ms"": {""pose"": 0, ""gesture"": 0}, ""svclat_ms"": {""pose"": 27.32, ""gesture"": 24.97}}, ""a5"": {""services"": [""pose"", ""gesture""], ""fps"": {""pose"": 14, ""gesture"": 30}, ""eff_fps"": {""pose"": 14, ""gesture"": 30}, ""latency_ms"": {""pose"": 0, ""gesture"": 0}, ""svclat_ms"": {""pose"": 37.85, ""gesture"": 26.78}}, ""a6"": {""services"": [""pose"", ""gesture""], ""fps"": {""pose"": 14, ""gesture"": 30}, ""eff_fps"": {""pose"": 14, ""gesture"": 30}, ""latency_ms"": {""pose"": 0, ""gesture"": 0}, ""svclat_ms"": {""pose"": 27.28, ""gesture"": 20.97}}, ""a7"": {""services"": [""pose"", ""gesture""], ""fps"": {""pose"": 18, ""gesture"": 30}, ""eff_fps"": {""pose"": 18, ""gesture"": 30}, ""latency_ms"": {""pose"": 0, ""gesture"": 0}, ""svclat_ms"": {""pose"": 50.88, ""gesture"": 22.09}}, ""a8"": {""services"": [""pose"", ""gesture""], ""fps"": {""pose"": 14, ""gesture"": 25}, ""eff_fps"": {""pose"": 14, ""gesture"": 25}, ""latency_ms"": {""pose"": 0, ""gesture"": 0}, ""svclat_ms"": {""pose"": 36.69, ""gesture"": 40.74}}, ""a9"": {""services"": [""pose"", ""gesture""], ""fps"": {""pose"": 14, ""gesture"": 25}, ""eff_fps"": {""pose"": 14, ""gesture"": 25}, ""latency_ms"": {""pose"": 0, ""gesture"": 0}, ""svclat_ms"": {""pose"": 32.0, ""gesture"": 27.98}}, ""a10"": {""services"": [""pose"", ""gesture""], ""fps"": {""pose"": 14, ""gesture"": 30}, ""eff_fps"": {""pose"": 14, ""gesture"": 30}, ""latency_ms"": {""pose"": 0, ""gesture"": 0}, ""svclat_ms"": {""pose"": 45.5, ""gesture"": 20.32}}, ""a11"": {""services"": [""pose"", ""gesture""], ""fps"": {""pose"": 14, ""gesture"": 22}, ""eff_fps"": {""pose"": 14, ""gesture"": 22}, ""latency_ms"": {""pose"": 0, ""gesture"": 0}, ""svclat_ms"": {""pose"": 28.87, ""gesture"": 23.94}}, ""a12"": {""services"": [""pose"", ""gesture""], ""fps"": {""pose"": 14, ""gesture"": 31}, ""eff_fps"": {""pose"": 14, ""gesture"": 31}, ""latency_ms"": {""pose"": 0, ""gesture"": 0}, ""svclat_ms"": {""pose"": 27.96, ""gesture"": 25.83}}, ""z1"": {""services"": [""gesture"", ""object""], ""fps"": {""gesture"": 25, ""object"": 17}, ""eff_fps"": {""gesture"": 25, ""object"": 17}, ""latency_ms"": {""gesture"": 0, ""object"": 0}, ""svclat_ms"": {""gesture"": 39.75, ""object"": 27.76}}, ""z2"": {""services"": [""gesture"", ""object""], ""fps"": {""gesture"": 25, ""object"": 14}, ""eff_fps"": {""gesture"": 25, ""object"": 14}, ""latency_ms"": {""gesture"": 0, ""object"": 0}, ""svclat_ms"": {""gesture"": 22.99, ""object"": 33.42}}, ""z3"": {""services"": [""gesture"", ""object""], ""fps"": {""gesture"": 22, ""object"": 14}, ""eff_fps"": {""gesture"": 22, ""object"": 14}, ""latency_ms"": {""gesture"": 0, ""object"": 0}, ""svclat_ms"": {""gesture"": 22.78, ""object"": 35.33}}, ""z4"": {""services"": [""gesture"", ""object""], ""fps"": {""gesture"": 30, ""object"": 14}, ""eff_fps"": {""gesture"": 30, ""object"": 14}, ""latency_ms"": {""gesture"": 0, ""object"": 0}, ""svclat_ms"": {""gesture"": 21.6, ""object"": 43.43}}, ""z5"": {""services"": [""gesture"", ""object""], ""fps"": {""gesture"": 30, ""object"": 14}, ""eff_fps"": {""gesture"": 30, ""object"": 14}, ""latency_ms"": {""gesture"": 0, ""object"": 0}, ""svclat_ms"": {""gesture"": 25.31, ""object"": 29.81}}, ""z6"": {""services"": [""gesture"", ""object""], ""fps"": {""gesture"": 31, ""object"": 14}, ""eff_fps"": {""gesture"": 31, ""object"": 14}, ""latency_ms"": {""gesture"": 0, ""object"": 0}, ""svclat_ms"": {""gesture"": 20.61, ""object"": 33.67}}, ""z7"": {""services"": [""gesture"", ""object""], ""fps"": {""gesture"": 30, ""object"": 17}, ""eff_fps"": {""gesture"": 30, ""object"": 17}, ""latency_ms"": {""gesture"": 0, ""object"": 0}, ""svclat_ms"": {""gesture"": 22.24, ""object"": 35.25}}, ""z8"": {""services"": [""gesture"", ""object""], ""fps"": {""gesture"": 31, ""object"": 14}, ""eff_fps"": {""gesture"": 31, ""object"": 14}, ""latency_ms"": {""gesture"": 0, ""object"": 0}, ""svclat_ms"": {""gesture"": 21.18, ""object"": 30.39}}, ""z9"": {""services"": [""gesture"", ""object""], ""fps"": {""gesture"": 30, ""object"": 14}, ""eff_fps"": {""gesture"": 30, ""object"": 14}, ""latency_ms"": {""gesture"": 0, ""object"": 0}, ""svclat_ms"": {""gesture"": 22.67, ""object"": 34.05}}, ""z10"": {""services"": [""gesture"", ""object""], ""fps"": {""gesture"": 24, ""object"": 14}, ""eff_fps"": {""gesture"": 24, ""object"": 14}, ""latency_ms"": {""gesture"": 0, ""object"": 0}, ""svclat_ms"": {""gesture"": 41.16, ""object"": 46.43}}, ""z11"": {""services"": [""gesture"", ""object""], ""fps"": {""gesture"": 25, ""object"": 14}, ""eff_fps"": {""gesture"": 25, ""object"": 14}, ""latency_ms"": {""gesture"": 0, ""object"": 0}, ""svclat_ms"": {""gesture"": 21.09, ""object"": 34.14}}, ""z12"": {""services"": [""gesture"", ""object""], ""fps"": {""gesture"": 22, ""object"": 14}, ""eff_fps"": {""gesture"": 22, ""object"": 14}, ""latency_ms"": {""gesture"": 0, ""object"": 0}, ""svclat_ms"": {""gesture"": 23.42, ""object"": 28.56}}, ""b1"": {""services"": [""pose"", ""object""], ""fps"": {""pose"": 15, ""object"": 14}, ""eff_fps"": {""pose"": 15, ""object"": 14}, ""latency_ms"": {""pose"": 0, ""object"": 0}, ""svclat_ms"": {""pose"": 31.71, ""object"": 28.71}}, ""b2"": {""services"": [""pose"", ""object""], ""fps"": {""pose"": 17, ""object"": 17}, ""eff_fps"": {""pose"": 17, ""object"": 17}, ""latency_ms"": {""pose"": 0, ""object"": 0}, ""svclat_ms"": {""pose"": 43.51, ""object"": 42.96}}, ""b3"": {""services"": [""pose"", ""object""], ""fps"": {""pose"": 14, ""object"": 14}, ""eff_fps"": {""pose"": 14, ""object"": 14}, ""latency_ms"": {""pose"": 0, ""object"": 0}, ""svclat_ms"": {""pose"": 28.55, ""object"": 29.28}}, ""b4"": {""services"": [""pose"", ""object""], ""fps"": {""pose"": 14, ""object"": 14}, ""eff_fps"": {""pose"": 14, ""object"": 14}, ""latency_ms"": {""pose"": 0, ""object"": 0}, ""svclat_ms"": {""pose"": 28.08, ""object"": 35.59}}, ""b5"": {""services"": [""pose"", ""object""], ""fps"": {""pose"": 14, ""object"": 14}, ""eff_fps"": {""pose"": 14, ""object"": 14}, ""latency_ms"": {""pose"": 0, ""object"": 0}, ""svclat_ms"": {""pose"": 32.46, ""object"": 29.44}}, ""b6"": {""services"": [""pose"", ""object""], ""fps"": {""pose"": 14, ""object"": 14}, ""eff_fps"": {""pose"": 14, ""object"": 14}, ""latency_ms"": {""pose"": 0, ""object"": 0}, ""svclat_ms"": {""pose"": 29.45, ""object"": 27.8}}, ""b7"": {""services"": [""pose"", ""object""], ""fps"": {""pose"": 17, ""object"": 18}, ""eff_fps"": {""pose"": 17, ""object"": 18}, ""latency_ms"": {""pose"": 0, ""object"": 0}, ""svclat_ms"": {""pose"": 50.21, ""object"": 37.94}}, ""b8"": {""services"": [""pose"", ""object""], ""fps"": {""pose"": 14, ""object"": 14}, ""eff_fps"": {""pose"": 14, ""object"": 14}, ""latency_ms"": {""pose"": 0, ""object"": 0}, ""svclat_ms"": {""pose"": 47.58, ""object"": 31.41}}, ""b9"": {""services"": [""pose"", ""object""], ""fps"": {""pose"": 14, ""object"": 14}, ""eff_fps"": {""pose"": 14, ""object"": 14}, ""latency_ms"": {""pose"": 0, ""object"": 0}, ""svclat_ms"": {""pose"": 30.87, ""object"": 35.5}}, ""b10"": {""services"": [""pose"", ""object""], ""fps"": {""pose"": 14, ""object"": 14}, ""eff_fps"": {""pose"": 14, ""object"": 14}, ""latency_ms"": {""pose"": 0, ""object"": 0}, ""svclat_ms"": {""pose"": 29.67, ""object"": 28.06}}, ""b11"": {""services"": [""pose"", ""object""], ""fps"": {""pose"": 14, ""object"": 14}, ""eff_fps"": {""pose"": 14, ""object"": 14}, ""latency_ms"": {""pose"": 0, ""object"": 0}, ""svclat_ms"": {""pose"": 33.38, ""object"": 30.34}}, ""b12"": {""services"": [""pose"", ""object""], ""fps"": {""pose"": 14, ""object"": 14}, ""eff_fps"": {""pose"": 14, ""object"": 14}, ""latency_ms"": {""pose"": 0, ""object"": 0}, ""svclat_ms"": {""pose"": 31.83, ""object"": 32.71}}}"
218.8,36,36,1.0,0,0,13,19,19,1.0,1383.0,1344.0,0.972,0.0,0.53,0.0,14.25,26.92,14.54,14.17,26.92,14.54,0,0,0,36.49,27.51,34.57,1337,"{""ip-172-31-0-204"": ""unhealthy"", ""ip-172-31-1-171"": ""unhealthy"", ""ip-172-31-10-12"": ""unhealthy"", ""ip-172-31-11-132"": ""healthy"", ""ip-172-31-13-134"": ""healthy"", ""ip-172-31-14-68"": ""healthy"", ""ip-172-31-40-239"": ""healthy""}",subscribe,233.9,0.6222,0,0,"{""ip-172-31-0-204"": {""gesture"": 1, ""pose"": 1, ""object"": 1}, ""ip-172-31-10-12"": {""object"": 1, ""gesture"": 1}, ""ip-172-31-11-132"": {""object"": 1, ""pose"": 1, ""gesture"": 1}, ""ip-172-31-40-239"": {""gesture"": 1, ""pose"": 1}, ""ip-172-31-1-171"": {""pose"": 1, ""gesture"": 1, ""object"": 1}, ""ip-172-31-13-134"": {""pose"": 1, ""gesture"": 1, ""object"": 1}, ""ip-172-31-14-68"": {""pose"": 1, ""gesture"": 1, ""object"": 1}}","{""a1"": {""services"": [""pose"", ""gesture""], ""fps"": {""pose"": 17, ""gesture"": 24}, ""eff_fps"": {""pose"": 17, ""gesture"": 24}, ""latency_ms"": {""pose"": 0, ""gesture"": 0}, ""svclat_ms"": {""pose"": 52.72, ""gesture"": 39.67}}, ""a2"": {""services"": [""pose"", ""gesture""], ""fps"": {""pose"": 14, ""gesture"": 25}, ""eff_fps"": {""pose"": 14, ""gesture"": 25}, ""latency_ms"": {""pose"": 0, ""gesture"": 0}, ""svclat_ms"": {""pose"": 31.29, ""gesture"": 30.25}}, ""a3"": {""services"": [""pose"", ""gesture""], ""fps"": {""pose"": 14, ""gesture"": 22}, ""eff_fps"": {""pose"": 14, ""gesture"": 22}, ""latency_ms"": {""pose"": 0, ""gesture"": 0}, ""svclat_ms"": {""pose"": 29.95, ""gesture"": 22.51}}, ""a4"": {""services"": [""pose"", ""gesture""], ""fps"": {""pose"": 14, ""gesture"": 30}, ""eff_fps"": {""pose"": 14, ""gesture"": 30}, ""latency_ms"": {""pose"": 0, ""gesture"": 0}, ""svclat_ms"": {""pose"": 30.29, ""gesture"": 25.71}}, ""a5"": {""services"": [""pose"", ""gesture""], ""fps"": {""pose"": 14, ""gesture"": 30}, ""eff_fps"": {""pose"": 14, ""gesture"": 30}, ""latency_ms"": {""pose"": 0, ""gesture"": 0}, ""svclat_ms"": {""pose"": 38.47, ""gesture"": 25.65}}, ""a6"": {""services"": [""pose"", ""gesture""], ""fps"": {""pose"": 14, ""gesture"": 30}, ""eff_fps"": {""pose"": 14, ""gesture"": 30}, ""latency_ms"": {""pose"": 0, ""gesture"": 0}, ""svclat_ms"": {""pose"": 27.87, ""gesture"": 27.61}}, ""a7"": {""services"": [""pose"", ""gesture""], ""fps"": {""pose"": 15, ""gesture"": 30}, ""eff_fps"": {""pose"": 14, ""gesture"": 30}, ""latency_ms"": {""pose"": 0, ""gesture"": 0}, ""svclat_ms"": {""pose"": 66.29, ""gesture"": 24.75}}, ""a8"": {""services"": [""pose"", ""gesture""], ""fps"": {""pose"": 14, ""gesture"": 25}, ""eff_fps"": {""pose"": 14, ""gesture"": 25}, ""latency_ms"": {""pose"": 0, ""gesture"": 0}, ""svclat_ms"": {""pose"": 31.77, ""gesture"": 39.6}}, ""a9"": {""services"": [""pose"", ""gesture""], ""fps"": {""pose"": 14, ""gesture"": 25}, ""eff_fps"": {""pose"": 14, ""gesture"": 25}, ""latency_ms"": {""pose"": 0, ""gesture"": 0}, ""svclat_ms"": {""pose"": 31.85, ""gesture"": 27.24}}, ""a10"": {""services"": [""pose"", ""gesture""], ""fps"": {""pose"": 14, ""gesture"": 30}, ""eff_fps"": {""pose"": 14, ""gesture"": 30}, ""latency_ms"": {""pose"": 0, ""gesture"": 0}, ""svclat_ms"": {""pose"": 43.89, ""gesture"": 20.84}}, ""a11"": {""services"": [""pose"", ""gesture""], ""fps"": {""pose"": 14, ""gesture"": 22}, ""eff_fps"": {""pose"": 14, ""gesture"": 22}, ""latency_ms"": {""pose"": 0, ""gesture"": 0}, ""svclat_ms"": {""pose"": 28.94, ""gesture"": 23.22}}, ""a12"": {""services"": [""pose"", ""gesture""], ""fps"": {""pose"": 14, ""gesture"": 30}, ""eff_fps"": {""pose"": 14, ""gesture"": 30}, ""latency_ms"": {""pose"": 0, ""gesture"": 0}, ""svclat_ms"": {""pose"": 26.62, ""gesture"": 26.11}}, ""z1"": {""services"": [""gesture"", ""object""], ""fps"": {""gesture"": 24, ""object"": 17}, ""eff_fps"": {""gesture"": 24, ""object"": 17}, ""latency_ms"": {""gesture"": 0, ""object"": 0}, ""svclat_ms"": {""gesture"": 38.98, ""object"": 31.59}}, ""z2"": {""services"": [""gesture"", ""object""], ""fps"": {""gesture"": 25, ""object"": 14}, ""eff_fps"": {""gesture"": 25, ""object"": 14}, ""latency_ms"": {""gesture"": 0, ""object"": 0}, ""svclat_ms"": {""gesture"": 22.68, ""object"": 34.98}}, ""z3"": {""services"": [""gesture"", ""object""], ""fps"": {""gesture"": 22, ""object"": 14}, ""eff_fps"": {""gesture"": 22, ""object"": 14}, ""latency_ms"": {""gesture"": 0, ""object"": 0}, ""svclat_ms"": {""gesture"": 22.52, ""object"": 33.98}}, ""z4"": {""services"": [""gesture"", ""object""], ""fps"": {""gesture"": 30, ""object"": 14}, ""eff_fps"": {""gesture"": 30, ""object"": 14}, ""latency_ms"": {""gesture"": 0, ""object"": 0}, ""svclat_ms"": {""gesture"": 23.55, ""object"": 45.49}}, ""z5"": {""services"": [""gesture"", ""object""], ""fps"": {""gesture"": 30, ""object"": 14}, ""eff_fps"": {""gesture"": 30, ""object"": 14}, ""latency_ms"": {""gesture"": 0, ""object"": 0}, ""svclat_ms"": {""gesture"": 25.78, ""object"": 33.66}}, ""z6"": {""services"": [""gesture"", ""object""], ""fps"": {""gesture"": 31, ""object"": 14}, ""eff_fps"": {""gesture"": 31, ""object"": 14}, ""latency_ms"": {""gesture"": 0, ""object"": 0}, ""svclat_ms"": {""gesture"": 27.06, ""object"": 32.3}}, ""z7"": {""services"": [""gesture"", ""object""], ""fps"": {""gesture"": 30, ""object"": 17}, ""eff_fps"": {""gesture"": 30, ""object"": 17}, ""latency_ms"": {""gesture"": 0, ""object"": 0}, ""svclat_ms"": {""gesture"": 25.53, ""object"": 37.5}}, ""z8"": {""services"": [""gesture"", ""object""], ""fps"": {""gesture"": 30, ""object"": 14}, ""eff_fps"": {""gesture"": 30, ""object"": 14}, ""latency_ms"": {""gesture"": 0, ""object"": 0}, ""svclat_ms"": {""gesture"": 28.02, ""object"": 31.86}}, ""z9"": {""services"": [""gesture"", ""object""], ""fps"": {""gesture"": 30, ""object"": 14}, ""eff_fps"": {""gesture"": 30, ""object"": 14}, ""latency_ms"": {""gesture"": 0, ""object"": 0}, ""svclat_ms"": {""gesture"": 27.9, ""object"": 32.62}}, ""z10"": {""services"": [""gesture"", ""object""], ""fps"": {""gesture"": 24, ""object"": 14}, ""eff_fps"": {""gesture"": 24, ""object"": 14}, ""latency_ms"": {""gesture"": 0, ""object"": 0}, ""svclat_ms"": {""gesture"": 39.14, ""object"": 46.89}}, ""z11"": {""services"": [""gesture"", ""object""], ""fps"": {""gesture"": 25, ""object"": 14}, ""eff_fps"": {""gesture"": 25, ""object"": 14}, ""latency_ms"": {""gesture"": 0, ""object"": 0}, ""svclat_ms"": {""gesture"": 23.4, ""object"": 34.65}}, ""z12"": {""services"": [""gesture"", ""object""], ""fps"": {""gesture"": 22, ""object"": 14}, ""eff_fps"": {""gesture"": 22, ""object"": 14}, ""latency_ms"": {""gesture"": 0, ""object"": 0}, ""svclat_ms"": {""gesture"": 22.51, ""object"": 27.68}}, ""b1"": {""services"": [""pose"", ""object""], ""fps"": {""pose"": 14, ""object"": 14}, ""eff_fps"": {""pose"": 14, ""object"": 14}, ""latency_ms"": {""pose"": 0, ""object"": 0}, ""svclat_ms"": {""pose"": 29.15, ""object"": 31.35}}, ""b2"": {""services"": [""pose"", ""object""], ""fps"": {""pose"": 16, ""object"": 17}, ""eff_fps"": {""pose"": 16, ""object"": 17}, ""latency_ms"": {""pose"": 0, ""object"": 0}, ""svclat_ms"": {""pose"": 47.96, ""object"": 46.53}}, ""b3"": {""services"": [""pose"", ""object""], ""fps"": {""pose"": 14, ""object"": 14}, ""eff_fps"": {""pose"": 14, ""object"": 14}, ""latency_ms"": {""pose"": 0, ""object"": 0}, ""svclat_ms"": {""pose"": 28.38, ""object"": 27.51}}, ""b4"": {""services"": [""pose"", ""object""], ""fps"": {""pose"": 14, ""object"": 14}, ""eff_fps"": {""pose"": 14, ""object"": 14}, ""latency_ms"": {""pose"": 0, ""object"": 0}, ""svclat_ms"": {""pose"": 27.73, ""object"": 37.61}}, ""b5"": {""services"": [""pose"", ""object""], ""fps"": {""pose"": 14, ""object"": 14}, ""eff_fps"": {""pose"": 14, ""object"": 14}, ""latency_ms"": {""pose"": 0, ""object"": 0}, ""svclat_ms"": {""pose"": 34.01, ""object"": 32.72}}, ""b6"": {""services"": [""pose"", ""object""], ""fps"": {""pose"": 14, ""object"": 14}, ""eff_fps"": {""pose"": 14, ""object"": 14}, ""latency_ms"": {""pose"": 0, ""object"": 0}, ""svclat_ms"": {""pose"": 29.15, ""object"": 27.71}}, ""b7"": {""services"": [""pose"", ""object""], ""fps"": {""pose"": 14, ""object"": 18}, ""eff_fps"": {""pose"": 13, ""object"": 18}, ""latency_ms"": {""pose"": 0, ""object"": 0}, ""svclat_ms"": {""pose"": 67.62, ""object"": 39.51}}, ""b8"": {""services"": [""pose"", ""object""], ""fps"": {""pose"": 14, ""object"": 14}, ""eff_fps"": {""pose"": 14, ""object"": 14}, ""latency_ms"": {""pose"": 0, ""object"": 0}, ""svclat_ms"": {""pose"": 42.5, ""object"": 33.66}}, ""b9"": {""services"": [""pose"", ""object""], ""fps"": {""pose"": 14, ""object"": 14}, ""eff_fps"": {""pose"": 14, ""object"": 14}, ""latency_ms"": {""pose"": 0, ""object"": 0}, ""svclat_ms"": {""pose"": 31.78, ""object"": 33.33}}, ""b10"": {""services"": [""pose"", ""object""], ""fps"": {""pose"": 14, ""object"": 14}, ""eff_fps"": {""pose"": 14, ""object"": 14}, ""latency_ms"": {""pose"": 0, ""object"": 0}, ""svclat_ms"": {""pose"": 29.85, ""object"": 29.25}}, ""b11"": {""services"": [""pose"", ""object""], ""fps"": {""pose"": 14, ""object"": 14}, ""eff_fps"": {""pose"": 14, ""object"": 14}, ""latency_ms"": {""pose"": 0, ""object"": 0}, ""svclat_ms"": {""pose"": 36.84, ""object"": 35.38}}, ""b12"": {""services"": [""pose"", ""object""], ""fps"": {""pose"": 14, ""object"": 14}, ""eff_fps"": {""pose"": 14, ""object"": 14}, ""latency_ms"": {""pose"": 0, ""object"": 0}, ""svclat_ms"": {""pose"": 30.76, ""object"": 32.01}}}"
221.2,36,36,1.0,0,0,13,19,19,1.0,1383.0,1344.0,0.972,0.0,0.53,0.0,14.38,26.75,14.5,14.38,26.75,14.5,0,0,0,37.04,26.62,33.38,1335,"{""ip-172-31-0-204"": ""unhealthy"", ""ip-172-31-1-171"": ""unhealthy"", ""ip-172-31-10-12"": ""unhealthy"", ""ip-172-31-11-132"": ""healthy"", ""ip-172-31-13-134"": ""healthy"", ""ip-172-31-14-68"": ""healthy"", ""ip-172-31-40-239"": ""healthy""}",subscribe,233.9,0.6222,0,0,"{""ip-172-31-0-204"": {""gesture"": 1, ""pose"": 1, ""object"": 1}, ""ip-172-31-10-12"": {""object"": 1, ""gesture"": 1}, ""ip-172-31-11-132"": {""object"": 1, ""pose"": 1, ""gesture"": 1}, ""ip-172-31-40-239"": {""gesture"": 1, ""pose"": 1}, ""ip-172-31-1-171"": {""pose"": 1, ""gesture"": 1, ""object"": 1}, ""ip-172-31-13-134"": {""pose"": 1, ""gesture"": 1, ""object"": 1}, ""ip-172-31-14-68"": {""pose"": 1, ""gesture"": 1, ""object"": 1}}","{""a1"": {""services"": [""pose"", ""gesture""], ""fps"": {""pose"": 16, ""gesture"": 24}, ""eff_fps"": {""pose"": 16, ""gesture"": 24}, ""latency_ms"": {""pose"": 0, ""gesture"": 0}, ""svclat_ms"": {""pose"": 60.02, ""gesture"": 41.92}}, ""a2"": {""services"": [""pose"", ""gesture""], ""fps"": {""pose"": 14, ""gesture"": 25}, ""eff_fps"": {""pose"": 14, ""gesture"": 25}, ""latency_ms"": {""pose"": 0, ""gesture"": 0}, ""svclat_ms"": {""pose"": 32.99, ""gesture"": 26.1}}, ""a3"": {""services"": [""pose"", ""gesture""], ""fps"": {""pose"": 14, ""gesture"": 22}, ""eff_fps"": {""pose"": 14, ""gesture"": 22}, ""latency_ms"": {""pose"": 0, ""gesture"": 0}, ""svclat_ms"": {""pose"": 30.3, ""gesture"": 24.08}}, ""a4"": {""services"": [""pose"", ""gesture""], ""fps"": {""pose"": 14, ""gesture"": 30}, ""eff_fps"": {""pose"": 14, ""gesture"": 30}, ""latency_ms"": {""pose"": 0, ""gesture"": 0}, ""svclat_ms"": {""pose"": 28.24, ""gesture"": 25.67}}, ""a5"": {""services"": [""pose"", ""gesture""], ""fps"": {""pose"": 14, ""gesture"": 30}, ""eff_fps"": {""pose"": 14, ""gesture"": 30}, ""latency_ms"": {""pose"": 0, ""gesture"": 0}, ""svclat_ms"": {""pose"": 36.39, ""gesture"": 25.12}}, ""a6"": {""services"": [""pose"", ""gesture""], ""fps"": {""pose"": 14, ""gesture"": 30}, ""eff_fps"": {""pose"": 14, ""gesture"": 30}, ""latency_ms"": {""pose"": 0, ""gesture"": 0}, ""svclat_ms"": {""pose"": 27.7, ""gesture"": 23.46}}, ""a7"": {""services"": [""pose"", ""gesture""], ""fps"": {""pose"": 17, ""gesture"": 29}, ""eff_fps"": {""pose"": 17, ""gesture"": 29}, ""latency_ms"": {""pose"": 0, ""gesture"": 0}, ""svclat_ms"": {""pose"": 59.5, ""gesture"": 21.0}}, ""a8"": {""services"": [""pose"", ""gesture""], ""fps"": {""pose"": 14, ""gesture"": 23}, ""eff_fps"": {""pose"": 14, ""gesture"": 23}, ""latency_ms"": {""pose"": 0, ""gesture"": 0}, ""svclat_ms"": {""pose"": 35.9, ""gesture"": 41.69}}, ""a9"": {""services"": [""pose"", ""gesture""], ""fps"": {""pose"": 14, ""gesture"": 25}, ""eff_fps"": {""pose"": 14, ""gesture"": 25}, ""latency_ms"": {""pose"": 0, ""gesture"": 0}, ""svclat_ms"": {""pose"": 32.78, ""gesture"": 26.32}}, ""a10"": {""services"": [""pose"", ""gesture""], ""fps"": {""pose"": 14, ""gesture"": 30}, ""eff_fps"": {""pose"": 14, ""gesture"": 30}, ""latency_ms"": {""pose"": 0, ""gesture"": 0}, ""svclat_ms"": {""pose"": 43.14, ""gesture"": 22.33}}, ""a11"": {""services"": [""pose"", ""gesture""], ""fps"": {""pose"": 14, ""gesture"": 22}, ""eff_fps"": {""pose"": 14, ""gesture"": 22}, ""latency_ms"": {""pose"": 0, ""gesture"": 0}, ""svclat_ms"": {""pose"": 28.78, ""gesture"": 24.88}}, ""a12"": {""services"": [""pose"", ""gesture""], ""fps"": {""pose"": 14, ""gesture"": 30}, ""eff_fps"": {""pose"": 14, ""gesture"": 30}, ""latency_ms"": {""pose"": 0, ""gesture"": 0}, ""svclat_ms"": {""pose"": 27.09, ""gesture"": 26.78}}, ""z1"": {""services"": [""gesture"", ""object""], ""fps"": {""gesture"": 24, ""object"": 17}, ""eff_fps"": {""gesture"": 24, ""object"": 17}, ""latency_ms"": {""gesture"": 0, ""object"": 0}, ""svclat_ms"": {""gesture"": 41.41, ""object"": 26.6}}, ""z2"": {""services"": [""gesture"", ""object""], ""fps"": {""gesture"": 25, ""object"": 14}, ""eff_fps"": {""gesture"": 25, ""object"": 14}, ""latency_ms"": {""gesture"": 0, ""object"": 0}, ""svclat_ms"": {""gesture"": 21.85, ""object"": 32.97}}, ""z3"": {""services"": [""gesture"", ""object""], ""fps"": {""gesture"": 22, ""object"": 14}, ""eff_fps"": {""gesture"": 22, ""object"": 14}, ""latency_ms"": {""gesture"": 0, ""object"": 0}, ""svclat_ms"": {""gesture"": 24.01, ""object"": 33.97}}, ""z4"": {""services"": [""gesture"", ""object""], ""fps"": {""gesture"": 29, ""object"": 14}, ""eff_fps"": {""gesture"": 29, ""object"": 14}, ""latency_ms"": {""gesture"": 0, ""object"": 0}, ""svclat_ms"": {""gesture"": 20.89, ""object"": 45.41}}, ""z5"": {""services"": [""gesture"", ""object""], ""fps"": {""gesture"": 30, ""object"": 14}, ""eff_fps"": {""gesture"": 30, ""object"": 14}, ""latency_ms"": {""gesture"": 0, ""object"": 0}, ""svclat_ms"": {""gesture"": 26.03, ""object"": 29.53}}, ""z6"": {""services"": [""gesture"", ""object""], ""fps"": {""gesture"": 31, ""object"": 14}, ""eff_fps"": {""gesture"": 31, ""object"": 14}, ""latency_ms"": {""gesture"": 0, ""object"": 0}, ""svclat_ms"": {""gesture"": 22.91, ""object"": 33.87}}, ""z7"": {""services"": [""gesture"", ""object""], ""fps"": {""gesture"": 30, ""object"": 17}, ""eff_fps"": {""gesture"": 30, ""object"": 17}, ""latency_ms"": {""gesture"": 0, ""object"": 0}, ""svclat_ms"": {""gesture"": 21.71, ""object"": 35.22}}, ""z8"": {""services"": [""gesture"", ""object""], ""fps"": {""gesture"": 30, ""object"": 14}, ""eff_fps"": {""gesture"": 30, ""object"": 14}, ""latency_ms"": {""gesture"": 0, ""object"": 0}, ""svclat_ms"": {""gesture"": 22.81, ""object"": 30.13}}, ""z9"": {""services"": [""gesture"", ""object""], ""fps"": {""gesture"": 30, ""object"": 14}, ""eff_fps"": {""gesture"": 30, ""object"": 14}, ""latency_ms"": {""gesture"": 0, ""object"": 0}, ""svclat_ms"": {""gesture"": 21.71, ""object"": 32.03}}, ""z10"": {""services"": [""gesture"", ""object""], ""fps"": {""gesture"": 24, ""object"": 14}, ""eff_fps"": {""gesture"": 24, ""object"": 14}, ""latency_ms"": {""gesture"": 0, ""object"": 0}, ""svclat_ms"": {""gesture"": 41.4, ""object"": 47.04}}, ""z11"": {""services"": [""gesture"", ""object""], ""fps"": {""gesture"": 25, ""object"": 14}, ""eff_fps"": {""gesture"": 25, ""object"": 14}, ""latency_ms"": {""gesture"": 0, ""object"": 0}, ""svclat_ms"": {""gesture"": 20.42, ""object"": 33.74}}, ""z12"": {""services"": [""gesture"", ""object""], ""fps"": {""gesture"": 22, ""object"": 14}, ""eff_fps"": {""gesture"": 22, ""object"": 14}, ""latency_ms"": {""gesture"": 0, ""object"": 0}, ""svclat_ms"": {""gesture"": 24.36, ""object"": 29.31}}, ""b1"": {""services"": [""pose"", ""object""], ""fps"": {""pose"": 14, ""object"": 14}, ""eff_fps"": {""pose"": 14, ""object"": 14}, ""latency_ms"": {""pose"": 0, ""object"": 0}, ""svclat_ms"": {""pose"": 33.87, ""object"": 29.62}}, ""b2"": {""services"": [""pose"", ""object""], ""fps"": {""pose"": 16, ""object"": 17}, ""eff_fps"": {""pose"": 16, ""object"": 17}, ""latency_ms"": {""pose"": 0, ""object"": 0}, ""svclat_ms"": {""pose"": 59.76, ""object"": 42.2}}, ""b3"": {""services"": [""pose"", ""object""], ""fps"": {""pose"": 14, ""object"": 14}, ""eff_fps"": {""pose"": 14, ""object"": 14}, ""latency_ms"": {""pose"": 0, ""object"": 0}, ""svclat_ms"": {""pose"": 29.26, ""object"": 28.95}}, ""b4"": {""services"": [""pose"", ""object""], ""fps"": {""pose"": 14, ""object"": 14}, ""eff_fps"": {""pose"": 14, ""object"": 14}, ""latency_ms"": {""pose"": 0, ""object"": 0}, ""svclat_ms"": {""pose"": 28.89, ""object"": 37.34}}, ""b5"": {""services"": [""pose"", ""object""], ""fps"": {""pose"": 14, ""object"": 14}, ""eff_fps"": {""pose"": 14, ""object"": 14}, ""latency_ms"": {""pose"": 0, ""object"": 0}, ""svclat_ms"": {""pose"": 29.98, ""object"": 29.4}}, ""b6"": {""services"": [""pose"", ""object""], ""fps"": {""pose"": 14, ""object"": 14}, ""eff_fps"": {""pose"": 14, ""object"": 14}, ""latency_ms"": {""pose"": 0, ""object"": 0}, ""svclat_ms"": {""pose"": 30.04, ""object"": 28.73}}, ""b7"": {""services"": [""pose"", ""object""], ""fps"": {""pose"": 16, ""object"": 17}, ""eff_fps"": {""pose"": 16, ""object"": 17}, ""latency_ms"": {""pose"": 0, ""object"": 0}, ""svclat_ms"": {""pose"": 58.72, ""object"": 37.31}}, ""b8"": {""services"": [""pose"", ""object""], ""fps"": {""pose"": 14, ""object"": 14}, ""eff_fps"": {""pose"": 14, ""object"": 14}, ""latency_ms"": {""pose"": 0, ""object"": 0}, ""svclat_ms"": {""pose"": 47.16, ""object"": 31.56}}, ""b9"": {""services"": [""pose"", ""object""], ""fps"": {""pose"": 14, ""object"": 14}, ""eff_fps"": {""pose"": 14, ""object"": 14}, ""latency_ms"": {""pose"": 0, ""object"": 0}, ""svclat_ms"": {""pose"": 31.92, ""object"": 34.27}}, ""b10"": {""services"": [""pose"", ""object""], ""fps"": {""pose"": 14, ""object"": 14}, ""eff_fps"": {""pose"": 14, ""object"": 14}, ""latency_ms"": {""pose"": 0, ""object"": 0}, ""svclat_ms"": {""pose"": 29.92, ""object"": 29.14}}, ""b11"": {""services"": [""pose"", ""object""], ""fps"": {""pose"": 14, ""object"": 14}, ""eff_fps"": {""pose"": 14, ""object"": 14}, ""latency_ms"": {""pose"": 0, ""object"": 0}, ""svclat_ms"": {""pose"": 35.23, ""object"": 29.79}}, ""b12"": {""services"": [""pose"", ""object""], ""fps"": {""pose"": 14, ""object"": 14}, ""eff_fps"": {""pose"": 14, ""object"": 14}, ""latency_ms"": {""pose"": 0, ""object"": 0}, ""svclat_ms"": {""pose"": 31.41, ""object"": 33.01}}}"
223.6,36,36,1.0,0,0,13,19,19,1.0,1383.0,1344.0,0.972,0.0,0.53,0.0,14.54,26.96,14.5,14.54,26.96,14.5,0,0,0,35.32,24.66,33.69,1344,"{""ip-172-31-0-204"": ""unhealthy"", ""ip-172-31-1-171"": ""unhealthy"", ""ip-172-31-10-12"": ""unhealthy"", ""ip-172-31-11-132"": ""healthy"", ""ip-172-31-13-134"": ""healthy"", ""ip-172-31-14-68"": ""healthy"", ""ip-172-31-40-239"": ""healthy""}",subscribe,233.9,0.6222,0,0,"{""ip-172-31-0-204"": {""gesture"": 1, ""pose"": 1, ""object"": 1}, ""ip-172-31-10-12"": {""object"": 1, ""gesture"": 1}, ""ip-172-31-11-132"": {""object"": 1, ""pose"": 1, ""gesture"": 1}, ""ip-172-31-40-239"": {""gesture"": 1, ""pose"": 1}, ""ip-172-31-1-171"": {""pose"": 1, ""gesture"": 1, ""object"": 1}, ""ip-172-31-13-134"": {""pose"": 1, ""gesture"": 1, ""object"": 1}, ""ip-172-31-14-68"": {""pose"": 1, ""gesture"": 1, ""object"": 1}}","{""a1"": {""services"": [""pose"", ""gesture""], ""fps"": {""pose"": 17, ""gesture"": 25}, ""eff_fps"": {""pose"": 17, ""gesture"": 25}, ""latency_ms"": {""pose"": 0, ""gesture"": 0}, ""svclat_ms"": {""pose"": 49.4, ""gesture"": 29.13}}, ""a2"": {""services"": [""pose"", ""gesture""], ""fps"": {""pose"": 14, ""gesture"": 25}, ""eff_fps"": {""pose"": 14, ""gesture"": 25}, ""latency_ms"": {""pose"": 0, ""gesture"": 0}, ""svclat_ms"": {""pose"": 31.38, ""gesture"": 25.66}}, ""a3"": {""services"": [""pose"", ""gesture""], ""fps"": {""pose"": 14, ""gesture"": 22}, ""eff_fps"": {""pose"": 14, ""gesture"": 22}, ""latency_ms"": {""pose"": 0, ""gesture"": 0}, ""svclat_ms"": {""pose"": 29.62, ""gesture"": 21.44}}, ""a4"": {""services"": [""pose"", ""gesture""], ""fps"": {""pose"": 14, ""gesture"": 30}, ""eff_fps"": {""pose"": 14, ""gesture"": 30}, ""latency_ms"": {""pose"": 0, ""gesture"": 0}, ""svclat_ms"": {""pose"": 29.64, ""gesture"": 21.64}}, ""a5"": {""services"": [""pose"", ""gesture""], ""fps"": {""pose"": 14, ""gesture"": 30}, ""eff_fps"": {""pose"": 14, ""gesture"": 30}, ""latency_ms"": {""pose"": 0, ""gesture"": 0}, ""svclat_ms"": {""pose"": 37.56, ""gesture"": 26.58}}, ""a6"": {""services"": [""pose"", ""gesture""], ""fps"": {""pose"": 14, ""gesture"": 29}, ""eff_fps"": {""pose"": 14, ""gesture"": 29}, ""latency_ms"": {""pose"": 0, ""gesture"": 0}, ""svclat_ms"": {""pose"": 28.51, ""gesture"": 24.68}}, ""a7"": {""services"": [""pose"", ""gesture""], ""fps"": {""pose"": 17, ""gesture"": 31}, ""eff_fps"": {""pose"": 17, ""gesture"": 31}, ""latency_ms"": {""pose"": 0, ""gesture"": 0}, ""svclat_ms"": {""pose"": 51.1, ""gesture"": 23.06}}, ""a8"": {""services"": [""pose"", ""gesture""], ""fps"": {""pose"": 14, ""gesture"": 25}, ""eff_fps"": {""pose"": 14, ""gesture"": 25}, ""latency_ms"": {""pose"": 0, ""gesture"": 0}, ""svclat_ms"": {""pose"": 35.52, ""gesture"": 32.5}}, ""a9"": {""services"": [""pose"", ""gesture""], ""fps"": {""pose"": 14, ""gesture"": 25}, ""eff_fps"": {""pose"": 14, ""gesture"": 25}, ""latency_ms"": {""pose"": 0, ""gesture"": 0}, ""svclat_ms"": {""pose"": 33.24, ""gesture"": 25.72}}, ""a10"": {""services"": [""pose"", ""gesture""], ""fps"": {""pose"": 14, ""gesture"": 30}, ""eff_fps"": {""pose"": 14, ""gesture"": 30}, ""latency_ms"": {""pose"": 0, ""gesture"": 0}, ""svclat_ms"": {""pose"": 43.87, ""gesture"": 20.65}}, ""a11"": {""services"": [""pose"", ""gesture""], ""fps"": {""pose"": 14, ""gesture"": 22}, ""eff_fps"": {""pose"": 14, ""gesture"": 22}, ""latency_ms"": {""pose"": 0, ""gesture"": 0}, ""svclat_ms"": {""pose"": 29.56, ""gesture"": 22.13}}, ""a12"": {""services"": [""pose"", ""gesture""], ""fps"": {""pose"": 14, ""gesture"": 29}, ""eff_fps"": {""pose"": 14, ""gesture"": 29}, ""latency_ms"": {""pose"": 0, ""gesture"": 0}, ""svclat_ms"": {""pose"": 27.95, ""gesture"": 30.21}}, ""z1"": {""services"": [""gesture"", ""object""], ""fps"": {""gesture"": 26, ""object"": 17}, ""eff_fps"": {""gesture"": 26, ""object"": 17}, ""latency_ms"": {""gesture"": 0, ""object"": 0}, ""svclat_ms"": {""gesture"": 22.35, ""object"": 28.05}}, ""z2"": {""services"": [""gesture"", ""object""], ""fps"": {""gesture"": 25, ""object"": 14}, ""eff_fps"": {""gesture"": 25, ""object"": 14}, ""latency_ms"": {""gesture"": 0, ""object"": 0}, ""svclat_ms"": {""gesture"": 21.73, ""object"": 33.72}}, ""z3"": {""services"": [""gesture"", ""object""], ""fps"": {""gesture"": 22, ""object"": 14}, ""eff_fps"": {""gesture"": 22, ""object"": 14}, ""latency_ms"": {""gesture"": 0, ""object"": 0}, ""svclat_ms"": {""gesture"": 21.44, ""object"": 33.27}}, ""z4"": {""services"": [""gesture"", ""object""], ""fps"": {""gesture"": 30, ""object"": 14}, ""eff_fps"": {""gesture"": 30, ""object"": 14}, ""latency_ms"": {""gesture"": 0, ""object"": 0}, ""svclat_ms"": {""gesture"": 21.41, ""object"": 46.06}}, ""z5"": {""services"": [""gesture"", ""object""], ""fps"": {""gesture"": 29, ""object"": 14}, ""eff_fps"": {""gesture"": 29, ""object"": 14}, ""latency_ms"": {""gesture"": 0, ""object"": 0}, ""svclat_ms"": {""gesture"": 29.82, ""object"": 30.13}}, ""z6"": {""services"": [""gesture"", ""object""], ""fps"": {""gesture"": 29, ""object"": 14}, ""eff_fps"": {""gesture"": 29, ""object"": 14}, ""latency_ms"": {""gesture"": 0, ""object"": 0}, ""svclat_ms"": {""gesture"": 23.58, ""object"": 34.17}}, ""z7"": {""services"": [""gesture"", ""object""], ""fps"": {""gesture"": 30, ""object"": 17}, ""eff_fps"": {""gesture"": 30, ""object"": 17}, ""latency_ms"": {""gesture"": 0, ""object"": 0}, ""svclat_ms"": {""gesture"": 23.96, ""object"": 36.64}}, ""z8"": {""services"": [""gesture"", ""object""], ""fps"": {""gesture"": 30, ""object"": 14}, ""eff_fps"": {""gesture"": 30, ""object"": 14}, ""latency_ms"": {""gesture"": 0, ""object"": 0}, ""svclat_ms"": {""gesture"": 24.16, ""object"": 30.05}}, ""z9"": {""services"": [""gesture"", ""object""], ""fps"": {""gesture"": 30, ""object"": 14}, ""eff_fps"": {""gesture"": 30, ""object"": 14}, ""latency_ms"": {""gesture"": 0, ""object"": 0}, ""svclat_ms"": {""gesture"": 26.51, ""object"": 30.48}}, ""z10"": {""services"": [""gesture"", ""object""], ""fps"": {""gesture"": 26, ""object"": 14}, ""eff_fps"": {""gesture"": 26, ""object"": 14}, ""latency_ms"": {""gesture"": 0, ""object"": 0}, ""svclat_ms"": {""gesture"": 30.78, ""object"": 48.17}}, ""z11"": {""services"": [""gesture"", ""object""], ""fps"": {""gesture"": 25, ""object"": 14}, ""eff_fps"": {""gesture"": 25, ""object"": 14}, ""latency_ms"": {""gesture"": 0, ""object"": 0}, ""svclat_ms"": {""gesture"": 21.06, ""object"": 34.11}}, ""z12"": {""services"": [""gesture"", ""object""], ""fps"": {""gesture"": 22, ""object"": 14}, ""eff_fps"": {""gesture"": 22, ""object"": 14}, ""latency_ms"": {""gesture"": 0, ""object"": 0}, ""svclat_ms"": {""gesture"": 21.75, ""object"": 28.46}}, ""b1"": {""services"": [""pose"", ""object""], ""fps"": {""pose"": 15, ""object"": 14}, ""eff_fps"": {""pose"": 15, ""object"": 14}, ""latency_ms"": {""pose"": 0, ""object"": 0}, ""svclat_ms"": {""pose"": 29.42, ""object"": 30.11}}, ""b2"": {""services"": [""pose"", ""object""], ""fps"": {""pose"": 17, ""object"": 17}, ""eff_fps"": {""pose"": 17, ""object"": 17}, ""latency_ms"": {""pose"": 0, ""object"": 0}, ""svclat_ms"": {""pose"": 47.51, ""object"": 43.03}}, ""b3"": {""services"": [""pose"", ""object""], ""fps"": {""pose"": 14, ""object"": 14}, ""eff_fps"": {""pose"": 14, ""object"": 14}, ""latency_ms"": {""pose"": 0, ""object"": 0}, ""svclat_ms"": {""pose"": 29.1, ""object"": 27.97}}, ""b4"": {""services"": [""pose"", ""object""], ""fps"": {""pose"": 14, ""object"": 14}, ""eff_fps"": {""pose"": 14, ""object"": 14}, ""latency_ms"": {""pose"": 0, ""object"": 0}, ""svclat_ms"": {""pose"": 28.52, ""object"": 38.63}}, ""b5"": {""services"": [""pose"", ""object""], ""fps"": {""pose"": 14, ""object"": 14}, ""eff_fps"": {""pose"": 14, ""object"": 14}, ""latency_ms"": {""pose"": 0, ""object"": 0}, ""svclat_ms"": {""pose"": 32.17, ""object"": 29.87}}, ""b6"": {""services"": [""pose"", ""object""], ""fps"": {""pose"": 14, ""object"": 14}, ""eff_fps"": {""pose"": 14, ""object"": 14}, ""latency_ms"": {""pose"": 0, ""object"": 0}, ""svclat_ms"": {""pose"": 29.99, ""object"": 28.97}}, ""b7"": {""services"": [""pose"", ""object""], ""fps"": {""pose"": 17, ""object"": 17}, ""eff_fps"": {""pose"": 17, ""object"": 17}, ""latency_ms"": {""pose"": 0, ""object"": 0}, ""svclat_ms"": {""pose"": 51.67, ""object"": 38.17}}, ""b8"": {""services"": [""pose"", ""object""], ""fps"": {""pose"": 14, ""object"": 14}, ""eff_fps"": {""pose"": 14, ""object"": 14}, ""latency_ms"": {""pose"": 0, ""object"": 0}, ""svclat_ms"": {""pose"": 43.56, ""object"": 32.31}}, ""b9"": {""services"": [""pose"", ""object""], ""fps"": {""pose"": 14, ""object"": 14}, ""eff_fps"": {""pose"": 14, ""object"": 14}, ""latency_ms"": {""pose"": 0, ""object"": 0}, ""svclat_ms"": {""pose"": 32.21, ""object"": 32.22}}, ""b10"": {""services"": [""pose"", ""object""], ""fps"": {""pose"": 14, ""object"": 14}, ""eff_fps"": {""pose"": 14, ""object"": 14}, ""latency_ms"": {""pose"": 0, ""object"": 0}, ""svclat_ms"": {""pose"": 30.02, ""object"": 29.58}}, ""b11"": {""services"": [""pose"", ""object""], ""fps"": {""pose"": 14, ""object"": 14}, ""eff_fps"": {""pose"": 14, ""object"": 14}, ""latency_ms"": {""pose"": 0, ""object"": 0}, ""svclat_ms"": {""pose"": 34.7, ""object"": 30.44}}, ""b12"": {""services"": [""pose"", ""object""], ""fps"": {""pose"": 14, ""object"": 14}, ""eff_fps"": {""pose"": 14, ""object"": 14}, ""latency_ms"": {""pose"": 0, ""object"": 0}, ""svclat_ms"": {""pose"": 31.36, ""object"": 34.01}}}"
226.0,36,36,1.0,0,0,13,19,19,1.0,1383.0,1344.0,0.972,0.0,0.53,0.0,0,0,0,0,0,0,0,0,0,0,0,0,0,"{""ip-172-31-0-204"": ""unhealthy"", ""ip-172-31-1-171"": ""unhealthy"", ""ip-172-31-10-12"": ""unhealthy"", ""ip-172-31-11-132"": ""healthy"", ""ip-172-31-13-134"": ""healthy"", ""ip-172-31-14-68"": ""healthy"", ""ip-172-31-40-239"": ""healthy""}",subscribe,233.9,0.6222,0,0,"{""ip-172-31-0-204"": {""gesture"": 1, ""pose"": 1, ""object"": 1}, ""ip-172-31-10-12"": {""object"": 1, ""gesture"": 1}, ""ip-172-31-11-132"": {""object"": 1, ""pose"": 1, ""gesture"": 1}, ""ip-172-31-40-239"": {""gesture"": 1, ""pose"": 1}, ""ip-172-31-1-171"": {""pose"": 1, ""gesture"": 1, ""object"": 1}, ""ip-172-31-13-134"": {""pose"": 1, ""gesture"": 1, ""object"": 1}, ""ip-172-31-14-68"": {""pose"": 1, ""gesture"": 1, ""object"": 1}}",{}
232.0,0,0,0,0,0,13,0,0,0,0,0,0,0,0,0,0,0,0,0,0,0,0,0,0,0,0,0,0,{},,0,0,0,0,{},{}
