elapsed_s,n_users,nsats,sat_rate,pods_added,pods_deleted,cumulative_pod_changes,total_pods,effective_pods,effective_pod_ratio,deployed_capacity_fps,total_allocated_fps,capacity_utilization,wasted_fps,pods_per_sat_user,avg_response_ms,real_pose_fps,real_gesture_fps,real_object_fps,eff_pose_fps,eff_gesture_fps,eff_object_fps,avg_pose_latency_ms,avg_gesture_latency_ms,avg_object_latency_ms,avg_pose_svclat_ms,avg_gesture_svclat_ms,avg_object_svclat_ms,real_total_recv_fps,node_status,trigger_type,solver_time_ms,q_score,phase1_triggered,phase1_alloc_count,node_topology,per_user_detail
1.4,0,0,0,0,0,0,0,0,0.0,0,0,0.0,0.0,0,0.0,0,0,0,0,0,0,0,0,0,0,0,0,0,"{""ip-172-31-0-204"": ""healthy"", ""ip-172-31-1-171"": ""healthy"", ""ip-172-31-10-12"": ""healthy"", ""ip-172-31-11-132"": ""healthy"", ""ip-172-31-13-134"": ""healthy"", ""ip-172-31-14-68"": ""healthy"", ""ip-172-31-40-239"": ""healthy""}",unsubscribe,0.1,0.0,0,0,{},"{""a1"": {""services"": [""pose"", ""gesture""], ""fps"": {""pose"": 0, ""gesture"": 0}, ""eff_fps"": {""pose"": 0, ""gesture"": 0}, ""latency_ms"": {""pose"": 0, ""gesture"": 0}, ""svclat_ms"": {""pose"": 0.0, ""gesture"": 0.0}}}"
2.9,0,0,0,0,0,0,0,0,0.0,0,0,0.0,0.0,0,0.0,0,0,0,0,0,0,0,0,0,0,0,0,0,"{""ip-172-31-0-204"": ""healthy"", ""ip-172-31-1-171"": ""healthy"", ""ip-172-31-10-12"": ""healthy"", ""ip-172-31-11-132"": ""healthy"", ""ip-172-31-13-134"": ""healthy"", ""ip-172-31-14-68"": ""healthy"", ""ip-172-31-40-239"": ""healthy""}",unsubscribe,0.1,0.0,0,0,{},"{""a1"": {""services"": [""pose"", ""gesture""], ""fps"": {""pose"": 0, ""gesture"": 0}, ""eff_fps"": {""pose"": 0, ""gesture"": 0}, ""latency_ms"": {""pose"": 0, ""gesture"": 0}, ""svclat_ms"": {""pose"": 0.0, ""gesture"": 0.0}}}"
4.3,1,0,0.0,0,0,0,0,0,0.0,0,0,0.0,0.0,0,0.0,0,0,0,0,0,0,0,0,0,0,0,0,0,"{""ip-172-31-0-204"": ""healthy"", ""ip-172-31-1-171"": ""healthy"", ""ip-172-31-10-12"": ""healthy"", ""ip-172-31-11-132"": ""healthy"", ""ip-172-31-13-134"": ""healthy"", ""ip-172-31-14-68"": ""healthy"", ""ip-172-31-40-239"": ""healthy""}",unsubscribe,0.1,0.0,0,0,{},"{""a1"": {""services"": [""pose"", ""gesture""], ""fps"": {""pose"": 0, ""gesture"": 0}, ""eff_fps"": {""pose"": 0, ""gesture"": 0}, ""latency_ms"": {""pose"": 0, ""gesture"": 0}, ""svclat_ms"": {""pose"": 0.0, ""gesture"": 0.0}}}"
5.8,1,0,0.0,0,0,0,0,0,0.0,0,0,0.0,0.0,0,0.0,0,0,0,0,0,0,0,0,0,0,0,0,0,"{""ip-172-31-0-204"": ""healthy"", ""ip-172-31-1-171"": ""healthy"", ""ip-172-31-10-12"": ""healthy"", ""ip-172-31-11-132"": ""healthy"", ""ip-172-31-13-134"": ""healthy"", ""ip-172-31-14-68"": ""healthy"", ""ip-172-31-40-239"": ""healthy""}",unsubscribe,0.1,0.0,0,0,{},"{""a1"": {""services"": [""pose"", ""gesture""], ""fps"": {""pose"": 0, ""gesture"": 0}, ""eff_fps"": {""pose"": 0, ""gesture"": 0}, ""latency_ms"": {""pose"": 0, ""gesture"": 0}, ""svclat_ms"": {""pose"": 0.0, ""gesture"": 0.0}}, ""a2"": {""services"": [""pose"", ""gesture""], ""fps"": {""pose"": 0, ""gesture"": 0}, ""eff_fps"": {""pose"": 0, ""gesture"": 0}, ""latency_ms"": {""pose"": 0, ""gesture"": 0}, ""svclat_ms"": {""pose"": 0.0, ""gesture"": 0.0}}}"
7.2,1,0,0.0,0,0,0,0,0,0.0,0,0,0.0,0.0,0,0.0,0,0,0,0,0,0,0,0,0,0,0,0,0,"{""ip-172-31-0-204"": ""healthy"", ""ip-172-31-1-171"": ""healthy"", ""ip-172-31-10-12"": ""healthy"", ""ip-172-31-11-132"": ""healthy"", ""ip-172-31-13-134"": ""healthy"", ""ip-172-31-14-68"": ""healthy"", ""ip-172-31-40-239"": ""healthy""}",unsubscribe,0.1,0.0,0,0,{},"{""a1"": {""services"": [""pose"", ""gesture""], ""fps"": {""pose"": 0, ""gesture"": 0}, ""eff_fps"": {""pose"": 0, ""gesture"": 0}, ""latency_ms"": {""pose"": 0, ""gesture"": 0}, ""svclat_ms"": {""pose"": 0.0, ""gesture"": 0.0}}, ""a2"": {""services"": [""pose"", ""gesture""], ""fps"": {""pose"": 0, ""gesture"": 0}, ""eff_fps"": {""pose"": 0, ""gesture"": 0}, ""latency_ms"": {""pose"": 0, ""gesture"": 0}, ""svclat_ms"": {""pose"": 0.0, ""gesture"": 0.0}}}"
8.6,1,0,0.0,0,0,0,0,0,0.0,0,0,0.0,0.0,0,0.0,0,0,0,0,0,0,0,0,0,0,0,0,0,"{""ip-172-31-0-204"": ""healthy"", ""ip-172-31-1-171"": ""healthy"", ""ip-172-31-10-12"": ""healthy"", ""ip-172-31-11-132"": ""healthy"", ""ip-172-31-13-134"": ""healthy"", ""ip-172-31-14-68"": ""healthy"", ""ip-172-31-40-239"": ""healthy""}",unsubscribe,0.1,0.0,0,0,{},"{""a1"": {""services"": [""pose"", ""gesture""], ""fps"": {""pose"": 0, ""gesture"": 0}, ""eff_fps"": {""pose"": 0, ""gesture"": 0}, ""latency_ms"": {""pose"": 0, ""gesture"": 0}, ""svclat_ms"": {""pose"": 0.0, ""gesture"": 0.0}}, ""a2"": {""services"": [""pose"", ""gesture""], ""fps"": {""pose"": 0, ""gesture"": 0}, ""eff_fps"": {""pose"": 0, ""gesture"": 0}, ""latency_ms"": {""pose"": 0, ""gesture"": 0}, ""svclat_ms"": {""pose"": 0.0, ""gesture"": 0.0}}}"
10.1,1,0,0.0,0,0,0,0,0,0.0,0,0,0.0,0.0,0,0.0,0,0,0,0,0,0,0,0,0,0,0,0,0,"{""ip-172-31-0-204"": ""healthy"", ""ip-172-31-1-171"": ""healthy"", ""ip-172-31-10-12"": ""healthy"", ""ip-172-31-11-132"": ""healthy"", ""ip-172-31-13-134"": ""healthy"", ""ip-172-31-14-68"": ""healthy"", ""ip-172-31-40-239"": ""healthy""}",unsubscribe,0.1,0.0,0,0,{},"{""a1"": {""services"": [""pose"", ""gesture""], ""fps"": {""pose"": 0, ""gesture"": 0}, ""eff_fps"": {""pose"": 0, ""gesture"": 0}, ""latency_ms"": {""pose"": 0, ""gesture"": 0}, ""svclat_ms"": {""pose"": 0.0, ""gesture"": 0.0}}, ""a2"": {""services"": [""pose"", ""gesture""], ""fps"": {""pose"": 0, ""gesture"": 0}, ""eff_fps"": {""pose"": 0, ""gesture"": 0}, ""latency_ms"": {""pose"": 0, ""gesture"": 0}, ""svclat_ms"": {""pose"": 0.0, ""gesture"": 0.0}}, ""a3"": {""services"": [""pose"", ""gesture""], ""fps"": {""pose"": 0, ""gesture"": 0}, ""eff_fps"": {""pose"": 0, ""gesture"": 0}, ""latency_ms"": {""pose"": 0, ""gesture"": 0}, ""svclat_ms"": {""pose"": 0.0, ""gesture"": 0.0}}}"
11.6,1,0,0.0,0,0,0,0,0,0.0,0,0,0.0,0.0,0,0.0,0,0,0,0,0,0,0,0,0,0,0,0,0,"{""ip-172-31-0-204"": ""healthy"", ""ip-172-31-1-171"": ""healthy"", ""ip-172-31-10-12"": ""healthy"", ""ip-172-31-11-132"": ""healthy"", ""ip-172-31-13-134"": ""healthy"", ""ip-172-31-14-68"": ""healthy"", ""ip-172-31-40-239"": ""healthy""}",unsubscribe,0.1,0.0,0,0,{},"{""a1"": {""services"": [""pose"", ""gesture""], ""fps"": {""pose"": 0, ""gesture"": 0}, ""eff_fps"": {""pose"": 0, ""gesture"": 0}, ""latency_ms"": {""pose"": 0, ""gesture"": 0}, ""svclat_ms"": {""pose"": 0.0, ""gesture"": 0.0}}, ""a2"": {""services"": [""pose"", ""gesture""], ""fps"": {""pose"": 0, ""gesture"": 0}, ""eff_fps"": {""pose"": 0, ""gesture"": 0}, ""latency_ms"": {""pose"": 0, ""gesture"": 0}, ""svclat_ms"": {""pose"": 0.0, ""gesture"": 0.0}}, ""a3"": {""services"": [""pose"", ""gesture""], ""fps"": {""pose"": 0, ""gesture"": 0}, ""eff_fps"": {""pose"": 0, ""gesture"": 0}, ""latency_ms"": {""pose"": 0, ""gesture"": 0}, ""svclat_ms"": {""pose"": 0.0, ""gesture"": 0.0}}}"
13.0,1,0,0.0,0,0,0,0,0,0.0,0,0,0.0,0.0,0,0.0,0,0,0,0,0,0,0,0,0,0,0,0,0,"{""ip-172-31-0-204"": ""healthy"", ""ip-172-31-1-171"": ""healthy"", ""ip-172-31-10-12"": ""healthy"", ""ip-172-31-11-132"": ""healthy"", ""ip-172-31-13-134"": ""healthy"", ""ip-172-31-14-68"": ""healthy"", ""ip-172-31-40-239"": ""healthy""}",unsubscribe,0.1,0.0,0,0,{},"{""a1"": {""services"": [""pose"", ""gesture""], ""fps"": {""pose"": 0, ""gesture"": 0}, ""eff_fps"": {""pose"": 0, ""gesture"": 0}, ""latency_ms"": {""pose"": 0, ""gesture"": 0}, ""svclat_ms"": {""pose"": 0.0, ""gesture"": 0.0}}, ""a2"": {""services"": [""pose"", ""gesture""], ""fps"": {""pose"": 0, ""gesture"": 0}, ""eff_fps"": {""pose"": 0, ""gesture"": 0}, ""latency_ms"": {""pose"": 0, ""gesture"": 0}, ""svclat_ms"": {""pose"": 0.0, ""gesture"": 0.0}}, ""a3"": {""services"": [""pose"", ""gesture""], ""fps"": {""pose"": 0, ""gesture"": 0}, ""eff_fps"": {""pose"": 0, ""gesture"": 0}, ""latency_ms"": {""pose"": 0, ""gesture"": 0}, ""svclat_ms"": {""pose"": 0.0, ""gesture"": 0.0}}}"
18.5,2,1,0.5,16,0,16,16,2,0.125,1171.0,60.0,0.051,0.0,16.0,0.0,30.0,30.0,0,30.0,30.0,0,0,0,0,16.66,14.61,0,120,"{""ip-172-31-0-204"": ""healthy"", ""ip-172-31-1-171"": ""healthy"", ""ip-172-31-10-12"": ""healthy"", ""ip-172-31-11-132"": ""healthy"", ""ip-172-31-13-134"": ""healthy"", ""ip-172-31-14-68"": ""healthy"", ""ip-172-31-40-239"": ""healthy""}",subscribe,59.3,1.0,0,0,"{""ip-172-31-11-132"": {""pose"": 1, ""object"": 1}, ""ip-172-31-10-12"": {""gesture"": 1, ""pose"": 1, ""object"": 1}, ""ip-172-31-40-239"": {""gesture"": 1, ""object"": 1, ""pose"": 1}, ""ip-172-31-14-68"": {""pose"": 1}, ""ip-172-31-13-134"": {""object"": 1, ""pose"": 1, ""gesture"": 1}, ""ip-172-31-1-171"": {""object"": 1, ""gesture"": 1, ""pose"": 1}, ""ip-172-31-0-204"": {""gesture"": 1}}","{""a1"": {""services"": [""pose"", ""gesture""], ""fps"": {""pose"": 30, ""gesture"": 30}, ""eff_fps"": {""pose"": 30, ""gesture"": 30}, ""latency_ms"": {""pose"": 0, ""gesture"": 0}, ""svclat_ms"": {""pose"": 16.34, ""gesture"": 14.08}}, ""a2"": {""services"": [""pose"", ""gesture""], ""fps"": {""pose"": 30, ""gesture"": 30}, ""eff_fps"": {""pose"": 30, ""gesture"": 30}, ""latency_ms"": {""pose"": 0, ""gesture"": 0}, ""svclat_ms"": {""pose"": 16.97, ""gesture"": 15.14}}, ""a3"": {""services"": [""pose"", ""gesture""], ""fps"": {""pose"": 0, ""gesture"": 0}, ""eff_fps"": {""pose"": 0, ""gesture"": 0}, ""latency_ms"": {""pose"": 0, ""gesture"": 0}, ""svclat_ms"": {""pose"": 0.0, ""gesture"": 0.0}}, ""a4"": {""services"": [""pose"", ""gesture""], ""fps"": {""pose"": 0, ""gesture"": 0}, ""eff_fps"": {""pose"": 0, ""gesture"": 0}, ""latency_ms"": {""pose"": 0, ""gesture"": 0}, ""svclat_ms"": {""pose"": 0.0, ""gesture"": 0.0}}}"
23.4,4,3,0.75,0,0,16,16,6,0.375,1171.0,180.0,0.154,0.0,5.33,0.0,30.0,30.0,0,30.0,30.0,0,0,0,0,17.45,14.95,0,240,"{""ip-172-31-0-204"": ""healthy"", ""ip-172-31-1-171"": ""healthy"", ""ip-172-31-10-12"": ""healthy"", ""ip-172-31-11-132"": ""healthy"", ""ip-172-31-13-134"": ""healthy"", ""ip-172-31-14-68"": ""healthy"", ""ip-172-31-40-239"": ""healthy""}",subscribe,70.5,1.0,0,0,"{""ip-172-31-11-132"": {""pose"": 1, ""object"": 1}, ""ip-172-31-10-12"": {""gesture"": 1, ""pose"": 1, ""object"": 1}, ""ip-172-31-40-239"": {""gesture"": 1, ""object"": 1, ""pose"": 1}, ""ip-172-31-14-68"": {""pose"": 1}, ""ip-172-31-13-134"": {""object"": 1, ""pose"": 1, ""gesture"": 1}, ""ip-172-31-1-171"": {""object"": 1, ""gesture"": 1, ""pose"": 1}, ""ip-172-31-0-204"": {""gesture"": 1}}","{""a1"": {""services"": [""pose"", ""gesture""], ""fps"": {""pose"": 30, ""gesture"": 30}, ""eff_fps"": {""pose"": 30, ""gesture"": 30}, ""latency_ms"": {""pose"": 0, ""gesture"": 0}, ""svclat_ms"": {""pose"": 16.11, ""gesture"": 14.18}}, ""a2"": {""services"": [""pose"", ""gesture""], ""fps"": {""pose"": 30, ""gesture"": 30}, ""eff_fps"": {""pose"": 30, ""gesture"": 30}, ""latency_ms"": {""pose"": 0, ""gesture"": 0}, ""svclat_ms"": {""pose"": 17.08, ""gesture"": 15.89}}, ""a3"": {""services"": [""pose"", ""gesture""], ""fps"": {""pose"": 30, ""gesture"": 30}, ""eff_fps"": {""pose"": 30, ""gesture"": 30}, ""latency_ms"": {""pose"": 0, ""gesture"": 0}, ""svclat_ms"": {""pose"": 19.02, ""gesture"": 15.03}}, ""a4"": {""services"": [""pose"", ""gesture""], ""fps"": {""pose"": 30, ""gesture"": 30}, ""eff_fps"": {""pose"": 30, ""gesture"": 30}, ""latency_ms"": {""pose"": 0, ""gesture"": 0}, ""svclat_ms"": {""pose"": 17.61, ""gesture"": 14.69}}, ""a5"": {""services"": [""pose"", ""gesture""], ""fps"": {""pose"": 0, ""gesture"": 0}, ""eff_fps"": {""pose"": 0, ""gesture"": 0}, ""latency_ms"": {""pose"": 0, ""gesture"": 0}, ""svclat_ms"": {""pose"": 0.0, ""gesture"": 0.0}}}"
27.0,5,5,1.0,0,0,16,16,10,0.625,1171.0,300.0,0.256,0.0,3.2,0.0,30.0,30.0,0,30.0,30.0,0,0,0,0,17.53,14.76,0,300,"{""ip-172-31-0-204"": ""healthy"", ""ip-172-31-1-171"": ""healthy"", ""ip-172-31-10-12"": ""healthy"", ""ip-172-31-11-132"": ""healthy"", ""ip-172-31-13-134"": ""healthy"", ""ip-172-31-14-68"": ""healthy"", ""ip-172-31-40-239"": ""healthy""}",subscribe,81.6,1.0,0,0,"{""ip-172-31-11-132"": {""pose"": 1, ""object"": 1}, ""ip-172-31-10-12"": {""gesture"": 1, ""pose"": 1, ""object"": 1}, ""ip-172-31-40-239"": {""gesture"": 1, ""object"": 1, ""pose"": 1}, ""ip-172-31-14-68"": {""pose"": 1}, ""ip-172-31-13-134"": {""object"": 1, ""pose"": 1, ""gesture"": 1}, ""ip-172-31-1-171"": {""object"": 1, ""gesture"": 1, ""pose"": 1}, ""ip-172-31-0-204"": {""gesture"": 1}}","{""a1"": {""services"": [""pose"", ""gesture""], ""fps"": {""pose"": 30, ""gesture"": 30}, ""eff_fps"": {""pose"": 30, ""gesture"": 30}, ""latency_ms"": {""pose"": 0, ""gesture"": 0}, ""svclat_ms"": {""pose"": 16.43, ""gesture"": 14.18}}, ""a2"": {""services"": [""pose"", ""gesture""], ""fps"": {""pose"": 30, ""gesture"": 30}, ""eff_fps"": {""pose"": 30, ""gesture"": 30}, ""latency_ms"": {""pose"": 0, ""gesture"": 0}, ""svclat_ms"": {""pose"": 17.06, ""gesture"": 15.86}}, ""a3"": {""services"": [""pose"", ""gesture""], ""fps"": {""pose"": 30, ""gesture"": 30}, ""eff_fps"": {""pose"": 30, ""gesture"": 30}, ""latency_ms"": {""pose"": 0, ""gesture"": 0}, ""svclat_ms"": {""pose"": 19.52, ""gesture"": 14.59}}, ""a4"": {""services"": [""pose"", ""gesture""], ""fps"": {""pose"": 30, ""gesture"": 30}, ""eff_fps"": {""pose"": 30, ""gesture"": 30}, ""latency_ms"": {""pose"": 0, ""gesture"": 0}, ""svclat_ms"": {""pose"": 17.33, ""gesture"": 15.36}}, ""a5"": {""services"": [""pose"", ""gesture""], ""fps"": {""pose"": 30, ""gesture"": 30}, ""eff_fps"": {""pose"": 30, ""gesture"": 30}, ""latency_ms"": {""pose"": 0, ""gesture"": 0}, ""svclat_ms"": {""pose"": 17.3, ""gesture"": 13.81}}, ""a6"": {""services"": [""pose"", ""gesture""], ""fps"": {""pose"": 0, ""gesture"": 0}, ""eff_fps"": {""pose"": 0, ""gesture"": 0}, ""latency_ms"": {""pose"": 0, ""gesture"": 0}, ""svclat_ms"": {""pose"": 0.0, ""gesture"": 0.0}}}"
31.0,6,6,1.0,0,0,16,16,11,0.688,1171.0,360.0,0.307,0.0,2.67,0.0,30.17,30.0,0,30.17,30.0,0,0,0,0,18.02,15.4,0,361,"{""ip-172-31-0-204"": ""healthy"", ""ip-172-31-1-171"": ""healthy"", ""ip-172-31-10-12"": ""healthy"", ""ip-172-31-11-132"": ""healthy"", ""ip-172-31-13-134"": ""healthy"", ""ip-172-31-14-68"": ""healthy"", ""ip-172-31-40-239"": ""healthy""}",subscribe,85.2,1.0,0,0,"{""ip-172-31-11-132"": {""pose"": 1, ""object"": 1}, ""ip-172-31-10-12"": {""gesture"": 1, ""pose"": 1, ""object"": 1}, ""ip-172-31-40-239"": {""gesture"": 1, ""object"": 1, ""pose"": 1}, ""ip-172-31-14-68"": {""pose"": 1}, ""ip-172-31-13-134"": {""object"": 1, ""pose"": 1, ""gesture"": 1}, ""ip-172-31-1-171"": {""object"": 1, ""gesture"": 1, ""pose"": 1}, ""ip-172-31-0-204"": {""gesture"": 1}}","{""a1"": {""services"": [""pose"", ""gesture""], ""fps"": {""pose"": 30, ""gesture"": 30}, ""eff_fps"": {""pose"": 30, ""gesture"": 30}, ""latency_ms"": {""pose"": 0, ""gesture"": 0}, ""svclat_ms"": {""pose"": 16.13, ""gesture"": 15.3}}, ""a2"": {""services"": [""pose"", ""gesture""], ""fps"": {""pose"": 30, ""gesture"": 30}, ""eff_fps"": {""pose"": 30, ""gesture"": 30}, ""latency_ms"": {""pose"": 0, ""gesture"": 0}, ""svclat_ms"": {""pose"": 16.82, ""gesture"": 15.17}}, ""a3"": {""services"": [""pose"", ""gesture""], ""fps"": {""pose"": 30, ""gesture"": 30}, ""eff_fps"": {""pose"": 30, ""gesture"": 30}, ""latency_ms"": {""pose"": 0, ""gesture"": 0}, ""svclat_ms"": {""pose"": 19.27, ""gesture"": 14.59}}, ""a4"": {""services"": [""pose"", ""gesture""], ""fps"": {""pose"": 30, ""gesture"": 30}, ""eff_fps"": {""pose"": 30, ""gesture"": 30}, ""latency_ms"": {""pose"": 0, ""gesture"": 0}, ""svclat_ms"": {""pose"": 17.28, ""gesture"": 15.67}}, ""a5"": {""services"": [""pose"", ""gesture""], ""fps"": {""pose"": 30, ""gesture"": 30}, ""eff_fps"": {""pose"": 30, ""gesture"": 30}, ""latency_ms"": {""pose"": 0, ""gesture"": 0}, ""svclat_ms"": {""pose"": 21.09, ""gesture"": 15.88}}, ""a6"": {""services"": [""pose"", ""gesture""], ""fps"": {""pose"": 31, ""gesture"": 30}, ""eff_fps"": {""pose"": 31, ""gesture"": 30}, ""latency_ms"": {""pose"": 0, ""gesture"": 0}, ""svclat_ms"": {""pose"": 17.5, ""gesture"": 15.8}}, ""a7"": {""services"": [""pose"", ""gesture""], ""fps"": {""pose"": 0, ""gesture"": 0}, ""eff_fps"": {""pose"": 0, ""gesture"": 0}, ""latency_ms"": {""pose"": 0, ""gesture"": 0}, ""svclat_ms"": {""pose"": 0.0, ""gesture"": 0.0}}}"
34.8,6,6,1.0,0,0,16,16,11,0.688,1171.0,360.0,0.307,0.0,2.67,0.0,29.57,29.86,0,29.57,29.86,0,0,0,0,19.16,16.21,0,416,"{""ip-172-31-0-204"": ""healthy"", ""ip-172-31-1-171"": ""healthy"", ""ip-172-31-10-12"": ""healthy"", ""ip-172-31-11-132"": ""healthy"", ""ip-172-31-13-134"": ""healthy"", ""ip-172-31-14-68"": ""healthy"", ""ip-172-31-40-239"": ""healthy""}",subscribe,85.2,1.0,0,0,"{""ip-172-31-11-132"": {""pose"": 1, ""object"": 1}, ""ip-172-31-10-12"": {""gesture"": 1, ""pose"": 1, ""object"": 1}, ""ip-172-31-40-239"": {""gesture"": 1, ""object"": 1, ""pose"": 1}, ""ip-172-31-14-68"": {""pose"": 1}, ""ip-172-31-13-134"": {""object"": 1, ""pose"": 1, ""gesture"": 1}, ""ip-172-31-1-171"": {""object"": 1, ""gesture"": 1, ""pose"": 1}, ""ip-172-31-0-204"": {""gesture"": 1}}","{""a1"": {""services"": [""pose"", ""gesture""], ""fps"": {""pose"": 28, ""gesture"": 30}, ""eff_fps"": {""pose"": 28, ""gesture"": 30}, ""latency_ms"": {""pose"": 0, ""gesture"": 0}, ""svclat_ms"": {""pose"": 22.82, ""gesture"": 15.22}}, ""a2"": {""services"": [""pose"", ""gesture""], ""fps"": {""pose"": 30, ""gesture"": 29}, ""eff_fps"": {""pose"": 30, ""gesture"": 29}, ""latency_ms"": {""pose"": 0, ""gesture"": 0}, ""svclat_ms"": {""pose"": 17.12, ""gesture"": 19.05}}, ""a3"": {""services"": [""pose"", ""gesture""], ""fps"": {""pose"": 29, ""gesture"": 30}, ""eff_fps"": {""pose"": 29, ""gesture"": 30}, ""latency_ms"": {""pose"": 0, ""gesture"": 0}, ""svclat_ms"": {""pose"": 17.94, ""gesture"": 14.7}}, ""a4"": {""services"": [""pose"", ""gesture""], ""fps"": {""pose"": 30, ""gesture"": 30}, ""eff_fps"": {""pose"": 30, ""gesture"": 30}, ""latency_ms"": {""pose"": 0, ""gesture"": 0}, ""svclat_ms"": {""pose"": 17.55, ""gesture"": 15.53}}, ""a5"": {""services"": [""pose"", ""gesture""], ""fps"": {""pose"": 30, ""gesture"": 30}, ""eff_fps"": {""pose"": 30, ""gesture"": 30}, ""latency_ms"": {""pose"": 0, ""gesture"": 0}, ""svclat_ms"": {""pose"": 21.32, ""gesture"": 15.99}}, ""a6"": {""services"": [""pose"", ""gesture""], ""fps"": {""pose"": 30, ""gesture"": 30}, ""eff_fps"": {""pose"": 30, ""gesture"": 30}, ""latency_ms"": {""pose"": 0, ""gesture"": 0}, ""svclat_ms"": {""pose"": 17.91, ""gesture"": 16.08}}, ""a7"": {""services"": [""pose"", ""gesture""], ""fps"": {""pose"": 30, ""gesture"": 30}, ""eff_fps"": {""pose"": 30, ""gesture"": 30}, ""latency_ms"": {""pose"": 0, ""gesture"": 0}, ""svclat_ms"": {""pose"": 19.45, ""gesture"": 16.88}}}"
37.2,7,7,1.0,0,0,16,16,11,0.688,1171.0,420.0,0.359,0.0,2.29,0.0,30.0,30.0,0,30.0,30.0,0,0,0,0,18.89,15.99,0,420,"{""ip-172-31-0-204"": ""healthy"", ""ip-172-31-1-171"": ""healthy"", ""ip-172-31-10-12"": ""healthy"", ""ip-172-31-11-132"": ""healthy"", ""ip-172-31-13-134"": ""healthy"", ""ip-172-31-14-68"": ""healthy"", ""ip-172-31-40-239"": ""healthy""}",subscribe,90.0,1.0,0,0,"{""ip-172-31-11-132"": {""pose"": 1, ""object"": 1}, ""ip-172-31-10-12"": {""gesture"": 1, ""pose"": 1, ""object"": 1}, ""ip-172-31-40-239"": {""gesture"": 1, ""object"": 1, ""pose"": 1}, ""ip-172-31-14-68"": {""pose"": 1}, ""ip-172-31-13-134"": {""object"": 1, ""pose"": 1, ""gesture"": 1}, ""ip-172-31-1-171"": {""object"": 1, ""gesture"": 1, ""pose"": 1}, ""ip-172-31-0-204"": {""gesture"": 1}}","{""a1"": {""services"": [""pose"", ""gesture""], ""fps"": {""pose"": 30, ""gesture"": 30}, ""eff_fps"": {""pose"": 30, ""gesture"": 30}, ""latency_ms"": {""pose"": 0, ""gesture"": 0}, ""svclat_ms"": {""pose"": 20.42, ""gesture"": 15.78}}, ""a2"": {""services"": [""pose"", ""gesture""], ""fps"": {""pose"": 30, ""gesture"": 30}, ""eff_fps"": {""pose"": 30, ""gesture"": 30}, ""latency_ms"": {""pose"": 0, ""gesture"": 0}, ""svclat_ms"": {""pose"": 17.18, ""gesture"": 16.59}}, ""a3"": {""services"": [""pose"", ""gesture""], ""fps"": {""pose"": 30, ""gesture"": 30}, ""eff_fps"": {""pose"": 30, ""gesture"": 30}, ""latency_ms"": {""pose"": 0, ""gesture"": 0}, ""svclat_ms"": {""pose"": 19.69, ""gesture"": 14.71}}, ""a4"": {""services"": [""pose"", ""gesture""], ""fps"": {""pose"": 30, ""gesture"": 30}, ""eff_fps"": {""pose"": 30, ""gesture"": 30}, ""latency_ms"": {""pose"": 0, ""gesture"": 0}, ""svclat_ms"": {""pose"": 17.11, ""gesture"": 15.58}}, ""a5"": {""services"": [""pose"", ""gesture""], ""fps"": {""pose"": 30, ""gesture"": 30}, ""eff_fps"": {""pose"": 30, ""gesture"": 30}, ""latency_ms"": {""pose"": 0, ""gesture"": 0}, ""svclat_ms"": {""pose"": 21.53, ""gesture"": 14.67}}, ""a6"": {""services"": [""pose"", ""gesture""], ""fps"": {""pose"": 30, ""gesture"": 30}, ""eff_fps"": {""pose"": 30, ""gesture"": 30}, ""latency_ms"": {""pose"": 0, ""gesture"": 0}, ""svclat_ms"": {""pose"": 16.86, ""gesture"": 16.28}}, ""a7"": {""services"": [""pose"", ""gesture""], ""fps"": {""pose"": 30, ""gesture"": 30}, ""eff_fps"": {""pose"": 30, ""gesture"": 30}, ""latency_ms"": {""pose"": 0, ""gesture"": 0}, ""svclat_ms"": {""pose"": 19.45, ""gesture"": 18.29}}, ""a8"": {""services"": [""pose"", ""gesture""], ""fps"": {""pose"": 0, ""gesture"": 0}, ""eff_fps"": {""pose"": 0, ""gesture"": 0}, ""latency_ms"": {""pose"": 0, ""gesture"": 0}, ""svclat_ms"": {""pose"": 0.0, ""gesture"": 0.0}}}"
41.1,8,8,1.0,0,0,16,16,11,0.688,1171.0,480.0,0.41,0.0,2.0,0.0,30.0,30.0,0,30.0,30.0,0,0,0,0,19.24,15.78,0,480,"{""ip-172-31-0-204"": ""healthy"", ""ip-172-31-1-171"": ""healthy"", ""ip-172-31-10-12"": ""healthy"", ""ip-172-31-11-132"": ""healthy"", ""ip-172-31-13-134"": ""healthy"", ""ip-172-31-14-68"": ""healthy"", ""ip-172-31-40-239"": ""healthy""}",subscribe,96.3,1.0,0,0,"{""ip-172-31-11-132"": {""pose"": 1, ""object"": 1}, ""ip-172-31-10-12"": {""gesture"": 1, ""pose"": 1, ""object"": 1}, ""ip-172-31-40-239"": {""gesture"": 1, ""object"": 1, ""pose"": 1}, ""ip-172-31-14-68"": {""pose"": 1}, ""ip-172-31-13-134"": {""object"": 1, ""pose"": 1, ""gesture"": 1}, ""ip-172-31-1-171"": {""object"": 1, ""gesture"": 1, ""pose"": 1}, ""ip-172-31-0-204"": {""gesture"": 1}}","{""a1"": {""services"": [""pose"", ""gesture""], ""fps"": {""pose"": 30, ""gesture"": 30}, ""eff_fps"": {""pose"": 30, ""gesture"": 30}, ""latency_ms"": {""pose"": 0, ""gesture"": 0}, ""svclat_ms"": {""pose"": 19.99, ""gesture"": 15.43}}, ""a2"": {""services"": [""pose"", ""gesture""], ""fps"": {""pose"": 30, ""gesture"": 30}, ""eff_fps"": {""pose"": 30, ""gesture"": 30}, ""latency_ms"": {""pose"": 0, ""gesture"": 0}, ""svclat_ms"": {""pose"": 20.59, ""gesture"": 15.57}}, ""a3"": {""services"": [""pose"", ""gesture""], ""fps"": {""pose"": 30, ""gesture"": 30}, ""eff_fps"": {""pose"": 30, ""gesture"": 30}, ""latency_ms"": {""pose"": 0, ""gesture"": 0}, ""svclat_ms"": {""pose"": 17.49, ""gesture"": 14.71}}, ""a4"": {""services"": [""pose"", ""gesture""], ""fps"": {""pose"": 30, ""gesture"": 30}, ""eff_fps"": {""pose"": 30, ""gesture"": 30}, ""latency_ms"": {""pose"": 0, ""gesture"": 0}, ""svclat_ms"": {""pose"": 19.07, ""gesture"": 15.5}}, ""a5"": {""services"": [""pose"", ""gesture""], ""fps"": {""pose"": 30, ""gesture"": 30}, ""eff_fps"": {""pose"": 30, ""gesture"": 30}, ""latency_ms"": {""pose"": 0, ""gesture"": 0}, ""svclat_ms"": {""pose"": 21.16, ""gesture"": 15.94}}, ""a6"": {""services"": [""pose"", ""gesture""], ""fps"": {""pose"": 30, ""gesture"": 30}, ""eff_fps"": {""pose"": 30, ""gesture"": 30}, ""latency_ms"": {""pose"": 0, ""gesture"": 0}, ""svclat_ms"": {""pose"": 17.42, ""gesture"": 15.82}}, ""a7"": {""services"": [""pose"", ""gesture""], ""fps"": {""pose"": 30, ""gesture"": 30}, ""eff_fps"": {""pose"": 30, ""gesture"": 30}, ""latency_ms"": {""pose"": 0, ""gesture"": 0}, ""svclat_ms"": {""pose"": 18.82, ""gesture"": 16.33}}, ""a8"": {""services"": [""pose"", ""gesture""], ""fps"": {""pose"": 30, ""gesture"": 30}, ""eff_fps"": {""pose"": 30, ""gesture"": 30}, ""latency_ms"": {""pose"": 0, ""gesture"": 0}, ""svclat_ms"": {""pose"": 19.42, ""gesture"": 16.97}}, ""a9"": {""services"": [""pose"", ""gesture""], ""fps"": {""pose"": 0, ""gesture"": 0}, ""eff_fps"": {""pose"": 0, ""gesture"": 0}, ""latency_ms"": {""pose"": 0, ""gesture"": 0}, ""svclat_ms"": {""pose"": 0.0, ""gesture"": 0.0}}}"
44.8,8,8,1.0,0,0,16,16,11,0.688,1171.0,480.0,0.41,0.0,2.0,0.0,29.78,30.0,0,29.78,30.0,0,0,0,0,20.35,16.1,0,538,"{""ip-172-31-0-204"": ""healthy"", ""ip-172-31-1-171"": ""healthy"", ""ip-172-31-10-12"": ""healthy"", ""ip-172-31-11-132"": ""healthy"", ""ip-172-31-13-134"": ""healthy"", ""ip-172-31-14-68"": ""healthy"", ""ip-172-31-40-239"": ""healthy""}",subscribe,96.3,1.0,0,0,"{""ip-172-31-11-132"": {""pose"": 1, ""object"": 1}, ""ip-172-31-10-12"": {""gesture"": 1, ""pose"": 1, ""object"": 1}, ""ip-172-31-40-239"": {""gesture"": 1, ""object"": 1, ""pose"": 1}, ""ip-172-31-14-68"": {""pose"": 1}, ""ip-172-31-13-134"": {""object"": 1, ""pose"": 1, ""gesture"": 1}, ""ip-172-31-1-171"": {""object"": 1, ""gesture"": 1, ""pose"": 1}, ""ip-172-31-0-204"": {""gesture"": 1}}","{""a1"": {""services"": [""pose"", ""gesture""], ""fps"": {""pose"": 30, ""gesture"": 30}, ""eff_fps"": {""pose"": 30, ""gesture"": 30}, ""latency_ms"": {""pose"": 0, ""gesture"": 0}, ""svclat_ms"": {""pose"": 20.2, ""gesture"": 15.48}}, ""a2"": {""services"": [""pose"", ""gesture""], ""fps"": {""pose"": 30, ""gesture"": 30}, ""eff_fps"": {""pose"": 30, ""gesture"": 30}, ""latency_ms"": {""pose"": 0, ""gesture"": 0}, ""svclat_ms"": {""pose"": 21.11, ""gesture"": 17.71}}, ""a3"": {""services"": [""pose"", ""gesture""], ""fps"": {""pose"": 29, ""gesture"": 30}, ""eff_fps"": {""pose"": 29, ""gesture"": 30}, ""latency_ms"": {""pose"": 0, ""gesture"": 0}, ""svclat_ms"": {""pose"": 22.51, ""gesture"": 14.39}}, ""a4"": {""services"": [""pose"", ""gesture""], ""fps"": {""pose"": 30, ""gesture"": 30}, ""eff_fps"": {""pose"": 30, ""gesture"": 30}, ""latency_ms"": {""pose"": 0, ""gesture"": 0}, ""svclat_ms"": {""pose"": 18.92, ""gesture"": 17.2}}, ""a5"": {""services"": [""pose"", ""gesture""], ""fps"": {""pose"": 30, ""gesture"": 30}, ""eff_fps"": {""pose"": 30, ""gesture"": 30}, ""latency_ms"": {""pose"": 0, ""gesture"": 0}, ""svclat_ms"": {""pose"": 22.59, ""gesture"": 15.11}}, ""a6"": {""services"": [""pose"", ""gesture""], ""fps"": {""pose"": 30, ""gesture"": 30}, ""eff_fps"": {""pose"": 30, ""gesture"": 30}, ""latency_ms"": {""pose"": 0, ""gesture"": 0}, ""svclat_ms"": {""pose"": 16.66, ""gesture"": 15.96}}, ""a7"": {""services"": [""pose"", ""gesture""], ""fps"": {""pose"": 30, ""gesture"": 30}, ""eff_fps"": {""pose"": 30, ""gesture"": 30}, ""latency_ms"": {""pose"": 0, ""gesture"": 0}, ""svclat_ms"": {""pose"": 18.92, ""gesture"": 17.58}}, ""a8"": {""services"": [""pose"", ""gesture""], ""fps"": {""pose"": 30, ""gesture"": 30}, ""eff_fps"": {""pose"": 30, ""gesture"": 30}, ""latency_ms"": {""pose"": 0, ""gesture"": 0}, ""svclat_ms"": {""pose"": 19.68, ""gesture"": 16.35}}, ""a9"": {""services"": [""pose"", ""gesture""], ""fps"": {""pose"": 29, ""gesture"": 30}, ""eff_fps"": {""pose"": 29, ""gesture"": 30}, ""latency_ms"": {""pose"": 0, ""gesture"": 0}, ""svclat_ms"": {""pose"": 22.53, ""gesture"": 15.1}}}"
47.3,9,9,1.0,0,0,16,16,11,0.688,1171.0,538.0,0.459,0.0,1.78,0.0,29.78,30.0,0,29.78,30.0,0,0,0,0,20.13,16.09,0,538,"{""ip-172-31-0-204"": ""healthy"", ""ip-172-31-1-171"": ""healthy"", ""ip-172-31-10-12"": ""healthy"", ""ip-172-31-11-132"": ""healthy"", ""ip-172-31-13-134"": ""healthy"", ""ip-172-31-14-68"": ""healthy"", ""ip-172-31-40-239"": ""healthy""}",subscribe,106.2,0.9963,0,0,"{""ip-172-31-11-132"": {""pose"": 1, ""object"": 1}, ""ip-172-31-10-12"": {""gesture"": 1, ""pose"": 1, ""object"": 1}, ""ip-172-31-40-239"": {""gesture"": 1, ""object"": 1, ""pose"": 1}, ""ip-172-31-14-68"": {""pose"": 1}, ""ip-172-31-13-134"": {""object"": 1, ""pose"": 1, ""gesture"": 1}, ""ip-172-31-1-171"": {""object"": 1, ""gesture"": 1, ""pose"": 1}, ""ip-172-31-0-204"": {""gesture"": 1}}","{""a1"": {""services"": [""pose"", ""gesture""], ""fps"": {""pose"": 30, ""gesture"": 30}, ""eff_fps"": {""pose"": 30, ""gesture"": 30}, ""latency_ms"": {""pose"": 0, ""gesture"": 0}, ""svclat_ms"": {""pose"": 20.16, ""gesture"": 15.87}}, ""a2"": {""services"": [""pose"", ""gesture""], ""fps"": {""pose"": 30, ""gesture"": 30}, ""eff_fps"": {""pose"": 30, ""gesture"": 30}, ""latency_ms"": {""pose"": 0, ""gesture"": 0}, ""svclat_ms"": {""pose"": 20.85, ""gesture"": 16.39}}, ""a3"": {""services"": [""pose"", ""gesture""], ""fps"": {""pose"": 29, ""gesture"": 30}, ""eff_fps"": {""pose"": 29, ""gesture"": 30}, ""latency_ms"": {""pose"": 0, ""gesture"": 0}, ""svclat_ms"": {""pose"": 21.34, ""gesture"": 14.86}}, ""a4"": {""services"": [""pose"", ""gesture""], ""fps"": {""pose"": 30, ""gesture"": 30}, ""eff_fps"": {""pose"": 30, ""gesture"": 30}, ""latency_ms"": {""pose"": 0, ""gesture"": 0}, ""svclat_ms"": {""pose"": 18.72, ""gesture"": 16.77}}, ""a5"": {""services"": [""pose"", ""gesture""], ""fps"": {""pose"": 30, ""gesture"": 30}, ""eff_fps"": {""pose"": 30, ""gesture"": 30}, ""latency_ms"": {""pose"": 0, ""gesture"": 0}, ""svclat_ms"": {""pose"": 22.52, ""gesture"": 15.86}}, ""a6"": {""services"": [""pose"", ""gesture""], ""fps"": {""pose"": 30, ""gesture"": 30}, ""eff_fps"": {""pose"": 30, ""gesture"": 30}, ""latency_ms"": {""pose"": 0, ""gesture"": 0}, ""svclat_ms"": {""pose"": 17.54, ""gesture"": 16.34}}, ""a7"": {""services"": [""pose"", ""gesture""], ""fps"": {""pose"": 30, ""gesture"": 30}, ""eff_fps"": {""pose"": 30, ""gesture"": 30}, ""latency_ms"": {""pose"": 0, ""gesture"": 0}, ""svclat_ms"": {""pose"": 19.2, ""gesture"": 17.03}}, ""a8"": {""services"": [""pose"", ""gesture""], ""fps"": {""pose"": 30, ""gesture"": 30}, ""eff_fps"": {""pose"": 30, ""gesture"": 30}, ""latency_ms"": {""pose"": 0, ""gesture"": 0}, ""svclat_ms"": {""pose"": 19.71, ""gesture"": 16.82}}, ""a9"": {""services"": [""pose"", ""gesture""], ""fps"": {""pose"": 29, ""gesture"": 30}, ""eff_fps"": {""pose"": 29, ""gesture"": 30}, ""latency_ms"": {""pose"": 0, ""gesture"": 0}, ""svclat_ms"": {""pose"": 21.14, ""gesture"": 14.84}}, ""a10"": {""services"": [""pose"", ""gesture""], ""fps"": {""pose"": 0, ""gesture"": 0}, ""eff_fps"": {""pose"": 0, ""gesture"": 0}, ""latency_ms"": {""pose"": 0, ""gesture"": 0}, ""svclat_ms"": {""pose"": 0.0, ""gesture"": 0.0}}}"
51.1,10,10,1.0,0,0,16,16,11,0.688,1171.0,596.0,0.509,0.0,1.6,0.0,29.6,30.0,0,29.6,30.0,0,0,0,0,20.62,16.17,0,596,"{""ip-172-31-0-204"": ""healthy"", ""ip-172-31-1-171"": ""healthy"", ""ip-172-31-10-12"": ""healthy"", ""ip-172-31-11-132"": ""healthy"", ""ip-172-31-13-134"": ""healthy"", ""ip-172-31-14-68"": ""healthy"", ""ip-172-31-40-239"": ""healthy""}",subscribe,105.3,0.9933,0,0,"{""ip-172-31-11-132"": {""pose"": 1, ""object"": 1}, ""ip-172-31-10-12"": {""gesture"": 1, ""pose"": 1, ""object"": 1}, ""ip-172-31-40-239"": {""gesture"": 1, ""object"": 1, ""pose"": 1}, ""ip-172-31-14-68"": {""pose"": 1}, ""ip-172-31-13-134"": {""object"": 1, ""pose"": 1, ""gesture"": 1}, ""ip-172-31-1-171"": {""object"": 1, ""gesture"": 1, ""pose"": 1}, ""ip-172-31-0-204"": {""gesture"": 1}}","{""a1"": {""services"": [""pose"", ""gesture""], ""fps"": {""pose"": 30, ""gesture"": 30}, ""eff_fps"": {""pose"": 30, ""gesture"": 30}, ""latency_ms"": {""pose"": 0, ""gesture"": 0}, ""svclat_ms"": {""pose"": 20.41, ""gesture"": 15.54}}, ""a2"": {""services"": [""pose"", ""gesture""], ""fps"": {""pose"": 30, ""gesture"": 30}, ""eff_fps"": {""pose"": 30, ""gesture"": 30}, ""latency_ms"": {""pose"": 0, ""gesture"": 0}, ""svclat_ms"": {""pose"": 20.68, ""gesture"": 16.84}}, ""a3"": {""services"": [""pose"", ""gesture""], ""fps"": {""pose"": 29, ""gesture"": 30}, ""eff_fps"": {""pose"": 29, ""gesture"": 30}, ""latency_ms"": {""pose"": 0, ""gesture"": 0}, ""svclat_ms"": {""pose"": 21.35, ""gesture"": 16.58}}, ""a4"": {""services"": [""pose"", ""gesture""], ""fps"": {""pose"": 29, ""gesture"": 30}, ""eff_fps"": {""pose"": 29, ""gesture"": 30}, ""latency_ms"": {""pose"": 0, ""gesture"": 0}, ""svclat_ms"": {""pose"": 21.9, ""gesture"": 17.41}}, ""a5"": {""services"": [""pose"", ""gesture""], ""fps"": {""pose"": 30, ""gesture"": 30}, ""eff_fps"": {""pose"": 30, ""gesture"": 30}, ""latency_ms"": {""pose"": 0, ""gesture"": 0}, ""svclat_ms"": {""pose"": 22.62, ""gesture"": 14.46}}, ""a6"": {""services"": [""pose"", ""gesture""], ""fps"": {""pose"": 30, ""gesture"": 30}, ""eff_fps"": {""pose"": 30, ""gesture"": 30}, ""latency_ms"": {""pose"": 0, ""gesture"": 0}, ""svclat_ms"": {""pose"": 16.45, ""gesture"": 16.42}}, ""a7"": {""services"": [""pose"", ""gesture""], ""fps"": {""pose"": 30, ""gesture"": 30}, ""eff_fps"": {""pose"": 30, ""gesture"": 30}, ""latency_ms"": {""pose"": 0, ""gesture"": 0}, ""svclat_ms"": {""pose"": 19.12, ""gesture"": 16.95}}, ""a8"": {""services"": [""pose"", ""gesture""], ""fps"": {""pose"": 30, ""gesture"": 30}, ""eff_fps"": {""pose"": 30, ""gesture"": 30}, ""latency_ms"": {""pose"": 0, ""gesture"": 0}, ""svclat_ms"": {""pose"": 19.46, ""gesture"": 18.14}}, ""a9"": {""services"": [""pose"", ""gesture""], ""fps"": {""pose"": 29, ""gesture"": 30}, ""eff_fps"": {""pose"": 29, ""gesture"": 30}, ""latency_ms"": {""pose"": 0, ""gesture"": 0}, ""svclat_ms"": {""pose"": 21.68, ""gesture"": 14.81}}, ""a10"": {""services"": [""pose"", ""gesture""], ""fps"": {""pose"": 29, ""gesture"": 30}, ""eff_fps"": {""pose"": 29, ""gesture"": 30}, ""latency_ms"": {""pose"": 0, ""gesture"": 0}, ""svclat_ms"": {""pose"": 22.54, ""gesture"": 14.52}}, ""a11"": {""services"": [""pose"", ""gesture""], ""fps"": {""pose"": 0, ""gesture"": 0}, ""eff_fps"": {""pose"": 0, ""gesture"": 0}, ""latency_ms"": {""pose"": 0, ""gesture"": 0}, ""svclat_ms"": {""pose"": 0.0, ""gesture"": 0.0}}}"
54.9,10,10,1.0,0,0,16,16,11,0.688,1171.0,596.0,0.509,0.0,1.6,0.0,29.45,30.0,0,29.45,30.0,0,0,0,0,20.77,16.0,0,654,"{""ip-172-31-0-204"": ""healthy"", ""ip-172-31-1-171"": ""healthy"", ""ip-172-31-10-12"": ""healthy"", ""ip-172-31-11-132"": ""healthy"", ""ip-172-31-13-134"": ""healthy"", ""ip-172-31-14-68"": ""healthy"", ""ip-172-31-40-239"": ""healthy""}",subscribe,105.3,0.9933,0,0,"{""ip-172-31-11-132"": {""pose"": 1, ""object"": 1}, ""ip-172-31-10-12"": {""gesture"": 1, ""pose"": 1, ""object"": 1}, ""ip-172-31-40-239"": {""gesture"": 1, ""object"": 1, ""pose"": 1}, ""ip-172-31-14-68"": {""pose"": 1}, ""ip-172-31-13-134"": {""object"": 1, ""pose"": 1, ""gesture"": 1}, ""ip-172-31-1-171"": {""object"": 1, ""gesture"": 1, ""pose"": 1}, ""ip-172-31-0-204"": {""gesture"": 1}}","{""a1"": {""services"": [""pose"", ""gesture""], ""fps"": {""pose"": 30, ""gesture"": 30}, ""eff_fps"": {""pose"": 30, ""gesture"": 30}, ""latency_ms"": {""pose"": 0, ""gesture"": 0}, ""svclat_ms"": {""pose"": 20.31, ""gesture"": 15.49}}, ""a2"": {""services"": [""pose"", ""gesture""], ""fps"": {""pose"": 30, ""gesture"": 30}, ""eff_fps"": {""pose"": 30, ""gesture"": 30}, ""latency_ms"": {""pose"": 0, ""gesture"": 0}, ""svclat_ms"": {""pose"": 20.96, ""gesture"": 16.89}}, ""a3"": {""services"": [""pose"", ""gesture""], ""fps"": {""pose"": 29, ""gesture"": 30}, ""eff_fps"": {""pose"": 29, ""gesture"": 30}, ""latency_ms"": {""pose"": 0, ""gesture"": 0}, ""svclat_ms"": {""pose"": 21.34, ""gesture"": 15.42}}, ""a4"": {""services"": [""pose"", ""gesture""], ""fps"": {""pose"": 29, ""gesture"": 30}, ""eff_fps"": {""pose"": 29, ""gesture"": 30}, ""latency_ms"": {""pose"": 0, ""gesture"": 0}, ""svclat_ms"": {""pose"": 20.11, ""gesture"": 17.44}}, ""a5"": {""services"": [""pose"", ""gesture""], ""fps"": {""pose"": 29, ""gesture"": 30}, ""eff_fps"": {""pose"": 29, ""gesture"": 30}, ""latency_ms"": {""pose"": 0, ""gesture"": 0}, ""svclat_ms"": {""pose"": 23.06, ""gesture"": 14.79}}, ""a6"": {""services"": [""pose"", ""gesture""], ""fps"": {""pose"": 30, ""gesture"": 30}, ""eff_fps"": {""pose"": 30, ""gesture"": 30}, ""latency_ms"": {""pose"": 0, ""gesture"": 0}, ""svclat_ms"": {""pose"": 17.0, ""gesture"": 14.94}}, ""a7"": {""services"": [""pose"", ""gesture""], ""fps"": {""pose"": 30, ""gesture"": 30}, ""eff_fps"": {""pose"": 30, ""gesture"": 30}, ""latency_ms"": {""pose"": 0, ""gesture"": 0}, ""svclat_ms"": {""pose"": 19.19, ""gesture"": 16.83}}, ""a8"": {""services"": [""pose"", ""gesture""], ""fps"": {""pose"": 30, ""gesture"": 30}, ""eff_fps"": {""pose"": 30, ""gesture"": 30}, ""latency_ms"": {""pose"": 0, ""gesture"": 0}, ""svclat_ms"": {""pose"": 19.55, ""gesture"": 17.27}}, ""a9"": {""services"": [""pose"", ""gesture""], ""fps"": {""pose"": 29, ""gesture"": 30}, ""eff_fps"": {""pose"": 29, ""gesture"": 30}, ""latency_ms"": {""pose"": 0, ""gesture"": 0}, ""svclat_ms"": {""pose"": 22.1, ""gesture"": 16.83}}, ""a10"": {""services"": [""pose"", ""gesture""], ""fps"": {""pose"": 29, ""gesture"": 30}, ""eff_fps"": {""pose"": 29, ""gesture"": 30}, ""latency_ms"": {""pose"": 0, ""gesture"": 0}, ""svclat_ms"": {""pose"": 21.95, ""gesture"": 14.44}}, ""a11"": {""services"": [""pose"", ""gesture""], ""fps"": {""pose"": 29, ""gesture"": 30}, ""eff_fps"": {""pose"": 29, ""gesture"": 30}, ""latency_ms"": {""pose"": 0, ""gesture"": 0}, ""svclat_ms"": {""pose"": 22.94, ""gesture"": 15.68}}}"
57.3,11,11,1.0,0,0,16,16,11,0.688,1171.0,654.0,0.558,0.0,1.45,0.0,29.55,30.0,0,29.55,30.0,0,0,0,0,20.83,16.06,0,655,"{""ip-172-31-0-204"": ""healthy"", ""ip-172-31-1-171"": ""healthy"", ""ip-172-31-10-12"": ""healthy"", ""ip-172-31-11-132"": ""healthy"", ""ip-172-31-13-134"": ""healthy"", ""ip-172-31-14-68"": ""healthy"", ""ip-172-31-40-239"": ""healthy""}",subscribe,110.9,0.9909,0,0,"{""ip-172-31-11-132"": {""pose"": 1, ""object"": 1}, ""ip-172-31-10-12"": {""gesture"": 1, ""pose"": 1, ""object"": 1}, ""ip-172-31-40-239"": {""gesture"": 1, ""object"": 1, ""pose"": 1}, ""ip-172-31-14-68"": {""pose"": 1}, ""ip-172-31-13-134"": {""object"": 1, ""pose"": 1, ""gesture"": 1}, ""ip-172-31-1-171"": {""object"": 1, ""gesture"": 1, ""pose"": 1}, ""ip-172-31-0-204"": {""gesture"": 1}}","{""a1"": {""services"": [""pose"", ""gesture""], ""fps"": {""pose"": 30, ""gesture"": 30}, ""eff_fps"": {""pose"": 30, ""gesture"": 30}, ""latency_ms"": {""pose"": 0, ""gesture"": 0}, ""svclat_ms"": {""pose"": 20.38, ""gesture"": 15.67}}, ""a2"": {""services"": [""pose"", ""gesture""], ""fps"": {""pose"": 30, ""gesture"": 30}, ""eff_fps"": {""pose"": 30, ""gesture"": 30}, ""latency_ms"": {""pose"": 0, ""gesture"": 0}, ""svclat_ms"": {""pose"": 20.67, ""gesture"": 16.54}}, ""a3"": {""services"": [""pose"", ""gesture""], ""fps"": {""pose"": 29, ""gesture"": 30}, ""eff_fps"": {""pose"": 29, ""gesture"": 30}, ""latency_ms"": {""pose"": 0, ""gesture"": 0}, ""svclat_ms"": {""pose"": 21.68, ""gesture"": 15.97}}, ""a4"": {""services"": [""pose"", ""gesture""], ""fps"": {""pose"": 29, ""gesture"": 30}, ""eff_fps"": {""pose"": 29, ""gesture"": 30}, ""latency_ms"": {""pose"": 0, ""gesture"": 0}, ""svclat_ms"": {""pose"": 21.63, ""gesture"": 17.44}}, ""a5"": {""services"": [""pose"", ""gesture""], ""fps"": {""pose"": 29, ""gesture"": 30}, ""eff_fps"": {""pose"": 29, ""gesture"": 30}, ""latency_ms"": {""pose"": 0, ""gesture"": 0}, ""svclat_ms"": {""pose"": 22.43, ""gesture"": 14.76}}, ""a6"": {""services"": [""pose"", ""gesture""], ""fps"": {""pose"": 30, ""gesture"": 30}, ""eff_fps"": {""pose"": 30, ""gesture"": 30}, ""latency_ms"": {""pose"": 0, ""gesture"": 0}, ""svclat_ms"": {""pose"": 16.8, ""gesture"": 14.86}}, ""a7"": {""services"": [""pose"", ""gesture""], ""fps"": {""pose"": 30, ""gesture"": 30}, ""eff_fps"": {""pose"": 30, ""gesture"": 30}, ""latency_ms"": {""pose"": 0, ""gesture"": 0}, ""svclat_ms"": {""pose"": 19.12, ""gesture"": 17.13}}, ""a8"": {""services"": [""pose"", ""gesture""], ""fps"": {""pose"": 30, ""gesture"": 30}, ""eff_fps"": {""pose"": 30, ""gesture"": 30}, ""latency_ms"": {""pose"": 0, ""gesture"": 0}, ""svclat_ms"": {""pose"": 19.65, ""gesture"": 17.81}}, ""a9"": {""services"": [""pose"", ""gesture""], ""fps"": {""pose"": 29, ""gesture"": 30}, ""eff_fps"": {""pose"": 29, ""gesture"": 30}, ""latency_ms"": {""pose"": 0, ""gesture"": 0}, ""svclat_ms"": {""pose"": 21.79, ""gesture"": 16.07}}, ""a10"": {""services"": [""pose"", ""gesture""], ""fps"": {""pose"": 29, ""gesture"": 30}, ""eff_fps"": {""pose"": 29, ""gesture"": 30}, ""latency_ms"": {""pose"": 0, ""gesture"": 0}, ""svclat_ms"": {""pose"": 22.95, ""gesture"": 14.34}}, ""a11"": {""services"": [""pose"", ""gesture""], ""fps"": {""pose"": 30, ""gesture"": 30}, ""eff_fps"": {""pose"": 30, ""gesture"": 30}, ""latency_ms"": {""pose"": 0, ""gesture"": 0}, ""svclat_ms"": {""pose"": 22.02, ""gesture"": 16.02}}, ""a12"": {""services"": [""pose"", ""gesture""], ""fps"": {""pose"": 0, ""gesture"": 0}, ""eff_fps"": {""pose"": 0, ""gesture"": 0}, ""latency_ms"": {""pose"": 0, ""gesture"": 0}, ""svclat_ms"": {""pose"": 0.0, ""gesture"": 0.0}}}"
61.4,12,12,1.0,0,0,16,16,11,0.688,1171.0,712.0,0.608,0.0,1.33,0.0,29.33,30.0,0,29.33,30.0,0,0,0,0,21.4,16.29,0,712,"{""ip-172-31-0-204"": ""healthy"", ""ip-172-31-1-171"": ""healthy"", ""ip-172-31-10-12"": ""healthy"", ""ip-172-31-11-132"": ""healthy"", ""ip-172-31-13-134"": ""healthy"", ""ip-172-31-14-68"": ""healthy"", ""ip-172-31-40-239"": ""healthy""}",subscribe,115.5,0.9889,0,0,"{""ip-172-31-11-132"": {""pose"": 1, ""object"": 1}, ""ip-172-31-10-12"": {""gesture"": 1, ""pose"": 1, ""object"": 1}, ""ip-172-31-40-239"": {""gesture"": 1, ""object"": 1, ""pose"": 1}, ""ip-172-31-14-68"": {""pose"": 1}, ""ip-172-31-13-134"": {""object"": 1, ""pose"": 1, ""gesture"": 1}, ""ip-172-31-1-171"": {""object"": 1, ""gesture"": 1, ""pose"": 1}, ""ip-172-31-0-204"": {""gesture"": 1}}","{""a1"": {""services"": [""pose"", ""gesture""], ""fps"": {""pose"": 30, ""gesture"": 30}, ""eff_fps"": {""pose"": 30, ""gesture"": 30}, ""latency_ms"": {""pose"": 0, ""gesture"": 0}, ""svclat_ms"": {""pose"": 20.4, ""gesture"": 15.37}}, ""a2"": {""services"": [""pose"", ""gesture""], ""fps"": {""pose"": 30, ""gesture"": 30}, ""eff_fps"": {""pose"": 30, ""gesture"": 30}, ""latency_ms"": {""pose"": 0, ""gesture"": 0}, ""svclat_ms"": {""pose"": 20.73, ""gesture"": 16.69}}, ""a3"": {""services"": [""pose"", ""gesture""], ""fps"": {""pose"": 29, ""gesture"": 30}, ""eff_fps"": {""pose"": 29, ""gesture"": 30}, ""latency_ms"": {""pose"": 0, ""gesture"": 0}, ""svclat_ms"": {""pose"": 22.92, ""gesture"": 16.15}}, ""a4"": {""services"": [""pose"", ""gesture""], ""fps"": {""pose"": 29, ""gesture"": 30}, ""eff_fps"": {""pose"": 29, ""gesture"": 30}, ""latency_ms"": {""pose"": 0, ""gesture"": 0}, ""svclat_ms"": {""pose"": 21.62, ""gesture"": 18.0}}, ""a5"": {""services"": [""pose"", ""gesture""], ""fps"": {""pose"": 29, ""gesture"": 30}, ""eff_fps"": {""pose"": 29, ""gesture"": 30}, ""latency_ms"": {""pose"": 0, ""gesture"": 0}, ""svclat_ms"": {""pose"": 22.47, ""gesture"": 14.8}}, ""a6"": {""services"": [""pose"", ""gesture""], ""fps"": {""pose"": 29, ""gesture"": 30}, ""eff_fps"": {""pose"": 29, ""gesture"": 30}, ""latency_ms"": {""pose"": 0, ""gesture"": 0}, ""svclat_ms"": {""pose"": 21.29, ""gesture"": 14.87}}, ""a7"": {""services"": [""pose"", ""gesture""], ""fps"": {""pose"": 30, ""gesture"": 30}, ""eff_fps"": {""pose"": 30, ""gesture"": 30}, ""latency_ms"": {""pose"": 0, ""gesture"": 0}, ""svclat_ms"": {""pose"": 19.06, ""gesture"": 17.31}}, ""a8"": {""services"": [""pose"", ""gesture""], ""fps"": {""pose"": 30, ""gesture"": 30}, ""eff_fps"": {""pose"": 30, ""gesture"": 30}, ""latency_ms"": {""pose"": 0, ""gesture"": 0}, ""svclat_ms"": {""pose"": 19.71, ""gesture"": 18.03}}, ""a9"": {""services"": [""pose"", ""gesture""], ""fps"": {""pose"": 29, ""gesture"": 30}, ""eff_fps"": {""pose"": 29, ""gesture"": 30}, ""latency_ms"": {""pose"": 0, ""gesture"": 0}, ""svclat_ms"": {""pose"": 22.5, ""gesture"": 15.88}}, ""a10"": {""services"": [""pose"", ""gesture""], ""fps"": {""pose"": 29, ""gesture"": 30}, ""eff_fps"": {""pose"": 29, ""gesture"": 30}, ""latency_ms"": {""pose"": 0, ""gesture"": 0}, ""svclat_ms"": {""pose"": 23.0, ""gesture"": 15.74}}, ""a11"": {""services"": [""pose"", ""gesture""], ""fps"": {""pose"": 29, ""gesture"": 30}, ""eff_fps"": {""pose"": 29, ""gesture"": 30}, ""latency_ms"": {""pose"": 0, ""gesture"": 0}, ""svclat_ms"": {""pose"": 21.86, ""gesture"": 15.42}}, ""a12"": {""services"": [""pose"", ""gesture""], ""fps"": {""pose"": 29, ""gesture"": 30}, ""eff_fps"": {""pose"": 29, ""gesture"": 30}, ""latency_ms"": {""pose"": 0, ""gesture"": 0}, ""svclat_ms"": {""pose"": 21.22, ""gesture"": 17.23}}, ""a13"": {""services"": [""pose"", ""gesture""], ""fps"": {""pose"": 0, ""gesture"": 0}, ""eff_fps"": {""pose"": 0, ""gesture"": 0}, ""latency_ms"": {""pose"": 0, ""gesture"": 0}, ""svclat_ms"": {""pose"": 0.0, ""gesture"": 0.0}}}"
64.0,13,12,0.923,0,0,16,16,11,0.688,1171.0,712.0,0.608,0.0,1.33,0.0,27.85,29.08,0,27.77,29.08,0,0,0,0,24.61,17.9,0,740,"{""ip-172-31-0-204"": ""healthy"", ""ip-172-31-1-171"": ""healthy"", ""ip-172-31-10-12"": ""healthy"", ""ip-172-31-11-132"": ""healthy"", ""ip-172-31-13-134"": ""healthy"", ""ip-172-31-14-68"": ""healthy"", ""ip-172-31-40-239"": ""healthy""}",subscribe,115.5,0.9889,0,0,"{""ip-172-31-11-132"": {""pose"": 1, ""object"": 1}, ""ip-172-31-10-12"": {""gesture"": 1, ""pose"": 1, ""object"": 1}, ""ip-172-31-40-239"": {""gesture"": 1, ""object"": 1, ""pose"": 1}, ""ip-172-31-14-68"": {""pose"": 1}, ""ip-172-31-13-134"": {""object"": 1, ""pose"": 1, ""gesture"": 1}, ""ip-172-31-1-171"": {""object"": 1, ""gesture"": 1, ""pose"": 1}, ""ip-172-31-0-204"": {""gesture"": 1}}","{""a1"": {""services"": [""pose"", ""gesture""], ""fps"": {""pose"": 27, ""gesture"": 30}, ""eff_fps"": {""pose"": 27, ""gesture"": 30}, ""latency_ms"": {""pose"": 0, ""gesture"": 0}, ""svclat_ms"": {""pose"": 29.7, ""gesture"": 16.88}}, ""a2"": {""services"": [""pose"", ""gesture""], ""fps"": {""pose"": 30, ""gesture"": 30}, ""eff_fps"": {""pose"": 30, ""gesture"": 30}, ""latency_ms"": {""pose"": 0, ""gesture"": 0}, ""svclat_ms"": {""pose"": 22.06, ""gesture"": 18.27}}, ""a3"": {""services"": [""pose"", ""gesture""], ""fps"": {""pose"": 29, ""gesture"": 29}, ""eff_fps"": {""pose"": 29, ""gesture"": 29}, ""latency_ms"": {""pose"": 0, ""gesture"": 0}, ""svclat_ms"": {""pose"": 23.23, ""gesture"": 18.93}}, ""a4"": {""services"": [""pose"", ""gesture""], ""fps"": {""pose"": 29, ""gesture"": 30}, ""eff_fps"": {""pose"": 29, ""gesture"": 30}, ""latency_ms"": {""pose"": 0, ""gesture"": 0}, ""svclat_ms"": {""pose"": 22.9, ""gesture"": 17.42}}, ""a5"": {""services"": [""pose"", ""gesture""], ""fps"": {""pose"": 29, ""gesture"": 30}, ""eff_fps"": {""pose"": 29, ""gesture"": 30}, ""latency_ms"": {""pose"": 0, ""gesture"": 0}, ""svclat_ms"": {""pose"": 22.96, ""gesture"": 17.27}}, ""a6"": {""services"": [""pose"", ""gesture""], ""fps"": {""pose"": 27, ""gesture"": 30}, ""eff_fps"": {""pose"": 26, ""gesture"": 30}, ""latency_ms"": {""pose"": 0, ""gesture"": 0}, ""svclat_ms"": {""pose"": 26.37, ""gesture"": 16.96}}, ""a7"": {""services"": [""pose"", ""gesture""], ""fps"": {""pose"": 27, ""gesture"": 30}, ""eff_fps"": {""pose"": 27, ""gesture"": 30}, ""latency_ms"": {""pose"": 0, ""gesture"": 0}, ""svclat_ms"": {""pose"": 28.37, ""gesture"": 18.39}}, ""a8"": {""services"": [""pose"", ""gesture""], ""fps"": {""pose"": 30, ""gesture"": 29}, ""eff_fps"": {""pose"": 30, ""gesture"": 29}, ""latency_ms"": {""pose"": 0, ""gesture"": 0}, ""svclat_ms"": {""pose"": 21.45, ""gesture"": 20.23}}, ""a9"": {""services"": [""pose"", ""gesture""], ""fps"": {""pose"": 29, ""gesture"": 30}, ""eff_fps"": {""pose"": 29, ""gesture"": 30}, ""latency_ms"": {""pose"": 0, ""gesture"": 0}, ""svclat_ms"": {""pose"": 22.31, ""gesture"": 16.38}}, ""a10"": {""services"": [""pose"", ""gesture""], ""fps"": {""pose"": 29, ""gesture"": 30}, ""eff_fps"": {""pose"": 29, ""gesture"": 30}, ""latency_ms"": {""pose"": 0, ""gesture"": 0}, ""svclat_ms"": {""pose"": 24.13, ""gesture"": 15.56}}, ""a11"": {""services"": [""pose"", ""gesture""], ""fps"": {""pose"": 28, ""gesture"": 30}, ""eff_fps"": {""pose"": 28, ""gesture"": 30}, ""latency_ms"": {""pose"": 0, ""gesture"": 0}, ""svclat_ms"": {""pose"": 22.27, ""gesture"": 17.43}}, ""a12"": {""services"": [""pose"", ""gesture""], ""fps"": {""pose"": 29, ""gesture"": 30}, ""eff_fps"": {""pose"": 29, ""gesture"": 30}, ""latency_ms"": {""pose"": 0, ""gesture"": 0}, ""svclat_ms"": {""pose"": 22.03, ""gesture"": 17.06}}, ""a13"": {""services"": [""pose"", ""gesture""], ""fps"": {""pose"": 19, ""gesture"": 20}, ""eff_fps"": {""pose"": 19, ""gesture"": 20}, ""latency_ms"": {""pose"": 0, ""gesture"": 0}, ""svclat_ms"": {""pose"": 32.19, ""gesture"": 21.97}}}"
66.4,13,12,0.923,0,0,16,16,11,0.688,1171.0,712.0,0.608,0.0,1.33,0.0,29.0,30.0,0,29.0,30.0,0,0,0,0,24.3,17.46,0,767,"{""ip-172-31-0-204"": ""healthy"", ""ip-172-31-1-171"": ""healthy"", ""ip-172-31-10-12"": ""healthy"", ""ip-172-31-11-132"": ""healthy"", ""ip-172-31-13-134"": ""healthy"", ""ip-172-31-14-68"": ""healthy"", ""ip-172-31-40-239"": ""healthy""}",subscribe,115.5,0.9889,0,0,"{""ip-172-31-11-132"": {""pose"": 1, ""object"": 1}, ""ip-172-31-10-12"": {""gesture"": 1, ""pose"": 1, ""object"": 1}, ""ip-172-31-40-239"": {""gesture"": 1, ""object"": 1, ""pose"": 1}, ""ip-172-31-14-68"": {""pose"": 1}, ""ip-172-31-13-134"": {""object"": 1, ""pose"": 1, ""gesture"": 1}, ""ip-172-31-1-171"": {""object"": 1, ""gesture"": 1, ""pose"": 1}, ""ip-172-31-0-204"": {""gesture"": 1}}","{""a1"": {""services"": [""pose"", ""gesture""], ""fps"": {""pose"": 28, ""gesture"": 30}, ""eff_fps"": {""pose"": 28, ""gesture"": 30}, ""latency_ms"": {""pose"": 0, ""gesture"": 0}, ""svclat_ms"": {""pose"": 30.35, ""gesture"": 17.5}}, ""a2"": {""services"": [""pose"", ""gesture""], ""fps"": {""pose"": 30, ""gesture"": 30}, ""eff_fps"": {""pose"": 30, ""gesture"": 30}, ""latency_ms"": {""pose"": 0, ""gesture"": 0}, ""svclat_ms"": {""pose"": 21.29, ""gesture"": 18.38}}, ""a3"": {""services"": [""pose"", ""gesture""], ""fps"": {""pose"": 29, ""gesture"": 30}, ""eff_fps"": {""pose"": 29, ""gesture"": 30}, ""latency_ms"": {""pose"": 0, ""gesture"": 0}, ""svclat_ms"": {""pose"": 23.0, ""gesture"": 17.89}}, ""a4"": {""services"": [""pose"", ""gesture""], ""fps"": {""pose"": 29, ""gesture"": 30}, ""eff_fps"": {""pose"": 29, ""gesture"": 30}, ""latency_ms"": {""pose"": 0, ""gesture"": 0}, ""svclat_ms"": {""pose"": 24.79, ""gesture"": 16.95}}, ""a5"": {""services"": [""pose"", ""gesture""], ""fps"": {""pose"": 29, ""gesture"": 30}, ""eff_fps"": {""pose"": 29, ""gesture"": 30}, ""latency_ms"": {""pose"": 0, ""gesture"": 0}, ""svclat_ms"": {""pose"": 22.86, ""gesture"": 15.44}}, ""a6"": {""services"": [""pose"", ""gesture""], ""fps"": {""pose"": 29, ""gesture"": 30}, ""eff_fps"": {""pose"": 29, ""gesture"": 30}, ""latency_ms"": {""pose"": 0, ""gesture"": 0}, ""svclat_ms"": {""pose"": 21.57, ""gesture"": 17.35}}, ""a7"": {""services"": [""pose"", ""gesture""], ""fps"": {""pose"": 28, ""gesture"": 30}, ""eff_fps"": {""pose"": 28, ""gesture"": 30}, ""latency_ms"": {""pose"": 0, ""gesture"": 0}, ""svclat_ms"": {""pose"": 30.54, ""gesture"": 18.49}}, ""a8"": {""services"": [""pose"", ""gesture""], ""fps"": {""pose"": 30, ""gesture"": 30}, ""eff_fps"": {""pose"": 30, ""gesture"": 30}, ""latency_ms"": {""pose"": 0, ""gesture"": 0}, ""svclat_ms"": {""pose"": 21.34, ""gesture"": 18.25}}, ""a9"": {""services"": [""pose"", ""gesture""], ""fps"": {""pose"": 29, ""gesture"": 30}, ""eff_fps"": {""pose"": 29, ""gesture"": 30}, ""latency_ms"": {""pose"": 0, ""gesture"": 0}, ""svclat_ms"": {""pose"": 22.47, ""gesture"": 16.12}}, ""a10"": {""services"": [""pose"", ""gesture""], ""fps"": {""pose"": 29, ""gesture"": 30}, ""eff_fps"": {""pose"": 29, ""gesture"": 30}, ""latency_ms"": {""pose"": 0, ""gesture"": 0}, ""svclat_ms"": {""pose"": 24.23, ""gesture"": 15.35}}, ""a11"": {""services"": [""pose"", ""gesture""], ""fps"": {""pose"": 30, ""gesture"": 30}, ""eff_fps"": {""pose"": 30, ""gesture"": 30}, ""latency_ms"": {""pose"": 0, ""gesture"": 0}, ""svclat_ms"": {""pose"": 21.71, ""gesture"": 18.44}}, ""a12"": {""services"": [""pose"", ""gesture""], ""fps"": {""pose"": 29, ""gesture"": 30}, ""eff_fps"": {""pose"": 29, ""gesture"": 30}, ""latency_ms"": {""pose"": 0, ""gesture"": 0}, ""svclat_ms"": {""pose"": 21.04, ""gesture"": 18.42}}, ""a13"": {""services"": [""pose"", ""gesture""], ""fps"": {""pose"": 28, ""gesture"": 30}, ""eff_fps"": {""pose"": 28, ""gesture"": 30}, ""latency_ms"": {""pose"": 0, ""gesture"": 0}, ""svclat_ms"": {""pose"": 30.69, ""gesture"": 18.41}}, ""a14"": {""services"": [""pose"", ""gesture""], ""fps"": {""pose"": 0, ""gesture"": 0}, ""eff_fps"": {""pose"": 0, ""gesture"": 0}, ""latency_ms"": {""pose"": 0, ""gesture"": 0}, ""svclat_ms"": {""pose"": 0.0, ""gesture"": 0.0}}}"
68.9,13,12,0.923,0,0,16,16,11,0.688,1171.0,712.0,0.608,0.0,1.33,0.0,28.54,30.0,0,28.46,30.0,0,0,0,0,24.7,17.2,0,761,"{""ip-172-31-0-204"": ""healthy"", ""ip-172-31-1-171"": ""healthy"", ""ip-172-31-10-12"": ""healthy"", ""ip-172-31-11-132"": ""healthy"", ""ip-172-31-13-134"": ""healthy"", ""ip-172-31-14-68"": ""healthy"", ""ip-172-31-40-239"": ""healthy""}",subscribe,115.5,0.9889,0,0,"{""ip-172-31-11-132"": {""pose"": 1, ""object"": 1}, ""ip-172-31-10-12"": {""gesture"": 1, ""pose"": 1, ""object"": 1}, ""ip-172-31-40-239"": {""gesture"": 1, ""object"": 1, ""pose"": 1}, ""ip-172-31-14-68"": {""pose"": 1}, ""ip-172-31-13-134"": {""object"": 1, ""pose"": 1, ""gesture"": 1}, ""ip-172-31-1-171"": {""object"": 1, ""gesture"": 1, ""pose"": 1}, ""ip-172-31-0-204"": {""gesture"": 1}}","{""a1"": {""services"": [""pose"", ""gesture""], ""fps"": {""pose"": 28, ""gesture"": 30}, ""eff_fps"": {""pose"": 28, ""gesture"": 30}, ""latency_ms"": {""pose"": 0, ""gesture"": 0}, ""svclat_ms"": {""pose"": 29.72, ""gesture"": 16.56}}, ""a2"": {""services"": [""pose"", ""gesture""], ""fps"": {""pose"": 30, ""gesture"": 30}, ""eff_fps"": {""pose"": 30, ""gesture"": 30}, ""latency_ms"": {""pose"": 0, ""gesture"": 0}, ""svclat_ms"": {""pose"": 21.3, ""gesture"": 16.61}}, ""a3"": {""services"": [""pose"", ""gesture""], ""fps"": {""pose"": 29, ""gesture"": 30}, ""eff_fps"": {""pose"": 29, ""gesture"": 30}, ""latency_ms"": {""pose"": 0, ""gesture"": 0}, ""svclat_ms"": {""pose"": 22.35, ""gesture"": 18.35}}, ""a4"": {""services"": [""pose"", ""gesture""], ""fps"": {""pose"": 29, ""gesture"": 30}, ""eff_fps"": {""pose"": 29, ""gesture"": 30}, ""latency_ms"": {""pose"": 0, ""gesture"": 0}, ""svclat_ms"": {""pose"": 25.68, ""gesture"": 17.93}}, ""a5"": {""services"": [""pose"", ""gesture""], ""fps"": {""pose"": 29, ""gesture"": 30}, ""eff_fps"": {""pose"": 29, ""gesture"": 30}, ""latency_ms"": {""pose"": 0, ""gesture"": 0}, ""svclat_ms"": {""pose"": 22.48, ""gesture"": 14.92}}, ""a6"": {""services"": [""pose"", ""gesture""], ""fps"": {""pose"": 29, ""gesture"": 30}, ""eff_fps"": {""pose"": 29, ""gesture"": 30}, ""latency_ms"": {""pose"": 0, ""gesture"": 0}, ""svclat_ms"": {""pose"": 21.25, ""gesture"": 17.89}}, ""a7"": {""services"": [""pose"", ""gesture""], ""fps"": {""pose"": 25, ""gesture"": 30}, ""eff_fps"": {""pose"": 25, ""gesture"": 30}, ""latency_ms"": {""pose"": 0, ""gesture"": 0}, ""svclat_ms"": {""pose"": 34.13, ""gesture"": 17.84}}, ""a8"": {""services"": [""pose"", ""gesture""], ""fps"": {""pose"": 30, ""gesture"": 30}, ""eff_fps"": {""pose"": 30, ""gesture"": 30}, ""latency_ms"": {""pose"": 0, ""gesture"": 0}, ""svclat_ms"": {""pose"": 20.81, ""gesture"": 18.77}}, ""a9"": {""services"": [""pose"", ""gesture""], ""fps"": {""pose"": 29, ""gesture"": 30}, ""eff_fps"": {""pose"": 29, ""gesture"": 30}, ""latency_ms"": {""pose"": 0, ""gesture"": 0}, ""svclat_ms"": {""pose"": 22.31, ""gesture"": 16.12}}, ""a10"": {""services"": [""pose"", ""gesture""], ""fps"": {""pose"": 29, ""gesture"": 30}, ""eff_fps"": {""pose"": 29, ""gesture"": 30}, ""latency_ms"": {""pose"": 0, ""gesture"": 0}, ""svclat_ms"": {""pose"": 24.96, ""gesture"": 14.54}}, ""a11"": {""services"": [""pose"", ""gesture""], ""fps"": {""pose"": 29, ""gesture"": 30}, ""eff_fps"": {""pose"": 29, ""gesture"": 30}, ""latency_ms"": {""pose"": 0, ""gesture"": 0}, ""svclat_ms"": {""pose"": 22.38, ""gesture"": 18.05}}, ""a12"": {""services"": [""pose"", ""gesture""], ""fps"": {""pose"": 29, ""gesture"": 30}, ""eff_fps"": {""pose"": 29, ""gesture"": 30}, ""latency_ms"": {""pose"": 0, ""gesture"": 0}, ""svclat_ms"": {""pose"": 20.45, ""gesture"": 17.36}}, ""a13"": {""services"": [""pose"", ""gesture""], ""fps"": {""pose"": 26, ""gesture"": 30}, ""eff_fps"": {""pose"": 25, ""gesture"": 30}, ""latency_ms"": {""pose"": 0, ""gesture"": 0}, ""svclat_ms"": {""pose"": 33.23, ""gesture"": 18.71}}, ""a14"": {""services"": [""pose"", ""gesture""], ""fps"": {""pose"": 0, ""gesture"": 0}, ""eff_fps"": {""pose"": 0, ""gesture"": 0}, ""latency_ms"": {""pose"": 0, ""gesture"": 0}, ""svclat_ms"": {""pose"": 0.0, ""gesture"": 0.0}}}"
71.3,13,12,0.923,0,0,16,16,11,0.688,1171.0,712.0,0.608,0.0,1.33,0.0,28.92,30.0,0,28.92,30.0,0,0,0,0,25.21,16.89,0,766,"{""ip-172-31-0-204"": ""healthy"", ""ip-172-31-1-171"": ""healthy"", ""ip-172-31-10-12"": ""healthy"", ""ip-172-31-11-132"": ""healthy"", ""ip-172-31-13-134"": ""healthy"", ""ip-172-31-14-68"": ""healthy"", ""ip-172-31-40-239"": ""healthy""}",subscribe,115.5,0.9889,0,0,"{""ip-172-31-11-132"": {""pose"": 1, ""object"": 1}, ""ip-172-31-10-12"": {""gesture"": 1, ""pose"": 1, ""object"": 1}, ""ip-172-31-40-239"": {""gesture"": 1, ""object"": 1, ""pose"": 1}, ""ip-172-31-14-68"": {""pose"": 1}, ""ip-172-31-13-134"": {""object"": 1, ""pose"": 1, ""gesture"": 1}, ""ip-172-31-1-171"": {""object"": 1, ""gesture"": 1, ""pose"": 1}, ""ip-172-31-0-204"": {""gesture"": 1}}","{""a1"": {""services"": [""pose"", ""gesture""], ""fps"": {""pose"": 28, ""gesture"": 30}, ""eff_fps"": {""pose"": 28, ""gesture"": 30}, ""latency_ms"": {""pose"": 0, ""gesture"": 0}, ""svclat_ms"": {""pose"": 35.25, ""gesture"": 15.71}}, ""a2"": {""services"": [""pose"", ""gesture""], ""fps"": {""pose"": 30, ""gesture"": 30}, ""eff_fps"": {""pose"": 30, ""gesture"": 30}, ""latency_ms"": {""pose"": 0, ""gesture"": 0}, ""svclat_ms"": {""pose"": 20.68, ""gesture"": 17.72}}, ""a3"": {""services"": [""pose"", ""gesture""], ""fps"": {""pose"": 29, ""gesture"": 30}, ""eff_fps"": {""pose"": 29, ""gesture"": 30}, ""latency_ms"": {""pose"": 0, ""gesture"": 0}, ""svclat_ms"": {""pose"": 22.62, ""gesture"": 17.92}}, ""a4"": {""services"": [""pose"", ""gesture""], ""fps"": {""pose"": 29, ""gesture"": 30}, ""eff_fps"": {""pose"": 29, ""gesture"": 30}, ""latency_ms"": {""pose"": 0, ""gesture"": 0}, ""svclat_ms"": {""pose"": 25.24, ""gesture"": 17.52}}, ""a5"": {""services"": [""pose"", ""gesture""], ""fps"": {""pose"": 29, ""gesture"": 30}, ""eff_fps"": {""pose"": 29, ""gesture"": 30}, ""latency_ms"": {""pose"": 0, ""gesture"": 0}, ""svclat_ms"": {""pose"": 22.34, ""gesture"": 15.04}}, ""a6"": {""services"": [""pose"", ""gesture""], ""fps"": {""pose"": 29, ""gesture"": 30}, ""eff_fps"": {""pose"": 29, ""gesture"": 30}, ""latency_ms"": {""pose"": 0, ""gesture"": 0}, ""svclat_ms"": {""pose"": 21.53, ""gesture"": 15.04}}, ""a7"": {""services"": [""pose"", ""gesture""], ""fps"": {""pose"": 28, ""gesture"": 30}, ""eff_fps"": {""pose"": 28, ""gesture"": 30}, ""latency_ms"": {""pose"": 0, ""gesture"": 0}, ""svclat_ms"": {""pose"": 35.45, ""gesture"": 18.07}}, ""a8"": {""services"": [""pose"", ""gesture""], ""fps"": {""pose"": 30, ""gesture"": 30}, ""eff_fps"": {""pose"": 30, ""gesture"": 30}, ""latency_ms"": {""pose"": 0, ""gesture"": 0}, ""svclat_ms"": {""pose"": 19.83, ""gesture"": 19.22}}, ""a9"": {""services"": [""pose"", ""gesture""], ""fps"": {""pose"": 29, ""gesture"": 30}, ""eff_fps"": {""pose"": 29, ""gesture"": 30}, ""latency_ms"": {""pose"": 0, ""gesture"": 0}, ""svclat_ms"": {""pose"": 22.71, ""gesture"": 15.97}}, ""a10"": {""services"": [""pose"", ""gesture""], ""fps"": {""pose"": 29, ""gesture"": 30}, ""eff_fps"": {""pose"": 29, ""gesture"": 30}, ""latency_ms"": {""pose"": 0, ""gesture"": 0}, ""svclat_ms"": {""pose"": 25.16, ""gesture"": 14.7}}, ""a11"": {""services"": [""pose"", ""gesture""], ""fps"": {""pose"": 29, ""gesture"": 30}, ""eff_fps"": {""pose"": 29, ""gesture"": 30}, ""latency_ms"": {""pose"": 0, ""gesture"": 0}, ""svclat_ms"": {""pose"": 21.81, ""gesture"": 16.11}}, ""a12"": {""services"": [""pose"", ""gesture""], ""fps"": {""pose"": 29, ""gesture"": 30}, ""eff_fps"": {""pose"": 29, ""gesture"": 30}, ""latency_ms"": {""pose"": 0, ""gesture"": 0}, ""svclat_ms"": {""pose"": 19.85, ""gesture"": 17.57}}, ""a13"": {""services"": [""pose"", ""gesture""], ""fps"": {""pose"": 28, ""gesture"": 30}, ""eff_fps"": {""pose"": 28, ""gesture"": 30}, ""latency_ms"": {""pose"": 0, ""gesture"": 0}, ""svclat_ms"": {""pose"": 35.22, ""gesture"": 18.94}}, ""a14"": {""services"": [""pose"", ""gesture""], ""fps"": {""pose"": 0, ""gesture"": 0}, ""eff_fps"": {""pose"": 0, ""gesture"": 0}, ""latency_ms"": {""pose"": 0, ""gesture"": 0}, ""svclat_ms"": {""pose"": 0.0, ""gesture"": 0.0}}, ""a15"": {""services"": [""pose"", ""gesture""], ""fps"": {""pose"": 0, ""gesture"": 0}, ""eff_fps"": {""pose"": 0, ""gesture"": 0}, ""latency_ms"": {""pose"": 0, ""gesture"": 0}, ""svclat_ms"": {""pose"": 0.0, ""gesture"": 0.0}}}"
75.9,13,12,0.923,0,0,16,16,11,0.688,1171.0,712.0,0.608,0.0,1.33,0.0,30.0,30.08,0,30.0,30.08,0,0,0,0,22.55,18.45,0,781,"{""ip-172-31-0-204"": ""healthy"", ""ip-172-31-1-171"": ""healthy"", ""ip-172-31-10-12"": ""healthy"", ""ip-172-31-11-132"": ""healthy"", ""ip-172-31-13-134"": ""healthy"", ""ip-172-31-14-68"": ""healthy"", ""ip-172-31-40-239"": ""healthy""}",subscribe,115.5,0.9889,0,0,"{""ip-172-31-11-132"": {""pose"": 1, ""object"": 1}, ""ip-172-31-10-12"": {""gesture"": 1, ""pose"": 1, ""object"": 1}, ""ip-172-31-40-239"": {""gesture"": 1, ""object"": 1, ""pose"": 1}, ""ip-172-31-14-68"": {""pose"": 1}, ""ip-172-31-13-134"": {""object"": 1, ""pose"": 1, ""gesture"": 1}, ""ip-172-31-1-171"": {""object"": 1, ""gesture"": 1, ""pose"": 1}, ""ip-172-31-0-204"": {""gesture"": 1}}","{""a1"": {""services"": [""pose"", ""gesture""], ""fps"": {""pose"": 30, ""gesture"": 30}, ""eff_fps"": {""pose"": 30, ""gesture"": 30}, ""latency_ms"": {""pose"": 0, ""gesture"": 0}, ""svclat_ms"": {""pose"": 19.59, ""gesture"": 23.86}}, ""a2"": {""services"": [""pose"", ""gesture""], ""fps"": {""pose"": 30, ""gesture"": 30}, ""eff_fps"": {""pose"": 30, ""gesture"": 30}, ""latency_ms"": {""pose"": 0, ""gesture"": 0}, ""svclat_ms"": {""pose"": 21.76, ""gesture"": 16.37}}, ""a3"": {""services"": [""pose"", ""gesture""], ""fps"": {""pose"": 30, ""gesture"": 30}, ""eff_fps"": {""pose"": 30, ""gesture"": 30}, ""latency_ms"": {""pose"": 0, ""gesture"": 0}, ""svclat_ms"": {""pose"": 23.34, ""gesture"": 19.94}}, ""a4"": {""services"": [""pose"", ""gesture""], ""fps"": {""pose"": 30, ""gesture"": 31}, ""eff_fps"": {""pose"": 30, ""gesture"": 31}, ""latency_ms"": {""pose"": 0, ""gesture"": 0}, ""svclat_ms"": {""pose"": 21.69, ""gesture"": 17.22}}, ""a5"": {""services"": [""pose"", ""gesture""], ""fps"": {""pose"": 30, ""gesture"": 30}, ""eff_fps"": {""pose"": 30, ""gesture"": 30}, ""latency_ms"": {""pose"": 0, ""gesture"": 0}, ""svclat_ms"": {""pose"": 20.1, ""gesture"": 15.82}}, ""a6"": {""services"": [""pose"", ""gesture""], ""fps"": {""pose"": 30, ""gesture"": 30}, ""eff_fps"": {""pose"": 30, ""gesture"": 30}, ""latency_ms"": {""pose"": 0, ""gesture"": 0}, ""svclat_ms"": {""pose"": 29.9, ""gesture"": 19.69}}, ""a7"": {""services"": [""pose"", ""gesture""], ""fps"": {""pose"": 30, ""gesture"": 30}, ""eff_fps"": {""pose"": 30, ""gesture"": 30}, ""latency_ms"": {""pose"": 0, ""gesture"": 0}, ""svclat_ms"": {""pose"": 20.1, ""gesture"": 17.88}}, ""a8"": {""services"": [""pose"", ""gesture""], ""fps"": {""pose"": 30, ""gesture"": 30}, ""eff_fps"": {""pose"": 30, ""gesture"": 30}, ""latency_ms"": {""pose"": 0, ""gesture"": 0}, ""svclat_ms"": {""pose"": 21.33, ""gesture"": 21.28}}, ""a9"": {""services"": [""pose"", ""gesture""], ""fps"": {""pose"": 30, ""gesture"": 30}, ""eff_fps"": {""pose"": 30, ""gesture"": 30}, ""latency_ms"": {""pose"": 0, ""gesture"": 0}, ""svclat_ms"": {""pose"": 22.31, ""gesture"": 16.38}}, ""a10"": {""services"": [""pose"", ""gesture""], ""fps"": {""pose"": 30, ""gesture"": 30}, ""eff_fps"": {""pose"": 30, ""gesture"": 30}, ""latency_ms"": {""pose"": 0, ""gesture"": 0}, ""svclat_ms"": {""pose"": 22.06, ""gesture"": 17.53}}, ""a11"": {""services"": [""pose"", ""gesture""], ""fps"": {""pose"": 30, ""gesture"": 30}, ""eff_fps"": {""pose"": 30, ""gesture"": 30}, ""latency_ms"": {""pose"": 0, ""gesture"": 0}, ""svclat_ms"": {""pose"": 25.74, ""gesture"": 16.65}}, ""a12"": {""services"": [""pose"", ""gesture""], ""fps"": {""pose"": 30, ""gesture"": 30}, ""eff_fps"": {""pose"": 30, ""gesture"": 30}, ""latency_ms"": {""pose"": 0, ""gesture"": 0}, ""svclat_ms"": {""pose"": 23.74, ""gesture"": 14.8}}, ""a13"": {""services"": [""pose"", ""gesture""], ""fps"": {""pose"": 30, ""gesture"": 30}, ""eff_fps"": {""pose"": 30, ""gesture"": 30}, ""latency_ms"": {""pose"": 0, ""gesture"": 0}, ""svclat_ms"": {""pose"": 21.48, ""gesture"": 22.42}}, ""a14"": {""services"": [""pose"", ""gesture""], ""fps"": {""pose"": 0, ""gesture"": 0}, ""eff_fps"": {""pose"": 0, ""gesture"": 0}, ""latency_ms"": {""pose"": 0, ""gesture"": 0}, ""svclat_ms"": {""pose"": 0.0, ""gesture"": 0.0}}, ""a15"": {""services"": [""pose"", ""gesture""], ""fps"": {""pose"": 0, ""gesture"": 0}, ""eff_fps"": {""pose"": 0, ""gesture"": 0}, ""latency_ms"": {""pose"": 0, ""gesture"": 0}, ""svclat_ms"": {""pose"": 0.0, ""gesture"": 0.0}}}"
81.1,14,14,1.0,0,0,16,15,13,0.867,1197.0,838.0,0.7,0.0,1.07,0.0,29.86,30.0,0,29.86,30.0,0,0,0,0,22.63,18.33,0,838,"{""ip-172-31-0-204"": ""healthy"", ""ip-172-31-1-171"": ""healthy"", ""ip-172-31-10-12"": ""healthy"", ""ip-172-31-11-132"": ""healthy"", ""ip-172-31-13-134"": ""healthy"", ""ip-172-31-14-68"": ""healthy"", ""ip-172-31-40-239"": ""healthy""}",subscribe,132.0,0.9976,0,0,"{""ip-172-31-11-132"": {""pose"": 1, ""gesture"": 1}, ""ip-172-31-10-12"": {""gesture"": 1, ""pose"": 1}, ""ip-172-31-40-239"": {""gesture"": 1, ""object"": 1, ""pose"": 1}, ""ip-172-31-14-68"": {""pose"": 1, ""gesture"": 1}, ""ip-172-31-13-134"": {""object"": 1, ""pose"": 1}, ""ip-172-31-0-204"": {""gesture"": 1, ""pose"": 1}, ""ip-172-31-1-171"": {""gesture"": 1, ""pose"": 1}}","{""a2"": {""services"": [""pose"", ""gesture""], ""fps"": {""pose"": 30, ""gesture"": 30}, ""eff_fps"": {""pose"": 30, ""gesture"": 30}, ""latency_ms"": {""pose"": 0, ""gesture"": 0}, ""svclat_ms"": {""pose"": 22.77, ""gesture"": 19.13}}, ""a3"": {""services"": [""pose"", ""gesture""], ""fps"": {""pose"": 30, ""gesture"": 30}, ""eff_fps"": {""pose"": 30, ""gesture"": 30}, ""latency_ms"": {""pose"": 0, ""gesture"": 0}, ""svclat_ms"": {""pose"": 24.45, ""gesture"": 21.16}}, ""a4"": {""services"": [""pose"", ""gesture""], ""fps"": {""pose"": 30, ""gesture"": 30}, ""eff_fps"": {""pose"": 30, ""gesture"": 30}, ""latency_ms"": {""pose"": 0, ""gesture"": 0}, ""svclat_ms"": {""pose"": 23.39, ""gesture"": 16.91}}, ""a5"": {""services"": [""pose"", ""gesture""], ""fps"": {""pose"": 30, ""gesture"": 30}, ""eff_fps"": {""pose"": 30, ""gesture"": 30}, ""latency_ms"": {""pose"": 0, ""gesture"": 0}, ""svclat_ms"": {""pose"": 20.98, ""gesture"": 15.84}}, ""a6"": {""services"": [""pose"", ""gesture""], ""fps"": {""pose"": 30, ""gesture"": 30}, ""eff_fps"": {""pose"": 30, ""gesture"": 30}, ""latency_ms"": {""pose"": 0, ""gesture"": 0}, ""svclat_ms"": {""pose"": 23.28, ""gesture"": 22.38}}, ""a7"": {""services"": [""pose"", ""gesture""], ""fps"": {""pose"": 30, ""gesture"": 30}, ""eff_fps"": {""pose"": 30, ""gesture"": 30}, ""latency_ms"": {""pose"": 0, ""gesture"": 0}, ""svclat_ms"": {""pose"": 22.65, ""gesture"": 16.79}}, ""a8"": {""services"": [""pose"", ""gesture""], ""fps"": {""pose"": 29, ""gesture"": 30}, ""eff_fps"": {""pose"": 29, ""gesture"": 30}, ""latency_ms"": {""pose"": 0, ""gesture"": 0}, ""svclat_ms"": {""pose"": 24.54, ""gesture"": 19.41}}, ""a9"": {""services"": [""pose"", ""gesture""], ""fps"": {""pose"": 30, ""gesture"": 30}, ""eff_fps"": {""pose"": 30, ""gesture"": 30}, ""latency_ms"": {""pose"": 0, ""gesture"": 0}, ""svclat_ms"": {""pose"": 20.67, ""gesture"": 16.42}}, ""a10"": {""services"": [""pose"", ""gesture""], ""fps"": {""pose"": 30, ""gesture"": 30}, ""eff_fps"": {""pose"": 30, ""gesture"": 30}, ""latency_ms"": {""pose"": 0, ""gesture"": 0}, ""svclat_ms"": {""pose"": 23.38, ""gesture"": 17.61}}, ""a11"": {""services"": [""pose"", ""gesture""], ""fps"": {""pose"": 30, ""gesture"": 30}, ""eff_fps"": {""pose"": 30, ""gesture"": 30}, ""latency_ms"": {""pose"": 0, ""gesture"": 0}, ""svclat_ms"": {""pose"": 23.84, ""gesture"": 17.02}}, ""a12"": {""services"": [""pose"", ""gesture""], ""fps"": {""pose"": 30, ""gesture"": 30}, ""eff_fps"": {""pose"": 30, ""gesture"": 30}, ""latency_ms"": {""pose"": 0, ""gesture"": 0}, ""svclat_ms"": {""pose"": 20.95, ""gesture"": 16.65}}, ""a13"": {""services"": [""pose"", ""gesture""], ""fps"": {""pose"": 30, ""gesture"": 30}, ""eff_fps"": {""pose"": 30, ""gesture"": 30}, ""latency_ms"": {""pose"": 0, ""gesture"": 0}, ""svclat_ms"": {""pose"": 20.42, ""gesture"": 20.14}}, ""a14"": {""services"": [""pose"", ""gesture""], ""fps"": {""pose"": 30, ""gesture"": 30}, ""eff_fps"": {""pose"": 30, ""gesture"": 30}, ""latency_ms"": {""pose"": 0, ""gesture"": 0}, ""svclat_ms"": {""pose"": 22.85, ""gesture"": 19.49}}, ""a15"": {""services"": [""pose"", ""gesture""], ""fps"": {""pose"": 29, ""gesture"": 30}, ""eff_fps"": {""pose"": 29, ""gesture"": 30}, ""latency_ms"": {""pose"": 0, ""gesture"": 0}, ""svclat_ms"": {""pose"": 22.66, ""gesture"": 17.61}}}"
84.6,14,14,1.0,0,0,16,15,13,0.867,1197.0,838,0.7,0.0,1.07,0.0,29.86,30.0,0,29.86,30.0,0,0,0,0,22.67,18.47,0,838,"{""ip-172-31-0-204"": ""healthy"", ""ip-172-31-1-171"": ""healthy"", ""ip-172-31-10-12"": ""healthy"", ""ip-172-31-11-132"": ""healthy"", ""ip-172-31-13-134"": ""healthy"", ""ip-172-31-14-68"": ""healthy"", ""ip-172-31-40-239"": ""healthy""}",unsubscribe,127.6,0.9976,0,0,"{""ip-172-31-11-132"": {""pose"": 1, ""gesture"": 1}, ""ip-172-31-10-12"": {""gesture"": 1, ""pose"": 1}, ""ip-172-31-40-239"": {""gesture"": 1, ""object"": 1, ""pose"": 1}, ""ip-172-31-14-68"": {""pose"": 1, ""gesture"": 1}, ""ip-172-31-13-134"": {""object"": 1, ""pose"": 1}, ""ip-172-31-0-204"": {""gesture"": 1, ""pose"": 1}, ""ip-172-31-1-171"": {""gesture"": 1, ""pose"": 1}}","{""a2"": {""services"": [""pose"", ""gesture""], ""fps"": {""pose"": 30, ""gesture"": 30}, ""eff_fps"": {""pose"": 30, ""gesture"": 30}, ""latency_ms"": {""pose"": 0, ""gesture"": 0}, ""svclat_ms"": {""pose"": 22.58, ""gesture"": 18.49}}, ""a3"": {""services"": [""pose"", ""gesture""], ""fps"": {""pose"": 30, ""gesture"": 30}, ""eff_fps"": {""pose"": 30, ""gesture"": 30}, ""latency_ms"": {""pose"": 0, ""gesture"": 0}, ""svclat_ms"": {""pose"": 24.9, ""gesture"": 21.48}}, ""a4"": {""services"": [""pose"", ""gesture""], ""fps"": {""pose"": 30, ""gesture"": 31}, ""eff_fps"": {""pose"": 30, ""gesture"": 31}, ""latency_ms"": {""pose"": 0, ""gesture"": 0}, ""svclat_ms"": {""pose"": 23.13, ""gesture"": 16.58}}, ""a5"": {""services"": [""pose"", ""gesture""], ""fps"": {""pose"": 30, ""gesture"": 30}, ""eff_fps"": {""pose"": 30, ""gesture"": 30}, ""latency_ms"": {""pose"": 0, ""gesture"": 0}, ""svclat_ms"": {""pose"": 20.79, ""gesture"": 15.33}}, ""a6"": {""services"": [""pose"", ""gesture""], ""fps"": {""pose"": 30, ""gesture"": 30}, ""eff_fps"": {""pose"": 30, ""gesture"": 30}, ""latency_ms"": {""pose"": 0, ""gesture"": 0}, ""svclat_ms"": {""pose"": 23.12, ""gesture"": 22.69}}, ""a7"": {""services"": [""pose"", ""gesture""], ""fps"": {""pose"": 30, ""gesture"": 29}, ""eff_fps"": {""pose"": 30, ""gesture"": 29}, ""latency_ms"": {""pose"": 0, ""gesture"": 0}, ""svclat_ms"": {""pose"": 22.71, ""gesture"": 18.29}}, ""a8"": {""services"": [""pose"", ""gesture""], ""fps"": {""pose"": 29, ""gesture"": 30}, ""eff_fps"": {""pose"": 29, ""gesture"": 30}, ""latency_ms"": {""pose"": 0, ""gesture"": 0}, ""svclat_ms"": {""pose"": 25.46, ""gesture"": 19.42}}, ""a9"": {""services"": [""pose"", ""gesture""], ""fps"": {""pose"": 30, ""gesture"": 30}, ""eff_fps"": {""pose"": 30, ""gesture"": 30}, ""latency_ms"": {""pose"": 0, ""gesture"": 0}, ""svclat_ms"": {""pose"": 20.58, ""gesture"": 17.04}}, ""a10"": {""services"": [""pose"", ""gesture""], ""fps"": {""pose"": 30, ""gesture"": 30}, ""eff_fps"": {""pose"": 30, ""gesture"": 30}, ""latency_ms"": {""pose"": 0, ""gesture"": 0}, ""svclat_ms"": {""pose"": 23.33, ""gesture"": 17.64}}, ""a11"": {""services"": [""pose"", ""gesture""], ""fps"": {""pose"": 30, ""gesture"": 31}, ""eff_fps"": {""pose"": 30, ""gesture"": 31}, ""latency_ms"": {""pose"": 0, ""gesture"": 0}, ""svclat_ms"": {""pose"": 23.88, ""gesture"": 16.03}}, ""a12"": {""services"": [""pose"", ""gesture""], ""fps"": {""pose"": 30, ""gesture"": 30}, ""eff_fps"": {""pose"": 30, ""gesture"": 30}, ""latency_ms"": {""pose"": 0, ""gesture"": 0}, ""svclat_ms"": {""pose"": 20.39, ""gesture"": 16.91}}, ""a13"": {""services"": [""pose"", ""gesture""], ""fps"": {""pose"": 30, ""gesture"": 29}, ""eff_fps"": {""pose"": 30, ""gesture"": 29}, ""latency_ms"": {""pose"": 0, ""gesture"": 0}, ""svclat_ms"": {""pose"": 20.24, ""gesture"": 20.82}}, ""a14"": {""services"": [""pose"", ""gesture""], ""fps"": {""pose"": 30, ""gesture"": 30}, ""eff_fps"": {""pose"": 30, ""gesture"": 30}, ""latency_ms"": {""pose"": 0, ""gesture"": 0}, ""svclat_ms"": {""pose"": 22.89, ""gesture"": 19.39}}, ""a15"": {""services"": [""pose"", ""gesture""], ""fps"": {""pose"": 29, ""gesture"": 30}, ""eff_fps"": {""pose"": 29, ""gesture"": 30}, ""latency_ms"": {""pose"": 0, ""gesture"": 0}, ""svclat_ms"": {""pose"": 23.43, ""gesture"": 18.54}}}"
87.0,14,14,1.0,0,0,16,15,13,0.867,1197.0,838,0.7,0.0,1.07,0.0,29.93,30.0,0,29.93,30.0,0,0,0,0,22.48,17.84,0,839,"{""ip-172-31-0-204"": ""healthy"", ""ip-172-31-1-171"": ""healthy"", ""ip-172-31-10-12"": ""healthy"", ""ip-172-31-11-132"": ""healthy"", ""ip-172-31-13-134"": ""healthy"", ""ip-172-31-14-68"": ""healthy"", ""ip-172-31-40-239"": ""healthy""}",unsubscribe,127.6,0.9976,0,0,"{""ip-172-31-11-132"": {""pose"": 1, ""gesture"": 1}, ""ip-172-31-10-12"": {""gesture"": 1, ""pose"": 1}, ""ip-172-31-40-239"": {""gesture"": 1, ""object"": 1, ""pose"": 1}, ""ip-172-31-14-68"": {""pose"": 1, ""gesture"": 1}, ""ip-172-31-13-134"": {""object"": 1, ""pose"": 1}, ""ip-172-31-0-204"": {""gesture"": 1, ""pose"": 1}, ""ip-172-31-1-171"": {""gesture"": 1, ""pose"": 1}}","{""a2"": {""services"": [""pose"", ""gesture""], ""fps"": {""pose"": 30, ""gesture"": 30}, ""eff_fps"": {""pose"": 30, ""gesture"": 30}, ""latency_ms"": {""pose"": 0, ""gesture"": 0}, ""svclat_ms"": {""pose"": 21.97, ""gesture"": 17.84}}, ""a3"": {""services"": [""pose"", ""gesture""], ""fps"": {""pose"": 30, ""gesture"": 30}, ""eff_fps"": {""pose"": 30, ""gesture"": 30}, ""latency_ms"": {""pose"": 0, ""gesture"": 0}, ""svclat_ms"": {""pose"": 24.35, ""gesture"": 21.78}}, ""a4"": {""services"": [""pose"", ""gesture""], ""fps"": {""pose"": 30, ""gesture"": 30}, ""eff_fps"": {""pose"": 30, ""gesture"": 30}, ""latency_ms"": {""pose"": 0, ""gesture"": 0}, ""svclat_ms"": {""pose"": 23.22, ""gesture"": 17.1}}, ""a5"": {""services"": [""pose"", ""gesture""], ""fps"": {""pose"": 31, ""gesture"": 30}, ""eff_fps"": {""pose"": 31, ""gesture"": 30}, ""latency_ms"": {""pose"": 0, ""gesture"": 0}, ""svclat_ms"": {""pose"": 21.14, ""gesture"": 15.25}}, ""a6"": {""services"": [""pose"", ""gesture""], ""fps"": {""pose"": 30, ""gesture"": 30}, ""eff_fps"": {""pose"": 30, ""gesture"": 30}, ""latency_ms"": {""pose"": 0, ""gesture"": 0}, ""svclat_ms"": {""pose"": 23.24, ""gesture"": 22.48}}, ""a7"": {""services"": [""pose"", ""gesture""], ""fps"": {""pose"": 30, ""gesture"": 30}, ""eff_fps"": {""pose"": 30, ""gesture"": 30}, ""latency_ms"": {""pose"": 0, ""gesture"": 0}, ""svclat_ms"": {""pose"": 22.66, ""gesture"": 17.01}}, ""a8"": {""services"": [""pose"", ""gesture""], ""fps"": {""pose"": 29, ""gesture"": 30}, ""eff_fps"": {""pose"": 29, ""gesture"": 30}, ""latency_ms"": {""pose"": 0, ""gesture"": 0}, ""svclat_ms"": {""pose"": 24.31, ""gesture"": 19.05}}, ""a9"": {""services"": [""pose"", ""gesture""], ""fps"": {""pose"": 30, ""gesture"": 30}, ""eff_fps"": {""pose"": 30, ""gesture"": 30}, ""latency_ms"": {""pose"": 0, ""gesture"": 0}, ""svclat_ms"": {""pose"": 20.28, ""gesture"": 16.43}}, ""a10"": {""services"": [""pose"", ""gesture""], ""fps"": {""pose"": 30, ""gesture"": 30}, ""eff_fps"": {""pose"": 30, ""gesture"": 30}, ""latency_ms"": {""pose"": 0, ""gesture"": 0}, ""svclat_ms"": {""pose"": 23.1, ""gesture"": 17.92}}, ""a11"": {""services"": [""pose"", ""gesture""], ""fps"": {""pose"": 30, ""gesture"": 30}, ""eff_fps"": {""pose"": 30, ""gesture"": 30}, ""latency_ms"": {""pose"": 0, ""gesture"": 0}, ""svclat_ms"": {""pose"": 23.94, ""gesture"": 16.22}}, ""a12"": {""services"": [""pose"", ""gesture""], ""fps"": {""pose"": 30, ""gesture"": 30}, ""eff_fps"": {""pose"": 30, ""gesture"": 30}, ""latency_ms"": {""pose"": 0, ""gesture"": 0}, ""svclat_ms"": {""pose"": 20.66, ""gesture"": 16.62}}, ""a13"": {""services"": [""pose"", ""gesture""], ""fps"": {""pose"": 30, ""gesture"": 30}, ""eff_fps"": {""pose"": 30, ""gesture"": 30}, ""latency_ms"": {""pose"": 0, ""gesture"": 0}, ""svclat_ms"": {""pose"": 20.22, ""gesture"": 16.02}}, ""a14"": {""services"": [""pose"", ""gesture""], ""fps"": {""pose"": 30, ""gesture"": 30}, ""eff_fps"": {""pose"": 30, ""gesture"": 30}, ""latency_ms"": {""pose"": 0, ""gesture"": 0}, ""svclat_ms"": {""pose"": 23.23, ""gesture"": 18.81}}, ""a15"": {""services"": [""pose"", ""gesture""], ""fps"": {""pose"": 29, ""gesture"": 30}, ""eff_fps"": {""pose"": 29, ""gesture"": 30}, ""latency_ms"": {""pose"": 0, ""gesture"": 0}, ""svclat_ms"": {""pose"": 22.47, ""gesture"": 17.25}}}"
89.5,14,14,1.0,0,0,16,15,13,0.867,1197.0,838,0.7,0.0,1.07,0.0,29.86,30.0,0,29.86,30.0,0,0,0,0,22.73,17.92,0,838,"{""ip-172-31-0-204"": ""healthy"", ""ip-172-31-1-171"": ""healthy"", ""ip-172-31-10-12"": ""healthy"", ""ip-172-31-11-132"": ""healthy"", ""ip-172-31-13-134"": ""healthy"", ""ip-172-31-14-68"": ""healthy"", ""ip-172-31-40-239"": ""healthy""}",unsubscribe,127.6,0.9976,0,0,"{""ip-172-31-11-132"": {""pose"": 1, ""gesture"": 1}, ""ip-172-31-10-12"": {""gesture"": 1, ""pose"": 1}, ""ip-172-31-40-239"": {""gesture"": 1, ""object"": 1, ""pose"": 1}, ""ip-172-31-14-68"": {""pose"": 1, ""gesture"": 1}, ""ip-172-31-13-134"": {""object"": 1, ""pose"": 1}, ""ip-172-31-0-204"": {""gesture"": 1, ""pose"": 1}, ""ip-172-31-1-171"": {""gesture"": 1, ""pose"": 1}}","{""a2"": {""services"": [""pose"", ""gesture""], ""fps"": {""pose"": 30, ""gesture"": 30}, ""eff_fps"": {""pose"": 30, ""gesture"": 30}, ""latency_ms"": {""pose"": 0, ""gesture"": 0}, ""svclat_ms"": {""pose"": 23.01, ""gesture"": 18.28}}, ""a3"": {""services"": [""pose"", ""gesture""], ""fps"": {""pose"": 30, ""gesture"": 30}, ""eff_fps"": {""pose"": 30, ""gesture"": 30}, ""latency_ms"": {""pose"": 0, ""gesture"": 0}, ""svclat_ms"": {""pose"": 23.47, ""gesture"": 21.26}}, ""a4"": {""services"": [""pose"", ""gesture""], ""fps"": {""pose"": 30, ""gesture"": 30}, ""eff_fps"": {""pose"": 30, ""gesture"": 30}, ""latency_ms"": {""pose"": 0, ""gesture"": 0}, ""svclat_ms"": {""pose"": 23.17, ""gesture"": 17.1}}, ""a5"": {""services"": [""pose"", ""gesture""], ""fps"": {""pose"": 30, ""gesture"": 30}, ""eff_fps"": {""pose"": 30, ""gesture"": 30}, ""latency_ms"": {""pose"": 0, ""gesture"": 0}, ""svclat_ms"": {""pose"": 21.22, ""gesture"": 15.53}}, ""a6"": {""services"": [""pose"", ""gesture""], ""fps"": {""pose"": 30, ""gesture"": 30}, ""eff_fps"": {""pose"": 30, ""gesture"": 30}, ""latency_ms"": {""pose"": 0, ""gesture"": 0}, ""svclat_ms"": {""pose"": 23.42, ""gesture"": 22.16}}, ""a7"": {""services"": [""pose"", ""gesture""], ""fps"": {""pose"": 30, ""gesture"": 30}, ""eff_fps"": {""pose"": 30, ""gesture"": 30}, ""latency_ms"": {""pose"": 0, ""gesture"": 0}, ""svclat_ms"": {""pose"": 22.54, ""gesture"": 17.15}}, ""a8"": {""services"": [""pose"", ""gesture""], ""fps"": {""pose"": 29, ""gesture"": 30}, ""eff_fps"": {""pose"": 29, ""gesture"": 30}, ""latency_ms"": {""pose"": 0, ""gesture"": 0}, ""svclat_ms"": {""pose"": 25.16, ""gesture"": 18.39}}, ""a9"": {""services"": [""pose"", ""gesture""], ""fps"": {""pose"": 30, ""gesture"": 30}, ""eff_fps"": {""pose"": 30, ""gesture"": 30}, ""latency_ms"": {""pose"": 0, ""gesture"": 0}, ""svclat_ms"": {""pose"": 20.43, ""gesture"": 17.11}}, ""a10"": {""services"": [""pose"", ""gesture""], ""fps"": {""pose"": 30, ""gesture"": 30}, ""eff_fps"": {""pose"": 30, ""gesture"": 30}, ""latency_ms"": {""pose"": 0, ""gesture"": 0}, ""svclat_ms"": {""pose"": 23.5, ""gesture"": 17.54}}, ""a11"": {""services"": [""pose"", ""gesture""], ""fps"": {""pose"": 30, ""gesture"": 30}, ""eff_fps"": {""pose"": 30, ""gesture"": 30}, ""latency_ms"": {""pose"": 0, ""gesture"": 0}, ""svclat_ms"": {""pose"": 24.18, ""gesture"": 16.73}}, ""a12"": {""services"": [""pose"", ""gesture""], ""fps"": {""pose"": 30, ""gesture"": 30}, ""eff_fps"": {""pose"": 30, ""gesture"": 30}, ""latency_ms"": {""pose"": 0, ""gesture"": 0}, ""svclat_ms"": {""pose"": 20.97, ""gesture"": 16.31}}, ""a13"": {""services"": [""pose"", ""gesture""], ""fps"": {""pose"": 30, ""gesture"": 30}, ""eff_fps"": {""pose"": 30, ""gesture"": 30}, ""latency_ms"": {""pose"": 0, ""gesture"": 0}, ""svclat_ms"": {""pose"": 20.55, ""gesture"": 16.51}}, ""a14"": {""services"": [""pose"", ""gesture""], ""fps"": {""pose"": 30, ""gesture"": 30}, ""eff_fps"": {""pose"": 30, ""gesture"": 30}, ""latency_ms"": {""pose"": 0, ""gesture"": 0}, ""svclat_ms"": {""pose"": 23.47, ""gesture"": 18.59}}, ""a15"": {""services"": [""pose"", ""gesture""], ""fps"": {""pose"": 29, ""gesture"": 30}, ""eff_fps"": {""pose"": 29, ""gesture"": 30}, ""latency_ms"": {""pose"": 0, ""gesture"": 0}, ""svclat_ms"": {""pose"": 23.13, ""gesture"": 18.24}}}"
93.2,14,14,1.0,0,0,16,15,13,0.867,1197.0,838,0.7,0.0,1.07,0.0,29.85,30.08,0,29.85,30.08,0,0,0,0,22.45,17.5,0,779,"{""ip-172-31-0-204"": ""healthy"", ""ip-172-31-1-171"": ""healthy"", ""ip-172-31-10-12"": ""healthy"", ""ip-172-31-11-132"": ""healthy"", ""ip-172-31-13-134"": ""healthy"", ""ip-172-31-14-68"": ""healthy"", ""ip-172-31-40-239"": ""healthy""}",unsubscribe,127.6,0.9976,0,0,"{""ip-172-31-11-132"": {""pose"": 1, ""gesture"": 1}, ""ip-172-31-10-12"": {""gesture"": 1, ""pose"": 1}, ""ip-172-31-40-239"": {""gesture"": 1, ""object"": 1, ""pose"": 1}, ""ip-172-31-14-68"": {""pose"": 1, ""gesture"": 1}, ""ip-172-31-13-134"": {""object"": 1, ""pose"": 1}, ""ip-172-31-0-204"": {""gesture"": 1, ""pose"": 1}, ""ip-172-31-1-171"": {""gesture"": 1, ""pose"": 1}}","{""a3"": {""services"": [""pose"", ""gesture""], ""fps"": {""pose"": 30, ""gesture"": 30}, ""eff_fps"": {""pose"": 30, ""gesture"": 30}, ""latency_ms"": {""pose"": 0, ""gesture"": 0}, ""svclat_ms"": {""pose"": 23.28, ""gesture"": 21.48}}, ""a4"": {""services"": [""pose"", ""gesture""], ""fps"": {""pose"": 30, ""gesture"": 31}, ""eff_fps"": {""pose"": 30, ""gesture"": 31}, ""latency_ms"": {""pose"": 0, ""gesture"": 0}, ""svclat_ms"": {""pose"": 23.21, ""gesture"": 16.28}}, ""a5"": {""services"": [""pose"", ""gesture""], ""fps"": {""pose"": 30, ""gesture"": 30}, ""eff_fps"": {""pose"": 30, ""gesture"": 30}, ""latency_ms"": {""pose"": 0, ""gesture"": 0}, ""svclat_ms"": {""pose"": 21.09, ""gesture"": 15.4}}, ""a6"": {""services"": [""pose"", ""gesture""], ""fps"": {""pose"": 30, ""gesture"": 30}, ""eff_fps"": {""pose"": 30, ""gesture"": 30}, ""latency_ms"": {""pose"": 0, ""gesture"": 0}, ""svclat_ms"": {""pose"": 23.2, ""gesture"": 22.44}}, ""a7"": {""services"": [""pose"", ""gesture""], ""fps"": {""pose"": 30, ""gesture"": 30}, ""eff_fps"": {""pose"": 30, ""gesture"": 30}, ""latency_ms"": {""pose"": 0, ""gesture"": 0}, ""svclat_ms"": {""pose"": 22.52, ""gesture"": 16.78}}, ""a8"": {""services"": [""pose"", ""gesture""], ""fps"": {""pose"": 29, ""gesture"": 30}, ""eff_fps"": {""pose"": 29, ""gesture"": 30}, ""latency_ms"": {""pose"": 0, ""gesture"": 0}, ""svclat_ms"": {""pose"": 24.24, ""gesture"": 17.42}}, ""a9"": {""services"": [""pose"", ""gesture""], ""fps"": {""pose"": 30, ""gesture"": 30}, ""eff_fps"": {""pose"": 30, ""gesture"": 30}, ""latency_ms"": {""pose"": 0, ""gesture"": 0}, ""svclat_ms"": {""pose"": 20.54, ""gesture"": 16.44}}, ""a10"": {""services"": [""pose"", ""gesture""], ""fps"": {""pose"": 30, ""gesture"": 30}, ""eff_fps"": {""pose"": 30, ""gesture"": 30}, ""latency_ms"": {""pose"": 0, ""gesture"": 0}, ""svclat_ms"": {""pose"": 22.77, ""gesture"": 17.78}}, ""a11"": {""services"": [""pose"", ""gesture""], ""fps"": {""pose"": 30, ""gesture"": 30}, ""eff_fps"": {""pose"": 30, ""gesture"": 30}, ""latency_ms"": {""pose"": 0, ""gesture"": 0}, ""svclat_ms"": {""pose"": 23.74, ""gesture"": 16.35}}, ""a12"": {""services"": [""pose"", ""gesture""], ""fps"": {""pose"": 30, ""gesture"": 30}, ""eff_fps"": {""pose"": 30, ""gesture"": 30}, ""latency_ms"": {""pose"": 0, ""gesture"": 0}, ""svclat_ms"": {""pose"": 21.02, ""gesture"": 16.76}}, ""a13"": {""services"": [""pose"", ""gesture""], ""fps"": {""pose"": 30, ""gesture"": 30}, ""eff_fps"": {""pose"": 30, ""gesture"": 30}, ""latency_ms"": {""pose"": 0, ""gesture"": 0}, ""svclat_ms"": {""pose"": 20.53, ""gesture"": 16.15}}, ""a14"": {""services"": [""pose"", ""gesture""], ""fps"": {""pose"": 30, ""gesture"": 30}, ""eff_fps"": {""pose"": 30, ""gesture"": 30}, ""latency_ms"": {""pose"": 0, ""gesture"": 0}, ""svclat_ms"": {""pose"": 23.1, ""gesture"": 17.12}}, ""a15"": {""services"": [""pose"", ""gesture""], ""fps"": {""pose"": 29, ""gesture"": 30}, ""eff_fps"": {""pose"": 29, ""gesture"": 30}, ""latency_ms"": {""pose"": 0, ""gesture"": 0}, ""svclat_ms"": {""pose"": 22.62, ""gesture"": 17.15}}}"
95.7,13,13,1.0,0,0,16,15,13,0.867,1197.0,778,0.65,0.0,1.15,0.0,29.85,30.08,0,29.85,30.08,0,0,0,0,22.49,17.55,0,779,"{""ip-172-31-0-204"": ""healthy"", ""ip-172-31-1-171"": ""healthy"", ""ip-172-31-10-12"": ""healthy"", ""ip-172-31-11-132"": ""healthy"", ""ip-172-31-13-134"": ""healthy"", ""ip-172-31-14-68"": ""healthy"", ""ip-172-31-40-239"": ""healthy""}",unsubscribe,124.1,0.9974,0,0,"{""ip-172-31-11-132"": {""pose"": 1, ""gesture"": 1}, ""ip-172-31-10-12"": {""gesture"": 1, ""pose"": 1}, ""ip-172-31-40-239"": {""gesture"": 1, ""object"": 1, ""pose"": 1}, ""ip-172-31-14-68"": {""pose"": 1, ""gesture"": 1}, ""ip-172-31-13-134"": {""object"": 1, ""pose"": 1}, ""ip-172-31-0-204"": {""gesture"": 1, ""pose"": 1}, ""ip-172-31-1-171"": {""gesture"": 1, ""pose"": 1}}","{""a3"": {""services"": [""pose"", ""gesture""], ""fps"": {""pose"": 30, ""gesture"": 30}, ""eff_fps"": {""pose"": 30, ""gesture"": 30}, ""latency_ms"": {""pose"": 0, ""gesture"": 0}, ""svclat_ms"": {""pose"": 24.07, ""gesture"": 21.62}}, ""a4"": {""services"": [""pose"", ""gesture""], ""fps"": {""pose"": 30, ""gesture"": 31}, ""eff_fps"": {""pose"": 30, ""gesture"": 31}, ""latency_ms"": {""pose"": 0, ""gesture"": 0}, ""svclat_ms"": {""pose"": 23.25, ""gesture"": 17.02}}, ""a5"": {""services"": [""pose"", ""gesture""], ""fps"": {""pose"": 30, ""gesture"": 30}, ""eff_fps"": {""pose"": 30, ""gesture"": 30}, ""latency_ms"": {""pose"": 0, ""gesture"": 0}, ""svclat_ms"": {""pose"": 20.85, ""gesture"": 15.45}}, ""a6"": {""services"": [""pose"", ""gesture""], ""fps"": {""pose"": 30, ""gesture"": 30}, ""eff_fps"": {""pose"": 30, ""gesture"": 30}, ""latency_ms"": {""pose"": 0, ""gesture"": 0}, ""svclat_ms"": {""pose"": 23.22, ""gesture"": 21.86}}, ""a7"": {""services"": [""pose"", ""gesture""], ""fps"": {""pose"": 30, ""gesture"": 30}, ""eff_fps"": {""pose"": 30, ""gesture"": 30}, ""latency_ms"": {""pose"": 0, ""gesture"": 0}, ""svclat_ms"": {""pose"": 22.47, ""gesture"": 16.99}}, ""a8"": {""services"": [""pose"", ""gesture""], ""fps"": {""pose"": 29, ""gesture"": 30}, ""eff_fps"": {""pose"": 29, ""gesture"": 30}, ""latency_ms"": {""pose"": 0, ""gesture"": 0}, ""svclat_ms"": {""pose"": 24.31, ""gesture"": 16.56}}, ""a9"": {""services"": [""pose"", ""gesture""], ""fps"": {""pose"": 30, ""gesture"": 30}, ""eff_fps"": {""pose"": 30, ""gesture"": 30}, ""latency_ms"": {""pose"": 0, ""gesture"": 0}, ""svclat_ms"": {""pose"": 19.93, ""gesture"": 17.05}}, ""a10"": {""services"": [""pose"", ""gesture""], ""fps"": {""pose"": 30, ""gesture"": 30}, ""eff_fps"": {""pose"": 30, ""gesture"": 30}, ""latency_ms"": {""pose"": 0, ""gesture"": 0}, ""svclat_ms"": {""pose"": 23.18, ""gesture"": 18.41}}, ""a11"": {""services"": [""pose"", ""gesture""], ""fps"": {""pose"": 30, ""gesture"": 30}, ""eff_fps"": {""pose"": 30, ""gesture"": 30}, ""latency_ms"": {""pose"": 0, ""gesture"": 0}, ""svclat_ms"": {""pose"": 24.32, ""gesture"": 16.3}}, ""a12"": {""services"": [""pose"", ""gesture""], ""fps"": {""pose"": 30, ""gesture"": 30}, ""eff_fps"": {""pose"": 30, ""gesture"": 30}, ""latency_ms"": {""pose"": 0, ""gesture"": 0}, ""svclat_ms"": {""pose"": 20.38, ""gesture"": 16.52}}, ""a13"": {""services"": [""pose"", ""gesture""], ""fps"": {""pose"": 30, ""gesture"": 30}, ""eff_fps"": {""pose"": 30, ""gesture"": 30}, ""latency_ms"": {""pose"": 0, ""gesture"": 0}, ""svclat_ms"": {""pose"": 20.29, ""gesture"": 16.1}}, ""a14"": {""services"": [""pose"", ""gesture""], ""fps"": {""pose"": 30, ""gesture"": 30}, ""eff_fps"": {""pose"": 30, ""gesture"": 30}, ""latency_ms"": {""pose"": 0, ""gesture"": 0}, ""svclat_ms"": {""pose"": 23.36, ""gesture"": 16.76}}, ""a15"": {""services"": [""pose"", ""gesture""], ""fps"": {""pose"": 29, ""gesture"": 30}, ""eff_fps"": {""pose"": 29, ""gesture"": 30}, ""latency_ms"": {""pose"": 0, ""gesture"": 0}, ""svclat_ms"": {""pose"": 22.8, ""gesture"": 17.52}}}"
100.3,12,13,1.083,0,0,16,15,13,0.867,1197.0,778,0.65,0.0,1.25,0.0,29.8,30.0,0,29.8,30.0,0,0,0,0,22.11,16.74,0,598,"{""ip-172-31-0-204"": ""healthy"", ""ip-172-31-1-171"": ""healthy"", ""ip-172-31-10-12"": ""healthy"", ""ip-172-31-11-132"": ""healthy"", ""ip-172-31-13-134"": ""healthy"", ""ip-172-31-14-68"": ""healthy"", ""ip-172-31-40-239"": ""healthy""}",unsubscribe,124.1,0.9974,0,0,"{""ip-172-31-11-132"": {""pose"": 1, ""gesture"": 1}, ""ip-172-31-10-12"": {""gesture"": 1, ""pose"": 1}, ""ip-172-31-40-239"": {""gesture"": 1, ""object"": 1, ""pose"": 1}, ""ip-172-31-14-68"": {""pose"": 1, ""gesture"": 1}, ""ip-172-31-13-134"": {""object"": 1, ""pose"": 1}, ""ip-172-31-0-204"": {""gesture"": 1, ""pose"": 1}, ""ip-172-31-1-171"": {""gesture"": 1, ""pose"": 1}}","{""a6"": {""services"": [""pose"", ""gesture""], ""fps"": {""pose"": 30, ""gesture"": 30}, ""eff_fps"": {""pose"": 30, ""gesture"": 30}, ""latency_ms"": {""pose"": 0, ""gesture"": 0}, ""svclat_ms"": {""pose"": 23.59, ""gesture"": 22.45}}, ""a7"": {""services"": [""pose"", ""gesture""], ""fps"": {""pose"": 30, ""gesture"": 30}, ""eff_fps"": {""pose"": 30, ""gesture"": 30}, ""latency_ms"": {""pose"": 0, ""gesture"": 0}, ""svclat_ms"": {""pose"": 22.96, ""gesture"": 16.97}}, ""a8"": {""services"": [""pose"", ""gesture""], ""fps"": {""pose"": 29, ""gesture"": 30}, ""eff_fps"": {""pose"": 29, ""gesture"": 30}, ""latency_ms"": {""pose"": 0, ""gesture"": 0}, ""svclat_ms"": {""pose"": 25.05, ""gesture"": 16.7}}, ""a9"": {""services"": [""pose"", ""gesture""], ""fps"": {""pose"": 30, ""gesture"": 30}, ""eff_fps"": {""pose"": 30, ""gesture"": 30}, ""latency_ms"": {""pose"": 0, ""gesture"": 0}, ""svclat_ms"": {""pose"": 19.81, ""gesture"": 15.12}}, ""a10"": {""services"": [""pose"", ""gesture""], ""fps"": {""pose"": 30, ""gesture"": 30}, ""eff_fps"": {""pose"": 30, ""gesture"": 30}, ""latency_ms"": {""pose"": 0, ""gesture"": 0}, ""svclat_ms"": {""pose"": 21.43, ""gesture"": 15.35}}, ""a11"": {""services"": [""pose"", ""gesture""], ""fps"": {""pose"": 30, ""gesture"": 30}, ""eff_fps"": {""pose"": 30, ""gesture"": 30}, ""latency_ms"": {""pose"": 0, ""gesture"": 0}, ""svclat_ms"": {""pose"": 20.2, ""gesture"": 14.58}}, ""a12"": {""services"": [""pose"", ""gesture""], ""fps"": {""pose"": 30, ""gesture"": 30}, ""eff_fps"": {""pose"": 30, ""gesture"": 30}, ""latency_ms"": {""pose"": 0, ""gesture"": 0}, ""svclat_ms"": {""pose"": 20.89, ""gesture"": 17.28}}, ""a13"": {""services"": [""pose"", ""gesture""], ""fps"": {""pose"": 30, ""gesture"": 30}, ""eff_fps"": {""pose"": 30, ""gesture"": 30}, ""latency_ms"": {""pose"": 0, ""gesture"": 0}, ""svclat_ms"": {""pose"": 20.54, ""gesture"": 16.7}}, ""a14"": {""services"": [""pose"", ""gesture""], ""fps"": {""pose"": 30, ""gesture"": 30}, ""eff_fps"": {""pose"": 30, ""gesture"": 30}, ""latency_ms"": {""pose"": 0, ""gesture"": 0}, ""svclat_ms"": {""pose"": 23.64, ""gesture"": 16.89}}, ""a15"": {""services"": [""pose"", ""gesture""], ""fps"": {""pose"": 29, ""gesture"": 30}, ""eff_fps"": {""pose"": 29, ""gesture"": 30}, ""latency_ms"": {""pose"": 0, ""gesture"": 0}, ""svclat_ms"": {""pose"": 23.0, ""gesture"": 15.4}}}"
104.6,11,12,1.091,0,0,16,15,13,0.867,1197.0,718,0.6,0.0,1.36,0.0,29.78,30.0,0,29.78,30.0,0,0,0,0,21.71,16.1,0,538,"{""ip-172-31-0-204"": ""healthy"", ""ip-172-31-1-171"": ""healthy"", ""ip-172-31-10-12"": ""healthy"", ""ip-172-31-11-132"": ""healthy"", ""ip-172-31-13-134"": ""healthy"", ""ip-172-31-14-68"": ""healthy"", ""ip-172-31-40-239"": ""healthy""}",unsubscribe,117.2,0.9972,0,0,"{""ip-172-31-11-132"": {""pose"": 1, ""gesture"": 1}, ""ip-172-31-10-12"": {""gesture"": 1, ""pose"": 1}, ""ip-172-31-40-239"": {""gesture"": 1, ""object"": 1, ""pose"": 1}, ""ip-172-31-14-68"": {""pose"": 1, ""gesture"": 1}, ""ip-172-31-13-134"": {""object"": 1, ""pose"": 1}, ""ip-172-31-0-204"": {""gesture"": 1, ""pose"": 1}, ""ip-172-31-1-171"": {""gesture"": 1, ""pose"": 1}}","{""a7"": {""services"": [""pose"", ""gesture""], ""fps"": {""pose"": 30, ""gesture"": 30}, ""eff_fps"": {""pose"": 30, ""gesture"": 30}, ""latency_ms"": {""pose"": 0, ""gesture"": 0}, ""svclat_ms"": {""pose"": 21.33, ""gesture"": 17.0}}, ""a8"": {""services"": [""pose"", ""gesture""], ""fps"": {""pose"": 29, ""gesture"": 30}, ""eff_fps"": {""pose"": 29, ""gesture"": 30}, ""latency_ms"": {""pose"": 0, ""gesture"": 0}, ""svclat_ms"": {""pose"": 24.89, ""gesture"": 17.39}}, ""a9"": {""services"": [""pose"", ""gesture""], ""fps"": {""pose"": 30, ""gesture"": 30}, ""eff_fps"": {""pose"": 30, ""gesture"": 30}, ""latency_ms"": {""pose"": 0, ""gesture"": 0}, ""svclat_ms"": {""pose"": 20.62, ""gesture"": 14.78}}, ""a10"": {""services"": [""pose"", ""gesture""], ""fps"": {""pose"": 30, ""gesture"": 30}, ""eff_fps"": {""pose"": 30, ""gesture"": 30}, ""latency_ms"": {""pose"": 0, ""gesture"": 0}, ""svclat_ms"": {""pose"": 21.58, ""gesture"": 15.43}}, ""a11"": {""services"": [""pose"", ""gesture""], ""fps"": {""pose"": 30, ""gesture"": 30}, ""eff_fps"": {""pose"": 30, ""gesture"": 30}, ""latency_ms"": {""pose"": 0, ""gesture"": 0}, ""svclat_ms"": {""pose"": 19.93, ""gesture"": 15.61}}, ""a12"": {""services"": [""pose"", ""gesture""], ""fps"": {""pose"": 30, ""gesture"": 30}, ""eff_fps"": {""pose"": 30, ""gesture"": 30}, ""latency_ms"": {""pose"": 0, ""gesture"": 0}, ""svclat_ms"": {""pose"": 21.52, ""gesture"": 16.25}}, ""a13"": {""services"": [""pose"", ""gesture""], ""fps"": {""pose"": 30, ""gesture"": 30}, ""eff_fps"": {""pose"": 30, ""gesture"": 30}, ""latency_ms"": {""pose"": 0, ""gesture"": 0}, ""svclat_ms"": {""pose"": 20.01, ""gesture"": 16.21}}, ""a14"": {""services"": [""pose"", ""gesture""], ""fps"": {""pose"": 30, ""gesture"": 30}, ""eff_fps"": {""pose"": 30, ""gesture"": 30}, ""latency_ms"": {""pose"": 0, ""gesture"": 0}, ""svclat_ms"": {""pose"": 22.95, ""gesture"": 16.83}}, ""a15"": {""services"": [""pose"", ""gesture""], ""fps"": {""pose"": 29, ""gesture"": 30}, ""eff_fps"": {""pose"": 29, ""gesture"": 30}, ""latency_ms"": {""pose"": 0, ""gesture"": 0}, ""svclat_ms"": {""pose"": 22.54, ""gesture"": 15.41}}}"
108.8,10,11,1.1,0,0,16,15,13,0.867,1197.0,658,0.55,0.0,1.5,0.0,29.75,30.0,0,29.75,30.0,0,0,0,0,21.43,15.65,0,478,"{""ip-172-31-0-204"": ""healthy"", ""ip-172-31-1-171"": ""healthy"", ""ip-172-31-10-12"": ""healthy"", ""ip-172-31-11-132"": ""healthy"", ""ip-172-31-13-134"": ""healthy"", ""ip-172-31-14-68"": ""healthy"", ""ip-172-31-40-239"": ""healthy""}",unsubscribe,113.7,0.997,0,0,"{""ip-172-31-11-132"": {""pose"": 1, ""gesture"": 1}, ""ip-172-31-10-12"": {""gesture"": 1, ""pose"": 1}, ""ip-172-31-40-239"": {""gesture"": 1, ""object"": 1, ""pose"": 1}, ""ip-172-31-14-68"": {""pose"": 1, ""gesture"": 1}, ""ip-172-31-13-134"": {""object"": 1, ""pose"": 1}, ""ip-172-31-0-204"": {""gesture"": 1, ""pose"": 1}, ""ip-172-31-1-171"": {""gesture"": 1, ""pose"": 1}}","{""a8"": {""services"": [""pose"", ""gesture""], ""fps"": {""pose"": 29, ""gesture"": 30}, ""eff_fps"": {""pose"": 29, ""gesture"": 30}, ""latency_ms"": {""pose"": 0, ""gesture"": 0}, ""svclat_ms"": {""pose"": 23.31, ""gesture"": 16.95}}, ""a9"": {""services"": [""pose"", ""gesture""], ""fps"": {""pose"": 30, ""gesture"": 30}, ""eff_fps"": {""pose"": 30, ""gesture"": 30}, ""latency_ms"": {""pose"": 0, ""gesture"": 0}, ""svclat_ms"": {""pose"": 20.68, ""gesture"": 15.3}}, ""a10"": {""services"": [""pose"", ""gesture""], ""fps"": {""pose"": 30, ""gesture"": 30}, ""eff_fps"": {""pose"": 30, ""gesture"": 30}, ""latency_ms"": {""pose"": 0, ""gesture"": 0}, ""svclat_ms"": {""pose"": 21.07, ""gesture"": 15.33}}, ""a11"": {""services"": [""pose"", ""gesture""], ""fps"": {""pose"": 30, ""gesture"": 30}, ""eff_fps"": {""pose"": 30, ""gesture"": 30}, ""latency_ms"": {""pose"": 0, ""gesture"": 0}, ""svclat_ms"": {""pose"": 20.15, ""gesture"": 14.79}}, ""a12"": {""services"": [""pose"", ""gesture""], ""fps"": {""pose"": 30, ""gesture"": 30}, ""eff_fps"": {""pose"": 30, ""gesture"": 30}, ""latency_ms"": {""pose"": 0, ""gesture"": 0}, ""svclat_ms"": {""pose"": 20.78, ""gesture"": 15.4}}, ""a13"": {""services"": [""pose"", ""gesture""], ""fps"": {""pose"": 30, ""gesture"": 30}, ""eff_fps"": {""pose"": 30, ""gesture"": 30}, ""latency_ms"": {""pose"": 0, ""gesture"": 0}, ""svclat_ms"": {""pose"": 20.36, ""gesture"": 16.1}}, ""a14"": {""services"": [""pose"", ""gesture""], ""fps"": {""pose"": 30, ""gesture"": 30}, ""eff_fps"": {""pose"": 30, ""gesture"": 30}, ""latency_ms"": {""pose"": 0, ""gesture"": 0}, ""svclat_ms"": {""pose"": 22.76, ""gesture"": 16.77}}, ""a15"": {""services"": [""pose"", ""gesture""], ""fps"": {""pose"": 29, ""gesture"": 30}, ""eff_fps"": {""pose"": 29, ""gesture"": 30}, ""latency_ms"": {""pose"": 0, ""gesture"": 0}, ""svclat_ms"": {""pose"": 22.33, ""gesture"": 14.56}}}"
113.0,9,10,1.111,0,0,16,15,13,0.867,1197.0,598,0.5,0.0,1.67,0.0,30.0,30.0,0,30.0,30.0,0,0,0,0,20.8,15.32,0,420,"{""ip-172-31-0-204"": ""healthy"", ""ip-172-31-1-171"": ""healthy"", ""ip-172-31-10-12"": ""healthy"", ""ip-172-31-11-132"": ""healthy"", ""ip-172-31-13-134"": ""healthy"", ""ip-172-31-14-68"": ""healthy"", ""ip-172-31-40-239"": ""healthy""}",unsubscribe,107.1,0.9967,0,0,"{""ip-172-31-11-132"": {""pose"": 1, ""gesture"": 1}, ""ip-172-31-10-12"": {""gesture"": 1, ""pose"": 1}, ""ip-172-31-40-239"": {""gesture"": 1, ""object"": 1, ""pose"": 1}, ""ip-172-31-14-68"": {""pose"": 1, ""gesture"": 1}, ""ip-172-31-13-134"": {""object"": 1, ""pose"": 1}, ""ip-172-31-0-204"": {""gesture"": 1, ""pose"": 1}, ""ip-172-31-1-171"": {""gesture"": 1, ""pose"": 1}}","{""a9"": {""services"": [""pose"", ""gesture""], ""fps"": {""pose"": 30, ""gesture"": 30}, ""eff_fps"": {""pose"": 30, ""gesture"": 30}, ""latency_ms"": {""pose"": 0, ""gesture"": 0}, ""svclat_ms"": {""pose"": 20.01, ""gesture"": 14.4}}, ""a10"": {""services"": [""pose"", ""gesture""], ""fps"": {""pose"": 30, ""gesture"": 30}, ""eff_fps"": {""pose"": 30, ""gesture"": 30}, ""latency_ms"": {""pose"": 0, ""gesture"": 0}, ""svclat_ms"": {""pose"": 20.65, ""gesture"": 15.18}}, ""a11"": {""services"": [""pose"", ""gesture""], ""fps"": {""pose"": 30, ""gesture"": 30}, ""eff_fps"": {""pose"": 30, ""gesture"": 30}, ""latency_ms"": {""pose"": 0, ""gesture"": 0}, ""svclat_ms"": {""pose"": 20.18, ""gesture"": 16.2}}, ""a12"": {""services"": [""pose"", ""gesture""], ""fps"": {""pose"": 31, ""gesture"": 30}, ""eff_fps"": {""pose"": 31, ""gesture"": 30}, ""latency_ms"": {""pose"": 0, ""gesture"": 0}, ""svclat_ms"": {""pose"": 21.89, ""gesture"": 15.32}}, ""a13"": {""services"": [""pose"", ""gesture""], ""fps"": {""pose"": 30, ""gesture"": 30}, ""eff_fps"": {""pose"": 30, ""gesture"": 30}, ""latency_ms"": {""pose"": 0, ""gesture"": 0}, ""svclat_ms"": {""pose"": 19.84, ""gesture"": 15.02}}, ""a14"": {""services"": [""pose"", ""gesture""], ""fps"": {""pose"": 30, ""gesture"": 30}, ""eff_fps"": {""pose"": 30, ""gesture"": 30}, ""latency_ms"": {""pose"": 0, ""gesture"": 0}, ""svclat_ms"": {""pose"": 21.6, ""gesture"": 16.28}}, ""a15"": {""services"": [""pose"", ""gesture""], ""fps"": {""pose"": 29, ""gesture"": 30}, ""eff_fps"": {""pose"": 29, ""gesture"": 30}, ""latency_ms"": {""pose"": 0, ""gesture"": 0}, ""svclat_ms"": {""pose"": 21.45, ""gesture"": 14.84}}}"
117.3,8,9,1.125,0,0,16,15,13,0.867,1197.0,538,0.449,0.0,1.88,0.0,30.0,30.0,0,30.0,30.0,0,0,0,0,20.34,14.97,0,420,"{""ip-172-31-0-204"": ""healthy"", ""ip-172-31-1-171"": ""healthy"", ""ip-172-31-10-12"": ""healthy"", ""ip-172-31-11-132"": ""healthy"", ""ip-172-31-13-134"": ""healthy"", ""ip-172-31-14-68"": ""healthy"", ""ip-172-31-40-239"": ""healthy""}",unsubscribe,100.8,0.9963,0,0,"{""ip-172-31-11-132"": {""pose"": 1, ""gesture"": 1}, ""ip-172-31-10-12"": {""gesture"": 1, ""pose"": 1}, ""ip-172-31-40-239"": {""gesture"": 1, ""object"": 1, ""pose"": 1}, ""ip-172-31-14-68"": {""pose"": 1, ""gesture"": 1}, ""ip-172-31-13-134"": {""object"": 1, ""pose"": 1}, ""ip-172-31-0-204"": {""gesture"": 1, ""pose"": 1}, ""ip-172-31-1-171"": {""gesture"": 1, ""pose"": 1}}","{""a9"": {""services"": [""pose"", ""gesture""], ""fps"": {""pose"": 31, ""gesture"": 30}, ""eff_fps"": {""pose"": 31, ""gesture"": 30}, ""latency_ms"": {""pose"": 0, ""gesture"": 0}, ""svclat_ms"": {""pose"": 18.9, ""gesture"": 14.63}}, ""a10"": {""services"": [""pose"", ""gesture""], ""fps"": {""pose"": 30, ""gesture"": 30}, ""eff_fps"": {""pose"": 30, ""gesture"": 30}, ""latency_ms"": {""pose"": 0, ""gesture"": 0}, ""svclat_ms"": {""pose"": 20.95, ""gesture"": 15.12}}, ""a11"": {""services"": [""pose"", ""gesture""], ""fps"": {""pose"": 30, ""gesture"": 30}, ""eff_fps"": {""pose"": 30, ""gesture"": 30}, ""latency_ms"": {""pose"": 0, ""gesture"": 0}, ""svclat_ms"": {""pose"": 19.99, ""gesture"": 14.78}}, ""a12"": {""services"": [""pose"", ""gesture""], ""fps"": {""pose"": 30, ""gesture"": 30}, ""eff_fps"": {""pose"": 30, ""gesture"": 30}, ""latency_ms"": {""pose"": 0, ""gesture"": 0}, ""svclat_ms"": {""pose"": 21.02, ""gesture"": 15.44}}, ""a13"": {""services"": [""pose"", ""gesture""], ""fps"": {""pose"": 30, ""gesture"": 30}, ""eff_fps"": {""pose"": 30, ""gesture"": 30}, ""latency_ms"": {""pose"": 0, ""gesture"": 0}, ""svclat_ms"": {""pose"": 20.03, ""gesture"": 14.48}}, ""a14"": {""services"": [""pose"", ""gesture""], ""fps"": {""pose"": 30, ""gesture"": 30}, ""eff_fps"": {""pose"": 30, ""gesture"": 30}, ""latency_ms"": {""pose"": 0, ""gesture"": 0}, ""svclat_ms"": {""pose"": 21.29, ""gesture"": 15.43}}, ""a15"": {""services"": [""pose"", ""gesture""], ""fps"": {""pose"": 29, ""gesture"": 30}, ""eff_fps"": {""pose"": 29, ""gesture"": 30}, ""latency_ms"": {""pose"": 0, ""gesture"": 0}, ""svclat_ms"": {""pose"": 20.18, ""gesture"": 14.9}}}"
122.1,7,7,1.0,0,0,16,15,13,0.867,1197.0,420,0.351,0.0,2.14,0.0,29.83,30.0,0,29.83,30.0,0,0,0,0,20.94,15.29,0,359,"{""ip-172-31-0-204"": ""healthy"", ""ip-172-31-1-171"": ""healthy"", ""ip-172-31-10-12"": ""healthy"", ""ip-172-31-11-132"": ""healthy"", ""ip-172-31-13-134"": ""healthy"", ""ip-172-31-14-68"": ""healthy"", ""ip-172-31-40-239"": ""healthy""}",unsubscribe,95.1,1.0,0,0,"{""ip-172-31-11-132"": {""pose"": 1, ""gesture"": 1}, ""ip-172-31-10-12"": {""gesture"": 1, ""pose"": 1}, ""ip-172-31-40-239"": {""gesture"": 1, ""object"": 1, ""pose"": 1}, ""ip-172-31-14-68"": {""pose"": 1, ""gesture"": 1}, ""ip-172-31-13-134"": {""object"": 1, ""pose"": 1}, ""ip-172-31-0-204"": {""gesture"": 1, ""pose"": 1}, ""ip-172-31-1-171"": {""gesture"": 1, ""pose"": 1}}","{""a10"": {""services"": [""pose"", ""gesture""], ""fps"": {""pose"": 30, ""gesture"": 30}, ""eff_fps"": {""pose"": 30, ""gesture"": 30}, ""latency_ms"": {""pose"": 0, ""gesture"": 0}, ""svclat_ms"": {""pose"": 20.37, ""gesture"": 15.8}}, ""a11"": {""services"": [""pose"", ""gesture""], ""fps"": {""pose"": 30, ""gesture"": 30}, ""eff_fps"": {""pose"": 30, ""gesture"": 30}, ""latency_ms"": {""pose"": 0, ""gesture"": 0}, ""svclat_ms"": {""pose"": 19.94, ""gesture"": 15.34}}, ""a12"": {""services"": [""pose"", ""gesture""], ""fps"": {""pose"": 29, ""gesture"": 30}, ""eff_fps"": {""pose"": 29, ""gesture"": 30}, ""latency_ms"": {""pose"": 0, ""gesture"": 0}, ""svclat_ms"": {""pose"": 22.43, ""gesture"": 15.29}}, ""a13"": {""services"": [""pose"", ""gesture""], ""fps"": {""pose"": 30, ""gesture"": 30}, ""eff_fps"": {""pose"": 30, ""gesture"": 30}, ""latency_ms"": {""pose"": 0, ""gesture"": 0}, ""svclat_ms"": {""pose"": 20.17, ""gesture"": 15.6}}, ""a14"": {""services"": [""pose"", ""gesture""], ""fps"": {""pose"": 30, ""gesture"": 30}, ""eff_fps"": {""pose"": 30, ""gesture"": 30}, ""latency_ms"": {""pose"": 0, ""gesture"": 0}, ""svclat_ms"": {""pose"": 21.11, ""gesture"": 14.86}}, ""a15"": {""services"": [""pose"", ""gesture""], ""fps"": {""pose"": 30, ""gesture"": 30}, ""eff_fps"": {""pose"": 30, ""gesture"": 30}, ""latency_ms"": {""pose"": 0, ""gesture"": 0}, ""svclat_ms"": {""pose"": 21.65, ""gesture"": 14.84}}}"
126.2,5,5,1.0,0,0,16,15,10,0.667,1197.0,300,0.251,0.0,3.0,0.0,30.0,30.0,0,30.0,30.0,0,0,0,0,20.72,14.86,0,300,"{""ip-172-31-0-204"": ""healthy"", ""ip-172-31-1-171"": ""healthy"", ""ip-172-31-10-12"": ""healthy"", ""ip-172-31-11-132"": ""healthy"", ""ip-172-31-13-134"": ""healthy"", ""ip-172-31-14-68"": ""healthy"", ""ip-172-31-40-239"": ""healthy""}",unsubscribe,81.5,1.0,0,0,"{""ip-172-31-11-132"": {""pose"": 1, ""gesture"": 1}, ""ip-172-31-10-12"": {""gesture"": 1, ""pose"": 1}, ""ip-172-31-40-239"": {""gesture"": 1, ""object"": 1, ""pose"": 1}, ""ip-172-31-14-68"": {""pose"": 1, ""gesture"": 1}, ""ip-172-31-13-134"": {""object"": 1, ""pose"": 1}, ""ip-172-31-0-204"": {""gesture"": 1, ""pose"": 1}, ""ip-172-31-1-171"": {""gesture"": 1, ""pose"": 1}}","{""a11"": {""services"": [""pose"", ""gesture""], ""fps"": {""pose"": 30, ""gesture"": 30}, ""eff_fps"": {""pose"": 30, ""gesture"": 30}, ""latency_ms"": {""pose"": 0, ""gesture"": 0}, ""svclat_ms"": {""pose"": 19.94, ""gesture"": 14.83}}, ""a12"": {""services"": [""pose"", ""gesture""], ""fps"": {""pose"": 30, ""gesture"": 30}, ""eff_fps"": {""pose"": 30, ""gesture"": 30}, ""latency_ms"": {""pose"": 0, ""gesture"": 0}, ""svclat_ms"": {""pose"": 20.81, ""gesture"": 15.41}}, ""a13"": {""services"": [""pose"", ""gesture""], ""fps"": {""pose"": 30, ""gesture"": 30}, ""eff_fps"": {""pose"": 30, ""gesture"": 30}, ""latency_ms"": {""pose"": 0, ""gesture"": 0}, ""svclat_ms"": {""pose"": 20.2, ""gesture"": 14.56}}, ""a14"": {""services"": [""pose"", ""gesture""], ""fps"": {""pose"": 30, ""gesture"": 30}, ""eff_fps"": {""pose"": 30, ""gesture"": 30}, ""latency_ms"": {""pose"": 0, ""gesture"": 0}, ""svclat_ms"": {""pose"": 21.66, ""gesture"": 15.1}}, ""a15"": {""services"": [""pose"", ""gesture""], ""fps"": {""pose"": 30, ""gesture"": 30}, ""eff_fps"": {""pose"": 30, ""gesture"": 30}, ""latency_ms"": {""pose"": 0, ""gesture"": 0}, ""svclat_ms"": {""pose"": 20.97, ""gesture"": 14.39}}}"
129.9,5,5,1.0,0,0,16,15,10,0.667,1197.0,300,0.251,0.0,3.0,0.0,30.0,30.0,0,30.0,30.0,0,0,0,0,21.22,15.35,0,240,"{""ip-172-31-0-204"": ""healthy"", ""ip-172-31-1-171"": ""healthy"", ""ip-172-31-10-12"": ""healthy"", ""ip-172-31-11-132"": ""healthy"", ""ip-172-31-13-134"": ""healthy"", ""ip-172-31-14-68"": ""healthy"", ""ip-172-31-40-239"": ""healthy""}",unsubscribe,81.5,1.0,0,0,"{""ip-172-31-11-132"": {""pose"": 1, ""gesture"": 1}, ""ip-172-31-10-12"": {""gesture"": 1, ""pose"": 1}, ""ip-172-31-40-239"": {""gesture"": 1, ""object"": 1, ""pose"": 1}, ""ip-172-31-14-68"": {""pose"": 1, ""gesture"": 1}, ""ip-172-31-13-134"": {""object"": 1, ""pose"": 1}, ""ip-172-31-0-204"": {""gesture"": 1, ""pose"": 1}, ""ip-172-31-1-171"": {""gesture"": 1, ""pose"": 1}}","{""a12"": {""services"": [""pose"", ""gesture""], ""fps"": {""pose"": 30, ""gesture"": 30}, ""eff_fps"": {""pose"": 30, ""gesture"": 30}, ""latency_ms"": {""pose"": 0, ""gesture"": 0}, ""svclat_ms"": {""pose"": 20.62, ""gesture"": 15.74}}, ""a13"": {""services"": [""pose"", ""gesture""], ""fps"": {""pose"": 30, ""gesture"": 30}, ""eff_fps"": {""pose"": 30, ""gesture"": 30}, ""latency_ms"": {""pose"": 0, ""gesture"": 0}, ""svclat_ms"": {""pose"": 20.22, ""gesture"": 15.81}}, ""a14"": {""services"": [""pose"", ""gesture""], ""fps"": {""pose"": 30, ""gesture"": 30}, ""eff_fps"": {""pose"": 30, ""gesture"": 30}, ""latency_ms"": {""pose"": 0, ""gesture"": 0}, ""svclat_ms"": {""pose"": 22.01, ""gesture"": 15.03}}, ""a15"": {""services"": [""pose"", ""gesture""], ""fps"": {""pose"": 30, ""gesture"": 30}, ""eff_fps"": {""pose"": 30, ""gesture"": 30}, ""latency_ms"": {""pose"": 0, ""gesture"": 0}, ""svclat_ms"": {""pose"": 22.04, ""gesture"": 14.83}}}"
132.4,4,4,1.0,0,0,16,15,8,0.533,1197.0,240,0.201,0.0,3.75,0.0,30.0,30.0,0,30.0,30.0,0,0,0,0,21.11,15.27,0,240,"{""ip-172-31-0-204"": ""healthy"", ""ip-172-31-1-171"": ""healthy"", ""ip-172-31-10-12"": ""healthy"", ""ip-172-31-11-132"": ""healthy"", ""ip-172-31-13-134"": ""healthy"", ""ip-172-31-14-68"": ""healthy"", ""ip-172-31-40-239"": ""healthy""}",unsubscribe,76.6,1.0,0,0,"{""ip-172-31-11-132"": {""pose"": 1, ""gesture"": 1}, ""ip-172-31-10-12"": {""gesture"": 1, ""pose"": 1}, ""ip-172-31-40-239"": {""gesture"": 1, ""object"": 1, ""pose"": 1}, ""ip-172-31-14-68"": {""pose"": 1, ""gesture"": 1}, ""ip-172-31-13-134"": {""object"": 1, ""pose"": 1}, ""ip-172-31-0-204"": {""gesture"": 1, ""pose"": 1}, ""ip-172-31-1-171"": {""gesture"": 1, ""pose"": 1}}","{""a12"": {""services"": [""pose"", ""gesture""], ""fps"": {""pose"": 30, ""gesture"": 30}, ""eff_fps"": {""pose"": 30, ""gesture"": 30}, ""latency_ms"": {""pose"": 0, ""gesture"": 0}, ""svclat_ms"": {""pose"": 20.74, ""gesture"": 15.84}}, ""a13"": {""services"": [""pose"", ""gesture""], ""fps"": {""pose"": 30, ""gesture"": 30}, ""eff_fps"": {""pose"": 30, ""gesture"": 30}, ""latency_ms"": {""pose"": 0, ""gesture"": 0}, ""svclat_ms"": {""pose"": 20.31, ""gesture"": 15.47}}, ""a14"": {""services"": [""pose"", ""gesture""], ""fps"": {""pose"": 30, ""gesture"": 30}, ""eff_fps"": {""pose"": 30, ""gesture"": 30}, ""latency_ms"": {""pose"": 0, ""gesture"": 0}, ""svclat_ms"": {""pose"": 21.73, ""gesture"": 15.15}}, ""a15"": {""services"": [""pose"", ""gesture""], ""fps"": {""pose"": 30, ""gesture"": 30}, ""eff_fps"": {""pose"": 30, ""gesture"": 30}, ""latency_ms"": {""pose"": 0, ""gesture"": 0}, ""svclat_ms"": {""pose"": 21.66, ""gesture"": 14.63}}}"
136.4,3,3,1.0,0,0,16,15,6,0.4,1197.0,180,0.15,0.0,5.0,0.0,30.0,30.0,0,30.0,30.0,0,0,0,0,20.51,15.03,0,180,"{""ip-172-31-0-204"": ""healthy"", ""ip-172-31-1-171"": ""healthy"", ""ip-172-31-10-12"": ""healthy"", ""ip-172-31-11-132"": ""healthy"", ""ip-172-31-13-134"": ""healthy"", ""ip-172-31-14-68"": ""healthy"", ""ip-172-31-40-239"": ""healthy""}",unsubscribe,71.6,1.0,0,0,"{""ip-172-31-11-132"": {""pose"": 1, ""gesture"": 1}, ""ip-172-31-10-12"": {""gesture"": 1, ""pose"": 1}, ""ip-172-31-40-239"": {""gesture"": 1, ""object"": 1, ""pose"": 1}, ""ip-172-31-14-68"": {""pose"": 1, ""gesture"": 1}, ""ip-172-31-13-134"": {""object"": 1, ""pose"": 1}, ""ip-172-31-0-204"": {""gesture"": 1, ""pose"": 1}, ""ip-172-31-1-171"": {""gesture"": 1, ""pose"": 1}}","{""a13"": {""services"": [""pose"", ""gesture""], ""fps"": {""pose"": 30, ""gesture"": 30}, ""eff_fps"": {""pose"": 30, ""gesture"": 30}, ""latency_ms"": {""pose"": 0, ""gesture"": 0}, ""svclat_ms"": {""pose"": 19.99, ""gesture"": 15.48}}, ""a14"": {""services"": [""pose"", ""gesture""], ""fps"": {""pose"": 30, ""gesture"": 30}, ""eff_fps"": {""pose"": 30, ""gesture"": 30}, ""latency_ms"": {""pose"": 0, ""gesture"": 0}, ""svclat_ms"": {""pose"": 20.02, ""gesture"": 14.91}}, ""a15"": {""services"": [""pose"", ""gesture""], ""fps"": {""pose"": 30, ""gesture"": 30}, ""eff_fps"": {""pose"": 30, ""gesture"": 30}, ""latency_ms"": {""pose"": 0, ""gesture"": 0}, ""svclat_ms"": {""pose"": 21.52, ""gesture"": 14.71}}}"
140.0,3,3,1.0,0,0,16,15,6,0.4,1197.0,180,0.15,0.0,5.0,0.0,30.0,30.0,0,30.0,30.0,0,0,0,0,19.94,14.97,0,120,"{""ip-172-31-0-204"": ""healthy"", ""ip-172-31-1-171"": ""healthy"", ""ip-172-31-10-12"": ""healthy"", ""ip-172-31-11-132"": ""healthy"", ""ip-172-31-13-134"": ""healthy"", ""ip-172-31-14-68"": ""healthy"", ""ip-172-31-40-239"": ""healthy""}",unsubscribe,71.6,1.0,0,0,"{""ip-172-31-11-132"": {""pose"": 1, ""gesture"": 1}, ""ip-172-31-10-12"": {""gesture"": 1, ""pose"": 1}, ""ip-172-31-40-239"": {""gesture"": 1, ""object"": 1, ""pose"": 1}, ""ip-172-31-14-68"": {""pose"": 1, ""gesture"": 1}, ""ip-172-31-13-134"": {""object"": 1, ""pose"": 1}, ""ip-172-31-0-204"": {""gesture"": 1, ""pose"": 1}, ""ip-172-31-1-171"": {""gesture"": 1, ""pose"": 1}}","{""a14"": {""services"": [""pose"", ""gesture""], ""fps"": {""pose"": 30, ""gesture"": 30}, ""eff_fps"": {""pose"": 30, ""gesture"": 30}, ""latency_ms"": {""pose"": 0, ""gesture"": 0}, ""svclat_ms"": {""pose"": 20.19, ""gesture"": 15.21}}, ""a15"": {""services"": [""pose"", ""gesture""], ""fps"": {""pose"": 30, ""gesture"": 30}, ""eff_fps"": {""pose"": 30, ""gesture"": 30}, ""latency_ms"": {""pose"": 0, ""gesture"": 0}, ""svclat_ms"": {""pose"": 19.68, ""gesture"": 14.73}}}"
142.4,2,2,1.0,0,0,16,15,4,0.267,1197.0,120,0.1,0.0,7.5,0.0,30.0,30.0,0,30.0,30.0,0,0,0,0,19.97,14.81,0,120,"{""ip-172-31-0-204"": ""healthy"", ""ip-172-31-1-171"": ""healthy"", ""ip-172-31-10-12"": ""healthy"", ""ip-172-31-11-132"": ""healthy"", ""ip-172-31-13-134"": ""healthy"", ""ip-172-31-14-68"": ""healthy"", ""ip-172-31-40-239"": ""healthy""}",unsubscribe,66.2,1.0,0,0,"{""ip-172-31-11-132"": {""pose"": 1, ""gesture"": 1}, ""ip-172-31-10-12"": {""gesture"": 1, ""pose"": 1}, ""ip-172-31-40-239"": {""gesture"": 1, ""object"": 1, ""pose"": 1}, ""ip-172-31-14-68"": {""pose"": 1, ""gesture"": 1}, ""ip-172-31-13-134"": {""object"": 1, ""pose"": 1}, ""ip-172-31-0-204"": {""gesture"": 1, ""pose"": 1}, ""ip-172-31-1-171"": {""gesture"": 1, ""pose"": 1}}","{""a14"": {""services"": [""pose"", ""gesture""], ""fps"": {""pose"": 30, ""gesture"": 30}, ""eff_fps"": {""pose"": 30, ""gesture"": 30}, ""latency_ms"": {""pose"": 0, ""gesture"": 0}, ""svclat_ms"": {""pose"": 20.17, ""gesture"": 15.09}}, ""a15"": {""services"": [""pose"", ""gesture""], ""fps"": {""pose"": 30, ""gesture"": 30}, ""eff_fps"": {""pose"": 30, ""gesture"": 30}, ""latency_ms"": {""pose"": 0, ""gesture"": 0}, ""svclat_ms"": {""pose"": 19.77, ""gesture"": 14.54}}}"
144.9,2,2,1.0,0,0,16,15,4,0.267,1197.0,120,0.1,0.0,7.5,0.0,30.0,30.0,0,30.0,30.0,0,0,0,0,19.88,14.9,0,120,"{""ip-172-31-0-204"": ""healthy"", ""ip-172-31-1-171"": ""healthy"", ""ip-172-31-10-12"": ""healthy"", ""ip-172-31-11-132"": ""healthy"", ""ip-172-31-13-134"": ""healthy"", ""ip-172-31-14-68"": ""healthy"", ""ip-172-31-40-239"": ""healthy""}",unsubscribe,66.2,1.0,0,0,"{""ip-172-31-11-132"": {""pose"": 1, ""gesture"": 1}, ""ip-172-31-10-12"": {""gesture"": 1, ""pose"": 1}, ""ip-172-31-40-239"": {""gesture"": 1, ""object"": 1, ""pose"": 1}, ""ip-172-31-14-68"": {""pose"": 1, ""gesture"": 1}, ""ip-172-31-13-134"": {""object"": 1, ""pose"": 1}, ""ip-172-31-0-204"": {""gesture"": 1, ""pose"": 1}, ""ip-172-31-1-171"": {""gesture"": 1, ""pose"": 1}}","{""a14"": {""services"": [""pose"", ""gesture""], ""fps"": {""pose"": 30, ""gesture"": 30}, ""eff_fps"": {""pose"": 30, ""gesture"": 30}, ""latency_ms"": {""pose"": 0, ""gesture"": 0}, ""svclat_ms"": {""pose"": 20.16, ""gesture"": 15.11}}, ""a15"": {""services"": [""pose"", ""gesture""], ""fps"": {""pose"": 30, ""gesture"": 30}, ""eff_fps"": {""pose"": 30, ""gesture"": 30}, ""latency_ms"": {""pose"": 0, ""gesture"": 0}, ""svclat_ms"": {""pose"": 19.59, ""gesture"": 14.7}}}"
147.3,2,2,1.0,0,0,16,15,4,0.267,1197.0,120,0.1,0.0,7.5,0.0,30.0,30.0,0,30.0,30.0,0,0,0,0,19.85,14.84,0,120,"{""ip-172-31-0-204"": ""healthy"", ""ip-172-31-1-171"": ""healthy"", ""ip-172-31-10-12"": ""healthy"", ""ip-172-31-11-132"": ""healthy"", ""ip-172-31-13-134"": ""healthy"", ""ip-172-31-14-68"": ""healthy"", ""ip-172-31-40-239"": ""healthy""}",unsubscribe,66.2,1.0,0,0,"{""ip-172-31-11-132"": {""pose"": 1, ""gesture"": 1}, ""ip-172-31-10-12"": {""gesture"": 1, ""pose"": 1}, ""ip-172-31-40-239"": {""gesture"": 1, ""object"": 1, ""pose"": 1}, ""ip-172-31-14-68"": {""pose"": 1, ""gesture"": 1}, ""ip-172-31-13-134"": {""object"": 1, ""pose"": 1}, ""ip-172-31-0-204"": {""gesture"": 1, ""pose"": 1}, ""ip-172-31-1-171"": {""gesture"": 1, ""pose"": 1}}","{""a14"": {""services"": [""pose"", ""gesture""], ""fps"": {""pose"": 30, ""gesture"": 30}, ""eff_fps"": {""pose"": 30, ""gesture"": 30}, ""latency_ms"": {""pose"": 0, ""gesture"": 0}, ""svclat_ms"": {""pose"": 20.15, ""gesture"": 15.19}}, ""a15"": {""services"": [""pose"", ""gesture""], ""fps"": {""pose"": 30, ""gesture"": 30}, ""eff_fps"": {""pose"": 30, ""gesture"": 30}, ""latency_ms"": {""pose"": 0, ""gesture"": 0}, ""svclat_ms"": {""pose"": 19.55, ""gesture"": 14.5}}}"
149.8,2,2,1.0,0,0,16,15,4,0.267,1197.0,120,0.1,0.0,7.5,0.0,30.0,30.0,0,30.0,30.0,0,0,0,0,20.09,14.79,0,120,"{""ip-172-31-0-204"": ""healthy"", ""ip-172-31-1-171"": ""healthy"", ""ip-172-31-10-12"": ""healthy"", ""ip-172-31-11-132"": ""healthy"", ""ip-172-31-13-134"": ""healthy"", ""ip-172-31-14-68"": ""healthy"", ""ip-172-31-40-239"": ""healthy""}",unsubscribe,66.2,1.0,0,0,"{""ip-172-31-11-132"": {""pose"": 1, ""gesture"": 1}, ""ip-172-31-10-12"": {""gesture"": 1, ""pose"": 1}, ""ip-172-31-40-239"": {""gesture"": 1, ""object"": 1, ""pose"": 1}, ""ip-172-31-14-68"": {""pose"": 1, ""gesture"": 1}, ""ip-172-31-13-134"": {""object"": 1, ""pose"": 1}, ""ip-172-31-0-204"": {""gesture"": 1, ""pose"": 1}, ""ip-172-31-1-171"": {""gesture"": 1, ""pose"": 1}}","{""a14"": {""services"": [""pose"", ""gesture""], ""fps"": {""pose"": 30, ""gesture"": 30}, ""eff_fps"": {""pose"": 30, ""gesture"": 30}, ""latency_ms"": {""pose"": 0, ""gesture"": 0}, ""svclat_ms"": {""pose"": 20.53, ""gesture"": 15.15}}, ""a15"": {""services"": [""pose"", ""gesture""], ""fps"": {""pose"": 30, ""gesture"": 30}, ""eff_fps"": {""pose"": 30, ""gesture"": 30}, ""latency_ms"": {""pose"": 0, ""gesture"": 0}, ""svclat_ms"": {""pose"": 19.66, ""gesture"": 14.42}}}"
153.3,2,2,1.0,0,0,16,15,4,0.267,1197.0,120,0.1,0.0,7.5,0.0,30.0,30.0,0,30.0,30.0,0,0,0,0,19.65,14.49,0,60,"{""ip-172-31-0-204"": ""healthy"", ""ip-172-31-1-171"": ""healthy"", ""ip-172-31-10-12"": ""healthy"", ""ip-172-31-11-132"": ""healthy"", ""ip-172-31-13-134"": ""healthy"", ""ip-172-31-14-68"": ""healthy"", ""ip-172-31-40-239"": ""healthy""}",unsubscribe,66.2,1.0,0,0,"{""ip-172-31-11-132"": {""pose"": 1, ""gesture"": 1}, ""ip-172-31-10-12"": {""gesture"": 1, ""pose"": 1}, ""ip-172-31-40-239"": {""gesture"": 1, ""object"": 1, ""pose"": 1}, ""ip-172-31-14-68"": {""pose"": 1, ""gesture"": 1}, ""ip-172-31-13-134"": {""object"": 1, ""pose"": 1}, ""ip-172-31-0-204"": {""gesture"": 1, ""pose"": 1}, ""ip-172-31-1-171"": {""gesture"": 1, ""pose"": 1}}","{""a15"": {""services"": [""pose"", ""gesture""], ""fps"": {""pose"": 30, ""gesture"": 30}, ""eff_fps"": {""pose"": 30, ""gesture"": 30}, ""latency_ms"": {""pose"": 0, ""gesture"": 0}, ""svclat_ms"": {""pose"": 19.65, ""gesture"": 14.49}}, ""b1"": {""services"": [""pose"", ""object""], ""fps"": {""pose"": 0, ""object"": 0}, ""eff_fps"": {""pose"": 0, ""object"": 0}, ""latency_ms"": {""pose"": 0, ""object"": 0}, ""svclat_ms"": {""pose"": 0.0, ""object"": 0.0}}}"
158.1,2,2,1.0,0,0,16,15,4,0.267,1197.0,120.0,0.1,0.0,7.5,0.0,30.0,0,30.0,30.0,0,30.0,0,0,0,20.56,0,16.97,60,"{""ip-172-31-0-204"": ""healthy"", ""ip-172-31-1-171"": ""healthy"", ""ip-172-31-10-12"": ""healthy"", ""ip-172-31-11-132"": ""healthy"", ""ip-172-31-13-134"": ""healthy"", ""ip-172-31-14-68"": ""healthy"", ""ip-172-31-40-239"": ""healthy""}",subscribe,65.0,1.0,0,0,"{""ip-172-31-11-132"": {""pose"": 1, ""gesture"": 1}, ""ip-172-31-10-12"": {""gesture"": 1, ""pose"": 1}, ""ip-172-31-40-239"": {""gesture"": 1, ""object"": 1, ""pose"": 1}, ""ip-172-31-14-68"": {""pose"": 1, ""gesture"": 1}, ""ip-172-31-13-134"": {""object"": 1, ""pose"": 1}, ""ip-172-31-0-204"": {""gesture"": 1, ""pose"": 1}, ""ip-172-31-1-171"": {""gesture"": 1, ""pose"": 1}}","{""b1"": {""services"": [""pose"", ""object""], ""fps"": {""pose"": 30, ""object"": 30}, ""eff_fps"": {""pose"": 30, ""object"": 30}, ""latency_ms"": {""pose"": 0, ""object"": 0}, ""svclat_ms"": {""pose"": 20.56, ""object"": 16.97}}, ""b2"": {""services"": [""pose"", ""object""], ""fps"": {""pose"": 0, ""object"": 0}, ""eff_fps"": {""pose"": 0, ""object"": 0}, ""latency_ms"": {""pose"": 0, ""object"": 0}, ""svclat_ms"": {""pose"": 0.0, ""object"": 0.0}}}"
161.6,2,2,1.0,0,0,16,15,4,0.267,1197.0,120.0,0.1,0.0,7.5,0.0,30.0,0,30.0,30.0,0,30.0,0,0,0,19.4,0,18.58,120,"{""ip-172-31-0-204"": ""healthy"", ""ip-172-31-1-171"": ""healthy"", ""ip-172-31-10-12"": ""healthy"", ""ip-172-31-11-132"": ""healthy"", ""ip-172-31-13-134"": ""healthy"", ""ip-172-31-14-68"": ""healthy"", ""ip-172-31-40-239"": ""healthy""}",subscribe,64.4,1.0,0,0,"{""ip-172-31-11-132"": {""pose"": 1, ""gesture"": 1}, ""ip-172-31-10-12"": {""gesture"": 1, ""pose"": 1}, ""ip-172-31-40-239"": {""gesture"": 1, ""object"": 1, ""pose"": 1}, ""ip-172-31-14-68"": {""pose"": 1, ""gesture"": 1}, ""ip-172-31-13-134"": {""object"": 1, ""pose"": 1}, ""ip-172-31-0-204"": {""gesture"": 1, ""pose"": 1}, ""ip-172-31-1-171"": {""gesture"": 1, ""pose"": 1}}","{""b1"": {""services"": [""pose"", ""object""], ""fps"": {""pose"": 30, ""object"": 30}, ""eff_fps"": {""pose"": 30, ""object"": 30}, ""latency_ms"": {""pose"": 0, ""object"": 0}, ""svclat_ms"": {""pose"": 19.18, ""object"": 17.27}}, ""b2"": {""services"": [""pose"", ""object""], ""fps"": {""pose"": 30, ""object"": 30}, ""eff_fps"": {""pose"": 30, ""object"": 30}, ""latency_ms"": {""pose"": 0, ""object"": 0}, ""svclat_ms"": {""pose"": 19.62, ""object"": 19.89}}, ""b3"": {""services"": [""pose"", ""object""], ""fps"": {""pose"": 0, ""object"": 0}, ""eff_fps"": {""pose"": 0, ""object"": 0}, ""latency_ms"": {""pose"": 0, ""object"": 0}, ""svclat_ms"": {""pose"": 0.0, ""object"": 0.0}}}"
166.0,3,3,1.0,0,0,16,15,5,0.333,1197.0,180.0,0.15,0.0,5.0,0.0,30.0,0,30.0,30.0,0,30.0,0,0,0,19.6,0,20.27,180,"{""ip-172-31-0-204"": ""healthy"", ""ip-172-31-1-171"": ""healthy"", ""ip-172-31-10-12"": ""healthy"", ""ip-172-31-11-132"": ""healthy"", ""ip-172-31-13-134"": ""healthy"", ""ip-172-31-14-68"": ""healthy"", ""ip-172-31-40-239"": ""healthy""}",subscribe,70.9,1.0,0,0,"{""ip-172-31-11-132"": {""pose"": 1, ""gesture"": 1}, ""ip-172-31-10-12"": {""gesture"": 1, ""pose"": 1}, ""ip-172-31-40-239"": {""gesture"": 1, ""object"": 1, ""pose"": 1}, ""ip-172-31-14-68"": {""pose"": 1, ""gesture"": 1}, ""ip-172-31-13-134"": {""object"": 1, ""pose"": 1}, ""ip-172-31-0-204"": {""gesture"": 1, ""pose"": 1}, ""ip-172-31-1-171"": {""gesture"": 1, ""pose"": 1}}","{""b1"": {""services"": [""pose"", ""object""], ""fps"": {""pose"": 30, ""object"": 30}, ""eff_fps"": {""pose"": 30, ""object"": 30}, ""latency_ms"": {""pose"": 0, ""object"": 0}, ""svclat_ms"": {""pose"": 19.09, ""object"": 21.02}}, ""b2"": {""services"": [""pose"", ""object""], ""fps"": {""pose"": 30, ""object"": 30}, ""eff_fps"": {""pose"": 30, ""object"": 30}, ""latency_ms"": {""pose"": 0, ""object"": 0}, ""svclat_ms"": {""pose"": 19.68, ""object"": 19.62}}, ""b3"": {""services"": [""pose"", ""object""], ""fps"": {""pose"": 30, ""object"": 30}, ""eff_fps"": {""pose"": 30, ""object"": 30}, ""latency_ms"": {""pose"": 0, ""object"": 0}, ""svclat_ms"": {""pose"": 20.02, ""object"": 20.16}}, ""b4"": {""services"": [""pose"", ""object""], ""fps"": {""pose"": 0, ""object"": 0}, ""eff_fps"": {""pose"": 0, ""object"": 0}, ""latency_ms"": {""pose"": 0, ""object"": 0}, ""svclat_ms"": {""pose"": 0.0, ""object"": 0.0}}}"
169.7,3,3,1.0,0,0,16,15,5,0.333,1197.0,180.0,0.15,0.0,5.0,0.0,30.0,0,29.5,30.0,0,29.5,0,0,0,19.81,0,20.55,238,"{""ip-172-31-0-204"": ""healthy"", ""ip-172-31-1-171"": ""healthy"", ""ip-172-31-10-12"": ""healthy"", ""ip-172-31-11-132"": ""healthy"", ""ip-172-31-13-134"": ""healthy"", ""ip-172-31-14-68"": ""healthy"", ""ip-172-31-40-239"": ""healthy""}",subscribe,70.9,1.0,0,0,"{""ip-172-31-11-132"": {""pose"": 1, ""gesture"": 1}, ""ip-172-31-10-12"": {""gesture"": 1, ""pose"": 1}, ""ip-172-31-40-239"": {""gesture"": 1, ""object"": 1, ""pose"": 1}, ""ip-172-31-14-68"": {""pose"": 1, ""gesture"": 1}, ""ip-172-31-13-134"": {""object"": 1, ""pose"": 1}, ""ip-172-31-0-204"": {""gesture"": 1, ""pose"": 1}, ""ip-172-31-1-171"": {""gesture"": 1, ""pose"": 1}}","{""b1"": {""services"": [""pose"", ""object""], ""fps"": {""pose"": 30, ""object"": 30}, ""eff_fps"": {""pose"": 30, ""object"": 30}, ""latency_ms"": {""pose"": 0, ""object"": 0}, ""svclat_ms"": {""pose"": 19.27, ""object"": 21.1}}, ""b2"": {""services"": [""pose"", ""object""], ""fps"": {""pose"": 30, ""object"": 29}, ""eff_fps"": {""pose"": 30, ""object"": 29}, ""latency_ms"": {""pose"": 0, ""object"": 0}, ""svclat_ms"": {""pose"": 19.64, ""object"": 19.98}}, ""b3"": {""services"": [""pose"", ""object""], ""fps"": {""pose"": 30, ""object"": 30}, ""eff_fps"": {""pose"": 30, ""object"": 30}, ""latency_ms"": {""pose"": 0, ""object"": 0}, ""svclat_ms"": {""pose"": 20.31, ""object"": 20.58}}, ""b4"": {""services"": [""pose"", ""object""], ""fps"": {""pose"": 30, ""object"": 29}, ""eff_fps"": {""pose"": 30, ""object"": 29}, ""latency_ms"": {""pose"": 0, ""object"": 0}, ""svclat_ms"": {""pose"": 20.03, ""object"": 20.56}}}"
172.1,4,4,1.0,0,0,16,15,6,0.4,1197.0,238.0,0.199,0.0,3.75,0.0,30.0,0,29.5,30.0,0,29.5,0,0,0,19.83,0,20.49,238,"{""ip-172-31-0-204"": ""healthy"", ""ip-172-31-1-171"": ""healthy"", ""ip-172-31-10-12"": ""healthy"", ""ip-172-31-11-132"": ""healthy"", ""ip-172-31-13-134"": ""healthy"", ""ip-172-31-14-68"": ""healthy"", ""ip-172-31-40-239"": ""healthy""}",subscribe,75.5,0.9917,0,0,"{""ip-172-31-11-132"": {""pose"": 1, ""gesture"": 1}, ""ip-172-31-10-12"": {""gesture"": 1, ""pose"": 1}, ""ip-172-31-40-239"": {""gesture"": 1, ""object"": 1, ""pose"": 1}, ""ip-172-31-14-68"": {""pose"": 1, ""gesture"": 1}, ""ip-172-31-13-134"": {""object"": 1, ""pose"": 1}, ""ip-172-31-0-204"": {""gesture"": 1, ""pose"": 1}, ""ip-172-31-1-171"": {""gesture"": 1, ""pose"": 1}}","{""b1"": {""services"": [""pose"", ""object""], ""fps"": {""pose"": 30, ""object"": 30}, ""eff_fps"": {""pose"": 30, ""object"": 30}, ""latency_ms"": {""pose"": 0, ""object"": 0}, ""svclat_ms"": {""pose"": 18.99, ""object"": 20.79}}, ""b2"": {""services"": [""pose"", ""object""], ""fps"": {""pose"": 30, ""object"": 29}, ""eff_fps"": {""pose"": 30, ""object"": 29}, ""latency_ms"": {""pose"": 0, ""object"": 0}, ""svclat_ms"": {""pose"": 19.74, ""object"": 20.18}}, ""b3"": {""services"": [""pose"", ""object""], ""fps"": {""pose"": 30, ""object"": 30}, ""eff_fps"": {""pose"": 30, ""object"": 30}, ""latency_ms"": {""pose"": 0, ""object"": 0}, ""svclat_ms"": {""pose"": 20.55, ""object"": 20.18}}, ""b4"": {""services"": [""pose"", ""object""], ""fps"": {""pose"": 30, ""object"": 29}, ""eff_fps"": {""pose"": 30, ""object"": 29}, ""latency_ms"": {""pose"": 0, ""object"": 0}, ""svclat_ms"": {""pose"": 20.04, ""object"": 20.81}}, ""b5"": {""services"": [""pose"", ""object""], ""fps"": {""pose"": 0, ""object"": 0}, ""eff_fps"": {""pose"": 0, ""object"": 0}, ""latency_ms"": {""pose"": 0, ""object"": 0}, ""svclat_ms"": {""pose"": 0.0, ""object"": 0.0}}}"
176.1,5,5,1.0,0,0,16,15,7,0.467,1197.0,277.0,0.231,0.0,3.0,0.0,30.0,0,25.4,30.0,0,25.4,0,0,0,20.41,0,22.53,277,"{""ip-172-31-0-204"": ""healthy"", ""ip-172-31-1-171"": ""healthy"", ""ip-172-31-10-12"": ""healthy"", ""ip-172-31-11-132"": ""healthy"", ""ip-172-31-13-134"": ""healthy"", ""ip-172-31-14-68"": ""healthy"", ""ip-172-31-40-239"": ""healthy""}",subscribe,81.4,0.9233,0,0,"{""ip-172-31-11-132"": {""pose"": 1, ""gesture"": 1}, ""ip-172-31-10-12"": {""gesture"": 1, ""pose"": 1}, ""ip-172-31-40-239"": {""gesture"": 1, ""object"": 1, ""pose"": 1}, ""ip-172-31-14-68"": {""pose"": 1, ""gesture"": 1}, ""ip-172-31-13-134"": {""object"": 1, ""pose"": 1}, ""ip-172-31-0-204"": {""gesture"": 1, ""pose"": 1}, ""ip-172-31-1-171"": {""gesture"": 1, ""pose"": 1}}","{""b1"": {""services"": [""pose"", ""object""], ""fps"": {""pose"": 30, ""object"": 23}, ""eff_fps"": {""pose"": 30, ""object"": 23}, ""latency_ms"": {""pose"": 0, ""object"": 0}, ""svclat_ms"": {""pose"": 18.65, ""object"": 25.07}}, ""b2"": {""services"": [""pose"", ""object""], ""fps"": {""pose"": 30, ""object"": 29}, ""eff_fps"": {""pose"": 30, ""object"": 29}, ""latency_ms"": {""pose"": 0, ""object"": 0}, ""svclat_ms"": {""pose"": 19.92, ""object"": 19.42}}, ""b3"": {""services"": [""pose"", ""object""], ""fps"": {""pose"": 30, ""object"": 23}, ""eff_fps"": {""pose"": 30, ""object"": 23}, ""latency_ms"": {""pose"": 0, ""object"": 0}, ""svclat_ms"": {""pose"": 20.13, ""object"": 23.72}}, ""b4"": {""services"": [""pose"", ""object""], ""fps"": {""pose"": 30, ""object"": 29}, ""eff_fps"": {""pose"": 30, ""object"": 29}, ""latency_ms"": {""pose"": 0, ""object"": 0}, ""svclat_ms"": {""pose"": 19.82, ""object"": 19.89}}, ""b5"": {""services"": [""pose"", ""object""], ""fps"": {""pose"": 30, ""object"": 23}, ""eff_fps"": {""pose"": 30, ""object"": 23}, ""latency_ms"": {""pose"": 0, ""object"": 0}, ""svclat_ms"": {""pose"": 23.53, ""object"": 24.56}}, ""b6"": {""services"": [""pose"", ""object""], ""fps"": {""pose"": 0, ""object"": 0}, ""eff_fps"": {""pose"": 0, ""object"": 0}, ""latency_ms"": {""pose"": 0, ""object"": 0}, ""svclat_ms"": {""pose"": 0.0, ""object"": 0.0}}}"
178.5,5,5,1.0,0,0,16,15,7,0.467,1197.0,277.0,0.231,0.0,3.0,0.0,25.17,0,20.67,25.17,0,20.67,0,0,0,21.59,0,22.92,275,"{""ip-172-31-0-204"": ""healthy"", ""ip-172-31-1-171"": ""healthy"", ""ip-172-31-10-12"": ""healthy"", ""ip-172-31-11-132"": ""healthy"", ""ip-172-31-13-134"": ""healthy"", ""ip-172-31-14-68"": ""healthy"", ""ip-172-31-40-239"": ""healthy""}",subscribe,81.4,0.9233,0,0,"{""ip-172-31-11-132"": {""pose"": 1, ""gesture"": 1}, ""ip-172-31-10-12"": {""gesture"": 1, ""pose"": 1}, ""ip-172-31-40-239"": {""gesture"": 1, ""object"": 1, ""pose"": 1}, ""ip-172-31-14-68"": {""pose"": 1, ""gesture"": 1}, ""ip-172-31-13-134"": {""object"": 1, ""pose"": 1}, ""ip-172-31-0-204"": {""gesture"": 1, ""pose"": 1}, ""ip-172-31-1-171"": {""gesture"": 1, ""pose"": 1}}","{""b1"": {""services"": [""pose"", ""object""], ""fps"": {""pose"": 30, ""object"": 24}, ""eff_fps"": {""pose"": 30, ""object"": 24}, ""latency_ms"": {""pose"": 0, ""object"": 0}, ""svclat_ms"": {""pose"": 19.22, ""object"": 26.03}}, ""b2"": {""services"": [""pose"", ""object""], ""fps"": {""pose"": 30, ""object"": 25}, ""eff_fps"": {""pose"": 30, ""object"": 25}, ""latency_ms"": {""pose"": 0, ""object"": 0}, ""svclat_ms"": {""pose"": 19.79, ""object"": 19.22}}, ""b3"": {""services"": [""pose"", ""object""], ""fps"": {""pose"": 30, ""object"": 23}, ""eff_fps"": {""pose"": 30, ""object"": 23}, ""latency_ms"": {""pose"": 0, ""object"": 0}, ""svclat_ms"": {""pose"": 20.19, ""object"": 24.76}}, ""b4"": {""services"": [""pose"", ""object""], ""fps"": {""pose"": 30, ""object"": 28}, ""eff_fps"": {""pose"": 30, ""object"": 28}, ""latency_ms"": {""pose"": 0, ""object"": 0}, ""svclat_ms"": {""pose"": 20.04, ""object"": 20.3}}, ""b5"": {""services"": [""pose"", ""object""], ""fps"": {""pose"": 30, ""object"": 23}, ""eff_fps"": {""pose"": 30, ""object"": 23}, ""latency_ms"": {""pose"": 0, ""object"": 0}, ""svclat_ms"": {""pose"": 24.33, ""object"": 26.55}}, ""b6"": {""services"": [""pose"", ""object""], ""fps"": {""pose"": 1, ""object"": 1}, ""eff_fps"": {""pose"": 1, ""object"": 1}, ""latency_ms"": {""pose"": 0, ""object"": 0}, ""svclat_ms"": {""pose"": 25.97, ""object"": 20.64}}}"
181.0,6,5,0.833,0,0,16,15,7,0.467,1197.0,277.0,0.231,0.0,3.0,0.0,30.0,0,21.17,30.0,0,21.17,0,0,0,20.56,0,21.96,307,"{""ip-172-31-0-204"": ""healthy"", ""ip-172-31-1-171"": ""healthy"", ""ip-172-31-10-12"": ""healthy"", ""ip-172-31-11-132"": ""healthy"", ""ip-172-31-13-134"": ""healthy"", ""ip-172-31-14-68"": ""healthy"", ""ip-172-31-40-239"": ""healthy""}",subscribe,81.4,0.9233,0,0,"{""ip-172-31-11-132"": {""pose"": 1, ""gesture"": 1}, ""ip-172-31-10-12"": {""gesture"": 1, ""pose"": 1}, ""ip-172-31-40-239"": {""gesture"": 1, ""object"": 1, ""pose"": 1}, ""ip-172-31-14-68"": {""pose"": 1, ""gesture"": 1}, ""ip-172-31-13-134"": {""object"": 1, ""pose"": 1}, ""ip-172-31-0-204"": {""gesture"": 1, ""pose"": 1}, ""ip-172-31-1-171"": {""gesture"": 1, ""pose"": 1}}","{""b1"": {""services"": [""pose"", ""object""], ""fps"": {""pose"": 30, ""object"": 24}, ""eff_fps"": {""pose"": 30, ""object"": 24}, ""latency_ms"": {""pose"": 0, ""object"": 0}, ""svclat_ms"": {""pose"": 19.54, ""object"": 24.08}}, ""b2"": {""services"": [""pose"", ""object""], ""fps"": {""pose"": 30, ""object"": 19}, ""eff_fps"": {""pose"": 30, ""object"": 19}, ""latency_ms"": {""pose"": 0, ""object"": 0}, ""svclat_ms"": {""pose"": 20.16, ""object"": 20.0}}, ""b3"": {""services"": [""pose"", ""object""], ""fps"": {""pose"": 30, ""object"": 23}, ""eff_fps"": {""pose"": 30, ""object"": 23}, ""latency_ms"": {""pose"": 0, ""object"": 0}, ""svclat_ms"": {""pose"": 20.28, ""object"": 23.0}}, ""b4"": {""services"": [""pose"", ""object""], ""fps"": {""pose"": 30, ""object"": 19}, ""eff_fps"": {""pose"": 30, ""object"": 19}, ""latency_ms"": {""pose"": 0, ""object"": 0}, ""svclat_ms"": {""pose"": 20.57, ""object"": 19.84}}, ""b5"": {""services"": [""pose"", ""object""], ""fps"": {""pose"": 30, ""object"": 23}, ""eff_fps"": {""pose"": 30, ""object"": 23}, ""latency_ms"": {""pose"": 0, ""object"": 0}, ""svclat_ms"": {""pose"": 23.13, ""object"": 25.06}}, ""b6"": {""services"": [""pose"", ""object""], ""fps"": {""pose"": 30, ""object"": 19}, ""eff_fps"": {""pose"": 30, ""object"": 19}, ""latency_ms"": {""pose"": 0, ""object"": 0}, ""svclat_ms"": {""pose"": 19.68, ""object"": 19.78}}, ""b7"": {""services"": [""pose"", ""object""], ""fps"": {""pose"": 0, ""object"": 0}, ""eff_fps"": {""pose"": 0, ""object"": 0}, ""latency_ms"": {""pose"": 0, ""object"": 0}, ""svclat_ms"": {""pose"": 0.0, ""object"": 0.0}}}"
183.4,6,5,0.833,0,0,16,15,7,0.467,1197.0,277.0,0.231,0.0,3.0,0.0,30.0,0,21.17,30.0,0,21.17,0,0,0,20.61,0,22.2,307,"{""ip-172-31-0-204"": ""healthy"", ""ip-172-31-1-171"": ""healthy"", ""ip-172-31-10-12"": ""healthy"", ""ip-172-31-11-132"": ""healthy"", ""ip-172-31-13-134"": ""healthy"", ""ip-172-31-14-68"": ""healthy"", ""ip-172-31-40-239"": ""healthy""}",subscribe,81.4,0.9233,0,0,"{""ip-172-31-11-132"": {""pose"": 1, ""gesture"": 1}, ""ip-172-31-10-12"": {""gesture"": 1, ""pose"": 1}, ""ip-172-31-40-239"": {""gesture"": 1, ""object"": 1, ""pose"": 1}, ""ip-172-31-14-68"": {""pose"": 1, ""gesture"": 1}, ""ip-172-31-13-134"": {""object"": 1, ""pose"": 1}, ""ip-172-31-0-204"": {""gesture"": 1, ""pose"": 1}, ""ip-172-31-1-171"": {""gesture"": 1, ""pose"": 1}}","{""b1"": {""services"": [""pose"", ""object""], ""fps"": {""pose"": 30, ""object"": 24}, ""eff_fps"": {""pose"": 30, ""object"": 24}, ""latency_ms"": {""pose"": 0, ""object"": 0}, ""svclat_ms"": {""pose"": 19.86, ""object"": 24.93}}, ""b2"": {""services"": [""pose"", ""object""], ""fps"": {""pose"": 30, ""object"": 19}, ""eff_fps"": {""pose"": 30, ""object"": 19}, ""latency_ms"": {""pose"": 0, ""object"": 0}, ""svclat_ms"": {""pose"": 19.8, ""object"": 20.14}}, ""b3"": {""services"": [""pose"", ""object""], ""fps"": {""pose"": 30, ""object"": 23}, ""eff_fps"": {""pose"": 30, ""object"": 23}, ""latency_ms"": {""pose"": 0, ""object"": 0}, ""svclat_ms"": {""pose"": 20.22, ""object"": 24.0}}, ""b4"": {""services"": [""pose"", ""object""], ""fps"": {""pose"": 30, ""object"": 19}, ""eff_fps"": {""pose"": 30, ""object"": 19}, ""latency_ms"": {""pose"": 0, ""object"": 0}, ""svclat_ms"": {""pose"": 20.49, ""object"": 19.75}}, ""b5"": {""services"": [""pose"", ""object""], ""fps"": {""pose"": 30, ""object"": 23}, ""eff_fps"": {""pose"": 30, ""object"": 23}, ""latency_ms"": {""pose"": 0, ""object"": 0}, ""svclat_ms"": {""pose"": 23.55, ""object"": 24.92}}, ""b6"": {""services"": [""pose"", ""object""], ""fps"": {""pose"": 30, ""object"": 19}, ""eff_fps"": {""pose"": 30, ""object"": 19}, ""latency_ms"": {""pose"": 0, ""object"": 0}, ""svclat_ms"": {""pose"": 19.77, ""object"": 19.48}}, ""b7"": {""services"": [""pose"", ""object""], ""fps"": {""pose"": 0, ""object"": 0}, ""eff_fps"": {""pose"": 0, ""object"": 0}, ""latency_ms"": {""pose"": 0, ""object"": 0}, ""svclat_ms"": {""pose"": 0.0, ""object"": 0.0}}}"
185.9,6,5,0.833,0,0,16,15,7,0.467,1197.0,277.0,0.231,0.0,3.0,0.0,30.0,0,21.0,30.0,0,21.0,0,0,0,20.69,0,22.73,306,"{""ip-172-31-0-204"": ""healthy"", ""ip-172-31-1-171"": ""healthy"", ""ip-172-31-10-12"": ""healthy"", ""ip-172-31-11-132"": ""healthy"", ""ip-172-31-13-134"": ""healthy"", ""ip-172-31-14-68"": ""healthy"", ""ip-172-31-40-239"": ""healthy""}",subscribe,81.4,0.9233,0,0,"{""ip-172-31-11-132"": {""pose"": 1, ""gesture"": 1}, ""ip-172-31-10-12"": {""gesture"": 1, ""pose"": 1}, ""ip-172-31-40-239"": {""gesture"": 1, ""object"": 1, ""pose"": 1}, ""ip-172-31-14-68"": {""pose"": 1, ""gesture"": 1}, ""ip-172-31-13-134"": {""object"": 1, ""pose"": 1}, ""ip-172-31-0-204"": {""gesture"": 1, ""pose"": 1}, ""ip-172-31-1-171"": {""gesture"": 1, ""pose"": 1}}","{""b1"": {""services"": [""pose"", ""object""], ""fps"": {""pose"": 30, ""object"": 23}, ""eff_fps"": {""pose"": 30, ""object"": 23}, ""latency_ms"": {""pose"": 0, ""object"": 0}, ""svclat_ms"": {""pose"": 19.23, ""object"": 26.29}}, ""b2"": {""services"": [""pose"", ""object""], ""fps"": {""pose"": 30, ""object"": 19}, ""eff_fps"": {""pose"": 30, ""object"": 19}, ""latency_ms"": {""pose"": 0, ""object"": 0}, ""svclat_ms"": {""pose"": 19.92, ""object"": 20.04}}, ""b3"": {""services"": [""pose"", ""object""], ""fps"": {""pose"": 30, ""object"": 23}, ""eff_fps"": {""pose"": 30, ""object"": 23}, ""latency_ms"": {""pose"": 0, ""object"": 0}, ""svclat_ms"": {""pose"": 20.4, ""object"": 24.13}}, ""b4"": {""services"": [""pose"", ""object""], ""fps"": {""pose"": 30, ""object"": 19}, ""eff_fps"": {""pose"": 30, ""object"": 19}, ""latency_ms"": {""pose"": 0, ""object"": 0}, ""svclat_ms"": {""pose"": 20.09, ""object"": 19.84}}, ""b5"": {""services"": [""pose"", ""object""], ""fps"": {""pose"": 30, ""object"": 23}, ""eff_fps"": {""pose"": 30, ""object"": 23}, ""latency_ms"": {""pose"": 0, ""object"": 0}, ""svclat_ms"": {""pose"": 24.68, ""object"": 26.36}}, ""b6"": {""services"": [""pose"", ""object""], ""fps"": {""pose"": 30, ""object"": 19}, ""eff_fps"": {""pose"": 30, ""object"": 19}, ""latency_ms"": {""pose"": 0, ""object"": 0}, ""svclat_ms"": {""pose"": 19.81, ""object"": 19.71}}, ""b7"": {""services"": [""pose"", ""object""], ""fps"": {""pose"": 0, ""object"": 0}, ""eff_fps"": {""pose"": 0, ""object"": 0}, ""latency_ms"": {""pose"": 0, ""object"": 0}, ""svclat_ms"": {""pose"": 0.0, ""object"": 0.0}}, ""b8"": {""services"": [""pose"", ""object""], ""fps"": {""pose"": 0, ""object"": 0}, ""eff_fps"": {""pose"": 0, ""object"": 0}, ""latency_ms"": {""pose"": 0, ""object"": 0}, ""svclat_ms"": {""pose"": 0.0, ""object"": 0.0}}}"
188.3,6,5,0.833,0,0,16,15,7,0.467,1197.0,277.0,0.231,0.0,3.0,0.0,30.0,0,21.17,30.0,0,21.17,0,0,0,20.44,0,22.58,307,"{""ip-172-31-0-204"": ""healthy"", ""ip-172-31-1-171"": ""healthy"", ""ip-172-31-10-12"": ""healthy"", ""ip-172-31-11-132"": ""healthy"", ""ip-172-31-13-134"": ""healthy"", ""ip-172-31-14-68"": ""healthy"", ""ip-172-31-40-239"": ""healthy""}",subscribe,81.4,0.9233,0,0,"{""ip-172-31-11-132"": {""pose"": 1, ""gesture"": 1}, ""ip-172-31-10-12"": {""gesture"": 1, ""pose"": 1}, ""ip-172-31-40-239"": {""gesture"": 1, ""object"": 1, ""pose"": 1}, ""ip-172-31-14-68"": {""pose"": 1, ""gesture"": 1}, ""ip-172-31-13-134"": {""object"": 1, ""pose"": 1}, ""ip-172-31-0-204"": {""gesture"": 1, ""pose"": 1}, ""ip-172-31-1-171"": {""gesture"": 1, ""pose"": 1}}","{""b1"": {""services"": [""pose"", ""object""], ""fps"": {""pose"": 30, ""object"": 24}, ""eff_fps"": {""pose"": 30, ""object"": 24}, ""latency_ms"": {""pose"": 0, ""object"": 0}, ""svclat_ms"": {""pose"": 19.27, ""object"": 25.63}}, ""b2"": {""services"": [""pose"", ""object""], ""fps"": {""pose"": 30, ""object"": 19}, ""eff_fps"": {""pose"": 30, ""object"": 19}, ""latency_ms"": {""pose"": 0, ""object"": 0}, ""svclat_ms"": {""pose"": 19.67, ""object"": 19.86}}, ""b3"": {""services"": [""pose"", ""object""], ""fps"": {""pose"": 30, ""object"": 23}, ""eff_fps"": {""pose"": 30, ""object"": 23}, ""latency_ms"": {""pose"": 0, ""object"": 0}, ""svclat_ms"": {""pose"": 20.51, ""object"": 23.88}}, ""b4"": {""services"": [""pose"", ""object""], ""fps"": {""pose"": 30, ""object"": 19}, ""eff_fps"": {""pose"": 30, ""object"": 19}, ""latency_ms"": {""pose"": 0, ""object"": 0}, ""svclat_ms"": {""pose"": 20.06, ""object"": 20.25}}, ""b5"": {""services"": [""pose"", ""object""], ""fps"": {""pose"": 30, ""object"": 23}, ""eff_fps"": {""pose"": 30, ""object"": 23}, ""latency_ms"": {""pose"": 0, ""object"": 0}, ""svclat_ms"": {""pose"": 23.0, ""object"": 25.64}}, ""b6"": {""services"": [""pose"", ""object""], ""fps"": {""pose"": 30, ""object"": 19}, ""eff_fps"": {""pose"": 30, ""object"": 19}, ""latency_ms"": {""pose"": 0, ""object"": 0}, ""svclat_ms"": {""pose"": 20.12, ""object"": 20.21}}, ""b7"": {""services"": [""pose"", ""object""], ""fps"": {""pose"": 0, ""object"": 0}, ""eff_fps"": {""pose"": 0, ""object"": 0}, ""latency_ms"": {""pose"": 0, ""object"": 0}, ""svclat_ms"": {""pose"": 0.0, ""object"": 0.0}}, ""b8"": {""services"": [""pose"", ""object""], ""fps"": {""pose"": 0, ""object"": 0}, ""eff_fps"": {""pose"": 0, ""object"": 0}, ""latency_ms"": {""pose"": 0, ""object"": 0}, ""svclat_ms"": {""pose"": 0.0, ""object"": 0.0}}}"
192.4,6,5,0.833,0,0,16,15,7,0.467,1197.0,277.0,0.231,0.0,3.0,0.0,30.0,0,29.83,30.0,0,29.83,0,0,0,19.01,0,19.89,359,"{""ip-172-31-0-204"": ""healthy"", ""ip-172-31-1-171"": ""healthy"", ""ip-172-31-10-12"": ""healthy"", ""ip-172-31-11-132"": ""healthy"", ""ip-172-31-13-134"": ""healthy"", ""ip-172-31-14-68"": ""healthy"", ""ip-172-31-40-239"": ""healthy""}",subscribe,81.4,0.9233,0,0,"{""ip-172-31-11-132"": {""pose"": 1, ""gesture"": 1}, ""ip-172-31-10-12"": {""gesture"": 1, ""pose"": 1}, ""ip-172-31-40-239"": {""gesture"": 1, ""object"": 1, ""pose"": 1}, ""ip-172-31-14-68"": {""pose"": 1, ""gesture"": 1}, ""ip-172-31-13-134"": {""object"": 1, ""pose"": 1}, ""ip-172-31-0-204"": {""gesture"": 1, ""pose"": 1}, ""ip-172-31-1-171"": {""gesture"": 1, ""pose"": 1}}","{""b1"": {""services"": [""pose"", ""object""], ""fps"": {""pose"": 30, ""object"": 30}, ""eff_fps"": {""pose"": 30, ""object"": 30}, ""latency_ms"": {""pose"": 0, ""object"": 0}, ""svclat_ms"": {""pose"": 17.91, ""object"": 20.45}}, ""b2"": {""services"": [""pose"", ""object""], ""fps"": {""pose"": 30, ""object"": 30}, ""eff_fps"": {""pose"": 30, ""object"": 30}, ""latency_ms"": {""pose"": 0, ""object"": 0}, ""svclat_ms"": {""pose"": 20.33, ""object"": 21.02}}, ""b3"": {""services"": [""pose"", ""object""], ""fps"": {""pose"": 30, ""object"": 29}, ""eff_fps"": {""pose"": 30, ""object"": 29}, ""latency_ms"": {""pose"": 0, ""object"": 0}, ""svclat_ms"": {""pose"": 20.16, ""object"": 18.68}}, ""b4"": {""services"": [""pose"", ""object""], ""fps"": {""pose"": 30, ""object"": 30}, ""eff_fps"": {""pose"": 30, ""object"": 30}, ""latency_ms"": {""pose"": 0, ""object"": 0}, ""svclat_ms"": {""pose"": 19.69, ""object"": 19.78}}, ""b5"": {""services"": [""pose"", ""object""], ""fps"": {""pose"": 30, ""object"": 30}, ""eff_fps"": {""pose"": 30, ""object"": 30}, ""latency_ms"": {""pose"": 0, ""object"": 0}, ""svclat_ms"": {""pose"": 18.17, ""object"": 19.24}}, ""b6"": {""services"": [""pose"", ""object""], ""fps"": {""pose"": 30, ""object"": 30}, ""eff_fps"": {""pose"": 30, ""object"": 30}, ""latency_ms"": {""pose"": 0, ""object"": 0}, ""svclat_ms"": {""pose"": 17.83, ""object"": 20.16}}, ""b7"": {""services"": [""pose"", ""object""], ""fps"": {""pose"": 0, ""object"": 0}, ""eff_fps"": {""pose"": 0, ""object"": 0}, ""latency_ms"": {""pose"": 0, ""object"": 0}, ""svclat_ms"": {""pose"": 0.0, ""object"": 0.0}}, ""b8"": {""services"": [""pose"", ""object""], ""fps"": {""pose"": 0, ""object"": 0}, ""eff_fps"": {""pose"": 0, ""object"": 0}, ""latency_ms"": {""pose"": 0, ""object"": 0}, ""svclat_ms"": {""pose"": 0.0, ""object"": 0.0}}, ""b9"": {""services"": [""pose"", ""object""], ""fps"": {""pose"": 0, ""object"": 0}, ""eff_fps"": {""pose"": 0, ""object"": 0}, ""latency_ms"": {""pose"": 0, ""object"": 0}, ""svclat_ms"": {""pose"": 0.0, ""object"": 0.0}}}"
197.3,7,7,1.0,0,0,16,11,8,0.727,894.0,420.0,0.47,0.0,1.57,0.0,30.0,0,30.0,30.0,0,30.0,0,0,0,22.08,0,19.27,420,"{""ip-172-31-0-204"": ""healthy"", ""ip-172-31-1-171"": ""healthy"", ""ip-172-31-10-12"": ""healthy"", ""ip-172-31-11-132"": ""healthy"", ""ip-172-31-13-134"": ""healthy"", ""ip-172-31-14-68"": ""healthy"", ""ip-172-31-40-239"": ""healthy""}",subscribe,92.1,1.0,0,0,"{""ip-172-31-10-12"": {""gesture"": 1, ""pose"": 1}, ""ip-172-31-14-68"": {""pose"": 1, ""gesture"": 1}, ""ip-172-31-13-134"": {""object"": 1}, ""ip-172-31-40-239"": {""object"": 1}, ""ip-172-31-1-171"": {""gesture"": 1, ""pose"": 1}, ""ip-172-31-0-204"": {""pose"": 1, ""object"": 1}, ""ip-172-31-11-132"": {""object"": 1}}","{""b1"": {""services"": [""pose"", ""object""], ""fps"": {""pose"": 30, ""object"": 30}, ""eff_fps"": {""pose"": 30, ""object"": 30}, ""latency_ms"": {""pose"": 0, ""object"": 0}, ""svclat_ms"": {""pose"": 24.68, ""object"": 20.53}}, ""b2"": {""services"": [""pose"", ""object""], ""fps"": {""pose"": 30, ""object"": 30}, ""eff_fps"": {""pose"": 30, ""object"": 30}, ""latency_ms"": {""pose"": 0, ""object"": 0}, ""svclat_ms"": {""pose"": 19.9, ""object"": 20.6}}, ""b3"": {""services"": [""pose"", ""object""], ""fps"": {""pose"": 30, ""object"": 30}, ""eff_fps"": {""pose"": 30, ""object"": 30}, ""latency_ms"": {""pose"": 0, ""object"": 0}, ""svclat_ms"": {""pose"": 27.94, ""object"": 17.79}}, ""b4"": {""services"": [""pose"", ""object""], ""fps"": {""pose"": 30, ""object"": 30}, ""eff_fps"": {""pose"": 30, ""object"": 30}, ""latency_ms"": {""pose"": 0, ""object"": 0}, ""svclat_ms"": {""pose"": 20.46, ""object"": 20.74}}, ""b5"": {""services"": [""pose"", ""object""], ""fps"": {""pose"": 30, ""object"": 30}, ""eff_fps"": {""pose"": 30, ""object"": 30}, ""latency_ms"": {""pose"": 0, ""object"": 0}, ""svclat_ms"": {""pose"": 23.35, ""object"": 17.83}}, ""b6"": {""services"": [""pose"", ""object""], ""fps"": {""pose"": 30, ""object"": 30}, ""eff_fps"": {""pose"": 30, ""object"": 30}, ""latency_ms"": {""pose"": 0, ""object"": 0}, ""svclat_ms"": {""pose"": 17.77, ""object"": 19.24}}, ""b7"": {""services"": [""pose"", ""object""], ""fps"": {""pose"": 30, ""object"": 30}, ""eff_fps"": {""pose"": 30, ""object"": 30}, ""latency_ms"": {""pose"": 0, ""object"": 0}, ""svclat_ms"": {""pose"": 20.47, ""object"": 18.14}}, ""b8"": {""services"": [""pose"", ""object""], ""fps"": {""pose"": 0, ""object"": 0}, ""eff_fps"": {""pose"": 0, ""object"": 0}, ""latency_ms"": {""pose"": 0, ""object"": 0}, ""svclat_ms"": {""pose"": 0.0, ""object"": 0.0}}, ""b9"": {""services"": [""pose"", ""object""], ""fps"": {""pose"": 0, ""object"": 0}, ""eff_fps"": {""pose"": 0, ""object"": 0}, ""latency_ms"": {""pose"": 0, ""object"": 0}, ""svclat_ms"": {""pose"": 0.0, ""object"": 0.0}}, ""b10"": {""services"": [""pose"", ""object""], ""fps"": {""pose"": 0, ""object"": 0}, ""eff_fps"": {""pose"": 0, ""object"": 0}, ""latency_ms"": {""pose"": 0, ""object"": 0}, ""svclat_ms"": {""pose"": 0.0, ""object"": 0.0}}}"
200.9,9,9,1.0,0,0,16,11,8,0.727,894.0,510.0,0.57,0.0,1.22,0.0,24.4,0,28.44,24.4,0,28.44,0,0,0,23.59,0,22.68,500,"{""ip-172-31-0-204"": ""healthy"", ""ip-172-31-1-171"": ""healthy"", ""ip-172-31-10-12"": ""healthy"", ""ip-172-31-11-132"": ""healthy"", ""ip-172-31-13-134"": ""healthy"", ""ip-172-31-14-68"": ""healthy"", ""ip-172-31-40-239"": ""healthy""}",subscribe,99.9,0.9444,0,0,"{""ip-172-31-10-12"": {""gesture"": 1, ""pose"": 1}, ""ip-172-31-14-68"": {""pose"": 1, ""gesture"": 1}, ""ip-172-31-13-134"": {""object"": 1}, ""ip-172-31-40-239"": {""object"": 1}, ""ip-172-31-1-171"": {""gesture"": 1, ""pose"": 1}, ""ip-172-31-0-204"": {""pose"": 1, ""object"": 1}, ""ip-172-31-11-132"": {""object"": 1}}","{""b1"": {""services"": [""pose"", ""object""], ""fps"": {""pose"": 23, ""object"": 27}, ""eff_fps"": {""pose"": 23, ""object"": 27}, ""latency_ms"": {""pose"": 0, ""object"": 0}, ""svclat_ms"": {""pose"": 23.32, ""object"": 24.19}}, ""b2"": {""services"": [""pose"", ""object""], ""fps"": {""pose"": 30, ""object"": 30}, ""eff_fps"": {""pose"": 30, ""object"": 30}, ""latency_ms"": {""pose"": 0, ""object"": 0}, ""svclat_ms"": {""pose"": 20.14, ""object"": 20.71}}, ""b3"": {""services"": [""pose"", ""object""], ""fps"": {""pose"": 29, ""object"": 29}, ""eff_fps"": {""pose"": 29, ""object"": 29}, ""latency_ms"": {""pose"": 0, ""object"": 0}, ""svclat_ms"": {""pose"": 27.95, ""object"": 18.95}}, ""b4"": {""services"": [""pose"", ""object""], ""fps"": {""pose"": 30, ""object"": 30}, ""eff_fps"": {""pose"": 30, ""object"": 30}, ""latency_ms"": {""pose"": 0, ""object"": 0}, ""svclat_ms"": {""pose"": 21.78, ""object"": 20.54}}, ""b5"": {""services"": [""pose"", ""object""], ""fps"": {""pose"": 23, ""object"": 26}, ""eff_fps"": {""pose"": 23, ""object"": 26}, ""latency_ms"": {""pose"": 0, ""object"": 0}, ""svclat_ms"": {""pose"": 23.39, ""object"": 27.5}}, ""b6"": {""services"": [""pose"", ""object""], ""fps"": {""pose"": 25, ""object"": 27}, ""eff_fps"": {""pose"": 25, ""object"": 27}, ""latency_ms"": {""pose"": 0, ""object"": 0}, ""svclat_ms"": {""pose"": 21.21, ""object"": 26.09}}, ""b7"": {""services"": [""pose"", ""object""], ""fps"": {""pose"": 30, ""object"": 30}, ""eff_fps"": {""pose"": 30, ""object"": 30}, ""latency_ms"": {""pose"": 0, ""object"": 0}, ""svclat_ms"": {""pose"": 21.74, ""object"": 19.64}}, ""b8"": {""services"": [""pose"", ""object""], ""fps"": {""pose"": 23, ""object"": 27}, ""eff_fps"": {""pose"": 23, ""object"": 27}, ""latency_ms"": {""pose"": 0, ""object"": 0}, ""svclat_ms"": {""pose"": 30.55, ""object"": 21.69}}, ""b9"": {""services"": [""pose"", ""object""], ""fps"": {""pose"": 30, ""object"": 30}, ""eff_fps"": {""pose"": 30, ""object"": 30}, ""latency_ms"": {""pose"": 0, ""object"": 0}, ""svclat_ms"": {""pose"": 20.69, ""object"": 24.83}}, ""b10"": {""services"": [""pose"", ""object""], ""fps"": {""pose"": 1, ""object"": 0}, ""eff_fps"": {""pose"": 1, ""object"": 0}, ""latency_ms"": {""pose"": 0, ""object"": 0}, ""svclat_ms"": {""pose"": 25.15, ""object"": 0.0}}, ""b11"": {""services"": [""pose"", ""object""], ""fps"": {""pose"": 0, ""object"": 0}, ""eff_fps"": {""pose"": 0, ""object"": 0}, ""latency_ms"": {""pose"": 0, ""object"": 0}, ""svclat_ms"": {""pose"": 0.0, ""object"": 0.0}}}"
203.3,10,9,0.9,0,0,16,11,8,0.727,894.0,510.0,0.57,0.0,1.22,0.0,25.9,0,28.0,25.9,0,28.0,0,0,0,24.08,0,26.26,539,"{""ip-172-31-0-204"": ""healthy"", ""ip-172-31-1-171"": ""healthy"", ""ip-172-31-10-12"": ""healthy"", ""ip-172-31-11-132"": ""healthy"", ""ip-172-31-13-134"": ""healthy"", ""ip-172-31-14-68"": ""healthy"", ""ip-172-31-40-239"": ""healthy""}",subscribe,99.9,0.9444,0,0,"{""ip-172-31-10-12"": {""gesture"": 1, ""pose"": 1}, ""ip-172-31-14-68"": {""pose"": 1, ""gesture"": 1}, ""ip-172-31-13-134"": {""object"": 1}, ""ip-172-31-40-239"": {""object"": 1}, ""ip-172-31-1-171"": {""gesture"": 1, ""pose"": 1}, ""ip-172-31-0-204"": {""pose"": 1, ""object"": 1}, ""ip-172-31-11-132"": {""object"": 1}}","{""b1"": {""services"": [""pose"", ""object""], ""fps"": {""pose"": 23, ""object"": 28}, ""eff_fps"": {""pose"": 23, ""object"": 28}, ""latency_ms"": {""pose"": 0, ""object"": 0}, ""svclat_ms"": {""pose"": 24.1, ""object"": 29.3}}, ""b2"": {""services"": [""pose"", ""object""], ""fps"": {""pose"": 23, ""object"": 27}, ""eff_fps"": {""pose"": 23, ""object"": 27}, ""latency_ms"": {""pose"": 0, ""object"": 0}, ""svclat_ms"": {""pose"": 23.07, ""object"": 30.09}}, ""b3"": {""services"": [""pose"", ""object""], ""fps"": {""pose"": 31, ""object"": 30}, ""eff_fps"": {""pose"": 31, ""object"": 30}, ""latency_ms"": {""pose"": 0, ""object"": 0}, ""svclat_ms"": {""pose"": 23.12, ""object"": 19.46}}, ""b4"": {""services"": [""pose"", ""object""], ""fps"": {""pose"": 30, ""object"": 29}, ""eff_fps"": {""pose"": 30, ""object"": 29}, ""latency_ms"": {""pose"": 0, ""object"": 0}, ""svclat_ms"": {""pose"": 22.74, ""object"": 20.51}}, ""b5"": {""services"": [""pose"", ""object""], ""fps"": {""pose"": 23, ""object"": 27}, ""eff_fps"": {""pose"": 23, ""object"": 27}, ""latency_ms"": {""pose"": 0, ""object"": 0}, ""svclat_ms"": {""pose"": 22.7, ""object"": 29.18}}, ""b6"": {""services"": [""pose"", ""object""], ""fps"": {""pose"": 23, ""object"": 27}, ""eff_fps"": {""pose"": 23, ""object"": 27}, ""latency_ms"": {""pose"": 0, ""object"": 0}, ""svclat_ms"": {""pose"": 22.7, ""object"": 29.42}}, ""b7"": {""services"": [""pose"", ""object""], ""fps"": {""pose"": 30, ""object"": 30}, ""eff_fps"": {""pose"": 30, ""object"": 30}, ""latency_ms"": {""pose"": 0, ""object"": 0}, ""svclat_ms"": {""pose"": 22.09, ""object"": 19.35}}, ""b8"": {""services"": [""pose"", ""object""], ""fps"": {""pose"": 23, ""object"": 27}, ""eff_fps"": {""pose"": 23, ""object"": 27}, ""latency_ms"": {""pose"": 0, ""object"": 0}, ""svclat_ms"": {""pose"": 33.84, ""object"": 29.22}}, ""b9"": {""services"": [""pose"", ""object""], ""fps"": {""pose"": 30, ""object"": 28}, ""eff_fps"": {""pose"": 30, ""object"": 28}, ""latency_ms"": {""pose"": 0, ""object"": 0}, ""svclat_ms"": {""pose"": 23.82, ""object"": 25.62}}, ""b10"": {""services"": [""pose"", ""object""], ""fps"": {""pose"": 23, ""object"": 27}, ""eff_fps"": {""pose"": 23, ""object"": 27}, ""latency_ms"": {""pose"": 0, ""object"": 0}, ""svclat_ms"": {""pose"": 22.65, ""object"": 30.44}}, ""b11"": {""services"": [""pose"", ""object""], ""fps"": {""pose"": 0, ""object"": 0}, ""eff_fps"": {""pose"": 0, ""object"": 0}, ""latency_ms"": {""pose"": 0, ""object"": 0}, ""svclat_ms"": {""pose"": 0.0, ""object"": 0.0}}}"
205.8,10,9,0.9,0,0,16,11,8,0.727,894.0,510.0,0.57,0.0,1.22,0.0,25.8,0,27.7,25.8,0,27.7,0,0,0,24.25,0,29.0,535,"{""ip-172-31-0-204"": ""healthy"", ""ip-172-31-1-171"": ""healthy"", ""ip-172-31-10-12"": ""healthy"", ""ip-172-31-11-132"": ""healthy"", ""ip-172-31-13-134"": ""healthy"", ""ip-172-31-14-68"": ""healthy"", ""ip-172-31-40-239"": ""healthy""}",subscribe,99.9,0.9444,0,0,"{""ip-172-31-10-12"": {""gesture"": 1, ""pose"": 1}, ""ip-172-31-14-68"": {""pose"": 1, ""gesture"": 1}, ""ip-172-31-13-134"": {""object"": 1}, ""ip-172-31-40-239"": {""object"": 1}, ""ip-172-31-1-171"": {""gesture"": 1, ""pose"": 1}, ""ip-172-31-0-204"": {""pose"": 1, ""object"": 1}, ""ip-172-31-11-132"": {""object"": 1}}","{""b1"": {""services"": [""pose"", ""object""], ""fps"": {""pose"": 23, ""object"": 27}, ""eff_fps"": {""pose"": 23, ""object"": 27}, ""latency_ms"": {""pose"": 0, ""object"": 0}, ""svclat_ms"": {""pose"": 27.1, ""object"": 27.6}}, ""b2"": {""services"": [""pose"", ""object""], ""fps"": {""pose"": 23, ""object"": 25}, ""eff_fps"": {""pose"": 23, ""object"": 25}, ""latency_ms"": {""pose"": 0, ""object"": 0}, ""svclat_ms"": {""pose"": 24.36, ""object"": 40.48}}, ""b3"": {""services"": [""pose"", ""object""], ""fps"": {""pose"": 31, ""object"": 30}, ""eff_fps"": {""pose"": 31, ""object"": 30}, ""latency_ms"": {""pose"": 0, ""object"": 0}, ""svclat_ms"": {""pose"": 22.34, ""object"": 18.18}}, ""b4"": {""services"": [""pose"", ""object""], ""fps"": {""pose"": 30, ""object"": 30}, ""eff_fps"": {""pose"": 30, ""object"": 30}, ""latency_ms"": {""pose"": 0, ""object"": 0}, ""svclat_ms"": {""pose"": 21.42, ""object"": 22.79}}, ""b5"": {""services"": [""pose"", ""object""], ""fps"": {""pose"": 23, ""object"": 27}, ""eff_fps"": {""pose"": 23, ""object"": 27}, ""latency_ms"": {""pose"": 0, ""object"": 0}, ""svclat_ms"": {""pose"": 24.7, ""object"": 31.57}}, ""b6"": {""services"": [""pose"", ""object""], ""fps"": {""pose"": 23, ""object"": 26}, ""eff_fps"": {""pose"": 23, ""object"": 26}, ""latency_ms"": {""pose"": 0, ""object"": 0}, ""svclat_ms"": {""pose"": 23.57, ""object"": 38.79}}, ""b7"": {""services"": [""pose"", ""object""], ""fps"": {""pose"": 30, ""object"": 30}, ""eff_fps"": {""pose"": 30, ""object"": 30}, ""latency_ms"": {""pose"": 0, ""object"": 0}, ""svclat_ms"": {""pose"": 21.58, ""object"": 18.74}}, ""b8"": {""services"": [""pose"", ""object""], ""fps"": {""pose"": 22, ""object"": 27}, ""eff_fps"": {""pose"": 22, ""object"": 27}, ""latency_ms"": {""pose"": 0, ""object"": 0}, ""svclat_ms"": {""pose"": 32.99, ""object"": 27.98}}, ""b9"": {""services"": [""pose"", ""object""], ""fps"": {""pose"": 30, ""object"": 30}, ""eff_fps"": {""pose"": 30, ""object"": 30}, ""latency_ms"": {""pose"": 0, ""object"": 0}, ""svclat_ms"": {""pose"": 22.06, ""object"": 23.46}}, ""b10"": {""services"": [""pose"", ""object""], ""fps"": {""pose"": 23, ""object"": 25}, ""eff_fps"": {""pose"": 23, ""object"": 25}, ""latency_ms"": {""pose"": 0, ""object"": 0}, ""svclat_ms"": {""pose"": 22.41, ""object"": 40.4}}, ""b11"": {""services"": [""pose"", ""object""], ""fps"": {""pose"": 0, ""object"": 0}, ""eff_fps"": {""pose"": 0, ""object"": 0}, ""latency_ms"": {""pose"": 0, ""object"": 0}, ""svclat_ms"": {""pose"": 0.0, ""object"": 0.0}}, ""b12"": {""services"": [""pose"", ""object""], ""fps"": {""pose"": 0, ""object"": 0}, ""eff_fps"": {""pose"": 0, ""object"": 0}, ""latency_ms"": {""pose"": 0, ""object"": 0}, ""svclat_ms"": {""pose"": 0.0, ""object"": 0.0}}}"
208.2,10,9,0.9,0,0,16,11,8,0.727,894.0,510.0,0.57,0.0,1.22,0.0,25.9,0,28.3,25.9,0,28.3,0,0,0,23.6,0,25.73,542,"{""ip-172-31-0-204"": ""healthy"", ""ip-172-31-1-171"": ""healthy"", ""ip-172-31-10-12"": ""healthy"", ""ip-172-31-11-132"": ""healthy"", ""ip-172-31-13-134"": ""healthy"", ""ip-172-31-14-68"": ""healthy"", ""ip-172-31-40-239"": ""healthy""}",subscribe,99.9,0.9444,0,0,"{""ip-172-31-10-12"": {""gesture"": 1, ""pose"": 1}, ""ip-172-31-14-68"": {""pose"": 1, ""gesture"": 1}, ""ip-172-31-13-134"": {""object"": 1}, ""ip-172-31-40-239"": {""object"": 1}, ""ip-172-31-1-171"": {""gesture"": 1, ""pose"": 1}, ""ip-172-31-0-204"": {""pose"": 1, ""object"": 1}, ""ip-172-31-11-132"": {""object"": 1}}","{""b1"": {""services"": [""pose"", ""object""], ""fps"": {""pose"": 23, ""object"": 27}, ""eff_fps"": {""pose"": 23, ""object"": 27}, ""latency_ms"": {""pose"": 0, ""object"": 0}, ""svclat_ms"": {""pose"": 27.21, ""object"": 23.64}}, ""b2"": {""services"": [""pose"", ""object""], ""fps"": {""pose"": 23, ""object"": 27}, ""eff_fps"": {""pose"": 23, ""object"": 27}, ""latency_ms"": {""pose"": 0, ""object"": 0}, ""svclat_ms"": {""pose"": 20.51, ""object"": 33.96}}, ""b3"": {""services"": [""pose"", ""object""], ""fps"": {""pose"": 31, ""object"": 31}, ""eff_fps"": {""pose"": 31, ""object"": 31}, ""latency_ms"": {""pose"": 0, ""object"": 0}, ""svclat_ms"": {""pose"": 21.65, ""object"": 17.95}}, ""b4"": {""services"": [""pose"", ""object""], ""fps"": {""pose"": 30, ""object"": 30}, ""eff_fps"": {""pose"": 30, ""object"": 30}, ""latency_ms"": {""pose"": 0, ""object"": 0}, ""svclat_ms"": {""pose"": 20.75, ""object"": 23.38}}, ""b5"": {""services"": [""pose"", ""object""], ""fps"": {""pose"": 23, ""object"": 27}, ""eff_fps"": {""pose"": 23, ""object"": 27}, ""latency_ms"": {""pose"": 0, ""object"": 0}, ""svclat_ms"": {""pose"": 26.55, ""object"": 23.41}}, ""b6"": {""services"": [""pose"", ""object""], ""fps"": {""pose"": 23, ""object"": 27}, ""eff_fps"": {""pose"": 23, ""object"": 27}, ""latency_ms"": {""pose"": 0, ""object"": 0}, ""svclat_ms"": {""pose"": 21.2, ""object"": 36.36}}, ""b7"": {""services"": [""pose"", ""object""], ""fps"": {""pose"": 30, ""object"": 30}, ""eff_fps"": {""pose"": 30, ""object"": 30}, ""latency_ms"": {""pose"": 0, ""object"": 0}, ""svclat_ms"": {""pose"": 20.95, ""object"": 18.67}}, ""b8"": {""services"": [""pose"", ""object""], ""fps"": {""pose"": 23, ""object"": 27}, ""eff_fps"": {""pose"": 23, ""object"": 27}, ""latency_ms"": {""pose"": 0, ""object"": 0}, ""svclat_ms"": {""pose"": 35.7, ""object"": 22.67}}, ""b9"": {""services"": [""pose"", ""object""], ""fps"": {""pose"": 30, ""object"": 30}, ""eff_fps"": {""pose"": 30, ""object"": 30}, ""latency_ms"": {""pose"": 0, ""object"": 0}, ""svclat_ms"": {""pose"": 20.75, ""object"": 24.23}}, ""b10"": {""services"": [""pose"", ""object""], ""fps"": {""pose"": 23, ""object"": 27}, ""eff_fps"": {""pose"": 23, ""object"": 27}, ""latency_ms"": {""pose"": 0, ""object"": 0}, ""svclat_ms"": {""pose"": 20.73, ""object"": 33.02}}, ""b11"": {""services"": [""pose"", ""object""], ""fps"": {""pose"": 0, ""object"": 0}, ""eff_fps"": {""pose"": 0, ""object"": 0}, ""latency_ms"": {""pose"": 0, ""object"": 0}, ""svclat_ms"": {""pose"": 0.0, ""object"": 0.0}}, ""b12"": {""services"": [""pose"", ""object""], ""fps"": {""pose"": 0, ""object"": 0}, ""eff_fps"": {""pose"": 0, ""object"": 0}, ""latency_ms"": {""pose"": 0, ""object"": 0}, ""svclat_ms"": {""pose"": 0.0, ""object"": 0.0}}}"
210.6,10,9,0.9,0,0,16,11,8,0.727,894.0,510.0,0.57,0.0,1.22,0.0,25.8,0,28.1,25.8,0,28.1,0,0,0,23.38,0,24.77,539,"{""ip-172-31-0-204"": ""healthy"", ""ip-172-31-1-171"": ""healthy"", ""ip-172-31-10-12"": ""healthy"", ""ip-172-31-11-132"": ""healthy"", ""ip-172-31-13-134"": ""healthy"", ""ip-172-31-14-68"": ""healthy"", ""ip-172-31-40-239"": ""healthy""}",subscribe,99.9,0.9444,0,0,"{""ip-172-31-10-12"": {""gesture"": 1, ""pose"": 1}, ""ip-172-31-14-68"": {""pose"": 1, ""gesture"": 1}, ""ip-172-31-13-134"": {""object"": 1}, ""ip-172-31-40-239"": {""object"": 1}, ""ip-172-31-1-171"": {""gesture"": 1, ""pose"": 1}, ""ip-172-31-0-204"": {""pose"": 1, ""object"": 1}, ""ip-172-31-11-132"": {""object"": 1}}","{""b1"": {""services"": [""pose"", ""object""], ""fps"": {""pose"": 23, ""object"": 27}, ""eff_fps"": {""pose"": 23, ""object"": 27}, ""latency_ms"": {""pose"": 0, ""object"": 0}, ""svclat_ms"": {""pose"": 27.01, ""object"": 24.08}}, ""b2"": {""services"": [""pose"", ""object""], ""fps"": {""pose"": 23, ""object"": 27}, ""eff_fps"": {""pose"": 23, ""object"": 27}, ""latency_ms"": {""pose"": 0, ""object"": 0}, ""svclat_ms"": {""pose"": 21.07, ""object"": 30.16}}, ""b3"": {""services"": [""pose"", ""object""], ""fps"": {""pose"": 30, ""object"": 30}, ""eff_fps"": {""pose"": 30, ""object"": 30}, ""latency_ms"": {""pose"": 0, ""object"": 0}, ""svclat_ms"": {""pose"": 21.02, ""object"": 17.71}}, ""b4"": {""services"": [""pose"", ""object""], ""fps"": {""pose"": 30, ""object"": 29}, ""eff_fps"": {""pose"": 30, ""object"": 29}, ""latency_ms"": {""pose"": 0, ""object"": 0}, ""svclat_ms"": {""pose"": 20.6, ""object"": 24.42}}, ""b5"": {""services"": [""pose"", ""object""], ""fps"": {""pose"": 23, ""object"": 27}, ""eff_fps"": {""pose"": 23, ""object"": 27}, ""latency_ms"": {""pose"": 0, ""object"": 0}, ""svclat_ms"": {""pose"": 26.52, ""object"": 23.92}}, ""b6"": {""services"": [""pose"", ""object""], ""fps"": {""pose"": 23, ""object"": 27}, ""eff_fps"": {""pose"": 23, ""object"": 27}, ""latency_ms"": {""pose"": 0, ""object"": 0}, ""svclat_ms"": {""pose"": 21.03, ""object"": 31.85}}, ""b7"": {""services"": [""pose"", ""object""], ""fps"": {""pose"": 30, ""object"": 30}, ""eff_fps"": {""pose"": 30, ""object"": 30}, ""latency_ms"": {""pose"": 0, ""object"": 0}, ""svclat_ms"": {""pose"": 20.86, ""object"": 18.5}}, ""b8"": {""services"": [""pose"", ""object""], ""fps"": {""pose"": 23, ""object"": 27}, ""eff_fps"": {""pose"": 23, ""object"": 27}, ""latency_ms"": {""pose"": 0, ""object"": 0}, ""svclat_ms"": {""pose"": 34.26, ""object"": 22.8}}, ""b9"": {""services"": [""pose"", ""object""], ""fps"": {""pose"": 30, ""object"": 30}, ""eff_fps"": {""pose"": 30, ""object"": 30}, ""latency_ms"": {""pose"": 0, ""object"": 0}, ""svclat_ms"": {""pose"": 20.67, ""object"": 23.92}}, ""b10"": {""services"": [""pose"", ""object""], ""fps"": {""pose"": 23, ""object"": 27}, ""eff_fps"": {""pose"": 23, ""object"": 27}, ""latency_ms"": {""pose"": 0, ""object"": 0}, ""svclat_ms"": {""pose"": 20.76, ""object"": 30.31}}, ""b11"": {""services"": [""pose"", ""object""], ""fps"": {""pose"": 0, ""object"": 0}, ""eff_fps"": {""pose"": 0, ""object"": 0}, ""latency_ms"": {""pose"": 0, ""object"": 0}, ""svclat_ms"": {""pose"": 0.0, ""object"": 0.0}}, ""b12"": {""services"": [""pose"", ""object""], ""fps"": {""pose"": 0, ""object"": 0}, ""eff_fps"": {""pose"": 0, ""object"": 0}, ""latency_ms"": {""pose"": 0, ""object"": 0}, ""svclat_ms"": {""pose"": 0.0, ""object"": 0.0}}, ""b13"": {""services"": [""pose"", ""object""], ""fps"": {""pose"": 0, ""object"": 0}, ""eff_fps"": {""pose"": 0, ""object"": 0}, ""latency_ms"": {""pose"": 0, ""object"": 0}, ""svclat_ms"": {""pose"": 0.0, ""object"": 0.0}}}"
214.8,10,9,0.9,0,0,16,11,8,0.727,894.0,510.0,0.57,0.0,1.22,0.0,29.9,0,30.0,29.9,0,30.0,0,0,0,23.22,0,21.95,599,"{""ip-172-31-0-204"": ""healthy"", ""ip-172-31-1-171"": ""healthy"", ""ip-172-31-10-12"": ""healthy"", ""ip-172-31-11-132"": ""healthy"", ""ip-172-31-13-134"": ""healthy"", ""ip-172-31-14-68"": ""healthy"", ""ip-172-31-40-239"": ""healthy""}",subscribe,99.9,0.9444,0,0,"{""ip-172-31-10-12"": {""gesture"": 1, ""pose"": 1}, ""ip-172-31-14-68"": {""pose"": 1, ""gesture"": 1}, ""ip-172-31-13-134"": {""object"": 1}, ""ip-172-31-40-239"": {""object"": 1}, ""ip-172-31-1-171"": {""gesture"": 1, ""pose"": 1}, ""ip-172-31-0-204"": {""pose"": 1, ""object"": 1}, ""ip-172-31-11-132"": {""object"": 1}}","{""b1"": {""services"": [""pose"", ""object""], ""fps"": {""pose"": 30, ""object"": 30}, ""eff_fps"": {""pose"": 30, ""object"": 30}, ""latency_ms"": {""pose"": 0, ""object"": 0}, ""svclat_ms"": {""pose"": 22.22, ""object"": 23.34}}, ""b2"": {""services"": [""pose"", ""object""], ""fps"": {""pose"": 30, ""object"": 30}, ""eff_fps"": {""pose"": 30, ""object"": 30}, ""latency_ms"": {""pose"": 0, ""object"": 0}, ""svclat_ms"": {""pose"": 25.22, ""object"": 21.04}}, ""b3"": {""services"": [""pose"", ""object""], ""fps"": {""pose"": 30, ""object"": 30}, ""eff_fps"": {""pose"": 30, ""object"": 30}, ""latency_ms"": {""pose"": 0, ""object"": 0}, ""svclat_ms"": {""pose"": 24.76, ""object"": 22.97}}, ""b4"": {""services"": [""pose"", ""object""], ""fps"": {""pose"": 29, ""object"": 30}, ""eff_fps"": {""pose"": 29, ""object"": 30}, ""latency_ms"": {""pose"": 0, ""object"": 0}, ""svclat_ms"": {""pose"": 19.07, ""object"": 22.76}}, ""b5"": {""services"": [""pose"", ""object""], ""fps"": {""pose"": 30, ""object"": 30}, ""eff_fps"": {""pose"": 30, ""object"": 30}, ""latency_ms"": {""pose"": 0, ""object"": 0}, ""svclat_ms"": {""pose"": 25.0, ""object"": 23.05}}, ""b6"": {""services"": [""pose"", ""object""], ""fps"": {""pose"": 30, ""object"": 30}, ""eff_fps"": {""pose"": 30, ""object"": 30}, ""latency_ms"": {""pose"": 0, ""object"": 0}, ""svclat_ms"": {""pose"": 22.29, ""object"": 19.9}}, ""b7"": {""services"": [""pose"", ""object""], ""fps"": {""pose"": 30, ""object"": 30}, ""eff_fps"": {""pose"": 30, ""object"": 30}, ""latency_ms"": {""pose"": 0, ""object"": 0}, ""svclat_ms"": {""pose"": 25.81, ""object"": 16.88}}, ""b8"": {""services"": [""pose"", ""object""], ""fps"": {""pose"": 30, ""object"": 30}, ""eff_fps"": {""pose"": 30, ""object"": 30}, ""latency_ms"": {""pose"": 0, ""object"": 0}, ""svclat_ms"": {""pose"": 21.09, ""object"": 22.86}}, ""b9"": {""services"": [""pose"", ""object""], ""fps"": {""pose"": 30, ""object"": 30}, ""eff_fps"": {""pose"": 30, ""object"": 30}, ""latency_ms"": {""pose"": 0, ""object"": 0}, ""svclat_ms"": {""pose"": 24.05, ""object"": 23.66}}, ""b10"": {""services"": [""pose"", ""object""], ""fps"": {""pose"": 30, ""object"": 30}, ""eff_fps"": {""pose"": 30, ""object"": 30}, ""latency_ms"": {""pose"": 0, ""object"": 0}, ""svclat_ms"": {""pose"": 22.68, ""object"": 23.06}}, ""b11"": {""services"": [""pose"", ""object""], ""fps"": {""pose"": 0, ""object"": 0}, ""eff_fps"": {""pose"": 0, ""object"": 0}, ""latency_ms"": {""pose"": 0, ""object"": 0}, ""svclat_ms"": {""pose"": 0.0, ""object"": 0.0}}, ""b12"": {""services"": [""pose"", ""object""], ""fps"": {""pose"": 0, ""object"": 0}, ""eff_fps"": {""pose"": 0, ""object"": 0}, ""latency_ms"": {""pose"": 0, ""object"": 0}, ""svclat_ms"": {""pose"": 0.0, ""object"": 0.0}}, ""b13"": {""services"": [""pose"", ""object""], ""fps"": {""pose"": 0, ""object"": 0}, ""eff_fps"": {""pose"": 0, ""object"": 0}, ""latency_ms"": {""pose"": 0, ""object"": 0}, ""svclat_ms"": {""pose"": 0.0, ""object"": 0.0}}}"
219.9,11,11,1.0,0,0,16,14,12,0.857,1026.0,639.0,0.623,0.0,1.27,0.0,26.73,0,30.0,26.73,0,30.0,0,0,0,24.69,0,22.81,624,"{""ip-172-31-0-204"": ""healthy"", ""ip-172-31-1-171"": ""healthy"", ""ip-172-31-10-12"": ""healthy"", ""ip-172-31-11-132"": ""healthy"", ""ip-172-31-13-134"": ""healthy"", ""ip-172-31-14-68"": ""healthy"", ""ip-172-31-40-239"": ""healthy""}",subscribe,110.5,0.9682,0,0,"{""ip-172-31-13-134"": {""object"": 1, ""pose"": 1}, ""ip-172-31-40-239"": {""object"": 1, ""pose"": 1}, ""ip-172-31-1-171"": {""pose"": 1, ""object"": 1}, ""ip-172-31-10-12"": {""pose"": 1, ""object"": 1}, ""ip-172-31-14-68"": {""gesture"": 1, ""object"": 1}, ""ip-172-31-0-204"": {""pose"": 1, ""object"": 1}, ""ip-172-31-11-132"": {""object"": 1, ""gesture"": 1}}","{""b1"": {""services"": [""pose"", ""object""], ""fps"": {""pose"": 23, ""object"": 30}, ""eff_fps"": {""pose"": 23, ""object"": 30}, ""latency_ms"": {""pose"": 0, ""object"": 0}, ""svclat_ms"": {""pose"": 30.85, ""object"": 24.4}}, ""b2"": {""services"": [""pose"", ""object""], ""fps"": {""pose"": 23, ""object"": 30}, ""eff_fps"": {""pose"": 23, ""object"": 30}, ""latency_ms"": {""pose"": 0, ""object"": 0}, ""svclat_ms"": {""pose"": 26.76, ""object"": 21.13}}, ""b3"": {""services"": [""pose"", ""object""], ""fps"": {""pose"": 30, ""object"": 30}, ""eff_fps"": {""pose"": 30, ""object"": 30}, ""latency_ms"": {""pose"": 0, ""object"": 0}, ""svclat_ms"": {""pose"": 23.47, ""object"": 22.51}}, ""b4"": {""services"": [""pose"", ""object""], ""fps"": {""pose"": 30, ""object"": 30}, ""eff_fps"": {""pose"": 30, ""object"": 30}, ""latency_ms"": {""pose"": 0, ""object"": 0}, ""svclat_ms"": {""pose"": 21.66, ""object"": 24.78}}, ""b5"": {""services"": [""pose"", ""object""], ""fps"": {""pose"": 30, ""object"": 30}, ""eff_fps"": {""pose"": 30, ""object"": 30}, ""latency_ms"": {""pose"": 0, ""object"": 0}, ""svclat_ms"": {""pose"": 24.44, ""object"": 21.83}}, ""b6"": {""services"": [""pose"", ""object""], ""fps"": {""pose"": 23, ""object"": 30}, ""eff_fps"": {""pose"": 23, ""object"": 30}, ""latency_ms"": {""pose"": 0, ""object"": 0}, ""svclat_ms"": {""pose"": 23.8, ""object"": 19.79}}, ""b7"": {""services"": [""pose"", ""object""], ""fps"": {""pose"": 22, ""object"": 30}, ""eff_fps"": {""pose"": 22, ""object"": 30}, ""latency_ms"": {""pose"": 0, ""object"": 0}, ""svclat_ms"": {""pose"": 24.13, ""object"": 18.51}}, ""b8"": {""services"": [""pose"", ""object""], ""fps"": {""pose"": 30, ""object"": 30}, ""eff_fps"": {""pose"": 30, ""object"": 30}, ""latency_ms"": {""pose"": 0, ""object"": 0}, ""svclat_ms"": {""pose"": 22.87, ""object"": 22.53}}, ""b9"": {""services"": [""pose"", ""object""], ""fps"": {""pose"": 30, ""object"": 30}, ""eff_fps"": {""pose"": 30, ""object"": 30}, ""latency_ms"": {""pose"": 0, ""object"": 0}, ""svclat_ms"": {""pose"": 24.96, ""object"": 24.18}}, ""b10"": {""services"": [""pose"", ""object""], ""fps"": {""pose"": 30, ""object"": 30}, ""eff_fps"": {""pose"": 30, ""object"": 30}, ""latency_ms"": {""pose"": 0, ""object"": 0}, ""svclat_ms"": {""pose"": 22.72, ""object"": 23.56}}, ""b11"": {""services"": [""pose"", ""object""], ""fps"": {""pose"": 23, ""object"": 30}, ""eff_fps"": {""pose"": 23, ""object"": 30}, ""latency_ms"": {""pose"": 0, ""object"": 0}, ""svclat_ms"": {""pose"": 25.98, ""object"": 27.65}}, ""b12"": {""services"": [""pose"", ""object""], ""fps"": {""pose"": 0, ""object"": 0}, ""eff_fps"": {""pose"": 0, ""object"": 0}, ""latency_ms"": {""pose"": 0, ""object"": 0}, ""svclat_ms"": {""pose"": 0.0, ""object"": 0.0}}, ""b13"": {""services"": [""pose"", ""object""], ""fps"": {""pose"": 0, ""object"": 0}, ""eff_fps"": {""pose"": 0, ""object"": 0}, ""latency_ms"": {""pose"": 0, ""object"": 0}, ""svclat_ms"": {""pose"": 0.0, ""object"": 0.0}}, ""b14"": {""services"": [""pose"", ""object""], ""fps"": {""pose"": 0, ""object"": 0}, ""eff_fps"": {""pose"": 0, ""object"": 0}, ""latency_ms"": {""pose"": 0, ""object"": 0}, ""svclat_ms"": {""pose"": 0.0, ""object"": 0.0}}}"
224.7,14,13,0.929,0,0,16,14,12,0.857,1026.0,717.0,0.699,0.0,1.08,0.0,23.93,0,30.07,23.93,0,30.07,0,0,0,28.46,0,22.77,756,"{""ip-172-31-0-204"": ""healthy"", ""ip-172-31-1-171"": ""healthy"", ""ip-172-31-10-12"": ""healthy"", ""ip-172-31-11-132"": ""healthy"", ""ip-172-31-13-134"": ""healthy"", ""ip-172-31-14-68"": ""healthy"", ""ip-172-31-40-239"": ""healthy""}",subscribe,119.5,0.9192,0,0,"{""ip-172-31-13-134"": {""object"": 1, ""pose"": 1}, ""ip-172-31-40-239"": {""object"": 1, ""pose"": 1}, ""ip-172-31-1-171"": {""pose"": 1, ""object"": 1}, ""ip-172-31-10-12"": {""pose"": 1, ""object"": 1}, ""ip-172-31-14-68"": {""gesture"": 1, ""object"": 1}, ""ip-172-31-0-204"": {""pose"": 1, ""object"": 1}, ""ip-172-31-11-132"": {""object"": 1, ""gesture"": 1}}","{""b1"": {""services"": [""pose"", ""object""], ""fps"": {""pose"": 23, ""object"": 30}, ""eff_fps"": {""pose"": 23, ""object"": 30}, ""latency_ms"": {""pose"": 0, ""object"": 0}, ""svclat_ms"": {""pose"": 31.78, ""object"": 23.49}}, ""b2"": {""services"": [""pose"", ""object""], ""fps"": {""pose"": 23, ""object"": 30}, ""eff_fps"": {""pose"": 23, ""object"": 30}, ""latency_ms"": {""pose"": 0, ""object"": 0}, ""svclat_ms"": {""pose"": 30.33, ""object"": 21.4}}, ""b3"": {""services"": [""pose"", ""object""], ""fps"": {""pose"": 23, ""object"": 30}, ""eff_fps"": {""pose"": 23, ""object"": 30}, ""latency_ms"": {""pose"": 0, ""object"": 0}, ""svclat_ms"": {""pose"": 34.21, ""object"": 22.35}}, ""b4"": {""services"": [""pose"", ""object""], ""fps"": {""pose"": 23, ""object"": 30}, ""eff_fps"": {""pose"": 23, ""object"": 30}, ""latency_ms"": {""pose"": 0, ""object"": 0}, ""svclat_ms"": {""pose"": 31.23, ""object"": 25.53}}, ""b5"": {""services"": [""pose"", ""object""], ""fps"": {""pose"": 30, ""object"": 30}, ""eff_fps"": {""pose"": 30, ""object"": 30}, ""latency_ms"": {""pose"": 0, ""object"": 0}, ""svclat_ms"": {""pose"": 23.94, ""object"": 20.61}}, ""b6"": {""services"": [""pose"", ""object""], ""fps"": {""pose"": 23, ""object"": 30}, ""eff_fps"": {""pose"": 23, ""object"": 30}, ""latency_ms"": {""pose"": 0, ""object"": 0}, ""svclat_ms"": {""pose"": 24.41, ""object"": 20.56}}, ""b7"": {""services"": [""pose"", ""object""], ""fps"": {""pose"": 23, ""object"": 30}, ""eff_fps"": {""pose"": 23, ""object"": 30}, ""latency_ms"": {""pose"": 0, ""object"": 0}, ""svclat_ms"": {""pose"": 25.89, ""object"": 19.31}}, ""b8"": {""services"": [""pose"", ""object""], ""fps"": {""pose"": 23, ""object"": 30}, ""eff_fps"": {""pose"": 23, ""object"": 30}, ""latency_ms"": {""pose"": 0, ""object"": 0}, ""svclat_ms"": {""pose"": 30.8, ""object"": 21.41}}, ""b9"": {""services"": [""pose"", ""object""], ""fps"": {""pose"": 23, ""object"": 30}, ""eff_fps"": {""pose"": 23, ""object"": 30}, ""latency_ms"": {""pose"": 0, ""object"": 0}, ""svclat_ms"": {""pose"": 28.66, ""object"": 23.46}}, ""b10"": {""services"": [""pose"", ""object""], ""fps"": {""pose"": 30, ""object"": 30}, ""eff_fps"": {""pose"": 30, ""object"": 30}, ""latency_ms"": {""pose"": 0, ""object"": 0}, ""svclat_ms"": {""pose"": 23.32, ""object"": 22.89}}, ""b11"": {""services"": [""pose"", ""object""], ""fps"": {""pose"": 23, ""object"": 30}, ""eff_fps"": {""pose"": 23, ""object"": 30}, ""latency_ms"": {""pose"": 0, ""object"": 0}, ""svclat_ms"": {""pose"": 22.15, ""object"": 27.57}}, ""b12"": {""services"": [""pose"", ""object""], ""fps"": {""pose"": 22, ""object"": 30}, ""eff_fps"": {""pose"": 22, ""object"": 30}, ""latency_ms"": {""pose"": 0, ""object"": 0}, ""svclat_ms"": {""pose"": 32.22, ""object"": 22.56}}, ""b13"": {""services"": [""pose"", ""object""], ""fps"": {""pose"": 23, ""object"": 31}, ""eff_fps"": {""pose"": 23, ""object"": 31}, ""latency_ms"": {""pose"": 0, ""object"": 0}, ""svclat_ms"": {""pose"": 30.34, ""object"": 20.72}}, ""b14"": {""services"": [""pose"", ""object""], ""fps"": {""pose"": 23, ""object"": 30}, ""eff_fps"": {""pose"": 23, ""object"": 30}, ""latency_ms"": {""pose"": 0, ""object"": 0}, ""svclat_ms"": {""pose"": 29.13, ""object"": 26.96}}, ""b15"": {""services"": [""pose"", ""object""], ""fps"": {""pose"": 0, ""object"": 0}, ""eff_fps"": {""pose"": 0, ""object"": 0}, ""latency_ms"": {""pose"": 0, ""object"": 0}, ""svclat_ms"": {""pose"": 0.0, ""object"": 0.0}}}"
228.5,15,15,1.0,0,0,16,14,12,0.857,1026.0,774.0,0.754,0.0,0.93,0.0,23.07,0,28.47,23.07,0,28.47,0,0,0,28.16,0,24.58,773,"{""ip-172-31-0-204"": ""healthy"", ""ip-172-31-1-171"": ""healthy"", ""ip-172-31-10-12"": ""healthy"", ""ip-172-31-11-132"": ""healthy"", ""ip-172-31-13-134"": ""healthy"", ""ip-172-31-14-68"": ""healthy"", ""ip-172-31-40-239"": ""healthy""}",subscribe,130.6,0.86,0,0,"{""ip-172-31-13-134"": {""object"": 1, ""pose"": 1}, ""ip-172-31-40-239"": {""object"": 1, ""pose"": 1}, ""ip-172-31-1-171"": {""pose"": 1, ""object"": 1}, ""ip-172-31-10-12"": {""pose"": 1, ""object"": 1}, ""ip-172-31-14-68"": {""gesture"": 1, ""object"": 1}, ""ip-172-31-0-204"": {""pose"": 1, ""object"": 1}, ""ip-172-31-11-132"": {""object"": 1, ""gesture"": 1}}","{""b1"": {""services"": [""pose"", ""object""], ""fps"": {""pose"": 23, ""object"": 23}, ""eff_fps"": {""pose"": 23, ""object"": 23}, ""latency_ms"": {""pose"": 0, ""object"": 0}, ""svclat_ms"": {""pose"": 25.0, ""object"": 28.47}}, ""b2"": {""services"": [""pose"", ""object""], ""fps"": {""pose"": 23, ""object"": 30}, ""eff_fps"": {""pose"": 23, ""object"": 30}, ""latency_ms"": {""pose"": 0, ""object"": 0}, ""svclat_ms"": {""pose"": 29.59, ""object"": 21.68}}, ""b3"": {""services"": [""pose"", ""object""], ""fps"": {""pose"": 23, ""object"": 30}, ""eff_fps"": {""pose"": 23, ""object"": 30}, ""latency_ms"": {""pose"": 0, ""object"": 0}, ""svclat_ms"": {""pose"": 34.5, ""object"": 22.12}}, ""b4"": {""services"": [""pose"", ""object""], ""fps"": {""pose"": 23, ""object"": 30}, ""eff_fps"": {""pose"": 23, ""object"": 30}, ""latency_ms"": {""pose"": 0, ""object"": 0}, ""svclat_ms"": {""pose"": 29.26, ""object"": 25.28}}, ""b5"": {""services"": [""pose"", ""object""], ""fps"": {""pose"": 23, ""object"": 30}, ""eff_fps"": {""pose"": 23, ""object"": 30}, ""latency_ms"": {""pose"": 0, ""object"": 0}, ""svclat_ms"": {""pose"": 25.1, ""object"": 23.38}}, ""b6"": {""services"": [""pose"", ""object""], ""fps"": {""pose"": 23, ""object"": 30}, ""eff_fps"": {""pose"": 23, ""object"": 30}, ""latency_ms"": {""pose"": 0, ""object"": 0}, ""svclat_ms"": {""pose"": 25.95, ""object"": 20.78}}, ""b7"": {""services"": [""pose"", ""object""], ""fps"": {""pose"": 23, ""object"": 30}, ""eff_fps"": {""pose"": 23, ""object"": 30}, ""latency_ms"": {""pose"": 0, ""object"": 0}, ""svclat_ms"": {""pose"": 24.7, ""object"": 19.4}}, ""b8"": {""services"": [""pose"", ""object""], ""fps"": {""pose"": 23, ""object"": 30}, ""eff_fps"": {""pose"": 23, ""object"": 30}, ""latency_ms"": {""pose"": 0, ""object"": 0}, ""svclat_ms"": {""pose"": 27.4, ""object"": 21.31}}, ""b9"": {""services"": [""pose"", ""object""], ""fps"": {""pose"": 23, ""object"": 22}, ""eff_fps"": {""pose"": 23, ""object"": 22}, ""latency_ms"": {""pose"": 0, ""object"": 0}, ""svclat_ms"": {""pose"": 31.33, ""object"": 34.1}}, ""b10"": {""services"": [""pose"", ""object""], ""fps"": {""pose"": 24, ""object"": 30}, ""eff_fps"": {""pose"": 24, ""object"": 30}, ""latency_ms"": {""pose"": 0, ""object"": 0}, ""svclat_ms"": {""pose"": 28.29, ""object"": 22.76}}, ""b11"": {""services"": [""pose"", ""object""], ""fps"": {""pose"": 23, ""object"": 30}, ""eff_fps"": {""pose"": 23, ""object"": 30}, ""latency_ms"": {""pose"": 0, ""object"": 0}, ""svclat_ms"": {""pose"": 26.48, ""object"": 27.35}}, ""b12"": {""services"": [""pose"", ""object""], ""fps"": {""pose"": 23, ""object"": 30}, ""eff_fps"": {""pose"": 23, ""object"": 30}, ""latency_ms"": {""pose"": 0, ""object"": 0}, ""svclat_ms"": {""pose"": 31.6, ""object"": 22.89}}, ""b13"": {""services"": [""pose"", ""object""], ""fps"": {""pose"": 23, ""object"": 29}, ""eff_fps"": {""pose"": 23, ""object"": 29}, ""latency_ms"": {""pose"": 0, ""object"": 0}, ""svclat_ms"": {""pose"": 28.26, ""object"": 20.53}}, ""b14"": {""services"": [""pose"", ""object""], ""fps"": {""pose"": 23, ""object"": 30}, ""eff_fps"": {""pose"": 23, ""object"": 30}, ""latency_ms"": {""pose"": 0, ""object"": 0}, ""svclat_ms"": {""pose"": 28.44, ""object"": 27.1}}, ""b15"": {""services"": [""pose"", ""object""], ""fps"": {""pose"": 23, ""object"": 23}, ""eff_fps"": {""pose"": 23, ""object"": 23}, ""latency_ms"": {""pose"": 0, ""object"": 0}, ""svclat_ms"": {""pose"": 26.48, ""object"": 31.48}}}"
232.2,14,14,1.0,0,0,16,14,12,0.857,1026.0,756,0.737,0.0,1.0,0.0,24.0,0,30.0,24.0,0,30.0,0,0,0,27.62,0,23.41,756,"{""ip-172-31-0-204"": ""healthy"", ""ip-172-31-1-171"": ""healthy"", ""ip-172-31-10-12"": ""healthy"", ""ip-172-31-11-132"": ""healthy"", ""ip-172-31-13-134"": ""healthy"", ""ip-172-31-14-68"": ""healthy"", ""ip-172-31-40-239"": ""healthy""}",unsubscribe,125.7,0.9,0,0,"{""ip-172-31-13-134"": {""object"": 1, ""pose"": 1}, ""ip-172-31-40-239"": {""object"": 1, ""pose"": 1}, ""ip-172-31-1-171"": {""pose"": 1, ""object"": 1}, ""ip-172-31-10-12"": {""pose"": 1, ""object"": 1}, ""ip-172-31-14-68"": {""gesture"": 1, ""object"": 1}, ""ip-172-31-0-204"": {""pose"": 1, ""object"": 1}, ""ip-172-31-11-132"": {""object"": 1, ""gesture"": 1}}","{""b2"": {""services"": [""pose"", ""object""], ""fps"": {""pose"": 23, ""object"": 30}, ""eff_fps"": {""pose"": 23, ""object"": 30}, ""latency_ms"": {""pose"": 0, ""object"": 0}, ""svclat_ms"": {""pose"": 26.76, ""object"": 21.78}}, ""b3"": {""services"": [""pose"", ""object""], ""fps"": {""pose"": 23, ""object"": 30}, ""eff_fps"": {""pose"": 23, ""object"": 30}, ""latency_ms"": {""pose"": 0, ""object"": 0}, ""svclat_ms"": {""pose"": 31.6, ""object"": 22.26}}, ""b4"": {""services"": [""pose"", ""object""], ""fps"": {""pose"": 23, ""object"": 30}, ""eff_fps"": {""pose"": 23, ""object"": 30}, ""latency_ms"": {""pose"": 0, ""object"": 0}, ""svclat_ms"": {""pose"": 28.55, ""object"": 25.15}}, ""b5"": {""services"": [""pose"", ""object""], ""fps"": {""pose"": 23, ""object"": 30}, ""eff_fps"": {""pose"": 23, ""object"": 30}, ""latency_ms"": {""pose"": 0, ""object"": 0}, ""svclat_ms"": {""pose"": 26.27, ""object"": 24.1}}, ""b6"": {""services"": [""pose"", ""object""], ""fps"": {""pose"": 30, ""object"": 30}, ""eff_fps"": {""pose"": 30, ""object"": 30}, ""latency_ms"": {""pose"": 0, ""object"": 0}, ""svclat_ms"": {""pose"": 24.71, ""object"": 20.75}}, ""b7"": {""services"": [""pose"", ""object""], ""fps"": {""pose"": 23, ""object"": 30}, ""eff_fps"": {""pose"": 23, ""object"": 30}, ""latency_ms"": {""pose"": 0, ""object"": 0}, ""svclat_ms"": {""pose"": 26.24, ""object"": 19.5}}, ""b8"": {""services"": [""pose"", ""object""], ""fps"": {""pose"": 23, ""object"": 30}, ""eff_fps"": {""pose"": 23, ""object"": 30}, ""latency_ms"": {""pose"": 0, ""object"": 0}, ""svclat_ms"": {""pose"": 26.85, ""object"": 22.5}}, ""b9"": {""services"": [""pose"", ""object""], ""fps"": {""pose"": 23, ""object"": 30}, ""eff_fps"": {""pose"": 23, ""object"": 30}, ""latency_ms"": {""pose"": 0, ""object"": 0}, ""svclat_ms"": {""pose"": 33.31, ""object"": 25.75}}, ""b10"": {""services"": [""pose"", ""object""], ""fps"": {""pose"": 23, ""object"": 30}, ""eff_fps"": {""pose"": 23, ""object"": 30}, ""latency_ms"": {""pose"": 0, ""object"": 0}, ""svclat_ms"": {""pose"": 30.48, ""object"": 22.73}}, ""b11"": {""services"": [""pose"", ""object""], ""fps"": {""pose"": 30, ""object"": 30}, ""eff_fps"": {""pose"": 30, ""object"": 30}, ""latency_ms"": {""pose"": 0, ""object"": 0}, ""svclat_ms"": {""pose"": 25.49, ""object"": 26.9}}, ""b12"": {""services"": [""pose"", ""object""], ""fps"": {""pose"": 23, ""object"": 30}, ""eff_fps"": {""pose"": 23, ""object"": 30}, ""latency_ms"": {""pose"": 0, ""object"": 0}, ""svclat_ms"": {""pose"": 24.64, ""object"": 23.6}}, ""b13"": {""services"": [""pose"", ""object""], ""fps"": {""pose"": 23, ""object"": 30}, ""eff_fps"": {""pose"": 23, ""object"": 30}, ""latency_ms"": {""pose"": 0, ""object"": 0}, ""svclat_ms"": {""pose"": 27.87, ""object"": 20.74}}, ""b14"": {""services"": [""pose"", ""object""], ""fps"": {""pose"": 23, ""object"": 30}, ""eff_fps"": {""pose"": 23, ""object"": 30}, ""latency_ms"": {""pose"": 0, ""object"": 0}, ""svclat_ms"": {""pose"": 25.81, ""object"": 27.14}}, ""b15"": {""services"": [""pose"", ""object""], ""fps"": {""pose"": 23, ""object"": 30}, ""eff_fps"": {""pose"": 23, ""object"": 30}, ""latency_ms"": {""pose"": 0, ""object"": 0}, ""svclat_ms"": {""pose"": 28.12, ""object"": 24.9}}}"
236.1,14,14,1.0,0,0,16,14,12,0.857,1026.0,756,0.737,0.0,1.0,0.0,25.23,0,29.85,25.23,0,29.77,0,0,0,27.67,0,23.67,716,"{""ip-172-31-0-204"": ""healthy"", ""ip-172-31-1-171"": ""healthy"", ""ip-172-31-10-12"": ""healthy"", ""ip-172-31-11-132"": ""healthy"", ""ip-172-31-13-134"": ""healthy"", ""ip-172-31-14-68"": ""healthy"", ""ip-172-31-40-239"": ""healthy""}",unsubscribe,125.7,0.9,0,0,"{""ip-172-31-13-134"": {""object"": 1, ""pose"": 1}, ""ip-172-31-40-239"": {""object"": 1, ""pose"": 1}, ""ip-172-31-1-171"": {""pose"": 1, ""object"": 1}, ""ip-172-31-10-12"": {""pose"": 1, ""object"": 1}, ""ip-172-31-14-68"": {""gesture"": 1, ""object"": 1}, ""ip-172-31-0-204"": {""pose"": 1, ""object"": 1}, ""ip-172-31-11-132"": {""object"": 1, ""gesture"": 1}}","{""b3"": {""services"": [""pose"", ""object""], ""fps"": {""pose"": 23, ""object"": 28}, ""eff_fps"": {""pose"": 23, ""object"": 27}, ""latency_ms"": {""pose"": 0, ""object"": 0}, ""svclat_ms"": {""pose"": 31.85, ""object"": 25.76}}, ""b4"": {""services"": [""pose"", ""object""], ""fps"": {""pose"": 24, ""object"": 30}, ""eff_fps"": {""pose"": 24, ""object"": 30}, ""latency_ms"": {""pose"": 0, ""object"": 0}, ""svclat_ms"": {""pose"": 32.54, ""object"": 25.4}}, ""b5"": {""services"": [""pose"", ""object""], ""fps"": {""pose"": 23, ""object"": 30}, ""eff_fps"": {""pose"": 23, ""object"": 30}, ""latency_ms"": {""pose"": 0, ""object"": 0}, ""svclat_ms"": {""pose"": 24.98, ""object"": 23.31}}, ""b6"": {""services"": [""pose"", ""object""], ""fps"": {""pose"": 30, ""object"": 30}, ""eff_fps"": {""pose"": 30, ""object"": 30}, ""latency_ms"": {""pose"": 0, ""object"": 0}, ""svclat_ms"": {""pose"": 23.8, ""object"": 20.7}}, ""b7"": {""services"": [""pose"", ""object""], ""fps"": {""pose"": 30, ""object"": 30}, ""eff_fps"": {""pose"": 30, ""object"": 30}, ""latency_ms"": {""pose"": 0, ""object"": 0}, ""svclat_ms"": {""pose"": 24.38, ""object"": 19.27}}, ""b8"": {""services"": [""pose"", ""object""], ""fps"": {""pose"": 23, ""object"": 30}, ""eff_fps"": {""pose"": 23, ""object"": 30}, ""latency_ms"": {""pose"": 0, ""object"": 0}, ""svclat_ms"": {""pose"": 29.96, ""object"": 21.27}}, ""b9"": {""services"": [""pose"", ""object""], ""fps"": {""pose"": 23, ""object"": 30}, ""eff_fps"": {""pose"": 23, ""object"": 30}, ""latency_ms"": {""pose"": 0, ""object"": 0}, ""svclat_ms"": {""pose"": 34.12, ""object"": 25.46}}, ""b10"": {""services"": [""pose"", ""object""], ""fps"": {""pose"": 23, ""object"": 30}, ""eff_fps"": {""pose"": 23, ""object"": 30}, ""latency_ms"": {""pose"": 0, ""object"": 0}, ""svclat_ms"": {""pose"": 29.6, ""object"": 22.85}}, ""b11"": {""services"": [""pose"", ""object""], ""fps"": {""pose"": 30, ""object"": 30}, ""eff_fps"": {""pose"": 30, ""object"": 30}, ""latency_ms"": {""pose"": 0, ""object"": 0}, ""svclat_ms"": {""pose"": 24.46, ""object"": 27.4}}, ""b12"": {""services"": [""pose"", ""object""], ""fps"": {""pose"": 30, ""object"": 30}, ""eff_fps"": {""pose"": 30, ""object"": 30}, ""latency_ms"": {""pose"": 0, ""object"": 0}, ""svclat_ms"": {""pose"": 21.77, ""object"": 23.69}}, ""b13"": {""services"": [""pose"", ""object""], ""fps"": {""pose"": 23, ""object"": 30}, ""eff_fps"": {""pose"": 23, ""object"": 30}, ""latency_ms"": {""pose"": 0, ""object"": 0}, ""svclat_ms"": {""pose"": 31.9, ""object"": 20.42}}, ""b14"": {""services"": [""pose"", ""object""], ""fps"": {""pose"": 23, ""object"": 30}, ""eff_fps"": {""pose"": 23, ""object"": 30}, ""latency_ms"": {""pose"": 0, ""object"": 0}, ""svclat_ms"": {""pose"": 24.04, ""object"": 26.92}}, ""b15"": {""services"": [""pose"", ""object""], ""fps"": {""pose"": 23, ""object"": 30}, ""eff_fps"": {""pose"": 23, ""object"": 30}, ""latency_ms"": {""pose"": 0, ""object"": 0}, ""svclat_ms"": {""pose"": 26.25, ""object"": 25.32}}}"
240.0,13,13,1.0,0,0,16,14,12,0.857,1026.0,717,0.699,0.0,1.08,0.0,26.5,0,30.0,26.5,0,30.0,0,0,0,26.62,0,23.23,678,"{""ip-172-31-0-204"": ""healthy"", ""ip-172-31-1-171"": ""healthy"", ""ip-172-31-10-12"": ""healthy"", ""ip-172-31-11-132"": ""healthy"", ""ip-172-31-13-134"": ""healthy"", ""ip-172-31-14-68"": ""healthy"", ""ip-172-31-40-239"": ""healthy""}",unsubscribe,121.4,0.9192,0,0,"{""ip-172-31-13-134"": {""object"": 1, ""pose"": 1}, ""ip-172-31-40-239"": {""object"": 1, ""pose"": 1}, ""ip-172-31-1-171"": {""pose"": 1, ""object"": 1}, ""ip-172-31-10-12"": {""pose"": 1, ""object"": 1}, ""ip-172-31-14-68"": {""gesture"": 1, ""object"": 1}, ""ip-172-31-0-204"": {""pose"": 1, ""object"": 1}, ""ip-172-31-11-132"": {""object"": 1, ""gesture"": 1}}","{""b4"": {""services"": [""pose"", ""object""], ""fps"": {""pose"": 23, ""object"": 30}, ""eff_fps"": {""pose"": 23, ""object"": 30}, ""latency_ms"": {""pose"": 0, ""object"": 0}, ""svclat_ms"": {""pose"": 32.48, ""object"": 24.91}}, ""b5"": {""services"": [""pose"", ""object""], ""fps"": {""pose"": 23, ""object"": 30}, ""eff_fps"": {""pose"": 23, ""object"": 30}, ""latency_ms"": {""pose"": 0, ""object"": 0}, ""svclat_ms"": {""pose"": 24.69, ""object"": 23.18}}, ""b6"": {""services"": [""pose"", ""object""], ""fps"": {""pose"": 30, ""object"": 30}, ""eff_fps"": {""pose"": 30, ""object"": 30}, ""latency_ms"": {""pose"": 0, ""object"": 0}, ""svclat_ms"": {""pose"": 24.65, ""object"": 20.89}}, ""b7"": {""services"": [""pose"", ""object""], ""fps"": {""pose"": 30, ""object"": 30}, ""eff_fps"": {""pose"": 30, ""object"": 30}, ""latency_ms"": {""pose"": 0, ""object"": 0}, ""svclat_ms"": {""pose"": 24.2, ""object"": 19.62}}, ""b8"": {""services"": [""pose"", ""object""], ""fps"": {""pose"": 23, ""object"": 30}, ""eff_fps"": {""pose"": 23, ""object"": 30}, ""latency_ms"": {""pose"": 0, ""object"": 0}, ""svclat_ms"": {""pose"": 32.55, ""object"": 21.4}}, ""b9"": {""services"": [""pose"", ""object""], ""fps"": {""pose"": 30, ""object"": 30}, ""eff_fps"": {""pose"": 30, ""object"": 30}, ""latency_ms"": {""pose"": 0, ""object"": 0}, ""svclat_ms"": {""pose"": 26.71, ""object"": 24.1}}, ""b10"": {""services"": [""pose"", ""object""], ""fps"": {""pose"": 23, ""object"": 30}, ""eff_fps"": {""pose"": 23, ""object"": 30}, ""latency_ms"": {""pose"": 0, ""object"": 0}, ""svclat_ms"": {""pose"": 29.97, ""object"": 22.81}}, ""b11"": {""services"": [""pose"", ""object""], ""fps"": {""pose"": 30, ""object"": 30}, ""eff_fps"": {""pose"": 30, ""object"": 30}, ""latency_ms"": {""pose"": 0, ""object"": 0}, ""svclat_ms"": {""pose"": 25.38, ""object"": 25.65}}, ""b12"": {""services"": [""pose"", ""object""], ""fps"": {""pose"": 30, ""object"": 30}, ""eff_fps"": {""pose"": 30, ""object"": 30}, ""latency_ms"": {""pose"": 0, ""object"": 0}, ""svclat_ms"": {""pose"": 21.71, ""object"": 22.69}}, ""b13"": {""services"": [""pose"", ""object""], ""fps"": {""pose"": 23, ""object"": 30}, ""eff_fps"": {""pose"": 23, ""object"": 30}, ""latency_ms"": {""pose"": 0, ""object"": 0}, ""svclat_ms"": {""pose"": 30.78, ""object"": 20.99}}, ""b14"": {""services"": [""pose"", ""object""], ""fps"": {""pose"": 30, ""object"": 30}, ""eff_fps"": {""pose"": 30, ""object"": 30}, ""latency_ms"": {""pose"": 0, ""object"": 0}, ""svclat_ms"": {""pose"": 21.01, ""object"": 27.16}}, ""b15"": {""services"": [""pose"", ""object""], ""fps"": {""pose"": 23, ""object"": 30}, ""eff_fps"": {""pose"": 23, ""object"": 30}, ""latency_ms"": {""pose"": 0, ""object"": 0}, ""svclat_ms"": {""pose"": 25.36, ""object"": 25.4}}}"
242.5,12,12,1.0,0,0,16,14,12,0.857,1026.0,678,0.661,0.0,1.17,0.0,26.58,0,30.0,26.58,0,30.0,0,0,0,27.98,0,23.02,679,"{""ip-172-31-0-204"": ""healthy"", ""ip-172-31-1-171"": ""healthy"", ""ip-172-31-10-12"": ""healthy"", ""ip-172-31-11-132"": ""healthy"", ""ip-172-31-13-134"": ""healthy"", ""ip-172-31-14-68"": ""healthy"", ""ip-172-31-40-239"": ""healthy""}",unsubscribe,115.0,0.9417,0,0,"{""ip-172-31-13-134"": {""object"": 1, ""pose"": 1}, ""ip-172-31-40-239"": {""object"": 1, ""pose"": 1}, ""ip-172-31-1-171"": {""pose"": 1, ""object"": 1}, ""ip-172-31-10-12"": {""pose"": 1, ""object"": 1}, ""ip-172-31-14-68"": {""gesture"": 1, ""object"": 1}, ""ip-172-31-0-204"": {""pose"": 1, ""object"": 1}, ""ip-172-31-11-132"": {""object"": 1, ""gesture"": 1}}","{""b4"": {""services"": [""pose"", ""object""], ""fps"": {""pose"": 23, ""object"": 30}, ""eff_fps"": {""pose"": 23, ""object"": 30}, ""latency_ms"": {""pose"": 0, ""object"": 0}, ""svclat_ms"": {""pose"": 39.03, ""object"": 24.99}}, ""b5"": {""services"": [""pose"", ""object""], ""fps"": {""pose"": 24, ""object"": 30}, ""eff_fps"": {""pose"": 24, ""object"": 30}, ""latency_ms"": {""pose"": 0, ""object"": 0}, ""svclat_ms"": {""pose"": 24.53, ""object"": 23.49}}, ""b6"": {""services"": [""pose"", ""object""], ""fps"": {""pose"": 30, ""object"": 30}, ""eff_fps"": {""pose"": 30, ""object"": 30}, ""latency_ms"": {""pose"": 0, ""object"": 0}, ""svclat_ms"": {""pose"": 23.94, ""object"": 20.54}}, ""b7"": {""services"": [""pose"", ""object""], ""fps"": {""pose"": 30, ""object"": 30}, ""eff_fps"": {""pose"": 30, ""object"": 30}, ""latency_ms"": {""pose"": 0, ""object"": 0}, ""svclat_ms"": {""pose"": 24.28, ""object"": 18.8}}, ""b8"": {""services"": [""pose"", ""object""], ""fps"": {""pose"": 23, ""object"": 30}, ""eff_fps"": {""pose"": 23, ""object"": 30}, ""latency_ms"": {""pose"": 0, ""object"": 0}, ""svclat_ms"": {""pose"": 37.81, ""object"": 21.08}}, ""b9"": {""services"": [""pose"", ""object""], ""fps"": {""pose"": 30, ""object"": 30}, ""eff_fps"": {""pose"": 30, ""object"": 30}, ""latency_ms"": {""pose"": 0, ""object"": 0}, ""svclat_ms"": {""pose"": 25.46, ""object"": 23.55}}, ""b10"": {""services"": [""pose"", ""object""], ""fps"": {""pose"": 23, ""object"": 30}, ""eff_fps"": {""pose"": 23, ""object"": 30}, ""latency_ms"": {""pose"": 0, ""object"": 0}, ""svclat_ms"": {""pose"": 28.58, ""object"": 22.86}}, ""b11"": {""services"": [""pose"", ""object""], ""fps"": {""pose"": 30, ""object"": 30}, ""eff_fps"": {""pose"": 30, ""object"": 30}, ""latency_ms"": {""pose"": 0, ""object"": 0}, ""svclat_ms"": {""pose"": 24.08, ""object"": 25.47}}, ""b12"": {""services"": [""pose"", ""object""], ""fps"": {""pose"": 30, ""object"": 30}, ""eff_fps"": {""pose"": 30, ""object"": 30}, ""latency_ms"": {""pose"": 0, ""object"": 0}, ""svclat_ms"": {""pose"": 21.78, ""object"": 23.41}}, ""b13"": {""services"": [""pose"", ""object""], ""fps"": {""pose"": 23, ""object"": 30}, ""eff_fps"": {""pose"": 23, ""object"": 30}, ""latency_ms"": {""pose"": 0, ""object"": 0}, ""svclat_ms"": {""pose"": 39.59, ""object"": 20.5}}, ""b14"": {""services"": [""pose"", ""object""], ""fps"": {""pose"": 30, ""object"": 30}, ""eff_fps"": {""pose"": 30, ""object"": 30}, ""latency_ms"": {""pose"": 0, ""object"": 0}, ""svclat_ms"": {""pose"": 20.7, ""object"": 27.06}}, ""b15"": {""services"": [""pose"", ""object""], ""fps"": {""pose"": 23, ""object"": 30}, ""eff_fps"": {""pose"": 23, ""object"": 30}, ""latency_ms"": {""pose"": 0, ""object"": 0}, ""svclat_ms"": {""pose"": 26.01, ""object"": 24.51}}}"
246.3,11,11,1.0,0,0,16,14,12,0.857,1026.0,639,0.623,0.0,1.27,0.0,28.09,0,30.09,28.09,0,30.09,0,0,0,24.42,0,22.97,640,"{""ip-172-31-0-204"": ""healthy"", ""ip-172-31-1-171"": ""healthy"", ""ip-172-31-10-12"": ""healthy"", ""ip-172-31-11-132"": ""healthy"", ""ip-172-31-13-134"": ""healthy"", ""ip-172-31-14-68"": ""healthy"", ""ip-172-31-40-239"": ""healthy""}",unsubscribe,121.3,0.9682,0,0,"{""ip-172-31-13-134"": {""object"": 1, ""pose"": 1}, ""ip-172-31-40-239"": {""object"": 1, ""pose"": 1}, ""ip-172-31-1-171"": {""pose"": 1, ""object"": 1}, ""ip-172-31-10-12"": {""pose"": 1, ""object"": 1}, ""ip-172-31-14-68"": {""gesture"": 1, ""object"": 1}, ""ip-172-31-0-204"": {""pose"": 1, ""object"": 1}, ""ip-172-31-11-132"": {""object"": 1, ""gesture"": 1}}","{""b5"": {""services"": [""pose"", ""object""], ""fps"": {""pose"": 23, ""object"": 31}, ""eff_fps"": {""pose"": 23, ""object"": 31}, ""latency_ms"": {""pose"": 0, ""object"": 0}, ""svclat_ms"": {""pose"": 25.87, ""object"": 24.35}}, ""b6"": {""services"": [""pose"", ""object""], ""fps"": {""pose"": 30, ""object"": 30}, ""eff_fps"": {""pose"": 30, ""object"": 30}, ""latency_ms"": {""pose"": 0, ""object"": 0}, ""svclat_ms"": {""pose"": 23.89, ""object"": 20.5}}, ""b7"": {""services"": [""pose"", ""object""], ""fps"": {""pose"": 30, ""object"": 30}, ""eff_fps"": {""pose"": 30, ""object"": 30}, ""latency_ms"": {""pose"": 0, ""object"": 0}, ""svclat_ms"": {""pose"": 24.39, ""object"": 19.09}}, ""b8"": {""services"": [""pose"", ""object""], ""fps"": {""pose"": 30, ""object"": 30}, ""eff_fps"": {""pose"": 30, ""object"": 30}, ""latency_ms"": {""pose"": 0, ""object"": 0}, ""svclat_ms"": {""pose"": 21.66, ""object"": 21.15}}, ""b9"": {""services"": [""pose"", ""object""], ""fps"": {""pose"": 30, ""object"": 30}, ""eff_fps"": {""pose"": 30, ""object"": 30}, ""latency_ms"": {""pose"": 0, ""object"": 0}, ""svclat_ms"": {""pose"": 23.83, ""object"": 25.4}}, ""b10"": {""services"": [""pose"", ""object""], ""fps"": {""pose"": 23, ""object"": 30}, ""eff_fps"": {""pose"": 23, ""object"": 30}, ""latency_ms"": {""pose"": 0, ""object"": 0}, ""svclat_ms"": {""pose"": 30.82, ""object"": 22.91}}, ""b11"": {""services"": [""pose"", ""object""], ""fps"": {""pose"": 30, ""object"": 30}, ""eff_fps"": {""pose"": 30, ""object"": 30}, ""latency_ms"": {""pose"": 0, ""object"": 0}, ""svclat_ms"": {""pose"": 24.46, ""object"": 23.84}}, ""b12"": {""services"": [""pose"", ""object""], ""fps"": {""pose"": 30, ""object"": 30}, ""eff_fps"": {""pose"": 30, ""object"": 30}, ""latency_ms"": {""pose"": 0, ""object"": 0}, ""svclat_ms"": {""pose"": 22.07, ""object"": 23.36}}, ""b13"": {""services"": [""pose"", ""object""], ""fps"": {""pose"": 30, ""object"": 30}, ""eff_fps"": {""pose"": 30, ""object"": 30}, ""latency_ms"": {""pose"": 0, ""object"": 0}, ""svclat_ms"": {""pose"": 22.47, ""object"": 20.25}}, ""b14"": {""services"": [""pose"", ""object""], ""fps"": {""pose"": 30, ""object"": 30}, ""eff_fps"": {""pose"": 30, ""object"": 30}, ""latency_ms"": {""pose"": 0, ""object"": 0}, ""svclat_ms"": {""pose"": 21.55, ""object"": 26.7}}, ""b15"": {""services"": [""pose"", ""object""], ""fps"": {""pose"": 23, ""object"": 30}, ""eff_fps"": {""pose"": 23, ""object"": 30}, ""latency_ms"": {""pose"": 0, ""object"": 0}, ""svclat_ms"": {""pose"": 27.59, ""object"": 25.12}}}"
250.0,11,11,1.0,0,0,16,14,12,0.857,1026.0,639,0.623,0.0,1.27,0.0,30.0,0,30.0,30.0,0,30.0,0,0,0,22.72,0,22.91,600,"{""ip-172-31-0-204"": ""healthy"", ""ip-172-31-1-171"": ""healthy"", ""ip-172-31-10-12"": ""healthy"", ""ip-172-31-11-132"": ""healthy"", ""ip-172-31-13-134"": ""healthy"", ""ip-172-31-14-68"": ""healthy"", ""ip-172-31-40-239"": ""healthy""}",unsubscribe,121.3,0.9682,0,0,"{""ip-172-31-13-134"": {""object"": 1, ""pose"": 1}, ""ip-172-31-40-239"": {""object"": 1, ""pose"": 1}, ""ip-172-31-1-171"": {""pose"": 1, ""object"": 1}, ""ip-172-31-10-12"": {""pose"": 1, ""object"": 1}, ""ip-172-31-14-68"": {""gesture"": 1, ""object"": 1}, ""ip-172-31-0-204"": {""pose"": 1, ""object"": 1}, ""ip-172-31-11-132"": {""object"": 1, ""gesture"": 1}}","{""b6"": {""services"": [""pose"", ""object""], ""fps"": {""pose"": 30, ""object"": 30}, ""eff_fps"": {""pose"": 30, ""object"": 30}, ""latency_ms"": {""pose"": 0, ""object"": 0}, ""svclat_ms"": {""pose"": 24.92, ""object"": 21.29}}, ""b7"": {""services"": [""pose"", ""object""], ""fps"": {""pose"": 30, ""object"": 30}, ""eff_fps"": {""pose"": 30, ""object"": 30}, ""latency_ms"": {""pose"": 0, ""object"": 0}, ""svclat_ms"": {""pose"": 24.11, ""object"": 18.96}}, ""b8"": {""services"": [""pose"", ""object""], ""fps"": {""pose"": 30, ""object"": 30}, ""eff_fps"": {""pose"": 30, ""object"": 30}, ""latency_ms"": {""pose"": 0, ""object"": 0}, ""svclat_ms"": {""pose"": 22.37, ""object"": 21.67}}, ""b9"": {""services"": [""pose"", ""object""], ""fps"": {""pose"": 30, ""object"": 30}, ""eff_fps"": {""pose"": 30, ""object"": 30}, ""latency_ms"": {""pose"": 0, ""object"": 0}, ""svclat_ms"": {""pose"": 23.05, ""object"": 25.15}}, ""b10"": {""services"": [""pose"", ""object""], ""fps"": {""pose"": 30, ""object"": 30}, ""eff_fps"": {""pose"": 30, ""object"": 30}, ""latency_ms"": {""pose"": 0, ""object"": 0}, ""svclat_ms"": {""pose"": 19.65, ""object"": 22.5}}, ""b11"": {""services"": [""pose"", ""object""], ""fps"": {""pose"": 30, ""object"": 30}, ""eff_fps"": {""pose"": 30, ""object"": 30}, ""latency_ms"": {""pose"": 0, ""object"": 0}, ""svclat_ms"": {""pose"": 26.34, ""object"": 23.82}}, ""b12"": {""services"": [""pose"", ""object""], ""fps"": {""pose"": 30, ""object"": 30}, ""eff_fps"": {""pose"": 30, ""object"": 30}, ""latency_ms"": {""pose"": 0, ""object"": 0}, ""svclat_ms"": {""pose"": 21.79, ""object"": 22.34}}, ""b13"": {""services"": [""pose"", ""object""], ""fps"": {""pose"": 30, ""object"": 30}, ""eff_fps"": {""pose"": 30, ""object"": 30}, ""latency_ms"": {""pose"": 0, ""object"": 0}, ""svclat_ms"": {""pose"": 22.63, ""object"": 20.27}}, ""b14"": {""services"": [""pose"", ""object""], ""fps"": {""pose"": 30, ""object"": 30}, ""eff_fps"": {""pose"": 30, ""object"": 30}, ""latency_ms"": {""pose"": 0, ""object"": 0}, ""svclat_ms"": {""pose"": 21.25, ""object"": 27.4}}, ""b15"": {""services"": [""pose"", ""object""], ""fps"": {""pose"": 30, ""object"": 30}, ""eff_fps"": {""pose"": 30, ""object"": 30}, ""latency_ms"": {""pose"": 0, ""object"": 0}, ""svclat_ms"": {""pose"": 21.05, ""object"": 25.72}}}"
252.5,10,10,1.0,0,0,16,14,12,0.857,1026.0,600,0.585,0.0,1.4,0.0,30.0,0,30.0,30.0,0,30.0,0,0,0,22.25,0,22.82,600,"{""ip-172-31-0-204"": ""healthy"", ""ip-172-31-1-171"": ""healthy"", ""ip-172-31-10-12"": ""healthy"", ""ip-172-31-11-132"": ""healthy"", ""ip-172-31-13-134"": ""healthy"", ""ip-172-31-14-68"": ""healthy"", ""ip-172-31-40-239"": ""healthy""}",unsubscribe,118.3,1.0,0,0,"{""ip-172-31-13-134"": {""object"": 1, ""pose"": 1}, ""ip-172-31-40-239"": {""object"": 1, ""pose"": 1}, ""ip-172-31-1-171"": {""pose"": 1, ""object"": 1}, ""ip-172-31-10-12"": {""pose"": 1, ""object"": 1}, ""ip-172-31-14-68"": {""gesture"": 1, ""object"": 1}, ""ip-172-31-0-204"": {""pose"": 1, ""object"": 1}, ""ip-172-31-11-132"": {""object"": 1, ""gesture"": 1}}","{""b6"": {""services"": [""pose"", ""object""], ""fps"": {""pose"": 30, ""object"": 30}, ""eff_fps"": {""pose"": 30, ""object"": 30}, ""latency_ms"": {""pose"": 0, ""object"": 0}, ""svclat_ms"": {""pose"": 23.96, ""object"": 20.93}}, ""b7"": {""services"": [""pose"", ""object""], ""fps"": {""pose"": 30, ""object"": 30}, ""eff_fps"": {""pose"": 30, ""object"": 30}, ""latency_ms"": {""pose"": 0, ""object"": 0}, ""svclat_ms"": {""pose"": 23.91, ""object"": 19.33}}, ""b8"": {""services"": [""pose"", ""object""], ""fps"": {""pose"": 30, ""object"": 30}, ""eff_fps"": {""pose"": 30, ""object"": 30}, ""latency_ms"": {""pose"": 0, ""object"": 0}, ""svclat_ms"": {""pose"": 21.88, ""object"": 21.33}}, ""b9"": {""services"": [""pose"", ""object""], ""fps"": {""pose"": 30, ""object"": 30}, ""eff_fps"": {""pose"": 30, ""object"": 30}, ""latency_ms"": {""pose"": 0, ""object"": 0}, ""svclat_ms"": {""pose"": 23.54, ""object"": 24.9}}, ""b10"": {""services"": [""pose"", ""object""], ""fps"": {""pose"": 30, ""object"": 30}, ""eff_fps"": {""pose"": 30, ""object"": 30}, ""latency_ms"": {""pose"": 0, ""object"": 0}, ""svclat_ms"": {""pose"": 19.33, ""object"": 23.21}}, ""b11"": {""services"": [""pose"", ""object""], ""fps"": {""pose"": 30, ""object"": 30}, ""eff_fps"": {""pose"": 30, ""object"": 30}, ""latency_ms"": {""pose"": 0, ""object"": 0}, ""svclat_ms"": {""pose"": 23.83, ""object"": 24.21}}, ""b12"": {""services"": [""pose"", ""object""], ""fps"": {""pose"": 30, ""object"": 30}, ""eff_fps"": {""pose"": 30, ""object"": 30}, ""latency_ms"": {""pose"": 0, ""object"": 0}, ""svclat_ms"": {""pose"": 21.66, ""object"": 22.19}}, ""b13"": {""services"": [""pose"", ""object""], ""fps"": {""pose"": 30, ""object"": 30}, ""eff_fps"": {""pose"": 30, ""object"": 30}, ""latency_ms"": {""pose"": 0, ""object"": 0}, ""svclat_ms"": {""pose"": 23.05, ""object"": 20.54}}, ""b14"": {""services"": [""pose"", ""object""], ""fps"": {""pose"": 30, ""object"": 30}, ""eff_fps"": {""pose"": 30, ""object"": 30}, ""latency_ms"": {""pose"": 0, ""object"": 0}, ""svclat_ms"": {""pose"": 21.1, ""object"": 27.14}}, ""b15"": {""services"": [""pose"", ""object""], ""fps"": {""pose"": 30, ""object"": 30}, ""eff_fps"": {""pose"": 30, ""object"": 30}, ""latency_ms"": {""pose"": 0, ""object"": 0}, ""svclat_ms"": {""pose"": 20.27, ""object"": 24.47}}}"
256.2,9,9,1.0,0,0,16,14,12,0.857,1026.0,540,0.526,0.0,1.56,0.0,30.0,0,30.0,30.0,0,30.0,0,0,0,21.93,0,21.59,540,"{""ip-172-31-0-204"": ""healthy"", ""ip-172-31-1-171"": ""healthy"", ""ip-172-31-10-12"": ""healthy"", ""ip-172-31-11-132"": ""healthy"", ""ip-172-31-13-134"": ""healthy"", ""ip-172-31-14-68"": ""healthy"", ""ip-172-31-40-239"": ""healthy""}",unsubscribe,100.4,1.0,0,0,"{""ip-172-31-13-134"": {""object"": 1, ""pose"": 1}, ""ip-172-31-40-239"": {""object"": 1, ""pose"": 1}, ""ip-172-31-1-171"": {""pose"": 1, ""object"": 1}, ""ip-172-31-10-12"": {""pose"": 1, ""object"": 1}, ""ip-172-31-14-68"": {""gesture"": 1, ""object"": 1}, ""ip-172-31-0-204"": {""pose"": 1, ""object"": 1}, ""ip-172-31-11-132"": {""object"": 1, ""gesture"": 1}}","{""b7"": {""services"": [""pose"", ""object""], ""fps"": {""pose"": 30, ""object"": 30}, ""eff_fps"": {""pose"": 30, ""object"": 30}, ""latency_ms"": {""pose"": 0, ""object"": 0}, ""svclat_ms"": {""pose"": 24.01, ""object"": 18.96}}, ""b8"": {""services"": [""pose"", ""object""], ""fps"": {""pose"": 30, ""object"": 30}, ""eff_fps"": {""pose"": 30, ""object"": 30}, ""latency_ms"": {""pose"": 0, ""object"": 0}, ""svclat_ms"": {""pose"": 21.85, ""object"": 21.37}}, ""b9"": {""services"": [""pose"", ""object""], ""fps"": {""pose"": 30, ""object"": 30}, ""eff_fps"": {""pose"": 30, ""object"": 30}, ""latency_ms"": {""pose"": 0, ""object"": 0}, ""svclat_ms"": {""pose"": 23.35, ""object"": 23.13}}, ""b10"": {""services"": [""pose"", ""object""], ""fps"": {""pose"": 30, ""object"": 30}, ""eff_fps"": {""pose"": 30, ""object"": 30}, ""latency_ms"": {""pose"": 0, ""object"": 0}, ""svclat_ms"": {""pose"": 20.23, ""object"": 22.92}}, ""b11"": {""services"": [""pose"", ""object""], ""fps"": {""pose"": 30, ""object"": 30}, ""eff_fps"": {""pose"": 30, ""object"": 30}, ""latency_ms"": {""pose"": 0, ""object"": 0}, ""svclat_ms"": {""pose"": 21.25, ""object"": 24.04}}, ""b12"": {""services"": [""pose"", ""object""], ""fps"": {""pose"": 30, ""object"": 30}, ""eff_fps"": {""pose"": 30, ""object"": 30}, ""latency_ms"": {""pose"": 0, ""object"": 0}, ""svclat_ms"": {""pose"": 21.62, ""object"": 20.92}}, ""b13"": {""services"": [""pose"", ""object""], ""fps"": {""pose"": 30, ""object"": 30}, ""eff_fps"": {""pose"": 30, ""object"": 30}, ""latency_ms"": {""pose"": 0, ""object"": 0}, ""svclat_ms"": {""pose"": 22.92, ""object"": 20.36}}, ""b14"": {""services"": [""pose"", ""object""], ""fps"": {""pose"": 30, ""object"": 30}, ""eff_fps"": {""pose"": 30, ""object"": 30}, ""latency_ms"": {""pose"": 0, ""object"": 0}, ""svclat_ms"": {""pose"": 21.23, ""object"": 20.07}}, ""b15"": {""services"": [""pose"", ""object""], ""fps"": {""pose"": 30, ""object"": 30}, ""eff_fps"": {""pose"": 30, ""object"": 30}, ""latency_ms"": {""pose"": 0, ""object"": 0}, ""svclat_ms"": {""pose"": 20.9, ""object"": 22.51}}}"
258.7,9,9,1.0,0,0,16,14,12,0.857,1026.0,540,0.526,0.0,1.56,0.0,30.0,0,29.89,30.0,0,29.89,0,0,0,21.77,0,21.61,539,"{""ip-172-31-0-204"": ""healthy"", ""ip-172-31-1-171"": ""healthy"", ""ip-172-31-10-12"": ""healthy"", ""ip-172-31-11-132"": ""healthy"", ""ip-172-31-13-134"": ""healthy"", ""ip-172-31-14-68"": ""healthy"", ""ip-172-31-40-239"": ""healthy""}",unsubscribe,100.4,1.0,0,0,"{""ip-172-31-13-134"": {""object"": 1, ""pose"": 1}, ""ip-172-31-40-239"": {""object"": 1, ""pose"": 1}, ""ip-172-31-1-171"": {""pose"": 1, ""object"": 1}, ""ip-172-31-10-12"": {""pose"": 1, ""object"": 1}, ""ip-172-31-14-68"": {""gesture"": 1, ""object"": 1}, ""ip-172-31-0-204"": {""pose"": 1, ""object"": 1}, ""ip-172-31-11-132"": {""object"": 1, ""gesture"": 1}}","{""b7"": {""services"": [""pose"", ""object""], ""fps"": {""pose"": 30, ""object"": 30}, ""eff_fps"": {""pose"": 30, ""object"": 30}, ""latency_ms"": {""pose"": 0, ""object"": 0}, ""svclat_ms"": {""pose"": 23.53, ""object"": 19.14}}, ""b8"": {""services"": [""pose"", ""object""], ""fps"": {""pose"": 30, ""object"": 30}, ""eff_fps"": {""pose"": 30, ""object"": 30}, ""latency_ms"": {""pose"": 0, ""object"": 0}, ""svclat_ms"": {""pose"": 21.89, ""object"": 20.98}}, ""b9"": {""services"": [""pose"", ""object""], ""fps"": {""pose"": 30, ""object"": 30}, ""eff_fps"": {""pose"": 30, ""object"": 30}, ""latency_ms"": {""pose"": 0, ""object"": 0}, ""svclat_ms"": {""pose"": 23.18, ""object"": 23.38}}, ""b10"": {""services"": [""pose"", ""object""], ""fps"": {""pose"": 30, ""object"": 30}, ""eff_fps"": {""pose"": 30, ""object"": 30}, ""latency_ms"": {""pose"": 0, ""object"": 0}, ""svclat_ms"": {""pose"": 20.1, ""object"": 22.75}}, ""b11"": {""services"": [""pose"", ""object""], ""fps"": {""pose"": 30, ""object"": 30}, ""eff_fps"": {""pose"": 30, ""object"": 30}, ""latency_ms"": {""pose"": 0, ""object"": 0}, ""svclat_ms"": {""pose"": 20.83, ""object"": 23.83}}, ""b12"": {""services"": [""pose"", ""object""], ""fps"": {""pose"": 30, ""object"": 29}, ""eff_fps"": {""pose"": 30, ""object"": 29}, ""latency_ms"": {""pose"": 0, ""object"": 0}, ""svclat_ms"": {""pose"": 21.72, ""object"": 21.7}}, ""b13"": {""services"": [""pose"", ""object""], ""fps"": {""pose"": 30, ""object"": 30}, ""eff_fps"": {""pose"": 30, ""object"": 30}, ""latency_ms"": {""pose"": 0, ""object"": 0}, ""svclat_ms"": {""pose"": 22.53, ""object"": 20.56}}, ""b14"": {""services"": [""pose"", ""object""], ""fps"": {""pose"": 30, ""object"": 30}, ""eff_fps"": {""pose"": 30, ""object"": 30}, ""latency_ms"": {""pose"": 0, ""object"": 0}, ""svclat_ms"": {""pose"": 21.19, ""object"": 20.02}}, ""b15"": {""services"": [""pose"", ""object""], ""fps"": {""pose"": 30, ""object"": 30}, ""eff_fps"": {""pose"": 30, ""object"": 30}, ""latency_ms"": {""pose"": 0, ""object"": 0}, ""svclat_ms"": {""pose"": 21.0, ""object"": 22.17}}}"
261.1,9,9,1.0,0,0,16,14,12,0.857,1026.0,540,0.526,0.0,1.56,0.0,30.0,0,30.0,30.0,0,30.0,0,0,0,21.95,0,21.92,540,"{""ip-172-31-0-204"": ""healthy"", ""ip-172-31-1-171"": ""healthy"", ""ip-172-31-10-12"": ""healthy"", ""ip-172-31-11-132"": ""healthy"", ""ip-172-31-13-134"": ""healthy"", ""ip-172-31-14-68"": ""healthy"", ""ip-172-31-40-239"": ""healthy""}",unsubscribe,100.4,1.0,0,0,"{""ip-172-31-13-134"": {""object"": 1, ""pose"": 1}, ""ip-172-31-40-239"": {""object"": 1, ""pose"": 1}, ""ip-172-31-1-171"": {""pose"": 1, ""object"": 1}, ""ip-172-31-10-12"": {""pose"": 1, ""object"": 1}, ""ip-172-31-14-68"": {""gesture"": 1, ""object"": 1}, ""ip-172-31-0-204"": {""pose"": 1, ""object"": 1}, ""ip-172-31-11-132"": {""object"": 1, ""gesture"": 1}}","{""b7"": {""services"": [""pose"", ""object""], ""fps"": {""pose"": 30, ""object"": 30}, ""eff_fps"": {""pose"": 30, ""object"": 30}, ""latency_ms"": {""pose"": 0, ""object"": 0}, ""svclat_ms"": {""pose"": 24.33, ""object"": 19.33}}, ""b8"": {""services"": [""pose"", ""object""], ""fps"": {""pose"": 30, ""object"": 30}, ""eff_fps"": {""pose"": 30, ""object"": 30}, ""latency_ms"": {""pose"": 0, ""object"": 0}, ""svclat_ms"": {""pose"": 22.04, ""object"": 22.18}}, ""b9"": {""services"": [""pose"", ""object""], ""fps"": {""pose"": 30, ""object"": 30}, ""eff_fps"": {""pose"": 30, ""object"": 30}, ""latency_ms"": {""pose"": 0, ""object"": 0}, ""svclat_ms"": {""pose"": 23.21, ""object"": 23.17}}, ""b10"": {""services"": [""pose"", ""object""], ""fps"": {""pose"": 30, ""object"": 30}, ""eff_fps"": {""pose"": 30, ""object"": 30}, ""latency_ms"": {""pose"": 0, ""object"": 0}, ""svclat_ms"": {""pose"": 19.83, ""object"": 22.85}}, ""b11"": {""services"": [""pose"", ""object""], ""fps"": {""pose"": 30, ""object"": 30}, ""eff_fps"": {""pose"": 30, ""object"": 30}, ""latency_ms"": {""pose"": 0, ""object"": 0}, ""svclat_ms"": {""pose"": 21.43, ""object"": 23.94}}, ""b12"": {""services"": [""pose"", ""object""], ""fps"": {""pose"": 30, ""object"": 30}, ""eff_fps"": {""pose"": 30, ""object"": 30}, ""latency_ms"": {""pose"": 0, ""object"": 0}, ""svclat_ms"": {""pose"": 21.94, ""object"": 22.89}}, ""b13"": {""services"": [""pose"", ""object""], ""fps"": {""pose"": 30, ""object"": 30}, ""eff_fps"": {""pose"": 30, ""object"": 30}, ""latency_ms"": {""pose"": 0, ""object"": 0}, ""svclat_ms"": {""pose"": 22.66, ""object"": 20.52}}, ""b14"": {""services"": [""pose"", ""object""], ""fps"": {""pose"": 30, ""object"": 30}, ""eff_fps"": {""pose"": 30, ""object"": 30}, ""latency_ms"": {""pose"": 0, ""object"": 0}, ""svclat_ms"": {""pose"": 20.96, ""object"": 20.14}}, ""b15"": {""services"": [""pose"", ""object""], ""fps"": {""pose"": 30, ""object"": 30}, ""eff_fps"": {""pose"": 30, ""object"": 30}, ""latency_ms"": {""pose"": 0, ""object"": 0}, ""svclat_ms"": {""pose"": 21.12, ""object"": 22.22}}}"
263.5,9,9,1.0,0,0,16,14,12,0.857,1026.0,540,0.526,0.0,1.56,0.0,30.0,0,30.0,30.0,0,30.0,0,0,0,21.8,0,21.77,540,"{""ip-172-31-0-204"": ""healthy"", ""ip-172-31-1-171"": ""healthy"", ""ip-172-31-10-12"": ""healthy"", ""ip-172-31-11-132"": ""healthy"", ""ip-172-31-13-134"": ""healthy"", ""ip-172-31-14-68"": ""healthy"", ""ip-172-31-40-239"": ""healthy""}",unsubscribe,100.4,1.0,0,0,"{""ip-172-31-13-134"": {""object"": 1, ""pose"": 1}, ""ip-172-31-40-239"": {""object"": 1, ""pose"": 1}, ""ip-172-31-1-171"": {""pose"": 1, ""object"": 1}, ""ip-172-31-10-12"": {""pose"": 1, ""object"": 1}, ""ip-172-31-14-68"": {""gesture"": 1, ""object"": 1}, ""ip-172-31-0-204"": {""pose"": 1, ""object"": 1}, ""ip-172-31-11-132"": {""object"": 1, ""gesture"": 1}}","{""b7"": {""services"": [""pose"", ""object""], ""fps"": {""pose"": 30, ""object"": 30}, ""eff_fps"": {""pose"": 30, ""object"": 30}, ""latency_ms"": {""pose"": 0, ""object"": 0}, ""svclat_ms"": {""pose"": 23.64, ""object"": 19.29}}, ""b8"": {""services"": [""pose"", ""object""], ""fps"": {""pose"": 30, ""object"": 30}, ""eff_fps"": {""pose"": 30, ""object"": 30}, ""latency_ms"": {""pose"": 0, ""object"": 0}, ""svclat_ms"": {""pose"": 21.92, ""object"": 20.9}}, ""b9"": {""services"": [""pose"", ""object""], ""fps"": {""pose"": 30, ""object"": 30}, ""eff_fps"": {""pose"": 30, ""object"": 30}, ""latency_ms"": {""pose"": 0, ""object"": 0}, ""svclat_ms"": {""pose"": 23.21, ""object"": 23.13}}, ""b10"": {""services"": [""pose"", ""object""], ""fps"": {""pose"": 30, ""object"": 30}, ""eff_fps"": {""pose"": 30, ""object"": 30}, ""latency_ms"": {""pose"": 0, ""object"": 0}, ""svclat_ms"": {""pose"": 19.58, ""object"": 22.95}}, ""b11"": {""services"": [""pose"", ""object""], ""fps"": {""pose"": 30, ""object"": 30}, ""eff_fps"": {""pose"": 30, ""object"": 30}, ""latency_ms"": {""pose"": 0, ""object"": 0}, ""svclat_ms"": {""pose"": 21.57, ""object"": 24.34}}, ""b12"": {""services"": [""pose"", ""object""], ""fps"": {""pose"": 30, ""object"": 31}, ""eff_fps"": {""pose"": 30, ""object"": 31}, ""latency_ms"": {""pose"": 0, ""object"": 0}, ""svclat_ms"": {""pose"": 22.0, ""object"": 22.04}}, ""b13"": {""services"": [""pose"", ""object""], ""fps"": {""pose"": 30, ""object"": 30}, ""eff_fps"": {""pose"": 30, ""object"": 30}, ""latency_ms"": {""pose"": 0, ""object"": 0}, ""svclat_ms"": {""pose"": 22.99, ""object"": 20.66}}, ""b14"": {""services"": [""pose"", ""object""], ""fps"": {""pose"": 30, ""object"": 29}, ""eff_fps"": {""pose"": 30, ""object"": 29}, ""latency_ms"": {""pose"": 0, ""object"": 0}, ""svclat_ms"": {""pose"": 20.74, ""object"": 19.95}}, ""b15"": {""services"": [""pose"", ""object""], ""fps"": {""pose"": 30, ""object"": 30}, ""eff_fps"": {""pose"": 30, ""object"": 30}, ""latency_ms"": {""pose"": 0, ""object"": 0}, ""svclat_ms"": {""pose"": 20.54, ""object"": 22.68}}}"
266.0,9,9,1.0,0,0,16,14,12,0.857,1026.0,540,0.526,0.0,1.56,0.0,30.0,0,30.11,30.0,0,30.11,0,0,0,22.0,0,21.75,541,"{""ip-172-31-0-204"": ""healthy"", ""ip-172-31-1-171"": ""healthy"", ""ip-172-31-10-12"": ""healthy"", ""ip-172-31-11-132"": ""healthy"", ""ip-172-31-13-134"": ""healthy"", ""ip-172-31-14-68"": ""healthy"", ""ip-172-31-40-239"": ""healthy""}",unsubscribe,100.4,1.0,0,0,"{""ip-172-31-13-134"": {""object"": 1, ""pose"": 1}, ""ip-172-31-40-239"": {""object"": 1, ""pose"": 1}, ""ip-172-31-1-171"": {""pose"": 1, ""object"": 1}, ""ip-172-31-10-12"": {""pose"": 1, ""object"": 1}, ""ip-172-31-14-68"": {""gesture"": 1, ""object"": 1}, ""ip-172-31-0-204"": {""pose"": 1, ""object"": 1}, ""ip-172-31-11-132"": {""object"": 1, ""gesture"": 1}}","{""b7"": {""services"": [""pose"", ""object""], ""fps"": {""pose"": 30, ""object"": 30}, ""eff_fps"": {""pose"": 30, ""object"": 30}, ""latency_ms"": {""pose"": 0, ""object"": 0}, ""svclat_ms"": {""pose"": 24.18, ""object"": 19.31}}, ""b8"": {""services"": [""pose"", ""object""], ""fps"": {""pose"": 30, ""object"": 30}, ""eff_fps"": {""pose"": 30, ""object"": 30}, ""latency_ms"": {""pose"": 0, ""object"": 0}, ""svclat_ms"": {""pose"": 22.22, ""object"": 21.57}}, ""b9"": {""services"": [""pose"", ""object""], ""fps"": {""pose"": 30, ""object"": 30}, ""eff_fps"": {""pose"": 30, ""object"": 30}, ""latency_ms"": {""pose"": 0, ""object"": 0}, ""svclat_ms"": {""pose"": 23.35, ""object"": 23.18}}, ""b10"": {""services"": [""pose"", ""object""], ""fps"": {""pose"": 30, ""object"": 30}, ""eff_fps"": {""pose"": 30, ""object"": 30}, ""latency_ms"": {""pose"": 0, ""object"": 0}, ""svclat_ms"": {""pose"": 19.76, ""object"": 23.11}}, ""b11"": {""services"": [""pose"", ""object""], ""fps"": {""pose"": 30, ""object"": 30}, ""eff_fps"": {""pose"": 30, ""object"": 30}, ""latency_ms"": {""pose"": 0, ""object"": 0}, ""svclat_ms"": {""pose"": 21.34, ""object"": 24.78}}, ""b12"": {""services"": [""pose"", ""object""], ""fps"": {""pose"": 30, ""object"": 30}, ""eff_fps"": {""pose"": 30, ""object"": 30}, ""latency_ms"": {""pose"": 0, ""object"": 0}, ""svclat_ms"": {""pose"": 21.76, ""object"": 20.88}}, ""b13"": {""services"": [""pose"", ""object""], ""fps"": {""pose"": 30, ""object"": 30}, ""eff_fps"": {""pose"": 30, ""object"": 30}, ""latency_ms"": {""pose"": 0, ""object"": 0}, ""svclat_ms"": {""pose"": 23.41, ""object"": 20.72}}, ""b14"": {""services"": [""pose"", ""object""], ""fps"": {""pose"": 30, ""object"": 31}, ""eff_fps"": {""pose"": 30, ""object"": 31}, ""latency_ms"": {""pose"": 0, ""object"": 0}, ""svclat_ms"": {""pose"": 20.95, ""object"": 19.94}}, ""b15"": {""services"": [""pose"", ""object""], ""fps"": {""pose"": 30, ""object"": 30}, ""eff_fps"": {""pose"": 30, ""object"": 30}, ""latency_ms"": {""pose"": 0, ""object"": 0}, ""svclat_ms"": {""pose"": 20.99, ""object"": 22.23}}}"
269.7,9,9,1.0,0,0,16,14,12,0.857,1026.0,540,0.526,0.0,1.56,0.0,30.0,0,29.88,30.0,0,29.88,0,0,0,21.44,0,21.73,479,"{""ip-172-31-0-204"": ""healthy"", ""ip-172-31-1-171"": ""healthy"", ""ip-172-31-10-12"": ""healthy"", ""ip-172-31-11-132"": ""healthy"", ""ip-172-31-13-134"": ""healthy"", ""ip-172-31-14-68"": ""healthy"", ""ip-172-31-40-239"": ""healthy""}",unsubscribe,100.4,1.0,0,0,"{""ip-172-31-13-134"": {""object"": 1, ""pose"": 1}, ""ip-172-31-40-239"": {""object"": 1, ""pose"": 1}, ""ip-172-31-1-171"": {""pose"": 1, ""object"": 1}, ""ip-172-31-10-12"": {""pose"": 1, ""object"": 1}, ""ip-172-31-14-68"": {""gesture"": 1, ""object"": 1}, ""ip-172-31-0-204"": {""pose"": 1, ""object"": 1}, ""ip-172-31-11-132"": {""object"": 1, ""gesture"": 1}}","{""b8"": {""services"": [""pose"", ""object""], ""fps"": {""pose"": 30, ""object"": 30}, ""eff_fps"": {""pose"": 30, ""object"": 30}, ""latency_ms"": {""pose"": 0, ""object"": 0}, ""svclat_ms"": {""pose"": 22.09, ""object"": 20.48}}, ""b9"": {""services"": [""pose"", ""object""], ""fps"": {""pose"": 30, ""object"": 30}, ""eff_fps"": {""pose"": 30, ""object"": 30}, ""latency_ms"": {""pose"": 0, ""object"": 0}, ""svclat_ms"": {""pose"": 23.27, ""object"": 23.23}}, ""b10"": {""services"": [""pose"", ""object""], ""fps"": {""pose"": 30, ""object"": 30}, ""eff_fps"": {""pose"": 30, ""object"": 30}, ""latency_ms"": {""pose"": 0, ""object"": 0}, ""svclat_ms"": {""pose"": 19.63, ""object"": 22.5}}, ""b11"": {""services"": [""pose"", ""object""], ""fps"": {""pose"": 30, ""object"": 30}, ""eff_fps"": {""pose"": 30, ""object"": 30}, ""latency_ms"": {""pose"": 0, ""object"": 0}, ""svclat_ms"": {""pose"": 20.93, ""object"": 24.12}}, ""b12"": {""services"": [""pose"", ""object""], ""fps"": {""pose"": 30, ""object"": 29}, ""eff_fps"": {""pose"": 30, ""object"": 29}, ""latency_ms"": {""pose"": 0, ""object"": 0}, ""svclat_ms"": {""pose"": 20.32, ""object"": 22.33}}, ""b13"": {""services"": [""pose"", ""object""], ""fps"": {""pose"": 30, ""object"": 30}, ""eff_fps"": {""pose"": 30, ""object"": 30}, ""latency_ms"": {""pose"": 0, ""object"": 0}, ""svclat_ms"": {""pose"": 23.3, ""object"": 18.83}}, ""b14"": {""services"": [""pose"", ""object""], ""fps"": {""pose"": 30, ""object"": 30}, ""eff_fps"": {""pose"": 30, ""object"": 30}, ""latency_ms"": {""pose"": 0, ""object"": 0}, ""svclat_ms"": {""pose"": 21.32, ""object"": 19.89}}, ""b15"": {""services"": [""pose"", ""object""], ""fps"": {""pose"": 30, ""object"": 30}, ""eff_fps"": {""pose"": 30, ""object"": 30}, ""latency_ms"": {""pose"": 0, ""object"": 0}, ""svclat_ms"": {""pose"": 20.67, ""object"": 22.43}}}"
272.1,8,8,1.0,0,0,16,14,12,0.857,1026.0,480,0.468,0.0,1.75,0.0,30.0,0,29.88,30.0,0,29.88,0,0,0,21.48,0,21.82,479,"{""ip-172-31-0-204"": ""healthy"", ""ip-172-31-1-171"": ""healthy"", ""ip-172-31-10-12"": ""healthy"", ""ip-172-31-11-132"": ""healthy"", ""ip-172-31-13-134"": ""healthy"", ""ip-172-31-14-68"": ""healthy"", ""ip-172-31-40-239"": ""healthy""}",unsubscribe,95.7,1.0,0,0,"{""ip-172-31-13-134"": {""object"": 1, ""pose"": 1}, ""ip-172-31-40-239"": {""object"": 1, ""pose"": 1}, ""ip-172-31-1-171"": {""pose"": 1, ""object"": 1}, ""ip-172-31-10-12"": {""pose"": 1, ""object"": 1}, ""ip-172-31-14-68"": {""gesture"": 1, ""object"": 1}, ""ip-172-31-0-204"": {""pose"": 1, ""object"": 1}, ""ip-172-31-11-132"": {""object"": 1, ""gesture"": 1}}","{""b8"": {""services"": [""pose"", ""object""], ""fps"": {""pose"": 30, ""object"": 30}, ""eff_fps"": {""pose"": 30, ""object"": 30}, ""latency_ms"": {""pose"": 0, ""object"": 0}, ""svclat_ms"": {""pose"": 22.0, ""object"": 20.56}}, ""b9"": {""services"": [""pose"", ""object""], ""fps"": {""pose"": 30, ""object"": 30}, ""eff_fps"": {""pose"": 30, ""object"": 30}, ""latency_ms"": {""pose"": 0, ""object"": 0}, ""svclat_ms"": {""pose"": 23.09, ""object"": 23.38}}, ""b10"": {""services"": [""pose"", ""object""], ""fps"": {""pose"": 30, ""object"": 30}, ""eff_fps"": {""pose"": 30, ""object"": 30}, ""latency_ms"": {""pose"": 0, ""object"": 0}, ""svclat_ms"": {""pose"": 20.15, ""object"": 23.27}}, ""b11"": {""services"": [""pose"", ""object""], ""fps"": {""pose"": 30, ""object"": 30}, ""eff_fps"": {""pose"": 30, ""object"": 30}, ""latency_ms"": {""pose"": 0, ""object"": 0}, ""svclat_ms"": {""pose"": 20.2, ""object"": 24.45}}, ""b12"": {""services"": [""pose"", ""object""], ""fps"": {""pose"": 30, ""object"": 29}, ""eff_fps"": {""pose"": 30, ""object"": 29}, ""latency_ms"": {""pose"": 0, ""object"": 0}, ""svclat_ms"": {""pose"": 20.59, ""object"": 22.15}}, ""b13"": {""services"": [""pose"", ""object""], ""fps"": {""pose"": 30, ""object"": 30}, ""eff_fps"": {""pose"": 30, ""object"": 30}, ""latency_ms"": {""pose"": 0, ""object"": 0}, ""svclat_ms"": {""pose"": 23.61, ""object"": 18.68}}, ""b14"": {""services"": [""pose"", ""object""], ""fps"": {""pose"": 30, ""object"": 30}, ""eff_fps"": {""pose"": 30, ""object"": 30}, ""latency_ms"": {""pose"": 0, ""object"": 0}, ""svclat_ms"": {""pose"": 21.44, ""object"": 19.77}}, ""b15"": {""services"": [""pose"", ""object""], ""fps"": {""pose"": 30, ""object"": 30}, ""eff_fps"": {""pose"": 30, ""object"": 30}, ""latency_ms"": {""pose"": 0, ""object"": 0}, ""svclat_ms"": {""pose"": 20.74, ""object"": 22.31}}}"
274.5,7,8,1.143,0,0,16,14,12,0.857,1026.0,480,0.468,0.0,2.0,0.0,29.83,0,29.83,29.83,0,29.83,0,0,0,20.49,0,20.84,358,"{""ip-172-31-0-204"": ""healthy"", ""ip-172-31-1-171"": ""healthy"", ""ip-172-31-10-12"": ""healthy"", ""ip-172-31-11-132"": ""healthy"", ""ip-172-31-13-134"": ""healthy"", ""ip-172-31-14-68"": ""healthy"", ""ip-172-31-40-239"": ""healthy""}",unsubscribe,95.7,1.0,0,0,"{""ip-172-31-13-134"": {""object"": 1, ""pose"": 1}, ""ip-172-31-40-239"": {""object"": 1, ""pose"": 1}, ""ip-172-31-1-171"": {""pose"": 1, ""object"": 1}, ""ip-172-31-10-12"": {""pose"": 1, ""object"": 1}, ""ip-172-31-14-68"": {""gesture"": 1, ""object"": 1}, ""ip-172-31-0-204"": {""pose"": 1, ""object"": 1}, ""ip-172-31-11-132"": {""object"": 1, ""gesture"": 1}}","{""b10"": {""services"": [""pose"", ""object""], ""fps"": {""pose"": 30, ""object"": 30}, ""eff_fps"": {""pose"": 30, ""object"": 30}, ""latency_ms"": {""pose"": 0, ""object"": 0}, ""svclat_ms"": {""pose"": 20.11, ""object"": 22.16}}, ""b11"": {""services"": [""pose"", ""object""], ""fps"": {""pose"": 30, ""object"": 30}, ""eff_fps"": {""pose"": 30, ""object"": 30}, ""latency_ms"": {""pose"": 0, ""object"": 0}, ""svclat_ms"": {""pose"": 20.6, ""object"": 22.81}}, ""b12"": {""services"": [""pose"", ""object""], ""fps"": {""pose"": 30, ""object"": 30}, ""eff_fps"": {""pose"": 30, ""object"": 30}, ""latency_ms"": {""pose"": 0, ""object"": 0}, ""svclat_ms"": {""pose"": 19.93, ""object"": 20.72}}, ""b13"": {""services"": [""pose"", ""object""], ""fps"": {""pose"": 30, ""object"": 30}, ""eff_fps"": {""pose"": 30, ""object"": 30}, ""latency_ms"": {""pose"": 0, ""object"": 0}, ""svclat_ms"": {""pose"": 20.83, ""object"": 18.95}}, ""b14"": {""services"": [""pose"", ""object""], ""fps"": {""pose"": 29, ""object"": 30}, ""eff_fps"": {""pose"": 29, ""object"": 30}, ""latency_ms"": {""pose"": 0, ""object"": 0}, ""svclat_ms"": {""pose"": 20.47, ""object"": 19.84}}, ""b15"": {""services"": [""pose"", ""object""], ""fps"": {""pose"": 30, ""object"": 29}, ""eff_fps"": {""pose"": 30, ""object"": 29}, ""latency_ms"": {""pose"": 0, ""object"": 0}, ""svclat_ms"": {""pose"": 20.99, ""object"": 20.53}}}"
278.2,6,7,1.167,0,0,16,14,12,0.857,1026.0,420,0.409,0.0,2.33,0.0,30.0,0,30.2,30.0,0,30.2,0,0,0,20.4,0,20.61,301,"{""ip-172-31-0-204"": ""healthy"", ""ip-172-31-1-171"": ""healthy"", ""ip-172-31-10-12"": ""healthy"", ""ip-172-31-11-132"": ""healthy"", ""ip-172-31-13-134"": ""healthy"", ""ip-172-31-14-68"": ""healthy"", ""ip-172-31-40-239"": ""healthy""}",unsubscribe,92.0,1.0,0,0,"{""ip-172-31-13-134"": {""object"": 1, ""pose"": 1}, ""ip-172-31-40-239"": {""object"": 1, ""pose"": 1}, ""ip-172-31-1-171"": {""pose"": 1, ""object"": 1}, ""ip-172-31-10-12"": {""pose"": 1, ""object"": 1}, ""ip-172-31-14-68"": {""gesture"": 1, ""object"": 1}, ""ip-172-31-0-204"": {""pose"": 1, ""object"": 1}, ""ip-172-31-11-132"": {""object"": 1, ""gesture"": 1}}","{""b11"": {""services"": [""pose"", ""object""], ""fps"": {""pose"": 30, ""object"": 30}, ""eff_fps"": {""pose"": 30, ""object"": 30}, ""latency_ms"": {""pose"": 0, ""object"": 0}, ""svclat_ms"": {""pose"": 21.23, ""object"": 22.89}}, ""b12"": {""services"": [""pose"", ""object""], ""fps"": {""pose"": 30, ""object"": 30}, ""eff_fps"": {""pose"": 30, ""object"": 30}, ""latency_ms"": {""pose"": 0, ""object"": 0}, ""svclat_ms"": {""pose"": 19.76, ""object"": 20.28}}, ""b13"": {""services"": [""pose"", ""object""], ""fps"": {""pose"": 30, ""object"": 30}, ""eff_fps"": {""pose"": 30, ""object"": 30}, ""latency_ms"": {""pose"": 0, ""object"": 0}, ""svclat_ms"": {""pose"": 21.11, ""object"": 18.84}}, ""b14"": {""services"": [""pose"", ""object""], ""fps"": {""pose"": 30, ""object"": 30}, ""eff_fps"": {""pose"": 30, ""object"": 30}, ""latency_ms"": {""pose"": 0, ""object"": 0}, ""svclat_ms"": {""pose"": 19.85, ""object"": 20.05}}, ""b15"": {""services"": [""pose"", ""object""], ""fps"": {""pose"": 30, ""object"": 31}, ""eff_fps"": {""pose"": 30, ""object"": 31}, ""latency_ms"": {""pose"": 0, ""object"": 0}, ""svclat_ms"": {""pose"": 20.03, ""object"": 20.98}}}"
283.4,5,6,1.2,0,0,16,14,11,0.786,1026.0,360,0.351,0.0,2.8,0.0,30.0,0,30.0,30.0,0,30.0,0,0,0,20.31,0,20.98,300,"{""ip-172-31-0-204"": ""healthy"", ""ip-172-31-1-171"": ""healthy"", ""ip-172-31-10-12"": ""healthy"", ""ip-172-31-11-132"": ""healthy"", ""ip-172-31-13-134"": ""healthy"", ""ip-172-31-14-68"": ""healthy"", ""ip-172-31-40-239"": ""healthy""}",unsubscribe,86.1,1.0,0,0,"{""ip-172-31-13-134"": {""object"": 1, ""pose"": 1}, ""ip-172-31-40-239"": {""object"": 1, ""pose"": 1}, ""ip-172-31-1-171"": {""pose"": 1, ""object"": 1}, ""ip-172-31-10-12"": {""pose"": 1, ""object"": 1}, ""ip-172-31-14-68"": {""gesture"": 1, ""object"": 1}, ""ip-172-31-0-204"": {""pose"": 1, ""object"": 1}, ""ip-172-31-11-132"": {""object"": 1, ""gesture"": 1}}","{""b11"": {""services"": [""pose"", ""object""], ""fps"": {""pose"": 30, ""object"": 30}, ""eff_fps"": {""pose"": 30, ""object"": 30}, ""latency_ms"": {""pose"": 0, ""object"": 0}, ""svclat_ms"": {""pose"": 20.31, ""object"": 22.91}}, ""b12"": {""services"": [""pose"", ""object""], ""fps"": {""pose"": 30, ""object"": 30}, ""eff_fps"": {""pose"": 30, ""object"": 30}, ""latency_ms"": {""pose"": 0, ""object"": 0}, ""svclat_ms"": {""pose"": 20.0, ""object"": 22.67}}, ""b13"": {""services"": [""pose"", ""object""], ""fps"": {""pose"": 30, ""object"": 30}, ""eff_fps"": {""pose"": 30, ""object"": 30}, ""latency_ms"": {""pose"": 0, ""object"": 0}, ""svclat_ms"": {""pose"": 20.96, ""object"": 18.77}}, ""b14"": {""services"": [""pose"", ""object""], ""fps"": {""pose"": 30, ""object"": 30}, ""eff_fps"": {""pose"": 30, ""object"": 30}, ""latency_ms"": {""pose"": 0, ""object"": 0}, ""svclat_ms"": {""pose"": 19.87, ""object"": 20.17}}, ""b15"": {""services"": [""pose"", ""object""], ""fps"": {""pose"": 30, ""object"": 30}, ""eff_fps"": {""pose"": 30, ""object"": 30}, ""latency_ms"": {""pose"": 0, ""object"": 0}, ""svclat_ms"": {""pose"": 20.41, ""object"": 20.36}}}"
285.8,5,5,1.0,0,0,16,14,10,0.714,1026.0,300,0.292,0.0,2.8,0.0,30.0,0,29.8,30.0,0,29.8,0,0,0,20.38,0,20.49,299,"{""ip-172-31-0-204"": ""healthy"", ""ip-172-31-1-171"": ""healthy"", ""ip-172-31-10-12"": ""healthy"", ""ip-172-31-11-132"": ""healthy"", ""ip-172-31-13-134"": ""healthy"", ""ip-172-31-14-68"": ""healthy"", ""ip-172-31-40-239"": ""healthy""}",unsubscribe,83.6,1.0,0,0,"{""ip-172-31-13-134"": {""object"": 1, ""pose"": 1}, ""ip-172-31-40-239"": {""object"": 1, ""pose"": 1}, ""ip-172-31-1-171"": {""pose"": 1, ""object"": 1}, ""ip-172-31-10-12"": {""pose"": 1, ""object"": 1}, ""ip-172-31-14-68"": {""gesture"": 1, ""object"": 1}, ""ip-172-31-0-204"": {""pose"": 1, ""object"": 1}, ""ip-172-31-11-132"": {""object"": 1, ""gesture"": 1}}","{""b11"": {""services"": [""pose"", ""object""], ""fps"": {""pose"": 30, ""object"": 30}, ""eff_fps"": {""pose"": 30, ""object"": 30}, ""latency_ms"": {""pose"": 0, ""object"": 0}, ""svclat_ms"": {""pose"": 19.79, ""object"": 23.36}}, ""b12"": {""services"": [""pose"", ""object""], ""fps"": {""pose"": 30, ""object"": 30}, ""eff_fps"": {""pose"": 30, ""object"": 30}, ""latency_ms"": {""pose"": 0, ""object"": 0}, ""svclat_ms"": {""pose"": 20.23, ""object"": 20.27}}, ""b13"": {""services"": [""pose"", ""object""], ""fps"": {""pose"": 30, ""object"": 30}, ""eff_fps"": {""pose"": 30, ""object"": 30}, ""latency_ms"": {""pose"": 0, ""object"": 0}, ""svclat_ms"": {""pose"": 21.78, ""object"": 18.64}}, ""b14"": {""services"": [""pose"", ""object""], ""fps"": {""pose"": 30, ""object"": 30}, ""eff_fps"": {""pose"": 30, ""object"": 30}, ""latency_ms"": {""pose"": 0, ""object"": 0}, ""svclat_ms"": {""pose"": 19.85, ""object"": 19.97}}, ""b15"": {""services"": [""pose"", ""object""], ""fps"": {""pose"": 30, ""object"": 29}, ""eff_fps"": {""pose"": 30, ""object"": 29}, ""latency_ms"": {""pose"": 0, ""object"": 0}, ""svclat_ms"": {""pose"": 20.25, ""object"": 20.21}}}"
288.2,5,5,1.0,0,0,16,14,10,0.714,1026.0,300,0.292,0.0,2.8,0.0,30.0,0,30.0,30.0,0,30.0,0,0,0,20.07,0,20.41,300,"{""ip-172-31-0-204"": ""healthy"", ""ip-172-31-1-171"": ""healthy"", ""ip-172-31-10-12"": ""healthy"", ""ip-172-31-11-132"": ""healthy"", ""ip-172-31-13-134"": ""healthy"", ""ip-172-31-14-68"": ""healthy"", ""ip-172-31-40-239"": ""healthy""}",unsubscribe,83.6,1.0,0,0,"{""ip-172-31-13-134"": {""object"": 1, ""pose"": 1}, ""ip-172-31-40-239"": {""object"": 1, ""pose"": 1}, ""ip-172-31-1-171"": {""pose"": 1, ""object"": 1}, ""ip-172-31-10-12"": {""pose"": 1, ""object"": 1}, ""ip-172-31-14-68"": {""gesture"": 1, ""object"": 1}, ""ip-172-31-0-204"": {""pose"": 1, ""object"": 1}, ""ip-172-31-11-132"": {""object"": 1, ""gesture"": 1}}","{""b11"": {""services"": [""pose"", ""object""], ""fps"": {""pose"": 30, ""object"": 30}, ""eff_fps"": {""pose"": 30, ""object"": 30}, ""latency_ms"": {""pose"": 0, ""object"": 0}, ""svclat_ms"": {""pose"": 20.19, ""object"": 22.65}}, ""b12"": {""services"": [""pose"", ""object""], ""fps"": {""pose"": 30, ""object"": 30}, ""eff_fps"": {""pose"": 30, ""object"": 30}, ""latency_ms"": {""pose"": 0, ""object"": 0}, ""svclat_ms"": {""pose"": 19.76, ""object"": 20.32}}, ""b13"": {""services"": [""pose"", ""object""], ""fps"": {""pose"": 30, ""object"": 30}, ""eff_fps"": {""pose"": 30, ""object"": 30}, ""latency_ms"": {""pose"": 0, ""object"": 0}, ""svclat_ms"": {""pose"": 20.77, ""object"": 18.67}}, ""b14"": {""services"": [""pose"", ""object""], ""fps"": {""pose"": 30, ""object"": 30}, ""eff_fps"": {""pose"": 30, ""object"": 30}, ""latency_ms"": {""pose"": 0, ""object"": 0}, ""svclat_ms"": {""pose"": 19.84, ""object"": 20.1}}, ""b15"": {""services"": [""pose"", ""object""], ""fps"": {""pose"": 30, ""object"": 30}, ""eff_fps"": {""pose"": 30, ""object"": 30}, ""latency_ms"": {""pose"": 0, ""object"": 0}, ""svclat_ms"": {""pose"": 19.79, ""object"": 20.33}}}"
292.2,5,5,1.0,0,0,16,14,10,0.714,1026.0,300,0.292,0.0,2.8,0.0,30.0,0,30.0,30.0,0,30.0,0,0,0,20.08,0,19.91,240,"{""ip-172-31-0-204"": ""healthy"", ""ip-172-31-1-171"": ""healthy"", ""ip-172-31-10-12"": ""healthy"", ""ip-172-31-11-132"": ""healthy"", ""ip-172-31-13-134"": ""healthy"", ""ip-172-31-14-68"": ""healthy"", ""ip-172-31-40-239"": ""healthy""}",unsubscribe,83.6,1.0,0,0,"{""ip-172-31-13-134"": {""object"": 1, ""pose"": 1}, ""ip-172-31-40-239"": {""object"": 1, ""pose"": 1}, ""ip-172-31-1-171"": {""pose"": 1, ""object"": 1}, ""ip-172-31-10-12"": {""pose"": 1, ""object"": 1}, ""ip-172-31-14-68"": {""gesture"": 1, ""object"": 1}, ""ip-172-31-0-204"": {""pose"": 1, ""object"": 1}, ""ip-172-31-11-132"": {""object"": 1, ""gesture"": 1}}","{""b12"": {""services"": [""pose"", ""object""], ""fps"": {""pose"": 30, ""object"": 30}, ""eff_fps"": {""pose"": 30, ""object"": 30}, ""latency_ms"": {""pose"": 0, ""object"": 0}, ""svclat_ms"": {""pose"": 20.1, ""object"": 21.5}}, ""b13"": {""services"": [""pose"", ""object""], ""fps"": {""pose"": 30, ""object"": 30}, ""eff_fps"": {""pose"": 30, ""object"": 30}, ""latency_ms"": {""pose"": 0, ""object"": 0}, ""svclat_ms"": {""pose"": 20.42, ""object"": 18.64}}, ""b14"": {""services"": [""pose"", ""object""], ""fps"": {""pose"": 30, ""object"": 30}, ""eff_fps"": {""pose"": 30, ""object"": 30}, ""latency_ms"": {""pose"": 0, ""object"": 0}, ""svclat_ms"": {""pose"": 19.88, ""object"": 19.93}}, ""b15"": {""services"": [""pose"", ""object""], ""fps"": {""pose"": 30, ""object"": 30}, ""eff_fps"": {""pose"": 30, ""object"": 30}, ""latency_ms"": {""pose"": 0, ""object"": 0}, ""svclat_ms"": {""pose"": 19.92, ""object"": 19.56}}}"
294.6,4,4,1.0,0,0,16,14,8,0.571,1026.0,240,0.234,0.0,3.5,0.0,30.0,0,30.0,30.0,0,30.0,0,0,0,20.39,0,19.73,240,"{""ip-172-31-0-204"": ""healthy"", ""ip-172-31-1-171"": ""healthy"", ""ip-172-31-10-12"": ""healthy"", ""ip-172-31-11-132"": ""healthy"", ""ip-172-31-13-134"": ""healthy"", ""ip-172-31-14-68"": ""healthy"", ""ip-172-31-40-239"": ""healthy""}",unsubscribe,75.6,1.0,0,0,"{""ip-172-31-13-134"": {""object"": 1, ""pose"": 1}, ""ip-172-31-40-239"": {""object"": 1, ""pose"": 1}, ""ip-172-31-1-171"": {""pose"": 1, ""object"": 1}, ""ip-172-31-10-12"": {""pose"": 1, ""object"": 1}, ""ip-172-31-14-68"": {""gesture"": 1, ""object"": 1}, ""ip-172-31-0-204"": {""pose"": 1, ""object"": 1}, ""ip-172-31-11-132"": {""object"": 1, ""gesture"": 1}}","{""b12"": {""services"": [""pose"", ""object""], ""fps"": {""pose"": 30, ""object"": 30}, ""eff_fps"": {""pose"": 30, ""object"": 30}, ""latency_ms"": {""pose"": 0, ""object"": 0}, ""svclat_ms"": {""pose"": 19.94, ""object"": 20.26}}, ""b13"": {""services"": [""pose"", ""object""], ""fps"": {""pose"": 30, ""object"": 30}, ""eff_fps"": {""pose"": 30, ""object"": 30}, ""latency_ms"": {""pose"": 0, ""object"": 0}, ""svclat_ms"": {""pose"": 20.69, ""object"": 18.84}}, ""b14"": {""services"": [""pose"", ""object""], ""fps"": {""pose"": 30, ""object"": 30}, ""eff_fps"": {""pose"": 30, ""object"": 30}, ""latency_ms"": {""pose"": 0, ""object"": 0}, ""svclat_ms"": {""pose"": 19.88, ""object"": 20.08}}, ""b15"": {""services"": [""pose"", ""object""], ""fps"": {""pose"": 30, ""object"": 30}, ""eff_fps"": {""pose"": 30, ""object"": 30}, ""latency_ms"": {""pose"": 0, ""object"": 0}, ""svclat_ms"": {""pose"": 21.04, ""object"": 19.76}}}"
297.1,4,4,1.0,0,0,16,14,8,0.571,1026.0,240,0.234,0.0,3.5,0.0,30.0,0,30.0,30.0,0,30.0,0,0,0,20.17,0,19.75,240,"{""ip-172-31-0-204"": ""healthy"", ""ip-172-31-1-171"": ""healthy"", ""ip-172-31-10-12"": ""healthy"", ""ip-172-31-11-132"": ""healthy"", ""ip-172-31-13-134"": ""healthy"", ""ip-172-31-14-68"": ""healthy"", ""ip-172-31-40-239"": ""healthy""}",unsubscribe,75.6,1.0,0,0,"{""ip-172-31-13-134"": {""object"": 1, ""pose"": 1}, ""ip-172-31-40-239"": {""object"": 1, ""pose"": 1}, ""ip-172-31-1-171"": {""pose"": 1, ""object"": 1}, ""ip-172-31-10-12"": {""pose"": 1, ""object"": 1}, ""ip-172-31-14-68"": {""gesture"": 1, ""object"": 1}, ""ip-172-31-0-204"": {""pose"": 1, ""object"": 1}, ""ip-172-31-11-132"": {""object"": 1, ""gesture"": 1}}","{""b12"": {""services"": [""pose"", ""object""], ""fps"": {""pose"": 30, ""object"": 30}, ""eff_fps"": {""pose"": 30, ""object"": 30}, ""latency_ms"": {""pose"": 0, ""object"": 0}, ""svclat_ms"": {""pose"": 19.88, ""object"": 20.35}}, ""b13"": {""services"": [""pose"", ""object""], ""fps"": {""pose"": 30, ""object"": 30}, ""eff_fps"": {""pose"": 30, ""object"": 30}, ""latency_ms"": {""pose"": 0, ""object"": 0}, ""svclat_ms"": {""pose"": 20.78, ""object"": 18.56}}, ""b14"": {""services"": [""pose"", ""object""], ""fps"": {""pose"": 30, ""object"": 30}, ""eff_fps"": {""pose"": 30, ""object"": 30}, ""latency_ms"": {""pose"": 0, ""object"": 0}, ""svclat_ms"": {""pose"": 19.88, ""object"": 20.33}}, ""b15"": {""services"": [""pose"", ""object""], ""fps"": {""pose"": 30, ""object"": 30}, ""eff_fps"": {""pose"": 30, ""object"": 30}, ""latency_ms"": {""pose"": 0, ""object"": 0}, ""svclat_ms"": {""pose"": 20.14, ""object"": 19.75}}}"
301.4,3,4,1.333,0,0,16,14,8,0.571,1026.0,240,0.234,0.0,4.67,0.0,0,0,0,0,0,0,0,0,0,0,0,0,0,"{""ip-172-31-0-204"": ""healthy"", ""ip-172-31-1-171"": ""healthy"", ""ip-172-31-10-12"": ""healthy"", ""ip-172-31-11-132"": ""healthy"", ""ip-172-31-13-134"": ""healthy"", ""ip-172-31-14-68"": ""healthy"", ""ip-172-31-40-239"": ""healthy""}",unsubscribe,75.6,1.0,0,0,"{""ip-172-31-13-134"": {""object"": 1, ""pose"": 1}, ""ip-172-31-40-239"": {""object"": 1, ""pose"": 1}, ""ip-172-31-1-171"": {""pose"": 1, ""object"": 1}, ""ip-172-31-10-12"": {""pose"": 1, ""object"": 1}, ""ip-172-31-14-68"": {""gesture"": 1, ""object"": 1}, ""ip-172-31-0-204"": {""pose"": 1, ""object"": 1}, ""ip-172-31-11-132"": {""object"": 1, ""gesture"": 1}}","{""e1"": {""services"": [""gesture"", ""object""], ""fps"": {""gesture"": 0, ""object"": 0}, ""eff_fps"": {""gesture"": 0, ""object"": 0}, ""latency_ms"": {""gesture"": 0, ""object"": 0}, ""svclat_ms"": {""gesture"": 0.0, ""object"": 0.0}}}"
305.5,1,3,3.0,0,0,16,14,6,0.429,1026.0,180,0.175,0.0,14.0,0.0,0,0,0,0,0,0,0,0,0,0,0,0,0,"{""ip-172-31-0-204"": ""healthy"", ""ip-172-31-1-171"": ""healthy"", ""ip-172-31-10-12"": ""healthy"", ""ip-172-31-11-132"": ""healthy"", ""ip-172-31-13-134"": ""healthy"", ""ip-172-31-14-68"": ""healthy"", ""ip-172-31-40-239"": ""healthy""}",unsubscribe,71.1,1.0,0,0,"{""ip-172-31-13-134"": {""object"": 1, ""pose"": 1}, ""ip-172-31-40-239"": {""object"": 1, ""pose"": 1}, ""ip-172-31-1-171"": {""pose"": 1, ""object"": 1}, ""ip-172-31-10-12"": {""pose"": 1, ""object"": 1}, ""ip-172-31-14-68"": {""gesture"": 1, ""object"": 1}, ""ip-172-31-0-204"": {""pose"": 1, ""object"": 1}, ""ip-172-31-11-132"": {""object"": 1, ""gesture"": 1}}","{""e1"": {""services"": [""gesture"", ""object""], ""fps"": {""gesture"": 0, ""object"": 0}, ""eff_fps"": {""gesture"": 0, ""object"": 0}, ""latency_ms"": {""gesture"": 0, ""object"": 0}, ""svclat_ms"": {""gesture"": 0.0, ""object"": 0.0}}, ""e2"": {""services"": [""gesture"", ""object""], ""fps"": {""gesture"": 0, ""object"": 0}, ""eff_fps"": {""gesture"": 0, ""object"": 0}, ""latency_ms"": {""gesture"": 0, ""object"": 0}, ""svclat_ms"": {""gesture"": 0.0, ""object"": 0.0}}}"
309.7,1,1,1.0,0,0,16,14,2,0.143,1026.0,60,0.058,0.0,14.0,0.0,0,0,0,0,0,0,0,0,0,0,0,0,0,"{""ip-172-31-0-204"": ""healthy"", ""ip-172-31-1-171"": ""healthy"", ""ip-172-31-10-12"": ""healthy"", ""ip-172-31-11-132"": ""healthy"", ""ip-172-31-13-134"": ""healthy"", ""ip-172-31-14-68"": ""healthy"", ""ip-172-31-40-239"": ""healthy""}",unsubscribe,62.5,1.0,0,0,"{""ip-172-31-13-134"": {""object"": 1, ""pose"": 1}, ""ip-172-31-40-239"": {""object"": 1, ""pose"": 1}, ""ip-172-31-1-171"": {""pose"": 1, ""object"": 1}, ""ip-172-31-10-12"": {""pose"": 1, ""object"": 1}, ""ip-172-31-14-68"": {""gesture"": 1, ""object"": 1}, ""ip-172-31-0-204"": {""pose"": 1, ""object"": 1}, ""ip-172-31-11-132"": {""object"": 1, ""gesture"": 1}}","{""e1"": {""services"": [""gesture"", ""object""], ""fps"": {""gesture"": 0, ""object"": 0}, ""eff_fps"": {""gesture"": 0, ""object"": 0}, ""latency_ms"": {""gesture"": 0, ""object"": 0}, ""svclat_ms"": {""gesture"": 0.0, ""object"": 0.0}}, ""e2"": {""services"": [""gesture"", ""object""], ""fps"": {""gesture"": 0, ""object"": 0}, ""eff_fps"": {""gesture"": 0, ""object"": 0}, ""latency_ms"": {""gesture"": 0, ""object"": 0}, ""svclat_ms"": {""gesture"": 0.0, ""object"": 0.0}}}"
314.2,1,1,1.0,0,0,16,14,2,0.143,1026.0,60.0,0.058,0.0,14.0,0.0,0,30.0,30.0,0,30.0,30.0,0,0,0,0,14.35,19.25,60,"{""ip-172-31-0-204"": ""healthy"", ""ip-172-31-1-171"": ""healthy"", ""ip-172-31-10-12"": ""healthy"", ""ip-172-31-11-132"": ""healthy"", ""ip-172-31-13-134"": ""healthy"", ""ip-172-31-14-68"": ""healthy"", ""ip-172-31-40-239"": ""healthy""}",subscribe,59.3,1.0,0,0,"{""ip-172-31-13-134"": {""object"": 1, ""pose"": 1}, ""ip-172-31-40-239"": {""object"": 1, ""pose"": 1}, ""ip-172-31-1-171"": {""pose"": 1, ""object"": 1}, ""ip-172-31-10-12"": {""pose"": 1, ""object"": 1}, ""ip-172-31-14-68"": {""gesture"": 1, ""object"": 1}, ""ip-172-31-0-204"": {""pose"": 1, ""object"": 1}, ""ip-172-31-11-132"": {""object"": 1, ""gesture"": 1}}","{""e1"": {""services"": [""gesture"", ""object""], ""fps"": {""gesture"": 30, ""object"": 30}, ""eff_fps"": {""gesture"": 30, ""object"": 30}, ""latency_ms"": {""gesture"": 0, ""object"": 0}, ""svclat_ms"": {""gesture"": 14.35, ""object"": 19.25}}, ""e2"": {""services"": [""gesture"", ""object""], ""fps"": {""gesture"": 0, ""object"": 0}, ""eff_fps"": {""gesture"": 0, ""object"": 0}, ""latency_ms"": {""gesture"": 0, ""object"": 0}, ""svclat_ms"": {""gesture"": 0.0, ""object"": 0.0}}, ""e3"": {""services"": [""gesture"", ""object""], ""fps"": {""gesture"": 0, ""object"": 0}, ""eff_fps"": {""gesture"": 0, ""object"": 0}, ""latency_ms"": {""gesture"": 0, ""object"": 0}, ""svclat_ms"": {""gesture"": 0.0, ""object"": 0.0}}}"
319.1,3,2,0.667,0,0,16,14,4,0.286,1026.0,120.0,0.117,0.0,7.0,0.0,0,30.0,30.0,0,30.0,30.0,0,0,0,0,14.68,19.87,180,"{""ip-172-31-0-204"": ""healthy"", ""ip-172-31-1-171"": ""healthy"", ""ip-172-31-10-12"": ""healthy"", ""ip-172-31-11-132"": ""healthy"", ""ip-172-31-13-134"": ""healthy"", ""ip-172-31-14-68"": ""healthy"", ""ip-172-31-40-239"": ""healthy""}",subscribe,65.0,1.0,0,0,"{""ip-172-31-13-134"": {""object"": 1, ""pose"": 1}, ""ip-172-31-40-239"": {""object"": 1, ""pose"": 1}, ""ip-172-31-1-171"": {""pose"": 1, ""object"": 1}, ""ip-172-31-10-12"": {""pose"": 1, ""object"": 1}, ""ip-172-31-14-68"": {""gesture"": 1, ""object"": 1}, ""ip-172-31-0-204"": {""pose"": 1, ""object"": 1}, ""ip-172-31-11-132"": {""object"": 1, ""gesture"": 1}}","{""e1"": {""services"": [""gesture"", ""object""], ""fps"": {""gesture"": 30, ""object"": 30}, ""eff_fps"": {""gesture"": 30, ""object"": 30}, ""latency_ms"": {""gesture"": 0, ""object"": 0}, ""svclat_ms"": {""gesture"": 14.52, ""object"": 18.94}}, ""e2"": {""services"": [""gesture"", ""object""], ""fps"": {""gesture"": 30, ""object"": 30}, ""eff_fps"": {""gesture"": 30, ""object"": 30}, ""latency_ms"": {""gesture"": 0, ""object"": 0}, ""svclat_ms"": {""gesture"": 14.99, ""object"": 20.7}}, ""e3"": {""services"": [""gesture"", ""object""], ""fps"": {""gesture"": 30, ""object"": 30}, ""eff_fps"": {""gesture"": 30, ""object"": 30}, ""latency_ms"": {""gesture"": 0, ""object"": 0}, ""svclat_ms"": {""gesture"": 14.52, ""object"": 19.97}}, ""e4"": {""services"": [""gesture"", ""object""], ""fps"": {""gesture"": 0, ""object"": 0}, ""eff_fps"": {""gesture"": 0, ""object"": 0}, ""latency_ms"": {""gesture"": 0, ""object"": 0}, ""svclat_ms"": {""gesture"": 0.0, ""object"": 0.0}}}"
322.6,4,4,1.0,0,0,16,14,6,0.429,1026.0,240.0,0.234,0.0,3.5,0.0,0,30.0,30.0,0,30.0,30.0,0,0,0,0,14.96,19.97,240,"{""ip-172-31-0-204"": ""healthy"", ""ip-172-31-1-171"": ""healthy"", ""ip-172-31-10-12"": ""healthy"", ""ip-172-31-11-132"": ""healthy"", ""ip-172-31-13-134"": ""healthy"", ""ip-172-31-14-68"": ""healthy"", ""ip-172-31-40-239"": ""healthy""}",subscribe,76.7,1.0,0,0,"{""ip-172-31-13-134"": {""object"": 1, ""pose"": 1}, ""ip-172-31-40-239"": {""object"": 1, ""pose"": 1}, ""ip-172-31-1-171"": {""pose"": 1, ""object"": 1}, ""ip-172-31-10-12"": {""pose"": 1, ""object"": 1}, ""ip-172-31-14-68"": {""gesture"": 1, ""object"": 1}, ""ip-172-31-0-204"": {""pose"": 1, ""object"": 1}, ""ip-172-31-11-132"": {""object"": 1, ""gesture"": 1}}","{""e1"": {""services"": [""gesture"", ""object""], ""fps"": {""gesture"": 30, ""object"": 30}, ""eff_fps"": {""gesture"": 30, ""object"": 30}, ""latency_ms"": {""gesture"": 0, ""object"": 0}, ""svclat_ms"": {""gesture"": 14.78, ""object"": 19.05}}, ""e2"": {""services"": [""gesture"", ""object""], ""fps"": {""gesture"": 30, ""object"": 30}, ""eff_fps"": {""gesture"": 30, ""object"": 30}, ""latency_ms"": {""gesture"": 0, ""object"": 0}, ""svclat_ms"": {""gesture"": 14.8, ""object"": 20.22}}, ""e3"": {""services"": [""gesture"", ""object""], ""fps"": {""gesture"": 30, ""object"": 30}, ""eff_fps"": {""gesture"": 30, ""object"": 30}, ""latency_ms"": {""gesture"": 0, ""object"": 0}, ""svclat_ms"": {""gesture"": 14.32, ""object"": 20.03}}, ""e4"": {""services"": [""gesture"", ""object""], ""fps"": {""gesture"": 30, ""object"": 30}, ""eff_fps"": {""gesture"": 30, ""object"": 30}, ""latency_ms"": {""gesture"": 0, ""object"": 0}, ""svclat_ms"": {""gesture"": 15.94, ""object"": 20.58}}, ""e5"": {""services"": [""gesture"", ""object""], ""fps"": {""gesture"": 0, ""object"": 0}, ""eff_fps"": {""gesture"": 0, ""object"": 0}, ""latency_ms"": {""gesture"": 0, ""object"": 0}, ""svclat_ms"": {""gesture"": 0.0, ""object"": 0.0}}}"
326.1,5,5,1.0,0,0,16,14,7,0.5,1026.0,300.0,0.292,0.0,2.8,0.0,0,29.6,30.0,0,29.6,30.0,0,0,0,0,17.14,19.83,298,"{""ip-172-31-0-204"": ""healthy"", ""ip-172-31-1-171"": ""healthy"", ""ip-172-31-10-12"": ""healthy"", ""ip-172-31-11-132"": ""healthy"", ""ip-172-31-13-134"": ""healthy"", ""ip-172-31-14-68"": ""healthy"", ""ip-172-31-40-239"": ""healthy""}",subscribe,130.8,1.0,0,0,"{""ip-172-31-13-134"": {""object"": 1, ""pose"": 1}, ""ip-172-31-40-239"": {""object"": 1, ""pose"": 1}, ""ip-172-31-1-171"": {""pose"": 1, ""object"": 1}, ""ip-172-31-10-12"": {""pose"": 1, ""object"": 1}, ""ip-172-31-14-68"": {""gesture"": 1, ""object"": 1}, ""ip-172-31-0-204"": {""pose"": 1, ""object"": 1}, ""ip-172-31-11-132"": {""object"": 1, ""gesture"": 1}}","{""e1"": {""services"": [""gesture"", ""object""], ""fps"": {""gesture"": 30, ""object"": 30}, ""eff_fps"": {""gesture"": 30, ""object"": 30}, ""latency_ms"": {""gesture"": 0, ""object"": 0}, ""svclat_ms"": {""gesture"": 17.24, ""object"": 19.06}}, ""e2"": {""services"": [""gesture"", ""object""], ""fps"": {""gesture"": 30, ""object"": 30}, ""eff_fps"": {""gesture"": 30, ""object"": 30}, ""latency_ms"": {""gesture"": 0, ""object"": 0}, ""svclat_ms"": {""gesture"": 15.05, ""object"": 20.19}}, ""e3"": {""services"": [""gesture"", ""object""], ""fps"": {""gesture"": 29, ""object"": 30}, ""eff_fps"": {""gesture"": 29, ""object"": 30}, ""latency_ms"": {""gesture"": 0, ""object"": 0}, ""svclat_ms"": {""gesture"": 16.75, ""object"": 19.72}}, ""e4"": {""services"": [""gesture"", ""object""], ""fps"": {""gesture"": 30, ""object"": 30}, ""eff_fps"": {""gesture"": 30, ""object"": 30}, ""latency_ms"": {""gesture"": 0, ""object"": 0}, ""svclat_ms"": {""gesture"": 15.8, ""object"": 20.6}}, ""e5"": {""services"": [""gesture"", ""object""], ""fps"": {""gesture"": 29, ""object"": 30}, ""eff_fps"": {""gesture"": 29, ""object"": 30}, ""latency_ms"": {""gesture"": 0, ""object"": 0}, ""svclat_ms"": {""gesture"": 20.86, ""object"": 19.57}}, ""e6"": {""services"": [""gesture"", ""object""], ""fps"": {""gesture"": 0, ""object"": 0}, ""eff_fps"": {""gesture"": 0, ""object"": 0}, ""latency_ms"": {""gesture"": 0, ""object"": 0}, ""svclat_ms"": {""gesture"": 0.0, ""object"": 0.0}}}"
329.8,5,5,1.0,0,0,16,14,7,0.5,1026.0,300.0,0.292,0.0,2.8,0.0,0,30.0,30.0,0,30.0,30.0,0,0,0,0,17.95,20.48,360,"{""ip-172-31-0-204"": ""healthy"", ""ip-172-31-1-171"": ""healthy"", ""ip-172-31-10-12"": ""healthy"", ""ip-172-31-11-132"": ""healthy"", ""ip-172-31-13-134"": ""healthy"", ""ip-172-31-14-68"": ""healthy"", ""ip-172-31-40-239"": ""healthy""}",subscribe,130.8,1.0,0,0,"{""ip-172-31-13-134"": {""object"": 1, ""pose"": 1}, ""ip-172-31-40-239"": {""object"": 1, ""pose"": 1}, ""ip-172-31-1-171"": {""pose"": 1, ""object"": 1}, ""ip-172-31-10-12"": {""pose"": 1, ""object"": 1}, ""ip-172-31-14-68"": {""gesture"": 1, ""object"": 1}, ""ip-172-31-0-204"": {""pose"": 1, ""object"": 1}, ""ip-172-31-11-132"": {""object"": 1, ""gesture"": 1}}","{""e1"": {""services"": [""gesture"", ""object""], ""fps"": {""gesture"": 30, ""object"": 30}, ""eff_fps"": {""gesture"": 30, ""object"": 30}, ""latency_ms"": {""gesture"": 0, ""object"": 0}, ""svclat_ms"": {""gesture"": 18.27, ""object"": 19.07}}, ""e2"": {""services"": [""gesture"", ""object""], ""fps"": {""gesture"": 30, ""object"": 30}, ""eff_fps"": {""gesture"": 30, ""object"": 30}, ""latency_ms"": {""gesture"": 0, ""object"": 0}, ""svclat_ms"": {""gesture"": 19.51, ""object"": 20.62}}, ""e3"": {""services"": [""gesture"", ""object""], ""fps"": {""gesture"": 30, ""object"": 30}, ""eff_fps"": {""gesture"": 30, ""object"": 30}, ""latency_ms"": {""gesture"": 0, ""object"": 0}, ""svclat_ms"": {""gesture"": 18.14, ""object"": 20.07}}, ""e4"": {""services"": [""gesture"", ""object""], ""fps"": {""gesture"": 30, ""object"": 30}, ""eff_fps"": {""gesture"": 30, ""object"": 30}, ""latency_ms"": {""gesture"": 0, ""object"": 0}, ""svclat_ms"": {""gesture"": 17.29, ""object"": 20.94}}, ""e5"": {""services"": [""gesture"", ""object""], ""fps"": {""gesture"": 30, ""object"": 30}, ""eff_fps"": {""gesture"": 30, ""object"": 30}, ""latency_ms"": {""gesture"": 0, ""object"": 0}, ""svclat_ms"": {""gesture"": 17.49, ""object"": 18.35}}, ""e6"": {""services"": [""gesture"", ""object""], ""fps"": {""gesture"": 30, ""object"": 30}, ""eff_fps"": {""gesture"": 30, ""object"": 30}, ""latency_ms"": {""gesture"": 0, ""object"": 0}, ""svclat_ms"": {""gesture"": 16.98, ""object"": 23.84}}}"
332.2,6,6,1.0,0,0,16,14,8,0.571,1026.0,360.0,0.351,0.0,2.33,0.0,0,30.0,30.0,0,30.0,30.0,0,0,0,0,17.75,20.25,360,"{""ip-172-31-0-204"": ""healthy"", ""ip-172-31-1-171"": ""healthy"", ""ip-172-31-10-12"": ""healthy"", ""ip-172-31-11-132"": ""healthy"", ""ip-172-31-13-134"": ""healthy"", ""ip-172-31-14-68"": ""healthy"", ""ip-172-31-40-239"": ""healthy""}",subscribe,83.9,1.0,0,0,"{""ip-172-31-13-134"": {""object"": 1, ""pose"": 1}, ""ip-172-31-40-239"": {""object"": 1, ""pose"": 1}, ""ip-172-31-1-171"": {""pose"": 1, ""object"": 1}, ""ip-172-31-10-12"": {""pose"": 1, ""object"": 1}, ""ip-172-31-14-68"": {""gesture"": 1, ""object"": 1}, ""ip-172-31-0-204"": {""pose"": 1, ""object"": 1}, ""ip-172-31-11-132"": {""object"": 1, ""gesture"": 1}}","{""e1"": {""services"": [""gesture"", ""object""], ""fps"": {""gesture"": 30, ""object"": 30}, ""eff_fps"": {""gesture"": 30, ""object"": 30}, ""latency_ms"": {""gesture"": 0, ""object"": 0}, ""svclat_ms"": {""gesture"": 18.6, ""object"": 18.95}}, ""e2"": {""services"": [""gesture"", ""object""], ""fps"": {""gesture"": 30, ""object"": 30}, ""eff_fps"": {""gesture"": 30, ""object"": 30}, ""latency_ms"": {""gesture"": 0, ""object"": 0}, ""svclat_ms"": {""gesture"": 19.17, ""object"": 20.38}}, ""e3"": {""services"": [""gesture"", ""object""], ""fps"": {""gesture"": 30, ""object"": 30}, ""eff_fps"": {""gesture"": 30, ""object"": 30}, ""latency_ms"": {""gesture"": 0, ""object"": 0}, ""svclat_ms"": {""gesture"": 17.58, ""object"": 20.06}}, ""e4"": {""services"": [""gesture"", ""object""], ""fps"": {""gesture"": 30, ""object"": 30}, ""eff_fps"": {""gesture"": 30, ""object"": 30}, ""latency_ms"": {""gesture"": 0, ""object"": 0}, ""svclat_ms"": {""gesture"": 17.17, ""object"": 20.66}}, ""e5"": {""services"": [""gesture"", ""object""], ""fps"": {""gesture"": 30, ""object"": 30}, ""eff_fps"": {""gesture"": 30, ""object"": 30}, ""latency_ms"": {""gesture"": 0, ""object"": 0}, ""svclat_ms"": {""gesture"": 17.16, ""object"": 18.25}}, ""e6"": {""services"": [""gesture"", ""object""], ""fps"": {""gesture"": 30, ""object"": 30}, ""eff_fps"": {""gesture"": 30, ""object"": 30}, ""latency_ms"": {""gesture"": 0, ""object"": 0}, ""svclat_ms"": {""gesture"": 16.79, ""object"": 23.23}}, ""e7"": {""services"": [""gesture"", ""object""], ""fps"": {""gesture"": 0, ""object"": 0}, ""eff_fps"": {""gesture"": 0, ""object"": 0}, ""latency_ms"": {""gesture"": 0, ""object"": 0}, ""svclat_ms"": {""gesture"": 0.0, ""object"": 0.0}}}"
336.0,7,7,1.0,0,0,16,14,9,0.643,1026.0,400.0,0.39,0.0,2.0,0.0,0,27.14,30.0,0,27.14,30.0,0,0,0,0,18.19,20.64,400,"{""ip-172-31-0-204"": ""healthy"", ""ip-172-31-1-171"": ""healthy"", ""ip-172-31-10-12"": ""healthy"", ""ip-172-31-11-132"": ""healthy"", ""ip-172-31-13-134"": ""healthy"", ""ip-172-31-14-68"": ""healthy"", ""ip-172-31-40-239"": ""healthy""}",subscribe,91.3,0.9524,0,0,"{""ip-172-31-13-134"": {""object"": 1, ""pose"": 1}, ""ip-172-31-40-239"": {""object"": 1, ""pose"": 1}, ""ip-172-31-1-171"": {""pose"": 1, ""object"": 1}, ""ip-172-31-10-12"": {""pose"": 1, ""object"": 1}, ""ip-172-31-14-68"": {""gesture"": 1, ""object"": 1}, ""ip-172-31-0-204"": {""pose"": 1, ""object"": 1}, ""ip-172-31-11-132"": {""object"": 1, ""gesture"": 1}}","{""e1"": {""services"": [""gesture"", ""object""], ""fps"": {""gesture"": 25, ""object"": 30}, ""eff_fps"": {""gesture"": 25, ""object"": 30}, ""latency_ms"": {""gesture"": 0, ""object"": 0}, ""svclat_ms"": {""gesture"": 18.27, ""object"": 19.17}}, ""e2"": {""services"": [""gesture"", ""object""], ""fps"": {""gesture"": 30, ""object"": 30}, ""eff_fps"": {""gesture"": 30, ""object"": 30}, ""latency_ms"": {""gesture"": 0, ""object"": 0}, ""svclat_ms"": {""gesture"": 20.42, ""object"": 20.35}}, ""e3"": {""services"": [""gesture"", ""object""], ""fps"": {""gesture"": 25, ""object"": 30}, ""eff_fps"": {""gesture"": 25, ""object"": 30}, ""latency_ms"": {""gesture"": 0, ""object"": 0}, ""svclat_ms"": {""gesture"": 17.9, ""object"": 19.93}}, ""e4"": {""services"": [""gesture"", ""object""], ""fps"": {""gesture"": 30, ""object"": 30}, ""eff_fps"": {""gesture"": 30, ""object"": 30}, ""latency_ms"": {""gesture"": 0, ""object"": 0}, ""svclat_ms"": {""gesture"": 18.06, ""object"": 20.51}}, ""e5"": {""services"": [""gesture"", ""object""], ""fps"": {""gesture"": 25, ""object"": 30}, ""eff_fps"": {""gesture"": 25, ""object"": 30}, ""latency_ms"": {""gesture"": 0, ""object"": 0}, ""svclat_ms"": {""gesture"": 17.15, ""object"": 19.6}}, ""e6"": {""services"": [""gesture"", ""object""], ""fps"": {""gesture"": 30, ""object"": 30}, ""eff_fps"": {""gesture"": 30, ""object"": 30}, ""latency_ms"": {""gesture"": 0, ""object"": 0}, ""svclat_ms"": {""gesture"": 18.03, ""object"": 23.86}}, ""e7"": {""services"": [""gesture"", ""object""], ""fps"": {""gesture"": 25, ""object"": 30}, ""eff_fps"": {""gesture"": 25, ""object"": 30}, ""latency_ms"": {""gesture"": 0, ""object"": 0}, ""svclat_ms"": {""gesture"": 17.51, ""object"": 21.09}}, ""e8"": {""services"": [""gesture"", ""object""], ""fps"": {""gesture"": 0, ""object"": 0}, ""eff_fps"": {""gesture"": 0, ""object"": 0}, ""latency_ms"": {""gesture"": 0, ""object"": 0}, ""svclat_ms"": {""gesture"": 0.0, ""object"": 0.0}}}"
339.8,7,7,1.0,0,0,16,14,9,0.643,1026.0,400.0,0.39,0.0,2.0,0.0,0,25.0,30.0,0,25.0,30.0,0,0,0,0,17.83,20.42,440,"{""ip-172-31-0-204"": ""healthy"", ""ip-172-31-1-171"": ""healthy"", ""ip-172-31-10-12"": ""healthy"", ""ip-172-31-11-132"": ""healthy"", ""ip-172-31-13-134"": ""healthy"", ""ip-172-31-14-68"": ""healthy"", ""ip-172-31-40-239"": ""healthy""}",subscribe,91.3,0.9524,0,0,"{""ip-172-31-13-134"": {""object"": 1, ""pose"": 1}, ""ip-172-31-40-239"": {""object"": 1, ""pose"": 1}, ""ip-172-31-1-171"": {""pose"": 1, ""object"": 1}, ""ip-172-31-10-12"": {""pose"": 1, ""object"": 1}, ""ip-172-31-14-68"": {""gesture"": 1, ""object"": 1}, ""ip-172-31-0-204"": {""pose"": 1, ""object"": 1}, ""ip-172-31-11-132"": {""object"": 1, ""gesture"": 1}}","{""e1"": {""services"": [""gesture"", ""object""], ""fps"": {""gesture"": 25, ""object"": 30}, ""eff_fps"": {""gesture"": 25, ""object"": 30}, ""latency_ms"": {""gesture"": 0, ""object"": 0}, ""svclat_ms"": {""gesture"": 18.46, ""object"": 20.03}}, ""e2"": {""services"": [""gesture"", ""object""], ""fps"": {""gesture"": 25, ""object"": 30}, ""eff_fps"": {""gesture"": 25, ""object"": 30}, ""latency_ms"": {""gesture"": 0, ""object"": 0}, ""svclat_ms"": {""gesture"": 17.29, ""object"": 20.54}}, ""e3"": {""services"": [""gesture"", ""object""], ""fps"": {""gesture"": 25, ""object"": 30}, ""eff_fps"": {""gesture"": 25, ""object"": 30}, ""latency_ms"": {""gesture"": 0, ""object"": 0}, ""svclat_ms"": {""gesture"": 17.75, ""object"": 20.03}}, ""e4"": {""services"": [""gesture"", ""object""], ""fps"": {""gesture"": 25, ""object"": 30}, ""eff_fps"": {""gesture"": 25, ""object"": 30}, ""latency_ms"": {""gesture"": 0, ""object"": 0}, ""svclat_ms"": {""gesture"": 18.33, ""object"": 20.71}}, ""e5"": {""services"": [""gesture"", ""object""], ""fps"": {""gesture"": 25, ""object"": 30}, ""eff_fps"": {""gesture"": 25, ""object"": 30}, ""latency_ms"": {""gesture"": 0, ""object"": 0}, ""svclat_ms"": {""gesture"": 17.16, ""object"": 17.97}}, ""e6"": {""services"": [""gesture"", ""object""], ""fps"": {""gesture"": 25, ""object"": 30}, ""eff_fps"": {""gesture"": 25, ""object"": 30}, ""latency_ms"": {""gesture"": 0, ""object"": 0}, ""svclat_ms"": {""gesture"": 17.76, ""object"": 23.19}}, ""e7"": {""services"": [""gesture"", ""object""], ""fps"": {""gesture"": 25, ""object"": 30}, ""eff_fps"": {""gesture"": 25, ""object"": 30}, ""latency_ms"": {""gesture"": 0, ""object"": 0}, ""svclat_ms"": {""gesture"": 17.54, ""object"": 20.88}}, ""e8"": {""services"": [""gesture"", ""object""], ""fps"": {""gesture"": 25, ""object"": 30}, ""eff_fps"": {""gesture"": 25, ""object"": 30}, ""latency_ms"": {""gesture"": 0, ""object"": 0}, ""svclat_ms"": {""gesture"": 18.37, ""object"": 20.04}}}"
342.2,8,8,1.0,0,0,16,14,9,0.643,1026.0,440.0,0.429,0.0,1.75,0.0,0,25.0,30.0,0,25.0,30.0,0,0,0,0,17.74,20.37,440,"{""ip-172-31-0-204"": ""healthy"", ""ip-172-31-1-171"": ""healthy"", ""ip-172-31-10-12"": ""healthy"", ""ip-172-31-11-132"": ""healthy"", ""ip-172-31-13-134"": ""healthy"", ""ip-172-31-14-68"": ""healthy"", ""ip-172-31-40-239"": ""healthy""}",subscribe,95.5,0.9167,0,0,"{""ip-172-31-13-134"": {""object"": 1, ""pose"": 1}, ""ip-172-31-40-239"": {""object"": 1, ""pose"": 1}, ""ip-172-31-1-171"": {""pose"": 1, ""object"": 1}, ""ip-172-31-10-12"": {""pose"": 1, ""object"": 1}, ""ip-172-31-14-68"": {""gesture"": 1, ""object"": 1}, ""ip-172-31-0-204"": {""pose"": 1, ""object"": 1}, ""ip-172-31-11-132"": {""object"": 1, ""gesture"": 1}}","{""e1"": {""services"": [""gesture"", ""object""], ""fps"": {""gesture"": 25, ""object"": 30}, ""eff_fps"": {""gesture"": 25, ""object"": 30}, ""latency_ms"": {""gesture"": 0, ""object"": 0}, ""svclat_ms"": {""gesture"": 18.04, ""object"": 19.75}}, ""e2"": {""services"": [""gesture"", ""object""], ""fps"": {""gesture"": 25, ""object"": 30}, ""eff_fps"": {""gesture"": 25, ""object"": 30}, ""latency_ms"": {""gesture"": 0, ""object"": 0}, ""svclat_ms"": {""gesture"": 17.14, ""object"": 20.54}}, ""e3"": {""services"": [""gesture"", ""object""], ""fps"": {""gesture"": 25, ""object"": 30}, ""eff_fps"": {""gesture"": 25, ""object"": 30}, ""latency_ms"": {""gesture"": 0, ""object"": 0}, ""svclat_ms"": {""gesture"": 17.87, ""object"": 20.04}}, ""e4"": {""services"": [""gesture"", ""object""], ""fps"": {""gesture"": 25, ""object"": 30}, ""eff_fps"": {""gesture"": 25, ""object"": 30}, ""latency_ms"": {""gesture"": 0, ""object"": 0}, ""svclat_ms"": {""gesture"": 17.95, ""object"": 20.52}}, ""e5"": {""services"": [""gesture"", ""object""], ""fps"": {""gesture"": 25, ""object"": 30}, ""eff_fps"": {""gesture"": 25, ""object"": 30}, ""latency_ms"": {""gesture"": 0, ""object"": 0}, ""svclat_ms"": {""gesture"": 17.07, ""object"": 18.4}}, ""e6"": {""services"": [""gesture"", ""object""], ""fps"": {""gesture"": 25, ""object"": 30}, ""eff_fps"": {""gesture"": 25, ""object"": 30}, ""latency_ms"": {""gesture"": 0, ""object"": 0}, ""svclat_ms"": {""gesture"": 17.7, ""object"": 23.14}}, ""e7"": {""services"": [""gesture"", ""object""], ""fps"": {""gesture"": 25, ""object"": 30}, ""eff_fps"": {""gesture"": 25, ""object"": 30}, ""latency_ms"": {""gesture"": 0, ""object"": 0}, ""svclat_ms"": {""gesture"": 17.77, ""object"": 20.73}}, ""e8"": {""services"": [""gesture"", ""object""], ""fps"": {""gesture"": 25, ""object"": 30}, ""eff_fps"": {""gesture"": 25, ""object"": 30}, ""latency_ms"": {""gesture"": 0, ""object"": 0}, ""svclat_ms"": {""gesture"": 18.35, ""object"": 19.8}}, ""e9"": {""services"": [""gesture"", ""object""], ""fps"": {""gesture"": 0, ""object"": 0}, ""eff_fps"": {""gesture"": 0, ""object"": 0}, ""latency_ms"": {""gesture"": 0, ""object"": 0}, ""svclat_ms"": {""gesture"": 0.0, ""object"": 0.0}}}"
344.6,9,8,0.889,0,0,16,14,9,0.643,1026.0,440.0,0.429,0.0,1.75,0.0,0,21.11,30.0,0,20.89,30.0,0,0,0,0,32.5,22.14,460,"{""ip-172-31-0-204"": ""healthy"", ""ip-172-31-1-171"": ""healthy"", ""ip-172-31-10-12"": ""healthy"", ""ip-172-31-11-132"": ""healthy"", ""ip-172-31-13-134"": ""healthy"", ""ip-172-31-14-68"": ""healthy"", ""ip-172-31-40-239"": ""healthy""}",subscribe,95.5,0.9167,0,0,"{""ip-172-31-13-134"": {""object"": 1, ""pose"": 1}, ""ip-172-31-40-239"": {""object"": 1, ""pose"": 1}, ""ip-172-31-1-171"": {""pose"": 1, ""object"": 1}, ""ip-172-31-10-12"": {""pose"": 1, ""object"": 1}, ""ip-172-31-14-68"": {""gesture"": 1, ""object"": 1}, ""ip-172-31-0-204"": {""pose"": 1, ""object"": 1}, ""ip-172-31-11-132"": {""object"": 1, ""gesture"": 1}}","{""e1"": {""services"": [""gesture"", ""object""], ""fps"": {""gesture"": 18, ""object"": 30}, ""eff_fps"": {""gesture"": 17, ""object"": 30}, ""latency_ms"": {""gesture"": 0, ""object"": 0}, ""svclat_ms"": {""gesture"": 50.44, ""object"": 22.36}}, ""e2"": {""services"": [""gesture"", ""object""], ""fps"": {""gesture"": 25, ""object"": 30}, ""eff_fps"": {""gesture"": 25, ""object"": 30}, ""latency_ms"": {""gesture"": 0, ""object"": 0}, ""svclat_ms"": {""gesture"": 17.08, ""object"": 20.98}}, ""e3"": {""services"": [""gesture"", ""object""], ""fps"": {""gesture"": 18, ""object"": 30}, ""eff_fps"": {""gesture"": 17, ""object"": 30}, ""latency_ms"": {""gesture"": 0, ""object"": 0}, ""svclat_ms"": {""gesture"": 42.92, ""object"": 19.91}}, ""e4"": {""services"": [""gesture"", ""object""], ""fps"": {""gesture"": 25, ""object"": 30}, ""eff_fps"": {""gesture"": 25, ""object"": 30}, ""latency_ms"": {""gesture"": 0, ""object"": 0}, ""svclat_ms"": {""gesture"": 17.9, ""object"": 20.64}}, ""e5"": {""services"": [""gesture"", ""object""], ""fps"": {""gesture"": 18, ""object"": 30}, ""eff_fps"": {""gesture"": 18, ""object"": 30}, ""latency_ms"": {""gesture"": 0, ""object"": 0}, ""svclat_ms"": {""gesture"": 42.79, ""object"": 19.99}}, ""e6"": {""services"": [""gesture"", ""object""], ""fps"": {""gesture"": 25, ""object"": 30}, ""eff_fps"": {""gesture"": 25, ""object"": 30}, ""latency_ms"": {""gesture"": 0, ""object"": 0}, ""svclat_ms"": {""gesture"": 17.29, ""object"": 25.63}}, ""e7"": {""services"": [""gesture"", ""object""], ""fps"": {""gesture"": 18, ""object"": 30}, ""eff_fps"": {""gesture"": 18, ""object"": 30}, ""latency_ms"": {""gesture"": 0, ""object"": 0}, ""svclat_ms"": {""gesture"": 41.77, ""object"": 20.84}}, ""e8"": {""services"": [""gesture"", ""object""], ""fps"": {""gesture"": 25, ""object"": 30}, ""eff_fps"": {""gesture"": 25, ""object"": 30}, ""latency_ms"": {""gesture"": 0, ""object"": 0}, ""svclat_ms"": {""gesture"": 17.88, ""object"": 22.75}}, ""e9"": {""services"": [""gesture"", ""object""], ""fps"": {""gesture"": 18, ""object"": 30}, ""eff_fps"": {""gesture"": 18, ""object"": 30}, ""latency_ms"": {""gesture"": 0, ""object"": 0}, ""svclat_ms"": {""gesture"": 44.43, ""object"": 26.17}}}"
347.1,9,8,0.889,0,0,16,14,9,0.643,1026.0,440.0,0.429,0.0,1.75,0.0,0,22.22,30.0,0,22.22,30.0,0,0,0,0,20.66,21.83,470,"{""ip-172-31-0-204"": ""healthy"", ""ip-172-31-1-171"": ""healthy"", ""ip-172-31-10-12"": ""healthy"", ""ip-172-31-11-132"": ""healthy"", ""ip-172-31-13-134"": ""healthy"", ""ip-172-31-14-68"": ""healthy"", ""ip-172-31-40-239"": ""healthy""}",subscribe,95.5,0.9167,0,0,"{""ip-172-31-13-134"": {""object"": 1, ""pose"": 1}, ""ip-172-31-40-239"": {""object"": 1, ""pose"": 1}, ""ip-172-31-1-171"": {""pose"": 1, ""object"": 1}, ""ip-172-31-10-12"": {""pose"": 1, ""object"": 1}, ""ip-172-31-14-68"": {""gesture"": 1, ""object"": 1}, ""ip-172-31-0-204"": {""pose"": 1, ""object"": 1}, ""ip-172-31-11-132"": {""object"": 1, ""gesture"": 1}}","{""e1"": {""services"": [""gesture"", ""object""], ""fps"": {""gesture"": 20, ""object"": 30}, ""eff_fps"": {""gesture"": 20, ""object"": 30}, ""latency_ms"": {""gesture"": 0, ""object"": 0}, ""svclat_ms"": {""gesture"": 24.42, ""object"": 21.26}}, ""e2"": {""services"": [""gesture"", ""object""], ""fps"": {""gesture"": 25, ""object"": 30}, ""eff_fps"": {""gesture"": 25, ""object"": 30}, ""latency_ms"": {""gesture"": 0, ""object"": 0}, ""svclat_ms"": {""gesture"": 17.2, ""object"": 20.4}}, ""e3"": {""services"": [""gesture"", ""object""], ""fps"": {""gesture"": 20, ""object"": 30}, ""eff_fps"": {""gesture"": 20, ""object"": 30}, ""latency_ms"": {""gesture"": 0, ""object"": 0}, ""svclat_ms"": {""gesture"": 23.07, ""object"": 20.0}}, ""e4"": {""services"": [""gesture"", ""object""], ""fps"": {""gesture"": 25, ""object"": 30}, ""eff_fps"": {""gesture"": 25, ""object"": 30}, ""latency_ms"": {""gesture"": 0, ""object"": 0}, ""svclat_ms"": {""gesture"": 17.65, ""object"": 20.6}}, ""e5"": {""services"": [""gesture"", ""object""], ""fps"": {""gesture"": 20, ""object"": 30}, ""eff_fps"": {""gesture"": 20, ""object"": 30}, ""latency_ms"": {""gesture"": 0, ""object"": 0}, ""svclat_ms"": {""gesture"": 21.19, ""object"": 20.28}}, ""e6"": {""services"": [""gesture"", ""object""], ""fps"": {""gesture"": 25, ""object"": 30}, ""eff_fps"": {""gesture"": 25, ""object"": 30}, ""latency_ms"": {""gesture"": 0, ""object"": 0}, ""svclat_ms"": {""gesture"": 18.5, ""object"": 25.4}}, ""e7"": {""services"": [""gesture"", ""object""], ""fps"": {""gesture"": 20, ""object"": 30}, ""eff_fps"": {""gesture"": 20, ""object"": 30}, ""latency_ms"": {""gesture"": 0, ""object"": 0}, ""svclat_ms"": {""gesture"": 22.09, ""object"": 21.07}}, ""e8"": {""services"": [""gesture"", ""object""], ""fps"": {""gesture"": 25, ""object"": 30}, ""eff_fps"": {""gesture"": 25, ""object"": 30}, ""latency_ms"": {""gesture"": 0, ""object"": 0}, ""svclat_ms"": {""gesture"": 18.51, ""object"": 21.47}}, ""e9"": {""services"": [""gesture"", ""object""], ""fps"": {""gesture"": 20, ""object"": 30}, ""eff_fps"": {""gesture"": 20, ""object"": 30}, ""latency_ms"": {""gesture"": 0, ""object"": 0}, ""svclat_ms"": {""gesture"": 23.27, ""object"": 25.98}}, ""e10"": {""services"": [""gesture"", ""object""], ""fps"": {""gesture"": 0, ""object"": 0}, ""eff_fps"": {""gesture"": 0, ""object"": 0}, ""latency_ms"": {""gesture"": 0, ""object"": 0}, ""svclat_ms"": {""gesture"": 0.0, ""object"": 0.0}}}"
349.5,9,8,0.889,0,0,16,14,9,0.643,1026.0,440.0,0.429,0.0,1.75,0.0,0,22.33,30.0,0,22.33,30.0,0,0,0,0,20.34,21.83,471,"{""ip-172-31-0-204"": ""healthy"", ""ip-172-31-1-171"": ""healthy"", ""ip-172-31-10-12"": ""healthy"", ""ip-172-31-11-132"": ""healthy"", ""ip-172-31-13-134"": ""healthy"", ""ip-172-31-14-68"": ""healthy"", ""ip-172-31-40-239"": ""healthy""}",subscribe,95.5,0.9167,0,0,"{""ip-172-31-13-134"": {""object"": 1, ""pose"": 1}, ""ip-172-31-40-239"": {""object"": 1, ""pose"": 1}, ""ip-172-31-1-171"": {""pose"": 1, ""object"": 1}, ""ip-172-31-10-12"": {""pose"": 1, ""object"": 1}, ""ip-172-31-14-68"": {""gesture"": 1, ""object"": 1}, ""ip-172-31-0-204"": {""pose"": 1, ""object"": 1}, ""ip-172-31-11-132"": {""object"": 1, ""gesture"": 1}}","{""e1"": {""services"": [""gesture"", ""object""], ""fps"": {""gesture"": 20, ""object"": 30}, ""eff_fps"": {""gesture"": 20, ""object"": 30}, ""latency_ms"": {""gesture"": 0, ""object"": 0}, ""svclat_ms"": {""gesture"": 20.7, ""object"": 20.34}}, ""e2"": {""services"": [""gesture"", ""object""], ""fps"": {""gesture"": 25, ""object"": 30}, ""eff_fps"": {""gesture"": 25, ""object"": 30}, ""latency_ms"": {""gesture"": 0, ""object"": 0}, ""svclat_ms"": {""gesture"": 18.74, ""object"": 20.84}}, ""e3"": {""services"": [""gesture"", ""object""], ""fps"": {""gesture"": 20, ""object"": 30}, ""eff_fps"": {""gesture"": 20, ""object"": 30}, ""latency_ms"": {""gesture"": 0, ""object"": 0}, ""svclat_ms"": {""gesture"": 22.3, ""object"": 19.92}}, ""e4"": {""services"": [""gesture"", ""object""], ""fps"": {""gesture"": 25, ""object"": 30}, ""eff_fps"": {""gesture"": 25, ""object"": 30}, ""latency_ms"": {""gesture"": 0, ""object"": 0}, ""svclat_ms"": {""gesture"": 19.0, ""object"": 20.56}}, ""e5"": {""services"": [""gesture"", ""object""], ""fps"": {""gesture"": 20, ""object"": 30}, ""eff_fps"": {""gesture"": 20, ""object"": 30}, ""latency_ms"": {""gesture"": 0, ""object"": 0}, ""svclat_ms"": {""gesture"": 19.64, ""object"": 19.41}}, ""e6"": {""services"": [""gesture"", ""object""], ""fps"": {""gesture"": 25, ""object"": 30}, ""eff_fps"": {""gesture"": 25, ""object"": 30}, ""latency_ms"": {""gesture"": 0, ""object"": 0}, ""svclat_ms"": {""gesture"": 19.57, ""object"": 25.78}}, ""e7"": {""services"": [""gesture"", ""object""], ""fps"": {""gesture"": 20, ""object"": 30}, ""eff_fps"": {""gesture"": 20, ""object"": 30}, ""latency_ms"": {""gesture"": 0, ""object"": 0}, ""svclat_ms"": {""gesture"": 21.01, ""object"": 22.31}}, ""e8"": {""services"": [""gesture"", ""object""], ""fps"": {""gesture"": 25, ""object"": 30}, ""eff_fps"": {""gesture"": 25, ""object"": 30}, ""latency_ms"": {""gesture"": 0, ""object"": 0}, ""svclat_ms"": {""gesture"": 19.45, ""object"": 21.06}}, ""e9"": {""services"": [""gesture"", ""object""], ""fps"": {""gesture"": 21, ""object"": 30}, ""eff_fps"": {""gesture"": 21, ""object"": 30}, ""latency_ms"": {""gesture"": 0, ""object"": 0}, ""svclat_ms"": {""gesture"": 22.61, ""object"": 26.28}}, ""e10"": {""services"": [""gesture"", ""object""], ""fps"": {""gesture"": 0, ""object"": 0}, ""eff_fps"": {""gesture"": 0, ""object"": 0}, ""latency_ms"": {""gesture"": 0, ""object"": 0}, ""svclat_ms"": {""gesture"": 0.0, ""object"": 0.0}}}"
351.9,9,8,0.889,0,0,16,14,9,0.643,1026.0,440.0,0.429,0.0,1.75,0.0,0,22.11,30.0,0,22.11,30.0,0,0,0,0,18.02,20.95,469,"{""ip-172-31-0-204"": ""healthy"", ""ip-172-31-1-171"": ""healthy"", ""ip-172-31-10-12"": ""healthy"", ""ip-172-31-11-132"": ""healthy"", ""ip-172-31-13-134"": ""healthy"", ""ip-172-31-14-68"": ""healthy"", ""ip-172-31-40-239"": ""healthy""}",subscribe,95.5,0.9167,0,0,"{""ip-172-31-13-134"": {""object"": 1, ""pose"": 1}, ""ip-172-31-40-239"": {""object"": 1, ""pose"": 1}, ""ip-172-31-1-171"": {""pose"": 1, ""object"": 1}, ""ip-172-31-10-12"": {""pose"": 1, ""object"": 1}, ""ip-172-31-14-68"": {""gesture"": 1, ""object"": 1}, ""ip-172-31-0-204"": {""pose"": 1, ""object"": 1}, ""ip-172-31-11-132"": {""object"": 1, ""gesture"": 1}}","{""e1"": {""services"": [""gesture"", ""object""], ""fps"": {""gesture"": 20, ""object"": 30}, ""eff_fps"": {""gesture"": 20, ""object"": 30}, ""latency_ms"": {""gesture"": 0, ""object"": 0}, ""svclat_ms"": {""gesture"": 18.88, ""object"": 19.78}}, ""e2"": {""services"": [""gesture"", ""object""], ""fps"": {""gesture"": 25, ""object"": 30}, ""eff_fps"": {""gesture"": 25, ""object"": 30}, ""latency_ms"": {""gesture"": 0, ""object"": 0}, ""svclat_ms"": {""gesture"": 17.18, ""object"": 20.25}}, ""e3"": {""services"": [""gesture"", ""object""], ""fps"": {""gesture"": 19, ""object"": 30}, ""eff_fps"": {""gesture"": 19, ""object"": 30}, ""latency_ms"": {""gesture"": 0, ""object"": 0}, ""svclat_ms"": {""gesture"": 18.14, ""object"": 19.69}}, ""e4"": {""services"": [""gesture"", ""object""], ""fps"": {""gesture"": 25, ""object"": 30}, ""eff_fps"": {""gesture"": 25, ""object"": 30}, ""latency_ms"": {""gesture"": 0, ""object"": 0}, ""svclat_ms"": {""gesture"": 17.97, ""object"": 20.73}}, ""e5"": {""services"": [""gesture"", ""object""], ""fps"": {""gesture"": 20, ""object"": 30}, ""eff_fps"": {""gesture"": 20, ""object"": 30}, ""latency_ms"": {""gesture"": 0, ""object"": 0}, ""svclat_ms"": {""gesture"": 17.74, ""object"": 18.02}}, ""e6"": {""services"": [""gesture"", ""object""], ""fps"": {""gesture"": 25, ""object"": 30}, ""eff_fps"": {""gesture"": 25, ""object"": 30}, ""latency_ms"": {""gesture"": 0, ""object"": 0}, ""svclat_ms"": {""gesture"": 17.55, ""object"": 23.48}}, ""e7"": {""services"": [""gesture"", ""object""], ""fps"": {""gesture"": 20, ""object"": 30}, ""eff_fps"": {""gesture"": 20, ""object"": 30}, ""latency_ms"": {""gesture"": 0, ""object"": 0}, ""svclat_ms"": {""gesture"": 18.04, ""object"": 20.45}}, ""e8"": {""services"": [""gesture"", ""object""], ""fps"": {""gesture"": 25, ""object"": 30}, ""eff_fps"": {""gesture"": 25, ""object"": 30}, ""latency_ms"": {""gesture"": 0, ""object"": 0}, ""svclat_ms"": {""gesture"": 18.21, ""object"": 20.07}}, ""e9"": {""services"": [""gesture"", ""object""], ""fps"": {""gesture"": 20, ""object"": 30}, ""eff_fps"": {""gesture"": 20, ""object"": 30}, ""latency_ms"": {""gesture"": 0, ""object"": 0}, ""svclat_ms"": {""gesture"": 18.43, ""object"": 26.04}}, ""e10"": {""services"": [""gesture"", ""object""], ""fps"": {""gesture"": 0, ""object"": 0}, ""eff_fps"": {""gesture"": 0, ""object"": 0}, ""latency_ms"": {""gesture"": 0, ""object"": 0}, ""svclat_ms"": {""gesture"": 0.0, ""object"": 0.0}}, ""e11"": {""services"": [""gesture"", ""object""], ""fps"": {""gesture"": 0, ""object"": 0}, ""eff_fps"": {""gesture"": 0, ""object"": 0}, ""latency_ms"": {""gesture"": 0, ""object"": 0}, ""svclat_ms"": {""gesture"": 0.0, ""object"": 0.0}}}"
354.3,9,8,0.889,0,0,16,14,9,0.643,1026.0,440.0,0.429,0.0,1.75,0.0,0,22.33,30.0,0,22.33,30.0,0,0,0,0,18.07,21.17,471,"{""ip-172-31-0-204"": ""healthy"", ""ip-172-31-1-171"": ""healthy"", ""ip-172-31-10-12"": ""healthy"", ""ip-172-31-11-132"": ""healthy"", ""ip-172-31-13-134"": ""healthy"", ""ip-172-31-14-68"": ""healthy"", ""ip-172-31-40-239"": ""healthy""}",subscribe,95.5,0.9167,0,0,"{""ip-172-31-13-134"": {""object"": 1, ""pose"": 1}, ""ip-172-31-40-239"": {""object"": 1, ""pose"": 1}, ""ip-172-31-1-171"": {""pose"": 1, ""object"": 1}, ""ip-172-31-10-12"": {""pose"": 1, ""object"": 1}, ""ip-172-31-14-68"": {""gesture"": 1, ""object"": 1}, ""ip-172-31-0-204"": {""pose"": 1, ""object"": 1}, ""ip-172-31-11-132"": {""object"": 1, ""gesture"": 1}}","{""e1"": {""services"": [""gesture"", ""object""], ""fps"": {""gesture"": 20, ""object"": 30}, ""eff_fps"": {""gesture"": 20, ""object"": 30}, ""latency_ms"": {""gesture"": 0, ""object"": 0}, ""svclat_ms"": {""gesture"": 17.68, ""object"": 19.76}}, ""e2"": {""services"": [""gesture"", ""object""], ""fps"": {""gesture"": 25, ""object"": 30}, ""eff_fps"": {""gesture"": 25, ""object"": 30}, ""latency_ms"": {""gesture"": 0, ""object"": 0}, ""svclat_ms"": {""gesture"": 17.32, ""object"": 20.02}}, ""e3"": {""services"": [""gesture"", ""object""], ""fps"": {""gesture"": 21, ""object"": 30}, ""eff_fps"": {""gesture"": 21, ""object"": 30}, ""latency_ms"": {""gesture"": 0, ""object"": 0}, ""svclat_ms"": {""gesture"": 18.35, ""object"": 19.81}}, ""e4"": {""services"": [""gesture"", ""object""], ""fps"": {""gesture"": 25, ""object"": 30}, ""eff_fps"": {""gesture"": 25, ""object"": 30}, ""latency_ms"": {""gesture"": 0, ""object"": 0}, ""svclat_ms"": {""gesture"": 18.48, ""object"": 20.71}}, ""e5"": {""services"": [""gesture"", ""object""], ""fps"": {""gesture"": 20, ""object"": 30}, ""eff_fps"": {""gesture"": 20, ""object"": 30}, ""latency_ms"": {""gesture"": 0, ""object"": 0}, ""svclat_ms"": {""gesture"": 16.75, ""object"": 18.78}}, ""e6"": {""services"": [""gesture"", ""object""], ""fps"": {""gesture"": 25, ""object"": 30}, ""eff_fps"": {""gesture"": 25, ""object"": 30}, ""latency_ms"": {""gesture"": 0, ""object"": 0}, ""svclat_ms"": {""gesture"": 18.81, ""object"": 23.89}}, ""e7"": {""services"": [""gesture"", ""object""], ""fps"": {""gesture"": 20, ""object"": 30}, ""eff_fps"": {""gesture"": 20, ""object"": 30}, ""latency_ms"": {""gesture"": 0, ""object"": 0}, ""svclat_ms"": {""gesture"": 17.86, ""object"": 21.82}}, ""e8"": {""services"": [""gesture"", ""object""], ""fps"": {""gesture"": 25, ""object"": 30}, ""eff_fps"": {""gesture"": 25, ""object"": 30}, ""latency_ms"": {""gesture"": 0, ""object"": 0}, ""svclat_ms"": {""gesture"": 19.05, ""object"": 20.09}}, ""e9"": {""services"": [""gesture"", ""object""], ""fps"": {""gesture"": 20, ""object"": 30}, ""eff_fps"": {""gesture"": 20, ""object"": 30}, ""latency_ms"": {""gesture"": 0, ""object"": 0}, ""svclat_ms"": {""gesture"": 18.37, ""object"": 25.67}}, ""e10"": {""services"": [""gesture"", ""object""], ""fps"": {""gesture"": 0, ""object"": 0}, ""eff_fps"": {""gesture"": 0, ""object"": 0}, ""latency_ms"": {""gesture"": 0, ""object"": 0}, ""svclat_ms"": {""gesture"": 0.0, ""object"": 0.0}}, ""e11"": {""services"": [""gesture"", ""object""], ""fps"": {""gesture"": 0, ""object"": 0}, ""eff_fps"": {""gesture"": 0, ""object"": 0}, ""latency_ms"": {""gesture"": 0, ""object"": 0}, ""svclat_ms"": {""gesture"": 0.0, ""object"": 0.0}}}"
360.0,10,9,0.9,3,2,21,15,11,0.733,1127.0,540.0,0.479,0.0,1.67,0.0,0,30.0,30.0,0,30.0,30.0,0,0,0,0,17.16,21.53,600,"{""ip-172-31-0-204"": ""healthy"", ""ip-172-31-1-171"": ""healthy"", ""ip-172-31-10-12"": ""healthy"", ""ip-172-31-11-132"": ""healthy"", ""ip-172-31-13-134"": ""healthy"", ""ip-172-31-14-68"": ""healthy"", ""ip-172-31-40-239"": ""healthy""}",subscribe,99.5,1.0,1,18,"{""ip-172-31-13-134"": {""object"": 1, ""pose"": 1}, ""ip-172-31-40-239"": {""object"": 1, ""gesture"": 1}, ""ip-172-31-1-171"": {""pose"": 1, ""object"": 1}, ""ip-172-31-10-12"": {""pose"": 1, ""object"": 1}, ""ip-172-31-14-68"": {""gesture"": 1, ""object"": 1}, ""ip-172-31-0-204"": {""object"": 1, ""gesture"": 1}, ""ip-172-31-11-132"": {""object"": 1, ""gesture"": 1, ""pose"": 1}}","{""e1"": {""services"": [""gesture"", ""object""], ""fps"": {""gesture"": 30, ""object"": 30}, ""eff_fps"": {""gesture"": 30, ""object"": 30}, ""latency_ms"": {""gesture"": 0, ""object"": 0}, ""svclat_ms"": {""gesture"": 17.69, ""object"": 19.47}}, ""e2"": {""services"": [""gesture"", ""object""], ""fps"": {""gesture"": 30, ""object"": 30}, ""eff_fps"": {""gesture"": 30, ""object"": 30}, ""latency_ms"": {""gesture"": 0, ""object"": 0}, ""svclat_ms"": {""gesture"": 19.47, ""object"": 18.08}}, ""e3"": {""services"": [""gesture"", ""object""], ""fps"": {""gesture"": 30, ""object"": 30}, ""eff_fps"": {""gesture"": 30, ""object"": 30}, ""latency_ms"": {""gesture"": 0, ""object"": 0}, ""svclat_ms"": {""gesture"": 15.61, ""object"": 28.74}}, ""e4"": {""services"": [""gesture"", ""object""], ""fps"": {""gesture"": 30, ""object"": 30}, ""eff_fps"": {""gesture"": 30, ""object"": 30}, ""latency_ms"": {""gesture"": 0, ""object"": 0}, ""svclat_ms"": {""gesture"": 17.15, ""object"": 22.84}}, ""e5"": {""services"": [""gesture"", ""object""], ""fps"": {""gesture"": 30, ""object"": 30}, ""eff_fps"": {""gesture"": 30, ""object"": 30}, ""latency_ms"": {""gesture"": 0, ""object"": 0}, ""svclat_ms"": {""gesture"": 16.08, ""object"": 20.6}}, ""e6"": {""services"": [""gesture"", ""object""], ""fps"": {""gesture"": 30, ""object"": 30}, ""eff_fps"": {""gesture"": 30, ""object"": 30}, ""latency_ms"": {""gesture"": 0, ""object"": 0}, ""svclat_ms"": {""gesture"": 18.23, ""object"": 21.57}}, ""e7"": {""services"": [""gesture"", ""object""], ""fps"": {""gesture"": 30, ""object"": 30}, ""eff_fps"": {""gesture"": 30, ""object"": 30}, ""latency_ms"": {""gesture"": 0, ""object"": 0}, ""svclat_ms"": {""gesture"": 16.62, ""object"": 21.4}}, ""e8"": {""services"": [""gesture"", ""object""], ""fps"": {""gesture"": 30, ""object"": 30}, ""eff_fps"": {""gesture"": 30, ""object"": 30}, ""latency_ms"": {""gesture"": 0, ""object"": 0}, ""svclat_ms"": {""gesture"": 16.26, ""object"": 20.77}}, ""e9"": {""services"": [""gesture"", ""object""], ""fps"": {""gesture"": 30, ""object"": 30}, ""eff_fps"": {""gesture"": 30, ""object"": 30}, ""latency_ms"": {""gesture"": 0, ""object"": 0}, ""svclat_ms"": {""gesture"": 17.12, ""object"": 20.11}}, ""e10"": {""services"": [""gesture"", ""object""], ""fps"": {""gesture"": 30, ""object"": 30}, ""eff_fps"": {""gesture"": 30, ""object"": 30}, ""latency_ms"": {""gesture"": 0, ""object"": 0}, ""svclat_ms"": {""gesture"": 17.36, ""object"": 21.68}}, ""e11"": {""services"": [""gesture"", ""object""], ""fps"": {""gesture"": 0, ""object"": 0}, ""eff_fps"": {""gesture"": 0, ""object"": 0}, ""latency_ms"": {""gesture"": 0, ""object"": 0}, ""svclat_ms"": {""gesture"": 0.0, ""object"": 0.0}}, ""e12"": {""services"": [""gesture"", ""object""], ""fps"": {""gesture"": 0, ""object"": 0}, ""eff_fps"": {""gesture"": 0, ""object"": 0}, ""latency_ms"": {""gesture"": 0, ""object"": 0}, ""svclat_ms"": {""gesture"": 0.0, ""object"": 0.0}}}"
365.0,12,11,0.917,0,0,21,15,11,0.733,1127.0,660.0,0.586,0.0,1.36,0.0,0,30.08,30.08,0,30.08,30.08,0,0,0,0,18.16,21.87,722,"{""ip-172-31-0-204"": ""healthy"", ""ip-172-31-1-171"": ""healthy"", ""ip-172-31-10-12"": ""healthy"", ""ip-172-31-11-132"": ""healthy"", ""ip-172-31-13-134"": ""healthy"", ""ip-172-31-14-68"": ""healthy"", ""ip-172-31-40-239"": ""healthy""}",subscribe,111.4,1.0,0,0,"{""ip-172-31-13-134"": {""object"": 1, ""pose"": 1}, ""ip-172-31-40-239"": {""object"": 1, ""gesture"": 1}, ""ip-172-31-1-171"": {""pose"": 1, ""object"": 1}, ""ip-172-31-10-12"": {""pose"": 1, ""object"": 1}, ""ip-172-31-14-68"": {""gesture"": 1, ""object"": 1}, ""ip-172-31-0-204"": {""object"": 1, ""gesture"": 1}, ""ip-172-31-11-132"": {""object"": 1, ""gesture"": 1, ""pose"": 1}}","{""e1"": {""services"": [""gesture"", ""object""], ""fps"": {""gesture"": 30, ""object"": 30}, ""eff_fps"": {""gesture"": 30, ""object"": 30}, ""latency_ms"": {""gesture"": 0, ""object"": 0}, ""svclat_ms"": {""gesture"": 18.66, ""object"": 19.59}}, ""e2"": {""services"": [""gesture"", ""object""], ""fps"": {""gesture"": 30, ""object"": 30}, ""eff_fps"": {""gesture"": 30, ""object"": 30}, ""latency_ms"": {""gesture"": 0, ""object"": 0}, ""svclat_ms"": {""gesture"": 18.44, ""object"": 18.15}}, ""e3"": {""services"": [""gesture"", ""object""], ""fps"": {""gesture"": 30, ""object"": 30}, ""eff_fps"": {""gesture"": 30, ""object"": 30}, ""latency_ms"": {""gesture"": 0, ""object"": 0}, ""svclat_ms"": {""gesture"": 15.64, ""object"": 26.85}}, ""e4"": {""services"": [""gesture"", ""object""], ""fps"": {""gesture"": 30, ""object"": 31}, ""eff_fps"": {""gesture"": 30, ""object"": 31}, ""latency_ms"": {""gesture"": 0, ""object"": 0}, ""svclat_ms"": {""gesture"": 19.43, ""object"": 25.22}}, ""e5"": {""services"": [""gesture"", ""object""], ""fps"": {""gesture"": 30, ""object"": 30}, ""eff_fps"": {""gesture"": 30, ""object"": 30}, ""latency_ms"": {""gesture"": 0, ""object"": 0}, ""svclat_ms"": {""gesture"": 17.68, ""object"": 18.45}}, ""e6"": {""services"": [""gesture"", ""object""], ""fps"": {""gesture"": 30, ""object"": 30}, ""eff_fps"": {""gesture"": 30, ""object"": 30}, ""latency_ms"": {""gesture"": 0, ""object"": 0}, ""svclat_ms"": {""gesture"": 18.15, ""object"": 22.92}}, ""e7"": {""services"": [""gesture"", ""object""], ""fps"": {""gesture"": 30, ""object"": 30}, ""eff_fps"": {""gesture"": 30, ""object"": 30}, ""latency_ms"": {""gesture"": 0, ""object"": 0}, ""svclat_ms"": {""gesture"": 16.43, ""object"": 22.85}}, ""e8"": {""services"": [""gesture"", ""object""], ""fps"": {""gesture"": 30, ""object"": 30}, ""eff_fps"": {""gesture"": 30, ""object"": 30}, ""latency_ms"": {""gesture"": 0, ""object"": 0}, ""svclat_ms"": {""gesture"": 18.84, ""object"": 20.87}}, ""e9"": {""services"": [""gesture"", ""object""], ""fps"": {""gesture"": 30, ""object"": 30}, ""eff_fps"": {""gesture"": 30, ""object"": 30}, ""latency_ms"": {""gesture"": 0, ""object"": 0}, ""svclat_ms"": {""gesture"": 17.8, ""object"": 20.15}}, ""e10"": {""services"": [""gesture"", ""object""], ""fps"": {""gesture"": 30, ""object"": 30}, ""eff_fps"": {""gesture"": 30, ""object"": 30}, ""latency_ms"": {""gesture"": 0, ""object"": 0}, ""svclat_ms"": {""gesture"": 17.03, ""object"": 21.31}}, ""e11"": {""services"": [""gesture"", ""object""], ""fps"": {""gesture"": 30, ""object"": 30}, ""eff_fps"": {""gesture"": 30, ""object"": 30}, ""latency_ms"": {""gesture"": 0, ""object"": 0}, ""svclat_ms"": {""gesture"": 16.81, ""object"": 25.64}}, ""e12"": {""services"": [""gesture"", ""object""], ""fps"": {""gesture"": 31, ""object"": 30}, ""eff_fps"": {""gesture"": 31, ""object"": 30}, ""latency_ms"": {""gesture"": 0, ""object"": 0}, ""svclat_ms"": {""gesture"": 22.97, ""object"": 20.41}}, ""e13"": {""services"": [""gesture"", ""object""], ""fps"": {""gesture"": 0, ""object"": 0}, ""eff_fps"": {""gesture"": 0, ""object"": 0}, ""latency_ms"": {""gesture"": 0, ""object"": 0}, ""svclat_ms"": {""gesture"": 0.0, ""object"": 0.0}}}"
370.1,13,13,1.0,0,0,21,15,11,0.733,1127.0,760.0,0.674,0.0,1.15,0.0,0,27.14,29.86,0,27.14,29.86,0,0,0,0,19.85,23.59,798,"{""ip-172-31-0-204"": ""healthy"", ""ip-172-31-1-171"": ""healthy"", ""ip-172-31-10-12"": ""healthy"", ""ip-172-31-11-132"": ""healthy"", ""ip-172-31-13-134"": ""healthy"", ""ip-172-31-14-68"": ""healthy"", ""ip-172-31-40-239"": ""healthy""}",subscribe,142.5,0.9744,0,0,"{""ip-172-31-13-134"": {""object"": 1, ""pose"": 1}, ""ip-172-31-40-239"": {""object"": 1, ""gesture"": 1}, ""ip-172-31-1-171"": {""pose"": 1, ""object"": 1}, ""ip-172-31-10-12"": {""pose"": 1, ""object"": 1}, ""ip-172-31-14-68"": {""gesture"": 1, ""object"": 1}, ""ip-172-31-0-204"": {""object"": 1, ""gesture"": 1}, ""ip-172-31-11-132"": {""object"": 1, ""gesture"": 1, ""pose"": 1}}","{""e1"": {""services"": [""gesture"", ""object""], ""fps"": {""gesture"": 25, ""object"": 30}, ""eff_fps"": {""gesture"": 25, ""object"": 30}, ""latency_ms"": {""gesture"": 0, ""object"": 0}, ""svclat_ms"": {""gesture"": 20.36, ""object"": 19.52}}, ""e2"": {""services"": [""gesture"", ""object""], ""fps"": {""gesture"": 25, ""object"": 30}, ""eff_fps"": {""gesture"": 25, ""object"": 30}, ""latency_ms"": {""gesture"": 0, ""object"": 0}, ""svclat_ms"": {""gesture"": 20.05, ""object"": 18.13}}, ""e3"": {""services"": [""gesture"", ""object""], ""fps"": {""gesture"": 30, ""object"": 30}, ""eff_fps"": {""gesture"": 30, ""object"": 30}, ""latency_ms"": {""gesture"": 0, ""object"": 0}, ""svclat_ms"": {""gesture"": 17.0, ""object"": 27.13}}, ""e4"": {""services"": [""gesture"", ""object""], ""fps"": {""gesture"": 30, ""object"": 30}, ""eff_fps"": {""gesture"": 30, ""object"": 30}, ""latency_ms"": {""gesture"": 0, ""object"": 0}, ""svclat_ms"": {""gesture"": 19.98, ""object"": 25.46}}, ""e5"": {""services"": [""gesture"", ""object""], ""fps"": {""gesture"": 25, ""object"": 30}, ""eff_fps"": {""gesture"": 25, ""object"": 30}, ""latency_ms"": {""gesture"": 0, ""object"": 0}, ""svclat_ms"": {""gesture"": 19.55, ""object"": 23.24}}, ""e6"": {""services"": [""gesture"", ""object""], ""fps"": {""gesture"": 25, ""object"": 30}, ""eff_fps"": {""gesture"": 25, ""object"": 30}, ""latency_ms"": {""gesture"": 0, ""object"": 0}, ""svclat_ms"": {""gesture"": 18.9, ""object"": 23.8}}, ""e7"": {""services"": [""gesture"", ""object""], ""fps"": {""gesture"": 30, ""object"": 29}, ""eff_fps"": {""gesture"": 30, ""object"": 29}, ""latency_ms"": {""gesture"": 0, ""object"": 0}, ""svclat_ms"": {""gesture"": 18.76, ""object"": 28.23}}, ""e8"": {""services"": [""gesture"", ""object""], ""fps"": {""gesture"": 30, ""object"": 30}, ""eff_fps"": {""gesture"": 30, ""object"": 30}, ""latency_ms"": {""gesture"": 0, ""object"": 0}, ""svclat_ms"": {""gesture"": 19.61, ""object"": 20.84}}, ""e9"": {""services"": [""gesture"", ""object""], ""fps"": {""gesture"": 25, ""object"": 30}, ""eff_fps"": {""gesture"": 25, ""object"": 30}, ""latency_ms"": {""gesture"": 0, ""object"": 0}, ""svclat_ms"": {""gesture"": 20.08, ""object"": 20.48}}, ""e10"": {""services"": [""gesture"", ""object""], ""fps"": {""gesture"": 25, ""object"": 30}, ""eff_fps"": {""gesture"": 25, ""object"": 30}, ""latency_ms"": {""gesture"": 0, ""object"": 0}, ""svclat_ms"": {""gesture"": 23.93, ""object"": 21.34}}, ""e11"": {""services"": [""gesture"", ""object""], ""fps"": {""gesture"": 30, ""object"": 30}, ""eff_fps"": {""gesture"": 30, ""object"": 30}, ""latency_ms"": {""gesture"": 0, ""object"": 0}, ""svclat_ms"": {""gesture"": 18.39, ""object"": 26.2}}, ""e12"": {""services"": [""gesture"", ""object""], ""fps"": {""gesture"": 30, ""object"": 30}, ""eff_fps"": {""gesture"": 30, ""object"": 30}, ""latency_ms"": {""gesture"": 0, ""object"": 0}, ""svclat_ms"": {""gesture"": 25.33, ""object"": 24.71}}, ""e13"": {""services"": [""gesture"", ""object""], ""fps"": {""gesture"": 25, ""object"": 30}, ""eff_fps"": {""gesture"": 25, ""object"": 30}, ""latency_ms"": {""gesture"": 0, ""object"": 0}, ""svclat_ms"": {""gesture"": 19.04, ""object"": 26.03}}, ""e14"": {""services"": [""gesture"", ""object""], ""fps"": {""gesture"": 25, ""object"": 29}, ""eff_fps"": {""gesture"": 25, ""object"": 29}, ""latency_ms"": {""gesture"": 0, ""object"": 0}, ""svclat_ms"": {""gesture"": 16.92, ""object"": 25.21}}, ""e15"": {""services"": [""gesture"", ""object""], ""fps"": {""gesture"": 0, ""object"": 0}, ""eff_fps"": {""gesture"": 0, ""object"": 0}, ""latency_ms"": {""gesture"": 0, ""object"": 0}, ""svclat_ms"": {""gesture"": 0.0, ""object"": 0.0}}}"
372.6,14,14,1.0,0,0,21,15,11,0.733,1127.0,798.0,0.708,0.0,1.07,0.0,0,27.21,29.93,0,27.21,29.93,0,0,0,0,20.45,23.42,800,"{""ip-172-31-0-204"": ""healthy"", ""ip-172-31-1-171"": ""healthy"", ""ip-172-31-10-12"": ""healthy"", ""ip-172-31-11-132"": ""healthy"", ""ip-172-31-13-134"": ""healthy"", ""ip-172-31-14-68"": ""healthy"", ""ip-172-31-40-239"": ""healthy""}",subscribe,124.3,0.95,0,0,"{""ip-172-31-13-134"": {""object"": 1, ""pose"": 1}, ""ip-172-31-40-239"": {""object"": 1, ""gesture"": 1}, ""ip-172-31-1-171"": {""pose"": 1, ""object"": 1}, ""ip-172-31-10-12"": {""pose"": 1, ""object"": 1}, ""ip-172-31-14-68"": {""gesture"": 1, ""object"": 1}, ""ip-172-31-0-204"": {""object"": 1, ""gesture"": 1}, ""ip-172-31-11-132"": {""object"": 1, ""gesture"": 1, ""pose"": 1}}","{""e1"": {""services"": [""gesture"", ""object""], ""fps"": {""gesture"": 25, ""object"": 30}, ""eff_fps"": {""gesture"": 25, ""object"": 30}, ""latency_ms"": {""gesture"": 0, ""object"": 0}, ""svclat_ms"": {""gesture"": 22.04, ""object"": 19.49}}, ""e2"": {""services"": [""gesture"", ""object""], ""fps"": {""gesture"": 25, ""object"": 31}, ""eff_fps"": {""gesture"": 25, ""object"": 31}, ""latency_ms"": {""gesture"": 0, ""object"": 0}, ""svclat_ms"": {""gesture"": 22.7, ""object"": 18.2}}, ""e3"": {""services"": [""gesture"", ""object""], ""fps"": {""gesture"": 30, ""object"": 30}, ""eff_fps"": {""gesture"": 30, ""object"": 30}, ""latency_ms"": {""gesture"": 0, ""object"": 0}, ""svclat_ms"": {""gesture"": 16.81, ""object"": 27.08}}, ""e4"": {""services"": [""gesture"", ""object""], ""fps"": {""gesture"": 30, ""object"": 31}, ""eff_fps"": {""gesture"": 30, ""object"": 31}, ""latency_ms"": {""gesture"": 0, ""object"": 0}, ""svclat_ms"": {""gesture"": 19.34, ""object"": 25.77}}, ""e5"": {""services"": [""gesture"", ""object""], ""fps"": {""gesture"": 25, ""object"": 30}, ""eff_fps"": {""gesture"": 25, ""object"": 30}, ""latency_ms"": {""gesture"": 0, ""object"": 0}, ""svclat_ms"": {""gesture"": 21.91, ""object"": 22.11}}, ""e6"": {""services"": [""gesture"", ""object""], ""fps"": {""gesture"": 25, ""object"": 30}, ""eff_fps"": {""gesture"": 25, ""object"": 30}, ""latency_ms"": {""gesture"": 0, ""object"": 0}, ""svclat_ms"": {""gesture"": 20.27, ""object"": 23.26}}, ""e7"": {""services"": [""gesture"", ""object""], ""fps"": {""gesture"": 30, ""object"": 29}, ""eff_fps"": {""gesture"": 30, ""object"": 29}, ""latency_ms"": {""gesture"": 0, ""object"": 0}, ""svclat_ms"": {""gesture"": 18.1, ""object"": 27.9}}, ""e8"": {""services"": [""gesture"", ""object""], ""fps"": {""gesture"": 31, ""object"": 30}, ""eff_fps"": {""gesture"": 31, ""object"": 30}, ""latency_ms"": {""gesture"": 0, ""object"": 0}, ""svclat_ms"": {""gesture"": 20.32, ""object"": 20.74}}, ""e9"": {""services"": [""gesture"", ""object""], ""fps"": {""gesture"": 25, ""object"": 30}, ""eff_fps"": {""gesture"": 25, ""object"": 30}, ""latency_ms"": {""gesture"": 0, ""object"": 0}, ""svclat_ms"": {""gesture"": 20.55, ""object"": 20.12}}, ""e10"": {""services"": [""gesture"", ""object""], ""fps"": {""gesture"": 25, ""object"": 30}, ""eff_fps"": {""gesture"": 25, ""object"": 30}, ""latency_ms"": {""gesture"": 0, ""object"": 0}, ""svclat_ms"": {""gesture"": 25.0, ""object"": 21.53}}, ""e11"": {""services"": [""gesture"", ""object""], ""fps"": {""gesture"": 30, ""object"": 29}, ""eff_fps"": {""gesture"": 30, ""object"": 29}, ""latency_ms"": {""gesture"": 0, ""object"": 0}, ""svclat_ms"": {""gesture"": 17.94, ""object"": 27.39}}, ""e12"": {""services"": [""gesture"", ""object""], ""fps"": {""gesture"": 30, ""object"": 30}, ""eff_fps"": {""gesture"": 30, ""object"": 30}, ""latency_ms"": {""gesture"": 0, ""object"": 0}, ""svclat_ms"": {""gesture"": 24.68, ""object"": 24.98}}, ""e13"": {""services"": [""gesture"", ""object""], ""fps"": {""gesture"": 25, ""object"": 30}, ""eff_fps"": {""gesture"": 25, ""object"": 30}, ""latency_ms"": {""gesture"": 0, ""object"": 0}, ""svclat_ms"": {""gesture"": 19.08, ""object"": 24.15}}, ""e14"": {""services"": [""gesture"", ""object""], ""fps"": {""gesture"": 25, ""object"": 29}, ""eff_fps"": {""gesture"": 25, ""object"": 29}, ""latency_ms"": {""gesture"": 0, ""object"": 0}, ""svclat_ms"": {""gesture"": 17.54, ""object"": 25.14}}, ""e15"": {""services"": [""gesture"", ""object""], ""fps"": {""gesture"": 0, ""object"": 0}, ""eff_fps"": {""gesture"": 0, ""object"": 0}, ""latency_ms"": {""gesture"": 0, ""object"": 0}, ""svclat_ms"": {""gesture"": 0.0, ""object"": 0.0}}}"
375.0,15,14,0.933,0,0,21,15,11,0.733,1127.0,798.0,0.708,0.0,1.07,0.0,0,26.13,28.53,0,26.13,28.53,0,0,0,0,19.66,23.66,820,"{""ip-172-31-0-204"": ""healthy"", ""ip-172-31-1-171"": ""healthy"", ""ip-172-31-10-12"": ""healthy"", ""ip-172-31-11-132"": ""healthy"", ""ip-172-31-13-134"": ""healthy"", ""ip-172-31-14-68"": ""healthy"", ""ip-172-31-40-239"": ""healthy""}",subscribe,124.3,0.95,0,0,"{""ip-172-31-13-134"": {""object"": 1, ""pose"": 1}, ""ip-172-31-40-239"": {""object"": 1, ""gesture"": 1}, ""ip-172-31-1-171"": {""pose"": 1, ""object"": 1}, ""ip-172-31-10-12"": {""pose"": 1, ""object"": 1}, ""ip-172-31-14-68"": {""gesture"": 1, ""object"": 1}, ""ip-172-31-0-204"": {""object"": 1, ""gesture"": 1}, ""ip-172-31-11-132"": {""object"": 1, ""gesture"": 1, ""pose"": 1}}","{""e1"": {""services"": [""gesture"", ""object""], ""fps"": {""gesture"": 25, ""object"": 23}, ""eff_fps"": {""gesture"": 25, ""object"": 23}, ""latency_ms"": {""gesture"": 0, ""object"": 0}, ""svclat_ms"": {""gesture"": 20.09, ""object"": 22.96}}, ""e2"": {""services"": [""gesture"", ""object""], ""fps"": {""gesture"": 25, ""object"": 30}, ""eff_fps"": {""gesture"": 25, ""object"": 30}, ""latency_ms"": {""gesture"": 0, ""object"": 0}, ""svclat_ms"": {""gesture"": 19.86, ""object"": 21.19}}, ""e3"": {""services"": [""gesture"", ""object""], ""fps"": {""gesture"": 25, ""object"": 30}, ""eff_fps"": {""gesture"": 25, ""object"": 30}, ""latency_ms"": {""gesture"": 0, ""object"": 0}, ""svclat_ms"": {""gesture"": 18.24, ""object"": 24.86}}, ""e4"": {""services"": [""gesture"", ""object""], ""fps"": {""gesture"": 30, ""object"": 30}, ""eff_fps"": {""gesture"": 30, ""object"": 30}, ""latency_ms"": {""gesture"": 0, ""object"": 0}, ""svclat_ms"": {""gesture"": 19.27, ""object"": 25.42}}, ""e5"": {""services"": [""gesture"", ""object""], ""fps"": {""gesture"": 25, ""object"": 30}, ""eff_fps"": {""gesture"": 25, ""object"": 30}, ""latency_ms"": {""gesture"": 0, ""object"": 0}, ""svclat_ms"": {""gesture"": 20.01, ""object"": 23.07}}, ""e6"": {""services"": [""gesture"", ""object""], ""fps"": {""gesture"": 25, ""object"": 30}, ""eff_fps"": {""gesture"": 25, ""object"": 30}, ""latency_ms"": {""gesture"": 0, ""object"": 0}, ""svclat_ms"": {""gesture"": 18.41, ""object"": 22.2}}, ""e7"": {""services"": [""gesture"", ""object""], ""fps"": {""gesture"": 25, ""object"": 29}, ""eff_fps"": {""gesture"": 25, ""object"": 29}, ""latency_ms"": {""gesture"": 0, ""object"": 0}, ""svclat_ms"": {""gesture"": 16.96, ""object"": 27.38}}, ""e8"": {""services"": [""gesture"", ""object""], ""fps"": {""gesture"": 30, ""object"": 23}, ""eff_fps"": {""gesture"": 30, ""object"": 23}, ""latency_ms"": {""gesture"": 0, ""object"": 0}, ""svclat_ms"": {""gesture"": 19.37, ""object"": 23.65}}, ""e9"": {""services"": [""gesture"", ""object""], ""fps"": {""gesture"": 25, ""object"": 30}, ""eff_fps"": {""gesture"": 25, ""object"": 30}, ""latency_ms"": {""gesture"": 0, ""object"": 0}, ""svclat_ms"": {""gesture"": 19.15, ""object"": 21.81}}, ""e10"": {""services"": [""gesture"", ""object""], ""fps"": {""gesture"": 25, ""object"": 30}, ""eff_fps"": {""gesture"": 25, ""object"": 30}, ""latency_ms"": {""gesture"": 0, ""object"": 0}, ""svclat_ms"": {""gesture"": 23.63, ""object"": 22.85}}, ""e11"": {""services"": [""gesture"", ""object""], ""fps"": {""gesture"": 26, ""object"": 30}, ""eff_fps"": {""gesture"": 26, ""object"": 30}, ""latency_ms"": {""gesture"": 0, ""object"": 0}, ""svclat_ms"": {""gesture"": 22.5, ""object"": 26.78}}, ""e12"": {""services"": [""gesture"", ""object""], ""fps"": {""gesture"": 31, ""object"": 31}, ""eff_fps"": {""gesture"": 31, ""object"": 31}, ""latency_ms"": {""gesture"": 0, ""object"": 0}, ""svclat_ms"": {""gesture"": 24.36, ""object"": 23.93}}, ""e13"": {""services"": [""gesture"", ""object""], ""fps"": {""gesture"": 25, ""object"": 30}, ""eff_fps"": {""gesture"": 25, ""object"": 30}, ""latency_ms"": {""gesture"": 0, ""object"": 0}, ""svclat_ms"": {""gesture"": 18.58, ""object"": 24.42}}, ""e14"": {""services"": [""gesture"", ""object""], ""fps"": {""gesture"": 25, ""object"": 29}, ""eff_fps"": {""gesture"": 25, ""object"": 29}, ""latency_ms"": {""gesture"": 0, ""object"": 0}, ""svclat_ms"": {""gesture"": 17.01, ""object"": 24.35}}, ""e15"": {""services"": [""gesture"", ""object""], ""fps"": {""gesture"": 25, ""object"": 23}, ""eff_fps"": {""gesture"": 25, ""object"": 23}, ""latency_ms"": {""gesture"": 0, ""object"": 0}, ""svclat_ms"": {""gesture"": 17.46, ""object"": 20.02}}}"
377.4,15,14,0.933,0,0,21,15,11,0.733,1127.0,798.0,0.708,0.0,1.07,0.0,0,26.07,28.6,0,26.07,28.6,0,0,0,0,20.27,24.08,820,"{""ip-172-31-0-204"": ""healthy"", ""ip-172-31-1-171"": ""healthy"", ""ip-172-31-10-12"": ""healthy"", ""ip-172-31-11-132"": ""healthy"", ""ip-172-31-13-134"": ""healthy"", ""ip-172-31-14-68"": ""healthy"", ""ip-172-31-40-239"": ""healthy""}",subscribe,124.3,0.95,0,0,"{""ip-172-31-13-134"": {""object"": 1, ""pose"": 1}, ""ip-172-31-40-239"": {""object"": 1, ""gesture"": 1}, ""ip-172-31-1-171"": {""pose"": 1, ""object"": 1}, ""ip-172-31-10-12"": {""pose"": 1, ""object"": 1}, ""ip-172-31-14-68"": {""gesture"": 1, ""object"": 1}, ""ip-172-31-0-204"": {""object"": 1, ""gesture"": 1}, ""ip-172-31-11-132"": {""object"": 1, ""gesture"": 1, ""pose"": 1}}","{""e1"": {""services"": [""gesture"", ""object""], ""fps"": {""gesture"": 25, ""object"": 23}, ""eff_fps"": {""gesture"": 25, ""object"": 23}, ""latency_ms"": {""gesture"": 0, ""object"": 0}, ""svclat_ms"": {""gesture"": 19.07, ""object"": 22.99}}, ""e2"": {""services"": [""gesture"", ""object""], ""fps"": {""gesture"": 25, ""object"": 31}, ""eff_fps"": {""gesture"": 25, ""object"": 31}, ""latency_ms"": {""gesture"": 0, ""object"": 0}, ""svclat_ms"": {""gesture"": 24.45, ""object"": 23.05}}, ""e3"": {""services"": [""gesture"", ""object""], ""fps"": {""gesture"": 26, ""object"": 30}, ""eff_fps"": {""gesture"": 26, ""object"": 30}, ""latency_ms"": {""gesture"": 0, ""object"": 0}, ""svclat_ms"": {""gesture"": 18.06, ""object"": 25.75}}, ""e4"": {""services"": [""gesture"", ""object""], ""fps"": {""gesture"": 30, ""object"": 30}, ""eff_fps"": {""gesture"": 30, ""object"": 30}, ""latency_ms"": {""gesture"": 0, ""object"": 0}, ""svclat_ms"": {""gesture"": 19.42, ""object"": 24.89}}, ""e5"": {""services"": [""gesture"", ""object""], ""fps"": {""gesture"": 25, ""object"": 30}, ""eff_fps"": {""gesture"": 25, ""object"": 30}, ""latency_ms"": {""gesture"": 0, ""object"": 0}, ""svclat_ms"": {""gesture"": 17.99, ""object"": 23.7}}, ""e6"": {""services"": [""gesture"", ""object""], ""fps"": {""gesture"": 25, ""object"": 30}, ""eff_fps"": {""gesture"": 25, ""object"": 30}, ""latency_ms"": {""gesture"": 0, ""object"": 0}, ""svclat_ms"": {""gesture"": 22.32, ""object"": 21.88}}, ""e7"": {""services"": [""gesture"", ""object""], ""fps"": {""gesture"": 25, ""object"": 29}, ""eff_fps"": {""gesture"": 25, ""object"": 29}, ""latency_ms"": {""gesture"": 0, ""object"": 0}, ""svclat_ms"": {""gesture"": 16.83, ""object"": 27.47}}, ""e8"": {""services"": [""gesture"", ""object""], ""fps"": {""gesture"": 30, ""object"": 23}, ""eff_fps"": {""gesture"": 30, ""object"": 23}, ""latency_ms"": {""gesture"": 0, ""object"": 0}, ""svclat_ms"": {""gesture"": 19.6, ""object"": 23.77}}, ""e9"": {""services"": [""gesture"", ""object""], ""fps"": {""gesture"": 25, ""object"": 30}, ""eff_fps"": {""gesture"": 25, ""object"": 30}, ""latency_ms"": {""gesture"": 0, ""object"": 0}, ""svclat_ms"": {""gesture"": 18.47, ""object"": 22.72}}, ""e10"": {""services"": [""gesture"", ""object""], ""fps"": {""gesture"": 25, ""object"": 30}, ""eff_fps"": {""gesture"": 25, ""object"": 30}, ""latency_ms"": {""gesture"": 0, ""object"": 0}, ""svclat_ms"": {""gesture"": 27.87, ""object"": 23.3}}, ""e11"": {""services"": [""gesture"", ""object""], ""fps"": {""gesture"": 25, ""object"": 30}, ""eff_fps"": {""gesture"": 25, ""object"": 30}, ""latency_ms"": {""gesture"": 0, ""object"": 0}, ""svclat_ms"": {""gesture"": 19.14, ""object"": 25.96}}, ""e12"": {""services"": [""gesture"", ""object""], ""fps"": {""gesture"": 30, ""object"": 31}, ""eff_fps"": {""gesture"": 30, ""object"": 31}, ""latency_ms"": {""gesture"": 0, ""object"": 0}, ""svclat_ms"": {""gesture"": 25.21, ""object"": 24.97}}, ""e13"": {""services"": [""gesture"", ""object""], ""fps"": {""gesture"": 25, ""object"": 30}, ""eff_fps"": {""gesture"": 25, ""object"": 30}, ""latency_ms"": {""gesture"": 0, ""object"": 0}, ""svclat_ms"": {""gesture"": 17.4, ""object"": 25.02}}, ""e14"": {""services"": [""gesture"", ""object""], ""fps"": {""gesture"": 25, ""object"": 29}, ""eff_fps"": {""gesture"": 25, ""object"": 29}, ""latency_ms"": {""gesture"": 0, ""object"": 0}, ""svclat_ms"": {""gesture"": 20.41, ""object"": 25.44}}, ""e15"": {""services"": [""gesture"", ""object""], ""fps"": {""gesture"": 25, ""object"": 23}, ""eff_fps"": {""gesture"": 25, ""object"": 23}, ""latency_ms"": {""gesture"": 0, ""object"": 0}, ""svclat_ms"": {""gesture"": 17.82, ""object"": 20.32}}}"
379.9,15,14,0.933,0,0,21,15,11,0.733,1127.0,798.0,0.708,0.0,1.07,0.0,0,26.07,28.47,0,26.07,28.47,0,0,0,0,20.48,23.54,818,"{""ip-172-31-0-204"": ""healthy"", ""ip-172-31-1-171"": ""healthy"", ""ip-172-31-10-12"": ""healthy"", ""ip-172-31-11-132"": ""healthy"", ""ip-172-31-13-134"": ""healthy"", ""ip-172-31-14-68"": ""healthy"", ""ip-172-31-40-239"": ""healthy""}",subscribe,124.3,0.95,0,0,"{""ip-172-31-13-134"": {""object"": 1, ""pose"": 1}, ""ip-172-31-40-239"": {""object"": 1, ""gesture"": 1}, ""ip-172-31-1-171"": {""pose"": 1, ""object"": 1}, ""ip-172-31-10-12"": {""pose"": 1, ""object"": 1}, ""ip-172-31-14-68"": {""gesture"": 1, ""object"": 1}, ""ip-172-31-0-204"": {""object"": 1, ""gesture"": 1}, ""ip-172-31-11-132"": {""object"": 1, ""gesture"": 1, ""pose"": 1}}","{""e1"": {""services"": [""gesture"", ""object""], ""fps"": {""gesture"": 25, ""object"": 23}, ""eff_fps"": {""gesture"": 25, ""object"": 23}, ""latency_ms"": {""gesture"": 0, ""object"": 0}, ""svclat_ms"": {""gesture"": 19.4, ""object"": 23.9}}, ""e2"": {""services"": [""gesture"", ""object""], ""fps"": {""gesture"": 25, ""object"": 30}, ""eff_fps"": {""gesture"": 25, ""object"": 30}, ""latency_ms"": {""gesture"": 0, ""object"": 0}, ""svclat_ms"": {""gesture"": 22.52, ""object"": 18.05}}, ""e3"": {""services"": [""gesture"", ""object""], ""fps"": {""gesture"": 25, ""object"": 30}, ""eff_fps"": {""gesture"": 25, ""object"": 30}, ""latency_ms"": {""gesture"": 0, ""object"": 0}, ""svclat_ms"": {""gesture"": 19.6, ""object"": 23.5}}, ""e4"": {""services"": [""gesture"", ""object""], ""fps"": {""gesture"": 30, ""object"": 30}, ""eff_fps"": {""gesture"": 30, ""object"": 30}, ""latency_ms"": {""gesture"": 0, ""object"": 0}, ""svclat_ms"": {""gesture"": 20.18, ""object"": 25.18}}, ""e5"": {""services"": [""gesture"", ""object""], ""fps"": {""gesture"": 25, ""object"": 30}, ""eff_fps"": {""gesture"": 25, ""object"": 30}, ""latency_ms"": {""gesture"": 0, ""object"": 0}, ""svclat_ms"": {""gesture"": 19.1, ""object"": 23.91}}, ""e6"": {""services"": [""gesture"", ""object""], ""fps"": {""gesture"": 25, ""object"": 30}, ""eff_fps"": {""gesture"": 25, ""object"": 30}, ""latency_ms"": {""gesture"": 0, ""object"": 0}, ""svclat_ms"": {""gesture"": 20.29, ""object"": 23.09}}, ""e7"": {""services"": [""gesture"", ""object""], ""fps"": {""gesture"": 25, ""object"": 29}, ""eff_fps"": {""gesture"": 25, ""object"": 29}, ""latency_ms"": {""gesture"": 0, ""object"": 0}, ""svclat_ms"": {""gesture"": 18.45, ""object"": 26.97}}, ""e8"": {""services"": [""gesture"", ""object""], ""fps"": {""gesture"": 30, ""object"": 23}, ""eff_fps"": {""gesture"": 30, ""object"": 23}, ""latency_ms"": {""gesture"": 0, ""object"": 0}, ""svclat_ms"": {""gesture"": 20.34, ""object"": 24.61}}, ""e9"": {""services"": [""gesture"", ""object""], ""fps"": {""gesture"": 25, ""object"": 30}, ""eff_fps"": {""gesture"": 25, ""object"": 30}, ""latency_ms"": {""gesture"": 0, ""object"": 0}, ""svclat_ms"": {""gesture"": 18.74, ""object"": 20.21}}, ""e10"": {""services"": [""gesture"", ""object""], ""fps"": {""gesture"": 25, ""object"": 30}, ""eff_fps"": {""gesture"": 25, ""object"": 30}, ""latency_ms"": {""gesture"": 0, ""object"": 0}, ""svclat_ms"": {""gesture"": 25.93, ""object"": 22.0}}, ""e11"": {""services"": [""gesture"", ""object""], ""fps"": {""gesture"": 25, ""object"": 30}, ""eff_fps"": {""gesture"": 25, ""object"": 30}, ""latency_ms"": {""gesture"": 0, ""object"": 0}, ""svclat_ms"": {""gesture"": 19.93, ""object"": 26.51}}, ""e12"": {""services"": [""gesture"", ""object""], ""fps"": {""gesture"": 31, ""object"": 30}, ""eff_fps"": {""gesture"": 31, ""object"": 30}, ""latency_ms"": {""gesture"": 0, ""object"": 0}, ""svclat_ms"": {""gesture"": 26.81, ""object"": 25.1}}, ""e13"": {""services"": [""gesture"", ""object""], ""fps"": {""gesture"": 25, ""object"": 30}, ""eff_fps"": {""gesture"": 25, ""object"": 30}, ""latency_ms"": {""gesture"": 0, ""object"": 0}, ""svclat_ms"": {""gesture"": 18.59, ""object"": 23.89}}, ""e14"": {""services"": [""gesture"", ""object""], ""fps"": {""gesture"": 25, ""object"": 29}, ""eff_fps"": {""gesture"": 25, ""object"": 29}, ""latency_ms"": {""gesture"": 0, ""object"": 0}, ""svclat_ms"": {""gesture"": 17.75, ""object"": 25.14}}, ""e15"": {""services"": [""gesture"", ""object""], ""fps"": {""gesture"": 25, ""object"": 23}, ""eff_fps"": {""gesture"": 25, ""object"": 23}, ""latency_ms"": {""gesture"": 0, ""object"": 0}, ""svclat_ms"": {""gesture"": 19.51, ""object"": 21.09}}}"
382.3,15,14,0.933,0,0,21,15,11,0.733,1127.0,798.0,0.708,0.0,1.07,0.0,0,26.0,28.53,0,26.0,28.53,0,0,0,0,20.27,23.13,818,"{""ip-172-31-0-204"": ""healthy"", ""ip-172-31-1-171"": ""healthy"", ""ip-172-31-10-12"": ""healthy"", ""ip-172-31-11-132"": ""healthy"", ""ip-172-31-13-134"": ""healthy"", ""ip-172-31-14-68"": ""healthy"", ""ip-172-31-40-239"": ""healthy""}",subscribe,124.3,0.95,0,0,"{""ip-172-31-13-134"": {""object"": 1, ""pose"": 1}, ""ip-172-31-40-239"": {""object"": 1, ""gesture"": 1}, ""ip-172-31-1-171"": {""pose"": 1, ""object"": 1}, ""ip-172-31-10-12"": {""pose"": 1, ""object"": 1}, ""ip-172-31-14-68"": {""gesture"": 1, ""object"": 1}, ""ip-172-31-0-204"": {""object"": 1, ""gesture"": 1}, ""ip-172-31-11-132"": {""object"": 1, ""gesture"": 1, ""pose"": 1}}","{""e1"": {""services"": [""gesture"", ""object""], ""fps"": {""gesture"": 25, ""object"": 23}, ""eff_fps"": {""gesture"": 25, ""object"": 23}, ""latency_ms"": {""gesture"": 0, ""object"": 0}, ""svclat_ms"": {""gesture"": 19.77, ""object"": 22.9}}, ""e2"": {""services"": [""gesture"", ""object""], ""fps"": {""gesture"": 25, ""object"": 30}, ""eff_fps"": {""gesture"": 25, ""object"": 30}, ""latency_ms"": {""gesture"": 0, ""object"": 0}, ""svclat_ms"": {""gesture"": 20.64, ""object"": 18.27}}, ""e3"": {""services"": [""gesture"", ""object""], ""fps"": {""gesture"": 25, ""object"": 30}, ""eff_fps"": {""gesture"": 25, ""object"": 30}, ""latency_ms"": {""gesture"": 0, ""object"": 0}, ""svclat_ms"": {""gesture"": 20.43, ""object"": 22.77}}, ""e4"": {""services"": [""gesture"", ""object""], ""fps"": {""gesture"": 30, ""object"": 30}, ""eff_fps"": {""gesture"": 30, ""object"": 30}, ""latency_ms"": {""gesture"": 0, ""object"": 0}, ""svclat_ms"": {""gesture"": 19.41, ""object"": 25.22}}, ""e5"": {""services"": [""gesture"", ""object""], ""fps"": {""gesture"": 25, ""object"": 30}, ""eff_fps"": {""gesture"": 25, ""object"": 30}, ""latency_ms"": {""gesture"": 0, ""object"": 0}, ""svclat_ms"": {""gesture"": 20.18, ""object"": 22.57}}, ""e6"": {""services"": [""gesture"", ""object""], ""fps"": {""gesture"": 25, ""object"": 30}, ""eff_fps"": {""gesture"": 25, ""object"": 30}, ""latency_ms"": {""gesture"": 0, ""object"": 0}, ""svclat_ms"": {""gesture"": 18.77, ""object"": 23.32}}, ""e7"": {""services"": [""gesture"", ""object""], ""fps"": {""gesture"": 25, ""object"": 29}, ""eff_fps"": {""gesture"": 25, ""object"": 29}, ""latency_ms"": {""gesture"": 0, ""object"": 0}, ""svclat_ms"": {""gesture"": 18.94, ""object"": 27.29}}, ""e8"": {""services"": [""gesture"", ""object""], ""fps"": {""gesture"": 30, ""object"": 23}, ""eff_fps"": {""gesture"": 30, ""object"": 23}, ""latency_ms"": {""gesture"": 0, ""object"": 0}, ""svclat_ms"": {""gesture"": 20.62, ""object"": 23.86}}, ""e9"": {""services"": [""gesture"", ""object""], ""fps"": {""gesture"": 25, ""object"": 30}, ""eff_fps"": {""gesture"": 25, ""object"": 30}, ""latency_ms"": {""gesture"": 0, ""object"": 0}, ""svclat_ms"": {""gesture"": 19.74, ""object"": 20.04}}, ""e10"": {""services"": [""gesture"", ""object""], ""fps"": {""gesture"": 25, ""object"": 30}, ""eff_fps"": {""gesture"": 25, ""object"": 30}, ""latency_ms"": {""gesture"": 0, ""object"": 0}, ""svclat_ms"": {""gesture"": 24.31, ""object"": 21.41}}, ""e11"": {""services"": [""gesture"", ""object""], ""fps"": {""gesture"": 25, ""object"": 30}, ""eff_fps"": {""gesture"": 25, ""object"": 30}, ""latency_ms"": {""gesture"": 0, ""object"": 0}, ""svclat_ms"": {""gesture"": 20.46, ""object"": 25.65}}, ""e12"": {""services"": [""gesture"", ""object""], ""fps"": {""gesture"": 30, ""object"": 30}, ""eff_fps"": {""gesture"": 30, ""object"": 30}, ""latency_ms"": {""gesture"": 0, ""object"": 0}, ""svclat_ms"": {""gesture"": 24.69, ""object"": 24.26}}, ""e13"": {""services"": [""gesture"", ""object""], ""fps"": {""gesture"": 25, ""object"": 30}, ""eff_fps"": {""gesture"": 25, ""object"": 30}, ""latency_ms"": {""gesture"": 0, ""object"": 0}, ""svclat_ms"": {""gesture"": 19.08, ""object"": 23.71}}, ""e14"": {""services"": [""gesture"", ""object""], ""fps"": {""gesture"": 25, ""object"": 29}, ""eff_fps"": {""gesture"": 25, ""object"": 29}, ""latency_ms"": {""gesture"": 0, ""object"": 0}, ""svclat_ms"": {""gesture"": 16.93, ""object"": 25.04}}, ""e15"": {""services"": [""gesture"", ""object""], ""fps"": {""gesture"": 25, ""object"": 24}, ""eff_fps"": {""gesture"": 25, ""object"": 24}, ""latency_ms"": {""gesture"": 0, ""object"": 0}, ""svclat_ms"": {""gesture"": 20.08, ""object"": 20.67}}}"
384.8,15,14,0.933,0,0,21,15,11,0.733,1127.0,798.0,0.708,0.0,1.07,0.0,0,26.13,28.4,0,26.13,28.4,0,0,0,0,20.94,23.27,818,"{""ip-172-31-0-204"": ""healthy"", ""ip-172-31-1-171"": ""healthy"", ""ip-172-31-10-12"": ""healthy"", ""ip-172-31-11-132"": ""healthy"", ""ip-172-31-13-134"": ""healthy"", ""ip-172-31-14-68"": ""healthy"", ""ip-172-31-40-239"": ""healthy""}",subscribe,124.3,0.95,0,0,"{""ip-172-31-13-134"": {""object"": 1, ""pose"": 1}, ""ip-172-31-40-239"": {""object"": 1, ""gesture"": 1}, ""ip-172-31-1-171"": {""pose"": 1, ""object"": 1}, ""ip-172-31-10-12"": {""pose"": 1, ""object"": 1}, ""ip-172-31-14-68"": {""gesture"": 1, ""object"": 1}, ""ip-172-31-0-204"": {""object"": 1, ""gesture"": 1}, ""ip-172-31-11-132"": {""object"": 1, ""gesture"": 1, ""pose"": 1}}","{""e1"": {""services"": [""gesture"", ""object""], ""fps"": {""gesture"": 25, ""object"": 23}, ""eff_fps"": {""gesture"": 25, ""object"": 23}, ""latency_ms"": {""gesture"": 0, ""object"": 0}, ""svclat_ms"": {""gesture"": 20.97, ""object"": 23.38}}, ""e2"": {""services"": [""gesture"", ""object""], ""fps"": {""gesture"": 25, ""object"": 30}, ""eff_fps"": {""gesture"": 25, ""object"": 30}, ""latency_ms"": {""gesture"": 0, ""object"": 0}, ""svclat_ms"": {""gesture"": 24.77, ""object"": 18.2}}, ""e3"": {""services"": [""gesture"", ""object""], ""fps"": {""gesture"": 26, ""object"": 30}, ""eff_fps"": {""gesture"": 26, ""object"": 30}, ""latency_ms"": {""gesture"": 0, ""object"": 0}, ""svclat_ms"": {""gesture"": 19.28, ""object"": 23.09}}, ""e4"": {""services"": [""gesture"", ""object""], ""fps"": {""gesture"": 30, ""object"": 30}, ""eff_fps"": {""gesture"": 30, ""object"": 30}, ""latency_ms"": {""gesture"": 0, ""object"": 0}, ""svclat_ms"": {""gesture"": 19.19, ""object"": 24.69}}, ""e5"": {""services"": [""gesture"", ""object""], ""fps"": {""gesture"": 25, ""object"": 30}, ""eff_fps"": {""gesture"": 25, ""object"": 30}, ""latency_ms"": {""gesture"": 0, ""object"": 0}, ""svclat_ms"": {""gesture"": 20.22, ""object"": 23.76}}, ""e6"": {""services"": [""gesture"", ""object""], ""fps"": {""gesture"": 25, ""object"": 30}, ""eff_fps"": {""gesture"": 25, ""object"": 30}, ""latency_ms"": {""gesture"": 0, ""object"": 0}, ""svclat_ms"": {""gesture"": 21.02, ""object"": 22.82}}, ""e7"": {""services"": [""gesture"", ""object""], ""fps"": {""gesture"": 25, ""object"": 29}, ""eff_fps"": {""gesture"": 25, ""object"": 29}, ""latency_ms"": {""gesture"": 0, ""object"": 0}, ""svclat_ms"": {""gesture"": 17.77, ""object"": 26.66}}, ""e8"": {""services"": [""gesture"", ""object""], ""fps"": {""gesture"": 31, ""object"": 23}, ""eff_fps"": {""gesture"": 31, ""object"": 23}, ""latency_ms"": {""gesture"": 0, ""object"": 0}, ""svclat_ms"": {""gesture"": 18.37, ""object"": 24.08}}, ""e9"": {""services"": [""gesture"", ""object""], ""fps"": {""gesture"": 25, ""object"": 30}, ""eff_fps"": {""gesture"": 25, ""object"": 30}, ""latency_ms"": {""gesture"": 0, ""object"": 0}, ""svclat_ms"": {""gesture"": 20.59, ""object"": 20.21}}, ""e10"": {""services"": [""gesture"", ""object""], ""fps"": {""gesture"": 25, ""object"": 30}, ""eff_fps"": {""gesture"": 25, ""object"": 30}, ""latency_ms"": {""gesture"": 0, ""object"": 0}, ""svclat_ms"": {""gesture"": 26.41, ""object"": 21.63}}, ""e11"": {""services"": [""gesture"", ""object""], ""fps"": {""gesture"": 25, ""object"": 30}, ""eff_fps"": {""gesture"": 25, ""object"": 30}, ""latency_ms"": {""gesture"": 0, ""object"": 0}, ""svclat_ms"": {""gesture"": 21.59, ""object"": 24.96}}, ""e12"": {""services"": [""gesture"", ""object""], ""fps"": {""gesture"": 30, ""object"": 29}, ""eff_fps"": {""gesture"": 30, ""object"": 29}, ""latency_ms"": {""gesture"": 0, ""object"": 0}, ""svclat_ms"": {""gesture"": 26.2, ""object"": 25.75}}, ""e13"": {""services"": [""gesture"", ""object""], ""fps"": {""gesture"": 25, ""object"": 30}, ""eff_fps"": {""gesture"": 25, ""object"": 30}, ""latency_ms"": {""gesture"": 0, ""object"": 0}, ""svclat_ms"": {""gesture"": 20.39, ""object"": 24.26}}, ""e14"": {""services"": [""gesture"", ""object""], ""fps"": {""gesture"": 25, ""object"": 29}, ""eff_fps"": {""gesture"": 25, ""object"": 29}, ""latency_ms"": {""gesture"": 0, ""object"": 0}, ""svclat_ms"": {""gesture"": 18.64, ""object"": 24.99}}, ""e15"": {""services"": [""gesture"", ""object""], ""fps"": {""gesture"": 25, ""object"": 23}, ""eff_fps"": {""gesture"": 25, ""object"": 23}, ""latency_ms"": {""gesture"": 0, ""object"": 0}, ""svclat_ms"": {""gesture"": 18.73, ""object"": 20.57}}}"
387.2,15,14,0.933,0,0,21,15,11,0.733,1127.0,798.0,0.708,0.0,1.07,0.0,0,26.79,26.36,0,26.79,26.36,0,0,0,0,21.78,31.99,744,"{""ip-172-31-0-204"": ""healthy"", ""ip-172-31-1-171"": ""healthy"", ""ip-172-31-10-12"": ""healthy"", ""ip-172-31-11-132"": ""healthy"", ""ip-172-31-13-134"": ""healthy"", ""ip-172-31-14-68"": ""healthy"", ""ip-172-31-40-239"": ""healthy""}",subscribe,124.3,0.95,0,0,"{""ip-172-31-13-134"": {""object"": 1, ""pose"": 1}, ""ip-172-31-40-239"": {""object"": 1, ""gesture"": 1}, ""ip-172-31-1-171"": {""pose"": 1, ""object"": 1}, ""ip-172-31-10-12"": {""pose"": 1, ""object"": 1}, ""ip-172-31-14-68"": {""gesture"": 1, ""object"": 1}, ""ip-172-31-0-204"": {""object"": 1, ""gesture"": 1}, ""ip-172-31-11-132"": {""object"": 1, ""gesture"": 1, ""pose"": 1}}","{""e2"": {""services"": [""gesture"", ""object""], ""fps"": {""gesture"": 25, ""object"": 30}, ""eff_fps"": {""gesture"": 25, ""object"": 30}, ""latency_ms"": {""gesture"": 0, ""object"": 0}, ""svclat_ms"": {""gesture"": 18.2, ""object"": 26.03}}, ""e3"": {""services"": [""gesture"", ""object""], ""fps"": {""gesture"": 30, ""object"": 30}, ""eff_fps"": {""gesture"": 30, ""object"": 30}, ""latency_ms"": {""gesture"": 0, ""object"": 0}, ""svclat_ms"": {""gesture"": 17.42, ""object"": 26.11}}, ""e4"": {""services"": [""gesture"", ""object""], ""fps"": {""gesture"": 30, ""object"": 30}, ""eff_fps"": {""gesture"": 30, ""object"": 30}, ""latency_ms"": {""gesture"": 0, ""object"": 0}, ""svclat_ms"": {""gesture"": 15.92, ""object"": 23.66}}, ""e5"": {""services"": [""gesture"", ""object""], ""fps"": {""gesture"": 25, ""object"": 20}, ""eff_fps"": {""gesture"": 25, ""object"": 20}, ""latency_ms"": {""gesture"": 0, ""object"": 0}, ""svclat_ms"": {""gesture"": 30.19, ""object"": 50.93}}, ""e6"": {""services"": [""gesture"", ""object""], ""fps"": {""gesture"": 25, ""object"": 30}, ""eff_fps"": {""gesture"": 25, ""object"": 30}, ""latency_ms"": {""gesture"": 0, ""object"": 0}, ""svclat_ms"": {""gesture"": 17.86, ""object"": 23.23}}, ""e7"": {""services"": [""gesture"", ""object""], ""fps"": {""gesture"": 30, ""object"": 20}, ""eff_fps"": {""gesture"": 30, ""object"": 20}, ""latency_ms"": {""gesture"": 0, ""object"": 0}, ""svclat_ms"": {""gesture"": 15.34, ""object"": 51.09}}, ""e8"": {""services"": [""gesture"", ""object""], ""fps"": {""gesture"": 30, ""object"": 27}, ""eff_fps"": {""gesture"": 30, ""object"": 27}, ""latency_ms"": {""gesture"": 0, ""object"": 0}, ""svclat_ms"": {""gesture"": 21.49, ""object"": 23.24}}, ""e9"": {""services"": [""gesture"", ""object""], ""fps"": {""gesture"": 25, ""object"": 30}, ""eff_fps"": {""gesture"": 25, ""object"": 30}, ""latency_ms"": {""gesture"": 0, ""object"": 0}, ""svclat_ms"": {""gesture"": 34.07, ""object"": 26.01}}, ""e10"": {""services"": [""gesture"", ""object""], ""fps"": {""gesture"": 25, ""object"": 30}, ""eff_fps"": {""gesture"": 25, ""object"": 30}, ""latency_ms"": {""gesture"": 0, ""object"": 0}, ""svclat_ms"": {""gesture"": 22.33, ""object"": 24.49}}, ""e11"": {""services"": [""gesture"", ""object""], ""fps"": {""gesture"": 26, ""object"": 30}, ""eff_fps"": {""gesture"": 26, ""object"": 30}, ""latency_ms"": {""gesture"": 0, ""object"": 0}, ""svclat_ms"": {""gesture"": 34.18, ""object"": 24.64}}, ""e12"": {""services"": [""gesture"", ""object""], ""fps"": {""gesture"": 30, ""object"": 20}, ""eff_fps"": {""gesture"": 30, ""object"": 20}, ""latency_ms"": {""gesture"": 0, ""object"": 0}, ""svclat_ms"": {""gesture"": 15.49, ""object"": 51.21}}, ""e13"": {""services"": [""gesture"", ""object""], ""fps"": {""gesture"": 24, ""object"": 30}, ""eff_fps"": {""gesture"": 24, ""object"": 30}, ""latency_ms"": {""gesture"": 0, ""object"": 0}, ""svclat_ms"": {""gesture"": 32.32, ""object"": 21.32}}, ""e14"": {""services"": [""gesture"", ""object""], ""fps"": {""gesture"": 25, ""object"": 19}, ""eff_fps"": {""gesture"": 25, ""object"": 19}, ""latency_ms"": {""gesture"": 0, ""object"": 0}, ""svclat_ms"": {""gesture"": 16.05, ""object"": 50.97}}, ""e15"": {""services"": [""gesture"", ""object""], ""fps"": {""gesture"": 25, ""object"": 23}, ""eff_fps"": {""gesture"": 25, ""object"": 23}, ""latency_ms"": {""gesture"": 0, ""object"": 0}, ""svclat_ms"": {""gesture"": 14.1, ""object"": 24.99}}}"
391.3,15,14,0.933,0,0,21,15,11,0.733,1127.0,798.0,0.708,0.0,1.07,0.0,0,30.0,29.5,0,30.0,29.5,0,0,0,0,18.87,23.09,833,"{""ip-172-31-0-204"": ""healthy"", ""ip-172-31-1-171"": ""healthy"", ""ip-172-31-10-12"": ""healthy"", ""ip-172-31-11-132"": ""healthy"", ""ip-172-31-13-134"": ""healthy"", ""ip-172-31-14-68"": ""healthy"", ""ip-172-31-40-239"": ""healthy""}",subscribe,124.3,0.95,0,0,"{""ip-172-31-13-134"": {""object"": 1, ""pose"": 1}, ""ip-172-31-40-239"": {""object"": 1, ""gesture"": 1}, ""ip-172-31-1-171"": {""pose"": 1, ""object"": 1}, ""ip-172-31-10-12"": {""pose"": 1, ""object"": 1}, ""ip-172-31-14-68"": {""gesture"": 1, ""object"": 1}, ""ip-172-31-0-204"": {""object"": 1, ""gesture"": 1}, ""ip-172-31-11-132"": {""object"": 1, ""gesture"": 1, ""pose"": 1}}","{""e2"": {""services"": [""gesture"", ""object""], ""fps"": {""gesture"": 30, ""object"": 30}, ""eff_fps"": {""gesture"": 30, ""object"": 30}, ""latency_ms"": {""gesture"": 0, ""object"": 0}, ""svclat_ms"": {""gesture"": 18.38, ""object"": 21.05}}, ""e3"": {""services"": [""gesture"", ""object""], ""fps"": {""gesture"": 30, ""object"": 30}, ""eff_fps"": {""gesture"": 30, ""object"": 30}, ""latency_ms"": {""gesture"": 0, ""object"": 0}, ""svclat_ms"": {""gesture"": 18.0, ""object"": 23.37}}, ""e4"": {""services"": [""gesture"", ""object""], ""fps"": {""gesture"": 30, ""object"": 30}, ""eff_fps"": {""gesture"": 30, ""object"": 30}, ""latency_ms"": {""gesture"": 0, ""object"": 0}, ""svclat_ms"": {""gesture"": 18.2, ""object"": 24.54}}, ""e5"": {""services"": [""gesture"", ""object""], ""fps"": {""gesture"": 30, ""object"": 30}, ""eff_fps"": {""gesture"": 30, ""object"": 30}, ""latency_ms"": {""gesture"": 0, ""object"": 0}, ""svclat_ms"": {""gesture"": 22.93, ""object"": 24.56}}, ""e6"": {""services"": [""gesture"", ""object""], ""fps"": {""gesture"": 30, ""object"": 30}, ""eff_fps"": {""gesture"": 30, ""object"": 30}, ""latency_ms"": {""gesture"": 0, ""object"": 0}, ""svclat_ms"": {""gesture"": 18.45, ""object"": 25.23}}, ""e7"": {""services"": [""gesture"", ""object""], ""fps"": {""gesture"": 30, ""object"": 30}, ""eff_fps"": {""gesture"": 30, ""object"": 30}, ""latency_ms"": {""gesture"": 0, ""object"": 0}, ""svclat_ms"": {""gesture"": 18.31, ""object"": 22.74}}, ""e8"": {""services"": [""gesture"", ""object""], ""fps"": {""gesture"": 30, ""object"": 27}, ""eff_fps"": {""gesture"": 30, ""object"": 27}, ""latency_ms"": {""gesture"": 0, ""object"": 0}, ""svclat_ms"": {""gesture"": 22.9, ""object"": 19.35}}, ""e9"": {""services"": [""gesture"", ""object""], ""fps"": {""gesture"": 30, ""object"": 30}, ""eff_fps"": {""gesture"": 30, ""object"": 30}, ""latency_ms"": {""gesture"": 0, ""object"": 0}, ""svclat_ms"": {""gesture"": 18.88, ""object"": 20.58}}, ""e10"": {""services"": [""gesture"", ""object""], ""fps"": {""gesture"": 30, ""object"": 30}, ""eff_fps"": {""gesture"": 30, ""object"": 30}, ""latency_ms"": {""gesture"": 0, ""object"": 0}, ""svclat_ms"": {""gesture"": 16.36, ""object"": 23.91}}, ""e11"": {""services"": [""gesture"", ""object""], ""fps"": {""gesture"": 30, ""object"": 29}, ""eff_fps"": {""gesture"": 30, ""object"": 29}, ""latency_ms"": {""gesture"": 0, ""object"": 0}, ""svclat_ms"": {""gesture"": 18.16, ""object"": 23.79}}, ""e12"": {""services"": [""gesture"", ""object""], ""fps"": {""gesture"": 30, ""object"": 30}, ""eff_fps"": {""gesture"": 30, ""object"": 30}, ""latency_ms"": {""gesture"": 0, ""object"": 0}, ""svclat_ms"": {""gesture"": 18.27, ""object"": 25.08}}, ""e13"": {""services"": [""gesture"", ""object""], ""fps"": {""gesture"": 30, ""object"": 30}, ""eff_fps"": {""gesture"": 30, ""object"": 30}, ""latency_ms"": {""gesture"": 0, ""object"": 0}, ""svclat_ms"": {""gesture"": 21.78, ""object"": 25.61}}, ""e14"": {""services"": [""gesture"", ""object""], ""fps"": {""gesture"": 30, ""object"": 30}, ""eff_fps"": {""gesture"": 30, ""object"": 30}, ""latency_ms"": {""gesture"": 0, ""object"": 0}, ""svclat_ms"": {""gesture"": 17.6, ""object"": 24.29}}, ""e15"": {""services"": [""gesture"", ""object""], ""fps"": {""gesture"": 30, ""object"": 27}, ""eff_fps"": {""gesture"": 30, ""object"": 27}, ""latency_ms"": {""gesture"": 0, ""object"": 0}, ""svclat_ms"": {""gesture"": 15.94, ""object"": 19.19}}}"
396.3,14,14,1.0,0,0,21,13,12,0.923,1060.0,840,0.792,0.0,0.93,0.0,0,30.0,29.91,0,30.0,29.91,0,0,0,0,17.06,22.1,659,"{""ip-172-31-0-204"": ""healthy"", ""ip-172-31-1-171"": ""healthy"", ""ip-172-31-10-12"": ""healthy"", ""ip-172-31-11-132"": ""healthy"", ""ip-172-31-13-134"": ""healthy"", ""ip-172-31-14-68"": ""healthy"", ""ip-172-31-40-239"": ""healthy""}",unsubscribe,126.4,1.0,0,0,"{""ip-172-31-13-134"": {""object"": 1, ""gesture"": 1}, ""ip-172-31-40-239"": {""object"": 1, ""gesture"": 1}, ""ip-172-31-1-171"": {""pose"": 1, ""object"": 1}, ""ip-172-31-0-204"": {""object"": 1, ""gesture"": 1}, ""ip-172-31-11-132"": {""object"": 1, ""gesture"": 1}, ""ip-172-31-10-12"": {""object"": 1, ""gesture"": 1}, ""ip-172-31-14-68"": {""object"": 1}}","{""e5"": {""services"": [""gesture"", ""object""], ""fps"": {""gesture"": 30, ""object"": 30}, ""eff_fps"": {""gesture"": 30, ""object"": 30}, ""latency_ms"": {""gesture"": 0, ""object"": 0}, ""svclat_ms"": {""gesture"": 22.35, ""object"": 23.34}}, ""e6"": {""services"": [""gesture"", ""object""], ""fps"": {""gesture"": 30, ""object"": 30}, ""eff_fps"": {""gesture"": 30, ""object"": 30}, ""latency_ms"": {""gesture"": 0, ""object"": 0}, ""svclat_ms"": {""gesture"": 17.14, ""object"": 24.34}}, ""e7"": {""services"": [""gesture"", ""object""], ""fps"": {""gesture"": 30, ""object"": 30}, ""eff_fps"": {""gesture"": 30, ""object"": 30}, ""latency_ms"": {""gesture"": 0, ""object"": 0}, ""svclat_ms"": {""gesture"": 16.02, ""object"": 23.15}}, ""e8"": {""services"": [""gesture"", ""object""], ""fps"": {""gesture"": 30, ""object"": 30}, ""eff_fps"": {""gesture"": 30, ""object"": 30}, ""latency_ms"": {""gesture"": 0, ""object"": 0}, ""svclat_ms"": {""gesture"": 17.7, ""object"": 19.83}}, ""e9"": {""services"": [""gesture"", ""object""], ""fps"": {""gesture"": 30, ""object"": 30}, ""eff_fps"": {""gesture"": 30, ""object"": 30}, ""latency_ms"": {""gesture"": 0, ""object"": 0}, ""svclat_ms"": {""gesture"": 17.15, ""object"": 19.86}}, ""e10"": {""services"": [""gesture"", ""object""], ""fps"": {""gesture"": 30, ""object"": 30}, ""eff_fps"": {""gesture"": 30, ""object"": 30}, ""latency_ms"": {""gesture"": 0, ""object"": 0}, ""svclat_ms"": {""gesture"": 15.46, ""object"": 21.61}}, ""e11"": {""services"": [""gesture"", ""object""], ""fps"": {""gesture"": 30, ""object"": 30}, ""eff_fps"": {""gesture"": 30, ""object"": 30}, ""latency_ms"": {""gesture"": 0, ""object"": 0}, ""svclat_ms"": {""gesture"": 15.67, ""object"": 21.28}}, ""e12"": {""services"": [""gesture"", ""object""], ""fps"": {""gesture"": 30, ""object"": 30}, ""eff_fps"": {""gesture"": 30, ""object"": 30}, ""latency_ms"": {""gesture"": 0, ""object"": 0}, ""svclat_ms"": {""gesture"": 15.4, ""object"": 23.59}}, ""e13"": {""services"": [""gesture"", ""object""], ""fps"": {""gesture"": 30, ""object"": 30}, ""eff_fps"": {""gesture"": 30, ""object"": 30}, ""latency_ms"": {""gesture"": 0, ""object"": 0}, ""svclat_ms"": {""gesture"": 16.49, ""object"": 22.58}}, ""e14"": {""services"": [""gesture"", ""object""], ""fps"": {""gesture"": 30, ""object"": 30}, ""eff_fps"": {""gesture"": 30, ""object"": 30}, ""latency_ms"": {""gesture"": 0, ""object"": 0}, ""svclat_ms"": {""gesture"": 18.0, ""object"": 24.23}}, ""e15"": {""services"": [""gesture"", ""object""], ""fps"": {""gesture"": 30, ""object"": 29}, ""eff_fps"": {""gesture"": 30, ""object"": 29}, ""latency_ms"": {""gesture"": 0, ""object"": 0}, ""svclat_ms"": {""gesture"": 16.3, ""object"": 19.27}}}"
400.6,12,12,1.0,0,0,21,13,12,0.923,1060.0,720,0.679,0.0,1.08,0.0,0,29.9,30.0,0,29.9,30.0,0,0,0,0,16.29,21.61,599,"{""ip-172-31-0-204"": ""healthy"", ""ip-172-31-1-171"": ""healthy"", ""ip-172-31-10-12"": ""healthy"", ""ip-172-31-11-132"": ""healthy"", ""ip-172-31-13-134"": ""healthy"", ""ip-172-31-14-68"": ""healthy"", ""ip-172-31-40-239"": ""healthy""}",unsubscribe,116.2,1.0,0,0,"{""ip-172-31-13-134"": {""object"": 1, ""gesture"": 1}, ""ip-172-31-40-239"": {""object"": 1, ""gesture"": 1}, ""ip-172-31-1-171"": {""pose"": 1, ""object"": 1}, ""ip-172-31-0-204"": {""object"": 1, ""gesture"": 1}, ""ip-172-31-11-132"": {""object"": 1, ""gesture"": 1}, ""ip-172-31-10-12"": {""object"": 1, ""gesture"": 1}, ""ip-172-31-14-68"": {""object"": 1}}","{""e6"": {""services"": [""gesture"", ""object""], ""fps"": {""gesture"": 30, ""object"": 30}, ""eff_fps"": {""gesture"": 30, ""object"": 30}, ""latency_ms"": {""gesture"": 0, ""object"": 0}, ""svclat_ms"": {""gesture"": 16.63, ""object"": 24.3}}, ""e7"": {""services"": [""gesture"", ""object""], ""fps"": {""gesture"": 30, ""object"": 30}, ""eff_fps"": {""gesture"": 30, ""object"": 30}, ""latency_ms"": {""gesture"": 0, ""object"": 0}, ""svclat_ms"": {""gesture"": 16.03, ""object"": 20.75}}, ""e8"": {""services"": [""gesture"", ""object""], ""fps"": {""gesture"": 30, ""object"": 30}, ""eff_fps"": {""gesture"": 30, ""object"": 30}, ""latency_ms"": {""gesture"": 0, ""object"": 0}, ""svclat_ms"": {""gesture"": 17.2, ""object"": 21.14}}, ""e9"": {""services"": [""gesture"", ""object""], ""fps"": {""gesture"": 30, ""object"": 30}, ""eff_fps"": {""gesture"": 30, ""object"": 30}, ""latency_ms"": {""gesture"": 0, ""object"": 0}, ""svclat_ms"": {""gesture"": 17.33, ""object"": 19.96}}, ""e10"": {""services"": [""gesture"", ""object""], ""fps"": {""gesture"": 30, ""object"": 30}, ""eff_fps"": {""gesture"": 30, ""object"": 30}, ""latency_ms"": {""gesture"": 0, ""object"": 0}, ""svclat_ms"": {""gesture"": 14.97, ""object"": 21.88}}, ""e11"": {""services"": [""gesture"", ""object""], ""fps"": {""gesture"": 30, ""object"": 30}, ""eff_fps"": {""gesture"": 30, ""object"": 30}, ""latency_ms"": {""gesture"": 0, ""object"": 0}, ""svclat_ms"": {""gesture"": 16.21, ""object"": 21.34}}, ""e12"": {""services"": [""gesture"", ""object""], ""fps"": {""gesture"": 30, ""object"": 30}, ""eff_fps"": {""gesture"": 30, ""object"": 30}, ""latency_ms"": {""gesture"": 0, ""object"": 0}, ""svclat_ms"": {""gesture"": 15.38, ""object"": 21.84}}, ""e13"": {""services"": [""gesture"", ""object""], ""fps"": {""gesture"": 29, ""object"": 30}, ""eff_fps"": {""gesture"": 29, ""object"": 30}, ""latency_ms"": {""gesture"": 0, ""object"": 0}, ""svclat_ms"": {""gesture"": 15.58, ""object"": 22.79}}, ""e14"": {""services"": [""gesture"", ""object""], ""fps"": {""gesture"": 30, ""object"": 30}, ""eff_fps"": {""gesture"": 30, ""object"": 30}, ""latency_ms"": {""gesture"": 0, ""object"": 0}, ""svclat_ms"": {""gesture"": 18.31, ""object"": 21.4}}, ""e15"": {""services"": [""gesture"", ""object""], ""fps"": {""gesture"": 30, ""object"": 30}, ""eff_fps"": {""gesture"": 30, ""object"": 30}, ""latency_ms"": {""gesture"": 0, ""object"": 0}, ""svclat_ms"": {""gesture"": 15.22, ""object"": 20.71}}}"
405.2,10,10,1.0,0,0,21,13,12,0.923,1060.0,600,0.566,0.0,1.3,0.0,0,30.11,30.0,0,30.11,30.0,0,0,0,0,15.89,21.07,541,"{""ip-172-31-0-204"": ""healthy"", ""ip-172-31-1-171"": ""healthy"", ""ip-172-31-10-12"": ""healthy"", ""ip-172-31-11-132"": ""healthy"", ""ip-172-31-13-134"": ""healthy"", ""ip-172-31-14-68"": ""healthy"", ""ip-172-31-40-239"": ""healthy""}",unsubscribe,109.3,1.0,0,0,"{""ip-172-31-13-134"": {""object"": 1, ""gesture"": 1}, ""ip-172-31-40-239"": {""object"": 1, ""gesture"": 1}, ""ip-172-31-1-171"": {""pose"": 1, ""object"": 1}, ""ip-172-31-0-204"": {""object"": 1, ""gesture"": 1}, ""ip-172-31-11-132"": {""object"": 1, ""gesture"": 1}, ""ip-172-31-10-12"": {""object"": 1, ""gesture"": 1}, ""ip-172-31-14-68"": {""object"": 1}}","{""e7"": {""services"": [""gesture"", ""object""], ""fps"": {""gesture"": 30, ""object"": 30}, ""eff_fps"": {""gesture"": 30, ""object"": 30}, ""latency_ms"": {""gesture"": 0, ""object"": 0}, ""svclat_ms"": {""gesture"": 15.76, ""object"": 21.59}}, ""e8"": {""services"": [""gesture"", ""object""], ""fps"": {""gesture"": 30, ""object"": 30}, ""eff_fps"": {""gesture"": 30, ""object"": 30}, ""latency_ms"": {""gesture"": 0, ""object"": 0}, ""svclat_ms"": {""gesture"": 16.83, ""object"": 19.44}}, ""e9"": {""services"": [""gesture"", ""object""], ""fps"": {""gesture"": 30, ""object"": 30}, ""eff_fps"": {""gesture"": 30, ""object"": 30}, ""latency_ms"": {""gesture"": 0, ""object"": 0}, ""svclat_ms"": {""gesture"": 15.79, ""object"": 20.02}}, ""e10"": {""services"": [""gesture"", ""object""], ""fps"": {""gesture"": 31, ""object"": 30}, ""eff_fps"": {""gesture"": 31, ""object"": 30}, ""latency_ms"": {""gesture"": 0, ""object"": 0}, ""svclat_ms"": {""gesture"": 15.28, ""object"": 20.86}}, ""e11"": {""services"": [""gesture"", ""object""], ""fps"": {""gesture"": 31, ""object"": 30}, ""eff_fps"": {""gesture"": 31, ""object"": 30}, ""latency_ms"": {""gesture"": 0, ""object"": 0}, ""svclat_ms"": {""gesture"": 14.91, ""object"": 20.96}}, ""e12"": {""services"": [""gesture"", ""object""], ""fps"": {""gesture"": 30, ""object"": 30}, ""eff_fps"": {""gesture"": 30, ""object"": 30}, ""latency_ms"": {""gesture"": 0, ""object"": 0}, ""svclat_ms"": {""gesture"": 15.34, ""object"": 23.59}}, ""e13"": {""services"": [""gesture"", ""object""], ""fps"": {""gesture"": 29, ""object"": 30}, ""eff_fps"": {""gesture"": 29, ""object"": 30}, ""latency_ms"": {""gesture"": 0, ""object"": 0}, ""svclat_ms"": {""gesture"": 16.55, ""object"": 21.13}}, ""e14"": {""services"": [""gesture"", ""object""], ""fps"": {""gesture"": 30, ""object"": 30}, ""eff_fps"": {""gesture"": 30, ""object"": 30}, ""latency_ms"": {""gesture"": 0, ""object"": 0}, ""svclat_ms"": {""gesture"": 17.11, ""object"": 22.97}}, ""e15"": {""services"": [""gesture"", ""object""], ""fps"": {""gesture"": 30, ""object"": 30}, ""eff_fps"": {""gesture"": 30, ""object"": 30}, ""latency_ms"": {""gesture"": 0, ""object"": 0}, ""svclat_ms"": {""gesture"": 15.42, ""object"": 19.08}}}"
410.2,9,9,1.0,0,0,21,13,12,0.923,1060.0,540,0.509,0.0,1.44,0.0,0,30.0,30.0,0,30.0,30.0,0,0,0,0,15.52,20.28,480,"{""ip-172-31-0-204"": ""healthy"", ""ip-172-31-1-171"": ""healthy"", ""ip-172-31-10-12"": ""healthy"", ""ip-172-31-11-132"": ""healthy"", ""ip-172-31-13-134"": ""healthy"", ""ip-172-31-14-68"": ""healthy"", ""ip-172-31-40-239"": ""healthy""}",unsubscribe,102.4,1.0,0,0,"{""ip-172-31-13-134"": {""object"": 1, ""gesture"": 1}, ""ip-172-31-40-239"": {""object"": 1, ""gesture"": 1}, ""ip-172-31-1-171"": {""pose"": 1, ""object"": 1}, ""ip-172-31-0-204"": {""object"": 1, ""gesture"": 1}, ""ip-172-31-11-132"": {""object"": 1, ""gesture"": 1}, ""ip-172-31-10-12"": {""object"": 1, ""gesture"": 1}, ""ip-172-31-14-68"": {""object"": 1}}","{""e8"": {""services"": [""gesture"", ""object""], ""fps"": {""gesture"": 30, ""object"": 30}, ""eff_fps"": {""gesture"": 30, ""object"": 30}, ""latency_ms"": {""gesture"": 0, ""object"": 0}, ""svclat_ms"": {""gesture"": 16.95, ""object"": 19.43}}, ""e9"": {""services"": [""gesture"", ""object""], ""fps"": {""gesture"": 30, ""object"": 30}, ""eff_fps"": {""gesture"": 30, ""object"": 30}, ""latency_ms"": {""gesture"": 0, ""object"": 0}, ""svclat_ms"": {""gesture"": 15.58, ""object"": 20.21}}, ""e10"": {""services"": [""gesture"", ""object""], ""fps"": {""gesture"": 30, ""object"": 30}, ""eff_fps"": {""gesture"": 30, ""object"": 30}, ""latency_ms"": {""gesture"": 0, ""object"": 0}, ""svclat_ms"": {""gesture"": 14.13, ""object"": 20.96}}, ""e11"": {""services"": [""gesture"", ""object""], ""fps"": {""gesture"": 30, ""object"": 30}, ""eff_fps"": {""gesture"": 30, ""object"": 30}, ""latency_ms"": {""gesture"": 0, ""object"": 0}, ""svclat_ms"": {""gesture"": 15.21, ""object"": 20.25}}, ""e12"": {""services"": [""gesture"", ""object""], ""fps"": {""gesture"": 30, ""object"": 30}, ""eff_fps"": {""gesture"": 30, ""object"": 30}, ""latency_ms"": {""gesture"": 0, ""object"": 0}, ""svclat_ms"": {""gesture"": 15.27, ""object"": 21.66}}, ""e13"": {""services"": [""gesture"", ""object""], ""fps"": {""gesture"": 30, ""object"": 30}, ""eff_fps"": {""gesture"": 30, ""object"": 30}, ""latency_ms"": {""gesture"": 0, ""object"": 0}, ""svclat_ms"": {""gesture"": 16.06, ""object"": 21.17}}, ""e14"": {""services"": [""gesture"", ""object""], ""fps"": {""gesture"": 30, ""object"": 30}, ""eff_fps"": {""gesture"": 30, ""object"": 30}, ""latency_ms"": {""gesture"": 0, ""object"": 0}, ""svclat_ms"": {""gesture"": 16.74, ""object"": 20.07}}, ""e15"": {""services"": [""gesture"", ""object""], ""fps"": {""gesture"": 30, ""object"": 30}, ""eff_fps"": {""gesture"": 30, ""object"": 30}, ""latency_ms"": {""gesture"": 0, ""object"": 0}, ""svclat_ms"": {""gesture"": 14.18, ""object"": 18.49}}}"
412.6,8,8,1.0,0,0,21,13,12,0.923,1060.0,480,0.453,0.0,1.62,0.0,0,30.0,30.0,0,30.0,30.0,0,0,0,0,15.65,20.36,480,"{""ip-172-31-0-204"": ""healthy"", ""ip-172-31-1-171"": ""healthy"", ""ip-172-31-10-12"": ""healthy"", ""ip-172-31-11-132"": ""healthy"", ""ip-172-31-13-134"": ""healthy"", ""ip-172-31-14-68"": ""healthy"", ""ip-172-31-40-239"": ""healthy""}",unsubscribe,101.6,1.0,0,0,"{""ip-172-31-13-134"": {""object"": 1, ""gesture"": 1}, ""ip-172-31-40-239"": {""object"": 1, ""gesture"": 1}, ""ip-172-31-1-171"": {""pose"": 1, ""object"": 1}, ""ip-172-31-0-204"": {""object"": 1, ""gesture"": 1}, ""ip-172-31-11-132"": {""object"": 1, ""gesture"": 1}, ""ip-172-31-10-12"": {""object"": 1, ""gesture"": 1}, ""ip-172-31-14-68"": {""object"": 1}}","{""e8"": {""services"": [""gesture"", ""object""], ""fps"": {""gesture"": 30, ""object"": 30}, ""eff_fps"": {""gesture"": 30, ""object"": 30}, ""latency_ms"": {""gesture"": 0, ""object"": 0}, ""svclat_ms"": {""gesture"": 17.11, ""object"": 19.5}}, ""e9"": {""services"": [""gesture"", ""object""], ""fps"": {""gesture"": 30, ""object"": 30}, ""eff_fps"": {""gesture"": 30, ""object"": 30}, ""latency_ms"": {""gesture"": 0, ""object"": 0}, ""svclat_ms"": {""gesture"": 15.57, ""object"": 19.69}}, ""e10"": {""services"": [""gesture"", ""object""], ""fps"": {""gesture"": 30, ""object"": 30}, ""eff_fps"": {""gesture"": 30, ""object"": 30}, ""latency_ms"": {""gesture"": 0, ""object"": 0}, ""svclat_ms"": {""gesture"": 14.37, ""object"": 21.02}}, ""e11"": {""services"": [""gesture"", ""object""], ""fps"": {""gesture"": 30, ""object"": 30}, ""eff_fps"": {""gesture"": 30, ""object"": 30}, ""latency_ms"": {""gesture"": 0, ""object"": 0}, ""svclat_ms"": {""gesture"": 15.04, ""object"": 20.6}}, ""e12"": {""services"": [""gesture"", ""object""], ""fps"": {""gesture"": 30, ""object"": 30}, ""eff_fps"": {""gesture"": 30, ""object"": 30}, ""latency_ms"": {""gesture"": 0, ""object"": 0}, ""svclat_ms"": {""gesture"": 15.47, ""object"": 22.58}}, ""e13"": {""services"": [""gesture"", ""object""], ""fps"": {""gesture"": 30, ""object"": 30}, ""eff_fps"": {""gesture"": 30, ""object"": 30}, ""latency_ms"": {""gesture"": 0, ""object"": 0}, ""svclat_ms"": {""gesture"": 16.36, ""object"": 20.75}}, ""e14"": {""services"": [""gesture"", ""object""], ""fps"": {""gesture"": 30, ""object"": 30}, ""eff_fps"": {""gesture"": 30, ""object"": 30}, ""latency_ms"": {""gesture"": 0, ""object"": 0}, ""svclat_ms"": {""gesture"": 17.03, ""object"": 19.77}}, ""e15"": {""services"": [""gesture"", ""object""], ""fps"": {""gesture"": 30, ""object"": 30}, ""eff_fps"": {""gesture"": 30, ""object"": 30}, ""latency_ms"": {""gesture"": 0, ""object"": 0}, ""svclat_ms"": {""gesture"": 14.28, ""object"": 18.94}}}"
416.2,7,7,1.0,0,0,21,13,12,0.923,1060.0,420,0.396,0.0,1.86,0.0,0,29.86,30.0,0,29.86,30.0,0,0,0,0,15.49,20.59,419,"{""ip-172-31-0-204"": ""healthy"", ""ip-172-31-1-171"": ""healthy"", ""ip-172-31-10-12"": ""healthy"", ""ip-172-31-11-132"": ""healthy"", ""ip-172-31-13-134"": ""healthy"", ""ip-172-31-14-68"": ""healthy"", ""ip-172-31-40-239"": ""healthy""}",unsubscribe,92.9,1.0,0,0,"{""ip-172-31-13-134"": {""object"": 1, ""gesture"": 1}, ""ip-172-31-40-239"": {""object"": 1, ""gesture"": 1}, ""ip-172-31-1-171"": {""pose"": 1, ""object"": 1}, ""ip-172-31-0-204"": {""object"": 1, ""gesture"": 1}, ""ip-172-31-11-132"": {""object"": 1, ""gesture"": 1}, ""ip-172-31-10-12"": {""object"": 1, ""gesture"": 1}, ""ip-172-31-14-68"": {""object"": 1}}","{""e9"": {""services"": [""gesture"", ""object""], ""fps"": {""gesture"": 30, ""object"": 30}, ""eff_fps"": {""gesture"": 30, ""object"": 30}, ""latency_ms"": {""gesture"": 0, ""object"": 0}, ""svclat_ms"": {""gesture"": 16.2, ""object"": 19.83}}, ""e10"": {""services"": [""gesture"", ""object""], ""fps"": {""gesture"": 29, ""object"": 30}, ""eff_fps"": {""gesture"": 29, ""object"": 30}, ""latency_ms"": {""gesture"": 0, ""object"": 0}, ""svclat_ms"": {""gesture"": 14.51, ""object"": 21.1}}, ""e11"": {""services"": [""gesture"", ""object""], ""fps"": {""gesture"": 30, ""object"": 30}, ""eff_fps"": {""gesture"": 30, ""object"": 30}, ""latency_ms"": {""gesture"": 0, ""object"": 0}, ""svclat_ms"": {""gesture"": 15.27, ""object"": 20.2}}, ""e12"": {""services"": [""gesture"", ""object""], ""fps"": {""gesture"": 30, ""object"": 30}, ""eff_fps"": {""gesture"": 30, ""object"": 30}, ""latency_ms"": {""gesture"": 0, ""object"": 0}, ""svclat_ms"": {""gesture"": 15.11, ""object"": 21.04}}, ""e13"": {""services"": [""gesture"", ""object""], ""fps"": {""gesture"": 30, ""object"": 30}, ""eff_fps"": {""gesture"": 30, ""object"": 30}, ""latency_ms"": {""gesture"": 0, ""object"": 0}, ""svclat_ms"": {""gesture"": 15.82, ""object"": 21.01}}, ""e14"": {""services"": [""gesture"", ""object""], ""fps"": {""gesture"": 30, ""object"": 30}, ""eff_fps"": {""gesture"": 30, ""object"": 30}, ""latency_ms"": {""gesture"": 0, ""object"": 0}, ""svclat_ms"": {""gesture"": 17.25, ""object"": 22.65}}, ""e15"": {""services"": [""gesture"", ""object""], ""fps"": {""gesture"": 30, ""object"": 30}, ""eff_fps"": {""gesture"": 30, ""object"": 30}, ""latency_ms"": {""gesture"": 0, ""object"": 0}, ""svclat_ms"": {""gesture"": 14.25, ""object"": 18.32}}}"
419.8,7,7,1.0,0,0,21,13,12,0.923,1060.0,420,0.396,0.0,1.86,0.0,0,30.0,30.0,0,30.0,30.0,0,0,0,0,15.11,20.58,360,"{""ip-172-31-0-204"": ""healthy"", ""ip-172-31-1-171"": ""healthy"", ""ip-172-31-10-12"": ""healthy"", ""ip-172-31-11-132"": ""healthy"", ""ip-172-31-13-134"": ""healthy"", ""ip-172-31-14-68"": ""healthy"", ""ip-172-31-40-239"": ""healthy""}",unsubscribe,92.9,1.0,0,0,"{""ip-172-31-13-134"": {""object"": 1, ""gesture"": 1}, ""ip-172-31-40-239"": {""object"": 1, ""gesture"": 1}, ""ip-172-31-1-171"": {""pose"": 1, ""object"": 1}, ""ip-172-31-0-204"": {""object"": 1, ""gesture"": 1}, ""ip-172-31-11-132"": {""object"": 1, ""gesture"": 1}, ""ip-172-31-10-12"": {""object"": 1, ""gesture"": 1}, ""ip-172-31-14-68"": {""object"": 1}}","{""e10"": {""services"": [""gesture"", ""object""], ""fps"": {""gesture"": 30, ""object"": 30}, ""eff_fps"": {""gesture"": 30, ""object"": 30}, ""latency_ms"": {""gesture"": 0, ""object"": 0}, ""svclat_ms"": {""gesture"": 14.53, ""object"": 21.03}}, ""e11"": {""services"": [""gesture"", ""object""], ""fps"": {""gesture"": 30, ""object"": 30}, ""eff_fps"": {""gesture"": 30, ""object"": 30}, ""latency_ms"": {""gesture"": 0, ""object"": 0}, ""svclat_ms"": {""gesture"": 15.42, ""object"": 20.55}}, ""e12"": {""services"": [""gesture"", ""object""], ""fps"": {""gesture"": 30, ""object"": 30}, ""eff_fps"": {""gesture"": 30, ""object"": 30}, ""latency_ms"": {""gesture"": 0, ""object"": 0}, ""svclat_ms"": {""gesture"": 15.83, ""object"": 21.18}}, ""e13"": {""services"": [""gesture"", ""object""], ""fps"": {""gesture"": 30, ""object"": 30}, ""eff_fps"": {""gesture"": 30, ""object"": 30}, ""latency_ms"": {""gesture"": 0, ""object"": 0}, ""svclat_ms"": {""gesture"": 15.09, ""object"": 20.86}}, ""e14"": {""services"": [""gesture"", ""object""], ""fps"": {""gesture"": 30, ""object"": 30}, ""eff_fps"": {""gesture"": 30, ""object"": 30}, ""latency_ms"": {""gesture"": 0, ""object"": 0}, ""svclat_ms"": {""gesture"": 15.69, ""object"": 21.26}}, ""e15"": {""services"": [""gesture"", ""object""], ""fps"": {""gesture"": 30, ""object"": 30}, ""eff_fps"": {""gesture"": 30, ""object"": 30}, ""latency_ms"": {""gesture"": 0, ""object"": 0}, ""svclat_ms"": {""gesture"": 14.11, ""object"": 18.61}}}"
422.3,6,6,1.0,0,0,21,13,11,0.846,1060.0,360,0.34,0.0,2.17,0.0,0,30.0,30.0,0,30.0,30.0,0,0,0,0,15.03,20.37,360,"{""ip-172-31-0-204"": ""healthy"", ""ip-172-31-1-171"": ""healthy"", ""ip-172-31-10-12"": ""healthy"", ""ip-172-31-11-132"": ""healthy"", ""ip-172-31-13-134"": ""healthy"", ""ip-172-31-14-68"": ""healthy"", ""ip-172-31-40-239"": ""healthy""}",unsubscribe,85.6,1.0,0,0,"{""ip-172-31-13-134"": {""object"": 1, ""gesture"": 1}, ""ip-172-31-40-239"": {""object"": 1, ""gesture"": 1}, ""ip-172-31-1-171"": {""pose"": 1, ""object"": 1}, ""ip-172-31-0-204"": {""object"": 1, ""gesture"": 1}, ""ip-172-31-11-132"": {""object"": 1, ""gesture"": 1}, ""ip-172-31-10-12"": {""object"": 1, ""gesture"": 1}, ""ip-172-31-14-68"": {""object"": 1}}","{""e10"": {""services"": [""gesture"", ""object""], ""fps"": {""gesture"": 30, ""object"": 30}, ""eff_fps"": {""gesture"": 30, ""object"": 30}, ""latency_ms"": {""gesture"": 0, ""object"": 0}, ""svclat_ms"": {""gesture"": 14.7, ""object"": 20.62}}, ""e11"": {""services"": [""gesture"", ""object""], ""fps"": {""gesture"": 30, ""object"": 30}, ""eff_fps"": {""gesture"": 30, ""object"": 30}, ""latency_ms"": {""gesture"": 0, ""object"": 0}, ""svclat_ms"": {""gesture"": 15.1, ""object"": 20.69}}, ""e12"": {""services"": [""gesture"", ""object""], ""fps"": {""gesture"": 30, ""object"": 30}, ""eff_fps"": {""gesture"": 30, ""object"": 30}, ""latency_ms"": {""gesture"": 0, ""object"": 0}, ""svclat_ms"": {""gesture"": 14.95, ""object"": 21.43}}, ""e13"": {""services"": [""gesture"", ""object""], ""fps"": {""gesture"": 30, ""object"": 30}, ""eff_fps"": {""gesture"": 30, ""object"": 30}, ""latency_ms"": {""gesture"": 0, ""object"": 0}, ""svclat_ms"": {""gesture"": 15.35, ""object"": 20.96}}, ""e14"": {""services"": [""gesture"", ""object""], ""fps"": {""gesture"": 30, ""object"": 30}, ""eff_fps"": {""gesture"": 30, ""object"": 30}, ""latency_ms"": {""gesture"": 0, ""object"": 0}, ""svclat_ms"": {""gesture"": 15.54, ""object"": 20.26}}, ""e15"": {""services"": [""gesture"", ""object""], ""fps"": {""gesture"": 30, ""object"": 30}, ""eff_fps"": {""gesture"": 30, ""object"": 30}, ""latency_ms"": {""gesture"": 0, ""object"": 0}, ""svclat_ms"": {""gesture"": 14.54, ""object"": 18.28}}}"
424.7,6,6,1.0,0,0,21,13,11,0.846,1060.0,360,0.34,0.0,2.17,0.0,0,30.0,30.0,0,30.0,30.0,0,0,0,0,14.97,20.51,360,"{""ip-172-31-0-204"": ""healthy"", ""ip-172-31-1-171"": ""healthy"", ""ip-172-31-10-12"": ""healthy"", ""ip-172-31-11-132"": ""healthy"", ""ip-172-31-13-134"": ""healthy"", ""ip-172-31-14-68"": ""healthy"", ""ip-172-31-40-239"": ""healthy""}",unsubscribe,85.6,1.0,0,0,"{""ip-172-31-13-134"": {""object"": 1, ""gesture"": 1}, ""ip-172-31-40-239"": {""object"": 1, ""gesture"": 1}, ""ip-172-31-1-171"": {""pose"": 1, ""object"": 1}, ""ip-172-31-0-204"": {""object"": 1, ""gesture"": 1}, ""ip-172-31-11-132"": {""object"": 1, ""gesture"": 1}, ""ip-172-31-10-12"": {""object"": 1, ""gesture"": 1}, ""ip-172-31-14-68"": {""object"": 1}}","{""e10"": {""services"": [""gesture"", ""object""], ""fps"": {""gesture"": 30, ""object"": 30}, ""eff_fps"": {""gesture"": 30, ""object"": 30}, ""latency_ms"": {""gesture"": 0, ""object"": 0}, ""svclat_ms"": {""gesture"": 14.65, ""object"": 21.06}}, ""e11"": {""services"": [""gesture"", ""object""], ""fps"": {""gesture"": 30, ""object"": 30}, ""eff_fps"": {""gesture"": 30, ""object"": 30}, ""latency_ms"": {""gesture"": 0, ""object"": 0}, ""svclat_ms"": {""gesture"": 15.19, ""object"": 20.24}}, ""e12"": {""services"": [""gesture"", ""object""], ""fps"": {""gesture"": 30, ""object"": 30}, ""eff_fps"": {""gesture"": 30, ""object"": 30}, ""latency_ms"": {""gesture"": 0, ""object"": 0}, ""svclat_ms"": {""gesture"": 15.06, ""object"": 20.92}}, ""e13"": {""services"": [""gesture"", ""object""], ""fps"": {""gesture"": 30, ""object"": 30}, ""eff_fps"": {""gesture"": 30, ""object"": 30}, ""latency_ms"": {""gesture"": 0, ""object"": 0}, ""svclat_ms"": {""gesture"": 15.05, ""object"": 20.81}}, ""e14"": {""services"": [""gesture"", ""object""], ""fps"": {""gesture"": 30, ""object"": 30}, ""eff_fps"": {""gesture"": 30, ""object"": 30}, ""latency_ms"": {""gesture"": 0, ""object"": 0}, ""svclat_ms"": {""gesture"": 15.42, ""object"": 21.51}}, ""e15"": {""services"": [""gesture"", ""object""], ""fps"": {""gesture"": 30, ""object"": 30}, ""eff_fps"": {""gesture"": 30, ""object"": 30}, ""latency_ms"": {""gesture"": 0, ""object"": 0}, ""svclat_ms"": {""gesture"": 14.44, ""object"": 18.52}}}"
427.1,6,6,1.0,0,0,21,13,11,0.846,1060.0,360,0.34,0.0,2.17,0.0,0,29.83,30.0,0,29.83,30.0,0,0,0,0,15.22,20.78,359,"{""ip-172-31-0-204"": ""healthy"", ""ip-172-31-1-171"": ""healthy"", ""ip-172-31-10-12"": ""healthy"", ""ip-172-31-11-132"": ""healthy"", ""ip-172-31-13-134"": ""healthy"", ""ip-172-31-14-68"": ""healthy"", ""ip-172-31-40-239"": ""healthy""}",unsubscribe,85.6,1.0,0,0,"{""ip-172-31-13-134"": {""object"": 1, ""gesture"": 1}, ""ip-172-31-40-239"": {""object"": 1, ""gesture"": 1}, ""ip-172-31-1-171"": {""pose"": 1, ""object"": 1}, ""ip-172-31-0-204"": {""object"": 1, ""gesture"": 1}, ""ip-172-31-11-132"": {""object"": 1, ""gesture"": 1}, ""ip-172-31-10-12"": {""object"": 1, ""gesture"": 1}, ""ip-172-31-14-68"": {""object"": 1}}","{""e10"": {""services"": [""gesture"", ""object""], ""fps"": {""gesture"": 30, ""object"": 30}, ""eff_fps"": {""gesture"": 30, ""object"": 30}, ""latency_ms"": {""gesture"": 0, ""object"": 0}, ""svclat_ms"": {""gesture"": 14.63, ""object"": 20.83}}, ""e11"": {""services"": [""gesture"", ""object""], ""fps"": {""gesture"": 30, ""object"": 30}, ""eff_fps"": {""gesture"": 30, ""object"": 30}, ""latency_ms"": {""gesture"": 0, ""object"": 0}, ""svclat_ms"": {""gesture"": 15.04, ""object"": 20.9}}, ""e12"": {""services"": [""gesture"", ""object""], ""fps"": {""gesture"": 30, ""object"": 30}, ""eff_fps"": {""gesture"": 30, ""object"": 30}, ""latency_ms"": {""gesture"": 0, ""object"": 0}, ""svclat_ms"": {""gesture"": 15.81, ""object"": 22.07}}, ""e13"": {""services"": [""gesture"", ""object""], ""fps"": {""gesture"": 29, ""object"": 30}, ""eff_fps"": {""gesture"": 29, ""object"": 30}, ""latency_ms"": {""gesture"": 0, ""object"": 0}, ""svclat_ms"": {""gesture"": 15.86, ""object"": 20.21}}, ""e14"": {""services"": [""gesture"", ""object""], ""fps"": {""gesture"": 30, ""object"": 30}, ""eff_fps"": {""gesture"": 30, ""object"": 30}, ""latency_ms"": {""gesture"": 0, ""object"": 0}, ""svclat_ms"": {""gesture"": 15.51, ""object"": 22.49}}, ""e15"": {""services"": [""gesture"", ""object""], ""fps"": {""gesture"": 30, ""object"": 30}, ""eff_fps"": {""gesture"": 30, ""object"": 30}, ""latency_ms"": {""gesture"": 0, ""object"": 0}, ""svclat_ms"": {""gesture"": 14.45, ""object"": 18.2}}}"
429.6,6,6,1.0,0,0,21,13,11,0.846,1060.0,360,0.34,0.0,2.17,0.0,0,29.83,30.0,0,29.83,30.0,0,0,0,0,15.17,20.71,359,"{""ip-172-31-0-204"": ""healthy"", ""ip-172-31-1-171"": ""healthy"", ""ip-172-31-10-12"": ""healthy"", ""ip-172-31-11-132"": ""healthy"", ""ip-172-31-13-134"": ""healthy"", ""ip-172-31-14-68"": ""healthy"", ""ip-172-31-40-239"": ""healthy""}",unsubscribe,85.6,1.0,0,0,"{""ip-172-31-13-134"": {""object"": 1, ""gesture"": 1}, ""ip-172-31-40-239"": {""object"": 1, ""gesture"": 1}, ""ip-172-31-1-171"": {""pose"": 1, ""object"": 1}, ""ip-172-31-0-204"": {""object"": 1, ""gesture"": 1}, ""ip-172-31-11-132"": {""object"": 1, ""gesture"": 1}, ""ip-172-31-10-12"": {""object"": 1, ""gesture"": 1}, ""ip-172-31-14-68"": {""object"": 1}}","{""e10"": {""services"": [""gesture"", ""object""], ""fps"": {""gesture"": 30, ""object"": 30}, ""eff_fps"": {""gesture"": 30, ""object"": 30}, ""latency_ms"": {""gesture"": 0, ""object"": 0}, ""svclat_ms"": {""gesture"": 14.6, ""object"": 21.05}}, ""e11"": {""services"": [""gesture"", ""object""], ""fps"": {""gesture"": 30, ""object"": 30}, ""eff_fps"": {""gesture"": 30, ""object"": 30}, ""latency_ms"": {""gesture"": 0, ""object"": 0}, ""svclat_ms"": {""gesture"": 15.32, ""object"": 20.78}}, ""e12"": {""services"": [""gesture"", ""object""], ""fps"": {""gesture"": 30, ""object"": 30}, ""eff_fps"": {""gesture"": 30, ""object"": 30}, ""latency_ms"": {""gesture"": 0, ""object"": 0}, ""svclat_ms"": {""gesture"": 15.26, ""object"": 21.87}}, ""e13"": {""services"": [""gesture"", ""object""], ""fps"": {""gesture"": 29, ""object"": 30}, ""eff_fps"": {""gesture"": 29, ""object"": 30}, ""latency_ms"": {""gesture"": 0, ""object"": 0}, ""svclat_ms"": {""gesture"": 15.43, ""object"": 21.0}}, ""e14"": {""services"": [""gesture"", ""object""], ""fps"": {""gesture"": 30, ""object"": 30}, ""eff_fps"": {""gesture"": 30, ""object"": 30}, ""latency_ms"": {""gesture"": 0, ""object"": 0}, ""svclat_ms"": {""gesture"": 15.74, ""object"": 21.56}}, ""e15"": {""services"": [""gesture"", ""object""], ""fps"": {""gesture"": 30, ""object"": 30}, ""eff_fps"": {""gesture"": 30, ""object"": 30}, ""latency_ms"": {""gesture"": 0, ""object"": 0}, ""svclat_ms"": {""gesture"": 14.65, ""object"": 18.01}}}"
432.0,6,6,1.0,0,0,21,13,11,0.846,1060.0,360,0.34,0.0,2.17,0.0,0,30.0,30.0,0,30.0,30.0,0,0,0,0,15.01,20.36,360,"{""ip-172-31-0-204"": ""healthy"", ""ip-172-31-1-171"": ""healthy"", ""ip-172-31-10-12"": ""healthy"", ""ip-172-31-11-132"": ""healthy"", ""ip-172-31-13-134"": ""healthy"", ""ip-172-31-14-68"": ""healthy"", ""ip-172-31-40-239"": ""healthy""}",unsubscribe,85.6,1.0,0,0,"{""ip-172-31-13-134"": {""object"": 1, ""gesture"": 1}, ""ip-172-31-40-239"": {""object"": 1, ""gesture"": 1}, ""ip-172-31-1-171"": {""pose"": 1, ""object"": 1}, ""ip-172-31-0-204"": {""object"": 1, ""gesture"": 1}, ""ip-172-31-11-132"": {""object"": 1, ""gesture"": 1}, ""ip-172-31-10-12"": {""object"": 1, ""gesture"": 1}, ""ip-172-31-14-68"": {""object"": 1}}","{""e10"": {""services"": [""gesture"", ""object""], ""fps"": {""gesture"": 30, ""object"": 30}, ""eff_fps"": {""gesture"": 30, ""object"": 30}, ""latency_ms"": {""gesture"": 0, ""object"": 0}, ""svclat_ms"": {""gesture"": 14.58, ""object"": 20.86}}, ""e11"": {""services"": [""gesture"", ""object""], ""fps"": {""gesture"": 30, ""object"": 30}, ""eff_fps"": {""gesture"": 30, ""object"": 30}, ""latency_ms"": {""gesture"": 0, ""object"": 0}, ""svclat_ms"": {""gesture"": 14.93, ""object"": 20.72}}, ""e12"": {""services"": [""gesture"", ""object""], ""fps"": {""gesture"": 30, ""object"": 30}, ""eff_fps"": {""gesture"": 30, ""object"": 30}, ""latency_ms"": {""gesture"": 0, ""object"": 0}, ""svclat_ms"": {""gesture"": 15.28, ""object"": 21.34}}, ""e13"": {""services"": [""gesture"", ""object""], ""fps"": {""gesture"": 30, ""object"": 30}, ""eff_fps"": {""gesture"": 30, ""object"": 30}, ""latency_ms"": {""gesture"": 0, ""object"": 0}, ""svclat_ms"": {""gesture"": 15.13, ""object"": 20.91}}, ""e14"": {""services"": [""gesture"", ""object""], ""fps"": {""gesture"": 30, ""object"": 30}, ""eff_fps"": {""gesture"": 30, ""object"": 30}, ""latency_ms"": {""gesture"": 0, ""object"": 0}, ""svclat_ms"": {""gesture"": 15.76, ""object"": 20.21}}, ""e15"": {""services"": [""gesture"", ""object""], ""fps"": {""gesture"": 30, ""object"": 30}, ""eff_fps"": {""gesture"": 30, ""object"": 30}, ""latency_ms"": {""gesture"": 0, ""object"": 0}, ""svclat_ms"": {""gesture"": 14.39, ""object"": 18.14}}}"
435.9,5,5,1.0,0,0,21,13,10,0.769,1060.0,300,0.283,0.0,2.6,0.0,0,30.0,30.0,0,30.0,30.0,0,0,0,0,14.98,19.72,300,"{""ip-172-31-0-204"": ""healthy"", ""ip-172-31-1-171"": ""healthy"", ""ip-172-31-10-12"": ""healthy"", ""ip-172-31-11-132"": ""healthy"", ""ip-172-31-13-134"": ""healthy"", ""ip-172-31-14-68"": ""healthy"", ""ip-172-31-40-239"": ""healthy""}",unsubscribe,81.5,1.0,0,0,"{""ip-172-31-13-134"": {""object"": 1, ""gesture"": 1}, ""ip-172-31-40-239"": {""object"": 1, ""gesture"": 1}, ""ip-172-31-1-171"": {""pose"": 1, ""object"": 1}, ""ip-172-31-0-204"": {""object"": 1, ""gesture"": 1}, ""ip-172-31-11-132"": {""object"": 1, ""gesture"": 1}, ""ip-172-31-10-12"": {""object"": 1, ""gesture"": 1}, ""ip-172-31-14-68"": {""object"": 1}}","{""e11"": {""services"": [""gesture"", ""object""], ""fps"": {""gesture"": 30, ""object"": 30}, ""eff_fps"": {""gesture"": 30, ""object"": 30}, ""latency_ms"": {""gesture"": 0, ""object"": 0}, ""svclat_ms"": {""gesture"": 14.5, ""object"": 20.23}}, ""e12"": {""services"": [""gesture"", ""object""], ""fps"": {""gesture"": 30, ""object"": 30}, ""eff_fps"": {""gesture"": 30, ""object"": 30}, ""latency_ms"": {""gesture"": 0, ""object"": 0}, ""svclat_ms"": {""gesture"": 15.25, ""object"": 21.09}}, ""e13"": {""services"": [""gesture"", ""object""], ""fps"": {""gesture"": 30, ""object"": 30}, ""eff_fps"": {""gesture"": 30, ""object"": 30}, ""latency_ms"": {""gesture"": 0, ""object"": 0}, ""svclat_ms"": {""gesture"": 14.98, ""object"": 20.77}}, ""e14"": {""services"": [""gesture"", ""object""], ""fps"": {""gesture"": 30, ""object"": 30}, ""eff_fps"": {""gesture"": 30, ""object"": 30}, ""latency_ms"": {""gesture"": 0, ""object"": 0}, ""svclat_ms"": {""gesture"": 15.81, ""object"": 18.63}}, ""e15"": {""services"": [""gesture"", ""object""], ""fps"": {""gesture"": 30, ""object"": 30}, ""eff_fps"": {""gesture"": 30, ""object"": 30}, ""latency_ms"": {""gesture"": 0, ""object"": 0}, ""svclat_ms"": {""gesture"": 14.37, ""object"": 17.9}}}"
438.3,5,5,1.0,0,0,21,13,10,0.769,1060.0,300,0.283,0.0,2.6,0.0,0,30.0,30.0,0,30.0,30.0,0,0,0,0,15.44,19.25,180,"{""ip-172-31-0-204"": ""healthy"", ""ip-172-31-1-171"": ""healthy"", ""ip-172-31-10-12"": ""healthy"", ""ip-172-31-11-132"": ""healthy"", ""ip-172-31-13-134"": ""healthy"", ""ip-172-31-14-68"": ""healthy"", ""ip-172-31-40-239"": ""healthy""}",unsubscribe,81.5,1.0,0,0,"{""ip-172-31-13-134"": {""object"": 1, ""gesture"": 1}, ""ip-172-31-40-239"": {""object"": 1, ""gesture"": 1}, ""ip-172-31-1-171"": {""pose"": 1, ""object"": 1}, ""ip-172-31-0-204"": {""object"": 1, ""gesture"": 1}, ""ip-172-31-11-132"": {""object"": 1, ""gesture"": 1}, ""ip-172-31-10-12"": {""object"": 1, ""gesture"": 1}, ""ip-172-31-14-68"": {""object"": 1}}","{""e13"": {""services"": [""gesture"", ""object""], ""fps"": {""gesture"": 30, ""object"": 30}, ""eff_fps"": {""gesture"": 30, ""object"": 30}, ""latency_ms"": {""gesture"": 0, ""object"": 0}, ""svclat_ms"": {""gesture"": 16.25, ""object"": 20.81}}, ""e14"": {""services"": [""gesture"", ""object""], ""fps"": {""gesture"": 30, ""object"": 30}, ""eff_fps"": {""gesture"": 30, ""object"": 30}, ""latency_ms"": {""gesture"": 0, ""object"": 0}, ""svclat_ms"": {""gesture"": 15.64, ""object"": 18.72}}, ""e15"": {""services"": [""gesture"", ""object""], ""fps"": {""gesture"": 30, ""object"": 30}, ""eff_fps"": {""gesture"": 30, ""object"": 30}, ""latency_ms"": {""gesture"": 0, ""object"": 0}, ""svclat_ms"": {""gesture"": 14.42, ""object"": 18.22}}}"
441.9,4,5,1.25,0,0,21,13,10,0.769,1060.0,300,0.283,0.0,3.25,0.0,0,30.0,30.0,0,30.0,30.0,0,0,0,0,14.72,18.38,120,"{""ip-172-31-0-204"": ""healthy"", ""ip-172-31-1-171"": ""healthy"", ""ip-172-31-10-12"": ""healthy"", ""ip-172-31-11-132"": ""healthy"", ""ip-172-31-13-134"": ""healthy"", ""ip-172-31-14-68"": ""healthy"", ""ip-172-31-40-239"": ""healthy""}",unsubscribe,81.5,1.0,0,0,"{""ip-172-31-13-134"": {""object"": 1, ""gesture"": 1}, ""ip-172-31-40-239"": {""object"": 1, ""gesture"": 1}, ""ip-172-31-1-171"": {""pose"": 1, ""object"": 1}, ""ip-172-31-0-204"": {""object"": 1, ""gesture"": 1}, ""ip-172-31-11-132"": {""object"": 1, ""gesture"": 1}, ""ip-172-31-10-12"": {""object"": 1, ""gesture"": 1}, ""ip-172-31-14-68"": {""object"": 1}}","{""e14"": {""services"": [""gesture"", ""object""], ""fps"": {""gesture"": 30, ""object"": 30}, ""eff_fps"": {""gesture"": 30, ""object"": 30}, ""latency_ms"": {""gesture"": 0, ""object"": 0}, ""svclat_ms"": {""gesture"": 14.88, ""object"": 18.74}}, ""e15"": {""services"": [""gesture"", ""object""], ""fps"": {""gesture"": 30, ""object"": 30}, ""eff_fps"": {""gesture"": 30, ""object"": 30}, ""latency_ms"": {""gesture"": 0, ""object"": 0}, ""svclat_ms"": {""gesture"": 14.56, ""object"": 18.03}}}"
446.1,3,4,1.333,0,0,21,13,8,0.615,1060.0,240,0.226,0.0,4.33,0.0,0,30.0,30.0,0,30.0,30.0,0,0,0,0,13.94,17.94,60,"{""ip-172-31-0-204"": ""healthy"", ""ip-172-31-1-171"": ""healthy"", ""ip-172-31-10-12"": ""healthy"", ""ip-172-31-11-132"": ""healthy"", ""ip-172-31-13-134"": ""healthy"", ""ip-172-31-14-68"": ""healthy"", ""ip-172-31-40-239"": ""healthy""}",unsubscribe,75.6,1.0,0,0,"{""ip-172-31-13-134"": {""object"": 1, ""gesture"": 1}, ""ip-172-31-40-239"": {""object"": 1, ""gesture"": 1}, ""ip-172-31-1-171"": {""pose"": 1, ""object"": 1}, ""ip-172-31-0-204"": {""object"": 1, ""gesture"": 1}, ""ip-172-31-11-132"": {""object"": 1, ""gesture"": 1}, ""ip-172-31-10-12"": {""object"": 1, ""gesture"": 1}, ""ip-172-31-14-68"": {""object"": 1}}","{""e15"": {""services"": [""gesture"", ""object""], ""fps"": {""gesture"": 30, ""object"": 30}, ""eff_fps"": {""gesture"": 30, ""object"": 30}, ""latency_ms"": {""gesture"": 0, ""object"": 0}, ""svclat_ms"": {""gesture"": 13.94, ""object"": 17.94}}}"
449.6,1,1,1.0,0,0,21,13,2,0.154,1060.0,60,0.057,0.0,13.0,0.0,0,0,0,0,0,0,0,0,0,0,0,0,0,"{""ip-172-31-0-204"": ""healthy"", ""ip-172-31-1-171"": ""healthy"", ""ip-172-31-10-12"": ""healthy"", ""ip-172-31-11-132"": ""healthy"", ""ip-172-31-13-134"": ""healthy"", ""ip-172-31-14-68"": ""healthy"", ""ip-172-31-40-239"": ""healthy""}",unsubscribe,62.1,1.0,0,0,"{""ip-172-31-13-134"": {""object"": 1, ""gesture"": 1}, ""ip-172-31-40-239"": {""object"": 1, ""gesture"": 1}, ""ip-172-31-1-171"": {""pose"": 1, ""object"": 1}, ""ip-172-31-0-204"": {""object"": 1, ""gesture"": 1}, ""ip-172-31-11-132"": {""object"": 1, ""gesture"": 1}, ""ip-172-31-10-12"": {""object"": 1, ""gesture"": 1}, ""ip-172-31-14-68"": {""object"": 1}}",{}
455.6,0,0,0,0,0,21,0,0,0,0,0,0,0,0,0,0,0,0,0,0,0,0,0,0,0,0,0,0,{},,0,0,0,0,{},{}
