elapsed_s,n_users,nsats,sat_rate,pods_added,pods_deleted,cumulative_pod_changes,total_pods,effective_pods,effective_pod_ratio,deployed_capacity_fps,total_allocated_fps,capacity_utilization,wasted_fps,pods_per_sat_user,avg_response_ms,real_pose_fps,real_gesture_fps,real_object_fps,eff_pose_fps,eff_gesture_fps,eff_object_fps,avg_pose_latency_ms,avg_gesture_latency_ms,avg_object_latency_ms,avg_pose_svclat_ms,avg_gesture_svclat_ms,avg_object_svclat_ms,real_total_recv_fps,node_status,trigger_type,solver_time_ms,q_score,phase1_triggered,phase1_alloc_count,node_topology,per_user_detail
1.5,0,0,0,0,0,0,0,0,0.0,0,0,0.0,0.0,0,0.0,0,0,0,0,0,0,0,0,0,0,0,0,0,"{""ip-172-31-0-204"": ""healthy"", ""ip-172-31-1-171"": ""healthy"", ""ip-172-31-10-12"": ""healthy"", ""ip-172-31-11-132"": ""healthy"", ""ip-172-31-13-134"": ""healthy"", ""ip-172-31-14-68"": ""healthy"", ""ip-172-31-40-239"": ""healthy""}",unsubscribe,0.1,0.0,0,0,{},"{""a1"": {""services"": [""pose"", ""gesture""], ""fps"": {""pose"": 0, ""gesture"": 0}, ""eff_fps"": {""pose"": 0, ""gesture"": 0}, ""latency_ms"": {""pose"": 0, ""gesture"": 0}, ""svclat_ms"": {""pose"": 0.0, ""gesture"": 0.0}}}"
2.9,0,0,0,0,0,0,0,0,0.0,0,0,0.0,0.0,0,0.0,0,0,0,0,0,0,0,0,0,0,0,0,0,"{""ip-172-31-0-204"": ""healthy"", ""ip-172-31-1-171"": ""healthy"", ""ip-172-31-10-12"": ""healthy"", ""ip-172-31-11-132"": ""healthy"", ""ip-172-31-13-134"": ""healthy"", ""ip-172-31-14-68"": ""healthy"", ""ip-172-31-40-239"": ""healthy""}",unsubscribe,0.1,0.0,0,0,{},"{""a1"": {""services"": [""pose"", ""gesture""], ""fps"": {""pose"": 0, ""gesture"": 0}, ""eff_fps"": {""pose"": 0, ""gesture"": 0}, ""latency_ms"": {""pose"": 0, ""gesture"": 0}, ""svclat_ms"": {""pose"": 0.0, ""gesture"": 0.0}}}"
4.4,1,0,0.0,0,0,0,0,0,0.0,0,0,0.0,0.0,0,0.0,0,0,0,0,0,0,0,0,0,0,0,0,0,"{""ip-172-31-0-204"": ""healthy"", ""ip-172-31-1-171"": ""healthy"", ""ip-172-31-10-12"": ""healthy"", ""ip-172-31-11-132"": ""healthy"", ""ip-172-31-13-134"": ""healthy"", ""ip-172-31-14-68"": ""healthy"", ""ip-172-31-40-239"": ""healthy""}",unsubscribe,0.1,0.0,0,0,{},"{""a1"": {""services"": [""pose"", ""gesture""], ""fps"": {""pose"": 0, ""gesture"": 0}, ""eff_fps"": {""pose"": 0, ""gesture"": 0}, ""latency_ms"": {""pose"": 0, ""gesture"": 0}, ""svclat_ms"": {""pose"": 0.0, ""gesture"": 0.0}}}"
5.9,1,0,0.0,0,0,0,0,0,0.0,0,0,0.0,0.0,0,0.0,0,0,0,0,0,0,0,0,0,0,0,0,0,"{""ip-172-31-0-204"": ""healthy"", ""ip-172-31-1-171"": ""healthy"", ""ip-172-31-10-12"": ""healthy"", ""ip-172-31-11-132"": ""healthy"", ""ip-172-31-13-134"": ""healthy"", ""ip-172-31-14-68"": ""healthy"", ""ip-172-31-40-239"": ""healthy""}",unsubscribe,0.1,0.0,0,0,{},"{""a1"": {""services"": [""pose"", ""gesture""], ""fps"": {""pose"": 0, ""gesture"": 0}, ""eff_fps"": {""pose"": 0, ""gesture"": 0}, ""latency_ms"": {""pose"": 0, ""gesture"": 0}, ""svclat_ms"": {""pose"": 0.0, ""gesture"": 0.0}}, ""a2"": {""services"": [""pose"", ""gesture""], ""fps"": {""pose"": 0, ""gesture"": 0}, ""eff_fps"": {""pose"": 0, ""gesture"": 0}, ""latency_ms"": {""pose"": 0, ""gesture"": 0}, ""svclat_ms"": {""pose"": 0.0, ""gesture"": 0.0}}}"
7.3,1,0,0.0,0,0,0,0,0,0.0,0,0,0.0,0.0,0,0.0,0,0,0,0,0,0,0,0,0,0,0,0,0,"{""ip-172-31-0-204"": ""healthy"", ""ip-172-31-1-171"": ""healthy"", ""ip-172-31-10-12"": ""healthy"", ""ip-172-31-11-132"": ""healthy"", ""ip-172-31-13-134"": ""healthy"", ""ip-172-31-14-68"": ""healthy"", ""ip-172-31-40-239"": ""healthy""}",unsubscribe,0.1,0.0,0,0,{},"{""a1"": {""services"": [""pose"", ""gesture""], ""fps"": {""pose"": 0, ""gesture"": 0}, ""eff_fps"": {""pose"": 0, ""gesture"": 0}, ""latency_ms"": {""pose"": 0, ""gesture"": 0}, ""svclat_ms"": {""pose"": 0.0, ""gesture"": 0.0}}, ""a2"": {""services"": [""pose"", ""gesture""], ""fps"": {""pose"": 0, ""gesture"": 0}, ""eff_fps"": {""pose"": 0, ""gesture"": 0}, ""latency_ms"": {""pose"": 0, ""gesture"": 0}, ""svclat_ms"": {""pose"": 0.0, ""gesture"": 0.0}}}"
8.8,1,0,0.0,0,0,0,0,0,0.0,0,0,0.0,0.0,0,0.0,0,0,0,0,0,0,0,0,0,0,0,0,0,"{""ip-172-31-0-204"": ""healthy"", ""ip-172-31-1-171"": ""healthy"", ""ip-172-31-10-12"": ""healthy"", ""ip-172-31-11-132"": ""healthy"", ""ip-172-31-13-134"": ""healthy"", ""ip-172-31-14-68"": ""healthy"", ""ip-172-31-40-239"": ""healthy""}",unsubscribe,0.1,0.0,0,0,{},"{""a1"": {""services"": [""pose"", ""gesture""], ""fps"": {""pose"": 0, ""gesture"": 0}, ""eff_fps"": {""pose"": 0, ""gesture"": 0}, ""latency_ms"": {""pose"": 0, ""gesture"": 0}, ""svclat_ms"": {""pose"": 0.0, ""gesture"": 0.0}}, ""a2"": {""services"": [""pose"", ""gesture""], ""fps"": {""pose"": 0, ""gesture"": 0}, ""eff_fps"": {""pose"": 0, ""gesture"": 0}, ""latency_ms"": {""pose"": 0, ""gesture"": 0}, ""svclat_ms"": {""pose"": 0.0, ""gesture"": 0.0}}}"
10.3,1,0,0.0,0,0,0,0,0,0.0,0,0,0.0,0.0,0,0.0,0,0,0,0,0,0,0,0,0,0,0,0,0,"{""ip-172-31-0-204"": ""healthy"", ""ip-172-31-1-171"": ""healthy"", ""ip-172-31-10-12"": ""healthy"", ""ip-172-31-11-132"": ""healthy"", ""ip-172-31-13-134"": ""healthy"", ""ip-172-31-14-68"": ""healthy"", ""ip-172-31-40-239"": ""healthy""}",unsubscribe,0.1,0.0,0,0,{},"{""a1"": {""services"": [""pose"", ""gesture""], ""fps"": {""pose"": 0, ""gesture"": 0}, ""eff_fps"": {""pose"": 0, ""gesture"": 0}, ""latency_ms"": {""pose"": 0, ""gesture"": 0}, ""svclat_ms"": {""pose"": 0.0, ""gesture"": 0.0}}, ""a2"": {""services"": [""pose"", ""gesture""], ""fps"": {""pose"": 0, ""gesture"": 0}, ""eff_fps"": {""pose"": 0, ""gesture"": 0}, ""latency_ms"": {""pose"": 0, ""gesture"": 0}, ""svclat_ms"": {""pose"": 0.0, ""gesture"": 0.0}}, ""a3"": {""services"": [""pose"", ""gesture""], ""fps"": {""pose"": 0, ""gesture"": 0}, ""eff_fps"": {""pose"": 0, ""gesture"": 0}, ""latency_ms"": {""pose"": 0, ""gesture"": 0}, ""svclat_ms"": {""pose"": 0.0, ""gesture"": 0.0}}}"
11.7,1,0,0.0,0,0,0,0,0,0.0,0,0,0.0,0.0,0,0.0,0,0,0,0,0,0,0,0,0,0,0,0,0,"{""ip-172-31-0-204"": ""healthy"", ""ip-172-31-1-171"": ""healthy"", ""ip-172-31-10-12"": ""healthy"", ""ip-172-31-11-132"": ""healthy"", ""ip-172-31-13-134"": ""healthy"", ""ip-172-31-14-68"": ""healthy"", ""ip-172-31-40-239"": ""healthy""}",unsubscribe,0.1,0.0,0,0,{},"{""a1"": {""services"": [""pose"", ""gesture""], ""fps"": {""pose"": 0, ""gesture"": 0}, ""eff_fps"": {""pose"": 0, ""gesture"": 0}, ""latency_ms"": {""pose"": 0, ""gesture"": 0}, ""svclat_ms"": {""pose"": 0.0, ""gesture"": 0.0}}, ""a2"": {""services"": [""pose"", ""gesture""], ""fps"": {""pose"": 0, ""gesture"": 0}, ""eff_fps"": {""pose"": 0, ""gesture"": 0}, ""latency_ms"": {""pose"": 0, ""gesture"": 0}, ""svclat_ms"": {""pose"": 0.0, ""gesture"": 0.0}}, ""a3"": {""services"": [""pose"", ""gesture""], ""fps"": {""pose"": 0, ""gesture"": 0}, ""eff_fps"": {""pose"": 0, ""gesture"": 0}, ""latency_ms"": {""pose"": 0, ""gesture"": 0}, ""svclat_ms"": {""pose"": 0.0, ""gesture"": 0.0}}}"
13.2,1,0,0.0,0,0,0,0,0,0.0,0,0,0.0,0.0,0,0.0,0,0,0,0,0,0,0,0,0,0,0,0,0,"{""ip-172-31-0-204"": ""healthy"", ""ip-172-31-1-171"": ""healthy"", ""ip-172-31-10-12"": ""healthy"", ""ip-172-31-11-132"": ""healthy"", ""ip-172-31-13-134"": ""healthy"", ""ip-172-31-14-68"": ""healthy"", ""ip-172-31-40-239"": ""healthy""}",unsubscribe,0.1,0.0,0,0,{},"{""a1"": {""services"": [""pose"", ""gesture""], ""fps"": {""pose"": 0, ""gesture"": 0}, ""eff_fps"": {""pose"": 0, ""gesture"": 0}, ""latency_ms"": {""pose"": 0, ""gesture"": 0}, ""svclat_ms"": {""pose"": 0.0, ""gesture"": 0.0}}, ""a2"": {""services"": [""pose"", ""gesture""], ""fps"": {""pose"": 0, ""gesture"": 0}, ""eff_fps"": {""pose"": 0, ""gesture"": 0}, ""latency_ms"": {""pose"": 0, ""gesture"": 0}, ""svclat_ms"": {""pose"": 0.0, ""gesture"": 0.0}}, ""a3"": {""services"": [""pose"", ""gesture""], ""fps"": {""pose"": 0, ""gesture"": 0}, ""eff_fps"": {""pose"": 0, ""gesture"": 0}, ""latency_ms"": {""pose"": 0, ""gesture"": 0}, ""svclat_ms"": {""pose"": 0.0, ""gesture"": 0.0}}}"
18.5,2,1,0.5,2,0,2,2,2,1.0,197.0,20,0.102,0.0,2.0,0.0,10.0,10.0,0,10.0,10.0,0,0,0,0,16.74,18.27,0,40,"{""ip-172-31-0-204"": ""healthy"", ""ip-172-31-1-171"": ""healthy"", ""ip-172-31-10-12"": ""healthy"", ""ip-172-31-11-132"": ""healthy"", ""ip-172-31-13-134"": ""healthy"", ""ip-172-31-14-68"": ""healthy"", ""ip-172-31-40-239"": ""healthy""}",subscribe,9.7,0.3333,0,0,"{""ip-172-31-1-171"": {""gesture"": 1}, ""ip-172-31-0-204"": {""pose"": 1}}","{""a1"": {""services"": [""pose"", ""gesture""], ""fps"": {""pose"": 10, ""gesture"": 10}, ""eff_fps"": {""pose"": 10, ""gesture"": 10}, ""latency_ms"": {""pose"": 0, ""gesture"": 0}, ""svclat_ms"": {""pose"": 16.41, ""gesture"": 19.91}}, ""a2"": {""services"": [""pose"", ""gesture""], ""fps"": {""pose"": 10, ""gesture"": 10}, ""eff_fps"": {""pose"": 10, ""gesture"": 10}, ""latency_ms"": {""pose"": 0, ""gesture"": 0}, ""svclat_ms"": {""pose"": 17.07, ""gesture"": 16.62}}, ""a3"": {""services"": [""pose"", ""gesture""], ""fps"": {""pose"": 0, ""gesture"": 0}, ""eff_fps"": {""pose"": 0, ""gesture"": 0}, ""latency_ms"": {""pose"": 0, ""gesture"": 0}, ""svclat_ms"": {""pose"": 0.0, ""gesture"": 0.0}}, ""a4"": {""services"": [""pose"", ""gesture""], ""fps"": {""pose"": 0, ""gesture"": 0}, ""eff_fps"": {""pose"": 0, ""gesture"": 0}, ""latency_ms"": {""pose"": 0, ""gesture"": 0}, ""svclat_ms"": {""pose"": 0.0, ""gesture"": 0.0}}}"
23.4,3,3,1.0,0,0,2,2,2,1.0,197.0,60,0.305,0.0,0.67,0.0,10.0,10.25,0,10.0,10.25,0,0,0,0,22.84,18.65,0,81,"{""ip-172-31-0-204"": ""healthy"", ""ip-172-31-1-171"": ""healthy"", ""ip-172-31-10-12"": ""healthy"", ""ip-172-31-11-132"": ""healthy"", ""ip-172-31-13-134"": ""healthy"", ""ip-172-31-14-68"": ""healthy"", ""ip-172-31-40-239"": ""healthy""}",subscribe,9.0,0.3333,0,0,"{""ip-172-31-1-171"": {""gesture"": 1}, ""ip-172-31-0-204"": {""pose"": 1}}","{""a1"": {""services"": [""pose"", ""gesture""], ""fps"": {""pose"": 10, ""gesture"": 10}, ""eff_fps"": {""pose"": 10, ""gesture"": 10}, ""latency_ms"": {""pose"": 0, ""gesture"": 0}, ""svclat_ms"": {""pose"": 20.25, ""gesture"": 23.66}}, ""a2"": {""services"": [""pose"", ""gesture""], ""fps"": {""pose"": 10, ""gesture"": 11}, ""eff_fps"": {""pose"": 10, ""gesture"": 11}, ""latency_ms"": {""pose"": 0, ""gesture"": 0}, ""svclat_ms"": {""pose"": 26.99, ""gesture"": 20.1}}, ""a3"": {""services"": [""pose"", ""gesture""], ""fps"": {""pose"": 10, ""gesture"": 10}, ""eff_fps"": {""pose"": 10, ""gesture"": 10}, ""latency_ms"": {""pose"": 0, ""gesture"": 0}, ""svclat_ms"": {""pose"": 23.59, ""gesture"": 14.82}}, ""a4"": {""services"": [""pose"", ""gesture""], ""fps"": {""pose"": 10, ""gesture"": 10}, ""eff_fps"": {""pose"": 10, ""gesture"": 10}, ""latency_ms"": {""pose"": 0, ""gesture"": 0}, ""svclat_ms"": {""pose"": 20.52, ""gesture"": 16.01}}, ""a5"": {""services"": [""pose"", ""gesture""], ""fps"": {""pose"": 0, ""gesture"": 0}, ""eff_fps"": {""pose"": 0, ""gesture"": 0}, ""latency_ms"": {""pose"": 0, ""gesture"": 0}, ""svclat_ms"": {""pose"": 0.0, ""gesture"": 0.0}}}"
27.1,5,5,1.0,0,0,2,2,2,1.0,197.0,100,0.508,0.0,0.4,0.0,10.0,9.8,0,10.0,9.8,0,0,0,0,24.57,18.49,0,99,"{""ip-172-31-0-204"": ""healthy"", ""ip-172-31-1-171"": ""healthy"", ""ip-172-31-10-12"": ""healthy"", ""ip-172-31-11-132"": ""healthy"", ""ip-172-31-13-134"": ""healthy"", ""ip-172-31-14-68"": ""healthy"", ""ip-172-31-40-239"": ""healthy""}",subscribe,9.4,0.3333,0,0,"{""ip-172-31-1-171"": {""gesture"": 1}, ""ip-172-31-0-204"": {""pose"": 1}}","{""a1"": {""services"": [""pose"", ""gesture""], ""fps"": {""pose"": 10, ""gesture"": 10}, ""eff_fps"": {""pose"": 10, ""gesture"": 10}, ""latency_ms"": {""pose"": 0, ""gesture"": 0}, ""svclat_ms"": {""pose"": 20.83, ""gesture"": 23.52}}, ""a2"": {""services"": [""pose"", ""gesture""], ""fps"": {""pose"": 10, ""gesture"": 9}, ""eff_fps"": {""pose"": 10, ""gesture"": 9}, ""latency_ms"": {""pose"": 0, ""gesture"": 0}, ""svclat_ms"": {""pose"": 27.88, ""gesture"": 20.04}}, ""a3"": {""services"": [""pose"", ""gesture""], ""fps"": {""pose"": 10, ""gesture"": 10}, ""eff_fps"": {""pose"": 10, ""gesture"": 10}, ""latency_ms"": {""pose"": 0, ""gesture"": 0}, ""svclat_ms"": {""pose"": 21.27, ""gesture"": 15.58}}, ""a4"": {""services"": [""pose"", ""gesture""], ""fps"": {""pose"": 10, ""gesture"": 10}, ""eff_fps"": {""pose"": 10, ""gesture"": 10}, ""latency_ms"": {""pose"": 0, ""gesture"": 0}, ""svclat_ms"": {""pose"": 21.14, ""gesture"": 15.16}}, ""a5"": {""services"": [""pose"", ""gesture""], ""fps"": {""pose"": 10, ""gesture"": 10}, ""eff_fps"": {""pose"": 10, ""gesture"": 10}, ""latency_ms"": {""pose"": 0, ""gesture"": 0}, ""svclat_ms"": {""pose"": 31.71, ""gesture"": 18.16}}, ""a6"": {""services"": [""pose"", ""gesture""], ""fps"": {""pose"": 0, ""gesture"": 0}, ""eff_fps"": {""pose"": 0, ""gesture"": 0}, ""latency_ms"": {""pose"": 0, ""gesture"": 0}, ""svclat_ms"": {""pose"": 0.0, ""gesture"": 0.0}}}"
31.1,6,6,1.0,0,0,2,2,2,1.0,197.0,120,0.609,0.0,0.33,0.0,10.0,10.17,0,10.0,10.17,0,0,0,0,27.02,18.29,0,121,"{""ip-172-31-0-204"": ""healthy"", ""ip-172-31-1-171"": ""healthy"", ""ip-172-31-10-12"": ""healthy"", ""ip-172-31-11-132"": ""healthy"", ""ip-172-31-13-134"": ""healthy"", ""ip-172-31-14-68"": ""healthy"", ""ip-172-31-40-239"": ""healthy""}",subscribe,9.0,0.3333,0,0,"{""ip-172-31-1-171"": {""gesture"": 1}, ""ip-172-31-0-204"": {""pose"": 1}}","{""a1"": {""services"": [""pose"", ""gesture""], ""fps"": {""pose"": 10, ""gesture"": 10}, ""eff_fps"": {""pose"": 10, ""gesture"": 10}, ""latency_ms"": {""pose"": 0, ""gesture"": 0}, ""svclat_ms"": {""pose"": 31.9, ""gesture"": 24.58}}, ""a2"": {""services"": [""pose"", ""gesture""], ""fps"": {""pose"": 10, ""gesture"": 10}, ""eff_fps"": {""pose"": 10, ""gesture"": 10}, ""latency_ms"": {""pose"": 0, ""gesture"": 0}, ""svclat_ms"": {""pose"": 29.2, ""gesture"": 19.67}}, ""a3"": {""services"": [""pose"", ""gesture""], ""fps"": {""pose"": 10, ""gesture"": 10}, ""eff_fps"": {""pose"": 10, ""gesture"": 10}, ""latency_ms"": {""pose"": 0, ""gesture"": 0}, ""svclat_ms"": {""pose"": 21.47, ""gesture"": 16.08}}, ""a4"": {""services"": [""pose"", ""gesture""], ""fps"": {""pose"": 10, ""gesture"": 10}, ""eff_fps"": {""pose"": 10, ""gesture"": 10}, ""latency_ms"": {""pose"": 0, ""gesture"": 0}, ""svclat_ms"": {""pose"": 21.53, ""gesture"": 15.83}}, ""a5"": {""services"": [""pose"", ""gesture""], ""fps"": {""pose"": 10, ""gesture"": 10}, ""eff_fps"": {""pose"": 10, ""gesture"": 10}, ""latency_ms"": {""pose"": 0, ""gesture"": 0}, ""svclat_ms"": {""pose"": 31.95, ""gesture"": 18.58}}, ""a6"": {""services"": [""pose"", ""gesture""], ""fps"": {""pose"": 10, ""gesture"": 11}, ""eff_fps"": {""pose"": 10, ""gesture"": 11}, ""latency_ms"": {""pose"": 0, ""gesture"": 0}, ""svclat_ms"": {""pose"": 26.07, ""gesture"": 14.98}}, ""a7"": {""services"": [""pose"", ""gesture""], ""fps"": {""pose"": 0, ""gesture"": 0}, ""eff_fps"": {""pose"": 0, ""gesture"": 0}, ""latency_ms"": {""pose"": 0, ""gesture"": 0}, ""svclat_ms"": {""pose"": 0.0, ""gesture"": 0.0}}}"
34.8,6,6,1.0,0,0,2,2,2,1.0,197.0,120,0.609,0.0,0.33,0.0,10.0,10.0,0,10.0,10.0,0,0,0,0,34.29,20.79,0,140,"{""ip-172-31-0-204"": ""healthy"", ""ip-172-31-1-171"": ""healthy"", ""ip-172-31-10-12"": ""healthy"", ""ip-172-31-11-132"": ""healthy"", ""ip-172-31-13-134"": ""healthy"", ""ip-172-31-14-68"": ""healthy"", ""ip-172-31-40-239"": ""healthy""}",subscribe,9.0,0.3333,0,0,"{""ip-172-31-1-171"": {""gesture"": 1}, ""ip-172-31-0-204"": {""pose"": 1}}","{""a1"": {""services"": [""pose"", ""gesture""], ""fps"": {""pose"": 10, ""gesture"": 10}, ""eff_fps"": {""pose"": 10, ""gesture"": 10}, ""latency_ms"": {""pose"": 0, ""gesture"": 0}, ""svclat_ms"": {""pose"": 42.64, ""gesture"": 29.47}}, ""a2"": {""services"": [""pose"", ""gesture""], ""fps"": {""pose"": 10, ""gesture"": 10}, ""eff_fps"": {""pose"": 10, ""gesture"": 10}, ""latency_ms"": {""pose"": 0, ""gesture"": 0}, ""svclat_ms"": {""pose"": 40.0, ""gesture"": 25.45}}, ""a3"": {""services"": [""pose"", ""gesture""], ""fps"": {""pose"": 10, ""gesture"": 10}, ""eff_fps"": {""pose"": 10, ""gesture"": 10}, ""latency_ms"": {""pose"": 0, ""gesture"": 0}, ""svclat_ms"": {""pose"": 22.81, ""gesture"": 15.75}}, ""a4"": {""services"": [""pose"", ""gesture""], ""fps"": {""pose"": 10, ""gesture"": 10}, ""eff_fps"": {""pose"": 10, ""gesture"": 10}, ""latency_ms"": {""pose"": 0, ""gesture"": 0}, ""svclat_ms"": {""pose"": 33.81, ""gesture"": 19.91}}, ""a5"": {""services"": [""pose"", ""gesture""], ""fps"": {""pose"": 10, ""gesture"": 10}, ""eff_fps"": {""pose"": 10, ""gesture"": 10}, ""latency_ms"": {""pose"": 0, ""gesture"": 0}, ""svclat_ms"": {""pose"": 33.19, ""gesture"": 18.99}}, ""a6"": {""services"": [""pose"", ""gesture""], ""fps"": {""pose"": 10, ""gesture"": 10}, ""eff_fps"": {""pose"": 10, ""gesture"": 10}, ""latency_ms"": {""pose"": 0, ""gesture"": 0}, ""svclat_ms"": {""pose"": 36.31, ""gesture"": 18.03}}, ""a7"": {""services"": [""pose"", ""gesture""], ""fps"": {""pose"": 10, ""gesture"": 10}, ""eff_fps"": {""pose"": 10, ""gesture"": 10}, ""latency_ms"": {""pose"": 0, ""gesture"": 0}, ""svclat_ms"": {""pose"": 31.24, ""gesture"": 17.9}}}"
37.3,7,7,1.0,0,0,2,2,2,1.0,197.0,140,0.711,0.0,0.29,0.0,10.0,10.0,0,10.0,10.0,0,0,0,0,33.56,21.28,0,140,"{""ip-172-31-0-204"": ""healthy"", ""ip-172-31-1-171"": ""healthy"", ""ip-172-31-10-12"": ""healthy"", ""ip-172-31-11-132"": ""healthy"", ""ip-172-31-13-134"": ""healthy"", ""ip-172-31-14-68"": ""healthy"", ""ip-172-31-40-239"": ""healthy""}",subscribe,8.6,0.3333,0,0,"{""ip-172-31-1-171"": {""gesture"": 1}, ""ip-172-31-0-204"": {""pose"": 1}}","{""a1"": {""services"": [""pose"", ""gesture""], ""fps"": {""pose"": 10, ""gesture"": 10}, ""eff_fps"": {""pose"": 10, ""gesture"": 10}, ""latency_ms"": {""pose"": 0, ""gesture"": 0}, ""svclat_ms"": {""pose"": 41.64, ""gesture"": 29.32}}, ""a2"": {""services"": [""pose"", ""gesture""], ""fps"": {""pose"": 10, ""gesture"": 10}, ""eff_fps"": {""pose"": 10, ""gesture"": 10}, ""latency_ms"": {""pose"": 0, ""gesture"": 0}, ""svclat_ms"": {""pose"": 38.87, ""gesture"": 25.01}}, ""a3"": {""services"": [""pose"", ""gesture""], ""fps"": {""pose"": 10, ""gesture"": 10}, ""eff_fps"": {""pose"": 10, ""gesture"": 10}, ""latency_ms"": {""pose"": 0, ""gesture"": 0}, ""svclat_ms"": {""pose"": 22.15, ""gesture"": 16.3}}, ""a4"": {""services"": [""pose"", ""gesture""], ""fps"": {""pose"": 10, ""gesture"": 10}, ""eff_fps"": {""pose"": 10, ""gesture"": 10}, ""latency_ms"": {""pose"": 0, ""gesture"": 0}, ""svclat_ms"": {""pose"": 33.12, ""gesture"": 20.33}}, ""a5"": {""services"": [""pose"", ""gesture""], ""fps"": {""pose"": 10, ""gesture"": 10}, ""eff_fps"": {""pose"": 10, ""gesture"": 10}, ""latency_ms"": {""pose"": 0, ""gesture"": 0}, ""svclat_ms"": {""pose"": 32.86, ""gesture"": 20.84}}, ""a6"": {""services"": [""pose"", ""gesture""], ""fps"": {""pose"": 10, ""gesture"": 10}, ""eff_fps"": {""pose"": 10, ""gesture"": 10}, ""latency_ms"": {""pose"": 0, ""gesture"": 0}, ""svclat_ms"": {""pose"": 35.58, ""gesture"": 18.75}}, ""a7"": {""services"": [""pose"", ""gesture""], ""fps"": {""pose"": 10, ""gesture"": 10}, ""eff_fps"": {""pose"": 10, ""gesture"": 10}, ""latency_ms"": {""pose"": 0, ""gesture"": 0}, ""svclat_ms"": {""pose"": 30.68, ""gesture"": 18.38}}, ""a8"": {""services"": [""pose"", ""gesture""], ""fps"": {""pose"": 0, ""gesture"": 0}, ""eff_fps"": {""pose"": 0, ""gesture"": 0}, ""latency_ms"": {""pose"": 0, ""gesture"": 0}, ""svclat_ms"": {""pose"": 0.0, ""gesture"": 0.0}}}"
41.1,8,8,1.0,0,0,2,2,2,1.0,197.0,160,0.812,0.0,0.25,0.0,10.0,10.0,0,10.0,10.0,0,0,0,0,34.23,20.77,0,160,"{""ip-172-31-0-204"": ""healthy"", ""ip-172-31-1-171"": ""healthy"", ""ip-172-31-10-12"": ""healthy"", ""ip-172-31-11-132"": ""healthy"", ""ip-172-31-13-134"": ""healthy"", ""ip-172-31-14-68"": ""healthy"", ""ip-172-31-40-239"": ""healthy""}",subscribe,9.5,0.3333,0,0,"{""ip-172-31-1-171"": {""gesture"": 1}, ""ip-172-31-0-204"": {""pose"": 1}}","{""a1"": {""services"": [""pose"", ""gesture""], ""fps"": {""pose"": 10, ""gesture"": 10}, ""eff_fps"": {""pose"": 10, ""gesture"": 10}, ""latency_ms"": {""pose"": 0, ""gesture"": 0}, ""svclat_ms"": {""pose"": 43.31, ""gesture"": 30.31}}, ""a2"": {""services"": [""pose"", ""gesture""], ""fps"": {""pose"": 10, ""gesture"": 10}, ""eff_fps"": {""pose"": 10, ""gesture"": 10}, ""latency_ms"": {""pose"": 0, ""gesture"": 0}, ""svclat_ms"": {""pose"": 39.63, ""gesture"": 26.1}}, ""a3"": {""services"": [""pose"", ""gesture""], ""fps"": {""pose"": 10, ""gesture"": 10}, ""eff_fps"": {""pose"": 10, ""gesture"": 10}, ""latency_ms"": {""pose"": 0, ""gesture"": 0}, ""svclat_ms"": {""pose"": 22.17, ""gesture"": 15.7}}, ""a4"": {""services"": [""pose"", ""gesture""], ""fps"": {""pose"": 10, ""gesture"": 10}, ""eff_fps"": {""pose"": 10, ""gesture"": 10}, ""latency_ms"": {""pose"": 0, ""gesture"": 0}, ""svclat_ms"": {""pose"": 32.97, ""gesture"": 20.66}}, ""a5"": {""services"": [""pose"", ""gesture""], ""fps"": {""pose"": 10, ""gesture"": 10}, ""eff_fps"": {""pose"": 10, ""gesture"": 10}, ""latency_ms"": {""pose"": 0, ""gesture"": 0}, ""svclat_ms"": {""pose"": 31.16, ""gesture"": 20.39}}, ""a6"": {""services"": [""pose"", ""gesture""], ""fps"": {""pose"": 10, ""gesture"": 10}, ""eff_fps"": {""pose"": 10, ""gesture"": 10}, ""latency_ms"": {""pose"": 0, ""gesture"": 0}, ""svclat_ms"": {""pose"": 36.8, ""gesture"": 19.54}}, ""a7"": {""services"": [""pose"", ""gesture""], ""fps"": {""pose"": 10, ""gesture"": 10}, ""eff_fps"": {""pose"": 10, ""gesture"": 10}, ""latency_ms"": {""pose"": 0, ""gesture"": 0}, ""svclat_ms"": {""pose"": 30.71, ""gesture"": 18.5}}, ""a8"": {""services"": [""pose"", ""gesture""], ""fps"": {""pose"": 10, ""gesture"": 10}, ""eff_fps"": {""pose"": 10, ""gesture"": 10}, ""latency_ms"": {""pose"": 0, ""gesture"": 0}, ""svclat_ms"": {""pose"": 37.09, ""gesture"": 14.95}}, ""a9"": {""services"": [""pose"", ""gesture""], ""fps"": {""pose"": 0, ""gesture"": 0}, ""eff_fps"": {""pose"": 0, ""gesture"": 0}, ""latency_ms"": {""pose"": 0, ""gesture"": 0}, ""svclat_ms"": {""pose"": 0.0, ""gesture"": 0.0}}}"
43.5,8,8,1.0,0,0,2,2,2,1.0,197.0,160,0.812,0.0,0.25,0.0,10.12,9.62,0,10.12,9.25,0,0,0,0,34.69,29.5,0,158,"{""ip-172-31-0-204"": ""healthy"", ""ip-172-31-1-171"": ""healthy"", ""ip-172-31-10-12"": ""healthy"", ""ip-172-31-11-132"": ""healthy"", ""ip-172-31-13-134"": ""healthy"", ""ip-172-31-14-68"": ""healthy"", ""ip-172-31-40-239"": ""healthy""}",subscribe,9.5,0.3333,0,0,"{""ip-172-31-1-171"": {""gesture"": 1}, ""ip-172-31-0-204"": {""pose"": 1}}","{""a1"": {""services"": [""pose"", ""gesture""], ""fps"": {""pose"": 10, ""gesture"": 10}, ""eff_fps"": {""pose"": 10, ""gesture"": 10}, ""latency_ms"": {""pose"": 0, ""gesture"": 0}, ""svclat_ms"": {""pose"": 43.11, ""gesture"": 30.6}}, ""a2"": {""services"": [""pose"", ""gesture""], ""fps"": {""pose"": 10, ""gesture"": 10}, ""eff_fps"": {""pose"": 10, ""gesture"": 10}, ""latency_ms"": {""pose"": 0, ""gesture"": 0}, ""svclat_ms"": {""pose"": 39.49, ""gesture"": 26.01}}, ""a3"": {""services"": [""pose"", ""gesture""], ""fps"": {""pose"": 11, ""gesture"": 8}, ""eff_fps"": {""pose"": 11, ""gesture"": 7}, ""latency_ms"": {""pose"": 0, ""gesture"": 0}, ""svclat_ms"": {""pose"": 23.02, ""gesture"": 47.37}}, ""a4"": {""services"": [""pose"", ""gesture""], ""fps"": {""pose"": 10, ""gesture"": 9}, ""eff_fps"": {""pose"": 10, ""gesture"": 7}, ""latency_ms"": {""pose"": 0, ""gesture"": 0}, ""svclat_ms"": {""pose"": 33.21, ""gesture"": 59.41}}, ""a5"": {""services"": [""pose"", ""gesture""], ""fps"": {""pose"": 10, ""gesture"": 10}, ""eff_fps"": {""pose"": 10, ""gesture"": 10}, ""latency_ms"": {""pose"": 0, ""gesture"": 0}, ""svclat_ms"": {""pose"": 33.19, ""gesture"": 19.58}}, ""a6"": {""services"": [""pose"", ""gesture""], ""fps"": {""pose"": 10, ""gesture"": 10}, ""eff_fps"": {""pose"": 10, ""gesture"": 10}, ""latency_ms"": {""pose"": 0, ""gesture"": 0}, ""svclat_ms"": {""pose"": 37.0, ""gesture"": 19.49}}, ""a7"": {""services"": [""pose"", ""gesture""], ""fps"": {""pose"": 10, ""gesture"": 10}, ""eff_fps"": {""pose"": 10, ""gesture"": 10}, ""latency_ms"": {""pose"": 0, ""gesture"": 0}, ""svclat_ms"": {""pose"": 30.95, ""gesture"": 18.54}}, ""a8"": {""services"": [""pose"", ""gesture""], ""fps"": {""pose"": 10, ""gesture"": 10}, ""eff_fps"": {""pose"": 10, ""gesture"": 10}, ""latency_ms"": {""pose"": 0, ""gesture"": 0}, ""svclat_ms"": {""pose"": 37.57, ""gesture"": 14.97}}, ""a9"": {""services"": [""pose"", ""gesture""], ""fps"": {""pose"": 0, ""gesture"": 0}, ""eff_fps"": {""pose"": 0, ""gesture"": 0}, ""latency_ms"": {""pose"": 0, ""gesture"": 0}, ""svclat_ms"": {""pose"": 0.0, ""gesture"": 0.0}}}"
46.0,9,8,0.889,0,0,2,2,2,1.0,197.0,160,0.812,0.0,0.25,0.0,8.0,10.0,0,6.62,10.0,0,0,0,0,82.22,18.15,0,144,"{""ip-172-31-0-204"": ""healthy"", ""ip-172-31-1-171"": ""healthy"", ""ip-172-31-10-12"": ""healthy"", ""ip-172-31-11-132"": ""healthy"", ""ip-172-31-13-134"": ""healthy"", ""ip-172-31-14-68"": ""healthy"", ""ip-172-31-40-239"": ""healthy""}",subscribe,9.5,0.3333,0,0,"{""ip-172-31-1-171"": {""gesture"": 1}, ""ip-172-31-0-204"": {""pose"": 1}}","{""a1"": {""services"": [""pose"", ""gesture""], ""fps"": {""pose"": 8, ""gesture"": 10}, ""eff_fps"": {""pose"": 6, ""gesture"": 10}, ""latency_ms"": {""pose"": 0, ""gesture"": 0}, ""svclat_ms"": {""pose"": 102.38, ""gesture"": 16.99}}, ""a2"": {""services"": [""pose"", ""gesture""], ""fps"": {""pose"": 8, ""gesture"": 10}, ""eff_fps"": {""pose"": 6, ""gesture"": 10}, ""latency_ms"": {""pose"": 0, ""gesture"": 0}, ""svclat_ms"": {""pose"": 100.17, ""gesture"": 16.15}}, ""a3"": {""services"": [""pose"", ""gesture""], ""fps"": {""pose"": 8, ""gesture"": 10}, ""eff_fps"": {""pose"": 8, ""gesture"": 10}, ""latency_ms"": {""pose"": 0, ""gesture"": 0}, ""svclat_ms"": {""pose"": 32.12, ""gesture"": 19.86}}, ""a4"": {""services"": [""pose"", ""gesture""], ""fps"": {""pose"": 8, ""gesture"": 10}, ""eff_fps"": {""pose"": 6, ""gesture"": 10}, ""latency_ms"": {""pose"": 0, ""gesture"": 0}, ""svclat_ms"": {""pose"": 72.56, ""gesture"": 17.98}}, ""a5"": {""services"": [""pose"", ""gesture""], ""fps"": {""pose"": 8, ""gesture"": 10}, ""eff_fps"": {""pose"": 7, ""gesture"": 10}, ""latency_ms"": {""pose"": 0, ""gesture"": 0}, ""svclat_ms"": {""pose"": 87.66, ""gesture"": 19.05}}, ""a6"": {""services"": [""pose"", ""gesture""], ""fps"": {""pose"": 8, ""gesture"": 10}, ""eff_fps"": {""pose"": 7, ""gesture"": 10}, ""latency_ms"": {""pose"": 0, ""gesture"": 0}, ""svclat_ms"": {""pose"": 85.64, ""gesture"": 18.21}}, ""a7"": {""services"": [""pose"", ""gesture""], ""fps"": {""pose"": 8, ""gesture"": 10}, ""eff_fps"": {""pose"": 7, ""gesture"": 10}, ""latency_ms"": {""pose"": 0, ""gesture"": 0}, ""svclat_ms"": {""pose"": 83.79, ""gesture"": 18.76}}, ""a8"": {""services"": [""pose"", ""gesture""], ""fps"": {""pose"": 8, ""gesture"": 10}, ""eff_fps"": {""pose"": 6, ""gesture"": 10}, ""latency_ms"": {""pose"": 0, ""gesture"": 0}, ""svclat_ms"": {""pose"": 93.45, ""gesture"": 18.2}}, ""a9"": {""services"": [""pose"", ""gesture""], ""fps"": {""pose"": 0, ""gesture"": 0}, ""eff_fps"": {""pose"": 0, ""gesture"": 0}, ""latency_ms"": {""pose"": 0, ""gesture"": 0}, ""svclat_ms"": {""pose"": 0.0, ""gesture"": 0.0}}, ""a10"": {""services"": [""pose"", ""gesture""], ""fps"": {""pose"": 0, ""gesture"": 0}, ""eff_fps"": {""pose"": 0, ""gesture"": 0}, ""latency_ms"": {""pose"": 0, ""gesture"": 0}, ""svclat_ms"": {""pose"": 0.0, ""gesture"": 0.0}}}"
48.5,9,8,0.889,0,0,2,2,2,1.0,197.0,160,0.812,0.0,0.25,0.0,10.25,10.12,0,10.25,10.12,0,0,0,0,26.5,20.16,0,163,"{""ip-172-31-0-204"": ""healthy"", ""ip-172-31-1-171"": ""healthy"", ""ip-172-31-10-12"": ""healthy"", ""ip-172-31-11-132"": ""healthy"", ""ip-172-31-13-134"": ""healthy"", ""ip-172-31-14-68"": ""healthy"", ""ip-172-31-40-239"": ""healthy""}",subscribe,9.5,0.3333,0,0,"{""ip-172-31-1-171"": {""gesture"": 1}, ""ip-172-31-0-204"": {""pose"": 1}}","{""a1"": {""services"": [""pose"", ""gesture""], ""fps"": {""pose"": 10, ""gesture"": 10}, ""eff_fps"": {""pose"": 10, ""gesture"": 10}, ""latency_ms"": {""pose"": 0, ""gesture"": 0}, ""svclat_ms"": {""pose"": 23.34, ""gesture"": 17.02}}, ""a2"": {""services"": [""pose"", ""gesture""], ""fps"": {""pose"": 10, ""gesture"": 10}, ""eff_fps"": {""pose"": 10, ""gesture"": 10}, ""latency_ms"": {""pose"": 0, ""gesture"": 0}, ""svclat_ms"": {""pose"": 28.87, ""gesture"": 15.53}}, ""a3"": {""services"": [""pose"", ""gesture""], ""fps"": {""pose"": 10, ""gesture"": 10}, ""eff_fps"": {""pose"": 10, ""gesture"": 10}, ""latency_ms"": {""pose"": 0, ""gesture"": 0}, ""svclat_ms"": {""pose"": 27.16, ""gesture"": 20.21}}, ""a4"": {""services"": [""pose"", ""gesture""], ""fps"": {""pose"": 11, ""gesture"": 10}, ""eff_fps"": {""pose"": 11, ""gesture"": 10}, ""latency_ms"": {""pose"": 0, ""gesture"": 0}, ""svclat_ms"": {""pose"": 33.06, ""gesture"": 21.51}}, ""a5"": {""services"": [""pose"", ""gesture""], ""fps"": {""pose"": 10, ""gesture"": 10}, ""eff_fps"": {""pose"": 10, ""gesture"": 10}, ""latency_ms"": {""pose"": 0, ""gesture"": 0}, ""svclat_ms"": {""pose"": 25.97, ""gesture"": 23.59}}, ""a6"": {""services"": [""pose"", ""gesture""], ""fps"": {""pose"": 10, ""gesture"": 10}, ""eff_fps"": {""pose"": 10, ""gesture"": 10}, ""latency_ms"": {""pose"": 0, ""gesture"": 0}, ""svclat_ms"": {""pose"": 21.99, ""gesture"": 19.87}}, ""a7"": {""services"": [""pose"", ""gesture""], ""fps"": {""pose"": 10, ""gesture"": 10}, ""eff_fps"": {""pose"": 10, ""gesture"": 10}, ""latency_ms"": {""pose"": 0, ""gesture"": 0}, ""svclat_ms"": {""pose"": 27.0, ""gesture"": 22.79}}, ""a8"": {""services"": [""pose"", ""gesture""], ""fps"": {""pose"": 11, ""gesture"": 11}, ""eff_fps"": {""pose"": 11, ""gesture"": 11}, ""latency_ms"": {""pose"": 0, ""gesture"": 0}, ""svclat_ms"": {""pose"": 24.58, ""gesture"": 20.75}}, ""a9"": {""services"": [""pose"", ""gesture""], ""fps"": {""pose"": 0, ""gesture"": 0}, ""eff_fps"": {""pose"": 0, ""gesture"": 0}, ""latency_ms"": {""pose"": 0, ""gesture"": 0}, ""svclat_ms"": {""pose"": 0.0, ""gesture"": 0.0}}, ""a10"": {""services"": [""pose"", ""gesture""], ""fps"": {""pose"": 0, ""gesture"": 0}, ""eff_fps"": {""pose"": 0, ""gesture"": 0}, ""latency_ms"": {""pose"": 0, ""gesture"": 0}, ""svclat_ms"": {""pose"": 0.0, ""gesture"": 0.0}}}"
50.9,9,8,0.889,0,0,2,2,2,1.0,197.0,160,0.812,0.0,0.25,0.0,9.88,10.0,0,9.88,10.0,0,0,0,0,26.28,16.53,0,159,"{""ip-172-31-0-204"": ""healthy"", ""ip-172-31-1-171"": ""healthy"", ""ip-172-31-10-12"": ""healthy"", ""ip-172-31-11-132"": ""healthy"", ""ip-172-31-13-134"": ""healthy"", ""ip-172-31-14-68"": ""healthy"", ""ip-172-31-40-239"": ""healthy""}",subscribe,9.5,0.3333,0,0,"{""ip-172-31-1-171"": {""gesture"": 1}, ""ip-172-31-0-204"": {""pose"": 1}}","{""a1"": {""services"": [""pose"", ""gesture""], ""fps"": {""pose"": 10, ""gesture"": 10}, ""eff_fps"": {""pose"": 10, ""gesture"": 10}, ""latency_ms"": {""pose"": 0, ""gesture"": 0}, ""svclat_ms"": {""pose"": 24.09, ""gesture"": 15.77}}, ""a2"": {""services"": [""pose"", ""gesture""], ""fps"": {""pose"": 10, ""gesture"": 10}, ""eff_fps"": {""pose"": 10, ""gesture"": 10}, ""latency_ms"": {""pose"": 0, ""gesture"": 0}, ""svclat_ms"": {""pose"": 27.34, ""gesture"": 14.8}}, ""a3"": {""services"": [""pose"", ""gesture""], ""fps"": {""pose"": 10, ""gesture"": 10}, ""eff_fps"": {""pose"": 10, ""gesture"": 10}, ""latency_ms"": {""pose"": 0, ""gesture"": 0}, ""svclat_ms"": {""pose"": 27.25, ""gesture"": 17.63}}, ""a4"": {""services"": [""pose"", ""gesture""], ""fps"": {""pose"": 10, ""gesture"": 10}, ""eff_fps"": {""pose"": 10, ""gesture"": 10}, ""latency_ms"": {""pose"": 0, ""gesture"": 0}, ""svclat_ms"": {""pose"": 28.87, ""gesture"": 15.37}}, ""a5"": {""services"": [""pose"", ""gesture""], ""fps"": {""pose"": 10, ""gesture"": 10}, ""eff_fps"": {""pose"": 10, ""gesture"": 10}, ""latency_ms"": {""pose"": 0, ""gesture"": 0}, ""svclat_ms"": {""pose"": 26.77, ""gesture"": 17.59}}, ""a6"": {""services"": [""pose"", ""gesture""], ""fps"": {""pose"": 10, ""gesture"": 10}, ""eff_fps"": {""pose"": 10, ""gesture"": 10}, ""latency_ms"": {""pose"": 0, ""gesture"": 0}, ""svclat_ms"": {""pose"": 22.55, ""gesture"": 16.87}}, ""a7"": {""services"": [""pose"", ""gesture""], ""fps"": {""pose"": 10, ""gesture"": 10}, ""eff_fps"": {""pose"": 10, ""gesture"": 10}, ""latency_ms"": {""pose"": 0, ""gesture"": 0}, ""svclat_ms"": {""pose"": 28.51, ""gesture"": 17.19}}, ""a8"": {""services"": [""pose"", ""gesture""], ""fps"": {""pose"": 9, ""gesture"": 10}, ""eff_fps"": {""pose"": 9, ""gesture"": 10}, ""latency_ms"": {""pose"": 0, ""gesture"": 0}, ""svclat_ms"": {""pose"": 24.87, ""gesture"": 17.04}}, ""a9"": {""services"": [""pose"", ""gesture""], ""fps"": {""pose"": 0, ""gesture"": 0}, ""eff_fps"": {""pose"": 0, ""gesture"": 0}, ""latency_ms"": {""pose"": 0, ""gesture"": 0}, ""svclat_ms"": {""pose"": 0.0, ""gesture"": 0.0}}, ""a10"": {""services"": [""pose"", ""gesture""], ""fps"": {""pose"": 0, ""gesture"": 0}, ""eff_fps"": {""pose"": 0, ""gesture"": 0}, ""latency_ms"": {""pose"": 0, ""gesture"": 0}, ""svclat_ms"": {""pose"": 0.0, ""gesture"": 0.0}}, ""a11"": {""services"": [""pose"", ""gesture""], ""fps"": {""pose"": 0, ""gesture"": 0}, ""eff_fps"": {""pose"": 0, ""gesture"": 0}, ""latency_ms"": {""pose"": 0, ""gesture"": 0}, ""svclat_ms"": {""pose"": 0.0, ""gesture"": 0.0}}}"
53.4,9,8,0.889,0,0,2,2,2,1.0,197.0,160,0.812,0.0,0.25,0.0,9.88,10.0,0,9.88,10.0,0,0,0,0,26.28,16.59,0,159,"{""ip-172-31-0-204"": ""healthy"", ""ip-172-31-1-171"": ""healthy"", ""ip-172-31-10-12"": ""healthy"", ""ip-172-31-11-132"": ""healthy"", ""ip-172-31-13-134"": ""healthy"", ""ip-172-31-14-68"": ""healthy"", ""ip-172-31-40-239"": ""healthy""}",subscribe,9.5,0.3333,0,0,"{""ip-172-31-1-171"": {""gesture"": 1}, ""ip-172-31-0-204"": {""pose"": 1}}","{""a1"": {""services"": [""pose"", ""gesture""], ""fps"": {""pose"": 10, ""gesture"": 10}, ""eff_fps"": {""pose"": 10, ""gesture"": 10}, ""latency_ms"": {""pose"": 0, ""gesture"": 0}, ""svclat_ms"": {""pose"": 24.35, ""gesture"": 15.61}}, ""a2"": {""services"": [""pose"", ""gesture""], ""fps"": {""pose"": 10, ""gesture"": 10}, ""eff_fps"": {""pose"": 10, ""gesture"": 10}, ""latency_ms"": {""pose"": 0, ""gesture"": 0}, ""svclat_ms"": {""pose"": 29.3, ""gesture"": 14.94}}, ""a3"": {""services"": [""pose"", ""gesture""], ""fps"": {""pose"": 10, ""gesture"": 10}, ""eff_fps"": {""pose"": 10, ""gesture"": 10}, ""latency_ms"": {""pose"": 0, ""gesture"": 0}, ""svclat_ms"": {""pose"": 27.8, ""gesture"": 17.44}}, ""a4"": {""services"": [""pose"", ""gesture""], ""fps"": {""pose"": 10, ""gesture"": 10}, ""eff_fps"": {""pose"": 10, ""gesture"": 10}, ""latency_ms"": {""pose"": 0, ""gesture"": 0}, ""svclat_ms"": {""pose"": 29.31, ""gesture"": 15.39}}, ""a5"": {""services"": [""pose"", ""gesture""], ""fps"": {""pose"": 9, ""gesture"": 10}, ""eff_fps"": {""pose"": 9, ""gesture"": 10}, ""latency_ms"": {""pose"": 0, ""gesture"": 0}, ""svclat_ms"": {""pose"": 25.96, ""gesture"": 17.8}}, ""a6"": {""services"": [""pose"", ""gesture""], ""fps"": {""pose"": 10, ""gesture"": 10}, ""eff_fps"": {""pose"": 10, ""gesture"": 10}, ""latency_ms"": {""pose"": 0, ""gesture"": 0}, ""svclat_ms"": {""pose"": 22.1, ""gesture"": 16.78}}, ""a7"": {""services"": [""pose"", ""gesture""], ""fps"": {""pose"": 10, ""gesture"": 10}, ""eff_fps"": {""pose"": 10, ""gesture"": 10}, ""latency_ms"": {""pose"": 0, ""gesture"": 0}, ""svclat_ms"": {""pose"": 26.94, ""gesture"": 17.61}}, ""a8"": {""services"": [""pose"", ""gesture""], ""fps"": {""pose"": 10, ""gesture"": 10}, ""eff_fps"": {""pose"": 10, ""gesture"": 10}, ""latency_ms"": {""pose"": 0, ""gesture"": 0}, ""svclat_ms"": {""pose"": 24.49, ""gesture"": 17.11}}, ""a9"": {""services"": [""pose"", ""gesture""], ""fps"": {""pose"": 0, ""gesture"": 0}, ""eff_fps"": {""pose"": 0, ""gesture"": 0}, ""latency_ms"": {""pose"": 0, ""gesture"": 0}, ""svclat_ms"": {""pose"": 0.0, ""gesture"": 0.0}}, ""a10"": {""services"": [""pose"", ""gesture""], ""fps"": {""pose"": 0, ""gesture"": 0}, ""eff_fps"": {""pose"": 0, ""gesture"": 0}, ""latency_ms"": {""pose"": 0, ""gesture"": 0}, ""svclat_ms"": {""pose"": 0.0, ""gesture"": 0.0}}, ""a11"": {""services"": [""pose"", ""gesture""], ""fps"": {""pose"": 0, ""gesture"": 0}, ""eff_fps"": {""pose"": 0, ""gesture"": 0}, ""latency_ms"": {""pose"": 0, ""gesture"": 0}, ""svclat_ms"": {""pose"": 0.0, ""gesture"": 0.0}}}"
57.1,9,8,0.889,0,0,2,2,2,1.0,197.0,160,0.812,0.0,0.25,0.0,10.11,10.0,0,10.11,10.0,0,0,0,0,24.95,16.54,0,181,"{""ip-172-31-0-204"": ""healthy"", ""ip-172-31-1-171"": ""healthy"", ""ip-172-31-10-12"": ""healthy"", ""ip-172-31-11-132"": ""healthy"", ""ip-172-31-13-134"": ""healthy"", ""ip-172-31-14-68"": ""healthy"", ""ip-172-31-40-239"": ""healthy""}",subscribe,9.5,0.3333,0,0,"{""ip-172-31-1-171"": {""gesture"": 1}, ""ip-172-31-0-204"": {""pose"": 1}}","{""a1"": {""services"": [""pose"", ""gesture""], ""fps"": {""pose"": 10, ""gesture"": 10}, ""eff_fps"": {""pose"": 10, ""gesture"": 10}, ""latency_ms"": {""pose"": 0, ""gesture"": 0}, ""svclat_ms"": {""pose"": 23.37, ""gesture"": 15.36}}, ""a2"": {""services"": [""pose"", ""gesture""], ""fps"": {""pose"": 10, ""gesture"": 10}, ""eff_fps"": {""pose"": 10, ""gesture"": 10}, ""latency_ms"": {""pose"": 0, ""gesture"": 0}, ""svclat_ms"": {""pose"": 28.43, ""gesture"": 16.32}}, ""a3"": {""services"": [""pose"", ""gesture""], ""fps"": {""pose"": 10, ""gesture"": 10}, ""eff_fps"": {""pose"": 10, ""gesture"": 10}, ""latency_ms"": {""pose"": 0, ""gesture"": 0}, ""svclat_ms"": {""pose"": 27.73, ""gesture"": 19.52}}, ""a4"": {""services"": [""pose"", ""gesture""], ""fps"": {""pose"": 10, ""gesture"": 10}, ""eff_fps"": {""pose"": 10, ""gesture"": 10}, ""latency_ms"": {""pose"": 0, ""gesture"": 0}, ""svclat_ms"": {""pose"": 29.44, ""gesture"": 17.02}}, ""a5"": {""services"": [""pose"", ""gesture""], ""fps"": {""pose"": 11, ""gesture"": 10}, ""eff_fps"": {""pose"": 11, ""gesture"": 10}, ""latency_ms"": {""pose"": 0, ""gesture"": 0}, ""svclat_ms"": {""pose"": 25.68, ""gesture"": 16.19}}, ""a6"": {""services"": [""pose"", ""gesture""], ""fps"": {""pose"": 10, ""gesture"": 10}, ""eff_fps"": {""pose"": 10, ""gesture"": 10}, ""latency_ms"": {""pose"": 0, ""gesture"": 0}, ""svclat_ms"": {""pose"": 22.04, ""gesture"": 15.81}}, ""a7"": {""services"": [""pose"", ""gesture""], ""fps"": {""pose"": 10, ""gesture"": 10}, ""eff_fps"": {""pose"": 10, ""gesture"": 10}, ""latency_ms"": {""pose"": 0, ""gesture"": 0}, ""svclat_ms"": {""pose"": 26.88, ""gesture"": 16.79}}, ""a8"": {""services"": [""pose"", ""gesture""], ""fps"": {""pose"": 10, ""gesture"": 10}, ""eff_fps"": {""pose"": 10, ""gesture"": 10}, ""latency_ms"": {""pose"": 0, ""gesture"": 0}, ""svclat_ms"": {""pose"": 24.19, ""gesture"": 16.29}}, ""a9"": {""services"": [""pose"", ""gesture""], ""fps"": {""pose"": 10, ""gesture"": 10}, ""eff_fps"": {""pose"": 10, ""gesture"": 10}, ""latency_ms"": {""pose"": 0, ""gesture"": 0}, ""svclat_ms"": {""pose"": 16.79, ""gesture"": 15.57}}, ""a10"": {""services"": [""pose"", ""gesture""], ""fps"": {""pose"": 0, ""gesture"": 0}, ""eff_fps"": {""pose"": 0, ""gesture"": 0}, ""latency_ms"": {""pose"": 0, ""gesture"": 0}, ""svclat_ms"": {""pose"": 0.0, ""gesture"": 0.0}}, ""a11"": {""services"": [""pose"", ""gesture""], ""fps"": {""pose"": 0, ""gesture"": 0}, ""eff_fps"": {""pose"": 0, ""gesture"": 0}, ""latency_ms"": {""pose"": 0, ""gesture"": 0}, ""svclat_ms"": {""pose"": 0.0, ""gesture"": 0.0}}, ""a12"": {""services"": [""pose"", ""gesture""], ""fps"": {""pose"": 0, ""gesture"": 0}, ""eff_fps"": {""pose"": 0, ""gesture"": 0}, ""latency_ms"": {""pose"": 0, ""gesture"": 0}, ""svclat_ms"": {""pose"": 0.0, ""gesture"": 0.0}}}"
62.0,10,10,1.0,0,0,2,3,3,1.0,281.0,200,0.712,0.0,0.3,0.0,9.9,10.0,0,9.9,10.0,0,0,0,0,24.58,28.54,0,199,"{""ip-172-31-0-204"": ""healthy"", ""ip-172-31-1-171"": ""healthy"", ""ip-172-31-10-12"": ""healthy"", ""ip-172-31-11-132"": ""healthy"", ""ip-172-31-13-134"": ""healthy"", ""ip-172-31-14-68"": ""healthy"", ""ip-172-31-40-239"": ""healthy""}",subscribe,8.9,0.3333,0,0,"{""ip-172-31-0-204"": {""pose"": 1}, ""ip-172-31-1-171"": {""pose"": 1}, ""ip-172-31-10-12"": {""gesture"": 1}}","{""a1"": {""services"": [""pose"", ""gesture""], ""fps"": {""pose"": 10, ""gesture"": 10}, ""eff_fps"": {""pose"": 10, ""gesture"": 10}, ""latency_ms"": {""pose"": 0, ""gesture"": 0}, ""svclat_ms"": {""pose"": 23.52, ""gesture"": 33.04}}, ""a2"": {""services"": [""pose"", ""gesture""], ""fps"": {""pose"": 10, ""gesture"": 10}, ""eff_fps"": {""pose"": 10, ""gesture"": 10}, ""latency_ms"": {""pose"": 0, ""gesture"": 0}, ""svclat_ms"": {""pose"": 28.29, ""gesture"": 33.94}}, ""a3"": {""services"": [""pose"", ""gesture""], ""fps"": {""pose"": 10, ""gesture"": 10}, ""eff_fps"": {""pose"": 10, ""gesture"": 10}, ""latency_ms"": {""pose"": 0, ""gesture"": 0}, ""svclat_ms"": {""pose"": 26.95, ""gesture"": 28.8}}, ""a4"": {""services"": [""pose"", ""gesture""], ""fps"": {""pose"": 10, ""gesture"": 10}, ""eff_fps"": {""pose"": 10, ""gesture"": 10}, ""latency_ms"": {""pose"": 0, ""gesture"": 0}, ""svclat_ms"": {""pose"": 28.55, ""gesture"": 35.32}}, ""a5"": {""services"": [""pose"", ""gesture""], ""fps"": {""pose"": 10, ""gesture"": 10}, ""eff_fps"": {""pose"": 10, ""gesture"": 10}, ""latency_ms"": {""pose"": 0, ""gesture"": 0}, ""svclat_ms"": {""pose"": 25.72, ""gesture"": 37.38}}, ""a6"": {""services"": [""pose"", ""gesture""], ""fps"": {""pose"": 10, ""gesture"": 10}, ""eff_fps"": {""pose"": 10, ""gesture"": 10}, ""latency_ms"": {""pose"": 0, ""gesture"": 0}, ""svclat_ms"": {""pose"": 22.08, ""gesture"": 17.88}}, ""a7"": {""services"": [""pose"", ""gesture""], ""fps"": {""pose"": 10, ""gesture"": 10}, ""eff_fps"": {""pose"": 10, ""gesture"": 10}, ""latency_ms"": {""pose"": 0, ""gesture"": 0}, ""svclat_ms"": {""pose"": 26.69, ""gesture"": 36.66}}, ""a8"": {""services"": [""pose"", ""gesture""], ""fps"": {""pose"": 9, ""gesture"": 10}, ""eff_fps"": {""pose"": 9, ""gesture"": 10}, ""latency_ms"": {""pose"": 0, ""gesture"": 0}, ""svclat_ms"": {""pose"": 24.01, ""gesture"": 20.35}}, ""a9"": {""services"": [""pose"", ""gesture""], ""fps"": {""pose"": 10, ""gesture"": 10}, ""eff_fps"": {""pose"": 10, ""gesture"": 10}, ""latency_ms"": {""pose"": 0, ""gesture"": 0}, ""svclat_ms"": {""pose"": 18.59, ""gesture"": 15.81}}, ""a10"": {""services"": [""pose"", ""gesture""], ""fps"": {""pose"": 10, ""gesture"": 10}, ""eff_fps"": {""pose"": 10, ""gesture"": 10}, ""latency_ms"": {""pose"": 0, ""gesture"": 0}, ""svclat_ms"": {""pose"": 21.4, ""gesture"": 26.26}}, ""a11"": {""services"": [""pose"", ""gesture""], ""fps"": {""pose"": 0, ""gesture"": 0}, ""eff_fps"": {""pose"": 0, ""gesture"": 0}, ""latency_ms"": {""pose"": 0, ""gesture"": 0}, ""svclat_ms"": {""pose"": 0.0, ""gesture"": 0.0}}, ""a12"": {""services"": [""pose"", ""gesture""], ""fps"": {""pose"": 0, ""gesture"": 0}, ""eff_fps"": {""pose"": 0, ""gesture"": 0}, ""latency_ms"": {""pose"": 0, ""gesture"": 0}, ""svclat_ms"": {""pose"": 0.0, ""gesture"": 0.0}}, ""a13"": {""services"": [""pose"", ""gesture""], ""fps"": {""pose"": 0, ""gesture"": 0}, ""eff_fps"": {""pose"": 0, ""gesture"": 0}, ""latency_ms"": {""pose"": 0, ""gesture"": 0}, ""svclat_ms"": {""pose"": 0.0, ""gesture"": 0.0}}}"
64.5,12,11,0.917,0,0,2,3,3,1.0,281.0,220,0.783,0.0,0.27,0.0,10.09,10.0,0,10.09,10.0,0,0,0,0,24.35,29.27,0,221,"{""ip-172-31-0-204"": ""healthy"", ""ip-172-31-1-171"": ""healthy"", ""ip-172-31-10-12"": ""healthy"", ""ip-172-31-11-132"": ""healthy"", ""ip-172-31-13-134"": ""healthy"", ""ip-172-31-14-68"": ""healthy"", ""ip-172-31-40-239"": ""healthy""}",subscribe,8.7,0.3333,0,0,"{""ip-172-31-0-204"": {""pose"": 1}, ""ip-172-31-1-171"": {""pose"": 1}, ""ip-172-31-10-12"": {""gesture"": 1}}","{""a1"": {""services"": [""pose"", ""gesture""], ""fps"": {""pose"": 10, ""gesture"": 10}, ""eff_fps"": {""pose"": 10, ""gesture"": 10}, ""latency_ms"": {""pose"": 0, ""gesture"": 0}, ""svclat_ms"": {""pose"": 24.1, ""gesture"": 33.76}}, ""a2"": {""services"": [""pose"", ""gesture""], ""fps"": {""pose"": 10, ""gesture"": 10}, ""eff_fps"": {""pose"": 10, ""gesture"": 10}, ""latency_ms"": {""pose"": 0, ""gesture"": 0}, ""svclat_ms"": {""pose"": 28.63, ""gesture"": 34.81}}, ""a3"": {""services"": [""pose"", ""gesture""], ""fps"": {""pose"": 10, ""gesture"": 10}, ""eff_fps"": {""pose"": 10, ""gesture"": 10}, ""latency_ms"": {""pose"": 0, ""gesture"": 0}, ""svclat_ms"": {""pose"": 26.69, ""gesture"": 28.88}}, ""a4"": {""services"": [""pose"", ""gesture""], ""fps"": {""pose"": 10, ""gesture"": 10}, ""eff_fps"": {""pose"": 10, ""gesture"": 10}, ""latency_ms"": {""pose"": 0, ""gesture"": 0}, ""svclat_ms"": {""pose"": 29.35, ""gesture"": 36.24}}, ""a5"": {""services"": [""pose"", ""gesture""], ""fps"": {""pose"": 11, ""gesture"": 10}, ""eff_fps"": {""pose"": 11, ""gesture"": 10}, ""latency_ms"": {""pose"": 0, ""gesture"": 0}, ""svclat_ms"": {""pose"": 25.86, ""gesture"": 38.12}}, ""a6"": {""services"": [""pose"", ""gesture""], ""fps"": {""pose"": 10, ""gesture"": 10}, ""eff_fps"": {""pose"": 10, ""gesture"": 10}, ""latency_ms"": {""pose"": 0, ""gesture"": 0}, ""svclat_ms"": {""pose"": 22.54, ""gesture"": 17.79}}, ""a7"": {""services"": [""pose"", ""gesture""], ""fps"": {""pose"": 10, ""gesture"": 10}, ""eff_fps"": {""pose"": 10, ""gesture"": 10}, ""latency_ms"": {""pose"": 0, ""gesture"": 0}, ""svclat_ms"": {""pose"": 27.0, ""gesture"": 37.52}}, ""a8"": {""services"": [""pose"", ""gesture""], ""fps"": {""pose"": 10, ""gesture"": 10}, ""eff_fps"": {""pose"": 10, ""gesture"": 10}, ""latency_ms"": {""pose"": 0, ""gesture"": 0}, ""svclat_ms"": {""pose"": 24.85, ""gesture"": 20.42}}, ""a9"": {""services"": [""pose"", ""gesture""], ""fps"": {""pose"": 10, ""gesture"": 10}, ""eff_fps"": {""pose"": 10, ""gesture"": 10}, ""latency_ms"": {""pose"": 0, ""gesture"": 0}, ""svclat_ms"": {""pose"": 18.55, ""gesture"": 15.74}}, ""a10"": {""services"": [""pose"", ""gesture""], ""fps"": {""pose"": 10, ""gesture"": 10}, ""eff_fps"": {""pose"": 10, ""gesture"": 10}, ""latency_ms"": {""pose"": 0, ""gesture"": 0}, ""svclat_ms"": {""pose"": 20.64, ""gesture"": 26.9}}, ""a11"": {""services"": [""pose"", ""gesture""], ""fps"": {""pose"": 10, ""gesture"": 10}, ""eff_fps"": {""pose"": 10, ""gesture"": 10}, ""latency_ms"": {""pose"": 0, ""gesture"": 0}, ""svclat_ms"": {""pose"": 19.69, ""gesture"": 31.82}}, ""a12"": {""services"": [""pose"", ""gesture""], ""fps"": {""pose"": 0, ""gesture"": 0}, ""eff_fps"": {""pose"": 0, ""gesture"": 0}, ""latency_ms"": {""pose"": 0, ""gesture"": 0}, ""svclat_ms"": {""pose"": 0.0, ""gesture"": 0.0}}, ""a13"": {""services"": [""pose"", ""gesture""], ""fps"": {""pose"": 0, ""gesture"": 0}, ""eff_fps"": {""pose"": 0, ""gesture"": 0}, ""latency_ms"": {""pose"": 0, ""gesture"": 0}, ""svclat_ms"": {""pose"": 0.0, ""gesture"": 0.0}}}"
66.9,12,11,0.917,0,0,2,3,3,1.0,281.0,220,0.783,0.0,0.27,0.0,10.09,10.0,0,10.09,10.0,0,0,0,0,25.03,28.79,0,221,"{""ip-172-31-0-204"": ""healthy"", ""ip-172-31-1-171"": ""healthy"", ""ip-172-31-10-12"": ""healthy"", ""ip-172-31-11-132"": ""healthy"", ""ip-172-31-13-134"": ""healthy"", ""ip-172-31-14-68"": ""healthy"", ""ip-172-31-40-239"": ""healthy""}",subscribe,8.7,0.3333,0,0,"{""ip-172-31-0-204"": {""pose"": 1}, ""ip-172-31-1-171"": {""pose"": 1}, ""ip-172-31-10-12"": {""gesture"": 1}}","{""a1"": {""services"": [""pose"", ""gesture""], ""fps"": {""pose"": 10, ""gesture"": 10}, ""eff_fps"": {""pose"": 10, ""gesture"": 10}, ""latency_ms"": {""pose"": 0, ""gesture"": 0}, ""svclat_ms"": {""pose"": 23.89, ""gesture"": 33.05}}, ""a2"": {""services"": [""pose"", ""gesture""], ""fps"": {""pose"": 10, ""gesture"": 10}, ""eff_fps"": {""pose"": 10, ""gesture"": 10}, ""latency_ms"": {""pose"": 0, ""gesture"": 0}, ""svclat_ms"": {""pose"": 30.96, ""gesture"": 34.42}}, ""a3"": {""services"": [""pose"", ""gesture""], ""fps"": {""pose"": 10, ""gesture"": 10}, ""eff_fps"": {""pose"": 10, ""gesture"": 10}, ""latency_ms"": {""pose"": 0, ""gesture"": 0}, ""svclat_ms"": {""pose"": 28.44, ""gesture"": 28.4}}, ""a4"": {""services"": [""pose"", ""gesture""], ""fps"": {""pose"": 10, ""gesture"": 10}, ""eff_fps"": {""pose"": 10, ""gesture"": 10}, ""latency_ms"": {""pose"": 0, ""gesture"": 0}, ""svclat_ms"": {""pose"": 30.42, ""gesture"": 35.42}}, ""a5"": {""services"": [""pose"", ""gesture""], ""fps"": {""pose"": 11, ""gesture"": 10}, ""eff_fps"": {""pose"": 11, ""gesture"": 10}, ""latency_ms"": {""pose"": 0, ""gesture"": 0}, ""svclat_ms"": {""pose"": 26.21, ""gesture"": 37.76}}, ""a6"": {""services"": [""pose"", ""gesture""], ""fps"": {""pose"": 10, ""gesture"": 10}, ""eff_fps"": {""pose"": 10, ""gesture"": 10}, ""latency_ms"": {""pose"": 0, ""gesture"": 0}, ""svclat_ms"": {""pose"": 22.28, ""gesture"": 17.24}}, ""a7"": {""services"": [""pose"", ""gesture""], ""fps"": {""pose"": 10, ""gesture"": 10}, ""eff_fps"": {""pose"": 10, ""gesture"": 10}, ""latency_ms"": {""pose"": 0, ""gesture"": 0}, ""svclat_ms"": {""pose"": 27.98, ""gesture"": 37.17}}, ""a8"": {""services"": [""pose"", ""gesture""], ""fps"": {""pose"": 10, ""gesture"": 10}, ""eff_fps"": {""pose"": 10, ""gesture"": 10}, ""latency_ms"": {""pose"": 0, ""gesture"": 0}, ""svclat_ms"": {""pose"": 24.87, ""gesture"": 21.14}}, ""a9"": {""services"": [""pose"", ""gesture""], ""fps"": {""pose"": 10, ""gesture"": 10}, ""eff_fps"": {""pose"": 10, ""gesture"": 10}, ""latency_ms"": {""pose"": 0, ""gesture"": 0}, ""svclat_ms"": {""pose"": 18.66, ""gesture"": 15.36}}, ""a10"": {""services"": [""pose"", ""gesture""], ""fps"": {""pose"": 10, ""gesture"": 10}, ""eff_fps"": {""pose"": 10, ""gesture"": 10}, ""latency_ms"": {""pose"": 0, ""gesture"": 0}, ""svclat_ms"": {""pose"": 20.95, ""gesture"": 25.43}}, ""a11"": {""services"": [""pose"", ""gesture""], ""fps"": {""pose"": 10, ""gesture"": 10}, ""eff_fps"": {""pose"": 10, ""gesture"": 10}, ""latency_ms"": {""pose"": 0, ""gesture"": 0}, ""svclat_ms"": {""pose"": 20.72, ""gesture"": 31.35}}, ""a12"": {""services"": [""pose"", ""gesture""], ""fps"": {""pose"": 0, ""gesture"": 0}, ""eff_fps"": {""pose"": 0, ""gesture"": 0}, ""latency_ms"": {""pose"": 0, ""gesture"": 0}, ""svclat_ms"": {""pose"": 0.0, ""gesture"": 0.0}}, ""a13"": {""services"": [""pose"", ""gesture""], ""fps"": {""pose"": 0, ""gesture"": 0}, ""eff_fps"": {""pose"": 0, ""gesture"": 0}, ""latency_ms"": {""pose"": 0, ""gesture"": 0}, ""svclat_ms"": {""pose"": 0.0, ""gesture"": 0.0}}, ""a14"": {""services"": [""pose"", ""gesture""], ""fps"": {""pose"": 0, ""gesture"": 0}, ""eff_fps"": {""pose"": 0, ""gesture"": 0}, ""latency_ms"": {""pose"": 0, ""gesture"": 0}, ""svclat_ms"": {""pose"": 0.0, ""gesture"": 0.0}}}"
70.7,12,11,0.917,0,0,2,3,3,1.0,281.0,220,0.783,0.0,0.27,0.0,10.0,10.0,0,10.0,10.0,0,0,0,0,23.85,27.73,0,240,"{""ip-172-31-0-204"": ""healthy"", ""ip-172-31-1-171"": ""healthy"", ""ip-172-31-10-12"": ""healthy"", ""ip-172-31-11-132"": ""healthy"", ""ip-172-31-13-134"": ""healthy"", ""ip-172-31-14-68"": ""healthy"", ""ip-172-31-40-239"": ""healthy""}",subscribe,8.7,0.3333,0,0,"{""ip-172-31-0-204"": {""pose"": 1}, ""ip-172-31-1-171"": {""pose"": 1}, ""ip-172-31-10-12"": {""gesture"": 1}}","{""a1"": {""services"": [""pose"", ""gesture""], ""fps"": {""pose"": 10, ""gesture"": 10}, ""eff_fps"": {""pose"": 10, ""gesture"": 10}, ""latency_ms"": {""pose"": 0, ""gesture"": 0}, ""svclat_ms"": {""pose"": 23.2, ""gesture"": 32.91}}, ""a2"": {""services"": [""pose"", ""gesture""], ""fps"": {""pose"": 10, ""gesture"": 10}, ""eff_fps"": {""pose"": 10, ""gesture"": 10}, ""latency_ms"": {""pose"": 0, ""gesture"": 0}, ""svclat_ms"": {""pose"": 29.26, ""gesture"": 34.26}}, ""a3"": {""services"": [""pose"", ""gesture""], ""fps"": {""pose"": 10, ""gesture"": 10}, ""eff_fps"": {""pose"": 10, ""gesture"": 10}, ""latency_ms"": {""pose"": 0, ""gesture"": 0}, ""svclat_ms"": {""pose"": 27.54, ""gesture"": 28.87}}, ""a4"": {""services"": [""pose"", ""gesture""], ""fps"": {""pose"": 10, ""gesture"": 10}, ""eff_fps"": {""pose"": 10, ""gesture"": 10}, ""latency_ms"": {""pose"": 0, ""gesture"": 0}, ""svclat_ms"": {""pose"": 29.38, ""gesture"": 35.36}}, ""a5"": {""services"": [""pose"", ""gesture""], ""fps"": {""pose"": 10, ""gesture"": 10}, ""eff_fps"": {""pose"": 10, ""gesture"": 10}, ""latency_ms"": {""pose"": 0, ""gesture"": 0}, ""svclat_ms"": {""pose"": 25.33, ""gesture"": 37.72}}, ""a6"": {""services"": [""pose"", ""gesture""], ""fps"": {""pose"": 10, ""gesture"": 10}, ""eff_fps"": {""pose"": 10, ""gesture"": 10}, ""latency_ms"": {""pose"": 0, ""gesture"": 0}, ""svclat_ms"": {""pose"": 22.14, ""gesture"": 17.69}}, ""a7"": {""services"": [""pose"", ""gesture""], ""fps"": {""pose"": 10, ""gesture"": 10}, ""eff_fps"": {""pose"": 10, ""gesture"": 10}, ""latency_ms"": {""pose"": 0, ""gesture"": 0}, ""svclat_ms"": {""pose"": 26.68, ""gesture"": 36.96}}, ""a8"": {""services"": [""pose"", ""gesture""], ""fps"": {""pose"": 10, ""gesture"": 10}, ""eff_fps"": {""pose"": 10, ""gesture"": 10}, ""latency_ms"": {""pose"": 0, ""gesture"": 0}, ""svclat_ms"": {""pose"": 23.89, ""gesture"": 20.19}}, ""a9"": {""services"": [""pose"", ""gesture""], ""fps"": {""pose"": 10, ""gesture"": 10}, ""eff_fps"": {""pose"": 10, ""gesture"": 10}, ""latency_ms"": {""pose"": 0, ""gesture"": 0}, ""svclat_ms"": {""pose"": 19.31, ""gesture"": 15.63}}, ""a10"": {""services"": [""pose"", ""gesture""], ""fps"": {""pose"": 10, ""gesture"": 10}, ""eff_fps"": {""pose"": 10, ""gesture"": 10}, ""latency_ms"": {""pose"": 0, ""gesture"": 0}, ""svclat_ms"": {""pose"": 20.72, ""gesture"": 26.59}}, ""a11"": {""services"": [""pose"", ""gesture""], ""fps"": {""pose"": 10, ""gesture"": 10}, ""eff_fps"": {""pose"": 10, ""gesture"": 10}, ""latency_ms"": {""pose"": 0, ""gesture"": 0}, ""svclat_ms"": {""pose"": 20.42, ""gesture"": 31.64}}, ""a12"": {""services"": [""pose"", ""gesture""], ""fps"": {""pose"": 10, ""gesture"": 10}, ""eff_fps"": {""pose"": 10, ""gesture"": 10}, ""latency_ms"": {""pose"": 0, ""gesture"": 0}, ""svclat_ms"": {""pose"": 18.33, ""gesture"": 14.9}}, ""a13"": {""services"": [""pose"", ""gesture""], ""fps"": {""pose"": 0, ""gesture"": 0}, ""eff_fps"": {""pose"": 0, ""gesture"": 0}, ""latency_ms"": {""pose"": 0, ""gesture"": 0}, ""svclat_ms"": {""pose"": 0.0, ""gesture"": 0.0}}, ""a14"": {""services"": [""pose"", ""gesture""], ""fps"": {""pose"": 0, ""gesture"": 0}, ""eff_fps"": {""pose"": 0, ""gesture"": 0}, ""latency_ms"": {""pose"": 0, ""gesture"": 0}, ""svclat_ms"": {""pose"": 0.0, ""gesture"": 0.0}}, ""a15"": {""services"": [""pose"", ""gesture""], ""fps"": {""pose"": 0, ""gesture"": 0}, ""eff_fps"": {""pose"": 0, ""gesture"": 0}, ""latency_ms"": {""pose"": 0, ""gesture"": 0}, ""svclat_ms"": {""pose"": 0.0, ""gesture"": 0.0}}}"
75.6,13,13,1.0,0,0,2,4,4,1.0,394.0,260,0.66,0.0,0.31,0.0,10.08,10.0,0,10.08,10.0,0,0,0,0,27.95,27.56,0,261,"{""ip-172-31-0-204"": ""healthy"", ""ip-172-31-1-171"": ""healthy"", ""ip-172-31-10-12"": ""healthy"", ""ip-172-31-11-132"": ""healthy"", ""ip-172-31-13-134"": ""healthy"", ""ip-172-31-14-68"": ""healthy"", ""ip-172-31-40-239"": ""healthy""}",subscribe,9.1,0.3333,0,0,"{""ip-172-31-0-204"": {""pose"": 1}, ""ip-172-31-1-171"": {""pose"": 1}, ""ip-172-31-10-12"": {""gesture"": 1}, ""ip-172-31-11-132"": {""gesture"": 1}}","{""a1"": {""services"": [""pose"", ""gesture""], ""fps"": {""pose"": 10, ""gesture"": 10}, ""eff_fps"": {""pose"": 10, ""gesture"": 10}, ""latency_ms"": {""pose"": 0, ""gesture"": 0}, ""svclat_ms"": {""pose"": 22.88, ""gesture"": 34.26}}, ""a2"": {""services"": [""pose"", ""gesture""], ""fps"": {""pose"": 10, ""gesture"": 10}, ""eff_fps"": {""pose"": 10, ""gesture"": 10}, ""latency_ms"": {""pose"": 0, ""gesture"": 0}, ""svclat_ms"": {""pose"": 27.83, ""gesture"": 35.0}}, ""a3"": {""services"": [""pose"", ""gesture""], ""fps"": {""pose"": 10, ""gesture"": 10}, ""eff_fps"": {""pose"": 10, ""gesture"": 10}, ""latency_ms"": {""pose"": 0, ""gesture"": 0}, ""svclat_ms"": {""pose"": 26.69, ""gesture"": 28.93}}, ""a4"": {""services"": [""pose"", ""gesture""], ""fps"": {""pose"": 10, ""gesture"": 10}, ""eff_fps"": {""pose"": 10, ""gesture"": 10}, ""latency_ms"": {""pose"": 0, ""gesture"": 0}, ""svclat_ms"": {""pose"": 29.44, ""gesture"": 35.77}}, ""a5"": {""services"": [""pose"", ""gesture""], ""fps"": {""pose"": 10, ""gesture"": 10}, ""eff_fps"": {""pose"": 10, ""gesture"": 10}, ""latency_ms"": {""pose"": 0, ""gesture"": 0}, ""svclat_ms"": {""pose"": 24.39, ""gesture"": 38.53}}, ""a6"": {""services"": [""pose"", ""gesture""], ""fps"": {""pose"": 10, ""gesture"": 10}, ""eff_fps"": {""pose"": 10, ""gesture"": 10}, ""latency_ms"": {""pose"": 0, ""gesture"": 0}, ""svclat_ms"": {""pose"": 21.83, ""gesture"": 17.59}}, ""a7"": {""services"": [""pose"", ""gesture""], ""fps"": {""pose"": 10, ""gesture"": 10}, ""eff_fps"": {""pose"": 10, ""gesture"": 10}, ""latency_ms"": {""pose"": 0, ""gesture"": 0}, ""svclat_ms"": {""pose"": 26.16, ""gesture"": 37.99}}, ""a8"": {""services"": [""pose"", ""gesture""], ""fps"": {""pose"": 10, ""gesture"": 10}, ""eff_fps"": {""pose"": 10, ""gesture"": 10}, ""latency_ms"": {""pose"": 0, ""gesture"": 0}, ""svclat_ms"": {""pose"": 23.55, ""gesture"": 21.56}}, ""a9"": {""services"": [""pose"", ""gesture""], ""fps"": {""pose"": 10, ""gesture"": 10}, ""eff_fps"": {""pose"": 10, ""gesture"": 10}, ""latency_ms"": {""pose"": 0, ""gesture"": 0}, ""svclat_ms"": {""pose"": 36.9, ""gesture"": 15.68}}, ""a10"": {""services"": [""pose"", ""gesture""], ""fps"": {""pose"": 10, ""gesture"": 10}, ""eff_fps"": {""pose"": 10, ""gesture"": 10}, ""latency_ms"": {""pose"": 0, ""gesture"": 0}, ""svclat_ms"": {""pose"": 29.0, ""gesture"": 26.61}}, ""a11"": {""services"": [""pose"", ""gesture""], ""fps"": {""pose"": 10, ""gesture"": 10}, ""eff_fps"": {""pose"": 10, ""gesture"": 10}, ""latency_ms"": {""pose"": 0, ""gesture"": 0}, ""svclat_ms"": {""pose"": 36.57, ""gesture"": 32.16}}, ""a12"": {""services"": [""pose"", ""gesture""], ""fps"": {""pose"": 10, ""gesture"": 10}, ""eff_fps"": {""pose"": 10, ""gesture"": 10}, ""latency_ms"": {""pose"": 0, ""gesture"": 0}, ""svclat_ms"": {""pose"": 22.28, ""gesture"": 17.05}}, ""a13"": {""services"": [""pose"", ""gesture""], ""fps"": {""pose"": 11, ""gesture"": 10}, ""eff_fps"": {""pose"": 11, ""gesture"": 10}, ""latency_ms"": {""pose"": 0, ""gesture"": 0}, ""svclat_ms"": {""pose"": 35.78, ""gesture"": 17.13}}, ""a14"": {""services"": [""pose"", ""gesture""], ""fps"": {""pose"": 0, ""gesture"": 0}, ""eff_fps"": {""pose"": 0, ""gesture"": 0}, ""latency_ms"": {""pose"": 0, ""gesture"": 0}, ""svclat_ms"": {""pose"": 0.0, ""gesture"": 0.0}}, ""a15"": {""services"": [""pose"", ""gesture""], ""fps"": {""pose"": 0, ""gesture"": 0}, ""eff_fps"": {""pose"": 0, ""gesture"": 0}, ""latency_ms"": {""pose"": 0, ""gesture"": 0}, ""svclat_ms"": {""pose"": 0.0, ""gesture"": 0.0}}}"
80.5,15,15,1.0,0,0,2,4,4,1.0,394.0,300,0.761,0.0,0.27,0.0,10.0,10.0,0,10.0,10.0,0,0,0,0,28.64,25.17,0,280,"{""ip-172-31-0-204"": ""healthy"", ""ip-172-31-1-171"": ""healthy"", ""ip-172-31-10-12"": ""healthy"", ""ip-172-31-11-132"": ""healthy"", ""ip-172-31-13-134"": ""healthy"", ""ip-172-31-14-68"": ""healthy"", ""ip-172-31-40-239"": ""healthy""}",subscribe,8.9,0.3333,0,0,"{""ip-172-31-0-204"": {""pose"": 1}, ""ip-172-31-1-171"": {""pose"": 1}, ""ip-172-31-10-12"": {""gesture"": 1}, ""ip-172-31-11-132"": {""gesture"": 1}}","{""a2"": {""services"": [""pose"", ""gesture""], ""fps"": {""pose"": 10, ""gesture"": 10}, ""eff_fps"": {""pose"": 10, ""gesture"": 10}, ""latency_ms"": {""pose"": 0, ""gesture"": 0}, ""svclat_ms"": {""pose"": 28.82, ""gesture"": 34.67}}, ""a3"": {""services"": [""pose"", ""gesture""], ""fps"": {""pose"": 10, ""gesture"": 10}, ""eff_fps"": {""pose"": 10, ""gesture"": 10}, ""latency_ms"": {""pose"": 0, ""gesture"": 0}, ""svclat_ms"": {""pose"": 25.17, ""gesture"": 29.52}}, ""a4"": {""services"": [""pose"", ""gesture""], ""fps"": {""pose"": 10, ""gesture"": 10}, ""eff_fps"": {""pose"": 10, ""gesture"": 10}, ""latency_ms"": {""pose"": 0, ""gesture"": 0}, ""svclat_ms"": {""pose"": 28.28, ""gesture"": 36.5}}, ""a5"": {""services"": [""pose"", ""gesture""], ""fps"": {""pose"": 10, ""gesture"": 10}, ""eff_fps"": {""pose"": 10, ""gesture"": 10}, ""latency_ms"": {""pose"": 0, ""gesture"": 0}, ""svclat_ms"": {""pose"": 23.36, ""gesture"": 36.72}}, ""a6"": {""services"": [""pose"", ""gesture""], ""fps"": {""pose"": 10, ""gesture"": 10}, ""eff_fps"": {""pose"": 10, ""gesture"": 10}, ""latency_ms"": {""pose"": 0, ""gesture"": 0}, ""svclat_ms"": {""pose"": 27.84, ""gesture"": 18.02}}, ""a7"": {""services"": [""pose"", ""gesture""], ""fps"": {""pose"": 10, ""gesture"": 10}, ""eff_fps"": {""pose"": 10, ""gesture"": 10}, ""latency_ms"": {""pose"": 0, ""gesture"": 0}, ""svclat_ms"": {""pose"": 24.6, ""gesture"": 35.48}}, ""a8"": {""services"": [""pose"", ""gesture""], ""fps"": {""pose"": 10, ""gesture"": 10}, ""eff_fps"": {""pose"": 10, ""gesture"": 10}, ""latency_ms"": {""pose"": 0, ""gesture"": 0}, ""svclat_ms"": {""pose"": 21.92, ""gesture"": 20.21}}, ""a9"": {""services"": [""pose"", ""gesture""], ""fps"": {""pose"": 10, ""gesture"": 10}, ""eff_fps"": {""pose"": 10, ""gesture"": 10}, ""latency_ms"": {""pose"": 0, ""gesture"": 0}, ""svclat_ms"": {""pose"": 31.33, ""gesture"": 15.76}}, ""a10"": {""services"": [""pose"", ""gesture""], ""fps"": {""pose"": 10, ""gesture"": 10}, ""eff_fps"": {""pose"": 10, ""gesture"": 10}, ""latency_ms"": {""pose"": 0, ""gesture"": 0}, ""svclat_ms"": {""pose"": 40.95, ""gesture"": 26.54}}, ""a11"": {""services"": [""pose"", ""gesture""], ""fps"": {""pose"": 10, ""gesture"": 10}, ""eff_fps"": {""pose"": 10, ""gesture"": 10}, ""latency_ms"": {""pose"": 0, ""gesture"": 0}, ""svclat_ms"": {""pose"": 40.82, ""gesture"": 31.75}}, ""a12"": {""services"": [""pose"", ""gesture""], ""fps"": {""pose"": 10, ""gesture"": 10}, ""eff_fps"": {""pose"": 10, ""gesture"": 10}, ""latency_ms"": {""pose"": 0, ""gesture"": 0}, ""svclat_ms"": {""pose"": 27.72, ""gesture"": 21.73}}, ""a13"": {""services"": [""pose"", ""gesture""], ""fps"": {""pose"": 10, ""gesture"": 10}, ""eff_fps"": {""pose"": 10, ""gesture"": 10}, ""latency_ms"": {""pose"": 0, ""gesture"": 0}, ""svclat_ms"": {""pose"": 30.04, ""gesture"": 15.37}}, ""a14"": {""services"": [""pose"", ""gesture""], ""fps"": {""pose"": 10, ""gesture"": 10}, ""eff_fps"": {""pose"": 10, ""gesture"": 10}, ""latency_ms"": {""pose"": 0, ""gesture"": 0}, ""svclat_ms"": {""pose"": 21.0, ""gesture"": 14.89}}, ""a15"": {""services"": [""pose"", ""gesture""], ""fps"": {""pose"": 10, ""gesture"": 10}, ""eff_fps"": {""pose"": 10, ""gesture"": 10}, ""latency_ms"": {""pose"": 0, ""gesture"": 0}, ""svclat_ms"": {""pose"": 29.15, ""gesture"": 15.24}}}"
83.0,14,14,1.0,0,0,2,4,4,1.0,394.0,280,0.711,0.0,0.29,0.0,10.0,10.0,0,10.0,10.0,0,0,0,0,28.11,25.06,0,280,"{""ip-172-31-0-204"": ""healthy"", ""ip-172-31-1-171"": ""healthy"", ""ip-172-31-10-12"": ""healthy"", ""ip-172-31-11-132"": ""healthy"", ""ip-172-31-13-134"": ""healthy"", ""ip-172-31-14-68"": ""healthy"", ""ip-172-31-40-239"": ""healthy""}",unsubscribe,9.4,0.3333,0,0,"{""ip-172-31-0-204"": {""pose"": 1}, ""ip-172-31-1-171"": {""pose"": 1}, ""ip-172-31-10-12"": {""gesture"": 1}, ""ip-172-31-11-132"": {""gesture"": 1}}","{""a2"": {""services"": [""pose"", ""gesture""], ""fps"": {""pose"": 10, ""gesture"": 10}, ""eff_fps"": {""pose"": 10, ""gesture"": 10}, ""latency_ms"": {""pose"": 0, ""gesture"": 0}, ""svclat_ms"": {""pose"": 28.38, ""gesture"": 34.84}}, ""a3"": {""services"": [""pose"", ""gesture""], ""fps"": {""pose"": 10, ""gesture"": 10}, ""eff_fps"": {""pose"": 10, ""gesture"": 10}, ""latency_ms"": {""pose"": 0, ""gesture"": 0}, ""svclat_ms"": {""pose"": 24.7, ""gesture"": 29.6}}, ""a4"": {""services"": [""pose"", ""gesture""], ""fps"": {""pose"": 10, ""gesture"": 10}, ""eff_fps"": {""pose"": 10, ""gesture"": 10}, ""latency_ms"": {""pose"": 0, ""gesture"": 0}, ""svclat_ms"": {""pose"": 27.7, ""gesture"": 35.9}}, ""a5"": {""services"": [""pose"", ""gesture""], ""fps"": {""pose"": 10, ""gesture"": 10}, ""eff_fps"": {""pose"": 10, ""gesture"": 10}, ""latency_ms"": {""pose"": 0, ""gesture"": 0}, ""svclat_ms"": {""pose"": 23.17, ""gesture"": 37.11}}, ""a6"": {""services"": [""pose"", ""gesture""], ""fps"": {""pose"": 10, ""gesture"": 10}, ""eff_fps"": {""pose"": 10, ""gesture"": 10}, ""latency_ms"": {""pose"": 0, ""gesture"": 0}, ""svclat_ms"": {""pose"": 27.18, ""gesture"": 17.53}}, ""a7"": {""services"": [""pose"", ""gesture""], ""fps"": {""pose"": 10, ""gesture"": 10}, ""eff_fps"": {""pose"": 10, ""gesture"": 10}, ""latency_ms"": {""pose"": 0, ""gesture"": 0}, ""svclat_ms"": {""pose"": 24.59, ""gesture"": 36.08}}, ""a8"": {""services"": [""pose"", ""gesture""], ""fps"": {""pose"": 10, ""gesture"": 10}, ""eff_fps"": {""pose"": 10, ""gesture"": 10}, ""latency_ms"": {""pose"": 0, ""gesture"": 0}, ""svclat_ms"": {""pose"": 21.75, ""gesture"": 18.77}}, ""a9"": {""services"": [""pose"", ""gesture""], ""fps"": {""pose"": 10, ""gesture"": 10}, ""eff_fps"": {""pose"": 10, ""gesture"": 10}, ""latency_ms"": {""pose"": 0, ""gesture"": 0}, ""svclat_ms"": {""pose"": 30.99, ""gesture"": 15.73}}, ""a10"": {""services"": [""pose"", ""gesture""], ""fps"": {""pose"": 10, ""gesture"": 10}, ""eff_fps"": {""pose"": 10, ""gesture"": 10}, ""latency_ms"": {""pose"": 0, ""gesture"": 0}, ""svclat_ms"": {""pose"": 39.86, ""gesture"": 26.34}}, ""a11"": {""services"": [""pose"", ""gesture""], ""fps"": {""pose"": 10, ""gesture"": 10}, ""eff_fps"": {""pose"": 10, ""gesture"": 10}, ""latency_ms"": {""pose"": 0, ""gesture"": 0}, ""svclat_ms"": {""pose"": 39.7, ""gesture"": 31.59}}, ""a12"": {""services"": [""pose"", ""gesture""], ""fps"": {""pose"": 10, ""gesture"": 10}, ""eff_fps"": {""pose"": 10, ""gesture"": 10}, ""latency_ms"": {""pose"": 0, ""gesture"": 0}, ""svclat_ms"": {""pose"": 27.14, ""gesture"": 21.9}}, ""a13"": {""services"": [""pose"", ""gesture""], ""fps"": {""pose"": 10, ""gesture"": 10}, ""eff_fps"": {""pose"": 10, ""gesture"": 10}, ""latency_ms"": {""pose"": 0, ""gesture"": 0}, ""svclat_ms"": {""pose"": 28.61, ""gesture"": 15.51}}, ""a14"": {""services"": [""pose"", ""gesture""], ""fps"": {""pose"": 10, ""gesture"": 10}, ""eff_fps"": {""pose"": 10, ""gesture"": 10}, ""latency_ms"": {""pose"": 0, ""gesture"": 0}, ""svclat_ms"": {""pose"": 20.75, ""gesture"": 14.8}}, ""a15"": {""services"": [""pose"", ""gesture""], ""fps"": {""pose"": 10, ""gesture"": 10}, ""eff_fps"": {""pose"": 10, ""gesture"": 10}, ""latency_ms"": {""pose"": 0, ""gesture"": 0}, ""svclat_ms"": {""pose"": 29.03, ""gesture"": 15.2}}}"
85.4,14,14,1.0,0,0,2,4,4,1.0,394.0,280,0.711,0.0,0.29,0.0,10.0,10.0,0,10.0,10.0,0,0,0,0,28.76,25.87,0,280,"{""ip-172-31-0-204"": ""healthy"", ""ip-172-31-1-171"": ""healthy"", ""ip-172-31-10-12"": ""healthy"", ""ip-172-31-11-132"": ""healthy"", ""ip-172-31-13-134"": ""healthy"", ""ip-172-31-14-68"": ""healthy"", ""ip-172-31-40-239"": ""healthy""}",unsubscribe,9.4,0.3333,0,0,"{""ip-172-31-0-204"": {""pose"": 1}, ""ip-172-31-1-171"": {""pose"": 1}, ""ip-172-31-10-12"": {""gesture"": 1}, ""ip-172-31-11-132"": {""gesture"": 1}}","{""a2"": {""services"": [""pose"", ""gesture""], ""fps"": {""pose"": 10, ""gesture"": 10}, ""eff_fps"": {""pose"": 10, ""gesture"": 10}, ""latency_ms"": {""pose"": 0, ""gesture"": 0}, ""svclat_ms"": {""pose"": 29.2, ""gesture"": 36.05}}, ""a3"": {""services"": [""pose"", ""gesture""], ""fps"": {""pose"": 10, ""gesture"": 10}, ""eff_fps"": {""pose"": 10, ""gesture"": 10}, ""latency_ms"": {""pose"": 0, ""gesture"": 0}, ""svclat_ms"": {""pose"": 25.66, ""gesture"": 29.54}}, ""a4"": {""services"": [""pose"", ""gesture""], ""fps"": {""pose"": 10, ""gesture"": 10}, ""eff_fps"": {""pose"": 10, ""gesture"": 10}, ""latency_ms"": {""pose"": 0, ""gesture"": 0}, ""svclat_ms"": {""pose"": 28.04, ""gesture"": 36.81}}, ""a5"": {""services"": [""pose"", ""gesture""], ""fps"": {""pose"": 10, ""gesture"": 10}, ""eff_fps"": {""pose"": 10, ""gesture"": 10}, ""latency_ms"": {""pose"": 0, ""gesture"": 0}, ""svclat_ms"": {""pose"": 24.11, ""gesture"": 37.75}}, ""a6"": {""services"": [""pose"", ""gesture""], ""fps"": {""pose"": 10, ""gesture"": 10}, ""eff_fps"": {""pose"": 10, ""gesture"": 10}, ""latency_ms"": {""pose"": 0, ""gesture"": 0}, ""svclat_ms"": {""pose"": 28.38, ""gesture"": 18.07}}, ""a7"": {""services"": [""pose"", ""gesture""], ""fps"": {""pose"": 10, ""gesture"": 10}, ""eff_fps"": {""pose"": 10, ""gesture"": 10}, ""latency_ms"": {""pose"": 0, ""gesture"": 0}, ""svclat_ms"": {""pose"": 26.07, ""gesture"": 36.79}}, ""a8"": {""services"": [""pose"", ""gesture""], ""fps"": {""pose"": 10, ""gesture"": 10}, ""eff_fps"": {""pose"": 10, ""gesture"": 10}, ""latency_ms"": {""pose"": 0, ""gesture"": 0}, ""svclat_ms"": {""pose"": 22.83, ""gesture"": 22.07}}, ""a9"": {""services"": [""pose"", ""gesture""], ""fps"": {""pose"": 10, ""gesture"": 10}, ""eff_fps"": {""pose"": 10, ""gesture"": 10}, ""latency_ms"": {""pose"": 0, ""gesture"": 0}, ""svclat_ms"": {""pose"": 31.62, ""gesture"": 16.11}}, ""a10"": {""services"": [""pose"", ""gesture""], ""fps"": {""pose"": 10, ""gesture"": 10}, ""eff_fps"": {""pose"": 10, ""gesture"": 10}, ""latency_ms"": {""pose"": 0, ""gesture"": 0}, ""svclat_ms"": {""pose"": 39.37, ""gesture"": 26.66}}, ""a11"": {""services"": [""pose"", ""gesture""], ""fps"": {""pose"": 10, ""gesture"": 10}, ""eff_fps"": {""pose"": 10, ""gesture"": 10}, ""latency_ms"": {""pose"": 0, ""gesture"": 0}, ""svclat_ms"": {""pose"": 40.55, ""gesture"": 32.44}}, ""a12"": {""services"": [""pose"", ""gesture""], ""fps"": {""pose"": 10, ""gesture"": 10}, ""eff_fps"": {""pose"": 10, ""gesture"": 10}, ""latency_ms"": {""pose"": 0, ""gesture"": 0}, ""svclat_ms"": {""pose"": 27.5, ""gesture"": 23.82}}, ""a13"": {""services"": [""pose"", ""gesture""], ""fps"": {""pose"": 10, ""gesture"": 10}, ""eff_fps"": {""pose"": 10, ""gesture"": 10}, ""latency_ms"": {""pose"": 0, ""gesture"": 0}, ""svclat_ms"": {""pose"": 29.14, ""gesture"": 15.33}}, ""a14"": {""services"": [""pose"", ""gesture""], ""fps"": {""pose"": 10, ""gesture"": 10}, ""eff_fps"": {""pose"": 10, ""gesture"": 10}, ""latency_ms"": {""pose"": 0, ""gesture"": 0}, ""svclat_ms"": {""pose"": 20.98, ""gesture"": 15.02}}, ""a15"": {""services"": [""pose"", ""gesture""], ""fps"": {""pose"": 10, ""gesture"": 10}, ""eff_fps"": {""pose"": 10, ""gesture"": 10}, ""latency_ms"": {""pose"": 0, ""gesture"": 0}, ""svclat_ms"": {""pose"": 29.22, ""gesture"": 15.69}}}"
87.9,14,14,1.0,0,0,2,4,4,1.0,394.0,280,0.711,0.0,0.29,0.0,10.0,10.0,0,10.0,10.0,0,0,0,0,28.15,25.34,0,280,"{""ip-172-31-0-204"": ""healthy"", ""ip-172-31-1-171"": ""healthy"", ""ip-172-31-10-12"": ""healthy"", ""ip-172-31-11-132"": ""healthy"", ""ip-172-31-13-134"": ""healthy"", ""ip-172-31-14-68"": ""healthy"", ""ip-172-31-40-239"": ""healthy""}",unsubscribe,9.4,0.3333,0,0,"{""ip-172-31-0-204"": {""pose"": 1}, ""ip-172-31-1-171"": {""pose"": 1}, ""ip-172-31-10-12"": {""gesture"": 1}, ""ip-172-31-11-132"": {""gesture"": 1}}","{""a2"": {""services"": [""pose"", ""gesture""], ""fps"": {""pose"": 10, ""gesture"": 10}, ""eff_fps"": {""pose"": 10, ""gesture"": 10}, ""latency_ms"": {""pose"": 0, ""gesture"": 0}, ""svclat_ms"": {""pose"": 29.3, ""gesture"": 35.0}}, ""a3"": {""services"": [""pose"", ""gesture""], ""fps"": {""pose"": 10, ""gesture"": 10}, ""eff_fps"": {""pose"": 10, ""gesture"": 10}, ""latency_ms"": {""pose"": 0, ""gesture"": 0}, ""svclat_ms"": {""pose"": 24.38, ""gesture"": 28.98}}, ""a4"": {""services"": [""pose"", ""gesture""], ""fps"": {""pose"": 10, ""gesture"": 10}, ""eff_fps"": {""pose"": 10, ""gesture"": 10}, ""latency_ms"": {""pose"": 0, ""gesture"": 0}, ""svclat_ms"": {""pose"": 27.1, ""gesture"": 35.42}}, ""a5"": {""services"": [""pose"", ""gesture""], ""fps"": {""pose"": 10, ""gesture"": 10}, ""eff_fps"": {""pose"": 10, ""gesture"": 10}, ""latency_ms"": {""pose"": 0, ""gesture"": 0}, ""svclat_ms"": {""pose"": 22.98, ""gesture"": 36.91}}, ""a6"": {""services"": [""pose"", ""gesture""], ""fps"": {""pose"": 10, ""gesture"": 10}, ""eff_fps"": {""pose"": 10, ""gesture"": 10}, ""latency_ms"": {""pose"": 0, ""gesture"": 0}, ""svclat_ms"": {""pose"": 26.98, ""gesture"": 18.11}}, ""a7"": {""services"": [""pose"", ""gesture""], ""fps"": {""pose"": 10, ""gesture"": 10}, ""eff_fps"": {""pose"": 10, ""gesture"": 10}, ""latency_ms"": {""pose"": 0, ""gesture"": 0}, ""svclat_ms"": {""pose"": 24.4, ""gesture"": 35.42}}, ""a8"": {""services"": [""pose"", ""gesture""], ""fps"": {""pose"": 10, ""gesture"": 10}, ""eff_fps"": {""pose"": 10, ""gesture"": 10}, ""latency_ms"": {""pose"": 0, ""gesture"": 0}, ""svclat_ms"": {""pose"": 21.91, ""gesture"": 21.65}}, ""a9"": {""services"": [""pose"", ""gesture""], ""fps"": {""pose"": 10, ""gesture"": 10}, ""eff_fps"": {""pose"": 10, ""gesture"": 10}, ""latency_ms"": {""pose"": 0, ""gesture"": 0}, ""svclat_ms"": {""pose"": 30.26, ""gesture"": 15.79}}, ""a10"": {""services"": [""pose"", ""gesture""], ""fps"": {""pose"": 10, ""gesture"": 10}, ""eff_fps"": {""pose"": 10, ""gesture"": 10}, ""latency_ms"": {""pose"": 0, ""gesture"": 0}, ""svclat_ms"": {""pose"": 39.97, ""gesture"": 26.81}}, ""a11"": {""services"": [""pose"", ""gesture""], ""fps"": {""pose"": 10, ""gesture"": 10}, ""eff_fps"": {""pose"": 10, ""gesture"": 10}, ""latency_ms"": {""pose"": 0, ""gesture"": 0}, ""svclat_ms"": {""pose"": 40.32, ""gesture"": 32.17}}, ""a12"": {""services"": [""pose"", ""gesture""], ""fps"": {""pose"": 10, ""gesture"": 10}, ""eff_fps"": {""pose"": 10, ""gesture"": 10}, ""latency_ms"": {""pose"": 0, ""gesture"": 0}, ""svclat_ms"": {""pose"": 26.95, ""gesture"": 22.2}}, ""a13"": {""services"": [""pose"", ""gesture""], ""fps"": {""pose"": 10, ""gesture"": 10}, ""eff_fps"": {""pose"": 10, ""gesture"": 10}, ""latency_ms"": {""pose"": 0, ""gesture"": 0}, ""svclat_ms"": {""pose"": 29.46, ""gesture"": 15.95}}, ""a14"": {""services"": [""pose"", ""gesture""], ""fps"": {""pose"": 10, ""gesture"": 10}, ""eff_fps"": {""pose"": 10, ""gesture"": 10}, ""latency_ms"": {""pose"": 0, ""gesture"": 0}, ""svclat_ms"": {""pose"": 20.48, ""gesture"": 14.67}}, ""a15"": {""services"": [""pose"", ""gesture""], ""fps"": {""pose"": 10, ""gesture"": 10}, ""eff_fps"": {""pose"": 10, ""gesture"": 10}, ""latency_ms"": {""pose"": 0, ""gesture"": 0}, ""svclat_ms"": {""pose"": 29.56, ""gesture"": 15.63}}}"
90.4,14,14,1.0,0,0,2,4,4,1.0,394.0,280,0.711,0.0,0.29,0.0,10.0,10.0,0,10.0,10.0,0,0,0,0,28.84,25.11,0,280,"{""ip-172-31-0-204"": ""healthy"", ""ip-172-31-1-171"": ""healthy"", ""ip-172-31-10-12"": ""healthy"", ""ip-172-31-11-132"": ""healthy"", ""ip-172-31-13-134"": ""healthy"", ""ip-172-31-14-68"": ""healthy"", ""ip-172-31-40-239"": ""healthy""}",unsubscribe,9.4,0.3333,0,0,"{""ip-172-31-0-204"": {""pose"": 1}, ""ip-172-31-1-171"": {""pose"": 1}, ""ip-172-31-10-12"": {""gesture"": 1}, ""ip-172-31-11-132"": {""gesture"": 1}}","{""a2"": {""services"": [""pose"", ""gesture""], ""fps"": {""pose"": 10, ""gesture"": 10}, ""eff_fps"": {""pose"": 10, ""gesture"": 10}, ""latency_ms"": {""pose"": 0, ""gesture"": 0}, ""svclat_ms"": {""pose"": 28.54, ""gesture"": 34.43}}, ""a3"": {""services"": [""pose"", ""gesture""], ""fps"": {""pose"": 10, ""gesture"": 10}, ""eff_fps"": {""pose"": 10, ""gesture"": 10}, ""latency_ms"": {""pose"": 0, ""gesture"": 0}, ""svclat_ms"": {""pose"": 25.42, ""gesture"": 29.04}}, ""a4"": {""services"": [""pose"", ""gesture""], ""fps"": {""pose"": 10, ""gesture"": 10}, ""eff_fps"": {""pose"": 10, ""gesture"": 10}, ""latency_ms"": {""pose"": 0, ""gesture"": 0}, ""svclat_ms"": {""pose"": 27.43, ""gesture"": 36.33}}, ""a5"": {""services"": [""pose"", ""gesture""], ""fps"": {""pose"": 10, ""gesture"": 10}, ""eff_fps"": {""pose"": 10, ""gesture"": 10}, ""latency_ms"": {""pose"": 0, ""gesture"": 0}, ""svclat_ms"": {""pose"": 23.76, ""gesture"": 37.09}}, ""a6"": {""services"": [""pose"", ""gesture""], ""fps"": {""pose"": 10, ""gesture"": 10}, ""eff_fps"": {""pose"": 10, ""gesture"": 10}, ""latency_ms"": {""pose"": 0, ""gesture"": 0}, ""svclat_ms"": {""pose"": 26.7, ""gesture"": 17.82}}, ""a7"": {""services"": [""pose"", ""gesture""], ""fps"": {""pose"": 10, ""gesture"": 10}, ""eff_fps"": {""pose"": 10, ""gesture"": 10}, ""latency_ms"": {""pose"": 0, ""gesture"": 0}, ""svclat_ms"": {""pose"": 24.8, ""gesture"": 35.52}}, ""a8"": {""services"": [""pose"", ""gesture""], ""fps"": {""pose"": 10, ""gesture"": 10}, ""eff_fps"": {""pose"": 10, ""gesture"": 10}, ""latency_ms"": {""pose"": 0, ""gesture"": 0}, ""svclat_ms"": {""pose"": 21.48, ""gesture"": 19.28}}, ""a9"": {""services"": [""pose"", ""gesture""], ""fps"": {""pose"": 10, ""gesture"": 10}, ""eff_fps"": {""pose"": 10, ""gesture"": 10}, ""latency_ms"": {""pose"": 0, ""gesture"": 0}, ""svclat_ms"": {""pose"": 30.29, ""gesture"": 15.79}}, ""a10"": {""services"": [""pose"", ""gesture""], ""fps"": {""pose"": 10, ""gesture"": 10}, ""eff_fps"": {""pose"": 10, ""gesture"": 10}, ""latency_ms"": {""pose"": 0, ""gesture"": 0}, ""svclat_ms"": {""pose"": 41.67, ""gesture"": 27.3}}, ""a11"": {""services"": [""pose"", ""gesture""], ""fps"": {""pose"": 10, ""gesture"": 10}, ""eff_fps"": {""pose"": 10, ""gesture"": 10}, ""latency_ms"": {""pose"": 0, ""gesture"": 0}, ""svclat_ms"": {""pose"": 41.9, ""gesture"": 31.32}}, ""a12"": {""services"": [""pose"", ""gesture""], ""fps"": {""pose"": 10, ""gesture"": 10}, ""eff_fps"": {""pose"": 10, ""gesture"": 10}, ""latency_ms"": {""pose"": 0, ""gesture"": 0}, ""svclat_ms"": {""pose"": 28.59, ""gesture"": 21.62}}, ""a13"": {""services"": [""pose"", ""gesture""], ""fps"": {""pose"": 10, ""gesture"": 10}, ""eff_fps"": {""pose"": 10, ""gesture"": 10}, ""latency_ms"": {""pose"": 0, ""gesture"": 0}, ""svclat_ms"": {""pose"": 31.07, ""gesture"": 15.71}}, ""a14"": {""services"": [""pose"", ""gesture""], ""fps"": {""pose"": 10, ""gesture"": 10}, ""eff_fps"": {""pose"": 10, ""gesture"": 10}, ""latency_ms"": {""pose"": 0, ""gesture"": 0}, ""svclat_ms"": {""pose"": 21.46, ""gesture"": 14.96}}, ""a15"": {""services"": [""pose"", ""gesture""], ""fps"": {""pose"": 10, ""gesture"": 10}, ""eff_fps"": {""pose"": 10, ""gesture"": 10}, ""latency_ms"": {""pose"": 0, ""gesture"": 0}, ""svclat_ms"": {""pose"": 30.6, ""gesture"": 15.29}}}"
95.9,13,13,1.0,0,0,2,4,4,1.0,394.0,260,0.66,0.0,0.31,0.0,10.0,10.0,0,10.0,10.0,0,0,0,0,26.43,23.94,0,240,"{""ip-172-31-0-204"": ""healthy"", ""ip-172-31-1-171"": ""healthy"", ""ip-172-31-10-12"": ""healthy"", ""ip-172-31-11-132"": ""healthy"", ""ip-172-31-13-134"": ""healthy"", ""ip-172-31-14-68"": ""healthy"", ""ip-172-31-40-239"": ""healthy""}",unsubscribe,9.5,0.3333,0,0,"{""ip-172-31-0-204"": {""pose"": 1}, ""ip-172-31-1-171"": {""pose"": 1}, ""ip-172-31-10-12"": {""gesture"": 1}, ""ip-172-31-11-132"": {""gesture"": 1}}","{""a3"": {""services"": [""pose"", ""gesture""], ""fps"": {""pose"": 10, ""gesture"": 10}, ""eff_fps"": {""pose"": 10, ""gesture"": 10}, ""latency_ms"": {""pose"": 0, ""gesture"": 0}, ""svclat_ms"": {""pose"": 26.21, ""gesture"": 28.53}}, ""a5"": {""services"": [""pose"", ""gesture""], ""fps"": {""pose"": 10, ""gesture"": 10}, ""eff_fps"": {""pose"": 10, ""gesture"": 10}, ""latency_ms"": {""pose"": 0, ""gesture"": 0}, ""svclat_ms"": {""pose"": 24.23, ""gesture"": 33.78}}, ""a6"": {""services"": [""pose"", ""gesture""], ""fps"": {""pose"": 10, ""gesture"": 10}, ""eff_fps"": {""pose"": 10, ""gesture"": 10}, ""latency_ms"": {""pose"": 0, ""gesture"": 0}, ""svclat_ms"": {""pose"": 29.34, ""gesture"": 17.7}}, ""a7"": {""services"": [""pose"", ""gesture""], ""fps"": {""pose"": 10, ""gesture"": 10}, ""eff_fps"": {""pose"": 10, ""gesture"": 10}, ""latency_ms"": {""pose"": 0, ""gesture"": 0}, ""svclat_ms"": {""pose"": 26.29, ""gesture"": 34.33}}, ""a8"": {""services"": [""pose"", ""gesture""], ""fps"": {""pose"": 10, ""gesture"": 10}, ""eff_fps"": {""pose"": 10, ""gesture"": 10}, ""latency_ms"": {""pose"": 0, ""gesture"": 0}, ""svclat_ms"": {""pose"": 22.68, ""gesture"": 20.09}}, ""a9"": {""services"": [""pose"", ""gesture""], ""fps"": {""pose"": 10, ""gesture"": 10}, ""eff_fps"": {""pose"": 10, ""gesture"": 10}, ""latency_ms"": {""pose"": 0, ""gesture"": 0}, ""svclat_ms"": {""pose"": 32.67, ""gesture"": 15.68}}, ""a10"": {""services"": [""pose"", ""gesture""], ""fps"": {""pose"": 10, ""gesture"": 10}, ""eff_fps"": {""pose"": 10, ""gesture"": 10}, ""latency_ms"": {""pose"": 0, ""gesture"": 0}, ""svclat_ms"": {""pose"": 30.91, ""gesture"": 25.57}}, ""a11"": {""services"": [""pose"", ""gesture""], ""fps"": {""pose"": 10, ""gesture"": 10}, ""eff_fps"": {""pose"": 10, ""gesture"": 10}, ""latency_ms"": {""pose"": 0, ""gesture"": 0}, ""svclat_ms"": {""pose"": 29.53, ""gesture"": 29.24}}, ""a12"": {""services"": [""pose"", ""gesture""], ""fps"": {""pose"": 10, ""gesture"": 10}, ""eff_fps"": {""pose"": 10, ""gesture"": 10}, ""latency_ms"": {""pose"": 0, ""gesture"": 0}, ""svclat_ms"": {""pose"": 26.88, ""gesture"": 23.19}}, ""a13"": {""services"": [""pose"", ""gesture""], ""fps"": {""pose"": 10, ""gesture"": 10}, ""eff_fps"": {""pose"": 10, ""gesture"": 10}, ""latency_ms"": {""pose"": 0, ""gesture"": 0}, ""svclat_ms"": {""pose"": 19.0, ""gesture"": 22.42}}, ""a14"": {""services"": [""pose"", ""gesture""], ""fps"": {""pose"": 10, ""gesture"": 10}, ""eff_fps"": {""pose"": 10, ""gesture"": 10}, ""latency_ms"": {""pose"": 0, ""gesture"": 0}, ""svclat_ms"": {""pose"": 21.34, ""gesture"": 14.85}}, ""a15"": {""services"": [""pose"", ""gesture""], ""fps"": {""pose"": 10, ""gesture"": 10}, ""eff_fps"": {""pose"": 10, ""gesture"": 10}, ""latency_ms"": {""pose"": 0, ""gesture"": 0}, ""svclat_ms"": {""pose"": 28.14, ""gesture"": 21.91}}}"
101.0,11,11,1.0,0,1,3,3,3,1.0,281.0,220,0.783,0.0,0.27,0.0,10.0,10.0,0,10.0,10.0,0,0,0,0,33.63,17.71,0,200,"{""ip-172-31-0-204"": ""healthy"", ""ip-172-31-1-171"": ""healthy"", ""ip-172-31-10-12"": ""healthy"", ""ip-172-31-11-132"": ""healthy"", ""ip-172-31-13-134"": ""healthy"", ""ip-172-31-14-68"": ""healthy"", ""ip-172-31-40-239"": ""healthy""}",unsubscribe,9.1,0.3333,0,0,"{""ip-172-31-0-204"": {""pose"": 1}, ""ip-172-31-1-171"": {""pose"": 1}, ""ip-172-31-10-12"": {""gesture"": 1}}","{""a6"": {""services"": [""pose"", ""gesture""], ""fps"": {""pose"": 10, ""gesture"": 10}, ""eff_fps"": {""pose"": 10, ""gesture"": 10}, ""latency_ms"": {""pose"": 0, ""gesture"": 0}, ""svclat_ms"": {""pose"": 47.24, ""gesture"": 17.94}}, ""a7"": {""services"": [""pose"", ""gesture""], ""fps"": {""pose"": 10, ""gesture"": 10}, ""eff_fps"": {""pose"": 10, ""gesture"": 10}, ""latency_ms"": {""pose"": 0, ""gesture"": 0}, ""svclat_ms"": {""pose"": 32.23, ""gesture"": 16.55}}, ""a8"": {""services"": [""pose"", ""gesture""], ""fps"": {""pose"": 10, ""gesture"": 10}, ""eff_fps"": {""pose"": 10, ""gesture"": 10}, ""latency_ms"": {""pose"": 0, ""gesture"": 0}, ""svclat_ms"": {""pose"": 37.09, ""gesture"": 19.32}}, ""a9"": {""services"": [""pose"", ""gesture""], ""fps"": {""pose"": 10, ""gesture"": 10}, ""eff_fps"": {""pose"": 10, ""gesture"": 10}, ""latency_ms"": {""pose"": 0, ""gesture"": 0}, ""svclat_ms"": {""pose"": 39.24, ""gesture"": 15.81}}, ""a10"": {""services"": [""pose"", ""gesture""], ""fps"": {""pose"": 10, ""gesture"": 10}, ""eff_fps"": {""pose"": 10, ""gesture"": 10}, ""latency_ms"": {""pose"": 0, ""gesture"": 0}, ""svclat_ms"": {""pose"": 37.69, ""gesture"": 21.91}}, ""a11"": {""services"": [""pose"", ""gesture""], ""fps"": {""pose"": 10, ""gesture"": 10}, ""eff_fps"": {""pose"": 10, ""gesture"": 10}, ""latency_ms"": {""pose"": 0, ""gesture"": 0}, ""svclat_ms"": {""pose"": 38.37, ""gesture"": 18.93}}, ""a12"": {""services"": [""pose"", ""gesture""], ""fps"": {""pose"": 10, ""gesture"": 10}, ""eff_fps"": {""pose"": 10, ""gesture"": 10}, ""latency_ms"": {""pose"": 0, ""gesture"": 0}, ""svclat_ms"": {""pose"": 24.09, ""gesture"": 17.56}}, ""a13"": {""services"": [""pose"", ""gesture""], ""fps"": {""pose"": 10, ""gesture"": 10}, ""eff_fps"": {""pose"": 10, ""gesture"": 10}, ""latency_ms"": {""pose"": 0, ""gesture"": 0}, ""svclat_ms"": {""pose"": 40.15, ""gesture"": 17.31}}, ""a14"": {""services"": [""pose"", ""gesture""], ""fps"": {""pose"": 10, ""gesture"": 10}, ""eff_fps"": {""pose"": 10, ""gesture"": 10}, ""latency_ms"": {""pose"": 0, ""gesture"": 0}, ""svclat_ms"": {""pose"": 20.77, ""gesture"": 15.24}}, ""a15"": {""services"": [""pose"", ""gesture""], ""fps"": {""pose"": 10, ""gesture"": 10}, ""eff_fps"": {""pose"": 10, ""gesture"": 10}, ""latency_ms"": {""pose"": 0, ""gesture"": 0}, ""svclat_ms"": {""pose"": 19.44, ""gesture"": 16.49}}}"
104.7,10,10,1.0,0,0,3,3,3,1.0,281.0,200,0.712,0.0,0.3,0.0,10.0,10.0,0,10.0,10.0,0,0,0,0,39.41,17.24,0,180,"{""ip-172-31-0-204"": ""healthy"", ""ip-172-31-1-171"": ""healthy"", ""ip-172-31-10-12"": ""healthy"", ""ip-172-31-11-132"": ""healthy"", ""ip-172-31-13-134"": ""healthy"", ""ip-172-31-14-68"": ""healthy"", ""ip-172-31-40-239"": ""healthy""}",unsubscribe,8.8,0.3333,0,0,"{""ip-172-31-0-204"": {""pose"": 1}, ""ip-172-31-1-171"": {""pose"": 1}, ""ip-172-31-10-12"": {""gesture"": 1}}","{""a7"": {""services"": [""pose"", ""gesture""], ""fps"": {""pose"": 10, ""gesture"": 10}, ""eff_fps"": {""pose"": 10, ""gesture"": 10}, ""latency_ms"": {""pose"": 0, ""gesture"": 0}, ""svclat_ms"": {""pose"": 32.79, ""gesture"": 16.34}}, ""a8"": {""services"": [""pose"", ""gesture""], ""fps"": {""pose"": 10, ""gesture"": 10}, ""eff_fps"": {""pose"": 10, ""gesture"": 10}, ""latency_ms"": {""pose"": 0, ""gesture"": 0}, ""svclat_ms"": {""pose"": 38.24, ""gesture"": 16.27}}, ""a9"": {""services"": [""pose"", ""gesture""], ""fps"": {""pose"": 10, ""gesture"": 10}, ""eff_fps"": {""pose"": 10, ""gesture"": 10}, ""latency_ms"": {""pose"": 0, ""gesture"": 0}, ""svclat_ms"": {""pose"": 51.8, ""gesture"": 14.41}}, ""a10"": {""services"": [""pose"", ""gesture""], ""fps"": {""pose"": 10, ""gesture"": 10}, ""eff_fps"": {""pose"": 10, ""gesture"": 10}, ""latency_ms"": {""pose"": 0, ""gesture"": 0}, ""svclat_ms"": {""pose"": 48.63, ""gesture"": 23.32}}, ""a11"": {""services"": [""pose"", ""gesture""], ""fps"": {""pose"": 10, ""gesture"": 10}, ""eff_fps"": {""pose"": 10, ""gesture"": 10}, ""latency_ms"": {""pose"": 0, ""gesture"": 0}, ""svclat_ms"": {""pose"": 49.93, ""gesture"": 18.74}}, ""a12"": {""services"": [""pose"", ""gesture""], ""fps"": {""pose"": 10, ""gesture"": 10}, ""eff_fps"": {""pose"": 10, ""gesture"": 10}, ""latency_ms"": {""pose"": 0, ""gesture"": 0}, ""svclat_ms"": {""pose"": 25.11, ""gesture"": 17.5}}, ""a13"": {""services"": [""pose"", ""gesture""], ""fps"": {""pose"": 10, ""gesture"": 10}, ""eff_fps"": {""pose"": 10, ""gesture"": 10}, ""latency_ms"": {""pose"": 0, ""gesture"": 0}, ""svclat_ms"": {""pose"": 51.07, ""gesture"": 17.18}}, ""a14"": {""services"": [""pose"", ""gesture""], ""fps"": {""pose"": 10, ""gesture"": 10}, ""eff_fps"": {""pose"": 10, ""gesture"": 10}, ""latency_ms"": {""pose"": 0, ""gesture"": 0}, ""svclat_ms"": {""pose"": 19.62, ""gesture"": 15.51}}, ""a15"": {""services"": [""pose"", ""gesture""], ""fps"": {""pose"": 10, ""gesture"": 10}, ""eff_fps"": {""pose"": 10, ""gesture"": 10}, ""latency_ms"": {""pose"": 0, ""gesture"": 0}, ""svclat_ms"": {""pose"": 37.48, ""gesture"": 15.85}}}"
107.2,9,9,1.0,0,0,3,3,3,1.0,281.0,180,0.641,0.0,0.33,0.0,10.0,10.0,0,10.0,10.0,0,0,0,0,39.07,17.6,0,180,"{""ip-172-31-0-204"": ""healthy"", ""ip-172-31-1-171"": ""healthy"", ""ip-172-31-10-12"": ""healthy"", ""ip-172-31-11-132"": ""healthy"", ""ip-172-31-13-134"": ""healthy"", ""ip-172-31-14-68"": ""healthy"", ""ip-172-31-40-239"": ""healthy""}",unsubscribe,9.6,0.3333,0,0,"{""ip-172-31-0-204"": {""pose"": 1}, ""ip-172-31-1-171"": {""pose"": 1}, ""ip-172-31-10-12"": {""gesture"": 1}}","{""a7"": {""services"": [""pose"", ""gesture""], ""fps"": {""pose"": 10, ""gesture"": 10}, ""eff_fps"": {""pose"": 10, ""gesture"": 10}, ""latency_ms"": {""pose"": 0, ""gesture"": 0}, ""svclat_ms"": {""pose"": 33.06, ""gesture"": 17.31}}, ""a8"": {""services"": [""pose"", ""gesture""], ""fps"": {""pose"": 10, ""gesture"": 10}, ""eff_fps"": {""pose"": 10, ""gesture"": 10}, ""latency_ms"": {""pose"": 0, ""gesture"": 0}, ""svclat_ms"": {""pose"": 36.12, ""gesture"": 17.05}}, ""a9"": {""services"": [""pose"", ""gesture""], ""fps"": {""pose"": 10, ""gesture"": 10}, ""eff_fps"": {""pose"": 10, ""gesture"": 10}, ""latency_ms"": {""pose"": 0, ""gesture"": 0}, ""svclat_ms"": {""pose"": 50.48, ""gesture"": 14.29}}, ""a10"": {""services"": [""pose"", ""gesture""], ""fps"": {""pose"": 10, ""gesture"": 10}, ""eff_fps"": {""pose"": 10, ""gesture"": 10}, ""latency_ms"": {""pose"": 0, ""gesture"": 0}, ""svclat_ms"": {""pose"": 47.79, ""gesture"": 23.5}}, ""a11"": {""services"": [""pose"", ""gesture""], ""fps"": {""pose"": 10, ""gesture"": 10}, ""eff_fps"": {""pose"": 10, ""gesture"": 10}, ""latency_ms"": {""pose"": 0, ""gesture"": 0}, ""svclat_ms"": {""pose"": 49.31, ""gesture"": 19.52}}, ""a12"": {""services"": [""pose"", ""gesture""], ""fps"": {""pose"": 10, ""gesture"": 10}, ""eff_fps"": {""pose"": 10, ""gesture"": 10}, ""latency_ms"": {""pose"": 0, ""gesture"": 0}, ""svclat_ms"": {""pose"": 23.39, ""gesture"": 17.33}}, ""a13"": {""services"": [""pose"", ""gesture""], ""fps"": {""pose"": 10, ""gesture"": 10}, ""eff_fps"": {""pose"": 10, ""gesture"": 10}, ""latency_ms"": {""pose"": 0, ""gesture"": 0}, ""svclat_ms"": {""pose"": 50.57, ""gesture"": 17.44}}, ""a14"": {""services"": [""pose"", ""gesture""], ""fps"": {""pose"": 10, ""gesture"": 10}, ""eff_fps"": {""pose"": 10, ""gesture"": 10}, ""latency_ms"": {""pose"": 0, ""gesture"": 0}, ""svclat_ms"": {""pose"": 19.46, ""gesture"": 16.43}}, ""a15"": {""services"": [""pose"", ""gesture""], ""fps"": {""pose"": 10, ""gesture"": 10}, ""eff_fps"": {""pose"": 10, ""gesture"": 10}, ""latency_ms"": {""pose"": 0, ""gesture"": 0}, ""svclat_ms"": {""pose"": 41.42, ""gesture"": 15.52}}}"
109.6,8,9,1.125,0,0,3,3,3,1.0,281.0,180,0.641,0.0,0.38,0.0,10.0,10.0,0,10.0,10.0,0,0,0,0,30.27,17.33,0,160,"{""ip-172-31-0-204"": ""healthy"", ""ip-172-31-1-171"": ""healthy"", ""ip-172-31-10-12"": ""healthy"", ""ip-172-31-11-132"": ""healthy"", ""ip-172-31-13-134"": ""healthy"", ""ip-172-31-14-68"": ""healthy"", ""ip-172-31-40-239"": ""healthy""}",unsubscribe,9.6,0.3333,0,0,"{""ip-172-31-0-204"": {""pose"": 1}, ""ip-172-31-1-171"": {""pose"": 1}, ""ip-172-31-10-12"": {""gesture"": 1}}","{""a8"": {""services"": [""pose"", ""gesture""], ""fps"": {""pose"": 10, ""gesture"": 10}, ""eff_fps"": {""pose"": 10, ""gesture"": 10}, ""latency_ms"": {""pose"": 0, ""gesture"": 0}, ""svclat_ms"": {""pose"": 23.86, ""gesture"": 16.28}}, ""a9"": {""services"": [""pose"", ""gesture""], ""fps"": {""pose"": 10, ""gesture"": 10}, ""eff_fps"": {""pose"": 10, ""gesture"": 10}, ""latency_ms"": {""pose"": 0, ""gesture"": 0}, ""svclat_ms"": {""pose"": 38.05, ""gesture"": 14.56}}, ""a10"": {""services"": [""pose"", ""gesture""], ""fps"": {""pose"": 10, ""gesture"": 10}, ""eff_fps"": {""pose"": 10, ""gesture"": 10}, ""latency_ms"": {""pose"": 0, ""gesture"": 0}, ""svclat_ms"": {""pose"": 36.04, ""gesture"": 23.64}}, ""a11"": {""services"": [""pose"", ""gesture""], ""fps"": {""pose"": 10, ""gesture"": 10}, ""eff_fps"": {""pose"": 10, ""gesture"": 10}, ""latency_ms"": {""pose"": 0, ""gesture"": 0}, ""svclat_ms"": {""pose"": 37.26, ""gesture"": 17.26}}, ""a12"": {""services"": [""pose"", ""gesture""], ""fps"": {""pose"": 10, ""gesture"": 10}, ""eff_fps"": {""pose"": 10, ""gesture"": 10}, ""latency_ms"": {""pose"": 0, ""gesture"": 0}, ""svclat_ms"": {""pose"": 22.72, ""gesture"": 17.4}}, ""a13"": {""services"": [""pose"", ""gesture""], ""fps"": {""pose"": 10, ""gesture"": 10}, ""eff_fps"": {""pose"": 10, ""gesture"": 10}, ""latency_ms"": {""pose"": 0, ""gesture"": 0}, ""svclat_ms"": {""pose"": 39.0, ""gesture"": 17.42}}, ""a14"": {""services"": [""pose"", ""gesture""], ""fps"": {""pose"": 10, ""gesture"": 10}, ""eff_fps"": {""pose"": 10, ""gesture"": 10}, ""latency_ms"": {""pose"": 0, ""gesture"": 0}, ""svclat_ms"": {""pose"": 19.57, ""gesture"": 15.56}}, ""a15"": {""services"": [""pose"", ""gesture""], ""fps"": {""pose"": 10, ""gesture"": 10}, ""eff_fps"": {""pose"": 10, ""gesture"": 10}, ""latency_ms"": {""pose"": 0, ""gesture"": 0}, ""svclat_ms"": {""pose"": 25.63, ""gesture"": 16.48}}}"
112.1,8,9,1.125,0,0,3,3,3,1.0,281.0,180,0.641,0.0,0.38,0.0,10.0,10.0,0,10.0,10.0,0,0,0,0,30.61,16.9,0,160,"{""ip-172-31-0-204"": ""healthy"", ""ip-172-31-1-171"": ""healthy"", ""ip-172-31-10-12"": ""healthy"", ""ip-172-31-11-132"": ""healthy"", ""ip-172-31-13-134"": ""healthy"", ""ip-172-31-14-68"": ""healthy"", ""ip-172-31-40-239"": ""healthy""}",unsubscribe,9.6,0.3333,0,0,"{""ip-172-31-0-204"": {""pose"": 1}, ""ip-172-31-1-171"": {""pose"": 1}, ""ip-172-31-10-12"": {""gesture"": 1}}","{""a8"": {""services"": [""pose"", ""gesture""], ""fps"": {""pose"": 10, ""gesture"": 10}, ""eff_fps"": {""pose"": 10, ""gesture"": 10}, ""latency_ms"": {""pose"": 0, ""gesture"": 0}, ""svclat_ms"": {""pose"": 24.63, ""gesture"": 16.2}}, ""a9"": {""services"": [""pose"", ""gesture""], ""fps"": {""pose"": 10, ""gesture"": 10}, ""eff_fps"": {""pose"": 10, ""gesture"": 10}, ""latency_ms"": {""pose"": 0, ""gesture"": 0}, ""svclat_ms"": {""pose"": 38.65, ""gesture"": 14.42}}, ""a10"": {""services"": [""pose"", ""gesture""], ""fps"": {""pose"": 10, ""gesture"": 10}, ""eff_fps"": {""pose"": 10, ""gesture"": 10}, ""latency_ms"": {""pose"": 0, ""gesture"": 0}, ""svclat_ms"": {""pose"": 35.42, ""gesture"": 22.98}}, ""a11"": {""services"": [""pose"", ""gesture""], ""fps"": {""pose"": 10, ""gesture"": 10}, ""eff_fps"": {""pose"": 10, ""gesture"": 10}, ""latency_ms"": {""pose"": 0, ""gesture"": 0}, ""svclat_ms"": {""pose"": 37.29, ""gesture"": 17.0}}, ""a12"": {""services"": [""pose"", ""gesture""], ""fps"": {""pose"": 10, ""gesture"": 10}, ""eff_fps"": {""pose"": 10, ""gesture"": 10}, ""latency_ms"": {""pose"": 0, ""gesture"": 0}, ""svclat_ms"": {""pose"": 22.89, ""gesture"": 17.0}}, ""a13"": {""services"": [""pose"", ""gesture""], ""fps"": {""pose"": 10, ""gesture"": 10}, ""eff_fps"": {""pose"": 10, ""gesture"": 10}, ""latency_ms"": {""pose"": 0, ""gesture"": 0}, ""svclat_ms"": {""pose"": 38.83, ""gesture"": 16.97}}, ""a14"": {""services"": [""pose"", ""gesture""], ""fps"": {""pose"": 10, ""gesture"": 10}, ""eff_fps"": {""pose"": 10, ""gesture"": 10}, ""latency_ms"": {""pose"": 0, ""gesture"": 0}, ""svclat_ms"": {""pose"": 20.28, ""gesture"": 14.97}}, ""a15"": {""services"": [""pose"", ""gesture""], ""fps"": {""pose"": 10, ""gesture"": 10}, ""eff_fps"": {""pose"": 10, ""gesture"": 10}, ""latency_ms"": {""pose"": 0, ""gesture"": 0}, ""svclat_ms"": {""pose"": 26.86, ""gesture"": 15.64}}}"
114.5,8,9,1.125,0,0,3,3,3,1.0,281.0,180,0.641,0.0,0.38,0.0,9.86,9.14,0,9.86,8.86,0,0,0,0,33.03,22.54,0,133,"{""ip-172-31-0-204"": ""healthy"", ""ip-172-31-1-171"": ""healthy"", ""ip-172-31-10-12"": ""healthy"", ""ip-172-31-11-132"": ""healthy"", ""ip-172-31-13-134"": ""healthy"", ""ip-172-31-14-68"": ""healthy"", ""ip-172-31-40-239"": ""healthy""}",unsubscribe,9.6,0.3333,0,0,"{""ip-172-31-0-204"": {""pose"": 1}, ""ip-172-31-1-171"": {""pose"": 1}, ""ip-172-31-10-12"": {""gesture"": 1}}","{""a9"": {""services"": [""pose"", ""gesture""], ""fps"": {""pose"": 10, ""gesture"": 10}, ""eff_fps"": {""pose"": 10, ""gesture"": 10}, ""latency_ms"": {""pose"": 0, ""gesture"": 0}, ""svclat_ms"": {""pose"": 38.44, ""gesture"": 14.66}}, ""a10"": {""services"": [""pose"", ""gesture""], ""fps"": {""pose"": 10, ""gesture"": 9}, ""eff_fps"": {""pose"": 10, ""gesture"": 9}, ""latency_ms"": {""pose"": 0, ""gesture"": 0}, ""svclat_ms"": {""pose"": 36.23, ""gesture"": 15.63}}, ""a11"": {""services"": [""pose"", ""gesture""], ""fps"": {""pose"": 10, ""gesture"": 9}, ""eff_fps"": {""pose"": 10, ""gesture"": 9}, ""latency_ms"": {""pose"": 0, ""gesture"": 0}, ""svclat_ms"": {""pose"": 38.87, ""gesture"": 20.59}}, ""a12"": {""services"": [""pose"", ""gesture""], ""fps"": {""pose"": 10, ""gesture"": 9}, ""eff_fps"": {""pose"": 10, ""gesture"": 9}, ""latency_ms"": {""pose"": 0, ""gesture"": 0}, ""svclat_ms"": {""pose"": 23.12, ""gesture"": 16.97}}, ""a13"": {""services"": [""pose"", ""gesture""], ""fps"": {""pose"": 9, ""gesture"": 8}, ""eff_fps"": {""pose"": 9, ""gesture"": 8}, ""latency_ms"": {""pose"": 0, ""gesture"": 0}, ""svclat_ms"": {""pose"": 39.36, ""gesture"": 16.91}}, ""a14"": {""services"": [""pose"", ""gesture""], ""fps"": {""pose"": 10, ""gesture"": 10}, ""eff_fps"": {""pose"": 10, ""gesture"": 10}, ""latency_ms"": {""pose"": 0, ""gesture"": 0}, ""svclat_ms"": {""pose"": 20.01, ""gesture"": 15.11}}, ""a15"": {""services"": [""pose"", ""gesture""], ""fps"": {""pose"": 10, ""gesture"": 9}, ""eff_fps"": {""pose"": 10, ""gesture"": 7}, ""latency_ms"": {""pose"": 0, ""gesture"": 0}, ""svclat_ms"": {""pose"": 35.19, ""gesture"": 57.94}}}"
118.1,8,9,1.125,0,0,3,3,3,1.0,281.0,180,0.641,0.0,0.38,0.0,10.17,10.0,0,10.17,10.0,0,0,0,0,35.45,16.08,0,121,"{""ip-172-31-0-204"": ""healthy"", ""ip-172-31-1-171"": ""healthy"", ""ip-172-31-10-12"": ""healthy"", ""ip-172-31-11-132"": ""healthy"", ""ip-172-31-13-134"": ""healthy"", ""ip-172-31-14-68"": ""healthy"", ""ip-172-31-40-239"": ""healthy""}",unsubscribe,9.6,0.3333,0,0,"{""ip-172-31-0-204"": {""pose"": 1}, ""ip-172-31-1-171"": {""pose"": 1}, ""ip-172-31-10-12"": {""gesture"": 1}}","{""a10"": {""services"": [""pose"", ""gesture""], ""fps"": {""pose"": 10, ""gesture"": 10}, ""eff_fps"": {""pose"": 10, ""gesture"": 10}, ""latency_ms"": {""pose"": 0, ""gesture"": 0}, ""svclat_ms"": {""pose"": 42.76, ""gesture"": 15.47}}, ""a11"": {""services"": [""pose"", ""gesture""], ""fps"": {""pose"": 10, ""gesture"": 10}, ""eff_fps"": {""pose"": 10, ""gesture"": 10}, ""latency_ms"": {""pose"": 0, ""gesture"": 0}, ""svclat_ms"": {""pose"": 43.48, ""gesture"": 15.52}}, ""a12"": {""services"": [""pose"", ""gesture""], ""fps"": {""pose"": 10, ""gesture"": 10}, ""eff_fps"": {""pose"": 10, ""gesture"": 10}, ""latency_ms"": {""pose"": 0, ""gesture"": 0}, ""svclat_ms"": {""pose"": 30.02, ""gesture"": 16.43}}, ""a13"": {""services"": [""pose"", ""gesture""], ""fps"": {""pose"": 11, ""gesture"": 10}, ""eff_fps"": {""pose"": 11, ""gesture"": 10}, ""latency_ms"": {""pose"": 0, ""gesture"": 0}, ""svclat_ms"": {""pose"": 40.66, ""gesture"": 15.99}}, ""a14"": {""services"": [""pose"", ""gesture""], ""fps"": {""pose"": 10, ""gesture"": 10}, ""eff_fps"": {""pose"": 10, ""gesture"": 10}, ""latency_ms"": {""pose"": 0, ""gesture"": 0}, ""svclat_ms"": {""pose"": 22.3, ""gesture"": 16.5}}, ""a15"": {""services"": [""pose"", ""gesture""], ""fps"": {""pose"": 10, ""gesture"": 10}, ""eff_fps"": {""pose"": 10, ""gesture"": 10}, ""latency_ms"": {""pose"": 0, ""gesture"": 0}, ""svclat_ms"": {""pose"": 33.47, ""gesture"": 16.56}}}"
122.3,7,8,1.143,1,2,6,2,2,1.0,197.0,160,0.812,0.0,0.29,0.0,10.0,10.0,0,10.0,10.0,0,0,0,0,34.37,15.71,0,120,"{""ip-172-31-0-204"": ""healthy"", ""ip-172-31-1-171"": ""healthy"", ""ip-172-31-10-12"": ""healthy"", ""ip-172-31-11-132"": ""healthy"", ""ip-172-31-13-134"": ""healthy"", ""ip-172-31-14-68"": ""healthy"", ""ip-172-31-40-239"": ""healthy""}",unsubscribe,9.2,0.3333,0,0,"{""ip-172-31-0-204"": {""pose"": 1}, ""ip-172-31-1-171"": {""gesture"": 1}}","{""a10"": {""services"": [""pose"", ""gesture""], ""fps"": {""pose"": 10, ""gesture"": 10}, ""eff_fps"": {""pose"": 10, ""gesture"": 10}, ""latency_ms"": {""pose"": 0, ""gesture"": 0}, ""svclat_ms"": {""pose"": 43.9, ""gesture"": 15.04}}, ""a11"": {""services"": [""pose"", ""gesture""], ""fps"": {""pose"": 10, ""gesture"": 10}, ""eff_fps"": {""pose"": 10, ""gesture"": 10}, ""latency_ms"": {""pose"": 0, ""gesture"": 0}, ""svclat_ms"": {""pose"": 43.28, ""gesture"": 15.57}}, ""a12"": {""services"": [""pose"", ""gesture""], ""fps"": {""pose"": 10, ""gesture"": 10}, ""eff_fps"": {""pose"": 10, ""gesture"": 10}, ""latency_ms"": {""pose"": 0, ""gesture"": 0}, ""svclat_ms"": {""pose"": 30.47, ""gesture"": 15.37}}, ""a13"": {""services"": [""pose"", ""gesture""], ""fps"": {""pose"": 10, ""gesture"": 10}, ""eff_fps"": {""pose"": 10, ""gesture"": 10}, ""latency_ms"": {""pose"": 0, ""gesture"": 0}, ""svclat_ms"": {""pose"": 32.6, ""gesture"": 15.74}}, ""a14"": {""services"": [""pose"", ""gesture""], ""fps"": {""pose"": 10, ""gesture"": 10}, ""eff_fps"": {""pose"": 10, ""gesture"": 10}, ""latency_ms"": {""pose"": 0, ""gesture"": 0}, ""svclat_ms"": {""pose"": 22.92, ""gesture"": 16.63}}, ""a15"": {""services"": [""pose"", ""gesture""], ""fps"": {""pose"": 10, ""gesture"": 10}, ""eff_fps"": {""pose"": 10, ""gesture"": 10}, ""latency_ms"": {""pose"": 0, ""gesture"": 0}, ""svclat_ms"": {""pose"": 33.07, ""gesture"": 15.92}}}"
125.8,6,6,1.0,0,0,6,2,2,1.0,197.0,120,0.609,0.0,0.33,0.0,10.0,10.0,0,10.0,10.0,0,0,0,0,34.48,15.75,0,120,"{""ip-172-31-0-204"": ""healthy"", ""ip-172-31-1-171"": ""healthy"", ""ip-172-31-10-12"": ""healthy"", ""ip-172-31-11-132"": ""healthy"", ""ip-172-31-13-134"": ""healthy"", ""ip-172-31-14-68"": ""healthy"", ""ip-172-31-40-239"": ""healthy""}",unsubscribe,9.4,0.3333,0,0,"{""ip-172-31-0-204"": {""pose"": 1}, ""ip-172-31-1-171"": {""gesture"": 1}}","{""a10"": {""services"": [""pose"", ""gesture""], ""fps"": {""pose"": 10, ""gesture"": 10}, ""eff_fps"": {""pose"": 10, ""gesture"": 10}, ""latency_ms"": {""pose"": 0, ""gesture"": 0}, ""svclat_ms"": {""pose"": 42.69, ""gesture"": 15.04}}, ""a11"": {""services"": [""pose"", ""gesture""], ""fps"": {""pose"": 10, ""gesture"": 10}, ""eff_fps"": {""pose"": 10, ""gesture"": 10}, ""latency_ms"": {""pose"": 0, ""gesture"": 0}, ""svclat_ms"": {""pose"": 43.59, ""gesture"": 15.7}}, ""a12"": {""services"": [""pose"", ""gesture""], ""fps"": {""pose"": 10, ""gesture"": 10}, ""eff_fps"": {""pose"": 10, ""gesture"": 10}, ""latency_ms"": {""pose"": 0, ""gesture"": 0}, ""svclat_ms"": {""pose"": 30.55, ""gesture"": 15.33}}, ""a13"": {""services"": [""pose"", ""gesture""], ""fps"": {""pose"": 10, ""gesture"": 10}, ""eff_fps"": {""pose"": 10, ""gesture"": 10}, ""latency_ms"": {""pose"": 0, ""gesture"": 0}, ""svclat_ms"": {""pose"": 32.56, ""gesture"": 15.9}}, ""a14"": {""services"": [""pose"", ""gesture""], ""fps"": {""pose"": 10, ""gesture"": 10}, ""eff_fps"": {""pose"": 10, ""gesture"": 10}, ""latency_ms"": {""pose"": 0, ""gesture"": 0}, ""svclat_ms"": {""pose"": 22.95, ""gesture"": 16.65}}, ""a15"": {""services"": [""pose"", ""gesture""], ""fps"": {""pose"": 10, ""gesture"": 10}, ""eff_fps"": {""pose"": 10, ""gesture"": 10}, ""latency_ms"": {""pose"": 0, ""gesture"": 0}, ""svclat_ms"": {""pose"": 34.57, ""gesture"": 15.89}}}"
128.2,6,6,1.0,0,0,6,2,2,1.0,197.0,120,0.609,0.0,0.33,0.0,10.0,10.0,0,10.0,10.0,0,0,0,0,33.97,15.54,0,120,"{""ip-172-31-0-204"": ""healthy"", ""ip-172-31-1-171"": ""healthy"", ""ip-172-31-10-12"": ""healthy"", ""ip-172-31-11-132"": ""healthy"", ""ip-172-31-13-134"": ""healthy"", ""ip-172-31-14-68"": ""healthy"", ""ip-172-31-40-239"": ""healthy""}",unsubscribe,9.4,0.3333,0,0,"{""ip-172-31-0-204"": {""pose"": 1}, ""ip-172-31-1-171"": {""gesture"": 1}}","{""a10"": {""services"": [""pose"", ""gesture""], ""fps"": {""pose"": 10, ""gesture"": 10}, ""eff_fps"": {""pose"": 10, ""gesture"": 10}, ""latency_ms"": {""pose"": 0, ""gesture"": 0}, ""svclat_ms"": {""pose"": 42.36, ""gesture"": 14.82}}, ""a11"": {""services"": [""pose"", ""gesture""], ""fps"": {""pose"": 10, ""gesture"": 10}, ""eff_fps"": {""pose"": 10, ""gesture"": 10}, ""latency_ms"": {""pose"": 0, ""gesture"": 0}, ""svclat_ms"": {""pose"": 43.28, ""gesture"": 15.26}}, ""a12"": {""services"": [""pose"", ""gesture""], ""fps"": {""pose"": 10, ""gesture"": 10}, ""eff_fps"": {""pose"": 10, ""gesture"": 10}, ""latency_ms"": {""pose"": 0, ""gesture"": 0}, ""svclat_ms"": {""pose"": 30.22, ""gesture"": 15.05}}, ""a13"": {""services"": [""pose"", ""gesture""], ""fps"": {""pose"": 10, ""gesture"": 10}, ""eff_fps"": {""pose"": 10, ""gesture"": 10}, ""latency_ms"": {""pose"": 0, ""gesture"": 0}, ""svclat_ms"": {""pose"": 32.52, ""gesture"": 15.61}}, ""a14"": {""services"": [""pose"", ""gesture""], ""fps"": {""pose"": 10, ""gesture"": 10}, ""eff_fps"": {""pose"": 10, ""gesture"": 10}, ""latency_ms"": {""pose"": 0, ""gesture"": 0}, ""svclat_ms"": {""pose"": 22.57, ""gesture"": 16.34}}, ""a15"": {""services"": [""pose"", ""gesture""], ""fps"": {""pose"": 10, ""gesture"": 10}, ""eff_fps"": {""pose"": 10, ""gesture"": 10}, ""latency_ms"": {""pose"": 0, ""gesture"": 0}, ""svclat_ms"": {""pose"": 32.85, ""gesture"": 16.16}}}"
130.7,6,6,1.0,0,0,6,2,2,1.0,197.0,120,0.609,0.0,0.33,0.0,10.0,10.0,0,10.0,10.0,0,0,0,0,34.36,15.78,0,120,"{""ip-172-31-0-204"": ""healthy"", ""ip-172-31-1-171"": ""healthy"", ""ip-172-31-10-12"": ""healthy"", ""ip-172-31-11-132"": ""healthy"", ""ip-172-31-13-134"": ""healthy"", ""ip-172-31-14-68"": ""healthy"", ""ip-172-31-40-239"": ""healthy""}",unsubscribe,9.4,0.3333,0,0,"{""ip-172-31-0-204"": {""pose"": 1}, ""ip-172-31-1-171"": {""gesture"": 1}}","{""a10"": {""services"": [""pose"", ""gesture""], ""fps"": {""pose"": 10, ""gesture"": 10}, ""eff_fps"": {""pose"": 10, ""gesture"": 10}, ""latency_ms"": {""pose"": 0, ""gesture"": 0}, ""svclat_ms"": {""pose"": 41.27, ""gesture"": 15.04}}, ""a11"": {""services"": [""pose"", ""gesture""], ""fps"": {""pose"": 10, ""gesture"": 10}, ""eff_fps"": {""pose"": 10, ""gesture"": 10}, ""latency_ms"": {""pose"": 0, ""gesture"": 0}, ""svclat_ms"": {""pose"": 43.85, ""gesture"": 15.57}}, ""a12"": {""services"": [""pose"", ""gesture""], ""fps"": {""pose"": 10, ""gesture"": 10}, ""eff_fps"": {""pose"": 10, ""gesture"": 10}, ""latency_ms"": {""pose"": 0, ""gesture"": 0}, ""svclat_ms"": {""pose"": 30.55, ""gesture"": 15.3}}, ""a13"": {""services"": [""pose"", ""gesture""], ""fps"": {""pose"": 10, ""gesture"": 10}, ""eff_fps"": {""pose"": 10, ""gesture"": 10}, ""latency_ms"": {""pose"": 0, ""gesture"": 0}, ""svclat_ms"": {""pose"": 32.85, ""gesture"": 15.83}}, ""a14"": {""services"": [""pose"", ""gesture""], ""fps"": {""pose"": 10, ""gesture"": 10}, ""eff_fps"": {""pose"": 10, ""gesture"": 10}, ""latency_ms"": {""pose"": 0, ""gesture"": 0}, ""svclat_ms"": {""pose"": 23.25, ""gesture"": 16.94}}, ""a15"": {""services"": [""pose"", ""gesture""], ""fps"": {""pose"": 10, ""gesture"": 10}, ""eff_fps"": {""pose"": 10, ""gesture"": 10}, ""latency_ms"": {""pose"": 0, ""gesture"": 0}, ""svclat_ms"": {""pose"": 34.38, ""gesture"": 16.01}}}"
134.5,6,6,1.0,0,0,6,2,2,1.0,197.0,120,0.609,0.0,0.33,0.0,10.0,10.0,0,10.0,10.0,0,0,0,0,27.38,16.02,0,100,"{""ip-172-31-0-204"": ""healthy"", ""ip-172-31-1-171"": ""healthy"", ""ip-172-31-10-12"": ""healthy"", ""ip-172-31-11-132"": ""healthy"", ""ip-172-31-13-134"": ""healthy"", ""ip-172-31-14-68"": ""healthy"", ""ip-172-31-40-239"": ""healthy""}",unsubscribe,9.4,0.3333,0,0,"{""ip-172-31-0-204"": {""pose"": 1}, ""ip-172-31-1-171"": {""gesture"": 1}}","{""a11"": {""services"": [""pose"", ""gesture""], ""fps"": {""pose"": 10, ""gesture"": 10}, ""eff_fps"": {""pose"": 10, ""gesture"": 10}, ""latency_ms"": {""pose"": 0, ""gesture"": 0}, ""svclat_ms"": {""pose"": 31.44, ""gesture"": 15.26}}, ""a12"": {""services"": [""pose"", ""gesture""], ""fps"": {""pose"": 10, ""gesture"": 10}, ""eff_fps"": {""pose"": 10, ""gesture"": 10}, ""latency_ms"": {""pose"": 0, ""gesture"": 0}, ""svclat_ms"": {""pose"": 29.78, ""gesture"": 15.91}}, ""a13"": {""services"": [""pose"", ""gesture""], ""fps"": {""pose"": 10, ""gesture"": 10}, ""eff_fps"": {""pose"": 10, ""gesture"": 10}, ""latency_ms"": {""pose"": 0, ""gesture"": 0}, ""svclat_ms"": {""pose"": 21.31, ""gesture"": 16.58}}, ""a14"": {""services"": [""pose"", ""gesture""], ""fps"": {""pose"": 10, ""gesture"": 10}, ""eff_fps"": {""pose"": 10, ""gesture"": 10}, ""latency_ms"": {""pose"": 0, ""gesture"": 0}, ""svclat_ms"": {""pose"": 22.59, ""gesture"": 16.51}}, ""a15"": {""services"": [""pose"", ""gesture""], ""fps"": {""pose"": 10, ""gesture"": 10}, ""eff_fps"": {""pose"": 10, ""gesture"": 10}, ""latency_ms"": {""pose"": 0, ""gesture"": 0}, ""svclat_ms"": {""pose"": 31.78, ""gesture"": 15.82}}}"
136.9,5,5,1.0,0,0,6,2,2,1.0,197.0,100,0.508,0.0,0.4,0.0,10.0,10.0,0,10.0,10.0,0,0,0,0,27.18,16.39,0,100,"{""ip-172-31-0-204"": ""healthy"", ""ip-172-31-1-171"": ""healthy"", ""ip-172-31-10-12"": ""healthy"", ""ip-172-31-11-132"": ""healthy"", ""ip-172-31-13-134"": ""healthy"", ""ip-172-31-14-68"": ""healthy"", ""ip-172-31-40-239"": ""healthy""}",unsubscribe,9.6,0.3333,0,0,"{""ip-172-31-0-204"": {""pose"": 1}, ""ip-172-31-1-171"": {""gesture"": 1}}","{""a11"": {""services"": [""pose"", ""gesture""], ""fps"": {""pose"": 10, ""gesture"": 10}, ""eff_fps"": {""pose"": 10, ""gesture"": 10}, ""latency_ms"": {""pose"": 0, ""gesture"": 0}, ""svclat_ms"": {""pose"": 31.54, ""gesture"": 16.57}}, ""a12"": {""services"": [""pose"", ""gesture""], ""fps"": {""pose"": 10, ""gesture"": 10}, ""eff_fps"": {""pose"": 10, ""gesture"": 10}, ""latency_ms"": {""pose"": 0, ""gesture"": 0}, ""svclat_ms"": {""pose"": 29.29, ""gesture"": 16.27}}, ""a13"": {""services"": [""pose"", ""gesture""], ""fps"": {""pose"": 10, ""gesture"": 10}, ""eff_fps"": {""pose"": 10, ""gesture"": 10}, ""latency_ms"": {""pose"": 0, ""gesture"": 0}, ""svclat_ms"": {""pose"": 21.77, ""gesture"": 15.78}}, ""a14"": {""services"": [""pose"", ""gesture""], ""fps"": {""pose"": 10, ""gesture"": 10}, ""eff_fps"": {""pose"": 10, ""gesture"": 10}, ""latency_ms"": {""pose"": 0, ""gesture"": 0}, ""svclat_ms"": {""pose"": 22.31, ""gesture"": 17.18}}, ""a15"": {""services"": [""pose"", ""gesture""], ""fps"": {""pose"": 10, ""gesture"": 10}, ""eff_fps"": {""pose"": 10, ""gesture"": 10}, ""latency_ms"": {""pose"": 0, ""gesture"": 0}, ""svclat_ms"": {""pose"": 30.97, ""gesture"": 16.14}}}"
141.3,4,5,1.25,0,0,6,2,2,1.0,197.0,100,0.508,0.0,0.5,0.0,10.0,10.0,0,10.0,10.0,0,0,0,0,20.44,15.43,0,60,"{""ip-172-31-0-204"": ""healthy"", ""ip-172-31-1-171"": ""healthy"", ""ip-172-31-10-12"": ""healthy"", ""ip-172-31-11-132"": ""healthy"", ""ip-172-31-13-134"": ""healthy"", ""ip-172-31-14-68"": ""healthy"", ""ip-172-31-40-239"": ""healthy""}",unsubscribe,9.6,0.3333,0,0,"{""ip-172-31-0-204"": {""pose"": 1}, ""ip-172-31-1-171"": {""gesture"": 1}}","{""a13"": {""services"": [""pose"", ""gesture""], ""fps"": {""pose"": 10, ""gesture"": 10}, ""eff_fps"": {""pose"": 10, ""gesture"": 10}, ""latency_ms"": {""pose"": 0, ""gesture"": 0}, ""svclat_ms"": {""pose"": 19.82, ""gesture"": 14.23}}, ""a14"": {""services"": [""pose"", ""gesture""], ""fps"": {""pose"": 10, ""gesture"": 10}, ""eff_fps"": {""pose"": 10, ""gesture"": 10}, ""latency_ms"": {""pose"": 0, ""gesture"": 0}, ""svclat_ms"": {""pose"": 21.47, ""gesture"": 16.53}}, ""a15"": {""services"": [""pose"", ""gesture""], ""fps"": {""pose"": 10, ""gesture"": 10}, ""eff_fps"": {""pose"": 10, ""gesture"": 10}, ""latency_ms"": {""pose"": 0, ""gesture"": 0}, ""svclat_ms"": {""pose"": 20.03, ""gesture"": 15.52}}}"
144.8,3,3,1.0,0,0,6,2,2,1.0,197.0,60,0.305,0.0,0.67,0.0,10.0,10.0,0,10.0,10.0,0,0,0,0,20.63,15.33,0,60,"{""ip-172-31-0-204"": ""healthy"", ""ip-172-31-1-171"": ""healthy"", ""ip-172-31-10-12"": ""healthy"", ""ip-172-31-11-132"": ""healthy"", ""ip-172-31-13-134"": ""healthy"", ""ip-172-31-14-68"": ""healthy"", ""ip-172-31-40-239"": ""healthy""}",unsubscribe,9.2,0.3333,0,0,"{""ip-172-31-0-204"": {""pose"": 1}, ""ip-172-31-1-171"": {""gesture"": 1}}","{""a13"": {""services"": [""pose"", ""gesture""], ""fps"": {""pose"": 10, ""gesture"": 10}, ""eff_fps"": {""pose"": 10, ""gesture"": 10}, ""latency_ms"": {""pose"": 0, ""gesture"": 0}, ""svclat_ms"": {""pose"": 19.79, ""gesture"": 14.23}}, ""a14"": {""services"": [""pose"", ""gesture""], ""fps"": {""pose"": 10, ""gesture"": 10}, ""eff_fps"": {""pose"": 10, ""gesture"": 10}, ""latency_ms"": {""pose"": 0, ""gesture"": 0}, ""svclat_ms"": {""pose"": 21.59, ""gesture"": 16.35}}, ""a15"": {""services"": [""pose"", ""gesture""], ""fps"": {""pose"": 10, ""gesture"": 10}, ""eff_fps"": {""pose"": 10, ""gesture"": 10}, ""latency_ms"": {""pose"": 0, ""gesture"": 0}, ""svclat_ms"": {""pose"": 20.51, ""gesture"": 15.42}}}"
148.4,3,3,1.0,0,0,6,2,2,1.0,197.0,60,0.305,0.0,0.67,0.0,10.0,10.0,0,10.0,10.0,0,0,0,0,21.05,15.55,0,40,"{""ip-172-31-0-204"": ""healthy"", ""ip-172-31-1-171"": ""healthy"", ""ip-172-31-10-12"": ""healthy"", ""ip-172-31-11-132"": ""healthy"", ""ip-172-31-13-134"": ""healthy"", ""ip-172-31-14-68"": ""healthy"", ""ip-172-31-40-239"": ""healthy""}",unsubscribe,9.2,0.3333,0,0,"{""ip-172-31-0-204"": {""pose"": 1}, ""ip-172-31-1-171"": {""gesture"": 1}}","{""a14"": {""services"": [""pose"", ""gesture""], ""fps"": {""pose"": 10, ""gesture"": 10}, ""eff_fps"": {""pose"": 10, ""gesture"": 10}, ""latency_ms"": {""pose"": 0, ""gesture"": 0}, ""svclat_ms"": {""pose"": 21.83, ""gesture"": 16.61}}, ""a15"": {""services"": [""pose"", ""gesture""], ""fps"": {""pose"": 10, ""gesture"": 10}, ""eff_fps"": {""pose"": 10, ""gesture"": 10}, ""latency_ms"": {""pose"": 0, ""gesture"": 0}, ""svclat_ms"": {""pose"": 20.28, ""gesture"": 14.49}}}"
150.8,2,2,1.0,0,0,6,2,2,1.0,197.0,40,0.203,0.0,1.0,0.0,0,0,0,0,0,0,0,0,0,0,0,0,0,"{""ip-172-31-0-204"": ""healthy"", ""ip-172-31-1-171"": ""healthy"", ""ip-172-31-10-12"": ""healthy"", ""ip-172-31-11-132"": ""healthy"", ""ip-172-31-13-134"": ""healthy"", ""ip-172-31-14-68"": ""healthy"", ""ip-172-31-40-239"": ""healthy""}",unsubscribe,9.6,0.3333,0,0,"{""ip-172-31-0-204"": {""pose"": 1}, ""ip-172-31-1-171"": {""gesture"": 1}}","{""b1"": {""services"": [""pose"", ""object""], ""fps"": {""pose"": 0, ""object"": 0}, ""eff_fps"": {""pose"": 0, ""object"": 0}, ""latency_ms"": {""pose"": 0, ""object"": 0}, ""svclat_ms"": {""pose"": 0.0, ""object"": 0.0}}}"
156.4,0,0,0,0,0,6,2,0,0.0,197.0,0,0.0,0.0,0,0.0,0,0,0,0,0,0,0,0,0,0,0,0,0,"{""ip-172-31-0-204"": ""healthy"", ""ip-172-31-1-171"": ""healthy"", ""ip-172-31-10-12"": ""healthy"", ""ip-172-31-11-132"": ""healthy"", ""ip-172-31-13-134"": ""healthy"", ""ip-172-31-14-68"": ""healthy"", ""ip-172-31-40-239"": ""healthy""}",unsubscribe,0.1,0.0,0,0,"{""ip-172-31-0-204"": {""pose"": 1}, ""ip-172-31-1-171"": {""gesture"": 1}}","{""b1"": {""services"": [""pose"", ""object""], ""fps"": {""pose"": 0, ""object"": 0}, ""eff_fps"": {""pose"": 0, ""object"": 0}, ""latency_ms"": {""pose"": 0, ""object"": 0}, ""svclat_ms"": {""pose"": 0.0, ""object"": 0.0}}, ""b2"": {""services"": [""pose"", ""object""], ""fps"": {""pose"": 0, ""object"": 0}, ""eff_fps"": {""pose"": 0, ""object"": 0}, ""latency_ms"": {""pose"": 0, ""object"": 0}, ""svclat_ms"": {""pose"": 0.0, ""object"": 0.0}}}"
158.9,1,0,0.0,0,0,6,2,0,0.0,197.0,0,0.0,0.0,0,0.0,0,0,0,0,0,0,0,0,0,0,0,0,0,"{""ip-172-31-0-204"": ""healthy"", ""ip-172-31-1-171"": ""healthy"", ""ip-172-31-10-12"": ""healthy"", ""ip-172-31-11-132"": ""healthy"", ""ip-172-31-13-134"": ""healthy"", ""ip-172-31-14-68"": ""healthy"", ""ip-172-31-40-239"": ""healthy""}",unsubscribe,0.1,0.0,0,0,"{""ip-172-31-0-204"": {""pose"": 1}, ""ip-172-31-1-171"": {""gesture"": 1}}","{""b1"": {""services"": [""pose"", ""object""], ""fps"": {""pose"": 0, ""object"": 0}, ""eff_fps"": {""pose"": 0, ""object"": 0}, ""latency_ms"": {""pose"": 0, ""object"": 0}, ""svclat_ms"": {""pose"": 0.0, ""object"": 0.0}}, ""b2"": {""services"": [""pose"", ""object""], ""fps"": {""pose"": 0, ""object"": 0}, ""eff_fps"": {""pose"": 0, ""object"": 0}, ""latency_ms"": {""pose"": 0, ""object"": 0}, ""svclat_ms"": {""pose"": 0.0, ""object"": 0.0}}}"
161.3,1,0,0.0,0,0,6,2,0,0.0,197.0,0,0.0,0.0,0,0.0,0,0,0,0,0,0,0,0,0,0,0,0,0,"{""ip-172-31-0-204"": ""healthy"", ""ip-172-31-1-171"": ""healthy"", ""ip-172-31-10-12"": ""healthy"", ""ip-172-31-11-132"": ""healthy"", ""ip-172-31-13-134"": ""healthy"", ""ip-172-31-14-68"": ""healthy"", ""ip-172-31-40-239"": ""healthy""}",unsubscribe,0.1,0.0,0,0,"{""ip-172-31-0-204"": {""pose"": 1}, ""ip-172-31-1-171"": {""gesture"": 1}}","{""b1"": {""services"": [""pose"", ""object""], ""fps"": {""pose"": 0, ""object"": 0}, ""eff_fps"": {""pose"": 0, ""object"": 0}, ""latency_ms"": {""pose"": 0, ""object"": 0}, ""svclat_ms"": {""pose"": 0.0, ""object"": 0.0}}, ""b2"": {""services"": [""pose"", ""object""], ""fps"": {""pose"": 0, ""object"": 0}, ""eff_fps"": {""pose"": 0, ""object"": 0}, ""latency_ms"": {""pose"": 0, ""object"": 0}, ""svclat_ms"": {""pose"": 0.0, ""object"": 0.0}}, ""b3"": {""services"": [""pose"", ""object""], ""fps"": {""pose"": 0, ""object"": 0}, ""eff_fps"": {""pose"": 0, ""object"": 0}, ""latency_ms"": {""pose"": 0, ""object"": 0}, ""svclat_ms"": {""pose"": 0.0, ""object"": 0.0}}}"
163.7,1,0,0.0,0,0,6,2,0,0.0,197.0,0,0.0,0.0,0,0.0,0,0,0,0,0,0,0,0,0,0,0,0,0,"{""ip-172-31-0-204"": ""healthy"", ""ip-172-31-1-171"": ""healthy"", ""ip-172-31-10-12"": ""healthy"", ""ip-172-31-11-132"": ""healthy"", ""ip-172-31-13-134"": ""healthy"", ""ip-172-31-14-68"": ""healthy"", ""ip-172-31-40-239"": ""healthy""}",unsubscribe,0.1,0.0,0,0,"{""ip-172-31-0-204"": {""pose"": 1}, ""ip-172-31-1-171"": {""gesture"": 1}}","{""b1"": {""services"": [""pose"", ""object""], ""fps"": {""pose"": 0, ""object"": 0}, ""eff_fps"": {""pose"": 0, ""object"": 0}, ""latency_ms"": {""pose"": 0, ""object"": 0}, ""svclat_ms"": {""pose"": 0.0, ""object"": 0.0}}, ""b2"": {""services"": [""pose"", ""object""], ""fps"": {""pose"": 0, ""object"": 0}, ""eff_fps"": {""pose"": 0, ""object"": 0}, ""latency_ms"": {""pose"": 0, ""object"": 0}, ""svclat_ms"": {""pose"": 0.0, ""object"": 0.0}}, ""b3"": {""services"": [""pose"", ""object""], ""fps"": {""pose"": 0, ""object"": 0}, ""eff_fps"": {""pose"": 0, ""object"": 0}, ""latency_ms"": {""pose"": 0, ""object"": 0}, ""svclat_ms"": {""pose"": 0.0, ""object"": 0.0}}}"
168.0,1,0,0.0,0,0,6,2,0,0.0,197.0,0,0.0,0.0,0,0.0,10.0,0,10.0,10.0,0,10.0,0,0,0,17.53,0,18.14,20,"{""ip-172-31-0-204"": ""healthy"", ""ip-172-31-1-171"": ""healthy"", ""ip-172-31-10-12"": ""healthy"", ""ip-172-31-11-132"": ""healthy"", ""ip-172-31-13-134"": ""healthy"", ""ip-172-31-14-68"": ""healthy"", ""ip-172-31-40-239"": ""healthy""}",unsubscribe,0.1,0.0,0,0,"{""ip-172-31-0-204"": {""pose"": 1}, ""ip-172-31-1-171"": {""gesture"": 1}}","{""b1"": {""services"": [""pose"", ""object""], ""fps"": {""pose"": 10, ""object"": 10}, ""eff_fps"": {""pose"": 10, ""object"": 10}, ""latency_ms"": {""pose"": 0, ""object"": 0}, ""svclat_ms"": {""pose"": 17.53, ""object"": 18.14}}, ""b2"": {""services"": [""pose"", ""object""], ""fps"": {""pose"": 0, ""object"": 0}, ""eff_fps"": {""pose"": 0, ""object"": 0}, ""latency_ms"": {""pose"": 0, ""object"": 0}, ""svclat_ms"": {""pose"": 0.0, ""object"": 0.0}}, ""b3"": {""services"": [""pose"", ""object""], ""fps"": {""pose"": 0, ""object"": 0}, ""eff_fps"": {""pose"": 0, ""object"": 0}, ""latency_ms"": {""pose"": 0, ""object"": 0}, ""svclat_ms"": {""pose"": 0.0, ""object"": 0.0}}, ""b4"": {""services"": [""pose"", ""object""], ""fps"": {""pose"": 0, ""object"": 0}, ""eff_fps"": {""pose"": 0, ""object"": 0}, ""latency_ms"": {""pose"": 0, ""object"": 0}, ""svclat_ms"": {""pose"": 0.0, ""object"": 0.0}}}"
172.8,2,2,1.0,0,0,6,2,2,1.0,166.0,40,0.241,0.0,1.0,0.0,10.5,0,10.5,10.5,0,10.5,0,0,0,22.8,0,22.17,42,"{""ip-172-31-0-204"": ""healthy"", ""ip-172-31-1-171"": ""healthy"", ""ip-172-31-10-12"": ""healthy"", ""ip-172-31-11-132"": ""healthy"", ""ip-172-31-13-134"": ""healthy"", ""ip-172-31-14-68"": ""healthy"", ""ip-172-31-40-239"": ""healthy""}",subscribe,9.2,0.3333,0,0,"{""ip-172-31-0-204"": {""object"": 1}, ""ip-172-31-1-171"": {""pose"": 1}}","{""b1"": {""services"": [""pose"", ""object""], ""fps"": {""pose"": 11, ""object"": 11}, ""eff_fps"": {""pose"": 11, ""object"": 11}, ""latency_ms"": {""pose"": 0, ""object"": 0}, ""svclat_ms"": {""pose"": 25.62, ""object"": 24.36}}, ""b2"": {""services"": [""pose"", ""object""], ""fps"": {""pose"": 10, ""object"": 10}, ""eff_fps"": {""pose"": 10, ""object"": 10}, ""latency_ms"": {""pose"": 0, ""object"": 0}, ""svclat_ms"": {""pose"": 19.97, ""object"": 19.99}}, ""b3"": {""services"": [""pose"", ""object""], ""fps"": {""pose"": 0, ""object"": 0}, ""eff_fps"": {""pose"": 0, ""object"": 0}, ""latency_ms"": {""pose"": 0, ""object"": 0}, ""svclat_ms"": {""pose"": 0.0, ""object"": 0.0}}, ""b4"": {""services"": [""pose"", ""object""], ""fps"": {""pose"": 0, ""object"": 0}, ""eff_fps"": {""pose"": 0, ""object"": 0}, ""latency_ms"": {""pose"": 0, ""object"": 0}, ""svclat_ms"": {""pose"": 0.0, ""object"": 0.0}}, ""b5"": {""services"": [""pose"", ""object""], ""fps"": {""pose"": 0, ""object"": 0}, ""eff_fps"": {""pose"": 0, ""object"": 0}, ""latency_ms"": {""pose"": 0, ""object"": 0}, ""svclat_ms"": {""pose"": 0.0, ""object"": 0.0}}}"
177.6,5,4,0.8,0,0,6,2,2,1.0,166.0,80,0.482,0.0,0.5,0.0,10.0,0,10.0,10.0,0,10.0,0,0,0,23.77,0,23.18,100,"{""ip-172-31-0-204"": ""healthy"", ""ip-172-31-1-171"": ""healthy"", ""ip-172-31-10-12"": ""healthy"", ""ip-172-31-11-132"": ""healthy"", ""ip-172-31-13-134"": ""healthy"", ""ip-172-31-14-68"": ""healthy"", ""ip-172-31-40-239"": ""healthy""}",subscribe,8.9,0.3333,0,0,"{""ip-172-31-0-204"": {""object"": 1}, ""ip-172-31-1-171"": {""pose"": 1}}","{""b1"": {""services"": [""pose"", ""object""], ""fps"": {""pose"": 10, ""object"": 10}, ""eff_fps"": {""pose"": 10, ""object"": 10}, ""latency_ms"": {""pose"": 0, ""object"": 0}, ""svclat_ms"": {""pose"": 27.02, ""object"": 25.27}}, ""b2"": {""services"": [""pose"", ""object""], ""fps"": {""pose"": 10, ""object"": 10}, ""eff_fps"": {""pose"": 10, ""object"": 10}, ""latency_ms"": {""pose"": 0, ""object"": 0}, ""svclat_ms"": {""pose"": 19.92, ""object"": 19.72}}, ""b3"": {""services"": [""pose"", ""object""], ""fps"": {""pose"": 10, ""object"": 10}, ""eff_fps"": {""pose"": 10, ""object"": 10}, ""latency_ms"": {""pose"": 0, ""object"": 0}, ""svclat_ms"": {""pose"": 30.51, ""object"": 28.18}}, ""b4"": {""services"": [""pose"", ""object""], ""fps"": {""pose"": 10, ""object"": 10}, ""eff_fps"": {""pose"": 10, ""object"": 10}, ""latency_ms"": {""pose"": 0, ""object"": 0}, ""svclat_ms"": {""pose"": 20.61, ""object"": 21.3}}, ""b5"": {""services"": [""pose"", ""object""], ""fps"": {""pose"": 10, ""object"": 10}, ""eff_fps"": {""pose"": 10, ""object"": 10}, ""latency_ms"": {""pose"": 0, ""object"": 0}, ""svclat_ms"": {""pose"": 20.79, ""object"": 21.42}}, ""b6"": {""services"": [""pose"", ""object""], ""fps"": {""pose"": 0, ""object"": 0}, ""eff_fps"": {""pose"": 0, ""object"": 0}, ""latency_ms"": {""pose"": 0, ""object"": 0}, ""svclat_ms"": {""pose"": 0.0, ""object"": 0.0}}}"
181.2,6,6,1.0,0,0,6,2,2,1.0,166.0,120,0.723,0.0,0.33,0.0,10.0,0,10.0,10.0,0,10.0,0,0,0,22.93,0,22.82,120,"{""ip-172-31-0-204"": ""healthy"", ""ip-172-31-1-171"": ""healthy"", ""ip-172-31-10-12"": ""healthy"", ""ip-172-31-11-132"": ""healthy"", ""ip-172-31-13-134"": ""healthy"", ""ip-172-31-14-68"": ""healthy"", ""ip-172-31-40-239"": ""healthy""}",subscribe,9.5,0.3333,0,0,"{""ip-172-31-0-204"": {""object"": 1}, ""ip-172-31-1-171"": {""pose"": 1}}","{""b1"": {""services"": [""pose"", ""object""], ""fps"": {""pose"": 10, ""object"": 10}, ""eff_fps"": {""pose"": 10, ""object"": 10}, ""latency_ms"": {""pose"": 0, ""object"": 0}, ""svclat_ms"": {""pose"": 27.22, ""object"": 25.25}}, ""b2"": {""services"": [""pose"", ""object""], ""fps"": {""pose"": 10, ""object"": 10}, ""eff_fps"": {""pose"": 10, ""object"": 10}, ""latency_ms"": {""pose"": 0, ""object"": 0}, ""svclat_ms"": {""pose"": 19.14, ""object"": 20.03}}, ""b3"": {""services"": [""pose"", ""object""], ""fps"": {""pose"": 10, ""object"": 10}, ""eff_fps"": {""pose"": 10, ""object"": 10}, ""latency_ms"": {""pose"": 0, ""object"": 0}, ""svclat_ms"": {""pose"": 31.36, ""object"": 27.71}}, ""b4"": {""services"": [""pose"", ""object""], ""fps"": {""pose"": 10, ""object"": 10}, ""eff_fps"": {""pose"": 10, ""object"": 10}, ""latency_ms"": {""pose"": 0, ""object"": 0}, ""svclat_ms"": {""pose"": 21.7, ""object"": 21.3}}, ""b5"": {""services"": [""pose"", ""object""], ""fps"": {""pose"": 10, ""object"": 10}, ""eff_fps"": {""pose"": 10, ""object"": 10}, ""latency_ms"": {""pose"": 0, ""object"": 0}, ""svclat_ms"": {""pose"": 17.93, ""object"": 21.74}}, ""b6"": {""services"": [""pose"", ""object""], ""fps"": {""pose"": 10, ""object"": 10}, ""eff_fps"": {""pose"": 10, ""object"": 10}, ""latency_ms"": {""pose"": 0, ""object"": 0}, ""svclat_ms"": {""pose"": 20.21, ""object"": 20.89}}, ""b7"": {""services"": [""pose"", ""object""], ""fps"": {""pose"": 0, ""object"": 0}, ""eff_fps"": {""pose"": 0, ""object"": 0}, ""latency_ms"": {""pose"": 0, ""object"": 0}, ""svclat_ms"": {""pose"": 0.0, ""object"": 0.0}}}"
184.9,6,6,1.0,0,0,6,2,2,1.0,166.0,120,0.723,0.0,0.33,0.0,10.14,0,9.86,10.14,0,9.86,0,0,0,26.09,0,26.66,140,"{""ip-172-31-0-204"": ""healthy"", ""ip-172-31-1-171"": ""healthy"", ""ip-172-31-10-12"": ""healthy"", ""ip-172-31-11-132"": ""healthy"", ""ip-172-31-13-134"": ""healthy"", ""ip-172-31-14-68"": ""healthy"", ""ip-172-31-40-239"": ""healthy""}",subscribe,9.5,0.3333,0,0,"{""ip-172-31-0-204"": {""object"": 1}, ""ip-172-31-1-171"": {""pose"": 1}}","{""b1"": {""services"": [""pose"", ""object""], ""fps"": {""pose"": 11, ""object"": 9}, ""eff_fps"": {""pose"": 11, ""object"": 9}, ""latency_ms"": {""pose"": 0, ""object"": 0}, ""svclat_ms"": {""pose"": 29.21, ""object"": 28.24}}, ""b2"": {""services"": [""pose"", ""object""], ""fps"": {""pose"": 10, ""object"": 10}, ""eff_fps"": {""pose"": 10, ""object"": 10}, ""latency_ms"": {""pose"": 0, ""object"": 0}, ""svclat_ms"": {""pose"": 19.79, ""object"": 20.3}}, ""b3"": {""services"": [""pose"", ""object""], ""fps"": {""pose"": 10, ""object"": 10}, ""eff_fps"": {""pose"": 10, ""object"": 10}, ""latency_ms"": {""pose"": 0, ""object"": 0}, ""svclat_ms"": {""pose"": 32.44, ""object"": 31.31}}, ""b4"": {""services"": [""pose"", ""object""], ""fps"": {""pose"": 10, ""object"": 10}, ""eff_fps"": {""pose"": 10, ""object"": 10}, ""latency_ms"": {""pose"": 0, ""object"": 0}, ""svclat_ms"": {""pose"": 23.24, ""object"": 25.12}}, ""b5"": {""services"": [""pose"", ""object""], ""fps"": {""pose"": 10, ""object"": 10}, ""eff_fps"": {""pose"": 10, ""object"": 10}, ""latency_ms"": {""pose"": 0, ""object"": 0}, ""svclat_ms"": {""pose"": 30.23, ""object"": 32.17}}, ""b6"": {""services"": [""pose"", ""object""], ""fps"": {""pose"": 10, ""object"": 10}, ""eff_fps"": {""pose"": 10, ""object"": 10}, ""latency_ms"": {""pose"": 0, ""object"": 0}, ""svclat_ms"": {""pose"": 20.56, ""object"": 21.12}}, ""b7"": {""services"": [""pose"", ""object""], ""fps"": {""pose"": 10, ""object"": 10}, ""eff_fps"": {""pose"": 10, ""object"": 10}, ""latency_ms"": {""pose"": 0, ""object"": 0}, ""svclat_ms"": {""pose"": 27.15, ""object"": 28.35}}}"
187.4,7,7,1.0,0,0,6,2,2,1.0,166.0,140,0.843,0.0,0.29,0.0,10.14,0,10.14,10.0,0,10.0,0,0,0,34.15,0,28.88,142,"{""ip-172-31-0-204"": ""healthy"", ""ip-172-31-1-171"": ""healthy"", ""ip-172-31-10-12"": ""healthy"", ""ip-172-31-11-132"": ""healthy"", ""ip-172-31-13-134"": ""healthy"", ""ip-172-31-14-68"": ""healthy"", ""ip-172-31-40-239"": ""healthy""}",subscribe,8.8,0.3333,0,0,"{""ip-172-31-0-204"": {""object"": 1}, ""ip-172-31-1-171"": {""pose"": 1}}","{""b1"": {""services"": [""pose"", ""object""], ""fps"": {""pose"": 10, ""object"": 10}, ""eff_fps"": {""pose"": 10, ""object"": 10}, ""latency_ms"": {""pose"": 0, ""object"": 0}, ""svclat_ms"": {""pose"": 21.45, ""object"": 21.71}}, ""b2"": {""services"": [""pose"", ""object""], ""fps"": {""pose"": 9, ""object"": 11}, ""eff_fps"": {""pose"": 8, ""object"": 10}, ""latency_ms"": {""pose"": 0, ""object"": 0}, ""svclat_ms"": {""pose"": 62.91, ""object"": 55.68}}, ""b3"": {""services"": [""pose"", ""object""], ""fps"": {""pose"": 10, ""object"": 10}, ""eff_fps"": {""pose"": 10, ""object"": 10}, ""latency_ms"": {""pose"": 0, ""object"": 0}, ""svclat_ms"": {""pose"": 25.98, ""object"": 23.25}}, ""b4"": {""services"": [""pose"", ""object""], ""fps"": {""pose"": 11, ""object"": 10}, ""eff_fps"": {""pose"": 11, ""object"": 10}, ""latency_ms"": {""pose"": 0, ""object"": 0}, ""svclat_ms"": {""pose"": 31.92, ""object"": 24.34}}, ""b5"": {""services"": [""pose"", ""object""], ""fps"": {""pose"": 10, ""object"": 10}, ""eff_fps"": {""pose"": 10, ""object"": 10}, ""latency_ms"": {""pose"": 0, ""object"": 0}, ""svclat_ms"": {""pose"": 32.57, ""object"": 25.84}}, ""b6"": {""services"": [""pose"", ""object""], ""fps"": {""pose"": 10, ""object"": 10}, ""eff_fps"": {""pose"": 10, ""object"": 10}, ""latency_ms"": {""pose"": 0, ""object"": 0}, ""svclat_ms"": {""pose"": 32.08, ""object"": 25.56}}, ""b7"": {""services"": [""pose"", ""object""], ""fps"": {""pose"": 11, ""object"": 10}, ""eff_fps"": {""pose"": 11, ""object"": 10}, ""latency_ms"": {""pose"": 0, ""object"": 0}, ""svclat_ms"": {""pose"": 32.13, ""object"": 25.79}}, ""b8"": {""services"": [""pose"", ""object""], ""fps"": {""pose"": 0, ""object"": 0}, ""eff_fps"": {""pose"": 0, ""object"": 0}, ""latency_ms"": {""pose"": 0, ""object"": 0}, ""svclat_ms"": {""pose"": 0.0, ""object"": 0.0}}}"
191.0,8,8,1.0,0,0,6,2,2,1.0,166.0,160,0.964,0.0,0.25,0.0,10.0,0,10.0,10.0,0,10.0,0,0,0,33.8,0,34.24,160,"{""ip-172-31-0-204"": ""healthy"", ""ip-172-31-1-171"": ""healthy"", ""ip-172-31-10-12"": ""healthy"", ""ip-172-31-11-132"": ""healthy"", ""ip-172-31-13-134"": ""healthy"", ""ip-172-31-14-68"": ""healthy"", ""ip-172-31-40-239"": ""healthy""}",subscribe,9.4,0.3333,0,0,"{""ip-172-31-0-204"": {""object"": 1}, ""ip-172-31-1-171"": {""pose"": 1}}","{""b1"": {""services"": [""pose"", ""object""], ""fps"": {""pose"": 10, ""object"": 10}, ""eff_fps"": {""pose"": 10, ""object"": 10}, ""latency_ms"": {""pose"": 0, ""object"": 0}, ""svclat_ms"": {""pose"": 22.94, ""object"": 22.67}}, ""b2"": {""services"": [""pose"", ""object""], ""fps"": {""pose"": 10, ""object"": 10}, ""eff_fps"": {""pose"": 10, ""object"": 10}, ""latency_ms"": {""pose"": 0, ""object"": 0}, ""svclat_ms"": {""pose"": 36.07, ""object"": 38.88}}, ""b3"": {""services"": [""pose"", ""object""], ""fps"": {""pose"": 10, ""object"": 10}, ""eff_fps"": {""pose"": 10, ""object"": 10}, ""latency_ms"": {""pose"": 0, ""object"": 0}, ""svclat_ms"": {""pose"": 24.93, ""object"": 25.23}}, ""b4"": {""services"": [""pose"", ""object""], ""fps"": {""pose"": 10, ""object"": 10}, ""eff_fps"": {""pose"": 10, ""object"": 10}, ""latency_ms"": {""pose"": 0, ""object"": 0}, ""svclat_ms"": {""pose"": 39.71, ""object"": 38.76}}, ""b5"": {""services"": [""pose"", ""object""], ""fps"": {""pose"": 10, ""object"": 10}, ""eff_fps"": {""pose"": 10, ""object"": 10}, ""latency_ms"": {""pose"": 0, ""object"": 0}, ""svclat_ms"": {""pose"": 39.07, ""object"": 38.77}}, ""b6"": {""services"": [""pose"", ""object""], ""fps"": {""pose"": 10, ""object"": 10}, ""eff_fps"": {""pose"": 10, ""object"": 10}, ""latency_ms"": {""pose"": 0, ""object"": 0}, ""svclat_ms"": {""pose"": 39.83, ""object"": 39.62}}, ""b7"": {""services"": [""pose"", ""object""], ""fps"": {""pose"": 10, ""object"": 10}, ""eff_fps"": {""pose"": 10, ""object"": 10}, ""latency_ms"": {""pose"": 0, ""object"": 0}, ""svclat_ms"": {""pose"": 40.08, ""object"": 40.28}}, ""b8"": {""services"": [""pose"", ""object""], ""fps"": {""pose"": 10, ""object"": 10}, ""eff_fps"": {""pose"": 10, ""object"": 10}, ""latency_ms"": {""pose"": 0, ""object"": 0}, ""svclat_ms"": {""pose"": 27.75, ""object"": 29.71}}, ""b9"": {""services"": [""pose"", ""object""], ""fps"": {""pose"": 0, ""object"": 0}, ""eff_fps"": {""pose"": 0, ""object"": 0}, ""latency_ms"": {""pose"": 0, ""object"": 0}, ""svclat_ms"": {""pose"": 0.0, ""object"": 0.0}}}"
193.4,8,8,1.0,0,0,6,2,2,1.0,166.0,160,0.964,0.0,0.25,0.0,10.0,0,10.0,10.0,0,10.0,0,0,0,34.51,0,33.15,160,"{""ip-172-31-0-204"": ""healthy"", ""ip-172-31-1-171"": ""healthy"", ""ip-172-31-10-12"": ""healthy"", ""ip-172-31-11-132"": ""healthy"", ""ip-172-31-13-134"": ""healthy"", ""ip-172-31-14-68"": ""healthy"", ""ip-172-31-40-239"": ""healthy""}",subscribe,9.4,0.3333,0,0,"{""ip-172-31-0-204"": {""object"": 1}, ""ip-172-31-1-171"": {""pose"": 1}}","{""b1"": {""services"": [""pose"", ""object""], ""fps"": {""pose"": 10, ""object"": 10}, ""eff_fps"": {""pose"": 10, ""object"": 10}, ""latency_ms"": {""pose"": 0, ""object"": 0}, ""svclat_ms"": {""pose"": 25.36, ""object"": 22.76}}, ""b2"": {""services"": [""pose"", ""object""], ""fps"": {""pose"": 10, ""object"": 10}, ""eff_fps"": {""pose"": 10, ""object"": 10}, ""latency_ms"": {""pose"": 0, ""object"": 0}, ""svclat_ms"": {""pose"": 35.54, ""object"": 36.72}}, ""b3"": {""services"": [""pose"", ""object""], ""fps"": {""pose"": 10, ""object"": 10}, ""eff_fps"": {""pose"": 10, ""object"": 10}, ""latency_ms"": {""pose"": 0, ""object"": 0}, ""svclat_ms"": {""pose"": 24.61, ""object"": 24.77}}, ""b4"": {""services"": [""pose"", ""object""], ""fps"": {""pose"": 10, ""object"": 10}, ""eff_fps"": {""pose"": 10, ""object"": 10}, ""latency_ms"": {""pose"": 0, ""object"": 0}, ""svclat_ms"": {""pose"": 39.75, ""object"": 37.47}}, ""b5"": {""services"": [""pose"", ""object""], ""fps"": {""pose"": 10, ""object"": 10}, ""eff_fps"": {""pose"": 10, ""object"": 10}, ""latency_ms"": {""pose"": 0, ""object"": 0}, ""svclat_ms"": {""pose"": 39.17, ""object"": 37.62}}, ""b6"": {""services"": [""pose"", ""object""], ""fps"": {""pose"": 10, ""object"": 10}, ""eff_fps"": {""pose"": 10, ""object"": 10}, ""latency_ms"": {""pose"": 0, ""object"": 0}, ""svclat_ms"": {""pose"": 39.78, ""object"": 38.14}}, ""b7"": {""services"": [""pose"", ""object""], ""fps"": {""pose"": 10, ""object"": 10}, ""eff_fps"": {""pose"": 10, ""object"": 10}, ""latency_ms"": {""pose"": 0, ""object"": 0}, ""svclat_ms"": {""pose"": 39.4, ""object"": 39.1}}, ""b8"": {""services"": [""pose"", ""object""], ""fps"": {""pose"": 10, ""object"": 10}, ""eff_fps"": {""pose"": 10, ""object"": 10}, ""latency_ms"": {""pose"": 0, ""object"": 0}, ""svclat_ms"": {""pose"": 32.43, ""object"": 28.59}}, ""b9"": {""services"": [""pose"", ""object""], ""fps"": {""pose"": 0, ""object"": 0}, ""eff_fps"": {""pose"": 0, ""object"": 0}, ""latency_ms"": {""pose"": 0, ""object"": 0}, ""svclat_ms"": {""pose"": 0.0, ""object"": 0.0}}}"
195.9,9,8,0.889,0,0,6,2,2,1.0,166.0,160,0.964,0.0,0.25,0.0,10.0,0,10.0,10.0,0,10.0,0,0,0,68.9,0,35.56,160,"{""ip-172-31-0-204"": ""healthy"", ""ip-172-31-1-171"": ""healthy"", ""ip-172-31-10-12"": ""healthy"", ""ip-172-31-11-132"": ""healthy"", ""ip-172-31-13-134"": ""healthy"", ""ip-172-31-14-68"": ""healthy"", ""ip-172-31-40-239"": ""healthy""}",subscribe,9.4,0.3333,0,0,"{""ip-172-31-0-204"": {""object"": 1}, ""ip-172-31-1-171"": {""pose"": 1}}","{""b1"": {""services"": [""pose"", ""object""], ""fps"": {""pose"": 10, ""object"": 10}, ""eff_fps"": {""pose"": 10, ""object"": 10}, ""latency_ms"": {""pose"": 0, ""object"": 0}, ""svclat_ms"": {""pose"": 59.49, ""object"": 23.23}}, ""b2"": {""services"": [""pose"", ""object""], ""fps"": {""pose"": 10, ""object"": 10}, ""eff_fps"": {""pose"": 10, ""object"": 10}, ""latency_ms"": {""pose"": 0, ""object"": 0}, ""svclat_ms"": {""pose"": 69.0, ""object"": 39.81}}, ""b3"": {""services"": [""pose"", ""object""], ""fps"": {""pose"": 10, ""object"": 10}, ""eff_fps"": {""pose"": 10, ""object"": 10}, ""latency_ms"": {""pose"": 0, ""object"": 0}, ""svclat_ms"": {""pose"": 57.63, ""object"": 27.13}}, ""b4"": {""services"": [""pose"", ""object""], ""fps"": {""pose"": 10, ""object"": 10}, ""eff_fps"": {""pose"": 10, ""object"": 10}, ""latency_ms"": {""pose"": 0, ""object"": 0}, ""svclat_ms"": {""pose"": 76.44, ""object"": 40.58}}, ""b5"": {""services"": [""pose"", ""object""], ""fps"": {""pose"": 10, ""object"": 10}, ""eff_fps"": {""pose"": 10, ""object"": 10}, ""latency_ms"": {""pose"": 0, ""object"": 0}, ""svclat_ms"": {""pose"": 75.04, ""object"": 40.16}}, ""b6"": {""services"": [""pose"", ""object""], ""fps"": {""pose"": 10, ""object"": 10}, ""eff_fps"": {""pose"": 10, ""object"": 10}, ""latency_ms"": {""pose"": 0, ""object"": 0}, ""svclat_ms"": {""pose"": 72.14, ""object"": 40.87}}, ""b7"": {""services"": [""pose"", ""object""], ""fps"": {""pose"": 10, ""object"": 10}, ""eff_fps"": {""pose"": 10, ""object"": 10}, ""latency_ms"": {""pose"": 0, ""object"": 0}, ""svclat_ms"": {""pose"": 73.99, ""object"": 41.61}}, ""b8"": {""services"": [""pose"", ""object""], ""fps"": {""pose"": 10, ""object"": 10}, ""eff_fps"": {""pose"": 10, ""object"": 10}, ""latency_ms"": {""pose"": 0, ""object"": 0}, ""svclat_ms"": {""pose"": 67.44, ""object"": 31.1}}, ""b9"": {""services"": [""pose"", ""object""], ""fps"": {""pose"": 0, ""object"": 0}, ""eff_fps"": {""pose"": 0, ""object"": 0}, ""latency_ms"": {""pose"": 0, ""object"": 0}, ""svclat_ms"": {""pose"": 0.0, ""object"": 0.0}}, ""b10"": {""services"": [""pose"", ""object""], ""fps"": {""pose"": 0, ""object"": 0}, ""eff_fps"": {""pose"": 0, ""object"": 0}, ""latency_ms"": {""pose"": 0, ""object"": 0}, ""svclat_ms"": {""pose"": 0.0, ""object"": 0.0}}}"
198.3,9,8,0.889,0,0,6,2,2,1.0,166.0,160,0.964,0.0,0.25,0.0,9.88,0,10.0,8.88,0,10.0,0,0,0,96.81,0,33.34,159,"{""ip-172-31-0-204"": ""healthy"", ""ip-172-31-1-171"": ""healthy"", ""ip-172-31-10-12"": ""healthy"", ""ip-172-31-11-132"": ""healthy"", ""ip-172-31-13-134"": ""healthy"", ""ip-172-31-14-68"": ""healthy"", ""ip-172-31-40-239"": ""healthy""}",subscribe,9.4,0.3333,0,0,"{""ip-172-31-0-204"": {""object"": 1}, ""ip-172-31-1-171"": {""pose"": 1}}","{""b1"": {""services"": [""pose"", ""object""], ""fps"": {""pose"": 10, ""object"": 10}, ""eff_fps"": {""pose"": 10, ""object"": 10}, ""latency_ms"": {""pose"": 0, ""object"": 0}, ""svclat_ms"": {""pose"": 92.75, ""object"": 23.14}}, ""b2"": {""services"": [""pose"", ""object""], ""fps"": {""pose"": 9, ""object"": 10}, ""eff_fps"": {""pose"": 8, ""object"": 10}, ""latency_ms"": {""pose"": 0, ""object"": 0}, ""svclat_ms"": {""pose"": 94.98, ""object"": 37.42}}, ""b3"": {""services"": [""pose"", ""object""], ""fps"": {""pose"": 10, ""object"": 10}, ""eff_fps"": {""pose"": 8, ""object"": 10}, ""latency_ms"": {""pose"": 0, ""object"": 0}, ""svclat_ms"": {""pose"": 98.7, ""object"": 24.94}}, ""b4"": {""services"": [""pose"", ""object""], ""fps"": {""pose"": 11, ""object"": 10}, ""eff_fps"": {""pose"": 10, ""object"": 10}, ""latency_ms"": {""pose"": 0, ""object"": 0}, ""svclat_ms"": {""pose"": 98.27, ""object"": 37.75}}, ""b5"": {""services"": [""pose"", ""object""], ""fps"": {""pose"": 10, ""object"": 10}, ""eff_fps"": {""pose"": 9, ""object"": 10}, ""latency_ms"": {""pose"": 0, ""object"": 0}, ""svclat_ms"": {""pose"": 98.28, ""object"": 37.5}}, ""b6"": {""services"": [""pose"", ""object""], ""fps"": {""pose"": 10, ""object"": 10}, ""eff_fps"": {""pose"": 9, ""object"": 10}, ""latency_ms"": {""pose"": 0, ""object"": 0}, ""svclat_ms"": {""pose"": 95.06, ""object"": 37.98}}, ""b7"": {""services"": [""pose"", ""object""], ""fps"": {""pose"": 10, ""object"": 10}, ""eff_fps"": {""pose"": 9, ""object"": 10}, ""latency_ms"": {""pose"": 0, ""object"": 0}, ""svclat_ms"": {""pose"": 96.77, ""object"": 39.24}}, ""b8"": {""services"": [""pose"", ""object""], ""fps"": {""pose"": 9, ""object"": 10}, ""eff_fps"": {""pose"": 8, ""object"": 10}, ""latency_ms"": {""pose"": 0, ""object"": 0}, ""svclat_ms"": {""pose"": 99.66, ""object"": 28.76}}, ""b9"": {""services"": [""pose"", ""object""], ""fps"": {""pose"": 0, ""object"": 0}, ""eff_fps"": {""pose"": 0, ""object"": 0}, ""latency_ms"": {""pose"": 0, ""object"": 0}, ""svclat_ms"": {""pose"": 0.0, ""object"": 0.0}}, ""b10"": {""services"": [""pose"", ""object""], ""fps"": {""pose"": 0, ""object"": 0}, ""eff_fps"": {""pose"": 0, ""object"": 0}, ""latency_ms"": {""pose"": 0, ""object"": 0}, ""svclat_ms"": {""pose"": 0.0, ""object"": 0.0}}}"
200.7,9,8,0.889,0,0,6,2,2,1.0,166.0,160,0.964,0.0,0.25,0.0,10.12,0,10.0,10.12,0,10.0,0,0,0,79.45,0,33.89,161,"{""ip-172-31-0-204"": ""healthy"", ""ip-172-31-1-171"": ""healthy"", ""ip-172-31-10-12"": ""healthy"", ""ip-172-31-11-132"": ""healthy"", ""ip-172-31-13-134"": ""healthy"", ""ip-172-31-14-68"": ""healthy"", ""ip-172-31-40-239"": ""healthy""}",subscribe,9.4,0.3333,0,0,"{""ip-172-31-0-204"": {""object"": 1}, ""ip-172-31-1-171"": {""pose"": 1}}","{""b1"": {""services"": [""pose"", ""object""], ""fps"": {""pose"": 10, ""object"": 10}, ""eff_fps"": {""pose"": 10, ""object"": 10}, ""latency_ms"": {""pose"": 0, ""object"": 0}, ""svclat_ms"": {""pose"": 84.03, ""object"": 23.17}}, ""b2"": {""services"": [""pose"", ""object""], ""fps"": {""pose"": 10, ""object"": 10}, ""eff_fps"": {""pose"": 10, ""object"": 10}, ""latency_ms"": {""pose"": 0, ""object"": 0}, ""svclat_ms"": {""pose"": 78.45, ""object"": 38.29}}, ""b3"": {""services"": [""pose"", ""object""], ""fps"": {""pose"": 10, ""object"": 10}, ""eff_fps"": {""pose"": 10, ""object"": 10}, ""latency_ms"": {""pose"": 0, ""object"": 0}, ""svclat_ms"": {""pose"": 86.89, ""object"": 24.81}}, ""b4"": {""services"": [""pose"", ""object""], ""fps"": {""pose"": 10, ""object"": 10}, ""eff_fps"": {""pose"": 10, ""object"": 10}, ""latency_ms"": {""pose"": 0, ""object"": 0}, ""svclat_ms"": {""pose"": 84.96, ""object"": 37.74}}, ""b5"": {""services"": [""pose"", ""object""], ""fps"": {""pose"": 10, ""object"": 10}, ""eff_fps"": {""pose"": 10, ""object"": 10}, ""latency_ms"": {""pose"": 0, ""object"": 0}, ""svclat_ms"": {""pose"": 85.06, ""object"": 37.47}}, ""b6"": {""services"": [""pose"", ""object""], ""fps"": {""pose"": 10, ""object"": 10}, ""eff_fps"": {""pose"": 10, ""object"": 10}, ""latency_ms"": {""pose"": 0, ""object"": 0}, ""svclat_ms"": {""pose"": 64.66, ""object"": 40.28}}, ""b7"": {""services"": [""pose"", ""object""], ""fps"": {""pose"": 10, ""object"": 10}, ""eff_fps"": {""pose"": 10, ""object"": 10}, ""latency_ms"": {""pose"": 0, ""object"": 0}, ""svclat_ms"": {""pose"": 82.06, ""object"": 39.24}}, ""b8"": {""services"": [""pose"", ""object""], ""fps"": {""pose"": 11, ""object"": 10}, ""eff_fps"": {""pose"": 11, ""object"": 10}, ""latency_ms"": {""pose"": 0, ""object"": 0}, ""svclat_ms"": {""pose"": 69.46, ""object"": 30.13}}, ""b9"": {""services"": [""pose"", ""object""], ""fps"": {""pose"": 0, ""object"": 0}, ""eff_fps"": {""pose"": 0, ""object"": 0}, ""latency_ms"": {""pose"": 0, ""object"": 0}, ""svclat_ms"": {""pose"": 0.0, ""object"": 0.0}}, ""b10"": {""services"": [""pose"", ""object""], ""fps"": {""pose"": 0, ""object"": 0}, ""eff_fps"": {""pose"": 0, ""object"": 0}, ""latency_ms"": {""pose"": 0, ""object"": 0}, ""svclat_ms"": {""pose"": 0.0, ""object"": 0.0}}, ""b11"": {""services"": [""pose"", ""object""], ""fps"": {""pose"": 0, ""object"": 0}, ""eff_fps"": {""pose"": 0, ""object"": 0}, ""latency_ms"": {""pose"": 0, ""object"": 0}, ""svclat_ms"": {""pose"": 0.0, ""object"": 0.0}}}"
205.2,9,8,0.889,0,0,6,2,2,1.0,166.0,160,0.964,0.0,0.25,0.0,9.11,0,10.0,8.0,0,10.0,0,0,0,107.09,0,30.72,172,"{""ip-172-31-0-204"": ""healthy"", ""ip-172-31-1-171"": ""healthy"", ""ip-172-31-10-12"": ""healthy"", ""ip-172-31-11-132"": ""healthy"", ""ip-172-31-13-134"": ""healthy"", ""ip-172-31-14-68"": ""healthy"", ""ip-172-31-40-239"": ""healthy""}",subscribe,9.4,0.3333,0,0,"{""ip-172-31-0-204"": {""object"": 1}, ""ip-172-31-1-171"": {""pose"": 1}}","{""b1"": {""services"": [""pose"", ""object""], ""fps"": {""pose"": 11, ""object"": 10}, ""eff_fps"": {""pose"": 10, ""object"": 10}, ""latency_ms"": {""pose"": 0, ""object"": 0}, ""svclat_ms"": {""pose"": 98.33, ""object"": 22.38}}, ""b2"": {""services"": [""pose"", ""object""], ""fps"": {""pose"": 7, ""object"": 10}, ""eff_fps"": {""pose"": 5, ""object"": 10}, ""latency_ms"": {""pose"": 0, ""object"": 0}, ""svclat_ms"": {""pose"": 198.41, ""object"": 36.19}}, ""b3"": {""services"": [""pose"", ""object""], ""fps"": {""pose"": 9, ""object"": 10}, ""eff_fps"": {""pose"": 8, ""object"": 10}, ""latency_ms"": {""pose"": 0, ""object"": 0}, ""svclat_ms"": {""pose"": 98.75, ""object"": 24.52}}, ""b4"": {""services"": [""pose"", ""object""], ""fps"": {""pose"": 9, ""object"": 10}, ""eff_fps"": {""pose"": 8, ""object"": 10}, ""latency_ms"": {""pose"": 0, ""object"": 0}, ""svclat_ms"": {""pose"": 105.01, ""object"": 35.99}}, ""b5"": {""services"": [""pose"", ""object""], ""fps"": {""pose"": 9, ""object"": 10}, ""eff_fps"": {""pose"": 8, ""object"": 10}, ""latency_ms"": {""pose"": 0, ""object"": 0}, ""svclat_ms"": {""pose"": 104.87, ""object"": 36.5}}, ""b6"": {""services"": [""pose"", ""object""], ""fps"": {""pose"": 9, ""object"": 10}, ""eff_fps"": {""pose"": 8, ""object"": 10}, ""latency_ms"": {""pose"": 0, ""object"": 0}, ""svclat_ms"": {""pose"": 108.79, ""object"": 37.34}}, ""b7"": {""services"": [""pose"", ""object""], ""fps"": {""pose"": 9, ""object"": 10}, ""eff_fps"": {""pose"": 8, ""object"": 10}, ""latency_ms"": {""pose"": 0, ""object"": 0}, ""svclat_ms"": {""pose"": 104.77, ""object"": 38.01}}, ""b8"": {""services"": [""pose"", ""object""], ""fps"": {""pose"": 9, ""object"": 10}, ""eff_fps"": {""pose"": 7, ""object"": 10}, ""latency_ms"": {""pose"": 0, ""object"": 0}, ""svclat_ms"": {""pose"": 127.72, ""object"": 28.26}}, ""b9"": {""services"": [""pose"", ""object""], ""fps"": {""pose"": 10, ""object"": 10}, ""eff_fps"": {""pose"": 10, ""object"": 10}, ""latency_ms"": {""pose"": 0, ""object"": 0}, ""svclat_ms"": {""pose"": 17.17, ""object"": 17.25}}, ""b10"": {""services"": [""pose"", ""object""], ""fps"": {""pose"": 0, ""object"": 0}, ""eff_fps"": {""pose"": 0, ""object"": 0}, ""latency_ms"": {""pose"": 0, ""object"": 0}, ""svclat_ms"": {""pose"": 0.0, ""object"": 0.0}}, ""b11"": {""services"": [""pose"", ""object""], ""fps"": {""pose"": 0, ""object"": 0}, ""eff_fps"": {""pose"": 0, ""object"": 0}, ""latency_ms"": {""pose"": 0, ""object"": 0}, ""svclat_ms"": {""pose"": 0.0, ""object"": 0.0}}, ""b12"": {""services"": [""pose"", ""object""], ""fps"": {""pose"": 0, ""object"": 0}, ""eff_fps"": {""pose"": 0, ""object"": 0}, ""latency_ms"": {""pose"": 0, ""object"": 0}, ""svclat_ms"": {""pose"": 0.0, ""object"": 0.0}}}"
210.2,10,10,1.0,0,0,6,4,4,1.0,332.0,200,0.602,0.0,0.4,0.0,10.0,0,10.0,10.0,0,10.0,0,0,0,21.96,0,31.01,200,"{""ip-172-31-0-204"": ""healthy"", ""ip-172-31-1-171"": ""healthy"", ""ip-172-31-10-12"": ""healthy"", ""ip-172-31-11-132"": ""healthy"", ""ip-172-31-13-134"": ""healthy"", ""ip-172-31-14-68"": ""healthy"", ""ip-172-31-40-239"": ""healthy""}",subscribe,9.5,0.3333,0,0,"{""ip-172-31-0-204"": {""object"": 1}, ""ip-172-31-11-132"": {""pose"": 1}, ""ip-172-31-10-12"": {""pose"": 1}, ""ip-172-31-1-171"": {""object"": 1}}","{""b1"": {""services"": [""pose"", ""object""], ""fps"": {""pose"": 10, ""object"": 10}, ""eff_fps"": {""pose"": 10, ""object"": 10}, ""latency_ms"": {""pose"": 0, ""object"": 0}, ""svclat_ms"": {""pose"": 22.68, ""object"": 22.95}}, ""b2"": {""services"": [""pose"", ""object""], ""fps"": {""pose"": 10, ""object"": 10}, ""eff_fps"": {""pose"": 10, ""object"": 10}, ""latency_ms"": {""pose"": 0, ""object"": 0}, ""svclat_ms"": {""pose"": 21.21, ""object"": 36.43}}, ""b3"": {""services"": [""pose"", ""object""], ""fps"": {""pose"": 10, ""object"": 10}, ""eff_fps"": {""pose"": 10, ""object"": 10}, ""latency_ms"": {""pose"": 0, ""object"": 0}, ""svclat_ms"": {""pose"": 23.34, ""object"": 24.04}}, ""b4"": {""services"": [""pose"", ""object""], ""fps"": {""pose"": 10, ""object"": 10}, ""eff_fps"": {""pose"": 10, ""object"": 10}, ""latency_ms"": {""pose"": 0, ""object"": 0}, ""svclat_ms"": {""pose"": 22.3, ""object"": 37.2}}, ""b5"": {""services"": [""pose"", ""object""], ""fps"": {""pose"": 10, ""object"": 10}, ""eff_fps"": {""pose"": 10, ""object"": 10}, ""latency_ms"": {""pose"": 0, ""object"": 0}, ""svclat_ms"": {""pose"": 22.6, ""object"": 37.17}}, ""b6"": {""services"": [""pose"", ""object""], ""fps"": {""pose"": 10, ""object"": 10}, ""eff_fps"": {""pose"": 10, ""object"": 10}, ""latency_ms"": {""pose"": 0, ""object"": 0}, ""svclat_ms"": {""pose"": 22.34, ""object"": 37.83}}, ""b7"": {""services"": [""pose"", ""object""], ""fps"": {""pose"": 10, ""object"": 10}, ""eff_fps"": {""pose"": 10, ""object"": 10}, ""latency_ms"": {""pose"": 0, ""object"": 0}, ""svclat_ms"": {""pose"": 21.8, ""object"": 38.81}}, ""b8"": {""services"": [""pose"", ""object""], ""fps"": {""pose"": 10, ""object"": 10}, ""eff_fps"": {""pose"": 10, ""object"": 10}, ""latency_ms"": {""pose"": 0, ""object"": 0}, ""svclat_ms"": {""pose"": 22.12, ""object"": 27.87}}, ""b9"": {""services"": [""pose"", ""object""], ""fps"": {""pose"": 10, ""object"": 10}, ""eff_fps"": {""pose"": 10, ""object"": 10}, ""latency_ms"": {""pose"": 0, ""object"": 0}, ""svclat_ms"": {""pose"": 21.39, ""object"": 28.01}}, ""b10"": {""services"": [""pose"", ""object""], ""fps"": {""pose"": 10, ""object"": 10}, ""eff_fps"": {""pose"": 10, ""object"": 10}, ""latency_ms"": {""pose"": 0, ""object"": 0}, ""svclat_ms"": {""pose"": 19.81, ""object"": 19.82}}, ""b11"": {""services"": [""pose"", ""object""], ""fps"": {""pose"": 0, ""object"": 0}, ""eff_fps"": {""pose"": 0, ""object"": 0}, ""latency_ms"": {""pose"": 0, ""object"": 0}, ""svclat_ms"": {""pose"": 0.0, ""object"": 0.0}}, ""b12"": {""services"": [""pose"", ""object""], ""fps"": {""pose"": 0, ""object"": 0}, ""eff_fps"": {""pose"": 0, ""object"": 0}, ""latency_ms"": {""pose"": 0, ""object"": 0}, ""svclat_ms"": {""pose"": 0.0, ""object"": 0.0}}, ""b13"": {""services"": [""pose"", ""object""], ""fps"": {""pose"": 0, ""object"": 0}, ""eff_fps"": {""pose"": 0, ""object"": 0}, ""latency_ms"": {""pose"": 0, ""object"": 0}, ""svclat_ms"": {""pose"": 0.0, ""object"": 0.0}}}"
215.1,12,12,1.0,0,0,6,4,4,1.0,332.0,240,0.723,0.0,0.33,0.0,10.0,0,10.0,10.0,0,10.0,0,0,0,22.9,0,30.12,260,"{""ip-172-31-0-204"": ""healthy"", ""ip-172-31-1-171"": ""healthy"", ""ip-172-31-10-12"": ""healthy"", ""ip-172-31-11-132"": ""healthy"", ""ip-172-31-13-134"": ""healthy"", ""ip-172-31-14-68"": ""healthy"", ""ip-172-31-40-239"": ""healthy""}",subscribe,9.1,0.3333,0,0,"{""ip-172-31-0-204"": {""object"": 1}, ""ip-172-31-11-132"": {""pose"": 1}, ""ip-172-31-10-12"": {""pose"": 1}, ""ip-172-31-1-171"": {""object"": 1}}","{""b1"": {""services"": [""pose"", ""object""], ""fps"": {""pose"": 10, ""object"": 10}, ""eff_fps"": {""pose"": 10, ""object"": 10}, ""latency_ms"": {""pose"": 0, ""object"": 0}, ""svclat_ms"": {""pose"": 23.62, ""object"": 23.41}}, ""b2"": {""services"": [""pose"", ""object""], ""fps"": {""pose"": 10, ""object"": 10}, ""eff_fps"": {""pose"": 10, ""object"": 10}, ""latency_ms"": {""pose"": 0, ""object"": 0}, ""svclat_ms"": {""pose"": 21.46, ""object"": 37.91}}, ""b3"": {""services"": [""pose"", ""object""], ""fps"": {""pose"": 10, ""object"": 10}, ""eff_fps"": {""pose"": 10, ""object"": 10}, ""latency_ms"": {""pose"": 0, ""object"": 0}, ""svclat_ms"": {""pose"": 24.23, ""object"": 25.22}}, ""b4"": {""services"": [""pose"", ""object""], ""fps"": {""pose"": 10, ""object"": 10}, ""eff_fps"": {""pose"": 10, ""object"": 10}, ""latency_ms"": {""pose"": 0, ""object"": 0}, ""svclat_ms"": {""pose"": 22.66, ""object"": 38.22}}, ""b5"": {""services"": [""pose"", ""object""], ""fps"": {""pose"": 10, ""object"": 10}, ""eff_fps"": {""pose"": 10, ""object"": 10}, ""latency_ms"": {""pose"": 0, ""object"": 0}, ""svclat_ms"": {""pose"": 22.53, ""object"": 38.63}}, ""b6"": {""services"": [""pose"", ""object""], ""fps"": {""pose"": 10, ""object"": 10}, ""eff_fps"": {""pose"": 10, ""object"": 10}, ""latency_ms"": {""pose"": 0, ""object"": 0}, ""svclat_ms"": {""pose"": 22.13, ""object"": 39.65}}, ""b7"": {""services"": [""pose"", ""object""], ""fps"": {""pose"": 10, ""object"": 10}, ""eff_fps"": {""pose"": 10, ""object"": 10}, ""latency_ms"": {""pose"": 0, ""object"": 0}, ""svclat_ms"": {""pose"": 22.47, ""object"": 39.79}}, ""b8"": {""services"": [""pose"", ""object""], ""fps"": {""pose"": 10, ""object"": 10}, ""eff_fps"": {""pose"": 10, ""object"": 10}, ""latency_ms"": {""pose"": 0, ""object"": 0}, ""svclat_ms"": {""pose"": 23.66, ""object"": 29.66}}, ""b9"": {""services"": [""pose"", ""object""], ""fps"": {""pose"": 10, ""object"": 10}, ""eff_fps"": {""pose"": 10, ""object"": 10}, ""latency_ms"": {""pose"": 0, ""object"": 0}, ""svclat_ms"": {""pose"": 25.16, ""object"": 20.09}}, ""b10"": {""services"": [""pose"", ""object""], ""fps"": {""pose"": 10, ""object"": 10}, ""eff_fps"": {""pose"": 10, ""object"": 10}, ""latency_ms"": {""pose"": 0, ""object"": 0}, ""svclat_ms"": {""pose"": 20.31, ""object"": 24.43}}, ""b11"": {""services"": [""pose"", ""object""], ""fps"": {""pose"": 10, ""object"": 10}, ""eff_fps"": {""pose"": 10, ""object"": 10}, ""latency_ms"": {""pose"": 0, ""object"": 0}, ""svclat_ms"": {""pose"": 24.41, ""object"": 31.6}}, ""b12"": {""services"": [""pose"", ""object""], ""fps"": {""pose"": 10, ""object"": 10}, ""eff_fps"": {""pose"": 10, ""object"": 10}, ""latency_ms"": {""pose"": 0, ""object"": 0}, ""svclat_ms"": {""pose"": 23.93, ""object"": 20.79}}, ""b13"": {""services"": [""pose"", ""object""], ""fps"": {""pose"": 10, ""object"": 10}, ""eff_fps"": {""pose"": 10, ""object"": 10}, ""latency_ms"": {""pose"": 0, ""object"": 0}, ""svclat_ms"": {""pose"": 21.15, ""object"": 22.15}}, ""b14"": {""services"": [""pose"", ""object""], ""fps"": {""pose"": 0, ""object"": 0}, ""eff_fps"": {""pose"": 0, ""object"": 0}, ""latency_ms"": {""pose"": 0, ""object"": 0}, ""svclat_ms"": {""pose"": 0.0, ""object"": 0.0}}}"
217.5,13,13,1.0,0,0,6,4,4,1.0,332.0,260,0.783,0.0,0.31,0.0,10.0,0,10.0,10.0,0,10.0,0,0,0,22.63,0,29.93,260,"{""ip-172-31-0-204"": ""healthy"", ""ip-172-31-1-171"": ""healthy"", ""ip-172-31-10-12"": ""healthy"", ""ip-172-31-11-132"": ""healthy"", ""ip-172-31-13-134"": ""healthy"", ""ip-172-31-14-68"": ""healthy"", ""ip-172-31-40-239"": ""healthy""}",subscribe,9.3,0.3333,0,0,"{""ip-172-31-0-204"": {""object"": 1}, ""ip-172-31-11-132"": {""pose"": 1}, ""ip-172-31-10-12"": {""pose"": 1}, ""ip-172-31-1-171"": {""object"": 1}}","{""b1"": {""services"": [""pose"", ""object""], ""fps"": {""pose"": 10, ""object"": 10}, ""eff_fps"": {""pose"": 10, ""object"": 10}, ""latency_ms"": {""pose"": 0, ""object"": 0}, ""svclat_ms"": {""pose"": 23.26, ""object"": 23.28}}, ""b2"": {""services"": [""pose"", ""object""], ""fps"": {""pose"": 10, ""object"": 10}, ""eff_fps"": {""pose"": 10, ""object"": 10}, ""latency_ms"": {""pose"": 0, ""object"": 0}, ""svclat_ms"": {""pose"": 20.92, ""object"": 38.91}}, ""b3"": {""services"": [""pose"", ""object""], ""fps"": {""pose"": 10, ""object"": 10}, ""eff_fps"": {""pose"": 10, ""object"": 10}, ""latency_ms"": {""pose"": 0, ""object"": 0}, ""svclat_ms"": {""pose"": 24.14, ""object"": 25.36}}, ""b4"": {""services"": [""pose"", ""object""], ""fps"": {""pose"": 10, ""object"": 10}, ""eff_fps"": {""pose"": 10, ""object"": 10}, ""latency_ms"": {""pose"": 0, ""object"": 0}, ""svclat_ms"": {""pose"": 22.89, ""object"": 38.13}}, ""b5"": {""services"": [""pose"", ""object""], ""fps"": {""pose"": 10, ""object"": 10}, ""eff_fps"": {""pose"": 10, ""object"": 10}, ""latency_ms"": {""pose"": 0, ""object"": 0}, ""svclat_ms"": {""pose"": 22.85, ""object"": 38.56}}, ""b6"": {""services"": [""pose"", ""object""], ""fps"": {""pose"": 10, ""object"": 10}, ""eff_fps"": {""pose"": 10, ""object"": 10}, ""latency_ms"": {""pose"": 0, ""object"": 0}, ""svclat_ms"": {""pose"": 21.63, ""object"": 39.81}}, ""b7"": {""services"": [""pose"", ""object""], ""fps"": {""pose"": 10, ""object"": 10}, ""eff_fps"": {""pose"": 10, ""object"": 10}, ""latency_ms"": {""pose"": 0, ""object"": 0}, ""svclat_ms"": {""pose"": 21.79, ""object"": 39.5}}, ""b8"": {""services"": [""pose"", ""object""], ""fps"": {""pose"": 10, ""object"": 10}, ""eff_fps"": {""pose"": 10, ""object"": 10}, ""latency_ms"": {""pose"": 0, ""object"": 0}, ""svclat_ms"": {""pose"": 23.22, ""object"": 30.1}}, ""b9"": {""services"": [""pose"", ""object""], ""fps"": {""pose"": 10, ""object"": 10}, ""eff_fps"": {""pose"": 10, ""object"": 10}, ""latency_ms"": {""pose"": 0, ""object"": 0}, ""svclat_ms"": {""pose"": 24.3, ""object"": 20.42}}, ""b10"": {""services"": [""pose"", ""object""], ""fps"": {""pose"": 10, ""object"": 10}, ""eff_fps"": {""pose"": 10, ""object"": 10}, ""latency_ms"": {""pose"": 0, ""object"": 0}, ""svclat_ms"": {""pose"": 20.11, ""object"": 26.3}}, ""b11"": {""services"": [""pose"", ""object""], ""fps"": {""pose"": 10, ""object"": 10}, ""eff_fps"": {""pose"": 10, ""object"": 10}, ""latency_ms"": {""pose"": 0, ""object"": 0}, ""svclat_ms"": {""pose"": 24.5, ""object"": 26.21}}, ""b12"": {""services"": [""pose"", ""object""], ""fps"": {""pose"": 10, ""object"": 10}, ""eff_fps"": {""pose"": 10, ""object"": 10}, ""latency_ms"": {""pose"": 0, ""object"": 0}, ""svclat_ms"": {""pose"": 23.53, ""object"": 20.86}}, ""b13"": {""services"": [""pose"", ""object""], ""fps"": {""pose"": 10, ""object"": 10}, ""eff_fps"": {""pose"": 10, ""object"": 10}, ""latency_ms"": {""pose"": 0, ""object"": 0}, ""svclat_ms"": {""pose"": 21.09, ""object"": 21.71}}, ""b14"": {""services"": [""pose"", ""object""], ""fps"": {""pose"": 0, ""object"": 0}, ""eff_fps"": {""pose"": 0, ""object"": 0}, ""latency_ms"": {""pose"": 0, ""object"": 0}, ""svclat_ms"": {""pose"": 0.0, ""object"": 0.0}}}"
221.0,14,14,1.0,0,0,6,4,4,1.0,332.0,280,0.843,0.0,0.29,0.0,10.0,0,10.0,10.0,0,10.0,0,0,0,22.46,0,28.9,280,"{""ip-172-31-0-204"": ""healthy"", ""ip-172-31-1-171"": ""healthy"", ""ip-172-31-10-12"": ""healthy"", ""ip-172-31-11-132"": ""healthy"", ""ip-172-31-13-134"": ""healthy"", ""ip-172-31-14-68"": ""healthy"", ""ip-172-31-40-239"": ""healthy""}",subscribe,9.2,0.3333,0,0,"{""ip-172-31-0-204"": {""object"": 1}, ""ip-172-31-11-132"": {""pose"": 1}, ""ip-172-31-10-12"": {""pose"": 1}, ""ip-172-31-1-171"": {""object"": 1}}","{""b1"": {""services"": [""pose"", ""object""], ""fps"": {""pose"": 10, ""object"": 10}, ""eff_fps"": {""pose"": 10, ""object"": 10}, ""latency_ms"": {""pose"": 0, ""object"": 0}, ""svclat_ms"": {""pose"": 23.15, ""object"": 22.53}}, ""b2"": {""services"": [""pose"", ""object""], ""fps"": {""pose"": 10, ""object"": 10}, ""eff_fps"": {""pose"": 10, ""object"": 10}, ""latency_ms"": {""pose"": 0, ""object"": 0}, ""svclat_ms"": {""pose"": 21.14, ""object"": 37.29}}, ""b3"": {""services"": [""pose"", ""object""], ""fps"": {""pose"": 10, ""object"": 10}, ""eff_fps"": {""pose"": 10, ""object"": 10}, ""latency_ms"": {""pose"": 0, ""object"": 0}, ""svclat_ms"": {""pose"": 23.3, ""object"": 24.3}}, ""b4"": {""services"": [""pose"", ""object""], ""fps"": {""pose"": 10, ""object"": 10}, ""eff_fps"": {""pose"": 10, ""object"": 10}, ""latency_ms"": {""pose"": 0, ""object"": 0}, ""svclat_ms"": {""pose"": 23.2, ""object"": 37.58}}, ""b5"": {""services"": [""pose"", ""object""], ""fps"": {""pose"": 10, ""object"": 10}, ""eff_fps"": {""pose"": 10, ""object"": 10}, ""latency_ms"": {""pose"": 0, ""object"": 0}, ""svclat_ms"": {""pose"": 22.46, ""object"": 37.58}}, ""b6"": {""services"": [""pose"", ""object""], ""fps"": {""pose"": 10, ""object"": 10}, ""eff_fps"": {""pose"": 10, ""object"": 10}, ""latency_ms"": {""pose"": 0, ""object"": 0}, ""svclat_ms"": {""pose"": 21.75, ""object"": 38.28}}, ""b7"": {""services"": [""pose"", ""object""], ""fps"": {""pose"": 10, ""object"": 10}, ""eff_fps"": {""pose"": 10, ""object"": 10}, ""latency_ms"": {""pose"": 0, ""object"": 0}, ""svclat_ms"": {""pose"": 21.65, ""object"": 38.72}}, ""b8"": {""services"": [""pose"", ""object""], ""fps"": {""pose"": 10, ""object"": 10}, ""eff_fps"": {""pose"": 10, ""object"": 10}, ""latency_ms"": {""pose"": 0, ""object"": 0}, ""svclat_ms"": {""pose"": 22.96, ""object"": 28.53}}, ""b9"": {""services"": [""pose"", ""object""], ""fps"": {""pose"": 10, ""object"": 10}, ""eff_fps"": {""pose"": 10, ""object"": 10}, ""latency_ms"": {""pose"": 0, ""object"": 0}, ""svclat_ms"": {""pose"": 22.95, ""object"": 20.69}}, ""b10"": {""services"": [""pose"", ""object""], ""fps"": {""pose"": 10, ""object"": 10}, ""eff_fps"": {""pose"": 10, ""object"": 10}, ""latency_ms"": {""pose"": 0, ""object"": 0}, ""svclat_ms"": {""pose"": 21.03, ""object"": 29.35}}, ""b11"": {""services"": [""pose"", ""object""], ""fps"": {""pose"": 10, ""object"": 10}, ""eff_fps"": {""pose"": 10, ""object"": 10}, ""latency_ms"": {""pose"": 0, ""object"": 0}, ""svclat_ms"": {""pose"": 23.08, ""object"": 25.3}}, ""b12"": {""services"": [""pose"", ""object""], ""fps"": {""pose"": 10, ""object"": 10}, ""eff_fps"": {""pose"": 10, ""object"": 10}, ""latency_ms"": {""pose"": 0, ""object"": 0}, ""svclat_ms"": {""pose"": 22.67, ""object"": 21.49}}, ""b13"": {""services"": [""pose"", ""object""], ""fps"": {""pose"": 10, ""object"": 10}, ""eff_fps"": {""pose"": 10, ""object"": 10}, ""latency_ms"": {""pose"": 0, ""object"": 0}, ""svclat_ms"": {""pose"": 22.29, ""object"": 21.61}}, ""b14"": {""services"": [""pose"", ""object""], ""fps"": {""pose"": 10, ""object"": 10}, ""eff_fps"": {""pose"": 10, ""object"": 10}, ""latency_ms"": {""pose"": 0, ""object"": 0}, ""svclat_ms"": {""pose"": 22.81, ""object"": 21.36}}, ""b15"": {""services"": [""pose"", ""object""], ""fps"": {""pose"": 0, ""object"": 0}, ""eff_fps"": {""pose"": 0, ""object"": 0}, ""latency_ms"": {""pose"": 0, ""object"": 0}, ""svclat_ms"": {""pose"": 0.0, ""object"": 0.0}}}"
224.9,14,14,1.0,0,0,6,4,4,1.0,332.0,280,0.843,0.0,0.29,0.0,10.0,0,10.0,10.0,0,10.0,0,0,0,23.57,0,30.25,300,"{""ip-172-31-0-204"": ""healthy"", ""ip-172-31-1-171"": ""healthy"", ""ip-172-31-10-12"": ""healthy"", ""ip-172-31-11-132"": ""healthy"", ""ip-172-31-13-134"": ""healthy"", ""ip-172-31-14-68"": ""healthy"", ""ip-172-31-40-239"": ""healthy""}",subscribe,9.2,0.3333,0,0,"{""ip-172-31-0-204"": {""object"": 1}, ""ip-172-31-11-132"": {""pose"": 1}, ""ip-172-31-10-12"": {""pose"": 1}, ""ip-172-31-1-171"": {""object"": 1}}","{""b1"": {""services"": [""pose"", ""object""], ""fps"": {""pose"": 10, ""object"": 10}, ""eff_fps"": {""pose"": 10, ""object"": 10}, ""latency_ms"": {""pose"": 0, ""object"": 0}, ""svclat_ms"": {""pose"": 23.17, ""object"": 22.48}}, ""b2"": {""services"": [""pose"", ""object""], ""fps"": {""pose"": 10, ""object"": 10}, ""eff_fps"": {""pose"": 10, ""object"": 10}, ""latency_ms"": {""pose"": 0, ""object"": 0}, ""svclat_ms"": {""pose"": 21.97, ""object"": 37.14}}, ""b3"": {""services"": [""pose"", ""object""], ""fps"": {""pose"": 10, ""object"": 10}, ""eff_fps"": {""pose"": 10, ""object"": 10}, ""latency_ms"": {""pose"": 0, ""object"": 0}, ""svclat_ms"": {""pose"": 24.9, ""object"": 24.66}}, ""b4"": {""services"": [""pose"", ""object""], ""fps"": {""pose"": 10, ""object"": 10}, ""eff_fps"": {""pose"": 10, ""object"": 10}, ""latency_ms"": {""pose"": 0, ""object"": 0}, ""svclat_ms"": {""pose"": 24.47, ""object"": 37.64}}, ""b5"": {""services"": [""pose"", ""object""], ""fps"": {""pose"": 10, ""object"": 10}, ""eff_fps"": {""pose"": 10, ""object"": 10}, ""latency_ms"": {""pose"": 0, ""object"": 0}, ""svclat_ms"": {""pose"": 23.54, ""object"": 37.5}}, ""b6"": {""services"": [""pose"", ""object""], ""fps"": {""pose"": 10, ""object"": 10}, ""eff_fps"": {""pose"": 10, ""object"": 10}, ""latency_ms"": {""pose"": 0, ""object"": 0}, ""svclat_ms"": {""pose"": 22.64, ""object"": 38.45}}, ""b7"": {""services"": [""pose"", ""object""], ""fps"": {""pose"": 10, ""object"": 10}, ""eff_fps"": {""pose"": 10, ""object"": 10}, ""latency_ms"": {""pose"": 0, ""object"": 0}, ""svclat_ms"": {""pose"": 23.46, ""object"": 39.19}}, ""b8"": {""services"": [""pose"", ""object""], ""fps"": {""pose"": 10, ""object"": 10}, ""eff_fps"": {""pose"": 10, ""object"": 10}, ""latency_ms"": {""pose"": 0, ""object"": 0}, ""svclat_ms"": {""pose"": 24.83, ""object"": 28.83}}, ""b9"": {""services"": [""pose"", ""object""], ""fps"": {""pose"": 10, ""object"": 10}, ""eff_fps"": {""pose"": 10, ""object"": 10}, ""latency_ms"": {""pose"": 0, ""object"": 0}, ""svclat_ms"": {""pose"": 23.08, ""object"": 20.51}}, ""b10"": {""services"": [""pose"", ""object""], ""fps"": {""pose"": 10, ""object"": 10}, ""eff_fps"": {""pose"": 10, ""object"": 10}, ""latency_ms"": {""pose"": 0, ""object"": 0}, ""svclat_ms"": {""pose"": 20.54, ""object"": 25.13}}, ""b11"": {""services"": [""pose"", ""object""], ""fps"": {""pose"": 10, ""object"": 10}, ""eff_fps"": {""pose"": 10, ""object"": 10}, ""latency_ms"": {""pose"": 0, ""object"": 0}, ""svclat_ms"": {""pose"": 23.07, ""object"": 43.2}}, ""b12"": {""services"": [""pose"", ""object""], ""fps"": {""pose"": 10, ""object"": 10}, ""eff_fps"": {""pose"": 10, ""object"": 10}, ""latency_ms"": {""pose"": 0, ""object"": 0}, ""svclat_ms"": {""pose"": 23.29, ""object"": 21.43}}, ""b13"": {""services"": [""pose"", ""object""], ""fps"": {""pose"": 10, ""object"": 10}, ""eff_fps"": {""pose"": 10, ""object"": 10}, ""latency_ms"": {""pose"": 0, ""object"": 0}, ""svclat_ms"": {""pose"": 22.09, ""object"": 22.33}}, ""b14"": {""services"": [""pose"", ""object""], ""fps"": {""pose"": 10, ""object"": 10}, ""eff_fps"": {""pose"": 10, ""object"": 10}, ""latency_ms"": {""pose"": 0, ""object"": 0}, ""svclat_ms"": {""pose"": 23.48, ""object"": 21.3}}, ""b15"": {""services"": [""pose"", ""object""], ""fps"": {""pose"": 10, ""object"": 10}, ""eff_fps"": {""pose"": 10, ""object"": 10}, ""latency_ms"": {""pose"": 0, ""object"": 0}, ""svclat_ms"": {""pose"": 28.95, ""object"": 34.0}}}"
227.4,15,15,1.0,0,0,6,4,4,1.0,332.0,300,0.904,0.0,0.27,0.0,10.0,0,10.0,10.0,0,10.0,0,0,0,23.93,0,30.09,300,"{""ip-172-31-0-204"": ""healthy"", ""ip-172-31-1-171"": ""healthy"", ""ip-172-31-10-12"": ""healthy"", ""ip-172-31-11-132"": ""healthy"", ""ip-172-31-13-134"": ""healthy"", ""ip-172-31-14-68"": ""healthy"", ""ip-172-31-40-239"": ""healthy""}",subscribe,9.0,0.3333,0,0,"{""ip-172-31-0-204"": {""object"": 1}, ""ip-172-31-11-132"": {""pose"": 1}, ""ip-172-31-10-12"": {""pose"": 1}, ""ip-172-31-1-171"": {""object"": 1}}","{""b1"": {""services"": [""pose"", ""object""], ""fps"": {""pose"": 10, ""object"": 10}, ""eff_fps"": {""pose"": 10, ""object"": 10}, ""latency_ms"": {""pose"": 0, ""object"": 0}, ""svclat_ms"": {""pose"": 24.0, ""object"": 22.68}}, ""b2"": {""services"": [""pose"", ""object""], ""fps"": {""pose"": 10, ""object"": 10}, ""eff_fps"": {""pose"": 10, ""object"": 10}, ""latency_ms"": {""pose"": 0, ""object"": 0}, ""svclat_ms"": {""pose"": 21.93, ""object"": 37.54}}, ""b3"": {""services"": [""pose"", ""object""], ""fps"": {""pose"": 10, ""object"": 10}, ""eff_fps"": {""pose"": 10, ""object"": 10}, ""latency_ms"": {""pose"": 0, ""object"": 0}, ""svclat_ms"": {""pose"": 24.54, ""object"": 24.26}}, ""b4"": {""services"": [""pose"", ""object""], ""fps"": {""pose"": 10, ""object"": 10}, ""eff_fps"": {""pose"": 10, ""object"": 10}, ""latency_ms"": {""pose"": 0, ""object"": 0}, ""svclat_ms"": {""pose"": 22.81, ""object"": 36.76}}, ""b5"": {""services"": [""pose"", ""object""], ""fps"": {""pose"": 10, ""object"": 10}, ""eff_fps"": {""pose"": 10, ""object"": 10}, ""latency_ms"": {""pose"": 0, ""object"": 0}, ""svclat_ms"": {""pose"": 22.67, ""object"": 37.51}}, ""b6"": {""services"": [""pose"", ""object""], ""fps"": {""pose"": 10, ""object"": 10}, ""eff_fps"": {""pose"": 10, ""object"": 10}, ""latency_ms"": {""pose"": 0, ""object"": 0}, ""svclat_ms"": {""pose"": 22.44, ""object"": 37.95}}, ""b7"": {""services"": [""pose"", ""object""], ""fps"": {""pose"": 10, ""object"": 10}, ""eff_fps"": {""pose"": 10, ""object"": 10}, ""latency_ms"": {""pose"": 0, ""object"": 0}, ""svclat_ms"": {""pose"": 22.21, ""object"": 38.07}}, ""b8"": {""services"": [""pose"", ""object""], ""fps"": {""pose"": 10, ""object"": 10}, ""eff_fps"": {""pose"": 10, ""object"": 10}, ""latency_ms"": {""pose"": 0, ""object"": 0}, ""svclat_ms"": {""pose"": 23.48, ""object"": 28.25}}, ""b9"": {""services"": [""pose"", ""object""], ""fps"": {""pose"": 10, ""object"": 10}, ""eff_fps"": {""pose"": 10, ""object"": 10}, ""latency_ms"": {""pose"": 0, ""object"": 0}, ""svclat_ms"": {""pose"": 25.3, ""object"": 21.31}}, ""b10"": {""services"": [""pose"", ""object""], ""fps"": {""pose"": 10, ""object"": 10}, ""eff_fps"": {""pose"": 10, ""object"": 10}, ""latency_ms"": {""pose"": 0, ""object"": 0}, ""svclat_ms"": {""pose"": 21.41, ""object"": 23.8}}, ""b11"": {""services"": [""pose"", ""object""], ""fps"": {""pose"": 10, ""object"": 10}, ""eff_fps"": {""pose"": 10, ""object"": 10}, ""latency_ms"": {""pose"": 0, ""object"": 0}, ""svclat_ms"": {""pose"": 24.32, ""object"": 42.96}}, ""b12"": {""services"": [""pose"", ""object""], ""fps"": {""pose"": 10, ""object"": 10}, ""eff_fps"": {""pose"": 10, ""object"": 10}, ""latency_ms"": {""pose"": 0, ""object"": 0}, ""svclat_ms"": {""pose"": 24.88, ""object"": 22.19}}, ""b13"": {""services"": [""pose"", ""object""], ""fps"": {""pose"": 10, ""object"": 10}, ""eff_fps"": {""pose"": 10, ""object"": 10}, ""latency_ms"": {""pose"": 0, ""object"": 0}, ""svclat_ms"": {""pose"": 23.6, ""object"": 22.75}}, ""b14"": {""services"": [""pose"", ""object""], ""fps"": {""pose"": 10, ""object"": 10}, ""eff_fps"": {""pose"": 10, ""object"": 10}, ""latency_ms"": {""pose"": 0, ""object"": 0}, ""svclat_ms"": {""pose"": 25.36, ""object"": 21.65}}, ""b15"": {""services"": [""pose"", ""object""], ""fps"": {""pose"": 10, ""object"": 10}, ""eff_fps"": {""pose"": 10, ""object"": 10}, ""latency_ms"": {""pose"": 0, ""object"": 0}, ""svclat_ms"": {""pose"": 30.07, ""object"": 33.68}}}"
229.8,15,15,1.0,0,0,6,4,4,1.0,332.0,300,0.904,0.0,0.27,0.0,10.0,0,10.0,10.0,0,10.0,0,0,0,23.18,0,30.31,300,"{""ip-172-31-0-204"": ""healthy"", ""ip-172-31-1-171"": ""healthy"", ""ip-172-31-10-12"": ""healthy"", ""ip-172-31-11-132"": ""healthy"", ""ip-172-31-13-134"": ""healthy"", ""ip-172-31-14-68"": ""healthy"", ""ip-172-31-40-239"": ""healthy""}",subscribe,9.0,0.3333,0,0,"{""ip-172-31-0-204"": {""object"": 1}, ""ip-172-31-11-132"": {""pose"": 1}, ""ip-172-31-10-12"": {""pose"": 1}, ""ip-172-31-1-171"": {""object"": 1}}","{""b1"": {""services"": [""pose"", ""object""], ""fps"": {""pose"": 10, ""object"": 10}, ""eff_fps"": {""pose"": 10, ""object"": 10}, ""latency_ms"": {""pose"": 0, ""object"": 0}, ""svclat_ms"": {""pose"": 23.7, ""object"": 22.5}}, ""b2"": {""services"": [""pose"", ""object""], ""fps"": {""pose"": 10, ""object"": 10}, ""eff_fps"": {""pose"": 10, ""object"": 10}, ""latency_ms"": {""pose"": 0, ""object"": 0}, ""svclat_ms"": {""pose"": 21.13, ""object"": 37.8}}, ""b3"": {""services"": [""pose"", ""object""], ""fps"": {""pose"": 10, ""object"": 10}, ""eff_fps"": {""pose"": 10, ""object"": 10}, ""latency_ms"": {""pose"": 0, ""object"": 0}, ""svclat_ms"": {""pose"": 23.72, ""object"": 24.71}}, ""b4"": {""services"": [""pose"", ""object""], ""fps"": {""pose"": 10, ""object"": 10}, ""eff_fps"": {""pose"": 10, ""object"": 10}, ""latency_ms"": {""pose"": 0, ""object"": 0}, ""svclat_ms"": {""pose"": 23.55, ""object"": 37.44}}, ""b5"": {""services"": [""pose"", ""object""], ""fps"": {""pose"": 10, ""object"": 10}, ""eff_fps"": {""pose"": 10, ""object"": 10}, ""latency_ms"": {""pose"": 0, ""object"": 0}, ""svclat_ms"": {""pose"": 22.56, ""object"": 37.6}}, ""b6"": {""services"": [""pose"", ""object""], ""fps"": {""pose"": 10, ""object"": 10}, ""eff_fps"": {""pose"": 10, ""object"": 10}, ""latency_ms"": {""pose"": 0, ""object"": 0}, ""svclat_ms"": {""pose"": 21.95, ""object"": 38.52}}, ""b7"": {""services"": [""pose"", ""object""], ""fps"": {""pose"": 10, ""object"": 10}, ""eff_fps"": {""pose"": 10, ""object"": 10}, ""latency_ms"": {""pose"": 0, ""object"": 0}, ""svclat_ms"": {""pose"": 22.53, ""object"": 38.87}}, ""b8"": {""services"": [""pose"", ""object""], ""fps"": {""pose"": 10, ""object"": 10}, ""eff_fps"": {""pose"": 10, ""object"": 10}, ""latency_ms"": {""pose"": 0, ""object"": 0}, ""svclat_ms"": {""pose"": 22.21, ""object"": 28.83}}, ""b9"": {""services"": [""pose"", ""object""], ""fps"": {""pose"": 10, ""object"": 10}, ""eff_fps"": {""pose"": 10, ""object"": 10}, ""latency_ms"": {""pose"": 0, ""object"": 0}, ""svclat_ms"": {""pose"": 23.17, ""object"": 20.94}}, ""b10"": {""services"": [""pose"", ""object""], ""fps"": {""pose"": 10, ""object"": 10}, ""eff_fps"": {""pose"": 10, ""object"": 10}, ""latency_ms"": {""pose"": 0, ""object"": 0}, ""svclat_ms"": {""pose"": 21.23, ""object"": 23.16}}, ""b11"": {""services"": [""pose"", ""object""], ""fps"": {""pose"": 10, ""object"": 10}, ""eff_fps"": {""pose"": 10, ""object"": 10}, ""latency_ms"": {""pose"": 0, ""object"": 0}, ""svclat_ms"": {""pose"": 23.6, ""object"": 44.85}}, ""b12"": {""services"": [""pose"", ""object""], ""fps"": {""pose"": 10, ""object"": 10}, ""eff_fps"": {""pose"": 10, ""object"": 10}, ""latency_ms"": {""pose"": 0, ""object"": 0}, ""svclat_ms"": {""pose"": 23.15, ""object"": 22.9}}, ""b13"": {""services"": [""pose"", ""object""], ""fps"": {""pose"": 10, ""object"": 10}, ""eff_fps"": {""pose"": 10, ""object"": 10}, ""latency_ms"": {""pose"": 0, ""object"": 0}, ""svclat_ms"": {""pose"": 23.25, ""object"": 22.52}}, ""b14"": {""services"": [""pose"", ""object""], ""fps"": {""pose"": 10, ""object"": 10}, ""eff_fps"": {""pose"": 10, ""object"": 10}, ""latency_ms"": {""pose"": 0, ""object"": 0}, ""svclat_ms"": {""pose"": 23.77, ""object"": 21.39}}, ""b15"": {""services"": [""pose"", ""object""], ""fps"": {""pose"": 10, ""object"": 10}, ""eff_fps"": {""pose"": 10, ""object"": 10}, ""latency_ms"": {""pose"": 0, ""object"": 0}, ""svclat_ms"": {""pose"": 28.22, ""object"": 32.65}}}"
234.1,14,14,1.0,0,0,6,4,4,1.0,332.0,280,0.843,0.0,0.29,0.0,10.0,0,10.0,10.0,0,10.0,0,0,0,23.1,0,32.01,280,"{""ip-172-31-0-204"": ""healthy"", ""ip-172-31-1-171"": ""healthy"", ""ip-172-31-10-12"": ""healthy"", ""ip-172-31-11-132"": ""healthy"", ""ip-172-31-13-134"": ""healthy"", ""ip-172-31-14-68"": ""healthy"", ""ip-172-31-40-239"": ""healthy""}",unsubscribe,9.6,0.3333,0,0,"{""ip-172-31-0-204"": {""object"": 1}, ""ip-172-31-11-132"": {""pose"": 1}, ""ip-172-31-10-12"": {""pose"": 1}, ""ip-172-31-1-171"": {""object"": 1}}","{""b2"": {""services"": [""pose"", ""object""], ""fps"": {""pose"": 10, ""object"": 10}, ""eff_fps"": {""pose"": 10, ""object"": 10}, ""latency_ms"": {""pose"": 0, ""object"": 0}, ""svclat_ms"": {""pose"": 21.35, ""object"": 35.76}}, ""b3"": {""services"": [""pose"", ""object""], ""fps"": {""pose"": 10, ""object"": 10}, ""eff_fps"": {""pose"": 10, ""object"": 10}, ""latency_ms"": {""pose"": 0, ""object"": 0}, ""svclat_ms"": {""pose"": 23.28, ""object"": 23.18}}, ""b4"": {""services"": [""pose"", ""object""], ""fps"": {""pose"": 10, ""object"": 10}, ""eff_fps"": {""pose"": 10, ""object"": 10}, ""latency_ms"": {""pose"": 0, ""object"": 0}, ""svclat_ms"": {""pose"": 23.15, ""object"": 36.6}}, ""b5"": {""services"": [""pose"", ""object""], ""fps"": {""pose"": 10, ""object"": 10}, ""eff_fps"": {""pose"": 10, ""object"": 10}, ""latency_ms"": {""pose"": 0, ""object"": 0}, ""svclat_ms"": {""pose"": 23.32, ""object"": 37.15}}, ""b6"": {""services"": [""pose"", ""object""], ""fps"": {""pose"": 10, ""object"": 10}, ""eff_fps"": {""pose"": 10, ""object"": 10}, ""latency_ms"": {""pose"": 0, ""object"": 0}, ""svclat_ms"": {""pose"": 22.02, ""object"": 37.17}}, ""b7"": {""services"": [""pose"", ""object""], ""fps"": {""pose"": 10, ""object"": 10}, ""eff_fps"": {""pose"": 10, ""object"": 10}, ""latency_ms"": {""pose"": 0, ""object"": 0}, ""svclat_ms"": {""pose"": 22.31, ""object"": 37.76}}, ""b8"": {""services"": [""pose"", ""object""], ""fps"": {""pose"": 10, ""object"": 10}, ""eff_fps"": {""pose"": 10, ""object"": 10}, ""latency_ms"": {""pose"": 0, ""object"": 0}, ""svclat_ms"": {""pose"": 22.59, ""object"": 27.84}}, ""b9"": {""services"": [""pose"", ""object""], ""fps"": {""pose"": 10, ""object"": 10}, ""eff_fps"": {""pose"": 10, ""object"": 10}, ""latency_ms"": {""pose"": 0, ""object"": 0}, ""svclat_ms"": {""pose"": 30.06, ""object"": 40.37}}, ""b10"": {""services"": [""pose"", ""object""], ""fps"": {""pose"": 10, ""object"": 10}, ""eff_fps"": {""pose"": 10, ""object"": 10}, ""latency_ms"": {""pose"": 0, ""object"": 0}, ""svclat_ms"": {""pose"": 20.87, ""object"": 25.92}}, ""b11"": {""services"": [""pose"", ""object""], ""fps"": {""pose"": 10, ""object"": 10}, ""eff_fps"": {""pose"": 10, ""object"": 10}, ""latency_ms"": {""pose"": 0, ""object"": 0}, ""svclat_ms"": {""pose"": 21.81, ""object"": 42.41}}, ""b12"": {""services"": [""pose"", ""object""], ""fps"": {""pose"": 10, ""object"": 10}, ""eff_fps"": {""pose"": 10, ""object"": 10}, ""latency_ms"": {""pose"": 0, ""object"": 0}, ""svclat_ms"": {""pose"": 21.58, ""object"": 21.41}}, ""b13"": {""services"": [""pose"", ""object""], ""fps"": {""pose"": 10, ""object"": 10}, ""eff_fps"": {""pose"": 10, ""object"": 10}, ""latency_ms"": {""pose"": 0, ""object"": 0}, ""svclat_ms"": {""pose"": 22.2, ""object"": 23.17}}, ""b14"": {""services"": [""pose"", ""object""], ""fps"": {""pose"": 10, ""object"": 10}, ""eff_fps"": {""pose"": 10, ""object"": 10}, ""latency_ms"": {""pose"": 0, ""object"": 0}, ""svclat_ms"": {""pose"": 21.98, ""object"": 21.25}}, ""b15"": {""services"": [""pose"", ""object""], ""fps"": {""pose"": 10, ""object"": 10}, ""eff_fps"": {""pose"": 10, ""object"": 10}, ""latency_ms"": {""pose"": 0, ""object"": 0}, ""svclat_ms"": {""pose"": 26.88, ""object"": 38.16}}}"
236.6,14,14,1.0,0,0,6,4,4,1.0,332.0,280,0.843,0.0,0.29,0.0,10.0,0,10.0,10.0,0,10.0,0,0,0,23.29,0,31.78,280,"{""ip-172-31-0-204"": ""healthy"", ""ip-172-31-1-171"": ""healthy"", ""ip-172-31-10-12"": ""healthy"", ""ip-172-31-11-132"": ""healthy"", ""ip-172-31-13-134"": ""healthy"", ""ip-172-31-14-68"": ""healthy"", ""ip-172-31-40-239"": ""healthy""}",unsubscribe,9.6,0.3333,0,0,"{""ip-172-31-0-204"": {""object"": 1}, ""ip-172-31-11-132"": {""pose"": 1}, ""ip-172-31-10-12"": {""pose"": 1}, ""ip-172-31-1-171"": {""object"": 1}}","{""b2"": {""services"": [""pose"", ""object""], ""fps"": {""pose"": 10, ""object"": 10}, ""eff_fps"": {""pose"": 10, ""object"": 10}, ""latency_ms"": {""pose"": 0, ""object"": 0}, ""svclat_ms"": {""pose"": 21.16, ""object"": 35.51}}, ""b3"": {""services"": [""pose"", ""object""], ""fps"": {""pose"": 10, ""object"": 10}, ""eff_fps"": {""pose"": 10, ""object"": 10}, ""latency_ms"": {""pose"": 0, ""object"": 0}, ""svclat_ms"": {""pose"": 23.9, ""object"": 23.18}}, ""b4"": {""services"": [""pose"", ""object""], ""fps"": {""pose"": 10, ""object"": 10}, ""eff_fps"": {""pose"": 10, ""object"": 10}, ""latency_ms"": {""pose"": 0, ""object"": 0}, ""svclat_ms"": {""pose"": 23.34, ""object"": 37.2}}, ""b5"": {""services"": [""pose"", ""object""], ""fps"": {""pose"": 10, ""object"": 10}, ""eff_fps"": {""pose"": 10, ""object"": 10}, ""latency_ms"": {""pose"": 0, ""object"": 0}, ""svclat_ms"": {""pose"": 23.45, ""object"": 38.21}}, ""b6"": {""services"": [""pose"", ""object""], ""fps"": {""pose"": 10, ""object"": 10}, ""eff_fps"": {""pose"": 10, ""object"": 10}, ""latency_ms"": {""pose"": 0, ""object"": 0}, ""svclat_ms"": {""pose"": 22.13, ""object"": 36.83}}, ""b7"": {""services"": [""pose"", ""object""], ""fps"": {""pose"": 10, ""object"": 10}, ""eff_fps"": {""pose"": 10, ""object"": 10}, ""latency_ms"": {""pose"": 0, ""object"": 0}, ""svclat_ms"": {""pose"": 22.6, ""object"": 38.15}}, ""b8"": {""services"": [""pose"", ""object""], ""fps"": {""pose"": 10, ""object"": 10}, ""eff_fps"": {""pose"": 10, ""object"": 10}, ""latency_ms"": {""pose"": 0, ""object"": 0}, ""svclat_ms"": {""pose"": 23.23, ""object"": 27.64}}, ""b9"": {""services"": [""pose"", ""object""], ""fps"": {""pose"": 10, ""object"": 10}, ""eff_fps"": {""pose"": 10, ""object"": 10}, ""latency_ms"": {""pose"": 0, ""object"": 0}, ""svclat_ms"": {""pose"": 30.03, ""object"": 41.4}}, ""b10"": {""services"": [""pose"", ""object""], ""fps"": {""pose"": 10, ""object"": 10}, ""eff_fps"": {""pose"": 10, ""object"": 10}, ""latency_ms"": {""pose"": 0, ""object"": 0}, ""svclat_ms"": {""pose"": 21.0, ""object"": 25.98}}, ""b11"": {""services"": [""pose"", ""object""], ""fps"": {""pose"": 10, ""object"": 10}, ""eff_fps"": {""pose"": 10, ""object"": 10}, ""latency_ms"": {""pose"": 0, ""object"": 0}, ""svclat_ms"": {""pose"": 21.86, ""object"": 44.05}}, ""b12"": {""services"": [""pose"", ""object""], ""fps"": {""pose"": 10, ""object"": 10}, ""eff_fps"": {""pose"": 10, ""object"": 10}, ""latency_ms"": {""pose"": 0, ""object"": 0}, ""svclat_ms"": {""pose"": 21.63, ""object"": 20.57}}, ""b13"": {""services"": [""pose"", ""object""], ""fps"": {""pose"": 10, ""object"": 10}, ""eff_fps"": {""pose"": 10, ""object"": 10}, ""latency_ms"": {""pose"": 0, ""object"": 0}, ""svclat_ms"": {""pose"": 22.55, ""object"": 22.55}}, ""b14"": {""services"": [""pose"", ""object""], ""fps"": {""pose"": 10, ""object"": 10}, ""eff_fps"": {""pose"": 10, ""object"": 10}, ""latency_ms"": {""pose"": 0, ""object"": 0}, ""svclat_ms"": {""pose"": 22.05, ""object"": 21.12}}, ""b15"": {""services"": [""pose"", ""object""], ""fps"": {""pose"": 10, ""object"": 10}, ""eff_fps"": {""pose"": 10, ""object"": 10}, ""latency_ms"": {""pose"": 0, ""object"": 0}, ""svclat_ms"": {""pose"": 27.11, ""object"": 32.54}}}"
239.0,14,14,1.0,0,0,6,4,4,1.0,332.0,280,0.843,0.0,0.29,0.0,9.93,0,10.07,9.93,0,10.07,0,0,0,23.87,0,31.89,280,"{""ip-172-31-0-204"": ""healthy"", ""ip-172-31-1-171"": ""healthy"", ""ip-172-31-10-12"": ""healthy"", ""ip-172-31-11-132"": ""healthy"", ""ip-172-31-13-134"": ""healthy"", ""ip-172-31-14-68"": ""healthy"", ""ip-172-31-40-239"": ""healthy""}",unsubscribe,9.6,0.3333,0,0,"{""ip-172-31-0-204"": {""object"": 1}, ""ip-172-31-11-132"": {""pose"": 1}, ""ip-172-31-10-12"": {""pose"": 1}, ""ip-172-31-1-171"": {""object"": 1}}","{""b2"": {""services"": [""pose"", ""object""], ""fps"": {""pose"": 10, ""object"": 10}, ""eff_fps"": {""pose"": 10, ""object"": 10}, ""latency_ms"": {""pose"": 0, ""object"": 0}, ""svclat_ms"": {""pose"": 21.34, ""object"": 35.71}}, ""b3"": {""services"": [""pose"", ""object""], ""fps"": {""pose"": 10, ""object"": 10}, ""eff_fps"": {""pose"": 10, ""object"": 10}, ""latency_ms"": {""pose"": 0, ""object"": 0}, ""svclat_ms"": {""pose"": 24.7, ""object"": 23.01}}, ""b4"": {""services"": [""pose"", ""object""], ""fps"": {""pose"": 10, ""object"": 10}, ""eff_fps"": {""pose"": 10, ""object"": 10}, ""latency_ms"": {""pose"": 0, ""object"": 0}, ""svclat_ms"": {""pose"": 23.57, ""object"": 37.5}}, ""b5"": {""services"": [""pose"", ""object""], ""fps"": {""pose"": 10, ""object"": 10}, ""eff_fps"": {""pose"": 10, ""object"": 10}, ""latency_ms"": {""pose"": 0, ""object"": 0}, ""svclat_ms"": {""pose"": 24.12, ""object"": 38.03}}, ""b6"": {""services"": [""pose"", ""object""], ""fps"": {""pose"": 10, ""object"": 10}, ""eff_fps"": {""pose"": 10, ""object"": 10}, ""latency_ms"": {""pose"": 0, ""object"": 0}, ""svclat_ms"": {""pose"": 22.43, ""object"": 37.6}}, ""b7"": {""services"": [""pose"", ""object""], ""fps"": {""pose"": 10, ""object"": 10}, ""eff_fps"": {""pose"": 10, ""object"": 10}, ""latency_ms"": {""pose"": 0, ""object"": 0}, ""svclat_ms"": {""pose"": 22.94, ""object"": 38.66}}, ""b8"": {""services"": [""pose"", ""object""], ""fps"": {""pose"": 9, ""object"": 10}, ""eff_fps"": {""pose"": 9, ""object"": 10}, ""latency_ms"": {""pose"": 0, ""object"": 0}, ""svclat_ms"": {""pose"": 23.52, ""object"": 27.88}}, ""b9"": {""services"": [""pose"", ""object""], ""fps"": {""pose"": 10, ""object"": 10}, ""eff_fps"": {""pose"": 10, ""object"": 10}, ""latency_ms"": {""pose"": 0, ""object"": 0}, ""svclat_ms"": {""pose"": 31.24, ""object"": 41.61}}, ""b10"": {""services"": [""pose"", ""object""], ""fps"": {""pose"": 10, ""object"": 11}, ""eff_fps"": {""pose"": 10, ""object"": 11}, ""latency_ms"": {""pose"": 0, ""object"": 0}, ""svclat_ms"": {""pose"": 21.23, ""object"": 31.22}}, ""b11"": {""services"": [""pose"", ""object""], ""fps"": {""pose"": 10, ""object"": 10}, ""eff_fps"": {""pose"": 10, ""object"": 10}, ""latency_ms"": {""pose"": 0, ""object"": 0}, ""svclat_ms"": {""pose"": 22.91, ""object"": 38.58}}, ""b12"": {""services"": [""pose"", ""object""], ""fps"": {""pose"": 10, ""object"": 10}, ""eff_fps"": {""pose"": 10, ""object"": 10}, ""latency_ms"": {""pose"": 0, ""object"": 0}, ""svclat_ms"": {""pose"": 22.12, ""object"": 21.01}}, ""b13"": {""services"": [""pose"", ""object""], ""fps"": {""pose"": 10, ""object"": 10}, ""eff_fps"": {""pose"": 10, ""object"": 10}, ""latency_ms"": {""pose"": 0, ""object"": 0}, ""svclat_ms"": {""pose"": 23.34, ""object"": 22.57}}, ""b14"": {""services"": [""pose"", ""object""], ""fps"": {""pose"": 10, ""object"": 10}, ""eff_fps"": {""pose"": 10, ""object"": 10}, ""latency_ms"": {""pose"": 0, ""object"": 0}, ""svclat_ms"": {""pose"": 22.6, ""object"": 21.48}}, ""b15"": {""services"": [""pose"", ""object""], ""fps"": {""pose"": 10, ""object"": 10}, ""eff_fps"": {""pose"": 10, ""object"": 10}, ""latency_ms"": {""pose"": 0, ""object"": 0}, ""svclat_ms"": {""pose"": 28.12, ""object"": 31.61}}}"
241.5,14,14,1.0,0,0,6,4,4,1.0,332.0,280,0.843,0.0,0.29,0.0,9.93,0,9.93,9.93,0,9.93,0,0,0,23.42,0,32.8,278,"{""ip-172-31-0-204"": ""healthy"", ""ip-172-31-1-171"": ""healthy"", ""ip-172-31-10-12"": ""healthy"", ""ip-172-31-11-132"": ""healthy"", ""ip-172-31-13-134"": ""healthy"", ""ip-172-31-14-68"": ""healthy"", ""ip-172-31-40-239"": ""healthy""}",unsubscribe,9.6,0.3333,0,0,"{""ip-172-31-0-204"": {""object"": 1}, ""ip-172-31-11-132"": {""pose"": 1}, ""ip-172-31-10-12"": {""pose"": 1}, ""ip-172-31-1-171"": {""object"": 1}}","{""b2"": {""services"": [""pose"", ""object""], ""fps"": {""pose"": 10, ""object"": 10}, ""eff_fps"": {""pose"": 10, ""object"": 10}, ""latency_ms"": {""pose"": 0, ""object"": 0}, ""svclat_ms"": {""pose"": 21.43, ""object"": 35.95}}, ""b3"": {""services"": [""pose"", ""object""], ""fps"": {""pose"": 10, ""object"": 10}, ""eff_fps"": {""pose"": 10, ""object"": 10}, ""latency_ms"": {""pose"": 0, ""object"": 0}, ""svclat_ms"": {""pose"": 23.55, ""object"": 24.31}}, ""b4"": {""services"": [""pose"", ""object""], ""fps"": {""pose"": 10, ""object"": 10}, ""eff_fps"": {""pose"": 10, ""object"": 10}, ""latency_ms"": {""pose"": 0, ""object"": 0}, ""svclat_ms"": {""pose"": 23.13, ""object"": 38.59}}, ""b5"": {""services"": [""pose"", ""object""], ""fps"": {""pose"": 10, ""object"": 10}, ""eff_fps"": {""pose"": 10, ""object"": 10}, ""latency_ms"": {""pose"": 0, ""object"": 0}, ""svclat_ms"": {""pose"": 23.55, ""object"": 39.23}}, ""b6"": {""services"": [""pose"", ""object""], ""fps"": {""pose"": 10, ""object"": 10}, ""eff_fps"": {""pose"": 10, ""object"": 10}, ""latency_ms"": {""pose"": 0, ""object"": 0}, ""svclat_ms"": {""pose"": 22.07, ""object"": 38.87}}, ""b7"": {""services"": [""pose"", ""object""], ""fps"": {""pose"": 10, ""object"": 10}, ""eff_fps"": {""pose"": 10, ""object"": 10}, ""latency_ms"": {""pose"": 0, ""object"": 0}, ""svclat_ms"": {""pose"": 21.88, ""object"": 40.15}}, ""b8"": {""services"": [""pose"", ""object""], ""fps"": {""pose"": 9, ""object"": 10}, ""eff_fps"": {""pose"": 9, ""object"": 10}, ""latency_ms"": {""pose"": 0, ""object"": 0}, ""svclat_ms"": {""pose"": 22.6, ""object"": 28.78}}, ""b9"": {""services"": [""pose"", ""object""], ""fps"": {""pose"": 10, ""object"": 10}, ""eff_fps"": {""pose"": 10, ""object"": 10}, ""latency_ms"": {""pose"": 0, ""object"": 0}, ""svclat_ms"": {""pose"": 30.02, ""object"": 43.51}}, ""b10"": {""services"": [""pose"", ""object""], ""fps"": {""pose"": 10, ""object"": 9}, ""eff_fps"": {""pose"": 10, ""object"": 9}, ""latency_ms"": {""pose"": 0, ""object"": 0}, ""svclat_ms"": {""pose"": 21.77, ""object"": 26.73}}, ""b11"": {""services"": [""pose"", ""object""], ""fps"": {""pose"": 10, ""object"": 10}, ""eff_fps"": {""pose"": 10, ""object"": 10}, ""latency_ms"": {""pose"": 0, ""object"": 0}, ""svclat_ms"": {""pose"": 22.68, ""object"": 42.97}}, ""b12"": {""services"": [""pose"", ""object""], ""fps"": {""pose"": 10, ""object"": 10}, ""eff_fps"": {""pose"": 10, ""object"": 10}, ""latency_ms"": {""pose"": 0, ""object"": 0}, ""svclat_ms"": {""pose"": 21.7, ""object"": 21.28}}, ""b13"": {""services"": [""pose"", ""object""], ""fps"": {""pose"": 10, ""object"": 10}, ""eff_fps"": {""pose"": 10, ""object"": 10}, ""latency_ms"": {""pose"": 0, ""object"": 0}, ""svclat_ms"": {""pose"": 23.16, ""object"": 23.22}}, ""b14"": {""services"": [""pose"", ""object""], ""fps"": {""pose"": 10, ""object"": 10}, ""eff_fps"": {""pose"": 10, ""object"": 10}, ""latency_ms"": {""pose"": 0, ""object"": 0}, ""svclat_ms"": {""pose"": 22.63, ""object"": 21.76}}, ""b15"": {""services"": [""pose"", ""object""], ""fps"": {""pose"": 10, ""object"": 10}, ""eff_fps"": {""pose"": 10, ""object"": 10}, ""latency_ms"": {""pose"": 0, ""object"": 0}, ""svclat_ms"": {""pose"": 27.71, ""object"": 33.85}}}"
245.4,14,14,1.0,0,0,6,4,4,1.0,332.0,280,0.843,0.0,0.29,0.0,10.15,0,10.0,10.15,0,10.0,0,0,0,29.72,0,30.26,262,"{""ip-172-31-0-204"": ""healthy"", ""ip-172-31-1-171"": ""healthy"", ""ip-172-31-10-12"": ""healthy"", ""ip-172-31-11-132"": ""healthy"", ""ip-172-31-13-134"": ""healthy"", ""ip-172-31-14-68"": ""healthy"", ""ip-172-31-40-239"": ""healthy""}",unsubscribe,9.6,0.3333,0,0,"{""ip-172-31-0-204"": {""object"": 1}, ""ip-172-31-11-132"": {""pose"": 1}, ""ip-172-31-10-12"": {""pose"": 1}, ""ip-172-31-1-171"": {""object"": 1}}","{""b3"": {""services"": [""pose"", ""object""], ""fps"": {""pose"": 10, ""object"": 10}, ""eff_fps"": {""pose"": 10, ""object"": 10}, ""latency_ms"": {""pose"": 0, ""object"": 0}, ""svclat_ms"": {""pose"": 35.9, ""object"": 22.11}}, ""b4"": {""services"": [""pose"", ""object""], ""fps"": {""pose"": 11, ""object"": 10}, ""eff_fps"": {""pose"": 11, ""object"": 10}, ""latency_ms"": {""pose"": 0, ""object"": 0}, ""svclat_ms"": {""pose"": 35.23, ""object"": 36.44}}, ""b5"": {""services"": [""pose"", ""object""], ""fps"": {""pose"": 10, ""object"": 10}, ""eff_fps"": {""pose"": 10, ""object"": 10}, ""latency_ms"": {""pose"": 0, ""object"": 0}, ""svclat_ms"": {""pose"": 35.06, ""object"": 36.35}}, ""b6"": {""services"": [""pose"", ""object""], ""fps"": {""pose"": 10, ""object"": 10}, ""eff_fps"": {""pose"": 10, ""object"": 10}, ""latency_ms"": {""pose"": 0, ""object"": 0}, ""svclat_ms"": {""pose"": 22.33, ""object"": 35.75}}, ""b7"": {""services"": [""pose"", ""object""], ""fps"": {""pose"": 11, ""object"": 10}, ""eff_fps"": {""pose"": 11, ""object"": 10}, ""latency_ms"": {""pose"": 0, ""object"": 0}, ""svclat_ms"": {""pose"": 35.59, ""object"": 37.38}}, ""b8"": {""services"": [""pose"", ""object""], ""fps"": {""pose"": 10, ""object"": 10}, ""eff_fps"": {""pose"": 10, ""object"": 10}, ""latency_ms"": {""pose"": 0, ""object"": 0}, ""svclat_ms"": {""pose"": 35.54, ""object"": 38.24}}, ""b9"": {""services"": [""pose"", ""object""], ""fps"": {""pose"": 10, ""object"": 10}, ""eff_fps"": {""pose"": 10, ""object"": 10}, ""latency_ms"": {""pose"": 0, ""object"": 0}, ""svclat_ms"": {""pose"": 43.23, ""object"": 39.95}}, ""b10"": {""services"": [""pose"", ""object""], ""fps"": {""pose"": 10, ""object"": 10}, ""eff_fps"": {""pose"": 10, ""object"": 10}, ""latency_ms"": {""pose"": 0, ""object"": 0}, ""svclat_ms"": {""pose"": 28.71, ""object"": 31.44}}, ""b11"": {""services"": [""pose"", ""object""], ""fps"": {""pose"": 10, ""object"": 10}, ""eff_fps"": {""pose"": 10, ""object"": 10}, ""latency_ms"": {""pose"": 0, ""object"": 0}, ""svclat_ms"": {""pose"": 20.96, ""object"": 29.75}}, ""b12"": {""services"": [""pose"", ""object""], ""fps"": {""pose"": 10, ""object"": 10}, ""eff_fps"": {""pose"": 10, ""object"": 10}, ""latency_ms"": {""pose"": 0, ""object"": 0}, ""svclat_ms"": {""pose"": 21.99, ""object"": 20.62}}, ""b13"": {""services"": [""pose"", ""object""], ""fps"": {""pose"": 10, ""object"": 10}, ""eff_fps"": {""pose"": 10, ""object"": 10}, ""latency_ms"": {""pose"": 0, ""object"": 0}, ""svclat_ms"": {""pose"": 21.23, ""object"": 21.34}}, ""b14"": {""services"": [""pose"", ""object""], ""fps"": {""pose"": 10, ""object"": 10}, ""eff_fps"": {""pose"": 10, ""object"": 10}, ""latency_ms"": {""pose"": 0, ""object"": 0}, ""svclat_ms"": {""pose"": 22.74, ""object"": 20.71}}, ""b15"": {""services"": [""pose"", ""object""], ""fps"": {""pose"": 10, ""object"": 10}, ""eff_fps"": {""pose"": 10, ""object"": 10}, ""latency_ms"": {""pose"": 0, ""object"": 0}, ""svclat_ms"": {""pose"": 27.85, ""object"": 23.28}}}"
247.9,13,13,1.0,0,0,6,4,4,1.0,332.0,260,0.783,0.0,0.31,0.0,9.92,0,10.0,9.92,0,10.0,0,0,0,28.95,0,30.32,259,"{""ip-172-31-0-204"": ""healthy"", ""ip-172-31-1-171"": ""healthy"", ""ip-172-31-10-12"": ""healthy"", ""ip-172-31-11-132"": ""healthy"", ""ip-172-31-13-134"": ""healthy"", ""ip-172-31-14-68"": ""healthy"", ""ip-172-31-40-239"": ""healthy""}",unsubscribe,9.4,0.3333,0,0,"{""ip-172-31-0-204"": {""object"": 1}, ""ip-172-31-11-132"": {""pose"": 1}, ""ip-172-31-10-12"": {""pose"": 1}, ""ip-172-31-1-171"": {""object"": 1}}","{""b3"": {""services"": [""pose"", ""object""], ""fps"": {""pose"": 10, ""object"": 10}, ""eff_fps"": {""pose"": 10, ""object"": 10}, ""latency_ms"": {""pose"": 0, ""object"": 0}, ""svclat_ms"": {""pose"": 34.19, ""object"": 22.08}}, ""b4"": {""services"": [""pose"", ""object""], ""fps"": {""pose"": 10, ""object"": 10}, ""eff_fps"": {""pose"": 10, ""object"": 10}, ""latency_ms"": {""pose"": 0, ""object"": 0}, ""svclat_ms"": {""pose"": 34.38, ""object"": 35.69}}, ""b5"": {""services"": [""pose"", ""object""], ""fps"": {""pose"": 10, ""object"": 10}, ""eff_fps"": {""pose"": 10, ""object"": 10}, ""latency_ms"": {""pose"": 0, ""object"": 0}, ""svclat_ms"": {""pose"": 34.13, ""object"": 36.07}}, ""b6"": {""services"": [""pose"", ""object""], ""fps"": {""pose"": 10, ""object"": 10}, ""eff_fps"": {""pose"": 10, ""object"": 10}, ""latency_ms"": {""pose"": 0, ""object"": 0}, ""svclat_ms"": {""pose"": 21.98, ""object"": 35.51}}, ""b7"": {""services"": [""pose"", ""object""], ""fps"": {""pose"": 9, ""object"": 10}, ""eff_fps"": {""pose"": 9, ""object"": 10}, ""latency_ms"": {""pose"": 0, ""object"": 0}, ""svclat_ms"": {""pose"": 34.85, ""object"": 36.98}}, ""b8"": {""services"": [""pose"", ""object""], ""fps"": {""pose"": 10, ""object"": 10}, ""eff_fps"": {""pose"": 10, ""object"": 10}, ""latency_ms"": {""pose"": 0, ""object"": 0}, ""svclat_ms"": {""pose"": 33.45, ""object"": 37.85}}, ""b9"": {""services"": [""pose"", ""object""], ""fps"": {""pose"": 10, ""object"": 10}, ""eff_fps"": {""pose"": 10, ""object"": 10}, ""latency_ms"": {""pose"": 0, ""object"": 0}, ""svclat_ms"": {""pose"": 41.5, ""object"": 39.2}}, ""b10"": {""services"": [""pose"", ""object""], ""fps"": {""pose"": 10, ""object"": 10}, ""eff_fps"": {""pose"": 10, ""object"": 10}, ""latency_ms"": {""pose"": 0, ""object"": 0}, ""svclat_ms"": {""pose"": 28.23, ""object"": 30.95}}, ""b11"": {""services"": [""pose"", ""object""], ""fps"": {""pose"": 10, ""object"": 10}, ""eff_fps"": {""pose"": 10, ""object"": 10}, ""latency_ms"": {""pose"": 0, ""object"": 0}, ""svclat_ms"": {""pose"": 21.11, ""object"": 27.36}}, ""b12"": {""services"": [""pose"", ""object""], ""fps"": {""pose"": 10, ""object"": 10}, ""eff_fps"": {""pose"": 10, ""object"": 10}, ""latency_ms"": {""pose"": 0, ""object"": 0}, ""svclat_ms"": {""pose"": 21.76, ""object"": 21.44}}, ""b13"": {""services"": [""pose"", ""object""], ""fps"": {""pose"": 10, ""object"": 10}, ""eff_fps"": {""pose"": 10, ""object"": 10}, ""latency_ms"": {""pose"": 0, ""object"": 0}, ""svclat_ms"": {""pose"": 21.26, ""object"": 22.24}}, ""b14"": {""services"": [""pose"", ""object""], ""fps"": {""pose"": 10, ""object"": 10}, ""eff_fps"": {""pose"": 10, ""object"": 10}, ""latency_ms"": {""pose"": 0, ""object"": 0}, ""svclat_ms"": {""pose"": 21.88, ""object"": 21.29}}, ""b15"": {""services"": [""pose"", ""object""], ""fps"": {""pose"": 10, ""object"": 10}, ""eff_fps"": {""pose"": 10, ""object"": 10}, ""latency_ms"": {""pose"": 0, ""object"": 0}, ""svclat_ms"": {""pose"": 27.58, ""object"": 27.47}}}"
252.7,12,12,1.0,0,0,6,4,4,1.0,332.0,240,0.723,0.0,0.33,0.0,10.0,0,10.1,10.0,0,10.1,0,0,0,33.73,0,32.45,201,"{""ip-172-31-0-204"": ""healthy"", ""ip-172-31-1-171"": ""healthy"", ""ip-172-31-10-12"": ""healthy"", ""ip-172-31-11-132"": ""healthy"", ""ip-172-31-13-134"": ""healthy"", ""ip-172-31-14-68"": ""healthy"", ""ip-172-31-40-239"": ""healthy""}",unsubscribe,9.2,0.3333,0,0,"{""ip-172-31-0-204"": {""object"": 1}, ""ip-172-31-11-132"": {""pose"": 1}, ""ip-172-31-10-12"": {""pose"": 1}, ""ip-172-31-1-171"": {""object"": 1}}","{""b6"": {""services"": [""pose"", ""object""], ""fps"": {""pose"": 10, ""object"": 10}, ""eff_fps"": {""pose"": 10, ""object"": 10}, ""latency_ms"": {""pose"": 0, ""object"": 0}, ""svclat_ms"": {""pose"": 22.7, ""object"": 41.81}}, ""b7"": {""services"": [""pose"", ""object""], ""fps"": {""pose"": 10, ""object"": 10}, ""eff_fps"": {""pose"": 10, ""object"": 10}, ""latency_ms"": {""pose"": 0, ""object"": 0}, ""svclat_ms"": {""pose"": 35.41, ""object"": 42.03}}, ""b8"": {""services"": [""pose"", ""object""], ""fps"": {""pose"": 10, ""object"": 10}, ""eff_fps"": {""pose"": 10, ""object"": 10}, ""latency_ms"": {""pose"": 0, ""object"": 0}, ""svclat_ms"": {""pose"": 34.39, ""object"": 44.44}}, ""b9"": {""services"": [""pose"", ""object""], ""fps"": {""pose"": 10, ""object"": 10}, ""eff_fps"": {""pose"": 10, ""object"": 10}, ""latency_ms"": {""pose"": 0, ""object"": 0}, ""svclat_ms"": {""pose"": 42.4, ""object"": 34.48}}, ""b10"": {""services"": [""pose"", ""object""], ""fps"": {""pose"": 10, ""object"": 11}, ""eff_fps"": {""pose"": 10, ""object"": 11}, ""latency_ms"": {""pose"": 0, ""object"": 0}, ""svclat_ms"": {""pose"": 28.96, ""object"": 27.75}}, ""b11"": {""services"": [""pose"", ""object""], ""fps"": {""pose"": 10, ""object"": 10}, ""eff_fps"": {""pose"": 10, ""object"": 10}, ""latency_ms"": {""pose"": 0, ""object"": 0}, ""svclat_ms"": {""pose"": 43.39, ""object"": 34.97}}, ""b12"": {""services"": [""pose"", ""object""], ""fps"": {""pose"": 10, ""object"": 10}, ""eff_fps"": {""pose"": 10, ""object"": 10}, ""latency_ms"": {""pose"": 0, ""object"": 0}, ""svclat_ms"": {""pose"": 40.68, ""object"": 34.66}}, ""b13"": {""services"": [""pose"", ""object""], ""fps"": {""pose"": 10, ""object"": 10}, ""eff_fps"": {""pose"": 10, ""object"": 10}, ""latency_ms"": {""pose"": 0, ""object"": 0}, ""svclat_ms"": {""pose"": 43.05, ""object"": 24.01}}, ""b14"": {""services"": [""pose"", ""object""], ""fps"": {""pose"": 10, ""object"": 10}, ""eff_fps"": {""pose"": 10, ""object"": 10}, ""latency_ms"": {""pose"": 0, ""object"": 0}, ""svclat_ms"": {""pose"": 20.68, ""object"": 19.73}}, ""b15"": {""services"": [""pose"", ""object""], ""fps"": {""pose"": 10, ""object"": 10}, ""eff_fps"": {""pose"": 10, ""object"": 10}, ""latency_ms"": {""pose"": 0, ""object"": 0}, ""svclat_ms"": {""pose"": 25.6, ""object"": 20.59}}}"
257.4,10,10,1.0,0,0,6,4,4,1.0,332.0,200,0.602,0.0,0.4,0.0,10.0,0,10.0,10.0,0,10.0,0,0,0,32.27,0,31.18,180,"{""ip-172-31-0-204"": ""healthy"", ""ip-172-31-1-171"": ""healthy"", ""ip-172-31-10-12"": ""healthy"", ""ip-172-31-11-132"": ""healthy"", ""ip-172-31-13-134"": ""healthy"", ""ip-172-31-14-68"": ""healthy"", ""ip-172-31-40-239"": ""healthy""}",unsubscribe,9.3,0.3333,0,0,"{""ip-172-31-0-204"": {""object"": 1}, ""ip-172-31-11-132"": {""pose"": 1}, ""ip-172-31-10-12"": {""pose"": 1}, ""ip-172-31-1-171"": {""object"": 1}}","{""b7"": {""services"": [""pose"", ""object""], ""fps"": {""pose"": 10, ""object"": 10}, ""eff_fps"": {""pose"": 10, ""object"": 10}, ""latency_ms"": {""pose"": 0, ""object"": 0}, ""svclat_ms"": {""pose"": 28.23, ""object"": 30.28}}, ""b8"": {""services"": [""pose"", ""object""], ""fps"": {""pose"": 10, ""object"": 10}, ""eff_fps"": {""pose"": 10, ""object"": 10}, ""latency_ms"": {""pose"": 0, ""object"": 0}, ""svclat_ms"": {""pose"": 39.99, ""object"": 43.61}}, ""b9"": {""services"": [""pose"", ""object""], ""fps"": {""pose"": 10, ""object"": 10}, ""eff_fps"": {""pose"": 10, ""object"": 10}, ""latency_ms"": {""pose"": 0, ""object"": 0}, ""svclat_ms"": {""pose"": 37.09, ""object"": 33.62}}, ""b10"": {""services"": [""pose"", ""object""], ""fps"": {""pose"": 10, ""object"": 10}, ""eff_fps"": {""pose"": 10, ""object"": 10}, ""latency_ms"": {""pose"": 0, ""object"": 0}, ""svclat_ms"": {""pose"": 22.01, ""object"": 26.77}}, ""b11"": {""services"": [""pose"", ""object""], ""fps"": {""pose"": 10, ""object"": 10}, ""eff_fps"": {""pose"": 10, ""object"": 10}, ""latency_ms"": {""pose"": 0, ""object"": 0}, ""svclat_ms"": {""pose"": 36.36, ""object"": 32.5}}, ""b12"": {""services"": [""pose"", ""object""], ""fps"": {""pose"": 10, ""object"": 10}, ""eff_fps"": {""pose"": 10, ""object"": 10}, ""latency_ms"": {""pose"": 0, ""object"": 0}, ""svclat_ms"": {""pose"": 35.22, ""object"": 34.95}}, ""b13"": {""services"": [""pose"", ""object""], ""fps"": {""pose"": 10, ""object"": 10}, ""eff_fps"": {""pose"": 10, ""object"": 10}, ""latency_ms"": {""pose"": 0, ""object"": 0}, ""svclat_ms"": {""pose"": 35.51, ""object"": 23.4}}, ""b14"": {""services"": [""pose"", ""object""], ""fps"": {""pose"": 10, ""object"": 10}, ""eff_fps"": {""pose"": 10, ""object"": 10}, ""latency_ms"": {""pose"": 0, ""object"": 0}, ""svclat_ms"": {""pose"": 35.47, ""object"": 34.8}}, ""b15"": {""services"": [""pose"", ""object""], ""fps"": {""pose"": 10, ""object"": 10}, ""eff_fps"": {""pose"": 10, ""object"": 10}, ""latency_ms"": {""pose"": 0, ""object"": 0}, ""svclat_ms"": {""pose"": 20.57, ""object"": 20.69}}}"
259.8,8,9,1.125,0,0,6,4,4,1.0,332.0,180,0.542,0.0,0.5,0.0,10.0,0,10.0,10.0,0,10.0,0,0,0,22.83,0,25.68,160,"{""ip-172-31-0-204"": ""healthy"", ""ip-172-31-1-171"": ""healthy"", ""ip-172-31-10-12"": ""healthy"", ""ip-172-31-11-132"": ""healthy"", ""ip-172-31-13-134"": ""healthy"", ""ip-172-31-14-68"": ""healthy"", ""ip-172-31-40-239"": ""healthy""}",unsubscribe,9.5,0.3333,0,0,"{""ip-172-31-0-204"": {""object"": 1}, ""ip-172-31-11-132"": {""pose"": 1}, ""ip-172-31-10-12"": {""pose"": 1}, ""ip-172-31-1-171"": {""object"": 1}}","{""b8"": {""services"": [""pose"", ""object""], ""fps"": {""pose"": 10, ""object"": 10}, ""eff_fps"": {""pose"": 10, ""object"": 10}, ""latency_ms"": {""pose"": 0, ""object"": 0}, ""svclat_ms"": {""pose"": 26.78, ""object"": 37.28}}, ""b9"": {""services"": [""pose"", ""object""], ""fps"": {""pose"": 10, ""object"": 10}, ""eff_fps"": {""pose"": 10, ""object"": 10}, ""latency_ms"": {""pose"": 0, ""object"": 0}, ""svclat_ms"": {""pose"": 22.33, ""object"": 21.55}}, ""b10"": {""services"": [""pose"", ""object""], ""fps"": {""pose"": 10, ""object"": 10}, ""eff_fps"": {""pose"": 10, ""object"": 10}, ""latency_ms"": {""pose"": 0, ""object"": 0}, ""svclat_ms"": {""pose"": 21.34, ""object"": 24.03}}, ""b11"": {""services"": [""pose"", ""object""], ""fps"": {""pose"": 10, ""object"": 10}, ""eff_fps"": {""pose"": 10, ""object"": 10}, ""latency_ms"": {""pose"": 0, ""object"": 0}, ""svclat_ms"": {""pose"": 23.27, ""object"": 33.14}}, ""b12"": {""services"": [""pose"", ""object""], ""fps"": {""pose"": 10, ""object"": 10}, ""eff_fps"": {""pose"": 10, ""object"": 10}, ""latency_ms"": {""pose"": 0, ""object"": 0}, ""svclat_ms"": {""pose"": 23.37, ""object"": 22.37}}, ""b13"": {""services"": [""pose"", ""object""], ""fps"": {""pose"": 10, ""object"": 10}, ""eff_fps"": {""pose"": 10, ""object"": 10}, ""latency_ms"": {""pose"": 0, ""object"": 0}, ""svclat_ms"": {""pose"": 22.33, ""object"": 22.71}}, ""b14"": {""services"": [""pose"", ""object""], ""fps"": {""pose"": 10, ""object"": 10}, ""eff_fps"": {""pose"": 10, ""object"": 10}, ""latency_ms"": {""pose"": 0, ""object"": 0}, ""svclat_ms"": {""pose"": 22.72, ""object"": 22.06}}, ""b15"": {""services"": [""pose"", ""object""], ""fps"": {""pose"": 10, ""object"": 10}, ""eff_fps"": {""pose"": 10, ""object"": 10}, ""latency_ms"": {""pose"": 0, ""object"": 0}, ""svclat_ms"": {""pose"": 20.52, ""object"": 22.28}}}"
262.2,8,9,1.125,0,0,6,4,4,1.0,332.0,180,0.542,0.0,0.5,0.0,10.0,0,10.0,10.0,0,10.0,0,0,0,23.3,0,25.99,160,"{""ip-172-31-0-204"": ""healthy"", ""ip-172-31-1-171"": ""healthy"", ""ip-172-31-10-12"": ""healthy"", ""ip-172-31-11-132"": ""healthy"", ""ip-172-31-13-134"": ""healthy"", ""ip-172-31-14-68"": ""healthy"", ""ip-172-31-40-239"": ""healthy""}",unsubscribe,9.5,0.3333,0,0,"{""ip-172-31-0-204"": {""object"": 1}, ""ip-172-31-11-132"": {""pose"": 1}, ""ip-172-31-10-12"": {""pose"": 1}, ""ip-172-31-1-171"": {""object"": 1}}","{""b8"": {""services"": [""pose"", ""object""], ""fps"": {""pose"": 10, ""object"": 10}, ""eff_fps"": {""pose"": 10, ""object"": 10}, ""latency_ms"": {""pose"": 0, ""object"": 0}, ""svclat_ms"": {""pose"": 27.69, ""object"": 39.74}}, ""b9"": {""services"": [""pose"", ""object""], ""fps"": {""pose"": 10, ""object"": 10}, ""eff_fps"": {""pose"": 10, ""object"": 10}, ""latency_ms"": {""pose"": 0, ""object"": 0}, ""svclat_ms"": {""pose"": 23.6, ""object"": 21.86}}, ""b10"": {""services"": [""pose"", ""object""], ""fps"": {""pose"": 10, ""object"": 10}, ""eff_fps"": {""pose"": 10, ""object"": 10}, ""latency_ms"": {""pose"": 0, ""object"": 0}, ""svclat_ms"": {""pose"": 21.3, ""object"": 24.32}}, ""b11"": {""services"": [""pose"", ""object""], ""fps"": {""pose"": 10, ""object"": 10}, ""eff_fps"": {""pose"": 10, ""object"": 10}, ""latency_ms"": {""pose"": 0, ""object"": 0}, ""svclat_ms"": {""pose"": 23.55, ""object"": 33.34}}, ""b12"": {""services"": [""pose"", ""object""], ""fps"": {""pose"": 10, ""object"": 10}, ""eff_fps"": {""pose"": 10, ""object"": 10}, ""latency_ms"": {""pose"": 0, ""object"": 0}, ""svclat_ms"": {""pose"": 23.45, ""object"": 22.69}}, ""b13"": {""services"": [""pose"", ""object""], ""fps"": {""pose"": 10, ""object"": 10}, ""eff_fps"": {""pose"": 10, ""object"": 10}, ""latency_ms"": {""pose"": 0, ""object"": 0}, ""svclat_ms"": {""pose"": 22.53, ""object"": 22.96}}, ""b14"": {""services"": [""pose"", ""object""], ""fps"": {""pose"": 10, ""object"": 10}, ""eff_fps"": {""pose"": 10, ""object"": 10}, ""latency_ms"": {""pose"": 0, ""object"": 0}, ""svclat_ms"": {""pose"": 23.96, ""object"": 21.96}}, ""b15"": {""services"": [""pose"", ""object""], ""fps"": {""pose"": 10, ""object"": 10}, ""eff_fps"": {""pose"": 10, ""object"": 10}, ""latency_ms"": {""pose"": 0, ""object"": 0}, ""svclat_ms"": {""pose"": 20.35, ""object"": 21.08}}}"
264.7,8,9,1.125,0,0,6,4,4,1.0,332.0,180,0.542,0.0,0.5,0.0,10.0,0,10.0,10.0,0,10.0,0,0,0,21.63,0,23.21,140,"{""ip-172-31-0-204"": ""healthy"", ""ip-172-31-1-171"": ""healthy"", ""ip-172-31-10-12"": ""healthy"", ""ip-172-31-11-132"": ""healthy"", ""ip-172-31-13-134"": ""healthy"", ""ip-172-31-14-68"": ""healthy"", ""ip-172-31-40-239"": ""healthy""}",unsubscribe,9.5,0.3333,0,0,"{""ip-172-31-0-204"": {""object"": 1}, ""ip-172-31-11-132"": {""pose"": 1}, ""ip-172-31-10-12"": {""pose"": 1}, ""ip-172-31-1-171"": {""object"": 1}}","{""b9"": {""services"": [""pose"", ""object""], ""fps"": {""pose"": 10, ""object"": 10}, ""eff_fps"": {""pose"": 10, ""object"": 10}, ""latency_ms"": {""pose"": 0, ""object"": 0}, ""svclat_ms"": {""pose"": 22.51, ""object"": 21.04}}, ""b10"": {""services"": [""pose"", ""object""], ""fps"": {""pose"": 10, ""object"": 10}, ""eff_fps"": {""pose"": 10, ""object"": 10}, ""latency_ms"": {""pose"": 0, ""object"": 0}, ""svclat_ms"": {""pose"": 21.22, ""object"": 23.99}}, ""b11"": {""services"": [""pose"", ""object""], ""fps"": {""pose"": 10, ""object"": 10}, ""eff_fps"": {""pose"": 10, ""object"": 10}, ""latency_ms"": {""pose"": 0, ""object"": 0}, ""svclat_ms"": {""pose"": 22.29, ""object"": 31.3}}, ""b12"": {""services"": [""pose"", ""object""], ""fps"": {""pose"": 10, ""object"": 10}, ""eff_fps"": {""pose"": 10, ""object"": 10}, ""latency_ms"": {""pose"": 0, ""object"": 0}, ""svclat_ms"": {""pose"": 21.6, ""object"": 21.67}}, ""b13"": {""services"": [""pose"", ""object""], ""fps"": {""pose"": 10, ""object"": 10}, ""eff_fps"": {""pose"": 10, ""object"": 10}, ""latency_ms"": {""pose"": 0, ""object"": 0}, ""svclat_ms"": {""pose"": 21.84, ""object"": 22.48}}, ""b14"": {""services"": [""pose"", ""object""], ""fps"": {""pose"": 10, ""object"": 10}, ""eff_fps"": {""pose"": 10, ""object"": 10}, ""latency_ms"": {""pose"": 0, ""object"": 0}, ""svclat_ms"": {""pose"": 21.42, ""object"": 20.89}}, ""b15"": {""services"": [""pose"", ""object""], ""fps"": {""pose"": 10, ""object"": 10}, ""eff_fps"": {""pose"": 10, ""object"": 10}, ""latency_ms"": {""pose"": 0, ""object"": 0}, ""svclat_ms"": {""pose"": 20.54, ""object"": 21.11}}}"
267.1,8,9,1.125,0,0,6,4,4,1.0,332.0,180,0.542,0.0,0.5,0.0,10.0,0,10.0,10.0,0,10.0,0,0,0,21.94,0,23.38,140,"{""ip-172-31-0-204"": ""healthy"", ""ip-172-31-1-171"": ""healthy"", ""ip-172-31-10-12"": ""healthy"", ""ip-172-31-11-132"": ""healthy"", ""ip-172-31-13-134"": ""healthy"", ""ip-172-31-14-68"": ""healthy"", ""ip-172-31-40-239"": ""healthy""}",unsubscribe,9.5,0.3333,0,0,"{""ip-172-31-0-204"": {""object"": 1}, ""ip-172-31-11-132"": {""pose"": 1}, ""ip-172-31-10-12"": {""pose"": 1}, ""ip-172-31-1-171"": {""object"": 1}}","{""b9"": {""services"": [""pose"", ""object""], ""fps"": {""pose"": 10, ""object"": 10}, ""eff_fps"": {""pose"": 10, ""object"": 10}, ""latency_ms"": {""pose"": 0, ""object"": 0}, ""svclat_ms"": {""pose"": 22.89, ""object"": 21.59}}, ""b10"": {""services"": [""pose"", ""object""], ""fps"": {""pose"": 10, ""object"": 10}, ""eff_fps"": {""pose"": 10, ""object"": 10}, ""latency_ms"": {""pose"": 0, ""object"": 0}, ""svclat_ms"": {""pose"": 20.9, ""object"": 25.42}}, ""b11"": {""services"": [""pose"", ""object""], ""fps"": {""pose"": 10, ""object"": 10}, ""eff_fps"": {""pose"": 10, ""object"": 10}, ""latency_ms"": {""pose"": 0, ""object"": 0}, ""svclat_ms"": {""pose"": 22.9, ""object"": 30.49}}, ""b12"": {""services"": [""pose"", ""object""], ""fps"": {""pose"": 10, ""object"": 10}, ""eff_fps"": {""pose"": 10, ""object"": 10}, ""latency_ms"": {""pose"": 0, ""object"": 0}, ""svclat_ms"": {""pose"": 22.36, ""object"": 21.47}}, ""b13"": {""services"": [""pose"", ""object""], ""fps"": {""pose"": 10, ""object"": 10}, ""eff_fps"": {""pose"": 10, ""object"": 10}, ""latency_ms"": {""pose"": 0, ""object"": 0}, ""svclat_ms"": {""pose"": 22.02, ""object"": 22.79}}, ""b14"": {""services"": [""pose"", ""object""], ""fps"": {""pose"": 10, ""object"": 10}, ""eff_fps"": {""pose"": 10, ""object"": 10}, ""latency_ms"": {""pose"": 0, ""object"": 0}, ""svclat_ms"": {""pose"": 22.17, ""object"": 21.35}}, ""b15"": {""services"": [""pose"", ""object""], ""fps"": {""pose"": 10, ""object"": 10}, ""eff_fps"": {""pose"": 10, ""object"": 10}, ""latency_ms"": {""pose"": 0, ""object"": 0}, ""svclat_ms"": {""pose"": 20.32, ""object"": 20.57}}}"
269.5,8,9,1.125,0,0,6,4,4,1.0,332.0,180,0.542,0.0,0.5,0.0,10.0,0,9.83,10.0,0,9.83,0,0,0,21.34,0,23.62,119,"{""ip-172-31-0-204"": ""healthy"", ""ip-172-31-1-171"": ""healthy"", ""ip-172-31-10-12"": ""healthy"", ""ip-172-31-11-132"": ""healthy"", ""ip-172-31-13-134"": ""healthy"", ""ip-172-31-14-68"": ""healthy"", ""ip-172-31-40-239"": ""healthy""}",unsubscribe,9.5,0.3333,0,0,"{""ip-172-31-0-204"": {""object"": 1}, ""ip-172-31-11-132"": {""pose"": 1}, ""ip-172-31-10-12"": {""pose"": 1}, ""ip-172-31-1-171"": {""object"": 1}}","{""b10"": {""services"": [""pose"", ""object""], ""fps"": {""pose"": 10, ""object"": 9}, ""eff_fps"": {""pose"": 10, ""object"": 9}, ""latency_ms"": {""pose"": 0, ""object"": 0}, ""svclat_ms"": {""pose"": 20.99, ""object"": 25.9}}, ""b11"": {""services"": [""pose"", ""object""], ""fps"": {""pose"": 10, ""object"": 10}, ""eff_fps"": {""pose"": 10, ""object"": 10}, ""latency_ms"": {""pose"": 0, ""object"": 0}, ""svclat_ms"": {""pose"": 21.99, ""object"": 30.24}}, ""b12"": {""services"": [""pose"", ""object""], ""fps"": {""pose"": 10, ""object"": 10}, ""eff_fps"": {""pose"": 10, ""object"": 10}, ""latency_ms"": {""pose"": 0, ""object"": 0}, ""svclat_ms"": {""pose"": 20.8, ""object"": 20.61}}, ""b13"": {""services"": [""pose"", ""object""], ""fps"": {""pose"": 10, ""object"": 10}, ""eff_fps"": {""pose"": 10, ""object"": 10}, ""latency_ms"": {""pose"": 0, ""object"": 0}, ""svclat_ms"": {""pose"": 22.56, ""object"": 23.4}}, ""b14"": {""services"": [""pose"", ""object""], ""fps"": {""pose"": 10, ""object"": 10}, ""eff_fps"": {""pose"": 10, ""object"": 10}, ""latency_ms"": {""pose"": 0, ""object"": 0}, ""svclat_ms"": {""pose"": 21.15, ""object"": 21.08}}, ""b15"": {""services"": [""pose"", ""object""], ""fps"": {""pose"": 10, ""object"": 10}, ""eff_fps"": {""pose"": 10, ""object"": 10}, ""latency_ms"": {""pose"": 0, ""object"": 0}, ""svclat_ms"": {""pose"": 20.54, ""object"": 20.49}}}"
272.0,8,9,1.125,0,0,6,4,4,1.0,332.0,180,0.542,0.0,0.5,0.0,9.67,0,10.0,8.5,0,10.0,0,0,0,61.36,0,28.32,118,"{""ip-172-31-0-204"": ""healthy"", ""ip-172-31-1-171"": ""healthy"", ""ip-172-31-10-12"": ""healthy"", ""ip-172-31-11-132"": ""healthy"", ""ip-172-31-13-134"": ""healthy"", ""ip-172-31-14-68"": ""healthy"", ""ip-172-31-40-239"": ""healthy""}",unsubscribe,9.5,0.3333,0,0,"{""ip-172-31-0-204"": {""object"": 1}, ""ip-172-31-11-132"": {""pose"": 1}, ""ip-172-31-10-12"": {""pose"": 1}, ""ip-172-31-1-171"": {""object"": 1}}","{""b10"": {""services"": [""pose"", ""object""], ""fps"": {""pose"": 11, ""object"": 10}, ""eff_fps"": {""pose"": 9, ""object"": 10}, ""latency_ms"": {""pose"": 0, ""object"": 0}, ""svclat_ms"": {""pose"": 72.37, ""object"": 35.68}}, ""b11"": {""services"": [""pose"", ""object""], ""fps"": {""pose"": 5, ""object"": 10}, ""eff_fps"": {""pose"": 2, ""object"": 10}, ""latency_ms"": {""pose"": 0, ""object"": 0}, ""svclat_ms"": {""pose"": 159.74, ""object"": 33.0}}, ""b12"": {""services"": [""pose"", ""object""], ""fps"": {""pose"": 11, ""object"": 10}, ""eff_fps"": {""pose"": 11, ""object"": 10}, ""latency_ms"": {""pose"": 0, ""object"": 0}, ""svclat_ms"": {""pose"": 30.55, ""object"": 21.24}}, ""b13"": {""services"": [""pose"", ""object""], ""fps"": {""pose"": 11, ""object"": 10}, ""eff_fps"": {""pose"": 11, ""object"": 10}, ""latency_ms"": {""pose"": 0, ""object"": 0}, ""svclat_ms"": {""pose"": 28.64, ""object"": 22.72}}, ""b14"": {""services"": [""pose"", ""object""], ""fps"": {""pose"": 10, ""object"": 10}, ""eff_fps"": {""pose"": 8, ""object"": 10}, ""latency_ms"": {""pose"": 0, ""object"": 0}, ""svclat_ms"": {""pose"": 52.72, ""object"": 21.72}}, ""b15"": {""services"": [""pose"", ""object""], ""fps"": {""pose"": 10, ""object"": 10}, ""eff_fps"": {""pose"": 10, ""object"": 10}, ""latency_ms"": {""pose"": 0, ""object"": 0}, ""svclat_ms"": {""pose"": 24.16, ""object"": 35.56}}}"
276.9,6,8,1.333,1,3,10,2,2,1.0,166.0,160,0.964,0.0,0.33,0.0,10.0,0,10.0,10.0,0,10.0,0,0,0,22.21,0,28.42,120,"{""ip-172-31-0-204"": ""healthy"", ""ip-172-31-1-171"": ""healthy"", ""ip-172-31-10-12"": ""healthy"", ""ip-172-31-11-132"": ""healthy"", ""ip-172-31-13-134"": ""healthy"", ""ip-172-31-14-68"": ""healthy"", ""ip-172-31-40-239"": ""healthy""}",unsubscribe,9.2,0.3333,0,0,"{""ip-172-31-0-204"": {""object"": 1}, ""ip-172-31-1-171"": {""pose"": 1}}","{""b10"": {""services"": [""pose"", ""object""], ""fps"": {""pose"": 10, ""object"": 10}, ""eff_fps"": {""pose"": 10, ""object"": 10}, ""latency_ms"": {""pose"": 0, ""object"": 0}, ""svclat_ms"": {""pose"": 21.72, ""object"": 40.13}}, ""b11"": {""services"": [""pose"", ""object""], ""fps"": {""pose"": 10, ""object"": 10}, ""eff_fps"": {""pose"": 10, ""object"": 10}, ""latency_ms"": {""pose"": 0, ""object"": 0}, ""svclat_ms"": {""pose"": 22.73, ""object"": 32.79}}, ""b12"": {""services"": [""pose"", ""object""], ""fps"": {""pose"": 10, ""object"": 10}, ""eff_fps"": {""pose"": 10, ""object"": 10}, ""latency_ms"": {""pose"": 0, ""object"": 0}, ""svclat_ms"": {""pose"": 23.25, ""object"": 21.34}}, ""b13"": {""services"": [""pose"", ""object""], ""fps"": {""pose"": 10, ""object"": 10}, ""eff_fps"": {""pose"": 10, ""object"": 10}, ""latency_ms"": {""pose"": 0, ""object"": 0}, ""svclat_ms"": {""pose"": 21.7, ""object"": 23.22}}, ""b14"": {""services"": [""pose"", ""object""], ""fps"": {""pose"": 10, ""object"": 10}, ""eff_fps"": {""pose"": 10, ""object"": 10}, ""latency_ms"": {""pose"": 0, ""object"": 0}, ""svclat_ms"": {""pose"": 22.55, ""object"": 21.67}}, ""b15"": {""services"": [""pose"", ""object""], ""fps"": {""pose"": 10, ""object"": 10}, ""eff_fps"": {""pose"": 10, ""object"": 10}, ""latency_ms"": {""pose"": 0, ""object"": 0}, ""svclat_ms"": {""pose"": 21.33, ""object"": 31.38}}}"
280.4,6,6,1.0,0,0,10,2,2,1.0,166.0,120,0.723,0.0,0.33,0.0,10.0,0,10.0,10.0,0,10.0,0,0,0,22.32,0,27.64,120,"{""ip-172-31-0-204"": ""healthy"", ""ip-172-31-1-171"": ""healthy"", ""ip-172-31-10-12"": ""healthy"", ""ip-172-31-11-132"": ""healthy"", ""ip-172-31-13-134"": ""healthy"", ""ip-172-31-14-68"": ""healthy"", ""ip-172-31-40-239"": ""healthy""}",unsubscribe,9.1,0.3333,0,0,"{""ip-172-31-0-204"": {""object"": 1}, ""ip-172-31-1-171"": {""pose"": 1}}","{""b10"": {""services"": [""pose"", ""object""], ""fps"": {""pose"": 10, ""object"": 10}, ""eff_fps"": {""pose"": 10, ""object"": 10}, ""latency_ms"": {""pose"": 0, ""object"": 0}, ""svclat_ms"": {""pose"": 21.91, ""object"": 36.2}}, ""b11"": {""services"": [""pose"", ""object""], ""fps"": {""pose"": 10, ""object"": 10}, ""eff_fps"": {""pose"": 10, ""object"": 10}, ""latency_ms"": {""pose"": 0, ""object"": 0}, ""svclat_ms"": {""pose"": 23.02, ""object"": 33.01}}, ""b12"": {""services"": [""pose"", ""object""], ""fps"": {""pose"": 10, ""object"": 10}, ""eff_fps"": {""pose"": 10, ""object"": 10}, ""latency_ms"": {""pose"": 0, ""object"": 0}, ""svclat_ms"": {""pose"": 23.52, ""object"": 21.03}}, ""b13"": {""services"": [""pose"", ""object""], ""fps"": {""pose"": 10, ""object"": 10}, ""eff_fps"": {""pose"": 10, ""object"": 10}, ""latency_ms"": {""pose"": 0, ""object"": 0}, ""svclat_ms"": {""pose"": 22.24, ""object"": 22.7}}, ""b14"": {""services"": [""pose"", ""object""], ""fps"": {""pose"": 10, ""object"": 10}, ""eff_fps"": {""pose"": 10, ""object"": 10}, ""latency_ms"": {""pose"": 0, ""object"": 0}, ""svclat_ms"": {""pose"": 21.44, ""object"": 21.24}}, ""b15"": {""services"": [""pose"", ""object""], ""fps"": {""pose"": 10, ""object"": 10}, ""eff_fps"": {""pose"": 10, ""object"": 10}, ""latency_ms"": {""pose"": 0, ""object"": 0}, ""svclat_ms"": {""pose"": 21.78, ""object"": 31.69}}}"
283.9,5,5,1.0,0,0,10,2,2,1.0,166.0,100,0.602,0.0,0.4,0.0,10.0,0,10.0,10.0,0,10.0,0,0,0,21.5,0,24.05,100,"{""ip-172-31-0-204"": ""healthy"", ""ip-172-31-1-171"": ""healthy"", ""ip-172-31-10-12"": ""healthy"", ""ip-172-31-11-132"": ""healthy"", ""ip-172-31-13-134"": ""healthy"", ""ip-172-31-14-68"": ""healthy"", ""ip-172-31-40-239"": ""healthy""}",unsubscribe,9.0,0.3333,0,0,"{""ip-172-31-0-204"": {""object"": 1}, ""ip-172-31-1-171"": {""pose"": 1}}","{""b11"": {""services"": [""pose"", ""object""], ""fps"": {""pose"": 10, ""object"": 10}, ""eff_fps"": {""pose"": 10, ""object"": 10}, ""latency_ms"": {""pose"": 0, ""object"": 0}, ""svclat_ms"": {""pose"": 22.12, ""object"": 31.3}}, ""b12"": {""services"": [""pose"", ""object""], ""fps"": {""pose"": 10, ""object"": 10}, ""eff_fps"": {""pose"": 10, ""object"": 10}, ""latency_ms"": {""pose"": 0, ""object"": 0}, ""svclat_ms"": {""pose"": 22.4, ""object"": 20.69}}, ""b13"": {""services"": [""pose"", ""object""], ""fps"": {""pose"": 10, ""object"": 10}, ""eff_fps"": {""pose"": 10, ""object"": 10}, ""latency_ms"": {""pose"": 0, ""object"": 0}, ""svclat_ms"": {""pose"": 20.92, ""object"": 22.53}}, ""b14"": {""services"": [""pose"", ""object""], ""fps"": {""pose"": 10, ""object"": 10}, ""eff_fps"": {""pose"": 10, ""object"": 10}, ""latency_ms"": {""pose"": 0, ""object"": 0}, ""svclat_ms"": {""pose"": 21.41, ""object"": 20.97}}, ""b15"": {""services"": [""pose"", ""object""], ""fps"": {""pose"": 10, ""object"": 10}, ""eff_fps"": {""pose"": 10, ""object"": 10}, ""latency_ms"": {""pose"": 0, ""object"": 0}, ""svclat_ms"": {""pose"": 20.63, ""object"": 24.75}}}"
286.3,5,5,1.0,0,0,10,2,2,1.0,166.0,100,0.602,0.0,0.4,0.0,10.0,0,10.0,10.0,0,10.0,0,0,0,20.47,0,22.66,60,"{""ip-172-31-0-204"": ""healthy"", ""ip-172-31-1-171"": ""healthy"", ""ip-172-31-10-12"": ""healthy"", ""ip-172-31-11-132"": ""healthy"", ""ip-172-31-13-134"": ""healthy"", ""ip-172-31-14-68"": ""healthy"", ""ip-172-31-40-239"": ""healthy""}",unsubscribe,9.0,0.3333,0,0,"{""ip-172-31-0-204"": {""object"": 1}, ""ip-172-31-1-171"": {""pose"": 1}}","{""b13"": {""services"": [""pose"", ""object""], ""fps"": {""pose"": 10, ""object"": 10}, ""eff_fps"": {""pose"": 10, ""object"": 10}, ""latency_ms"": {""pose"": 0, ""object"": 0}, ""svclat_ms"": {""pose"": 20.67, ""object"": 22.68}}, ""b14"": {""services"": [""pose"", ""object""], ""fps"": {""pose"": 10, ""object"": 10}, ""eff_fps"": {""pose"": 10, ""object"": 10}, ""latency_ms"": {""pose"": 0, ""object"": 0}, ""svclat_ms"": {""pose"": 20.35, ""object"": 20.52}}, ""b15"": {""services"": [""pose"", ""object""], ""fps"": {""pose"": 10, ""object"": 10}, ""eff_fps"": {""pose"": 10, ""object"": 10}, ""latency_ms"": {""pose"": 0, ""object"": 0}, ""svclat_ms"": {""pose"": 20.39, ""object"": 24.78}}}"
290.8,3,4,1.333,0,0,10,2,2,1.0,166.0,80,0.482,0.0,0.67,0.0,10.0,0,10.0,10.0,0,10.0,0,0,0,20.12,0,20.21,40,"{""ip-172-31-0-204"": ""healthy"", ""ip-172-31-1-171"": ""healthy"", ""ip-172-31-10-12"": ""healthy"", ""ip-172-31-11-132"": ""healthy"", ""ip-172-31-13-134"": ""healthy"", ""ip-172-31-14-68"": ""healthy"", ""ip-172-31-40-239"": ""healthy""}",unsubscribe,8.7,0.3333,0,0,"{""ip-172-31-0-204"": {""object"": 1}, ""ip-172-31-1-171"": {""pose"": 1}}","{""b14"": {""services"": [""pose"", ""object""], ""fps"": {""pose"": 10, ""object"": 10}, ""eff_fps"": {""pose"": 10, ""object"": 10}, ""latency_ms"": {""pose"": 0, ""object"": 0}, ""svclat_ms"": {""pose"": 19.77, ""object"": 19.92}}, ""b15"": {""services"": [""pose"", ""object""], ""fps"": {""pose"": 10, ""object"": 10}, ""eff_fps"": {""pose"": 10, ""object"": 10}, ""latency_ms"": {""pose"": 0, ""object"": 0}, ""svclat_ms"": {""pose"": 20.46, ""object"": 20.5}}}"
294.8,2,3,1.5,0,0,10,2,2,1.0,166.0,60,0.361,0.0,1.0,0.0,10.0,0,10.0,10.0,0,10.0,0,0,0,20.74,0,20.5,20,"{""ip-172-31-0-204"": ""healthy"", ""ip-172-31-1-171"": ""healthy"", ""ip-172-31-10-12"": ""healthy"", ""ip-172-31-11-132"": ""healthy"", ""ip-172-31-13-134"": ""healthy"", ""ip-172-31-14-68"": ""healthy"", ""ip-172-31-40-239"": ""healthy""}",unsubscribe,9.8,0.3333,0,0,"{""ip-172-31-0-204"": {""object"": 1}, ""ip-172-31-1-171"": {""pose"": 1}}","{""b15"": {""services"": [""pose"", ""object""], ""fps"": {""pose"": 10, ""object"": 10}, ""eff_fps"": {""pose"": 10, ""object"": 10}, ""latency_ms"": {""pose"": 0, ""object"": 0}, ""svclat_ms"": {""pose"": 20.74, ""object"": 20.5}}}"
300.0,1,2,2.0,0,0,10,2,2,1.0,166.0,40,0.241,0.0,2.0,0.0,0,0,0,0,0,0,0,0,0,0,0,0,0,"{""ip-172-31-0-204"": ""healthy"", ""ip-172-31-1-171"": ""healthy"", ""ip-172-31-10-12"": ""healthy"", ""ip-172-31-11-132"": ""healthy"", ""ip-172-31-13-134"": ""healthy"", ""ip-172-31-14-68"": ""healthy"", ""ip-172-31-40-239"": ""healthy""}",unsubscribe,8.8,0.3333,0,0,"{""ip-172-31-0-204"": {""object"": 1}, ""ip-172-31-1-171"": {""pose"": 1}}","{""e1"": {""services"": [""gesture"", ""object""], ""fps"": {""gesture"": 0, ""object"": 0}, ""eff_fps"": {""gesture"": 0, ""object"": 0}, ""latency_ms"": {""gesture"": 0, ""object"": 0}, ""svclat_ms"": {""gesture"": 0.0, ""object"": 0.0}}}"
303.5,0,0,0,0,0,10,2,0,0.0,166.0,0,0.0,0.0,0,0.0,0,0,0,0,0,0,0,0,0,0,0,0,0,"{""ip-172-31-0-204"": ""healthy"", ""ip-172-31-1-171"": ""healthy"", ""ip-172-31-10-12"": ""healthy"", ""ip-172-31-11-132"": ""healthy"", ""ip-172-31-13-134"": ""healthy"", ""ip-172-31-14-68"": ""healthy"", ""ip-172-31-40-239"": ""healthy""}",unsubscribe,0.1,0.0,0,0,"{""ip-172-31-0-204"": {""object"": 1}, ""ip-172-31-1-171"": {""pose"": 1}}","{""e1"": {""services"": [""gesture"", ""object""], ""fps"": {""gesture"": 0, ""object"": 0}, ""eff_fps"": {""gesture"": 0, ""object"": 0}, ""latency_ms"": {""gesture"": 0, ""object"": 0}, ""svclat_ms"": {""gesture"": 0.0, ""object"": 0.0}}}"
305.9,1,0,0.0,0,0,10,2,0,0.0,166.0,0,0.0,0.0,0,0.0,0,0,0,0,0,0,0,0,0,0,0,0,0,"{""ip-172-31-0-204"": ""healthy"", ""ip-172-31-1-171"": ""healthy"", ""ip-172-31-10-12"": ""healthy"", ""ip-172-31-11-132"": ""healthy"", ""ip-172-31-13-134"": ""healthy"", ""ip-172-31-14-68"": ""healthy"", ""ip-172-31-40-239"": ""healthy""}",unsubscribe,0.1,0.0,0,0,"{""ip-172-31-0-204"": {""object"": 1}, ""ip-172-31-1-171"": {""pose"": 1}}","{""e1"": {""services"": [""gesture"", ""object""], ""fps"": {""gesture"": 0, ""object"": 0}, ""eff_fps"": {""gesture"": 0, ""object"": 0}, ""latency_ms"": {""gesture"": 0, ""object"": 0}, ""svclat_ms"": {""gesture"": 0.0, ""object"": 0.0}}, ""e2"": {""services"": [""gesture"", ""object""], ""fps"": {""gesture"": 0, ""object"": 0}, ""eff_fps"": {""gesture"": 0, ""object"": 0}, ""latency_ms"": {""gesture"": 0, ""object"": 0}, ""svclat_ms"": {""gesture"": 0.0, ""object"": 0.0}}}"
308.3,1,0,0.0,0,0,10,2,0,0.0,166.0,0,0.0,0.0,0,0.0,0,0,0,0,0,0,0,0,0,0,0,0,0,"{""ip-172-31-0-204"": ""healthy"", ""ip-172-31-1-171"": ""healthy"", ""ip-172-31-10-12"": ""healthy"", ""ip-172-31-11-132"": ""healthy"", ""ip-172-31-13-134"": ""healthy"", ""ip-172-31-14-68"": ""healthy"", ""ip-172-31-40-239"": ""healthy""}",unsubscribe,0.1,0.0,0,0,"{""ip-172-31-0-204"": {""object"": 1}, ""ip-172-31-1-171"": {""pose"": 1}}","{""e1"": {""services"": [""gesture"", ""object""], ""fps"": {""gesture"": 0, ""object"": 0}, ""eff_fps"": {""gesture"": 0, ""object"": 0}, ""latency_ms"": {""gesture"": 0, ""object"": 0}, ""svclat_ms"": {""gesture"": 0.0, ""object"": 0.0}}, ""e2"": {""services"": [""gesture"", ""object""], ""fps"": {""gesture"": 0, ""object"": 0}, ""eff_fps"": {""gesture"": 0, ""object"": 0}, ""latency_ms"": {""gesture"": 0, ""object"": 0}, ""svclat_ms"": {""gesture"": 0.0, ""object"": 0.0}}}"
313.6,2,1,0.5,1,1,12,2,2,1.0,195.0,20,0.103,0.0,2.0,0.0,0,10.0,10.0,0,10.0,10.0,0,0,0,0,14.63,20.4,40,"{""ip-172-31-0-204"": ""healthy"", ""ip-172-31-1-171"": ""healthy"", ""ip-172-31-10-12"": ""healthy"", ""ip-172-31-11-132"": ""healthy"", ""ip-172-31-13-134"": ""healthy"", ""ip-172-31-14-68"": ""healthy"", ""ip-172-31-40-239"": ""healthy""}",subscribe,9.4,0.3333,0,0,"{""ip-172-31-0-204"": {""object"": 1}, ""ip-172-31-1-171"": {""gesture"": 1}}","{""e1"": {""services"": [""gesture"", ""object""], ""fps"": {""gesture"": 10, ""object"": 10}, ""eff_fps"": {""gesture"": 10, ""object"": 10}, ""latency_ms"": {""gesture"": 0, ""object"": 0}, ""svclat_ms"": {""gesture"": 14.25, ""object"": 20.19}}, ""e2"": {""services"": [""gesture"", ""object""], ""fps"": {""gesture"": 10, ""object"": 10}, ""eff_fps"": {""gesture"": 10, ""object"": 10}, ""latency_ms"": {""gesture"": 0, ""object"": 0}, ""svclat_ms"": {""gesture"": 15.01, ""object"": 20.61}}, ""e3"": {""services"": [""gesture"", ""object""], ""fps"": {""gesture"": 0, ""object"": 0}, ""eff_fps"": {""gesture"": 0, ""object"": 0}, ""latency_ms"": {""gesture"": 0, ""object"": 0}, ""svclat_ms"": {""gesture"": 0.0, ""object"": 0.0}}}"
317.1,3,3,1.0,0,0,12,2,2,1.0,195.0,60,0.308,0.0,0.67,0.0,0,10.0,10.0,0,10.0,10.0,0,0,0,0,15.78,23.1,60,"{""ip-172-31-0-204"": ""healthy"", ""ip-172-31-1-171"": ""healthy"", ""ip-172-31-10-12"": ""healthy"", ""ip-172-31-11-132"": ""healthy"", ""ip-172-31-13-134"": ""healthy"", ""ip-172-31-14-68"": ""healthy"", ""ip-172-31-40-239"": ""healthy""}",subscribe,9.3,0.3333,0,0,"{""ip-172-31-0-204"": {""object"": 1}, ""ip-172-31-1-171"": {""gesture"": 1}}","{""e1"": {""services"": [""gesture"", ""object""], ""fps"": {""gesture"": 10, ""object"": 10}, ""eff_fps"": {""gesture"": 10, ""object"": 10}, ""latency_ms"": {""gesture"": 0, ""object"": 0}, ""svclat_ms"": {""gesture"": 14.99, ""object"": 21.08}}, ""e2"": {""services"": [""gesture"", ""object""], ""fps"": {""gesture"": 10, ""object"": 10}, ""eff_fps"": {""gesture"": 10, ""object"": 10}, ""latency_ms"": {""gesture"": 0, ""object"": 0}, ""svclat_ms"": {""gesture"": 15.05, ""object"": 20.59}}, ""e3"": {""services"": [""gesture"", ""object""], ""fps"": {""gesture"": 10, ""object"": 10}, ""eff_fps"": {""gesture"": 10, ""object"": 10}, ""latency_ms"": {""gesture"": 0, ""object"": 0}, ""svclat_ms"": {""gesture"": 17.31, ""object"": 27.64}}, ""e4"": {""services"": [""gesture"", ""object""], ""fps"": {""gesture"": 0, ""object"": 0}, ""eff_fps"": {""gesture"": 0, ""object"": 0}, ""latency_ms"": {""gesture"": 0, ""object"": 0}, ""svclat_ms"": {""gesture"": 0.0, ""object"": 0.0}}}"
321.0,4,4,1.0,0,0,12,2,2,1.0,195.0,80,0.41,0.0,0.5,0.0,0,10.0,10.0,0,10.0,10.0,0,0,0,0,15.69,22.57,80,"{""ip-172-31-0-204"": ""healthy"", ""ip-172-31-1-171"": ""healthy"", ""ip-172-31-10-12"": ""healthy"", ""ip-172-31-11-132"": ""healthy"", ""ip-172-31-13-134"": ""healthy"", ""ip-172-31-14-68"": ""healthy"", ""ip-172-31-40-239"": ""healthy""}",subscribe,9.2,0.3333,0,0,"{""ip-172-31-0-204"": {""object"": 1}, ""ip-172-31-1-171"": {""gesture"": 1}}","{""e1"": {""services"": [""gesture"", ""object""], ""fps"": {""gesture"": 10, ""object"": 10}, ""eff_fps"": {""gesture"": 10, ""object"": 10}, ""latency_ms"": {""gesture"": 0, ""object"": 0}, ""svclat_ms"": {""gesture"": 15.16, ""object"": 20.55}}, ""e2"": {""services"": [""gesture"", ""object""], ""fps"": {""gesture"": 10, ""object"": 10}, ""eff_fps"": {""gesture"": 10, ""object"": 10}, ""latency_ms"": {""gesture"": 0, ""object"": 0}, ""svclat_ms"": {""gesture"": 14.9, ""object"": 21.48}}, ""e3"": {""services"": [""gesture"", ""object""], ""fps"": {""gesture"": 10, ""object"": 10}, ""eff_fps"": {""gesture"": 10, ""object"": 10}, ""latency_ms"": {""gesture"": 0, ""object"": 0}, ""svclat_ms"": {""gesture"": 17.67, ""object"": 27.39}}, ""e4"": {""services"": [""gesture"", ""object""], ""fps"": {""gesture"": 10, ""object"": 10}, ""eff_fps"": {""gesture"": 10, ""object"": 10}, ""latency_ms"": {""gesture"": 0, ""object"": 0}, ""svclat_ms"": {""gesture"": 15.03, ""object"": 20.87}}, ""e5"": {""services"": [""gesture"", ""object""], ""fps"": {""gesture"": 0, ""object"": 0}, ""eff_fps"": {""gesture"": 0, ""object"": 0}, ""latency_ms"": {""gesture"": 0, ""object"": 0}, ""svclat_ms"": {""gesture"": 0.0, ""object"": 0.0}}}"
324.6,4,4,1.0,0,0,12,2,2,1.0,195.0,80,0.41,0.0,0.5,0.0,0,10.0,10.0,0,10.0,10.0,0,0,0,0,16.75,24.41,100,"{""ip-172-31-0-204"": ""healthy"", ""ip-172-31-1-171"": ""healthy"", ""ip-172-31-10-12"": ""healthy"", ""ip-172-31-11-132"": ""healthy"", ""ip-172-31-13-134"": ""healthy"", ""ip-172-31-14-68"": ""healthy"", ""ip-172-31-40-239"": ""healthy""}",subscribe,9.2,0.3333,0,0,"{""ip-172-31-0-204"": {""object"": 1}, ""ip-172-31-1-171"": {""gesture"": 1}}","{""e1"": {""services"": [""gesture"", ""object""], ""fps"": {""gesture"": 10, ""object"": 10}, ""eff_fps"": {""gesture"": 10, ""object"": 10}, ""latency_ms"": {""gesture"": 0, ""object"": 0}, ""svclat_ms"": {""gesture"": 15.81, ""object"": 21.26}}, ""e2"": {""services"": [""gesture"", ""object""], ""fps"": {""gesture"": 10, ""object"": 10}, ""eff_fps"": {""gesture"": 10, ""object"": 10}, ""latency_ms"": {""gesture"": 0, ""object"": 0}, ""svclat_ms"": {""gesture"": 15.14, ""object"": 21.79}}, ""e3"": {""services"": [""gesture"", ""object""], ""fps"": {""gesture"": 10, ""object"": 10}, ""eff_fps"": {""gesture"": 10, ""object"": 10}, ""latency_ms"": {""gesture"": 0, ""object"": 0}, ""svclat_ms"": {""gesture"": 19.76, ""object"": 28.68}}, ""e4"": {""services"": [""gesture"", ""object""], ""fps"": {""gesture"": 10, ""object"": 10}, ""eff_fps"": {""gesture"": 10, ""object"": 10}, ""latency_ms"": {""gesture"": 0, ""object"": 0}, ""svclat_ms"": {""gesture"": 15.31, ""object"": 21.35}}, ""e5"": {""services"": [""gesture"", ""object""], ""fps"": {""gesture"": 10, ""object"": 10}, ""eff_fps"": {""gesture"": 10, ""object"": 10}, ""latency_ms"": {""gesture"": 0, ""object"": 0}, ""svclat_ms"": {""gesture"": 17.71, ""object"": 28.99}}}"
327.1,5,5,1.0,0,0,12,2,2,1.0,195.0,100,0.513,0.0,0.4,0.0,0,10.0,10.0,0,10.0,10.0,0,0,0,0,16.1,24.5,100,"{""ip-172-31-0-204"": ""healthy"", ""ip-172-31-1-171"": ""healthy"", ""ip-172-31-10-12"": ""healthy"", ""ip-172-31-11-132"": ""healthy"", ""ip-172-31-13-134"": ""healthy"", ""ip-172-31-14-68"": ""healthy"", ""ip-172-31-40-239"": ""healthy""}",subscribe,8.7,0.3333,0,0,"{""ip-172-31-0-204"": {""object"": 1}, ""ip-172-31-1-171"": {""gesture"": 1}}","{""e1"": {""services"": [""gesture"", ""object""], ""fps"": {""gesture"": 10, ""object"": 10}, ""eff_fps"": {""gesture"": 10, ""object"": 10}, ""latency_ms"": {""gesture"": 0, ""object"": 0}, ""svclat_ms"": {""gesture"": 15.07, ""object"": 21.8}}, ""e2"": {""services"": [""gesture"", ""object""], ""fps"": {""gesture"": 10, ""object"": 10}, ""eff_fps"": {""gesture"": 10, ""object"": 10}, ""latency_ms"": {""gesture"": 0, ""object"": 0}, ""svclat_ms"": {""gesture"": 14.91, ""object"": 21.86}}, ""e3"": {""services"": [""gesture"", ""object""], ""fps"": {""gesture"": 10, ""object"": 10}, ""eff_fps"": {""gesture"": 10, ""object"": 10}, ""latency_ms"": {""gesture"": 0, ""object"": 0}, ""svclat_ms"": {""gesture"": 18.79, ""object"": 28.85}}, ""e4"": {""services"": [""gesture"", ""object""], ""fps"": {""gesture"": 10, ""object"": 10}, ""eff_fps"": {""gesture"": 10, ""object"": 10}, ""latency_ms"": {""gesture"": 0, ""object"": 0}, ""svclat_ms"": {""gesture"": 14.96, ""object"": 20.97}}, ""e5"": {""services"": [""gesture"", ""object""], ""fps"": {""gesture"": 10, ""object"": 10}, ""eff_fps"": {""gesture"": 10, ""object"": 10}, ""latency_ms"": {""gesture"": 0, ""object"": 0}, ""svclat_ms"": {""gesture"": 16.77, ""object"": 29.04}}, ""e6"": {""services"": [""gesture"", ""object""], ""fps"": {""gesture"": 0, ""object"": 0}, ""eff_fps"": {""gesture"": 0, ""object"": 0}, ""latency_ms"": {""gesture"": 0, ""object"": 0}, ""svclat_ms"": {""gesture"": 0.0, ""object"": 0.0}}}"
331.0,6,6,1.0,0,0,12,2,2,1.0,195.0,120,0.615,0.0,0.33,0.0,0,10.0,10.0,0,10.0,10.0,0,0,0,0,17.46,27.03,120,"{""ip-172-31-0-204"": ""healthy"", ""ip-172-31-1-171"": ""healthy"", ""ip-172-31-10-12"": ""healthy"", ""ip-172-31-11-132"": ""healthy"", ""ip-172-31-13-134"": ""healthy"", ""ip-172-31-14-68"": ""healthy"", ""ip-172-31-40-239"": ""healthy""}",subscribe,8.8,0.3333,0,0,"{""ip-172-31-0-204"": {""object"": 1}, ""ip-172-31-1-171"": {""gesture"": 1}}","{""e1"": {""services"": [""gesture"", ""object""], ""fps"": {""gesture"": 10, ""object"": 10}, ""eff_fps"": {""gesture"": 10, ""object"": 10}, ""latency_ms"": {""gesture"": 0, ""object"": 0}, ""svclat_ms"": {""gesture"": 15.69, ""object"": 22.01}}, ""e2"": {""services"": [""gesture"", ""object""], ""fps"": {""gesture"": 10, ""object"": 10}, ""eff_fps"": {""gesture"": 10, ""object"": 10}, ""latency_ms"": {""gesture"": 0, ""object"": 0}, ""svclat_ms"": {""gesture"": 17.0, ""object"": 23.29}}, ""e3"": {""services"": [""gesture"", ""object""], ""fps"": {""gesture"": 10, ""object"": 10}, ""eff_fps"": {""gesture"": 10, ""object"": 10}, ""latency_ms"": {""gesture"": 0, ""object"": 0}, ""svclat_ms"": {""gesture"": 19.05, ""object"": 29.28}}, ""e4"": {""services"": [""gesture"", ""object""], ""fps"": {""gesture"": 10, ""object"": 10}, ""eff_fps"": {""gesture"": 10, ""object"": 10}, ""latency_ms"": {""gesture"": 0, ""object"": 0}, ""svclat_ms"": {""gesture"": 20.53, ""object"": 31.75}}, ""e5"": {""services"": [""gesture"", ""object""], ""fps"": {""gesture"": 10, ""object"": 10}, ""eff_fps"": {""gesture"": 10, ""object"": 10}, ""latency_ms"": {""gesture"": 0, ""object"": 0}, ""svclat_ms"": {""gesture"": 16.85, ""object"": 29.55}}, ""e6"": {""services"": [""gesture"", ""object""], ""fps"": {""gesture"": 10, ""object"": 10}, ""eff_fps"": {""gesture"": 10, ""object"": 10}, ""latency_ms"": {""gesture"": 0, ""object"": 0}, ""svclat_ms"": {""gesture"": 15.61, ""object"": 26.29}}, ""e7"": {""services"": [""gesture"", ""object""], ""fps"": {""gesture"": 0, ""object"": 0}, ""eff_fps"": {""gesture"": 0, ""object"": 0}, ""latency_ms"": {""gesture"": 0, ""object"": 0}, ""svclat_ms"": {""gesture"": 0.0, ""object"": 0.0}}}"
334.7,6,6,1.0,0,0,12,2,2,1.0,195.0,120,0.615,0.0,0.33,0.0,0,10.0,10.0,0,10.0,10.0,0,0,0,0,19.87,29.97,140,"{""ip-172-31-0-204"": ""healthy"", ""ip-172-31-1-171"": ""healthy"", ""ip-172-31-10-12"": ""healthy"", ""ip-172-31-11-132"": ""healthy"", ""ip-172-31-13-134"": ""healthy"", ""ip-172-31-14-68"": ""healthy"", ""ip-172-31-40-239"": ""healthy""}",subscribe,8.8,0.3333,0,0,"{""ip-172-31-0-204"": {""object"": 1}, ""ip-172-31-1-171"": {""gesture"": 1}}","{""e1"": {""services"": [""gesture"", ""object""], ""fps"": {""gesture"": 10, ""object"": 10}, ""eff_fps"": {""gesture"": 10, ""object"": 10}, ""latency_ms"": {""gesture"": 0, ""object"": 0}, ""svclat_ms"": {""gesture"": 16.44, ""object"": 21.23}}, ""e2"": {""services"": [""gesture"", ""object""], ""fps"": {""gesture"": 10, ""object"": 10}, ""eff_fps"": {""gesture"": 10, ""object"": 10}, ""latency_ms"": {""gesture"": 0, ""object"": 0}, ""svclat_ms"": {""gesture"": 17.81, ""object"": 23.74}}, ""e3"": {""services"": [""gesture"", ""object""], ""fps"": {""gesture"": 10, ""object"": 10}, ""eff_fps"": {""gesture"": 10, ""object"": 10}, ""latency_ms"": {""gesture"": 0, ""object"": 0}, ""svclat_ms"": {""gesture"": 19.85, ""object"": 28.8}}, ""e4"": {""services"": [""gesture"", ""object""], ""fps"": {""gesture"": 9, ""object"": 10}, ""eff_fps"": {""gesture"": 9, ""object"": 10}, ""latency_ms"": {""gesture"": 0, ""object"": 0}, ""svclat_ms"": {""gesture"": 22.75, ""object"": 43.93}}, ""e5"": {""services"": [""gesture"", ""object""], ""fps"": {""gesture"": 10, ""object"": 10}, ""eff_fps"": {""gesture"": 10, ""object"": 10}, ""latency_ms"": {""gesture"": 0, ""object"": 0}, ""svclat_ms"": {""gesture"": 19.77, ""object"": 29.17}}, ""e6"": {""services"": [""gesture"", ""object""], ""fps"": {""gesture"": 11, ""object"": 10}, ""eff_fps"": {""gesture"": 11, ""object"": 10}, ""latency_ms"": {""gesture"": 0, ""object"": 0}, ""svclat_ms"": {""gesture"": 16.51, ""object"": 29.67}}, ""e7"": {""services"": [""gesture"", ""object""], ""fps"": {""gesture"": 10, ""object"": 10}, ""eff_fps"": {""gesture"": 10, ""object"": 10}, ""latency_ms"": {""gesture"": 0, ""object"": 0}, ""svclat_ms"": {""gesture"": 25.98, ""object"": 33.27}}}"
337.1,7,7,1.0,0,0,12,2,2,1.0,195.0,140,0.718,0.0,0.29,0.0,0,10.0,10.0,0,10.0,10.0,0,0,0,0,19.33,30.13,140,"{""ip-172-31-0-204"": ""healthy"", ""ip-172-31-1-171"": ""healthy"", ""ip-172-31-10-12"": ""healthy"", ""ip-172-31-11-132"": ""healthy"", ""ip-172-31-13-134"": ""healthy"", ""ip-172-31-14-68"": ""healthy"", ""ip-172-31-40-239"": ""healthy""}",subscribe,8.8,0.3333,0,0,"{""ip-172-31-0-204"": {""object"": 1}, ""ip-172-31-1-171"": {""gesture"": 1}}","{""e1"": {""services"": [""gesture"", ""object""], ""fps"": {""gesture"": 10, ""object"": 10}, ""eff_fps"": {""gesture"": 10, ""object"": 10}, ""latency_ms"": {""gesture"": 0, ""object"": 0}, ""svclat_ms"": {""gesture"": 15.73, ""object"": 21.3}}, ""e2"": {""services"": [""gesture"", ""object""], ""fps"": {""gesture"": 10, ""object"": 10}, ""eff_fps"": {""gesture"": 10, ""object"": 10}, ""latency_ms"": {""gesture"": 0, ""object"": 0}, ""svclat_ms"": {""gesture"": 18.13, ""object"": 24.29}}, ""e3"": {""services"": [""gesture"", ""object""], ""fps"": {""gesture"": 10, ""object"": 10}, ""eff_fps"": {""gesture"": 10, ""object"": 10}, ""latency_ms"": {""gesture"": 0, ""object"": 0}, ""svclat_ms"": {""gesture"": 19.45, ""object"": 28.92}}, ""e4"": {""services"": [""gesture"", ""object""], ""fps"": {""gesture"": 10, ""object"": 10}, ""eff_fps"": {""gesture"": 10, ""object"": 10}, ""latency_ms"": {""gesture"": 0, ""object"": 0}, ""svclat_ms"": {""gesture"": 23.32, ""object"": 44.07}}, ""e5"": {""services"": [""gesture"", ""object""], ""fps"": {""gesture"": 10, ""object"": 10}, ""eff_fps"": {""gesture"": 10, ""object"": 10}, ""latency_ms"": {""gesture"": 0, ""object"": 0}, ""svclat_ms"": {""gesture"": 17.24, ""object"": 29.19}}, ""e6"": {""services"": [""gesture"", ""object""], ""fps"": {""gesture"": 10, ""object"": 10}, ""eff_fps"": {""gesture"": 10, ""object"": 10}, ""latency_ms"": {""gesture"": 0, ""object"": 0}, ""svclat_ms"": {""gesture"": 16.1, ""object"": 27.53}}, ""e7"": {""services"": [""gesture"", ""object""], ""fps"": {""gesture"": 10, ""object"": 10}, ""eff_fps"": {""gesture"": 10, ""object"": 10}, ""latency_ms"": {""gesture"": 0, ""object"": 0}, ""svclat_ms"": {""gesture"": 25.31, ""object"": 35.59}}, ""e8"": {""services"": [""gesture"", ""object""], ""fps"": {""gesture"": 0, ""object"": 0}, ""eff_fps"": {""gesture"": 0, ""object"": 0}, ""latency_ms"": {""gesture"": 0, ""object"": 0}, ""svclat_ms"": {""gesture"": 0.0, ""object"": 0.0}}}"
341.0,8,8,1.0,0,0,12,2,2,1.0,195.0,160,0.821,0.0,0.25,0.0,0,10.0,10.0,0,10.0,10.0,0,0,0,0,15.93,34.8,160,"{""ip-172-31-0-204"": ""healthy"", ""ip-172-31-1-171"": ""healthy"", ""ip-172-31-10-12"": ""healthy"", ""ip-172-31-11-132"": ""healthy"", ""ip-172-31-13-134"": ""healthy"", ""ip-172-31-14-68"": ""healthy"", ""ip-172-31-40-239"": ""healthy""}",subscribe,9.2,0.3333,0,0,"{""ip-172-31-0-204"": {""object"": 1}, ""ip-172-31-1-171"": {""gesture"": 1}}","{""e1"": {""services"": [""gesture"", ""object""], ""fps"": {""gesture"": 10, ""object"": 10}, ""eff_fps"": {""gesture"": 10, ""object"": 10}, ""latency_ms"": {""gesture"": 0, ""object"": 0}, ""svclat_ms"": {""gesture"": 16.11, ""object"": 22.11}}, ""e2"": {""services"": [""gesture"", ""object""], ""fps"": {""gesture"": 10, ""object"": 10}, ""eff_fps"": {""gesture"": 10, ""object"": 10}, ""latency_ms"": {""gesture"": 0, ""object"": 0}, ""svclat_ms"": {""gesture"": 16.89, ""object"": 24.88}}, ""e3"": {""services"": [""gesture"", ""object""], ""fps"": {""gesture"": 10, ""object"": 10}, ""eff_fps"": {""gesture"": 10, ""object"": 10}, ""latency_ms"": {""gesture"": 0, ""object"": 0}, ""svclat_ms"": {""gesture"": 14.67, ""object"": 29.72}}, ""e4"": {""services"": [""gesture"", ""object""], ""fps"": {""gesture"": 10, ""object"": 10}, ""eff_fps"": {""gesture"": 10, ""object"": 10}, ""latency_ms"": {""gesture"": 0, ""object"": 0}, ""svclat_ms"": {""gesture"": 16.53, ""object"": 57.88}}, ""e5"": {""services"": [""gesture"", ""object""], ""fps"": {""gesture"": 10, ""object"": 10}, ""eff_fps"": {""gesture"": 10, ""object"": 10}, ""latency_ms"": {""gesture"": 0, ""object"": 0}, ""svclat_ms"": {""gesture"": 15.69, ""object"": 30.46}}, ""e6"": {""services"": [""gesture"", ""object""], ""fps"": {""gesture"": 10, ""object"": 10}, ""eff_fps"": {""gesture"": 10, ""object"": 10}, ""latency_ms"": {""gesture"": 0, ""object"": 0}, ""svclat_ms"": {""gesture"": 16.72, ""object"": 30.62}}, ""e7"": {""services"": [""gesture"", ""object""], ""fps"": {""gesture"": 10, ""object"": 10}, ""eff_fps"": {""gesture"": 10, ""object"": 10}, ""latency_ms"": {""gesture"": 0, ""object"": 0}, ""svclat_ms"": {""gesture"": 15.61, ""object"": 40.77}}, ""e8"": {""services"": [""gesture"", ""object""], ""fps"": {""gesture"": 10, ""object"": 10}, ""eff_fps"": {""gesture"": 10, ""object"": 10}, ""latency_ms"": {""gesture"": 0, ""object"": 0}, ""svclat_ms"": {""gesture"": 15.22, ""object"": 41.97}}, ""e9"": {""services"": [""gesture"", ""object""], ""fps"": {""gesture"": 0, ""object"": 0}, ""eff_fps"": {""gesture"": 0, ""object"": 0}, ""latency_ms"": {""gesture"": 0, ""object"": 0}, ""svclat_ms"": {""gesture"": 0.0, ""object"": 0.0}}}"
343.4,8,8,1.0,0,0,12,2,2,1.0,195.0,160,0.821,0.0,0.25,0.0,0,10.0,10.0,0,10.0,10.0,0,0,0,0,16.44,34.62,160,"{""ip-172-31-0-204"": ""healthy"", ""ip-172-31-1-171"": ""healthy"", ""ip-172-31-10-12"": ""healthy"", ""ip-172-31-11-132"": ""healthy"", ""ip-172-31-13-134"": ""healthy"", ""ip-172-31-14-68"": ""healthy"", ""ip-172-31-40-239"": ""healthy""}",subscribe,9.2,0.3333,0,0,"{""ip-172-31-0-204"": {""object"": 1}, ""ip-172-31-1-171"": {""gesture"": 1}}","{""e1"": {""services"": [""gesture"", ""object""], ""fps"": {""gesture"": 10, ""object"": 10}, ""eff_fps"": {""gesture"": 10, ""object"": 10}, ""latency_ms"": {""gesture"": 0, ""object"": 0}, ""svclat_ms"": {""gesture"": 16.41, ""object"": 22.42}}, ""e2"": {""services"": [""gesture"", ""object""], ""fps"": {""gesture"": 10, ""object"": 10}, ""eff_fps"": {""gesture"": 10, ""object"": 10}, ""latency_ms"": {""gesture"": 0, ""object"": 0}, ""svclat_ms"": {""gesture"": 18.4, ""object"": 24.49}}, ""e3"": {""services"": [""gesture"", ""object""], ""fps"": {""gesture"": 10, ""object"": 10}, ""eff_fps"": {""gesture"": 10, ""object"": 10}, ""latency_ms"": {""gesture"": 0, ""object"": 0}, ""svclat_ms"": {""gesture"": 14.9, ""object"": 29.97}}, ""e4"": {""services"": [""gesture"", ""object""], ""fps"": {""gesture"": 10, ""object"": 10}, ""eff_fps"": {""gesture"": 10, ""object"": 10}, ""latency_ms"": {""gesture"": 0, ""object"": 0}, ""svclat_ms"": {""gesture"": 17.23, ""object"": 57.45}}, ""e5"": {""services"": [""gesture"", ""object""], ""fps"": {""gesture"": 10, ""object"": 10}, ""eff_fps"": {""gesture"": 10, ""object"": 10}, ""latency_ms"": {""gesture"": 0, ""object"": 0}, ""svclat_ms"": {""gesture"": 15.43, ""object"": 30.38}}, ""e6"": {""services"": [""gesture"", ""object""], ""fps"": {""gesture"": 10, ""object"": 10}, ""eff_fps"": {""gesture"": 10, ""object"": 10}, ""latency_ms"": {""gesture"": 0, ""object"": 0}, ""svclat_ms"": {""gesture"": 17.36, ""object"": 29.03}}, ""e7"": {""services"": [""gesture"", ""object""], ""fps"": {""gesture"": 10, ""object"": 10}, ""eff_fps"": {""gesture"": 10, ""object"": 10}, ""latency_ms"": {""gesture"": 0, ""object"": 0}, ""svclat_ms"": {""gesture"": 15.91, ""object"": 42.87}}, ""e8"": {""services"": [""gesture"", ""object""], ""fps"": {""gesture"": 10, ""object"": 10}, ""eff_fps"": {""gesture"": 10, ""object"": 10}, ""latency_ms"": {""gesture"": 0, ""object"": 0}, ""svclat_ms"": {""gesture"": 15.85, ""object"": 40.37}}, ""e9"": {""services"": [""gesture"", ""object""], ""fps"": {""gesture"": 0, ""object"": 0}, ""eff_fps"": {""gesture"": 0, ""object"": 0}, ""latency_ms"": {""gesture"": 0, ""object"": 0}, ""svclat_ms"": {""gesture"": 0.0, ""object"": 0.0}}}"
345.8,9,8,0.889,0,0,12,2,2,1.0,195.0,160,0.821,0.0,0.25,0.0,0,10.0,10.0,0,10.0,10.0,0,0,0,0,17.52,34.6,160,"{""ip-172-31-0-204"": ""healthy"", ""ip-172-31-1-171"": ""healthy"", ""ip-172-31-10-12"": ""healthy"", ""ip-172-31-11-132"": ""healthy"", ""ip-172-31-13-134"": ""healthy"", ""ip-172-31-14-68"": ""healthy"", ""ip-172-31-40-239"": ""healthy""}",subscribe,9.2,0.3333,0,0,"{""ip-172-31-0-204"": {""object"": 1}, ""ip-172-31-1-171"": {""gesture"": 1}}","{""e1"": {""services"": [""gesture"", ""object""], ""fps"": {""gesture"": 10, ""object"": 10}, ""eff_fps"": {""gesture"": 10, ""object"": 10}, ""latency_ms"": {""gesture"": 0, ""object"": 0}, ""svclat_ms"": {""gesture"": 18.5, ""object"": 21.81}}, ""e2"": {""services"": [""gesture"", ""object""], ""fps"": {""gesture"": 10, ""object"": 10}, ""eff_fps"": {""gesture"": 10, ""object"": 10}, ""latency_ms"": {""gesture"": 0, ""object"": 0}, ""svclat_ms"": {""gesture"": 17.74, ""object"": 23.99}}, ""e3"": {""services"": [""gesture"", ""object""], ""fps"": {""gesture"": 10, ""object"": 10}, ""eff_fps"": {""gesture"": 10, ""object"": 10}, ""latency_ms"": {""gesture"": 0, ""object"": 0}, ""svclat_ms"": {""gesture"": 18.16, ""object"": 30.08}}, ""e4"": {""services"": [""gesture"", ""object""], ""fps"": {""gesture"": 10, ""object"": 10}, ""eff_fps"": {""gesture"": 10, ""object"": 10}, ""latency_ms"": {""gesture"": 0, ""object"": 0}, ""svclat_ms"": {""gesture"": 18.21, ""object"": 53.75}}, ""e5"": {""services"": [""gesture"", ""object""], ""fps"": {""gesture"": 10, ""object"": 10}, ""eff_fps"": {""gesture"": 10, ""object"": 10}, ""latency_ms"": {""gesture"": 0, ""object"": 0}, ""svclat_ms"": {""gesture"": 16.11, ""object"": 30.55}}, ""e6"": {""services"": [""gesture"", ""object""], ""fps"": {""gesture"": 10, ""object"": 10}, ""eff_fps"": {""gesture"": 10, ""object"": 10}, ""latency_ms"": {""gesture"": 0, ""object"": 0}, ""svclat_ms"": {""gesture"": 18.15, ""object"": 29.19}}, ""e7"": {""services"": [""gesture"", ""object""], ""fps"": {""gesture"": 10, ""object"": 10}, ""eff_fps"": {""gesture"": 10, ""object"": 10}, ""latency_ms"": {""gesture"": 0, ""object"": 0}, ""svclat_ms"": {""gesture"": 16.04, ""object"": 48.89}}, ""e8"": {""services"": [""gesture"", ""object""], ""fps"": {""gesture"": 10, ""object"": 10}, ""eff_fps"": {""gesture"": 10, ""object"": 10}, ""latency_ms"": {""gesture"": 0, ""object"": 0}, ""svclat_ms"": {""gesture"": 17.28, ""object"": 38.55}}, ""e9"": {""services"": [""gesture"", ""object""], ""fps"": {""gesture"": 0, ""object"": 0}, ""eff_fps"": {""gesture"": 0, ""object"": 0}, ""latency_ms"": {""gesture"": 0, ""object"": 0}, ""svclat_ms"": {""gesture"": 0.0, ""object"": 0.0}}, ""e10"": {""services"": [""gesture"", ""object""], ""fps"": {""gesture"": 0, ""object"": 0}, ""eff_fps"": {""gesture"": 0, ""object"": 0}, ""latency_ms"": {""gesture"": 0, ""object"": 0}, ""svclat_ms"": {""gesture"": 0.0, ""object"": 0.0}}}"
348.3,9,8,0.889,0,0,12,2,2,1.0,195.0,160,0.821,0.0,0.25,0.0,0,10.0,10.0,0,10.0,10.0,0,0,0,0,17.8,34.53,160,"{""ip-172-31-0-204"": ""healthy"", ""ip-172-31-1-171"": ""healthy"", ""ip-172-31-10-12"": ""healthy"", ""ip-172-31-11-132"": ""healthy"", ""ip-172-31-13-134"": ""healthy"", ""ip-172-31-14-68"": ""healthy"", ""ip-172-31-40-239"": ""healthy""}",subscribe,9.2,0.3333,0,0,"{""ip-172-31-0-204"": {""object"": 1}, ""ip-172-31-1-171"": {""gesture"": 1}}","{""e1"": {""services"": [""gesture"", ""object""], ""fps"": {""gesture"": 10, ""object"": 10}, ""eff_fps"": {""gesture"": 10, ""object"": 10}, ""latency_ms"": {""gesture"": 0, ""object"": 0}, ""svclat_ms"": {""gesture"": 17.46, ""object"": 22.21}}, ""e2"": {""services"": [""gesture"", ""object""], ""fps"": {""gesture"": 10, ""object"": 10}, ""eff_fps"": {""gesture"": 10, ""object"": 10}, ""latency_ms"": {""gesture"": 0, ""object"": 0}, ""svclat_ms"": {""gesture"": 18.01, ""object"": 24.89}}, ""e3"": {""services"": [""gesture"", ""object""], ""fps"": {""gesture"": 10, ""object"": 10}, ""eff_fps"": {""gesture"": 10, ""object"": 10}, ""latency_ms"": {""gesture"": 0, ""object"": 0}, ""svclat_ms"": {""gesture"": 17.3, ""object"": 29.76}}, ""e4"": {""services"": [""gesture"", ""object""], ""fps"": {""gesture"": 10, ""object"": 10}, ""eff_fps"": {""gesture"": 10, ""object"": 10}, ""latency_ms"": {""gesture"": 0, ""object"": 0}, ""svclat_ms"": {""gesture"": 19.3, ""object"": 56.71}}, ""e5"": {""services"": [""gesture"", ""object""], ""fps"": {""gesture"": 10, ""object"": 10}, ""eff_fps"": {""gesture"": 10, ""object"": 10}, ""latency_ms"": {""gesture"": 0, ""object"": 0}, ""svclat_ms"": {""gesture"": 16.96, ""object"": 30.27}}, ""e6"": {""services"": [""gesture"", ""object""], ""fps"": {""gesture"": 10, ""object"": 10}, ""eff_fps"": {""gesture"": 10, ""object"": 10}, ""latency_ms"": {""gesture"": 0, ""object"": 0}, ""svclat_ms"": {""gesture"": 19.02, ""object"": 30.36}}, ""e7"": {""services"": [""gesture"", ""object""], ""fps"": {""gesture"": 10, ""object"": 10}, ""eff_fps"": {""gesture"": 10, ""object"": 10}, ""latency_ms"": {""gesture"": 0, ""object"": 0}, ""svclat_ms"": {""gesture"": 16.38, ""object"": 42.82}}, ""e8"": {""services"": [""gesture"", ""object""], ""fps"": {""gesture"": 10, ""object"": 10}, ""eff_fps"": {""gesture"": 10, ""object"": 10}, ""latency_ms"": {""gesture"": 0, ""object"": 0}, ""svclat_ms"": {""gesture"": 17.94, ""object"": 39.24}}, ""e9"": {""services"": [""gesture"", ""object""], ""fps"": {""gesture"": 0, ""object"": 0}, ""eff_fps"": {""gesture"": 0, ""object"": 0}, ""latency_ms"": {""gesture"": 0, ""object"": 0}, ""svclat_ms"": {""gesture"": 0.0, ""object"": 0.0}}, ""e10"": {""services"": [""gesture"", ""object""], ""fps"": {""gesture"": 0, ""object"": 0}, ""eff_fps"": {""gesture"": 0, ""object"": 0}, ""latency_ms"": {""gesture"": 0, ""object"": 0}, ""svclat_ms"": {""gesture"": 0.0, ""object"": 0.0}}}"
350.7,9,8,0.889,0,0,12,2,2,1.0,195.0,160,0.821,0.0,0.25,0.0,0,10.0,10.0,0,10.0,10.0,0,0,0,0,16.86,34.51,160,"{""ip-172-31-0-204"": ""healthy"", ""ip-172-31-1-171"": ""healthy"", ""ip-172-31-10-12"": ""healthy"", ""ip-172-31-11-132"": ""healthy"", ""ip-172-31-13-134"": ""healthy"", ""ip-172-31-14-68"": ""healthy"", ""ip-172-31-40-239"": ""healthy""}",subscribe,9.2,0.3333,0,0,"{""ip-172-31-0-204"": {""object"": 1}, ""ip-172-31-1-171"": {""gesture"": 1}}","{""e1"": {""services"": [""gesture"", ""object""], ""fps"": {""gesture"": 10, ""object"": 10}, ""eff_fps"": {""gesture"": 10, ""object"": 10}, ""latency_ms"": {""gesture"": 0, ""object"": 0}, ""svclat_ms"": {""gesture"": 16.81, ""object"": 22.58}}, ""e2"": {""services"": [""gesture"", ""object""], ""fps"": {""gesture"": 10, ""object"": 10}, ""eff_fps"": {""gesture"": 10, ""object"": 10}, ""latency_ms"": {""gesture"": 0, ""object"": 0}, ""svclat_ms"": {""gesture"": 17.17, ""object"": 24.65}}, ""e3"": {""services"": [""gesture"", ""object""], ""fps"": {""gesture"": 10, ""object"": 10}, ""eff_fps"": {""gesture"": 10, ""object"": 10}, ""latency_ms"": {""gesture"": 0, ""object"": 0}, ""svclat_ms"": {""gesture"": 15.27, ""object"": 30.24}}, ""e4"": {""services"": [""gesture"", ""object""], ""fps"": {""gesture"": 10, ""object"": 10}, ""eff_fps"": {""gesture"": 10, ""object"": 10}, ""latency_ms"": {""gesture"": 0, ""object"": 0}, ""svclat_ms"": {""gesture"": 18.31, ""object"": 56.78}}, ""e5"": {""services"": [""gesture"", ""object""], ""fps"": {""gesture"": 10, ""object"": 10}, ""eff_fps"": {""gesture"": 10, ""object"": 10}, ""latency_ms"": {""gesture"": 0, ""object"": 0}, ""svclat_ms"": {""gesture"": 16.11, ""object"": 29.93}}, ""e6"": {""services"": [""gesture"", ""object""], ""fps"": {""gesture"": 10, ""object"": 10}, ""eff_fps"": {""gesture"": 10, ""object"": 10}, ""latency_ms"": {""gesture"": 0, ""object"": 0}, ""svclat_ms"": {""gesture"": 18.13, ""object"": 30.03}}, ""e7"": {""services"": [""gesture"", ""object""], ""fps"": {""gesture"": 10, ""object"": 10}, ""eff_fps"": {""gesture"": 10, ""object"": 10}, ""latency_ms"": {""gesture"": 0, ""object"": 0}, ""svclat_ms"": {""gesture"": 16.13, ""object"": 45.8}}, ""e8"": {""services"": [""gesture"", ""object""], ""fps"": {""gesture"": 10, ""object"": 10}, ""eff_fps"": {""gesture"": 10, ""object"": 10}, ""latency_ms"": {""gesture"": 0, ""object"": 0}, ""svclat_ms"": {""gesture"": 16.94, ""object"": 36.09}}, ""e9"": {""services"": [""gesture"", ""object""], ""fps"": {""gesture"": 0, ""object"": 0}, ""eff_fps"": {""gesture"": 0, ""object"": 0}, ""latency_ms"": {""gesture"": 0, ""object"": 0}, ""svclat_ms"": {""gesture"": 0.0, ""object"": 0.0}}, ""e10"": {""services"": [""gesture"", ""object""], ""fps"": {""gesture"": 0, ""object"": 0}, ""eff_fps"": {""gesture"": 0, ""object"": 0}, ""latency_ms"": {""gesture"": 0, ""object"": 0}, ""svclat_ms"": {""gesture"": 0.0, ""object"": 0.0}}, ""e11"": {""services"": [""gesture"", ""object""], ""fps"": {""gesture"": 0, ""object"": 0}, ""eff_fps"": {""gesture"": 0, ""object"": 0}, ""latency_ms"": {""gesture"": 0, ""object"": 0}, ""svclat_ms"": {""gesture"": 0.0, ""object"": 0.0}}}"
355.1,9,8,0.889,0,0,12,2,2,1.0,195.0,160,0.821,0.0,0.25,0.0,0,10.0,10.0,0,10.0,10.0,0,0,0,0,16.72,32.23,180,"{""ip-172-31-0-204"": ""healthy"", ""ip-172-31-1-171"": ""healthy"", ""ip-172-31-10-12"": ""healthy"", ""ip-172-31-11-132"": ""healthy"", ""ip-172-31-13-134"": ""healthy"", ""ip-172-31-14-68"": ""healthy"", ""ip-172-31-40-239"": ""healthy""}",subscribe,9.2,0.3333,0,0,"{""ip-172-31-0-204"": {""object"": 1}, ""ip-172-31-1-171"": {""gesture"": 1}}","{""e1"": {""services"": [""gesture"", ""object""], ""fps"": {""gesture"": 10, ""object"": 10}, ""eff_fps"": {""gesture"": 10, ""object"": 10}, ""latency_ms"": {""gesture"": 0, ""object"": 0}, ""svclat_ms"": {""gesture"": 16.21, ""object"": 21.97}}, ""e2"": {""services"": [""gesture"", ""object""], ""fps"": {""gesture"": 10, ""object"": 10}, ""eff_fps"": {""gesture"": 10, ""object"": 10}, ""latency_ms"": {""gesture"": 0, ""object"": 0}, ""svclat_ms"": {""gesture"": 17.43, ""object"": 24.58}}, ""e3"": {""services"": [""gesture"", ""object""], ""fps"": {""gesture"": 10, ""object"": 10}, ""eff_fps"": {""gesture"": 10, ""object"": 10}, ""latency_ms"": {""gesture"": 0, ""object"": 0}, ""svclat_ms"": {""gesture"": 16.39, ""object"": 29.38}}, ""e4"": {""services"": [""gesture"", ""object""], ""fps"": {""gesture"": 10, ""object"": 10}, ""eff_fps"": {""gesture"": 10, ""object"": 10}, ""latency_ms"": {""gesture"": 0, ""object"": 0}, ""svclat_ms"": {""gesture"": 17.02, ""object"": 56.54}}, ""e5"": {""services"": [""gesture"", ""object""], ""fps"": {""gesture"": 10, ""object"": 10}, ""eff_fps"": {""gesture"": 10, ""object"": 10}, ""latency_ms"": {""gesture"": 0, ""object"": 0}, ""svclat_ms"": {""gesture"": 16.79, ""object"": 29.54}}, ""e6"": {""services"": [""gesture"", ""object""], ""fps"": {""gesture"": 10, ""object"": 10}, ""eff_fps"": {""gesture"": 10, ""object"": 10}, ""latency_ms"": {""gesture"": 0, ""object"": 0}, ""svclat_ms"": {""gesture"": 17.66, ""object"": 30.91}}, ""e7"": {""services"": [""gesture"", ""object""], ""fps"": {""gesture"": 10, ""object"": 10}, ""eff_fps"": {""gesture"": 10, ""object"": 10}, ""latency_ms"": {""gesture"": 0, ""object"": 0}, ""svclat_ms"": {""gesture"": 15.8, ""object"": 42.41}}, ""e8"": {""services"": [""gesture"", ""object""], ""fps"": {""gesture"": 10, ""object"": 10}, ""eff_fps"": {""gesture"": 10, ""object"": 10}, ""latency_ms"": {""gesture"": 0, ""object"": 0}, ""svclat_ms"": {""gesture"": 17.37, ""object"": 37.89}}, ""e9"": {""services"": [""gesture"", ""object""], ""fps"": {""gesture"": 10, ""object"": 10}, ""eff_fps"": {""gesture"": 10, ""object"": 10}, ""latency_ms"": {""gesture"": 0, ""object"": 0}, ""svclat_ms"": {""gesture"": 15.77, ""object"": 16.89}}, ""e10"": {""services"": [""gesture"", ""object""], ""fps"": {""gesture"": 0, ""object"": 0}, ""eff_fps"": {""gesture"": 0, ""object"": 0}, ""latency_ms"": {""gesture"": 0, ""object"": 0}, ""svclat_ms"": {""gesture"": 0.0, ""object"": 0.0}}, ""e11"": {""services"": [""gesture"", ""object""], ""fps"": {""gesture"": 0, ""object"": 0}, ""eff_fps"": {""gesture"": 0, ""object"": 0}, ""latency_ms"": {""gesture"": 0, ""object"": 0}, ""svclat_ms"": {""gesture"": 0.0, ""object"": 0.0}}, ""e12"": {""services"": [""gesture"", ""object""], ""fps"": {""gesture"": 0, ""object"": 0}, ""eff_fps"": {""gesture"": 0, ""object"": 0}, ""latency_ms"": {""gesture"": 0, ""object"": 0}, ""svclat_ms"": {""gesture"": 0.0, ""object"": 0.0}}}"
360.0,10,10,1.0,0,0,12,3,3,1.0,277.0,200,0.722,0.0,0.3,0.0,0,10.0,10.0,0,10.0,10.0,0,0,0,0,17.79,31.49,200,"{""ip-172-31-0-204"": ""healthy"", ""ip-172-31-1-171"": ""healthy"", ""ip-172-31-10-12"": ""healthy"", ""ip-172-31-11-132"": ""healthy"", ""ip-172-31-13-134"": ""healthy"", ""ip-172-31-14-68"": ""healthy"", ""ip-172-31-40-239"": ""healthy""}",subscribe,9.0,0.3333,0,0,"{""ip-172-31-0-204"": {""object"": 1}, ""ip-172-31-1-171"": {""object"": 1}, ""ip-172-31-10-12"": {""gesture"": 1}}","{""e1"": {""services"": [""gesture"", ""object""], ""fps"": {""gesture"": 10, ""object"": 10}, ""eff_fps"": {""gesture"": 10, ""object"": 10}, ""latency_ms"": {""gesture"": 0, ""object"": 0}, ""svclat_ms"": {""gesture"": 16.06, ""object"": 22.46}}, ""e2"": {""services"": [""gesture"", ""object""], ""fps"": {""gesture"": 10, ""object"": 10}, ""eff_fps"": {""gesture"": 10, ""object"": 10}, ""latency_ms"": {""gesture"": 0, ""object"": 0}, ""svclat_ms"": {""gesture"": 17.01, ""object"": 25.26}}, ""e3"": {""services"": [""gesture"", ""object""], ""fps"": {""gesture"": 10, ""object"": 10}, ""eff_fps"": {""gesture"": 10, ""object"": 10}, ""latency_ms"": {""gesture"": 0, ""object"": 0}, ""svclat_ms"": {""gesture"": 16.41, ""object"": 29.79}}, ""e4"": {""services"": [""gesture"", ""object""], ""fps"": {""gesture"": 10, ""object"": 10}, ""eff_fps"": {""gesture"": 10, ""object"": 10}, ""latency_ms"": {""gesture"": 0, ""object"": 0}, ""svclat_ms"": {""gesture"": 18.06, ""object"": 57.38}}, ""e5"": {""services"": [""gesture"", ""object""], ""fps"": {""gesture"": 10, ""object"": 10}, ""eff_fps"": {""gesture"": 10, ""object"": 10}, ""latency_ms"": {""gesture"": 0, ""object"": 0}, ""svclat_ms"": {""gesture"": 16.45, ""object"": 30.05}}, ""e6"": {""services"": [""gesture"", ""object""], ""fps"": {""gesture"": 10, ""object"": 10}, ""eff_fps"": {""gesture"": 10, ""object"": 10}, ""latency_ms"": {""gesture"": 0, ""object"": 0}, ""svclat_ms"": {""gesture"": 17.07, ""object"": 29.42}}, ""e7"": {""services"": [""gesture"", ""object""], ""fps"": {""gesture"": 10, ""object"": 10}, ""eff_fps"": {""gesture"": 10, ""object"": 10}, ""latency_ms"": {""gesture"": 0, ""object"": 0}, ""svclat_ms"": {""gesture"": 15.77, ""object"": 42.95}}, ""e8"": {""services"": [""gesture"", ""object""], ""fps"": {""gesture"": 10, ""object"": 10}, ""eff_fps"": {""gesture"": 10, ""object"": 10}, ""latency_ms"": {""gesture"": 0, ""object"": 0}, ""svclat_ms"": {""gesture"": 18.14, ""object"": 40.82}}, ""e9"": {""services"": [""gesture"", ""object""], ""fps"": {""gesture"": 10, ""object"": 10}, ""eff_fps"": {""gesture"": 10, ""object"": 10}, ""latency_ms"": {""gesture"": 0, ""object"": 0}, ""svclat_ms"": {""gesture"": 24.95, ""object"": 18.01}}, ""e10"": {""services"": [""gesture"", ""object""], ""fps"": {""gesture"": 10, ""object"": 10}, ""eff_fps"": {""gesture"": 10, ""object"": 10}, ""latency_ms"": {""gesture"": 0, ""object"": 0}, ""svclat_ms"": {""gesture"": 17.99, ""object"": 18.78}}, ""e11"": {""services"": [""gesture"", ""object""], ""fps"": {""gesture"": 0, ""object"": 0}, ""eff_fps"": {""gesture"": 0, ""object"": 0}, ""latency_ms"": {""gesture"": 0, ""object"": 0}, ""svclat_ms"": {""gesture"": 0.0, ""object"": 0.0}}, ""e12"": {""services"": [""gesture"", ""object""], ""fps"": {""gesture"": 0, ""object"": 0}, ""eff_fps"": {""gesture"": 0, ""object"": 0}, ""latency_ms"": {""gesture"": 0, ""object"": 0}, ""svclat_ms"": {""gesture"": 0.0, ""object"": 0.0}}, ""e13"": {""services"": [""gesture"", ""object""], ""fps"": {""gesture"": 0, ""object"": 0}, ""eff_fps"": {""gesture"": 0, ""object"": 0}, ""latency_ms"": {""gesture"": 0, ""object"": 0}, ""svclat_ms"": {""gesture"": 0.0, ""object"": 0.0}}}"
362.4,12,11,0.917,0,0,12,3,3,1.0,277.0,220,0.794,0.0,0.27,0.0,0,10.0,9.91,0,10.0,9.91,0,0,0,0,18.91,30.08,219,"{""ip-172-31-0-204"": ""healthy"", ""ip-172-31-1-171"": ""healthy"", ""ip-172-31-10-12"": ""healthy"", ""ip-172-31-11-132"": ""healthy"", ""ip-172-31-13-134"": ""healthy"", ""ip-172-31-14-68"": ""healthy"", ""ip-172-31-40-239"": ""healthy""}",subscribe,8.7,0.3333,0,0,"{""ip-172-31-0-204"": {""object"": 1}, ""ip-172-31-1-171"": {""object"": 1}, ""ip-172-31-10-12"": {""gesture"": 1}}","{""e1"": {""services"": [""gesture"", ""object""], ""fps"": {""gesture"": 10, ""object"": 10}, ""eff_fps"": {""gesture"": 10, ""object"": 10}, ""latency_ms"": {""gesture"": 0, ""object"": 0}, ""svclat_ms"": {""gesture"": 16.4, ""object"": 22.03}}, ""e2"": {""services"": [""gesture"", ""object""], ""fps"": {""gesture"": 10, ""object"": 10}, ""eff_fps"": {""gesture"": 10, ""object"": 10}, ""latency_ms"": {""gesture"": 0, ""object"": 0}, ""svclat_ms"": {""gesture"": 17.44, ""object"": 24.34}}, ""e3"": {""services"": [""gesture"", ""object""], ""fps"": {""gesture"": 10, ""object"": 10}, ""eff_fps"": {""gesture"": 10, ""object"": 10}, ""latency_ms"": {""gesture"": 0, ""object"": 0}, ""svclat_ms"": {""gesture"": 16.75, ""object"": 29.41}}, ""e4"": {""services"": [""gesture"", ""object""], ""fps"": {""gesture"": 10, ""object"": 10}, ""eff_fps"": {""gesture"": 10, ""object"": 10}, ""latency_ms"": {""gesture"": 0, ""object"": 0}, ""svclat_ms"": {""gesture"": 18.94, ""object"": 57.28}}, ""e5"": {""services"": [""gesture"", ""object""], ""fps"": {""gesture"": 10, ""object"": 10}, ""eff_fps"": {""gesture"": 10, ""object"": 10}, ""latency_ms"": {""gesture"": 0, ""object"": 0}, ""svclat_ms"": {""gesture"": 16.57, ""object"": 29.54}}, ""e6"": {""services"": [""gesture"", ""object""], ""fps"": {""gesture"": 10, ""object"": 10}, ""eff_fps"": {""gesture"": 10, ""object"": 10}, ""latency_ms"": {""gesture"": 0, ""object"": 0}, ""svclat_ms"": {""gesture"": 16.93, ""object"": 27.83}}, ""e7"": {""services"": [""gesture"", ""object""], ""fps"": {""gesture"": 10, ""object"": 10}, ""eff_fps"": {""gesture"": 10, ""object"": 10}, ""latency_ms"": {""gesture"": 0, ""object"": 0}, ""svclat_ms"": {""gesture"": 15.89, ""object"": 42.61}}, ""e8"": {""services"": [""gesture"", ""object""], ""fps"": {""gesture"": 10, ""object"": 10}, ""eff_fps"": {""gesture"": 10, ""object"": 10}, ""latency_ms"": {""gesture"": 0, ""object"": 0}, ""svclat_ms"": {""gesture"": 19.18, ""object"": 41.39}}, ""e9"": {""services"": [""gesture"", ""object""], ""fps"": {""gesture"": 10, ""object"": 9}, ""eff_fps"": {""gesture"": 10, ""object"": 9}, ""latency_ms"": {""gesture"": 0, ""object"": 0}, ""svclat_ms"": {""gesture"": 26.55, ""object"": 18.63}}, ""e10"": {""services"": [""gesture"", ""object""], ""fps"": {""gesture"": 10, ""object"": 10}, ""eff_fps"": {""gesture"": 10, ""object"": 10}, ""latency_ms"": {""gesture"": 0, ""object"": 0}, ""svclat_ms"": {""gesture"": 19.72, ""object"": 19.24}}, ""e11"": {""services"": [""gesture"", ""object""], ""fps"": {""gesture"": 10, ""object"": 10}, ""eff_fps"": {""gesture"": 10, ""object"": 10}, ""latency_ms"": {""gesture"": 0, ""object"": 0}, ""svclat_ms"": {""gesture"": 23.66, ""object"": 18.53}}, ""e12"": {""services"": [""gesture"", ""object""], ""fps"": {""gesture"": 0, ""object"": 0}, ""eff_fps"": {""gesture"": 0, ""object"": 0}, ""latency_ms"": {""gesture"": 0, ""object"": 0}, ""svclat_ms"": {""gesture"": 0.0, ""object"": 0.0}}, ""e13"": {""services"": [""gesture"", ""object""], ""fps"": {""gesture"": 0, ""object"": 0}, ""eff_fps"": {""gesture"": 0, ""object"": 0}, ""latency_ms"": {""gesture"": 0, ""object"": 0}, ""svclat_ms"": {""gesture"": 0.0, ""object"": 0.0}}}"
364.9,12,11,0.917,0,0,12,3,3,1.0,277.0,220,0.794,0.0,0.27,0.0,0,10.0,10.0,0,10.0,10.0,0,0,0,0,19.09,29.63,220,"{""ip-172-31-0-204"": ""healthy"", ""ip-172-31-1-171"": ""healthy"", ""ip-172-31-10-12"": ""healthy"", ""ip-172-31-11-132"": ""healthy"", ""ip-172-31-13-134"": ""healthy"", ""ip-172-31-14-68"": ""healthy"", ""ip-172-31-40-239"": ""healthy""}",subscribe,8.7,0.3333,0,0,"{""ip-172-31-0-204"": {""object"": 1}, ""ip-172-31-1-171"": {""object"": 1}, ""ip-172-31-10-12"": {""gesture"": 1}}","{""e1"": {""services"": [""gesture"", ""object""], ""fps"": {""gesture"": 10, ""object"": 10}, ""eff_fps"": {""gesture"": 10, ""object"": 10}, ""latency_ms"": {""gesture"": 0, ""object"": 0}, ""svclat_ms"": {""gesture"": 16.05, ""object"": 21.79}}, ""e2"": {""services"": [""gesture"", ""object""], ""fps"": {""gesture"": 10, ""object"": 10}, ""eff_fps"": {""gesture"": 10, ""object"": 10}, ""latency_ms"": {""gesture"": 0, ""object"": 0}, ""svclat_ms"": {""gesture"": 16.68, ""object"": 24.1}}, ""e3"": {""services"": [""gesture"", ""object""], ""fps"": {""gesture"": 10, ""object"": 10}, ""eff_fps"": {""gesture"": 10, ""object"": 10}, ""latency_ms"": {""gesture"": 0, ""object"": 0}, ""svclat_ms"": {""gesture"": 16.69, ""object"": 29.3}}, ""e4"": {""services"": [""gesture"", ""object""], ""fps"": {""gesture"": 10, ""object"": 10}, ""eff_fps"": {""gesture"": 10, ""object"": 10}, ""latency_ms"": {""gesture"": 0, ""object"": 0}, ""svclat_ms"": {""gesture"": 19.22, ""object"": 56.29}}, ""e5"": {""services"": [""gesture"", ""object""], ""fps"": {""gesture"": 10, ""object"": 10}, ""eff_fps"": {""gesture"": 10, ""object"": 10}, ""latency_ms"": {""gesture"": 0, ""object"": 0}, ""svclat_ms"": {""gesture"": 17.32, ""object"": 29.54}}, ""e6"": {""services"": [""gesture"", ""object""], ""fps"": {""gesture"": 10, ""object"": 10}, ""eff_fps"": {""gesture"": 10, ""object"": 10}, ""latency_ms"": {""gesture"": 0, ""object"": 0}, ""svclat_ms"": {""gesture"": 17.95, ""object"": 27.58}}, ""e7"": {""services"": [""gesture"", ""object""], ""fps"": {""gesture"": 10, ""object"": 10}, ""eff_fps"": {""gesture"": 10, ""object"": 10}, ""latency_ms"": {""gesture"": 0, ""object"": 0}, ""svclat_ms"": {""gesture"": 15.66, ""object"": 45.29}}, ""e8"": {""services"": [""gesture"", ""object""], ""fps"": {""gesture"": 10, ""object"": 10}, ""eff_fps"": {""gesture"": 10, ""object"": 10}, ""latency_ms"": {""gesture"": 0, ""object"": 0}, ""svclat_ms"": {""gesture"": 19.36, ""object"": 37.62}}, ""e9"": {""services"": [""gesture"", ""object""], ""fps"": {""gesture"": 10, ""object"": 10}, ""eff_fps"": {""gesture"": 10, ""object"": 10}, ""latency_ms"": {""gesture"": 0, ""object"": 0}, ""svclat_ms"": {""gesture"": 26.65, ""object"": 17.91}}, ""e10"": {""services"": [""gesture"", ""object""], ""fps"": {""gesture"": 10, ""object"": 10}, ""eff_fps"": {""gesture"": 10, ""object"": 10}, ""latency_ms"": {""gesture"": 0, ""object"": 0}, ""svclat_ms"": {""gesture"": 19.76, ""object"": 18.59}}, ""e11"": {""services"": [""gesture"", ""object""], ""fps"": {""gesture"": 10, ""object"": 10}, ""eff_fps"": {""gesture"": 10, ""object"": 10}, ""latency_ms"": {""gesture"": 0, ""object"": 0}, ""svclat_ms"": {""gesture"": 24.64, ""object"": 17.92}}, ""e12"": {""services"": [""gesture"", ""object""], ""fps"": {""gesture"": 0, ""object"": 0}, ""eff_fps"": {""gesture"": 0, ""object"": 0}, ""latency_ms"": {""gesture"": 0, ""object"": 0}, ""svclat_ms"": {""gesture"": 0.0, ""object"": 0.0}}, ""e13"": {""services"": [""gesture"", ""object""], ""fps"": {""gesture"": 0, ""object"": 0}, ""eff_fps"": {""gesture"": 0, ""object"": 0}, ""latency_ms"": {""gesture"": 0, ""object"": 0}, ""svclat_ms"": {""gesture"": 0.0, ""object"": 0.0}}}"
368.6,12,11,0.917,0,0,12,3,3,1.0,277.0,220,0.794,0.0,0.27,0.0,0,10.0,9.92,0,10.0,9.92,0,0,0,0,18.44,29.36,239,"{""ip-172-31-0-204"": ""healthy"", ""ip-172-31-1-171"": ""healthy"", ""ip-172-31-10-12"": ""healthy"", ""ip-172-31-11-132"": ""healthy"", ""ip-172-31-13-134"": ""healthy"", ""ip-172-31-14-68"": ""healthy"", ""ip-172-31-40-239"": ""healthy""}",subscribe,8.7,0.3333,0,0,"{""ip-172-31-0-204"": {""object"": 1}, ""ip-172-31-1-171"": {""object"": 1}, ""ip-172-31-10-12"": {""gesture"": 1}}","{""e1"": {""services"": [""gesture"", ""object""], ""fps"": {""gesture"": 10, ""object"": 10}, ""eff_fps"": {""gesture"": 10, ""object"": 10}, ""latency_ms"": {""gesture"": 0, ""object"": 0}, ""svclat_ms"": {""gesture"": 16.21, ""object"": 21.97}}, ""e2"": {""services"": [""gesture"", ""object""], ""fps"": {""gesture"": 10, ""object"": 10}, ""eff_fps"": {""gesture"": 10, ""object"": 10}, ""latency_ms"": {""gesture"": 0, ""object"": 0}, ""svclat_ms"": {""gesture"": 17.52, ""object"": 24.4}}, ""e3"": {""services"": [""gesture"", ""object""], ""fps"": {""gesture"": 10, ""object"": 10}, ""eff_fps"": {""gesture"": 10, ""object"": 10}, ""latency_ms"": {""gesture"": 0, ""object"": 0}, ""svclat_ms"": {""gesture"": 16.56, ""object"": 29.28}}, ""e4"": {""services"": [""gesture"", ""object""], ""fps"": {""gesture"": 10, ""object"": 10}, ""eff_fps"": {""gesture"": 10, ""object"": 10}, ""latency_ms"": {""gesture"": 0, ""object"": 0}, ""svclat_ms"": {""gesture"": 18.93, ""object"": 56.19}}, ""e5"": {""services"": [""gesture"", ""object""], ""fps"": {""gesture"": 10, ""object"": 10}, ""eff_fps"": {""gesture"": 10, ""object"": 10}, ""latency_ms"": {""gesture"": 0, ""object"": 0}, ""svclat_ms"": {""gesture"": 16.57, ""object"": 29.38}}, ""e6"": {""services"": [""gesture"", ""object""], ""fps"": {""gesture"": 10, ""object"": 10}, ""eff_fps"": {""gesture"": 10, ""object"": 10}, ""latency_ms"": {""gesture"": 0, ""object"": 0}, ""svclat_ms"": {""gesture"": 17.52, ""object"": 27.54}}, ""e7"": {""services"": [""gesture"", ""object""], ""fps"": {""gesture"": 10, ""object"": 10}, ""eff_fps"": {""gesture"": 10, ""object"": 10}, ""latency_ms"": {""gesture"": 0, ""object"": 0}, ""svclat_ms"": {""gesture"": 16.04, ""object"": 41.06}}, ""e8"": {""services"": [""gesture"", ""object""], ""fps"": {""gesture"": 10, ""object"": 10}, ""eff_fps"": {""gesture"": 10, ""object"": 10}, ""latency_ms"": {""gesture"": 0, ""object"": 0}, ""svclat_ms"": {""gesture"": 18.9, ""object"": 41.95}}, ""e9"": {""services"": [""gesture"", ""object""], ""fps"": {""gesture"": 10, ""object"": 9}, ""eff_fps"": {""gesture"": 10, ""object"": 9}, ""latency_ms"": {""gesture"": 0, ""object"": 0}, ""svclat_ms"": {""gesture"": 25.58, ""object"": 18.95}}, ""e10"": {""services"": [""gesture"", ""object""], ""fps"": {""gesture"": 10, ""object"": 10}, ""eff_fps"": {""gesture"": 10, ""object"": 10}, ""latency_ms"": {""gesture"": 0, ""object"": 0}, ""svclat_ms"": {""gesture"": 18.58, ""object"": 19.63}}, ""e11"": {""services"": [""gesture"", ""object""], ""fps"": {""gesture"": 10, ""object"": 10}, ""eff_fps"": {""gesture"": 10, ""object"": 10}, ""latency_ms"": {""gesture"": 0, ""object"": 0}, ""svclat_ms"": {""gesture"": 24.23, ""object"": 22.37}}, ""e12"": {""services"": [""gesture"", ""object""], ""fps"": {""gesture"": 10, ""object"": 10}, ""eff_fps"": {""gesture"": 10, ""object"": 10}, ""latency_ms"": {""gesture"": 0, ""object"": 0}, ""svclat_ms"": {""gesture"": 14.7, ""object"": 19.61}}, ""e13"": {""services"": [""gesture"", ""object""], ""fps"": {""gesture"": 0, ""object"": 0}, ""eff_fps"": {""gesture"": 0, ""object"": 0}, ""latency_ms"": {""gesture"": 0, ""object"": 0}, ""svclat_ms"": {""gesture"": 0.0, ""object"": 0.0}}, ""e14"": {""services"": [""gesture"", ""object""], ""fps"": {""gesture"": 0, ""object"": 0}, ""eff_fps"": {""gesture"": 0, ""object"": 0}, ""latency_ms"": {""gesture"": 0, ""object"": 0}, ""svclat_ms"": {""gesture"": 0.0, ""object"": 0.0}}}"
373.5,13,13,1.0,0,0,12,4,4,1.0,390.0,260,0.667,0.0,0.31,0.0,0,10.0,10.0,0,10.0,10.0,0,0,0,0,17.43,28.98,280,"{""ip-172-31-0-204"": ""healthy"", ""ip-172-31-1-171"": ""healthy"", ""ip-172-31-10-12"": ""healthy"", ""ip-172-31-11-132"": ""healthy"", ""ip-172-31-13-134"": ""healthy"", ""ip-172-31-14-68"": ""healthy"", ""ip-172-31-40-239"": ""healthy""}",subscribe,9.4,0.3333,0,0,"{""ip-172-31-0-204"": {""object"": 1}, ""ip-172-31-1-171"": {""object"": 1}, ""ip-172-31-10-12"": {""gesture"": 1}, ""ip-172-31-11-132"": {""gesture"": 1}}","{""e1"": {""services"": [""gesture"", ""object""], ""fps"": {""gesture"": 10, ""object"": 10}, ""eff_fps"": {""gesture"": 10, ""object"": 10}, ""latency_ms"": {""gesture"": 0, ""object"": 0}, ""svclat_ms"": {""gesture"": 16.45, ""object"": 22.04}}, ""e2"": {""services"": [""gesture"", ""object""], ""fps"": {""gesture"": 10, ""object"": 10}, ""eff_fps"": {""gesture"": 10, ""object"": 10}, ""latency_ms"": {""gesture"": 0, ""object"": 0}, ""svclat_ms"": {""gesture"": 16.91, ""object"": 24.65}}, ""e3"": {""services"": [""gesture"", ""object""], ""fps"": {""gesture"": 10, ""object"": 10}, ""eff_fps"": {""gesture"": 10, ""object"": 10}, ""latency_ms"": {""gesture"": 0, ""object"": 0}, ""svclat_ms"": {""gesture"": 16.32, ""object"": 29.09}}, ""e4"": {""services"": [""gesture"", ""object""], ""fps"": {""gesture"": 10, ""object"": 10}, ""eff_fps"": {""gesture"": 10, ""object"": 10}, ""latency_ms"": {""gesture"": 0, ""object"": 0}, ""svclat_ms"": {""gesture"": 18.22, ""object"": 53.18}}, ""e5"": {""services"": [""gesture"", ""object""], ""fps"": {""gesture"": 10, ""object"": 10}, ""eff_fps"": {""gesture"": 10, ""object"": 10}, ""latency_ms"": {""gesture"": 0, ""object"": 0}, ""svclat_ms"": {""gesture"": 16.14, ""object"": 29.46}}, ""e6"": {""services"": [""gesture"", ""object""], ""fps"": {""gesture"": 10, ""object"": 10}, ""eff_fps"": {""gesture"": 10, ""object"": 10}, ""latency_ms"": {""gesture"": 0, ""object"": 0}, ""svclat_ms"": {""gesture"": 16.76, ""object"": 27.85}}, ""e7"": {""services"": [""gesture"", ""object""], ""fps"": {""gesture"": 10, ""object"": 10}, ""eff_fps"": {""gesture"": 10, ""object"": 10}, ""latency_ms"": {""gesture"": 0, ""object"": 0}, ""svclat_ms"": {""gesture"": 15.83, ""object"": 47.07}}, ""e8"": {""services"": [""gesture"", ""object""], ""fps"": {""gesture"": 10, ""object"": 10}, ""eff_fps"": {""gesture"": 10, ""object"": 10}, ""latency_ms"": {""gesture"": 0, ""object"": 0}, ""svclat_ms"": {""gesture"": 18.25, ""object"": 40.32}}, ""e9"": {""services"": [""gesture"", ""object""], ""fps"": {""gesture"": 10, ""object"": 10}, ""eff_fps"": {""gesture"": 10, ""object"": 10}, ""latency_ms"": {""gesture"": 0, ""object"": 0}, ""svclat_ms"": {""gesture"": 24.81, ""object"": 19.65}}, ""e10"": {""services"": [""gesture"", ""object""], ""fps"": {""gesture"": 10, ""object"": 10}, ""eff_fps"": {""gesture"": 10, ""object"": 10}, ""latency_ms"": {""gesture"": 0, ""object"": 0}, ""svclat_ms"": {""gesture"": 17.78, ""object"": 26.51}}, ""e11"": {""services"": [""gesture"", ""object""], ""fps"": {""gesture"": 10, ""object"": 10}, ""eff_fps"": {""gesture"": 10, ""object"": 10}, ""latency_ms"": {""gesture"": 0, ""object"": 0}, ""svclat_ms"": {""gesture"": 23.21, ""object"": 23.6}}, ""e12"": {""services"": [""gesture"", ""object""], ""fps"": {""gesture"": 10, ""object"": 10}, ""eff_fps"": {""gesture"": 10, ""object"": 10}, ""latency_ms"": {""gesture"": 0, ""object"": 0}, ""svclat_ms"": {""gesture"": 14.67, ""object"": 20.02}}, ""e13"": {""services"": [""gesture"", ""object""], ""fps"": {""gesture"": 10, ""object"": 10}, ""eff_fps"": {""gesture"": 10, ""object"": 10}, ""latency_ms"": {""gesture"": 0, ""object"": 0}, ""svclat_ms"": {""gesture"": 13.94, ""object"": 22.92}}, ""e14"": {""services"": [""gesture"", ""object""], ""fps"": {""gesture"": 10, ""object"": 10}, ""eff_fps"": {""gesture"": 10, ""object"": 10}, ""latency_ms"": {""gesture"": 0, ""object"": 0}, ""svclat_ms"": {""gesture"": 14.71, ""object"": 19.34}}, ""e15"": {""services"": [""gesture"", ""object""], ""fps"": {""gesture"": 0, ""object"": 0}, ""eff_fps"": {""gesture"": 0, ""object"": 0}, ""latency_ms"": {""gesture"": 0, ""object"": 0}, ""svclat_ms"": {""gesture"": 0.0, ""object"": 0.0}}}"
377.1,15,15,1.0,0,0,12,4,4,1.0,390.0,300,0.769,0.0,0.27,0.0,0,10.0,10.0,0,10.0,10.0,0,0,0,0,17.44,29.35,300,"{""ip-172-31-0-204"": ""healthy"", ""ip-172-31-1-171"": ""healthy"", ""ip-172-31-10-12"": ""healthy"", ""ip-172-31-11-132"": ""healthy"", ""ip-172-31-13-134"": ""healthy"", ""ip-172-31-14-68"": ""healthy"", ""ip-172-31-40-239"": ""healthy""}",subscribe,10.5,0.3333,0,0,"{""ip-172-31-0-204"": {""object"": 1}, ""ip-172-31-1-171"": {""object"": 1}, ""ip-172-31-10-12"": {""gesture"": 1}, ""ip-172-31-11-132"": {""gesture"": 1}}","{""e1"": {""services"": [""gesture"", ""object""], ""fps"": {""gesture"": 10, ""object"": 10}, ""eff_fps"": {""gesture"": 10, ""object"": 10}, ""latency_ms"": {""gesture"": 0, ""object"": 0}, ""svclat_ms"": {""gesture"": 16.28, ""object"": 22.3}}, ""e2"": {""services"": [""gesture"", ""object""], ""fps"": {""gesture"": 10, ""object"": 10}, ""eff_fps"": {""gesture"": 10, ""object"": 10}, ""latency_ms"": {""gesture"": 0, ""object"": 0}, ""svclat_ms"": {""gesture"": 17.11, ""object"": 24.47}}, ""e3"": {""services"": [""gesture"", ""object""], ""fps"": {""gesture"": 10, ""object"": 10}, ""eff_fps"": {""gesture"": 10, ""object"": 10}, ""latency_ms"": {""gesture"": 0, ""object"": 0}, ""svclat_ms"": {""gesture"": 16.54, ""object"": 29.58}}, ""e4"": {""services"": [""gesture"", ""object""], ""fps"": {""gesture"": 10, ""object"": 10}, ""eff_fps"": {""gesture"": 10, ""object"": 10}, ""latency_ms"": {""gesture"": 0, ""object"": 0}, ""svclat_ms"": {""gesture"": 18.14, ""object"": 56.71}}, ""e5"": {""services"": [""gesture"", ""object""], ""fps"": {""gesture"": 10, ""object"": 10}, ""eff_fps"": {""gesture"": 10, ""object"": 10}, ""latency_ms"": {""gesture"": 0, ""object"": 0}, ""svclat_ms"": {""gesture"": 16.51, ""object"": 29.97}}, ""e6"": {""services"": [""gesture"", ""object""], ""fps"": {""gesture"": 10, ""object"": 10}, ""eff_fps"": {""gesture"": 10, ""object"": 10}, ""latency_ms"": {""gesture"": 0, ""object"": 0}, ""svclat_ms"": {""gesture"": 16.6, ""object"": 27.31}}, ""e7"": {""services"": [""gesture"", ""object""], ""fps"": {""gesture"": 10, ""object"": 10}, ""eff_fps"": {""gesture"": 10, ""object"": 10}, ""latency_ms"": {""gesture"": 0, ""object"": 0}, ""svclat_ms"": {""gesture"": 15.69, ""object"": 43.3}}, ""e8"": {""services"": [""gesture"", ""object""], ""fps"": {""gesture"": 10, ""object"": 10}, ""eff_fps"": {""gesture"": 10, ""object"": 10}, ""latency_ms"": {""gesture"": 0, ""object"": 0}, ""svclat_ms"": {""gesture"": 18.41, ""object"": 39.86}}, ""e9"": {""services"": [""gesture"", ""object""], ""fps"": {""gesture"": 10, ""object"": 10}, ""eff_fps"": {""gesture"": 10, ""object"": 10}, ""latency_ms"": {""gesture"": 0, ""object"": 0}, ""svclat_ms"": {""gesture"": 25.05, ""object"": 25.07}}, ""e10"": {""services"": [""gesture"", ""object""], ""fps"": {""gesture"": 10, ""object"": 10}, ""eff_fps"": {""gesture"": 10, ""object"": 10}, ""latency_ms"": {""gesture"": 0, ""object"": 0}, ""svclat_ms"": {""gesture"": 18.13, ""object"": 22.6}}, ""e11"": {""services"": [""gesture"", ""object""], ""fps"": {""gesture"": 10, ""object"": 10}, ""eff_fps"": {""gesture"": 10, ""object"": 10}, ""latency_ms"": {""gesture"": 0, ""object"": 0}, ""svclat_ms"": {""gesture"": 23.12, ""object"": 25.77}}, ""e12"": {""services"": [""gesture"", ""object""], ""fps"": {""gesture"": 10, ""object"": 10}, ""eff_fps"": {""gesture"": 10, ""object"": 10}, ""latency_ms"": {""gesture"": 0, ""object"": 0}, ""svclat_ms"": {""gesture"": 15.17, ""object"": 24.41}}, ""e13"": {""services"": [""gesture"", ""object""], ""fps"": {""gesture"": 10, ""object"": 10}, ""eff_fps"": {""gesture"": 10, ""object"": 10}, ""latency_ms"": {""gesture"": 0, ""object"": 0}, ""svclat_ms"": {""gesture"": 14.61, ""object"": 20.72}}, ""e14"": {""services"": [""gesture"", ""object""], ""fps"": {""gesture"": 10, ""object"": 10}, ""eff_fps"": {""gesture"": 10, ""object"": 10}, ""latency_ms"": {""gesture"": 0, ""object"": 0}, ""svclat_ms"": {""gesture"": 15.15, ""object"": 23.4}}, ""e15"": {""services"": [""gesture"", ""object""], ""fps"": {""gesture"": 10, ""object"": 10}, ""eff_fps"": {""gesture"": 10, ""object"": 10}, ""latency_ms"": {""gesture"": 0, ""object"": 0}, ""svclat_ms"": {""gesture"": 15.03, ""object"": 24.83}}}"
381.2,14,14,1.0,0,0,12,4,4,1.0,390.0,280,0.718,0.0,0.29,0.0,0,10.0,10.0,0,10.0,10.0,0,0,0,0,21.31,31.57,280,"{""ip-172-31-0-204"": ""healthy"", ""ip-172-31-1-171"": ""healthy"", ""ip-172-31-10-12"": ""healthy"", ""ip-172-31-11-132"": ""healthy"", ""ip-172-31-13-134"": ""healthy"", ""ip-172-31-14-68"": ""healthy"", ""ip-172-31-40-239"": ""healthy""}",unsubscribe,9.5,0.3333,0,0,"{""ip-172-31-0-204"": {""object"": 1}, ""ip-172-31-1-171"": {""object"": 1}, ""ip-172-31-10-12"": {""gesture"": 1}, ""ip-172-31-11-132"": {""gesture"": 1}}","{""e2"": {""services"": [""gesture"", ""object""], ""fps"": {""gesture"": 10, ""object"": 10}, ""eff_fps"": {""gesture"": 10, ""object"": 10}, ""latency_ms"": {""gesture"": 0, ""object"": 0}, ""svclat_ms"": {""gesture"": 16.84, ""object"": 24.51}}, ""e3"": {""services"": [""gesture"", ""object""], ""fps"": {""gesture"": 10, ""object"": 10}, ""eff_fps"": {""gesture"": 10, ""object"": 10}, ""latency_ms"": {""gesture"": 0, ""object"": 0}, ""svclat_ms"": {""gesture"": 15.56, ""object"": 28.38}}, ""e4"": {""services"": [""gesture"", ""object""], ""fps"": {""gesture"": 10, ""object"": 10}, ""eff_fps"": {""gesture"": 10, ""object"": 10}, ""latency_ms"": {""gesture"": 0, ""object"": 0}, ""svclat_ms"": {""gesture"": 27.62, ""object"": 57.41}}, ""e5"": {""services"": [""gesture"", ""object""], ""fps"": {""gesture"": 10, ""object"": 10}, ""eff_fps"": {""gesture"": 10, ""object"": 10}, ""latency_ms"": {""gesture"": 0, ""object"": 0}, ""svclat_ms"": {""gesture"": 16.23, ""object"": 28.55}}, ""e6"": {""services"": [""gesture"", ""object""], ""fps"": {""gesture"": 10, ""object"": 10}, ""eff_fps"": {""gesture"": 10, ""object"": 10}, ""latency_ms"": {""gesture"": 0, ""object"": 0}, ""svclat_ms"": {""gesture"": 17.71, ""object"": 30.61}}, ""e7"": {""services"": [""gesture"", ""object""], ""fps"": {""gesture"": 10, ""object"": 10}, ""eff_fps"": {""gesture"": 10, ""object"": 10}, ""latency_ms"": {""gesture"": 0, ""object"": 0}, ""svclat_ms"": {""gesture"": 16.17, ""object"": 42.05}}, ""e8"": {""services"": [""gesture"", ""object""], ""fps"": {""gesture"": 10, ""object"": 10}, ""eff_fps"": {""gesture"": 10, ""object"": 10}, ""latency_ms"": {""gesture"": 0, ""object"": 0}, ""svclat_ms"": {""gesture"": 27.54, ""object"": 40.88}}, ""e9"": {""services"": [""gesture"", ""object""], ""fps"": {""gesture"": 10, ""object"": 10}, ""eff_fps"": {""gesture"": 10, ""object"": 10}, ""latency_ms"": {""gesture"": 0, ""object"": 0}, ""svclat_ms"": {""gesture"": 33.56, ""object"": 58.25}}, ""e10"": {""services"": [""gesture"", ""object""], ""fps"": {""gesture"": 10, ""object"": 10}, ""eff_fps"": {""gesture"": 10, ""object"": 10}, ""latency_ms"": {""gesture"": 0, ""object"": 0}, ""svclat_ms"": {""gesture"": 27.7, ""object"": 22.23}}, ""e11"": {""services"": [""gesture"", ""object""], ""fps"": {""gesture"": 10, ""object"": 10}, ""eff_fps"": {""gesture"": 10, ""object"": 10}, ""latency_ms"": {""gesture"": 0, ""object"": 0}, ""svclat_ms"": {""gesture"": 32.65, ""object"": 22.49}}, ""e12"": {""services"": [""gesture"", ""object""], ""fps"": {""gesture"": 10, ""object"": 10}, ""eff_fps"": {""gesture"": 10, ""object"": 10}, ""latency_ms"": {""gesture"": 0, ""object"": 0}, ""svclat_ms"": {""gesture"": 21.66, ""object"": 21.77}}, ""e13"": {""services"": [""gesture"", ""object""], ""fps"": {""gesture"": 10, ""object"": 10}, ""eff_fps"": {""gesture"": 10, ""object"": 10}, ""latency_ms"": {""gesture"": 0, ""object"": 0}, ""svclat_ms"": {""gesture"": 14.7, ""object"": 20.58}}, ""e14"": {""services"": [""gesture"", ""object""], ""fps"": {""gesture"": 10, ""object"": 10}, ""eff_fps"": {""gesture"": 10, ""object"": 10}, ""latency_ms"": {""gesture"": 0, ""object"": 0}, ""svclat_ms"": {""gesture"": 15.0, ""object"": 21.56}}, ""e15"": {""services"": [""gesture"", ""object""], ""fps"": {""gesture"": 10, ""object"": 10}, ""eff_fps"": {""gesture"": 10, ""object"": 10}, ""latency_ms"": {""gesture"": 0, ""object"": 0}, ""svclat_ms"": {""gesture"": 15.38, ""object"": 22.74}}}"
383.7,14,14,1.0,0,0,12,4,4,1.0,390.0,280,0.718,0.0,0.29,0.0,0,10.0,10.07,0,10.0,10.07,0,0,0,0,21.31,31.65,281,"{""ip-172-31-0-204"": ""healthy"", ""ip-172-31-1-171"": ""healthy"", ""ip-172-31-10-12"": ""healthy"", ""ip-172-31-11-132"": ""healthy"", ""ip-172-31-13-134"": ""healthy"", ""ip-172-31-14-68"": ""healthy"", ""ip-172-31-40-239"": ""healthy""}",unsubscribe,9.5,0.3333,0,0,"{""ip-172-31-0-204"": {""object"": 1}, ""ip-172-31-1-171"": {""object"": 1}, ""ip-172-31-10-12"": {""gesture"": 1}, ""ip-172-31-11-132"": {""gesture"": 1}}","{""e2"": {""services"": [""gesture"", ""object""], ""fps"": {""gesture"": 10, ""object"": 10}, ""eff_fps"": {""gesture"": 10, ""object"": 10}, ""latency_ms"": {""gesture"": 0, ""object"": 0}, ""svclat_ms"": {""gesture"": 16.94, ""object"": 24.17}}, ""e3"": {""services"": [""gesture"", ""object""], ""fps"": {""gesture"": 10, ""object"": 10}, ""eff_fps"": {""gesture"": 10, ""object"": 10}, ""latency_ms"": {""gesture"": 0, ""object"": 0}, ""svclat_ms"": {""gesture"": 15.63, ""object"": 29.01}}, ""e4"": {""services"": [""gesture"", ""object""], ""fps"": {""gesture"": 10, ""object"": 10}, ""eff_fps"": {""gesture"": 10, ""object"": 10}, ""latency_ms"": {""gesture"": 0, ""object"": 0}, ""svclat_ms"": {""gesture"": 26.51, ""object"": 53.94}}, ""e5"": {""services"": [""gesture"", ""object""], ""fps"": {""gesture"": 10, ""object"": 10}, ""eff_fps"": {""gesture"": 10, ""object"": 10}, ""latency_ms"": {""gesture"": 0, ""object"": 0}, ""svclat_ms"": {""gesture"": 16.05, ""object"": 29.0}}, ""e6"": {""services"": [""gesture"", ""object""], ""fps"": {""gesture"": 10, ""object"": 10}, ""eff_fps"": {""gesture"": 10, ""object"": 10}, ""latency_ms"": {""gesture"": 0, ""object"": 0}, ""svclat_ms"": {""gesture"": 18.32, ""object"": 28.57}}, ""e7"": {""services"": [""gesture"", ""object""], ""fps"": {""gesture"": 10, ""object"": 10}, ""eff_fps"": {""gesture"": 10, ""object"": 10}, ""latency_ms"": {""gesture"": 0, ""object"": 0}, ""svclat_ms"": {""gesture"": 16.45, ""object"": 48.27}}, ""e8"": {""services"": [""gesture"", ""object""], ""fps"": {""gesture"": 10, ""object"": 10}, ""eff_fps"": {""gesture"": 10, ""object"": 10}, ""latency_ms"": {""gesture"": 0, ""object"": 0}, ""svclat_ms"": {""gesture"": 27.44, ""object"": 41.04}}, ""e9"": {""services"": [""gesture"", ""object""], ""fps"": {""gesture"": 10, ""object"": 10}, ""eff_fps"": {""gesture"": 10, ""object"": 10}, ""latency_ms"": {""gesture"": 0, ""object"": 0}, ""svclat_ms"": {""gesture"": 33.69, ""object"": 59.13}}, ""e10"": {""services"": [""gesture"", ""object""], ""fps"": {""gesture"": 10, ""object"": 10}, ""eff_fps"": {""gesture"": 10, ""object"": 10}, ""latency_ms"": {""gesture"": 0, ""object"": 0}, ""svclat_ms"": {""gesture"": 28.05, ""object"": 21.9}}, ""e11"": {""services"": [""gesture"", ""object""], ""fps"": {""gesture"": 10, ""object"": 10}, ""eff_fps"": {""gesture"": 10, ""object"": 10}, ""latency_ms"": {""gesture"": 0, ""object"": 0}, ""svclat_ms"": {""gesture"": 32.48, ""object"": 22.86}}, ""e12"": {""services"": [""gesture"", ""object""], ""fps"": {""gesture"": 10, ""object"": 10}, ""eff_fps"": {""gesture"": 10, ""object"": 10}, ""latency_ms"": {""gesture"": 0, ""object"": 0}, ""svclat_ms"": {""gesture"": 22.42, ""object"": 21.07}}, ""e13"": {""services"": [""gesture"", ""object""], ""fps"": {""gesture"": 10, ""object"": 10}, ""eff_fps"": {""gesture"": 10, ""object"": 10}, ""latency_ms"": {""gesture"": 0, ""object"": 0}, ""svclat_ms"": {""gesture"": 14.41, ""object"": 20.27}}, ""e14"": {""services"": [""gesture"", ""object""], ""fps"": {""gesture"": 10, ""object"": 10}, ""eff_fps"": {""gesture"": 10, ""object"": 10}, ""latency_ms"": {""gesture"": 0, ""object"": 0}, ""svclat_ms"": {""gesture"": 14.78, ""object"": 21.44}}, ""e15"": {""services"": [""gesture"", ""object""], ""fps"": {""gesture"": 10, ""object"": 11}, ""eff_fps"": {""gesture"": 10, ""object"": 11}, ""latency_ms"": {""gesture"": 0, ""object"": 0}, ""svclat_ms"": {""gesture"": 15.18, ""object"": 22.44}}}"
386.1,14,14,1.0,0,0,12,4,4,1.0,390.0,280,0.718,0.0,0.29,0.0,0,10.0,10.0,0,10.0,10.0,0,0,0,0,21.5,32.02,260,"{""ip-172-31-0-204"": ""healthy"", ""ip-172-31-1-171"": ""healthy"", ""ip-172-31-10-12"": ""healthy"", ""ip-172-31-11-132"": ""healthy"", ""ip-172-31-13-134"": ""healthy"", ""ip-172-31-14-68"": ""healthy"", ""ip-172-31-40-239"": ""healthy""}",unsubscribe,9.5,0.3333,0,0,"{""ip-172-31-0-204"": {""object"": 1}, ""ip-172-31-1-171"": {""object"": 1}, ""ip-172-31-10-12"": {""gesture"": 1}, ""ip-172-31-11-132"": {""gesture"": 1}}","{""e3"": {""services"": [""gesture"", ""object""], ""fps"": {""gesture"": 10, ""object"": 10}, ""eff_fps"": {""gesture"": 10, ""object"": 10}, ""latency_ms"": {""gesture"": 0, ""object"": 0}, ""svclat_ms"": {""gesture"": 15.71, ""object"": 28.8}}, ""e4"": {""services"": [""gesture"", ""object""], ""fps"": {""gesture"": 10, ""object"": 10}, ""eff_fps"": {""gesture"": 10, ""object"": 10}, ""latency_ms"": {""gesture"": 0, ""object"": 0}, ""svclat_ms"": {""gesture"": 27.78, ""object"": 53.75}}, ""e5"": {""services"": [""gesture"", ""object""], ""fps"": {""gesture"": 10, ""object"": 10}, ""eff_fps"": {""gesture"": 10, ""object"": 10}, ""latency_ms"": {""gesture"": 0, ""object"": 0}, ""svclat_ms"": {""gesture"": 16.09, ""object"": 29.11}}, ""e6"": {""services"": [""gesture"", ""object""], ""fps"": {""gesture"": 10, ""object"": 10}, ""eff_fps"": {""gesture"": 10, ""object"": 10}, ""latency_ms"": {""gesture"": 0, ""object"": 0}, ""svclat_ms"": {""gesture"": 18.08, ""object"": 28.41}}, ""e7"": {""services"": [""gesture"", ""object""], ""fps"": {""gesture"": 10, ""object"": 10}, ""eff_fps"": {""gesture"": 10, ""object"": 10}, ""latency_ms"": {""gesture"": 0, ""object"": 0}, ""svclat_ms"": {""gesture"": 16.06, ""object"": 44.87}}, ""e8"": {""services"": [""gesture"", ""object""], ""fps"": {""gesture"": 10, ""object"": 10}, ""eff_fps"": {""gesture"": 10, ""object"": 10}, ""latency_ms"": {""gesture"": 0, ""object"": 0}, ""svclat_ms"": {""gesture"": 27.51, ""object"": 44.87}}, ""e9"": {""services"": [""gesture"", ""object""], ""fps"": {""gesture"": 10, ""object"": 10}, ""eff_fps"": {""gesture"": 10, ""object"": 10}, ""latency_ms"": {""gesture"": 0, ""object"": 0}, ""svclat_ms"": {""gesture"": 33.08, ""object"": 58.65}}, ""e10"": {""services"": [""gesture"", ""object""], ""fps"": {""gesture"": 10, ""object"": 10}, ""eff_fps"": {""gesture"": 10, ""object"": 10}, ""latency_ms"": {""gesture"": 0, ""object"": 0}, ""svclat_ms"": {""gesture"": 27.68, ""object"": 22.11}}, ""e11"": {""services"": [""gesture"", ""object""], ""fps"": {""gesture"": 10, ""object"": 10}, ""eff_fps"": {""gesture"": 10, ""object"": 10}, ""latency_ms"": {""gesture"": 0, ""object"": 0}, ""svclat_ms"": {""gesture"": 32.26, ""object"": 21.95}}, ""e12"": {""services"": [""gesture"", ""object""], ""fps"": {""gesture"": 10, ""object"": 10}, ""eff_fps"": {""gesture"": 10, ""object"": 10}, ""latency_ms"": {""gesture"": 0, ""object"": 0}, ""svclat_ms"": {""gesture"": 20.88, ""object"": 20.06}}, ""e13"": {""services"": [""gesture"", ""object""], ""fps"": {""gesture"": 10, ""object"": 10}, ""eff_fps"": {""gesture"": 10, ""object"": 10}, ""latency_ms"": {""gesture"": 0, ""object"": 0}, ""svclat_ms"": {""gesture"": 14.21, ""object"": 20.32}}, ""e14"": {""services"": [""gesture"", ""object""], ""fps"": {""gesture"": 10, ""object"": 10}, ""eff_fps"": {""gesture"": 10, ""object"": 10}, ""latency_ms"": {""gesture"": 0, ""object"": 0}, ""svclat_ms"": {""gesture"": 14.89, ""object"": 21.72}}, ""e15"": {""services"": [""gesture"", ""object""], ""fps"": {""gesture"": 10, ""object"": 10}, ""eff_fps"": {""gesture"": 10, ""object"": 10}, ""latency_ms"": {""gesture"": 0, ""object"": 0}, ""svclat_ms"": {""gesture"": 15.28, ""object"": 21.66}}}"
391.0,13,13,1.0,0,0,12,4,4,1.0,390.0,260,0.667,0.0,0.31,0.0,0,10.0,10.0,0,10.0,10.0,0,0,0,0,26.06,34.99,240,"{""ip-172-31-0-204"": ""healthy"", ""ip-172-31-1-171"": ""healthy"", ""ip-172-31-10-12"": ""healthy"", ""ip-172-31-11-132"": ""healthy"", ""ip-172-31-13-134"": ""healthy"", ""ip-172-31-14-68"": ""healthy"", ""ip-172-31-40-239"": ""healthy""}",unsubscribe,9.4,0.3333,0,0,"{""ip-172-31-0-204"": {""object"": 1}, ""ip-172-31-1-171"": {""object"": 1}, ""ip-172-31-10-12"": {""gesture"": 1}, ""ip-172-31-11-132"": {""gesture"": 1}}","{""e4"": {""services"": [""gesture"", ""object""], ""fps"": {""gesture"": 10, ""object"": 10}, ""eff_fps"": {""gesture"": 10, ""object"": 10}, ""latency_ms"": {""gesture"": 0, ""object"": 0}, ""svclat_ms"": {""gesture"": 27.16, ""object"": 56.96}}, ""e5"": {""services"": [""gesture"", ""object""], ""fps"": {""gesture"": 10, ""object"": 10}, ""eff_fps"": {""gesture"": 10, ""object"": 10}, ""latency_ms"": {""gesture"": 0, ""object"": 0}, ""svclat_ms"": {""gesture"": 15.97, ""object"": 29.87}}, ""e6"": {""services"": [""gesture"", ""object""], ""fps"": {""gesture"": 10, ""object"": 10}, ""eff_fps"": {""gesture"": 10, ""object"": 10}, ""latency_ms"": {""gesture"": 0, ""object"": 0}, ""svclat_ms"": {""gesture"": 17.51, ""object"": 29.75}}, ""e7"": {""services"": [""gesture"", ""object""], ""fps"": {""gesture"": 10, ""object"": 10}, ""eff_fps"": {""gesture"": 10, ""object"": 10}, ""latency_ms"": {""gesture"": 0, ""object"": 0}, ""svclat_ms"": {""gesture"": 26.16, ""object"": 52.08}}, ""e8"": {""services"": [""gesture"", ""object""], ""fps"": {""gesture"": 10, ""object"": 10}, ""eff_fps"": {""gesture"": 10, ""object"": 10}, ""latency_ms"": {""gesture"": 0, ""object"": 0}, ""svclat_ms"": {""gesture"": 28.32, ""object"": 40.73}}, ""e9"": {""services"": [""gesture"", ""object""], ""fps"": {""gesture"": 10, ""object"": 10}, ""eff_fps"": {""gesture"": 10, ""object"": 10}, ""latency_ms"": {""gesture"": 0, ""object"": 0}, ""svclat_ms"": {""gesture"": 34.87, ""object"": 60.31}}, ""e10"": {""services"": [""gesture"", ""object""], ""fps"": {""gesture"": 10, ""object"": 10}, ""eff_fps"": {""gesture"": 10, ""object"": 10}, ""latency_ms"": {""gesture"": 0, ""object"": 0}, ""svclat_ms"": {""gesture"": 37.28, ""object"": 24.33}}, ""e11"": {""services"": [""gesture"", ""object""], ""fps"": {""gesture"": 10, ""object"": 10}, ""eff_fps"": {""gesture"": 10, ""object"": 10}, ""latency_ms"": {""gesture"": 0, ""object"": 0}, ""svclat_ms"": {""gesture"": 32.67, ""object"": 48.41}}, ""e12"": {""services"": [""gesture"", ""object""], ""fps"": {""gesture"": 10, ""object"": 10}, ""eff_fps"": {""gesture"": 10, ""object"": 10}, ""latency_ms"": {""gesture"": 0, ""object"": 0}, ""svclat_ms"": {""gesture"": 20.19, ""object"": 19.59}}, ""e13"": {""services"": [""gesture"", ""object""], ""fps"": {""gesture"": 10, ""object"": 10}, ""eff_fps"": {""gesture"": 10, ""object"": 10}, ""latency_ms"": {""gesture"": 0, ""object"": 0}, ""svclat_ms"": {""gesture"": 31.71, ""object"": 19.88}}, ""e14"": {""services"": [""gesture"", ""object""], ""fps"": {""gesture"": 10, ""object"": 10}, ""eff_fps"": {""gesture"": 10, ""object"": 10}, ""latency_ms"": {""gesture"": 0, ""object"": 0}, ""svclat_ms"": {""gesture"": 26.79, ""object"": 17.99}}, ""e15"": {""services"": [""gesture"", ""object""], ""fps"": {""gesture"": 10, ""object"": 10}, ""eff_fps"": {""gesture"": 10, ""object"": 10}, ""latency_ms"": {""gesture"": 0, ""object"": 0}, ""svclat_ms"": {""gesture"": 14.12, ""object"": 19.95}}}"
394.9,12,12,1.0,0,0,12,4,4,1.0,390.0,240,0.615,0.0,0.33,0.0,0,10.0,10.0,0,10.0,10.0,0,0,0,0,26.78,33.64,220,"{""ip-172-31-0-204"": ""healthy"", ""ip-172-31-1-171"": ""healthy"", ""ip-172-31-10-12"": ""healthy"", ""ip-172-31-11-132"": ""healthy"", ""ip-172-31-13-134"": ""healthy"", ""ip-172-31-14-68"": ""healthy"", ""ip-172-31-40-239"": ""healthy""}",unsubscribe,9.8,0.3333,0,0,"{""ip-172-31-0-204"": {""object"": 1}, ""ip-172-31-1-171"": {""object"": 1}, ""ip-172-31-10-12"": {""gesture"": 1}, ""ip-172-31-11-132"": {""gesture"": 1}}","{""e5"": {""services"": [""gesture"", ""object""], ""fps"": {""gesture"": 10, ""object"": 10}, ""eff_fps"": {""gesture"": 10, ""object"": 10}, ""latency_ms"": {""gesture"": 0, ""object"": 0}, ""svclat_ms"": {""gesture"": 18.73, ""object"": 29.3}}, ""e6"": {""services"": [""gesture"", ""object""], ""fps"": {""gesture"": 10, ""object"": 10}, ""eff_fps"": {""gesture"": 10, ""object"": 10}, ""latency_ms"": {""gesture"": 0, ""object"": 0}, ""svclat_ms"": {""gesture"": 16.56, ""object"": 29.13}}, ""e7"": {""services"": [""gesture"", ""object""], ""fps"": {""gesture"": 10, ""object"": 10}, ""eff_fps"": {""gesture"": 10, ""object"": 10}, ""latency_ms"": {""gesture"": 0, ""object"": 0}, ""svclat_ms"": {""gesture"": 28.49, ""object"": 45.29}}, ""e8"": {""services"": [""gesture"", ""object""], ""fps"": {""gesture"": 10, ""object"": 10}, ""eff_fps"": {""gesture"": 10, ""object"": 10}, ""latency_ms"": {""gesture"": 0, ""object"": 0}, ""svclat_ms"": {""gesture"": 19.81, ""object"": 44.2}}, ""e9"": {""services"": [""gesture"", ""object""], ""fps"": {""gesture"": 10, ""object"": 10}, ""eff_fps"": {""gesture"": 10, ""object"": 10}, ""latency_ms"": {""gesture"": 0, ""object"": 0}, ""svclat_ms"": {""gesture"": 30.31, ""object"": 47.42}}, ""e10"": {""services"": [""gesture"", ""object""], ""fps"": {""gesture"": 10, ""object"": 10}, ""eff_fps"": {""gesture"": 10, ""object"": 10}, ""latency_ms"": {""gesture"": 0, ""object"": 0}, ""svclat_ms"": {""gesture"": 39.04, ""object"": 23.17}}, ""e11"": {""services"": [""gesture"", ""object""], ""fps"": {""gesture"": 10, ""object"": 10}, ""eff_fps"": {""gesture"": 10, ""object"": 10}, ""latency_ms"": {""gesture"": 0, ""object"": 0}, ""svclat_ms"": {""gesture"": 26.31, ""object"": 47.01}}, ""e12"": {""services"": [""gesture"", ""object""], ""fps"": {""gesture"": 10, ""object"": 10}, ""eff_fps"": {""gesture"": 10, ""object"": 10}, ""latency_ms"": {""gesture"": 0, ""object"": 0}, ""svclat_ms"": {""gesture"": 17.84, ""object"": 46.38}}, ""e13"": {""services"": [""gesture"", ""object""], ""fps"": {""gesture"": 10, ""object"": 10}, ""eff_fps"": {""gesture"": 10, ""object"": 10}, ""latency_ms"": {""gesture"": 0, ""object"": 0}, ""svclat_ms"": {""gesture"": 33.31, ""object"": 18.93}}, ""e14"": {""services"": [""gesture"", ""object""], ""fps"": {""gesture"": 10, ""object"": 10}, ""eff_fps"": {""gesture"": 10, ""object"": 10}, ""latency_ms"": {""gesture"": 0, ""object"": 0}, ""svclat_ms"": {""gesture"": 29.22, ""object"": 19.84}}, ""e15"": {""services"": [""gesture"", ""object""], ""fps"": {""gesture"": 10, ""object"": 10}, ""eff_fps"": {""gesture"": 10, ""object"": 10}, ""latency_ms"": {""gesture"": 0, ""object"": 0}, ""svclat_ms"": {""gesture"": 34.91, ""object"": 19.42}}}"
397.3,11,11,1.0,0,1,13,3,3,1.0,277.0,220,0.794,0.0,0.27,0.0,0,10.0,10.0,0,10.0,10.0,0,0,0,0,26.0,33.59,220,"{""ip-172-31-0-204"": ""healthy"", ""ip-172-31-1-171"": ""healthy"", ""ip-172-31-10-12"": ""healthy"", ""ip-172-31-11-132"": ""healthy"", ""ip-172-31-13-134"": ""healthy"", ""ip-172-31-14-68"": ""healthy"", ""ip-172-31-40-239"": ""healthy""}",unsubscribe,9.0,0.3333,0,0,"{""ip-172-31-0-204"": {""object"": 1}, ""ip-172-31-1-171"": {""object"": 1}, ""ip-172-31-10-12"": {""gesture"": 1}}","{""e5"": {""services"": [""gesture"", ""object""], ""fps"": {""gesture"": 10, ""object"": 10}, ""eff_fps"": {""gesture"": 10, ""object"": 10}, ""latency_ms"": {""gesture"": 0, ""object"": 0}, ""svclat_ms"": {""gesture"": 16.84, ""object"": 29.55}}, ""e6"": {""services"": [""gesture"", ""object""], ""fps"": {""gesture"": 10, ""object"": 10}, ""eff_fps"": {""gesture"": 10, ""object"": 10}, ""latency_ms"": {""gesture"": 0, ""object"": 0}, ""svclat_ms"": {""gesture"": 16.33, ""object"": 31.07}}, ""e7"": {""services"": [""gesture"", ""object""], ""fps"": {""gesture"": 10, ""object"": 10}, ""eff_fps"": {""gesture"": 10, ""object"": 10}, ""latency_ms"": {""gesture"": 0, ""object"": 0}, ""svclat_ms"": {""gesture"": 27.21, ""object"": 48.66}}, ""e8"": {""services"": [""gesture"", ""object""], ""fps"": {""gesture"": 10, ""object"": 10}, ""eff_fps"": {""gesture"": 10, ""object"": 10}, ""latency_ms"": {""gesture"": 0, ""object"": 0}, ""svclat_ms"": {""gesture"": 19.25, ""object"": 37.73}}, ""e9"": {""services"": [""gesture"", ""object""], ""fps"": {""gesture"": 10, ""object"": 10}, ""eff_fps"": {""gesture"": 10, ""object"": 10}, ""latency_ms"": {""gesture"": 0, ""object"": 0}, ""svclat_ms"": {""gesture"": 28.31, ""object"": 47.31}}, ""e10"": {""services"": [""gesture"", ""object""], ""fps"": {""gesture"": 10, ""object"": 10}, ""eff_fps"": {""gesture"": 10, ""object"": 10}, ""latency_ms"": {""gesture"": 0, ""object"": 0}, ""svclat_ms"": {""gesture"": 38.07, ""object"": 23.15}}, ""e11"": {""services"": [""gesture"", ""object""], ""fps"": {""gesture"": 10, ""object"": 10}, ""eff_fps"": {""gesture"": 10, ""object"": 10}, ""latency_ms"": {""gesture"": 0, ""object"": 0}, ""svclat_ms"": {""gesture"": 26.38, ""object"": 47.5}}, ""e12"": {""services"": [""gesture"", ""object""], ""fps"": {""gesture"": 10, ""object"": 10}, ""eff_fps"": {""gesture"": 10, ""object"": 10}, ""latency_ms"": {""gesture"": 0, ""object"": 0}, ""svclat_ms"": {""gesture"": 18.39, ""object"": 46.61}}, ""e13"": {""services"": [""gesture"", ""object""], ""fps"": {""gesture"": 10, ""object"": 10}, ""eff_fps"": {""gesture"": 10, ""object"": 10}, ""latency_ms"": {""gesture"": 0, ""object"": 0}, ""svclat_ms"": {""gesture"": 32.35, ""object"": 19.0}}, ""e14"": {""services"": [""gesture"", ""object""], ""fps"": {""gesture"": 10, ""object"": 10}, ""eff_fps"": {""gesture"": 10, ""object"": 10}, ""latency_ms"": {""gesture"": 0, ""object"": 0}, ""svclat_ms"": {""gesture"": 28.33, ""object"": 19.96}}, ""e15"": {""services"": [""gesture"", ""object""], ""fps"": {""gesture"": 10, ""object"": 10}, ""eff_fps"": {""gesture"": 10, ""object"": 10}, ""latency_ms"": {""gesture"": 0, ""object"": 0}, ""svclat_ms"": {""gesture"": 34.49, ""object"": 18.91}}}"
401.0,10,10,1.0,0,0,13,3,3,1.0,277.0,200,0.722,0.0,0.3,0.0,0,10.0,10.0,0,10.0,10.0,0,0,0,0,26.33,34.47,200,"{""ip-172-31-0-204"": ""healthy"", ""ip-172-31-1-171"": ""healthy"", ""ip-172-31-10-12"": ""healthy"", ""ip-172-31-11-132"": ""healthy"", ""ip-172-31-13-134"": ""healthy"", ""ip-172-31-14-68"": ""healthy"", ""ip-172-31-40-239"": ""healthy""}",unsubscribe,9.2,0.3333,0,0,"{""ip-172-31-0-204"": {""object"": 1}, ""ip-172-31-1-171"": {""object"": 1}, ""ip-172-31-10-12"": {""gesture"": 1}}","{""e6"": {""services"": [""gesture"", ""object""], ""fps"": {""gesture"": 10, ""object"": 10}, ""eff_fps"": {""gesture"": 10, ""object"": 10}, ""latency_ms"": {""gesture"": 0, ""object"": 0}, ""svclat_ms"": {""gesture"": 16.63, ""object"": 30.22}}, ""e7"": {""services"": [""gesture"", ""object""], ""fps"": {""gesture"": 10, ""object"": 10}, ""eff_fps"": {""gesture"": 10, ""object"": 10}, ""latency_ms"": {""gesture"": 0, ""object"": 0}, ""svclat_ms"": {""gesture"": 26.06, ""object"": 47.68}}, ""e8"": {""services"": [""gesture"", ""object""], ""fps"": {""gesture"": 10, ""object"": 10}, ""eff_fps"": {""gesture"": 10, ""object"": 10}, ""latency_ms"": {""gesture"": 0, ""object"": 0}, ""svclat_ms"": {""gesture"": 19.08, ""object"": 40.79}}, ""e9"": {""services"": [""gesture"", ""object""], ""fps"": {""gesture"": 10, ""object"": 10}, ""eff_fps"": {""gesture"": 10, ""object"": 10}, ""latency_ms"": {""gesture"": 0, ""object"": 0}, ""svclat_ms"": {""gesture"": 27.58, ""object"": 48.06}}, ""e10"": {""services"": [""gesture"", ""object""], ""fps"": {""gesture"": 10, ""object"": 10}, ""eff_fps"": {""gesture"": 10, ""object"": 10}, ""latency_ms"": {""gesture"": 0, ""object"": 0}, ""svclat_ms"": {""gesture"": 37.64, ""object"": 23.7}}, ""e11"": {""services"": [""gesture"", ""object""], ""fps"": {""gesture"": 10, ""object"": 10}, ""eff_fps"": {""gesture"": 10, ""object"": 10}, ""latency_ms"": {""gesture"": 0, ""object"": 0}, ""svclat_ms"": {""gesture"": 26.24, ""object"": 47.21}}, ""e12"": {""services"": [""gesture"", ""object""], ""fps"": {""gesture"": 10, ""object"": 10}, ""eff_fps"": {""gesture"": 10, ""object"": 10}, ""latency_ms"": {""gesture"": 0, ""object"": 0}, ""svclat_ms"": {""gesture"": 18.18, ""object"": 46.42}}, ""e13"": {""services"": [""gesture"", ""object""], ""fps"": {""gesture"": 10, ""object"": 10}, ""eff_fps"": {""gesture"": 10, ""object"": 10}, ""latency_ms"": {""gesture"": 0, ""object"": 0}, ""svclat_ms"": {""gesture"": 31.96, ""object"": 21.93}}, ""e14"": {""services"": [""gesture"", ""object""], ""fps"": {""gesture"": 10, ""object"": 10}, ""eff_fps"": {""gesture"": 10, ""object"": 10}, ""latency_ms"": {""gesture"": 0, ""object"": 0}, ""svclat_ms"": {""gesture"": 25.99, ""object"": 20.19}}, ""e15"": {""services"": [""gesture"", ""object""], ""fps"": {""gesture"": 10, ""object"": 10}, ""eff_fps"": {""gesture"": 10, ""object"": 10}, ""latency_ms"": {""gesture"": 0, ""object"": 0}, ""svclat_ms"": {""gesture"": 33.97, ""object"": 18.53}}}"
404.8,10,10,1.0,0,0,13,3,3,1.0,277.0,200,0.722,0.0,0.3,0.0,0,10.0,9.89,0,10.0,9.89,0,0,0,0,27.98,36.24,179,"{""ip-172-31-0-204"": ""healthy"", ""ip-172-31-1-171"": ""healthy"", ""ip-172-31-10-12"": ""healthy"", ""ip-172-31-11-132"": ""healthy"", ""ip-172-31-13-134"": ""healthy"", ""ip-172-31-14-68"": ""healthy"", ""ip-172-31-40-239"": ""healthy""}",unsubscribe,9.2,0.3333,0,0,"{""ip-172-31-0-204"": {""object"": 1}, ""ip-172-31-1-171"": {""object"": 1}, ""ip-172-31-10-12"": {""gesture"": 1}}","{""e7"": {""services"": [""gesture"", ""object""], ""fps"": {""gesture"": 10, ""object"": 10}, ""eff_fps"": {""gesture"": 10, ""object"": 10}, ""latency_ms"": {""gesture"": 0, ""object"": 0}, ""svclat_ms"": {""gesture"": 27.31, ""object"": 36.14}}, ""e8"": {""services"": [""gesture"", ""object""], ""fps"": {""gesture"": 10, ""object"": 10}, ""eff_fps"": {""gesture"": 10, ""object"": 10}, ""latency_ms"": {""gesture"": 0, ""object"": 0}, ""svclat_ms"": {""gesture"": 20.04, ""object"": 32.09}}, ""e9"": {""services"": [""gesture"", ""object""], ""fps"": {""gesture"": 10, ""object"": 10}, ""eff_fps"": {""gesture"": 10, ""object"": 10}, ""latency_ms"": {""gesture"": 0, ""object"": 0}, ""svclat_ms"": {""gesture"": 29.72, ""object"": 49.23}}, ""e10"": {""services"": [""gesture"", ""object""], ""fps"": {""gesture"": 10, ""object"": 10}, ""eff_fps"": {""gesture"": 10, ""object"": 10}, ""latency_ms"": {""gesture"": 0, ""object"": 0}, ""svclat_ms"": {""gesture"": 38.76, ""object"": 24.04}}, ""e11"": {""services"": [""gesture"", ""object""], ""fps"": {""gesture"": 10, ""object"": 10}, ""eff_fps"": {""gesture"": 10, ""object"": 10}, ""latency_ms"": {""gesture"": 0, ""object"": 0}, ""svclat_ms"": {""gesture"": 25.82, ""object"": 48.1}}, ""e12"": {""services"": [""gesture"", ""object""], ""fps"": {""gesture"": 10, ""object"": 10}, ""eff_fps"": {""gesture"": 10, ""object"": 10}, ""latency_ms"": {""gesture"": 0, ""object"": 0}, ""svclat_ms"": {""gesture"": 17.5, ""object"": 47.1}}, ""e13"": {""services"": [""gesture"", ""object""], ""fps"": {""gesture"": 10, ""object"": 10}, ""eff_fps"": {""gesture"": 10, ""object"": 10}, ""latency_ms"": {""gesture"": 0, ""object"": 0}, ""svclat_ms"": {""gesture"": 32.44, ""object"": 21.04}}, ""e14"": {""services"": [""gesture"", ""object""], ""fps"": {""gesture"": 10, ""object"": 9}, ""eff_fps"": {""gesture"": 10, ""object"": 9}, ""latency_ms"": {""gesture"": 0, ""object"": 0}, ""svclat_ms"": {""gesture"": 27.31, ""object"": 49.39}}, ""e15"": {""services"": [""gesture"", ""object""], ""fps"": {""gesture"": 10, ""object"": 10}, ""eff_fps"": {""gesture"": 10, ""object"": 10}, ""latency_ms"": {""gesture"": 0, ""object"": 0}, ""svclat_ms"": {""gesture"": 32.96, ""object"": 19.01}}}"
407.2,9,9,1.0,0,0,13,3,3,1.0,277.0,180,0.65,0.0,0.33,0.0,0,10.0,10.0,0,10.0,10.0,0,0,0,0,27.01,36.26,180,"{""ip-172-31-0-204"": ""healthy"", ""ip-172-31-1-171"": ""healthy"", ""ip-172-31-10-12"": ""healthy"", ""ip-172-31-11-132"": ""healthy"", ""ip-172-31-13-134"": ""healthy"", ""ip-172-31-14-68"": ""healthy"", ""ip-172-31-40-239"": ""healthy""}",unsubscribe,9.3,0.3333,0,0,"{""ip-172-31-0-204"": {""object"": 1}, ""ip-172-31-1-171"": {""object"": 1}, ""ip-172-31-10-12"": {""gesture"": 1}}","{""e7"": {""services"": [""gesture"", ""object""], ""fps"": {""gesture"": 10, ""object"": 10}, ""eff_fps"": {""gesture"": 10, ""object"": 10}, ""latency_ms"": {""gesture"": 0, ""object"": 0}, ""svclat_ms"": {""gesture"": 25.77, ""object"": 35.96}}, ""e8"": {""services"": [""gesture"", ""object""], ""fps"": {""gesture"": 10, ""object"": 10}, ""eff_fps"": {""gesture"": 10, ""object"": 10}, ""latency_ms"": {""gesture"": 0, ""object"": 0}, ""svclat_ms"": {""gesture"": 18.67, ""object"": 32.32}}, ""e9"": {""services"": [""gesture"", ""object""], ""fps"": {""gesture"": 10, ""object"": 10}, ""eff_fps"": {""gesture"": 10, ""object"": 10}, ""latency_ms"": {""gesture"": 0, ""object"": 0}, ""svclat_ms"": {""gesture"": 29.15, ""object"": 48.86}}, ""e10"": {""services"": [""gesture"", ""object""], ""fps"": {""gesture"": 10, ""object"": 10}, ""eff_fps"": {""gesture"": 10, ""object"": 10}, ""latency_ms"": {""gesture"": 0, ""object"": 0}, ""svclat_ms"": {""gesture"": 37.18, ""object"": 24.72}}, ""e11"": {""services"": [""gesture"", ""object""], ""fps"": {""gesture"": 10, ""object"": 10}, ""eff_fps"": {""gesture"": 10, ""object"": 10}, ""latency_ms"": {""gesture"": 0, ""object"": 0}, ""svclat_ms"": {""gesture"": 25.75, ""object"": 47.86}}, ""e12"": {""services"": [""gesture"", ""object""], ""fps"": {""gesture"": 10, ""object"": 10}, ""eff_fps"": {""gesture"": 10, ""object"": 10}, ""latency_ms"": {""gesture"": 0, ""object"": 0}, ""svclat_ms"": {""gesture"": 17.24, ""object"": 47.08}}, ""e13"": {""services"": [""gesture"", ""object""], ""fps"": {""gesture"": 10, ""object"": 10}, ""eff_fps"": {""gesture"": 10, ""object"": 10}, ""latency_ms"": {""gesture"": 0, ""object"": 0}, ""svclat_ms"": {""gesture"": 31.4, ""object"": 21.47}}, ""e14"": {""services"": [""gesture"", ""object""], ""fps"": {""gesture"": 10, ""object"": 10}, ""eff_fps"": {""gesture"": 10, ""object"": 10}, ""latency_ms"": {""gesture"": 0, ""object"": 0}, ""svclat_ms"": {""gesture"": 25.45, ""object"": 48.74}}, ""e15"": {""services"": [""gesture"", ""object""], ""fps"": {""gesture"": 10, ""object"": 10}, ""eff_fps"": {""gesture"": 10, ""object"": 10}, ""latency_ms"": {""gesture"": 0, ""object"": 0}, ""svclat_ms"": {""gesture"": 32.46, ""object"": 19.31}}}"
409.7,8,9,1.125,0,0,13,3,3,1.0,277.0,180,0.65,0.0,0.38,0.0,0,10.0,10.0,0,10.0,10.0,0,0,0,0,25.95,29.28,160,"{""ip-172-31-0-204"": ""healthy"", ""ip-172-31-1-171"": ""healthy"", ""ip-172-31-10-12"": ""healthy"", ""ip-172-31-11-132"": ""healthy"", ""ip-172-31-13-134"": ""healthy"", ""ip-172-31-14-68"": ""healthy"", ""ip-172-31-40-239"": ""healthy""}",unsubscribe,9.3,0.3333,0,0,"{""ip-172-31-0-204"": {""object"": 1}, ""ip-172-31-1-171"": {""object"": 1}, ""ip-172-31-10-12"": {""gesture"": 1}}","{""e8"": {""services"": [""gesture"", ""object""], ""fps"": {""gesture"": 10, ""object"": 10}, ""eff_fps"": {""gesture"": 10, ""object"": 10}, ""latency_ms"": {""gesture"": 0, ""object"": 0}, ""svclat_ms"": {""gesture"": 19.08, ""object"": 26.74}}, ""e9"": {""services"": [""gesture"", ""object""], ""fps"": {""gesture"": 10, ""object"": 10}, ""eff_fps"": {""gesture"": 10, ""object"": 10}, ""latency_ms"": {""gesture"": 0, ""object"": 0}, ""svclat_ms"": {""gesture"": 28.32, ""object"": 36.52}}, ""e10"": {""services"": [""gesture"", ""object""], ""fps"": {""gesture"": 10, ""object"": 10}, ""eff_fps"": {""gesture"": 10, ""object"": 10}, ""latency_ms"": {""gesture"": 0, ""object"": 0}, ""svclat_ms"": {""gesture"": 36.1, ""object"": 22.91}}, ""e11"": {""services"": [""gesture"", ""object""], ""fps"": {""gesture"": 10, ""object"": 10}, ""eff_fps"": {""gesture"": 10, ""object"": 10}, ""latency_ms"": {""gesture"": 0, ""object"": 0}, ""svclat_ms"": {""gesture"": 26.12, ""object"": 35.4}}, ""e12"": {""services"": [""gesture"", ""object""], ""fps"": {""gesture"": 10, ""object"": 10}, ""eff_fps"": {""gesture"": 10, ""object"": 10}, ""latency_ms"": {""gesture"": 0, ""object"": 0}, ""svclat_ms"": {""gesture"": 17.35, ""object"": 35.27}}, ""e13"": {""services"": [""gesture"", ""object""], ""fps"": {""gesture"": 10, ""object"": 10}, ""eff_fps"": {""gesture"": 10, ""object"": 10}, ""latency_ms"": {""gesture"": 0, ""object"": 0}, ""svclat_ms"": {""gesture"": 30.42, ""object"": 21.04}}, ""e14"": {""services"": [""gesture"", ""object""], ""fps"": {""gesture"": 10, ""object"": 10}, ""eff_fps"": {""gesture"": 10, ""object"": 10}, ""latency_ms"": {""gesture"": 0, ""object"": 0}, ""svclat_ms"": {""gesture"": 17.77, ""object"": 35.89}}, ""e15"": {""services"": [""gesture"", ""object""], ""fps"": {""gesture"": 10, ""object"": 10}, ""eff_fps"": {""gesture"": 10, ""object"": 10}, ""latency_ms"": {""gesture"": 0, ""object"": 0}, ""svclat_ms"": {""gesture"": 32.46, ""object"": 20.5}}}"
412.1,8,9,1.125,0,0,13,3,3,1.0,277.0,180,0.65,0.0,0.38,0.0,0,10.0,10.0,0,10.0,10.0,0,0,0,0,25.41,29.37,160,"{""ip-172-31-0-204"": ""healthy"", ""ip-172-31-1-171"": ""healthy"", ""ip-172-31-10-12"": ""healthy"", ""ip-172-31-11-132"": ""healthy"", ""ip-172-31-13-134"": ""healthy"", ""ip-172-31-14-68"": ""healthy"", ""ip-172-31-40-239"": ""healthy""}",unsubscribe,9.3,0.3333,0,0,"{""ip-172-31-0-204"": {""object"": 1}, ""ip-172-31-1-171"": {""object"": 1}, ""ip-172-31-10-12"": {""gesture"": 1}}","{""e8"": {""services"": [""gesture"", ""object""], ""fps"": {""gesture"": 10, ""object"": 10}, ""eff_fps"": {""gesture"": 10, ""object"": 10}, ""latency_ms"": {""gesture"": 0, ""object"": 0}, ""svclat_ms"": {""gesture"": 18.63, ""object"": 26.99}}, ""e9"": {""services"": [""gesture"", ""object""], ""fps"": {""gesture"": 10, ""object"": 10}, ""eff_fps"": {""gesture"": 10, ""object"": 10}, ""latency_ms"": {""gesture"": 0, ""object"": 0}, ""svclat_ms"": {""gesture"": 27.38, ""object"": 36.88}}, ""e10"": {""services"": [""gesture"", ""object""], ""fps"": {""gesture"": 10, ""object"": 10}, ""eff_fps"": {""gesture"": 10, ""object"": 10}, ""latency_ms"": {""gesture"": 0, ""object"": 0}, ""svclat_ms"": {""gesture"": 35.37, ""object"": 23.07}}, ""e11"": {""services"": [""gesture"", ""object""], ""fps"": {""gesture"": 10, ""object"": 10}, ""eff_fps"": {""gesture"": 10, ""object"": 10}, ""latency_ms"": {""gesture"": 0, ""object"": 0}, ""svclat_ms"": {""gesture"": 25.68, ""object"": 35.51}}, ""e12"": {""services"": [""gesture"", ""object""], ""fps"": {""gesture"": 10, ""object"": 10}, ""eff_fps"": {""gesture"": 10, ""object"": 10}, ""latency_ms"": {""gesture"": 0, ""object"": 0}, ""svclat_ms"": {""gesture"": 17.16, ""object"": 34.96}}, ""e13"": {""services"": [""gesture"", ""object""], ""fps"": {""gesture"": 10, ""object"": 10}, ""eff_fps"": {""gesture"": 10, ""object"": 10}, ""latency_ms"": {""gesture"": 0, ""object"": 0}, ""svclat_ms"": {""gesture"": 29.13, ""object"": 20.82}}, ""e14"": {""services"": [""gesture"", ""object""], ""fps"": {""gesture"": 10, ""object"": 10}, ""eff_fps"": {""gesture"": 10, ""object"": 10}, ""latency_ms"": {""gesture"": 0, ""object"": 0}, ""svclat_ms"": {""gesture"": 16.97, ""object"": 36.07}}, ""e15"": {""services"": [""gesture"", ""object""], ""fps"": {""gesture"": 10, ""object"": 10}, ""eff_fps"": {""gesture"": 10, ""object"": 10}, ""latency_ms"": {""gesture"": 0, ""object"": 0}, ""svclat_ms"": {""gesture"": 33.0, ""object"": 20.7}}}"
414.5,8,9,1.125,0,0,13,3,3,1.0,277.0,180,0.65,0.0,0.38,0.0,0,8.29,10.0,0,8.14,10.0,0,0,0,0,23.53,22.81,128,"{""ip-172-31-0-204"": ""healthy"", ""ip-172-31-1-171"": ""healthy"", ""ip-172-31-10-12"": ""healthy"", ""ip-172-31-11-132"": ""healthy"", ""ip-172-31-13-134"": ""healthy"", ""ip-172-31-14-68"": ""healthy"", ""ip-172-31-40-239"": ""healthy""}",unsubscribe,9.3,0.3333,0,0,"{""ip-172-31-0-204"": {""object"": 1}, ""ip-172-31-1-171"": {""object"": 1}, ""ip-172-31-10-12"": {""gesture"": 1}}","{""e9"": {""services"": [""gesture"", ""object""], ""fps"": {""gesture"": 10, ""object"": 10}, ""eff_fps"": {""gesture"": 10, ""object"": 10}, ""latency_ms"": {""gesture"": 0, ""object"": 0}, ""svclat_ms"": {""gesture"": 26.84, ""object"": 23.95}}, ""e10"": {""services"": [""gesture"", ""object""], ""fps"": {""gesture"": 9, ""object"": 10}, ""eff_fps"": {""gesture"": 9, ""object"": 10}, ""latency_ms"": {""gesture"": 0, ""object"": 0}, ""svclat_ms"": {""gesture"": 27.28, ""object"": 21.93}}, ""e11"": {""services"": [""gesture"", ""object""], ""fps"": {""gesture"": 7, ""object"": 10}, ""eff_fps"": {""gesture"": 7, ""object"": 10}, ""latency_ms"": {""gesture"": 0, ""object"": 0}, ""svclat_ms"": {""gesture"": 16.67, ""object"": 23.9}}, ""e12"": {""services"": [""gesture"", ""object""], ""fps"": {""gesture"": 7, ""object"": 10}, ""eff_fps"": {""gesture"": 7, ""object"": 10}, ""latency_ms"": {""gesture"": 0, ""object"": 0}, ""svclat_ms"": {""gesture"": 16.03, ""object"": 24.2}}, ""e13"": {""services"": [""gesture"", ""object""], ""fps"": {""gesture"": 8, ""object"": 10}, ""eff_fps"": {""gesture"": 8, ""object"": 10}, ""latency_ms"": {""gesture"": 0, ""object"": 0}, ""svclat_ms"": {""gesture"": 22.47, ""object"": 20.73}}, ""e14"": {""services"": [""gesture"", ""object""], ""fps"": {""gesture"": 10, ""object"": 10}, ""eff_fps"": {""gesture"": 10, ""object"": 10}, ""latency_ms"": {""gesture"": 0, ""object"": 0}, ""svclat_ms"": {""gesture"": 15.42, ""object"": 22.81}}, ""e15"": {""services"": [""gesture"", ""object""], ""fps"": {""gesture"": 7, ""object"": 10}, ""eff_fps"": {""gesture"": 6, ""object"": 10}, ""latency_ms"": {""gesture"": 0, ""object"": 0}, ""svclat_ms"": {""gesture"": 39.98, ""object"": 22.14}}}"
418.1,8,9,1.125,0,0,13,3,3,1.0,277.0,180,0.65,0.0,0.38,0.0,0,10.0,10.0,0,10.0,10.0,0,0,0,0,16.73,22.97,120,"{""ip-172-31-0-204"": ""healthy"", ""ip-172-31-1-171"": ""healthy"", ""ip-172-31-10-12"": ""healthy"", ""ip-172-31-11-132"": ""healthy"", ""ip-172-31-13-134"": ""healthy"", ""ip-172-31-14-68"": ""healthy"", ""ip-172-31-40-239"": ""healthy""}",unsubscribe,9.3,0.3333,0,0,"{""ip-172-31-0-204"": {""object"": 1}, ""ip-172-31-1-171"": {""object"": 1}, ""ip-172-31-10-12"": {""gesture"": 1}}","{""e10"": {""services"": [""gesture"", ""object""], ""fps"": {""gesture"": 10, ""object"": 10}, ""eff_fps"": {""gesture"": 10, ""object"": 10}, ""latency_ms"": {""gesture"": 0, ""object"": 0}, ""svclat_ms"": {""gesture"": 17.37, ""object"": 22.28}}, ""e11"": {""services"": [""gesture"", ""object""], ""fps"": {""gesture"": 10, ""object"": 10}, ""eff_fps"": {""gesture"": 10, ""object"": 10}, ""latency_ms"": {""gesture"": 0, ""object"": 0}, ""svclat_ms"": {""gesture"": 15.64, ""object"": 24.92}}, ""e12"": {""services"": [""gesture"", ""object""], ""fps"": {""gesture"": 10, ""object"": 10}, ""eff_fps"": {""gesture"": 10, ""object"": 10}, ""latency_ms"": {""gesture"": 0, ""object"": 0}, ""svclat_ms"": {""gesture"": 17.85, ""object"": 22.84}}, ""e13"": {""services"": [""gesture"", ""object""], ""fps"": {""gesture"": 10, ""object"": 10}, ""eff_fps"": {""gesture"": 10, ""object"": 10}, ""latency_ms"": {""gesture"": 0, ""object"": 0}, ""svclat_ms"": {""gesture"": 16.37, ""object"": 20.67}}, ""e14"": {""services"": [""gesture"", ""object""], ""fps"": {""gesture"": 10, ""object"": 10}, ""eff_fps"": {""gesture"": 10, ""object"": 10}, ""latency_ms"": {""gesture"": 0, ""object"": 0}, ""svclat_ms"": {""gesture"": 17.38, ""object"": 22.81}}, ""e15"": {""services"": [""gesture"", ""object""], ""fps"": {""gesture"": 10, ""object"": 10}, ""eff_fps"": {""gesture"": 10, ""object"": 10}, ""latency_ms"": {""gesture"": 0, ""object"": 0}, ""svclat_ms"": {""gesture"": 15.79, ""object"": 24.28}}}"
422.3,7,8,1.143,1,2,16,2,2,1.0,195.0,160,0.821,0.0,0.29,0.0,0,10.0,10.0,0,10.0,10.0,0,0,0,0,16.17,22.18,120,"{""ip-172-31-0-204"": ""healthy"", ""ip-172-31-1-171"": ""healthy"", ""ip-172-31-10-12"": ""healthy"", ""ip-172-31-11-132"": ""healthy"", ""ip-172-31-13-134"": ""healthy"", ""ip-172-31-14-68"": ""healthy"", ""ip-172-31-40-239"": ""healthy""}",unsubscribe,9.2,0.3333,0,0,"{""ip-172-31-0-204"": {""object"": 1}, ""ip-172-31-1-171"": {""gesture"": 1}}","{""e10"": {""services"": [""gesture"", ""object""], ""fps"": {""gesture"": 10, ""object"": 10}, ""eff_fps"": {""gesture"": 10, ""object"": 10}, ""latency_ms"": {""gesture"": 0, ""object"": 0}, ""svclat_ms"": {""gesture"": 16.78, ""object"": 22.61}}, ""e11"": {""services"": [""gesture"", ""object""], ""fps"": {""gesture"": 10, ""object"": 10}, ""eff_fps"": {""gesture"": 10, ""object"": 10}, ""latency_ms"": {""gesture"": 0, ""object"": 0}, ""svclat_ms"": {""gesture"": 14.54, ""object"": 23.1}}, ""e12"": {""services"": [""gesture"", ""object""], ""fps"": {""gesture"": 10, ""object"": 10}, ""eff_fps"": {""gesture"": 10, ""object"": 10}, ""latency_ms"": {""gesture"": 0, ""object"": 0}, ""svclat_ms"": {""gesture"": 16.57, ""object"": 21.56}}, ""e13"": {""services"": [""gesture"", ""object""], ""fps"": {""gesture"": 10, ""object"": 10}, ""eff_fps"": {""gesture"": 10, ""object"": 10}, ""latency_ms"": {""gesture"": 0, ""object"": 0}, ""svclat_ms"": {""gesture"": 16.15, ""object"": 20.84}}, ""e14"": {""services"": [""gesture"", ""object""], ""fps"": {""gesture"": 10, ""object"": 10}, ""eff_fps"": {""gesture"": 10, ""object"": 10}, ""latency_ms"": {""gesture"": 0, ""object"": 0}, ""svclat_ms"": {""gesture"": 16.82, ""object"": 21.98}}, ""e15"": {""services"": [""gesture"", ""object""], ""fps"": {""gesture"": 10, ""object"": 10}, ""eff_fps"": {""gesture"": 10, ""object"": 10}, ""latency_ms"": {""gesture"": 0, ""object"": 0}, ""svclat_ms"": {""gesture"": 16.17, ""object"": 22.98}}}"
425.8,6,6,1.0,0,0,16,2,2,1.0,195.0,120,0.615,0.0,0.33,0.0,0,10.0,10.0,0,10.0,10.0,0,0,0,0,16.2,22.47,120,"{""ip-172-31-0-204"": ""healthy"", ""ip-172-31-1-171"": ""healthy"", ""ip-172-31-10-12"": ""healthy"", ""ip-172-31-11-132"": ""healthy"", ""ip-172-31-13-134"": ""healthy"", ""ip-172-31-14-68"": ""healthy"", ""ip-172-31-40-239"": ""healthy""}",unsubscribe,9.3,0.3333,0,0,"{""ip-172-31-0-204"": {""object"": 1}, ""ip-172-31-1-171"": {""gesture"": 1}}","{""e10"": {""services"": [""gesture"", ""object""], ""fps"": {""gesture"": 10, ""object"": 10}, ""eff_fps"": {""gesture"": 10, ""object"": 10}, ""latency_ms"": {""gesture"": 0, ""object"": 0}, ""svclat_ms"": {""gesture"": 16.98, ""object"": 22.35}}, ""e11"": {""services"": [""gesture"", ""object""], ""fps"": {""gesture"": 10, ""object"": 10}, ""eff_fps"": {""gesture"": 10, ""object"": 10}, ""latency_ms"": {""gesture"": 0, ""object"": 0}, ""svclat_ms"": {""gesture"": 14.91, ""object"": 23.45}}, ""e12"": {""services"": [""gesture"", ""object""], ""fps"": {""gesture"": 10, ""object"": 10}, ""eff_fps"": {""gesture"": 10, ""object"": 10}, ""latency_ms"": {""gesture"": 0, ""object"": 0}, ""svclat_ms"": {""gesture"": 17.15, ""object"": 22.43}}, ""e13"": {""services"": [""gesture"", ""object""], ""fps"": {""gesture"": 10, ""object"": 10}, ""eff_fps"": {""gesture"": 10, ""object"": 10}, ""latency_ms"": {""gesture"": 0, ""object"": 0}, ""svclat_ms"": {""gesture"": 15.9, ""object"": 20.58}}, ""e14"": {""services"": [""gesture"", ""object""], ""fps"": {""gesture"": 10, ""object"": 10}, ""eff_fps"": {""gesture"": 10, ""object"": 10}, ""latency_ms"": {""gesture"": 0, ""object"": 0}, ""svclat_ms"": {""gesture"": 16.79, ""object"": 21.95}}, ""e15"": {""services"": [""gesture"", ""object""], ""fps"": {""gesture"": 10, ""object"": 10}, ""eff_fps"": {""gesture"": 10, ""object"": 10}, ""latency_ms"": {""gesture"": 0, ""object"": 0}, ""svclat_ms"": {""gesture"": 15.45, ""object"": 24.04}}}"
428.2,6,6,1.0,0,0,16,2,2,1.0,195.0,120,0.615,0.0,0.33,0.0,0,10.0,10.0,0,10.0,10.0,0,0,0,0,16.75,22.21,120,"{""ip-172-31-0-204"": ""healthy"", ""ip-172-31-1-171"": ""healthy"", ""ip-172-31-10-12"": ""healthy"", ""ip-172-31-11-132"": ""healthy"", ""ip-172-31-13-134"": ""healthy"", ""ip-172-31-14-68"": ""healthy"", ""ip-172-31-40-239"": ""healthy""}",unsubscribe,9.3,0.3333,0,0,"{""ip-172-31-0-204"": {""object"": 1}, ""ip-172-31-1-171"": {""gesture"": 1}}","{""e10"": {""services"": [""gesture"", ""object""], ""fps"": {""gesture"": 10, ""object"": 10}, ""eff_fps"": {""gesture"": 10, ""object"": 10}, ""latency_ms"": {""gesture"": 0, ""object"": 0}, ""svclat_ms"": {""gesture"": 17.85, ""object"": 22.03}}, ""e11"": {""services"": [""gesture"", ""object""], ""fps"": {""gesture"": 10, ""object"": 10}, ""eff_fps"": {""gesture"": 10, ""object"": 10}, ""latency_ms"": {""gesture"": 0, ""object"": 0}, ""svclat_ms"": {""gesture"": 15.43, ""object"": 23.58}}, ""e12"": {""services"": [""gesture"", ""object""], ""fps"": {""gesture"": 10, ""object"": 10}, ""eff_fps"": {""gesture"": 10, ""object"": 10}, ""latency_ms"": {""gesture"": 0, ""object"": 0}, ""svclat_ms"": {""gesture"": 17.26, ""object"": 21.77}}, ""e13"": {""services"": [""gesture"", ""object""], ""fps"": {""gesture"": 10, ""object"": 10}, ""eff_fps"": {""gesture"": 10, ""object"": 10}, ""latency_ms"": {""gesture"": 0, ""object"": 0}, ""svclat_ms"": {""gesture"": 16.76, ""object"": 20.75}}, ""e14"": {""services"": [""gesture"", ""object""], ""fps"": {""gesture"": 10, ""object"": 10}, ""eff_fps"": {""gesture"": 10, ""object"": 10}, ""latency_ms"": {""gesture"": 0, ""object"": 0}, ""svclat_ms"": {""gesture"": 17.54, ""object"": 21.34}}, ""e15"": {""services"": [""gesture"", ""object""], ""fps"": {""gesture"": 10, ""object"": 10}, ""eff_fps"": {""gesture"": 10, ""object"": 10}, ""latency_ms"": {""gesture"": 0, ""object"": 0}, ""svclat_ms"": {""gesture"": 15.67, ""object"": 23.77}}}"
432.5,6,6,1.0,0,0,16,2,2,1.0,195.0,120,0.615,0.0,0.33,0.0,0,10.0,10.0,0,10.0,10.0,0,0,0,0,15.55,21.99,100,"{""ip-172-31-0-204"": ""healthy"", ""ip-172-31-1-171"": ""healthy"", ""ip-172-31-10-12"": ""healthy"", ""ip-172-31-11-132"": ""healthy"", ""ip-172-31-13-134"": ""healthy"", ""ip-172-31-14-68"": ""healthy"", ""ip-172-31-40-239"": ""healthy""}",unsubscribe,9.3,0.3333,0,0,"{""ip-172-31-0-204"": {""object"": 1}, ""ip-172-31-1-171"": {""gesture"": 1}}","{""e11"": {""services"": [""gesture"", ""object""], ""fps"": {""gesture"": 10, ""object"": 10}, ""eff_fps"": {""gesture"": 10, ""object"": 10}, ""latency_ms"": {""gesture"": 0, ""object"": 0}, ""svclat_ms"": {""gesture"": 14.3, ""object"": 23.5}}, ""e12"": {""services"": [""gesture"", ""object""], ""fps"": {""gesture"": 10, ""object"": 10}, ""eff_fps"": {""gesture"": 10, ""object"": 10}, ""latency_ms"": {""gesture"": 0, ""object"": 0}, ""svclat_ms"": {""gesture"": 16.46, ""object"": 22.44}}, ""e13"": {""services"": [""gesture"", ""object""], ""fps"": {""gesture"": 10, ""object"": 10}, ""eff_fps"": {""gesture"": 10, ""object"": 10}, ""latency_ms"": {""gesture"": 0, ""object"": 0}, ""svclat_ms"": {""gesture"": 14.8, ""object"": 19.94}}, ""e14"": {""services"": [""gesture"", ""object""], ""fps"": {""gesture"": 10, ""object"": 10}, ""eff_fps"": {""gesture"": 10, ""object"": 10}, ""latency_ms"": {""gesture"": 0, ""object"": 0}, ""svclat_ms"": {""gesture"": 16.19, ""object"": 20.62}}, ""e15"": {""services"": [""gesture"", ""object""], ""fps"": {""gesture"": 10, ""object"": 10}, ""eff_fps"": {""gesture"": 10, ""object"": 10}, ""latency_ms"": {""gesture"": 0, ""object"": 0}, ""svclat_ms"": {""gesture"": 15.99, ""object"": 23.43}}}"
434.9,5,5,1.0,0,0,16,2,2,1.0,195.0,100,0.513,0.0,0.4,0.0,0,10.0,10.0,0,10.0,10.0,0,0,0,0,15.62,21.89,100,"{""ip-172-31-0-204"": ""healthy"", ""ip-172-31-1-171"": ""healthy"", ""ip-172-31-10-12"": ""healthy"", ""ip-172-31-11-132"": ""healthy"", ""ip-172-31-13-134"": ""healthy"", ""ip-172-31-14-68"": ""healthy"", ""ip-172-31-40-239"": ""healthy""}",unsubscribe,9.7,0.3333,0,0,"{""ip-172-31-0-204"": {""object"": 1}, ""ip-172-31-1-171"": {""gesture"": 1}}","{""e11"": {""services"": [""gesture"", ""object""], ""fps"": {""gesture"": 10, ""object"": 10}, ""eff_fps"": {""gesture"": 10, ""object"": 10}, ""latency_ms"": {""gesture"": 0, ""object"": 0}, ""svclat_ms"": {""gesture"": 14.7, ""object"": 23.32}}, ""e12"": {""services"": [""gesture"", ""object""], ""fps"": {""gesture"": 10, ""object"": 10}, ""eff_fps"": {""gesture"": 10, ""object"": 10}, ""latency_ms"": {""gesture"": 0, ""object"": 0}, ""svclat_ms"": {""gesture"": 16.52, ""object"": 22.11}}, ""e13"": {""services"": [""gesture"", ""object""], ""fps"": {""gesture"": 10, ""object"": 10}, ""eff_fps"": {""gesture"": 10, ""object"": 10}, ""latency_ms"": {""gesture"": 0, ""object"": 0}, ""svclat_ms"": {""gesture"": 14.78, ""object"": 19.75}}, ""e14"": {""services"": [""gesture"", ""object""], ""fps"": {""gesture"": 10, ""object"": 10}, ""eff_fps"": {""gesture"": 10, ""object"": 10}, ""latency_ms"": {""gesture"": 0, ""object"": 0}, ""svclat_ms"": {""gesture"": 16.32, ""object"": 20.57}}, ""e15"": {""services"": [""gesture"", ""object""], ""fps"": {""gesture"": 10, ""object"": 10}, ""eff_fps"": {""gesture"": 10, ""object"": 10}, ""latency_ms"": {""gesture"": 0, ""object"": 0}, ""svclat_ms"": {""gesture"": 15.8, ""object"": 23.68}}}"
439.8,3,3,1.0,0,0,16,2,2,1.0,195.0,60,0.308,0.0,0.67,0.0,0,10.0,10.0,0,10.0,10.0,0,0,0,0,15.26,19.94,60,"{""ip-172-31-0-204"": ""healthy"", ""ip-172-31-1-171"": ""healthy"", ""ip-172-31-10-12"": ""healthy"", ""ip-172-31-11-132"": ""healthy"", ""ip-172-31-13-134"": ""healthy"", ""ip-172-31-14-68"": ""healthy"", ""ip-172-31-40-239"": ""healthy""}",unsubscribe,8.8,0.3333,0,0,"{""ip-172-31-0-204"": {""object"": 1}, ""ip-172-31-1-171"": {""gesture"": 1}}","{""e13"": {""services"": [""gesture"", ""object""], ""fps"": {""gesture"": 10, ""object"": 10}, ""eff_fps"": {""gesture"": 10, ""object"": 10}, ""latency_ms"": {""gesture"": 0, ""object"": 0}, ""svclat_ms"": {""gesture"": 15.17, ""object"": 19.64}}, ""e14"": {""services"": [""gesture"", ""object""], ""fps"": {""gesture"": 10, ""object"": 10}, ""eff_fps"": {""gesture"": 10, ""object"": 10}, ""latency_ms"": {""gesture"": 0, ""object"": 0}, ""svclat_ms"": {""gesture"": 14.9, ""object"": 20.5}}, ""e15"": {""services"": [""gesture"", ""object""], ""fps"": {""gesture"": 10, ""object"": 10}, ""eff_fps"": {""gesture"": 10, ""object"": 10}, ""latency_ms"": {""gesture"": 0, ""object"": 0}, ""svclat_ms"": {""gesture"": 15.71, ""object"": 19.68}}}"
442.2,3,3,1.0,0,0,16,2,2,1.0,195.0,60,0.308,0.0,0.67,0.0,0,10.0,10.0,0,10.0,10.0,0,0,0,0,15.23,20.21,60,"{""ip-172-31-0-204"": ""healthy"", ""ip-172-31-1-171"": ""healthy"", ""ip-172-31-10-12"": ""healthy"", ""ip-172-31-11-132"": ""healthy"", ""ip-172-31-13-134"": ""healthy"", ""ip-172-31-14-68"": ""healthy"", ""ip-172-31-40-239"": ""healthy""}",unsubscribe,8.9,0.3333,0,0,"{""ip-172-31-0-204"": {""object"": 1}, ""ip-172-31-1-171"": {""gesture"": 1}}","{""e13"": {""services"": [""gesture"", ""object""], ""fps"": {""gesture"": 10, ""object"": 10}, ""eff_fps"": {""gesture"": 10, ""object"": 10}, ""latency_ms"": {""gesture"": 0, ""object"": 0}, ""svclat_ms"": {""gesture"": 14.79, ""object"": 19.9}}, ""e14"": {""services"": [""gesture"", ""object""], ""fps"": {""gesture"": 10, ""object"": 10}, ""eff_fps"": {""gesture"": 10, ""object"": 10}, ""latency_ms"": {""gesture"": 0, ""object"": 0}, ""svclat_ms"": {""gesture"": 15.15, ""object"": 20.81}}, ""e15"": {""services"": [""gesture"", ""object""], ""fps"": {""gesture"": 10, ""object"": 10}, ""eff_fps"": {""gesture"": 10, ""object"": 10}, ""latency_ms"": {""gesture"": 0, ""object"": 0}, ""svclat_ms"": {""gesture"": 15.74, ""object"": 19.92}}}"
446.0,3,3,1.0,0,0,16,2,2,1.0,195.0,60,0.308,0.0,0.67,0.0,0,10.0,10.0,0,10.0,10.0,0,0,0,0,14.59,20.3,40,"{""ip-172-31-0-204"": ""healthy"", ""ip-172-31-1-171"": ""healthy"", ""ip-172-31-10-12"": ""healthy"", ""ip-172-31-11-132"": ""healthy"", ""ip-172-31-13-134"": ""healthy"", ""ip-172-31-14-68"": ""healthy"", ""ip-172-31-40-239"": ""healthy""}",unsubscribe,8.9,0.3333,0,0,"{""ip-172-31-0-204"": {""object"": 1}, ""ip-172-31-1-171"": {""gesture"": 1}}","{""e14"": {""services"": [""gesture"", ""object""], ""fps"": {""gesture"": 10, ""object"": 10}, ""eff_fps"": {""gesture"": 10, ""object"": 10}, ""latency_ms"": {""gesture"": 0, ""object"": 0}, ""svclat_ms"": {""gesture"": 14.95, ""object"": 20.59}}, ""e15"": {""services"": [""gesture"", ""object""], ""fps"": {""gesture"": 10, ""object"": 10}, ""eff_fps"": {""gesture"": 10, ""object"": 10}, ""latency_ms"": {""gesture"": 0, ""object"": 0}, ""svclat_ms"": {""gesture"": 14.22, ""object"": 20.01}}}"
451.0,1,1,1.0,0,0,16,2,2,1.0,195.0,20,0.103,0.0,2.0,0.0,0,0,0,0,0,0,0,0,0,0,0,0,0,"{""ip-172-31-0-204"": ""healthy"", ""ip-172-31-1-171"": ""healthy"", ""ip-172-31-10-12"": ""healthy"", ""ip-172-31-11-132"": ""healthy"", ""ip-172-31-13-134"": ""healthy"", ""ip-172-31-14-68"": ""healthy"", ""ip-172-31-40-239"": ""healthy""}",unsubscribe,8.8,0.3333,0,0,"{""ip-172-31-0-204"": {""object"": 1}, ""ip-172-31-1-171"": {""gesture"": 1}}",{}
453.4,0,0,0,0,0,16,2,0,0.0,195.0,0,0.0,0.0,0,0.0,0,0,0,0,0,0,0,0,0,0,0,0,0,"{""ip-172-31-0-204"": ""healthy"", ""ip-172-31-1-171"": ""healthy"", ""ip-172-31-10-12"": ""healthy"", ""ip-172-31-11-132"": ""healthy"", ""ip-172-31-13-134"": ""healthy"", ""ip-172-31-14-68"": ""healthy"", ""ip-172-31-40-239"": ""healthy""}",unsubscribe,0.1,0.0,0,0,"{""ip-172-31-0-204"": {""object"": 1}, ""ip-172-31-1-171"": {""gesture"": 1}}",{}
